segment_id,window_start_idx,window_mode,dominant_channel,max_spike_ratio,spike_channels,fault_hint,window_max_val,active_pres_ceiling,active_pmpPV_ceiling
A_Day1_seg10,150,steady_state,X_ACR_Pmp.SV_norm,8.0286,X_ACR_Pmp.SV_norm=8.029(8.0x),impeller_cavitation,8.0286,5.6,2.5997
A_Day1_seg10,160,steady_state,X_ACR_Pmp.SV_norm,8.0286,X_ACR_Pmp.SV_norm=8.029(8.0x),impeller_cavitation,8.0286,5.6,2.5997
A_Day1_seg10,170,steady_state,X_ACR_Pmp.SV_norm,8.0286,X_ACR_Pmp.SV_norm=8.029(8.0x),impeller_cavitation,8.0286,5.6,2.5997
A_Day1_seg10,180,cooldown,X_ACR_Pmp.SV_norm,8.0286,X_ACR_Pmp.SV_norm=8.029(8.0x),impeller_cavitation,8.0286,3.0,2.6015
A_Day1_seg10,190,cooldown,X_ACR_Pmp.SV_norm,8.0286,X_ACR_Pmp.SV_norm=8.029(8.0x),impeller_cavitation,8.0286,3.0,2.6015
A_Day1_seg10,200,cooldown,X_ACR_Pmp.SV_norm,8.0286,X_ACR_Pmp.SV_norm=8.029(8.0x),impeller_cavitation,8.0286,3.0,2.6015
A_Day1_seg10,270,cooldown,X_ACR_Mot.PV_norm,2.1102,X_ACR_Mot.PV_norm=2.110(2.1x),mechanical_transient,2.11,3.0,2.6015
A_Day1_seg10,280,cooldown,X_ACR_Mot.PV_norm,2.1102,X_ACR_Mot.PV_norm=2.110(2.1x),mechanical_transient,2.11,3.0,2.6015
A_Day1_seg10,290,cooldown,X_ACR_Mot.PV_norm,2.1102,X_ACR_Mot.PV_norm=2.110(2.1x),mechanical_transient,2.11,3.0,2.6015
A_Day1_seg10,300,cooldown,X_ACR_Mot.PV_norm,2.1102,X_ACR_Mot.PV_norm=2.110(2.1x),mechanical_transient,2.11,3.0,2.6015
A_Day1_seg10,310,cooldown,X_ACR_Mot.PV_norm,2.1102,X_ACR_Mot.PV_norm=2.110(2.1x),mechanical_transient,2.11,3.0,2.6015
A_Day1_seg10,410,cooldown,X_ACR_Mot.PV_norm,1.8854,X_ACR_Mot.PV_norm=1.885(1.9x),mechanical_transient,1.8853,3.0,2.6015
A_Day1_seg10,420,cooldown,X_ACR_Mot.PV_norm,1.8854,X_ACR_Mot.PV_norm=1.885(1.9x),mechanical_transient,1.8853,3.0,2.6015
A_Day1_seg10,430,cooldown,X_ACR_Mot.PV_norm,1.8854,X_ACR_Mot.PV_norm=1.885(1.9x),mechanical_transient,1.8853,3.0,2.6015
A_Day1_seg10,440,cooldown,X_ACR_Mot.PV_norm,1.8854,X_ACR_Mot.PV_norm=1.885(1.9x),mechanical_transient,1.8853,3.0,2.6015
A_Day1_seg10,450,cooldown,X_ACR_Mot.PV_norm,1.8854,X_ACR_Mot.PV_norm=1.885(1.9x),mechanical_transient,1.8853,3.0,2.6015
A_Day1_seg10,460,cooldown,X_ACR_Mot.PV_norm,2.519,X_ACR_Mot.PV_norm=2.519(2.5x),mechanical_transient,2.5188,3.0,2.6015
A_Day1_seg10,470,cooldown,X_ACR_Mot.PV_norm,2.519,X_ACR_Mot.PV_norm=2.519(2.5x),mechanical_transient,2.5188,3.0,2.6015
A_Day1_seg10,480,cooldown,X_ACR_Mot.PV_norm,2.519,X_ACR_Mot.PV_norm=2.519(2.5x),mechanical_transient,2.5188,3.0,2.6015
A_Day1_seg10,490,cooldown,X_ACR_Mot.PV_norm,2.519,X_ACR_Mot.PV_norm=2.519(2.5x),mechanical_transient,2.5188,3.0,2.6015
A_Day1_seg10,500,cooldown,X_ACR_Mot.PV_norm,2.519,X_ACR_Mot.PV_norm=2.519(2.5x),mechanical_transient,2.5188,3.0,2.6015
A_Day1_seg10,590,cooldown,X_ACR_Mot.PV_norm,2.1261,X_ACR_Mot.PV_norm=2.126(2.1x),mechanical_transient,2.126,3.0,2.6015
A_Day1_seg10,600,cooldown,X_ACR_Mot.PV_norm,2.1532,X_ACR_Mot.PV_norm=2.153(2.2x),mechanical_transient,2.153,3.0,2.6015
A_Day1_seg10,610,cooldown,X_ACR_Mot.PV_norm,2.1532,X_ACR_Mot.PV_norm=2.153(2.2x),mechanical_transient,2.153,3.0,2.6015
A_Day1_seg10,620,cooldown,X_ACR_Mot.PV_norm,2.1532,X_ACR_Mot.PV_norm=2.153(2.2x),mechanical_transient,2.153,3.0,2.6015
A_Day1_seg10,630,cooldown,X_ACR_Mot.PV_norm,2.1532,X_ACR_Mot.PV_norm=2.153(2.2x),mechanical_transient,2.153,3.0,2.6015
A_Day1_seg10,640,cooldown,X_ACR_Mot.PV_norm,2.1532,X_ACR_Mot.PV_norm=2.153(2.2x),mechanical_transient,2.153,3.0,2.6015
A_Day1_seg10,650,cooldown,X_ACR_Mot.PV_norm,2.1532,X_ACR_Mot.PV_norm=2.153(2.2x),mechanical_transient,2.153,3.0,2.6015
A_Day1_seg10,820,cooldown,X_ACR_Mot.PV_norm,1.9232,X_ACR_Mot.PV_norm=1.923(1.9x),mechanical_transient,1.9231,3.0,2.6015
A_Day1_seg10,830,cooldown,X_ACR_Mot.PV_norm,1.9232,X_ACR_Mot.PV_norm=1.923(1.9x),mechanical_transient,1.9231,3.0,2.6015
A_Day1_seg10,840,cooldown,X_ACR_Mot.PV_norm,1.9232,X_ACR_Mot.PV_norm=1.923(1.9x),mechanical_transient,1.9231,3.0,2.6015
A_Day1_seg10,850,cooldown,X_ACR_Mot.PV_norm,1.9232,X_ACR_Mot.PV_norm=1.923(1.9x),mechanical_transient,1.9231,3.0,2.6015
A_Day1_seg10,860,cooldown,X_ACR_Mot.PV_norm,1.9232,X_ACR_Mot.PV_norm=1.923(1.9x),mechanical_transient,1.9231,3.0,2.6015
A_Day1_seg10,870,cooldown,X_ACR_Mot.PV_norm,1.9232,X_ACR_Mot.PV_norm=1.923(1.9x),mechanical_transient,1.9231,3.0,2.6015
A_Day1_seg10,1190,cooldown,X_ACR_Mot.PV_norm,2.0364,X_ACR_Mot.PV_norm=2.036(2.0x),mechanical_transient,2.0363,3.0,2.6015
A_Day1_seg10,1200,cooldown,X_ACR_Mot.PV_norm,2.0364,X_ACR_Mot.PV_norm=2.036(2.0x),mechanical_transient,2.0363,3.0,2.6015
A_Day1_seg10,1210,cooldown,X_ACR_Mot.PV_norm,2.0364,X_ACR_Mot.PV_norm=2.036(2.0x),mechanical_transient,2.0363,3.0,2.6015
A_Day1_seg10,1220,cooldown,X_ACR_Mot.PV_norm,2.0364,X_ACR_Mot.PV_norm=2.036(2.0x),mechanical_transient,2.0363,3.0,2.6015
A_Day1_seg10,1230,cooldown,X_ACR_Mot.PV_norm,2.0364,X_ACR_Mot.PV_norm=2.036(2.0x),mechanical_transient,2.0363,3.0,2.6015
A_Day1_seg10,1240,cooldown,X_ACR_Mot.PV_norm,2.0364,X_ACR_Mot.PV_norm=2.036(2.0x),mechanical_transient,2.1808,3.0,2.6015
A_Day1_seg10,1250,cooldown,X_ACR_Mot.PV_norm,1.9362,X_ACR_Mot.PV_norm=1.936(1.9x),mechanical_transient,2.1808,3.0,2.6015
A_Day1_seg10,1260,cooldown,X_ACR_Mot.PV_norm,1.9362,X_ACR_Mot.PV_norm=1.936(1.9x),mechanical_transient,2.1808,3.0,2.6015
A_Day1_seg10,1280,cooldown,X_ACR_Mot.PV_norm,2.0095,X_ACR_Mot.PV_norm=2.009(2.0x),mechanical_transient,2.1808,3.0,2.6015
A_Day1_seg10,1290,cooldown,X_ACR_Mot.PV_norm,2.0095,X_ACR_Mot.PV_norm=2.009(2.0x),mechanical_transient,2.1808,3.0,2.6015
A_Day1_seg10,1300,cooldown,X_ACR_Mot.PV_norm,2.0095,X_ACR_Mot.PV_norm=2.009(2.0x),mechanical_transient,2.0094,3.0,2.6015
A_Day1_seg10,1310,cooldown,X_ACR_Mot.PV_norm,2.0095,X_ACR_Mot.PV_norm=2.009(2.0x),mechanical_transient,2.0094,3.0,2.6015
A_Day1_seg10,1320,cooldown,X_ACR_Mot.PV_norm,2.0095,X_ACR_Mot.PV_norm=2.009(2.0x),mechanical_transient,2.0094,3.0,2.6015
A_Day1_seg10,1330,cooldown,X_ACR_Mot.PV_norm,2.0095,X_ACR_Mot.PV_norm=2.009(2.0x),mechanical_transient,2.0094,3.0,2.6015
A_Day1_seg10,1340,cooldown,X_ACR_Mot.PV_norm,1.9713,X_ACR_Mot.PV_norm=1.971(2.0x),mechanical_transient,1.9712,3.0,2.6015
A_Day1_seg10,1350,cooldown,X_ACR_Mot.PV_norm,1.9713,X_ACR_Mot.PV_norm=1.971(2.0x),mechanical_transient,1.9712,3.0,2.6015
A_Day1_seg10,1660,cooldown,X_ACR_Mot.PV_norm,1.9712,X_ACR_Mot.PV_norm=1.971(2.0x),mechanical_transient,1.9711,3.0,2.6015
A_Day1_seg10,1670,cooldown,X_ACR_Mot.PV_norm,1.9712,X_ACR_Mot.PV_norm=1.971(2.0x),mechanical_transient,1.9711,3.0,2.6015
A_Day1_seg10,1680,cooldown,X_ACR_Mot.PV_norm,1.9712,X_ACR_Mot.PV_norm=1.971(2.0x),mechanical_transient,1.9711,3.0,2.6015
A_Day1_seg10,1690,cooldown,X_ACR_Mot.PV_norm,1.9712,X_ACR_Mot.PV_norm=1.971(2.0x),mechanical_transient,1.9711,3.0,2.6015
A_Day1_seg10,1700,cooldown,X_ACR_Mot.PV_norm,2.0434,X_ACR_Mot.PV_norm=2.043(2.0x),mechanical_transient,2.0432,3.0,2.6015
A_Day1_seg10,1710,cooldown,X_ACR_Mot.PV_norm,2.0434,X_ACR_Mot.PV_norm=2.043(2.0x),mechanical_transient,2.0432,3.0,2.6015
A_Day1_seg10,1720,cooldown,X_ACR_Mot.PV_norm,2.0434,X_ACR_Mot.PV_norm=2.043(2.0x),mechanical_transient,2.0432,3.0,2.6015
A_Day1_seg10,1730,cooldown,X_ACR_Mot.PV_norm,2.0434,X_ACR_Mot.PV_norm=2.043(2.0x),mechanical_transient,2.0432,3.0,2.6015
A_Day1_seg10,1740,cooldown,X_ACR_Mot.PV_norm,2.0434,X_ACR_Mot.PV_norm=2.043(2.0x),mechanical_transient,2.0432,3.0,2.6015
A_Day1_seg10,1750,cooldown,X_ACR_Mot.PV_norm,2.0434,X_ACR_Mot.PV_norm=2.043(2.0x),mechanical_transient,2.0432,3.0,2.6015
A_Day1_seg10,2030,cooldown,X_ACR_Mot.PV_norm,1.9837,X_ACR_Mot.PV_norm=1.984(2.0x),mechanical_transient,1.9835,3.0,2.6015
A_Day1_seg10,2040,cooldown,X_ACR_Mot.PV_norm,1.9837,X_ACR_Mot.PV_norm=1.984(2.0x),mechanical_transient,1.9835,3.0,2.6015
A_Day1_seg10,2050,cooldown,X_ACR_Mot.PV_norm,1.9837,X_ACR_Mot.PV_norm=1.984(2.0x),mechanical_transient,1.9835,3.0,2.6015
A_Day1_seg10,2060,cooldown,X_ACR_Mot.PV_norm,1.9837,X_ACR_Mot.PV_norm=1.984(2.0x),mechanical_transient,1.9835,3.0,2.6015
A_Day1_seg10,2070,cooldown,X_ACR_Mot.PV_norm,1.9837,X_ACR_Mot.PV_norm=1.984(2.0x),mechanical_transient,1.9835,3.0,2.6015
A_Day1_seg10,2080,cooldown,X_ACR_Mot.PV_norm,1.9837,X_ACR_Mot.PV_norm=1.984(2.0x),mechanical_transient,1.9835,3.0,2.6015
A_Day1_seg10,2090,cooldown,X_ACR_Mot.PV_norm,1.8926,X_ACR_Mot.PV_norm=1.892(1.9x),mechanical_transient,1.8925,3.0,2.6015
A_Day1_seg10,2100,cooldown,X_ACR_Mot.PV_norm,1.8926,X_ACR_Mot.PV_norm=1.892(1.9x),mechanical_transient,1.8925,3.0,2.6015
A_Day1_seg10,2110,cooldown,X_ACR_Mot.PV_norm,1.8926,X_ACR_Mot.PV_norm=1.892(1.9x),mechanical_transient,1.8925,3.0,2.6015
A_Day1_seg10,2220,cooldown,X_ACR_Mot.PV_norm,1.9198,X_ACR_Mot.PV_norm=1.920(1.9x),mechanical_transient,1.9197,3.0,2.6015
A_Day1_seg10,2230,cooldown,X_ACR_Mot.PV_norm,1.9198,X_ACR_Mot.PV_norm=1.920(1.9x),mechanical_transient,1.9197,3.0,2.6015
A_Day1_seg10,2240,cooldown,X_ACR_Mot.PV_norm,1.9198,X_ACR_Mot.PV_norm=1.920(1.9x),mechanical_transient,1.9197,3.0,2.6015
A_Day1_seg10,2250,cooldown,X_ACR_Mot.PV_norm,1.9198,X_ACR_Mot.PV_norm=1.920(1.9x),mechanical_transient,1.9197,3.0,2.6015
A_Day1_seg10,2260,cooldown,X_ACR_Mot.PV_norm,1.9198,X_ACR_Mot.PV_norm=1.920(1.9x),mechanical_transient,1.9197,3.0,2.6015
A_Day1_seg10,2270,cooldown,X_ACR_Mot.PV_norm,1.9198,X_ACR_Mot.PV_norm=1.920(1.9x),mechanical_transient,1.9197,3.0,2.6015
A_Day1_seg10,2410,cooldown,X_ACR_Mot.PV_norm,2.5325,X_ACR_Mot.PV_norm=2.532(2.5x),mechanical_transient,2.5323,3.0,2.6015
A_Day1_seg10,2420,cooldown,X_ACR_Mot.PV_norm,2.5325,X_ACR_Mot.PV_norm=2.532(2.5x),mechanical_transient,2.5323,3.0,2.6015
A_Day1_seg10,2430,cooldown,X_ACR_Mot.PV_norm,2.5325,X_ACR_Mot.PV_norm=2.532(2.5x),mechanical_transient,2.5323,3.0,2.6015
A_Day1_seg10,2440,cooldown,X_ACR_Mot.PV_norm,2.5325,X_ACR_Mot.PV_norm=2.532(2.5x),mechanical_transient,2.5323,3.0,2.6015
A_Day1_seg10,2450,cooldown,X_ACR_Mot.PV_norm,2.5325,X_ACR_Mot.PV_norm=2.532(2.5x),mechanical_transient,2.5323,3.0,2.6015
A_Day1_seg10,2460,cooldown,X_ACR_Mot.PV_norm,2.5325,X_ACR_Mot.PV_norm=2.532(2.5x),mechanical_transient,2.5323,3.0,2.6015
A_Day1_seg10,2490,cooldown,X_ACR_Mot.PV_norm,2.0474,X_ACR_Mot.PV_norm=2.047(2.0x),mechanical_transient,2.0472,3.0,2.6015
A_Day1_seg10,2500,cooldown,X_ACR_Mot.PV_norm,2.0474,X_ACR_Mot.PV_norm=2.047(2.0x),mechanical_transient,2.0472,3.0,2.6015
A_Day1_seg10,2510,cooldown,X_ACR_Mot.PV_norm,2.0474,X_ACR_Mot.PV_norm=2.047(2.0x),mechanical_transient,2.0472,3.0,2.6015
A_Day1_seg10,2520,cooldown,X_ACR_Mot.PV_norm,2.0474,X_ACR_Mot.PV_norm=2.047(2.0x),mechanical_transient,2.0472,3.0,2.6015
A_Day1_seg10,2530,cooldown,X_ACR_Mot.PV_norm,2.0474,X_ACR_Mot.PV_norm=2.047(2.0x),mechanical_transient,2.0472,3.0,2.6015
A_Day1_seg10,2540,cooldown,X_ACR_Mot.PV_norm,2.0021,X_ACR_Mot.PV_norm=2.002(2.0x),mechanical_transient,2.002,3.0,2.6015
A_Day1_seg10,2550,cooldown,X_ACR_Mot.PV_norm,2.0021,X_ACR_Mot.PV_norm=2.002(2.0x),mechanical_transient,2.002,3.0,2.6015
A_Day1_seg10,2560,cooldown,X_ACR_Mot.PV_norm,2.0021,X_ACR_Mot.PV_norm=2.002(2.0x),mechanical_transient,2.002,3.0,2.6015
A_Day1_seg10,2570,cooldown,X_ACR_Mot.PV_norm,2.0021,X_ACR_Mot.PV_norm=2.002(2.0x),mechanical_transient,2.002,3.0,2.6015
A_Day1_seg10,2580,cooldown,X_ACR_Mot.PV_norm,2.0021,X_ACR_Mot.PV_norm=2.002(2.0x),mechanical_transient,2.002,3.0,2.6015
A_Day2_seg1,0,cooldown,X_ACR_Mot.SV_norm,15.8624,X_Pres.SV_norm=5.144(5.1x) | X_ACR_Mot.SV_norm=15.862(15.9x) | X_ACR_Mot.PV_norm=2.770(2.8x),bearing_impact,15.8624,3.0,2.6015
A_Day2_seg1,10,cooldown,X_ACR_Mot.SV_norm,15.8624,X_Pres.SV_norm=5.144(5.1x) | X_ACR_Mot.SV_norm=15.862(15.9x) | X_ACR_Mot.PV_norm=2.770(2.8x),bearing_impact,15.8624,3.0,2.6015
A_Day2_seg1,20,cooldown,X_ACR_Mot.SV_norm,15.8624,X_Pres.SV_norm=5.144(5.1x) | X_ACR_Mot.SV_norm=15.862(15.9x) | X_ACR_Mot.PV_norm=2.770(2.8x),bearing_impact,15.8624,3.0,2.6015
A_Day2_seg1,30,cooldown,X_ACR_Mot.SV_norm,15.8624,X_Pres.SV_norm=4.933(4.9x) | X_ACR_Mot.SV_norm=15.862(15.9x) | X_ACR_Mot.PV_norm=2.770(2.8x),bearing_impact,15.8624,3.0,2.6015
A_Day2_seg1,40,cooldown,X_ACR_Mot.SV_norm,15.8624,X_Pres.SV_norm=4.933(4.9x) | X_ACR_Mot.SV_norm=15.862(15.9x) | X_ACR_Mot.PV_norm=2.770(2.8x),bearing_impact,15.8624,3.0,2.6015
A_Day2_seg1,50,cooldown,X_ACR_Mot.SV_norm,15.8624,X_Pres.SV_norm=4.933(4.9x) | X_ACR_Mot.SV_norm=15.862(15.9x) | X_ACR_Mot.PV_norm=2.770(2.8x),bearing_impact,15.8624,3.0,2.6015
A_Day2_seg1,60,cooldown,X_ACR_Mot.SV_norm,15.8624,X_Pres.SV_norm=4.933(4.9x) | X_ACR_Mot.SV_norm=15.862(15.9x) | X_ACR_Mot.PV_norm=2.770(2.8x),bearing_impact,15.8624,3.0,2.6015
A_Day2_seg1,70,cooldown,X_ACR_Mot.SV_norm,15.8624,X_Pres.SV_norm=4.933(4.9x) | X_ACR_Mot.SV_norm=15.862(15.9x) | X_ACR_Mot.PV_norm=2.770(2.8x),bearing_impact,15.8624,3.0,2.6015
A_Day2_seg1,80,cooldown,X_ACR_Mot.SV_norm,15.8624,X_Pres.SV_norm=4.933(4.9x) | X_ACR_Mot.SV_norm=15.862(15.9x) | X_ACR_Mot.PV_norm=2.770(2.8x),bearing_impact,15.8624,3.0,2.6015
A_Day2_seg1,90,cooldown,X_ACR_Mot.SV_norm,15.8624,X_Pres.SV_norm=4.909(4.9x) | X_ACR_Mot.SV_norm=15.862(15.9x) | X_ACR_Mot.PV_norm=2.770(2.8x),bearing_impact,15.8624,3.0,2.6015
A_Day2_seg1,100,cooldown,X_ACR_Mot.SV_norm,15.8624,X_Pres.SV_norm=5.002(5.0x) | X_ACR_Mot.SV_norm=15.862(15.9x) | X_ACR_Mot.PV_norm=2.770(2.8x),bearing_impact,15.8624,3.0,2.6015
A_Day2_seg1,110,cooldown,X_ACR_Mot.SV_norm,15.8624,X_Pres.SV_norm=5.002(5.0x) | X_ACR_Mot.SV_norm=15.862(15.9x) | X_ACR_Mot.PV_norm=2.770(2.8x),bearing_impact,15.8624,3.0,2.6015
A_Day2_seg1,120,cooldown,X_ACR_Mot.SV_norm,15.8624,X_Pres.SV_norm=5.002(5.0x) | X_ACR_Mot.SV_norm=15.862(15.9x) | X_ACR_Mot.PV_norm=2.770(2.8x),bearing_impact,15.8624,3.0,2.6015
A_Day2_seg1,130,steady_state,X_ACR_Mot.SV_norm,15.8624,X_Pres.SV_norm=5.002(5.0x) | X_ACR_Mot.SV_norm=15.862(15.9x) | X_ACR_Mot.PV_norm=2.770(2.8x),bearing_impact,15.8624,5.6,2.5997
A_Day2_seg1,140,steady_state,X_ACR_Mot.SV_norm,15.8624,X_Pres.SV_norm=5.002(5.0x) | X_ACR_Mot.SV_norm=15.862(15.9x) | X_ACR_Mot.PV_norm=2.770(2.8x),bearing_impact,15.8624,5.6,2.5997
A_Day2_seg3,2920,steady_state,X_Pres.SV_norm,67.9249,X_Pres.SV_norm=67.925(67.9x) | X_ACR_Mot.SV_norm=11.353(11.4x) | X_ACR_Pmp.SV_norm=17.497(17.5x),pressure_spike_high_load,67.9249,5.6,2.5997
A_Day2_seg3,2930,steady_state,X_Pres.SV_norm,67.9249,X_Pres.SV_norm=67.925(67.9x) | X_ACR_Mot.SV_norm=11.353(11.4x) | X_ACR_Pmp.SV_norm=17.497(17.5x),pressure_spike_high_load,67.9249,5.6,2.5997
A_Day2_seg3,2940,startup,X_Pres.SV_norm,67.9249,X_Pres.SV_norm=67.925(67.9x) | X_ACR_Mot.SV_norm=11.353(11.4x) | X_ACR_Pmp.SV_norm=17.497(17.5x),pressure_transient,67.9249,3.0,3.1997
A_Day2_seg3,2950,startup,X_Pres.SV_norm,67.9249,X_Pres.SV_norm=67.925(67.9x) | X_ACR_Mot.SV_norm=11.353(11.4x) | X_ACR_Pmp.SV_norm=17.497(17.5x),pressure_transient,67.9249,3.0,3.1997
A_Day2_seg3,2960,startup,X_Pres.SV_norm,67.9249,X_Pres.SV_norm=67.925(67.9x) | X_ACR_Mot.SV_norm=11.353(11.4x) | X_ACR_Pmp.SV_norm=17.497(17.5x),pressure_transient,67.9249,3.0,3.1997
A_Day2_seg3,2970,startup,X_Pres.SV_norm,67.9249,X_Pres.SV_norm=67.925(67.9x),pressure_transient,67.9249,3.0,3.1997
A_Day2_seg3,3530,startup,X_ACR_Mot.PV_norm,2.0006,X_ACR_Mot.PV_norm=2.001(2.0x),mechanical_transient,2.0008,3.0,3.1997
A_Day2_seg3,3540,startup,X_ACR_Mot.PV_norm,2.0006,X_ACR_Mot.PV_norm=2.001(2.0x),mechanical_transient,2.0008,3.0,3.1997
A_Day2_seg3,3550,startup,X_ACR_Mot.PV_norm,2.0006,X_ACR_Mot.PV_norm=2.001(2.0x),mechanical_transient,2.0008,3.0,3.1997
A_Day2_seg3,3560,startup,X_ACR_Mot.PV_norm,2.0006,X_ACR_Mot.PV_norm=2.001(2.0x),mechanical_transient,2.0008,3.0,3.1997
A_Day2_seg3,3570,startup,X_ACR_Mot.PV_norm,2.0006,X_ACR_Mot.PV_norm=2.001(2.0x),mechanical_transient,2.0008,3.0,3.1997
A_Day2_seg3,3580,startup,X_ACR_Mot.PV_norm,2.0006,X_ACR_Mot.PV_norm=2.001(2.0x),mechanical_transient,2.0008,3.0,3.1997
A_Day2_seg3,3650,startup,X_ACR_Pmp.PV_norm,2.4382,X_ACR_Pmp.PV_norm=2.438(2.4x),mechanical_transient,2.4379,3.0,3.1997
A_Day2_seg3,3660,startup,X_ACR_Pmp.PV_norm,2.4382,X_ACR_Pmp.PV_norm=2.438(2.4x),mechanical_transient,2.4379,3.0,3.1997
A_Day2_seg3,3670,startup,X_ACR_Pmp.PV_norm,2.4382,X_ACR_Pmp.PV_norm=2.438(2.4x),mechanical_transient,2.4379,3.0,3.1997
A_Day2_seg3,3680,startup,X_ACR_Pmp.PV_norm,2.4382,X_ACR_Pmp.PV_norm=2.438(2.4x),mechanical_transient,2.4379,3.0,3.1997
A_Day2_seg3,3690,startup,X_ACR_Pmp.PV_norm,2.4382,X_ACR_Pmp.PV_norm=2.438(2.4x),mechanical_transient,2.4379,3.0,3.1997
A_Day2_seg3,3700,startup,X_ACR_Pmp.PV_norm,2.4382,X_ACR_Pmp.PV_norm=2.438(2.4x),mechanical_transient,2.4379,3.0,3.1997
A_Day2_seg3,3740,startup,X_ACR_Mot.PV_norm,1.9578,X_ACR_Mot.PV_norm=1.958(2.0x),mechanical_transient,1.9581,3.0,3.1997
A_Day2_seg3,3750,startup,X_ACR_Mot.PV_norm,1.9578,X_ACR_Mot.PV_norm=1.958(2.0x),mechanical_transient,1.9581,3.0,3.1997
A_Day2_seg3,3760,startup,X_ACR_Mot.PV_norm,1.9578,X_ACR_Mot.PV_norm=1.958(2.0x),mechanical_transient,1.9581,3.0,3.1997
A_Day2_seg3,3770,startup,X_ACR_Mot.PV_norm,1.9578,X_ACR_Mot.PV_norm=1.958(2.0x),mechanical_transient,1.9581,3.0,3.1997
A_Day2_seg3,3780,startup,X_ACR_Mot.PV_norm,1.9578,X_ACR_Mot.PV_norm=1.958(2.0x),mechanical_transient,1.9581,3.0,3.1997
A_Day2_seg3,3790,startup,X_ACR_Mot.PV_norm,1.9578,X_ACR_Mot.PV_norm=1.958(2.0x),mechanical_transient,1.9581,3.0,3.1997
A_Day2_seg3,4270,startup,X_ACR_Mot.SV_norm,11.3528,X_ACR_Mot.SV_norm=11.353(11.4x),bearing_impact,11.3528,3.0,3.1997
A_Day2_seg3,4280,startup,X_ACR_Mot.SV_norm,11.3528,X_ACR_Mot.SV_norm=11.353(11.4x),bearing_impact,11.3528,3.0,3.1997
A_Day2_seg3,4290,startup,X_ACR_Mot.SV_norm,11.3528,X_ACR_Mot.SV_norm=11.353(11.4x),bearing_impact,11.3528,3.0,3.1997
A_Day2_seg3,4300,startup,X_ACR_Mot.SV_norm,11.3528,X_ACR_Mot.SV_norm=11.353(11.4x),bearing_impact,11.3528,3.0,3.1997
A_Day2_seg3,4310,startup,X_ACR_Mot.SV_norm,11.3528,X_ACR_Mot.SV_norm=11.353(11.4x),bearing_impact,11.3528,3.0,3.1997
A_Day2_seg3,4920,startup,X_ACR_Mot.PV_norm,1.8882,X_ACR_Mot.PV_norm=1.888(1.9x),mechanical_transient,1.8885,3.0,3.1997
A_Day2_seg3,4930,startup,X_ACR_Mot.PV_norm,1.8882,X_ACR_Mot.PV_norm=1.888(1.9x),mechanical_transient,1.8885,3.0,3.1997
A_Day2_seg3,4940,startup,X_ACR_Mot.PV_norm,1.8882,X_ACR_Mot.PV_norm=1.888(1.9x),mechanical_transient,1.8885,3.0,3.1997
A_Day2_seg3,4950,startup,X_ACR_Mot.PV_norm,1.8882,X_ACR_Mot.PV_norm=1.888(1.9x),mechanical_transient,1.8885,3.0,3.1997
A_Day2_seg3,4960,startup,X_ACR_Mot.PV_norm,1.8882,X_ACR_Mot.PV_norm=1.888(1.9x),mechanical_transient,1.8885,3.0,3.1997
A_Day2_seg3,4970,startup,X_ACR_Mot.PV_norm,1.8882,X_ACR_Mot.PV_norm=1.888(1.9x),mechanical_transient,1.8885,3.0,3.1997
A_Day2_seg3,5210,startup,X_ACR_Pmp.PV_norm,2.2891,X_ACR_Pmp.PV_norm=2.289(2.3x),mechanical_transient,2.2889,3.0,3.1997
A_Day2_seg3,5220,startup,X_ACR_Pmp.PV_norm,2.2891,X_ACR_Pmp.PV_norm=2.289(2.3x),mechanical_transient,2.2889,3.0,3.1997
A_Day2_seg3,5230,startup,X_ACR_Pmp.PV_norm,2.2891,X_ACR_Pmp.PV_norm=2.289(2.3x),mechanical_transient,2.2889,3.0,3.1997
A_Day2_seg3,5240,startup,X_ACR_Pmp.PV_norm,2.2891,X_ACR_Pmp.PV_norm=2.289(2.3x),mechanical_transient,2.2889,3.0,3.1997
A_Day2_seg3,5250,startup,X_ACR_Pmp.PV_norm,2.2891,X_ACR_Pmp.PV_norm=2.289(2.3x),mechanical_transient,2.2889,3.0,3.1997
A_Day2_seg3,5260,startup,X_ACR_Pmp.PV_norm,2.2891,X_ACR_Pmp.PV_norm=2.289(2.3x),mechanical_transient,2.2889,3.0,3.1997
A_Day2_seg3,5970,startup,X_ACR_Mot.PV_norm,1.9098,X_ACR_Mot.PV_norm=1.910(1.9x),mechanical_transient,1.9253,3.0,3.1997
A_Day2_seg3,5980,startup,X_ACR_Mot.PV_norm,1.9098,X_ACR_Mot.PV_norm=1.910(1.9x),mechanical_transient,1.9101,3.0,3.1997
A_Day2_seg3,5990,startup,X_ACR_Mot.PV_norm,1.9098,X_ACR_Mot.PV_norm=1.910(1.9x),mechanical_transient,1.9101,3.0,3.1997
A_Day2_seg3,6000,startup,X_ACR_Mot.PV_norm,1.9098,X_ACR_Mot.PV_norm=1.910(1.9x),mechanical_transient,1.9101,3.0,3.1997
A_Day2_seg3,6010,startup,X_ACR_Mot.PV_norm,1.9098,X_ACR_Mot.PV_norm=1.910(1.9x),mechanical_transient,1.9101,3.0,3.1997
A_Day2_seg3,6020,startup,X_ACR_Mot.PV_norm,1.9098,X_ACR_Mot.PV_norm=1.910(1.9x),mechanical_transient,1.9101,3.0,3.1997
A_Day2_seg3,6180,startup,X_ACR_Pmp.PV_norm,2.3424,X_ACR_Pmp.PV_norm=2.342(2.3x),mechanical_transient,2.3422,3.0,3.1997
A_Day2_seg3,6190,startup,X_ACR_Pmp.PV_norm,2.3424,X_ACR_Pmp.PV_norm=2.342(2.3x),mechanical_transient,2.3422,3.0,3.1997
A_Day2_seg3,6200,startup,X_ACR_Pmp.PV_norm,2.3424,X_ACR_Pmp.PV_norm=2.342(2.3x),mechanical_transient,2.3422,3.0,3.1997
A_Day2_seg3,6210,startup,X_ACR_Pmp.PV_norm,2.3424,X_ACR_Pmp.PV_norm=2.342(2.3x),mechanical_transient,2.3422,3.0,3.1997
A_Day2_seg3,6220,startup,X_ACR_Pmp.PV_norm,2.3424,X_ACR_Pmp.PV_norm=2.342(2.3x),mechanical_transient,2.3422,3.0,3.1997
A_Day2_seg3,6230,startup,X_ACR_Pmp.PV_norm,2.3424,X_ACR_Pmp.PV_norm=2.342(2.3x),mechanical_transient,2.3422,3.0,3.1997
A_Day2_seg3,6240,startup,X_ACR_Mot.PV_norm,2.0359,X_ACR_Mot.PV_norm=2.036(2.0x),mechanical_transient,2.0362,3.0,3.1997
A_Day2_seg3,6250,startup,X_ACR_Mot.PV_norm,2.0359,X_ACR_Mot.PV_norm=2.036(2.0x),mechanical_transient,2.0362,3.0,3.1997
A_Day2_seg3,6260,startup,X_ACR_Mot.PV_norm,2.0359,X_ACR_Mot.PV_norm=2.036(2.0x),mechanical_transient,2.0362,3.0,3.1997
A_Day2_seg3,6270,startup,X_ACR_Mot.PV_norm,2.0359,X_ACR_Mot.PV_norm=2.036(2.0x),mechanical_transient,2.0362,3.0,3.1997
A_Day2_seg3,6280,startup,X_ACR_Mot.PV_norm,2.0359,X_ACR_Mot.PV_norm=2.036(2.0x),mechanical_transient,2.0362,3.0,3.1997
A_Day2_seg3,6290,startup,X_ACR_Mot.PV_norm,2.0359,X_ACR_Mot.PV_norm=2.036(2.0x),mechanical_transient,2.0362,3.0,3.1997
A_Day2_seg3,6680,startup,X_ACR_Mot.PV_norm,2.1637,X_ACR_Mot.PV_norm=2.164(2.2x),mechanical_transient,2.164,3.0,3.1997
A_Day2_seg3,6690,startup,X_ACR_Mot.PV_norm,2.1637,X_ACR_Mot.PV_norm=2.164(2.2x),mechanical_transient,2.164,3.0,3.1997
A_Day2_seg3,6700,startup,X_ACR_Mot.PV_norm,2.1637,X_ACR_Mot.PV_norm=2.164(2.2x),mechanical_transient,2.164,3.0,3.1997
A_Day2_seg3,6710,startup,X_ACR_Mot.PV_norm,2.1637,X_ACR_Mot.PV_norm=2.164(2.2x),mechanical_transient,2.164,3.0,3.1997
A_Day2_seg3,6720,startup,X_ACR_Mot.PV_norm,2.1637,X_ACR_Mot.PV_norm=2.164(2.2x),mechanical_transient,2.164,3.0,3.1997
A_Day2_seg3,6730,startup,X_ACR_Mot.PV_norm,2.1637,X_ACR_Mot.PV_norm=2.164(2.2x),mechanical_transient,2.164,3.0,3.1997
A_Day2_seg3,6950,startup,X_ACR_Mot.PV_norm,2.1316,X_ACR_Mot.PV_norm=2.132(2.1x),mechanical_transient,2.1319,3.0,3.1997
A_Day2_seg3,6960,startup,X_ACR_Mot.PV_norm,2.1316,X_ACR_Mot.PV_norm=2.132(2.1x),mechanical_transient,2.1319,3.0,3.1997
A_Day2_seg3,6970,startup,X_ACR_Mot.PV_norm,2.1316,X_ACR_Mot.PV_norm=2.132(2.1x),mechanical_transient,2.1319,3.0,3.1997
A_Day2_seg3,6980,startup,X_ACR_Mot.PV_norm,2.1316,X_ACR_Mot.PV_norm=2.132(2.1x),mechanical_transient,2.1319,3.0,3.1997
A_Day2_seg3,6990,startup,X_ACR_Mot.PV_norm,2.1316,X_ACR_Mot.PV_norm=2.132(2.1x),mechanical_transient,2.1319,3.0,3.1997
A_Day2_seg3,7000,startup,X_ACR_Mot.PV_norm,2.1316,X_ACR_Mot.PV_norm=2.132(2.1x),mechanical_transient,2.1319,3.0,3.1997
A_Day2_seg3,7340,startup,X_ACR_Mot.PV_norm,2.0594,X_ACR_Mot.PV_norm=2.060(2.1x),mechanical_transient,2.0597,3.0,3.1997
A_Day2_seg3,7350,startup,X_ACR_Mot.PV_norm,2.0594,X_ACR_Mot.PV_norm=2.060(2.1x),mechanical_transient,2.0597,3.0,3.1997
A_Day2_seg3,7360,startup,X_ACR_Mot.PV_norm,2.0594,X_ACR_Mot.PV_norm=2.060(2.1x),mechanical_transient,2.0597,3.0,3.1997
A_Day2_seg3,7370,startup,X_ACR_Mot.PV_norm,2.0594,X_ACR_Mot.PV_norm=2.060(2.1x),mechanical_transient,2.0597,3.0,3.1997
A_Day2_seg3,7380,startup,X_ACR_Mot.PV_norm,2.0594,X_ACR_Mot.PV_norm=2.060(2.1x),mechanical_transient,2.0597,3.0,3.1997
A_Day2_seg3,7390,startup,X_ACR_Mot.PV_norm,2.0594,X_ACR_Mot.PV_norm=2.060(2.1x),mechanical_transient,2.0597,3.0,3.1997
A_Day2_seg3,7570,startup,X_ACR_Mot.PV_norm,2.0606,X_ACR_Mot.PV_norm=2.061(2.1x),mechanical_transient,2.0609,3.0,3.1997
A_Day2_seg3,7580,startup,X_ACR_Mot.PV_norm,2.0606,X_ACR_Mot.PV_norm=2.061(2.1x),mechanical_transient,2.0609,3.0,3.1997
A_Day2_seg3,7590,startup,X_ACR_Mot.PV_norm,2.0606,X_ACR_Mot.PV_norm=2.061(2.1x),mechanical_transient,2.0609,3.0,3.1997
A_Day2_seg3,7600,startup,X_ACR_Mot.PV_norm,2.0606,X_ACR_Mot.PV_norm=2.061(2.1x),mechanical_transient,2.0609,3.0,3.1997
A_Day2_seg3,7610,startup,X_ACR_Mot.PV_norm,2.0606,X_ACR_Mot.PV_norm=2.061(2.1x),mechanical_transient,2.0609,3.0,3.1997
A_Day2_seg3,7620,startup,X_ACR_Mot.PV_norm,2.0606,X_ACR_Mot.PV_norm=2.061(2.1x),mechanical_transient,2.0609,3.0,3.1997
A_Day2_seg3,7830,startup,X_ACR_Mot.PV_norm,1.9598,X_ACR_Mot.PV_norm=1.960(2.0x),mechanical_transient,1.963,3.0,3.1997
A_Day2_seg3,7840,startup,X_ACR_Mot.PV_norm,1.9598,X_ACR_Mot.PV_norm=1.960(2.0x),mechanical_transient,1.963,3.0,3.1997
A_Day2_seg3,7850,startup,X_ACR_Mot.PV_norm,1.9598,X_ACR_Mot.PV_norm=1.960(2.0x),mechanical_transient,1.9601,3.0,3.1997
A_Day2_seg3,7860,startup,X_ACR_Mot.PV_norm,1.9598,X_ACR_Mot.PV_norm=1.960(2.0x),mechanical_transient,1.9601,3.0,3.1997
A_Day2_seg3,7870,startup,X_ACR_Mot.PV_norm,1.9598,X_ACR_Mot.PV_norm=1.960(2.0x),mechanical_transient,1.9601,3.0,3.1997
A_Day2_seg3,7880,startup,X_ACR_Mot.PV_norm,1.9598,X_ACR_Mot.PV_norm=1.960(2.0x),mechanical_transient,1.9601,3.0,3.1997
A_Day2_seg3,8180,startup,X_ACR_Mot.PV_norm,2.1112,X_ACR_Mot.PV_norm=2.112(2.1x),mechanical_transient,2.1115,3.0,3.1997
A_Day2_seg3,8190,startup,X_ACR_Mot.PV_norm,2.1112,X_ACR_Mot.PV_norm=2.112(2.1x),mechanical_transient,2.1115,3.0,3.1997
A_Day2_seg3,8200,startup,X_ACR_Mot.PV_norm,2.1112,X_ACR_Mot.PV_norm=2.112(2.1x),mechanical_transient,2.1115,3.0,3.1997
A_Day2_seg3,8210,startup,X_ACR_Mot.PV_norm,2.1112,X_ACR_Mot.PV_norm=2.112(2.1x),mechanical_transient,2.1115,3.0,3.1997
A_Day2_seg3,8220,startup,X_ACR_Mot.PV_norm,2.1112,X_ACR_Mot.PV_norm=2.112(2.1x),mechanical_transient,2.1115,3.0,3.1997
A_Day2_seg3,8230,startup,X_ACR_Mot.PV_norm,2.1112,X_ACR_Mot.PV_norm=2.112(2.1x),mechanical_transient,2.1115,3.0,3.1997
A_Day2_seg3,8640,startup,X_ACR_Pmp.PV_norm,2.6691,X_ACR_Pmp.PV_norm=2.669(2.7x),mechanical_transient,2.6688,3.0,3.1997
A_Day2_seg3,8650,startup,X_ACR_Pmp.PV_norm,2.6691,X_ACR_Pmp.PV_norm=2.669(2.7x),mechanical_transient,2.6688,3.0,3.1997
A_Day2_seg3,8660,startup,X_ACR_Pmp.PV_norm,2.6691,X_ACR_Pmp.PV_norm=2.669(2.7x),mechanical_transient,2.6688,3.0,3.1997
A_Day2_seg3,8670,startup,X_ACR_Pmp.PV_norm,2.6691,X_ACR_Pmp.PV_norm=2.669(2.7x),mechanical_transient,2.6688,3.0,3.1997
A_Day2_seg3,8680,startup,X_ACR_Pmp.PV_norm,2.6691,X_ACR_Pmp.PV_norm=2.669(2.7x),mechanical_transient,2.6688,3.0,3.1997
A_Day2_seg3,8690,startup,X_ACR_Pmp.PV_norm,2.6691,X_ACR_Pmp.PV_norm=2.669(2.7x),mechanical_transient,2.6688,3.0,3.1997
A_Day2_seg3,8990,startup,X_ACR_Mot.PV_norm,1.9089,X_ACR_Mot.PV_norm=1.909(1.9x),mechanical_transient,1.9921,3.0,3.1997
A_Day2_seg3,9000,startup,X_ACR_Mot.PV_norm,1.9089,X_ACR_Mot.PV_norm=1.909(1.9x),mechanical_transient,1.9921,3.0,3.1997
A_Day2_seg3,9010,startup,X_ACR_Mot.PV_norm,1.9089,X_ACR_Mot.PV_norm=1.909(1.9x),mechanical_transient,1.9091,3.0,3.1997
A_Day2_seg3,9020,startup,X_ACR_Mot.PV_norm,1.9505,X_ACR_Mot.PV_norm=1.951(2.0x),mechanical_transient,1.9508,3.0,3.1997
A_Day2_seg3,9030,startup,X_ACR_Mot.PV_norm,1.9505,X_ACR_Mot.PV_norm=1.951(2.0x),mechanical_transient,1.9508,3.0,3.1997
A_Day2_seg3,9040,startup,X_ACR_Mot.PV_norm,1.9505,X_ACR_Mot.PV_norm=1.951(2.0x),mechanical_transient,1.9508,3.0,3.1997
A_Day2_seg3,9050,startup,X_ACR_Mot.PV_norm,1.9505,X_ACR_Mot.PV_norm=1.951(2.0x),mechanical_transient,1.9508,3.0,3.1997
A_Day2_seg3,9060,startup,X_ACR_Mot.PV_norm,1.9505,X_ACR_Mot.PV_norm=1.951(2.0x),mechanical_transient,1.9508,3.0,3.1997
A_Day2_seg3,9070,startup,X_ACR_Mot.PV_norm,1.9505,X_ACR_Mot.PV_norm=1.951(2.0x),mechanical_transient,1.9508,3.0,3.1997
A_Day2_seg3,9350,startup,X_ACR_Pmp.PV_norm,2.2447,X_ACR_Pmp.PV_norm=2.244(2.2x),mechanical_transient,2.2445,3.0,3.1997
A_Day2_seg3,9360,startup,X_ACR_Pmp.PV_norm,2.2447,X_ACR_Pmp.PV_norm=2.244(2.2x),mechanical_transient,2.2445,3.0,3.1997
A_Day2_seg3,9370,startup,X_ACR_Pmp.PV_norm,2.2447,X_ACR_Pmp.PV_norm=2.244(2.2x),mechanical_transient,2.2445,3.0,3.1997
A_Day2_seg3,9380,startup,X_ACR_Pmp.PV_norm,2.2447,X_ACR_Pmp.PV_norm=2.244(2.2x),mechanical_transient,2.2445,3.0,3.1997
A_Day2_seg3,9390,startup,X_ACR_Pmp.PV_norm,2.2447,X_ACR_Pmp.PV_norm=2.244(2.2x),mechanical_transient,2.2445,3.0,3.1997
A_Day2_seg3,9400,startup,X_ACR_Pmp.PV_norm,2.2447,X_ACR_Pmp.PV_norm=2.244(2.2x),mechanical_transient,2.2445,3.0,3.1997
A_Day2_seg3,9850,startup,X_ACR_Mot.PV_norm,2.2964,X_ACR_Mot.PV_norm=2.297(2.3x),mechanical_transient,2.2967,3.0,3.1997
A_Day2_seg3,9860,startup,X_ACR_Mot.PV_norm,2.2964,X_ACR_Mot.PV_norm=2.297(2.3x),mechanical_transient,2.2967,3.0,3.1997
A_Day2_seg3,9870,startup,X_ACR_Mot.PV_norm,2.2964,X_ACR_Mot.PV_norm=2.297(2.3x),mechanical_transient,2.2967,3.0,3.1997
A_Day2_seg3,9880,startup,X_ACR_Mot.PV_norm,2.2964,X_ACR_Mot.PV_norm=2.297(2.3x),mechanical_transient,2.2967,3.0,3.1997
A_Day2_seg3,9890,startup,X_ACR_Mot.PV_norm,2.2964,X_ACR_Mot.PV_norm=2.297(2.3x),mechanical_transient,2.2967,3.0,3.1997
A_Day2_seg3,9900,startup,X_ACR_Mot.PV_norm,2.2964,X_ACR_Mot.PV_norm=2.297(2.3x),mechanical_transient,2.2967,3.0,3.1997
A_Day2_seg3,10260,startup,X_ACR_Pmp.PV_norm,2.3078,X_ACR_Pmp.PV_norm=2.308(2.3x),mechanical_transient,2.3076,3.0,3.1997
A_Day2_seg3,10270,startup,X_ACR_Pmp.PV_norm,2.3078,X_ACR_Pmp.PV_norm=2.308(2.3x),mechanical_transient,2.3076,3.0,3.1997
A_Day2_seg3,10280,startup,X_ACR_Pmp.PV_norm,2.3078,X_ACR_Pmp.PV_norm=2.308(2.3x),mechanical_transient,2.3076,3.0,3.1997
A_Day2_seg3,10290,startup,X_ACR_Pmp.PV_norm,2.3078,X_ACR_Pmp.PV_norm=2.308(2.3x),mechanical_transient,2.3076,3.0,3.1997
A_Day2_seg3,10300,startup,X_ACR_Pmp.PV_norm,2.3078,X_ACR_Pmp.PV_norm=2.308(2.3x),mechanical_transient,2.3076,3.0,3.1997
A_Day2_seg3,10550,startup,X_ACR_Pmp.PV_norm,2.2584,X_ACR_Pmp.PV_norm=2.258(2.3x),mechanical_transient,2.2582,3.0,3.1997
A_Day2_seg3,10560,startup,X_ACR_Pmp.PV_norm,2.2584,X_ACR_Pmp.PV_norm=2.258(2.3x),mechanical_transient,2.2582,3.0,3.1997
A_Day2_seg3,10570,startup,X_ACR_Pmp.PV_norm,2.2584,X_ACR_Pmp.PV_norm=2.258(2.3x),mechanical_transient,2.2582,3.0,3.1997
A_Day2_seg3,10580,startup,X_ACR_Pmp.PV_norm,2.2584,X_ACR_Pmp.PV_norm=2.258(2.3x),mechanical_transient,2.2582,3.0,3.1997
A_Day2_seg3,10590,startup,X_ACR_Pmp.PV_norm,2.2584,X_ACR_Pmp.PV_norm=2.258(2.3x),mechanical_transient,2.2582,3.0,3.1997
A_Day2_seg3,10880,startup,X_ACR_Pmp.PV_norm,2.4778,X_ACR_Pmp.PV_norm=2.478(2.5x),mechanical_transient,2.4776,3.0,3.1997
A_Day2_seg3,10890,startup,X_ACR_Pmp.PV_norm,2.4778,X_ACR_Mot.PV_norm=1.879(1.9x) | X_ACR_Pmp.PV_norm=2.478(2.5x),mechanical_transient,2.4776,3.0,3.1997
A_Day2_seg3,10900,startup,X_ACR_Pmp.PV_norm,2.4778,X_ACR_Mot.PV_norm=1.879(1.9x) | X_ACR_Pmp.PV_norm=2.478(2.5x),mechanical_transient,2.4776,3.0,3.1997
A_Day2_seg3,10910,startup,X_ACR_Pmp.PV_norm,2.4778,X_ACR_Mot.PV_norm=1.879(1.9x) | X_ACR_Pmp.PV_norm=2.478(2.5x),mechanical_transient,2.4776,3.0,3.1997
A_Day2_seg3,10920,startup,X_ACR_Pmp.PV_norm,2.4778,X_ACR_Mot.PV_norm=1.879(1.9x) | X_ACR_Pmp.PV_norm=2.478(2.5x),mechanical_transient,2.4776,3.0,3.1997
A_Day2_seg3,10930,startup,X_ACR_Pmp.PV_norm,2.4778,X_ACR_Mot.PV_norm=1.879(1.9x) | X_ACR_Pmp.PV_norm=2.478(2.5x),mechanical_transient,2.4776,3.0,3.1997
A_Day2_seg3,10940,startup,X_ACR_Mot.PV_norm,1.8786,X_ACR_Mot.PV_norm=1.879(1.9x),mechanical_transient,1.8789,3.0,3.1997
A_Day2_seg3,11380,startup,X_ACR_Mot.PV_norm,2.1059,X_ACR_Mot.PV_norm=2.106(2.1x),mechanical_transient,2.1062,3.0,3.1997
A_Day2_seg3,11390,startup,X_ACR_Mot.PV_norm,2.1059,X_ACR_Mot.PV_norm=2.106(2.1x),mechanical_transient,2.1062,3.0,3.1997
A_Day2_seg3,11400,startup,X_ACR_Mot.PV_norm,2.1059,X_ACR_Mot.PV_norm=2.106(2.1x),mechanical_transient,2.1062,3.0,3.1997
A_Day2_seg3,11410,startup,X_ACR_Mot.PV_norm,2.1059,X_ACR_Mot.PV_norm=2.106(2.1x),mechanical_transient,2.1062,3.0,3.1997
A_Day2_seg3,11420,startup,X_ACR_Mot.PV_norm,2.1059,X_ACR_Mot.PV_norm=2.106(2.1x),mechanical_transient,2.1062,3.0,3.1997
A_Day2_seg3,11900,startup,X_ACR_Mot.PV_norm,2.2014,X_ACR_Mot.PV_norm=2.202(2.2x),mechanical_transient,2.2017,3.0,3.1997
A_Day2_seg3,11910,startup,X_ACR_Mot.PV_norm,2.2014,X_ACR_Mot.PV_norm=2.202(2.2x),mechanical_transient,2.2017,3.0,3.1997
A_Day2_seg3,11920,startup,X_ACR_Mot.PV_norm,2.2014,X_ACR_Mot.PV_norm=2.202(2.2x),mechanical_transient,2.2017,3.0,3.1997
A_Day2_seg3,11930,startup,X_ACR_Mot.PV_norm,2.2014,X_ACR_Mot.PV_norm=2.202(2.2x),mechanical_transient,2.2017,3.0,3.1997
A_Day2_seg3,11940,startup,X_ACR_Mot.PV_norm,2.2014,X_ACR_Mot.PV_norm=2.202(2.2x),mechanical_transient,2.2017,3.0,3.1997
A_Day2_seg3,11950,startup,X_ACR_Mot.PV_norm,2.2014,X_ACR_Mot.PV_norm=2.202(2.2x),mechanical_transient,2.2017,3.0,3.1997
A_Day2_seg3,11970,startup,X_ACR_Mot.PV_norm,2.0198,X_ACR_Mot.PV_norm=2.020(2.0x),mechanical_transient,2.02,3.0,3.1997
A_Day2_seg3,11980,startup,X_ACR_Mot.PV_norm,2.0198,X_ACR_Mot.PV_norm=2.020(2.0x),mechanical_transient,2.02,3.0,3.1997
A_Day2_seg3,11990,startup,X_ACR_Mot.PV_norm,2.0198,X_ACR_Mot.PV_norm=2.020(2.0x),mechanical_transient,2.02,3.0,3.1997
A_Day2_seg3,12000,startup,X_ACR_Mot.PV_norm,2.0198,X_ACR_Mot.PV_norm=2.020(2.0x),mechanical_transient,2.02,3.0,3.1997
A_Day2_seg3,12010,startup,X_ACR_Mot.PV_norm,2.0198,X_ACR_Mot.PV_norm=2.020(2.0x),mechanical_transient,2.02,3.0,3.1997
A_Day2_seg3,12020,startup,X_ACR_Mot.PV_norm,2.0198,X_ACR_Mot.PV_norm=2.020(2.0x),mechanical_transient,2.02,3.0,3.1997
A_Day2_seg3,12030,startup,X_ACR_Pmp.PV_norm,2.6031,X_ACR_Pmp.PV_norm=2.603(2.6x),mechanical_transient,2.6028,3.0,3.1997
A_Day2_seg3,12040,startup,X_ACR_Pmp.PV_norm,2.6031,X_ACR_Pmp.PV_norm=2.603(2.6x),mechanical_transient,2.6028,3.0,3.1997
A_Day2_seg3,12050,startup,X_ACR_Pmp.PV_norm,2.6031,X_ACR_Pmp.PV_norm=2.603(2.6x),mechanical_transient,2.6028,3.0,3.1997
A_Day2_seg3,12060,startup,X_ACR_Pmp.PV_norm,2.6031,X_ACR_Pmp.PV_norm=2.603(2.6x),mechanical_transient,2.6028,3.0,3.1997
A_Day2_seg3,12070,startup,X_ACR_Pmp.PV_norm,2.6031,X_ACR_Pmp.PV_norm=2.603(2.6x),mechanical_transient,2.6028,3.0,3.1997
A_Day2_seg3,12080,startup,X_ACR_Pmp.PV_norm,2.6031,X_ACR_Pmp.PV_norm=2.603(2.6x),mechanical_transient,2.6028,3.0,3.1997
A_Day3_seg1,1410,cooldown,X_Pres.SV_norm,5.1096,X_Pres.SV_norm=5.110(5.1x),pressure_transient,5.1096,3.0,2.6015
A_Day3_seg1,1420,cooldown,X_Pres.SV_norm,5.1096,X_Pres.SV_norm=5.110(5.1x),pressure_transient,5.1096,3.0,2.6015
A_Day3_seg1,1430,cooldown,X_Pres.SV_norm,5.1096,X_Pres.SV_norm=5.110(5.1x),pressure_transient,5.1096,3.0,2.6015
A_Day3_seg1,1440,cooldown,X_Pres.SV_norm,5.1096,X_Pres.SV_norm=5.110(5.1x),pressure_transient,5.1096,3.0,2.6015
A_Day3_seg1,1450,cooldown,X_Pres.SV_norm,5.1096,X_Pres.SV_norm=5.110(5.1x),pressure_transient,5.1096,3.0,2.6015
A_Day3_seg1,1460,cooldown,X_Pres.SV_norm,5.1096,X_Pres.SV_norm=5.110(5.1x),pressure_transient,5.1096,3.0,2.6015
A_Day3_seg1,1470,cooldown,X_Pres.SV_norm,5.1096,X_Pres.SV_norm=5.110(5.1x),pressure_transient,5.1096,3.0,2.6015
A_Day3_seg1,1480,cooldown,X_Pres.SV_norm,5.1096,X_Pres.SV_norm=5.110(5.1x),pressure_transient,5.1096,3.0,2.6015
A_Day3_seg1,1490,cooldown,X_Pres.SV_norm,5.1096,X_Pres.SV_norm=5.110(5.1x),pressure_transient,5.1096,3.0,2.6015
A_Day3_seg1,1500,cooldown,X_Pres.SV_norm,5.1096,X_Pres.SV_norm=5.110(5.1x),pressure_transient,5.1096,3.0,2.6015
A_Day3_seg1,1510,cooldown,X_Pres.SV_norm,5.1096,X_Pres.SV_norm=5.110(5.1x),pressure_transient,5.1096,3.0,2.6015
A_Day3_seg1,1520,cooldown,X_Pres.SV_norm,4.9836,X_Pres.SV_norm=4.984(5.0x),pressure_transient,4.9836,3.0,2.6015
A_Day3_seg1,1530,cooldown,X_Pres.SV_norm,4.9836,X_Pres.SV_norm=4.984(5.0x),pressure_transient,4.9836,3.0,2.6015
A_Day3_seg1,1540,cooldown,X_Pres.SV_norm,4.9836,X_Pres.SV_norm=4.984(5.0x),pressure_transient,4.9836,3.0,2.6015
A_Day3_seg1,1550,cooldown,X_Pres.SV_norm,4.9836,X_Pres.SV_norm=4.984(5.0x),pressure_transient,4.9836,3.0,2.6015
A_Day3_seg1,1560,cooldown,X_Pres.SV_norm,4.9836,X_Pres.SV_norm=4.984(5.0x),pressure_transient,4.9836,3.0,2.6015
A_Day3_seg1,1570,cooldown,X_Pres.SV_norm,4.9836,X_Pres.SV_norm=4.984(5.0x),pressure_transient,4.9836,3.0,2.6015
A_Day3_seg1,1580,cooldown,X_Pres.SV_norm,4.9685,X_Pres.SV_norm=4.969(5.0x),pressure_transient,4.9685,3.0,2.6015
A_Day3_seg1,1590,cooldown,X_Pres.SV_norm,5.0407,X_Pres.SV_norm=5.041(5.0x),pressure_transient,5.0407,3.0,2.6015
A_Day3_seg1,1600,cooldown,X_Pres.SV_norm,5.0407,X_Pres.SV_norm=5.041(5.0x),pressure_transient,5.0407,3.0,2.6015
A_Day3_seg1,1610,cooldown,X_Pres.SV_norm,5.0407,X_Pres.SV_norm=5.041(5.0x),pressure_transient,5.0407,3.0,2.6015
A_Day3_seg1,1620,cooldown,X_Pres.SV_norm,5.0407,X_Pres.SV_norm=5.041(5.0x),pressure_transient,5.0407,3.0,2.6015
A_Day3_seg1,1630,cooldown,X_Pres.SV_norm,5.0407,X_Pres.SV_norm=5.041(5.0x),pressure_transient,5.0407,3.0,2.6015
A_Day3_seg1,1640,cooldown,X_Pres.SV_norm,5.0407,X_Pres.SV_norm=5.041(5.0x),pressure_transient,5.0407,3.0,2.6015
A_Day3_seg1,1650,cooldown,X_Pres.SV_norm,5.0407,X_Pres.SV_norm=5.041(5.0x),pressure_transient,5.0407,3.0,2.6015
A_Day3_seg1,1660,cooldown,X_Pres.SV_norm,5.0407,X_Pres.SV_norm=5.041(5.0x),pressure_transient,5.0407,3.0,2.6015
A_Day3_seg1,1670,cooldown,X_Pres.SV_norm,5.0407,X_Pres.SV_norm=5.041(5.0x),pressure_transient,5.0407,3.0,2.6015
A_Day3_seg1,1680,cooldown,X_Pres.SV_norm,5.0407,X_Pres.SV_norm=5.041(5.0x),pressure_transient,5.0407,3.0,2.6015
A_Day3_seg1,1690,cooldown,X_Pres.SV_norm,5.0407,X_Pres.SV_norm=5.041(5.0x),pressure_transient,5.0407,3.0,2.6015
A_Day3_seg3,7760,steady_state,X_Pres.SV_norm,60.6515,X_Pres.SV_norm=60.651(60.7x),pressure_spike_high_load,60.6515,5.6,2.5997
A_Day3_seg3,7770,steady_state,X_Pres.SV_norm,60.6515,X_Pres.SV_norm=60.651(60.7x),pressure_spike_high_load,60.6515,5.6,2.5997
A_Day3_seg3,7780,startup,X_Pres.SV_norm,60.6515,X_Pres.SV_norm=60.651(60.7x),pressure_transient,60.6515,3.0,3.1997
A_Day3_seg3,7790,startup,X_Pres.SV_norm,60.6515,X_Pres.SV_norm=60.651(60.7x),pressure_transient,60.6515,3.0,3.1997
A_Day3_seg3,7800,startup,X_Pres.SV_norm,60.6515,X_Pres.SV_norm=60.651(60.7x),pressure_transient,60.6515,3.0,3.1997
A_Day3_seg3,7870,startup,X_ACR_Mot.SV_norm,8.8209,X_ACR_Mot.SV_norm=8.821(8.8x),bearing_impact,8.8209,3.0,3.1997
A_Day3_seg3,7880,startup,X_ACR_Mot.SV_norm,8.8209,X_ACR_Mot.SV_norm=8.821(8.8x),bearing_impact,8.8209,3.0,3.1997
A_Day3_seg3,7890,startup,X_ACR_Mot.SV_norm,8.8209,X_ACR_Mot.SV_norm=8.821(8.8x),bearing_impact,8.8209,3.0,3.1997
A_Day3_seg3,7900,startup,X_ACR_Mot.SV_norm,8.8209,X_ACR_Mot.SV_norm=8.821(8.8x),bearing_impact,8.8209,3.0,3.1997
A_Day3_seg3,7910,startup,X_ACR_Mot.SV_norm,8.8209,X_ACR_Mot.SV_norm=8.821(8.8x),bearing_impact,8.8209,3.0,3.1997
A_Day3_seg3,7920,startup,X_ACR_Mot.SV_norm,8.8209,X_ACR_Mot.SV_norm=8.821(8.8x),bearing_impact,8.8209,3.0,3.1997
A_Day3_seg3,7930,startup,X_ACR_Mot.SV_norm,8.8209,X_ACR_Mot.SV_norm=8.821(8.8x),bearing_impact,8.8209,3.0,3.1997
A_Day3_seg3,7940,startup,X_ACR_Mot.SV_norm,8.8209,X_ACR_Mot.SV_norm=8.821(8.8x),bearing_impact,8.8209,3.0,3.1997
A_Day3_seg3,7950,startup,X_ACR_Mot.SV_norm,8.8209,X_ACR_Mot.SV_norm=8.821(8.8x),bearing_impact,8.8209,3.0,3.1997
A_Day3_seg3,7960,startup,X_ACR_Mot.SV_norm,8.8209,X_ACR_Mot.SV_norm=8.821(8.8x),bearing_impact,8.8209,3.0,3.1997
A_Day3_seg3,7970,startup,X_ACR_Mot.SV_norm,8.8209,X_ACR_Mot.SV_norm=8.821(8.8x),bearing_impact,8.8209,3.0,3.1997
A_Day3_seg3,8890,startup,X_ACR_Mot.PV_norm,2.4857,X_ACR_Mot.PV_norm=2.486(2.5x),mechanical_transient,2.4861,3.0,3.1997
A_Day3_seg3,8900,startup,X_ACR_Mot.PV_norm,2.4857,X_ACR_Mot.PV_norm=2.486(2.5x),mechanical_transient,2.4861,3.0,3.1997
A_Day3_seg3,8910,startup,X_ACR_Mot.PV_norm,2.4857,X_ACR_Mot.PV_norm=2.486(2.5x),mechanical_transient,2.4861,3.0,3.1997
A_Day3_seg3,8920,startup,X_ACR_Mot.PV_norm,2.4857,X_ACR_Mot.PV_norm=2.486(2.5x),mechanical_transient,2.4861,3.0,3.1997
A_Day3_seg3,8930,startup,X_ACR_Mot.PV_norm,2.4857,X_ACR_Mot.PV_norm=2.486(2.5x),mechanical_transient,2.4861,3.0,3.1997
A_Day3_seg3,8940,startup,X_ACR_Mot.PV_norm,2.4857,X_ACR_Mot.PV_norm=2.486(2.5x),mechanical_transient,2.4861,3.0,3.1997
A_Day3_seg3,8950,startup,X_ACR_Mot.PV_norm,2.4857,X_ACR_Mot.PV_norm=2.486(2.5x),mechanical_transient,2.4861,3.0,3.1997
A_Day3_seg3,8960,startup,X_ACR_Mot.PV_norm,2.4857,X_ACR_Mot.PV_norm=2.486(2.5x),mechanical_transient,2.4861,3.0,3.1997
A_Day3_seg3,8970,startup,X_ACR_Mot.PV_norm,2.4857,X_ACR_Mot.PV_norm=2.486(2.5x),mechanical_transient,2.4861,3.0,3.1997
A_Day3_seg3,8980,startup,X_ACR_Mot.PV_norm,2.4857,X_ACR_Mot.PV_norm=2.486(2.5x),mechanical_transient,2.4861,3.0,3.1997
A_Day3_seg3,8990,startup,X_ACR_Mot.PV_norm,2.4857,X_ACR_Mot.PV_norm=2.486(2.5x),mechanical_transient,2.4861,3.0,3.1997
A_Day3_seg3,10690,startup,X_ACR_Pmp.PV_norm,2.4803,X_ACR_Pmp.PV_norm=2.480(2.5x),mechanical_transient,2.4801,3.0,3.1997
A_Day3_seg3,10700,startup,X_ACR_Pmp.PV_norm,2.4803,X_ACR_Pmp.PV_norm=2.480(2.5x),mechanical_transient,2.4801,3.0,3.1997
A_Day3_seg3,10710,startup,X_ACR_Pmp.PV_norm,2.4803,X_ACR_Pmp.PV_norm=2.480(2.5x),mechanical_transient,2.4801,3.0,3.1997
A_Day3_seg3,10720,startup,X_ACR_Pmp.PV_norm,2.4803,X_ACR_Pmp.PV_norm=2.480(2.5x),mechanical_transient,2.4801,3.0,3.1997
A_Day3_seg3,10730,startup,X_ACR_Pmp.PV_norm,2.4803,X_ACR_Pmp.PV_norm=2.480(2.5x),mechanical_transient,2.4801,3.0,3.1997
A_Day3_seg3,10740,startup,X_ACR_Pmp.PV_norm,2.4803,X_ACR_Pmp.PV_norm=2.480(2.5x),mechanical_transient,2.4801,3.0,3.1997
A_Day3_seg3,10750,startup,X_ACR_Pmp.PV_norm,2.4803,X_ACR_Pmp.PV_norm=2.480(2.5x),mechanical_transient,2.4801,3.0,3.1997
A_Day3_seg3,10760,startup,X_ACR_Pmp.PV_norm,2.4803,X_ACR_Pmp.PV_norm=2.480(2.5x),mechanical_transient,2.4801,3.0,3.1997
A_Day3_seg3,10770,startup,X_ACR_Pmp.PV_norm,2.4803,X_ACR_Pmp.PV_norm=2.480(2.5x),mechanical_transient,2.4801,3.0,3.1997
A_Day3_seg3,10780,startup,X_ACR_Pmp.PV_norm,2.4803,X_ACR_Pmp.PV_norm=2.480(2.5x),mechanical_transient,2.4801,3.0,3.1997
A_Day3_seg3,10790,startup,X_ACR_Pmp.PV_norm,2.4803,X_ACR_Pmp.PV_norm=2.480(2.5x),mechanical_transient,2.4801,3.0,3.1997
A_Day3_seg3,10800,startup,X_ACR_Pmp.PV_norm,2.4803,X_ACR_Pmp.PV_norm=2.480(2.5x),mechanical_transient,2.4801,3.0,3.1997
A_Day3_seg3,13870,startup,X_ACR_Pmp.PV_norm,2.4019,X_ACR_Pmp.PV_norm=2.402(2.4x),mechanical_transient,2.4016,3.0,3.1997
A_Day3_seg3,13880,startup,X_ACR_Pmp.PV_norm,2.4019,X_ACR_Pmp.PV_norm=2.402(2.4x),mechanical_transient,2.4016,3.0,3.1997
A_Day3_seg3,13890,startup,X_ACR_Pmp.PV_norm,2.4019,X_ACR_Pmp.PV_norm=2.402(2.4x),mechanical_transient,2.4016,3.0,3.1997
A_Day3_seg3,13900,startup,X_ACR_Pmp.PV_norm,2.4019,X_ACR_Pmp.PV_norm=2.402(2.4x),mechanical_transient,2.4016,3.0,3.1997
A_Day3_seg3,13910,startup,X_ACR_Pmp.PV_norm,2.4019,X_ACR_Pmp.PV_norm=2.402(2.4x),mechanical_transient,2.4016,3.0,3.1997
A_Day3_seg3,13920,startup,X_ACR_Pmp.PV_norm,2.4019,X_ACR_Pmp.PV_norm=2.402(2.4x),mechanical_transient,2.4016,3.0,3.1997
A_Day3_seg3,13930,startup,X_ACR_Pmp.PV_norm,2.4019,X_ACR_Pmp.PV_norm=2.402(2.4x),mechanical_transient,2.4016,3.0,3.1997
A_Day3_seg3,13940,startup,X_ACR_Pmp.PV_norm,2.4019,X_ACR_Pmp.PV_norm=2.402(2.4x),mechanical_transient,2.4016,3.0,3.1997
A_Day3_seg3,13950,startup,X_ACR_Pmp.PV_norm,2.4019,X_ACR_Pmp.PV_norm=2.402(2.4x),mechanical_transient,2.4016,3.0,3.1997
A_Day3_seg3,13960,startup,X_ACR_Pmp.PV_norm,2.4019,X_ACR_Pmp.PV_norm=2.402(2.4x),mechanical_transient,2.4016,3.0,3.1997
A_Day3_seg3,13970,startup,X_ACR_Pmp.PV_norm,2.4019,X_ACR_Pmp.PV_norm=2.402(2.4x),mechanical_transient,2.4016,3.0,3.1997
A_Day3_seg3,18610,startup,X_ACR_Mot.PV_norm,1.8928,X_ACR_Mot.PV_norm=1.893(1.9x),mechanical_transient,1.8931,3.0,3.1997
A_Day3_seg3,18620,startup,X_ACR_Mot.PV_norm,1.8928,X_ACR_Mot.PV_norm=1.893(1.9x),mechanical_transient,1.8931,3.0,3.1997
A_Day3_seg3,18630,startup,X_ACR_Mot.PV_norm,1.8928,X_ACR_Mot.PV_norm=1.893(1.9x),mechanical_transient,1.8931,3.0,3.1997
A_Day3_seg3,18640,startup,X_ACR_Mot.PV_norm,1.8928,X_ACR_Mot.PV_norm=1.893(1.9x),mechanical_transient,1.8931,3.0,3.1997
A_Day3_seg3,18650,startup,X_ACR_Mot.PV_norm,1.8928,X_ACR_Mot.PV_norm=1.893(1.9x),mechanical_transient,1.8931,3.0,3.1997
A_Day3_seg3,18660,startup,X_ACR_Mot.PV_norm,1.8928,X_ACR_Mot.PV_norm=1.893(1.9x),mechanical_transient,1.8931,3.0,3.1997
A_Day3_seg3,18670,startup,X_ACR_Mot.PV_norm,1.8928,X_ACR_Mot.PV_norm=1.893(1.9x),mechanical_transient,1.8931,3.0,3.1997
A_Day3_seg3,18680,startup,X_ACR_Mot.PV_norm,1.8928,X_ACR_Mot.PV_norm=1.893(1.9x),mechanical_transient,1.8931,3.0,3.1997
A_Day3_seg3,18690,startup,X_ACR_Mot.PV_norm,1.8928,X_ACR_Mot.PV_norm=1.893(1.9x),mechanical_transient,1.8931,3.0,3.1997
A_Day3_seg3,18700,startup,X_ACR_Mot.PV_norm,1.8928,X_ACR_Mot.PV_norm=1.893(1.9x),mechanical_transient,1.8931,3.0,3.1997
A_Day3_seg3,18710,startup,X_ACR_Mot.PV_norm,1.8928,X_ACR_Mot.PV_norm=1.893(1.9x),mechanical_transient,1.8931,3.0,3.1997
B_Day1_seg17,0,cooldown,X_ACR_Pmp.SV_norm,26.798,X_ACR_Mot.SV_norm=18.624(18.6x) | X_ACR_Pmp.SV_norm=26.798(26.8x) | X_ACR_Pmp.PV_norm=4.847(4.8x),impeller_cavitation,26.798,3.0,2.6015
B_Day1_seg17,10,cooldown,X_ACR_Pmp.SV_norm,26.798,X_ACR_Mot.SV_norm=18.624(18.6x) | X_ACR_Pmp.SV_norm=26.798(26.8x) | X_ACR_Pmp.PV_norm=4.847(4.8x),impeller_cavitation,26.798,3.0,2.6015
B_Day1_seg17,20,cooldown,X_ACR_Pmp.SV_norm,26.798,X_ACR_Mot.SV_norm=18.890(18.9x) | X_ACR_Pmp.SV_norm=26.798(26.8x) | X_ACR_Pmp.PV_norm=4.988(5.0x),impeller_cavitation,26.798,3.0,2.6015
B_Day1_seg17,30,cooldown,X_ACR_Pmp.SV_norm,27.8986,X_Pres.SV_norm=5.181(5.2x) | X_ACR_Mot.SV_norm=19.998(20.0x) | X_ACR_Pmp.SV_norm=27.899(27.9x) | X_ACR_Pmp.PV_norm=4.988(5.0x),impeller_cavitation,27.8986,3.0,2.6015
B_Day1_seg17,40,cooldown,X_ACR_Pmp.SV_norm,27.8986,X_Pres.SV_norm=5.181(5.2x) | X_ACR_Mot.SV_norm=19.998(20.0x) | X_ACR_Pmp.SV_norm=27.899(27.9x) | X_ACR_Pmp.PV_norm=4.988(5.0x),impeller_cavitation,27.8986,3.0,2.6015
B_Day1_seg17,50,cooldown,X_ACR_Pmp.SV_norm,28.1379,X_Pres.SV_norm=5.181(5.2x) | X_ACR_Mot.SV_norm=20.575(20.6x) | X_ACR_Pmp.SV_norm=28.138(28.1x) | X_ACR_Pmp.PV_norm=4.988(5.0x),impeller_cavitation,28.1379,3.0,2.6015
B_Day1_seg17,60,cooldown,X_ACR_Pmp.SV_norm,28.1379,X_Pres.SV_norm=5.181(5.2x) | X_ACR_Mot.SV_norm=20.575(20.6x) | X_ACR_Pmp.SV_norm=28.138(28.1x) | X_ACR_Pmp.PV_norm=4.988(5.0x),impeller_cavitation,28.1379,3.0,2.6015
B_Day1_seg17,70,cooldown,X_ACR_Pmp.SV_norm,28.1379,X_Pres.SV_norm=5.181(5.2x) | X_ACR_Mot.SV_norm=20.575(20.6x) | X_ACR_Pmp.SV_norm=28.138(28.1x) | X_ACR_Pmp.PV_norm=4.988(5.0x),impeller_cavitation,28.1379,3.0,2.6015
B_Day1_seg17,80,cooldown,X_ACR_Pmp.SV_norm,28.1379,X_Pres.SV_norm=5.181(5.2x) | X_ACR_Mot.SV_norm=20.619(20.6x) | X_ACR_Pmp.SV_norm=28.138(28.1x) | X_ACR_Pmp.PV_norm=4.719(4.7x),impeller_cavitation,28.1379,3.0,2.6015
B_Day1_seg17,90,cooldown,X_ACR_Pmp.SV_norm,28.1379,X_Pres.SV_norm=5.199(5.2x) | X_ACR_Mot.SV_norm=20.619(20.6x) | X_ACR_Pmp.SV_norm=28.138(28.1x) | X_ACR_Pmp.PV_norm=4.719(4.7x),impeller_cavitation,28.1379,3.0,2.6015
B_Day1_seg17,100,cooldown,X_ACR_Pmp.SV_norm,28.1379,X_Pres.SV_norm=5.199(5.2x) | X_ACR_Mot.SV_norm=20.619(20.6x) | X_ACR_Pmp.SV_norm=28.138(28.1x) | X_ACR_Pmp.PV_norm=4.655(4.7x),impeller_cavitation,28.1379,3.0,2.6015
B_Day1_seg17,110,cooldown,X_ACR_Pmp.SV_norm,28.1379,X_Pres.SV_norm=5.199(5.2x) | X_ACR_Mot.SV_norm=20.619(20.6x) | X_ACR_Pmp.SV_norm=28.138(28.1x) | X_ACR_Pmp.PV_norm=4.655(4.7x),impeller_cavitation,28.1379,3.0,2.6015
B_Day1_seg17,120,cooldown,X_ACR_Pmp.SV_norm,27.8508,X_Pres.SV_norm=5.199(5.2x) | X_ACR_Mot.SV_norm=20.619(20.6x) | X_ACR_Pmp.SV_norm=27.851(27.9x) | X_ACR_Pmp.PV_norm=4.655(4.7x),impeller_cavitation,27.8508,3.0,2.6015
B_Day1_seg17,130,cooldown,X_ACR_Pmp.SV_norm,27.8029,X_Pres.SV_norm=5.199(5.2x) | X_ACR_Mot.SV_norm=20.619(20.6x) | X_ACR_Pmp.SV_norm=27.803(27.8x) | X_ACR_Pmp.PV_norm=4.644(4.6x),impeller_cavitation,27.8029,3.0,2.6015
B_Day1_seg17,140,cooldown,X_ACR_Pmp.SV_norm,27.8029,X_Pres.SV_norm=5.199(5.2x) | X_ACR_Mot.SV_norm=20.131(20.1x) | X_ACR_Pmp.SV_norm=27.803(27.8x) | X_ACR_Pmp.PV_norm=4.644(4.6x),impeller_cavitation,27.8029,3.0,2.6015
B_Day1_seg17,150,cooldown,X_ACR_Pmp.SV_norm,29.4299,X_Pres.SV_norm=5.199(5.2x) | X_ACR_Mot.SV_norm=20.131(20.1x) | X_ACR_Pmp.SV_norm=29.430(29.4x) | X_ACR_Pmp.PV_norm=4.741(4.7x),impeller_cavitation,29.4299,3.0,2.6015
B_Day1_seg17,160,cooldown,X_ACR_Pmp.SV_norm,29.4299,X_Pres.SV_norm=5.199(5.2x) | X_ACR_Mot.SV_norm=20.575(20.6x) | X_ACR_Pmp.SV_norm=29.430(29.4x) | X_ACR_Pmp.PV_norm=4.749(4.7x),impeller_cavitation,29.4299,3.0,2.6015
B_Day1_seg17,170,cooldown,X_ACR_Pmp.SV_norm,29.4299,X_Pres.SV_norm=5.199(5.2x) | X_ACR_Mot.SV_norm=20.575(20.6x) | X_ACR_Pmp.SV_norm=29.430(29.4x) | X_ACR_Pmp.PV_norm=4.749(4.7x),impeller_cavitation,29.4299,3.0,2.6015
B_Day1_seg17,180,cooldown,X_ACR_Pmp.SV_norm,29.4299,X_Pres.SV_norm=5.199(5.2x) | X_ACR_Mot.SV_norm=21.284(21.3x) | X_ACR_Pmp.SV_norm=29.430(29.4x) | X_ACR_Pmp.PV_norm=4.749(4.7x),impeller_cavitation,29.4299,3.0,2.6015
B_Day1_seg17,190,cooldown,X_ACR_Pmp.SV_norm,29.4299,X_Pres.SV_norm=5.199(5.2x) | X_ACR_Mot.SV_norm=21.284(21.3x) | X_ACR_Pmp.SV_norm=29.430(29.4x) | X_ACR_Pmp.PV_norm=4.749(4.7x),impeller_cavitation,29.4299,3.0,2.6015
B_Day1_seg17,200,cooldown,X_ACR_Pmp.SV_norm,29.4299,X_Pres.SV_norm=5.193(5.2x) | X_ACR_Mot.SV_norm=21.284(21.3x) | X_ACR_Pmp.SV_norm=29.430(29.4x) | X_ACR_Pmp.PV_norm=4.749(4.7x),impeller_cavitation,29.4299,3.0,2.6015
B_Day1_seg17,210,cooldown,X_ACR_Pmp.SV_norm,29.2864,X_Pres.SV_norm=5.193(5.2x) | X_ACR_Mot.SV_norm=21.284(21.3x) | X_ACR_Pmp.SV_norm=29.286(29.3x) | X_ACR_Pmp.PV_norm=4.749(4.7x),impeller_cavitation,29.2864,3.0,2.6015
B_Day1_seg17,220,cooldown,X_ACR_Pmp.SV_norm,29.2864,X_Pres.SV_norm=5.193(5.2x) | X_ACR_Mot.SV_norm=21.284(21.3x) | X_ACR_Pmp.SV_norm=29.286(29.3x) | X_ACR_Pmp.PV_norm=4.749(4.7x),impeller_cavitation,29.2864,3.0,2.6015
B_Day1_seg17,230,cooldown,X_ACR_Pmp.SV_norm,28.3771,X_Pres.SV_norm=5.193(5.2x) | X_ACR_Mot.SV_norm=21.284(21.3x) | X_ACR_Pmp.SV_norm=28.377(28.4x) | X_ACR_Pmp.PV_norm=4.619(4.6x),impeller_cavitation,28.3771,3.0,2.6015
B_Day1_seg17,240,cooldown,X_ACR_Pmp.SV_norm,29.3821,X_Pres.SV_norm=5.193(5.2x) | X_ACR_Mot.SV_norm=20.752(20.8x) | X_ACR_Pmp.SV_norm=29.382(29.4x) | X_ACR_Pmp.PV_norm=4.619(4.6x),impeller_cavitation,29.3821,3.0,2.6015
B_Day1_seg17,250,cooldown,X_ACR_Pmp.SV_norm,29.3821,X_Pres.SV_norm=5.193(5.2x) | X_ACR_Mot.SV_norm=20.752(20.8x) | X_ACR_Pmp.SV_norm=29.382(29.4x) | X_ACR_Pmp.PV_norm=4.619(4.6x),impeller_cavitation,29.3821,3.0,2.6015
B_Day1_seg17,260,cooldown,X_ACR_Pmp.SV_norm,29.3821,X_Pres.SV_norm=5.192(5.2x) | X_ACR_Mot.SV_norm=20.752(20.8x) | X_ACR_Pmp.SV_norm=29.382(29.4x) | X_ACR_Pmp.PV_norm=4.640(4.6x),impeller_cavitation,29.3821,3.0,2.6015
B_Day1_seg17,270,cooldown,X_ACR_Pmp.SV_norm,29.3821,X_Pres.SV_norm=5.193(5.2x) | X_ACR_Mot.SV_norm=22.304(22.3x) | X_ACR_Pmp.SV_norm=29.382(29.4x) | X_ACR_Pmp.PV_norm=4.640(4.6x),impeller_cavitation,29.3821,3.0,2.6015
B_Day1_seg17,280,cooldown,X_ACR_Pmp.SV_norm,29.3821,X_Pres.SV_norm=5.193(5.2x) | X_ACR_Mot.SV_norm=22.304(22.3x) | X_ACR_Pmp.SV_norm=29.382(29.4x) | X_ACR_Pmp.PV_norm=4.726(4.7x),impeller_cavitation,29.3821,3.0,2.6015
B_Day1_seg17,290,cooldown,X_ACR_Pmp.SV_norm,31.1048,X_Pres.SV_norm=5.193(5.2x) | X_ACR_Mot.SV_norm=23.280(23.3x) | X_ACR_Pmp.SV_norm=31.105(31.1x) | X_ACR_Pmp.PV_norm=4.726(4.7x),impeller_cavitation,31.1048,3.0,2.6015
B_Day1_seg17,300,cooldown,X_ACR_Pmp.SV_norm,31.1048,X_Pres.SV_norm=5.193(5.2x) | X_ACR_Mot.SV_norm=23.280(23.3x) | X_ACR_Pmp.SV_norm=31.105(31.1x) | X_ACR_Pmp.PV_norm=4.726(4.7x),impeller_cavitation,31.1048,3.0,2.6015
B_Day1_seg17,310,cooldown,X_ACR_Pmp.SV_norm,31.1048,X_Pres.SV_norm=5.193(5.2x) | X_ACR_Mot.SV_norm=23.280(23.3x) | X_ACR_Pmp.SV_norm=31.105(31.1x) | X_ACR_Pmp.PV_norm=4.815(4.8x),impeller_cavitation,31.1048,3.0,2.6015
B_Day1_seg17,320,cooldown,X_ACR_Pmp.SV_norm,31.1048,X_Pres.SV_norm=5.193(5.2x) | X_ACR_Mot.SV_norm=23.280(23.3x) | X_ACR_Pmp.SV_norm=31.105(31.1x) | X_ACR_Pmp.PV_norm=4.815(4.8x),impeller_cavitation,31.1048,3.0,2.6015
B_Day1_seg17,330,cooldown,X_ACR_Pmp.SV_norm,31.1048,X_Pres.SV_norm=5.193(5.2x) | X_ACR_Mot.SV_norm=23.280(23.3x) | X_ACR_Pmp.SV_norm=31.105(31.1x) | X_ACR_Pmp.PV_norm=4.815(4.8x),impeller_cavitation,31.1048,3.0,2.6015
B_Day1_seg17,340,cooldown,X_ACR_Pmp.SV_norm,31.1048,X_Pres.SV_norm=5.193(5.2x) | X_ACR_Mot.SV_norm=23.280(23.3x) | X_ACR_Pmp.SV_norm=31.105(31.1x) | X_ACR_Pmp.PV_norm=4.815(4.8x),impeller_cavitation,31.1048,3.0,2.6015
B_Day1_seg17,350,cooldown,X_ACR_Pmp.SV_norm,31.1048,X_Pres.SV_norm=5.193(5.2x) | X_ACR_Mot.SV_norm=19.067(19.1x) | X_ACR_Pmp.SV_norm=31.105(31.1x) | X_ACR_Pmp.PV_norm=4.815(4.8x),impeller_cavitation,31.1048,3.0,2.6015
B_Day1_seg17,360,cooldown,X_ACR_Pmp.SV_norm,25.4102,X_Pres.SV_norm=5.193(5.2x) | X_ACR_Mot.SV_norm=19.067(19.1x) | X_ACR_Pmp.SV_norm=25.410(25.4x) | X_ACR_Pmp.PV_norm=4.815(4.8x),impeller_cavitation,25.4102,3.0,2.6015
B_Day1_seg17,370,cooldown,X_ACR_Mot.SV_norm,13.746,X_Pres.SV_norm=5.193(5.2x) | X_ACR_Mot.SV_norm=13.746(13.7x) | X_ACR_Pmp.SV_norm=7.752(7.8x),bearing_impact,13.746,3.0,2.6015
B_Day1_seg17,380,cooldown,X_ACR_Mot.SV_norm,13.746,X_ACR_Mot.SV_norm=13.746(13.7x) | X_ACR_Pmp.SV_norm=7.752(7.8x),bearing_impact,13.746,3.0,2.6015
B_Day1_seg17,390,cooldown,X_ACR_Pmp.SV_norm,7.7523,X_ACR_Pmp.SV_norm=7.752(7.8x),impeller_cavitation,7.7523,3.0,2.6015
B_Day1_seg17,1460,cooldown,X_ACR_Pmp.PV_norm,2.4624,X_ACR_Pmp.PV_norm=2.464(2.5x),mechanical_transient,2.4638,3.0,2.6015
B_Day1_seg17,1470,cooldown,X_ACR_Pmp.PV_norm,2.4624,X_ACR_Pmp.PV_norm=2.464(2.5x),mechanical_transient,2.4638,3.0,2.6015
B_Day1_seg17,1480,cooldown,X_ACR_Pmp.PV_norm,2.4624,X_ACR_Pmp.PV_norm=2.464(2.5x),mechanical_transient,2.4638,3.0,2.6015
B_Day1_seg17,1490,cooldown,X_ACR_Pmp.PV_norm,2.4624,X_ACR_Pmp.PV_norm=2.464(2.5x),mechanical_transient,2.4638,3.0,2.6015
B_Day1_seg17,1500,cooldown,X_ACR_Pmp.PV_norm,2.4624,X_ACR_Pmp.PV_norm=2.464(2.5x),mechanical_transient,2.4638,3.0,2.6015
B_Day1_seg17,1510,cooldown,X_ACR_Pmp.PV_norm,2.4624,X_ACR_Pmp.PV_norm=2.464(2.5x),mechanical_transient,2.4638,3.0,2.6015
B_Day2_seg1,3740,cooldown,X_Pres.SV_norm,5.12,X_Pres.SV_norm=5.120(5.1x),pressure_transient,5.12,3.0,2.6015
B_Day2_seg1,3750,cooldown,X_Pres.SV_norm,5.12,X_Pres.SV_norm=5.120(5.1x),pressure_transient,5.12,3.0,2.6015
B_Day2_seg1,3760,cooldown,X_Pres.SV_norm,5.12,X_Pres.SV_norm=5.120(5.1x),pressure_transient,5.12,3.0,2.6015
B_Day2_seg1,3770,cooldown,X_Pres.SV_norm,5.12,X_Pres.SV_norm=5.120(5.1x),pressure_transient,5.12,3.0,2.6015
B_Day2_seg1,3780,cooldown,X_Pres.SV_norm,5.12,X_Pres.SV_norm=5.120(5.1x),pressure_transient,5.12,3.0,2.6015
B_Day2_seg1,3790,cooldown,X_Pres.SV_norm,5.12,X_Pres.SV_norm=5.120(5.1x),pressure_transient,5.12,3.0,2.6015
B_Day2_seg1,3800,cooldown,X_Pres.SV_norm,5.12,X_Pres.SV_norm=5.120(5.1x),pressure_transient,5.12,3.0,2.6015
B_Day2_seg1,3810,cooldown,X_Pres.SV_norm,5.3376,X_Pres.SV_norm=5.338(5.3x),pressure_transient,5.3376,3.0,2.6015
B_Day2_seg1,3820,cooldown,X_Pres.SV_norm,5.3376,X_Pres.SV_norm=5.338(5.3x),pressure_transient,5.3376,3.0,2.6015
B_Day2_seg1,3830,cooldown,X_Pres.SV_norm,5.3376,X_Pres.SV_norm=5.338(5.3x),pressure_transient,5.3376,3.0,2.6015
B_Day2_seg1,3840,cooldown,X_Pres.SV_norm,5.3376,X_Pres.SV_norm=5.338(5.3x),pressure_transient,5.3376,3.0,2.6015
B_Day2_seg1,3850,cooldown,X_Pres.SV_norm,5.3376,X_Pres.SV_norm=5.338(5.3x),pressure_transient,5.3376,3.0,2.6015
B_Day2_seg1,3860,cooldown,X_Pres.SV_norm,5.3878,X_Pres.SV_norm=5.388(5.4x),pressure_transient,5.3878,3.0,2.6015
B_Day2_seg1,3870,cooldown,X_Pres.SV_norm,5.3878,X_Pres.SV_norm=5.388(5.4x),pressure_transient,5.3878,3.0,2.6015
B_Day2_seg1,3880,cooldown,X_Pres.SV_norm,5.3878,X_Pres.SV_norm=5.388(5.4x),pressure_transient,5.3878,3.0,2.6015
B_Day2_seg1,3890,cooldown,X_Pres.SV_norm,5.3878,X_Pres.SV_norm=5.388(5.4x),pressure_transient,5.3878,3.0,2.6015
B_Day2_seg1,3900,cooldown,X_Pres.SV_norm,5.3878,X_Pres.SV_norm=5.388(5.4x),pressure_transient,5.3878,3.0,2.6015
B_Day2_seg1,3910,cooldown,X_Pres.SV_norm,5.3878,X_Pres.SV_norm=5.388(5.4x),pressure_transient,5.3878,3.0,2.6015
B_Day2_seg1,3920,cooldown,X_Pres.SV_norm,5.3878,X_Pres.SV_norm=5.388(5.4x),pressure_transient,5.3878,3.0,2.6015
B_Day2_seg1,3930,cooldown,X_Pres.SV_norm,5.3878,X_Pres.SV_norm=5.388(5.4x),pressure_transient,5.3878,3.0,2.6015
B_Day2_seg1,3940,cooldown,X_Pres.SV_norm,5.3878,X_Pres.SV_norm=5.388(5.4x),pressure_transient,5.3878,3.0,2.6015
B_Day2_seg1,3950,cooldown,X_Pres.SV_norm,5.3878,X_Pres.SV_norm=5.388(5.4x),pressure_transient,5.3878,3.0,2.6015
B_Day2_seg1,3960,cooldown,X_Pres.SV_norm,5.3878,X_Pres.SV_norm=5.388(5.4x),pressure_transient,5.3878,3.0,2.6015
B_Day2_seg1,3970,cooldown,X_Pres.SV_norm,5.3761,X_Pres.SV_norm=5.376(5.4x),pressure_transient,5.3761,3.0,2.6015
B_Day2_seg1,3980,cooldown,X_Pres.SV_norm,5.3761,X_Pres.SV_norm=5.376(5.4x),pressure_transient,5.3761,3.0,2.6015
B_Day2_seg1,3990,cooldown,X_Pres.SV_norm,5.3761,X_Pres.SV_norm=5.376(5.4x),pressure_transient,5.3761,3.0,2.6015
B_Day2_seg1,4000,cooldown,X_Pres.SV_norm,5.3761,X_Pres.SV_norm=5.376(5.4x),pressure_transient,5.3761,3.0,2.6015
B_Day2_seg1,4010,cooldown,X_Pres.SV_norm,5.3761,X_Pres.SV_norm=5.376(5.4x),pressure_transient,5.3761,3.0,2.6015
B_Day2_seg1,4020,cooldown,X_Pres.SV_norm,5.3761,X_Pres.SV_norm=5.376(5.4x),pressure_transient,5.3761,3.0,2.6015
B_Day2_seg1,4030,cooldown,X_Pres.SV_norm,5.3016,X_Pres.SV_norm=5.302(5.3x),pressure_transient,5.3016,3.0,2.6015
B_Day2_seg1,4040,cooldown,X_Pres.SV_norm,5.4948,X_Pres.SV_norm=5.495(5.5x),pressure_transient,5.4948,3.0,2.6015
B_Day2_seg1,4050,cooldown,X_Pres.SV_norm,5.4948,X_Pres.SV_norm=5.495(5.5x),pressure_transient,5.4948,3.0,2.6015
B_Day2_seg1,4060,cooldown,X_Pres.SV_norm,5.4948,X_Pres.SV_norm=5.495(5.5x),pressure_transient,5.4948,3.0,2.6015
B_Day2_seg1,4070,cooldown,X_Pres.SV_norm,5.4948,X_Pres.SV_norm=5.495(5.5x),pressure_transient,5.4948,3.0,2.6015
B_Day2_seg1,4080,cooldown,X_Pres.SV_norm,5.4948,X_Pres.SV_norm=5.495(5.5x),pressure_transient,5.4948,3.0,2.6015
B_Day2_seg1,4090,cooldown,X_Pres.SV_norm,5.4948,X_Pres.SV_norm=5.495(5.5x),pressure_transient,5.4948,3.0,2.6015
B_Day2_seg1,4100,cooldown,X_Pres.SV_norm,5.4948,X_Pres.SV_norm=5.495(5.5x),pressure_transient,5.4948,3.0,2.6015
B_Day2_seg1,4110,cooldown,X_Pres.SV_norm,5.4948,X_Pres.SV_norm=5.495(5.5x),pressure_transient,5.4948,3.0,2.6015
B_Day2_seg1,4120,cooldown,X_Pres.SV_norm,5.4948,X_Pres.SV_norm=5.495(5.5x),pressure_transient,5.4948,3.0,2.6015
B_Day2_seg1,4130,cooldown,X_Pres.SV_norm,5.4948,X_Pres.SV_norm=5.495(5.5x),pressure_transient,5.4948,3.0,2.6015
B_Day2_seg1,4140,cooldown,X_Pres.SV_norm,5.4948,X_Pres.SV_norm=5.495(5.5x),pressure_transient,5.4948,3.0,2.6015
B_Day2_seg1,4150,cooldown,X_Pres.SV_norm,5.2066,X_Pres.SV_norm=5.207(5.2x),pressure_transient,5.2066,3.0,2.6015
B_Day2_seg1,4160,cooldown,X_Pres.SV_norm,5.4909,X_Pres.SV_norm=5.491(5.5x),pressure_transient,5.4909,3.0,2.6015
B_Day2_seg1,4170,cooldown,X_Pres.SV_norm,5.4909,X_Pres.SV_norm=5.491(5.5x),pressure_transient,5.4909,3.0,2.6015
B_Day2_seg1,4180,cooldown,X_Pres.SV_norm,5.4909,X_Pres.SV_norm=5.491(5.5x),pressure_transient,5.4909,3.0,2.6015
B_Day2_seg1,4190,cooldown,X_Pres.SV_norm,5.4909,X_Pres.SV_norm=5.491(5.5x),pressure_transient,5.4909,3.0,2.6015
B_Day2_seg1,4200,cooldown,X_Pres.SV_norm,5.4909,X_Pres.SV_norm=5.491(5.5x),pressure_transient,5.4909,3.0,2.6015
B_Day2_seg1,4210,cooldown,X_Pres.SV_norm,5.4909,X_Pres.SV_norm=5.491(5.5x),pressure_transient,5.4909,3.0,2.6015
B_Day2_seg1,4220,cooldown,X_Pres.SV_norm,5.4909,X_Pres.SV_norm=5.491(5.5x),pressure_transient,5.4909,3.0,2.6015
B_Day2_seg1,4230,cooldown,X_Pres.SV_norm,5.4909,X_Pres.SV_norm=5.491(5.5x),pressure_transient,5.4909,3.0,2.6015
B_Day2_seg1,4240,cooldown,X_Pres.SV_norm,5.4909,X_Pres.SV_norm=5.491(5.5x),pressure_transient,5.4909,3.0,2.6015
B_Day2_seg1,4250,cooldown,X_Pres.SV_norm,5.4909,X_Pres.SV_norm=5.491(5.5x),pressure_transient,5.4909,3.0,2.6015
B_Day2_seg1,4260,cooldown,X_Pres.SV_norm,5.4909,X_Pres.SV_norm=5.491(5.5x),pressure_transient,5.4909,3.0,2.6015
B_Day2_seg1,4270,cooldown,X_Pres.SV_norm,5.3409,X_Pres.SV_norm=5.341(5.3x),pressure_transient,5.3409,3.0,2.6015
B_Day2_seg1,4280,cooldown,X_Pres.SV_norm,5.3409,X_Pres.SV_norm=5.341(5.3x),pressure_transient,5.3409,3.0,2.6015
B_Day2_seg1,4290,cooldown,X_Pres.SV_norm,5.3409,X_Pres.SV_norm=5.341(5.3x),pressure_transient,5.3409,3.0,2.6015
B_Day2_seg1,4300,cooldown,X_Pres.SV_norm,5.3409,X_Pres.SV_norm=5.341(5.3x),pressure_transient,5.3409,3.0,2.6015
B_Day2_seg1,4310,cooldown,X_Pres.SV_norm,5.3409,X_Pres.SV_norm=5.341(5.3x),pressure_transient,5.3409,3.0,2.6015
B_Day2_seg1,4320,cooldown,X_Pres.SV_norm,5.3409,X_Pres.SV_norm=5.341(5.3x),pressure_transient,5.3409,3.0,2.6015
B_Day2_seg1,4330,cooldown,X_Pres.SV_norm,5.3359,X_Pres.SV_norm=5.336(5.3x),pressure_transient,5.3359,3.0,2.6015
B_Day2_seg1,4340,cooldown,X_Pres.SV_norm,5.3379,X_Pres.SV_norm=5.338(5.3x),pressure_transient,5.3379,3.0,2.6015
B_Day2_seg1,4350,cooldown,X_Pres.SV_norm,5.3379,X_Pres.SV_norm=5.338(5.3x),pressure_transient,5.3379,3.0,2.6015
B_Day2_seg1,4360,cooldown,X_Pres.SV_norm,5.3379,X_Pres.SV_norm=5.338(5.3x),pressure_transient,5.3379,3.0,2.6015
B_Day2_seg1,4370,cooldown,X_Pres.SV_norm,5.3379,X_Pres.SV_norm=5.338(5.3x),pressure_transient,5.3379,3.0,2.6015
B_Day2_seg1,4380,cooldown,X_Pres.SV_norm,5.3379,X_Pres.SV_norm=5.338(5.3x),pressure_transient,5.3379,3.0,2.6015
B_Day2_seg1,4390,cooldown,X_Pres.SV_norm,5.3379,X_Pres.SV_norm=5.338(5.3x),pressure_transient,5.3379,3.0,2.6015
B_Day2_seg1,4400,cooldown,X_Pres.SV_norm,5.3433,X_Pres.SV_norm=5.343(5.3x),pressure_transient,5.3433,3.0,2.6015
B_Day2_seg1,4410,cooldown,X_Pres.SV_norm,5.3433,X_Pres.SV_norm=5.343(5.3x),pressure_transient,5.3433,3.0,2.6015
B_Day2_seg1,4420,cooldown,X_Pres.SV_norm,5.3433,X_Pres.SV_norm=5.343(5.3x),pressure_transient,5.3433,3.0,2.6015
B_Day2_seg1,4430,cooldown,X_Pres.SV_norm,5.3433,X_Pres.SV_norm=5.343(5.3x),pressure_transient,5.3433,3.0,2.6015
B_Day2_seg1,4440,cooldown,X_Pres.SV_norm,5.3433,X_Pres.SV_norm=5.343(5.3x),pressure_transient,5.3433,3.0,2.6015
B_Day2_seg1,4450,cooldown,X_Pres.SV_norm,5.3433,X_Pres.SV_norm=5.343(5.3x),pressure_transient,5.3433,3.0,2.6015
B_Day2_seg1,4460,cooldown,X_Pres.SV_norm,5.3552,X_Pres.SV_norm=5.355(5.4x),pressure_transient,5.3552,3.0,2.6015
B_Day2_seg1,4470,cooldown,X_Pres.SV_norm,5.3552,X_Pres.SV_norm=5.355(5.4x),pressure_transient,5.3552,3.0,2.6015
B_Day2_seg1,4480,cooldown,X_Pres.SV_norm,5.3552,X_Pres.SV_norm=5.355(5.4x),pressure_transient,5.3552,3.0,2.6015
B_Day2_seg1,4490,cooldown,X_Pres.SV_norm,5.3552,X_Pres.SV_norm=5.355(5.4x),pressure_transient,5.3552,3.0,2.6015
B_Day2_seg1,4500,cooldown,X_Pres.SV_norm,5.3552,X_Pres.SV_norm=5.355(5.4x),pressure_transient,5.3552,3.0,2.6015
B_Day2_seg1,4510,cooldown,X_Pres.SV_norm,5.3552,X_Pres.SV_norm=5.355(5.4x),pressure_transient,5.3552,3.0,2.6015
B_Day2_seg1,4520,cooldown,X_Pres.SV_norm,5.3552,X_Pres.SV_norm=5.355(5.4x),pressure_transient,5.3552,3.0,2.6015
B_Day2_seg1,4530,cooldown,X_Pres.SV_norm,5.3552,X_Pres.SV_norm=5.355(5.4x),pressure_transient,5.3552,3.0,2.6015
B_Day2_seg1,4540,cooldown,X_Pres.SV_norm,5.3552,X_Pres.SV_norm=5.355(5.4x),pressure_transient,5.3552,3.0,2.6015
B_Day2_seg1,4550,cooldown,X_Pres.SV_norm,5.3552,X_Pres.SV_norm=5.355(5.4x),pressure_transient,5.3552,3.0,2.6015
B_Day2_seg1,4560,cooldown,X_Pres.SV_norm,5.3552,X_Pres.SV_norm=5.355(5.4x),pressure_transient,5.3552,3.0,2.6015
B_Day2_seg1,4570,cooldown,X_Pres.SV_norm,5.3453,X_Pres.SV_norm=5.345(5.3x),pressure_transient,5.3453,3.0,2.6015
B_Day2_seg1,4580,cooldown,X_Pres.SV_norm,5.3453,X_Pres.SV_norm=5.345(5.3x),pressure_transient,5.3453,3.0,2.6015
B_Day2_seg1,4590,cooldown,X_Pres.SV_norm,5.3453,X_Pres.SV_norm=5.345(5.3x),pressure_transient,5.3453,3.0,2.6015
B_Day2_seg1,4600,cooldown,X_Pres.SV_norm,5.3453,X_Pres.SV_norm=5.345(5.3x),pressure_transient,5.3453,3.0,2.6015
B_Day2_seg1,4610,cooldown,X_Pres.SV_norm,5.3453,X_Pres.SV_norm=5.345(5.3x),pressure_transient,5.3453,3.0,2.6015
B_Day2_seg1,4620,cooldown,X_Pres.SV_norm,5.3453,X_Pres.SV_norm=5.345(5.3x),pressure_transient,5.3453,3.0,2.6015
B_Day2_seg1,4630,cooldown,X_Pres.SV_norm,5.2341,X_Pres.SV_norm=5.234(5.2x),pressure_transient,5.2341,3.0,2.6015
B_Day2_seg1,4640,cooldown,X_Pres.SV_norm,5.3828,X_Pres.SV_norm=5.383(5.4x),pressure_transient,5.3828,3.0,2.6015
B_Day2_seg1,4650,cooldown,X_Pres.SV_norm,5.3828,X_Pres.SV_norm=5.383(5.4x),pressure_transient,5.3828,3.0,2.6015
B_Day2_seg1,4660,cooldown,X_Pres.SV_norm,5.3828,X_Pres.SV_norm=5.383(5.4x),pressure_transient,5.3828,3.0,2.6015
B_Day2_seg1,4670,cooldown,X_Pres.SV_norm,5.3828,X_Pres.SV_norm=5.383(5.4x),pressure_transient,5.3828,3.0,2.6015
B_Day2_seg1,4680,cooldown,X_Pres.SV_norm,5.3828,X_Pres.SV_norm=5.383(5.4x),pressure_transient,5.3828,3.0,2.6015
B_Day2_seg1,4690,cooldown,X_Pres.SV_norm,5.3828,X_Pres.SV_norm=5.383(5.4x),pressure_transient,5.3828,3.0,2.6015
B_Day2_seg1,4700,cooldown,X_Pres.SV_norm,5.5442,X_Pres.SV_norm=5.544(5.5x),pressure_transient,5.5442,3.0,2.6015
B_Day2_seg1,4710,cooldown,X_Pres.SV_norm,5.5442,X_Pres.SV_norm=5.544(5.5x),pressure_transient,5.5442,3.0,2.6015
B_Day2_seg1,4720,cooldown,X_Pres.SV_norm,5.5442,X_Pres.SV_norm=5.544(5.5x),pressure_transient,5.5442,3.0,2.6015
B_Day2_seg1,4730,cooldown,X_Pres.SV_norm,5.5442,X_Pres.SV_norm=5.544(5.5x),pressure_transient,5.5442,3.0,2.6015
B_Day2_seg1,4740,cooldown,X_Pres.SV_norm,5.5442,X_Pres.SV_norm=5.544(5.5x),pressure_transient,5.5442,3.0,2.6015
B_Day2_seg1,4750,cooldown,X_Pres.SV_norm,5.5442,X_Pres.SV_norm=5.544(5.5x),pressure_transient,5.5442,3.0,2.6015
B_Day2_seg1,4760,cooldown,X_Pres.SV_norm,5.5442,X_Pres.SV_norm=5.544(5.5x),pressure_transient,5.5442,3.0,2.6015
B_Day2_seg1,4770,cooldown,X_Pres.SV_norm,5.5442,X_Pres.SV_norm=5.544(5.5x),pressure_transient,5.5442,3.0,2.6015
B_Day2_seg1,4780,cooldown,X_Pres.SV_norm,5.5442,X_Pres.SV_norm=5.544(5.5x),pressure_transient,5.5442,3.0,2.6015
B_Day2_seg1,4790,cooldown,X_Pres.SV_norm,5.5442,X_Pres.SV_norm=5.544(5.5x),pressure_transient,5.5442,3.0,2.6015
B_Day2_seg1,4800,cooldown,X_Pres.SV_norm,5.5442,X_Pres.SV_norm=5.544(5.5x),pressure_transient,5.5442,3.0,2.6015
B_Day2_seg1,4810,cooldown,X_Pres.SV_norm,5.3868,X_Pres.SV_norm=5.387(5.4x),pressure_transient,5.3868,3.0,2.6015
B_Day2_seg1,4820,cooldown,X_Pres.SV_norm,5.3868,X_Pres.SV_norm=5.387(5.4x),pressure_transient,5.3868,3.0,2.6015
B_Day2_seg1,4830,cooldown,X_Pres.SV_norm,5.3868,X_Pres.SV_norm=5.387(5.4x),pressure_transient,5.3868,3.0,2.6015
B_Day2_seg1,4840,cooldown,X_Pres.SV_norm,5.3868,X_Pres.SV_norm=5.387(5.4x),pressure_transient,5.3868,3.0,2.6015
B_Day2_seg1,4850,cooldown,X_Pres.SV_norm,5.3868,X_Pres.SV_norm=5.387(5.4x),pressure_transient,5.3868,3.0,2.6015
B_Day2_seg1,4860,cooldown,X_Pres.SV_norm,5.3868,X_Pres.SV_norm=5.387(5.4x),pressure_transient,5.3868,3.0,2.6015
B_Day2_seg1,4870,cooldown,X_Pres.SV_norm,5.3734,X_Pres.SV_norm=5.373(5.4x),pressure_transient,5.3734,3.0,2.6015
B_Day2_seg1,4880,cooldown,X_Pres.SV_norm,5.3734,X_Pres.SV_norm=5.373(5.4x),pressure_transient,5.3734,3.0,2.6015
B_Day2_seg1,4890,cooldown,X_Pres.SV_norm,5.3734,X_Pres.SV_norm=5.373(5.4x),pressure_transient,5.3734,3.0,2.6015
B_Day2_seg1,4900,cooldown,X_Pres.SV_norm,5.3734,X_Pres.SV_norm=5.373(5.4x),pressure_transient,5.3734,3.0,2.6015
B_Day2_seg1,4910,cooldown,X_Pres.SV_norm,5.3734,X_Pres.SV_norm=5.373(5.4x),pressure_transient,5.3734,3.0,2.6015
B_Day2_seg1,4920,cooldown,X_Pres.SV_norm,5.3734,X_Pres.SV_norm=5.373(5.4x),pressure_transient,5.3734,3.0,2.6015
B_Day2_seg1,4930,cooldown,X_Pres.SV_norm,4.9793,X_Pres.SV_norm=4.979(5.0x),pressure_transient,4.9793,3.0,2.6015
B_Day2_seg1,4940,cooldown,X_Pres.SV_norm,5.5472,X_Pres.SV_norm=5.547(5.5x),pressure_transient,5.5472,3.0,2.6015
B_Day2_seg1,4950,cooldown,X_Pres.SV_norm,5.5472,X_Pres.SV_norm=5.547(5.5x),pressure_transient,5.5472,3.0,2.6015
B_Day2_seg1,4960,cooldown,X_Pres.SV_norm,5.5472,X_Pres.SV_norm=5.547(5.5x),pressure_transient,5.5472,3.0,2.6015
B_Day2_seg1,4970,cooldown,X_Pres.SV_norm,5.5472,X_Pres.SV_norm=5.547(5.5x),pressure_transient,5.5472,3.0,2.6015
B_Day2_seg1,4980,cooldown,X_Pres.SV_norm,5.5472,X_Pres.SV_norm=5.547(5.5x),pressure_transient,5.5472,3.0,2.6015
B_Day2_seg1,4990,cooldown,X_Pres.SV_norm,5.5472,X_Pres.SV_norm=5.547(5.5x),pressure_transient,5.5472,3.0,2.6015
B_Day2_seg1,5000,cooldown,X_Pres.SV_norm,5.5472,X_Pres.SV_norm=5.547(5.5x),pressure_transient,5.5472,3.0,2.6015
B_Day2_seg1,5010,cooldown,X_Pres.SV_norm,5.5472,X_Pres.SV_norm=5.547(5.5x),pressure_transient,5.5472,3.0,2.6015
B_Day2_seg1,5020,cooldown,X_Pres.SV_norm,5.5472,X_Pres.SV_norm=5.547(5.5x),pressure_transient,5.5472,3.0,2.6015
B_Day2_seg1,5030,cooldown,X_Pres.SV_norm,5.5472,X_Pres.SV_norm=5.547(5.5x),pressure_transient,5.5472,3.0,2.6015
B_Day2_seg1,5040,cooldown,X_Pres.SV_norm,5.5472,X_Pres.SV_norm=5.547(5.5x),pressure_transient,5.5472,3.0,2.6015
B_Day2_seg1,5050,cooldown,X_Pres.SV_norm,5.4607,X_Pres.SV_norm=5.461(5.5x),pressure_transient,5.4607,3.0,2.6015
B_Day2_seg1,5060,cooldown,X_Pres.SV_norm,5.4607,X_Pres.SV_norm=5.461(5.5x),pressure_transient,5.4607,3.0,2.6015
B_Day2_seg1,5070,cooldown,X_Pres.SV_norm,5.4607,X_Pres.SV_norm=5.461(5.5x),pressure_transient,5.4607,3.0,2.6015
B_Day2_seg1,5080,cooldown,X_Pres.SV_norm,5.4607,X_Pres.SV_norm=5.461(5.5x),pressure_transient,5.4607,3.0,2.6015
B_Day2_seg1,5090,cooldown,X_Pres.SV_norm,5.4607,X_Pres.SV_norm=5.461(5.5x),pressure_transient,5.4607,3.0,2.6015
B_Day2_seg1,5100,high_load,X_Pres.SV_norm,5.4607,X_Pres.SV_norm=5.461(5.5x),pressure_spike_high_load,5.4607,2.0,2.5999
B_Day2_seg1,5110,high_load,X_Pres.SV_norm,5.3405,X_Pres.SV_norm=5.341(5.3x),pressure_spike_high_load,5.3405,2.0,2.5999
B_Day2_seg1,5120,high_load,X_Pres.SV_norm,5.3405,X_Pres.SV_norm=5.341(5.3x),pressure_spike_high_load,5.3405,2.0,2.5999
B_Day2_seg11,9310,high_load,X_ACR_Pmp.SV_norm,55.9973,X_Pres.SV_norm=8.484(8.5x) | X_ACR_Pmp.SV_norm=55.997(56.0x) | X_ACR_Pmp.PV_norm=4.743(4.7x),impeller_cavitation,55.9973,2.0,2.5999
B_Day2_seg11,9320,high_load,X_ACR_Pmp.SV_norm,55.9973,X_Pres.SV_norm=8.484(8.5x) | X_ACR_Pmp.SV_norm=55.997(56.0x) | X_ACR_Pmp.PV_norm=4.743(4.7x),impeller_cavitation,55.9973,2.0,2.5999
B_Day2_seg11,9330,high_load,X_ACR_Pmp.SV_norm,55.9973,X_Pres.SV_norm=8.484(8.5x) | X_ACR_Pmp.SV_norm=55.997(56.0x) | X_ACR_Pmp.PV_norm=4.743(4.7x),impeller_cavitation,55.9973,2.0,2.5999
B_Day2_seg11,9340,startup,X_ACR_Pmp.SV_norm,55.9973,X_Pres.SV_norm=8.484(8.5x) | X_ACR_Pmp.SV_norm=55.997(56.0x) | X_ACR_Pmp.PV_norm=4.743(4.7x),impeller_cavitation,55.9973,3.0,3.1997
B_Day2_seg11,9350,startup,X_ACR_Pmp.SV_norm,55.9973,X_Pres.SV_norm=8.484(8.5x) | X_ACR_Pmp.SV_norm=55.997(56.0x) | X_ACR_Pmp.PV_norm=4.743(4.7x),impeller_cavitation,55.9973,3.0,3.1997
B_Day2_seg11,9360,startup,X_ACR_Pmp.SV_norm,55.9973,X_Pres.SV_norm=8.484(8.5x) | X_ACR_Pmp.SV_norm=55.997(56.0x) | X_ACR_Pmp.PV_norm=4.743(4.7x),impeller_cavitation,55.9973,3.0,3.1997
B_Day2_seg11,9370,startup,X_ACR_Pmp.SV_norm,55.9973,X_Pres.SV_norm=8.484(8.5x) | X_ACR_Pmp.SV_norm=55.997(56.0x) | X_ACR_Pmp.PV_norm=4.743(4.7x),impeller_cavitation,55.9973,3.0,3.1997
B_Day2_seg11,9380,startup,X_ACR_Pmp.SV_norm,55.9973,X_Pres.SV_norm=8.484(8.5x) | X_ACR_Pmp.SV_norm=55.997(56.0x) | X_ACR_Pmp.PV_norm=4.743(4.7x),impeller_cavitation,55.9973,3.0,3.1997
B_Day2_seg11,9390,startup,X_ACR_Pmp.SV_norm,55.9973,X_Pres.SV_norm=8.484(8.5x) | X_ACR_Pmp.SV_norm=55.997(56.0x) | X_ACR_Pmp.PV_norm=4.743(4.7x),impeller_cavitation,55.9973,3.0,3.1997
B_Day2_seg11,9400,startup,X_ACR_Pmp.SV_norm,55.9973,X_Pres.SV_norm=8.484(8.5x) | X_ACR_Pmp.SV_norm=55.997(56.0x) | X_ACR_Pmp.PV_norm=4.743(4.7x),impeller_cavitation,55.9973,3.0,3.1997
B_Day2_seg13,3180,startup,X_ACR_Pmp.PV_norm,2.2396,X_ACR_Pmp.PV_norm=2.239(2.2x),mechanical_transient,2.2394,3.0,3.1997
B_Day2_seg13,3190,startup,X_ACR_Pmp.PV_norm,2.2396,X_ACR_Pmp.PV_norm=2.239(2.2x),mechanical_transient,2.2394,3.0,3.1997
B_Day2_seg13,3200,startup,X_ACR_Pmp.PV_norm,2.2396,X_ACR_Pmp.PV_norm=2.239(2.2x),mechanical_transient,2.2394,3.0,3.1997
B_Day2_seg13,3210,startup,X_ACR_Pmp.PV_norm,2.2396,X_ACR_Pmp.PV_norm=2.239(2.2x),mechanical_transient,2.2394,3.0,3.1997
B_Day2_seg13,3220,startup,X_ACR_Pmp.PV_norm,2.2396,X_ACR_Pmp.PV_norm=2.239(2.2x),mechanical_transient,2.2394,3.0,3.1997
B_Day2_seg13,3230,startup,X_ACR_Pmp.PV_norm,2.2396,X_ACR_Pmp.PV_norm=2.239(2.2x),mechanical_transient,2.2394,3.0,3.1997
B_Day2_seg13,3240,startup,X_ACR_Pmp.PV_norm,2.2396,X_ACR_Pmp.PV_norm=2.239(2.2x),mechanical_transient,2.2394,3.0,3.1997
B_Day2_seg13,3250,startup,X_ACR_Pmp.PV_norm,2.2396,X_ACR_Pmp.PV_norm=2.239(2.2x),mechanical_transient,2.2394,3.0,3.1997
B_Day2_seg13,3260,startup,X_ACR_Pmp.PV_norm,2.2396,X_ACR_Pmp.PV_norm=2.239(2.2x),mechanical_transient,2.2394,3.0,3.1997
B_Day2_seg13,3270,startup,X_ACR_Pmp.PV_norm,2.2396,X_ACR_Pmp.PV_norm=2.239(2.2x),mechanical_transient,2.2394,3.0,3.1997
B_Day2_seg13,3280,startup,X_ACR_Pmp.PV_norm,2.2396,X_ACR_Pmp.PV_norm=2.239(2.2x),mechanical_transient,2.2394,3.0,3.1997
B_Day2_seg13,3290,startup,X_ACR_Pmp.PV_norm,2.2396,X_ACR_Pmp.PV_norm=2.239(2.2x),mechanical_transient,2.2394,3.0,3.1997
B_Day2_seg13,3300,startup,X_ACR_Pmp.PV_norm,2.2396,X_ACR_Pmp.PV_norm=2.239(2.2x),mechanical_transient,2.2394,3.0,3.1997
B_Day2_seg13,3310,startup,X_ACR_Pmp.PV_norm,2.2396,X_ACR_Pmp.PV_norm=2.239(2.2x),mechanical_transient,2.2394,3.0,3.1997
B_Day2_seg13,3320,startup,X_ACR_Pmp.PV_norm,2.2396,X_ACR_Pmp.PV_norm=2.239(2.2x),mechanical_transient,2.2394,3.0,3.1997
B_Day2_seg13,3330,startup,X_ACR_Pmp.PV_norm,2.2396,X_ACR_Pmp.PV_norm=2.239(2.2x),mechanical_transient,2.2394,3.0,3.1997
B_Day2_seg13,3340,startup,X_ACR_Pmp.PV_norm,2.2396,X_ACR_Pmp.PV_norm=2.239(2.2x),mechanical_transient,2.2394,3.0,3.1997
B_Day2_seg13,3350,startup,X_ACR_Pmp.PV_norm,2.2396,X_ACR_Pmp.PV_norm=2.239(2.2x),mechanical_transient,2.2394,3.0,3.1997
B_Day2_seg13,3360,startup,X_ACR_Pmp.PV_norm,2.2396,X_ACR_Pmp.PV_norm=2.239(2.2x),mechanical_transient,2.2394,3.0,3.1997
B_Day2_seg13,3370,startup,X_ACR_Pmp.PV_norm,2.2396,X_ACR_Pmp.PV_norm=2.239(2.2x),mechanical_transient,2.2394,3.0,3.1997
B_Day2_seg13,3380,startup,X_ACR_Pmp.PV_norm,2.2396,X_ACR_Pmp.PV_norm=2.239(2.2x),mechanical_transient,2.2394,3.0,3.1997
B_Day2_seg13,3390,startup,X_ACR_Pmp.PV_norm,2.2396,X_ACR_Pmp.PV_norm=2.239(2.2x),mechanical_transient,2.2394,3.0,3.1997
B_Day2_seg13,3400,startup,X_ACR_Pmp.PV_norm,2.2396,X_ACR_Pmp.PV_norm=2.239(2.2x),mechanical_transient,2.2394,3.0,3.1997
B_Day2_seg13,3410,startup,X_ACR_Pmp.PV_norm,2.2396,X_ACR_Pmp.PV_norm=2.239(2.2x),mechanical_transient,2.2394,3.0,3.1997
B_Day2_seg13,3420,startup,X_ACR_Pmp.PV_norm,2.2396,X_ACR_Pmp.PV_norm=2.239(2.2x),mechanical_transient,2.2394,3.0,3.1997
B_Day2_seg13,3430,startup,X_ACR_Pmp.PV_norm,2.2396,X_ACR_Pmp.PV_norm=2.239(2.2x),mechanical_transient,2.2394,3.0,3.1997
B_Day2_seg13,3440,startup,X_ACR_Pmp.PV_norm,2.2396,X_ACR_Pmp.PV_norm=2.239(2.2x),mechanical_transient,2.2394,3.0,3.1997
B_Day2_seg13,3450,startup,X_ACR_Pmp.PV_norm,2.2396,X_ACR_Pmp.PV_norm=2.239(2.2x),mechanical_transient,2.2394,3.0,3.1997
B_Day2_seg13,3460,startup,X_ACR_Pmp.PV_norm,2.2396,X_ACR_Pmp.PV_norm=2.239(2.2x),mechanical_transient,2.2394,3.0,3.1997
B_Day2_seg13,3470,startup,X_ACR_Pmp.PV_norm,2.2396,X_ACR_Pmp.PV_norm=2.239(2.2x),mechanical_transient,2.2394,3.0,3.1997
B_Day2_seg13,3480,startup,X_ACR_Pmp.PV_norm,2.2396,X_ACR_Pmp.PV_norm=2.239(2.2x),mechanical_transient,2.2394,3.0,3.1997
B_Day2_seg13,3490,startup,X_ACR_Pmp.PV_norm,2.2396,X_ACR_Pmp.PV_norm=2.239(2.2x),mechanical_transient,2.2394,3.0,3.1997
B_Day2_seg13,3500,startup,X_ACR_Pmp.PV_norm,2.2396,X_ACR_Pmp.PV_norm=2.239(2.2x),mechanical_transient,2.2394,3.0,3.1997
B_Day2_seg13,3510,startup,X_ACR_Pmp.PV_norm,2.2396,X_ACR_Pmp.PV_norm=2.239(2.2x),mechanical_transient,2.2394,3.0,3.1997
B_Day2_seg13,3520,startup,X_ACR_Pmp.PV_norm,2.2396,X_ACR_Pmp.PV_norm=2.239(2.2x),mechanical_transient,2.2394,3.0,3.1997
B_Day2_seg13,3530,startup,X_ACR_Pmp.PV_norm,2.2396,X_ACR_Pmp.PV_norm=2.239(2.2x),mechanical_transient,2.2394,3.0,3.1997
B_Day2_seg13,3540,startup,X_ACR_Pmp.PV_norm,2.2396,X_ACR_Pmp.PV_norm=2.239(2.2x),mechanical_transient,2.2394,3.0,3.1997
B_Day2_seg13,3550,startup,X_ACR_Pmp.PV_norm,2.2396,X_ACR_Pmp.PV_norm=2.239(2.2x),mechanical_transient,2.2394,3.0,3.1997
B_Day2_seg13,3560,startup,X_ACR_Pmp.PV_norm,2.2396,X_ACR_Pmp.PV_norm=2.239(2.2x),mechanical_transient,2.2394,3.0,3.1997
B_Day2_seg13,3570,startup,X_ACR_Pmp.PV_norm,2.2396,X_ACR_Pmp.PV_norm=2.239(2.2x),mechanical_transient,2.2394,3.0,3.1997
B_Day2_seg13,3580,startup,X_ACR_Pmp.PV_norm,2.2396,X_ACR_Pmp.PV_norm=2.239(2.2x),mechanical_transient,2.2394,3.0,3.1997
B_Day2_seg13,3590,startup,X_ACR_Pmp.PV_norm,2.2396,X_ACR_Pmp.PV_norm=2.239(2.2x),mechanical_transient,2.2394,3.0,3.1997
B_Day2_seg13,3600,startup,X_ACR_Pmp.PV_norm,2.2396,X_ACR_Pmp.PV_norm=2.239(2.2x),mechanical_transient,2.2394,3.0,3.1997
B_Day2_seg13,3610,startup,X_ACR_Pmp.PV_norm,2.2396,X_ACR_Pmp.PV_norm=2.239(2.2x),mechanical_transient,2.2394,3.0,3.1997
B_Day2_seg13,3620,startup,X_ACR_Pmp.PV_norm,2.2396,X_ACR_Pmp.PV_norm=2.239(2.2x),mechanical_transient,2.2394,3.0,3.1997
B_Day2_seg13,3630,startup,X_ACR_Pmp.PV_norm,2.2396,X_ACR_Pmp.PV_norm=2.239(2.2x),mechanical_transient,2.2394,3.0,3.1997
B_Day2_seg13,3640,startup,X_ACR_Pmp.PV_norm,2.2396,X_ACR_Pmp.PV_norm=2.239(2.2x),mechanical_transient,2.2394,3.0,3.1997
B_Day2_seg13,3650,startup,X_ACR_Pmp.PV_norm,2.2396,X_ACR_Pmp.PV_norm=2.239(2.2x),mechanical_transient,2.2394,3.0,3.1997
B_Day2_seg13,3660,startup,X_ACR_Pmp.PV_norm,2.2396,X_ACR_Pmp.PV_norm=2.239(2.2x),mechanical_transient,2.2394,3.0,3.1997
B_Day2_seg13,3670,startup,X_ACR_Pmp.PV_norm,2.2396,X_ACR_Pmp.PV_norm=2.239(2.2x),mechanical_transient,2.2394,3.0,3.1997
B_Day2_seg13,3680,startup,X_ACR_Pmp.PV_norm,2.2396,X_ACR_Pmp.PV_norm=2.239(2.2x),mechanical_transient,2.2394,3.0,3.1997
B_Day2_seg13,3690,startup,X_ACR_Pmp.PV_norm,2.2396,X_ACR_Pmp.PV_norm=2.239(2.2x),mechanical_transient,2.2394,3.0,3.1997
B_Day2_seg13,3700,startup,X_ACR_Pmp.PV_norm,2.2396,X_ACR_Pmp.PV_norm=2.239(2.2x),mechanical_transient,2.2394,3.0,3.1997
B_Day2_seg13,3710,startup,X_ACR_Pmp.PV_norm,2.2396,X_ACR_Pmp.PV_norm=2.239(2.2x),mechanical_transient,2.2394,3.0,3.1997
B_Day2_seg13,3720,startup,X_ACR_Pmp.PV_norm,2.2396,X_ACR_Pmp.PV_norm=2.239(2.2x),mechanical_transient,2.2394,3.0,3.1997
B_Day2_seg13,3730,startup,X_ACR_Pmp.PV_norm,2.2396,X_ACR_Pmp.PV_norm=2.239(2.2x),mechanical_transient,2.2394,3.0,3.1997
B_Day2_seg13,3740,startup,X_ACR_Pmp.PV_norm,2.2396,X_ACR_Pmp.PV_norm=2.239(2.2x),mechanical_transient,2.2394,3.0,3.1997
B_Day2_seg13,3750,startup,X_ACR_Pmp.PV_norm,2.2396,X_ACR_Pmp.PV_norm=2.239(2.2x),mechanical_transient,2.2394,3.0,3.1997
B_Day2_seg13,3760,startup,X_ACR_Pmp.PV_norm,2.2396,X_ACR_Pmp.PV_norm=2.239(2.2x),mechanical_transient,2.2394,3.0,3.1997
B_Day2_seg13,3770,startup,X_ACR_Pmp.PV_norm,2.2396,X_ACR_Pmp.PV_norm=2.239(2.2x),mechanical_transient,2.2394,3.0,3.1997
B_Day2_seg13,3780,startup,X_ACR_Pmp.PV_norm,2.2396,X_ACR_Pmp.PV_norm=2.239(2.2x),mechanical_transient,2.2394,3.0,3.1997
B_Day2_seg13,3790,startup,X_ACR_Pmp.PV_norm,2.2396,X_ACR_Pmp.PV_norm=2.239(2.2x),mechanical_transient,2.2394,3.0,3.1997
B_Day2_seg13,3800,startup,X_ACR_Pmp.PV_norm,2.2396,X_ACR_Pmp.PV_norm=2.239(2.2x),mechanical_transient,2.2394,3.0,3.1997
B_Day2_seg13,3810,startup,X_ACR_Pmp.PV_norm,2.2396,X_ACR_Pmp.PV_norm=2.239(2.2x),mechanical_transient,2.2394,3.0,3.1997
B_Day2_seg13,3820,startup,X_ACR_Pmp.PV_norm,2.2396,X_ACR_Pmp.PV_norm=2.239(2.2x),mechanical_transient,2.2394,3.0,3.1997
B_Day2_seg13,3830,startup,X_ACR_Pmp.PV_norm,2.2396,X_ACR_Pmp.PV_norm=2.239(2.2x),mechanical_transient,2.2394,3.0,3.1997
B_Day2_seg13,3840,startup,X_ACR_Pmp.PV_norm,2.2396,X_ACR_Pmp.PV_norm=2.239(2.2x),mechanical_transient,2.2394,3.0,3.1997
B_Day2_seg13,3850,startup,X_ACR_Pmp.PV_norm,2.2396,X_ACR_Pmp.PV_norm=2.239(2.2x),mechanical_transient,2.2394,3.0,3.1997
B_Day2_seg13,3860,startup,X_ACR_Pmp.PV_norm,2.2396,X_ACR_Pmp.PV_norm=2.239(2.2x),mechanical_transient,2.2394,3.0,3.1997
B_Day2_seg13,3870,startup,X_ACR_Pmp.PV_norm,2.2396,X_ACR_Pmp.PV_norm=2.239(2.2x),mechanical_transient,2.2394,3.0,3.1997
B_Day2_seg13,3880,startup,X_ACR_Pmp.PV_norm,2.2396,X_ACR_Pmp.PV_norm=2.239(2.2x),mechanical_transient,2.2394,3.0,3.1997
B_Day2_seg13,3890,startup,X_ACR_Pmp.PV_norm,2.2396,X_ACR_Pmp.PV_norm=2.239(2.2x),mechanical_transient,2.2394,3.0,3.1997
B_Day2_seg13,3900,startup,X_ACR_Pmp.PV_norm,2.2396,X_ACR_Pmp.PV_norm=2.239(2.2x),mechanical_transient,2.2394,3.0,3.1997
B_Day2_seg13,3910,startup,X_ACR_Pmp.PV_norm,2.2396,X_ACR_Pmp.PV_norm=2.239(2.2x),mechanical_transient,2.2394,3.0,3.1997
B_Day2_seg13,3920,startup,X_ACR_Pmp.PV_norm,2.2396,X_ACR_Pmp.PV_norm=2.239(2.2x),mechanical_transient,2.2394,3.0,3.1997
B_Day2_seg13,3930,startup,X_ACR_Pmp.PV_norm,2.2396,X_ACR_Pmp.PV_norm=2.239(2.2x),mechanical_transient,2.2394,3.0,3.1997
B_Day2_seg13,3940,startup,X_ACR_Pmp.PV_norm,2.2396,X_ACR_Pmp.PV_norm=2.239(2.2x),mechanical_transient,2.2394,3.0,3.1997
B_Day2_seg13,3950,startup,X_ACR_Pmp.PV_norm,2.2396,X_ACR_Pmp.PV_norm=2.239(2.2x),mechanical_transient,2.2394,3.0,3.1997
B_Day2_seg13,3960,startup,X_ACR_Pmp.PV_norm,2.2396,X_ACR_Pmp.PV_norm=2.239(2.2x),mechanical_transient,2.2394,3.0,3.1997
B_Day2_seg13,3970,startup,X_ACR_Pmp.PV_norm,2.2396,X_ACR_Pmp.PV_norm=2.239(2.2x),mechanical_transient,2.2394,3.0,3.1997
B_Day2_seg13,3980,startup,X_ACR_Pmp.PV_norm,2.2396,X_ACR_Pmp.PV_norm=2.239(2.2x),mechanical_transient,2.2394,3.0,3.1997
B_Day2_seg13,3990,startup,X_ACR_Pmp.PV_norm,2.2396,X_ACR_Pmp.PV_norm=2.239(2.2x),mechanical_transient,2.2394,3.0,3.1997
B_Day2_seg13,4000,startup,X_ACR_Pmp.PV_norm,2.2396,X_ACR_Pmp.PV_norm=2.239(2.2x),mechanical_transient,2.2394,3.0,3.1997
B_Day2_seg13,4010,startup,X_ACR_Pmp.PV_norm,2.2396,X_ACR_Pmp.PV_norm=2.239(2.2x),mechanical_transient,2.2394,3.0,3.1997
B_Day2_seg13,4020,startup,X_ACR_Pmp.PV_norm,2.2396,X_ACR_Pmp.PV_norm=2.239(2.2x),mechanical_transient,2.2394,3.0,3.1997
B_Day2_seg13,4030,startup,X_ACR_Pmp.PV_norm,2.2396,X_ACR_Pmp.PV_norm=2.239(2.2x),mechanical_transient,2.2394,3.0,3.1997
B_Day2_seg13,4040,startup,X_ACR_Pmp.PV_norm,2.2396,X_ACR_Pmp.PV_norm=2.239(2.2x),mechanical_transient,2.2394,3.0,3.1997
B_Day2_seg13,4050,startup,X_ACR_Pmp.PV_norm,2.2396,X_ACR_Pmp.PV_norm=2.239(2.2x),mechanical_transient,2.2394,3.0,3.1997
B_Day2_seg13,4060,startup,X_ACR_Pmp.PV_norm,2.2396,X_ACR_Pmp.PV_norm=2.239(2.2x),mechanical_transient,2.2394,3.0,3.1997
B_Day2_seg13,4070,startup,X_ACR_Pmp.PV_norm,2.2396,X_ACR_Pmp.PV_norm=2.239(2.2x),mechanical_transient,2.2394,3.0,3.1997
B_Day2_seg13,4080,startup,X_ACR_Pmp.PV_norm,2.2396,X_ACR_Pmp.PV_norm=2.239(2.2x),mechanical_transient,2.2394,3.0,3.1997
B_Day2_seg13,4090,startup,X_ACR_Pmp.PV_norm,2.2396,X_ACR_Pmp.PV_norm=2.239(2.2x),mechanical_transient,2.2394,3.0,3.1997
B_Day2_seg13,4100,startup,X_ACR_Pmp.PV_norm,2.2396,X_ACR_Pmp.PV_norm=2.239(2.2x),mechanical_transient,2.2394,3.0,3.1997
B_Day2_seg13,4110,startup,X_ACR_Pmp.PV_norm,2.2396,X_ACR_Pmp.PV_norm=2.239(2.2x),mechanical_transient,2.2394,3.0,3.1997
B_Day2_seg13,4120,startup,X_ACR_Pmp.PV_norm,2.2396,X_ACR_Pmp.PV_norm=2.239(2.2x),mechanical_transient,2.2394,3.0,3.1997
B_Day2_seg13,4130,startup,X_ACR_Pmp.PV_norm,2.2396,X_ACR_Pmp.PV_norm=2.239(2.2x),mechanical_transient,2.2394,3.0,3.1997
B_Day2_seg13,4140,startup,X_ACR_Pmp.PV_norm,2.2396,X_ACR_Pmp.PV_norm=2.239(2.2x),mechanical_transient,2.2394,3.0,3.1997
B_Day2_seg13,4150,startup,X_ACR_Pmp.PV_norm,2.2396,X_ACR_Pmp.PV_norm=2.239(2.2x),mechanical_transient,2.2394,3.0,3.1997
B_Day2_seg13,4160,startup,X_ACR_Pmp.PV_norm,2.2396,X_ACR_Pmp.PV_norm=2.239(2.2x),mechanical_transient,2.2394,3.0,3.1997
B_Day2_seg13,4170,startup,X_ACR_Pmp.PV_norm,2.2396,X_ACR_Pmp.PV_norm=2.239(2.2x),mechanical_transient,2.2394,3.0,3.1997
B_Day2_seg13,4180,startup,X_ACR_Pmp.PV_norm,2.2396,X_ACR_Pmp.PV_norm=2.239(2.2x),mechanical_transient,2.2394,3.0,3.1997
B_Day2_seg13,4190,startup,X_ACR_Pmp.PV_norm,2.2396,X_ACR_Pmp.PV_norm=2.239(2.2x),mechanical_transient,2.2394,3.0,3.1997
B_Day2_seg13,4200,startup,X_ACR_Pmp.PV_norm,2.2396,X_ACR_Pmp.PV_norm=2.239(2.2x),mechanical_transient,2.2394,3.0,3.1997
B_Day2_seg13,4210,startup,X_ACR_Pmp.PV_norm,2.2396,X_ACR_Pmp.PV_norm=2.239(2.2x),mechanical_transient,2.2394,3.0,3.1997
B_Day2_seg13,4220,startup,X_ACR_Pmp.PV_norm,2.2396,X_ACR_Pmp.PV_norm=2.239(2.2x),mechanical_transient,2.2394,3.0,3.1997
B_Day2_seg13,4230,startup,X_ACR_Pmp.PV_norm,2.2396,X_ACR_Pmp.PV_norm=2.239(2.2x),mechanical_transient,2.2394,3.0,3.1997
B_Day2_seg13,4240,startup,X_ACR_Pmp.PV_norm,2.2396,X_ACR_Pmp.PV_norm=2.239(2.2x),mechanical_transient,2.2394,3.0,3.1997
B_Day2_seg13,4250,startup,X_ACR_Pmp.PV_norm,2.2396,X_ACR_Pmp.PV_norm=2.239(2.2x),mechanical_transient,2.2394,3.0,3.1997
B_Day2_seg13,4260,startup,X_ACR_Pmp.PV_norm,2.2396,X_ACR_Pmp.PV_norm=2.239(2.2x),mechanical_transient,2.2394,3.0,3.1997
B_Day2_seg13,4270,startup,X_ACR_Pmp.PV_norm,2.2396,X_ACR_Pmp.PV_norm=2.239(2.2x),mechanical_transient,2.2394,3.0,3.1997
B_Day2_seg13,4280,startup,X_ACR_Pmp.PV_norm,2.2396,X_ACR_Pmp.PV_norm=2.239(2.2x),mechanical_transient,2.2394,3.0,3.1997
B_Day2_seg13,4290,startup,X_ACR_Pmp.PV_norm,2.2396,X_ACR_Pmp.PV_norm=2.239(2.2x),mechanical_transient,2.2394,3.0,3.1997
B_Day2_seg13,4300,startup,X_ACR_Pmp.PV_norm,2.2396,X_ACR_Pmp.PV_norm=2.239(2.2x),mechanical_transient,2.2394,3.0,3.1997
B_Day2_seg13,4310,startup,X_ACR_Pmp.PV_norm,2.2396,X_ACR_Pmp.PV_norm=2.239(2.2x),mechanical_transient,2.2394,3.0,3.1997
B_Day2_seg13,4320,startup,X_ACR_Pmp.PV_norm,2.2396,X_ACR_Pmp.PV_norm=2.239(2.2x),mechanical_transient,2.2394,3.0,3.1997
B_Day2_seg13,4330,startup,X_ACR_Pmp.PV_norm,2.2396,X_ACR_Pmp.PV_norm=2.239(2.2x),mechanical_transient,2.2394,3.0,3.1997
B_Day2_seg13,4340,startup,X_ACR_Pmp.PV_norm,2.2396,X_ACR_Pmp.PV_norm=2.239(2.2x),mechanical_transient,2.2394,3.0,3.1997
B_Day2_seg13,4350,startup,X_ACR_Pmp.PV_norm,2.2396,X_ACR_Pmp.PV_norm=2.239(2.2x),mechanical_transient,2.2394,3.0,3.1997
B_Day2_seg13,4360,startup,X_ACR_Pmp.PV_norm,2.2396,X_ACR_Pmp.PV_norm=2.239(2.2x),mechanical_transient,2.2394,3.0,3.1997
B_Day2_seg13,4370,startup,X_ACR_Pmp.PV_norm,2.2396,X_ACR_Pmp.PV_norm=2.239(2.2x),mechanical_transient,2.2394,3.0,3.1997
B_Day2_seg13,4380,startup,X_ACR_Pmp.PV_norm,2.2396,X_ACR_Pmp.PV_norm=2.239(2.2x),mechanical_transient,2.2394,3.0,3.1997
B_Day2_seg13,4390,startup,X_ACR_Pmp.PV_norm,2.2396,X_ACR_Pmp.PV_norm=2.239(2.2x),mechanical_transient,2.2394,3.0,3.1997
B_Day2_seg13,4400,startup,X_ACR_Pmp.PV_norm,2.2396,X_ACR_Pmp.PV_norm=2.239(2.2x),mechanical_transient,2.2394,3.0,3.1997
B_Day2_seg13,4410,startup,X_ACR_Pmp.PV_norm,2.2396,X_ACR_Pmp.PV_norm=2.239(2.2x),mechanical_transient,2.2394,3.0,3.1997
B_Day2_seg13,4420,startup,X_ACR_Pmp.PV_norm,2.2396,X_ACR_Pmp.PV_norm=2.239(2.2x),mechanical_transient,2.2394,3.0,3.1997
B_Day2_seg13,4430,startup,X_ACR_Pmp.PV_norm,2.2396,X_ACR_Pmp.PV_norm=2.239(2.2x),mechanical_transient,2.2394,3.0,3.1997
B_Day2_seg13,4440,startup,X_ACR_Pmp.PV_norm,2.2396,X_ACR_Pmp.PV_norm=2.239(2.2x),mechanical_transient,2.2394,3.0,3.1997
B_Day2_seg13,4450,startup,X_ACR_Pmp.PV_norm,2.2396,X_ACR_Pmp.PV_norm=2.239(2.2x),mechanical_transient,2.2394,3.0,3.1997
B_Day2_seg13,4460,startup,X_ACR_Pmp.PV_norm,2.2396,X_ACR_Pmp.PV_norm=2.239(2.2x),mechanical_transient,2.2394,3.0,3.1997
B_Day2_seg13,4470,startup,X_ACR_Pmp.PV_norm,2.2396,X_ACR_Pmp.PV_norm=2.239(2.2x),mechanical_transient,2.2394,3.0,3.1997
B_Day2_seg13,4480,startup,X_ACR_Pmp.PV_norm,2.2396,X_ACR_Pmp.PV_norm=2.239(2.2x),mechanical_transient,2.2394,3.0,3.1997
B_Day2_seg13,4490,startup,X_ACR_Pmp.PV_norm,2.2396,X_ACR_Pmp.PV_norm=2.239(2.2x),mechanical_transient,2.2394,3.0,3.1997
B_Day2_seg13,4500,startup,X_ACR_Pmp.PV_norm,2.2396,X_ACR_Pmp.PV_norm=2.239(2.2x),mechanical_transient,2.2394,3.0,3.1997
B_Day2_seg13,4510,startup,X_ACR_Pmp.PV_norm,2.2396,X_ACR_Pmp.PV_norm=2.239(2.2x),mechanical_transient,2.2394,3.0,3.1997
B_Day2_seg13,4520,startup,X_ACR_Pmp.PV_norm,2.2396,X_ACR_Pmp.PV_norm=2.239(2.2x),mechanical_transient,2.2394,3.0,3.1997
B_Day2_seg13,4530,startup,X_ACR_Pmp.PV_norm,2.2396,X_ACR_Pmp.PV_norm=2.239(2.2x),mechanical_transient,2.2394,3.0,3.1997
B_Day2_seg13,4540,startup,X_ACR_Pmp.PV_norm,2.2396,X_ACR_Pmp.PV_norm=2.239(2.2x),mechanical_transient,2.2394,3.0,3.1997
B_Day2_seg13,4550,startup,X_ACR_Pmp.PV_norm,2.2396,X_ACR_Pmp.PV_norm=2.239(2.2x),mechanical_transient,2.2394,3.0,3.1997
B_Day2_seg13,4560,startup,X_ACR_Pmp.PV_norm,2.2396,X_ACR_Pmp.PV_norm=2.239(2.2x),mechanical_transient,2.2394,3.0,3.1997
B_Day2_seg13,4570,startup,X_ACR_Pmp.PV_norm,2.2396,X_ACR_Pmp.PV_norm=2.239(2.2x),mechanical_transient,2.2394,3.0,3.1997
B_Day2_seg13,4580,startup,X_ACR_Pmp.PV_norm,2.2396,X_ACR_Pmp.PV_norm=2.239(2.2x),mechanical_transient,2.2394,3.0,3.1997
B_Day2_seg13,4590,startup,X_ACR_Pmp.PV_norm,2.2396,X_ACR_Pmp.PV_norm=2.239(2.2x),mechanical_transient,2.2394,3.0,3.1997
B_Day2_seg13,4600,startup,X_ACR_Pmp.PV_norm,2.2396,X_ACR_Pmp.PV_norm=2.239(2.2x),mechanical_transient,2.2394,3.0,3.1997
B_Day2_seg13,4610,startup,X_ACR_Pmp.PV_norm,2.2396,X_ACR_Pmp.PV_norm=2.239(2.2x),mechanical_transient,2.2394,3.0,3.1997
B_Day2_seg13,4620,startup,X_ACR_Pmp.PV_norm,2.2396,X_ACR_Pmp.PV_norm=2.239(2.2x),mechanical_transient,2.2394,3.0,3.1997
B_Day2_seg13,4630,startup,X_ACR_Pmp.PV_norm,2.2396,X_ACR_Pmp.PV_norm=2.239(2.2x),mechanical_transient,2.2394,3.0,3.1997
B_Day2_seg13,4640,startup,X_ACR_Pmp.PV_norm,2.2396,X_ACR_Pmp.PV_norm=2.239(2.2x),mechanical_transient,2.2394,3.0,3.1997
B_Day2_seg13,4650,startup,X_ACR_Pmp.PV_norm,2.2396,X_ACR_Pmp.PV_norm=2.239(2.2x),mechanical_transient,2.2394,3.0,3.1997
B_Day2_seg13,4660,startup,X_ACR_Pmp.PV_norm,2.2396,X_ACR_Pmp.PV_norm=2.239(2.2x),mechanical_transient,2.2394,3.0,3.1997
B_Day2_seg13,4670,startup,X_ACR_Pmp.PV_norm,2.2396,X_ACR_Pmp.PV_norm=2.239(2.2x),mechanical_transient,2.2394,3.0,3.1997
B_Day2_seg13,4680,startup,X_ACR_Pmp.PV_norm,2.2396,X_ACR_Pmp.PV_norm=2.239(2.2x),mechanical_transient,2.2394,3.0,3.1997
B_Day2_seg13,4690,startup,X_ACR_Pmp.PV_norm,2.2396,X_ACR_Pmp.PV_norm=2.239(2.2x),mechanical_transient,2.2394,3.0,3.1997
B_Day2_seg13,4700,startup,X_ACR_Pmp.PV_norm,2.2396,X_ACR_Pmp.PV_norm=2.239(2.2x),mechanical_transient,2.2394,3.0,3.1997
B_Day2_seg13,4710,startup,X_ACR_Pmp.PV_norm,2.2396,X_ACR_Pmp.PV_norm=2.239(2.2x),mechanical_transient,2.2394,3.0,3.1997
B_Day2_seg13,4720,startup,X_ACR_Pmp.PV_norm,2.2396,X_ACR_Pmp.PV_norm=2.239(2.2x),mechanical_transient,2.2394,3.0,3.1997
B_Day2_seg13,4730,startup,X_ACR_Pmp.PV_norm,2.2396,X_ACR_Pmp.PV_norm=2.239(2.2x),mechanical_transient,2.2394,3.0,3.1997
B_Day2_seg13,4740,startup,X_ACR_Pmp.PV_norm,2.2396,X_ACR_Pmp.PV_norm=2.239(2.2x),mechanical_transient,2.2394,3.0,3.1997
B_Day2_seg13,4750,startup,X_ACR_Pmp.PV_norm,2.2396,X_ACR_Pmp.PV_norm=2.239(2.2x),mechanical_transient,2.2394,3.0,3.1997
B_Day2_seg13,4760,startup,X_ACR_Pmp.PV_norm,2.2396,X_ACR_Pmp.PV_norm=2.239(2.2x),mechanical_transient,2.2394,3.0,3.1997
B_Day2_seg13,4770,startup,X_ACR_Pmp.PV_norm,2.2396,X_ACR_Pmp.PV_norm=2.239(2.2x),mechanical_transient,2.2394,3.0,3.1997
B_Day2_seg13,4780,startup,X_ACR_Pmp.PV_norm,2.2396,X_ACR_Pmp.PV_norm=2.239(2.2x),mechanical_transient,2.2394,3.0,3.1997
B_Day2_seg13,4790,startup,X_ACR_Pmp.PV_norm,2.2396,X_ACR_Pmp.PV_norm=2.239(2.2x),mechanical_transient,2.2394,3.0,3.1997
B_Day2_seg13,4800,startup,X_ACR_Pmp.PV_norm,2.2396,X_ACR_Pmp.PV_norm=2.239(2.2x),mechanical_transient,2.2394,3.0,3.1997
B_Day2_seg13,4810,startup,X_ACR_Pmp.PV_norm,2.2396,X_ACR_Pmp.PV_norm=2.239(2.2x),mechanical_transient,2.2394,3.0,3.1997
B_Day2_seg13,4820,startup,X_ACR_Pmp.PV_norm,2.2396,X_ACR_Pmp.PV_norm=2.239(2.2x),mechanical_transient,2.2394,3.0,3.1997
B_Day2_seg13,4830,startup,X_ACR_Pmp.PV_norm,2.2396,X_ACR_Pmp.PV_norm=2.239(2.2x),mechanical_transient,2.2394,3.0,3.1997
B_Day2_seg13,4840,startup,X_ACR_Pmp.PV_norm,2.2396,X_ACR_Pmp.PV_norm=2.239(2.2x),mechanical_transient,2.2394,3.0,3.1997
B_Day2_seg13,4850,startup,X_ACR_Pmp.PV_norm,2.2396,X_ACR_Pmp.PV_norm=2.239(2.2x),mechanical_transient,2.2394,3.0,3.1997
B_Day2_seg13,4860,startup,X_ACR_Pmp.PV_norm,2.2396,X_ACR_Pmp.PV_norm=2.239(2.2x),mechanical_transient,2.2394,3.0,3.1997
B_Day2_seg13,4870,startup,X_ACR_Pmp.PV_norm,2.2396,X_ACR_Pmp.PV_norm=2.239(2.2x),mechanical_transient,2.2394,3.0,3.1997
B_Day2_seg13,4880,startup,X_ACR_Pmp.PV_norm,2.2396,X_ACR_Pmp.PV_norm=2.239(2.2x),mechanical_transient,2.2394,3.0,3.1997
B_Day2_seg13,4890,startup,X_ACR_Pmp.PV_norm,2.2396,X_ACR_Pmp.PV_norm=2.239(2.2x),mechanical_transient,2.2394,3.0,3.1997
B_Day2_seg13,4900,startup,X_ACR_Pmp.PV_norm,2.2396,X_ACR_Pmp.PV_norm=2.239(2.2x),mechanical_transient,2.2394,3.0,3.1997
B_Day2_seg13,4910,startup,X_ACR_Pmp.PV_norm,2.2396,X_ACR_Pmp.PV_norm=2.239(2.2x),mechanical_transient,2.2394,3.0,3.1997
B_Day2_seg13,4920,startup,X_ACR_Pmp.PV_norm,2.2396,X_ACR_Pmp.PV_norm=2.239(2.2x),mechanical_transient,2.2394,3.0,3.1997
B_Day2_seg13,4930,startup,X_ACR_Pmp.PV_norm,2.2396,X_ACR_Pmp.PV_norm=2.239(2.2x),mechanical_transient,2.2394,3.0,3.1997
B_Day2_seg13,4940,startup,X_ACR_Pmp.PV_norm,2.2396,X_ACR_Pmp.PV_norm=2.239(2.2x),mechanical_transient,2.2394,3.0,3.1997
B_Day2_seg13,4950,startup,X_ACR_Pmp.PV_norm,2.2396,X_ACR_Pmp.PV_norm=2.239(2.2x),mechanical_transient,2.2394,3.0,3.1997
B_Day2_seg13,4960,startup,X_ACR_Pmp.PV_norm,2.2396,X_ACR_Pmp.PV_norm=2.239(2.2x),mechanical_transient,2.2394,3.0,3.1997
B_Day2_seg13,4970,startup,X_ACR_Pmp.PV_norm,2.2396,X_ACR_Pmp.PV_norm=2.239(2.2x),mechanical_transient,2.2394,3.0,3.1997
B_Day2_seg13,4980,startup,X_ACR_Pmp.PV_norm,2.2396,X_ACR_Pmp.PV_norm=2.239(2.2x),mechanical_transient,2.2394,3.0,3.1997
B_Day2_seg13,4990,startup,X_ACR_Pmp.PV_norm,2.2396,X_ACR_Pmp.PV_norm=2.239(2.2x),mechanical_transient,2.2394,3.0,3.1997
B_Day2_seg13,5000,startup,X_ACR_Pmp.PV_norm,2.2396,X_ACR_Pmp.PV_norm=2.239(2.2x),mechanical_transient,2.2394,3.0,3.1997
B_Day2_seg13,5010,startup,X_ACR_Pmp.PV_norm,2.2396,X_ACR_Pmp.PV_norm=2.239(2.2x),mechanical_transient,2.2394,3.0,3.1997
B_Day2_seg13,5020,startup,X_ACR_Pmp.PV_norm,2.2396,X_ACR_Pmp.PV_norm=2.239(2.2x),mechanical_transient,2.2394,3.0,3.1997
B_Day3_seg1,470,cooldown,X_Pres.SV_norm,4.7142,X_Pres.SV_norm=4.714(4.7x),pressure_transient,4.7142,3.0,2.6015
B_Day3_seg1,480,cooldown,X_Pres.SV_norm,4.7142,X_Pres.SV_norm=4.714(4.7x),pressure_transient,4.7142,3.0,2.6015
B_Day3_seg1,490,cooldown,X_Pres.SV_norm,4.7142,X_Pres.SV_norm=4.714(4.7x),pressure_transient,4.7142,3.0,2.6015
B_Day3_seg1,500,cooldown,X_Pres.SV_norm,4.7142,X_Pres.SV_norm=4.714(4.7x),pressure_transient,4.7142,3.0,2.6015
B_Day3_seg1,510,cooldown,X_Pres.SV_norm,4.7142,X_Pres.SV_norm=4.714(4.7x),pressure_transient,4.7142,3.0,2.6015
B_Day3_seg1,520,cooldown,X_Pres.SV_norm,4.7142,X_Pres.SV_norm=4.714(4.7x),pressure_transient,4.7142,3.0,2.6015
B_Day3_seg1,530,cooldown,X_Pres.SV_norm,5.1587,X_Pres.SV_norm=5.159(5.2x),pressure_transient,5.1587,3.0,2.6015
B_Day3_seg1,540,cooldown,X_Pres.SV_norm,5.1587,X_Pres.SV_norm=5.159(5.2x),pressure_transient,5.1587,3.0,2.6015
B_Day3_seg1,550,cooldown,X_Pres.SV_norm,5.1587,X_Pres.SV_norm=5.159(5.2x),pressure_transient,5.1587,3.0,2.6015
B_Day3_seg1,560,cooldown,X_Pres.SV_norm,5.1587,X_Pres.SV_norm=5.159(5.2x),pressure_transient,5.1587,3.0,2.6015
B_Day3_seg1,570,cooldown,X_Pres.SV_norm,5.1587,X_Pres.SV_norm=5.159(5.2x),pressure_transient,5.1587,3.0,2.6015
B_Day3_seg1,580,cooldown,X_Pres.SV_norm,5.1587,X_Pres.SV_norm=5.159(5.2x),pressure_transient,5.1587,3.0,2.6015
B_Day3_seg1,590,cooldown,X_Pres.SV_norm,5.1587,X_Pres.SV_norm=5.159(5.2x),pressure_transient,5.1587,3.0,2.6015
B_Day3_seg1,600,cooldown,X_Pres.SV_norm,5.1587,X_Pres.SV_norm=5.159(5.2x),pressure_transient,5.1587,3.0,2.6015
B_Day3_seg1,610,cooldown,X_Pres.SV_norm,5.1587,X_Pres.SV_norm=5.159(5.2x),pressure_transient,5.1587,3.0,2.6015
B_Day3_seg1,620,cooldown,X_Pres.SV_norm,5.1587,X_Pres.SV_norm=5.159(5.2x),pressure_transient,5.1587,3.0,2.6015
B_Day3_seg1,630,cooldown,X_Pres.SV_norm,5.1587,X_Pres.SV_norm=5.159(5.2x),pressure_transient,5.1587,3.0,2.6015
B_Day3_seg1,640,cooldown,X_Pres.SV_norm,5.1514,X_Pres.SV_norm=5.151(5.2x),pressure_transient,5.1514,3.0,2.6015
B_Day3_seg1,650,cooldown,X_Pres.SV_norm,5.1552,X_Pres.SV_norm=5.155(5.2x),pressure_transient,5.1552,3.0,2.6015
B_Day3_seg1,660,cooldown,X_Pres.SV_norm,5.1552,X_Pres.SV_norm=5.155(5.2x),pressure_transient,5.1552,3.0,2.6015
B_Day3_seg1,670,cooldown,X_Pres.SV_norm,5.1552,X_Pres.SV_norm=5.155(5.2x),pressure_transient,5.1552,3.0,2.6015
B_Day3_seg1,680,cooldown,X_Pres.SV_norm,5.1552,X_Pres.SV_norm=5.155(5.2x),pressure_transient,5.1552,3.0,2.6015
B_Day3_seg1,690,cooldown,X_Pres.SV_norm,5.1552,X_Pres.SV_norm=5.155(5.2x),pressure_transient,5.1552,3.0,2.6015
B_Day3_seg1,700,cooldown,X_Pres.SV_norm,5.1552,X_Pres.SV_norm=5.155(5.2x),pressure_transient,5.1552,3.0,2.6015
B_Day3_seg1,710,cooldown,X_Pres.SV_norm,5.1552,X_Pres.SV_norm=5.155(5.2x),pressure_transient,5.1552,3.0,2.6015
B_Day3_seg1,720,cooldown,X_Pres.SV_norm,5.1552,X_Pres.SV_norm=5.155(5.2x),pressure_transient,5.1552,3.0,2.6015
B_Day3_seg1,730,cooldown,X_Pres.SV_norm,5.1552,X_Pres.SV_norm=5.155(5.2x),pressure_transient,5.1552,3.0,2.6015
B_Day3_seg1,740,cooldown,X_Pres.SV_norm,5.1552,X_Pres.SV_norm=5.155(5.2x),pressure_transient,5.1552,3.0,2.6015
B_Day3_seg1,750,cooldown,X_Pres.SV_norm,5.1552,X_Pres.SV_norm=5.155(5.2x),pressure_transient,5.1552,3.0,2.6015
B_Day3_seg1,760,cooldown,X_Pres.SV_norm,4.5279,X_Pres.SV_norm=4.528(4.5x),pressure_transient,4.5279,3.0,2.6015
B_Day3_seg1,770,cooldown,X_Pres.SV_norm,5.1579,X_Pres.SV_norm=5.158(5.2x),pressure_transient,5.1579,3.0,2.6015
B_Day3_seg1,780,cooldown,X_Pres.SV_norm,5.1579,X_Pres.SV_norm=5.158(5.2x),pressure_transient,5.1579,3.0,2.6015
B_Day3_seg1,790,cooldown,X_Pres.SV_norm,5.1579,X_Pres.SV_norm=5.158(5.2x),pressure_transient,5.1579,3.0,2.6015
B_Day3_seg1,800,cooldown,X_Pres.SV_norm,5.1579,X_Pres.SV_norm=5.158(5.2x),pressure_transient,5.1579,3.0,2.6015
B_Day3_seg1,810,cooldown,X_Pres.SV_norm,5.1579,X_Pres.SV_norm=5.158(5.2x),pressure_transient,5.1579,3.0,2.6015
B_Day3_seg1,820,cooldown,X_Pres.SV_norm,5.1579,X_Pres.SV_norm=5.158(5.2x),pressure_transient,5.1579,3.0,2.6015
B_Day3_seg1,830,cooldown,X_Pres.SV_norm,5.1579,X_Pres.SV_norm=5.158(5.2x),pressure_transient,5.1579,3.0,2.6015
B_Day3_seg1,840,cooldown,X_Pres.SV_norm,5.1579,X_Pres.SV_norm=5.158(5.2x),pressure_transient,5.1579,3.0,2.6015
B_Day3_seg1,850,cooldown,X_Pres.SV_norm,5.1579,X_Pres.SV_norm=5.158(5.2x),pressure_transient,5.1579,3.0,2.6015
B_Day3_seg1,860,cooldown,X_Pres.SV_norm,5.1579,X_Pres.SV_norm=5.158(5.2x),pressure_transient,5.1579,3.0,2.6015
B_Day3_seg1,870,cooldown,X_Pres.SV_norm,5.1579,X_Pres.SV_norm=5.158(5.2x),pressure_transient,5.1579,3.0,2.6015
B_Day3_seg1,880,cooldown,X_Pres.SV_norm,4.9754,X_Pres.SV_norm=4.975(5.0x),pressure_transient,4.9754,3.0,2.6015
B_Day3_seg1,890,cooldown,X_Pres.SV_norm,5.1603,X_Pres.SV_norm=5.160(5.2x),pressure_transient,5.1603,3.0,2.6015
B_Day3_seg1,900,cooldown,X_Pres.SV_norm,5.1603,X_Pres.SV_norm=5.160(5.2x),pressure_transient,5.1603,3.0,2.6015
B_Day3_seg1,910,cooldown,X_Pres.SV_norm,5.1603,X_Pres.SV_norm=5.160(5.2x),pressure_transient,5.1603,3.0,2.6015
B_Day3_seg1,920,cooldown,X_Pres.SV_norm,5.1603,X_Pres.SV_norm=5.160(5.2x),pressure_transient,5.1603,3.0,2.6015
B_Day3_seg1,930,cooldown,X_Pres.SV_norm,5.1603,X_Pres.SV_norm=5.160(5.2x),pressure_transient,5.1603,3.0,2.6015
B_Day3_seg1,940,cooldown,X_Pres.SV_norm,5.1603,X_Pres.SV_norm=5.160(5.2x),pressure_transient,5.1603,3.0,2.6015
B_Day3_seg1,950,cooldown,X_Pres.SV_norm,5.1603,X_Pres.SV_norm=5.160(5.2x),pressure_transient,5.1603,3.0,2.6015
B_Day3_seg1,960,cooldown,X_Pres.SV_norm,5.1603,X_Pres.SV_norm=5.160(5.2x),pressure_transient,5.1603,3.0,2.6015
B_Day3_seg1,970,cooldown,X_Pres.SV_norm,5.1603,X_Pres.SV_norm=5.160(5.2x),pressure_transient,5.1603,3.0,2.6015
B_Day3_seg1,980,cooldown,X_Pres.SV_norm,5.1603,X_Pres.SV_norm=5.160(5.2x),pressure_transient,5.1603,3.0,2.6015
B_Day3_seg1,990,cooldown,X_Pres.SV_norm,5.1603,X_Pres.SV_norm=5.160(5.2x),pressure_transient,5.1603,3.0,2.6015
B_Day3_seg1,1000,cooldown,X_Pres.SV_norm,5.1458,X_Pres.SV_norm=5.146(5.1x),pressure_transient,5.1458,3.0,2.6015
B_Day3_seg1,1010,cooldown,X_Pres.SV_norm,5.1458,X_Pres.SV_norm=5.146(5.1x),pressure_transient,5.1458,3.0,2.6015
B_Day3_seg1,1020,cooldown,X_Pres.SV_norm,5.1458,X_Pres.SV_norm=5.146(5.1x),pressure_transient,5.1458,3.0,2.6015
B_Day3_seg1,1030,cooldown,X_Pres.SV_norm,5.1458,X_Pres.SV_norm=5.146(5.1x),pressure_transient,5.1458,3.0,2.6015
B_Day3_seg1,1040,cooldown,X_Pres.SV_norm,5.1458,X_Pres.SV_norm=5.146(5.1x),pressure_transient,5.1458,3.0,2.6015
B_Day3_seg1,1050,cooldown,X_Pres.SV_norm,5.1458,X_Pres.SV_norm=5.146(5.1x),pressure_transient,5.1458,3.0,2.6015
B_Day3_seg1,1060,cooldown,X_Pres.SV_norm,4.5965,X_Pres.SV_norm=4.597(4.6x),pressure_transient,4.5965,3.0,2.6015
B_Day3_seg1,1070,cooldown,X_Pres.SV_norm,5.152,X_Pres.SV_norm=5.152(5.2x),pressure_transient,5.152,3.0,2.6015
B_Day3_seg1,1080,cooldown,X_Pres.SV_norm,5.152,X_Pres.SV_norm=5.152(5.2x),pressure_transient,5.152,3.0,2.6015
B_Day3_seg1,1090,cooldown,X_Pres.SV_norm,5.152,X_Pres.SV_norm=5.152(5.2x),pressure_transient,5.152,3.0,2.6015
B_Day3_seg1,1100,cooldown,X_Pres.SV_norm,5.152,X_Pres.SV_norm=5.152(5.2x),pressure_transient,5.152,3.0,2.6015
B_Day3_seg1,1110,cooldown,X_Pres.SV_norm,5.152,X_Pres.SV_norm=5.152(5.2x),pressure_transient,5.152,3.0,2.6015
B_Day3_seg1,1120,cooldown,X_Pres.SV_norm,5.152,X_Pres.SV_norm=5.152(5.2x),pressure_transient,5.152,3.0,2.6015
B_Day3_seg1,1130,cooldown,X_Pres.SV_norm,5.1579,X_Pres.SV_norm=5.158(5.2x),pressure_transient,5.1579,3.0,2.6015
B_Day3_seg1,1140,cooldown,X_Pres.SV_norm,5.1579,X_Pres.SV_norm=5.158(5.2x),pressure_transient,5.1579,3.0,2.6015
B_Day3_seg1,1150,cooldown,X_Pres.SV_norm,5.1579,X_Pres.SV_norm=5.158(5.2x),pressure_transient,5.1579,3.0,2.6015
B_Day3_seg1,1160,cooldown,X_Pres.SV_norm,5.1579,X_Pres.SV_norm=5.158(5.2x),pressure_transient,5.1579,3.0,2.6015
B_Day3_seg1,1170,cooldown,X_Pres.SV_norm,5.1579,X_Pres.SV_norm=5.158(5.2x),pressure_transient,5.1579,3.0,2.6015
B_Day3_seg1,1180,cooldown,X_Pres.SV_norm,5.1579,X_Pres.SV_norm=5.158(5.2x),pressure_transient,5.1579,3.0,2.6015
B_Day3_seg1,1190,cooldown,X_Pres.SV_norm,5.1579,X_Pres.SV_norm=5.158(5.2x),pressure_transient,5.1579,3.0,2.6015
B_Day3_seg1,1200,cooldown,X_Pres.SV_norm,5.1579,X_Pres.SV_norm=5.158(5.2x),pressure_transient,5.1579,3.0,2.6015
B_Day3_seg1,1210,cooldown,X_Pres.SV_norm,5.1579,X_Pres.SV_norm=5.158(5.2x),pressure_transient,5.1579,3.0,2.6015
B_Day3_seg1,1220,cooldown,X_Pres.SV_norm,5.1579,X_Pres.SV_norm=5.158(5.2x),pressure_transient,5.1579,3.0,2.6015
B_Day3_seg1,1230,cooldown,X_Pres.SV_norm,5.1579,X_Pres.SV_norm=5.158(5.2x),pressure_transient,5.1579,3.0,2.6015
B_Day3_seg1,1240,cooldown,X_Pres.SV_norm,4.7582,X_Pres.SV_norm=4.758(4.8x),pressure_transient,4.7582,3.0,2.6015
B_Day3_seg1,1250,cooldown,X_Pres.SV_norm,5.166,X_Pres.SV_norm=5.166(5.2x),pressure_transient,5.166,3.0,2.6015
B_Day3_seg1,1260,cooldown,X_Pres.SV_norm,5.166,X_Pres.SV_norm=5.166(5.2x),pressure_transient,5.166,3.0,2.6015
B_Day3_seg1,1270,cooldown,X_Pres.SV_norm,5.166,X_Pres.SV_norm=5.166(5.2x),pressure_transient,5.166,3.0,2.6015
B_Day3_seg1,1280,cooldown,X_Pres.SV_norm,5.166,X_Pres.SV_norm=5.166(5.2x),pressure_transient,5.166,3.0,2.6015
B_Day3_seg1,1290,cooldown,X_Pres.SV_norm,5.166,X_Pres.SV_norm=5.166(5.2x),pressure_transient,5.166,3.0,2.6015
B_Day3_seg1,1300,cooldown,X_Pres.SV_norm,5.166,X_Pres.SV_norm=5.166(5.2x),pressure_transient,5.166,3.0,2.6015
C_Day1_seg4,720,cooldown,X_ACR_Pmp.SV_norm,41.5639,X_ACR_Pmp.SV_norm=41.564(41.6x) | X_ACR_Pmp.PV_norm=4.897(4.9x),impeller_cavitation,41.5639,3.0,2.6015
C_Day1_seg4,730,cooldown,X_ACR_Pmp.SV_norm,41.5639,X_ACR_Pmp.SV_norm=41.564(41.6x) | X_ACR_Pmp.PV_norm=4.897(4.9x),impeller_cavitation,41.5639,3.0,2.6015
C_Day1_seg4,740,cooldown,X_ACR_Pmp.SV_norm,41.5639,X_ACR_Pmp.SV_norm=41.564(41.6x) | X_ACR_Pmp.PV_norm=4.897(4.9x),impeller_cavitation,41.5639,3.0,2.6015
C_Day1_seg4,750,steady_state,X_ACR_Pmp.SV_norm,41.5639,X_ACR_Pmp.SV_norm=41.564(41.6x) | X_ACR_Pmp.PV_norm=4.897(4.9x),impeller_cavitation,41.5639,5.6,2.5997
C_Day1_seg4,760,steady_state,X_ACR_Pmp.SV_norm,41.5639,X_ACR_Pmp.SV_norm=41.564(41.6x) | X_ACR_Pmp.PV_norm=4.897(4.9x),impeller_cavitation,41.5639,5.6,2.5997
C_Day1_seg4,820,steady_state,X_ACR_Pmp.SV_norm,28.0211,X_Pres.SV_norm=5.207(5.2x) | X_ACR_Mot.SV_norm=16.636(16.6x) | X_ACR_Pmp.SV_norm=28.021(28.0x) | X_ACR_Mot.PV_norm=2.242(2.2x) | X_ACR_Pmp.PV_norm=3.780(3.8x),impeller_cavitation,28.0211,5.6,2.5997
C_Day1_seg4,830,steady_state,X_ACR_Pmp.SV_norm,28.0211,X_Pres.SV_norm=5.207(5.2x) | X_ACR_Mot.SV_norm=16.636(16.6x) | X_ACR_Pmp.SV_norm=28.021(28.0x) | X_ACR_Mot.PV_norm=2.242(2.2x) | X_ACR_Pmp.PV_norm=3.780(3.8x),impeller_cavitation,28.0211,5.6,2.5997
C_Day1_seg4,840,steady_state,X_ACR_Pmp.SV_norm,28.0211,X_Pres.SV_norm=5.207(5.2x) | X_ACR_Mot.SV_norm=16.636(16.6x) | X_ACR_Pmp.SV_norm=28.021(28.0x) | X_ACR_Mot.PV_norm=2.242(2.2x) | X_ACR_Pmp.PV_norm=3.780(3.8x),impeller_cavitation,28.0211,5.6,2.5997
C_Day1_seg4,850,steady_state,X_ACR_Pmp.SV_norm,28.0211,X_Pres.SV_norm=5.207(5.2x) | X_ACR_Mot.SV_norm=16.636(16.6x) | X_ACR_Pmp.SV_norm=28.021(28.0x) | X_ACR_Mot.PV_norm=2.242(2.2x) | X_ACR_Pmp.PV_norm=3.780(3.8x),impeller_cavitation,28.0211,5.6,2.5997
C_Day1_seg4,860,steady_state,X_ACR_Pmp.SV_norm,28.0211,X_Pres.SV_norm=5.207(5.2x) | X_ACR_Mot.SV_norm=16.636(16.6x) | X_ACR_Pmp.SV_norm=28.021(28.0x) | X_ACR_Mot.PV_norm=2.242(2.2x) | X_ACR_Pmp.PV_norm=3.780(3.8x),impeller_cavitation,28.0211,5.6,2.5997
C_Day1_seg4,900,steady_state,X_ACR_Pmp.SV_norm,31.0059,X_Pres.SV_norm=5.209(5.2x) | X_ACR_Mot.SV_norm=16.548(16.5x) | X_ACR_Pmp.SV_norm=31.006(31.0x) | X_ACR_Mot.PV_norm=2.159(2.2x) | X_ACR_Pmp.PV_norm=3.688(3.7x),impeller_cavitation,31.0059,5.6,2.5997
C_Day1_seg4,910,steady_state,X_ACR_Pmp.SV_norm,31.0059,X_Pres.SV_norm=5.209(5.2x) | X_ACR_Mot.SV_norm=16.548(16.5x) | X_ACR_Pmp.SV_norm=31.006(31.0x) | X_ACR_Mot.PV_norm=2.167(2.2x) | X_ACR_Pmp.PV_norm=4.003(4.0x),impeller_cavitation,31.0059,5.6,2.5997
C_Day1_seg4,920,steady_state,X_ACR_Pmp.SV_norm,31.0059,X_Pres.SV_norm=5.209(5.2x) | X_ACR_Mot.SV_norm=16.548(16.5x) | X_ACR_Pmp.SV_norm=31.006(31.0x) | X_ACR_Mot.PV_norm=2.167(2.2x) | X_ACR_Pmp.PV_norm=4.003(4.0x),impeller_cavitation,31.0059,5.6,2.5997
C_Day1_seg4,930,steady_state,X_ACR_Pmp.SV_norm,31.0059,X_Pres.SV_norm=5.209(5.2x) | X_ACR_Mot.SV_norm=16.548(16.5x) | X_ACR_Pmp.SV_norm=31.006(31.0x) | X_ACR_Mot.PV_norm=2.167(2.2x) | X_ACR_Pmp.PV_norm=4.003(4.0x),impeller_cavitation,31.0059,5.6,2.5997
C_Day1_seg4,940,steady_state,X_ACR_Pmp.SV_norm,31.0059,X_Pres.SV_norm=5.209(5.2x) | X_ACR_Mot.SV_norm=16.548(16.5x) | X_ACR_Pmp.SV_norm=31.006(31.0x) | X_ACR_Mot.PV_norm=2.167(2.2x) | X_ACR_Pmp.PV_norm=4.003(4.0x),impeller_cavitation,31.0059,5.6,2.5997
C_Day1_seg4,950,steady_state,X_ACR_Pmp.SV_norm,30.7386,X_Pres.SV_norm=5.208(5.2x) | X_ACR_Mot.SV_norm=13.659(13.7x) | X_ACR_Pmp.SV_norm=30.739(30.7x) | X_ACR_Mot.PV_norm=2.167(2.2x) | X_ACR_Pmp.PV_norm=4.003(4.0x),impeller_cavitation,30.7386,5.6,2.5997
C_Day1_seg4,960,steady_state,X_ACR_Pmp.SV_norm,30.7386,X_Pres.SV_norm=5.210(5.2x) | X_ACR_Mot.SV_norm=14.491(14.5x) | X_ACR_Pmp.SV_norm=30.739(30.7x) | X_ACR_Mot.PV_norm=2.167(2.2x) | X_ACR_Pmp.PV_norm=4.003(4.0x),impeller_cavitation,30.7386,5.6,2.5997
C_Day1_seg4,970,steady_state,X_ACR_Pmp.SV_norm,30.6495,X_Pres.SV_norm=5.210(5.2x) | X_ACR_Mot.SV_norm=14.491(14.5x) | X_ACR_Pmp.SV_norm=30.650(30.6x) | X_ACR_Mot.PV_norm=2.131(2.1x) | X_ACR_Pmp.PV_norm=3.734(3.7x),impeller_cavitation,30.6495,5.6,2.5997
C_Day1_seg4,980,steady_state,X_ACR_Pmp.SV_norm,30.6495,X_Pres.SV_norm=5.210(5.2x) | X_ACR_Mot.SV_norm=14.491(14.5x) | X_ACR_Pmp.SV_norm=30.650(30.6x) | X_ACR_Mot.PV_norm=2.131(2.1x) | X_ACR_Pmp.PV_norm=3.734(3.7x),impeller_cavitation,30.6495,5.6,2.5997
C_Day1_seg4,990,steady_state,X_ACR_Pmp.SV_norm,30.6495,X_Pres.SV_norm=5.210(5.2x) | X_ACR_Mot.SV_norm=18.037(18.0x) | X_ACR_Pmp.SV_norm=30.650(30.6x) | X_ACR_Mot.PV_norm=2.190(2.2x) | X_ACR_Pmp.PV_norm=3.734(3.7x),impeller_cavitation,30.6495,5.6,2.5997
C_Day1_seg4,1000,steady_state,X_ACR_Pmp.SV_norm,30.6495,X_Pres.SV_norm=5.210(5.2x) | X_ACR_Mot.SV_norm=18.037(18.0x) | X_ACR_Pmp.SV_norm=30.650(30.6x) | X_ACR_Mot.PV_norm=2.190(2.2x) | X_ACR_Pmp.PV_norm=3.734(3.7x),impeller_cavitation,30.6495,5.6,2.5997
C_Day1_seg4,1010,steady_state,X_ACR_Pmp.SV_norm,27.2638,X_Pres.SV_norm=5.210(5.2x) | X_ACR_Mot.SV_norm=18.037(18.0x) | X_ACR_Pmp.SV_norm=27.264(27.3x) | X_ACR_Mot.PV_norm=2.190(2.2x) | X_ACR_Pmp.PV_norm=3.660(3.7x),impeller_cavitation,27.2638,5.6,2.5997
C_Day1_seg4,1020,steady_state,X_ACR_Pmp.SV_norm,27.2638,X_Pres.SV_norm=5.210(5.2x) | X_ACR_Mot.SV_norm=18.037(18.0x) | X_ACR_Pmp.SV_norm=27.264(27.3x) | X_ACR_Mot.PV_norm=2.190(2.2x) | X_ACR_Pmp.PV_norm=3.660(3.7x),impeller_cavitation,27.2638,5.6,2.5997
C_Day1_seg4,1030,steady_state,X_ACR_Pmp.SV_norm,27.2638,X_Pres.SV_norm=5.210(5.2x) | X_ACR_Mot.SV_norm=18.037(18.0x) | X_ACR_Pmp.SV_norm=27.264(27.3x) | X_ACR_Mot.PV_norm=2.190(2.2x) | X_ACR_Pmp.PV_norm=3.660(3.7x),impeller_cavitation,27.2638,5.6,2.5997
C_Day1_seg4,1040,steady_state,X_ACR_Pmp.SV_norm,27.2638,X_Pres.SV_norm=5.210(5.2x) | X_ACR_Mot.SV_norm=18.037(18.0x) | X_ACR_Pmp.SV_norm=27.264(27.3x) | X_ACR_Mot.PV_norm=2.190(2.2x) | X_ACR_Pmp.PV_norm=3.660(3.7x),impeller_cavitation,27.2638,5.6,2.5997
C_Day1_seg4,1070,steady_state,X_ACR_Pmp.SV_norm,29.4021,X_Pres.SV_norm=5.210(5.2x) | X_ACR_Mot.SV_norm=15.935(15.9x) | X_ACR_Pmp.SV_norm=29.402(29.4x) | X_ACR_Mot.PV_norm=2.065(2.1x) | X_ACR_Pmp.PV_norm=3.705(3.7x),impeller_cavitation,29.4021,5.6,2.5997
C_Day1_seg4,1080,steady_state,X_ACR_Pmp.SV_norm,29.4021,X_Pres.SV_norm=5.210(5.2x) | X_ACR_Mot.SV_norm=15.935(15.9x) | X_ACR_Pmp.SV_norm=29.402(29.4x) | X_ACR_Mot.PV_norm=2.065(2.1x) | X_ACR_Pmp.PV_norm=3.705(3.7x),impeller_cavitation,29.4021,5.6,2.5997
C_Day1_seg4,1090,steady_state,X_ACR_Pmp.SV_norm,32.2978,X_Pres.SV_norm=5.210(5.2x) | X_ACR_Mot.SV_norm=15.935(15.9x) | X_ACR_Pmp.SV_norm=32.298(32.3x) | X_ACR_Mot.PV_norm=2.065(2.1x) | X_ACR_Pmp.PV_norm=3.728(3.7x),impeller_cavitation,32.2978,5.6,2.5997
C_Day1_seg4,1100,steady_state,X_ACR_Pmp.SV_norm,32.2978,X_Pres.SV_norm=5.210(5.2x) | X_ACR_Mot.SV_norm=15.935(15.9x) | X_ACR_Pmp.SV_norm=32.298(32.3x) | X_ACR_Mot.PV_norm=2.065(2.1x) | X_ACR_Pmp.PV_norm=3.728(3.7x),impeller_cavitation,32.2978,5.6,2.5997
C_Day1_seg4,1110,steady_state,X_ACR_Pmp.SV_norm,32.2978,X_Pres.SV_norm=5.210(5.2x) | X_ACR_Mot.SV_norm=15.935(15.9x) | X_ACR_Pmp.SV_norm=32.298(32.3x) | X_ACR_Mot.PV_norm=2.065(2.1x) | X_ACR_Pmp.PV_norm=3.728(3.7x),impeller_cavitation,32.2978,5.6,2.5997
C_Day1_seg4,1120,steady_state,X_ACR_Pmp.SV_norm,35.0598,X_Pres.SV_norm=5.210(5.2x) | X_ACR_Mot.SV_norm=16.548(16.5x) | X_ACR_Pmp.SV_norm=35.060(35.1x) | X_ACR_Mot.PV_norm=2.065(2.1x) | X_ACR_Pmp.PV_norm=3.802(3.8x),impeller_cavitation,35.0598,5.6,2.5997
C_Day1_seg4,1130,steady_state,X_ACR_Pmp.SV_norm,35.0598,X_Pres.SV_norm=5.207(5.2x) | X_ACR_Mot.SV_norm=16.548(16.5x) | X_ACR_Pmp.SV_norm=35.060(35.1x) | X_ACR_Mot.PV_norm=2.023(2.0x) | X_ACR_Pmp.PV_norm=3.802(3.8x),impeller_cavitation,35.0598,5.6,2.5997
C_Day1_seg4,1140,steady_state,X_ACR_Pmp.SV_norm,35.0598,X_Pres.SV_norm=5.207(5.2x) | X_ACR_Mot.SV_norm=16.548(16.5x) | X_ACR_Pmp.SV_norm=35.060(35.1x) | X_ACR_Mot.PV_norm=2.023(2.0x) | X_ACR_Pmp.PV_norm=3.802(3.8x),impeller_cavitation,35.0598,5.6,2.5997
C_Day1_seg4,1150,steady_state,X_ACR_Pmp.SV_norm,35.0598,X_Pres.SV_norm=5.207(5.2x) | X_ACR_Mot.SV_norm=16.548(16.5x) | X_ACR_Pmp.SV_norm=35.060(35.1x) | X_ACR_Mot.PV_norm=1.943(1.9x) | X_ACR_Pmp.PV_norm=3.802(3.8x),impeller_cavitation,35.0598,5.6,2.5997
C_Day1_seg4,1160,steady_state,X_ACR_Pmp.SV_norm,35.0598,X_Pres.SV_norm=5.208(5.2x) | X_ACR_Mot.SV_norm=20.882(20.9x) | X_ACR_Pmp.SV_norm=35.060(35.1x) | X_ACR_Mot.PV_norm=2.018(2.0x) | X_ACR_Pmp.PV_norm=3.802(3.8x),impeller_cavitation,35.0598,5.6,2.5997
C_Day1_seg4,1170,steady_state,X_ACR_Pmp.SV_norm,30.0258,X_Pres.SV_norm=5.208(5.2x) | X_ACR_Mot.SV_norm=20.882(20.9x) | X_ACR_Pmp.SV_norm=30.026(30.0x) | X_ACR_Mot.PV_norm=2.018(2.0x) | X_ACR_Pmp.PV_norm=3.565(3.6x),impeller_cavitation,30.0258,5.6,2.5997
C_Day1_seg4,1180,steady_state,X_ACR_Pmp.SV_norm,32.0305,X_Pres.SV_norm=5.208(5.2x) | X_ACR_Mot.SV_norm=21.583(21.6x) | X_ACR_Pmp.SV_norm=32.031(32.0x) | X_ACR_Mot.PV_norm=2.018(2.0x) | X_ACR_Pmp.PV_norm=3.571(3.6x),impeller_cavitation,32.0305,5.6,2.5997
C_Day1_seg4,1190,steady_state,X_ACR_Pmp.SV_norm,32.0305,X_Pres.SV_norm=5.208(5.2x) | X_ACR_Mot.SV_norm=21.583(21.6x) | X_ACR_Pmp.SV_norm=32.031(32.0x) | X_ACR_Mot.PV_norm=2.018(2.0x) | X_ACR_Pmp.PV_norm=3.571(3.6x),impeller_cavitation,32.0305,5.6,2.5997
C_Day1_seg4,1200,steady_state,X_ACR_Pmp.SV_norm,32.0305,X_Pres.SV_norm=5.208(5.2x) | X_ACR_Mot.SV_norm=21.583(21.6x) | X_ACR_Pmp.SV_norm=32.031(32.0x) | X_ACR_Mot.PV_norm=2.018(2.0x) | X_ACR_Pmp.PV_norm=3.571(3.6x),impeller_cavitation,32.0305,5.6,2.5997
C_Day1_seg4,1210,steady_state,X_ACR_Pmp.SV_norm,32.0305,X_Pres.SV_norm=5.208(5.2x) | X_ACR_Mot.SV_norm=21.583(21.6x) | X_ACR_Pmp.SV_norm=32.031(32.0x) | X_ACR_Mot.PV_norm=2.041(2.0x) | X_ACR_Pmp.PV_norm=3.571(3.6x),impeller_cavitation,32.0305,5.6,2.5997
C_Day1_seg4,1220,steady_state,X_ACR_Pmp.SV_norm,32.0305,X_Pres.SV_norm=5.208(5.2x) | X_ACR_Mot.SV_norm=21.583(21.6x) | X_ACR_Pmp.SV_norm=32.031(32.0x) | X_ACR_Mot.PV_norm=2.041(2.0x) | X_ACR_Pmp.PV_norm=3.721(3.7x),impeller_cavitation,32.0305,5.6,2.5997
C_Day1_seg4,1230,steady_state,X_ACR_Pmp.SV_norm,28.823,X_Pres.SV_norm=5.202(5.2x) | X_ACR_Mot.SV_norm=20.007(20.0x) | X_ACR_Pmp.SV_norm=28.823(28.8x) | X_ACR_Mot.PV_norm=2.041(2.0x) | X_ACR_Pmp.PV_norm=3.721(3.7x),impeller_cavitation,28.823,5.6,2.5997
C_Day1_seg4,1240,steady_state,X_ACR_Pmp.SV_norm,28.823,X_Pres.SV_norm=5.202(5.2x) | X_ACR_Mot.SV_norm=20.007(20.0x) | X_ACR_Pmp.SV_norm=28.823(28.8x) | X_ACR_Mot.PV_norm=2.041(2.0x) | X_ACR_Pmp.PV_norm=3.721(3.7x),impeller_cavitation,28.823,5.6,2.5997
C_Day1_seg4,1250,steady_state,X_ACR_Pmp.SV_norm,31.4514,X_Pres.SV_norm=5.202(5.2x) | X_ACR_Mot.SV_norm=21.583(21.6x) | X_ACR_Pmp.SV_norm=31.451(31.5x) | X_ACR_Mot.PV_norm=2.041(2.0x) | X_ACR_Pmp.PV_norm=3.806(3.8x),impeller_cavitation,31.4514,5.6,2.5997
C_Day1_seg4,1260,steady_state,X_ACR_Pmp.SV_norm,31.4514,X_Pres.SV_norm=5.202(5.2x) | X_ACR_Mot.SV_norm=21.583(21.6x) | X_ACR_Pmp.SV_norm=31.451(31.5x) | X_ACR_Mot.PV_norm=2.041(2.0x) | X_ACR_Pmp.PV_norm=3.806(3.8x),impeller_cavitation,31.4514,5.6,2.5997
C_Day1_seg4,1270,steady_state,X_ACR_Pmp.SV_norm,31.4514,X_Pres.SV_norm=5.202(5.2x) | X_ACR_Mot.SV_norm=21.583(21.6x) | X_ACR_Pmp.SV_norm=31.451(31.5x) | X_ACR_Pmp.PV_norm=3.806(3.8x),impeller_cavitation,31.4514,5.6,2.5997
C_Day1_seg4,1280,steady_state,X_ACR_Pmp.SV_norm,31.4514,X_Pres.SV_norm=5.202(5.2x) | X_ACR_Mot.SV_norm=21.583(21.6x) | X_ACR_Pmp.SV_norm=31.451(31.5x) | X_ACR_Pmp.PV_norm=3.806(3.8x),impeller_cavitation,31.4514,5.6,2.5997
C_Day1_seg4,1290,steady_state,X_ACR_Pmp.SV_norm,31.4514,X_Pres.SV_norm=5.202(5.2x) | X_ACR_Mot.SV_norm=21.583(21.6x) | X_ACR_Pmp.SV_norm=31.451(31.5x) | X_ACR_Pmp.PV_norm=3.806(3.8x),impeller_cavitation,31.4514,5.6,2.5997
C_Day1_seg4,1360,steady_state,X_ACR_Pmp.SV_norm,31.6296,X_Pres.SV_norm=5.203(5.2x) | X_ACR_Mot.SV_norm=21.977(22.0x) | X_ACR_Pmp.SV_norm=31.630(31.6x) | X_ACR_Mot.PV_norm=1.896(1.9x) | X_ACR_Pmp.PV_norm=3.476(3.5x),impeller_cavitation,31.6296,5.6,2.5997
C_Day1_seg4,1370,steady_state,X_ACR_Pmp.SV_norm,31.6296,X_Pres.SV_norm=5.203(5.2x) | X_ACR_Mot.SV_norm=21.977(22.0x) | X_ACR_Pmp.SV_norm=31.630(31.6x) | X_ACR_Mot.PV_norm=1.896(1.9x) | X_ACR_Pmp.PV_norm=3.476(3.5x),impeller_cavitation,31.6296,5.6,2.5997
C_Day1_seg4,1380,steady_state,X_ACR_Pmp.SV_norm,31.6296,X_Pres.SV_norm=5.203(5.2x) | X_ACR_Mot.SV_norm=21.977(22.0x) | X_ACR_Pmp.SV_norm=31.630(31.6x) | X_ACR_Mot.PV_norm=1.896(1.9x) | X_ACR_Pmp.PV_norm=3.476(3.5x),impeller_cavitation,31.6296,5.6,2.5997
C_Day1_seg4,1390,steady_state,X_ACR_Pmp.SV_norm,31.6296,X_Pres.SV_norm=5.203(5.2x) | X_ACR_Mot.SV_norm=21.977(22.0x) | X_ACR_Pmp.SV_norm=31.630(31.6x) | X_ACR_Mot.PV_norm=1.896(1.9x) | X_ACR_Pmp.PV_norm=3.476(3.5x),impeller_cavitation,31.6296,5.6,2.5997
C_Day1_seg4,1400,steady_state,X_ACR_Pmp.SV_norm,31.6296,X_Pres.SV_norm=5.203(5.2x) | X_ACR_Mot.SV_norm=21.977(22.0x) | X_ACR_Pmp.SV_norm=31.630(31.6x) | X_ACR_Mot.PV_norm=1.896(1.9x) | X_ACR_Pmp.PV_norm=3.476(3.5x),impeller_cavitation,31.6296,5.6,2.5997
C_Day1_seg4,1430,steady_state,X_ACR_Pmp.SV_norm,35.238,X_Pres.SV_norm=5.203(5.2x) | X_ACR_Mot.SV_norm=22.984(23.0x) | X_ACR_Pmp.SV_norm=35.238(35.2x) | X_ACR_Mot.PV_norm=2.429(2.4x),impeller_cavitation,35.238,5.6,2.5997
C_Day1_seg4,1440,steady_state,X_ACR_Pmp.SV_norm,35.238,X_Pres.SV_norm=5.203(5.2x) | X_ACR_Mot.SV_norm=22.984(23.0x) | X_ACR_Pmp.SV_norm=35.238(35.2x) | X_ACR_Mot.PV_norm=2.429(2.4x),impeller_cavitation,35.238,5.6,2.5997
C_Day1_seg4,1450,cooldown,X_ACR_Pmp.SV_norm,35.238,X_Pres.SV_norm=5.203(5.2x) | X_ACR_Mot.SV_norm=22.984(23.0x) | X_ACR_Pmp.SV_norm=35.238(35.2x) | X_ACR_Mot.PV_norm=2.429(2.4x),impeller_cavitation,35.238,3.0,2.6015
C_Day1_seg4,1460,cooldown,X_ACR_Pmp.SV_norm,35.238,X_Pres.SV_norm=5.203(5.2x) | X_ACR_Mot.SV_norm=22.984(23.0x) | X_ACR_Pmp.SV_norm=35.238(35.2x) | X_ACR_Mot.PV_norm=2.429(2.4x),impeller_cavitation,35.238,3.0,2.6015
C_Day1_seg4,1470,cooldown,X_ACR_Pmp.SV_norm,35.238,X_Pres.SV_norm=5.203(5.2x) | X_ACR_Mot.SV_norm=22.984(23.0x) | X_ACR_Pmp.SV_norm=35.238(35.2x) | X_ACR_Mot.PV_norm=2.429(2.4x),impeller_cavitation,35.238,3.0,2.6015
C_Day1_seg4,1480,cooldown,X_ACR_Pmp.SV_norm,9.7562,X_Pres.SV_norm=5.203(5.2x) | X_ACR_Pmp.SV_norm=9.756(9.8x),impeller_cavitation,9.7562,3.0,2.6015
C_Day2_seg2,1220,cooldown,X_Pres.SV_norm,5.1168,X_Pres.SV_norm=5.117(5.1x),pressure_transient,5.1168,3.0,2.6015
C_Day2_seg2,1230,cooldown,X_Pres.SV_norm,5.1168,X_Pres.SV_norm=5.117(5.1x),pressure_transient,5.1168,3.0,2.6015
C_Day2_seg2,1240,cooldown,X_Pres.SV_norm,5.1168,X_Pres.SV_norm=5.117(5.1x),pressure_transient,5.1168,3.0,2.6015
C_Day2_seg2,1250,cooldown,X_Pres.SV_norm,5.1168,X_Pres.SV_norm=5.117(5.1x),pressure_transient,5.1168,3.0,2.6015
C_Day2_seg2,1260,cooldown,X_Pres.SV_norm,5.1168,X_Pres.SV_norm=5.117(5.1x),pressure_transient,5.1168,3.0,2.6015
C_Day2_seg2,1270,cooldown,X_Pres.SV_norm,5.1168,X_Pres.SV_norm=5.117(5.1x),pressure_transient,5.1168,3.0,2.6015
C_Day2_seg2,1280,cooldown,X_Pres.SV_norm,5.1168,X_Pres.SV_norm=5.117(5.1x),pressure_transient,5.1168,3.0,2.6015
C_Day2_seg2,1290,cooldown,X_Pres.SV_norm,5.1168,X_Pres.SV_norm=5.117(5.1x),pressure_transient,5.1168,3.0,2.6015
C_Day2_seg2,1300,cooldown,X_Pres.SV_norm,5.1168,X_Pres.SV_norm=5.117(5.1x),pressure_transient,5.1168,3.0,2.6015
C_Day2_seg2,1310,cooldown,X_Pres.SV_norm,5.1168,X_Pres.SV_norm=5.117(5.1x),pressure_transient,5.1168,3.0,2.6015
C_Day2_seg2,1320,cooldown,X_Pres.SV_norm,5.1168,X_Pres.SV_norm=5.117(5.1x),pressure_transient,5.1168,3.0,2.6015
C_Day2_seg2,1330,cooldown,X_Pres.SV_norm,4.9969,X_Pres.SV_norm=4.997(5.0x),pressure_transient,4.9969,3.0,2.6015
C_Day2_seg2,1340,cooldown,X_Pres.SV_norm,5.0375,X_Pres.SV_norm=5.037(5.0x),pressure_transient,5.0375,3.0,2.6015
C_Day2_seg2,1350,cooldown,X_Pres.SV_norm,5.0375,X_Pres.SV_norm=5.037(5.0x),pressure_transient,5.0375,3.0,2.6015
C_Day2_seg2,1360,cooldown,X_Pres.SV_norm,5.0375,X_Pres.SV_norm=5.037(5.0x),pressure_transient,5.0375,3.0,2.6015
C_Day2_seg2,1370,cooldown,X_Pres.SV_norm,5.0375,X_Pres.SV_norm=5.037(5.0x),pressure_transient,5.0375,3.0,2.6015
C_Day2_seg2,1380,cooldown,X_Pres.SV_norm,5.0375,X_Pres.SV_norm=5.037(5.0x),pressure_transient,5.0375,3.0,2.6015
C_Day2_seg2,1390,cooldown,X_Pres.SV_norm,5.0375,X_Pres.SV_norm=5.037(5.0x),pressure_transient,5.0375,3.0,2.6015
C_Day2_seg2,1400,cooldown,X_Pres.SV_norm,5.0375,X_Pres.SV_norm=5.037(5.0x),pressure_transient,5.0375,3.0,2.6015
C_Day2_seg2,1410,cooldown,X_Pres.SV_norm,5.0375,X_Pres.SV_norm=5.037(5.0x),pressure_transient,5.0375,3.0,2.6015
C_Day2_seg2,1420,cooldown,X_Pres.SV_norm,5.0375,X_Pres.SV_norm=5.037(5.0x),pressure_transient,5.0375,3.0,2.6015
C_Day2_seg2,1430,cooldown,X_Pres.SV_norm,5.0375,X_Pres.SV_norm=5.037(5.0x),pressure_transient,5.0375,3.0,2.6015
C_Day2_seg2,1440,cooldown,X_Pres.SV_norm,5.0375,X_Pres.SV_norm=5.037(5.0x),pressure_transient,5.0375,3.0,2.6015
C_Day2_seg2,1450,cooldown,X_Pres.SV_norm,5.0375,X_Pres.SV_norm=5.037(5.0x),pressure_transient,5.0375,3.0,2.6015
C_Day2_seg2,1460,cooldown,X_Pres.SV_norm,4.9889,X_Pres.SV_norm=4.989(5.0x),pressure_transient,4.9889,3.0,2.6015
C_Day2_seg2,1470,cooldown,X_Pres.SV_norm,4.9889,X_Pres.SV_norm=4.989(5.0x),pressure_transient,4.9889,3.0,2.6015
C_Day2_seg2,1480,cooldown,X_Pres.SV_norm,4.9889,X_Pres.SV_norm=4.989(5.0x),pressure_transient,4.9889,3.0,2.6015
C_Day2_seg2,1490,cooldown,X_Pres.SV_norm,4.9889,X_Pres.SV_norm=4.989(5.0x),pressure_transient,4.9889,3.0,2.6015
C_Day2_seg2,1500,cooldown,X_Pres.SV_norm,4.9889,X_Pres.SV_norm=4.989(5.0x),pressure_transient,4.9889,3.0,2.6015
C_Day2_seg2,1510,cooldown,X_Pres.SV_norm,4.8807,X_Pres.SV_norm=4.881(4.9x),pressure_transient,4.8807,3.0,2.6015
C_Day2_seg2,1520,cooldown,X_Pres.SV_norm,4.9505,X_Pres.SV_norm=4.951(5.0x),pressure_transient,4.9505,3.0,2.6015
C_Day2_seg2,1530,cooldown,X_Pres.SV_norm,4.9505,X_Pres.SV_norm=4.951(5.0x),pressure_transient,4.9505,3.0,2.6015
C_Day2_seg2,1540,cooldown,X_Pres.SV_norm,4.9505,X_Pres.SV_norm=4.951(5.0x),pressure_transient,4.9505,3.0,2.6015
C_Day2_seg2,1550,cooldown,X_Pres.SV_norm,4.9505,X_Pres.SV_norm=4.951(5.0x),pressure_transient,4.9505,3.0,2.6015
C_Day2_seg2,1560,cooldown,X_Pres.SV_norm,4.9505,X_Pres.SV_norm=4.951(5.0x),pressure_transient,4.9505,3.0,2.6015
C_Day2_seg2,1570,cooldown,X_Pres.SV_norm,4.9505,X_Pres.SV_norm=4.951(5.0x),pressure_transient,4.9505,3.0,2.6015
C_Day2_seg2,1580,cooldown,X_Pres.SV_norm,4.9505,X_Pres.SV_norm=4.951(5.0x),pressure_transient,4.9505,3.0,2.6015
C_Day2_seg2,1590,cooldown,X_Pres.SV_norm,5.0743,X_Pres.SV_norm=5.074(5.1x),pressure_transient,5.0743,3.0,2.6015
C_Day2_seg2,1600,cooldown,X_Pres.SV_norm,5.0743,X_Pres.SV_norm=5.074(5.1x),pressure_transient,5.0743,3.0,2.6015
C_Day2_seg2,1610,cooldown,X_Pres.SV_norm,5.0743,X_Pres.SV_norm=5.074(5.1x),pressure_transient,5.0743,3.0,2.6015
C_Day2_seg2,1620,cooldown,X_Pres.SV_norm,5.0743,X_Pres.SV_norm=5.074(5.1x),pressure_transient,5.0743,3.0,2.6015
C_Day2_seg2,1630,cooldown,X_Pres.SV_norm,5.0743,X_Pres.SV_norm=5.074(5.1x),pressure_transient,5.0743,3.0,2.6015
C_Day2_seg2,1640,cooldown,X_Pres.SV_norm,5.0743,X_Pres.SV_norm=5.074(5.1x),pressure_transient,5.0743,3.0,2.6015
C_Day2_seg2,1650,cooldown,X_Pres.SV_norm,5.0743,X_Pres.SV_norm=5.074(5.1x),pressure_transient,5.0743,3.0,2.6015
C_Day2_seg2,1660,cooldown,X_Pres.SV_norm,5.0743,X_Pres.SV_norm=5.074(5.1x),pressure_transient,5.0743,3.0,2.6015
C_Day2_seg2,1670,cooldown,X_Pres.SV_norm,5.0743,X_Pres.SV_norm=5.074(5.1x),pressure_transient,5.0743,3.0,2.6015
C_Day2_seg2,1680,cooldown,X_Pres.SV_norm,5.0743,X_Pres.SV_norm=5.074(5.1x),pressure_transient,5.0743,3.0,2.6015
C_Day2_seg2,1690,cooldown,X_Pres.SV_norm,4.8562,X_Pres.SV_norm=4.856(4.9x),pressure_transient,4.8562,3.0,2.6015
C_Day2_seg2,1700,cooldown,X_Pres.SV_norm,4.8562,X_Pres.SV_norm=4.856(4.9x),pressure_transient,4.8562,3.0,2.6015
C_Day2_seg2,1710,cooldown,X_Pres.SV_norm,4.9834,X_Pres.SV_norm=4.983(5.0x),pressure_transient,4.9834,3.0,2.6015
C_Day2_seg2,1720,cooldown,X_Pres.SV_norm,4.9834,X_Pres.SV_norm=4.983(5.0x),pressure_transient,4.9834,3.0,2.6015
C_Day2_seg2,1730,cooldown,X_Pres.SV_norm,4.9834,X_Pres.SV_norm=4.983(5.0x),pressure_transient,4.9834,3.0,2.6015
C_Day2_seg2,1740,cooldown,X_Pres.SV_norm,4.9834,X_Pres.SV_norm=4.983(5.0x),pressure_transient,4.9834,3.0,2.6015
C_Day2_seg2,1750,cooldown,X_Pres.SV_norm,4.9834,X_Pres.SV_norm=4.983(5.0x),pressure_transient,4.9834,3.0,2.6015
C_Day2_seg2,1760,cooldown,X_Pres.SV_norm,5.1522,X_Pres.SV_norm=5.152(5.2x),pressure_transient,5.1522,3.0,2.6015
C_Day2_seg2,1770,cooldown,X_Pres.SV_norm,5.1522,X_Pres.SV_norm=5.152(5.2x),pressure_transient,5.1522,3.0,2.6015
C_Day2_seg2,1780,cooldown,X_Pres.SV_norm,5.1522,X_Pres.SV_norm=5.152(5.2x),pressure_transient,5.1522,3.0,2.6015
C_Day2_seg2,1790,cooldown,X_Pres.SV_norm,5.1522,X_Pres.SV_norm=5.152(5.2x),pressure_transient,5.1522,3.0,2.6015
C_Day2_seg2,1800,cooldown,X_Pres.SV_norm,5.1522,X_Pres.SV_norm=5.152(5.2x),pressure_transient,5.1522,3.0,2.6015
C_Day2_seg2,1810,cooldown,X_Pres.SV_norm,5.1522,X_Pres.SV_norm=5.152(5.2x),pressure_transient,5.1522,3.0,2.6015
C_Day2_seg2,1820,cooldown,X_Pres.SV_norm,5.1522,X_Pres.SV_norm=5.152(5.2x),pressure_transient,5.1522,3.0,2.6015
C_Day2_seg2,1830,cooldown,X_Pres.SV_norm,5.1522,X_Pres.SV_norm=5.152(5.2x),pressure_transient,5.1522,3.0,2.6015
C_Day2_seg2,1840,cooldown,X_Pres.SV_norm,5.1522,X_Pres.SV_norm=5.152(5.2x),pressure_transient,5.1522,3.0,2.6015
C_Day2_seg2,1850,cooldown,X_Pres.SV_norm,5.1522,X_Pres.SV_norm=5.152(5.2x),pressure_transient,5.1522,3.0,2.6015
C_Day2_seg2,1860,cooldown,X_Pres.SV_norm,5.1522,X_Pres.SV_norm=5.152(5.2x),pressure_transient,5.1522,3.0,2.6015
C_Day2_seg2,1870,cooldown,X_Pres.SV_norm,4.9817,X_Pres.SV_norm=4.982(5.0x),pressure_transient,4.9817,3.0,2.6015
C_Day2_seg2,1880,cooldown,X_Pres.SV_norm,5.012,X_Pres.SV_norm=5.012(5.0x),pressure_transient,5.012,3.0,2.6015
C_Day2_seg2,1890,cooldown,X_Pres.SV_norm,5.012,X_Pres.SV_norm=5.012(5.0x),pressure_transient,5.012,3.0,2.6015
C_Day2_seg2,1900,cooldown,X_Pres.SV_norm,5.012,X_Pres.SV_norm=5.012(5.0x),pressure_transient,5.012,3.0,2.6015
C_Day2_seg2,1910,cooldown,X_Pres.SV_norm,5.012,X_Pres.SV_norm=5.012(5.0x),pressure_transient,5.012,3.0,2.6015
C_Day2_seg2,1920,cooldown,X_Pres.SV_norm,5.012,X_Pres.SV_norm=5.012(5.0x),pressure_transient,5.012,3.0,2.6015
C_Day2_seg2,1930,cooldown,X_Pres.SV_norm,5.012,X_Pres.SV_norm=5.012(5.0x),pressure_transient,5.012,3.0,2.6015
C_Day2_seg2,1940,cooldown,X_Pres.SV_norm,5.1245,X_Pres.SV_norm=5.125(5.1x),pressure_transient,5.1245,3.0,2.6015
C_Day2_seg2,1950,cooldown,X_Pres.SV_norm,5.1245,X_Pres.SV_norm=5.125(5.1x),pressure_transient,5.1245,3.0,2.6015
C_Day2_seg2,1960,cooldown,X_Pres.SV_norm,5.1245,X_Pres.SV_norm=5.125(5.1x),pressure_transient,5.1245,3.0,2.6015
C_Day2_seg2,1970,cooldown,X_Pres.SV_norm,5.1245,X_Pres.SV_norm=5.125(5.1x),pressure_transient,5.1245,3.0,2.6015
C_Day2_seg2,1980,cooldown,X_Pres.SV_norm,5.1245,X_Pres.SV_norm=5.125(5.1x),pressure_transient,5.1245,3.0,2.6015
C_Day2_seg2,1990,cooldown,X_Pres.SV_norm,5.1245,X_Pres.SV_norm=5.125(5.1x),pressure_transient,5.1245,3.0,2.6015
C_Day2_seg2,2000,cooldown,X_Pres.SV_norm,5.1245,X_Pres.SV_norm=5.125(5.1x),pressure_transient,5.1245,3.0,2.6015
C_Day2_seg2,2010,cooldown,X_Pres.SV_norm,5.1245,X_Pres.SV_norm=5.125(5.1x),pressure_transient,5.1245,3.0,2.6015
C_Day2_seg2,2020,cooldown,X_Pres.SV_norm,5.1245,X_Pres.SV_norm=5.125(5.1x),pressure_transient,5.1245,3.0,2.6015
C_Day2_seg2,2030,cooldown,X_Pres.SV_norm,5.1245,X_Pres.SV_norm=5.125(5.1x),pressure_transient,5.1245,3.0,2.6015
C_Day2_seg2,2040,cooldown,X_Pres.SV_norm,5.1245,X_Pres.SV_norm=5.125(5.1x),pressure_transient,5.1245,3.0,2.6015
C_Day2_seg2,2050,cooldown,X_Pres.SV_norm,4.968,X_Pres.SV_norm=4.968(5.0x),pressure_transient,4.968,3.0,2.6015
C_Day2_seg2,2060,cooldown,X_Pres.SV_norm,4.9831,X_Pres.SV_norm=4.983(5.0x),pressure_transient,4.9831,3.0,2.6015
C_Day2_seg2,2070,cooldown,X_Pres.SV_norm,4.9831,X_Pres.SV_norm=4.983(5.0x),pressure_transient,4.9831,3.0,2.6015
C_Day2_seg2,2080,cooldown,X_Pres.SV_norm,4.9831,X_Pres.SV_norm=4.983(5.0x),pressure_transient,4.9831,3.0,2.6015
C_Day2_seg2,2090,cooldown,X_Pres.SV_norm,4.9831,X_Pres.SV_norm=4.983(5.0x),pressure_transient,4.9831,3.0,2.6015
C_Day2_seg2,2100,cooldown,X_Pres.SV_norm,4.9831,X_Pres.SV_norm=4.983(5.0x),pressure_transient,4.9831,3.0,2.6015
C_Day2_seg2,2110,cooldown,X_Pres.SV_norm,4.9831,X_Pres.SV_norm=4.983(5.0x),pressure_transient,4.9831,3.0,2.6015
C_Day2_seg2,2120,cooldown,X_Pres.SV_norm,4.9831,X_Pres.SV_norm=4.983(5.0x),pressure_transient,4.9831,3.0,2.6015
C_Day2_seg2,2130,cooldown,X_Pres.SV_norm,4.9831,X_Pres.SV_norm=4.983(5.0x),pressure_transient,4.9831,3.0,2.6015
C_Day2_seg2,2140,cooldown,X_Pres.SV_norm,4.9831,X_Pres.SV_norm=4.983(5.0x),pressure_transient,4.9831,3.0,2.6015
C_Day2_seg2,2150,cooldown,X_Pres.SV_norm,4.9831,X_Pres.SV_norm=4.983(5.0x),pressure_transient,4.9831,3.0,2.6015
C_Day2_seg2,2160,cooldown,X_Pres.SV_norm,4.9831,X_Pres.SV_norm=4.983(5.0x),pressure_transient,4.9831,3.0,2.6015
C_Day2_seg2,2170,cooldown,X_Pres.SV_norm,4.9831,X_Pres.SV_norm=4.983(5.0x),pressure_transient,4.9831,3.0,2.6015
C_Day2_seg2,2180,cooldown,X_Pres.SV_norm,5.0556,X_Pres.SV_norm=5.056(5.1x),pressure_transient,5.0556,3.0,2.6015
C_Day2_seg2,2190,cooldown,X_Pres.SV_norm,5.0556,X_Pres.SV_norm=5.056(5.1x),pressure_transient,5.0556,3.0,2.6015
C_Day2_seg2,2200,cooldown,X_Pres.SV_norm,5.0556,X_Pres.SV_norm=5.056(5.1x),pressure_transient,5.0556,3.0,2.6015
C_Day2_seg2,2210,cooldown,X_Pres.SV_norm,5.0556,X_Pres.SV_norm=5.056(5.1x),pressure_transient,5.0556,3.0,2.6015
C_Day2_seg2,2220,cooldown,X_Pres.SV_norm,5.0556,X_Pres.SV_norm=5.056(5.1x),pressure_transient,5.0556,3.0,2.6015
C_Day2_seg2,2230,cooldown,X_Pres.SV_norm,5.0556,X_Pres.SV_norm=5.056(5.1x),pressure_transient,5.0556,3.0,2.6015
C_Day2_seg2,2240,cooldown,X_Pres.SV_norm,5.0556,X_Pres.SV_norm=5.056(5.1x),pressure_transient,5.0556,3.0,2.6015
C_Day2_seg2,2250,cooldown,X_Pres.SV_norm,5.0556,X_Pres.SV_norm=5.056(5.1x),pressure_transient,5.0556,3.0,2.6015
C_Day2_seg2,2260,cooldown,X_Pres.SV_norm,5.0556,X_Pres.SV_norm=5.056(5.1x),pressure_transient,5.0556,3.0,2.6015
C_Day2_seg2,2270,cooldown,X_Pres.SV_norm,5.0556,X_Pres.SV_norm=5.056(5.1x),pressure_transient,5.0556,3.0,2.6015
C_Day2_seg2,2280,cooldown,X_Pres.SV_norm,5.0556,X_Pres.SV_norm=5.056(5.1x),pressure_transient,5.0556,3.0,2.6015
C_Day2_seg2,2290,cooldown,X_Pres.SV_norm,4.9977,X_Pres.SV_norm=4.998(5.0x),pressure_transient,4.9977,3.0,2.6015
C_Day2_seg2,2300,cooldown,X_Pres.SV_norm,4.9977,X_Pres.SV_norm=4.998(5.0x),pressure_transient,4.9977,3.0,2.6015
C_Day2_seg2,2310,cooldown,X_Pres.SV_norm,4.9977,X_Pres.SV_norm=4.998(5.0x),pressure_transient,4.9977,3.0,2.6015
C_Day2_seg2,2320,cooldown,X_Pres.SV_norm,4.9977,X_Pres.SV_norm=4.998(5.0x),pressure_transient,4.9977,3.0,2.6015
C_Day2_seg2,2330,cooldown,X_Pres.SV_norm,4.9977,X_Pres.SV_norm=4.998(5.0x),pressure_transient,4.9977,3.0,2.6015
C_Day2_seg2,2340,cooldown,X_Pres.SV_norm,4.9977,X_Pres.SV_norm=4.998(5.0x),pressure_transient,4.9977,3.0,2.6015
C_Day2_seg2,2350,cooldown,X_Pres.SV_norm,4.9616,X_Pres.SV_norm=4.962(5.0x),pressure_transient,4.9616,3.0,2.6015
C_Day2_seg2,2360,cooldown,X_Pres.SV_norm,5.043,X_Pres.SV_norm=5.043(5.0x),pressure_transient,5.043,3.0,2.6015
C_Day2_seg2,2370,cooldown,X_Pres.SV_norm,5.043,X_Pres.SV_norm=5.043(5.0x),pressure_transient,5.043,3.0,2.6015
C_Day2_seg2,2380,cooldown,X_Pres.SV_norm,5.043,X_Pres.SV_norm=5.043(5.0x),pressure_transient,5.043,3.0,2.6015
C_Day2_seg2,2390,cooldown,X_Pres.SV_norm,5.043,X_Pres.SV_norm=5.043(5.0x),pressure_transient,5.043,3.0,2.6015
C_Day2_seg2,2400,cooldown,X_Pres.SV_norm,5.043,X_Pres.SV_norm=5.043(5.0x),pressure_transient,5.043,3.0,2.6015
C_Day2_seg2,2410,cooldown,X_Pres.SV_norm,5.043,X_Pres.SV_norm=5.043(5.0x),pressure_transient,5.043,3.0,2.6015
C_Day2_seg2,2420,cooldown,X_Pres.SV_norm,5.043,X_Pres.SV_norm=5.043(5.0x),pressure_transient,5.043,3.0,2.6015
C_Day2_seg2,2430,cooldown,X_Pres.SV_norm,5.043,X_Pres.SV_norm=5.043(5.0x),pressure_transient,5.043,3.0,2.6015
C_Day2_seg2,2440,cooldown,X_Pres.SV_norm,5.043,X_Pres.SV_norm=5.043(5.0x),pressure_transient,5.043,3.0,2.6015
C_Day2_seg2,2450,cooldown,X_Pres.SV_norm,5.043,X_Pres.SV_norm=5.043(5.0x),pressure_transient,5.043,3.0,2.6015
C_Day2_seg2,2460,cooldown,X_Pres.SV_norm,5.043,X_Pres.SV_norm=5.043(5.0x),pressure_transient,5.043,3.0,2.6015
C_Day2_seg2,2470,cooldown,X_Pres.SV_norm,4.9926,X_Pres.SV_norm=4.993(5.0x),pressure_transient,4.9926,3.0,2.6015
C_Day2_seg2,2480,cooldown,X_Pres.SV_norm,4.9926,X_Pres.SV_norm=4.993(5.0x),pressure_transient,4.9926,3.0,2.6015
C_Day2_seg2,2490,cooldown,X_Pres.SV_norm,4.9926,X_Pres.SV_norm=4.993(5.0x),pressure_transient,4.9926,3.0,2.6015
C_Day2_seg2,2500,cooldown,X_Pres.SV_norm,4.9926,X_Pres.SV_norm=4.993(5.0x),pressure_transient,4.9926,3.0,2.6015
C_Day2_seg2,2510,cooldown,X_Pres.SV_norm,4.9926,X_Pres.SV_norm=4.993(5.0x),pressure_transient,4.9926,3.0,2.6015
C_Day2_seg2,2520,cooldown,X_Pres.SV_norm,4.9926,X_Pres.SV_norm=4.993(5.0x),pressure_transient,4.9926,3.0,2.6015
C_Day2_seg2,2530,cooldown,X_Pres.SV_norm,4.9655,X_Pres.SV_norm=4.966(5.0x),pressure_transient,4.9655,3.0,2.6015
C_Day2_seg2,2540,cooldown,X_Pres.SV_norm,4.9655,X_Pres.SV_norm=4.966(5.0x),pressure_transient,4.9655,3.0,2.6015
C_Day2_seg2,2550,cooldown,X_Pres.SV_norm,5.0105,X_Pres.SV_norm=5.011(5.0x),pressure_transient,5.0105,3.0,2.6015
C_Day2_seg2,2560,cooldown,X_Pres.SV_norm,5.0105,X_Pres.SV_norm=5.011(5.0x),pressure_transient,5.0105,3.0,2.6015
C_Day2_seg2,2570,cooldown,X_Pres.SV_norm,5.0105,X_Pres.SV_norm=5.011(5.0x),pressure_transient,5.0105,3.0,2.6015
C_Day2_seg2,2580,cooldown,X_Pres.SV_norm,5.0105,X_Pres.SV_norm=5.011(5.0x),pressure_transient,5.0105,3.0,2.6015
C_Day2_seg2,2590,cooldown,X_Pres.SV_norm,5.0105,X_Pres.SV_norm=5.011(5.0x),pressure_transient,5.0105,3.0,2.6015
C_Day2_seg2,2600,cooldown,X_Pres.SV_norm,5.0196,X_Pres.SV_norm=5.020(5.0x),pressure_transient,5.0196,3.0,2.6015
C_Day2_seg2,2610,cooldown,X_Pres.SV_norm,5.0196,X_Pres.SV_norm=5.020(5.0x),pressure_transient,5.0196,3.0,2.6015
C_Day2_seg2,2620,cooldown,X_Pres.SV_norm,5.0196,X_Pres.SV_norm=5.020(5.0x),pressure_transient,5.0196,3.0,2.6015
C_Day2_seg2,2630,cooldown,X_Pres.SV_norm,5.0196,X_Pres.SV_norm=5.020(5.0x),pressure_transient,5.0196,3.0,2.6015
C_Day2_seg2,2640,cooldown,X_Pres.SV_norm,5.0196,X_Pres.SV_norm=5.020(5.0x),pressure_transient,5.0196,3.0,2.6015
C_Day2_seg2,2650,cooldown,X_Pres.SV_norm,5.0196,X_Pres.SV_norm=5.020(5.0x),pressure_transient,5.0196,3.0,2.6015
C_Day2_seg2,2660,cooldown,X_Pres.SV_norm,5.0196,X_Pres.SV_norm=5.020(5.0x),pressure_transient,5.0196,3.0,2.6015
C_Day2_seg2,2670,cooldown,X_Pres.SV_norm,5.0196,X_Pres.SV_norm=5.020(5.0x),pressure_transient,5.0196,3.0,2.6015
C_Day2_seg2,2680,cooldown,X_Pres.SV_norm,5.0196,X_Pres.SV_norm=5.020(5.0x),pressure_transient,5.0196,3.0,2.6015
C_Day2_seg2,2690,cooldown,X_Pres.SV_norm,5.0196,X_Pres.SV_norm=5.020(5.0x),pressure_transient,5.0196,3.0,2.6015
C_Day2_seg2,2700,cooldown,X_Pres.SV_norm,5.0196,X_Pres.SV_norm=5.020(5.0x),pressure_transient,5.0196,3.0,2.6015
C_Day2_seg2,2710,cooldown,X_Pres.SV_norm,4.9766,X_Pres.SV_norm=4.977(5.0x),pressure_transient,4.9766,3.0,2.6015
C_Day2_seg2,2720,cooldown,X_Pres.SV_norm,5.0398,X_Pres.SV_norm=5.040(5.0x),pressure_transient,5.0398,3.0,2.6015
C_Day2_seg2,2730,cooldown,X_Pres.SV_norm,5.0398,X_Pres.SV_norm=5.040(5.0x),pressure_transient,5.0398,3.0,2.6015
C_Day2_seg2,2740,cooldown,X_ACR_Mot.SV_norm,22.108,X_Pres.SV_norm=5.040(5.0x) | X_ACR_Mot.SV_norm=22.108(22.1x) | X_ACR_Mot.PV_norm=1.935(1.9x),bearing_impact,22.1081,3.0,2.6015
C_Day2_seg2,2750,cooldown,X_ACR_Mot.SV_norm,22.108,X_Pres.SV_norm=5.040(5.0x) | X_ACR_Mot.SV_norm=22.108(22.1x) | X_ACR_Mot.PV_norm=1.935(1.9x),bearing_impact,22.1081,3.0,2.6015
C_Day2_seg2,2760,cooldown,X_ACR_Mot.SV_norm,22.108,X_Pres.SV_norm=5.040(5.0x) | X_ACR_Mot.SV_norm=22.108(22.1x) | X_ACR_Mot.PV_norm=1.935(1.9x),bearing_impact,22.1081,3.0,2.6015
C_Day2_seg2,2770,cooldown,X_ACR_Mot.SV_norm,22.108,X_Pres.SV_norm=5.040(5.0x) | X_ACR_Mot.SV_norm=22.108(22.1x) | X_ACR_Mot.PV_norm=1.935(1.9x),bearing_impact,22.1081,3.0,2.6015
C_Day2_seg2,2780,cooldown,X_ACR_Mot.SV_norm,22.108,X_Pres.SV_norm=5.040(5.0x) | X_ACR_Mot.SV_norm=22.108(22.1x) | X_ACR_Mot.PV_norm=1.935(1.9x),bearing_impact,22.1081,3.0,2.6015
C_Day2_seg2,2790,cooldown,X_ACR_Mot.SV_norm,22.108,X_Pres.SV_norm=5.040(5.0x) | X_ACR_Mot.SV_norm=22.108(22.1x) | X_ACR_Mot.PV_norm=1.935(1.9x),bearing_impact,22.1081,3.0,2.6015
C_Day2_seg2,2800,cooldown,X_ACR_Mot.SV_norm,22.108,X_Pres.SV_norm=5.040(5.0x) | X_ACR_Mot.SV_norm=22.108(22.1x) | X_ACR_Mot.PV_norm=1.935(1.9x),bearing_impact,22.1081,3.0,2.6015
C_Day2_seg2,2810,cooldown,X_ACR_Mot.SV_norm,22.108,X_Pres.SV_norm=5.040(5.0x) | X_ACR_Mot.SV_norm=22.108(22.1x) | X_ACR_Mot.PV_norm=1.935(1.9x),bearing_impact,22.1081,3.0,2.6015
C_Day2_seg2,2820,cooldown,X_ACR_Mot.SV_norm,22.108,X_Pres.SV_norm=5.040(5.0x) | X_ACR_Mot.SV_norm=22.108(22.1x) | X_ACR_Mot.PV_norm=1.935(1.9x),bearing_impact,22.1081,3.0,2.6015
C_Day2_seg2,2830,steady_state,X_ACR_Mot.SV_norm,22.1081,X_Pres.SV_norm=4.995(5.0x) | X_ACR_Mot.SV_norm=22.108(22.1x) | X_ACR_Mot.PV_norm=1.935(1.9x),bearing_impact,22.1081,5.6,2.5997
C_Day2_seg2,2840,steady_state,X_ACR_Mot.SV_norm,22.1081,X_Pres.SV_norm=4.995(5.0x) | X_ACR_Mot.SV_norm=22.108(22.1x) | X_ACR_Mot.PV_norm=1.935(1.9x),bearing_impact,22.1081,5.6,2.5997
