seq_id,label,fault_type,severity,fault_stage,source,cluster_id,seed_idx,fail_type,fail_channel
0,0,normal,0.0,normal,real_cira,0,-1,,
1,0,normal,0.0,normal,real_cira,2,-1,,
2,0,normal,0.0,normal,real_cira,0,-1,,
3,0,normal,0.0,normal,real_cira,0,-1,,
4,0,normal,0.0,normal,real_cira,1,-1,,
5,0,normal,0.0,normal,real_cira,3,-1,,
6,0,normal,0.0,normal,real_cira,3,-1,,
7,0,normal,0.0,normal,real_cira,0,-1,,
8,0,normal,0.0,normal,real_cira,2,-1,,
9,0,normal,0.0,normal,real_cira,2,-1,,
10,0,normal,0.0,normal,real_cira,0,-1,,
11,0,normal,0.0,normal,real_cira,0,-1,,
12,0,normal,0.0,normal,real_cira,3,-1,,
13,0,normal,0.0,normal,real_cira,0,-1,,
14,0,normal,0.0,normal,real_cira,3,-1,,
15,0,normal,0.0,normal,real_cira,0,-1,,
16,0,normal,0.0,normal,real_cira,0,-1,,
17,0,normal,0.0,normal,real_cira,3,-1,,
18,0,normal,0.0,normal,real_cira,0,-1,,
19,0,normal,0.0,normal,real_cira,3,-1,,
20,0,normal,0.0,normal,real_cira,2,-1,,
21,0,normal,0.0,normal,real_cira,0,-1,,
22,0,normal,0.0,normal,real_cira,2,-1,,
23,0,normal,0.0,normal,real_cira,0,-1,,
24,0,normal,0.0,normal,real_cira,0,-1,,
25,0,normal,0.0,normal,real_cira,2,-1,,
26,0,normal,0.0,normal,real_cira,0,-1,,
27,0,normal,0.0,normal,real_cira,0,-1,,
28,0,normal,0.0,normal,real_cira,0,-1,,
29,0,normal,0.0,normal,real_cira,2,-1,,
30,0,normal,0.0,normal,real_cira,0,-1,,
31,0,normal,0.0,normal,real_cira,0,-1,,
32,0,normal,0.0,normal,real_cira,0,-1,,
33,0,normal,0.0,normal,real_cira,2,-1,,
34,0,normal,0.0,normal,real_cira,3,-1,,
35,0,normal,0.0,normal,real_cira,3,-1,,
36,0,normal,0.0,normal,real_cira,0,-1,,
37,0,normal,0.0,normal,real_cira,0,-1,,
38,0,normal,0.0,normal,real_cira,0,-1,,
39,0,normal,0.0,normal,real_cira,0,-1,,
40,0,normal,0.0,normal,real_cira,1,-1,,
41,0,normal,0.0,normal,real_cira,0,-1,,
42,0,normal,0.0,normal,real_cira,1,-1,,
43,0,normal,0.0,normal,real_cira,1,-1,,
44,0,normal,0.0,normal,real_cira,0,-1,,
45,0,normal,0.0,normal,real_cira,0,-1,,
46,0,normal,0.0,normal,real_cira,0,-1,,
47,0,normal,0.0,normal,real_cira,3,-1,,
48,0,normal,0.0,normal,real_cira,0,-1,,
49,0,normal,0.0,normal,real_cira,2,-1,,
50,0,normal,0.0,normal,real_cira,3,-1,,
51,0,normal,0.0,normal,real_cira,1,-1,,
52,0,normal,0.0,normal,real_cira,0,-1,,
53,0,normal,0.0,normal,real_cira,0,-1,,
54,0,normal,0.0,normal,real_cira,0,-1,,
55,0,normal,0.0,normal,real_cira,0,-1,,
56,0,normal,0.0,normal,real_cira,0,-1,,
57,0,normal,0.0,normal,real_cira,2,-1,,
58,0,normal,0.0,normal,real_cira,3,-1,,
59,0,normal,0.0,normal,real_cira,2,-1,,
60,0,normal,0.0,normal,real_cira,0,-1,,
61,0,normal,0.0,normal,real_cira,2,-1,,
62,0,normal,0.0,normal,real_cira,3,-1,,
63,0,normal,0.0,normal,real_cira,0,-1,,
64,0,normal,0.0,normal,real_cira,0,-1,,
65,0,normal,0.0,normal,real_cira,3,-1,,
66,0,normal,0.0,normal,real_cira,0,-1,,
67,0,normal,0.0,normal,real_cira,0,-1,,
68,0,normal,0.0,normal,real_cira,0,-1,,
69,0,normal,0.0,normal,real_cira,0,-1,,
70,0,normal,0.0,normal,real_cira,0,-1,,
71,0,normal,0.0,normal,real_cira,0,-1,,
72,0,normal,0.0,normal,real_cira,0,-1,,
73,0,normal,0.0,normal,real_cira,0,-1,,
74,0,normal,0.0,normal,real_cira,0,-1,,
75,0,normal,0.0,normal,real_cira,2,-1,,
76,0,normal,0.0,normal,real_cira,0,-1,,
77,0,normal,0.0,normal,real_cira,0,-1,,
78,0,normal,0.0,normal,real_cira,2,-1,,
79,0,normal,0.0,normal,real_cira,0,-1,,
80,0,normal,0.0,normal,real_cira,2,-1,,
81,0,normal,0.0,normal,real_cira,0,-1,,
82,0,normal,0.0,normal,real_cira,1,-1,,
83,0,normal,0.0,normal,real_cira,3,-1,,
84,0,normal,0.0,normal,real_cira,1,-1,,
85,0,normal,0.0,normal,real_cira,2,-1,,
86,0,normal,0.0,normal,real_cira,3,-1,,
87,0,normal,0.0,normal,real_cira,0,-1,,
88,0,normal,0.0,normal,real_cira,0,-1,,
89,0,normal,0.0,normal,real_cira,2,-1,,
90,0,normal,0.0,normal,real_cira,0,-1,,
91,0,normal,0.0,normal,real_cira,1,-1,,
92,0,normal,0.0,normal,real_cira,2,-1,,
93,0,normal,0.0,normal,real_cira,0,-1,,
94,0,normal,0.0,normal,real_cira,0,-1,,
95,0,normal,0.0,normal,real_cira,0,-1,,
96,0,normal,0.0,normal,real_cira,0,-1,,
97,0,normal,0.0,normal,real_cira,0,-1,,
98,0,normal,0.0,normal,real_cira,3,-1,,
99,0,normal,0.0,normal,real_cira,1,-1,,
100,0,normal,0.0,normal,real_cira,0,-1,,
101,0,normal,0.0,normal,real_cira,2,-1,,
102,0,normal,0.0,normal,real_cira,0,-1,,
103,0,normal,0.0,normal,real_cira,3,-1,,
104,0,normal,0.0,normal,real_cira,0,-1,,
105,0,normal,0.0,normal,real_cira,2,-1,,
106,0,normal,0.0,normal,real_cira,2,-1,,
107,0,normal,0.0,normal,real_cira,0,-1,,
108,0,normal,0.0,normal,real_cira,0,-1,,
109,0,normal,0.0,normal,real_cira,2,-1,,
110,0,normal,0.0,normal,real_cira,0,-1,,
111,0,normal,0.0,normal,real_cira,2,-1,,
112,0,normal,0.0,normal,real_cira,0,-1,,
113,0,normal,0.0,normal,real_cira,2,-1,,
114,0,normal,0.0,normal,real_cira,0,-1,,
115,0,normal,0.0,normal,real_cira,0,-1,,
116,0,normal,0.0,normal,real_cira,0,-1,,
117,0,normal,0.0,normal,real_cira,0,-1,,
118,0,normal,0.0,normal,real_cira,0,-1,,
119,0,normal,0.0,normal,real_cira,2,-1,,
120,0,normal,0.0,normal,real_cira,0,-1,,
121,0,normal,0.0,normal,real_cira,0,-1,,
122,0,normal,0.0,normal,real_cira,0,-1,,
123,0,normal,0.0,normal,real_cira,3,-1,,
124,0,normal,0.0,normal,real_cira,0,-1,,
125,0,normal,0.0,normal,real_cira,3,-1,,
126,0,normal,0.0,normal,real_cira,0,-1,,
127,0,normal,0.0,normal,real_cira,0,-1,,
128,0,normal,0.0,normal,real_cira,2,-1,,
129,0,normal,0.0,normal,real_cira,1,-1,,
130,0,normal,0.0,normal,real_cira,2,-1,,
131,0,normal,0.0,normal,real_cira,0,-1,,
132,0,normal,0.0,normal,real_cira,0,-1,,
133,0,normal,0.0,normal,real_cira,2,-1,,
134,0,normal,0.0,normal,real_cira,3,-1,,
135,0,normal,0.0,normal,real_cira,0,-1,,
136,0,normal,0.0,normal,real_cira,0,-1,,
137,0,normal,0.0,normal,real_cira,0,-1,,
138,0,normal,0.0,normal,real_cira,2,-1,,
139,0,normal,0.0,normal,real_cira,0,-1,,
140,0,normal,0.0,normal,real_cira,2,-1,,
141,0,normal,0.0,normal,real_cira,0,-1,,
142,0,normal,0.0,normal,real_cira,0,-1,,
143,0,normal,0.0,normal,real_cira,0,-1,,
144,0,normal,0.0,normal,real_cira,1,-1,,
145,0,normal,0.0,normal,real_cira,0,-1,,
146,0,normal,0.0,normal,real_cira,3,-1,,
147,0,normal,0.0,normal,real_cira,3,-1,,
148,0,normal,0.0,normal,real_cira,0,-1,,
149,0,normal,0.0,normal,real_cira,0,-1,,
150,0,normal,0.0,normal,real_cira,0,-1,,
151,0,normal,0.0,normal,real_cira,0,-1,,
152,0,normal,0.0,normal,real_cira,1,-1,,
153,0,normal,0.0,normal,real_cira,2,-1,,
154,0,normal,0.0,normal,real_cira,0,-1,,
155,0,normal,0.0,normal,real_cira,0,-1,,
156,0,normal,0.0,normal,real_cira,0,-1,,
157,0,normal,0.0,normal,real_cira,0,-1,,
158,0,normal,0.0,normal,real_cira,0,-1,,
159,0,normal,0.0,normal,real_cira,1,-1,,
160,0,normal,0.0,normal,real_cira,0,-1,,
161,0,normal,0.0,normal,real_cira,0,-1,,
162,0,normal,0.0,normal,real_cira,0,-1,,
163,0,normal,0.0,normal,real_cira,0,-1,,
164,0,normal,0.0,normal,real_cira,0,-1,,
165,0,normal,0.0,normal,real_cira,3,-1,,
166,0,normal,0.0,normal,real_cira,2,-1,,
167,0,normal,0.0,normal,real_cira,2,-1,,
168,0,normal,0.0,normal,real_cira,2,-1,,
169,0,normal,0.0,normal,real_cira,3,-1,,
170,0,normal,0.0,normal,real_cira,0,-1,,
171,0,normal,0.0,normal,real_cira,2,-1,,
172,0,normal,0.0,normal,real_cira,0,-1,,
173,0,normal,0.0,normal,real_cira,0,-1,,
174,0,normal,0.0,normal,real_cira,3,-1,,
175,0,normal,0.0,normal,real_cira,0,-1,,
176,0,normal,0.0,normal,real_cira,3,-1,,
177,0,normal,0.0,normal,real_cira,3,-1,,
178,0,normal,0.0,normal,real_cira,1,-1,,
179,0,normal,0.0,normal,real_cira,2,-1,,
180,0,normal,0.0,normal,real_cira,0,-1,,
181,0,normal,0.0,normal,real_cira,1,-1,,
182,0,normal,0.0,normal,real_cira,0,-1,,
183,0,normal,0.0,normal,real_cira,0,-1,,
184,0,normal,0.0,normal,real_cira,2,-1,,
185,0,normal,0.0,normal,real_cira,0,-1,,
186,0,normal,0.0,normal,real_cira,0,-1,,
187,0,normal,0.0,normal,real_cira,2,-1,,
188,0,normal,0.0,normal,real_cira,1,-1,,
189,0,normal,0.0,normal,real_cira,0,-1,,
190,0,normal,0.0,normal,real_cira,0,-1,,
191,0,normal,0.0,normal,real_cira,0,-1,,
192,0,normal,0.0,normal,real_cira,2,-1,,
193,0,normal,0.0,normal,real_cira,0,-1,,
194,0,normal,0.0,normal,real_cira,2,-1,,
195,0,normal,0.0,normal,real_cira,0,-1,,
196,0,normal,0.0,normal,real_cira,3,-1,,
197,0,normal,0.0,normal,real_cira,0,-1,,
198,0,normal,0.0,normal,real_cira,0,-1,,
199,0,normal,0.0,normal,real_cira,0,-1,,
200,0,normal,0.0,normal,real_cira,0,-1,,
201,0,normal,0.0,normal,real_cira,3,-1,,
202,0,normal,0.0,normal,real_cira,1,-1,,
203,0,normal,0.0,normal,real_cira,3,-1,,
204,0,normal,0.0,normal,real_cira,3,-1,,
205,0,normal,0.0,normal,real_cira,0,-1,,
206,0,normal,0.0,normal,real_cira,0,-1,,
207,0,normal,0.0,normal,real_cira,0,-1,,
208,0,normal,0.0,normal,real_cira,0,-1,,
209,0,normal,0.0,normal,real_cira,1,-1,,
210,0,normal,0.0,normal,real_cira,0,-1,,
211,0,normal,0.0,normal,real_cira,3,-1,,
212,0,normal,0.0,normal,real_cira,0,-1,,
213,0,normal,0.0,normal,real_cira,0,-1,,
214,0,normal,0.0,normal,real_cira,2,-1,,
215,0,normal,0.0,normal,real_cira,0,-1,,
216,0,normal,0.0,normal,real_cira,0,-1,,
217,0,normal,0.0,normal,real_cira,0,-1,,
218,0,normal,0.0,normal,real_cira,1,-1,,
219,0,normal,0.0,normal,real_cira,0,-1,,
220,0,normal,0.0,normal,real_cira,0,-1,,
221,0,normal,0.0,normal,real_cira,3,-1,,
222,0,normal,0.0,normal,real_cira,0,-1,,
223,0,normal,0.0,normal,real_cira,2,-1,,
224,0,normal,0.0,normal,real_cira,0,-1,,
225,0,normal,0.0,normal,real_cira,3,-1,,
226,0,normal,0.0,normal,real_cira,3,-1,,
227,0,normal,0.0,normal,real_cira,2,-1,,
228,0,normal,0.0,normal,real_cira,0,-1,,
229,0,normal,0.0,normal,real_cira,0,-1,,
230,0,normal,0.0,normal,real_cira,2,-1,,
231,0,normal,0.0,normal,real_cira,0,-1,,
232,0,normal,0.0,normal,real_cira,3,-1,,
233,0,normal,0.0,normal,real_cira,2,-1,,
234,0,normal,0.0,normal,real_cira,2,-1,,
235,0,normal,0.0,normal,real_cira,0,-1,,
236,0,normal,0.0,normal,real_cira,0,-1,,
237,0,normal,0.0,normal,real_cira,0,-1,,
238,0,normal,0.0,normal,real_cira,0,-1,,
239,0,normal,0.0,normal,real_cira,0,-1,,
240,0,normal,0.0,normal,real_cira,0,-1,,
241,0,normal,0.0,normal,real_cira,2,-1,,
242,0,normal,0.0,normal,real_cira,2,-1,,
243,0,normal,0.0,normal,real_cira,0,-1,,
244,0,normal,0.0,normal,real_cira,1,-1,,
245,0,normal,0.0,normal,real_cira,2,-1,,
246,0,normal,0.0,normal,real_cira,2,-1,,
247,0,normal,0.0,normal,real_cira,2,-1,,
248,0,normal,0.0,normal,real_cira,0,-1,,
249,0,normal,0.0,normal,real_cira,0,-1,,
250,0,normal,0.0,normal,real_cira,0,-1,,
251,0,normal,0.0,normal,real_cira,3,-1,,
252,0,normal,0.0,normal,real_cira,0,-1,,
253,0,normal,0.0,normal,real_cira,1,-1,,
254,0,normal,0.0,normal,real_cira,0,-1,,
255,0,normal,0.0,normal,real_cira,2,-1,,
256,0,normal,0.0,normal,real_cira,2,-1,,
257,0,normal,0.0,normal,real_cira,1,-1,,
258,0,normal,0.0,normal,real_cira,0,-1,,
259,0,normal,0.0,normal,real_cira,0,-1,,
260,0,normal,0.0,normal,real_cira,0,-1,,
261,0,normal,0.0,normal,real_cira,0,-1,,
262,0,normal,0.0,normal,real_cira,0,-1,,
263,0,normal,0.0,normal,real_cira,0,-1,,
264,0,normal,0.0,normal,real_cira,0,-1,,
265,0,normal,0.0,normal,real_cira,0,-1,,
266,0,normal,0.0,normal,real_cira,3,-1,,
267,0,normal,0.0,normal,real_cira,0,-1,,
268,0,normal,0.0,normal,real_cira,0,-1,,
269,0,normal,0.0,normal,real_cira,3,-1,,
270,0,normal,0.0,normal,real_cira,0,-1,,
271,0,normal,0.0,normal,real_cira,0,-1,,
272,0,normal,0.0,normal,real_cira,0,-1,,
273,0,normal,0.0,normal,real_cira,0,-1,,
274,0,normal,0.0,normal,real_cira,0,-1,,
275,0,normal,0.0,normal,real_cira,0,-1,,
276,0,normal,0.0,normal,real_cira,1,-1,,
277,0,normal,0.0,normal,real_cira,0,-1,,
278,0,normal,0.0,normal,real_cira,0,-1,,
279,0,normal,0.0,normal,real_cira,3,-1,,
280,0,normal,0.0,normal,real_cira,0,-1,,
281,0,normal,0.0,normal,real_cira,0,-1,,
282,0,normal,0.0,normal,real_cira,0,-1,,
283,0,normal,0.0,normal,real_cira,0,-1,,
284,0,normal,0.0,normal,real_cira,0,-1,,
285,0,normal,0.0,normal,real_cira,0,-1,,
286,0,normal,0.0,normal,real_cira,0,-1,,
287,0,normal,0.0,normal,real_cira,3,-1,,
288,0,normal,0.0,normal,real_cira,0,-1,,
289,0,normal,0.0,normal,real_cira,2,-1,,
290,0,normal,0.0,normal,real_cira,0,-1,,
291,0,normal,0.0,normal,real_cira,0,-1,,
292,0,normal,0.0,normal,real_cira,0,-1,,
293,0,normal,0.0,normal,real_cira,1,-1,,
294,0,normal,0.0,normal,real_cira,0,-1,,
295,0,normal,0.0,normal,real_cira,0,-1,,
296,0,normal,0.0,normal,real_cira,2,-1,,
297,0,normal,0.0,normal,real_cira,1,-1,,
298,0,normal,0.0,normal,real_cira,3,-1,,
299,0,normal,0.0,normal,real_cira,0,-1,,
300,0,normal,0.0,normal,real_cira,0,-1,,
301,0,normal,0.0,normal,real_cira,0,-1,,
302,0,normal,0.0,normal,real_cira,2,-1,,
303,0,normal,0.0,normal,real_cira,0,-1,,
304,0,normal,0.0,normal,real_cira,2,-1,,
305,0,normal,0.0,normal,real_cira,0,-1,,
306,0,normal,0.0,normal,real_cira,1,-1,,
307,0,normal,0.0,normal,real_cira,1,-1,,
308,0,normal,0.0,normal,real_cira,0,-1,,
309,0,normal,0.0,normal,real_cira,2,-1,,
310,0,normal,0.0,normal,real_cira,0,-1,,
311,0,normal,0.0,normal,real_cira,3,-1,,
312,0,normal,0.0,normal,real_cira,0,-1,,
313,0,normal,0.0,normal,real_cira,0,-1,,
314,0,normal,0.0,normal,real_cira,0,-1,,
315,0,normal,0.0,normal,real_cira,3,-1,,
316,0,normal,0.0,normal,real_cira,0,-1,,
317,0,normal,0.0,normal,real_cira,2,-1,,
318,0,normal,0.0,normal,real_cira,2,-1,,
319,0,normal,0.0,normal,real_cira,1,-1,,
320,0,normal,0.0,normal,real_cira,0,-1,,
321,0,normal,0.0,normal,real_cira,3,-1,,
322,0,normal,0.0,normal,real_cira,3,-1,,
323,0,normal,0.0,normal,real_cira,2,-1,,
324,0,normal,0.0,normal,real_cira,0,-1,,
325,0,normal,0.0,normal,real_cira,3,-1,,
326,0,normal,0.0,normal,real_cira,0,-1,,
327,0,normal,0.0,normal,real_cira,3,-1,,
328,0,normal,0.0,normal,real_cira,2,-1,,
329,0,normal,0.0,normal,real_cira,0,-1,,
330,0,normal,0.0,normal,real_cira,3,-1,,
331,0,normal,0.0,normal,real_cira,0,-1,,
332,0,normal,0.0,normal,real_cira,0,-1,,
333,0,normal,0.0,normal,real_cira,0,-1,,
334,0,normal,0.0,normal,real_cira,3,-1,,
335,0,normal,0.0,normal,real_cira,2,-1,,
336,0,normal,0.0,normal,real_cira,0,-1,,
337,0,normal,0.0,normal,real_cira,0,-1,,
338,0,normal,0.0,normal,real_cira,0,-1,,
339,0,normal,0.0,normal,real_cira,0,-1,,
340,0,normal,0.0,normal,real_cira,0,-1,,
341,0,normal,0.0,normal,real_cira,2,-1,,
342,0,normal,0.0,normal,real_cira,0,-1,,
343,0,normal,0.0,normal,real_cira,2,-1,,
344,0,normal,0.0,normal,real_cira,0,-1,,
345,0,normal,0.0,normal,real_cira,0,-1,,
346,0,normal,0.0,normal,real_cira,0,-1,,
347,0,normal,0.0,normal,real_cira,3,-1,,
348,0,normal,0.0,normal,real_cira,0,-1,,
349,0,normal,0.0,normal,real_cira,0,-1,,
350,0,normal,0.0,normal,real_cira,2,-1,,
351,0,normal,0.0,normal,real_cira,0,-1,,
352,0,normal,0.0,normal,real_cira,0,-1,,
353,0,normal,0.0,normal,real_cira,3,-1,,
354,0,normal,0.0,normal,real_cira,2,-1,,
355,0,normal,0.0,normal,real_cira,0,-1,,
356,0,normal,0.0,normal,real_cira,0,-1,,
357,0,normal,0.0,normal,real_cira,0,-1,,
358,0,normal,0.0,normal,real_cira,0,-1,,
359,0,normal,0.0,normal,real_cira,0,-1,,
360,0,normal,0.0,normal,real_cira,3,-1,,
361,0,normal,0.0,normal,real_cira,0,-1,,
362,0,normal,0.0,normal,real_cira,3,-1,,
363,0,normal,0.0,normal,real_cira,0,-1,,
364,0,normal,0.0,normal,real_cira,0,-1,,
365,0,normal,0.0,normal,real_cira,2,-1,,
366,0,normal,0.0,normal,real_cira,3,-1,,
367,0,normal,0.0,normal,real_cira,0,-1,,
368,0,normal,0.0,normal,real_cira,0,-1,,
369,0,normal,0.0,normal,real_cira,3,-1,,
370,0,normal,0.0,normal,real_cira,0,-1,,
371,0,normal,0.0,normal,real_cira,0,-1,,
372,0,normal,0.0,normal,real_cira,2,-1,,
373,0,normal,0.0,normal,real_cira,0,-1,,
374,0,normal,0.0,normal,real_cira,0,-1,,
375,0,normal,0.0,normal,real_cira,0,-1,,
376,0,normal,0.0,normal,real_cira,0,-1,,
377,0,normal,0.0,normal,real_cira,0,-1,,
378,0,normal,0.0,normal,real_cira,0,-1,,
379,0,normal,0.0,normal,real_cira,3,-1,,
380,0,normal,0.0,normal,real_cira,0,-1,,
381,0,normal,0.0,normal,real_cira,0,-1,,
382,0,normal,0.0,normal,real_cira,0,-1,,
383,0,normal,0.0,normal,real_cira,3,-1,,
384,0,normal,0.0,normal,real_cira,0,-1,,
385,0,normal,0.0,normal,real_cira,3,-1,,
386,0,normal,0.0,normal,real_cira,0,-1,,
387,0,normal,0.0,normal,real_cira,0,-1,,
388,0,normal,0.0,normal,real_cira,2,-1,,
389,0,normal,0.0,normal,real_cira,1,-1,,
390,0,normal,0.0,normal,real_cira,2,-1,,
391,0,normal,0.0,normal,real_cira,0,-1,,
392,0,normal,0.0,normal,real_cira,0,-1,,
393,0,normal,0.0,normal,real_cira,0,-1,,
394,0,normal,0.0,normal,real_cira,2,-1,,
395,0,normal,0.0,normal,real_cira,0,-1,,
396,0,normal,0.0,normal,real_cira,1,-1,,
397,0,normal,0.0,normal,real_cira,0,-1,,
398,0,normal,0.0,normal,real_cira,0,-1,,
399,0,normal,0.0,normal,real_cira,0,-1,,
400,0,normal,0.0,normal,real_cira,2,-1,,
401,0,normal,0.0,normal,real_cira,0,-1,,
402,0,normal,0.0,normal,real_cira,0,-1,,
403,0,normal,0.0,normal,real_cira,3,-1,,
404,0,normal,0.0,normal,real_cira,0,-1,,
405,0,normal,0.0,normal,real_cira,2,-1,,
406,0,normal,0.0,normal,real_cira,0,-1,,
407,0,normal,0.0,normal,real_cira,3,-1,,
408,0,normal,0.0,normal,real_cira,2,-1,,
409,0,normal,0.0,normal,real_cira,3,-1,,
410,0,normal,0.0,normal,real_cira,0,-1,,
411,0,normal,0.0,normal,real_cira,0,-1,,
412,0,normal,0.0,normal,real_cira,0,-1,,
413,0,normal,0.0,normal,real_cira,0,-1,,
414,0,normal,0.0,normal,real_cira,0,-1,,
415,0,normal,0.0,normal,real_cira,0,-1,,
416,0,normal,0.0,normal,real_cira,0,-1,,
417,0,normal,0.0,normal,real_cira,2,-1,,
418,0,normal,0.0,normal,real_cira,0,-1,,
419,0,normal,0.0,normal,real_cira,0,-1,,
420,0,normal,0.0,normal,real_cira,0,-1,,
421,0,normal,0.0,normal,real_cira,1,-1,,
422,0,normal,0.0,normal,real_cira,0,-1,,
423,0,normal,0.0,normal,real_cira,0,-1,,
424,0,normal,0.0,normal,real_cira,0,-1,,
425,0,normal,0.0,normal,real_cira,2,-1,,
426,0,normal,0.0,normal,real_cira,0,-1,,
427,0,normal,0.0,normal,real_cira,3,-1,,
428,0,normal,0.0,normal,real_cira,0,-1,,
429,0,normal,0.0,normal,real_cira,0,-1,,
430,0,normal,0.0,normal,real_cira,0,-1,,
431,0,normal,0.0,normal,real_cira,0,-1,,
432,0,normal,0.0,normal,real_cira,0,-1,,
433,0,normal,0.0,normal,real_cira,0,-1,,
434,0,normal,0.0,normal,real_cira,3,-1,,
435,0,normal,0.0,normal,real_cira,0,-1,,
436,0,normal,0.0,normal,real_cira,0,-1,,
437,0,normal,0.0,normal,real_cira,0,-1,,
438,0,normal,0.0,normal,real_cira,0,-1,,
439,0,normal,0.0,normal,real_cira,0,-1,,
440,0,normal,0.0,normal,real_cira,0,-1,,
441,0,normal,0.0,normal,real_cira,3,-1,,
442,0,normal,0.0,normal,real_cira,0,-1,,
443,0,normal,0.0,normal,real_cira,2,-1,,
444,0,normal,0.0,normal,real_cira,0,-1,,
445,0,normal,0.0,normal,real_cira,0,-1,,
446,0,normal,0.0,normal,real_cira,0,-1,,
447,0,normal,0.0,normal,real_cira,0,-1,,
448,0,normal,0.0,normal,real_cira,0,-1,,
449,0,normal,0.0,normal,real_cira,2,-1,,
450,0,normal,0.0,normal,real_cira,0,-1,,
451,0,normal,0.0,normal,real_cira,3,-1,,
452,0,normal,0.0,normal,real_cira,1,-1,,
453,0,normal,0.0,normal,real_cira,2,-1,,
454,0,normal,0.0,normal,real_cira,3,-1,,
455,0,normal,0.0,normal,real_cira,3,-1,,
456,0,normal,0.0,normal,real_cira,0,-1,,
457,0,normal,0.0,normal,real_cira,0,-1,,
458,0,normal,0.0,normal,real_cira,0,-1,,
459,0,normal,0.0,normal,real_cira,3,-1,,
460,0,normal,0.0,normal,real_cira,0,-1,,
461,0,normal,0.0,normal,real_cira,0,-1,,
462,0,normal,0.0,normal,real_cira,1,-1,,
463,0,normal,0.0,normal,real_cira,3,-1,,
464,0,normal,0.0,normal,real_cira,0,-1,,
465,0,normal,0.0,normal,real_cira,2,-1,,
466,0,normal,0.0,normal,real_cira,0,-1,,
467,0,normal,0.0,normal,real_cira,0,-1,,
468,0,normal,0.0,normal,real_cira,3,-1,,
469,0,normal,0.0,normal,real_cira,0,-1,,
470,0,normal,0.0,normal,real_cira,0,-1,,
471,0,normal,0.0,normal,real_cira,0,-1,,
472,0,normal,0.0,normal,real_cira,3,-1,,
473,0,normal,0.0,normal,real_cira,0,-1,,
474,0,normal,0.0,normal,real_cira,0,-1,,
475,0,normal,0.0,normal,real_cira,2,-1,,
476,0,normal,0.0,normal,real_cira,0,-1,,
477,0,normal,0.0,normal,real_cira,0,-1,,
478,0,normal,0.0,normal,real_cira,0,-1,,
479,0,normal,0.0,normal,real_cira,0,-1,,
480,0,normal,0.0,normal,real_cira,3,-1,,
481,0,normal,0.0,normal,real_cira,0,-1,,
482,0,normal,0.0,normal,real_cira,1,-1,,
483,0,normal,0.0,normal,real_cira,0,-1,,
484,0,normal,0.0,normal,real_cira,0,-1,,
485,0,normal,0.0,normal,real_cira,0,-1,,
486,0,normal,0.0,normal,real_cira,0,-1,,
487,0,normal,0.0,normal,real_cira,1,-1,,
488,0,normal,0.0,normal,real_cira,2,-1,,
489,0,normal,0.0,normal,real_cira,0,-1,,
490,0,normal,0.0,normal,real_cira,3,-1,,
491,0,normal,0.0,normal,real_cira,3,-1,,
492,0,normal,0.0,normal,real_cira,0,-1,,
493,0,normal,0.0,normal,real_cira,0,-1,,
494,0,normal,0.0,normal,real_cira,0,-1,,
495,0,normal,0.0,normal,real_cira,0,-1,,
496,0,normal,0.0,normal,real_cira,0,-1,,
497,0,normal,0.0,normal,real_cira,0,-1,,
498,0,normal,0.0,normal,real_cira,0,-1,,
499,0,normal,0.0,normal,real_cira,0,-1,,
500,0,normal,0.0,normal,real_cira,2,-1,,
501,0,normal,0.0,normal,real_cira,2,-1,,
502,0,normal,0.0,normal,real_cira,1,-1,,
503,0,normal,0.0,normal,real_cira,2,-1,,
504,0,normal,0.0,normal,real_cira,0,-1,,
505,0,normal,0.0,normal,real_cira,0,-1,,
506,0,normal,0.0,normal,real_cira,0,-1,,
507,0,normal,0.0,normal,real_cira,0,-1,,
508,0,normal,0.0,normal,real_cira,0,-1,,
509,0,normal,0.0,normal,real_cira,0,-1,,
510,0,normal,0.0,normal,real_cira,0,-1,,
511,0,normal,0.0,normal,real_cira,2,-1,,
512,0,normal,0.0,normal,real_cira,0,-1,,
513,0,normal,0.0,normal,real_cira,0,-1,,
514,0,normal,0.0,normal,real_cira,3,-1,,
515,0,normal,0.0,normal,real_cira,2,-1,,
516,0,normal,0.0,normal,real_cira,0,-1,,
517,0,normal,0.0,normal,real_cira,0,-1,,
518,0,normal,0.0,normal,real_cira,3,-1,,
519,0,normal,0.0,normal,real_cira,0,-1,,
520,0,normal,0.0,normal,real_cira,0,-1,,
521,0,normal,0.0,normal,real_cira,0,-1,,
522,0,normal,0.0,normal,real_cira,0,-1,,
523,0,normal,0.0,normal,real_cira,0,-1,,
524,0,normal,0.0,normal,real_cira,0,-1,,
525,0,normal,0.0,normal,real_cira,0,-1,,
526,0,normal,0.0,normal,real_cira,0,-1,,
527,0,normal,0.0,normal,real_cira,0,-1,,
528,0,normal,0.0,normal,real_cira,3,-1,,
529,0,normal,0.0,normal,real_cira,1,-1,,
530,0,normal,0.0,normal,real_cira,3,-1,,
531,0,normal,0.0,normal,real_cira,0,-1,,
532,0,normal,0.0,normal,real_cira,0,-1,,
533,0,normal,0.0,normal,real_cira,0,-1,,
534,0,normal,0.0,normal,real_cira,0,-1,,
535,0,normal,0.0,normal,real_cira,2,-1,,
536,0,normal,0.0,normal,real_cira,0,-1,,
537,0,normal,0.0,normal,real_cira,2,-1,,
538,0,normal,0.0,normal,real_cira,3,-1,,
539,0,normal,0.0,normal,real_cira,0,-1,,
540,0,normal,0.0,normal,real_cira,1,-1,,
541,0,normal,0.0,normal,real_cira,0,-1,,
542,0,normal,0.0,normal,real_cira,1,-1,,
543,0,normal,0.0,normal,real_cira,0,-1,,
544,0,normal,0.0,normal,real_cira,0,-1,,
545,0,normal,0.0,normal,real_cira,1,-1,,
546,0,normal,0.0,normal,real_cira,0,-1,,
547,0,normal,0.0,normal,real_cira,3,-1,,
548,0,normal,0.0,normal,real_cira,0,-1,,
549,0,normal,0.0,normal,real_cira,0,-1,,
550,0,normal,0.0,normal,real_cira,0,-1,,
551,0,normal,0.0,normal,real_cira,3,-1,,
552,0,normal,0.0,normal,real_cira,3,-1,,
553,0,normal,0.0,normal,real_cira,3,-1,,
554,0,normal,0.0,normal,real_cira,0,-1,,
555,0,normal,0.0,normal,real_cira,3,-1,,
556,0,normal,0.0,normal,real_cira,3,-1,,
557,0,normal,0.0,normal,real_cira,0,-1,,
558,0,normal,0.0,normal,real_cira,0,-1,,
559,0,normal,0.0,normal,real_cira,0,-1,,
560,0,normal,0.0,normal,real_cira,0,-1,,
561,0,normal,0.0,normal,real_cira,0,-1,,
562,0,normal,0.0,normal,real_cira,0,-1,,
563,0,normal,0.0,normal,real_cira,0,-1,,
564,0,normal,0.0,normal,real_cira,1,-1,,
565,0,normal,0.0,normal,real_cira,3,-1,,
566,0,normal,0.0,normal,real_cira,0,-1,,
567,0,normal,0.0,normal,real_cira,2,-1,,
568,0,normal,0.0,normal,real_cira,3,-1,,
569,0,normal,0.0,normal,real_cira,0,-1,,
570,0,normal,0.0,normal,real_cira,0,-1,,
571,0,normal,0.0,normal,real_cira,2,-1,,
572,0,normal,0.0,normal,real_cira,1,-1,,
573,0,normal,0.0,normal,real_cira,0,-1,,
574,0,normal,0.0,normal,real_cira,3,-1,,
575,0,normal,0.0,normal,real_cira,0,-1,,
576,0,normal,0.0,normal,real_cira,0,-1,,
577,0,normal,0.0,normal,real_cira,3,-1,,
578,0,normal,0.0,normal,real_cira,0,-1,,
579,0,normal,0.0,normal,real_cira,0,-1,,
580,0,normal,0.0,normal,real_cira,0,-1,,
581,0,normal,0.0,normal,real_cira,0,-1,,
582,0,normal,0.0,normal,real_cira,2,-1,,
583,0,normal,0.0,normal,real_cira,0,-1,,
584,0,normal,0.0,normal,real_cira,3,-1,,
585,0,normal,0.0,normal,real_cira,0,-1,,
586,0,normal,0.0,normal,real_cira,2,-1,,
587,0,normal,0.0,normal,real_cira,0,-1,,
588,0,normal,0.0,normal,real_cira,0,-1,,
589,0,normal,0.0,normal,real_cira,0,-1,,
590,0,normal,0.0,normal,real_cira,0,-1,,
591,0,normal,0.0,normal,real_cira,0,-1,,
592,0,normal,0.0,normal,real_cira,0,-1,,
593,0,normal,0.0,normal,real_cira,0,-1,,
594,0,normal,0.0,normal,real_cira,0,-1,,
595,0,normal,0.0,normal,real_cira,1,-1,,
596,0,normal,0.0,normal,real_cira,0,-1,,
597,0,normal,0.0,normal,real_cira,0,-1,,
598,0,normal,0.0,normal,real_cira,0,-1,,
599,0,normal,0.0,normal,real_cira,1,-1,,
600,0,normal,0.0,normal,real_cira,0,-1,,
601,0,normal,0.0,normal,real_cira,1,-1,,
602,0,normal,0.0,normal,real_cira,0,-1,,
603,0,normal,0.0,normal,real_cira,2,-1,,
604,0,normal,0.0,normal,real_cira,0,-1,,
605,0,normal,0.0,normal,real_cira,0,-1,,
606,0,normal,0.0,normal,real_cira,3,-1,,
607,0,normal,0.0,normal,real_cira,2,-1,,
608,0,normal,0.0,normal,real_cira,2,-1,,
609,0,normal,0.0,normal,real_cira,3,-1,,
610,0,normal,0.0,normal,real_cira,3,-1,,
611,0,normal,0.0,normal,real_cira,0,-1,,
612,0,normal,0.0,normal,real_cira,3,-1,,
613,0,normal,0.0,normal,real_cira,0,-1,,
614,0,normal,0.0,normal,real_cira,2,-1,,
615,0,normal,0.0,normal,real_cira,0,-1,,
616,0,normal,0.0,normal,real_cira,0,-1,,
617,0,normal,0.0,normal,real_cira,3,-1,,
618,0,normal,0.0,normal,real_cira,0,-1,,
619,0,normal,0.0,normal,real_cira,3,-1,,
620,0,normal,0.0,normal,real_cira,0,-1,,
621,0,normal,0.0,normal,real_cira,1,-1,,
622,0,normal,0.0,normal,real_cira,1,-1,,
623,0,normal,0.0,normal,real_cira,0,-1,,
624,0,normal,0.0,normal,real_cira,0,-1,,
625,0,normal,0.0,normal,real_cira,0,-1,,
626,0,normal,0.0,normal,real_cira,0,-1,,
627,0,normal,0.0,normal,real_cira,1,-1,,
628,0,normal,0.0,normal,real_cira,0,-1,,
629,0,normal,0.0,normal,real_cira,0,-1,,
630,0,normal,0.0,normal,real_cira,2,-1,,
631,0,normal,0.0,normal,real_cira,2,-1,,
632,0,normal,0.0,normal,real_cira,0,-1,,
633,0,normal,0.0,normal,real_cira,1,-1,,
634,0,normal,0.0,normal,real_cira,0,-1,,
635,0,normal,0.0,normal,real_cira,2,-1,,
636,0,normal,0.0,normal,real_cira,3,-1,,
637,0,normal,0.0,normal,real_cira,0,-1,,
638,0,normal,0.0,normal,real_cira,0,-1,,
639,0,normal,0.0,normal,real_cira,2,-1,,
640,0,normal,0.0,normal,real_cira,0,-1,,
641,0,normal,0.0,normal,real_cira,0,-1,,
642,0,normal,0.0,normal,real_cira,3,-1,,
643,0,normal,0.0,normal,real_cira,2,-1,,
644,0,normal,0.0,normal,real_cira,0,-1,,
645,0,normal,0.0,normal,real_cira,3,-1,,
646,0,normal,0.0,normal,real_cira,0,-1,,
647,0,normal,0.0,normal,real_cira,0,-1,,
648,0,normal,0.0,normal,real_cira,3,-1,,
649,0,normal,0.0,normal,real_cira,0,-1,,
650,0,normal,0.0,normal,real_cira,0,-1,,
651,0,normal,0.0,normal,real_cira,2,-1,,
652,0,normal,0.0,normal,real_cira,3,-1,,
653,0,normal,0.0,normal,real_cira,0,-1,,
654,0,normal,0.0,normal,real_cira,0,-1,,
655,0,normal,0.0,normal,real_cira,0,-1,,
656,0,normal,0.0,normal,real_cira,3,-1,,
657,0,normal,0.0,normal,real_cira,0,-1,,
658,0,normal,0.0,normal,real_cira,0,-1,,
659,0,normal,0.0,normal,real_cira,3,-1,,
660,0,normal,0.0,normal,real_cira,2,-1,,
661,0,normal,0.0,normal,real_cira,1,-1,,
662,0,normal,0.0,normal,real_cira,2,-1,,
663,0,normal,0.0,normal,real_cira,0,-1,,
664,0,normal,0.0,normal,real_cira,0,-1,,
665,0,normal,0.0,normal,real_cira,2,-1,,
666,0,normal,0.0,normal,real_cira,3,-1,,
667,0,normal,0.0,normal,real_cira,2,-1,,
668,0,normal,0.0,normal,real_cira,0,-1,,
669,0,normal,0.0,normal,real_cira,0,-1,,
670,0,normal,0.0,normal,real_cira,1,-1,,
671,0,normal,0.0,normal,real_cira,2,-1,,
672,0,normal,0.0,normal,real_cira,3,-1,,
673,0,normal,0.0,normal,real_cira,0,-1,,
674,0,normal,0.0,normal,real_cira,0,-1,,
675,0,normal,0.0,normal,real_cira,1,-1,,
676,0,normal,0.0,normal,real_cira,2,-1,,
677,0,normal,0.0,normal,real_cira,0,-1,,
678,0,normal,0.0,normal,real_cira,0,-1,,
679,0,normal,0.0,normal,real_cira,0,-1,,
680,0,normal,0.0,normal,real_cira,0,-1,,
681,0,normal,0.0,normal,real_cira,0,-1,,
682,0,normal,0.0,normal,real_cira,3,-1,,
683,0,normal,0.0,normal,real_cira,0,-1,,
684,0,normal,0.0,normal,real_cira,1,-1,,
685,0,normal,0.0,normal,real_cira,1,-1,,
686,0,normal,0.0,normal,real_cira,0,-1,,
687,0,normal,0.0,normal,real_cira,3,-1,,
688,0,normal,0.0,normal,real_cira,2,-1,,
689,0,normal,0.0,normal,real_cira,0,-1,,
690,0,normal,0.0,normal,real_cira,0,-1,,
691,0,normal,0.0,normal,real_cira,0,-1,,
692,0,normal,0.0,normal,real_cira,2,-1,,
693,0,normal,0.0,normal,real_cira,3,-1,,
694,0,normal,0.0,normal,real_cira,0,-1,,
695,0,normal,0.0,normal,real_cira,1,-1,,
696,0,normal,0.0,normal,real_cira,0,-1,,
697,0,normal,0.0,normal,real_cira,3,-1,,
698,0,normal,0.0,normal,real_cira,2,-1,,
699,0,normal,0.0,normal,real_cira,0,-1,,
700,0,normal,0.0,normal,real_cira,0,-1,,
701,0,normal,0.0,normal,real_cira,0,-1,,
702,0,normal,0.0,normal,real_cira,0,-1,,
703,0,normal,0.0,normal,real_cira,0,-1,,
704,0,normal,0.0,normal,real_cira,3,-1,,
705,0,normal,0.0,normal,real_cira,3,-1,,
706,0,normal,0.0,normal,real_cira,3,-1,,
707,0,normal,0.0,normal,real_cira,3,-1,,
708,0,normal,0.0,normal,real_cira,2,-1,,
709,0,normal,0.0,normal,real_cira,1,-1,,
710,0,normal,0.0,normal,real_cira,2,-1,,
711,0,normal,0.0,normal,real_cira,2,-1,,
712,0,normal,0.0,normal,real_cira,1,-1,,
713,0,normal,0.0,normal,real_cira,0,-1,,
714,0,normal,0.0,normal,real_cira,0,-1,,
715,0,normal,0.0,normal,real_cira,0,-1,,
716,0,normal,0.0,normal,real_cira,0,-1,,
717,0,normal,0.0,normal,real_cira,0,-1,,
718,0,normal,0.0,normal,real_cira,0,-1,,
719,0,normal,0.0,normal,real_cira,0,-1,,
720,0,normal,0.0,normal,real_cira,0,-1,,
721,0,normal,0.0,normal,real_cira,2,-1,,
722,0,normal,0.0,normal,real_cira,0,-1,,
723,0,normal,0.0,normal,real_cira,0,-1,,
724,0,normal,0.0,normal,real_cira,0,-1,,
725,0,normal,0.0,normal,real_cira,0,-1,,
726,0,normal,0.0,normal,real_cira,0,-1,,
727,0,normal,0.0,normal,real_cira,0,-1,,
728,0,normal,0.0,normal,real_cira,0,-1,,
729,0,normal,0.0,normal,real_cira,0,-1,,
730,0,normal,0.0,normal,real_cira,0,-1,,
731,0,normal,0.0,normal,real_cira,1,-1,,
732,0,normal,0.0,normal,real_cira,3,-1,,
733,0,normal,0.0,normal,real_cira,0,-1,,
734,0,normal,0.0,normal,real_cira,0,-1,,
735,0,normal,0.0,normal,real_cira,0,-1,,
736,0,normal,0.0,normal,real_cira,0,-1,,
737,0,normal,0.0,normal,real_cira,2,-1,,
738,0,normal,0.0,normal,real_cira,3,-1,,
739,0,normal,0.0,normal,real_cira,0,-1,,
740,0,normal,0.0,normal,real_cira,0,-1,,
741,0,normal,0.0,normal,real_cira,3,-1,,
742,0,normal,0.0,normal,real_cira,2,-1,,
743,0,normal,0.0,normal,real_cira,2,-1,,
744,0,normal,0.0,normal,real_cira,0,-1,,
745,0,normal,0.0,normal,real_cira,0,-1,,
746,0,normal,0.0,normal,real_cira,0,-1,,
747,0,normal,0.0,normal,real_cira,2,-1,,
748,0,normal,0.0,normal,real_cira,0,-1,,
749,0,normal,0.0,normal,real_cira,2,-1,,
750,0,normal,0.0,normal,real_cira,1,-1,,
751,0,normal,0.0,normal,real_cira,0,-1,,
752,0,normal,0.0,normal,real_cira,3,-1,,
753,0,normal,0.0,normal,real_cira,0,-1,,
754,0,normal,0.0,normal,real_cira,0,-1,,
755,0,normal,0.0,normal,real_cira,0,-1,,
756,0,normal,0.0,normal,real_cira,0,-1,,
757,0,normal,0.0,normal,real_cira,0,-1,,
758,0,normal,0.0,normal,real_cira,0,-1,,
759,0,normal,0.0,normal,real_cira,0,-1,,
760,0,normal,0.0,normal,real_cira,0,-1,,
761,0,normal,0.0,normal,real_cira,0,-1,,
762,0,normal,0.0,normal,real_cira,0,-1,,
763,0,normal,0.0,normal,real_cira,2,-1,,
764,0,normal,0.0,normal,real_cira,3,-1,,
765,0,normal,0.0,normal,real_cira,0,-1,,
766,0,normal,0.0,normal,real_cira,0,-1,,
767,0,normal,0.0,normal,real_cira,0,-1,,
768,0,normal,0.0,normal,real_cira,0,-1,,
769,0,normal,0.0,normal,real_cira,3,-1,,
770,0,normal,0.0,normal,real_cira,3,-1,,
771,0,normal,0.0,normal,real_cira,3,-1,,
772,0,normal,0.0,normal,real_cira,3,-1,,
773,0,normal,0.0,normal,real_cira,1,-1,,
774,0,normal,0.0,normal,real_cira,0,-1,,
775,0,normal,0.0,normal,real_cira,0,-1,,
776,0,normal,0.0,normal,real_cira,2,-1,,
777,0,normal,0.0,normal,real_cira,3,-1,,
778,0,normal,0.0,normal,real_cira,0,-1,,
779,0,normal,0.0,normal,real_cira,0,-1,,
780,0,normal,0.0,normal,real_cira,2,-1,,
781,0,normal,0.0,normal,real_cira,0,-1,,
782,0,normal,0.0,normal,real_cira,0,-1,,
783,0,normal,0.0,normal,real_cira,1,-1,,
784,0,normal,0.0,normal,real_cira,0,-1,,
785,0,normal,0.0,normal,real_cira,3,-1,,
786,0,normal,0.0,normal,real_cira,0,-1,,
787,0,normal,0.0,normal,real_cira,1,-1,,
788,0,normal,0.0,normal,real_cira,0,-1,,
789,0,normal,0.0,normal,real_cira,0,-1,,
790,0,normal,0.0,normal,real_cira,0,-1,,
791,0,normal,0.0,normal,real_cira,1,-1,,
792,0,normal,0.0,normal,real_cira,2,-1,,
793,0,normal,0.0,normal,real_cira,0,-1,,
794,0,normal,0.0,normal,real_cira,3,-1,,
795,0,normal,0.0,normal,real_cira,2,-1,,
796,0,normal,0.0,normal,real_cira,0,-1,,
797,0,normal,0.0,normal,real_cira,1,-1,,
798,0,normal,0.0,normal,real_cira,0,-1,,
799,0,normal,0.0,normal,real_cira,0,-1,,
800,0,normal,0.0,normal,real_cira,3,-1,,
801,0,normal,0.0,normal,real_cira,3,-1,,
802,0,normal,0.0,normal,real_cira,0,-1,,
803,0,normal,0.0,normal,real_cira,3,-1,,
804,0,normal,0.0,normal,real_cira,1,-1,,
805,0,normal,0.0,normal,real_cira,0,-1,,
806,0,normal,0.0,normal,real_cira,1,-1,,
807,0,normal,0.0,normal,real_cira,0,-1,,
808,0,normal,0.0,normal,real_cira,0,-1,,
809,0,normal,0.0,normal,real_cira,0,-1,,
810,0,normal,0.0,normal,real_cira,3,-1,,
811,0,normal,0.0,normal,real_cira,0,-1,,
812,0,normal,0.0,normal,real_cira,0,-1,,
813,0,normal,0.0,normal,real_cira,0,-1,,
814,0,normal,0.0,normal,real_cira,0,-1,,
815,0,normal,0.0,normal,real_cira,0,-1,,
816,0,normal,0.0,normal,real_cira,0,-1,,
817,0,normal,0.0,normal,real_cira,3,-1,,
818,0,normal,0.0,normal,real_cira,3,-1,,
819,0,normal,0.0,normal,real_cira,0,-1,,
820,0,normal,0.0,normal,real_cira,0,-1,,
821,0,normal,0.0,normal,real_cira,1,-1,,
822,0,normal,0.0,normal,real_cira,3,-1,,
823,0,normal,0.0,normal,real_cira,2,-1,,
824,0,normal,0.0,normal,real_cira,3,-1,,
825,0,normal,0.0,normal,real_cira,0,-1,,
826,0,normal,0.0,normal,real_cira,1,-1,,
827,0,normal,0.0,normal,real_cira,2,-1,,
828,0,normal,0.0,normal,real_cira,0,-1,,
829,0,normal,0.0,normal,real_cira,3,-1,,
830,0,normal,0.0,normal,real_cira,0,-1,,
831,0,normal,0.0,normal,real_cira,0,-1,,
832,0,normal,0.0,normal,real_cira,0,-1,,
833,0,normal,0.0,normal,real_cira,2,-1,,
834,0,normal,0.0,normal,real_cira,0,-1,,
835,0,normal,0.0,normal,real_cira,3,-1,,
836,0,normal,0.0,normal,real_cira,2,-1,,
837,0,normal,0.0,normal,real_cira,0,-1,,
838,0,normal,0.0,normal,real_cira,0,-1,,
839,0,normal,0.0,normal,real_cira,0,-1,,
840,0,normal,0.0,normal,real_cira,0,-1,,
841,0,normal,0.0,normal,real_cira,2,-1,,
842,0,normal,0.0,normal,real_cira,2,-1,,
843,0,normal,0.0,normal,real_cira,3,-1,,
844,0,normal,0.0,normal,real_cira,0,-1,,
845,0,normal,0.0,normal,real_cira,0,-1,,
846,0,normal,0.0,normal,real_cira,3,-1,,
847,0,normal,0.0,normal,real_cira,0,-1,,
848,0,normal,0.0,normal,real_cira,0,-1,,
849,0,normal,0.0,normal,real_cira,0,-1,,
850,0,normal,0.0,normal,real_cira,0,-1,,
851,0,normal,0.0,normal,real_cira,3,-1,,
852,0,normal,0.0,normal,real_cira,0,-1,,
853,0,normal,0.0,normal,real_cira,1,-1,,
854,0,normal,0.0,normal,real_cira,1,-1,,
855,0,normal,0.0,normal,real_cira,0,-1,,
856,0,normal,0.0,normal,real_cira,1,-1,,
857,0,normal,0.0,normal,real_cira,1,-1,,
858,0,normal,0.0,normal,real_cira,0,-1,,
859,0,normal,0.0,normal,real_cira,0,-1,,
860,0,normal,0.0,normal,real_cira,0,-1,,
861,0,normal,0.0,normal,real_cira,3,-1,,
862,0,normal,0.0,normal,real_cira,1,-1,,
863,0,normal,0.0,normal,real_cira,3,-1,,
864,0,normal,0.0,normal,real_cira,0,-1,,
865,0,normal,0.0,normal,real_cira,1,-1,,
866,0,normal,0.0,normal,real_cira,3,-1,,
867,0,normal,0.0,normal,real_cira,3,-1,,
868,0,normal,0.0,normal,real_cira,0,-1,,
869,0,normal,0.0,normal,real_cira,0,-1,,
870,0,normal,0.0,normal,real_cira,0,-1,,
871,0,normal,0.0,normal,real_cira,3,-1,,
872,0,normal,0.0,normal,real_cira,0,-1,,
873,0,normal,0.0,normal,real_cira,3,-1,,
874,0,normal,0.0,normal,real_cira,0,-1,,
875,0,normal,0.0,normal,real_cira,0,-1,,
876,0,normal,0.0,normal,real_cira,1,-1,,
877,0,normal,0.0,normal,real_cira,0,-1,,
878,0,normal,0.0,normal,real_cira,0,-1,,
879,0,normal,0.0,normal,real_cira,0,-1,,
880,0,normal,0.0,normal,real_cira,0,-1,,
881,0,normal,0.0,normal,real_cira,2,-1,,
882,0,normal,0.0,normal,real_cira,0,-1,,
883,0,normal,0.0,normal,real_cira,0,-1,,
884,0,normal,0.0,normal,real_cira,2,-1,,
885,0,normal,0.0,normal,real_cira,0,-1,,
886,0,normal,0.0,normal,real_cira,3,-1,,
887,0,normal,0.0,normal,real_cira,3,-1,,
888,0,normal,0.0,normal,real_cira,0,-1,,
889,0,normal,0.0,normal,real_cira,0,-1,,
890,0,normal,0.0,normal,real_cira,1,-1,,
891,0,normal,0.0,normal,real_cira,3,-1,,
892,0,normal,0.0,normal,real_cira,0,-1,,
893,0,normal,0.0,normal,real_cira,2,-1,,
894,0,normal,0.0,normal,real_cira,0,-1,,
895,0,normal,0.0,normal,real_cira,0,-1,,
896,0,normal,0.0,normal,real_cira,0,-1,,
897,0,normal,0.0,normal,real_cira,0,-1,,
898,0,normal,0.0,normal,real_cira,0,-1,,
899,0,normal,0.0,normal,real_cira,1,-1,,
900,0,normal,0.0,normal,real_cira,0,-1,,
901,0,normal,0.0,normal,real_cira,0,-1,,
902,0,normal,0.0,normal,real_cira,0,-1,,
903,0,normal,0.0,normal,real_cira,1,-1,,
904,0,normal,0.0,normal,real_cira,2,-1,,
905,0,normal,0.0,normal,real_cira,0,-1,,
906,0,normal,0.0,normal,real_cira,0,-1,,
907,0,normal,0.0,normal,real_cira,0,-1,,
908,0,normal,0.0,normal,real_cira,0,-1,,
909,0,normal,0.0,normal,real_cira,0,-1,,
910,0,normal,0.0,normal,real_cira,3,-1,,
911,0,normal,0.0,normal,real_cira,3,-1,,
912,0,normal,0.0,normal,real_cira,3,-1,,
913,0,normal,0.0,normal,real_cira,0,-1,,
914,0,normal,0.0,normal,real_cira,2,-1,,
915,0,normal,0.0,normal,real_cira,0,-1,,
916,0,normal,0.0,normal,real_cira,0,-1,,
917,0,normal,0.0,normal,real_cira,0,-1,,
918,0,normal,0.0,normal,real_cira,3,-1,,
919,0,normal,0.0,normal,real_cira,0,-1,,
920,0,normal,0.0,normal,real_cira,3,-1,,
921,0,normal,0.0,normal,real_cira,0,-1,,
922,0,normal,0.0,normal,real_cira,0,-1,,
923,0,normal,0.0,normal,real_cira,0,-1,,
924,0,normal,0.0,normal,real_cira,0,-1,,
925,0,normal,0.0,normal,real_cira,0,-1,,
926,0,normal,0.0,normal,real_cira,3,-1,,
927,0,normal,0.0,normal,real_cira,0,-1,,
928,0,normal,0.0,normal,real_cira,1,-1,,
929,0,normal,0.0,normal,real_cira,1,-1,,
930,0,normal,0.0,normal,real_cira,0,-1,,
931,0,normal,0.0,normal,real_cira,0,-1,,
932,0,normal,0.0,normal,real_cira,3,-1,,
933,0,normal,0.0,normal,real_cira,0,-1,,
934,0,normal,0.0,normal,real_cira,0,-1,,
935,0,normal,0.0,normal,real_cira,3,-1,,
936,0,normal,0.0,normal,real_cira,2,-1,,
937,0,normal,0.0,normal,real_cira,0,-1,,
938,0,normal,0.0,normal,real_cira,0,-1,,
939,0,normal,0.0,normal,real_cira,0,-1,,
940,0,normal,0.0,normal,real_cira,0,-1,,
941,0,normal,0.0,normal,real_cira,0,-1,,
942,0,normal,0.0,normal,real_cira,2,-1,,
943,0,normal,0.0,normal,real_cira,0,-1,,
944,0,normal,0.0,normal,real_cira,0,-1,,
945,0,normal,0.0,normal,real_cira,0,-1,,
946,0,normal,0.0,normal,real_cira,0,-1,,
947,0,normal,0.0,normal,real_cira,0,-1,,
948,0,normal,0.0,normal,real_cira,2,-1,,
949,0,normal,0.0,normal,real_cira,1,-1,,
950,0,normal,0.0,normal,real_cira,0,-1,,
951,0,normal,0.0,normal,real_cira,0,-1,,
952,0,normal,0.0,normal,real_cira,0,-1,,
953,0,normal,0.0,normal,real_cira,3,-1,,
954,0,normal,0.0,normal,real_cira,0,-1,,
955,0,normal,0.0,normal,real_cira,0,-1,,
956,0,normal,0.0,normal,real_cira,0,-1,,
957,0,normal,0.0,normal,real_cira,3,-1,,
958,0,normal,0.0,normal,real_cira,0,-1,,
959,0,normal,0.0,normal,real_cira,0,-1,,
960,0,normal,0.0,normal,real_cira,2,-1,,
961,0,normal,0.0,normal,real_cira,3,-1,,
962,0,normal,0.0,normal,real_cira,0,-1,,
963,0,normal,0.0,normal,real_cira,0,-1,,
964,0,normal,0.0,normal,real_cira,2,-1,,
965,0,normal,0.0,normal,real_cira,0,-1,,
966,0,normal,0.0,normal,real_cira,1,-1,,
967,0,normal,0.0,normal,real_cira,3,-1,,
968,0,normal,0.0,normal,real_cira,0,-1,,
969,0,normal,0.0,normal,real_cira,0,-1,,
970,0,normal,0.0,normal,real_cira,1,-1,,
971,0,normal,0.0,normal,real_cira,0,-1,,
972,0,normal,0.0,normal,real_cira,3,-1,,
973,0,normal,0.0,normal,real_cira,2,-1,,
974,0,normal,0.0,normal,real_cira,0,-1,,
975,0,normal,0.0,normal,real_cira,0,-1,,
976,0,normal,0.0,normal,real_cira,0,-1,,
977,0,normal,0.0,normal,real_cira,0,-1,,
978,0,normal,0.0,normal,real_cira,0,-1,,
979,0,normal,0.0,normal,real_cira,0,-1,,
980,0,normal,0.0,normal,real_cira,0,-1,,
981,0,normal,0.0,normal,real_cira,0,-1,,
982,0,normal,0.0,normal,real_cira,0,-1,,
983,0,normal,0.0,normal,real_cira,0,-1,,
984,0,normal,0.0,normal,real_cira,0,-1,,
985,0,normal,0.0,normal,real_cira,3,-1,,
986,0,normal,0.0,normal,real_cira,2,-1,,
987,0,normal,0.0,normal,real_cira,0,-1,,
988,0,normal,0.0,normal,real_cira,0,-1,,
989,0,normal,0.0,normal,real_cira,0,-1,,
990,0,normal,0.0,normal,real_cira,0,-1,,
991,0,normal,0.0,normal,real_cira,3,-1,,
992,0,normal,0.0,normal,real_cira,0,-1,,
993,0,normal,0.0,normal,real_cira,1,-1,,
994,0,normal,0.0,normal,real_cira,0,-1,,
995,0,normal,0.0,normal,real_cira,3,-1,,
996,0,normal,0.0,normal,real_cira,0,-1,,
997,0,normal,0.0,normal,real_cira,3,-1,,
998,0,normal,0.0,normal,real_cira,2,-1,,
999,0,normal,0.0,normal,real_cira,1,-1,,
1000,0,normal,0.0,normal,real_cira,0,-1,,
1001,0,normal,0.0,normal,real_cira,0,-1,,
1002,0,normal,0.0,normal,real_cira,0,-1,,
1003,0,normal,0.0,normal,real_cira,2,-1,,
1004,0,normal,0.0,normal,real_cira,1,-1,,
1005,0,normal,0.0,normal,real_cira,0,-1,,
1006,0,normal,0.0,normal,real_cira,2,-1,,
1007,0,normal,0.0,normal,real_cira,0,-1,,
1008,0,normal,0.0,normal,real_cira,0,-1,,
1009,0,normal,0.0,normal,real_cira,0,-1,,
1010,0,normal,0.0,normal,real_cira,0,-1,,
1011,0,normal,0.0,normal,real_cira,0,-1,,
1012,0,normal,0.0,normal,real_cira,1,-1,,
1013,0,normal,0.0,normal,real_cira,2,-1,,
1014,0,normal,0.0,normal,real_cira,2,-1,,
1015,0,normal,0.0,normal,real_cira,3,-1,,
1016,0,normal,0.0,normal,real_cira,0,-1,,
1017,0,normal,0.0,normal,real_cira,3,-1,,
1018,0,normal,0.0,normal,real_cira,0,-1,,
1019,0,normal,0.0,normal,real_cira,0,-1,,
1020,0,normal,0.0,normal,real_cira,0,-1,,
1021,0,normal,0.0,normal,real_cira,0,-1,,
1022,0,normal,0.0,normal,real_cira,0,-1,,
1023,0,normal,0.0,normal,real_cira,3,-1,,
1024,0,normal,0.0,normal,real_cira,0,-1,,
1025,0,normal,0.0,normal,real_cira,0,-1,,
1026,0,normal,0.0,normal,real_cira,3,-1,,
1027,0,normal,0.0,normal,real_cira,2,-1,,
1028,0,normal,0.0,normal,real_cira,2,-1,,
1029,0,normal,0.0,normal,real_cira,0,-1,,
1030,0,normal,0.0,normal,real_cira,0,-1,,
1031,0,normal,0.0,normal,real_cira,3,-1,,
1032,0,normal,0.0,normal,real_cira,0,-1,,
1033,0,normal,0.0,normal,real_cira,2,-1,,
1034,0,normal,0.0,normal,real_cira,1,-1,,
1035,0,normal,0.0,normal,real_cira,0,-1,,
1036,0,normal,0.0,normal,real_cira,0,-1,,
1037,0,normal,0.0,normal,real_cira,0,-1,,
1038,0,normal,0.0,normal,real_cira,2,-1,,
1039,0,normal,0.0,normal,real_cira,2,-1,,
1040,0,normal,0.0,normal,real_cira,0,-1,,
1041,0,normal,0.0,normal,real_cira,0,-1,,
1042,0,normal,0.0,normal,real_cira,1,-1,,
1043,0,normal,0.0,normal,real_cira,2,-1,,
1044,0,normal,0.0,normal,real_cira,0,-1,,
1045,0,normal,0.0,normal,real_cira,0,-1,,
1046,0,normal,0.0,normal,real_cira,0,-1,,
1047,0,normal,0.0,normal,real_cira,0,-1,,
1048,0,normal,0.0,normal,real_cira,1,-1,,
1049,0,normal,0.0,normal,real_cira,0,-1,,
1050,0,normal,0.0,normal,real_cira,3,-1,,
1051,0,normal,0.0,normal,real_cira,0,-1,,
1052,0,normal,0.0,normal,real_cira,0,-1,,
1053,0,normal,0.0,normal,real_cira,1,-1,,
1054,0,normal,0.0,normal,real_cira,0,-1,,
1055,0,normal,0.0,normal,real_cira,1,-1,,
1056,0,normal,0.0,normal,real_cira,0,-1,,
1057,0,normal,0.0,normal,real_cira,0,-1,,
1058,0,normal,0.0,normal,real_cira,3,-1,,
1059,0,normal,0.0,normal,real_cira,2,-1,,
1060,0,normal,0.0,normal,real_cira,3,-1,,
1061,0,normal,0.0,normal,real_cira,0,-1,,
1062,0,normal,0.0,normal,real_cira,0,-1,,
1063,0,normal,0.0,normal,real_cira,1,-1,,
1064,0,normal,0.0,normal,real_cira,3,-1,,
1065,0,normal,0.0,normal,real_cira,0,-1,,
1066,0,normal,0.0,normal,real_cira,2,-1,,
1067,0,normal,0.0,normal,real_cira,1,-1,,
1068,0,normal,0.0,normal,real_cira,0,-1,,
1069,0,normal,0.0,normal,real_cira,0,-1,,
1070,0,normal,0.0,normal,real_cira,3,-1,,
1071,0,normal,0.0,normal,real_cira,2,-1,,
1072,0,normal,0.0,normal,real_cira,0,-1,,
1073,0,normal,0.0,normal,real_cira,0,-1,,
1074,0,normal,0.0,normal,real_cira,0,-1,,
1075,0,normal,0.0,normal,real_cira,0,-1,,
1076,0,normal,0.0,normal,real_cira,0,-1,,
1077,0,normal,0.0,normal,real_cira,0,-1,,
1078,0,normal,0.0,normal,real_cira,2,-1,,
1079,0,normal,0.0,normal,real_cira,3,-1,,
1080,0,normal,0.0,normal,real_cira,0,-1,,
1081,0,normal,0.0,normal,real_cira,3,-1,,
1082,0,normal,0.0,normal,real_cira,0,-1,,
1083,0,normal,0.0,normal,real_cira,0,-1,,
1084,0,normal,0.0,normal,real_cira,0,-1,,
1085,0,normal,0.0,normal,real_cira,0,-1,,
1086,0,normal,0.0,normal,real_cira,0,-1,,
1087,0,normal,0.0,normal,real_cira,3,-1,,
1088,0,normal,0.0,normal,real_cira,1,-1,,
1089,0,normal,0.0,normal,real_cira,3,-1,,
1090,0,normal,0.0,normal,real_cira,3,-1,,
1091,0,normal,0.0,normal,real_cira,0,-1,,
1092,0,normal,0.0,normal,real_cira,0,-1,,
1093,0,normal,0.0,normal,real_cira,3,-1,,
1094,0,normal,0.0,normal,real_cira,1,-1,,
1095,0,normal,0.0,normal,real_cira,0,-1,,
1096,0,normal,0.0,normal,real_cira,0,-1,,
1097,0,normal,0.0,normal,real_cira,3,-1,,
1098,0,normal,0.0,normal,real_cira,0,-1,,
1099,0,normal,0.0,normal,real_cira,0,-1,,
1100,0,normal,0.0,normal,real_cira,0,-1,,
1101,0,normal,0.0,normal,real_cira,0,-1,,
1102,0,normal,0.0,normal,real_cira,0,-1,,
1103,0,normal,0.0,normal,real_cira,2,-1,,
1104,0,normal,0.0,normal,real_cira,0,-1,,
1105,0,normal,0.0,normal,real_cira,0,-1,,
1106,0,normal,0.0,normal,real_cira,2,-1,,
1107,0,normal,0.0,normal,real_cira,0,-1,,
1108,0,normal,0.0,normal,real_cira,0,-1,,
1109,0,normal,0.0,normal,real_cira,0,-1,,
1110,0,normal,0.0,normal,real_cira,0,-1,,
1111,0,normal,0.0,normal,real_cira,2,-1,,
1112,0,normal,0.0,normal,real_cira,1,-1,,
1113,0,normal,0.0,normal,real_cira,2,-1,,
1114,0,normal,0.0,normal,real_cira,0,-1,,
1115,0,normal,0.0,normal,real_cira,0,-1,,
1116,0,normal,0.0,normal,real_cira,2,-1,,
1117,0,normal,0.0,normal,real_cira,0,-1,,
1118,0,normal,0.0,normal,real_cira,0,-1,,
1119,0,normal,0.0,normal,real_cira,3,-1,,
1120,0,normal,0.0,normal,real_cira,2,-1,,
1121,0,normal,0.0,normal,real_cira,3,-1,,
1122,0,normal,0.0,normal,real_cira,2,-1,,
1123,0,normal,0.0,normal,real_cira,0,-1,,
1124,0,normal,0.0,normal,real_cira,0,-1,,
1125,0,normal,0.0,normal,real_cira,0,-1,,
1126,0,normal,0.0,normal,real_cira,1,-1,,
1127,0,normal,0.0,normal,real_cira,1,-1,,
1128,0,normal,0.0,normal,real_cira,3,-1,,
1129,0,normal,0.0,normal,real_cira,0,-1,,
1130,0,normal,0.0,normal,real_cira,2,-1,,
1131,0,normal,0.0,normal,real_cira,3,-1,,
1132,0,normal,0.0,normal,real_cira,0,-1,,
1133,0,normal,0.0,normal,real_cira,2,-1,,
1134,0,normal,0.0,normal,real_cira,1,-1,,
1135,0,normal,0.0,normal,real_cira,0,-1,,
1136,0,normal,0.0,normal,real_cira,0,-1,,
1137,0,normal,0.0,normal,real_cira,2,-1,,
1138,0,normal,0.0,normal,real_cira,1,-1,,
1139,0,normal,0.0,normal,real_cira,0,-1,,
1140,0,normal,0.0,normal,real_cira,1,-1,,
1141,0,normal,0.0,normal,real_cira,3,-1,,
1142,0,normal,0.0,normal,real_cira,3,-1,,
1143,0,normal,0.0,normal,real_cira,0,-1,,
1144,0,normal,0.0,normal,real_cira,0,-1,,
1145,0,normal,0.0,normal,real_cira,2,-1,,
1146,0,normal,0.0,normal,real_cira,0,-1,,
1147,0,normal,0.0,normal,real_cira,2,-1,,
1148,0,normal,0.0,normal,real_cira,3,-1,,
1149,0,normal,0.0,normal,real_cira,0,-1,,
1150,0,normal,0.0,normal,real_cira,0,-1,,
1151,0,normal,0.0,normal,real_cira,0,-1,,
1152,0,normal,0.0,normal,real_cira,0,-1,,
1153,0,normal,0.0,normal,real_cira,0,-1,,
1154,0,normal,0.0,normal,real_cira,0,-1,,
1155,0,normal,0.0,normal,real_cira,1,-1,,
1156,0,normal,0.0,normal,real_cira,2,-1,,
1157,0,normal,0.0,normal,real_cira,1,-1,,
1158,0,normal,0.0,normal,real_cira,0,-1,,
1159,0,normal,0.0,normal,real_cira,0,-1,,
1160,0,normal,0.0,normal,real_cira,0,-1,,
1161,0,normal,0.0,normal,real_cira,2,-1,,
1162,0,normal,0.0,normal,real_cira,0,-1,,
1163,0,normal,0.0,normal,real_cira,0,-1,,
1164,0,normal,0.0,normal,real_cira,0,-1,,
1165,0,normal,0.0,normal,real_cira,2,-1,,
1166,0,normal,0.0,normal,real_cira,0,-1,,
1167,0,normal,0.0,normal,real_cira,3,-1,,
1168,0,normal,0.0,normal,real_cira,0,-1,,
1169,0,normal,0.0,normal,real_cira,0,-1,,
1170,0,normal,0.0,normal,real_cira,2,-1,,
1171,0,normal,0.0,normal,real_cira,0,-1,,
1172,0,normal,0.0,normal,real_cira,3,-1,,
1173,0,normal,0.0,normal,real_cira,0,-1,,
1174,0,normal,0.0,normal,real_cira,2,-1,,
1175,0,normal,0.0,normal,real_cira,1,-1,,
1176,0,normal,0.0,normal,real_cira,0,-1,,
1177,0,normal,0.0,normal,real_cira,0,-1,,
1178,0,normal,0.0,normal,real_cira,3,-1,,
1179,0,normal,0.0,normal,real_cira,2,-1,,
1180,0,normal,0.0,normal,real_cira,2,-1,,
1181,0,normal,0.0,normal,real_cira,0,-1,,
1182,0,normal,0.0,normal,real_cira,0,-1,,
1183,0,normal,0.0,normal,real_cira,0,-1,,
1184,0,normal,0.0,normal,real_cira,3,-1,,
1185,0,normal,0.0,normal,real_cira,0,-1,,
1186,0,normal,0.0,normal,real_cira,0,-1,,
1187,0,normal,0.0,normal,real_cira,0,-1,,
1188,0,normal,0.0,normal,real_cira,0,-1,,
1189,0,normal,0.0,normal,real_cira,0,-1,,
1190,0,normal,0.0,normal,real_cira,0,-1,,
1191,0,normal,0.0,normal,real_cira,3,-1,,
1192,0,normal,0.0,normal,real_cira,0,-1,,
1193,0,normal,0.0,normal,real_cira,0,-1,,
1194,0,normal,0.0,normal,real_cira,0,-1,,
1195,0,normal,0.0,normal,real_cira,2,-1,,
1196,0,normal,0.0,normal,real_cira,0,-1,,
1197,0,normal,0.0,normal,real_cira,3,-1,,
1198,0,normal,0.0,normal,real_cira,2,-1,,
1199,0,normal,0.0,normal,real_cira,2,-1,,
1200,1,bearing_wear,0.6839,advanced,physics_weibull_v5,1,-1,,
1201,1,bearing_wear,0.3985,developing,physics_weibull_v5,2,-1,,
1202,1,bearing_wear,0.632,developing,physics_weibull_v5,3,-1,,
1203,1,bearing_wear,0.2988,early,physics_weibull_v5,3,-1,,
1204,1,bearing_wear,0.121,early,physics_weibull_v5,3,-1,,
1205,1,bearing_wear,0.5674,developing,physics_weibull_v5,1,-1,,
1206,1,bearing_wear,0.1048,early,physics_weibull_v5,1,-1,,
1207,1,bearing_wear,0.0706,early,physics_weibull_v5,3,-1,,
1208,1,bearing_wear,0.05,early,physics_weibull_v5,3,-1,,
1209,1,bearing_wear,0.0609,early,physics_weibull_v5,3,-1,,
1210,1,bearing_wear,0.05,early,physics_weibull_v5,2,-1,,
1211,1,bearing_wear,0.93,advanced,physics_weibull_v5,3,-1,,
1212,1,bearing_wear,0.0984,early,physics_weibull_v5,3,-1,,
1213,1,bearing_wear,0.217,early,physics_weibull_v5,2,-1,,
1214,1,bearing_wear,0.6557,advanced,physics_weibull_v5,2,-1,,
1215,1,bearing_wear,0.2318,early,physics_weibull_v5,1,-1,,
1216,1,bearing_wear,0.05,early,physics_weibull_v5,1,-1,,
1217,1,bearing_wear,0.1611,early,physics_weibull_v5,3,-1,,
1218,1,bearing_wear,0.2261,early,physics_weibull_v5,1,-1,,
1219,1,bearing_wear,0.2051,early,physics_weibull_v5,1,-1,,
1220,1,bearing_wear,0.0888,early,physics_weibull_v5,2,-1,,
1221,1,bearing_wear,0.1779,early,physics_weibull_v5,1,-1,,
1222,1,bearing_wear,0.7887,advanced,physics_weibull_v5,2,-1,,
1223,1,bearing_wear,0.1849,early,physics_weibull_v5,1,-1,,
1224,1,bearing_wear,0.1143,early,physics_weibull_v5,3,-1,,
1225,1,bearing_wear,0.05,early,physics_weibull_v5,2,-1,,
1226,1,bearing_wear,0.05,early,physics_weibull_v5,3,-1,,
1227,1,bearing_wear,0.7906,advanced,physics_weibull_v5,2,-1,,
1228,1,bearing_wear,0.05,early,physics_weibull_v5,1,-1,,
1229,1,bearing_wear,0.2839,early,physics_weibull_v5,2,-1,,
1230,1,bearing_wear,0.4122,developing,physics_weibull_v5,2,-1,,
1231,1,bearing_wear,0.5093,developing,physics_weibull_v5,2,-1,,
1232,1,bearing_wear,0.3675,developing,physics_weibull_v5,2,-1,,
1233,1,bearing_wear,0.05,early,physics_weibull_v5,2,-1,,
1234,1,bearing_wear,0.1438,early,physics_weibull_v5,3,-1,,
1235,1,bearing_wear,0.1062,early,physics_weibull_v5,3,-1,,
1236,1,bearing_wear,0.0775,early,physics_weibull_v5,1,-1,,
1237,1,bearing_wear,0.1643,early,physics_weibull_v5,3,-1,,
1238,1,bearing_wear,0.1419,early,physics_weibull_v5,2,-1,,
1239,1,bearing_wear,0.3819,developing,physics_weibull_v5,1,-1,,
1240,1,bearing_wear,0.2883,early,physics_weibull_v5,3,-1,,
1241,1,bearing_wear,0.0904,early,physics_weibull_v5,3,-1,,
1242,1,bearing_wear,0.1647,early,physics_weibull_v5,2,-1,,
1243,1,bearing_wear,0.333,developing,physics_weibull_v5,2,-1,,
1244,1,bearing_wear,0.0719,early,physics_weibull_v5,2,-1,,
1245,1,bearing_wear,0.6439,developing,physics_weibull_v5,3,-1,,
1246,1,bearing_wear,0.05,early,physics_weibull_v5,3,-1,,
1247,1,bearing_wear,0.05,early,physics_weibull_v5,3,-1,,
1248,1,bearing_wear,0.05,early,physics_weibull_v5,3,-1,,
1249,1,bearing_wear,0.05,early,physics_weibull_v5,2,-1,,
1250,1,bearing_wear,0.2551,early,physics_weibull_v5,1,-1,,
1251,1,bearing_wear,0.6875,advanced,physics_weibull_v5,3,-1,,
1252,1,bearing_wear,0.2958,early,physics_weibull_v5,2,-1,,
1253,1,bearing_wear,0.5924,developing,physics_weibull_v5,2,-1,,
1254,1,bearing_wear,0.05,early,physics_weibull_v5,2,-1,,
1255,1,bearing_wear,0.3498,developing,physics_weibull_v5,2,-1,,
1256,1,bearing_wear,0.4563,developing,physics_weibull_v5,2,-1,,
1257,1,bearing_wear,0.0894,early,physics_weibull_v5,3,-1,,
1258,1,bearing_wear,0.05,early,physics_weibull_v5,3,-1,,
1259,1,bearing_wear,0.3888,developing,physics_weibull_v5,2,-1,,
1260,1,bearing_wear,0.05,early,physics_weibull_v5,1,-1,,
1261,1,bearing_wear,0.8844,advanced,physics_weibull_v5,2,-1,,
1262,1,bearing_wear,0.0953,early,physics_weibull_v5,3,-1,,
1263,1,bearing_wear,0.1311,early,physics_weibull_v5,2,-1,,
1264,1,bearing_wear,0.05,early,physics_weibull_v5,2,-1,,
1265,1,bearing_wear,0.2253,early,physics_weibull_v5,2,-1,,
1266,1,bearing_wear,0.4253,developing,physics_weibull_v5,2,-1,,
1267,1,bearing_wear,0.146,early,physics_weibull_v5,3,-1,,
1268,1,bearing_wear,0.4354,developing,physics_weibull_v5,2,-1,,
1269,1,bearing_wear,0.9889,advanced,physics_weibull_v5,3,-1,,
1270,1,bearing_wear,0.05,early,physics_weibull_v5,1,-1,,
1271,1,bearing_wear,0.05,early,physics_weibull_v5,1,-1,,
1272,1,bearing_wear,0.2039,early,physics_weibull_v5,3,-1,,
1273,1,bearing_wear,0.05,early,physics_weibull_v5,3,-1,,
1274,1,bearing_wear,0.9213,advanced,physics_weibull_v5,3,-1,,
1275,1,bearing_wear,0.05,early,physics_weibull_v5,1,-1,,
1276,1,bearing_wear,0.7974,advanced,physics_weibull_v5,3,-1,,
1277,1,bearing_wear,0.6225,developing,physics_weibull_v5,2,-1,,
1278,1,bearing_wear,0.05,early,physics_weibull_v5,2,-1,,
1279,1,bearing_wear,0.0619,early,physics_weibull_v5,1,-1,,
1280,1,bearing_wear,0.0807,early,physics_weibull_v5,2,-1,,
1281,1,bearing_wear,0.05,early,physics_weibull_v5,1,-1,,
1282,1,bearing_wear,0.1993,early,physics_weibull_v5,1,-1,,
1283,1,bearing_wear,0.05,early,physics_weibull_v5,3,-1,,
1284,1,bearing_wear,0.1063,early,physics_weibull_v5,3,-1,,
1285,1,bearing_wear,0.05,early,physics_weibull_v5,2,-1,,
1286,1,bearing_wear,0.0605,early,physics_weibull_v5,2,-1,,
1287,1,bearing_wear,0.1797,early,physics_weibull_v5,3,-1,,
1288,1,bearing_wear,0.6641,advanced,physics_weibull_v5,3,-1,,
1289,1,bearing_wear,0.5787,developing,physics_weibull_v5,2,-1,,
1290,1,bearing_wear,0.2667,early,physics_weibull_v5,3,-1,,
1291,1,bearing_wear,0.4045,developing,physics_weibull_v5,2,-1,,
1292,1,bearing_wear,0.05,early,physics_weibull_v5,3,-1,,
1293,1,bearing_wear,0.5123,developing,physics_weibull_v5,2,-1,,
1294,1,bearing_wear,0.1455,early,physics_weibull_v5,3,-1,,
1295,1,bearing_wear,0.055,early,physics_weibull_v5,3,-1,,
1296,1,bearing_wear,0.9989,advanced,physics_weibull_v5,3,-1,,
1297,1,bearing_wear,0.3242,developing,physics_weibull_v5,2,-1,,
1298,1,bearing_wear,0.0738,early,physics_weibull_v5,2,-1,,
1299,1,bearing_wear,0.2296,early,physics_weibull_v5,2,-1,,
1300,1,bearing_wear,0.05,early,physics_weibull_v5,1,-1,,
1301,1,bearing_wear,0.5633,developing,physics_weibull_v5,2,-1,,
1302,1,bearing_wear,0.3036,developing,physics_weibull_v5,2,-1,,
1303,1,bearing_wear,0.05,early,physics_weibull_v5,1,-1,,
1304,1,bearing_wear,0.05,early,physics_weibull_v5,1,-1,,
1305,1,bearing_wear,0.4142,developing,physics_weibull_v5,1,-1,,
1306,1,bearing_wear,0.05,early,physics_weibull_v5,3,-1,,
1307,1,bearing_wear,0.163,early,physics_weibull_v5,2,-1,,
1308,1,bearing_wear,0.05,early,physics_weibull_v5,3,-1,,
1309,1,bearing_wear,0.927,advanced,physics_weibull_v5,2,-1,,
1310,1,bearing_wear,0.7395,advanced,physics_weibull_v5,2,-1,,
1311,1,bearing_wear,0.05,early,physics_weibull_v5,1,-1,,
1312,1,bearing_wear,0.05,early,physics_weibull_v5,2,-1,,
1313,1,bearing_wear,0.05,early,physics_weibull_v5,2,-1,,
1314,1,bearing_wear,0.2396,early,physics_weibull_v5,2,-1,,
1315,1,bearing_wear,0.0921,early,physics_weibull_v5,3,-1,,
1316,1,bearing_wear,0.1499,early,physics_weibull_v5,2,-1,,
1317,1,bearing_wear,0.815,advanced,physics_weibull_v5,2,-1,,
1318,1,bearing_wear,0.2541,early,physics_weibull_v5,3,-1,,
1319,1,bearing_wear,0.155,early,physics_weibull_v5,3,-1,,
1320,1,bearing_wear,0.342,developing,physics_weibull_v5,2,-1,,
1321,1,bearing_wear,0.05,early,physics_weibull_v5,2,-1,,
1322,1,bearing_wear,0.05,early,physics_weibull_v5,2,-1,,
1323,1,bearing_wear,0.0735,early,physics_weibull_v5,1,-1,,
1324,1,bearing_wear,0.05,early,physics_weibull_v5,2,-1,,
1325,1,bearing_wear,0.05,early,physics_weibull_v5,3,-1,,
1326,1,bearing_wear,0.1187,early,physics_weibull_v5,3,-1,,
1327,1,bearing_wear,0.8693,advanced,physics_weibull_v5,3,-1,,
1328,1,bearing_wear,0.2093,early,physics_weibull_v5,2,-1,,
1329,1,bearing_wear,0.2582,early,physics_weibull_v5,2,-1,,
1330,1,bearing_wear,0.2298,early,physics_weibull_v5,1,-1,,
1331,1,bearing_wear,0.05,early,physics_weibull_v5,2,-1,,
1332,1,bearing_wear,0.2925,early,physics_weibull_v5,3,-1,,
1333,1,bearing_wear,0.0563,early,physics_weibull_v5,2,-1,,
1334,1,bearing_wear,0.643,developing,physics_weibull_v5,1,-1,,
1335,1,bearing_wear,0.05,early,physics_weibull_v5,2,-1,,
1336,1,bearing_wear,0.05,early,physics_weibull_v5,2,-1,,
1337,1,bearing_wear,0.9738,advanced,physics_weibull_v5,2,-1,,
1338,1,bearing_wear,0.2452,early,physics_weibull_v5,1,-1,,
1339,1,bearing_wear,0.1361,early,physics_weibull_v5,1,-1,,
1340,1,bearing_wear,0.6538,advanced,physics_weibull_v5,2,-1,,
1341,1,bearing_wear,0.2201,early,physics_weibull_v5,2,-1,,
1342,1,bearing_wear,0.1692,early,physics_weibull_v5,1,-1,,
1343,1,bearing_wear,0.2653,early,physics_weibull_v5,1,-1,,
1344,1,bearing_wear,0.05,early,physics_weibull_v5,2,-1,,
1345,1,bearing_wear,0.05,early,physics_weibull_v5,3,-1,,
1346,1,bearing_wear,0.9189,advanced,physics_weibull_v5,3,-1,,
1347,1,bearing_wear,0.2012,early,physics_weibull_v5,1,-1,,
1348,1,bearing_wear,0.2208,early,physics_weibull_v5,1,-1,,
1349,1,bearing_wear,0.1667,early,physics_weibull_v5,1,-1,,
1350,1,bearing_wear,0.523,developing,physics_weibull_v5,2,-1,,
1351,1,bearing_wear,0.1792,early,physics_weibull_v5,3,-1,,
1352,1,bearing_wear,0.05,early,physics_weibull_v5,2,-1,,
1353,1,bearing_wear,0.1238,early,physics_weibull_v5,1,-1,,
1354,1,bearing_wear,0.05,early,physics_weibull_v5,1,-1,,
1355,1,bearing_wear,0.1069,early,physics_weibull_v5,2,-1,,
1356,1,bearing_wear,0.05,early,physics_weibull_v5,3,-1,,
1357,1,bearing_wear,0.4507,developing,physics_weibull_v5,2,-1,,
1358,1,bearing_wear,0.28,early,physics_weibull_v5,3,-1,,
1359,1,bearing_wear,0.1064,early,physics_weibull_v5,3,-1,,
1360,1,bearing_wear,0.6405,developing,physics_weibull_v5,1,-1,,
1361,1,bearing_wear,0.0654,early,physics_weibull_v5,1,-1,,
1362,1,bearing_wear,0.1499,early,physics_weibull_v5,2,-1,,
1363,1,bearing_wear,0.1465,early,physics_weibull_v5,3,-1,,
1364,1,bearing_wear,0.4052,developing,physics_weibull_v5,1,-1,,
1365,1,bearing_wear,0.1539,early,physics_weibull_v5,3,-1,,
1366,1,bearing_wear,0.1099,early,physics_weibull_v5,2,-1,,
1367,1,bearing_wear,0.05,early,physics_weibull_v5,1,-1,,
1368,1,bearing_wear,0.5587,developing,physics_weibull_v5,2,-1,,
1369,1,bearing_wear,0.7756,advanced,physics_weibull_v5,3,-1,,
1370,1,bearing_wear,0.1955,early,physics_weibull_v5,1,-1,,
1371,1,bearing_wear,0.0832,early,physics_weibull_v5,1,-1,,
1372,1,bearing_wear,0.9917,advanced,physics_weibull_v5,3,-1,,
1373,1,bearing_wear,0.6183,developing,physics_weibull_v5,2,-1,,
1374,1,bearing_wear,0.1347,early,physics_weibull_v5,2,-1,,
1375,1,bearing_wear,0.1848,early,physics_weibull_v5,2,-1,,
1376,1,bearing_wear,0.05,early,physics_weibull_v5,1,-1,,
1377,1,bearing_wear,0.1688,early,physics_weibull_v5,3,-1,,
1378,1,bearing_wear,0.2832,early,physics_weibull_v5,1,-1,,
1379,1,bearing_wear,0.05,early,physics_weibull_v5,2,-1,,
1380,1,bearing_wear,0.05,early,physics_weibull_v5,1,-1,,
1381,1,bearing_wear,0.613,developing,physics_weibull_v5,1,-1,,
1382,1,bearing_wear,0.1545,early,physics_weibull_v5,2,-1,,
1383,1,bearing_wear,0.05,early,physics_weibull_v5,1,-1,,
1384,1,bearing_wear,0.05,early,physics_weibull_v5,2,-1,,
1385,1,bearing_wear,0.0712,early,physics_weibull_v5,3,-1,,
1386,1,bearing_wear,0.4201,developing,physics_weibull_v5,2,-1,,
1387,1,bearing_wear,0.05,early,physics_weibull_v5,1,-1,,
1388,1,bearing_wear,0.4787,developing,physics_weibull_v5,1,-1,,
1389,1,bearing_wear,0.05,early,physics_weibull_v5,3,-1,,
1390,1,bearing_wear,0.05,early,physics_weibull_v5,2,-1,,
1391,1,bearing_wear,0.05,early,physics_weibull_v5,2,-1,,
1392,1,bearing_wear,0.581,developing,physics_weibull_v5,2,-1,,
1393,1,bearing_wear,0.05,early,physics_weibull_v5,2,-1,,
1394,1,bearing_wear,0.05,early,physics_weibull_v5,2,-1,,
1395,1,bearing_wear,0.7652,advanced,physics_weibull_v5,1,-1,,
1396,1,bearing_wear,0.05,early,physics_weibull_v5,2,-1,,
1397,1,bearing_wear,0.05,early,physics_weibull_v5,2,-1,,
1398,1,bearing_wear,0.7733,advanced,physics_weibull_v5,3,-1,,
1399,1,bearing_wear,0.0671,early,physics_weibull_v5,3,-1,,
1400,1,bearing_wear,0.1396,early,physics_weibull_v5,1,-1,,
1401,1,bearing_wear,0.6203,developing,physics_weibull_v5,1,-1,,
1402,1,bearing_wear,0.0835,early,physics_weibull_v5,2,-1,,
1403,1,bearing_wear,0.2608,early,physics_weibull_v5,3,-1,,
1404,1,bearing_wear,0.4553,developing,physics_weibull_v5,2,-1,,
1405,1,bearing_wear,0.3896,developing,physics_weibull_v5,2,-1,,
1406,1,bearing_wear,0.05,early,physics_weibull_v5,3,-1,,
1407,1,bearing_wear,0.1064,early,physics_weibull_v5,1,-1,,
1408,1,bearing_wear,0.0517,early,physics_weibull_v5,3,-1,,
1409,1,bearing_wear,0.9333,advanced,physics_weibull_v5,1,-1,,
1410,1,bearing_wear,0.0746,early,physics_weibull_v5,2,-1,,
1411,1,bearing_wear,0.2252,early,physics_weibull_v5,1,-1,,
1412,1,bearing_wear,0.05,early,physics_weibull_v5,1,-1,,
1413,1,bearing_wear,0.682,advanced,physics_weibull_v5,3,-1,,
1414,1,bearing_wear,0.05,early,physics_weibull_v5,1,-1,,
1415,1,bearing_wear,0.8467,advanced,physics_weibull_v5,3,-1,,
1416,1,bearing_wear,0.9495,advanced,physics_weibull_v5,3,-1,,
1417,1,bearing_wear,0.05,early,physics_weibull_v5,1,-1,,
1418,1,bearing_wear,0.08,early,physics_weibull_v5,2,-1,,
1419,1,bearing_wear,0.069,early,physics_weibull_v5,3,-1,,
1420,1,bearing_wear,0.2478,early,physics_weibull_v5,1,-1,,
1421,1,bearing_wear,0.3208,developing,physics_weibull_v5,2,-1,,
1422,1,bearing_wear,0.7098,advanced,physics_weibull_v5,3,-1,,
1423,1,bearing_wear,0.8322,advanced,physics_weibull_v5,3,-1,,
1424,1,bearing_wear,0.05,early,physics_weibull_v5,1,-1,,
1425,1,bearing_wear,0.7552,advanced,physics_weibull_v5,3,-1,,
1426,1,bearing_wear,0.9422,advanced,physics_weibull_v5,3,-1,,
1427,1,bearing_wear,0.05,early,physics_weibull_v5,1,-1,,
1428,1,bearing_wear,0.3633,developing,physics_weibull_v5,2,-1,,
1429,1,bearing_wear,0.05,early,physics_weibull_v5,2,-1,,
1430,1,bearing_wear,0.05,early,physics_weibull_v5,2,-1,,
1431,1,bearing_wear,0.05,early,physics_weibull_v5,3,-1,,
1432,1,bearing_wear,0.0827,early,physics_weibull_v5,2,-1,,
1433,1,bearing_wear,0.05,early,physics_weibull_v5,1,-1,,
1434,1,bearing_wear,0.6534,advanced,physics_weibull_v5,2,-1,,
1435,1,bearing_wear,0.05,early,physics_weibull_v5,2,-1,,
1436,1,bearing_wear,0.2041,early,physics_weibull_v5,1,-1,,
1437,1,bearing_wear,0.2048,early,physics_weibull_v5,2,-1,,
1438,1,bearing_wear,0.6811,advanced,physics_weibull_v5,1,-1,,
1439,1,bearing_wear,0.2961,early,physics_weibull_v5,2,-1,,
1440,1,bearing_wear,0.6346,developing,physics_weibull_v5,2,-1,,
1441,1,bearing_wear,0.05,early,physics_weibull_v5,2,-1,,
1442,1,bearing_wear,0.05,early,physics_weibull_v5,2,-1,,
1443,1,bearing_wear,0.0582,early,physics_weibull_v5,2,-1,,
1444,1,bearing_wear,0.05,early,physics_weibull_v5,2,-1,,
1445,1,bearing_wear,0.7497,advanced,physics_weibull_v5,1,-1,,
1446,1,bearing_wear,0.5479,developing,physics_weibull_v5,2,-1,,
1447,1,bearing_wear,0.1563,early,physics_weibull_v5,3,-1,,
1448,1,bearing_wear,0.05,early,physics_weibull_v5,2,-1,,
1449,1,bearing_wear,0.0981,early,physics_weibull_v5,2,-1,,
1450,1,bearing_wear,0.05,early,physics_weibull_v5,1,-1,,
1451,1,bearing_wear,0.9628,advanced,physics_weibull_v5,3,-1,,
1452,1,bearing_wear,0.9944,advanced,physics_weibull_v5,3,-1,,
1453,1,bearing_wear,0.9927,advanced,physics_weibull_v5,2,-1,,
1454,1,bearing_wear,0.1137,early,physics_weibull_v5,1,-1,,
1455,1,bearing_wear,0.1917,early,physics_weibull_v5,1,-1,,
1456,1,bearing_wear,0.1459,early,physics_weibull_v5,1,-1,,
1457,1,bearing_wear,0.8987,advanced,physics_weibull_v5,1,-1,,
1458,1,bearing_wear,0.8919,advanced,physics_weibull_v5,2,-1,,
1459,1,bearing_wear,0.7717,advanced,physics_weibull_v5,3,-1,,
1460,1,bearing_wear,0.05,early,physics_weibull_v5,2,-1,,
1461,1,bearing_wear,0.05,early,physics_weibull_v5,2,-1,,
1462,1,bearing_wear,0.0666,early,physics_weibull_v5,3,-1,,
1463,1,bearing_wear,0.2938,early,physics_weibull_v5,3,-1,,
1464,1,bearing_wear,0.9733,advanced,physics_weibull_v5,1,-1,,
1465,1,bearing_wear,0.103,early,physics_weibull_v5,2,-1,,
1466,1,bearing_wear,0.2115,early,physics_weibull_v5,1,-1,,
1467,1,bearing_wear,0.2389,early,physics_weibull_v5,2,-1,,
1468,1,bearing_wear,0.05,early,physics_weibull_v5,3,-1,,
1469,1,bearing_wear,0.7686,advanced,physics_weibull_v5,3,-1,,
1470,1,bearing_wear,0.1528,early,physics_weibull_v5,3,-1,,
1471,1,bearing_wear,0.0631,early,physics_weibull_v5,1,-1,,
1472,1,bearing_wear,0.8123,advanced,physics_weibull_v5,3,-1,,
1473,1,bearing_wear,0.402,developing,physics_weibull_v5,2,-1,,
1474,1,bearing_wear,0.9307,advanced,physics_weibull_v5,3,-1,,
1475,1,bearing_wear,0.05,early,physics_weibull_v5,3,-1,,
1476,1,bearing_wear,0.8638,advanced,physics_weibull_v5,3,-1,,
1477,1,bearing_wear,0.1991,early,physics_weibull_v5,2,-1,,
1478,1,bearing_wear,0.05,early,physics_weibull_v5,2,-1,,
1479,1,bearing_wear,0.6485,developing,physics_weibull_v5,3,-1,,
1480,1,bearing_wear,0.9125,advanced,physics_weibull_v5,3,-1,,
1481,1,bearing_wear,0.6107,developing,physics_weibull_v5,1,-1,,
1482,1,bearing_wear,0.1549,early,physics_weibull_v5,1,-1,,
1483,1,bearing_wear,0.0744,early,physics_weibull_v5,2,-1,,
1484,1,bearing_wear,0.0662,early,physics_weibull_v5,1,-1,,
1485,1,bearing_wear,0.9408,advanced,physics_weibull_v5,2,-1,,
1486,1,bearing_wear,0.0872,early,physics_weibull_v5,3,-1,,
1487,1,bearing_wear,0.619,developing,physics_weibull_v5,1,-1,,
1488,1,bearing_wear,0.058,early,physics_weibull_v5,2,-1,,
1489,1,bearing_wear,0.0558,early,physics_weibull_v5,3,-1,,
1490,1,bearing_wear,0.7444,advanced,physics_weibull_v5,1,-1,,
1491,1,bearing_wear,0.05,early,physics_weibull_v5,3,-1,,
1492,1,bearing_wear,0.2725,early,physics_weibull_v5,1,-1,,
1493,1,bearing_wear,0.8035,advanced,physics_weibull_v5,2,-1,,
1494,1,bearing_wear,0.05,early,physics_weibull_v5,2,-1,,
1495,1,bearing_wear,0.9361,advanced,physics_weibull_v5,3,-1,,
1496,1,bearing_wear,0.2032,early,physics_weibull_v5,1,-1,,
1497,1,bearing_wear,0.5762,developing,physics_weibull_v5,2,-1,,
1498,1,bearing_wear,0.2183,early,physics_weibull_v5,2,-1,,
1499,1,bearing_wear,0.05,early,physics_weibull_v5,1,-1,,
1500,1,bearing_wear,0.05,early,physics_weibull_v5,2,-1,,
1501,1,bearing_wear,0.4166,developing,physics_weibull_v5,2,-1,,
1502,1,bearing_wear,0.0811,early,physics_weibull_v5,1,-1,,
1503,1,bearing_wear,0.7331,advanced,physics_weibull_v5,1,-1,,
1504,1,bearing_wear,0.05,early,physics_weibull_v5,2,-1,,
1505,1,bearing_wear,0.4875,developing,physics_weibull_v5,2,-1,,
1506,1,bearing_wear,0.05,early,physics_weibull_v5,2,-1,,
1507,1,bearing_wear,0.3409,developing,physics_weibull_v5,1,-1,,
1508,1,bearing_wear,0.214,early,physics_weibull_v5,1,-1,,
1509,1,bearing_wear,0.05,early,physics_weibull_v5,1,-1,,
1510,1,bearing_wear,0.05,early,physics_weibull_v5,1,-1,,
1511,1,bearing_wear,0.1129,early,physics_weibull_v5,1,-1,,
1512,1,bearing_wear,0.8332,advanced,physics_weibull_v5,2,-1,,
1513,1,bearing_wear,0.05,early,physics_weibull_v5,3,-1,,
1514,1,bearing_wear,0.1197,early,physics_weibull_v5,3,-1,,
1515,1,bearing_wear,0.0719,early,physics_weibull_v5,3,-1,,
1516,1,bearing_wear,0.1391,early,physics_weibull_v5,2,-1,,
1517,1,bearing_wear,0.123,early,physics_weibull_v5,2,-1,,
1518,1,bearing_wear,0.0621,early,physics_weibull_v5,2,-1,,
1519,1,bearing_wear,0.1836,early,physics_weibull_v5,3,-1,,
1520,1,bearing_wear,0.1069,early,physics_weibull_v5,3,-1,,
1521,1,bearing_wear,0.6371,developing,physics_weibull_v5,1,-1,,
1522,1,bearing_wear,0.5678,developing,physics_weibull_v5,2,-1,,
1523,1,bearing_wear,0.4375,developing,physics_weibull_v5,2,-1,,
1524,1,bearing_wear,0.05,early,physics_weibull_v5,3,-1,,
1525,1,bearing_wear,0.8948,advanced,physics_weibull_v5,1,-1,,
1526,1,bearing_wear,0.6704,advanced,physics_weibull_v5,3,-1,,
1527,1,bearing_wear,0.6102,developing,physics_weibull_v5,2,-1,,
1528,1,bearing_wear,0.2594,early,physics_weibull_v5,2,-1,,
1529,1,bearing_wear,0.0819,early,physics_weibull_v5,3,-1,,
1530,1,bearing_wear,0.05,early,physics_weibull_v5,1,-1,,
1531,1,bearing_wear,0.0703,early,physics_weibull_v5,3,-1,,
1532,1,bearing_wear,0.0829,early,physics_weibull_v5,2,-1,,
1533,1,bearing_wear,0.05,early,physics_weibull_v5,2,-1,,
1534,1,bearing_wear,0.3404,developing,physics_weibull_v5,2,-1,,
1535,1,bearing_wear,0.4057,developing,physics_weibull_v5,2,-1,,
1536,1,bearing_wear,0.9482,advanced,physics_weibull_v5,2,-1,,
1537,1,bearing_wear,0.05,early,physics_weibull_v5,3,-1,,
1538,1,bearing_wear,0.6041,developing,physics_weibull_v5,3,-1,,
1539,1,bearing_wear,0.5499,developing,physics_weibull_v5,2,-1,,
1540,1,bearing_wear,0.0647,early,physics_weibull_v5,1,-1,,
1541,1,bearing_wear,0.8816,advanced,physics_weibull_v5,2,-1,,
1542,1,bearing_wear,0.8162,advanced,physics_weibull_v5,2,-1,,
1543,1,bearing_wear,0.0808,early,physics_weibull_v5,2,-1,,
1544,1,bearing_wear,0.05,early,physics_weibull_v5,1,-1,,
1545,1,bearing_wear,0.6705,advanced,physics_weibull_v5,2,-1,,
1546,1,bearing_wear,0.05,early,physics_weibull_v5,2,-1,,
1547,1,bearing_wear,0.0889,early,physics_weibull_v5,2,-1,,
1548,1,bearing_wear,0.0821,early,physics_weibull_v5,3,-1,,
1549,1,bearing_wear,0.05,early,physics_weibull_v5,1,-1,,
1550,1,bearing_wear,0.0737,early,physics_weibull_v5,2,-1,,
1551,1,bearing_wear,0.6248,developing,physics_weibull_v5,1,-1,,
1552,1,bearing_wear,0.05,early,physics_weibull_v5,1,-1,,
1553,1,bearing_wear,0.2525,early,physics_weibull_v5,1,-1,,
1554,1,bearing_wear,0.05,early,physics_weibull_v5,1,-1,,
1555,1,bearing_wear,0.05,early,physics_weibull_v5,1,-1,,
1556,1,bearing_wear,0.9887,advanced,physics_weibull_v5,1,-1,,
1557,1,bearing_wear,0.096,early,physics_weibull_v5,3,-1,,
1558,1,bearing_wear,0.301,developing,physics_weibull_v5,2,-1,,
1559,1,bearing_wear,0.9096,advanced,physics_weibull_v5,3,-1,,
1560,1,bearing_wear,0.0601,early,physics_weibull_v5,2,-1,,
1561,1,bearing_wear,0.0543,early,physics_weibull_v5,1,-1,,
1562,1,bearing_wear,0.05,early,physics_weibull_v5,2,-1,,
1563,1,bearing_wear,0.7756,advanced,physics_weibull_v5,3,-1,,
1564,1,bearing_wear,0.05,early,physics_weibull_v5,1,-1,,
1565,1,bearing_wear,0.05,early,physics_weibull_v5,2,-1,,
1566,1,bearing_wear,0.125,early,physics_weibull_v5,2,-1,,
1567,1,bearing_wear,0.6299,developing,physics_weibull_v5,2,-1,,
1568,1,bearing_wear,0.9594,advanced,physics_weibull_v5,2,-1,,
1569,1,bearing_wear,0.0891,early,physics_weibull_v5,1,-1,,
1570,1,bearing_wear,0.05,early,physics_weibull_v5,2,-1,,
1571,1,bearing_wear,0.1571,early,physics_weibull_v5,1,-1,,
1572,1,bearing_wear,0.2454,early,physics_weibull_v5,1,-1,,
1573,1,bearing_wear,0.05,early,physics_weibull_v5,3,-1,,
1574,1,bearing_wear,0.6502,advanced,physics_weibull_v5,1,-1,,
1575,1,bearing_wear,0.1537,early,physics_weibull_v5,3,-1,,
1576,1,bearing_wear,0.9507,advanced,physics_weibull_v5,3,-1,,
1577,1,bearing_wear,0.05,early,physics_weibull_v5,3,-1,,
1578,1,bearing_wear,0.1614,early,physics_weibull_v5,3,-1,,
1579,1,bearing_wear,0.9738,advanced,physics_weibull_v5,3,-1,,
1580,1,bearing_wear,0.3522,developing,physics_weibull_v5,2,-1,,
1581,1,bearing_wear,0.1587,early,physics_weibull_v5,2,-1,,
1582,1,bearing_wear,0.1388,early,physics_weibull_v5,1,-1,,
1583,1,bearing_wear,0.05,early,physics_weibull_v5,1,-1,,
1584,1,bearing_wear,0.05,early,physics_weibull_v5,1,-1,,
1585,1,bearing_wear,0.5335,developing,physics_weibull_v5,2,-1,,
1586,1,bearing_wear,0.1466,early,physics_weibull_v5,3,-1,,
1587,1,bearing_wear,0.05,early,physics_weibull_v5,2,-1,,
1588,1,bearing_wear,0.0519,early,physics_weibull_v5,2,-1,,
1589,1,bearing_wear,0.05,early,physics_weibull_v5,2,-1,,
1590,1,bearing_wear,0.0705,early,physics_weibull_v5,2,-1,,
1591,1,bearing_wear,0.05,early,physics_weibull_v5,1,-1,,
1592,1,bearing_wear,0.1566,early,physics_weibull_v5,3,-1,,
1593,1,bearing_wear,0.0584,early,physics_weibull_v5,3,-1,,
1594,1,bearing_wear,0.338,developing,physics_weibull_v5,1,-1,,
1595,1,bearing_wear,0.9798,advanced,physics_weibull_v5,1,-1,,
1596,1,bearing_wear,0.1404,early,physics_weibull_v5,3,-1,,
1597,1,bearing_wear,0.7467,advanced,physics_weibull_v5,1,-1,,
1598,1,bearing_wear,0.2062,early,physics_weibull_v5,3,-1,,
1599,1,bearing_wear,0.1834,early,physics_weibull_v5,3,-1,,
1600,1,bearing_wear,0.4153,developing,physics_weibull_v5,2,-1,,
1601,1,bearing_wear,0.05,early,physics_weibull_v5,2,-1,,
1602,1,bearing_wear,0.0506,early,physics_weibull_v5,3,-1,,
1603,1,bearing_wear,0.8076,advanced,physics_weibull_v5,3,-1,,
1604,1,bearing_wear,0.1215,early,physics_weibull_v5,3,-1,,
1605,1,bearing_wear,0.2166,early,physics_weibull_v5,2,-1,,
1606,1,bearing_wear,0.987,advanced,physics_weibull_v5,3,-1,,
1607,1,bearing_wear,0.5874,developing,physics_weibull_v5,1,-1,,
1608,1,bearing_wear,0.0802,early,physics_weibull_v5,1,-1,,
1609,1,bearing_wear,0.05,early,physics_weibull_v5,2,-1,,
1610,1,bearing_wear,0.203,early,physics_weibull_v5,1,-1,,
1611,1,bearing_wear,0.6191,developing,physics_weibull_v5,1,-1,,
1612,1,bearing_wear,0.05,early,physics_weibull_v5,3,-1,,
1613,1,bearing_wear,0.0917,early,physics_weibull_v5,1,-1,,
1614,1,bearing_wear,0.05,early,physics_weibull_v5,2,-1,,
1615,1,bearing_wear,0.2918,early,physics_weibull_v5,3,-1,,
1616,1,bearing_wear,0.2347,early,physics_weibull_v5,2,-1,,
1617,1,bearing_wear,0.8484,advanced,physics_weibull_v5,3,-1,,
1618,1,bearing_wear,0.8806,advanced,physics_weibull_v5,2,-1,,
1619,1,bearing_wear,0.7371,advanced,physics_weibull_v5,2,-1,,
1620,1,bearing_wear,0.1086,early,physics_weibull_v5,1,-1,,
1621,1,bearing_wear,0.9116,advanced,physics_weibull_v5,2,-1,,
1622,1,bearing_wear,0.05,early,physics_weibull_v5,2,-1,,
1623,1,bearing_wear,0.1181,early,physics_weibull_v5,2,-1,,
1624,1,bearing_wear,0.05,early,physics_weibull_v5,3,-1,,
1625,1,bearing_wear,0.0902,early,physics_weibull_v5,2,-1,,
1626,1,bearing_wear,0.231,early,physics_weibull_v5,3,-1,,
1627,1,bearing_wear,0.0521,early,physics_weibull_v5,2,-1,,
1628,1,bearing_wear,0.4223,developing,physics_weibull_v5,2,-1,,
1629,1,bearing_wear,0.0754,early,physics_weibull_v5,1,-1,,
1630,1,bearing_wear,0.3211,developing,physics_weibull_v5,2,-1,,
1631,1,bearing_wear,0.8594,advanced,physics_weibull_v5,2,-1,,
1632,1,bearing_wear,0.4645,developing,physics_weibull_v5,2,-1,,
1633,1,bearing_wear,0.2586,early,physics_weibull_v5,3,-1,,
1634,1,bearing_wear,0.4084,developing,physics_weibull_v5,2,-1,,
1635,1,bearing_wear,0.9538,advanced,physics_weibull_v5,1,-1,,
1636,1,bearing_wear,0.05,early,physics_weibull_v5,3,-1,,
1637,1,bearing_wear,0.0602,early,physics_weibull_v5,1,-1,,
1638,1,bearing_wear,0.05,early,physics_weibull_v5,1,-1,,
1639,1,bearing_wear,0.6106,developing,physics_weibull_v5,2,-1,,
1640,1,bearing_wear,0.05,early,physics_weibull_v5,2,-1,,
1641,1,bearing_wear,0.1246,early,physics_weibull_v5,3,-1,,
1642,1,bearing_wear,0.0542,early,physics_weibull_v5,2,-1,,
1643,1,bearing_wear,0.1159,early,physics_weibull_v5,1,-1,,
1644,1,bearing_wear,0.05,early,physics_weibull_v5,3,-1,,
1645,1,bearing_wear,0.0628,early,physics_weibull_v5,3,-1,,
1646,1,bearing_wear,0.9897,advanced,physics_weibull_v5,1,-1,,
1647,1,bearing_wear,0.6727,advanced,physics_weibull_v5,1,-1,,
1648,1,bearing_wear,0.1434,early,physics_weibull_v5,3,-1,,
1649,1,bearing_wear,0.6341,developing,physics_weibull_v5,1,-1,,
1650,1,bearing_wear,0.05,early,physics_weibull_v5,3,-1,,
1651,1,bearing_wear,0.8039,advanced,physics_weibull_v5,3,-1,,
1652,1,bearing_wear,0.6984,advanced,physics_weibull_v5,2,-1,,
1653,1,bearing_wear,0.9824,advanced,physics_weibull_v5,3,-1,,
1654,1,bearing_wear,0.0574,early,physics_weibull_v5,1,-1,,
1655,1,bearing_wear,0.05,early,physics_weibull_v5,2,-1,,
1656,1,bearing_wear,0.5202,developing,physics_weibull_v5,2,-1,,
1657,1,bearing_wear,0.787,advanced,physics_weibull_v5,1,-1,,
1658,1,bearing_wear,0.0833,early,physics_weibull_v5,3,-1,,
1659,1,bearing_wear,0.05,early,physics_weibull_v5,1,-1,,
1660,1,bearing_wear,0.05,early,physics_weibull_v5,1,-1,,
1661,1,bearing_wear,0.05,early,physics_weibull_v5,3,-1,,
1662,1,bearing_wear,0.7254,advanced,physics_weibull_v5,2,-1,,
1663,1,bearing_wear,0.1945,early,physics_weibull_v5,2,-1,,
1664,1,bearing_wear,0.4962,developing,physics_weibull_v5,2,-1,,
1665,1,bearing_wear,0.8321,advanced,physics_weibull_v5,2,-1,,
1666,1,bearing_wear,0.247,early,physics_weibull_v5,1,-1,,
1667,1,bearing_wear,0.05,early,physics_weibull_v5,3,-1,,
1668,1,bearing_wear,0.0549,early,physics_weibull_v5,1,-1,,
1669,1,bearing_wear,0.5629,developing,physics_weibull_v5,2,-1,,
1670,1,bearing_wear,0.1362,early,physics_weibull_v5,2,-1,,
1671,1,bearing_wear,0.198,early,physics_weibull_v5,3,-1,,
1672,1,bearing_wear,0.05,early,physics_weibull_v5,2,-1,,
1673,1,bearing_wear,0.4051,developing,physics_weibull_v5,2,-1,,
1674,1,bearing_wear,0.05,early,physics_weibull_v5,1,-1,,
1675,1,bearing_wear,0.1696,early,physics_weibull_v5,2,-1,,
1676,1,bearing_wear,0.05,early,physics_weibull_v5,1,-1,,
1677,1,bearing_wear,0.2132,early,physics_weibull_v5,3,-1,,
1678,1,bearing_wear,0.1344,early,physics_weibull_v5,3,-1,,
1679,1,bearing_wear,0.05,early,physics_weibull_v5,1,-1,,
1680,1,bearing_wear,0.1671,early,physics_weibull_v5,3,-1,,
1681,1,bearing_wear,0.7076,advanced,physics_weibull_v5,3,-1,,
1682,1,bearing_wear,0.5028,developing,physics_weibull_v5,2,-1,,
1683,1,bearing_wear,0.476,developing,physics_weibull_v5,2,-1,,
1684,1,bearing_wear,0.552,developing,physics_weibull_v5,2,-1,,
1685,1,bearing_wear,0.0924,early,physics_weibull_v5,3,-1,,
1686,1,bearing_wear,0.05,early,physics_weibull_v5,3,-1,,
1687,1,bearing_wear,0.05,early,physics_weibull_v5,3,-1,,
1688,1,bearing_wear,0.7128,advanced,physics_weibull_v5,1,-1,,
1689,1,bearing_wear,0.3577,developing,physics_weibull_v5,2,-1,,
1690,1,bearing_wear,0.9095,advanced,physics_weibull_v5,3,-1,,
1691,1,bearing_wear,0.6309,developing,physics_weibull_v5,1,-1,,
1692,1,bearing_wear,0.1773,early,physics_weibull_v5,1,-1,,
1693,1,bearing_wear,0.1191,early,physics_weibull_v5,1,-1,,
1694,1,bearing_wear,0.05,early,physics_weibull_v5,3,-1,,
1695,1,bearing_wear,0.2973,early,physics_weibull_v5,3,-1,,
1696,1,bearing_wear,0.05,early,physics_weibull_v5,2,-1,,
1697,1,bearing_wear,0.6103,developing,physics_weibull_v5,1,-1,,
1698,1,bearing_wear,0.6179,developing,physics_weibull_v5,2,-1,,
1699,1,bearing_wear,0.0811,early,physics_weibull_v5,2,-1,,
1700,1,bearing_wear,0.2254,early,physics_weibull_v5,1,-1,,
1701,1,bearing_wear,0.058,early,physics_weibull_v5,3,-1,,
1702,1,bearing_wear,0.05,early,physics_weibull_v5,1,-1,,
1703,1,bearing_wear,0.1611,early,physics_weibull_v5,3,-1,,
1704,1,bearing_wear,0.0759,early,physics_weibull_v5,1,-1,,
1705,1,bearing_wear,0.1639,early,physics_weibull_v5,1,-1,,
1706,1,bearing_wear,0.4063,developing,physics_weibull_v5,2,-1,,
1707,1,bearing_wear,0.8579,advanced,physics_weibull_v5,2,-1,,
1708,1,bearing_wear,0.9609,advanced,physics_weibull_v5,3,-1,,
1709,1,bearing_wear,0.5642,developing,physics_weibull_v5,2,-1,,
1710,1,bearing_wear,0.1209,early,physics_weibull_v5,2,-1,,
1711,1,bearing_wear,0.0811,early,physics_weibull_v5,2,-1,,
1712,1,bearing_wear,0.7617,advanced,physics_weibull_v5,3,-1,,
1713,1,bearing_wear,0.05,early,physics_weibull_v5,2,-1,,
1714,1,bearing_wear,0.8665,advanced,physics_weibull_v5,2,-1,,
1715,1,bearing_wear,0.4767,developing,physics_weibull_v5,2,-1,,
1716,1,bearing_wear,0.05,early,physics_weibull_v5,1,-1,,
1717,1,bearing_wear,0.1571,early,physics_weibull_v5,3,-1,,
1718,1,bearing_wear,0.05,early,physics_weibull_v5,3,-1,,
1719,1,bearing_wear,0.1026,early,physics_weibull_v5,1,-1,,
1720,1,bearing_wear,0.37,developing,physics_weibull_v5,2,-1,,
1721,1,bearing_wear,0.05,early,physics_weibull_v5,3,-1,,
1722,1,bearing_wear,0.5203,developing,physics_weibull_v5,2,-1,,
1723,1,bearing_wear,0.1164,early,physics_weibull_v5,3,-1,,
1724,1,bearing_wear,0.4708,developing,physics_weibull_v5,2,-1,,
1725,1,bearing_wear,0.7779,advanced,physics_weibull_v5,2,-1,,
1726,1,bearing_wear,0.574,developing,physics_weibull_v5,2,-1,,
1727,1,bearing_wear,0.4915,developing,physics_weibull_v5,2,-1,,
1728,1,bearing_wear,0.2214,early,physics_weibull_v5,3,-1,,
1729,1,bearing_wear,0.0842,early,physics_weibull_v5,1,-1,,
1730,1,bearing_wear,0.05,early,physics_weibull_v5,1,-1,,
1731,1,bearing_wear,0.0617,early,physics_weibull_v5,2,-1,,
1732,1,bearing_wear,0.05,early,physics_weibull_v5,2,-1,,
1733,1,bearing_wear,0.066,early,physics_weibull_v5,3,-1,,
1734,1,bearing_wear,0.2446,early,physics_weibull_v5,3,-1,,
1735,1,bearing_wear,0.0717,early,physics_weibull_v5,2,-1,,
1736,1,bearing_wear,0.5691,developing,physics_weibull_v5,2,-1,,
1737,1,bearing_wear,0.7657,advanced,physics_weibull_v5,3,-1,,
1738,1,bearing_wear,0.05,early,physics_weibull_v5,3,-1,,
1739,1,bearing_wear,0.05,early,physics_weibull_v5,2,-1,,
1740,1,bearing_wear,0.8345,advanced,physics_weibull_v5,2,-1,,
1741,1,bearing_wear,0.4145,developing,physics_weibull_v5,2,-1,,
1742,1,bearing_wear,0.6867,advanced,physics_weibull_v5,1,-1,,
1743,1,bearing_wear,0.0731,early,physics_weibull_v5,2,-1,,
1744,1,bearing_wear,0.05,early,physics_weibull_v5,3,-1,,
1745,1,bearing_wear,0.0684,early,physics_weibull_v5,2,-1,,
1746,1,bearing_wear,0.2629,early,physics_weibull_v5,2,-1,,
1747,1,bearing_wear,0.4914,developing,physics_weibull_v5,2,-1,,
1748,1,bearing_wear,0.05,early,physics_weibull_v5,3,-1,,
1749,1,bearing_wear,0.5302,developing,physics_weibull_v5,2,-1,,
1750,1,bearing_wear,0.5188,developing,physics_weibull_v5,1,-1,,
1751,1,bearing_wear,0.5143,developing,physics_weibull_v5,2,-1,,
1752,1,bearing_wear,0.05,early,physics_weibull_v5,3,-1,,
1753,1,bearing_wear,0.05,early,physics_weibull_v5,3,-1,,
1754,1,bearing_wear,0.2315,early,physics_weibull_v5,1,-1,,
1755,1,bearing_wear,0.2595,early,physics_weibull_v5,2,-1,,
1756,1,bearing_wear,0.05,early,physics_weibull_v5,2,-1,,
1757,1,bearing_wear,0.9785,advanced,physics_weibull_v5,2,-1,,
1758,1,bearing_wear,0.8104,advanced,physics_weibull_v5,1,-1,,
1759,1,bearing_wear,0.0844,early,physics_weibull_v5,2,-1,,
1760,1,bearing_wear,0.5792,developing,physics_weibull_v5,2,-1,,
1761,1,bearing_wear,0.3871,developing,physics_weibull_v5,2,-1,,
1762,1,bearing_wear,0.2864,early,physics_weibull_v5,2,-1,,
1763,1,bearing_wear,0.1463,early,physics_weibull_v5,1,-1,,
1764,1,bearing_wear,0.05,early,physics_weibull_v5,3,-1,,
1765,1,bearing_wear,0.6462,developing,physics_weibull_v5,2,-1,,
1766,1,bearing_wear,0.2395,early,physics_weibull_v5,1,-1,,
1767,1,bearing_wear,0.3651,developing,physics_weibull_v5,2,-1,,
1768,1,bearing_wear,0.512,developing,physics_weibull_v5,1,-1,,
1769,1,bearing_wear,0.6963,advanced,physics_weibull_v5,3,-1,,
1770,1,bearing_wear,0.4373,developing,physics_weibull_v5,1,-1,,
1771,1,bearing_wear,0.056,early,physics_weibull_v5,2,-1,,
1772,1,bearing_wear,0.3187,developing,physics_weibull_v5,2,-1,,
1773,1,bearing_wear,0.5449,developing,physics_weibull_v5,2,-1,,
1774,1,bearing_wear,0.1164,early,physics_weibull_v5,3,-1,,
1775,1,bearing_wear,0.8936,advanced,physics_weibull_v5,2,-1,,
1776,1,bearing_wear,0.1565,early,physics_weibull_v5,2,-1,,
1777,1,bearing_wear,0.2012,early,physics_weibull_v5,1,-1,,
1778,1,bearing_wear,0.2328,early,physics_weibull_v5,3,-1,,
1779,1,bearing_wear,0.3877,developing,physics_weibull_v5,2,-1,,
1780,1,bearing_wear,0.3741,developing,physics_weibull_v5,2,-1,,
1781,1,bearing_wear,0.4277,developing,physics_weibull_v5,2,-1,,
1782,1,bearing_wear,0.05,early,physics_weibull_v5,1,-1,,
1783,1,bearing_wear,0.0584,early,physics_weibull_v5,2,-1,,
1784,1,bearing_wear,0.7302,advanced,physics_weibull_v5,3,-1,,
1785,1,bearing_wear,0.2041,early,physics_weibull_v5,3,-1,,
1786,1,bearing_wear,0.9719,advanced,physics_weibull_v5,3,-1,,
1787,1,bearing_wear,0.0871,early,physics_weibull_v5,1,-1,,
1788,1,bearing_wear,0.4708,developing,physics_weibull_v5,2,-1,,
1789,1,bearing_wear,0.1554,early,physics_weibull_v5,2,-1,,
1790,1,bearing_wear,0.05,early,physics_weibull_v5,3,-1,,
1791,1,bearing_wear,0.2264,early,physics_weibull_v5,2,-1,,
1792,1,bearing_wear,0.7317,advanced,physics_weibull_v5,1,-1,,
1793,1,bearing_wear,0.6189,developing,physics_weibull_v5,2,-1,,
1794,1,bearing_wear,0.1726,early,physics_weibull_v5,3,-1,,
1795,1,bearing_wear,0.1088,early,physics_weibull_v5,1,-1,,
1796,1,bearing_wear,0.1711,early,physics_weibull_v5,2,-1,,
1797,1,bearing_wear,0.1378,early,physics_weibull_v5,3,-1,,
1798,1,bearing_wear,0.1797,early,physics_weibull_v5,2,-1,,
1799,1,bearing_wear,0.62,developing,physics_weibull_v5,1,-1,,
1800,1,bearing_wear,0.05,early,physics_weibull_v5,2,-1,,
1801,1,bearing_wear,0.216,early,physics_weibull_v5,3,-1,,
1802,1,bearing_wear,0.1095,early,physics_weibull_v5,2,-1,,
1803,1,bearing_wear,0.119,early,physics_weibull_v5,2,-1,,
1804,1,bearing_wear,0.961,advanced,physics_weibull_v5,2,-1,,
1805,1,bearing_wear,0.7141,advanced,physics_weibull_v5,2,-1,,
1806,1,bearing_wear,0.1703,early,physics_weibull_v5,1,-1,,
1807,1,bearing_wear,0.05,early,physics_weibull_v5,1,-1,,
1808,1,bearing_wear,0.8646,advanced,physics_weibull_v5,2,-1,,
1809,1,bearing_wear,0.3436,developing,physics_weibull_v5,2,-1,,
1810,1,bearing_wear,0.8041,advanced,physics_weibull_v5,1,-1,,
1811,1,bearing_wear,0.2579,early,physics_weibull_v5,2,-1,,
1812,1,bearing_wear,0.2516,early,physics_weibull_v5,3,-1,,
1813,1,bearing_wear,0.3613,developing,physics_weibull_v5,2,-1,,
1814,1,bearing_wear,0.7841,advanced,physics_weibull_v5,3,-1,,
1815,1,bearing_wear,0.1268,early,physics_weibull_v5,3,-1,,
1816,1,bearing_wear,0.0576,early,physics_weibull_v5,2,-1,,
1817,1,bearing_wear,0.05,early,physics_weibull_v5,3,-1,,
1818,1,bearing_wear,0.1409,early,physics_weibull_v5,3,-1,,
1819,1,bearing_wear,0.05,early,physics_weibull_v5,3,-1,,
1820,1,bearing_wear,0.236,early,physics_weibull_v5,1,-1,,
1821,1,bearing_wear,0.1992,early,physics_weibull_v5,1,-1,,
1822,1,bearing_wear,0.1372,early,physics_weibull_v5,1,-1,,
1823,1,bearing_wear,0.2614,early,physics_weibull_v5,2,-1,,
1824,1,bearing_wear,0.2601,early,physics_weibull_v5,1,-1,,
1825,1,bearing_wear,0.6371,developing,physics_weibull_v5,2,-1,,
1826,1,bearing_wear,0.0574,early,physics_weibull_v5,1,-1,,
1827,1,bearing_wear,0.2681,early,physics_weibull_v5,3,-1,,
1828,1,bearing_wear,0.1831,early,physics_weibull_v5,3,-1,,
1829,1,bearing_wear,0.3657,developing,physics_weibull_v5,1,-1,,
1830,1,bearing_wear,0.1635,early,physics_weibull_v5,3,-1,,
1831,1,bearing_wear,0.4983,developing,physics_weibull_v5,2,-1,,
1832,1,bearing_wear,0.0763,early,physics_weibull_v5,1,-1,,
1833,1,bearing_wear,0.05,early,physics_weibull_v5,3,-1,,
1834,1,bearing_wear,0.1502,early,physics_weibull_v5,2,-1,,
1835,1,bearing_wear,0.0615,early,physics_weibull_v5,3,-1,,
1836,1,bearing_wear,0.1655,early,physics_weibull_v5,3,-1,,
1837,1,bearing_wear,0.1938,early,physics_weibull_v5,3,-1,,
1838,1,bearing_wear,0.8807,advanced,physics_weibull_v5,3,-1,,
1839,1,bearing_wear,0.7853,advanced,physics_weibull_v5,1,-1,,
1840,1,bearing_wear,0.05,early,physics_weibull_v5,1,-1,,
1841,1,bearing_wear,0.5244,developing,physics_weibull_v5,2,-1,,
1842,1,bearing_wear,0.1627,early,physics_weibull_v5,2,-1,,
1843,1,bearing_wear,0.05,early,physics_weibull_v5,1,-1,,
1844,1,bearing_wear,0.8762,advanced,physics_weibull_v5,1,-1,,
1845,1,bearing_wear,0.05,early,physics_weibull_v5,3,-1,,
1846,1,bearing_wear,0.9635,advanced,physics_weibull_v5,3,-1,,
1847,1,bearing_wear,0.6154,developing,physics_weibull_v5,3,-1,,
1848,1,bearing_wear,0.05,early,physics_weibull_v5,1,-1,,
1849,1,bearing_wear,0.05,early,physics_weibull_v5,2,-1,,
1850,1,bearing_wear,0.2255,early,physics_weibull_v5,2,-1,,
1851,1,bearing_wear,0.3446,developing,physics_weibull_v5,2,-1,,
1852,1,bearing_wear,0.05,early,physics_weibull_v5,2,-1,,
1853,1,bearing_wear,0.2146,early,physics_weibull_v5,2,-1,,
1854,1,bearing_wear,0.05,early,physics_weibull_v5,2,-1,,
1855,1,bearing_wear,0.0741,early,physics_weibull_v5,2,-1,,
1856,1,bearing_wear,0.1425,early,physics_weibull_v5,2,-1,,
1857,1,bearing_wear,0.5707,developing,physics_weibull_v5,2,-1,,
1858,1,bearing_wear,0.236,early,physics_weibull_v5,2,-1,,
1859,1,bearing_wear,0.05,early,physics_weibull_v5,1,-1,,
1860,1,bearing_wear,0.05,early,physics_weibull_v5,3,-1,,
1861,1,bearing_wear,0.1862,early,physics_weibull_v5,2,-1,,
1862,1,bearing_wear,0.8501,advanced,physics_weibull_v5,1,-1,,
1863,1,bearing_wear,0.05,early,physics_weibull_v5,1,-1,,
1864,1,bearing_wear,0.8469,advanced,physics_weibull_v5,2,-1,,
1865,1,bearing_wear,0.54,developing,physics_weibull_v5,2,-1,,
1866,1,bearing_wear,0.05,early,physics_weibull_v5,2,-1,,
1867,1,bearing_wear,0.05,early,physics_weibull_v5,2,-1,,
1868,1,bearing_wear,0.1226,early,physics_weibull_v5,1,-1,,
1869,1,bearing_wear,0.05,early,physics_weibull_v5,2,-1,,
1870,1,bearing_wear,0.2537,early,physics_weibull_v5,2,-1,,
1871,1,bearing_wear,0.05,early,physics_weibull_v5,3,-1,,
1872,1,bearing_wear,0.0668,early,physics_weibull_v5,3,-1,,
1873,1,bearing_wear,0.1229,early,physics_weibull_v5,2,-1,,
1874,1,bearing_wear,0.0654,early,physics_weibull_v5,2,-1,,
1875,1,bearing_wear,0.8105,advanced,physics_weibull_v5,1,-1,,
1876,1,bearing_wear,0.0642,early,physics_weibull_v5,3,-1,,
1877,1,bearing_wear,0.9868,advanced,physics_weibull_v5,1,-1,,
1878,1,bearing_wear,0.6837,advanced,physics_weibull_v5,2,-1,,
1879,1,bearing_wear,0.7654,advanced,physics_weibull_v5,1,-1,,
1880,1,bearing_wear,0.138,early,physics_weibull_v5,3,-1,,
1881,1,bearing_wear,0.1818,early,physics_weibull_v5,3,-1,,
1882,1,bearing_wear,0.8161,advanced,physics_weibull_v5,3,-1,,
1883,1,bearing_wear,0.8356,advanced,physics_weibull_v5,3,-1,,
1884,1,bearing_wear,0.1773,early,physics_weibull_v5,3,-1,,
1885,1,bearing_wear,0.8855,advanced,physics_weibull_v5,2,-1,,
1886,1,bearing_wear,0.5343,developing,physics_weibull_v5,2,-1,,
1887,1,bearing_wear,0.0641,early,physics_weibull_v5,3,-1,,
1888,1,bearing_wear,0.9933,advanced,physics_weibull_v5,1,-1,,
1889,1,bearing_wear,0.9081,advanced,physics_weibull_v5,3,-1,,
1890,1,bearing_wear,0.1001,early,physics_weibull_v5,3,-1,,
1891,1,bearing_wear,0.2531,early,physics_weibull_v5,2,-1,,
1892,1,bearing_wear,0.4687,developing,physics_weibull_v5,2,-1,,
1893,1,bearing_wear,0.903,advanced,physics_weibull_v5,2,-1,,
1894,1,bearing_wear,0.2196,early,physics_weibull_v5,3,-1,,
1895,1,bearing_wear,0.7408,advanced,physics_weibull_v5,2,-1,,
1896,1,bearing_wear,0.6227,developing,physics_weibull_v5,2,-1,,
1897,1,bearing_wear,0.05,early,physics_weibull_v5,1,-1,,
1898,1,bearing_wear,0.05,early,physics_weibull_v5,1,-1,,
1899,1,bearing_wear,0.2938,early,physics_weibull_v5,3,-1,,
1900,1,bearing_wear,0.8449,advanced,physics_weibull_v5,1,-1,,
1901,1,bearing_wear,0.05,early,physics_weibull_v5,2,-1,,
1902,1,bearing_wear,0.7779,advanced,physics_weibull_v5,3,-1,,
1903,1,bearing_wear,0.3262,developing,physics_weibull_v5,2,-1,,
1904,1,bearing_wear,0.1968,early,physics_weibull_v5,3,-1,,
1905,1,bearing_wear,0.3939,developing,physics_weibull_v5,2,-1,,
1906,1,bearing_wear,0.1385,early,physics_weibull_v5,1,-1,,
1907,1,bearing_wear,0.09,early,physics_weibull_v5,2,-1,,
1908,1,bearing_wear,0.0926,early,physics_weibull_v5,3,-1,,
1909,1,bearing_wear,0.2022,early,physics_weibull_v5,3,-1,,
1910,1,bearing_wear,0.5162,developing,physics_weibull_v5,1,-1,,
1911,1,bearing_wear,0.05,early,physics_weibull_v5,1,-1,,
1912,1,bearing_wear,0.1251,early,physics_weibull_v5,2,-1,,
1913,1,bearing_wear,0.05,early,physics_weibull_v5,3,-1,,
1914,1,bearing_wear,0.05,early,physics_weibull_v5,2,-1,,
1915,1,bearing_wear,0.9899,advanced,physics_weibull_v5,1,-1,,
1916,1,bearing_wear,0.05,early,physics_weibull_v5,3,-1,,
1917,1,bearing_wear,0.0819,early,physics_weibull_v5,2,-1,,
1918,1,bearing_wear,0.2552,early,physics_weibull_v5,2,-1,,
1919,1,bearing_wear,0.05,early,physics_weibull_v5,2,-1,,
1920,1,bearing_wear,0.2143,early,physics_weibull_v5,3,-1,,
1921,1,bearing_wear,0.8741,advanced,physics_weibull_v5,3,-1,,
1922,1,bearing_wear,0.8907,advanced,physics_weibull_v5,3,-1,,
1923,1,bearing_wear,0.05,early,physics_weibull_v5,1,-1,,
1924,1,bearing_wear,0.05,early,physics_weibull_v5,3,-1,,
1925,1,bearing_wear,0.05,early,physics_weibull_v5,3,-1,,
1926,1,bearing_wear,0.1869,early,physics_weibull_v5,3,-1,,
1927,1,bearing_wear,0.9822,advanced,physics_weibull_v5,3,-1,,
1928,1,bearing_wear,0.051,early,physics_weibull_v5,1,-1,,
1929,1,bearing_wear,0.05,early,physics_weibull_v5,1,-1,,
1930,1,bearing_wear,0.05,early,physics_weibull_v5,3,-1,,
1931,1,bearing_wear,0.7759,advanced,physics_weibull_v5,1,-1,,
1932,1,bearing_wear,0.05,early,physics_weibull_v5,2,-1,,
1933,1,bearing_wear,0.9079,advanced,physics_weibull_v5,2,-1,,
1934,1,bearing_wear,0.0818,early,physics_weibull_v5,1,-1,,
1935,1,bearing_wear,0.3406,developing,physics_weibull_v5,2,-1,,
1936,1,bearing_wear,0.2545,early,physics_weibull_v5,3,-1,,
1937,1,bearing_wear,0.6413,developing,physics_weibull_v5,3,-1,,
1938,1,bearing_wear,0.9255,advanced,physics_weibull_v5,2,-1,,
1939,1,bearing_wear,0.8075,advanced,physics_weibull_v5,2,-1,,
1940,1,bearing_wear,0.0612,early,physics_weibull_v5,1,-1,,
1941,1,bearing_wear,0.1933,early,physics_weibull_v5,3,-1,,
1942,1,bearing_wear,0.6513,advanced,physics_weibull_v5,1,-1,,
1943,1,bearing_wear,0.139,early,physics_weibull_v5,1,-1,,
1944,1,bearing_wear,0.05,early,physics_weibull_v5,3,-1,,
1945,1,bearing_wear,0.05,early,physics_weibull_v5,1,-1,,
1946,1,bearing_wear,0.3805,developing,physics_weibull_v5,2,-1,,
1947,1,bearing_wear,0.8526,advanced,physics_weibull_v5,3,-1,,
1948,1,bearing_wear,0.0692,early,physics_weibull_v5,2,-1,,
1949,1,bearing_wear,0.0714,early,physics_weibull_v5,3,-1,,
1950,1,bearing_wear,0.05,early,physics_weibull_v5,2,-1,,
1951,1,bearing_wear,0.0991,early,physics_weibull_v5,2,-1,,
1952,1,bearing_wear,0.063,early,physics_weibull_v5,3,-1,,
1953,1,bearing_wear,0.1555,early,physics_weibull_v5,1,-1,,
1954,1,bearing_wear,0.05,early,physics_weibull_v5,2,-1,,
1955,1,bearing_wear,0.1067,early,physics_weibull_v5,3,-1,,
1956,1,bearing_wear,0.821,advanced,physics_weibull_v5,2,-1,,
1957,1,bearing_wear,0.0649,early,physics_weibull_v5,1,-1,,
1958,1,bearing_wear,0.1484,early,physics_weibull_v5,2,-1,,
1959,1,bearing_wear,0.2033,early,physics_weibull_v5,3,-1,,
1960,1,bearing_wear,0.05,early,physics_weibull_v5,3,-1,,
1961,1,bearing_wear,0.1082,early,physics_weibull_v5,1,-1,,
1962,1,bearing_wear,0.4372,developing,physics_weibull_v5,2,-1,,
1963,1,bearing_wear,0.2749,early,physics_weibull_v5,1,-1,,
1964,1,bearing_wear,0.1386,early,physics_weibull_v5,1,-1,,
1965,1,bearing_wear,0.1139,early,physics_weibull_v5,2,-1,,
1966,1,bearing_wear,0.8058,advanced,physics_weibull_v5,3,-1,,
1967,1,bearing_wear,0.8037,advanced,physics_weibull_v5,3,-1,,
1968,1,bearing_wear,0.8224,advanced,physics_weibull_v5,3,-1,,
1969,1,bearing_wear,0.964,advanced,physics_weibull_v5,2,-1,,
1970,1,bearing_wear,0.6725,advanced,physics_weibull_v5,2,-1,,
1971,1,bearing_wear,0.1455,early,physics_weibull_v5,1,-1,,
1972,1,bearing_wear,0.05,early,physics_weibull_v5,1,-1,,
1973,1,bearing_wear,0.2736,early,physics_weibull_v5,3,-1,,
1974,1,bearing_wear,0.6289,developing,physics_weibull_v5,1,-1,,
1975,1,bearing_wear,0.05,early,physics_weibull_v5,2,-1,,
1976,1,bearing_wear,0.142,early,physics_weibull_v5,3,-1,,
1977,1,bearing_wear,0.0755,early,physics_weibull_v5,2,-1,,
1978,1,bearing_wear,0.05,early,physics_weibull_v5,1,-1,,
1979,1,bearing_wear,0.2369,early,physics_weibull_v5,1,-1,,
1980,1,bearing_wear,0.0595,early,physics_weibull_v5,1,-1,,
1981,1,bearing_wear,0.0596,early,physics_weibull_v5,1,-1,,
1982,1,bearing_wear,0.2853,early,physics_weibull_v5,3,-1,,
1983,1,bearing_wear,0.05,early,physics_weibull_v5,2,-1,,
1984,1,bearing_wear,0.05,early,physics_weibull_v5,1,-1,,
1985,1,bearing_wear,0.0982,early,physics_weibull_v5,2,-1,,
1986,1,bearing_wear,0.8146,advanced,physics_weibull_v5,3,-1,,
1987,1,bearing_wear,0.05,early,physics_weibull_v5,2,-1,,
1988,1,bearing_wear,0.05,early,physics_weibull_v5,3,-1,,
1989,1,bearing_wear,0.5758,developing,physics_weibull_v5,2,-1,,
1990,1,bearing_wear,0.1399,early,physics_weibull_v5,2,-1,,
1991,1,bearing_wear,0.9379,advanced,physics_weibull_v5,2,-1,,
1992,1,bearing_wear,0.9641,advanced,physics_weibull_v5,3,-1,,
1993,1,bearing_wear,0.05,early,physics_weibull_v5,1,-1,,
1994,1,bearing_wear,0.05,early,physics_weibull_v5,2,-1,,
1995,1,bearing_wear,0.2918,early,physics_weibull_v5,3,-1,,
1996,1,bearing_wear,0.2153,early,physics_weibull_v5,2,-1,,
1997,1,bearing_wear,0.05,early,physics_weibull_v5,3,-1,,
1998,1,bearing_wear,0.05,early,physics_weibull_v5,2,-1,,
1999,1,bearing_wear,0.7999,advanced,physics_weibull_v5,3,-1,,
2000,1,bearing_wear,0.9108,advanced,physics_weibull_v5,1,-1,,
2001,1,bearing_wear,0.0558,early,physics_weibull_v5,1,-1,,
2002,1,bearing_wear,0.05,early,physics_weibull_v5,1,-1,,
2003,1,bearing_wear,0.0918,early,physics_weibull_v5,2,-1,,
2004,1,bearing_wear,0.05,early,physics_weibull_v5,3,-1,,
2005,1,bearing_wear,0.101,early,physics_weibull_v5,3,-1,,
2006,1,bearing_wear,0.0689,early,physics_weibull_v5,1,-1,,
2007,1,bearing_wear,0.0816,early,physics_weibull_v5,1,-1,,
2008,1,bearing_wear,0.9745,advanced,physics_weibull_v5,1,-1,,
2009,1,bearing_wear,0.05,early,physics_weibull_v5,1,-1,,
2010,1,bearing_wear,0.5128,developing,physics_weibull_v5,2,-1,,
2011,1,bearing_wear,0.05,early,physics_weibull_v5,1,-1,,
2012,1,bearing_wear,0.3967,developing,physics_weibull_v5,2,-1,,
2013,1,bearing_wear,0.05,early,physics_weibull_v5,1,-1,,
2014,1,bearing_wear,0.05,early,physics_weibull_v5,3,-1,,
2015,1,bearing_wear,0.3515,developing,physics_weibull_v5,2,-1,,
2016,1,bearing_wear,0.9711,advanced,physics_weibull_v5,2,-1,,
2017,1,bearing_wear,0.05,early,physics_weibull_v5,3,-1,,
2018,1,bearing_wear,0.3751,developing,physics_weibull_v5,2,-1,,
2019,1,bearing_wear,0.1719,early,physics_weibull_v5,2,-1,,
2020,1,bearing_wear,0.05,early,physics_weibull_v5,1,-1,,
2021,1,bearing_wear,0.0561,early,physics_weibull_v5,2,-1,,
2022,1,bearing_wear,0.5579,developing,physics_weibull_v5,2,-1,,
2023,1,bearing_wear,0.1362,early,physics_weibull_v5,2,-1,,
2024,1,bearing_wear,0.05,early,physics_weibull_v5,2,-1,,
2025,1,bearing_wear,0.1153,early,physics_weibull_v5,2,-1,,
2026,1,bearing_wear,0.9366,advanced,physics_weibull_v5,1,-1,,
2027,1,bearing_wear,0.5063,developing,physics_weibull_v5,1,-1,,
2028,1,bearing_wear,0.4452,developing,physics_weibull_v5,2,-1,,
2029,1,bearing_wear,0.3198,developing,physics_weibull_v5,2,-1,,
2030,1,bearing_wear,0.05,early,physics_weibull_v5,2,-1,,
2031,1,bearing_wear,0.05,early,physics_weibull_v5,3,-1,,
2032,1,bearing_wear,0.6492,developing,physics_weibull_v5,3,-1,,
2033,1,bearing_wear,0.05,early,physics_weibull_v5,3,-1,,
2034,1,bearing_wear,0.0688,early,physics_weibull_v5,1,-1,,
2035,1,bearing_wear,0.0639,early,physics_weibull_v5,3,-1,,
2036,1,bearing_wear,0.9764,advanced,physics_weibull_v5,3,-1,,
2037,1,bearing_wear,0.1144,early,physics_weibull_v5,3,-1,,
2038,1,bearing_wear,0.1858,early,physics_weibull_v5,2,-1,,
2039,1,bearing_wear,0.4887,developing,physics_weibull_v5,2,-1,,
2040,1,bearing_wear,0.05,early,physics_weibull_v5,3,-1,,
2041,1,bearing_wear,0.2584,early,physics_weibull_v5,1,-1,,
2042,1,bearing_wear,0.7145,advanced,physics_weibull_v5,2,-1,,
2043,1,bearing_wear,0.1134,early,physics_weibull_v5,2,-1,,
2044,1,bearing_wear,0.2508,early,physics_weibull_v5,2,-1,,
2045,1,bearing_wear,0.0717,early,physics_weibull_v5,3,-1,,
2046,1,bearing_wear,0.05,early,physics_weibull_v5,3,-1,,
2047,1,bearing_wear,0.2545,early,physics_weibull_v5,3,-1,,
2048,1,bearing_wear,0.7166,advanced,physics_weibull_v5,1,-1,,
2049,1,bearing_wear,0.6465,developing,physics_weibull_v5,2,-1,,
2050,1,bearing_wear,0.4697,developing,physics_weibull_v5,2,-1,,
2051,1,bearing_wear,0.0829,early,physics_weibull_v5,1,-1,,
2052,1,bearing_wear,0.8241,advanced,physics_weibull_v5,1,-1,,
2053,1,bearing_wear,0.549,developing,physics_weibull_v5,1,-1,,
2054,1,bearing_wear,0.0919,early,physics_weibull_v5,3,-1,,
2055,1,bearing_wear,0.5746,developing,physics_weibull_v5,2,-1,,
2056,1,bearing_wear,0.7792,advanced,physics_weibull_v5,1,-1,,
2057,1,bearing_wear,0.3724,developing,physics_weibull_v5,2,-1,,
2058,1,bearing_wear,0.717,advanced,physics_weibull_v5,3,-1,,
2059,1,bearing_wear,0.1913,early,physics_weibull_v5,2,-1,,
2060,1,bearing_wear,0.4089,developing,physics_weibull_v5,2,-1,,
2061,1,bearing_wear,0.1716,early,physics_weibull_v5,3,-1,,
2062,1,bearing_wear,0.2188,early,physics_weibull_v5,1,-1,,
2063,1,bearing_wear,0.05,early,physics_weibull_v5,1,-1,,
2064,1,bearing_wear,0.05,early,physics_weibull_v5,2,-1,,
2065,1,bearing_wear,0.05,early,physics_weibull_v5,1,-1,,
2066,1,bearing_wear,0.0744,early,physics_weibull_v5,1,-1,,
2067,1,bearing_wear,0.2126,early,physics_weibull_v5,2,-1,,
2068,1,bearing_wear,0.1119,early,physics_weibull_v5,3,-1,,
2069,1,bearing_wear,0.6523,advanced,physics_weibull_v5,2,-1,,
2070,1,bearing_wear,0.05,early,physics_weibull_v5,1,-1,,
2071,1,bearing_wear,0.05,early,physics_weibull_v5,1,-1,,
2072,1,bearing_wear,0.1735,early,physics_weibull_v5,3,-1,,
2073,1,bearing_wear,0.05,early,physics_weibull_v5,1,-1,,
2074,1,bearing_wear,0.05,early,physics_weibull_v5,3,-1,,
2075,1,bearing_wear,0.05,early,physics_weibull_v5,1,-1,,
2076,1,bearing_wear,0.0918,early,physics_weibull_v5,3,-1,,
2077,1,bearing_wear,0.658,advanced,physics_weibull_v5,2,-1,,
2078,1,bearing_wear,0.05,early,physics_weibull_v5,3,-1,,
2079,1,bearing_wear,0.0629,early,physics_weibull_v5,1,-1,,
2080,1,bearing_wear,0.5342,developing,physics_weibull_v5,2,-1,,
2081,1,bearing_wear,0.5057,developing,physics_weibull_v5,2,-1,,
2082,1,bearing_wear,0.05,early,physics_weibull_v5,1,-1,,
2083,1,bearing_wear,0.2085,early,physics_weibull_v5,2,-1,,
2084,1,bearing_wear,0.0773,early,physics_weibull_v5,3,-1,,
2085,1,bearing_wear,0.4173,developing,physics_weibull_v5,2,-1,,
2086,1,bearing_wear,0.0759,early,physics_weibull_v5,2,-1,,
2087,1,bearing_wear,0.1893,early,physics_weibull_v5,1,-1,,
2088,1,bearing_wear,0.662,advanced,physics_weibull_v5,2,-1,,
2089,1,bearing_wear,0.0508,early,physics_weibull_v5,2,-1,,
2090,1,bearing_wear,0.8403,advanced,physics_weibull_v5,1,-1,,
2091,1,bearing_wear,0.1565,early,physics_weibull_v5,2,-1,,
2092,1,bearing_wear,0.0593,early,physics_weibull_v5,1,-1,,
2093,1,bearing_wear,0.2388,early,physics_weibull_v5,3,-1,,
2094,1,bearing_wear,0.6415,developing,physics_weibull_v5,1,-1,,
2095,1,bearing_wear,0.7395,advanced,physics_weibull_v5,2,-1,,
2096,1,bearing_wear,0.0676,early,physics_weibull_v5,1,-1,,
2097,1,bearing_wear,0.05,early,physics_weibull_v5,1,-1,,
2098,1,bearing_wear,0.9212,advanced,physics_weibull_v5,3,-1,,
2099,1,bearing_wear,0.0548,early,physics_weibull_v5,2,-1,,
2100,1,bearing_wear,0.2981,early,physics_weibull_v5,3,-1,,
2101,1,bearing_wear,0.2349,early,physics_weibull_v5,2,-1,,
2102,1,bearing_wear,0.2517,early,physics_weibull_v5,2,-1,,
2103,1,bearing_wear,0.6717,advanced,physics_weibull_v5,1,-1,,
2104,1,bearing_wear,0.05,early,physics_weibull_v5,2,-1,,
2105,1,bearing_wear,0.05,early,physics_weibull_v5,1,-1,,
2106,1,bearing_wear,0.1035,early,physics_weibull_v5,2,-1,,
2107,1,bearing_wear,0.1975,early,physics_weibull_v5,1,-1,,
2108,1,bearing_wear,0.3664,developing,physics_weibull_v5,2,-1,,
2109,1,bearing_wear,0.6442,developing,physics_weibull_v5,2,-1,,
2110,1,bearing_wear,0.0508,early,physics_weibull_v5,1,-1,,
2111,1,bearing_wear,0.8803,advanced,physics_weibull_v5,3,-1,,
2112,1,bearing_wear,0.2932,early,physics_weibull_v5,2,-1,,
2113,1,bearing_wear,0.05,early,physics_weibull_v5,2,-1,,
2114,1,bearing_wear,0.8505,advanced,physics_weibull_v5,2,-1,,
2115,1,bearing_wear,0.6511,advanced,physics_weibull_v5,3,-1,,
2116,1,bearing_wear,0.0502,early,physics_weibull_v5,1,-1,,
2117,1,bearing_wear,0.7111,advanced,physics_weibull_v5,2,-1,,
2118,1,bearing_wear,0.2362,early,physics_weibull_v5,1,-1,,
2119,1,bearing_wear,0.05,early,physics_weibull_v5,3,-1,,
2120,1,bearing_wear,0.6912,advanced,physics_weibull_v5,1,-1,,
2121,1,bearing_wear,0.0857,early,physics_weibull_v5,3,-1,,
2122,1,bearing_wear,0.5335,developing,physics_weibull_v5,2,-1,,
2123,1,bearing_wear,0.0926,early,physics_weibull_v5,3,-1,,
2124,1,bearing_wear,0.05,early,physics_weibull_v5,1,-1,,
2125,1,bearing_wear,0.05,early,physics_weibull_v5,1,-1,,
2126,1,bearing_wear,0.3027,developing,physics_weibull_v5,2,-1,,
2127,1,bearing_wear,0.05,early,physics_weibull_v5,2,-1,,
2128,1,bearing_wear,0.2518,early,physics_weibull_v5,1,-1,,
2129,1,bearing_wear,0.1289,early,physics_weibull_v5,2,-1,,
2130,1,bearing_wear,0.5288,developing,physics_weibull_v5,2,-1,,
2131,1,bearing_wear,0.05,early,physics_weibull_v5,1,-1,,
2132,1,bearing_wear,0.05,early,physics_weibull_v5,1,-1,,
2133,1,bearing_wear,0.391,developing,physics_weibull_v5,2,-1,,
2134,1,bearing_wear,0.6654,advanced,physics_weibull_v5,1,-1,,
2135,1,bearing_wear,0.2233,early,physics_weibull_v5,3,-1,,
2136,1,bearing_wear,0.1378,early,physics_weibull_v5,2,-1,,
2137,1,bearing_wear,0.9577,advanced,physics_weibull_v5,2,-1,,
2138,1,bearing_wear,0.05,early,physics_weibull_v5,1,-1,,
2139,1,bearing_wear,0.053,early,physics_weibull_v5,2,-1,,
2140,1,bearing_wear,0.0925,early,physics_weibull_v5,3,-1,,
2141,1,bearing_wear,0.9098,advanced,physics_weibull_v5,3,-1,,
2142,1,bearing_wear,0.0844,early,physics_weibull_v5,1,-1,,
2143,1,bearing_wear,0.6844,advanced,physics_weibull_v5,2,-1,,
2144,1,bearing_wear,0.05,early,physics_weibull_v5,3,-1,,
2145,1,bearing_wear,0.1047,early,physics_weibull_v5,3,-1,,
2146,1,bearing_wear,0.0846,early,physics_weibull_v5,1,-1,,
2147,1,bearing_wear,0.05,early,physics_weibull_v5,2,-1,,
2148,1,bearing_wear,0.1458,early,physics_weibull_v5,3,-1,,
2149,1,bearing_wear,0.0804,early,physics_weibull_v5,2,-1,,
2150,1,bearing_wear,0.05,early,physics_weibull_v5,1,-1,,
2151,1,bearing_wear,0.0858,early,physics_weibull_v5,3,-1,,
2152,1,bearing_wear,0.7128,advanced,physics_weibull_v5,3,-1,,
2153,1,bearing_wear,0.6145,developing,physics_weibull_v5,2,-1,,
2154,1,bearing_wear,0.0573,early,physics_weibull_v5,2,-1,,
2155,1,bearing_wear,0.05,early,physics_weibull_v5,1,-1,,
2156,1,bearing_wear,0.2753,early,physics_weibull_v5,3,-1,,
2157,1,bearing_wear,0.05,early,physics_weibull_v5,1,-1,,
2158,1,bearing_wear,0.458,developing,physics_weibull_v5,2,-1,,
2159,1,bearing_wear,0.05,early,physics_weibull_v5,1,-1,,
2160,1,bearing_wear,0.6222,developing,physics_weibull_v5,1,-1,,
2161,1,bearing_wear,0.05,early,physics_weibull_v5,2,-1,,
2162,1,bearing_wear,0.981,advanced,physics_weibull_v5,3,-1,,
2163,1,bearing_wear,0.1226,early,physics_weibull_v5,3,-1,,
2164,1,bearing_wear,0.0684,early,physics_weibull_v5,1,-1,,
2165,1,bearing_wear,0.2951,early,physics_weibull_v5,2,-1,,
2166,1,bearing_wear,0.05,early,physics_weibull_v5,2,-1,,
2167,1,bearing_wear,0.8552,advanced,physics_weibull_v5,1,-1,,
2168,1,bearing_wear,0.1151,early,physics_weibull_v5,3,-1,,
2169,1,bearing_wear,0.8082,advanced,physics_weibull_v5,3,-1,,
2170,1,bearing_wear,0.05,early,physics_weibull_v5,3,-1,,
2171,1,bearing_wear,0.05,early,physics_weibull_v5,3,-1,,
2172,1,bearing_wear,0.1591,early,physics_weibull_v5,3,-1,,
2173,1,bearing_wear,0.0635,early,physics_weibull_v5,3,-1,,
2174,1,bearing_wear,0.638,developing,physics_weibull_v5,3,-1,,
2175,1,bearing_wear,0.0847,early,physics_weibull_v5,2,-1,,
2176,1,bearing_wear,0.05,early,physics_weibull_v5,1,-1,,
2177,1,bearing_wear,0.05,early,physics_weibull_v5,3,-1,,
2178,1,bearing_wear,0.7571,advanced,physics_weibull_v5,2,-1,,
2179,1,bearing_wear,0.05,early,physics_weibull_v5,3,-1,,
2180,1,bearing_wear,0.624,developing,physics_weibull_v5,2,-1,,
2181,1,bearing_wear,0.3215,developing,physics_weibull_v5,2,-1,,
2182,1,bearing_wear,0.1017,early,physics_weibull_v5,1,-1,,
2183,1,bearing_wear,0.1878,early,physics_weibull_v5,1,-1,,
2184,1,bearing_wear,0.05,early,physics_weibull_v5,1,-1,,
2185,1,bearing_wear,0.8602,advanced,physics_weibull_v5,2,-1,,
2186,1,bearing_wear,0.05,early,physics_weibull_v5,2,-1,,
2187,1,bearing_wear,0.1914,early,physics_weibull_v5,1,-1,,
2188,1,bearing_wear,0.3788,developing,physics_weibull_v5,2,-1,,
2189,1,bearing_wear,0.05,early,physics_weibull_v5,3,-1,,
2190,1,bearing_wear,0.154,early,physics_weibull_v5,3,-1,,
2191,1,bearing_wear,0.05,early,physics_weibull_v5,1,-1,,
2192,1,bearing_wear,0.05,early,physics_weibull_v5,1,-1,,
2193,1,bearing_wear,0.1078,early,physics_weibull_v5,1,-1,,
2194,1,bearing_wear,0.0711,early,physics_weibull_v5,3,-1,,
2195,1,bearing_wear,0.2255,early,physics_weibull_v5,3,-1,,
2196,1,bearing_wear,0.05,early,physics_weibull_v5,2,-1,,
2197,1,bearing_wear,0.783,advanced,physics_weibull_v5,2,-1,,
2198,1,bearing_wear,0.05,early,physics_weibull_v5,2,-1,,
2199,1,bearing_wear,0.7261,advanced,physics_weibull_v5,3,-1,,
2200,1,bearing_wear,0.0535,early,physics_weibull_v5,3,-1,,
2201,1,bearing_wear,0.1095,early,physics_weibull_v5,1,-1,,
2202,1,bearing_wear,0.614,developing,physics_weibull_v5,2,-1,,
2203,1,bearing_wear,0.1623,early,physics_weibull_v5,1,-1,,
2204,1,bearing_wear,0.1214,early,physics_weibull_v5,1,-1,,
2205,1,bearing_wear,0.1141,early,physics_weibull_v5,2,-1,,
2206,1,bearing_wear,0.2238,early,physics_weibull_v5,1,-1,,
2207,1,bearing_wear,0.2937,early,physics_weibull_v5,3,-1,,
2208,1,bearing_wear,0.2784,early,physics_weibull_v5,1,-1,,
2209,1,bearing_wear,0.05,early,physics_weibull_v5,3,-1,,
2210,1,bearing_wear,0.8131,advanced,physics_weibull_v5,1,-1,,
2211,1,bearing_wear,0.0677,early,physics_weibull_v5,2,-1,,
2212,1,bearing_wear,0.1078,early,physics_weibull_v5,3,-1,,
2213,1,bearing_wear,0.05,early,physics_weibull_v5,1,-1,,
2214,1,bearing_wear,0.05,early,physics_weibull_v5,3,-1,,
2215,1,bearing_wear,0.9,advanced,physics_weibull_v5,2,-1,,
2216,1,bearing_wear,0.05,early,physics_weibull_v5,2,-1,,
2217,1,bearing_wear,0.05,early,physics_weibull_v5,3,-1,,
2218,1,bearing_wear,0.1095,early,physics_weibull_v5,1,-1,,
2219,1,bearing_wear,0.8051,advanced,physics_weibull_v5,1,-1,,
2220,1,bearing_wear,0.9367,advanced,physics_weibull_v5,1,-1,,
2221,1,bearing_wear,0.4355,developing,physics_weibull_v5,2,-1,,
2222,1,bearing_wear,0.9532,advanced,physics_weibull_v5,3,-1,,
2223,1,bearing_wear,0.1323,early,physics_weibull_v5,2,-1,,
2224,1,bearing_wear,0.3499,developing,physics_weibull_v5,2,-1,,
2225,1,bearing_wear,0.923,advanced,physics_weibull_v5,3,-1,,
2226,1,bearing_wear,0.05,early,physics_weibull_v5,3,-1,,
2227,1,bearing_wear,0.4673,developing,physics_weibull_v5,2,-1,,
2228,1,bearing_wear,0.1227,early,physics_weibull_v5,2,-1,,
2229,1,bearing_wear,0.05,early,physics_weibull_v5,1,-1,,
2230,1,bearing_wear,0.0552,early,physics_weibull_v5,3,-1,,
2231,1,bearing_wear,0.9002,advanced,physics_weibull_v5,3,-1,,
2232,1,bearing_wear,0.05,early,physics_weibull_v5,1,-1,,
2233,1,bearing_wear,0.9448,advanced,physics_weibull_v5,3,-1,,
2234,1,bearing_wear,0.2184,early,physics_weibull_v5,2,-1,,
2235,1,bearing_wear,0.1149,early,physics_weibull_v5,1,-1,,
2236,1,bearing_wear,0.3456,developing,physics_weibull_v5,2,-1,,
2237,1,bearing_wear,0.0643,early,physics_weibull_v5,1,-1,,
2238,1,bearing_wear,0.05,early,physics_weibull_v5,2,-1,,
2239,1,bearing_wear,0.7921,advanced,physics_weibull_v5,3,-1,,
2240,1,bearing_wear,0.2799,early,physics_weibull_v5,3,-1,,
2241,1,bearing_wear,0.1226,early,physics_weibull_v5,3,-1,,
2242,1,bearing_wear,0.1518,early,physics_weibull_v5,1,-1,,
2243,1,bearing_wear,0.9213,advanced,physics_weibull_v5,2,-1,,
2244,1,bearing_wear,0.1647,early,physics_weibull_v5,3,-1,,
2245,1,bearing_wear,0.1141,early,physics_weibull_v5,1,-1,,
2246,1,bearing_wear,0.2494,early,physics_weibull_v5,2,-1,,
2247,1,bearing_wear,0.05,early,physics_weibull_v5,3,-1,,
2248,1,bearing_wear,0.05,early,physics_weibull_v5,1,-1,,
2249,1,bearing_wear,0.7505,advanced,physics_weibull_v5,3,-1,,
2250,1,bearing_wear,0.05,early,physics_weibull_v5,2,-1,,
2251,1,bearing_wear,0.1256,early,physics_weibull_v5,3,-1,,
2252,1,bearing_wear,0.106,early,physics_weibull_v5,1,-1,,
2253,1,bearing_wear,0.05,early,physics_weibull_v5,1,-1,,
2254,1,bearing_wear,0.1246,early,physics_weibull_v5,3,-1,,
2255,1,bearing_wear,0.4599,developing,physics_weibull_v5,2,-1,,
2256,1,bearing_wear,0.05,early,physics_weibull_v5,3,-1,,
2257,1,bearing_wear,0.05,early,physics_weibull_v5,3,-1,,
2258,1,bearing_wear,0.5415,developing,physics_weibull_v5,2,-1,,
2259,1,bearing_wear,0.3296,developing,physics_weibull_v5,1,-1,,
2260,1,bearing_wear,0.7347,advanced,physics_weibull_v5,1,-1,,
2261,1,bearing_wear,0.7159,advanced,physics_weibull_v5,1,-1,,
2262,1,bearing_wear,0.1574,early,physics_weibull_v5,1,-1,,
2263,1,bearing_wear,0.0519,early,physics_weibull_v5,3,-1,,
2264,1,bearing_wear,0.647,developing,physics_weibull_v5,2,-1,,
2265,1,bearing_wear,0.308,developing,physics_weibull_v5,2,-1,,
2266,1,bearing_wear,0.05,early,physics_weibull_v5,2,-1,,
2267,1,bearing_wear,0.0705,early,physics_weibull_v5,2,-1,,
2268,1,bearing_wear,0.1661,early,physics_weibull_v5,3,-1,,
2269,1,bearing_wear,0.4844,developing,physics_weibull_v5,2,-1,,
2270,1,bearing_wear,0.6367,developing,physics_weibull_v5,1,-1,,
2271,1,bearing_wear,0.4407,developing,physics_weibull_v5,2,-1,,
2272,1,bearing_wear,0.05,early,physics_weibull_v5,3,-1,,
2273,1,bearing_wear,0.8628,advanced,physics_weibull_v5,3,-1,,
2274,1,bearing_wear,0.0527,early,physics_weibull_v5,1,-1,,
2275,1,bearing_wear,0.7287,advanced,physics_weibull_v5,2,-1,,
2276,1,bearing_wear,0.05,early,physics_weibull_v5,3,-1,,
2277,1,bearing_wear,0.05,early,physics_weibull_v5,1,-1,,
2278,1,bearing_wear,0.05,early,physics_weibull_v5,1,-1,,
2279,1,bearing_wear,0.05,early,physics_weibull_v5,2,-1,,
2280,1,bearing_wear,0.0915,early,physics_weibull_v5,2,-1,,
2281,1,bearing_wear,0.6497,developing,physics_weibull_v5,2,-1,,
2282,1,bearing_wear,0.616,developing,physics_weibull_v5,2,-1,,
2283,1,bearing_wear,0.0505,early,physics_weibull_v5,2,-1,,
2284,1,bearing_wear,0.9511,advanced,physics_weibull_v5,2,-1,,
2285,1,bearing_wear,0.4602,developing,physics_weibull_v5,2,-1,,
2286,1,bearing_wear,0.0908,early,physics_weibull_v5,2,-1,,
2287,1,bearing_wear,0.05,early,physics_weibull_v5,2,-1,,
2288,1,bearing_wear,0.1253,early,physics_weibull_v5,3,-1,,
2289,1,bearing_wear,0.0778,early,physics_weibull_v5,3,-1,,
2290,1,bearing_wear,0.5488,developing,physics_weibull_v5,2,-1,,
2291,1,bearing_wear,0.6324,developing,physics_weibull_v5,2,-1,,
2292,1,bearing_wear,0.05,early,physics_weibull_v5,2,-1,,
2293,1,bearing_wear,0.5565,developing,physics_weibull_v5,2,-1,,
2294,1,bearing_wear,0.248,early,physics_weibull_v5,1,-1,,
2295,1,bearing_wear,0.0706,early,physics_weibull_v5,1,-1,,
2296,1,bearing_wear,0.05,early,physics_weibull_v5,3,-1,,
2297,1,bearing_wear,0.1745,early,physics_weibull_v5,1,-1,,
2298,1,bearing_wear,0.1236,early,physics_weibull_v5,1,-1,,
2299,1,bearing_wear,0.1453,early,physics_weibull_v5,1,-1,,
2300,1,bearing_wear,0.4268,developing,physics_weibull_v5,2,-1,,
2301,1,bearing_wear,0.1154,early,physics_weibull_v5,3,-1,,
2302,1,bearing_wear,0.9876,advanced,physics_weibull_v5,2,-1,,
2303,1,bearing_wear,0.2387,early,physics_weibull_v5,3,-1,,
2304,1,bearing_wear,0.3361,developing,physics_weibull_v5,2,-1,,
2305,1,bearing_wear,0.05,early,physics_weibull_v5,1,-1,,
2306,1,bearing_wear,0.05,early,physics_weibull_v5,1,-1,,
2307,1,bearing_wear,0.5748,developing,physics_weibull_v5,2,-1,,
2308,1,bearing_wear,0.8781,advanced,physics_weibull_v5,1,-1,,
2309,1,bearing_wear,0.0632,early,physics_weibull_v5,3,-1,,
2310,1,bearing_wear,0.3207,developing,physics_weibull_v5,2,-1,,
2311,1,bearing_wear,0.05,early,physics_weibull_v5,3,-1,,
2312,1,bearing_wear,0.5393,developing,physics_weibull_v5,2,-1,,
2313,1,bearing_wear,0.0824,early,physics_weibull_v5,1,-1,,
2314,1,bearing_wear,0.878,advanced,physics_weibull_v5,3,-1,,
2315,1,bearing_wear,0.1951,early,physics_weibull_v5,3,-1,,
2316,1,bearing_wear,0.1149,early,physics_weibull_v5,2,-1,,
2317,1,bearing_wear,0.7448,advanced,physics_weibull_v5,3,-1,,
2318,1,bearing_wear,0.05,early,physics_weibull_v5,3,-1,,
2319,1,bearing_wear,0.8023,advanced,physics_weibull_v5,2,-1,,
2320,1,bearing_wear,0.1151,early,physics_weibull_v5,3,-1,,
2321,1,bearing_wear,0.0788,early,physics_weibull_v5,2,-1,,
2322,1,bearing_wear,0.05,early,physics_weibull_v5,2,-1,,
2323,1,bearing_wear,0.2431,early,physics_weibull_v5,2,-1,,
2324,1,bearing_wear,0.099,early,physics_weibull_v5,1,-1,,
2325,1,bearing_wear,0.6466,developing,physics_weibull_v5,1,-1,,
2326,1,bearing_wear,0.05,early,physics_weibull_v5,3,-1,,
2327,1,bearing_wear,0.05,early,physics_weibull_v5,2,-1,,
2328,1,bearing_wear,0.5205,developing,physics_weibull_v5,1,-1,,
2329,1,bearing_wear,0.21,early,physics_weibull_v5,3,-1,,
2330,1,bearing_wear,0.05,early,physics_weibull_v5,1,-1,,
2331,1,bearing_wear,0.7564,advanced,physics_weibull_v5,2,-1,,
2332,1,bearing_wear,0.05,early,physics_weibull_v5,1,-1,,
2333,1,bearing_wear,0.1956,early,physics_weibull_v5,2,-1,,
2334,1,bearing_wear,0.05,early,physics_weibull_v5,3,-1,,
2335,1,bearing_wear,0.05,early,physics_weibull_v5,3,-1,,
2336,1,bearing_wear,0.0703,early,physics_weibull_v5,1,-1,,
2337,1,bearing_wear,0.4178,developing,physics_weibull_v5,2,-1,,
2338,1,bearing_wear,0.2257,early,physics_weibull_v5,2,-1,,
2339,1,bearing_wear,0.05,early,physics_weibull_v5,3,-1,,
2340,1,bearing_wear,0.05,early,physics_weibull_v5,2,-1,,
2341,1,bearing_wear,0.9239,advanced,physics_weibull_v5,3,-1,,
2342,1,bearing_wear,0.05,early,physics_weibull_v5,1,-1,,
2343,1,bearing_wear,0.7982,advanced,physics_weibull_v5,2,-1,,
2344,1,bearing_wear,0.05,early,physics_weibull_v5,3,-1,,
2345,1,bearing_wear,0.0786,early,physics_weibull_v5,2,-1,,
2346,1,bearing_wear,0.882,advanced,physics_weibull_v5,3,-1,,
2347,1,bearing_wear,0.05,early,physics_weibull_v5,2,-1,,
2348,1,bearing_wear,0.2075,early,physics_weibull_v5,2,-1,,
2349,1,bearing_wear,0.4943,developing,physics_weibull_v5,1,-1,,
2350,1,bearing_wear,0.0613,early,physics_weibull_v5,3,-1,,
2351,1,bearing_wear,0.6041,developing,physics_weibull_v5,3,-1,,
2352,1,bearing_wear,0.05,early,physics_weibull_v5,3,-1,,
2353,1,bearing_wear,0.2017,early,physics_weibull_v5,2,-1,,
2354,1,bearing_wear,0.0874,early,physics_weibull_v5,3,-1,,
2355,1,bearing_wear,0.8735,advanced,physics_weibull_v5,3,-1,,
2356,1,bearing_wear,0.8625,advanced,physics_weibull_v5,3,-1,,
2357,1,bearing_wear,0.05,early,physics_weibull_v5,2,-1,,
2358,1,bearing_wear,0.8088,advanced,physics_weibull_v5,2,-1,,
2359,1,bearing_wear,0.05,early,physics_weibull_v5,2,-1,,
2360,1,bearing_wear,0.0718,early,physics_weibull_v5,3,-1,,
2361,1,bearing_wear,0.5825,developing,physics_weibull_v5,1,-1,,
2362,1,bearing_wear,0.2464,early,physics_weibull_v5,1,-1,,
2363,1,bearing_wear,0.3495,developing,physics_weibull_v5,2,-1,,
2364,1,bearing_wear,0.0802,early,physics_weibull_v5,3,-1,,
2365,1,bearing_wear,0.0835,early,physics_weibull_v5,2,-1,,
2366,1,bearing_wear,0.1814,early,physics_weibull_v5,2,-1,,
2367,1,bearing_wear,0.05,early,physics_weibull_v5,2,-1,,
2368,1,bearing_wear,0.9855,advanced,physics_weibull_v5,1,-1,,
2369,1,bearing_wear,0.9623,advanced,physics_weibull_v5,3,-1,,
2370,1,bearing_wear,0.05,early,physics_weibull_v5,3,-1,,
2371,1,bearing_wear,0.105,early,physics_weibull_v5,2,-1,,
2372,1,bearing_wear,0.0585,early,physics_weibull_v5,2,-1,,
2373,1,bearing_wear,0.05,early,physics_weibull_v5,3,-1,,
2374,1,bearing_wear,0.2506,early,physics_weibull_v5,1,-1,,
2375,1,bearing_wear,0.05,early,physics_weibull_v5,1,-1,,
2376,1,bearing_wear,0.204,early,physics_weibull_v5,1,-1,,
2377,1,bearing_wear,0.8276,advanced,physics_weibull_v5,1,-1,,
2378,1,bearing_wear,0.05,early,physics_weibull_v5,1,-1,,
2379,1,bearing_wear,0.4,developing,physics_weibull_v5,2,-1,,
2380,1,bearing_wear,0.0544,early,physics_weibull_v5,3,-1,,
2381,1,bearing_wear,0.0678,early,physics_weibull_v5,2,-1,,
2382,1,bearing_wear,0.7724,advanced,physics_weibull_v5,2,-1,,
2383,1,bearing_wear,0.1658,early,physics_weibull_v5,1,-1,,
2384,1,bearing_wear,0.1627,early,physics_weibull_v5,2,-1,,
2385,1,bearing_wear,0.1113,early,physics_weibull_v5,3,-1,,
2386,1,bearing_wear,0.7589,advanced,physics_weibull_v5,1,-1,,
2387,1,bearing_wear,0.05,early,physics_weibull_v5,2,-1,,
2388,1,bearing_wear,0.05,early,physics_weibull_v5,1,-1,,
2389,1,bearing_wear,0.1135,early,physics_weibull_v5,3,-1,,
2390,1,bearing_wear,0.227,early,physics_weibull_v5,1,-1,,
2391,1,bearing_wear,0.1473,early,physics_weibull_v5,1,-1,,
2392,1,bearing_wear,0.1314,early,physics_weibull_v5,1,-1,,
2393,1,bearing_wear,0.1058,early,physics_weibull_v5,2,-1,,
2394,1,bearing_wear,0.0545,early,physics_weibull_v5,1,-1,,
2395,1,bearing_wear,0.3176,developing,physics_weibull_v5,2,-1,,
2396,1,bearing_wear,0.8926,advanced,physics_weibull_v5,3,-1,,
2397,1,bearing_wear,0.05,early,physics_weibull_v5,2,-1,,
2398,1,bearing_wear,0.2801,early,physics_weibull_v5,3,-1,,
2399,1,bearing_wear,0.2015,early,physics_weibull_v5,3,-1,,
2400,2,impeller_imbalance,0.05,early,physics_weibull_v5,1,-1,,
2401,2,impeller_imbalance,0.8104,advanced,physics_weibull_v5,3,-1,,
2402,2,impeller_imbalance,0.0975,early,physics_weibull_v5,1,-1,,
2403,2,impeller_imbalance,0.902,advanced,physics_weibull_v5,3,-1,,
2404,2,impeller_imbalance,0.607,developing,physics_weibull_v5,3,-1,,
2405,2,impeller_imbalance,0.3285,developing,physics_weibull_v5,1,-1,,
2406,2,impeller_imbalance,0.543,developing,physics_weibull_v5,1,-1,,
2407,2,impeller_imbalance,0.0593,early,physics_weibull_v5,1,-1,,
2408,2,impeller_imbalance,0.4305,developing,physics_weibull_v5,3,-1,,
2409,2,impeller_imbalance,0.2028,early,physics_weibull_v5,1,-1,,
2410,2,impeller_imbalance,0.05,early,physics_weibull_v5,3,-1,,
2411,2,impeller_imbalance,0.2322,early,physics_weibull_v5,3,-1,,
2412,2,impeller_imbalance,0.1069,early,physics_weibull_v5,1,-1,,
2413,2,impeller_imbalance,0.258,early,physics_weibull_v5,1,-1,,
2414,2,impeller_imbalance,0.3828,developing,physics_weibull_v5,1,-1,,
2415,2,impeller_imbalance,0.1676,early,physics_weibull_v5,3,-1,,
2416,2,impeller_imbalance,0.4594,developing,physics_weibull_v5,3,-1,,
2417,2,impeller_imbalance,0.2181,early,physics_weibull_v5,1,-1,,
2418,2,impeller_imbalance,0.05,early,physics_weibull_v5,1,-1,,
2419,2,impeller_imbalance,0.3989,developing,physics_weibull_v5,1,-1,,
2420,2,impeller_imbalance,0.0789,early,physics_weibull_v5,3,-1,,
2421,2,impeller_imbalance,0.0579,early,physics_weibull_v5,1,-1,,
2422,2,impeller_imbalance,0.4274,developing,physics_weibull_v5,1,-1,,
2423,2,impeller_imbalance,0.9622,advanced,physics_weibull_v5,3,-1,,
2424,2,impeller_imbalance,0.5313,developing,physics_weibull_v5,3,-1,,
2425,2,impeller_imbalance,0.05,early,physics_weibull_v5,1,-1,,
2426,2,impeller_imbalance,0.0963,early,physics_weibull_v5,3,-1,,
2427,2,impeller_imbalance,0.05,early,physics_weibull_v5,1,-1,,
2428,2,impeller_imbalance,0.2552,early,physics_weibull_v5,1,-1,,
2429,2,impeller_imbalance,0.0973,early,physics_weibull_v5,1,-1,,
2430,2,impeller_imbalance,0.05,early,physics_weibull_v5,3,-1,,
2431,2,impeller_imbalance,0.4693,developing,physics_weibull_v5,3,-1,,
2432,2,impeller_imbalance,0.4354,developing,physics_weibull_v5,1,-1,,
2433,2,impeller_imbalance,0.3687,developing,physics_weibull_v5,3,-1,,
2434,2,impeller_imbalance,0.4312,developing,physics_weibull_v5,3,-1,,
2435,2,impeller_imbalance,0.0544,early,physics_weibull_v5,1,-1,,
2436,2,impeller_imbalance,0.4211,developing,physics_weibull_v5,3,-1,,
2437,2,impeller_imbalance,0.1935,early,physics_weibull_v5,3,-1,,
2438,2,impeller_imbalance,0.5443,developing,physics_weibull_v5,3,-1,,
2439,2,impeller_imbalance,0.05,early,physics_weibull_v5,1,-1,,
2440,2,impeller_imbalance,0.3888,developing,physics_weibull_v5,1,-1,,
2441,2,impeller_imbalance,0.5207,developing,physics_weibull_v5,3,-1,,
2442,2,impeller_imbalance,0.5225,developing,physics_weibull_v5,1,-1,,
2443,2,impeller_imbalance,0.05,early,physics_weibull_v5,3,-1,,
2444,2,impeller_imbalance,0.7035,advanced,physics_weibull_v5,1,-1,,
2445,2,impeller_imbalance,0.05,early,physics_weibull_v5,3,-1,,
2446,2,impeller_imbalance,0.1327,early,physics_weibull_v5,1,-1,,
2447,2,impeller_imbalance,0.9994,advanced,physics_weibull_v5,3,-1,,
2448,2,impeller_imbalance,0.1858,early,physics_weibull_v5,1,-1,,
2449,2,impeller_imbalance,0.3288,developing,physics_weibull_v5,3,-1,,
2450,2,impeller_imbalance,0.4811,developing,physics_weibull_v5,1,-1,,
2451,2,impeller_imbalance,0.2414,early,physics_weibull_v5,1,-1,,
2452,2,impeller_imbalance,0.5185,developing,physics_weibull_v5,1,-1,,
2453,2,impeller_imbalance,0.655,advanced,physics_weibull_v5,3,-1,,
2454,2,impeller_imbalance,0.4319,developing,physics_weibull_v5,3,-1,,
2455,2,impeller_imbalance,0.4168,developing,physics_weibull_v5,3,-1,,
2456,2,impeller_imbalance,0.05,early,physics_weibull_v5,1,-1,,
2457,2,impeller_imbalance,0.05,early,physics_weibull_v5,1,-1,,
2458,2,impeller_imbalance,0.0987,early,physics_weibull_v5,3,-1,,
2459,2,impeller_imbalance,0.0873,early,physics_weibull_v5,1,-1,,
2460,2,impeller_imbalance,0.7326,advanced,physics_weibull_v5,3,-1,,
2461,2,impeller_imbalance,0.0708,early,physics_weibull_v5,1,-1,,
2462,2,impeller_imbalance,0.05,early,physics_weibull_v5,3,-1,,
2463,2,impeller_imbalance,0.07,early,physics_weibull_v5,3,-1,,
2464,2,impeller_imbalance,0.0509,early,physics_weibull_v5,3,-1,,
2465,2,impeller_imbalance,0.8152,advanced,physics_weibull_v5,3,-1,,
2466,2,impeller_imbalance,0.0857,early,physics_weibull_v5,1,-1,,
2467,2,impeller_imbalance,0.6271,developing,physics_weibull_v5,1,-1,,
2468,2,impeller_imbalance,0.05,early,physics_weibull_v5,3,-1,,
2469,2,impeller_imbalance,0.8575,advanced,physics_weibull_v5,3,-1,,
2470,2,impeller_imbalance,0.2019,early,physics_weibull_v5,1,-1,,
2471,2,impeller_imbalance,0.2688,early,physics_weibull_v5,3,-1,,
2472,2,impeller_imbalance,0.05,early,physics_weibull_v5,3,-1,,
2473,2,impeller_imbalance,0.4946,developing,physics_weibull_v5,3,-1,,
2474,2,impeller_imbalance,0.05,early,physics_weibull_v5,3,-1,,
2475,2,impeller_imbalance,0.125,early,physics_weibull_v5,3,-1,,
2476,2,impeller_imbalance,0.805,advanced,physics_weibull_v5,1,-1,,
2477,2,impeller_imbalance,0.7058,advanced,physics_weibull_v5,3,-1,,
2478,2,impeller_imbalance,0.345,developing,physics_weibull_v5,1,-1,,
2479,2,impeller_imbalance,0.2405,early,physics_weibull_v5,3,-1,,
2480,2,impeller_imbalance,0.05,early,physics_weibull_v5,3,-1,,
2481,2,impeller_imbalance,0.0781,early,physics_weibull_v5,3,-1,,
2482,2,impeller_imbalance,0.4905,developing,physics_weibull_v5,1,-1,,
2483,2,impeller_imbalance,0.7912,advanced,physics_weibull_v5,1,-1,,
2484,2,impeller_imbalance,0.6141,developing,physics_weibull_v5,1,-1,,
2485,2,impeller_imbalance,0.8743,advanced,physics_weibull_v5,1,-1,,
2486,2,impeller_imbalance,0.6445,developing,physics_weibull_v5,3,-1,,
2487,2,impeller_imbalance,0.0824,early,physics_weibull_v5,3,-1,,
2488,2,impeller_imbalance,0.18,early,physics_weibull_v5,1,-1,,
2489,2,impeller_imbalance,0.6967,advanced,physics_weibull_v5,3,-1,,
2490,2,impeller_imbalance,0.729,advanced,physics_weibull_v5,3,-1,,
2491,2,impeller_imbalance,0.7986,advanced,physics_weibull_v5,3,-1,,
2492,2,impeller_imbalance,0.7077,advanced,physics_weibull_v5,3,-1,,
2493,2,impeller_imbalance,0.9443,advanced,physics_weibull_v5,3,-1,,
2494,2,impeller_imbalance,0.5374,developing,physics_weibull_v5,1,-1,,
2495,2,impeller_imbalance,0.0656,early,physics_weibull_v5,3,-1,,
2496,2,impeller_imbalance,0.1119,early,physics_weibull_v5,3,-1,,
2497,2,impeller_imbalance,0.2678,early,physics_weibull_v5,3,-1,,
2498,2,impeller_imbalance,0.3384,developing,physics_weibull_v5,3,-1,,
2499,2,impeller_imbalance,0.1265,early,physics_weibull_v5,3,-1,,
2500,2,impeller_imbalance,0.1824,early,physics_weibull_v5,3,-1,,
2501,2,impeller_imbalance,0.5346,developing,physics_weibull_v5,1,-1,,
2502,2,impeller_imbalance,0.1114,early,physics_weibull_v5,3,-1,,
2503,2,impeller_imbalance,0.1701,early,physics_weibull_v5,3,-1,,
2504,2,impeller_imbalance,0.0595,early,physics_weibull_v5,3,-1,,
2505,2,impeller_imbalance,0.61,developing,physics_weibull_v5,3,-1,,
2506,2,impeller_imbalance,0.6781,advanced,physics_weibull_v5,3,-1,,
2507,2,impeller_imbalance,0.05,early,physics_weibull_v5,1,-1,,
2508,2,impeller_imbalance,0.5913,developing,physics_weibull_v5,3,-1,,
2509,2,impeller_imbalance,0.7518,advanced,physics_weibull_v5,3,-1,,
2510,2,impeller_imbalance,0.5822,developing,physics_weibull_v5,3,-1,,
2511,2,impeller_imbalance,0.6308,developing,physics_weibull_v5,1,-1,,
2512,2,impeller_imbalance,0.05,early,physics_weibull_v5,1,-1,,
2513,2,impeller_imbalance,0.1799,early,physics_weibull_v5,3,-1,,
2514,2,impeller_imbalance,0.1776,early,physics_weibull_v5,1,-1,,
2515,2,impeller_imbalance,0.5359,developing,physics_weibull_v5,1,-1,,
2516,2,impeller_imbalance,0.7148,advanced,physics_weibull_v5,3,-1,,
2517,2,impeller_imbalance,0.3899,developing,physics_weibull_v5,3,-1,,
2518,2,impeller_imbalance,0.1676,early,physics_weibull_v5,3,-1,,
2519,2,impeller_imbalance,0.7239,advanced,physics_weibull_v5,3,-1,,
2520,2,impeller_imbalance,0.965,advanced,physics_weibull_v5,3,-1,,
2521,2,impeller_imbalance,0.5397,developing,physics_weibull_v5,3,-1,,
2522,2,impeller_imbalance,0.3509,developing,physics_weibull_v5,1,-1,,
2523,2,impeller_imbalance,0.3896,developing,physics_weibull_v5,1,-1,,
2524,2,impeller_imbalance,0.1564,early,physics_weibull_v5,1,-1,,
2525,2,impeller_imbalance,0.05,early,physics_weibull_v5,1,-1,,
2526,2,impeller_imbalance,0.9182,advanced,physics_weibull_v5,1,-1,,
2527,2,impeller_imbalance,0.6379,developing,physics_weibull_v5,1,-1,,
2528,2,impeller_imbalance,0.05,early,physics_weibull_v5,1,-1,,
2529,2,impeller_imbalance,0.0812,early,physics_weibull_v5,1,-1,,
2530,2,impeller_imbalance,0.1497,early,physics_weibull_v5,3,-1,,
2531,2,impeller_imbalance,0.0901,early,physics_weibull_v5,3,-1,,
2532,2,impeller_imbalance,0.3612,developing,physics_weibull_v5,1,-1,,
2533,2,impeller_imbalance,0.1114,early,physics_weibull_v5,1,-1,,
2534,2,impeller_imbalance,0.05,early,physics_weibull_v5,3,-1,,
2535,2,impeller_imbalance,0.05,early,physics_weibull_v5,1,-1,,
2536,2,impeller_imbalance,0.05,early,physics_weibull_v5,1,-1,,
2537,2,impeller_imbalance,0.6347,developing,physics_weibull_v5,3,-1,,
2538,2,impeller_imbalance,0.2,early,physics_weibull_v5,1,-1,,
2539,2,impeller_imbalance,0.0722,early,physics_weibull_v5,1,-1,,
2540,2,impeller_imbalance,0.6888,advanced,physics_weibull_v5,1,-1,,
2541,2,impeller_imbalance,0.5637,developing,physics_weibull_v5,1,-1,,
2542,2,impeller_imbalance,0.7646,advanced,physics_weibull_v5,1,-1,,
2543,2,impeller_imbalance,0.1514,early,physics_weibull_v5,3,-1,,
2544,2,impeller_imbalance,0.7367,advanced,physics_weibull_v5,1,-1,,
2545,2,impeller_imbalance,0.1478,early,physics_weibull_v5,1,-1,,
2546,2,impeller_imbalance,0.9281,advanced,physics_weibull_v5,3,-1,,
2547,2,impeller_imbalance,0.4275,developing,physics_weibull_v5,1,-1,,
2548,2,impeller_imbalance,0.1199,early,physics_weibull_v5,3,-1,,
2549,2,impeller_imbalance,0.2886,early,physics_weibull_v5,3,-1,,
2550,2,impeller_imbalance,0.05,early,physics_weibull_v5,3,-1,,
2551,2,impeller_imbalance,0.05,early,physics_weibull_v5,3,-1,,
2552,2,impeller_imbalance,0.05,early,physics_weibull_v5,1,-1,,
2553,2,impeller_imbalance,0.0963,early,physics_weibull_v5,1,-1,,
2554,2,impeller_imbalance,0.4278,developing,physics_weibull_v5,3,-1,,
2555,2,impeller_imbalance,0.05,early,physics_weibull_v5,3,-1,,
2556,2,impeller_imbalance,0.05,early,physics_weibull_v5,1,-1,,
2557,2,impeller_imbalance,0.7685,advanced,physics_weibull_v5,3,-1,,
2558,2,impeller_imbalance,0.1515,early,physics_weibull_v5,1,-1,,
2559,2,impeller_imbalance,0.2726,early,physics_weibull_v5,3,-1,,
2560,2,impeller_imbalance,0.1737,early,physics_weibull_v5,1,-1,,
2561,2,impeller_imbalance,0.05,early,physics_weibull_v5,1,-1,,
2562,2,impeller_imbalance,0.1277,early,physics_weibull_v5,3,-1,,
2563,2,impeller_imbalance,0.6701,advanced,physics_weibull_v5,3,-1,,
2564,2,impeller_imbalance,0.4514,developing,physics_weibull_v5,3,-1,,
2565,2,impeller_imbalance,0.1521,early,physics_weibull_v5,3,-1,,
2566,2,impeller_imbalance,0.3324,developing,physics_weibull_v5,1,-1,,
2567,2,impeller_imbalance,0.4472,developing,physics_weibull_v5,1,-1,,
2568,2,impeller_imbalance,0.0589,early,physics_weibull_v5,3,-1,,
2569,2,impeller_imbalance,0.473,developing,physics_weibull_v5,1,-1,,
2570,2,impeller_imbalance,0.7338,advanced,physics_weibull_v5,1,-1,,
2571,2,impeller_imbalance,0.8448,advanced,physics_weibull_v5,3,-1,,
2572,2,impeller_imbalance,0.6268,developing,physics_weibull_v5,1,-1,,
2573,2,impeller_imbalance,0.072,early,physics_weibull_v5,3,-1,,
2574,2,impeller_imbalance,0.327,developing,physics_weibull_v5,3,-1,,
2575,2,impeller_imbalance,0.3522,developing,physics_weibull_v5,1,-1,,
2576,2,impeller_imbalance,0.2021,early,physics_weibull_v5,1,-1,,
2577,2,impeller_imbalance,0.1155,early,physics_weibull_v5,3,-1,,
2578,2,impeller_imbalance,0.1062,early,physics_weibull_v5,1,-1,,
2579,2,impeller_imbalance,0.105,early,physics_weibull_v5,3,-1,,
2580,2,impeller_imbalance,0.1914,early,physics_weibull_v5,1,-1,,
2581,2,impeller_imbalance,0.3981,developing,physics_weibull_v5,1,-1,,
2582,2,impeller_imbalance,0.4337,developing,physics_weibull_v5,1,-1,,
2583,2,impeller_imbalance,0.076,early,physics_weibull_v5,3,-1,,
2584,2,impeller_imbalance,0.05,early,physics_weibull_v5,3,-1,,
2585,2,impeller_imbalance,0.0848,early,physics_weibull_v5,1,-1,,
2586,2,impeller_imbalance,0.8035,advanced,physics_weibull_v5,3,-1,,
2587,2,impeller_imbalance,0.1242,early,physics_weibull_v5,3,-1,,
2588,2,impeller_imbalance,0.05,early,physics_weibull_v5,1,-1,,
2589,2,impeller_imbalance,0.575,developing,physics_weibull_v5,1,-1,,
2590,2,impeller_imbalance,0.3155,developing,physics_weibull_v5,3,-1,,
2591,2,impeller_imbalance,0.0918,early,physics_weibull_v5,1,-1,,
2592,2,impeller_imbalance,0.5604,developing,physics_weibull_v5,3,-1,,
2593,2,impeller_imbalance,0.4126,developing,physics_weibull_v5,1,-1,,
2594,2,impeller_imbalance,0.4642,developing,physics_weibull_v5,1,-1,,
2595,2,impeller_imbalance,0.0641,early,physics_weibull_v5,3,-1,,
2596,2,impeller_imbalance,0.1115,early,physics_weibull_v5,3,-1,,
2597,2,impeller_imbalance,0.5189,developing,physics_weibull_v5,1,-1,,
2598,2,impeller_imbalance,0.05,early,physics_weibull_v5,1,-1,,
2599,2,impeller_imbalance,0.5482,developing,physics_weibull_v5,1,-1,,
2600,2,impeller_imbalance,0.05,early,physics_weibull_v5,1,-1,,
2601,2,impeller_imbalance,0.4169,developing,physics_weibull_v5,3,-1,,
2602,2,impeller_imbalance,0.9657,advanced,physics_weibull_v5,3,-1,,
2603,2,impeller_imbalance,0.1645,early,physics_weibull_v5,1,-1,,
2604,2,impeller_imbalance,0.05,early,physics_weibull_v5,1,-1,,
2605,2,impeller_imbalance,0.3845,developing,physics_weibull_v5,1,-1,,
2606,2,impeller_imbalance,0.8045,advanced,physics_weibull_v5,3,-1,,
2607,2,impeller_imbalance,0.05,early,physics_weibull_v5,1,-1,,
2608,2,impeller_imbalance,0.05,early,physics_weibull_v5,3,-1,,
2609,2,impeller_imbalance,0.3498,developing,physics_weibull_v5,3,-1,,
2610,2,impeller_imbalance,0.3494,developing,physics_weibull_v5,3,-1,,
2611,2,impeller_imbalance,0.1285,early,physics_weibull_v5,3,-1,,
2612,2,impeller_imbalance,0.7434,advanced,physics_weibull_v5,1,-1,,
2613,2,impeller_imbalance,0.5579,developing,physics_weibull_v5,1,-1,,
2614,2,impeller_imbalance,0.3196,developing,physics_weibull_v5,1,-1,,
2615,2,impeller_imbalance,0.3819,developing,physics_weibull_v5,3,-1,,
2616,2,impeller_imbalance,0.05,early,physics_weibull_v5,3,-1,,
2617,2,impeller_imbalance,0.0879,early,physics_weibull_v5,1,-1,,
2618,2,impeller_imbalance,0.6455,developing,physics_weibull_v5,1,-1,,
2619,2,impeller_imbalance,0.1431,early,physics_weibull_v5,3,-1,,
2620,2,impeller_imbalance,0.1856,early,physics_weibull_v5,1,-1,,
2621,2,impeller_imbalance,0.05,early,physics_weibull_v5,3,-1,,
2622,2,impeller_imbalance,0.5452,developing,physics_weibull_v5,1,-1,,
2623,2,impeller_imbalance,0.2717,early,physics_weibull_v5,3,-1,,
2624,2,impeller_imbalance,0.05,early,physics_weibull_v5,3,-1,,
2625,2,impeller_imbalance,0.1511,early,physics_weibull_v5,1,-1,,
2626,2,impeller_imbalance,0.8036,advanced,physics_weibull_v5,3,-1,,
2627,2,impeller_imbalance,0.1399,early,physics_weibull_v5,1,-1,,
2628,2,impeller_imbalance,0.505,developing,physics_weibull_v5,3,-1,,
2629,2,impeller_imbalance,0.6413,developing,physics_weibull_v5,3,-1,,
2630,2,impeller_imbalance,0.2035,early,physics_weibull_v5,3,-1,,
2631,2,impeller_imbalance,0.3104,developing,physics_weibull_v5,1,-1,,
2632,2,impeller_imbalance,0.4975,developing,physics_weibull_v5,1,-1,,
2633,2,impeller_imbalance,0.7852,advanced,physics_weibull_v5,3,-1,,
2634,2,impeller_imbalance,0.05,early,physics_weibull_v5,1,-1,,
2635,2,impeller_imbalance,0.2522,early,physics_weibull_v5,3,-1,,
2636,2,impeller_imbalance,0.1848,early,physics_weibull_v5,3,-1,,
2637,2,impeller_imbalance,0.1111,early,physics_weibull_v5,1,-1,,
2638,2,impeller_imbalance,0.0753,early,physics_weibull_v5,3,-1,,
2639,2,impeller_imbalance,0.5552,developing,physics_weibull_v5,3,-1,,
2640,2,impeller_imbalance,0.05,early,physics_weibull_v5,3,-1,,
2641,2,impeller_imbalance,0.462,developing,physics_weibull_v5,3,-1,,
2642,2,impeller_imbalance,0.0607,early,physics_weibull_v5,1,-1,,
2643,2,impeller_imbalance,0.6149,developing,physics_weibull_v5,1,-1,,
2644,2,impeller_imbalance,0.7955,advanced,physics_weibull_v5,1,-1,,
2645,2,impeller_imbalance,0.2117,early,physics_weibull_v5,3,-1,,
2646,2,impeller_imbalance,0.3268,developing,physics_weibull_v5,3,-1,,
2647,2,impeller_imbalance,0.7615,advanced,physics_weibull_v5,1,-1,,
2648,2,impeller_imbalance,0.05,early,physics_weibull_v5,1,-1,,
2649,2,impeller_imbalance,0.4674,developing,physics_weibull_v5,1,-1,,
2650,2,impeller_imbalance,0.6121,developing,physics_weibull_v5,1,-1,,
2651,2,impeller_imbalance,0.05,early,physics_weibull_v5,1,-1,,
2652,2,impeller_imbalance,0.2068,early,physics_weibull_v5,3,-1,,
2653,2,impeller_imbalance,0.4093,developing,physics_weibull_v5,1,-1,,
2654,2,impeller_imbalance,0.9433,advanced,physics_weibull_v5,1,-1,,
2655,2,impeller_imbalance,0.9078,advanced,physics_weibull_v5,3,-1,,
2656,2,impeller_imbalance,0.7345,advanced,physics_weibull_v5,1,-1,,
2657,2,impeller_imbalance,0.05,early,physics_weibull_v5,3,-1,,
2658,2,impeller_imbalance,0.3785,developing,physics_weibull_v5,3,-1,,
2659,2,impeller_imbalance,0.1224,early,physics_weibull_v5,3,-1,,
2660,2,impeller_imbalance,0.7306,advanced,physics_weibull_v5,3,-1,,
2661,2,impeller_imbalance,0.9663,advanced,physics_weibull_v5,1,-1,,
2662,2,impeller_imbalance,0.05,early,physics_weibull_v5,1,-1,,
2663,2,impeller_imbalance,0.0894,early,physics_weibull_v5,3,-1,,
2664,2,impeller_imbalance,0.0866,early,physics_weibull_v5,3,-1,,
2665,2,impeller_imbalance,0.05,early,physics_weibull_v5,3,-1,,
2666,2,impeller_imbalance,0.0575,early,physics_weibull_v5,3,-1,,
2667,2,impeller_imbalance,0.05,early,physics_weibull_v5,1,-1,,
2668,2,impeller_imbalance,0.2848,early,physics_weibull_v5,3,-1,,
2669,2,impeller_imbalance,0.7221,advanced,physics_weibull_v5,3,-1,,
2670,2,impeller_imbalance,0.05,early,physics_weibull_v5,1,-1,,
2671,2,impeller_imbalance,0.2447,early,physics_weibull_v5,3,-1,,
2672,2,impeller_imbalance,0.1105,early,physics_weibull_v5,3,-1,,
2673,2,impeller_imbalance,0.05,early,physics_weibull_v5,3,-1,,
2674,2,impeller_imbalance,0.7528,advanced,physics_weibull_v5,1,-1,,
2675,2,impeller_imbalance,0.5664,developing,physics_weibull_v5,1,-1,,
2676,2,impeller_imbalance,0.05,early,physics_weibull_v5,3,-1,,
2677,2,impeller_imbalance,0.7302,advanced,physics_weibull_v5,3,-1,,
2678,2,impeller_imbalance,0.3966,developing,physics_weibull_v5,1,-1,,
2679,2,impeller_imbalance,0.5693,developing,physics_weibull_v5,1,-1,,
2680,2,impeller_imbalance,0.1353,early,physics_weibull_v5,3,-1,,
2681,2,impeller_imbalance,0.4926,developing,physics_weibull_v5,1,-1,,
2682,2,impeller_imbalance,0.219,early,physics_weibull_v5,3,-1,,
2683,2,impeller_imbalance,0.05,early,physics_weibull_v5,3,-1,,
2684,2,impeller_imbalance,0.2166,early,physics_weibull_v5,1,-1,,
2685,2,impeller_imbalance,0.7137,advanced,physics_weibull_v5,3,-1,,
2686,2,impeller_imbalance,0.05,early,physics_weibull_v5,1,-1,,
2687,2,impeller_imbalance,0.3713,developing,physics_weibull_v5,3,-1,,
2688,2,impeller_imbalance,0.0781,early,physics_weibull_v5,1,-1,,
2689,2,impeller_imbalance,0.2778,early,physics_weibull_v5,1,-1,,
2690,2,impeller_imbalance,0.7376,advanced,physics_weibull_v5,3,-1,,
2691,2,impeller_imbalance,0.1861,early,physics_weibull_v5,1,-1,,
2692,2,impeller_imbalance,0.1454,early,physics_weibull_v5,1,-1,,
2693,2,impeller_imbalance,0.05,early,physics_weibull_v5,3,-1,,
2694,2,impeller_imbalance,0.05,early,physics_weibull_v5,1,-1,,
2695,2,impeller_imbalance,0.0893,early,physics_weibull_v5,3,-1,,
2696,2,impeller_imbalance,0.0636,early,physics_weibull_v5,1,-1,,
2697,2,impeller_imbalance,0.5603,developing,physics_weibull_v5,1,-1,,
2698,2,impeller_imbalance,0.216,early,physics_weibull_v5,1,-1,,
2699,2,impeller_imbalance,0.05,early,physics_weibull_v5,3,-1,,
2700,2,impeller_imbalance,0.4939,developing,physics_weibull_v5,3,-1,,
2701,2,impeller_imbalance,0.2614,early,physics_weibull_v5,1,-1,,
2702,2,impeller_imbalance,0.2815,early,physics_weibull_v5,3,-1,,
2703,2,impeller_imbalance,0.1635,early,physics_weibull_v5,1,-1,,
2704,2,impeller_imbalance,0.3471,developing,physics_weibull_v5,1,-1,,
2705,2,impeller_imbalance,0.629,developing,physics_weibull_v5,3,-1,,
2706,2,impeller_imbalance,0.4474,developing,physics_weibull_v5,1,-1,,
2707,2,impeller_imbalance,0.6366,developing,physics_weibull_v5,3,-1,,
2708,2,impeller_imbalance,0.7746,advanced,physics_weibull_v5,3,-1,,
2709,2,impeller_imbalance,0.2362,early,physics_weibull_v5,3,-1,,
2710,2,impeller_imbalance,0.1467,early,physics_weibull_v5,3,-1,,
2711,2,impeller_imbalance,0.2614,early,physics_weibull_v5,3,-1,,
2712,2,impeller_imbalance,0.0608,early,physics_weibull_v5,3,-1,,
2713,2,impeller_imbalance,0.5495,developing,physics_weibull_v5,1,-1,,
2714,2,impeller_imbalance,0.4855,developing,physics_weibull_v5,1,-1,,
2715,2,impeller_imbalance,0.05,early,physics_weibull_v5,3,-1,,
2716,2,impeller_imbalance,0.4817,developing,physics_weibull_v5,3,-1,,
2717,2,impeller_imbalance,0.4385,developing,physics_weibull_v5,3,-1,,
2718,2,impeller_imbalance,0.4126,developing,physics_weibull_v5,1,-1,,
2719,2,impeller_imbalance,0.5869,developing,physics_weibull_v5,3,-1,,
2720,2,impeller_imbalance,0.407,developing,physics_weibull_v5,3,-1,,
2721,2,impeller_imbalance,0.0524,early,physics_weibull_v5,3,-1,,
2722,2,impeller_imbalance,0.1106,early,physics_weibull_v5,1,-1,,
2723,2,impeller_imbalance,0.2247,early,physics_weibull_v5,3,-1,,
2724,2,impeller_imbalance,0.1836,early,physics_weibull_v5,1,-1,,
2725,2,impeller_imbalance,0.05,early,physics_weibull_v5,1,-1,,
2726,2,impeller_imbalance,0.05,early,physics_weibull_v5,3,-1,,
2727,2,impeller_imbalance,0.1857,early,physics_weibull_v5,1,-1,,
2728,2,impeller_imbalance,0.3499,developing,physics_weibull_v5,1,-1,,
2729,2,impeller_imbalance,0.2654,early,physics_weibull_v5,3,-1,,
2730,2,impeller_imbalance,0.1104,early,physics_weibull_v5,1,-1,,
2731,2,impeller_imbalance,0.1415,early,physics_weibull_v5,1,-1,,
2732,2,impeller_imbalance,0.4795,developing,physics_weibull_v5,1,-1,,
2733,2,impeller_imbalance,0.05,early,physics_weibull_v5,3,-1,,
2734,2,impeller_imbalance,0.05,early,physics_weibull_v5,3,-1,,
2735,2,impeller_imbalance,0.05,early,physics_weibull_v5,3,-1,,
2736,2,impeller_imbalance,0.4359,developing,physics_weibull_v5,3,-1,,
2737,2,impeller_imbalance,0.1138,early,physics_weibull_v5,1,-1,,
2738,2,impeller_imbalance,0.05,early,physics_weibull_v5,3,-1,,
2739,2,impeller_imbalance,0.05,early,physics_weibull_v5,3,-1,,
2740,2,impeller_imbalance,0.3898,developing,physics_weibull_v5,1,-1,,
2741,2,impeller_imbalance,0.529,developing,physics_weibull_v5,1,-1,,
2742,2,impeller_imbalance,0.3296,developing,physics_weibull_v5,3,-1,,
2743,2,impeller_imbalance,0.9143,advanced,physics_weibull_v5,3,-1,,
2744,2,impeller_imbalance,0.2752,early,physics_weibull_v5,3,-1,,
2745,2,impeller_imbalance,0.1723,early,physics_weibull_v5,1,-1,,
2746,2,impeller_imbalance,0.1503,early,physics_weibull_v5,3,-1,,
2747,2,impeller_imbalance,0.2381,early,physics_weibull_v5,3,-1,,
2748,2,impeller_imbalance,0.999,advanced,physics_weibull_v5,3,-1,,
2749,2,impeller_imbalance,0.8709,advanced,physics_weibull_v5,3,-1,,
2750,2,impeller_imbalance,0.094,early,physics_weibull_v5,1,-1,,
2751,2,impeller_imbalance,0.05,early,physics_weibull_v5,1,-1,,
2752,2,impeller_imbalance,0.4167,developing,physics_weibull_v5,3,-1,,
2753,2,impeller_imbalance,0.4752,developing,physics_weibull_v5,1,-1,,
2754,2,impeller_imbalance,0.4704,developing,physics_weibull_v5,1,-1,,
2755,2,impeller_imbalance,0.1882,early,physics_weibull_v5,1,-1,,
2756,2,impeller_imbalance,0.8746,advanced,physics_weibull_v5,1,-1,,
2757,2,impeller_imbalance,0.05,early,physics_weibull_v5,3,-1,,
2758,2,impeller_imbalance,0.05,early,physics_weibull_v5,3,-1,,
2759,2,impeller_imbalance,0.5037,developing,physics_weibull_v5,1,-1,,
2760,2,impeller_imbalance,0.7155,advanced,physics_weibull_v5,3,-1,,
2761,2,impeller_imbalance,0.1569,early,physics_weibull_v5,3,-1,,
2762,2,impeller_imbalance,0.05,early,physics_weibull_v5,1,-1,,
2763,2,impeller_imbalance,0.2427,early,physics_weibull_v5,3,-1,,
2764,2,impeller_imbalance,0.05,early,physics_weibull_v5,1,-1,,
2765,2,impeller_imbalance,0.05,early,physics_weibull_v5,3,-1,,
2766,2,impeller_imbalance,0.05,early,physics_weibull_v5,3,-1,,
2767,2,impeller_imbalance,0.084,early,physics_weibull_v5,3,-1,,
2768,2,impeller_imbalance,0.1184,early,physics_weibull_v5,3,-1,,
2769,2,impeller_imbalance,0.8851,advanced,physics_weibull_v5,1,-1,,
2770,2,impeller_imbalance,0.1057,early,physics_weibull_v5,1,-1,,
2771,2,impeller_imbalance,0.05,early,physics_weibull_v5,3,-1,,
2772,2,impeller_imbalance,0.8324,advanced,physics_weibull_v5,3,-1,,
2773,2,impeller_imbalance,0.5813,developing,physics_weibull_v5,3,-1,,
2774,2,impeller_imbalance,0.1719,early,physics_weibull_v5,1,-1,,
2775,2,impeller_imbalance,0.924,advanced,physics_weibull_v5,1,-1,,
2776,2,impeller_imbalance,0.3997,developing,physics_weibull_v5,3,-1,,
2777,2,impeller_imbalance,0.1132,early,physics_weibull_v5,1,-1,,
2778,2,impeller_imbalance,0.1201,early,physics_weibull_v5,3,-1,,
2779,2,impeller_imbalance,0.05,early,physics_weibull_v5,3,-1,,
2780,2,impeller_imbalance,0.3193,developing,physics_weibull_v5,1,-1,,
2781,2,impeller_imbalance,0.2601,early,physics_weibull_v5,1,-1,,
2782,2,impeller_imbalance,0.6103,developing,physics_weibull_v5,1,-1,,
2783,2,impeller_imbalance,0.1933,early,physics_weibull_v5,1,-1,,
2784,2,impeller_imbalance,0.05,early,physics_weibull_v5,1,-1,,
2785,2,impeller_imbalance,0.5652,developing,physics_weibull_v5,1,-1,,
2786,2,impeller_imbalance,0.0755,early,physics_weibull_v5,3,-1,,
2787,2,impeller_imbalance,0.9649,advanced,physics_weibull_v5,1,-1,,
2788,2,impeller_imbalance,0.068,early,physics_weibull_v5,1,-1,,
2789,2,impeller_imbalance,0.05,early,physics_weibull_v5,1,-1,,
2790,2,impeller_imbalance,0.05,early,physics_weibull_v5,1,-1,,
2791,2,impeller_imbalance,0.628,developing,physics_weibull_v5,1,-1,,
2792,2,impeller_imbalance,0.3333,developing,physics_weibull_v5,1,-1,,
2793,2,impeller_imbalance,0.05,early,physics_weibull_v5,3,-1,,
2794,2,impeller_imbalance,0.9256,advanced,physics_weibull_v5,1,-1,,
2795,2,impeller_imbalance,0.0664,early,physics_weibull_v5,1,-1,,
2796,2,impeller_imbalance,0.2617,early,physics_weibull_v5,1,-1,,
2797,2,impeller_imbalance,0.0846,early,physics_weibull_v5,3,-1,,
2798,2,impeller_imbalance,0.6408,developing,physics_weibull_v5,1,-1,,
2799,2,impeller_imbalance,0.3378,developing,physics_weibull_v5,1,-1,,
2800,2,impeller_imbalance,0.5768,developing,physics_weibull_v5,1,-1,,
2801,2,impeller_imbalance,0.4513,developing,physics_weibull_v5,3,-1,,
2802,2,impeller_imbalance,0.3086,developing,physics_weibull_v5,3,-1,,
2803,2,impeller_imbalance,0.542,developing,physics_weibull_v5,1,-1,,
2804,2,impeller_imbalance,0.9717,advanced,physics_weibull_v5,1,-1,,
2805,2,impeller_imbalance,0.1002,early,physics_weibull_v5,1,-1,,
2806,2,impeller_imbalance,0.05,early,physics_weibull_v5,3,-1,,
2807,2,impeller_imbalance,0.8402,advanced,physics_weibull_v5,3,-1,,
2808,2,impeller_imbalance,0.05,early,physics_weibull_v5,3,-1,,
2809,2,impeller_imbalance,0.4534,developing,physics_weibull_v5,1,-1,,
2810,2,impeller_imbalance,0.2503,early,physics_weibull_v5,3,-1,,
2811,2,impeller_imbalance,0.0744,early,physics_weibull_v5,3,-1,,
2812,2,impeller_imbalance,0.224,early,physics_weibull_v5,1,-1,,
2813,2,impeller_imbalance,0.05,early,physics_weibull_v5,1,-1,,
2814,2,impeller_imbalance,0.086,early,physics_weibull_v5,3,-1,,
2815,2,impeller_imbalance,0.2578,early,physics_weibull_v5,3,-1,,
2816,2,impeller_imbalance,0.3129,developing,physics_weibull_v5,1,-1,,
2817,2,impeller_imbalance,0.2675,early,physics_weibull_v5,3,-1,,
2818,2,impeller_imbalance,0.9599,advanced,physics_weibull_v5,1,-1,,
2819,2,impeller_imbalance,0.5815,developing,physics_weibull_v5,1,-1,,
2820,2,impeller_imbalance,0.239,early,physics_weibull_v5,1,-1,,
2821,2,impeller_imbalance,0.828,advanced,physics_weibull_v5,1,-1,,
2822,2,impeller_imbalance,0.6371,developing,physics_weibull_v5,1,-1,,
2823,2,impeller_imbalance,0.664,advanced,physics_weibull_v5,1,-1,,
2824,2,impeller_imbalance,0.9106,advanced,physics_weibull_v5,1,-1,,
2825,2,impeller_imbalance,0.9328,advanced,physics_weibull_v5,1,-1,,
2826,2,impeller_imbalance,0.05,early,physics_weibull_v5,1,-1,,
2827,2,impeller_imbalance,0.05,early,physics_weibull_v5,3,-1,,
2828,2,impeller_imbalance,0.05,early,physics_weibull_v5,1,-1,,
2829,2,impeller_imbalance,0.62,developing,physics_weibull_v5,1,-1,,
2830,2,impeller_imbalance,0.1504,early,physics_weibull_v5,1,-1,,
2831,2,impeller_imbalance,0.6661,advanced,physics_weibull_v5,1,-1,,
2832,2,impeller_imbalance,0.7519,advanced,physics_weibull_v5,3,-1,,
2833,2,impeller_imbalance,0.4434,developing,physics_weibull_v5,1,-1,,
2834,2,impeller_imbalance,0.287,early,physics_weibull_v5,3,-1,,
2835,2,impeller_imbalance,0.6114,developing,physics_weibull_v5,1,-1,,
2836,2,impeller_imbalance,0.05,early,physics_weibull_v5,3,-1,,
2837,2,impeller_imbalance,0.0779,early,physics_weibull_v5,1,-1,,
2838,2,impeller_imbalance,0.281,early,physics_weibull_v5,3,-1,,
2839,2,impeller_imbalance,0.7811,advanced,physics_weibull_v5,3,-1,,
2840,2,impeller_imbalance,0.0778,early,physics_weibull_v5,1,-1,,
2841,2,impeller_imbalance,0.9381,advanced,physics_weibull_v5,3,-1,,
2842,2,impeller_imbalance,0.5557,developing,physics_weibull_v5,3,-1,,
2843,2,impeller_imbalance,0.0639,early,physics_weibull_v5,1,-1,,
2844,2,impeller_imbalance,0.5562,developing,physics_weibull_v5,1,-1,,
2845,2,impeller_imbalance,0.0769,early,physics_weibull_v5,1,-1,,
2846,2,impeller_imbalance,0.05,early,physics_weibull_v5,1,-1,,
2847,2,impeller_imbalance,0.8434,advanced,physics_weibull_v5,1,-1,,
2848,2,impeller_imbalance,0.2148,early,physics_weibull_v5,3,-1,,
2849,2,impeller_imbalance,0.0722,early,physics_weibull_v5,3,-1,,
2850,2,impeller_imbalance,0.9077,advanced,physics_weibull_v5,1,-1,,
2851,2,impeller_imbalance,0.05,early,physics_weibull_v5,1,-1,,
2852,2,impeller_imbalance,0.05,early,physics_weibull_v5,1,-1,,
2853,2,impeller_imbalance,0.05,early,physics_weibull_v5,3,-1,,
2854,2,impeller_imbalance,0.1356,early,physics_weibull_v5,3,-1,,
2855,2,impeller_imbalance,0.1227,early,physics_weibull_v5,1,-1,,
2856,2,impeller_imbalance,0.0567,early,physics_weibull_v5,3,-1,,
2857,2,impeller_imbalance,0.1815,early,physics_weibull_v5,3,-1,,
2858,2,impeller_imbalance,0.2198,early,physics_weibull_v5,1,-1,,
2859,2,impeller_imbalance,0.9109,advanced,physics_weibull_v5,1,-1,,
2860,2,impeller_imbalance,0.5356,developing,physics_weibull_v5,1,-1,,
2861,2,impeller_imbalance,0.0728,early,physics_weibull_v5,1,-1,,
2862,2,impeller_imbalance,0.4039,developing,physics_weibull_v5,1,-1,,
2863,2,impeller_imbalance,0.9976,advanced,physics_weibull_v5,1,-1,,
2864,2,impeller_imbalance,0.3446,developing,physics_weibull_v5,3,-1,,
2865,2,impeller_imbalance,0.3201,developing,physics_weibull_v5,1,-1,,
2866,2,impeller_imbalance,0.05,early,physics_weibull_v5,1,-1,,
2867,2,impeller_imbalance,0.05,early,physics_weibull_v5,3,-1,,
2868,2,impeller_imbalance,0.0589,early,physics_weibull_v5,1,-1,,
2869,2,impeller_imbalance,0.6258,developing,physics_weibull_v5,3,-1,,
2870,2,impeller_imbalance,0.147,early,physics_weibull_v5,1,-1,,
2871,2,impeller_imbalance,0.0707,early,physics_weibull_v5,3,-1,,
2872,2,impeller_imbalance,0.0635,early,physics_weibull_v5,1,-1,,
2873,2,impeller_imbalance,0.1455,early,physics_weibull_v5,1,-1,,
2874,2,impeller_imbalance,0.1801,early,physics_weibull_v5,1,-1,,
2875,2,impeller_imbalance,0.8932,advanced,physics_weibull_v5,3,-1,,
2876,2,impeller_imbalance,0.2191,early,physics_weibull_v5,3,-1,,
2877,2,impeller_imbalance,0.05,early,physics_weibull_v5,1,-1,,
2878,2,impeller_imbalance,0.05,early,physics_weibull_v5,3,-1,,
2879,2,impeller_imbalance,0.4116,developing,physics_weibull_v5,3,-1,,
2880,2,impeller_imbalance,0.05,early,physics_weibull_v5,3,-1,,
2881,2,impeller_imbalance,0.433,developing,physics_weibull_v5,3,-1,,
2882,2,impeller_imbalance,0.05,early,physics_weibull_v5,3,-1,,
2883,2,impeller_imbalance,0.5236,developing,physics_weibull_v5,3,-1,,
2884,2,impeller_imbalance,0.3632,developing,physics_weibull_v5,1,-1,,
2885,2,impeller_imbalance,0.3275,developing,physics_weibull_v5,3,-1,,
2886,2,impeller_imbalance,0.05,early,physics_weibull_v5,3,-1,,
2887,2,impeller_imbalance,0.5028,developing,physics_weibull_v5,1,-1,,
2888,2,impeller_imbalance,0.05,early,physics_weibull_v5,3,-1,,
2889,2,impeller_imbalance,0.5486,developing,physics_weibull_v5,1,-1,,
2890,2,impeller_imbalance,0.0924,early,physics_weibull_v5,3,-1,,
2891,2,impeller_imbalance,0.8157,advanced,physics_weibull_v5,3,-1,,
2892,2,impeller_imbalance,0.1919,early,physics_weibull_v5,3,-1,,
2893,2,impeller_imbalance,0.562,developing,physics_weibull_v5,1,-1,,
2894,2,impeller_imbalance,0.05,early,physics_weibull_v5,3,-1,,
2895,2,impeller_imbalance,0.05,early,physics_weibull_v5,3,-1,,
2896,2,impeller_imbalance,0.05,early,physics_weibull_v5,1,-1,,
2897,2,impeller_imbalance,0.4507,developing,physics_weibull_v5,3,-1,,
2898,2,impeller_imbalance,0.2105,early,physics_weibull_v5,1,-1,,
2899,2,impeller_imbalance,0.05,early,physics_weibull_v5,1,-1,,
2900,2,impeller_imbalance,0.05,early,physics_weibull_v5,1,-1,,
2901,2,impeller_imbalance,0.3166,developing,physics_weibull_v5,3,-1,,
2902,2,impeller_imbalance,0.2279,early,physics_weibull_v5,1,-1,,
2903,2,impeller_imbalance,0.9596,advanced,physics_weibull_v5,3,-1,,
2904,2,impeller_imbalance,0.1039,early,physics_weibull_v5,3,-1,,
2905,2,impeller_imbalance,0.2494,early,physics_weibull_v5,1,-1,,
2906,2,impeller_imbalance,0.0565,early,physics_weibull_v5,3,-1,,
2907,2,impeller_imbalance,0.05,early,physics_weibull_v5,1,-1,,
2908,2,impeller_imbalance,0.638,developing,physics_weibull_v5,1,-1,,
2909,2,impeller_imbalance,0.05,early,physics_weibull_v5,1,-1,,
2910,2,impeller_imbalance,0.5491,developing,physics_weibull_v5,1,-1,,
2911,2,impeller_imbalance,0.2165,early,physics_weibull_v5,1,-1,,
2912,2,impeller_imbalance,0.62,developing,physics_weibull_v5,1,-1,,
2913,2,impeller_imbalance,0.2477,early,physics_weibull_v5,3,-1,,
2914,2,impeller_imbalance,0.4136,developing,physics_weibull_v5,1,-1,,
2915,2,impeller_imbalance,0.4899,developing,physics_weibull_v5,1,-1,,
2916,2,impeller_imbalance,0.7065,advanced,physics_weibull_v5,1,-1,,
2917,2,impeller_imbalance,0.5437,developing,physics_weibull_v5,3,-1,,
2918,2,impeller_imbalance,0.6072,developing,physics_weibull_v5,1,-1,,
2919,2,impeller_imbalance,0.4028,developing,physics_weibull_v5,3,-1,,
2920,2,impeller_imbalance,0.3169,developing,physics_weibull_v5,1,-1,,
2921,2,impeller_imbalance,0.05,early,physics_weibull_v5,1,-1,,
2922,2,impeller_imbalance,0.5516,developing,physics_weibull_v5,3,-1,,
2923,2,impeller_imbalance,0.2121,early,physics_weibull_v5,1,-1,,
2924,2,impeller_imbalance,0.1211,early,physics_weibull_v5,3,-1,,
2925,2,impeller_imbalance,0.2639,early,physics_weibull_v5,1,-1,,
2926,2,impeller_imbalance,0.3628,developing,physics_weibull_v5,3,-1,,
2927,2,impeller_imbalance,0.6268,developing,physics_weibull_v5,1,-1,,
2928,2,impeller_imbalance,0.6231,developing,physics_weibull_v5,1,-1,,
2929,2,impeller_imbalance,0.8601,advanced,physics_weibull_v5,3,-1,,
2930,2,impeller_imbalance,0.8236,advanced,physics_weibull_v5,1,-1,,
2931,2,impeller_imbalance,0.5857,developing,physics_weibull_v5,3,-1,,
2932,2,impeller_imbalance,0.0514,early,physics_weibull_v5,1,-1,,
2933,2,impeller_imbalance,0.1255,early,physics_weibull_v5,3,-1,,
2934,2,impeller_imbalance,0.5331,developing,physics_weibull_v5,1,-1,,
2935,2,impeller_imbalance,0.1627,early,physics_weibull_v5,3,-1,,
2936,2,impeller_imbalance,0.7017,advanced,physics_weibull_v5,1,-1,,
2937,2,impeller_imbalance,0.7675,advanced,physics_weibull_v5,1,-1,,
2938,2,impeller_imbalance,0.253,early,physics_weibull_v5,1,-1,,
2939,2,impeller_imbalance,0.1091,early,physics_weibull_v5,1,-1,,
2940,2,impeller_imbalance,0.3616,developing,physics_weibull_v5,1,-1,,
2941,2,impeller_imbalance,0.05,early,physics_weibull_v5,3,-1,,
2942,2,impeller_imbalance,0.8049,advanced,physics_weibull_v5,1,-1,,
2943,2,impeller_imbalance,0.1746,early,physics_weibull_v5,3,-1,,
2944,2,impeller_imbalance,0.0745,early,physics_weibull_v5,3,-1,,
2945,2,impeller_imbalance,0.05,early,physics_weibull_v5,3,-1,,
2946,2,impeller_imbalance,0.05,early,physics_weibull_v5,1,-1,,
2947,2,impeller_imbalance,0.05,early,physics_weibull_v5,1,-1,,
2948,2,impeller_imbalance,0.2984,early,physics_weibull_v5,3,-1,,
2949,2,impeller_imbalance,0.2116,early,physics_weibull_v5,3,-1,,
2950,2,impeller_imbalance,0.8729,advanced,physics_weibull_v5,1,-1,,
2951,2,impeller_imbalance,0.0914,early,physics_weibull_v5,1,-1,,
2952,2,impeller_imbalance,0.9934,advanced,physics_weibull_v5,1,-1,,
2953,2,impeller_imbalance,0.0835,early,physics_weibull_v5,3,-1,,
2954,2,impeller_imbalance,0.7756,advanced,physics_weibull_v5,1,-1,,
2955,2,impeller_imbalance,0.3663,developing,physics_weibull_v5,1,-1,,
2956,2,impeller_imbalance,0.05,early,physics_weibull_v5,1,-1,,
2957,2,impeller_imbalance,0.05,early,physics_weibull_v5,1,-1,,
2958,2,impeller_imbalance,0.6635,advanced,physics_weibull_v5,3,-1,,
2959,2,impeller_imbalance,0.6116,developing,physics_weibull_v5,3,-1,,
2960,2,impeller_imbalance,0.05,early,physics_weibull_v5,1,-1,,
2961,2,impeller_imbalance,0.5156,developing,physics_weibull_v5,3,-1,,
2962,2,impeller_imbalance,0.5109,developing,physics_weibull_v5,1,-1,,
2963,2,impeller_imbalance,0.0663,early,physics_weibull_v5,1,-1,,
2964,2,impeller_imbalance,0.1145,early,physics_weibull_v5,1,-1,,
2965,2,impeller_imbalance,0.3804,developing,physics_weibull_v5,1,-1,,
2966,2,impeller_imbalance,0.5608,developing,physics_weibull_v5,1,-1,,
2967,2,impeller_imbalance,0.7691,advanced,physics_weibull_v5,3,-1,,
2968,2,impeller_imbalance,0.4424,developing,physics_weibull_v5,3,-1,,
2969,2,impeller_imbalance,0.0923,early,physics_weibull_v5,3,-1,,
2970,2,impeller_imbalance,0.6418,developing,physics_weibull_v5,1,-1,,
2971,2,impeller_imbalance,0.0877,early,physics_weibull_v5,3,-1,,
2972,2,impeller_imbalance,0.8419,advanced,physics_weibull_v5,1,-1,,
2973,2,impeller_imbalance,0.05,early,physics_weibull_v5,1,-1,,
2974,2,impeller_imbalance,0.3435,developing,physics_weibull_v5,3,-1,,
2975,2,impeller_imbalance,0.0597,early,physics_weibull_v5,3,-1,,
2976,2,impeller_imbalance,0.646,developing,physics_weibull_v5,3,-1,,
2977,2,impeller_imbalance,0.0667,early,physics_weibull_v5,3,-1,,
2978,2,impeller_imbalance,0.05,early,physics_weibull_v5,3,-1,,
2979,2,impeller_imbalance,0.4277,developing,physics_weibull_v5,1,-1,,
2980,2,impeller_imbalance,0.05,early,physics_weibull_v5,1,-1,,
2981,2,impeller_imbalance,0.1084,early,physics_weibull_v5,1,-1,,
2982,2,impeller_imbalance,0.05,early,physics_weibull_v5,3,-1,,
2983,2,impeller_imbalance,0.05,early,physics_weibull_v5,1,-1,,
2984,2,impeller_imbalance,0.05,early,physics_weibull_v5,1,-1,,
2985,2,impeller_imbalance,0.05,early,physics_weibull_v5,1,-1,,
2986,2,impeller_imbalance,0.605,developing,physics_weibull_v5,3,-1,,
2987,2,impeller_imbalance,0.346,developing,physics_weibull_v5,1,-1,,
2988,2,impeller_imbalance,0.1935,early,physics_weibull_v5,3,-1,,
2989,2,impeller_imbalance,0.3428,developing,physics_weibull_v5,1,-1,,
2990,2,impeller_imbalance,0.2116,early,physics_weibull_v5,3,-1,,
2991,2,impeller_imbalance,0.9565,advanced,physics_weibull_v5,1,-1,,
2992,2,impeller_imbalance,0.4386,developing,physics_weibull_v5,1,-1,,
2993,2,impeller_imbalance,0.3047,developing,physics_weibull_v5,1,-1,,
2994,2,impeller_imbalance,0.05,early,physics_weibull_v5,3,-1,,
2995,2,impeller_imbalance,0.05,early,physics_weibull_v5,1,-1,,
2996,2,impeller_imbalance,0.0991,early,physics_weibull_v5,1,-1,,
2997,2,impeller_imbalance,0.05,early,physics_weibull_v5,3,-1,,
2998,2,impeller_imbalance,0.4967,developing,physics_weibull_v5,3,-1,,
2999,2,impeller_imbalance,0.0594,early,physics_weibull_v5,3,-1,,
3000,2,impeller_imbalance,0.2268,early,physics_weibull_v5,1,-1,,
3001,2,impeller_imbalance,0.4872,developing,physics_weibull_v5,3,-1,,
3002,2,impeller_imbalance,0.3074,developing,physics_weibull_v5,1,-1,,
3003,2,impeller_imbalance,0.1715,early,physics_weibull_v5,1,-1,,
3004,2,impeller_imbalance,0.9333,advanced,physics_weibull_v5,3,-1,,
3005,2,impeller_imbalance,0.355,developing,physics_weibull_v5,3,-1,,
3006,2,impeller_imbalance,0.0593,early,physics_weibull_v5,1,-1,,
3007,2,impeller_imbalance,0.05,early,physics_weibull_v5,1,-1,,
3008,2,impeller_imbalance,0.0602,early,physics_weibull_v5,3,-1,,
3009,2,impeller_imbalance,0.0696,early,physics_weibull_v5,1,-1,,
3010,2,impeller_imbalance,0.0794,early,physics_weibull_v5,1,-1,,
3011,2,impeller_imbalance,0.2578,early,physics_weibull_v5,1,-1,,
3012,2,impeller_imbalance,0.6227,developing,physics_weibull_v5,1,-1,,
3013,2,impeller_imbalance,0.0535,early,physics_weibull_v5,1,-1,,
3014,2,impeller_imbalance,0.2989,early,physics_weibull_v5,1,-1,,
3015,2,impeller_imbalance,0.4779,developing,physics_weibull_v5,3,-1,,
3016,2,impeller_imbalance,0.2625,early,physics_weibull_v5,1,-1,,
3017,2,impeller_imbalance,0.541,developing,physics_weibull_v5,1,-1,,
3018,2,impeller_imbalance,0.3626,developing,physics_weibull_v5,1,-1,,
3019,2,impeller_imbalance,0.5196,developing,physics_weibull_v5,3,-1,,
3020,2,impeller_imbalance,0.05,early,physics_weibull_v5,1,-1,,
3021,2,impeller_imbalance,0.5669,developing,physics_weibull_v5,1,-1,,
3022,2,impeller_imbalance,0.5255,developing,physics_weibull_v5,3,-1,,
3023,2,impeller_imbalance,0.05,early,physics_weibull_v5,1,-1,,
3024,2,impeller_imbalance,0.0889,early,physics_weibull_v5,1,-1,,
3025,2,impeller_imbalance,0.05,early,physics_weibull_v5,3,-1,,
3026,2,impeller_imbalance,0.945,advanced,physics_weibull_v5,1,-1,,
3027,2,impeller_imbalance,0.5396,developing,physics_weibull_v5,3,-1,,
3028,2,impeller_imbalance,0.05,early,physics_weibull_v5,1,-1,,
3029,2,impeller_imbalance,0.6358,developing,physics_weibull_v5,1,-1,,
3030,2,impeller_imbalance,0.5271,developing,physics_weibull_v5,3,-1,,
3031,2,impeller_imbalance,0.05,early,physics_weibull_v5,1,-1,,
3032,2,impeller_imbalance,0.0779,early,physics_weibull_v5,1,-1,,
3033,2,impeller_imbalance,0.6335,developing,physics_weibull_v5,1,-1,,
3034,2,impeller_imbalance,0.3807,developing,physics_weibull_v5,1,-1,,
3035,2,impeller_imbalance,0.8806,advanced,physics_weibull_v5,3,-1,,
3036,2,impeller_imbalance,0.05,early,physics_weibull_v5,1,-1,,
3037,2,impeller_imbalance,0.4366,developing,physics_weibull_v5,1,-1,,
3038,2,impeller_imbalance,0.2934,early,physics_weibull_v5,3,-1,,
3039,2,impeller_imbalance,0.0696,early,physics_weibull_v5,1,-1,,
3040,2,impeller_imbalance,0.3132,developing,physics_weibull_v5,1,-1,,
3041,2,impeller_imbalance,0.0601,early,physics_weibull_v5,1,-1,,
3042,2,impeller_imbalance,0.4381,developing,physics_weibull_v5,1,-1,,
3043,2,impeller_imbalance,0.3482,developing,physics_weibull_v5,1,-1,,
3044,2,impeller_imbalance,0.2865,early,physics_weibull_v5,1,-1,,
3045,2,impeller_imbalance,0.0612,early,physics_weibull_v5,3,-1,,
3046,2,impeller_imbalance,0.1115,early,physics_weibull_v5,1,-1,,
3047,2,impeller_imbalance,0.0911,early,physics_weibull_v5,3,-1,,
3048,2,impeller_imbalance,0.05,early,physics_weibull_v5,3,-1,,
3049,2,impeller_imbalance,0.05,early,physics_weibull_v5,3,-1,,
3050,2,impeller_imbalance,0.05,early,physics_weibull_v5,3,-1,,
3051,2,impeller_imbalance,0.0673,early,physics_weibull_v5,1,-1,,
3052,2,impeller_imbalance,0.9671,advanced,physics_weibull_v5,3,-1,,
3053,2,impeller_imbalance,0.1155,early,physics_weibull_v5,1,-1,,
3054,2,impeller_imbalance,0.3154,developing,physics_weibull_v5,3,-1,,
3055,2,impeller_imbalance,0.145,early,physics_weibull_v5,3,-1,,
3056,2,impeller_imbalance,0.7264,advanced,physics_weibull_v5,1,-1,,
3057,2,impeller_imbalance,0.05,early,physics_weibull_v5,3,-1,,
3058,2,impeller_imbalance,0.1839,early,physics_weibull_v5,3,-1,,
3059,2,impeller_imbalance,0.1099,early,physics_weibull_v5,3,-1,,
3060,2,impeller_imbalance,0.9668,advanced,physics_weibull_v5,3,-1,,
3061,2,impeller_imbalance,0.05,early,physics_weibull_v5,1,-1,,
3062,2,impeller_imbalance,0.1644,early,physics_weibull_v5,3,-1,,
3063,2,impeller_imbalance,0.8413,advanced,physics_weibull_v5,1,-1,,
3064,2,impeller_imbalance,0.524,developing,physics_weibull_v5,3,-1,,
3065,2,impeller_imbalance,0.1574,early,physics_weibull_v5,3,-1,,
3066,2,impeller_imbalance,0.0876,early,physics_weibull_v5,3,-1,,
3067,2,impeller_imbalance,0.05,early,physics_weibull_v5,1,-1,,
3068,2,impeller_imbalance,0.7638,advanced,physics_weibull_v5,1,-1,,
3069,2,impeller_imbalance,0.348,developing,physics_weibull_v5,3,-1,,
3070,2,impeller_imbalance,0.0801,early,physics_weibull_v5,3,-1,,
3071,2,impeller_imbalance,0.5338,developing,physics_weibull_v5,3,-1,,
3072,2,impeller_imbalance,0.9736,advanced,physics_weibull_v5,3,-1,,
3073,2,impeller_imbalance,0.35,developing,physics_weibull_v5,3,-1,,
3074,2,impeller_imbalance,0.7192,advanced,physics_weibull_v5,3,-1,,
3075,2,impeller_imbalance,0.6312,developing,physics_weibull_v5,1,-1,,
3076,2,impeller_imbalance,0.71,advanced,physics_weibull_v5,3,-1,,
3077,2,impeller_imbalance,0.05,early,physics_weibull_v5,3,-1,,
3078,2,impeller_imbalance,0.3876,developing,physics_weibull_v5,1,-1,,
3079,2,impeller_imbalance,0.1652,early,physics_weibull_v5,1,-1,,
3080,2,impeller_imbalance,0.523,developing,physics_weibull_v5,1,-1,,
3081,2,impeller_imbalance,0.7089,advanced,physics_weibull_v5,3,-1,,
3082,2,impeller_imbalance,0.05,early,physics_weibull_v5,1,-1,,
3083,2,impeller_imbalance,0.1006,early,physics_weibull_v5,3,-1,,
3084,2,impeller_imbalance,0.0947,early,physics_weibull_v5,1,-1,,
3085,2,impeller_imbalance,0.349,developing,physics_weibull_v5,3,-1,,
3086,2,impeller_imbalance,0.298,early,physics_weibull_v5,3,-1,,
3087,2,impeller_imbalance,0.8965,advanced,physics_weibull_v5,3,-1,,
3088,2,impeller_imbalance,0.3871,developing,physics_weibull_v5,1,-1,,
3089,2,impeller_imbalance,0.6452,developing,physics_weibull_v5,3,-1,,
3090,2,impeller_imbalance,0.3406,developing,physics_weibull_v5,1,-1,,
3091,2,impeller_imbalance,0.113,early,physics_weibull_v5,3,-1,,
3092,2,impeller_imbalance,0.4286,developing,physics_weibull_v5,3,-1,,
3093,2,impeller_imbalance,0.266,early,physics_weibull_v5,3,-1,,
3094,2,impeller_imbalance,0.5837,developing,physics_weibull_v5,1,-1,,
3095,2,impeller_imbalance,0.1114,early,physics_weibull_v5,1,-1,,
3096,2,impeller_imbalance,0.6363,developing,physics_weibull_v5,1,-1,,
3097,2,impeller_imbalance,0.4525,developing,physics_weibull_v5,3,-1,,
3098,2,impeller_imbalance,0.0672,early,physics_weibull_v5,1,-1,,
3099,2,impeller_imbalance,0.0584,early,physics_weibull_v5,3,-1,,
3100,2,impeller_imbalance,0.9505,advanced,physics_weibull_v5,3,-1,,
3101,2,impeller_imbalance,0.0557,early,physics_weibull_v5,3,-1,,
3102,2,impeller_imbalance,0.3791,developing,physics_weibull_v5,1,-1,,
3103,2,impeller_imbalance,0.05,early,physics_weibull_v5,1,-1,,
3104,2,impeller_imbalance,0.05,early,physics_weibull_v5,3,-1,,
3105,2,impeller_imbalance,0.05,early,physics_weibull_v5,3,-1,,
3106,2,impeller_imbalance,0.1097,early,physics_weibull_v5,3,-1,,
3107,2,impeller_imbalance,0.05,early,physics_weibull_v5,3,-1,,
3108,2,impeller_imbalance,0.4361,developing,physics_weibull_v5,3,-1,,
3109,2,impeller_imbalance,0.0608,early,physics_weibull_v5,3,-1,,
3110,2,impeller_imbalance,0.4194,developing,physics_weibull_v5,1,-1,,
3111,2,impeller_imbalance,0.1433,early,physics_weibull_v5,1,-1,,
3112,2,impeller_imbalance,0.4908,developing,physics_weibull_v5,3,-1,,
3113,2,impeller_imbalance,0.434,developing,physics_weibull_v5,1,-1,,
3114,2,impeller_imbalance,0.8414,advanced,physics_weibull_v5,1,-1,,
3115,2,impeller_imbalance,0.5358,developing,physics_weibull_v5,3,-1,,
3116,2,impeller_imbalance,0.6222,developing,physics_weibull_v5,3,-1,,
3117,2,impeller_imbalance,0.0766,early,physics_weibull_v5,1,-1,,
3118,2,impeller_imbalance,0.0686,early,physics_weibull_v5,1,-1,,
3119,2,impeller_imbalance,0.1048,early,physics_weibull_v5,3,-1,,
3120,2,impeller_imbalance,0.1181,early,physics_weibull_v5,3,-1,,
3121,2,impeller_imbalance,0.6497,developing,physics_weibull_v5,1,-1,,
3122,2,impeller_imbalance,0.5142,developing,physics_weibull_v5,3,-1,,
3123,2,impeller_imbalance,0.6177,developing,physics_weibull_v5,3,-1,,
3124,2,impeller_imbalance,0.05,early,physics_weibull_v5,3,-1,,
3125,2,impeller_imbalance,0.3497,developing,physics_weibull_v5,3,-1,,
3126,2,impeller_imbalance,0.3156,developing,physics_weibull_v5,3,-1,,
3127,2,impeller_imbalance,0.4723,developing,physics_weibull_v5,1,-1,,
3128,2,impeller_imbalance,0.2132,early,physics_weibull_v5,3,-1,,
3129,2,impeller_imbalance,0.1395,early,physics_weibull_v5,3,-1,,
3130,2,impeller_imbalance,0.0971,early,physics_weibull_v5,1,-1,,
3131,2,impeller_imbalance,0.5981,developing,physics_weibull_v5,3,-1,,
3132,2,impeller_imbalance,0.2236,early,physics_weibull_v5,1,-1,,
3133,2,impeller_imbalance,0.1199,early,physics_weibull_v5,1,-1,,
3134,2,impeller_imbalance,0.5067,developing,physics_weibull_v5,1,-1,,
3135,2,impeller_imbalance,0.4115,developing,physics_weibull_v5,3,-1,,
3136,2,impeller_imbalance,0.1846,early,physics_weibull_v5,1,-1,,
3137,2,impeller_imbalance,0.05,early,physics_weibull_v5,1,-1,,
3138,2,impeller_imbalance,0.05,early,physics_weibull_v5,3,-1,,
3139,2,impeller_imbalance,0.1065,early,physics_weibull_v5,3,-1,,
3140,2,impeller_imbalance,0.8282,advanced,physics_weibull_v5,3,-1,,
3141,2,impeller_imbalance,0.3822,developing,physics_weibull_v5,1,-1,,
3142,2,impeller_imbalance,0.3615,developing,physics_weibull_v5,3,-1,,
3143,2,impeller_imbalance,0.3843,developing,physics_weibull_v5,1,-1,,
3144,2,impeller_imbalance,0.1765,early,physics_weibull_v5,1,-1,,
3145,2,impeller_imbalance,0.0642,early,physics_weibull_v5,1,-1,,
3146,2,impeller_imbalance,0.6527,advanced,physics_weibull_v5,1,-1,,
3147,2,impeller_imbalance,0.0796,early,physics_weibull_v5,3,-1,,
3148,2,impeller_imbalance,0.4832,developing,physics_weibull_v5,3,-1,,
3149,2,impeller_imbalance,0.05,early,physics_weibull_v5,1,-1,,
3150,2,impeller_imbalance,0.9763,advanced,physics_weibull_v5,1,-1,,
3151,2,impeller_imbalance,0.2546,early,physics_weibull_v5,1,-1,,
3152,2,impeller_imbalance,0.05,early,physics_weibull_v5,1,-1,,
3153,2,impeller_imbalance,0.05,early,physics_weibull_v5,1,-1,,
3154,2,impeller_imbalance,0.309,developing,physics_weibull_v5,1,-1,,
3155,2,impeller_imbalance,0.0789,early,physics_weibull_v5,3,-1,,
3156,2,impeller_imbalance,0.6522,advanced,physics_weibull_v5,1,-1,,
3157,2,impeller_imbalance,0.091,early,physics_weibull_v5,1,-1,,
3158,2,impeller_imbalance,0.2014,early,physics_weibull_v5,3,-1,,
3159,2,impeller_imbalance,0.5326,developing,physics_weibull_v5,1,-1,,
3160,2,impeller_imbalance,0.9593,advanced,physics_weibull_v5,3,-1,,
3161,2,impeller_imbalance,0.05,early,physics_weibull_v5,3,-1,,
3162,2,impeller_imbalance,0.1474,early,physics_weibull_v5,1,-1,,
3163,2,impeller_imbalance,0.1417,early,physics_weibull_v5,3,-1,,
3164,2,impeller_imbalance,0.5504,developing,physics_weibull_v5,1,-1,,
3165,2,impeller_imbalance,0.643,developing,physics_weibull_v5,1,-1,,
3166,2,impeller_imbalance,0.7197,advanced,physics_weibull_v5,3,-1,,
3167,2,impeller_imbalance,0.2065,early,physics_weibull_v5,1,-1,,
3168,2,impeller_imbalance,0.9323,advanced,physics_weibull_v5,3,-1,,
3169,2,impeller_imbalance,0.4395,developing,physics_weibull_v5,3,-1,,
3170,2,impeller_imbalance,0.4479,developing,physics_weibull_v5,1,-1,,
3171,2,impeller_imbalance,0.2586,early,physics_weibull_v5,1,-1,,
3172,2,impeller_imbalance,0.1007,early,physics_weibull_v5,3,-1,,
3173,2,impeller_imbalance,0.0637,early,physics_weibull_v5,3,-1,,
3174,2,impeller_imbalance,0.0616,early,physics_weibull_v5,3,-1,,
3175,2,impeller_imbalance,0.4409,developing,physics_weibull_v5,3,-1,,
3176,2,impeller_imbalance,0.05,early,physics_weibull_v5,3,-1,,
3177,2,impeller_imbalance,0.632,developing,physics_weibull_v5,3,-1,,
3178,2,impeller_imbalance,0.05,early,physics_weibull_v5,1,-1,,
3179,2,impeller_imbalance,0.3955,developing,physics_weibull_v5,1,-1,,
3180,2,impeller_imbalance,0.1821,early,physics_weibull_v5,1,-1,,
3181,2,impeller_imbalance,0.5129,developing,physics_weibull_v5,1,-1,,
3182,2,impeller_imbalance,0.05,early,physics_weibull_v5,3,-1,,
3183,2,impeller_imbalance,0.8635,advanced,physics_weibull_v5,3,-1,,
3184,2,impeller_imbalance,0.0803,early,physics_weibull_v5,3,-1,,
3185,2,impeller_imbalance,0.6414,developing,physics_weibull_v5,3,-1,,
3186,2,impeller_imbalance,0.05,early,physics_weibull_v5,1,-1,,
3187,2,impeller_imbalance,0.0889,early,physics_weibull_v5,1,-1,,
3188,2,impeller_imbalance,0.6,developing,physics_weibull_v5,3,-1,,
3189,2,impeller_imbalance,0.6117,developing,physics_weibull_v5,1,-1,,
3190,2,impeller_imbalance,0.1736,early,physics_weibull_v5,3,-1,,
3191,2,impeller_imbalance,0.6196,developing,physics_weibull_v5,1,-1,,
3192,2,impeller_imbalance,0.8058,advanced,physics_weibull_v5,3,-1,,
3193,2,impeller_imbalance,0.05,early,physics_weibull_v5,3,-1,,
3194,2,impeller_imbalance,0.7865,advanced,physics_weibull_v5,3,-1,,
3195,2,impeller_imbalance,0.1056,early,physics_weibull_v5,3,-1,,
3196,2,impeller_imbalance,0.2247,early,physics_weibull_v5,3,-1,,
3197,2,impeller_imbalance,0.1492,early,physics_weibull_v5,1,-1,,
3198,2,impeller_imbalance,0.05,early,physics_weibull_v5,3,-1,,
3199,2,impeller_imbalance,0.344,developing,physics_weibull_v5,1,-1,,
3200,2,impeller_imbalance,0.1103,early,physics_weibull_v5,1,-1,,
3201,2,impeller_imbalance,0.0924,early,physics_weibull_v5,1,-1,,
3202,2,impeller_imbalance,0.0921,early,physics_weibull_v5,1,-1,,
3203,2,impeller_imbalance,0.05,early,physics_weibull_v5,1,-1,,
3204,2,impeller_imbalance,0.7551,advanced,physics_weibull_v5,1,-1,,
3205,2,impeller_imbalance,0.6413,developing,physics_weibull_v5,1,-1,,
3206,2,impeller_imbalance,0.8136,advanced,physics_weibull_v5,1,-1,,
3207,2,impeller_imbalance,0.9586,advanced,physics_weibull_v5,3,-1,,
3208,2,impeller_imbalance,0.4756,developing,physics_weibull_v5,3,-1,,
3209,2,impeller_imbalance,0.4396,developing,physics_weibull_v5,3,-1,,
3210,2,impeller_imbalance,0.2848,early,physics_weibull_v5,1,-1,,
3211,2,impeller_imbalance,0.05,early,physics_weibull_v5,1,-1,,
3212,2,impeller_imbalance,0.3577,developing,physics_weibull_v5,3,-1,,
3213,2,impeller_imbalance,0.1062,early,physics_weibull_v5,1,-1,,
3214,2,impeller_imbalance,0.05,early,physics_weibull_v5,1,-1,,
3215,2,impeller_imbalance,0.8905,advanced,physics_weibull_v5,1,-1,,
3216,2,impeller_imbalance,0.05,early,physics_weibull_v5,1,-1,,
3217,2,impeller_imbalance,0.7721,advanced,physics_weibull_v5,1,-1,,
3218,2,impeller_imbalance,0.05,early,physics_weibull_v5,3,-1,,
3219,2,impeller_imbalance,0.577,developing,physics_weibull_v5,3,-1,,
3220,2,impeller_imbalance,0.3451,developing,physics_weibull_v5,1,-1,,
3221,2,impeller_imbalance,0.552,developing,physics_weibull_v5,3,-1,,
3222,2,impeller_imbalance,0.0533,early,physics_weibull_v5,1,-1,,
3223,2,impeller_imbalance,0.05,early,physics_weibull_v5,1,-1,,
3224,2,impeller_imbalance,0.4094,developing,physics_weibull_v5,3,-1,,
3225,2,impeller_imbalance,0.7649,advanced,physics_weibull_v5,1,-1,,
3226,2,impeller_imbalance,0.4442,developing,physics_weibull_v5,1,-1,,
3227,2,impeller_imbalance,0.1906,early,physics_weibull_v5,1,-1,,
3228,2,impeller_imbalance,0.533,developing,physics_weibull_v5,3,-1,,
3229,2,impeller_imbalance,0.05,early,physics_weibull_v5,3,-1,,
3230,2,impeller_imbalance,0.5868,developing,physics_weibull_v5,1,-1,,
3231,2,impeller_imbalance,0.6165,developing,physics_weibull_v5,3,-1,,
3232,2,impeller_imbalance,0.4654,developing,physics_weibull_v5,3,-1,,
3233,2,impeller_imbalance,0.1273,early,physics_weibull_v5,3,-1,,
3234,2,impeller_imbalance,0.1657,early,physics_weibull_v5,3,-1,,
3235,2,impeller_imbalance,0.168,early,physics_weibull_v5,1,-1,,
3236,2,impeller_imbalance,0.1098,early,physics_weibull_v5,3,-1,,
3237,2,impeller_imbalance,0.2311,early,physics_weibull_v5,1,-1,,
3238,2,impeller_imbalance,0.05,early,physics_weibull_v5,3,-1,,
3239,2,impeller_imbalance,0.1331,early,physics_weibull_v5,3,-1,,
3240,2,impeller_imbalance,0.1715,early,physics_weibull_v5,1,-1,,
3241,2,impeller_imbalance,0.6466,developing,physics_weibull_v5,3,-1,,
3242,2,impeller_imbalance,0.4706,developing,physics_weibull_v5,3,-1,,
3243,2,impeller_imbalance,0.05,early,physics_weibull_v5,1,-1,,
3244,2,impeller_imbalance,0.7834,advanced,physics_weibull_v5,3,-1,,
3245,2,impeller_imbalance,0.3075,developing,physics_weibull_v5,1,-1,,
3246,2,impeller_imbalance,0.2879,early,physics_weibull_v5,3,-1,,
3247,2,impeller_imbalance,0.1486,early,physics_weibull_v5,3,-1,,
3248,2,impeller_imbalance,0.9863,advanced,physics_weibull_v5,3,-1,,
3249,2,impeller_imbalance,0.1015,early,physics_weibull_v5,1,-1,,
3250,2,impeller_imbalance,0.0929,early,physics_weibull_v5,1,-1,,
3251,2,impeller_imbalance,0.7401,advanced,physics_weibull_v5,1,-1,,
3252,2,impeller_imbalance,0.9018,advanced,physics_weibull_v5,3,-1,,
3253,2,impeller_imbalance,0.059,early,physics_weibull_v5,3,-1,,
3254,2,impeller_imbalance,0.7572,advanced,physics_weibull_v5,3,-1,,
3255,2,impeller_imbalance,0.2639,early,physics_weibull_v5,1,-1,,
3256,2,impeller_imbalance,0.8916,advanced,physics_weibull_v5,3,-1,,
3257,2,impeller_imbalance,0.4867,developing,physics_weibull_v5,3,-1,,
3258,2,impeller_imbalance,0.2199,early,physics_weibull_v5,3,-1,,
3259,2,impeller_imbalance,0.7927,advanced,physics_weibull_v5,3,-1,,
3260,2,impeller_imbalance,0.05,early,physics_weibull_v5,1,-1,,
3261,2,impeller_imbalance,0.1427,early,physics_weibull_v5,1,-1,,
3262,2,impeller_imbalance,0.3838,developing,physics_weibull_v5,3,-1,,
3263,2,impeller_imbalance,0.7794,advanced,physics_weibull_v5,3,-1,,
3264,2,impeller_imbalance,0.9235,advanced,physics_weibull_v5,3,-1,,
3265,2,impeller_imbalance,0.3845,developing,physics_weibull_v5,1,-1,,
3266,2,impeller_imbalance,0.7587,advanced,physics_weibull_v5,3,-1,,
3267,2,impeller_imbalance,0.05,early,physics_weibull_v5,1,-1,,
3268,2,impeller_imbalance,0.2968,early,physics_weibull_v5,1,-1,,
3269,2,impeller_imbalance,0.1327,early,physics_weibull_v5,1,-1,,
3270,2,impeller_imbalance,0.05,early,physics_weibull_v5,1,-1,,
3271,2,impeller_imbalance,0.7597,advanced,physics_weibull_v5,1,-1,,
3272,2,impeller_imbalance,0.2066,early,physics_weibull_v5,1,-1,,
3273,2,impeller_imbalance,0.8723,advanced,physics_weibull_v5,3,-1,,
3274,2,impeller_imbalance,0.1216,early,physics_weibull_v5,3,-1,,
3275,2,impeller_imbalance,0.1868,early,physics_weibull_v5,1,-1,,
3276,2,impeller_imbalance,0.05,early,physics_weibull_v5,3,-1,,
3277,2,impeller_imbalance,0.1216,early,physics_weibull_v5,1,-1,,
3278,2,impeller_imbalance,0.9134,advanced,physics_weibull_v5,1,-1,,
3279,2,impeller_imbalance,0.597,developing,physics_weibull_v5,3,-1,,
3280,2,impeller_imbalance,0.0567,early,physics_weibull_v5,1,-1,,
3281,2,impeller_imbalance,0.0596,early,physics_weibull_v5,3,-1,,
3282,2,impeller_imbalance,0.6066,developing,physics_weibull_v5,3,-1,,
3283,2,impeller_imbalance,0.05,early,physics_weibull_v5,1,-1,,
3284,2,impeller_imbalance,0.5086,developing,physics_weibull_v5,1,-1,,
3285,2,impeller_imbalance,0.153,early,physics_weibull_v5,1,-1,,
3286,2,impeller_imbalance,0.6909,advanced,physics_weibull_v5,1,-1,,
3287,2,impeller_imbalance,0.5806,developing,physics_weibull_v5,1,-1,,
3288,2,impeller_imbalance,0.29,early,physics_weibull_v5,3,-1,,
3289,2,impeller_imbalance,0.3401,developing,physics_weibull_v5,3,-1,,
3290,2,impeller_imbalance,0.6133,developing,physics_weibull_v5,3,-1,,
3291,2,impeller_imbalance,0.05,early,physics_weibull_v5,3,-1,,
3292,2,impeller_imbalance,0.05,early,physics_weibull_v5,3,-1,,
3293,2,impeller_imbalance,0.1469,early,physics_weibull_v5,1,-1,,
3294,2,impeller_imbalance,0.6069,developing,physics_weibull_v5,3,-1,,
3295,2,impeller_imbalance,0.493,developing,physics_weibull_v5,1,-1,,
3296,2,impeller_imbalance,0.4015,developing,physics_weibull_v5,3,-1,,
3297,2,impeller_imbalance,0.29,early,physics_weibull_v5,3,-1,,
3298,2,impeller_imbalance,0.05,early,physics_weibull_v5,3,-1,,
3299,2,impeller_imbalance,0.8493,advanced,physics_weibull_v5,1,-1,,
3300,2,impeller_imbalance,0.7847,advanced,physics_weibull_v5,1,-1,,
3301,2,impeller_imbalance,0.5173,developing,physics_weibull_v5,1,-1,,
3302,2,impeller_imbalance,0.05,early,physics_weibull_v5,1,-1,,
3303,2,impeller_imbalance,0.05,early,physics_weibull_v5,1,-1,,
3304,2,impeller_imbalance,0.1139,early,physics_weibull_v5,3,-1,,
3305,2,impeller_imbalance,0.7176,advanced,physics_weibull_v5,3,-1,,
3306,2,impeller_imbalance,0.5169,developing,physics_weibull_v5,1,-1,,
3307,2,impeller_imbalance,0.0661,early,physics_weibull_v5,1,-1,,
3308,2,impeller_imbalance,0.3081,developing,physics_weibull_v5,1,-1,,
3309,2,impeller_imbalance,0.8225,advanced,physics_weibull_v5,1,-1,,
3310,2,impeller_imbalance,0.5487,developing,physics_weibull_v5,3,-1,,
3311,2,impeller_imbalance,0.5622,developing,physics_weibull_v5,3,-1,,
3312,2,impeller_imbalance,0.2621,early,physics_weibull_v5,1,-1,,
3313,2,impeller_imbalance,0.05,early,physics_weibull_v5,1,-1,,
3314,2,impeller_imbalance,0.1656,early,physics_weibull_v5,3,-1,,
3315,2,impeller_imbalance,0.1367,early,physics_weibull_v5,1,-1,,
3316,2,impeller_imbalance,0.05,early,physics_weibull_v5,1,-1,,
3317,2,impeller_imbalance,0.05,early,physics_weibull_v5,3,-1,,
3318,2,impeller_imbalance,0.5705,developing,physics_weibull_v5,1,-1,,
3319,2,impeller_imbalance,0.0755,early,physics_weibull_v5,1,-1,,
3320,2,impeller_imbalance,0.4798,developing,physics_weibull_v5,3,-1,,
3321,2,impeller_imbalance,0.3326,developing,physics_weibull_v5,3,-1,,
3322,2,impeller_imbalance,0.7443,advanced,physics_weibull_v5,3,-1,,
3323,2,impeller_imbalance,0.3865,developing,physics_weibull_v5,1,-1,,
3324,2,impeller_imbalance,0.1657,early,physics_weibull_v5,3,-1,,
3325,2,impeller_imbalance,0.0591,early,physics_weibull_v5,3,-1,,
3326,2,impeller_imbalance,0.1931,early,physics_weibull_v5,3,-1,,
3327,2,impeller_imbalance,0.5682,developing,physics_weibull_v5,1,-1,,
3328,2,impeller_imbalance,0.05,early,physics_weibull_v5,3,-1,,
3329,2,impeller_imbalance,0.2062,early,physics_weibull_v5,3,-1,,
3330,2,impeller_imbalance,0.5698,developing,physics_weibull_v5,3,-1,,
3331,2,impeller_imbalance,0.4903,developing,physics_weibull_v5,1,-1,,
3332,2,impeller_imbalance,0.05,early,physics_weibull_v5,3,-1,,
3333,2,impeller_imbalance,0.3649,developing,physics_weibull_v5,3,-1,,
3334,2,impeller_imbalance,0.1163,early,physics_weibull_v5,1,-1,,
3335,2,impeller_imbalance,0.1461,early,physics_weibull_v5,3,-1,,
3336,2,impeller_imbalance,0.6598,advanced,physics_weibull_v5,3,-1,,
3337,2,impeller_imbalance,0.05,early,physics_weibull_v5,3,-1,,
3338,2,impeller_imbalance,0.0718,early,physics_weibull_v5,3,-1,,
3339,2,impeller_imbalance,0.1095,early,physics_weibull_v5,3,-1,,
3340,2,impeller_imbalance,0.1092,early,physics_weibull_v5,1,-1,,
3341,2,impeller_imbalance,0.2393,early,physics_weibull_v5,3,-1,,
3342,2,impeller_imbalance,0.4985,developing,physics_weibull_v5,1,-1,,
3343,2,impeller_imbalance,0.5479,developing,physics_weibull_v5,3,-1,,
3344,2,impeller_imbalance,0.3855,developing,physics_weibull_v5,3,-1,,
3345,2,impeller_imbalance,0.4826,developing,physics_weibull_v5,3,-1,,
3346,2,impeller_imbalance,0.5734,developing,physics_weibull_v5,1,-1,,
3347,2,impeller_imbalance,0.05,early,physics_weibull_v5,3,-1,,
3348,2,impeller_imbalance,0.4535,developing,physics_weibull_v5,1,-1,,
3349,2,impeller_imbalance,0.2174,early,physics_weibull_v5,1,-1,,
3350,2,impeller_imbalance,0.9681,advanced,physics_weibull_v5,3,-1,,
3351,2,impeller_imbalance,0.1122,early,physics_weibull_v5,3,-1,,
3352,2,impeller_imbalance,0.0737,early,physics_weibull_v5,1,-1,,
3353,2,impeller_imbalance,0.2253,early,physics_weibull_v5,1,-1,,
3354,2,impeller_imbalance,0.1477,early,physics_weibull_v5,3,-1,,
3355,2,impeller_imbalance,0.929,advanced,physics_weibull_v5,3,-1,,
3356,2,impeller_imbalance,0.1134,early,physics_weibull_v5,3,-1,,
3357,2,impeller_imbalance,0.2605,early,physics_weibull_v5,1,-1,,
3358,2,impeller_imbalance,0.05,early,physics_weibull_v5,3,-1,,
3359,2,impeller_imbalance,0.3437,developing,physics_weibull_v5,3,-1,,
3360,2,impeller_imbalance,0.05,early,physics_weibull_v5,1,-1,,
3361,2,impeller_imbalance,0.7137,advanced,physics_weibull_v5,3,-1,,
3362,2,impeller_imbalance,0.1096,early,physics_weibull_v5,3,-1,,
3363,2,impeller_imbalance,0.1035,early,physics_weibull_v5,1,-1,,
3364,2,impeller_imbalance,0.7472,advanced,physics_weibull_v5,3,-1,,
3365,2,impeller_imbalance,0.05,early,physics_weibull_v5,1,-1,,
3366,2,impeller_imbalance,0.05,early,physics_weibull_v5,1,-1,,
3367,2,impeller_imbalance,0.0797,early,physics_weibull_v5,1,-1,,
3368,2,impeller_imbalance,0.233,early,physics_weibull_v5,3,-1,,
3369,2,impeller_imbalance,0.0687,early,physics_weibull_v5,1,-1,,
3370,2,impeller_imbalance,0.05,early,physics_weibull_v5,3,-1,,
3371,2,impeller_imbalance,0.563,developing,physics_weibull_v5,1,-1,,
3372,2,impeller_imbalance,0.375,developing,physics_weibull_v5,1,-1,,
3373,2,impeller_imbalance,0.3635,developing,physics_weibull_v5,3,-1,,
3374,2,impeller_imbalance,0.7285,advanced,physics_weibull_v5,3,-1,,
3375,2,impeller_imbalance,0.8265,advanced,physics_weibull_v5,3,-1,,
3376,2,impeller_imbalance,0.322,developing,physics_weibull_v5,3,-1,,
3377,2,impeller_imbalance,0.0775,early,physics_weibull_v5,3,-1,,
3378,2,impeller_imbalance,0.1449,early,physics_weibull_v5,3,-1,,
3379,2,impeller_imbalance,0.9534,advanced,physics_weibull_v5,1,-1,,
3380,2,impeller_imbalance,0.1553,early,physics_weibull_v5,3,-1,,
3381,2,impeller_imbalance,0.1793,early,physics_weibull_v5,1,-1,,
3382,2,impeller_imbalance,0.862,advanced,physics_weibull_v5,1,-1,,
3383,2,impeller_imbalance,0.2747,early,physics_weibull_v5,3,-1,,
3384,2,impeller_imbalance,0.3816,developing,physics_weibull_v5,3,-1,,
3385,2,impeller_imbalance,0.3381,developing,physics_weibull_v5,1,-1,,
3386,2,impeller_imbalance,0.5914,developing,physics_weibull_v5,3,-1,,
3387,2,impeller_imbalance,0.4075,developing,physics_weibull_v5,1,-1,,
3388,2,impeller_imbalance,0.7462,advanced,physics_weibull_v5,1,-1,,
3389,2,impeller_imbalance,0.4627,developing,physics_weibull_v5,3,-1,,
3390,2,impeller_imbalance,0.0565,early,physics_weibull_v5,1,-1,,
3391,2,impeller_imbalance,0.05,early,physics_weibull_v5,3,-1,,
3392,2,impeller_imbalance,0.05,early,physics_weibull_v5,3,-1,,
3393,2,impeller_imbalance,0.05,early,physics_weibull_v5,3,-1,,
3394,2,impeller_imbalance,0.1015,early,physics_weibull_v5,1,-1,,
3395,2,impeller_imbalance,0.05,early,physics_weibull_v5,1,-1,,
3396,2,impeller_imbalance,0.1491,early,physics_weibull_v5,3,-1,,
3397,2,impeller_imbalance,0.05,early,physics_weibull_v5,1,-1,,
3398,2,impeller_imbalance,0.4565,developing,physics_weibull_v5,3,-1,,
3399,2,impeller_imbalance,0.3359,developing,physics_weibull_v5,3,-1,,
3400,2,impeller_imbalance,0.2822,early,physics_weibull_v5,3,-1,,
3401,2,impeller_imbalance,0.5123,developing,physics_weibull_v5,1,-1,,
3402,2,impeller_imbalance,0.3766,developing,physics_weibull_v5,1,-1,,
3403,2,impeller_imbalance,0.1507,early,physics_weibull_v5,3,-1,,
3404,2,impeller_imbalance,0.1841,early,physics_weibull_v5,3,-1,,
3405,2,impeller_imbalance,0.8751,advanced,physics_weibull_v5,3,-1,,
3406,2,impeller_imbalance,0.2152,early,physics_weibull_v5,3,-1,,
3407,2,impeller_imbalance,0.1577,early,physics_weibull_v5,1,-1,,
3408,2,impeller_imbalance,0.05,early,physics_weibull_v5,3,-1,,
3409,2,impeller_imbalance,0.1149,early,physics_weibull_v5,1,-1,,
3410,2,impeller_imbalance,0.113,early,physics_weibull_v5,3,-1,,
3411,2,impeller_imbalance,0.0695,early,physics_weibull_v5,3,-1,,
3412,2,impeller_imbalance,0.05,early,physics_weibull_v5,3,-1,,
3413,2,impeller_imbalance,0.05,early,physics_weibull_v5,3,-1,,
3414,2,impeller_imbalance,0.4485,developing,physics_weibull_v5,1,-1,,
3415,2,impeller_imbalance,0.2559,early,physics_weibull_v5,1,-1,,
3416,2,impeller_imbalance,0.3525,developing,physics_weibull_v5,1,-1,,
3417,2,impeller_imbalance,0.873,advanced,physics_weibull_v5,1,-1,,
3418,2,impeller_imbalance,0.5536,developing,physics_weibull_v5,1,-1,,
3419,2,impeller_imbalance,0.0826,early,physics_weibull_v5,3,-1,,
3420,2,impeller_imbalance,0.2081,early,physics_weibull_v5,3,-1,,
3421,2,impeller_imbalance,0.05,early,physics_weibull_v5,1,-1,,
3422,2,impeller_imbalance,0.9697,advanced,physics_weibull_v5,3,-1,,
3423,2,impeller_imbalance,0.073,early,physics_weibull_v5,1,-1,,
3424,2,impeller_imbalance,0.3211,developing,physics_weibull_v5,1,-1,,
3425,2,impeller_imbalance,0.3827,developing,physics_weibull_v5,3,-1,,
3426,2,impeller_imbalance,0.1661,early,physics_weibull_v5,3,-1,,
3427,2,impeller_imbalance,0.0617,early,physics_weibull_v5,3,-1,,
3428,2,impeller_imbalance,0.1364,early,physics_weibull_v5,1,-1,,
3429,2,impeller_imbalance,0.6545,advanced,physics_weibull_v5,3,-1,,
3430,2,impeller_imbalance,0.7953,advanced,physics_weibull_v5,3,-1,,
3431,2,impeller_imbalance,0.0747,early,physics_weibull_v5,3,-1,,
3432,2,impeller_imbalance,0.4667,developing,physics_weibull_v5,3,-1,,
3433,2,impeller_imbalance,0.7437,advanced,physics_weibull_v5,3,-1,,
3434,2,impeller_imbalance,0.8923,advanced,physics_weibull_v5,1,-1,,
3435,2,impeller_imbalance,0.0816,early,physics_weibull_v5,3,-1,,
3436,2,impeller_imbalance,0.169,early,physics_weibull_v5,3,-1,,
3437,2,impeller_imbalance,0.3467,developing,physics_weibull_v5,3,-1,,
3438,2,impeller_imbalance,0.05,early,physics_weibull_v5,3,-1,,
3439,2,impeller_imbalance,0.7625,advanced,physics_weibull_v5,3,-1,,
3440,2,impeller_imbalance,0.05,early,physics_weibull_v5,3,-1,,
3441,2,impeller_imbalance,0.2257,early,physics_weibull_v5,3,-1,,
3442,2,impeller_imbalance,0.2095,early,physics_weibull_v5,3,-1,,
3443,2,impeller_imbalance,0.05,early,physics_weibull_v5,1,-1,,
3444,2,impeller_imbalance,0.05,early,physics_weibull_v5,3,-1,,
3445,2,impeller_imbalance,0.628,developing,physics_weibull_v5,3,-1,,
3446,2,impeller_imbalance,0.1983,early,physics_weibull_v5,3,-1,,
3447,2,impeller_imbalance,0.5317,developing,physics_weibull_v5,1,-1,,
3448,2,impeller_imbalance,0.74,advanced,physics_weibull_v5,3,-1,,
3449,2,impeller_imbalance,0.0673,early,physics_weibull_v5,3,-1,,
3450,2,impeller_imbalance,0.05,early,physics_weibull_v5,1,-1,,
3451,2,impeller_imbalance,0.3786,developing,physics_weibull_v5,3,-1,,
3452,2,impeller_imbalance,0.5024,developing,physics_weibull_v5,3,-1,,
3453,2,impeller_imbalance,0.05,early,physics_weibull_v5,1,-1,,
3454,2,impeller_imbalance,0.3851,developing,physics_weibull_v5,1,-1,,
3455,2,impeller_imbalance,0.9717,advanced,physics_weibull_v5,3,-1,,
3456,2,impeller_imbalance,0.4451,developing,physics_weibull_v5,1,-1,,
3457,2,impeller_imbalance,0.6071,developing,physics_weibull_v5,3,-1,,
3458,2,impeller_imbalance,0.6164,developing,physics_weibull_v5,3,-1,,
3459,2,impeller_imbalance,0.0501,early,physics_weibull_v5,3,-1,,
3460,2,impeller_imbalance,0.5593,developing,physics_weibull_v5,1,-1,,
3461,2,impeller_imbalance,0.4988,developing,physics_weibull_v5,3,-1,,
3462,2,impeller_imbalance,0.266,early,physics_weibull_v5,3,-1,,
3463,2,impeller_imbalance,0.3453,developing,physics_weibull_v5,3,-1,,
3464,2,impeller_imbalance,0.05,early,physics_weibull_v5,1,-1,,
3465,2,impeller_imbalance,0.176,early,physics_weibull_v5,3,-1,,
3466,2,impeller_imbalance,0.0895,early,physics_weibull_v5,3,-1,,
3467,2,impeller_imbalance,0.1548,early,physics_weibull_v5,1,-1,,
3468,2,impeller_imbalance,0.9628,advanced,physics_weibull_v5,1,-1,,
3469,2,impeller_imbalance,0.7603,advanced,physics_weibull_v5,1,-1,,
3470,2,impeller_imbalance,0.074,early,physics_weibull_v5,1,-1,,
3471,2,impeller_imbalance,0.1084,early,physics_weibull_v5,1,-1,,
3472,2,impeller_imbalance,0.6135,developing,physics_weibull_v5,1,-1,,
3473,2,impeller_imbalance,0.2101,early,physics_weibull_v5,3,-1,,
3474,2,impeller_imbalance,0.8989,advanced,physics_weibull_v5,1,-1,,
3475,2,impeller_imbalance,0.05,early,physics_weibull_v5,1,-1,,
3476,2,impeller_imbalance,0.8152,advanced,physics_weibull_v5,1,-1,,
3477,2,impeller_imbalance,0.05,early,physics_weibull_v5,1,-1,,
3478,2,impeller_imbalance,0.8959,advanced,physics_weibull_v5,3,-1,,
3479,2,impeller_imbalance,0.05,early,physics_weibull_v5,3,-1,,
3480,2,impeller_imbalance,0.3479,developing,physics_weibull_v5,3,-1,,
3481,2,impeller_imbalance,0.0617,early,physics_weibull_v5,1,-1,,
3482,2,impeller_imbalance,0.1047,early,physics_weibull_v5,3,-1,,
3483,2,impeller_imbalance,0.6716,advanced,physics_weibull_v5,1,-1,,
3484,2,impeller_imbalance,0.6311,developing,physics_weibull_v5,3,-1,,
3485,2,impeller_imbalance,0.05,early,physics_weibull_v5,3,-1,,
3486,2,impeller_imbalance,0.3329,developing,physics_weibull_v5,3,-1,,
3487,2,impeller_imbalance,0.3361,developing,physics_weibull_v5,3,-1,,
3488,2,impeller_imbalance,0.0634,early,physics_weibull_v5,3,-1,,
3489,2,impeller_imbalance,0.4911,developing,physics_weibull_v5,3,-1,,
3490,2,impeller_imbalance,0.05,early,physics_weibull_v5,3,-1,,
3491,2,impeller_imbalance,0.4393,developing,physics_weibull_v5,1,-1,,
3492,2,impeller_imbalance,0.4043,developing,physics_weibull_v5,1,-1,,
3493,2,impeller_imbalance,0.1487,early,physics_weibull_v5,1,-1,,
3494,2,impeller_imbalance,0.0546,early,physics_weibull_v5,3,-1,,
3495,2,impeller_imbalance,0.5739,developing,physics_weibull_v5,1,-1,,
3496,2,impeller_imbalance,0.0626,early,physics_weibull_v5,1,-1,,
3497,2,impeller_imbalance,0.0966,early,physics_weibull_v5,1,-1,,
3498,2,impeller_imbalance,0.0611,early,physics_weibull_v5,1,-1,,
3499,2,impeller_imbalance,0.05,early,physics_weibull_v5,1,-1,,
3500,2,impeller_imbalance,0.2802,early,physics_weibull_v5,3,-1,,
3501,2,impeller_imbalance,0.05,early,physics_weibull_v5,3,-1,,
3502,2,impeller_imbalance,0.0697,early,physics_weibull_v5,3,-1,,
3503,2,impeller_imbalance,0.1841,early,physics_weibull_v5,1,-1,,
3504,2,impeller_imbalance,0.05,early,physics_weibull_v5,3,-1,,
3505,2,impeller_imbalance,0.05,early,physics_weibull_v5,1,-1,,
3506,2,impeller_imbalance,0.2027,early,physics_weibull_v5,3,-1,,
3507,2,impeller_imbalance,0.2349,early,physics_weibull_v5,1,-1,,
3508,2,impeller_imbalance,0.4692,developing,physics_weibull_v5,1,-1,,
3509,2,impeller_imbalance,0.05,early,physics_weibull_v5,3,-1,,
3510,2,impeller_imbalance,0.5591,developing,physics_weibull_v5,1,-1,,
3511,2,impeller_imbalance,0.7379,advanced,physics_weibull_v5,3,-1,,
3512,2,impeller_imbalance,0.0736,early,physics_weibull_v5,3,-1,,
3513,2,impeller_imbalance,0.05,early,physics_weibull_v5,1,-1,,
3514,2,impeller_imbalance,0.05,early,physics_weibull_v5,3,-1,,
3515,2,impeller_imbalance,0.5325,developing,physics_weibull_v5,3,-1,,
3516,2,impeller_imbalance,0.8062,advanced,physics_weibull_v5,3,-1,,
3517,2,impeller_imbalance,0.1272,early,physics_weibull_v5,3,-1,,
3518,2,impeller_imbalance,0.2603,early,physics_weibull_v5,3,-1,,
3519,2,impeller_imbalance,0.5288,developing,physics_weibull_v5,1,-1,,
3520,2,impeller_imbalance,0.9948,advanced,physics_weibull_v5,3,-1,,
3521,2,impeller_imbalance,0.3534,developing,physics_weibull_v5,3,-1,,
3522,2,impeller_imbalance,0.2551,early,physics_weibull_v5,1,-1,,
3523,2,impeller_imbalance,0.1513,early,physics_weibull_v5,1,-1,,
3524,2,impeller_imbalance,0.5478,developing,physics_weibull_v5,1,-1,,
3525,2,impeller_imbalance,0.6023,developing,physics_weibull_v5,1,-1,,
3526,2,impeller_imbalance,0.627,developing,physics_weibull_v5,1,-1,,
3527,2,impeller_imbalance,0.05,early,physics_weibull_v5,3,-1,,
3528,2,impeller_imbalance,0.05,early,physics_weibull_v5,3,-1,,
3529,2,impeller_imbalance,0.05,early,physics_weibull_v5,1,-1,,
3530,2,impeller_imbalance,0.2565,early,physics_weibull_v5,3,-1,,
3531,2,impeller_imbalance,0.05,early,physics_weibull_v5,3,-1,,
3532,2,impeller_imbalance,0.2913,early,physics_weibull_v5,1,-1,,
3533,2,impeller_imbalance,0.1253,early,physics_weibull_v5,1,-1,,
3534,2,impeller_imbalance,0.4598,developing,physics_weibull_v5,1,-1,,
3535,2,impeller_imbalance,0.2709,early,physics_weibull_v5,3,-1,,
3536,2,impeller_imbalance,0.1499,early,physics_weibull_v5,3,-1,,
3537,2,impeller_imbalance,0.5311,developing,physics_weibull_v5,3,-1,,
3538,2,impeller_imbalance,0.5696,developing,physics_weibull_v5,1,-1,,
3539,2,impeller_imbalance,0.1065,early,physics_weibull_v5,3,-1,,
3540,2,impeller_imbalance,0.1777,early,physics_weibull_v5,1,-1,,
3541,2,impeller_imbalance,0.8948,advanced,physics_weibull_v5,1,-1,,
3542,2,impeller_imbalance,0.0638,early,physics_weibull_v5,3,-1,,
3543,2,impeller_imbalance,0.05,early,physics_weibull_v5,3,-1,,
3544,2,impeller_imbalance,0.1421,early,physics_weibull_v5,1,-1,,
3545,2,impeller_imbalance,0.0865,early,physics_weibull_v5,1,-1,,
3546,2,impeller_imbalance,0.05,early,physics_weibull_v5,3,-1,,
3547,2,impeller_imbalance,0.05,early,physics_weibull_v5,1,-1,,
3548,2,impeller_imbalance,0.872,advanced,physics_weibull_v5,1,-1,,
3549,2,impeller_imbalance,0.1377,early,physics_weibull_v5,3,-1,,
3550,2,impeller_imbalance,0.0882,early,physics_weibull_v5,1,-1,,
3551,2,impeller_imbalance,0.087,early,physics_weibull_v5,1,-1,,
3552,2,impeller_imbalance,0.05,early,physics_weibull_v5,3,-1,,
3553,2,impeller_imbalance,0.7026,advanced,physics_weibull_v5,1,-1,,
3554,2,impeller_imbalance,0.05,early,physics_weibull_v5,1,-1,,
3555,2,impeller_imbalance,0.6198,developing,physics_weibull_v5,1,-1,,
3556,2,impeller_imbalance,0.4821,developing,physics_weibull_v5,3,-1,,
3557,2,impeller_imbalance,0.6348,developing,physics_weibull_v5,3,-1,,
3558,2,impeller_imbalance,0.1249,early,physics_weibull_v5,3,-1,,
3559,2,impeller_imbalance,0.4711,developing,physics_weibull_v5,3,-1,,
3560,2,impeller_imbalance,0.8264,advanced,physics_weibull_v5,3,-1,,
3561,2,impeller_imbalance,0.8327,advanced,physics_weibull_v5,1,-1,,
3562,2,impeller_imbalance,0.2658,early,physics_weibull_v5,3,-1,,
3563,2,impeller_imbalance,0.564,developing,physics_weibull_v5,3,-1,,
3564,2,impeller_imbalance,0.5519,developing,physics_weibull_v5,3,-1,,
3565,2,impeller_imbalance,0.3712,developing,physics_weibull_v5,1,-1,,
3566,2,impeller_imbalance,0.6565,advanced,physics_weibull_v5,3,-1,,
3567,2,impeller_imbalance,0.3937,developing,physics_weibull_v5,1,-1,,
3568,2,impeller_imbalance,0.05,early,physics_weibull_v5,1,-1,,
3569,2,impeller_imbalance,0.2569,early,physics_weibull_v5,3,-1,,
3570,2,impeller_imbalance,0.0977,early,physics_weibull_v5,1,-1,,
3571,2,impeller_imbalance,0.1917,early,physics_weibull_v5,1,-1,,
3572,2,impeller_imbalance,0.4452,developing,physics_weibull_v5,3,-1,,
3573,2,impeller_imbalance,0.3873,developing,physics_weibull_v5,1,-1,,
3574,2,impeller_imbalance,0.8653,advanced,physics_weibull_v5,3,-1,,
3575,2,impeller_imbalance,0.101,early,physics_weibull_v5,3,-1,,
3576,2,impeller_imbalance,0.4576,developing,physics_weibull_v5,1,-1,,
3577,2,impeller_imbalance,0.6637,advanced,physics_weibull_v5,1,-1,,
3578,2,impeller_imbalance,0.05,early,physics_weibull_v5,3,-1,,
3579,2,impeller_imbalance,0.2632,early,physics_weibull_v5,1,-1,,
3580,2,impeller_imbalance,0.4477,developing,physics_weibull_v5,3,-1,,
3581,2,impeller_imbalance,0.05,early,physics_weibull_v5,3,-1,,
3582,2,impeller_imbalance,0.1986,early,physics_weibull_v5,1,-1,,
3583,2,impeller_imbalance,0.05,early,physics_weibull_v5,3,-1,,
3584,2,impeller_imbalance,0.0853,early,physics_weibull_v5,1,-1,,
3585,2,impeller_imbalance,0.6846,advanced,physics_weibull_v5,1,-1,,
3586,2,impeller_imbalance,0.1984,early,physics_weibull_v5,3,-1,,
3587,2,impeller_imbalance,0.3428,developing,physics_weibull_v5,1,-1,,
3588,2,impeller_imbalance,0.5287,developing,physics_weibull_v5,1,-1,,
3589,2,impeller_imbalance,0.1159,early,physics_weibull_v5,1,-1,,
3590,2,impeller_imbalance,0.2432,early,physics_weibull_v5,3,-1,,
3591,2,impeller_imbalance,0.1897,early,physics_weibull_v5,3,-1,,
3592,2,impeller_imbalance,0.2312,early,physics_weibull_v5,3,-1,,
3593,2,impeller_imbalance,0.6009,developing,physics_weibull_v5,3,-1,,
3594,2,impeller_imbalance,0.05,early,physics_weibull_v5,1,-1,,
3595,2,impeller_imbalance,0.6223,developing,physics_weibull_v5,3,-1,,
3596,2,impeller_imbalance,0.9703,advanced,physics_weibull_v5,3,-1,,
3597,2,impeller_imbalance,0.05,early,physics_weibull_v5,1,-1,,
3598,2,impeller_imbalance,0.3778,developing,physics_weibull_v5,1,-1,,
3599,2,impeller_imbalance,0.1386,early,physics_weibull_v5,1,-1,,
3600,3,cavitation,0.1123,early,physics_weibull_v5,2,-1,,
3601,3,cavitation,0.1614,early,physics_weibull_v5,2,-1,,
3602,3,cavitation,0.05,early,physics_weibull_v5,2,-1,,
3603,3,cavitation,0.0781,early,physics_weibull_v5,2,-1,,
3604,3,cavitation,0.2183,early,physics_weibull_v5,2,-1,,
3605,3,cavitation,0.5949,developing,physics_weibull_v5,2,-1,,
3606,3,cavitation,0.05,early,physics_weibull_v5,2,-1,,
3607,3,cavitation,0.1179,early,physics_weibull_v5,2,-1,,
3608,3,cavitation,0.7401,advanced,physics_weibull_v5,2,-1,,
3609,3,cavitation,0.2972,early,physics_weibull_v5,2,-1,,
3610,3,cavitation,0.197,early,physics_weibull_v5,2,-1,,
3611,3,cavitation,0.269,early,physics_weibull_v5,2,-1,,
3612,3,cavitation,0.0771,early,physics_weibull_v5,2,-1,,
3613,3,cavitation,0.217,early,physics_weibull_v5,2,-1,,
3614,3,cavitation,0.1088,early,physics_weibull_v5,2,-1,,
3615,3,cavitation,0.2994,early,physics_weibull_v5,2,-1,,
3616,3,cavitation,0.8976,advanced,physics_weibull_v5,2,-1,,
3617,3,cavitation,0.6055,developing,physics_weibull_v5,2,-1,,
3618,3,cavitation,0.8544,advanced,physics_weibull_v5,2,-1,,
3619,3,cavitation,0.05,early,physics_weibull_v5,2,-1,,
3620,3,cavitation,0.05,early,physics_weibull_v5,2,-1,,
3621,3,cavitation,0.05,early,physics_weibull_v5,2,-1,,
3622,3,cavitation,0.6125,developing,physics_weibull_v5,2,-1,,
3623,3,cavitation,0.4049,developing,physics_weibull_v5,2,-1,,
3624,3,cavitation,0.2111,early,physics_weibull_v5,2,-1,,
3625,3,cavitation,0.3307,developing,physics_weibull_v5,2,-1,,
3626,3,cavitation,0.1208,early,physics_weibull_v5,2,-1,,
3627,3,cavitation,0.05,early,physics_weibull_v5,2,-1,,
3628,3,cavitation,0.0626,early,physics_weibull_v5,2,-1,,
3629,3,cavitation,0.6066,developing,physics_weibull_v5,2,-1,,
3630,3,cavitation,0.5646,developing,physics_weibull_v5,2,-1,,
3631,3,cavitation,0.05,early,physics_weibull_v5,2,-1,,
3632,3,cavitation,0.1243,early,physics_weibull_v5,2,-1,,
3633,3,cavitation,0.3994,developing,physics_weibull_v5,2,-1,,
3634,3,cavitation,0.2454,early,physics_weibull_v5,2,-1,,
3635,3,cavitation,0.2392,early,physics_weibull_v5,2,-1,,
3636,3,cavitation,0.05,early,physics_weibull_v5,2,-1,,
3637,3,cavitation,0.1811,early,physics_weibull_v5,2,-1,,
3638,3,cavitation,0.6446,developing,physics_weibull_v5,2,-1,,
3639,3,cavitation,0.2551,early,physics_weibull_v5,2,-1,,
3640,3,cavitation,0.0905,early,physics_weibull_v5,2,-1,,
3641,3,cavitation,0.05,early,physics_weibull_v5,2,-1,,
3642,3,cavitation,0.4798,developing,physics_weibull_v5,2,-1,,
3643,3,cavitation,0.3062,developing,physics_weibull_v5,2,-1,,
3644,3,cavitation,0.0569,early,physics_weibull_v5,2,-1,,
3645,3,cavitation,0.4855,developing,physics_weibull_v5,2,-1,,
3646,3,cavitation,0.05,early,physics_weibull_v5,2,-1,,
3647,3,cavitation,0.3917,developing,physics_weibull_v5,2,-1,,
3648,3,cavitation,0.8273,advanced,physics_weibull_v5,2,-1,,
3649,3,cavitation,0.0634,early,physics_weibull_v5,2,-1,,
3650,3,cavitation,0.3078,developing,physics_weibull_v5,2,-1,,
3651,3,cavitation,0.05,early,physics_weibull_v5,2,-1,,
3652,3,cavitation,0.05,early,physics_weibull_v5,2,-1,,
3653,3,cavitation,0.163,early,physics_weibull_v5,2,-1,,
3654,3,cavitation,0.3111,developing,physics_weibull_v5,2,-1,,
3655,3,cavitation,0.05,early,physics_weibull_v5,2,-1,,
3656,3,cavitation,0.0792,early,physics_weibull_v5,2,-1,,
3657,3,cavitation,0.3455,developing,physics_weibull_v5,2,-1,,
3658,3,cavitation,0.9717,advanced,physics_weibull_v5,2,-1,,
3659,3,cavitation,0.0662,early,physics_weibull_v5,2,-1,,
3660,3,cavitation,0.987,advanced,physics_weibull_v5,2,-1,,
3661,3,cavitation,0.1213,early,physics_weibull_v5,2,-1,,
3662,3,cavitation,0.1411,early,physics_weibull_v5,2,-1,,
3663,3,cavitation,0.4091,developing,physics_weibull_v5,2,-1,,
3664,3,cavitation,0.2232,early,physics_weibull_v5,2,-1,,
3665,3,cavitation,0.1361,early,physics_weibull_v5,2,-1,,
3666,3,cavitation,0.0749,early,physics_weibull_v5,2,-1,,
3667,3,cavitation,0.1139,early,physics_weibull_v5,2,-1,,
3668,3,cavitation,0.4241,developing,physics_weibull_v5,2,-1,,
3669,3,cavitation,0.3029,developing,physics_weibull_v5,2,-1,,
3670,3,cavitation,0.0925,early,physics_weibull_v5,2,-1,,
3671,3,cavitation,0.5466,developing,physics_weibull_v5,2,-1,,
3672,3,cavitation,0.302,developing,physics_weibull_v5,2,-1,,
3673,3,cavitation,0.05,early,physics_weibull_v5,2,-1,,
3674,3,cavitation,0.2469,early,physics_weibull_v5,2,-1,,
3675,3,cavitation,0.4332,developing,physics_weibull_v5,2,-1,,
3676,3,cavitation,0.05,early,physics_weibull_v5,2,-1,,
3677,3,cavitation,0.05,early,physics_weibull_v5,2,-1,,
3678,3,cavitation,0.8643,advanced,physics_weibull_v5,2,-1,,
3679,3,cavitation,0.6179,developing,physics_weibull_v5,2,-1,,
3680,3,cavitation,0.9472,advanced,physics_weibull_v5,2,-1,,
3681,3,cavitation,0.2713,early,physics_weibull_v5,2,-1,,
3682,3,cavitation,0.8557,advanced,physics_weibull_v5,2,-1,,
3683,3,cavitation,0.2121,early,physics_weibull_v5,2,-1,,
3684,3,cavitation,0.1655,early,physics_weibull_v5,2,-1,,
3685,3,cavitation,0.1819,early,physics_weibull_v5,2,-1,,
3686,3,cavitation,0.238,early,physics_weibull_v5,2,-1,,
3687,3,cavitation,0.0946,early,physics_weibull_v5,2,-1,,
3688,3,cavitation,0.05,early,physics_weibull_v5,2,-1,,
3689,3,cavitation,0.295,early,physics_weibull_v5,2,-1,,
3690,3,cavitation,0.1209,early,physics_weibull_v5,2,-1,,
3691,3,cavitation,0.5829,developing,physics_weibull_v5,2,-1,,
3692,3,cavitation,0.5852,developing,physics_weibull_v5,2,-1,,
3693,3,cavitation,0.2561,early,physics_weibull_v5,2,-1,,
3694,3,cavitation,0.1582,early,physics_weibull_v5,2,-1,,
3695,3,cavitation,0.3133,developing,physics_weibull_v5,2,-1,,
3696,3,cavitation,0.05,early,physics_weibull_v5,2,-1,,
3697,3,cavitation,0.05,early,physics_weibull_v5,2,-1,,
3698,3,cavitation,0.108,early,physics_weibull_v5,2,-1,,
3699,3,cavitation,0.9561,advanced,physics_weibull_v5,2,-1,,
3700,3,cavitation,0.198,early,physics_weibull_v5,2,-1,,
3701,3,cavitation,0.1782,early,physics_weibull_v5,2,-1,,
3702,3,cavitation,0.05,early,physics_weibull_v5,2,-1,,
3703,3,cavitation,0.4,developing,physics_weibull_v5,2,-1,,
3704,3,cavitation,0.6483,developing,physics_weibull_v5,2,-1,,
3705,3,cavitation,0.05,early,physics_weibull_v5,2,-1,,
3706,3,cavitation,0.8596,advanced,physics_weibull_v5,2,-1,,
3707,3,cavitation,0.1136,early,physics_weibull_v5,2,-1,,
3708,3,cavitation,0.4845,developing,physics_weibull_v5,2,-1,,
3709,3,cavitation,0.4851,developing,physics_weibull_v5,2,-1,,
3710,3,cavitation,0.4192,developing,physics_weibull_v5,2,-1,,
3711,3,cavitation,0.0879,early,physics_weibull_v5,2,-1,,
3712,3,cavitation,0.0968,early,physics_weibull_v5,2,-1,,
3713,3,cavitation,0.6861,advanced,physics_weibull_v5,2,-1,,
3714,3,cavitation,0.8188,advanced,physics_weibull_v5,2,-1,,
3715,3,cavitation,0.05,early,physics_weibull_v5,2,-1,,
3716,3,cavitation,0.3123,developing,physics_weibull_v5,2,-1,,
3717,3,cavitation,0.581,developing,physics_weibull_v5,2,-1,,
3718,3,cavitation,0.05,early,physics_weibull_v5,2,-1,,
3719,3,cavitation,0.4912,developing,physics_weibull_v5,2,-1,,
3720,3,cavitation,0.05,early,physics_weibull_v5,2,-1,,
3721,3,cavitation,0.158,early,physics_weibull_v5,2,-1,,
3722,3,cavitation,0.1055,early,physics_weibull_v5,2,-1,,
3723,3,cavitation,0.05,early,physics_weibull_v5,2,-1,,
3724,3,cavitation,0.337,developing,physics_weibull_v5,2,-1,,
3725,3,cavitation,0.05,early,physics_weibull_v5,2,-1,,
3726,3,cavitation,0.4525,developing,physics_weibull_v5,2,-1,,
3727,3,cavitation,0.0568,early,physics_weibull_v5,2,-1,,
3728,3,cavitation,0.0679,early,physics_weibull_v5,2,-1,,
3729,3,cavitation,0.9109,advanced,physics_weibull_v5,2,-1,,
3730,3,cavitation,0.0785,early,physics_weibull_v5,2,-1,,
3731,3,cavitation,0.0591,early,physics_weibull_v5,2,-1,,
3732,3,cavitation,0.0639,early,physics_weibull_v5,2,-1,,
3733,3,cavitation,0.05,early,physics_weibull_v5,2,-1,,
3734,3,cavitation,0.2051,early,physics_weibull_v5,2,-1,,
3735,3,cavitation,0.8207,advanced,physics_weibull_v5,2,-1,,
3736,3,cavitation,0.3762,developing,physics_weibull_v5,2,-1,,
3737,3,cavitation,0.6031,developing,physics_weibull_v5,2,-1,,
3738,3,cavitation,0.1045,early,physics_weibull_v5,2,-1,,
3739,3,cavitation,0.6059,developing,physics_weibull_v5,2,-1,,
3740,3,cavitation,0.05,early,physics_weibull_v5,2,-1,,
3741,3,cavitation,0.5891,developing,physics_weibull_v5,2,-1,,
3742,3,cavitation,0.7962,advanced,physics_weibull_v5,2,-1,,
3743,3,cavitation,0.6097,developing,physics_weibull_v5,2,-1,,
3744,3,cavitation,0.7575,advanced,physics_weibull_v5,2,-1,,
3745,3,cavitation,0.5684,developing,physics_weibull_v5,2,-1,,
3746,3,cavitation,0.6519,advanced,physics_weibull_v5,2,-1,,
3747,3,cavitation,0.8038,advanced,physics_weibull_v5,2,-1,,
3748,3,cavitation,0.05,early,physics_weibull_v5,2,-1,,
3749,3,cavitation,0.0609,early,physics_weibull_v5,2,-1,,
3750,3,cavitation,0.5446,developing,physics_weibull_v5,2,-1,,
3751,3,cavitation,0.05,early,physics_weibull_v5,2,-1,,
3752,3,cavitation,0.0524,early,physics_weibull_v5,2,-1,,
3753,3,cavitation,0.9722,advanced,physics_weibull_v5,2,-1,,
3754,3,cavitation,0.0718,early,physics_weibull_v5,2,-1,,
3755,3,cavitation,0.5449,developing,physics_weibull_v5,2,-1,,
3756,3,cavitation,0.3599,developing,physics_weibull_v5,2,-1,,
3757,3,cavitation,0.6841,advanced,physics_weibull_v5,2,-1,,
3758,3,cavitation,0.05,early,physics_weibull_v5,2,-1,,
3759,3,cavitation,0.05,early,physics_weibull_v5,2,-1,,
3760,3,cavitation,0.2225,early,physics_weibull_v5,2,-1,,
3761,3,cavitation,0.05,early,physics_weibull_v5,2,-1,,
3762,3,cavitation,0.12,early,physics_weibull_v5,2,-1,,
3763,3,cavitation,0.4645,developing,physics_weibull_v5,2,-1,,
3764,3,cavitation,0.641,developing,physics_weibull_v5,2,-1,,
3765,3,cavitation,0.5203,developing,physics_weibull_v5,2,-1,,
3766,3,cavitation,0.0538,early,physics_weibull_v5,2,-1,,
3767,3,cavitation,0.1941,early,physics_weibull_v5,2,-1,,
3768,3,cavitation,0.3041,developing,physics_weibull_v5,2,-1,,
3769,3,cavitation,0.505,developing,physics_weibull_v5,2,-1,,
3770,3,cavitation,0.6302,developing,physics_weibull_v5,2,-1,,
3771,3,cavitation,0.5509,developing,physics_weibull_v5,2,-1,,
3772,3,cavitation,0.3053,developing,physics_weibull_v5,2,-1,,
3773,3,cavitation,0.05,early,physics_weibull_v5,2,-1,,
3774,3,cavitation,0.5068,developing,physics_weibull_v5,2,-1,,
3775,3,cavitation,0.2884,early,physics_weibull_v5,2,-1,,
3776,3,cavitation,0.2315,early,physics_weibull_v5,2,-1,,
3777,3,cavitation,0.05,early,physics_weibull_v5,2,-1,,
3778,3,cavitation,0.4281,developing,physics_weibull_v5,2,-1,,
3779,3,cavitation,0.4557,developing,physics_weibull_v5,2,-1,,
3780,3,cavitation,0.1635,early,physics_weibull_v5,2,-1,,
3781,3,cavitation,0.7567,advanced,physics_weibull_v5,2,-1,,
3782,3,cavitation,0.0836,early,physics_weibull_v5,2,-1,,
3783,3,cavitation,0.4366,developing,physics_weibull_v5,2,-1,,
3784,3,cavitation,0.401,developing,physics_weibull_v5,2,-1,,
3785,3,cavitation,0.9857,advanced,physics_weibull_v5,2,-1,,
3786,3,cavitation,0.6327,developing,physics_weibull_v5,2,-1,,
3787,3,cavitation,0.294,early,physics_weibull_v5,2,-1,,
3788,3,cavitation,0.6541,advanced,physics_weibull_v5,2,-1,,
3789,3,cavitation,0.5825,developing,physics_weibull_v5,2,-1,,
3790,3,cavitation,0.1964,early,physics_weibull_v5,2,-1,,
3791,3,cavitation,0.1782,early,physics_weibull_v5,2,-1,,
3792,3,cavitation,0.5794,developing,physics_weibull_v5,2,-1,,
3793,3,cavitation,0.7126,advanced,physics_weibull_v5,2,-1,,
3794,3,cavitation,0.1968,early,physics_weibull_v5,2,-1,,
3795,3,cavitation,0.5168,developing,physics_weibull_v5,2,-1,,
3796,3,cavitation,0.05,early,physics_weibull_v5,2,-1,,
3797,3,cavitation,0.7939,advanced,physics_weibull_v5,2,-1,,
3798,3,cavitation,0.3523,developing,physics_weibull_v5,2,-1,,
3799,3,cavitation,0.4056,developing,physics_weibull_v5,2,-1,,
3800,3,cavitation,0.05,early,physics_weibull_v5,2,-1,,
3801,3,cavitation,0.1504,early,physics_weibull_v5,2,-1,,
3802,3,cavitation,0.5168,developing,physics_weibull_v5,2,-1,,
3803,3,cavitation,0.5242,developing,physics_weibull_v5,2,-1,,
3804,3,cavitation,0.05,early,physics_weibull_v5,2,-1,,
3805,3,cavitation,0.2579,early,physics_weibull_v5,2,-1,,
3806,3,cavitation,0.6263,developing,physics_weibull_v5,2,-1,,
3807,3,cavitation,0.2386,early,physics_weibull_v5,2,-1,,
3808,3,cavitation,0.5734,developing,physics_weibull_v5,2,-1,,
3809,3,cavitation,0.05,early,physics_weibull_v5,2,-1,,
3810,3,cavitation,0.4345,developing,physics_weibull_v5,2,-1,,
3811,3,cavitation,0.5194,developing,physics_weibull_v5,2,-1,,
3812,3,cavitation,0.05,early,physics_weibull_v5,2,-1,,
3813,3,cavitation,0.0731,early,physics_weibull_v5,2,-1,,
3814,3,cavitation,0.4101,developing,physics_weibull_v5,2,-1,,
3815,3,cavitation,0.0842,early,physics_weibull_v5,2,-1,,
3816,3,cavitation,0.2217,early,physics_weibull_v5,2,-1,,
3817,3,cavitation,0.1073,early,physics_weibull_v5,2,-1,,
3818,3,cavitation,0.3041,developing,physics_weibull_v5,2,-1,,
3819,3,cavitation,0.05,early,physics_weibull_v5,2,-1,,
3820,3,cavitation,0.2185,early,physics_weibull_v5,2,-1,,
3821,3,cavitation,0.1178,early,physics_weibull_v5,2,-1,,
3822,3,cavitation,0.1907,early,physics_weibull_v5,2,-1,,
3823,3,cavitation,0.05,early,physics_weibull_v5,2,-1,,
3824,3,cavitation,0.1198,early,physics_weibull_v5,2,-1,,
3825,3,cavitation,0.5592,developing,physics_weibull_v5,2,-1,,
3826,3,cavitation,0.5094,developing,physics_weibull_v5,2,-1,,
3827,3,cavitation,0.4842,developing,physics_weibull_v5,2,-1,,
3828,3,cavitation,0.05,early,physics_weibull_v5,2,-1,,
3829,3,cavitation,0.2607,early,physics_weibull_v5,2,-1,,
3830,3,cavitation,0.05,early,physics_weibull_v5,2,-1,,
3831,3,cavitation,0.3277,developing,physics_weibull_v5,2,-1,,
3832,3,cavitation,0.3176,developing,physics_weibull_v5,2,-1,,
3833,3,cavitation,0.4482,developing,physics_weibull_v5,2,-1,,
3834,3,cavitation,0.7683,advanced,physics_weibull_v5,2,-1,,
3835,3,cavitation,0.05,early,physics_weibull_v5,2,-1,,
3836,3,cavitation,0.4818,developing,physics_weibull_v5,2,-1,,
3837,3,cavitation,0.4469,developing,physics_weibull_v5,2,-1,,
3838,3,cavitation,0.2109,early,physics_weibull_v5,2,-1,,
3839,3,cavitation,0.3498,developing,physics_weibull_v5,2,-1,,
3840,3,cavitation,0.1067,early,physics_weibull_v5,2,-1,,
3841,3,cavitation,0.05,early,physics_weibull_v5,2,-1,,
3842,3,cavitation,0.1564,early,physics_weibull_v5,2,-1,,
3843,3,cavitation,0.05,early,physics_weibull_v5,2,-1,,
3844,3,cavitation,0.05,early,physics_weibull_v5,2,-1,,
3845,3,cavitation,0.4081,developing,physics_weibull_v5,2,-1,,
3846,3,cavitation,0.615,developing,physics_weibull_v5,2,-1,,
3847,3,cavitation,0.05,early,physics_weibull_v5,2,-1,,
3848,3,cavitation,0.8726,advanced,physics_weibull_v5,2,-1,,
3849,3,cavitation,0.1906,early,physics_weibull_v5,2,-1,,
3850,3,cavitation,0.4716,developing,physics_weibull_v5,2,-1,,
3851,3,cavitation,0.4698,developing,physics_weibull_v5,2,-1,,
3852,3,cavitation,0.6208,developing,physics_weibull_v5,2,-1,,
3853,3,cavitation,0.4639,developing,physics_weibull_v5,2,-1,,
3854,3,cavitation,0.3311,developing,physics_weibull_v5,2,-1,,
3855,3,cavitation,0.6064,developing,physics_weibull_v5,2,-1,,
3856,3,cavitation,0.05,early,physics_weibull_v5,2,-1,,
3857,3,cavitation,0.05,early,physics_weibull_v5,2,-1,,
3858,3,cavitation,0.0655,early,physics_weibull_v5,2,-1,,
3859,3,cavitation,0.3123,developing,physics_weibull_v5,2,-1,,
3860,3,cavitation,0.1528,early,physics_weibull_v5,2,-1,,
3861,3,cavitation,0.05,early,physics_weibull_v5,2,-1,,
3862,3,cavitation,0.6087,developing,physics_weibull_v5,2,-1,,
3863,3,cavitation,0.05,early,physics_weibull_v5,2,-1,,
3864,3,cavitation,0.05,early,physics_weibull_v5,2,-1,,
3865,3,cavitation,0.4582,developing,physics_weibull_v5,2,-1,,
3866,3,cavitation,0.1462,early,physics_weibull_v5,2,-1,,
3867,3,cavitation,0.2376,early,physics_weibull_v5,2,-1,,
3868,3,cavitation,0.6494,developing,physics_weibull_v5,2,-1,,
3869,3,cavitation,0.9203,advanced,physics_weibull_v5,2,-1,,
3870,3,cavitation,0.0912,early,physics_weibull_v5,2,-1,,
3871,3,cavitation,0.4804,developing,physics_weibull_v5,2,-1,,
3872,3,cavitation,0.2128,early,physics_weibull_v5,2,-1,,
3873,3,cavitation,0.05,early,physics_weibull_v5,2,-1,,
3874,3,cavitation,0.1396,early,physics_weibull_v5,2,-1,,
3875,3,cavitation,0.1512,early,physics_weibull_v5,2,-1,,
3876,3,cavitation,0.4785,developing,physics_weibull_v5,2,-1,,
3877,3,cavitation,0.2684,early,physics_weibull_v5,2,-1,,
3878,3,cavitation,0.05,early,physics_weibull_v5,2,-1,,
3879,3,cavitation,0.6266,developing,physics_weibull_v5,2,-1,,
3880,3,cavitation,0.8514,advanced,physics_weibull_v5,2,-1,,
3881,3,cavitation,0.4539,developing,physics_weibull_v5,2,-1,,
3882,3,cavitation,0.8269,advanced,physics_weibull_v5,2,-1,,
3883,3,cavitation,0.1091,early,physics_weibull_v5,2,-1,,
3884,3,cavitation,0.101,early,physics_weibull_v5,2,-1,,
3885,3,cavitation,0.5777,developing,physics_weibull_v5,2,-1,,
3886,3,cavitation,0.2708,early,physics_weibull_v5,2,-1,,
3887,3,cavitation,0.3317,developing,physics_weibull_v5,2,-1,,
3888,3,cavitation,0.2761,early,physics_weibull_v5,2,-1,,
3889,3,cavitation,0.8968,advanced,physics_weibull_v5,2,-1,,
3890,3,cavitation,0.211,early,physics_weibull_v5,2,-1,,
3891,3,cavitation,0.8491,advanced,physics_weibull_v5,2,-1,,
3892,3,cavitation,0.5184,developing,physics_weibull_v5,2,-1,,
3893,3,cavitation,0.7423,advanced,physics_weibull_v5,2,-1,,
3894,3,cavitation,0.644,developing,physics_weibull_v5,2,-1,,
3895,3,cavitation,0.6727,advanced,physics_weibull_v5,2,-1,,
3896,3,cavitation,0.4605,developing,physics_weibull_v5,2,-1,,
3897,3,cavitation,0.05,early,physics_weibull_v5,2,-1,,
3898,3,cavitation,0.462,developing,physics_weibull_v5,2,-1,,
3899,3,cavitation,0.6912,advanced,physics_weibull_v5,2,-1,,
3900,3,cavitation,0.05,early,physics_weibull_v5,2,-1,,
3901,3,cavitation,0.0788,early,physics_weibull_v5,2,-1,,
3902,3,cavitation,0.5824,developing,physics_weibull_v5,2,-1,,
3903,3,cavitation,0.05,early,physics_weibull_v5,2,-1,,
3904,3,cavitation,0.1916,early,physics_weibull_v5,2,-1,,
3905,3,cavitation,0.4843,developing,physics_weibull_v5,2,-1,,
3906,3,cavitation,0.3022,developing,physics_weibull_v5,2,-1,,
3907,3,cavitation,0.1933,early,physics_weibull_v5,2,-1,,
3908,3,cavitation,0.05,early,physics_weibull_v5,2,-1,,
3909,3,cavitation,0.7889,advanced,physics_weibull_v5,2,-1,,
3910,3,cavitation,0.0629,early,physics_weibull_v5,2,-1,,
3911,3,cavitation,0.0781,early,physics_weibull_v5,2,-1,,
3912,3,cavitation,0.05,early,physics_weibull_v5,2,-1,,
3913,3,cavitation,0.2696,early,physics_weibull_v5,2,-1,,
3914,3,cavitation,0.8185,advanced,physics_weibull_v5,2,-1,,
3915,3,cavitation,0.4271,developing,physics_weibull_v5,2,-1,,
3916,3,cavitation,0.561,developing,physics_weibull_v5,2,-1,,
3917,3,cavitation,0.3594,developing,physics_weibull_v5,2,-1,,
3918,3,cavitation,0.1231,early,physics_weibull_v5,2,-1,,
3919,3,cavitation,0.6343,developing,physics_weibull_v5,2,-1,,
3920,3,cavitation,0.4328,developing,physics_weibull_v5,2,-1,,
3921,3,cavitation,0.2053,early,physics_weibull_v5,2,-1,,
3922,3,cavitation,0.4434,developing,physics_weibull_v5,2,-1,,
3923,3,cavitation,0.9305,advanced,physics_weibull_v5,2,-1,,
3924,3,cavitation,0.05,early,physics_weibull_v5,2,-1,,
3925,3,cavitation,0.3711,developing,physics_weibull_v5,2,-1,,
3926,3,cavitation,0.4854,developing,physics_weibull_v5,2,-1,,
3927,3,cavitation,0.5033,developing,physics_weibull_v5,2,-1,,
3928,3,cavitation,0.05,early,physics_weibull_v5,2,-1,,
3929,3,cavitation,0.3826,developing,physics_weibull_v5,2,-1,,
3930,3,cavitation,0.4548,developing,physics_weibull_v5,2,-1,,
3931,3,cavitation,0.1952,early,physics_weibull_v5,2,-1,,
3932,3,cavitation,0.8262,advanced,physics_weibull_v5,2,-1,,
3933,3,cavitation,0.8613,advanced,physics_weibull_v5,2,-1,,
3934,3,cavitation,0.0961,early,physics_weibull_v5,2,-1,,
3935,3,cavitation,0.3007,developing,physics_weibull_v5,2,-1,,
3936,3,cavitation,0.1287,early,physics_weibull_v5,2,-1,,
3937,3,cavitation,0.05,early,physics_weibull_v5,2,-1,,
3938,3,cavitation,0.608,developing,physics_weibull_v5,2,-1,,
3939,3,cavitation,0.702,advanced,physics_weibull_v5,2,-1,,
3940,3,cavitation,0.0835,early,physics_weibull_v5,2,-1,,
3941,3,cavitation,0.5523,developing,physics_weibull_v5,2,-1,,
3942,3,cavitation,0.0712,early,physics_weibull_v5,2,-1,,
3943,3,cavitation,0.1398,early,physics_weibull_v5,2,-1,,
3944,3,cavitation,0.9046,advanced,physics_weibull_v5,2,-1,,
3945,3,cavitation,0.5368,developing,physics_weibull_v5,2,-1,,
3946,3,cavitation,0.071,early,physics_weibull_v5,2,-1,,
3947,3,cavitation,0.4094,developing,physics_weibull_v5,2,-1,,
3948,3,cavitation,0.5284,developing,physics_weibull_v5,2,-1,,
3949,3,cavitation,0.0922,early,physics_weibull_v5,2,-1,,
3950,3,cavitation,0.6732,advanced,physics_weibull_v5,2,-1,,
3951,3,cavitation,0.8272,advanced,physics_weibull_v5,2,-1,,
3952,3,cavitation,0.0868,early,physics_weibull_v5,2,-1,,
3953,3,cavitation,0.2832,early,physics_weibull_v5,2,-1,,
3954,3,cavitation,0.4128,developing,physics_weibull_v5,2,-1,,
3955,3,cavitation,0.3548,developing,physics_weibull_v5,2,-1,,
3956,3,cavitation,0.1914,early,physics_weibull_v5,2,-1,,
3957,3,cavitation,0.0902,early,physics_weibull_v5,2,-1,,
3958,3,cavitation,0.1743,early,physics_weibull_v5,2,-1,,
3959,3,cavitation,0.5785,developing,physics_weibull_v5,2,-1,,
3960,3,cavitation,0.4206,developing,physics_weibull_v5,2,-1,,
3961,3,cavitation,0.8568,advanced,physics_weibull_v5,2,-1,,
3962,3,cavitation,0.05,early,physics_weibull_v5,2,-1,,
3963,3,cavitation,0.3122,developing,physics_weibull_v5,2,-1,,
3964,3,cavitation,0.0796,early,physics_weibull_v5,2,-1,,
3965,3,cavitation,0.0902,early,physics_weibull_v5,2,-1,,
3966,3,cavitation,0.05,early,physics_weibull_v5,2,-1,,
3967,3,cavitation,0.2274,early,physics_weibull_v5,2,-1,,
3968,3,cavitation,0.0533,early,physics_weibull_v5,2,-1,,
3969,3,cavitation,0.05,early,physics_weibull_v5,2,-1,,
3970,3,cavitation,0.6523,advanced,physics_weibull_v5,2,-1,,
3971,3,cavitation,0.9319,advanced,physics_weibull_v5,2,-1,,
3972,3,cavitation,0.2955,early,physics_weibull_v5,2,-1,,
3973,3,cavitation,0.5252,developing,physics_weibull_v5,2,-1,,
3974,3,cavitation,0.1412,early,physics_weibull_v5,2,-1,,
3975,3,cavitation,0.4492,developing,physics_weibull_v5,2,-1,,
3976,3,cavitation,0.1315,early,physics_weibull_v5,2,-1,,
3977,3,cavitation,0.05,early,physics_weibull_v5,2,-1,,
3978,3,cavitation,0.05,early,physics_weibull_v5,2,-1,,
3979,3,cavitation,0.2504,early,physics_weibull_v5,2,-1,,
3980,3,cavitation,0.0727,early,physics_weibull_v5,2,-1,,
3981,3,cavitation,0.05,early,physics_weibull_v5,2,-1,,
3982,3,cavitation,0.05,early,physics_weibull_v5,2,-1,,
3983,3,cavitation,0.1571,early,physics_weibull_v5,2,-1,,
3984,3,cavitation,0.3917,developing,physics_weibull_v5,2,-1,,
3985,3,cavitation,0.3609,developing,physics_weibull_v5,2,-1,,
3986,3,cavitation,0.06,early,physics_weibull_v5,2,-1,,
3987,3,cavitation,0.05,early,physics_weibull_v5,2,-1,,
3988,3,cavitation,0.6377,developing,physics_weibull_v5,2,-1,,
3989,3,cavitation,0.05,early,physics_weibull_v5,2,-1,,
3990,3,cavitation,0.7484,advanced,physics_weibull_v5,2,-1,,
3991,3,cavitation,0.6862,advanced,physics_weibull_v5,2,-1,,
3992,3,cavitation,0.148,early,physics_weibull_v5,2,-1,,
3993,3,cavitation,0.05,early,physics_weibull_v5,2,-1,,
3994,3,cavitation,0.0737,early,physics_weibull_v5,2,-1,,
3995,3,cavitation,0.824,advanced,physics_weibull_v5,2,-1,,
3996,3,cavitation,0.0557,early,physics_weibull_v5,2,-1,,
3997,3,cavitation,0.05,early,physics_weibull_v5,2,-1,,
3998,3,cavitation,0.0735,early,physics_weibull_v5,2,-1,,
3999,3,cavitation,0.5052,developing,physics_weibull_v5,2,-1,,
4000,3,cavitation,0.2362,early,physics_weibull_v5,2,-1,,
4001,3,cavitation,0.5273,developing,physics_weibull_v5,2,-1,,
4002,3,cavitation,0.6293,developing,physics_weibull_v5,2,-1,,
4003,3,cavitation,0.05,early,physics_weibull_v5,2,-1,,
4004,3,cavitation,0.05,early,physics_weibull_v5,2,-1,,
4005,3,cavitation,0.1827,early,physics_weibull_v5,2,-1,,
4006,3,cavitation,0.5497,developing,physics_weibull_v5,2,-1,,
4007,3,cavitation,0.0681,early,physics_weibull_v5,2,-1,,
4008,3,cavitation,0.2834,early,physics_weibull_v5,2,-1,,
4009,3,cavitation,0.05,early,physics_weibull_v5,2,-1,,
4010,3,cavitation,0.9745,advanced,physics_weibull_v5,2,-1,,
4011,3,cavitation,0.7976,advanced,physics_weibull_v5,2,-1,,
4012,3,cavitation,0.243,early,physics_weibull_v5,2,-1,,
4013,3,cavitation,0.3283,developing,physics_weibull_v5,2,-1,,
4014,3,cavitation,0.5264,developing,physics_weibull_v5,2,-1,,
4015,3,cavitation,0.6526,advanced,physics_weibull_v5,2,-1,,
4016,3,cavitation,0.0571,early,physics_weibull_v5,2,-1,,
4017,3,cavitation,0.1651,early,physics_weibull_v5,2,-1,,
4018,3,cavitation,0.4884,developing,physics_weibull_v5,2,-1,,
4019,3,cavitation,0.1061,early,physics_weibull_v5,2,-1,,
4020,3,cavitation,0.28,early,physics_weibull_v5,2,-1,,
4021,3,cavitation,0.0965,early,physics_weibull_v5,2,-1,,
4022,3,cavitation,0.3196,developing,physics_weibull_v5,2,-1,,
4023,3,cavitation,0.05,early,physics_weibull_v5,2,-1,,
4024,3,cavitation,0.05,early,physics_weibull_v5,2,-1,,
4025,3,cavitation,0.5313,developing,physics_weibull_v5,2,-1,,
4026,3,cavitation,0.1004,early,physics_weibull_v5,2,-1,,
4027,3,cavitation,0.05,early,physics_weibull_v5,2,-1,,
4028,3,cavitation,0.0782,early,physics_weibull_v5,2,-1,,
4029,3,cavitation,0.1124,early,physics_weibull_v5,2,-1,,
4030,3,cavitation,0.4939,developing,physics_weibull_v5,2,-1,,
4031,3,cavitation,0.3846,developing,physics_weibull_v5,2,-1,,
4032,3,cavitation,0.05,early,physics_weibull_v5,2,-1,,
4033,3,cavitation,0.6233,developing,physics_weibull_v5,2,-1,,
4034,3,cavitation,0.0996,early,physics_weibull_v5,2,-1,,
4035,3,cavitation,0.0737,early,physics_weibull_v5,2,-1,,
4036,3,cavitation,0.1952,early,physics_weibull_v5,2,-1,,
4037,3,cavitation,0.3569,developing,physics_weibull_v5,2,-1,,
4038,3,cavitation,0.05,early,physics_weibull_v5,2,-1,,
4039,3,cavitation,0.1493,early,physics_weibull_v5,2,-1,,
4040,3,cavitation,0.0619,early,physics_weibull_v5,2,-1,,
4041,3,cavitation,0.1875,early,physics_weibull_v5,2,-1,,
4042,3,cavitation,0.8833,advanced,physics_weibull_v5,2,-1,,
4043,3,cavitation,0.5429,developing,physics_weibull_v5,2,-1,,
4044,3,cavitation,0.1301,early,physics_weibull_v5,2,-1,,
4045,3,cavitation,0.3653,developing,physics_weibull_v5,2,-1,,
4046,3,cavitation,0.05,early,physics_weibull_v5,2,-1,,
4047,3,cavitation,0.6784,advanced,physics_weibull_v5,2,-1,,
4048,3,cavitation,0.5693,developing,physics_weibull_v5,2,-1,,
4049,3,cavitation,0.172,early,physics_weibull_v5,2,-1,,
4050,3,cavitation,0.05,early,physics_weibull_v5,2,-1,,
4051,3,cavitation,0.1056,early,physics_weibull_v5,2,-1,,
4052,3,cavitation,0.4451,developing,physics_weibull_v5,2,-1,,
4053,3,cavitation,0.1236,early,physics_weibull_v5,2,-1,,
4054,3,cavitation,0.05,early,physics_weibull_v5,2,-1,,
4055,3,cavitation,0.2123,early,physics_weibull_v5,2,-1,,
4056,3,cavitation,0.4554,developing,physics_weibull_v5,2,-1,,
4057,3,cavitation,0.05,early,physics_weibull_v5,2,-1,,
4058,3,cavitation,0.1905,early,physics_weibull_v5,2,-1,,
4059,3,cavitation,0.7493,advanced,physics_weibull_v5,2,-1,,
4060,3,cavitation,0.6265,developing,physics_weibull_v5,2,-1,,
4061,3,cavitation,0.3406,developing,physics_weibull_v5,2,-1,,
4062,3,cavitation,0.0513,early,physics_weibull_v5,2,-1,,
4063,3,cavitation,0.5404,developing,physics_weibull_v5,2,-1,,
4064,3,cavitation,0.745,advanced,physics_weibull_v5,2,-1,,
4065,3,cavitation,0.2882,early,physics_weibull_v5,2,-1,,
4066,3,cavitation,0.05,early,physics_weibull_v5,2,-1,,
4067,3,cavitation,0.1279,early,physics_weibull_v5,2,-1,,
4068,3,cavitation,0.5845,developing,physics_weibull_v5,2,-1,,
4069,3,cavitation,0.7396,advanced,physics_weibull_v5,2,-1,,
4070,3,cavitation,0.3257,developing,physics_weibull_v5,2,-1,,
4071,3,cavitation,0.5333,developing,physics_weibull_v5,2,-1,,
4072,3,cavitation,0.2552,early,physics_weibull_v5,2,-1,,
4073,3,cavitation,0.05,early,physics_weibull_v5,2,-1,,
4074,3,cavitation,0.8711,advanced,physics_weibull_v5,2,-1,,
4075,3,cavitation,0.4065,developing,physics_weibull_v5,2,-1,,
4076,3,cavitation,0.2231,early,physics_weibull_v5,2,-1,,
4077,3,cavitation,0.05,early,physics_weibull_v5,2,-1,,
4078,3,cavitation,0.3674,developing,physics_weibull_v5,2,-1,,
4079,3,cavitation,0.05,early,physics_weibull_v5,2,-1,,
4080,3,cavitation,0.955,advanced,physics_weibull_v5,2,-1,,
4081,3,cavitation,0.1618,early,physics_weibull_v5,2,-1,,
4082,3,cavitation,0.2433,early,physics_weibull_v5,2,-1,,
4083,3,cavitation,0.1327,early,physics_weibull_v5,2,-1,,
4084,3,cavitation,0.05,early,physics_weibull_v5,2,-1,,
4085,3,cavitation,0.4695,developing,physics_weibull_v5,2,-1,,
4086,3,cavitation,0.4671,developing,physics_weibull_v5,2,-1,,
4087,3,cavitation,0.05,early,physics_weibull_v5,2,-1,,
4088,3,cavitation,0.6054,developing,physics_weibull_v5,2,-1,,
4089,3,cavitation,0.8918,advanced,physics_weibull_v5,2,-1,,
4090,3,cavitation,0.2257,early,physics_weibull_v5,2,-1,,
4091,3,cavitation,0.9739,advanced,physics_weibull_v5,2,-1,,
4092,3,cavitation,0.0547,early,physics_weibull_v5,2,-1,,
4093,3,cavitation,0.9589,advanced,physics_weibull_v5,2,-1,,
4094,3,cavitation,0.05,early,physics_weibull_v5,2,-1,,
4095,3,cavitation,0.0508,early,physics_weibull_v5,2,-1,,
4096,3,cavitation,0.0531,early,physics_weibull_v5,2,-1,,
4097,3,cavitation,0.6131,developing,physics_weibull_v5,2,-1,,
4098,3,cavitation,0.5427,developing,physics_weibull_v5,2,-1,,
4099,3,cavitation,0.077,early,physics_weibull_v5,2,-1,,
4100,3,cavitation,0.3395,developing,physics_weibull_v5,2,-1,,
4101,3,cavitation,0.934,advanced,physics_weibull_v5,2,-1,,
4102,3,cavitation,0.0939,early,physics_weibull_v5,2,-1,,
4103,3,cavitation,0.727,advanced,physics_weibull_v5,2,-1,,
4104,3,cavitation,0.6777,advanced,physics_weibull_v5,2,-1,,
4105,3,cavitation,0.1731,early,physics_weibull_v5,2,-1,,
4106,3,cavitation,0.6007,developing,physics_weibull_v5,2,-1,,
4107,3,cavitation,0.0722,early,physics_weibull_v5,2,-1,,
4108,3,cavitation,0.5319,developing,physics_weibull_v5,2,-1,,
4109,3,cavitation,0.4599,developing,physics_weibull_v5,2,-1,,
4110,3,cavitation,0.9073,advanced,physics_weibull_v5,2,-1,,
4111,3,cavitation,0.0745,early,physics_weibull_v5,2,-1,,
4112,3,cavitation,0.4753,developing,physics_weibull_v5,2,-1,,
4113,3,cavitation,0.05,early,physics_weibull_v5,2,-1,,
4114,3,cavitation,0.5462,developing,physics_weibull_v5,2,-1,,
4115,3,cavitation,0.0648,early,physics_weibull_v5,2,-1,,
4116,3,cavitation,0.4843,developing,physics_weibull_v5,2,-1,,
4117,3,cavitation,0.4949,developing,physics_weibull_v5,2,-1,,
4118,3,cavitation,0.57,developing,physics_weibull_v5,2,-1,,
4119,3,cavitation,0.6116,developing,physics_weibull_v5,2,-1,,
4120,3,cavitation,0.6093,developing,physics_weibull_v5,2,-1,,
4121,3,cavitation,0.1638,early,physics_weibull_v5,2,-1,,
4122,3,cavitation,0.565,developing,physics_weibull_v5,2,-1,,
4123,3,cavitation,0.1069,early,physics_weibull_v5,2,-1,,
4124,3,cavitation,0.3601,developing,physics_weibull_v5,2,-1,,
4125,3,cavitation,0.427,developing,physics_weibull_v5,2,-1,,
4126,3,cavitation,0.05,early,physics_weibull_v5,2,-1,,
4127,3,cavitation,0.5277,developing,physics_weibull_v5,2,-1,,
4128,3,cavitation,0.4766,developing,physics_weibull_v5,2,-1,,
4129,3,cavitation,0.4602,developing,physics_weibull_v5,2,-1,,
4130,3,cavitation,0.6223,developing,physics_weibull_v5,2,-1,,
4131,3,cavitation,0.05,early,physics_weibull_v5,2,-1,,
4132,3,cavitation,0.2654,early,physics_weibull_v5,2,-1,,
4133,3,cavitation,0.05,early,physics_weibull_v5,2,-1,,
4134,3,cavitation,0.2984,early,physics_weibull_v5,2,-1,,
4135,3,cavitation,0.7525,advanced,physics_weibull_v5,2,-1,,
4136,3,cavitation,0.1944,early,physics_weibull_v5,2,-1,,
4137,3,cavitation,0.5794,developing,physics_weibull_v5,2,-1,,
4138,3,cavitation,0.05,early,physics_weibull_v5,2,-1,,
4139,3,cavitation,0.0632,early,physics_weibull_v5,2,-1,,
4140,3,cavitation,0.05,early,physics_weibull_v5,2,-1,,
4141,3,cavitation,0.7815,advanced,physics_weibull_v5,2,-1,,
4142,3,cavitation,0.45,developing,physics_weibull_v5,2,-1,,
4143,3,cavitation,0.05,early,physics_weibull_v5,2,-1,,
4144,3,cavitation,0.0506,early,physics_weibull_v5,2,-1,,
4145,3,cavitation,0.05,early,physics_weibull_v5,2,-1,,
4146,3,cavitation,0.0575,early,physics_weibull_v5,2,-1,,
4147,3,cavitation,0.4451,developing,physics_weibull_v5,2,-1,,
4148,3,cavitation,0.05,early,physics_weibull_v5,2,-1,,
4149,3,cavitation,0.0705,early,physics_weibull_v5,2,-1,,
4150,3,cavitation,0.5353,developing,physics_weibull_v5,2,-1,,
4151,3,cavitation,0.1028,early,physics_weibull_v5,2,-1,,
4152,3,cavitation,0.3842,developing,physics_weibull_v5,2,-1,,
4153,3,cavitation,0.117,early,physics_weibull_v5,2,-1,,
4154,3,cavitation,0.3253,developing,physics_weibull_v5,2,-1,,
4155,3,cavitation,0.1209,early,physics_weibull_v5,2,-1,,
4156,3,cavitation,0.7415,advanced,physics_weibull_v5,2,-1,,
4157,3,cavitation,0.0826,early,physics_weibull_v5,2,-1,,
4158,3,cavitation,0.8498,advanced,physics_weibull_v5,2,-1,,
4159,3,cavitation,0.862,advanced,physics_weibull_v5,2,-1,,
4160,3,cavitation,0.2728,early,physics_weibull_v5,2,-1,,
4161,3,cavitation,0.2985,early,physics_weibull_v5,2,-1,,
4162,3,cavitation,0.0978,early,physics_weibull_v5,2,-1,,
4163,3,cavitation,0.7795,advanced,physics_weibull_v5,2,-1,,
4164,3,cavitation,0.1297,early,physics_weibull_v5,2,-1,,
4165,3,cavitation,0.1515,early,physics_weibull_v5,2,-1,,
4166,3,cavitation,0.1608,early,physics_weibull_v5,2,-1,,
4167,3,cavitation,0.0841,early,physics_weibull_v5,2,-1,,
4168,3,cavitation,0.226,early,physics_weibull_v5,2,-1,,
4169,3,cavitation,0.6827,advanced,physics_weibull_v5,2,-1,,
4170,3,cavitation,0.05,early,physics_weibull_v5,2,-1,,
4171,3,cavitation,0.9877,advanced,physics_weibull_v5,2,-1,,
4172,3,cavitation,0.6936,advanced,physics_weibull_v5,2,-1,,
4173,3,cavitation,0.4115,developing,physics_weibull_v5,2,-1,,
4174,3,cavitation,0.3291,developing,physics_weibull_v5,2,-1,,
4175,3,cavitation,0.1527,early,physics_weibull_v5,2,-1,,
4176,3,cavitation,0.05,early,physics_weibull_v5,2,-1,,
4177,3,cavitation,0.125,early,physics_weibull_v5,2,-1,,
4178,3,cavitation,0.185,early,physics_weibull_v5,2,-1,,
4179,3,cavitation,0.1525,early,physics_weibull_v5,2,-1,,
4180,3,cavitation,0.458,developing,physics_weibull_v5,2,-1,,
4181,3,cavitation,0.2534,early,physics_weibull_v5,2,-1,,
4182,3,cavitation,0.4965,developing,physics_weibull_v5,2,-1,,
4183,3,cavitation,0.645,developing,physics_weibull_v5,2,-1,,
4184,3,cavitation,0.05,early,physics_weibull_v5,2,-1,,
4185,3,cavitation,0.667,advanced,physics_weibull_v5,2,-1,,
4186,3,cavitation,0.4704,developing,physics_weibull_v5,2,-1,,
4187,3,cavitation,0.4812,developing,physics_weibull_v5,2,-1,,
4188,3,cavitation,0.3238,developing,physics_weibull_v5,2,-1,,
4189,3,cavitation,0.0607,early,physics_weibull_v5,2,-1,,
4190,3,cavitation,0.6078,developing,physics_weibull_v5,2,-1,,
4191,3,cavitation,0.05,early,physics_weibull_v5,2,-1,,
4192,3,cavitation,0.3624,developing,physics_weibull_v5,2,-1,,
4193,3,cavitation,0.3854,developing,physics_weibull_v5,2,-1,,
4194,3,cavitation,0.0681,early,physics_weibull_v5,2,-1,,
4195,3,cavitation,0.05,early,physics_weibull_v5,2,-1,,
4196,3,cavitation,0.2019,early,physics_weibull_v5,2,-1,,
4197,3,cavitation,0.05,early,physics_weibull_v5,2,-1,,
4198,3,cavitation,0.6385,developing,physics_weibull_v5,2,-1,,
4199,3,cavitation,0.2416,early,physics_weibull_v5,2,-1,,
4200,3,cavitation,0.1554,early,physics_weibull_v5,2,-1,,
4201,3,cavitation,0.4739,developing,physics_weibull_v5,2,-1,,
4202,3,cavitation,0.8348,advanced,physics_weibull_v5,2,-1,,
4203,3,cavitation,0.05,early,physics_weibull_v5,2,-1,,
4204,3,cavitation,0.05,early,physics_weibull_v5,2,-1,,
4205,3,cavitation,0.6437,developing,physics_weibull_v5,2,-1,,
4206,3,cavitation,0.05,early,physics_weibull_v5,2,-1,,
4207,3,cavitation,0.0843,early,physics_weibull_v5,2,-1,,
4208,3,cavitation,0.05,early,physics_weibull_v5,2,-1,,
4209,3,cavitation,0.05,early,physics_weibull_v5,2,-1,,
4210,3,cavitation,0.6159,developing,physics_weibull_v5,2,-1,,
4211,3,cavitation,0.05,early,physics_weibull_v5,2,-1,,
4212,3,cavitation,0.6645,advanced,physics_weibull_v5,2,-1,,
4213,3,cavitation,0.0919,early,physics_weibull_v5,2,-1,,
4214,3,cavitation,0.1569,early,physics_weibull_v5,2,-1,,
4215,3,cavitation,0.5613,developing,physics_weibull_v5,2,-1,,
4216,3,cavitation,0.5943,developing,physics_weibull_v5,2,-1,,
4217,3,cavitation,0.2512,early,physics_weibull_v5,2,-1,,
4218,3,cavitation,0.2331,early,physics_weibull_v5,2,-1,,
4219,3,cavitation,0.05,early,physics_weibull_v5,2,-1,,
4220,3,cavitation,0.05,early,physics_weibull_v5,2,-1,,
4221,3,cavitation,0.4153,developing,physics_weibull_v5,2,-1,,
4222,3,cavitation,0.7745,advanced,physics_weibull_v5,2,-1,,
4223,3,cavitation,0.9525,advanced,physics_weibull_v5,2,-1,,
4224,3,cavitation,0.3697,developing,physics_weibull_v5,2,-1,,
4225,3,cavitation,0.384,developing,physics_weibull_v5,2,-1,,
4226,3,cavitation,0.0756,early,physics_weibull_v5,2,-1,,
4227,3,cavitation,0.1614,early,physics_weibull_v5,2,-1,,
4228,3,cavitation,0.6378,developing,physics_weibull_v5,2,-1,,
4229,3,cavitation,0.8555,advanced,physics_weibull_v5,2,-1,,
4230,3,cavitation,0.4278,developing,physics_weibull_v5,2,-1,,
4231,3,cavitation,0.05,early,physics_weibull_v5,2,-1,,
4232,3,cavitation,0.05,early,physics_weibull_v5,2,-1,,
4233,3,cavitation,0.0752,early,physics_weibull_v5,2,-1,,
4234,3,cavitation,0.7656,advanced,physics_weibull_v5,2,-1,,
4235,3,cavitation,0.05,early,physics_weibull_v5,2,-1,,
4236,3,cavitation,0.05,early,physics_weibull_v5,2,-1,,
4237,3,cavitation,0.0673,early,physics_weibull_v5,2,-1,,
4238,3,cavitation,0.432,developing,physics_weibull_v5,2,-1,,
4239,3,cavitation,0.7189,advanced,physics_weibull_v5,2,-1,,
4240,3,cavitation,0.2165,early,physics_weibull_v5,2,-1,,
4241,3,cavitation,0.1655,early,physics_weibull_v5,2,-1,,
4242,3,cavitation,0.4048,developing,physics_weibull_v5,2,-1,,
4243,3,cavitation,0.05,early,physics_weibull_v5,2,-1,,
4244,3,cavitation,0.6526,advanced,physics_weibull_v5,2,-1,,
4245,3,cavitation,0.9405,advanced,physics_weibull_v5,2,-1,,
4246,3,cavitation,0.1734,early,physics_weibull_v5,2,-1,,
4247,3,cavitation,0.1318,early,physics_weibull_v5,2,-1,,
4248,3,cavitation,0.5782,developing,physics_weibull_v5,2,-1,,
4249,3,cavitation,0.3022,developing,physics_weibull_v5,2,-1,,
4250,3,cavitation,0.05,early,physics_weibull_v5,2,-1,,
4251,3,cavitation,0.3131,developing,physics_weibull_v5,2,-1,,
4252,3,cavitation,0.2145,early,physics_weibull_v5,2,-1,,
4253,3,cavitation,0.1005,early,physics_weibull_v5,2,-1,,
4254,3,cavitation,0.5124,developing,physics_weibull_v5,2,-1,,
4255,3,cavitation,0.05,early,physics_weibull_v5,2,-1,,
4256,3,cavitation,0.0961,early,physics_weibull_v5,2,-1,,
4257,3,cavitation,0.4125,developing,physics_weibull_v5,2,-1,,
4258,3,cavitation,0.2599,early,physics_weibull_v5,2,-1,,
4259,3,cavitation,0.05,early,physics_weibull_v5,2,-1,,
4260,3,cavitation,0.4662,developing,physics_weibull_v5,2,-1,,
4261,3,cavitation,0.5651,developing,physics_weibull_v5,2,-1,,
4262,3,cavitation,0.1519,early,physics_weibull_v5,2,-1,,
4263,3,cavitation,0.0771,early,physics_weibull_v5,2,-1,,
4264,3,cavitation,0.729,advanced,physics_weibull_v5,2,-1,,
4265,3,cavitation,0.1912,early,physics_weibull_v5,2,-1,,
4266,3,cavitation,0.05,early,physics_weibull_v5,2,-1,,
4267,3,cavitation,0.1279,early,physics_weibull_v5,2,-1,,
4268,3,cavitation,0.0926,early,physics_weibull_v5,2,-1,,
4269,3,cavitation,0.7333,advanced,physics_weibull_v5,2,-1,,
4270,3,cavitation,0.333,developing,physics_weibull_v5,2,-1,,
4271,3,cavitation,0.5384,developing,physics_weibull_v5,2,-1,,
4272,3,cavitation,0.856,advanced,physics_weibull_v5,2,-1,,
4273,3,cavitation,0.3046,developing,physics_weibull_v5,2,-1,,
4274,3,cavitation,0.2037,early,physics_weibull_v5,2,-1,,
4275,3,cavitation,0.5041,developing,physics_weibull_v5,2,-1,,
4276,3,cavitation,0.384,developing,physics_weibull_v5,2,-1,,
4277,3,cavitation,0.6358,developing,physics_weibull_v5,2,-1,,
4278,3,cavitation,0.0639,early,physics_weibull_v5,2,-1,,
4279,3,cavitation,0.6836,advanced,physics_weibull_v5,2,-1,,
4280,3,cavitation,0.6903,advanced,physics_weibull_v5,2,-1,,
4281,3,cavitation,0.1292,early,physics_weibull_v5,2,-1,,
4282,3,cavitation,0.0691,early,physics_weibull_v5,2,-1,,
4283,3,cavitation,0.1349,early,physics_weibull_v5,2,-1,,
4284,3,cavitation,0.05,early,physics_weibull_v5,2,-1,,
4285,3,cavitation,0.4744,developing,physics_weibull_v5,2,-1,,
4286,3,cavitation,0.2225,early,physics_weibull_v5,2,-1,,
4287,3,cavitation,0.9775,advanced,physics_weibull_v5,2,-1,,
4288,3,cavitation,0.4205,developing,physics_weibull_v5,2,-1,,
4289,3,cavitation,0.5992,developing,physics_weibull_v5,2,-1,,
4290,3,cavitation,0.402,developing,physics_weibull_v5,2,-1,,
4291,3,cavitation,0.1524,early,physics_weibull_v5,2,-1,,
4292,3,cavitation,0.5527,developing,physics_weibull_v5,2,-1,,
4293,3,cavitation,0.4028,developing,physics_weibull_v5,2,-1,,
4294,3,cavitation,0.0506,early,physics_weibull_v5,2,-1,,
4295,3,cavitation,0.2013,early,physics_weibull_v5,2,-1,,
4296,3,cavitation,0.3232,developing,physics_weibull_v5,2,-1,,
4297,3,cavitation,0.5275,developing,physics_weibull_v5,2,-1,,
4298,3,cavitation,0.0899,early,physics_weibull_v5,2,-1,,
4299,3,cavitation,0.05,early,physics_weibull_v5,2,-1,,
4300,3,cavitation,0.187,early,physics_weibull_v5,2,-1,,
4301,3,cavitation,0.196,early,physics_weibull_v5,2,-1,,
4302,3,cavitation,0.2365,early,physics_weibull_v5,2,-1,,
4303,3,cavitation,0.05,early,physics_weibull_v5,2,-1,,
4304,3,cavitation,0.05,early,physics_weibull_v5,2,-1,,
4305,3,cavitation,0.05,early,physics_weibull_v5,2,-1,,
4306,3,cavitation,0.5955,developing,physics_weibull_v5,2,-1,,
4307,3,cavitation,0.4338,developing,physics_weibull_v5,2,-1,,
4308,3,cavitation,0.8565,advanced,physics_weibull_v5,2,-1,,
4309,3,cavitation,0.4497,developing,physics_weibull_v5,2,-1,,
4310,3,cavitation,0.4292,developing,physics_weibull_v5,2,-1,,
4311,3,cavitation,0.3357,developing,physics_weibull_v5,2,-1,,
4312,3,cavitation,0.4749,developing,physics_weibull_v5,2,-1,,
4313,3,cavitation,0.5387,developing,physics_weibull_v5,2,-1,,
4314,3,cavitation,0.2397,early,physics_weibull_v5,2,-1,,
4315,3,cavitation,0.4497,developing,physics_weibull_v5,2,-1,,
4316,3,cavitation,0.7996,advanced,physics_weibull_v5,2,-1,,
4317,3,cavitation,0.05,early,physics_weibull_v5,2,-1,,
4318,3,cavitation,0.6036,developing,physics_weibull_v5,2,-1,,
4319,3,cavitation,0.05,early,physics_weibull_v5,2,-1,,
4320,3,cavitation,0.426,developing,physics_weibull_v5,2,-1,,
4321,3,cavitation,0.5744,developing,physics_weibull_v5,2,-1,,
4322,3,cavitation,0.4051,developing,physics_weibull_v5,2,-1,,
4323,3,cavitation,0.6937,advanced,physics_weibull_v5,2,-1,,
4324,3,cavitation,0.2102,early,physics_weibull_v5,2,-1,,
4325,3,cavitation,0.8771,advanced,physics_weibull_v5,2,-1,,
4326,3,cavitation,0.7341,advanced,physics_weibull_v5,2,-1,,
4327,3,cavitation,0.05,early,physics_weibull_v5,2,-1,,
4328,3,cavitation,0.7153,advanced,physics_weibull_v5,2,-1,,
4329,3,cavitation,0.2289,early,physics_weibull_v5,2,-1,,
4330,3,cavitation,0.3131,developing,physics_weibull_v5,2,-1,,
4331,3,cavitation,0.1719,early,physics_weibull_v5,2,-1,,
4332,3,cavitation,0.11,early,physics_weibull_v5,2,-1,,
4333,3,cavitation,0.7038,advanced,physics_weibull_v5,2,-1,,
4334,3,cavitation,0.5663,developing,physics_weibull_v5,2,-1,,
4335,3,cavitation,0.1284,early,physics_weibull_v5,2,-1,,
4336,3,cavitation,0.2127,early,physics_weibull_v5,2,-1,,
4337,3,cavitation,0.05,early,physics_weibull_v5,2,-1,,
4338,3,cavitation,0.6632,advanced,physics_weibull_v5,2,-1,,
4339,3,cavitation,0.1928,early,physics_weibull_v5,2,-1,,
4340,3,cavitation,0.05,early,physics_weibull_v5,2,-1,,
4341,3,cavitation,0.05,early,physics_weibull_v5,2,-1,,
4342,3,cavitation,0.05,early,physics_weibull_v5,2,-1,,
4343,3,cavitation,0.9278,advanced,physics_weibull_v5,2,-1,,
4344,3,cavitation,0.05,early,physics_weibull_v5,2,-1,,
4345,3,cavitation,0.3363,developing,physics_weibull_v5,2,-1,,
4346,3,cavitation,0.5126,developing,physics_weibull_v5,2,-1,,
4347,3,cavitation,0.1051,early,physics_weibull_v5,2,-1,,
4348,3,cavitation,0.1142,early,physics_weibull_v5,2,-1,,
4349,3,cavitation,0.1321,early,physics_weibull_v5,2,-1,,
4350,3,cavitation,0.5859,developing,physics_weibull_v5,2,-1,,
4351,3,cavitation,0.5945,developing,physics_weibull_v5,2,-1,,
4352,3,cavitation,0.485,developing,physics_weibull_v5,2,-1,,
4353,3,cavitation,0.1231,early,physics_weibull_v5,2,-1,,
4354,3,cavitation,0.3565,developing,physics_weibull_v5,2,-1,,
4355,3,cavitation,0.2153,early,physics_weibull_v5,2,-1,,
4356,3,cavitation,0.3957,developing,physics_weibull_v5,2,-1,,
4357,3,cavitation,0.05,early,physics_weibull_v5,2,-1,,
4358,3,cavitation,0.2897,early,physics_weibull_v5,2,-1,,
4359,3,cavitation,0.4486,developing,physics_weibull_v5,2,-1,,
4360,3,cavitation,0.629,developing,physics_weibull_v5,2,-1,,
4361,3,cavitation,0.0773,early,physics_weibull_v5,2,-1,,
4362,3,cavitation,0.05,early,physics_weibull_v5,2,-1,,
4363,3,cavitation,0.6621,advanced,physics_weibull_v5,2,-1,,
4364,3,cavitation,0.1071,early,physics_weibull_v5,2,-1,,
4365,3,cavitation,0.1618,early,physics_weibull_v5,2,-1,,
4366,3,cavitation,0.05,early,physics_weibull_v5,2,-1,,
4367,3,cavitation,0.1389,early,physics_weibull_v5,2,-1,,
4368,3,cavitation,0.4752,developing,physics_weibull_v5,2,-1,,
4369,3,cavitation,0.9442,advanced,physics_weibull_v5,2,-1,,
4370,3,cavitation,0.6751,advanced,physics_weibull_v5,2,-1,,
4371,3,cavitation,0.1641,early,physics_weibull_v5,2,-1,,
4372,3,cavitation,0.1053,early,physics_weibull_v5,2,-1,,
4373,3,cavitation,0.3719,developing,physics_weibull_v5,2,-1,,
4374,3,cavitation,0.0583,early,physics_weibull_v5,2,-1,,
4375,3,cavitation,0.6939,advanced,physics_weibull_v5,2,-1,,
4376,3,cavitation,0.3061,developing,physics_weibull_v5,2,-1,,
4377,3,cavitation,0.477,developing,physics_weibull_v5,2,-1,,
4378,3,cavitation,0.1664,early,physics_weibull_v5,2,-1,,
4379,3,cavitation,0.4018,developing,physics_weibull_v5,2,-1,,
4380,3,cavitation,0.05,early,physics_weibull_v5,2,-1,,
4381,3,cavitation,0.05,early,physics_weibull_v5,2,-1,,
4382,3,cavitation,0.05,early,physics_weibull_v5,2,-1,,
4383,3,cavitation,0.7871,advanced,physics_weibull_v5,2,-1,,
4384,3,cavitation,0.05,early,physics_weibull_v5,2,-1,,
4385,3,cavitation,0.4793,developing,physics_weibull_v5,2,-1,,
4386,3,cavitation,0.5702,developing,physics_weibull_v5,2,-1,,
4387,3,cavitation,0.085,early,physics_weibull_v5,2,-1,,
4388,3,cavitation,0.0938,early,physics_weibull_v5,2,-1,,
4389,3,cavitation,0.05,early,physics_weibull_v5,2,-1,,
4390,3,cavitation,0.0611,early,physics_weibull_v5,2,-1,,
4391,3,cavitation,0.9419,advanced,physics_weibull_v5,2,-1,,
4392,3,cavitation,0.2345,early,physics_weibull_v5,2,-1,,
4393,3,cavitation,0.0559,early,physics_weibull_v5,2,-1,,
4394,3,cavitation,0.7331,advanced,physics_weibull_v5,2,-1,,
4395,3,cavitation,0.306,developing,physics_weibull_v5,2,-1,,
4396,3,cavitation,0.6307,developing,physics_weibull_v5,2,-1,,
4397,3,cavitation,0.4812,developing,physics_weibull_v5,2,-1,,
4398,3,cavitation,0.7481,advanced,physics_weibull_v5,2,-1,,
4399,3,cavitation,0.05,early,physics_weibull_v5,2,-1,,
4400,3,cavitation,0.05,early,physics_weibull_v5,2,-1,,
4401,3,cavitation,0.05,early,physics_weibull_v5,2,-1,,
4402,3,cavitation,0.3201,developing,physics_weibull_v5,2,-1,,
4403,3,cavitation,0.1677,early,physics_weibull_v5,2,-1,,
4404,3,cavitation,0.5632,developing,physics_weibull_v5,2,-1,,
4405,3,cavitation,0.1841,early,physics_weibull_v5,2,-1,,
4406,3,cavitation,0.05,early,physics_weibull_v5,2,-1,,
4407,3,cavitation,0.6444,developing,physics_weibull_v5,2,-1,,
4408,3,cavitation,0.05,early,physics_weibull_v5,2,-1,,
4409,3,cavitation,0.2387,early,physics_weibull_v5,2,-1,,
4410,3,cavitation,0.05,early,physics_weibull_v5,2,-1,,
4411,3,cavitation,0.0933,early,physics_weibull_v5,2,-1,,
4412,3,cavitation,0.3366,developing,physics_weibull_v5,2,-1,,
4413,3,cavitation,0.2204,early,physics_weibull_v5,2,-1,,
4414,3,cavitation,0.4394,developing,physics_weibull_v5,2,-1,,
4415,3,cavitation,0.1438,early,physics_weibull_v5,2,-1,,
4416,3,cavitation,0.05,early,physics_weibull_v5,2,-1,,
4417,3,cavitation,0.0996,early,physics_weibull_v5,2,-1,,
4418,3,cavitation,0.0787,early,physics_weibull_v5,2,-1,,
4419,3,cavitation,0.05,early,physics_weibull_v5,2,-1,,
4420,3,cavitation,0.3665,developing,physics_weibull_v5,2,-1,,
4421,3,cavitation,0.1269,early,physics_weibull_v5,2,-1,,
4422,3,cavitation,0.05,early,physics_weibull_v5,2,-1,,
4423,3,cavitation,0.4741,developing,physics_weibull_v5,2,-1,,
4424,3,cavitation,0.4457,developing,physics_weibull_v5,2,-1,,
4425,3,cavitation,0.28,early,physics_weibull_v5,2,-1,,
4426,3,cavitation,0.05,early,physics_weibull_v5,2,-1,,
4427,3,cavitation,0.0956,early,physics_weibull_v5,2,-1,,
4428,3,cavitation,0.1093,early,physics_weibull_v5,2,-1,,
4429,3,cavitation,0.05,early,physics_weibull_v5,2,-1,,
4430,3,cavitation,0.4298,developing,physics_weibull_v5,2,-1,,
4431,3,cavitation,0.5816,developing,physics_weibull_v5,2,-1,,
4432,3,cavitation,0.05,early,physics_weibull_v5,2,-1,,
4433,3,cavitation,0.8202,advanced,physics_weibull_v5,2,-1,,
4434,3,cavitation,0.1211,early,physics_weibull_v5,2,-1,,
4435,3,cavitation,0.1623,early,physics_weibull_v5,2,-1,,
4436,3,cavitation,0.05,early,physics_weibull_v5,2,-1,,
4437,3,cavitation,0.8064,advanced,physics_weibull_v5,2,-1,,
4438,3,cavitation,0.3727,developing,physics_weibull_v5,2,-1,,
4439,3,cavitation,0.631,developing,physics_weibull_v5,2,-1,,
4440,3,cavitation,0.8496,advanced,physics_weibull_v5,2,-1,,
4441,3,cavitation,0.3983,developing,physics_weibull_v5,2,-1,,
4442,3,cavitation,0.05,early,physics_weibull_v5,2,-1,,
4443,3,cavitation,0.05,early,physics_weibull_v5,2,-1,,
4444,3,cavitation,0.2234,early,physics_weibull_v5,2,-1,,
4445,3,cavitation,0.4012,developing,physics_weibull_v5,2,-1,,
4446,3,cavitation,0.3906,developing,physics_weibull_v5,2,-1,,
4447,3,cavitation,0.05,early,physics_weibull_v5,2,-1,,
4448,3,cavitation,0.05,early,physics_weibull_v5,2,-1,,
4449,3,cavitation,0.612,developing,physics_weibull_v5,2,-1,,
4450,3,cavitation,0.6348,developing,physics_weibull_v5,2,-1,,
4451,3,cavitation,0.1333,early,physics_weibull_v5,2,-1,,
4452,3,cavitation,0.1206,early,physics_weibull_v5,2,-1,,
4453,3,cavitation,0.1529,early,physics_weibull_v5,2,-1,,
4454,3,cavitation,0.8458,advanced,physics_weibull_v5,2,-1,,
4455,3,cavitation,0.0842,early,physics_weibull_v5,2,-1,,
4456,3,cavitation,0.1022,early,physics_weibull_v5,2,-1,,
4457,3,cavitation,0.1356,early,physics_weibull_v5,2,-1,,
4458,3,cavitation,0.931,advanced,physics_weibull_v5,2,-1,,
4459,3,cavitation,0.1155,early,physics_weibull_v5,2,-1,,
4460,3,cavitation,0.05,early,physics_weibull_v5,2,-1,,
4461,3,cavitation,0.5131,developing,physics_weibull_v5,2,-1,,
4462,3,cavitation,0.05,early,physics_weibull_v5,2,-1,,
4463,3,cavitation,0.0559,early,physics_weibull_v5,2,-1,,
4464,3,cavitation,0.8344,advanced,physics_weibull_v5,2,-1,,
4465,3,cavitation,0.05,early,physics_weibull_v5,2,-1,,
4466,3,cavitation,0.5941,developing,physics_weibull_v5,2,-1,,
4467,3,cavitation,0.05,early,physics_weibull_v5,2,-1,,
4468,3,cavitation,0.05,early,physics_weibull_v5,2,-1,,
4469,3,cavitation,0.1092,early,physics_weibull_v5,2,-1,,
4470,3,cavitation,0.0791,early,physics_weibull_v5,2,-1,,
4471,3,cavitation,0.6455,developing,physics_weibull_v5,2,-1,,
4472,3,cavitation,0.0957,early,physics_weibull_v5,2,-1,,
4473,3,cavitation,0.1732,early,physics_weibull_v5,2,-1,,
4474,3,cavitation,0.05,early,physics_weibull_v5,2,-1,,
4475,3,cavitation,0.1127,early,physics_weibull_v5,2,-1,,
4476,3,cavitation,0.5408,developing,physics_weibull_v5,2,-1,,
4477,3,cavitation,0.9659,advanced,physics_weibull_v5,2,-1,,
4478,3,cavitation,0.0824,early,physics_weibull_v5,2,-1,,
4479,3,cavitation,0.05,early,physics_weibull_v5,2,-1,,
4480,3,cavitation,0.0705,early,physics_weibull_v5,2,-1,,
4481,3,cavitation,0.5992,developing,physics_weibull_v5,2,-1,,
4482,3,cavitation,0.1332,early,physics_weibull_v5,2,-1,,
4483,3,cavitation,0.5628,developing,physics_weibull_v5,2,-1,,
4484,3,cavitation,0.1184,early,physics_weibull_v5,2,-1,,
4485,3,cavitation,0.3476,developing,physics_weibull_v5,2,-1,,
4486,3,cavitation,0.4427,developing,physics_weibull_v5,2,-1,,
4487,3,cavitation,0.05,early,physics_weibull_v5,2,-1,,
4488,3,cavitation,0.0598,early,physics_weibull_v5,2,-1,,
4489,3,cavitation,0.05,early,physics_weibull_v5,2,-1,,
4490,3,cavitation,0.2089,early,physics_weibull_v5,2,-1,,
4491,3,cavitation,0.6182,developing,physics_weibull_v5,2,-1,,
4492,3,cavitation,0.6564,advanced,physics_weibull_v5,2,-1,,
4493,3,cavitation,0.133,early,physics_weibull_v5,2,-1,,
4494,3,cavitation,0.3618,developing,physics_weibull_v5,2,-1,,
4495,3,cavitation,0.4122,developing,physics_weibull_v5,2,-1,,
4496,3,cavitation,0.9941,advanced,physics_weibull_v5,2,-1,,
4497,3,cavitation,0.05,early,physics_weibull_v5,2,-1,,
4498,3,cavitation,0.2692,early,physics_weibull_v5,2,-1,,
4499,3,cavitation,0.5004,developing,physics_weibull_v5,2,-1,,
4500,3,cavitation,0.2671,early,physics_weibull_v5,2,-1,,
4501,3,cavitation,0.05,early,physics_weibull_v5,2,-1,,
4502,3,cavitation,0.966,advanced,physics_weibull_v5,2,-1,,
4503,3,cavitation,0.1685,early,physics_weibull_v5,2,-1,,
4504,3,cavitation,0.05,early,physics_weibull_v5,2,-1,,
4505,3,cavitation,0.1071,early,physics_weibull_v5,2,-1,,
4506,3,cavitation,0.2617,early,physics_weibull_v5,2,-1,,
4507,3,cavitation,0.8889,advanced,physics_weibull_v5,2,-1,,
4508,3,cavitation,0.4488,developing,physics_weibull_v5,2,-1,,
4509,3,cavitation,0.1329,early,physics_weibull_v5,2,-1,,
4510,3,cavitation,0.0746,early,physics_weibull_v5,2,-1,,
4511,3,cavitation,0.442,developing,physics_weibull_v5,2,-1,,
4512,3,cavitation,0.2351,early,physics_weibull_v5,2,-1,,
4513,3,cavitation,0.4436,developing,physics_weibull_v5,2,-1,,
4514,3,cavitation,0.3542,developing,physics_weibull_v5,2,-1,,
4515,3,cavitation,0.05,early,physics_weibull_v5,2,-1,,
4516,3,cavitation,0.1174,early,physics_weibull_v5,2,-1,,
4517,3,cavitation,0.2845,early,physics_weibull_v5,2,-1,,
4518,3,cavitation,0.05,early,physics_weibull_v5,2,-1,,
4519,3,cavitation,0.2917,early,physics_weibull_v5,2,-1,,
4520,3,cavitation,0.053,early,physics_weibull_v5,2,-1,,
4521,3,cavitation,0.05,early,physics_weibull_v5,2,-1,,
4522,3,cavitation,0.1919,early,physics_weibull_v5,2,-1,,
4523,3,cavitation,0.091,early,physics_weibull_v5,2,-1,,
4524,3,cavitation,0.4148,developing,physics_weibull_v5,2,-1,,
4525,3,cavitation,0.3078,developing,physics_weibull_v5,2,-1,,
4526,3,cavitation,0.1098,early,physics_weibull_v5,2,-1,,
4527,3,cavitation,0.1771,early,physics_weibull_v5,2,-1,,
4528,3,cavitation,0.5282,developing,physics_weibull_v5,2,-1,,
4529,3,cavitation,0.1574,early,physics_weibull_v5,2,-1,,
4530,3,cavitation,0.3988,developing,physics_weibull_v5,2,-1,,
4531,3,cavitation,0.2119,early,physics_weibull_v5,2,-1,,
4532,3,cavitation,0.9394,advanced,physics_weibull_v5,2,-1,,
4533,3,cavitation,0.5481,developing,physics_weibull_v5,2,-1,,
4534,3,cavitation,0.0512,early,physics_weibull_v5,2,-1,,
4535,3,cavitation,0.05,early,physics_weibull_v5,2,-1,,
4536,3,cavitation,0.2443,early,physics_weibull_v5,2,-1,,
4537,3,cavitation,0.335,developing,physics_weibull_v5,2,-1,,
4538,3,cavitation,0.5736,developing,physics_weibull_v5,2,-1,,
4539,3,cavitation,0.5343,developing,physics_weibull_v5,2,-1,,
4540,3,cavitation,0.0563,early,physics_weibull_v5,2,-1,,
4541,3,cavitation,0.05,early,physics_weibull_v5,2,-1,,
4542,3,cavitation,0.565,developing,physics_weibull_v5,2,-1,,
4543,3,cavitation,0.7993,advanced,physics_weibull_v5,2,-1,,
4544,3,cavitation,0.2399,early,physics_weibull_v5,2,-1,,
4545,3,cavitation,0.4277,developing,physics_weibull_v5,2,-1,,
4546,3,cavitation,0.5487,developing,physics_weibull_v5,2,-1,,
4547,3,cavitation,0.9449,advanced,physics_weibull_v5,2,-1,,
4548,3,cavitation,0.05,early,physics_weibull_v5,2,-1,,
4549,3,cavitation,0.4649,developing,physics_weibull_v5,2,-1,,
4550,3,cavitation,0.5208,developing,physics_weibull_v5,2,-1,,
4551,3,cavitation,0.7925,advanced,physics_weibull_v5,2,-1,,
4552,3,cavitation,0.05,early,physics_weibull_v5,2,-1,,
4553,3,cavitation,0.9569,advanced,physics_weibull_v5,2,-1,,
4554,3,cavitation,0.6385,developing,physics_weibull_v5,2,-1,,
4555,3,cavitation,0.05,early,physics_weibull_v5,2,-1,,
4556,3,cavitation,0.4083,developing,physics_weibull_v5,2,-1,,
4557,3,cavitation,0.7516,advanced,physics_weibull_v5,2,-1,,
4558,3,cavitation,0.3854,developing,physics_weibull_v5,2,-1,,
4559,3,cavitation,0.5935,developing,physics_weibull_v5,2,-1,,
4560,3,cavitation,0.2679,early,physics_weibull_v5,2,-1,,
4561,3,cavitation,0.4008,developing,physics_weibull_v5,2,-1,,
4562,3,cavitation,0.6488,developing,physics_weibull_v5,2,-1,,
4563,3,cavitation,0.1282,early,physics_weibull_v5,2,-1,,
4564,3,cavitation,0.05,early,physics_weibull_v5,2,-1,,
4565,3,cavitation,0.05,early,physics_weibull_v5,2,-1,,
4566,3,cavitation,0.1116,early,physics_weibull_v5,2,-1,,
4567,3,cavitation,0.05,early,physics_weibull_v5,2,-1,,
4568,3,cavitation,0.8617,advanced,physics_weibull_v5,2,-1,,
4569,3,cavitation,0.7308,advanced,physics_weibull_v5,2,-1,,
4570,3,cavitation,0.05,early,physics_weibull_v5,2,-1,,
4571,3,cavitation,0.0676,early,physics_weibull_v5,2,-1,,
4572,3,cavitation,0.05,early,physics_weibull_v5,2,-1,,
4573,3,cavitation,0.5017,developing,physics_weibull_v5,2,-1,,
4574,3,cavitation,0.1275,early,physics_weibull_v5,2,-1,,
4575,3,cavitation,0.733,advanced,physics_weibull_v5,2,-1,,
4576,3,cavitation,0.4367,developing,physics_weibull_v5,2,-1,,
4577,3,cavitation,0.1075,early,physics_weibull_v5,2,-1,,
4578,3,cavitation,0.4169,developing,physics_weibull_v5,2,-1,,
4579,3,cavitation,0.1812,early,physics_weibull_v5,2,-1,,
4580,3,cavitation,0.05,early,physics_weibull_v5,2,-1,,
4581,3,cavitation,0.157,early,physics_weibull_v5,2,-1,,
4582,3,cavitation,0.6056,developing,physics_weibull_v5,2,-1,,
4583,3,cavitation,0.0766,early,physics_weibull_v5,2,-1,,
4584,3,cavitation,0.22,early,physics_weibull_v5,2,-1,,
4585,3,cavitation,0.5483,developing,physics_weibull_v5,2,-1,,
4586,3,cavitation,0.8773,advanced,physics_weibull_v5,2,-1,,
4587,3,cavitation,0.6477,developing,physics_weibull_v5,2,-1,,
4588,3,cavitation,0.9182,advanced,physics_weibull_v5,2,-1,,
4589,3,cavitation,0.05,early,physics_weibull_v5,2,-1,,
4590,3,cavitation,0.3735,developing,physics_weibull_v5,2,-1,,
4591,3,cavitation,0.1577,early,physics_weibull_v5,2,-1,,
4592,3,cavitation,0.2086,early,physics_weibull_v5,2,-1,,
4593,3,cavitation,0.7894,advanced,physics_weibull_v5,2,-1,,
4594,3,cavitation,0.1627,early,physics_weibull_v5,2,-1,,
4595,3,cavitation,0.3172,developing,physics_weibull_v5,2,-1,,
4596,3,cavitation,0.1489,early,physics_weibull_v5,2,-1,,
4597,3,cavitation,0.9813,advanced,physics_weibull_v5,2,-1,,
4598,3,cavitation,0.7553,advanced,physics_weibull_v5,2,-1,,
4599,3,cavitation,0.1086,early,physics_weibull_v5,2,-1,,
4600,3,cavitation,0.2281,early,physics_weibull_v5,2,-1,,
4601,3,cavitation,0.4312,developing,physics_weibull_v5,2,-1,,
4602,3,cavitation,0.3266,developing,physics_weibull_v5,2,-1,,
4603,3,cavitation,0.6366,developing,physics_weibull_v5,2,-1,,
4604,3,cavitation,0.5325,developing,physics_weibull_v5,2,-1,,
4605,3,cavitation,0.05,early,physics_weibull_v5,2,-1,,
4606,3,cavitation,0.5303,developing,physics_weibull_v5,2,-1,,
4607,3,cavitation,0.0662,early,physics_weibull_v5,2,-1,,
4608,3,cavitation,0.0997,early,physics_weibull_v5,2,-1,,
4609,3,cavitation,0.3687,developing,physics_weibull_v5,2,-1,,
4610,3,cavitation,0.5675,developing,physics_weibull_v5,2,-1,,
4611,3,cavitation,0.6307,developing,physics_weibull_v5,2,-1,,
4612,3,cavitation,0.0825,early,physics_weibull_v5,2,-1,,
4613,3,cavitation,0.2294,early,physics_weibull_v5,2,-1,,
4614,3,cavitation,0.3685,developing,physics_weibull_v5,2,-1,,
4615,3,cavitation,0.6543,advanced,physics_weibull_v5,2,-1,,
4616,3,cavitation,0.05,early,physics_weibull_v5,2,-1,,
4617,3,cavitation,0.6303,developing,physics_weibull_v5,2,-1,,
4618,3,cavitation,0.4382,developing,physics_weibull_v5,2,-1,,
4619,3,cavitation,0.1939,early,physics_weibull_v5,2,-1,,
4620,3,cavitation,0.3636,developing,physics_weibull_v5,2,-1,,
4621,3,cavitation,0.5776,developing,physics_weibull_v5,2,-1,,
4622,3,cavitation,0.05,early,physics_weibull_v5,2,-1,,
4623,3,cavitation,0.6859,advanced,physics_weibull_v5,2,-1,,
4624,3,cavitation,0.7815,advanced,physics_weibull_v5,2,-1,,
4625,3,cavitation,0.05,early,physics_weibull_v5,2,-1,,
4626,3,cavitation,0.2532,early,physics_weibull_v5,2,-1,,
4627,3,cavitation,0.5508,developing,physics_weibull_v5,2,-1,,
4628,3,cavitation,0.05,early,physics_weibull_v5,2,-1,,
4629,3,cavitation,0.2156,early,physics_weibull_v5,2,-1,,
4630,3,cavitation,0.4759,developing,physics_weibull_v5,2,-1,,
4631,3,cavitation,0.1555,early,physics_weibull_v5,2,-1,,
4632,3,cavitation,0.5705,developing,physics_weibull_v5,2,-1,,
4633,3,cavitation,0.05,early,physics_weibull_v5,2,-1,,
4634,3,cavitation,0.0632,early,physics_weibull_v5,2,-1,,
4635,3,cavitation,0.3773,developing,physics_weibull_v5,2,-1,,
4636,3,cavitation,0.05,early,physics_weibull_v5,2,-1,,
4637,3,cavitation,0.4366,developing,physics_weibull_v5,2,-1,,
4638,3,cavitation,0.05,early,physics_weibull_v5,2,-1,,
4639,3,cavitation,0.0728,early,physics_weibull_v5,2,-1,,
4640,3,cavitation,0.2846,early,physics_weibull_v5,2,-1,,
4641,3,cavitation,0.0708,early,physics_weibull_v5,2,-1,,
4642,3,cavitation,0.147,early,physics_weibull_v5,2,-1,,
4643,3,cavitation,0.05,early,physics_weibull_v5,2,-1,,
4644,3,cavitation,0.5573,developing,physics_weibull_v5,2,-1,,
4645,3,cavitation,0.3236,developing,physics_weibull_v5,2,-1,,
4646,3,cavitation,0.3801,developing,physics_weibull_v5,2,-1,,
4647,3,cavitation,0.0864,early,physics_weibull_v5,2,-1,,
4648,3,cavitation,0.1435,early,physics_weibull_v5,2,-1,,
4649,3,cavitation,0.7537,advanced,physics_weibull_v5,2,-1,,
4650,3,cavitation,0.05,early,physics_weibull_v5,2,-1,,
4651,3,cavitation,0.05,early,physics_weibull_v5,2,-1,,
4652,3,cavitation,0.1332,early,physics_weibull_v5,2,-1,,
4653,3,cavitation,0.4613,developing,physics_weibull_v5,2,-1,,
4654,3,cavitation,0.0524,early,physics_weibull_v5,2,-1,,
4655,3,cavitation,0.1218,early,physics_weibull_v5,2,-1,,
4656,3,cavitation,0.1213,early,physics_weibull_v5,2,-1,,
4657,3,cavitation,0.1418,early,physics_weibull_v5,2,-1,,
4658,3,cavitation,0.4998,developing,physics_weibull_v5,2,-1,,
4659,3,cavitation,0.4814,developing,physics_weibull_v5,2,-1,,
4660,3,cavitation,0.05,early,physics_weibull_v5,2,-1,,
4661,3,cavitation,0.05,early,physics_weibull_v5,2,-1,,
4662,3,cavitation,0.05,early,physics_weibull_v5,2,-1,,
4663,3,cavitation,0.1637,early,physics_weibull_v5,2,-1,,
4664,3,cavitation,0.1388,early,physics_weibull_v5,2,-1,,
4665,3,cavitation,0.3488,developing,physics_weibull_v5,2,-1,,
4666,3,cavitation,0.135,early,physics_weibull_v5,2,-1,,
4667,3,cavitation,0.0988,early,physics_weibull_v5,2,-1,,
4668,3,cavitation,0.7465,advanced,physics_weibull_v5,2,-1,,
4669,3,cavitation,0.05,early,physics_weibull_v5,2,-1,,
4670,3,cavitation,0.5688,developing,physics_weibull_v5,2,-1,,
4671,3,cavitation,0.05,early,physics_weibull_v5,2,-1,,
4672,3,cavitation,0.0762,early,physics_weibull_v5,2,-1,,
4673,3,cavitation,0.9889,advanced,physics_weibull_v5,2,-1,,
4674,3,cavitation,0.05,early,physics_weibull_v5,2,-1,,
4675,3,cavitation,0.05,early,physics_weibull_v5,2,-1,,
4676,3,cavitation,0.1576,early,physics_weibull_v5,2,-1,,
4677,3,cavitation,0.66,advanced,physics_weibull_v5,2,-1,,
4678,3,cavitation,0.05,early,physics_weibull_v5,2,-1,,
4679,3,cavitation,0.05,early,physics_weibull_v5,2,-1,,
4680,3,cavitation,0.05,early,physics_weibull_v5,2,-1,,
4681,3,cavitation,0.0562,early,physics_weibull_v5,2,-1,,
4682,3,cavitation,0.3283,developing,physics_weibull_v5,2,-1,,
4683,3,cavitation,0.0681,early,physics_weibull_v5,2,-1,,
4684,3,cavitation,0.2537,early,physics_weibull_v5,2,-1,,
4685,3,cavitation,0.4298,developing,physics_weibull_v5,2,-1,,
4686,3,cavitation,0.1052,early,physics_weibull_v5,2,-1,,
4687,3,cavitation,0.4646,developing,physics_weibull_v5,2,-1,,
4688,3,cavitation,0.2758,early,physics_weibull_v5,2,-1,,
4689,3,cavitation,0.7678,advanced,physics_weibull_v5,2,-1,,
4690,3,cavitation,0.7742,advanced,physics_weibull_v5,2,-1,,
4691,3,cavitation,0.05,early,physics_weibull_v5,2,-1,,
4692,3,cavitation,0.05,early,physics_weibull_v5,2,-1,,
4693,3,cavitation,0.1939,early,physics_weibull_v5,2,-1,,
4694,3,cavitation,0.3446,developing,physics_weibull_v5,2,-1,,
4695,3,cavitation,0.6062,developing,physics_weibull_v5,2,-1,,
4696,3,cavitation,0.2861,early,physics_weibull_v5,2,-1,,
4697,3,cavitation,0.9036,advanced,physics_weibull_v5,2,-1,,
4698,3,cavitation,0.1448,early,physics_weibull_v5,2,-1,,
4699,3,cavitation,0.6552,advanced,physics_weibull_v5,2,-1,,
4700,3,cavitation,0.15,early,physics_weibull_v5,2,-1,,
4701,3,cavitation,0.3306,developing,physics_weibull_v5,2,-1,,
4702,3,cavitation,0.8382,advanced,physics_weibull_v5,2,-1,,
4703,3,cavitation,0.3686,developing,physics_weibull_v5,2,-1,,
4704,3,cavitation,0.4321,developing,physics_weibull_v5,2,-1,,
4705,3,cavitation,0.05,early,physics_weibull_v5,2,-1,,
4706,3,cavitation,0.5079,developing,physics_weibull_v5,2,-1,,
4707,3,cavitation,0.7045,advanced,physics_weibull_v5,2,-1,,
4708,3,cavitation,0.05,early,physics_weibull_v5,2,-1,,
4709,3,cavitation,0.2336,early,physics_weibull_v5,2,-1,,
4710,3,cavitation,0.05,early,physics_weibull_v5,2,-1,,
4711,3,cavitation,0.05,early,physics_weibull_v5,2,-1,,
4712,3,cavitation,0.1547,early,physics_weibull_v5,2,-1,,
4713,3,cavitation,0.0717,early,physics_weibull_v5,2,-1,,
4714,3,cavitation,0.2693,early,physics_weibull_v5,2,-1,,
4715,3,cavitation,0.4996,developing,physics_weibull_v5,2,-1,,
4716,3,cavitation,0.0856,early,physics_weibull_v5,2,-1,,
4717,3,cavitation,0.0723,early,physics_weibull_v5,2,-1,,
4718,3,cavitation,0.3958,developing,physics_weibull_v5,2,-1,,
4719,3,cavitation,0.05,early,physics_weibull_v5,2,-1,,
4720,3,cavitation,0.4462,developing,physics_weibull_v5,2,-1,,
4721,3,cavitation,0.7481,advanced,physics_weibull_v5,2,-1,,
4722,3,cavitation,0.1333,early,physics_weibull_v5,2,-1,,
4723,3,cavitation,0.3421,developing,physics_weibull_v5,2,-1,,
4724,3,cavitation,0.3492,developing,physics_weibull_v5,2,-1,,
4725,3,cavitation,0.1461,early,physics_weibull_v5,2,-1,,
4726,3,cavitation,0.659,advanced,physics_weibull_v5,2,-1,,
4727,3,cavitation,0.05,early,physics_weibull_v5,2,-1,,
4728,3,cavitation,0.05,early,physics_weibull_v5,2,-1,,
4729,3,cavitation,0.05,early,physics_weibull_v5,2,-1,,
4730,3,cavitation,0.6905,advanced,physics_weibull_v5,2,-1,,
4731,3,cavitation,0.05,early,physics_weibull_v5,2,-1,,
4732,3,cavitation,0.05,early,physics_weibull_v5,2,-1,,
4733,3,cavitation,0.569,developing,physics_weibull_v5,2,-1,,
4734,3,cavitation,0.4169,developing,physics_weibull_v5,2,-1,,
4735,3,cavitation,0.7689,advanced,physics_weibull_v5,2,-1,,
4736,3,cavitation,0.05,early,physics_weibull_v5,2,-1,,
4737,3,cavitation,0.7301,advanced,physics_weibull_v5,2,-1,,
4738,3,cavitation,0.1659,early,physics_weibull_v5,2,-1,,
4739,3,cavitation,0.5023,developing,physics_weibull_v5,2,-1,,
4740,3,cavitation,0.05,early,physics_weibull_v5,2,-1,,
4741,3,cavitation,0.4327,developing,physics_weibull_v5,2,-1,,
4742,3,cavitation,0.3344,developing,physics_weibull_v5,2,-1,,
4743,3,cavitation,0.1181,early,physics_weibull_v5,2,-1,,
4744,3,cavitation,0.2015,early,physics_weibull_v5,2,-1,,
4745,3,cavitation,0.8497,advanced,physics_weibull_v5,2,-1,,
4746,3,cavitation,0.05,early,physics_weibull_v5,2,-1,,
4747,3,cavitation,0.5769,developing,physics_weibull_v5,2,-1,,
4748,3,cavitation,0.7312,advanced,physics_weibull_v5,2,-1,,
4749,3,cavitation,0.05,early,physics_weibull_v5,2,-1,,
4750,3,cavitation,0.3417,developing,physics_weibull_v5,2,-1,,
4751,3,cavitation,0.3044,developing,physics_weibull_v5,2,-1,,
4752,3,cavitation,0.1072,early,physics_weibull_v5,2,-1,,
4753,3,cavitation,0.0983,early,physics_weibull_v5,2,-1,,
4754,3,cavitation,0.05,early,physics_weibull_v5,2,-1,,
4755,3,cavitation,0.9631,advanced,physics_weibull_v5,2,-1,,
4756,3,cavitation,0.2195,early,physics_weibull_v5,2,-1,,
4757,3,cavitation,0.1656,early,physics_weibull_v5,2,-1,,
4758,3,cavitation,0.8484,advanced,physics_weibull_v5,2,-1,,
4759,3,cavitation,0.223,early,physics_weibull_v5,2,-1,,
4760,3,cavitation,0.4504,developing,physics_weibull_v5,2,-1,,
4761,3,cavitation,0.5559,developing,physics_weibull_v5,2,-1,,
4762,3,cavitation,0.5612,developing,physics_weibull_v5,2,-1,,
4763,3,cavitation,0.7824,advanced,physics_weibull_v5,2,-1,,
4764,3,cavitation,0.0531,early,physics_weibull_v5,2,-1,,
4765,3,cavitation,0.2334,early,physics_weibull_v5,2,-1,,
4766,3,cavitation,0.4648,developing,physics_weibull_v5,2,-1,,
4767,3,cavitation,0.3941,developing,physics_weibull_v5,2,-1,,
4768,3,cavitation,0.8613,advanced,physics_weibull_v5,2,-1,,
4769,3,cavitation,0.0867,early,physics_weibull_v5,2,-1,,
4770,3,cavitation,0.3202,developing,physics_weibull_v5,2,-1,,
4771,3,cavitation,0.7609,advanced,physics_weibull_v5,2,-1,,
4772,3,cavitation,0.4965,developing,physics_weibull_v5,2,-1,,
4773,3,cavitation,0.4659,developing,physics_weibull_v5,2,-1,,
4774,3,cavitation,0.8151,advanced,physics_weibull_v5,2,-1,,
4775,3,cavitation,0.8985,advanced,physics_weibull_v5,2,-1,,
4776,3,cavitation,0.1488,early,physics_weibull_v5,2,-1,,
4777,3,cavitation,0.05,early,physics_weibull_v5,2,-1,,
4778,3,cavitation,0.763,advanced,physics_weibull_v5,2,-1,,
4779,3,cavitation,0.05,early,physics_weibull_v5,2,-1,,
4780,3,cavitation,0.5601,developing,physics_weibull_v5,2,-1,,
4781,3,cavitation,0.2052,early,physics_weibull_v5,2,-1,,
4782,3,cavitation,0.0963,early,physics_weibull_v5,2,-1,,
4783,3,cavitation,0.3783,developing,physics_weibull_v5,2,-1,,
4784,3,cavitation,0.2421,early,physics_weibull_v5,2,-1,,
4785,3,cavitation,0.9547,advanced,physics_weibull_v5,2,-1,,
4786,3,cavitation,0.05,early,physics_weibull_v5,2,-1,,
4787,3,cavitation,0.2764,early,physics_weibull_v5,2,-1,,
4788,3,cavitation,0.4686,developing,physics_weibull_v5,2,-1,,
4789,3,cavitation,0.4682,developing,physics_weibull_v5,2,-1,,
4790,3,cavitation,0.212,early,physics_weibull_v5,2,-1,,
4791,3,cavitation,0.2442,early,physics_weibull_v5,2,-1,,
4792,3,cavitation,0.1128,early,physics_weibull_v5,2,-1,,
4793,3,cavitation,0.9022,advanced,physics_weibull_v5,2,-1,,
4794,3,cavitation,0.1256,early,physics_weibull_v5,2,-1,,
4795,3,cavitation,0.05,early,physics_weibull_v5,2,-1,,
4796,3,cavitation,0.5355,developing,physics_weibull_v5,2,-1,,
4797,3,cavitation,0.9774,advanced,physics_weibull_v5,2,-1,,
4798,3,cavitation,0.05,early,physics_weibull_v5,2,-1,,
4799,3,cavitation,0.762,advanced,physics_weibull_v5,2,-1,,
4800,4,seal_failure,0.05,early,physics_weibull_v5,3,-1,,
4801,4,seal_failure,0.0869,early,physics_weibull_v5,1,-1,,
4802,4,seal_failure,0.05,early,physics_weibull_v5,3,-1,,
4803,4,seal_failure,0.1673,early,physics_weibull_v5,1,-1,,
4804,4,seal_failure,0.0867,early,physics_weibull_v5,1,-1,,
4805,4,seal_failure,0.1123,early,physics_weibull_v5,1,-1,,
4806,4,seal_failure,0.2776,early,physics_weibull_v5,3,-1,,
4807,4,seal_failure,0.05,early,physics_weibull_v5,3,-1,,
4808,4,seal_failure,0.05,early,physics_weibull_v5,3,-1,,
4809,4,seal_failure,0.05,early,physics_weibull_v5,3,-1,,
4810,4,seal_failure,0.0845,early,physics_weibull_v5,3,-1,,
4811,4,seal_failure,0.2101,early,physics_weibull_v5,1,-1,,
4812,4,seal_failure,0.6254,developing,physics_weibull_v5,1,-1,,
4813,4,seal_failure,0.9953,advanced,physics_weibull_v5,1,-1,,
4814,4,seal_failure,0.8888,advanced,physics_weibull_v5,1,-1,,
4815,4,seal_failure,0.8961,advanced,physics_weibull_v5,1,-1,,
4816,4,seal_failure,0.544,developing,physics_weibull_v5,1,-1,,
4817,4,seal_failure,0.0903,early,physics_weibull_v5,3,-1,,
4818,4,seal_failure,0.05,early,physics_weibull_v5,3,-1,,
4819,4,seal_failure,0.0812,early,physics_weibull_v5,1,-1,,
4820,4,seal_failure,0.8137,advanced,physics_weibull_v5,1,-1,,
4821,4,seal_failure,0.05,early,physics_weibull_v5,1,-1,,
4822,4,seal_failure,0.05,early,physics_weibull_v5,1,-1,,
4823,4,seal_failure,0.2289,early,physics_weibull_v5,1,-1,,
4824,4,seal_failure,0.05,early,physics_weibull_v5,3,-1,,
4825,4,seal_failure,0.6477,developing,physics_weibull_v5,3,-1,,
4826,4,seal_failure,0.2983,early,physics_weibull_v5,1,-1,,
4827,4,seal_failure,0.1415,early,physics_weibull_v5,1,-1,,
4828,4,seal_failure,0.6801,advanced,physics_weibull_v5,3,-1,,
4829,4,seal_failure,0.05,early,physics_weibull_v5,1,-1,,
4830,4,seal_failure,0.1148,early,physics_weibull_v5,1,-1,,
4831,4,seal_failure,0.0847,early,physics_weibull_v5,1,-1,,
4832,4,seal_failure,0.2609,early,physics_weibull_v5,3,-1,,
4833,4,seal_failure,0.1433,early,physics_weibull_v5,1,-1,,
4834,4,seal_failure,0.05,early,physics_weibull_v5,3,-1,,
4835,4,seal_failure,0.2557,early,physics_weibull_v5,3,-1,,
4836,4,seal_failure,0.05,early,physics_weibull_v5,3,-1,,
4837,4,seal_failure,0.1075,early,physics_weibull_v5,3,-1,,
4838,4,seal_failure,0.05,early,physics_weibull_v5,1,-1,,
4839,4,seal_failure,0.147,early,physics_weibull_v5,1,-1,,
4840,4,seal_failure,0.1499,early,physics_weibull_v5,1,-1,,
4841,4,seal_failure,0.6421,developing,physics_weibull_v5,3,-1,,
4842,4,seal_failure,0.1269,early,physics_weibull_v5,3,-1,,
4843,4,seal_failure,0.9723,advanced,physics_weibull_v5,1,-1,,
4844,4,seal_failure,0.1664,early,physics_weibull_v5,1,-1,,
4845,4,seal_failure,0.5434,developing,physics_weibull_v5,1,-1,,
4846,4,seal_failure,0.05,early,physics_weibull_v5,1,-1,,
4847,4,seal_failure,0.2061,early,physics_weibull_v5,3,-1,,
4848,4,seal_failure,0.2172,early,physics_weibull_v5,3,-1,,
4849,4,seal_failure,0.1757,early,physics_weibull_v5,3,-1,,
4850,4,seal_failure,0.1428,early,physics_weibull_v5,3,-1,,
4851,4,seal_failure,0.8124,advanced,physics_weibull_v5,3,-1,,
4852,4,seal_failure,0.2222,early,physics_weibull_v5,3,-1,,
4853,4,seal_failure,0.05,early,physics_weibull_v5,1,-1,,
4854,4,seal_failure,0.0619,early,physics_weibull_v5,3,-1,,
4855,4,seal_failure,0.9449,advanced,physics_weibull_v5,3,-1,,
4856,4,seal_failure,0.8531,advanced,physics_weibull_v5,3,-1,,
4857,4,seal_failure,0.6625,advanced,physics_weibull_v5,3,-1,,
4858,4,seal_failure,0.6447,developing,physics_weibull_v5,1,-1,,
4859,4,seal_failure,0.708,advanced,physics_weibull_v5,3,-1,,
4860,4,seal_failure,0.1254,early,physics_weibull_v5,1,-1,,
4861,4,seal_failure,0.05,early,physics_weibull_v5,3,-1,,
4862,4,seal_failure,0.05,early,physics_weibull_v5,3,-1,,
4863,4,seal_failure,0.9897,advanced,physics_weibull_v5,1,-1,,
4864,4,seal_failure,0.1862,early,physics_weibull_v5,3,-1,,
4865,4,seal_failure,0.5545,developing,physics_weibull_v5,1,-1,,
4866,4,seal_failure,0.0514,early,physics_weibull_v5,3,-1,,
4867,4,seal_failure,0.05,early,physics_weibull_v5,1,-1,,
4868,4,seal_failure,0.05,early,physics_weibull_v5,3,-1,,
4869,4,seal_failure,0.1281,early,physics_weibull_v5,1,-1,,
4870,4,seal_failure,0.05,early,physics_weibull_v5,1,-1,,
4871,4,seal_failure,0.8296,advanced,physics_weibull_v5,1,-1,,
4872,4,seal_failure,0.05,early,physics_weibull_v5,3,-1,,
4873,4,seal_failure,0.7183,advanced,physics_weibull_v5,3,-1,,
4874,4,seal_failure,0.2783,early,physics_weibull_v5,1,-1,,
4875,4,seal_failure,0.2554,early,physics_weibull_v5,1,-1,,
4876,4,seal_failure,0.05,early,physics_weibull_v5,3,-1,,
4877,4,seal_failure,0.2034,early,physics_weibull_v5,1,-1,,
4878,4,seal_failure,0.05,early,physics_weibull_v5,1,-1,,
4879,4,seal_failure,0.6231,developing,physics_weibull_v5,1,-1,,
4880,4,seal_failure,0.05,early,physics_weibull_v5,1,-1,,
4881,4,seal_failure,0.2581,early,physics_weibull_v5,1,-1,,
4882,4,seal_failure,0.0795,early,physics_weibull_v5,1,-1,,
4883,4,seal_failure,0.2417,early,physics_weibull_v5,1,-1,,
4884,4,seal_failure,0.591,developing,physics_weibull_v5,1,-1,,
4885,4,seal_failure,0.0788,early,physics_weibull_v5,1,-1,,
4886,4,seal_failure,0.7059,advanced,physics_weibull_v5,3,-1,,
4887,4,seal_failure,0.05,early,physics_weibull_v5,3,-1,,
4888,4,seal_failure,0.0629,early,physics_weibull_v5,3,-1,,
4889,4,seal_failure,0.1118,early,physics_weibull_v5,3,-1,,
4890,4,seal_failure,0.1903,early,physics_weibull_v5,3,-1,,
4891,4,seal_failure,0.05,early,physics_weibull_v5,1,-1,,
4892,4,seal_failure,0.1141,early,physics_weibull_v5,1,-1,,
4893,4,seal_failure,0.05,early,physics_weibull_v5,3,-1,,
4894,4,seal_failure,0.5573,developing,physics_weibull_v5,1,-1,,
4895,4,seal_failure,0.0527,early,physics_weibull_v5,1,-1,,
4896,4,seal_failure,0.05,early,physics_weibull_v5,3,-1,,
4897,4,seal_failure,0.9566,advanced,physics_weibull_v5,3,-1,,
4898,4,seal_failure,0.05,early,physics_weibull_v5,1,-1,,
4899,4,seal_failure,0.1952,early,physics_weibull_v5,1,-1,,
4900,4,seal_failure,0.0935,early,physics_weibull_v5,3,-1,,
4901,4,seal_failure,0.0647,early,physics_weibull_v5,3,-1,,
4902,4,seal_failure,0.5738,developing,physics_weibull_v5,1,-1,,
4903,4,seal_failure,0.1267,early,physics_weibull_v5,1,-1,,
4904,4,seal_failure,0.891,advanced,physics_weibull_v5,3,-1,,
4905,4,seal_failure,0.6313,developing,physics_weibull_v5,1,-1,,
4906,4,seal_failure,0.05,early,physics_weibull_v5,3,-1,,
4907,4,seal_failure,0.1847,early,physics_weibull_v5,1,-1,,
4908,4,seal_failure,0.5582,developing,physics_weibull_v5,1,-1,,
4909,4,seal_failure,0.2876,early,physics_weibull_v5,1,-1,,
4910,4,seal_failure,0.05,early,physics_weibull_v5,3,-1,,
4911,4,seal_failure,0.05,early,physics_weibull_v5,1,-1,,
4912,4,seal_failure,0.05,early,physics_weibull_v5,3,-1,,
4913,4,seal_failure,0.2252,early,physics_weibull_v5,1,-1,,
4914,4,seal_failure,0.05,early,physics_weibull_v5,1,-1,,
4915,4,seal_failure,0.05,early,physics_weibull_v5,3,-1,,
4916,4,seal_failure,0.0938,early,physics_weibull_v5,1,-1,,
4917,4,seal_failure,0.05,early,physics_weibull_v5,1,-1,,
4918,4,seal_failure,0.6847,advanced,physics_weibull_v5,3,-1,,
4919,4,seal_failure,0.9565,advanced,physics_weibull_v5,1,-1,,
4920,4,seal_failure,0.05,early,physics_weibull_v5,1,-1,,
4921,4,seal_failure,0.0528,early,physics_weibull_v5,3,-1,,
4922,4,seal_failure,0.05,early,physics_weibull_v5,3,-1,,
4923,4,seal_failure,0.2023,early,physics_weibull_v5,3,-1,,
4924,4,seal_failure,0.6713,advanced,physics_weibull_v5,3,-1,,
4925,4,seal_failure,0.05,early,physics_weibull_v5,1,-1,,
4926,4,seal_failure,0.7307,advanced,physics_weibull_v5,3,-1,,
4927,4,seal_failure,0.1263,early,physics_weibull_v5,1,-1,,
4928,4,seal_failure,0.7727,advanced,physics_weibull_v5,1,-1,,
4929,4,seal_failure,0.8594,advanced,physics_weibull_v5,3,-1,,
4930,4,seal_failure,0.0772,early,physics_weibull_v5,1,-1,,
4931,4,seal_failure,0.5746,developing,physics_weibull_v5,1,-1,,
4932,4,seal_failure,0.05,early,physics_weibull_v5,3,-1,,
4933,4,seal_failure,0.05,early,physics_weibull_v5,3,-1,,
4934,4,seal_failure,0.1297,early,physics_weibull_v5,1,-1,,
4935,4,seal_failure,0.0556,early,physics_weibull_v5,3,-1,,
4936,4,seal_failure,0.6776,advanced,physics_weibull_v5,3,-1,,
4937,4,seal_failure,0.0627,early,physics_weibull_v5,3,-1,,
4938,4,seal_failure,0.05,early,physics_weibull_v5,3,-1,,
4939,4,seal_failure,0.7595,advanced,physics_weibull_v5,3,-1,,
4940,4,seal_failure,0.1909,early,physics_weibull_v5,3,-1,,
4941,4,seal_failure,0.05,early,physics_weibull_v5,3,-1,,
4942,4,seal_failure,0.9429,advanced,physics_weibull_v5,3,-1,,
4943,4,seal_failure,0.05,early,physics_weibull_v5,1,-1,,
4944,4,seal_failure,0.1117,early,physics_weibull_v5,3,-1,,
4945,4,seal_failure,0.2779,early,physics_weibull_v5,1,-1,,
4946,4,seal_failure,0.6154,developing,physics_weibull_v5,1,-1,,
4947,4,seal_failure,0.5206,developing,physics_weibull_v5,1,-1,,
4948,4,seal_failure,0.05,early,physics_weibull_v5,1,-1,,
4949,4,seal_failure,0.1378,early,physics_weibull_v5,1,-1,,
4950,4,seal_failure,0.05,early,physics_weibull_v5,1,-1,,
4951,4,seal_failure,0.903,advanced,physics_weibull_v5,3,-1,,
4952,4,seal_failure,0.05,early,physics_weibull_v5,3,-1,,
4953,4,seal_failure,0.0503,early,physics_weibull_v5,3,-1,,
4954,4,seal_failure,0.2899,early,physics_weibull_v5,3,-1,,
4955,4,seal_failure,0.0739,early,physics_weibull_v5,1,-1,,
4956,4,seal_failure,0.1106,early,physics_weibull_v5,1,-1,,
4957,4,seal_failure,0.1707,early,physics_weibull_v5,1,-1,,
4958,4,seal_failure,0.8935,advanced,physics_weibull_v5,3,-1,,
4959,4,seal_failure,0.6453,developing,physics_weibull_v5,1,-1,,
4960,4,seal_failure,0.99,advanced,physics_weibull_v5,1,-1,,
4961,4,seal_failure,0.2022,early,physics_weibull_v5,3,-1,,
4962,4,seal_failure,0.1317,early,physics_weibull_v5,3,-1,,
4963,4,seal_failure,0.05,early,physics_weibull_v5,1,-1,,
4964,4,seal_failure,0.8467,advanced,physics_weibull_v5,3,-1,,
4965,4,seal_failure,0.1057,early,physics_weibull_v5,1,-1,,
4966,4,seal_failure,0.2857,early,physics_weibull_v5,3,-1,,
4967,4,seal_failure,0.05,early,physics_weibull_v5,1,-1,,
4968,4,seal_failure,0.0695,early,physics_weibull_v5,1,-1,,
4969,4,seal_failure,0.1323,early,physics_weibull_v5,1,-1,,
4970,4,seal_failure,0.05,early,physics_weibull_v5,1,-1,,
4971,4,seal_failure,0.0893,early,physics_weibull_v5,1,-1,,
4972,4,seal_failure,0.5359,developing,physics_weibull_v5,1,-1,,
4973,4,seal_failure,0.05,early,physics_weibull_v5,1,-1,,
4974,4,seal_failure,0.0627,early,physics_weibull_v5,3,-1,,
4975,4,seal_failure,0.2382,early,physics_weibull_v5,1,-1,,
4976,4,seal_failure,0.1538,early,physics_weibull_v5,1,-1,,
4977,4,seal_failure,0.9932,advanced,physics_weibull_v5,3,-1,,
4978,4,seal_failure,0.8759,advanced,physics_weibull_v5,3,-1,,
4979,4,seal_failure,0.2653,early,physics_weibull_v5,1,-1,,
4980,4,seal_failure,0.0578,early,physics_weibull_v5,3,-1,,
4981,4,seal_failure,0.05,early,physics_weibull_v5,3,-1,,
4982,4,seal_failure,0.05,early,physics_weibull_v5,3,-1,,
4983,4,seal_failure,0.05,early,physics_weibull_v5,3,-1,,
4984,4,seal_failure,0.7366,advanced,physics_weibull_v5,1,-1,,
4985,4,seal_failure,0.8976,advanced,physics_weibull_v5,3,-1,,
4986,4,seal_failure,0.7735,advanced,physics_weibull_v5,3,-1,,
4987,4,seal_failure,0.9214,advanced,physics_weibull_v5,1,-1,,
4988,4,seal_failure,0.05,early,physics_weibull_v5,3,-1,,
4989,4,seal_failure,0.1141,early,physics_weibull_v5,3,-1,,
4990,4,seal_failure,0.2593,early,physics_weibull_v5,3,-1,,
4991,4,seal_failure,0.6128,developing,physics_weibull_v5,1,-1,,
4992,4,seal_failure,0.1421,early,physics_weibull_v5,3,-1,,
4993,4,seal_failure,0.8606,advanced,physics_weibull_v5,3,-1,,
4994,4,seal_failure,0.7092,advanced,physics_weibull_v5,3,-1,,
4995,4,seal_failure,0.7323,advanced,physics_weibull_v5,1,-1,,
4996,4,seal_failure,0.05,early,physics_weibull_v5,1,-1,,
4997,4,seal_failure,0.05,early,physics_weibull_v5,3,-1,,
4998,4,seal_failure,0.2328,early,physics_weibull_v5,1,-1,,
4999,4,seal_failure,0.1341,early,physics_weibull_v5,1,-1,,
5000,4,seal_failure,0.1663,early,physics_weibull_v5,1,-1,,
5001,4,seal_failure,0.2669,early,physics_weibull_v5,1,-1,,
5002,4,seal_failure,0.1208,early,physics_weibull_v5,1,-1,,
5003,4,seal_failure,0.7449,advanced,physics_weibull_v5,1,-1,,
5004,4,seal_failure,0.7157,advanced,physics_weibull_v5,3,-1,,
5005,4,seal_failure,0.1234,early,physics_weibull_v5,3,-1,,
5006,4,seal_failure,0.2855,early,physics_weibull_v5,1,-1,,
5007,4,seal_failure,0.8605,advanced,physics_weibull_v5,1,-1,,
5008,4,seal_failure,0.601,developing,physics_weibull_v5,1,-1,,
5009,4,seal_failure,0.9438,advanced,physics_weibull_v5,1,-1,,
5010,4,seal_failure,0.6837,advanced,physics_weibull_v5,1,-1,,
5011,4,seal_failure,0.0514,early,physics_weibull_v5,3,-1,,
5012,4,seal_failure,0.2706,early,physics_weibull_v5,3,-1,,
5013,4,seal_failure,0.0619,early,physics_weibull_v5,1,-1,,
5014,4,seal_failure,0.0516,early,physics_weibull_v5,3,-1,,
5015,4,seal_failure,0.2033,early,physics_weibull_v5,3,-1,,
5016,4,seal_failure,0.6015,developing,physics_weibull_v5,1,-1,,
5017,4,seal_failure,0.0572,early,physics_weibull_v5,3,-1,,
5018,4,seal_failure,0.05,early,physics_weibull_v5,3,-1,,
5019,4,seal_failure,0.2644,early,physics_weibull_v5,3,-1,,
5020,4,seal_failure,0.05,early,physics_weibull_v5,1,-1,,
5021,4,seal_failure,0.05,early,physics_weibull_v5,3,-1,,
5022,4,seal_failure,0.1164,early,physics_weibull_v5,1,-1,,
5023,4,seal_failure,0.6637,advanced,physics_weibull_v5,1,-1,,
5024,4,seal_failure,0.1711,early,physics_weibull_v5,1,-1,,
5025,4,seal_failure,0.1395,early,physics_weibull_v5,3,-1,,
5026,4,seal_failure,0.2228,early,physics_weibull_v5,1,-1,,
5027,4,seal_failure,0.7575,advanced,physics_weibull_v5,3,-1,,
5028,4,seal_failure,0.9803,advanced,physics_weibull_v5,3,-1,,
5029,4,seal_failure,0.0731,early,physics_weibull_v5,3,-1,,
5030,4,seal_failure,0.05,early,physics_weibull_v5,3,-1,,
5031,4,seal_failure,0.2243,early,physics_weibull_v5,1,-1,,
5032,4,seal_failure,0.05,early,physics_weibull_v5,3,-1,,
5033,4,seal_failure,0.05,early,physics_weibull_v5,1,-1,,
5034,4,seal_failure,0.9052,advanced,physics_weibull_v5,1,-1,,
5035,4,seal_failure,0.1104,early,physics_weibull_v5,1,-1,,
5036,4,seal_failure,0.6101,developing,physics_weibull_v5,1,-1,,
5037,4,seal_failure,0.0645,early,physics_weibull_v5,3,-1,,
5038,4,seal_failure,0.9539,advanced,physics_weibull_v5,3,-1,,
5039,4,seal_failure,0.05,early,physics_weibull_v5,1,-1,,
5040,4,seal_failure,0.1731,early,physics_weibull_v5,1,-1,,
5041,4,seal_failure,0.05,early,physics_weibull_v5,3,-1,,
5042,4,seal_failure,0.1343,early,physics_weibull_v5,1,-1,,
5043,4,seal_failure,0.05,early,physics_weibull_v5,3,-1,,
5044,4,seal_failure,0.05,early,physics_weibull_v5,3,-1,,
5045,4,seal_failure,0.05,early,physics_weibull_v5,1,-1,,
5046,4,seal_failure,0.05,early,physics_weibull_v5,1,-1,,
5047,4,seal_failure,0.1441,early,physics_weibull_v5,3,-1,,
5048,4,seal_failure,0.05,early,physics_weibull_v5,3,-1,,
5049,4,seal_failure,0.0535,early,physics_weibull_v5,3,-1,,
5050,4,seal_failure,0.0932,early,physics_weibull_v5,3,-1,,
5051,4,seal_failure,0.05,early,physics_weibull_v5,3,-1,,
5052,4,seal_failure,0.1825,early,physics_weibull_v5,1,-1,,
5053,4,seal_failure,0.9296,advanced,physics_weibull_v5,1,-1,,
5054,4,seal_failure,0.05,early,physics_weibull_v5,3,-1,,
5055,4,seal_failure,0.05,early,physics_weibull_v5,1,-1,,
5056,4,seal_failure,0.1891,early,physics_weibull_v5,3,-1,,
5057,4,seal_failure,0.05,early,physics_weibull_v5,3,-1,,
5058,4,seal_failure,0.1447,early,physics_weibull_v5,1,-1,,
5059,4,seal_failure,0.0631,early,physics_weibull_v5,3,-1,,
5060,4,seal_failure,0.2149,early,physics_weibull_v5,1,-1,,
5061,4,seal_failure,0.05,early,physics_weibull_v5,1,-1,,
5062,4,seal_failure,0.166,early,physics_weibull_v5,1,-1,,
5063,4,seal_failure,0.0641,early,physics_weibull_v5,3,-1,,
5064,4,seal_failure,0.0532,early,physics_weibull_v5,1,-1,,
5065,4,seal_failure,0.05,early,physics_weibull_v5,3,-1,,
5066,4,seal_failure,0.1901,early,physics_weibull_v5,1,-1,,
5067,4,seal_failure,0.1108,early,physics_weibull_v5,3,-1,,
5068,4,seal_failure,0.965,advanced,physics_weibull_v5,1,-1,,
5069,4,seal_failure,0.05,early,physics_weibull_v5,3,-1,,
5070,4,seal_failure,0.1332,early,physics_weibull_v5,1,-1,,
5071,4,seal_failure,0.9086,advanced,physics_weibull_v5,3,-1,,
5072,4,seal_failure,0.05,early,physics_weibull_v5,3,-1,,
5073,4,seal_failure,0.05,early,physics_weibull_v5,1,-1,,
5074,4,seal_failure,0.05,early,physics_weibull_v5,3,-1,,
5075,4,seal_failure,0.2457,early,physics_weibull_v5,1,-1,,
5076,4,seal_failure,0.1932,early,physics_weibull_v5,1,-1,,
5077,4,seal_failure,0.05,early,physics_weibull_v5,1,-1,,
5078,4,seal_failure,0.1814,early,physics_weibull_v5,1,-1,,
5079,4,seal_failure,0.05,early,physics_weibull_v5,3,-1,,
5080,4,seal_failure,0.2319,early,physics_weibull_v5,3,-1,,
5081,4,seal_failure,0.7884,advanced,physics_weibull_v5,1,-1,,
5082,4,seal_failure,0.2992,early,physics_weibull_v5,1,-1,,
5083,4,seal_failure,0.6867,advanced,physics_weibull_v5,1,-1,,
5084,4,seal_failure,0.1374,early,physics_weibull_v5,1,-1,,
5085,4,seal_failure,0.7777,advanced,physics_weibull_v5,1,-1,,
5086,4,seal_failure,0.5784,developing,physics_weibull_v5,1,-1,,
5087,4,seal_failure,0.1883,early,physics_weibull_v5,1,-1,,
5088,4,seal_failure,0.7642,advanced,physics_weibull_v5,3,-1,,
5089,4,seal_failure,0.9878,advanced,physics_weibull_v5,3,-1,,
5090,4,seal_failure,0.05,early,physics_weibull_v5,3,-1,,
5091,4,seal_failure,0.5831,developing,physics_weibull_v5,1,-1,,
5092,4,seal_failure,0.05,early,physics_weibull_v5,3,-1,,
5093,4,seal_failure,0.111,early,physics_weibull_v5,1,-1,,
5094,4,seal_failure,0.0716,early,physics_weibull_v5,3,-1,,
5095,4,seal_failure,0.05,early,physics_weibull_v5,3,-1,,
5096,4,seal_failure,0.0964,early,physics_weibull_v5,3,-1,,
5097,4,seal_failure,0.05,early,physics_weibull_v5,3,-1,,
5098,4,seal_failure,0.9824,advanced,physics_weibull_v5,1,-1,,
5099,4,seal_failure,0.05,early,physics_weibull_v5,1,-1,,
5100,4,seal_failure,0.2912,early,physics_weibull_v5,1,-1,,
5101,4,seal_failure,0.0779,early,physics_weibull_v5,1,-1,,
5102,4,seal_failure,0.0714,early,physics_weibull_v5,1,-1,,
5103,4,seal_failure,0.1072,early,physics_weibull_v5,3,-1,,
5104,4,seal_failure,0.05,early,physics_weibull_v5,3,-1,,
5105,4,seal_failure,0.2426,early,physics_weibull_v5,1,-1,,
5106,4,seal_failure,0.5528,developing,physics_weibull_v5,1,-1,,
5107,4,seal_failure,0.6431,developing,physics_weibull_v5,1,-1,,
5108,4,seal_failure,0.05,early,physics_weibull_v5,1,-1,,
5109,4,seal_failure,0.7091,advanced,physics_weibull_v5,3,-1,,
5110,4,seal_failure,0.89,advanced,physics_weibull_v5,3,-1,,
5111,4,seal_failure,0.633,developing,physics_weibull_v5,1,-1,,
5112,4,seal_failure,0.1729,early,physics_weibull_v5,3,-1,,
5113,4,seal_failure,0.0551,early,physics_weibull_v5,3,-1,,
5114,4,seal_failure,0.0634,early,physics_weibull_v5,1,-1,,
5115,4,seal_failure,0.114,early,physics_weibull_v5,1,-1,,
5116,4,seal_failure,0.1548,early,physics_weibull_v5,1,-1,,
5117,4,seal_failure,0.05,early,physics_weibull_v5,3,-1,,
5118,4,seal_failure,0.7149,advanced,physics_weibull_v5,3,-1,,
5119,4,seal_failure,0.7629,advanced,physics_weibull_v5,3,-1,,
5120,4,seal_failure,0.05,early,physics_weibull_v5,3,-1,,
5121,4,seal_failure,0.2474,early,physics_weibull_v5,1,-1,,
5122,4,seal_failure,0.05,early,physics_weibull_v5,3,-1,,
5123,4,seal_failure,0.2726,early,physics_weibull_v5,1,-1,,
5124,4,seal_failure,0.05,early,physics_weibull_v5,1,-1,,
5125,4,seal_failure,0.1775,early,physics_weibull_v5,3,-1,,
5126,4,seal_failure,0.05,early,physics_weibull_v5,1,-1,,
5127,4,seal_failure,0.05,early,physics_weibull_v5,3,-1,,
5128,4,seal_failure,0.0826,early,physics_weibull_v5,1,-1,,
5129,4,seal_failure,0.1102,early,physics_weibull_v5,1,-1,,
5130,4,seal_failure,0.1425,early,physics_weibull_v5,3,-1,,
5131,4,seal_failure,0.05,early,physics_weibull_v5,1,-1,,
5132,4,seal_failure,0.0681,early,physics_weibull_v5,3,-1,,
5133,4,seal_failure,0.6192,developing,physics_weibull_v5,1,-1,,
5134,4,seal_failure,0.05,early,physics_weibull_v5,3,-1,,
5135,4,seal_failure,0.05,early,physics_weibull_v5,3,-1,,
5136,4,seal_failure,0.05,early,physics_weibull_v5,1,-1,,
5137,4,seal_failure,0.1869,early,physics_weibull_v5,1,-1,,
5138,4,seal_failure,0.9874,advanced,physics_weibull_v5,1,-1,,
5139,4,seal_failure,0.249,early,physics_weibull_v5,3,-1,,
5140,4,seal_failure,0.0867,early,physics_weibull_v5,3,-1,,
5141,4,seal_failure,0.9929,advanced,physics_weibull_v5,3,-1,,
5142,4,seal_failure,0.8573,advanced,physics_weibull_v5,1,-1,,
5143,4,seal_failure,0.2529,early,physics_weibull_v5,3,-1,,
5144,4,seal_failure,0.2093,early,physics_weibull_v5,3,-1,,
5145,4,seal_failure,0.6214,developing,physics_weibull_v5,3,-1,,
5146,4,seal_failure,0.05,early,physics_weibull_v5,3,-1,,
5147,4,seal_failure,0.9221,advanced,physics_weibull_v5,3,-1,,
5148,4,seal_failure,0.05,early,physics_weibull_v5,1,-1,,
5149,4,seal_failure,0.7327,advanced,physics_weibull_v5,3,-1,,
5150,4,seal_failure,0.9571,advanced,physics_weibull_v5,3,-1,,
5151,4,seal_failure,0.673,advanced,physics_weibull_v5,1,-1,,
5152,4,seal_failure,0.5913,developing,physics_weibull_v5,1,-1,,
5153,4,seal_failure,0.05,early,physics_weibull_v5,1,-1,,
5154,4,seal_failure,0.05,early,physics_weibull_v5,1,-1,,
5155,4,seal_failure,0.2159,early,physics_weibull_v5,3,-1,,
5156,4,seal_failure,0.1806,early,physics_weibull_v5,1,-1,,
5157,4,seal_failure,0.05,early,physics_weibull_v5,3,-1,,
5158,4,seal_failure,0.0719,early,physics_weibull_v5,1,-1,,
5159,4,seal_failure,0.05,early,physics_weibull_v5,1,-1,,
5160,4,seal_failure,0.8311,advanced,physics_weibull_v5,3,-1,,
5161,4,seal_failure,0.0904,early,physics_weibull_v5,3,-1,,
5162,4,seal_failure,0.1507,early,physics_weibull_v5,3,-1,,
5163,4,seal_failure,0.1132,early,physics_weibull_v5,1,-1,,
5164,4,seal_failure,0.0648,early,physics_weibull_v5,3,-1,,
5165,4,seal_failure,0.2653,early,physics_weibull_v5,3,-1,,
5166,4,seal_failure,0.1978,early,physics_weibull_v5,3,-1,,
5167,4,seal_failure,0.1883,early,physics_weibull_v5,1,-1,,
5168,4,seal_failure,0.9657,advanced,physics_weibull_v5,3,-1,,
5169,4,seal_failure,0.05,early,physics_weibull_v5,1,-1,,
5170,4,seal_failure,0.1059,early,physics_weibull_v5,3,-1,,
5171,4,seal_failure,0.05,early,physics_weibull_v5,1,-1,,
5172,4,seal_failure,0.8214,advanced,physics_weibull_v5,3,-1,,
5173,4,seal_failure,0.0593,early,physics_weibull_v5,3,-1,,
5174,4,seal_failure,0.2326,early,physics_weibull_v5,1,-1,,
5175,4,seal_failure,0.05,early,physics_weibull_v5,3,-1,,
5176,4,seal_failure,0.7207,advanced,physics_weibull_v5,3,-1,,
5177,4,seal_failure,0.05,early,physics_weibull_v5,3,-1,,
5178,4,seal_failure,0.05,early,physics_weibull_v5,1,-1,,
5179,4,seal_failure,0.2799,early,physics_weibull_v5,1,-1,,
5180,4,seal_failure,0.0589,early,physics_weibull_v5,1,-1,,
5181,4,seal_failure,0.05,early,physics_weibull_v5,3,-1,,
5182,4,seal_failure,0.289,early,physics_weibull_v5,1,-1,,
5183,4,seal_failure,0.05,early,physics_weibull_v5,3,-1,,
5184,4,seal_failure,0.6979,advanced,physics_weibull_v5,1,-1,,
5185,4,seal_failure,0.2881,early,physics_weibull_v5,1,-1,,
5186,4,seal_failure,0.864,advanced,physics_weibull_v5,1,-1,,
5187,4,seal_failure,0.0974,early,physics_weibull_v5,3,-1,,
5188,4,seal_failure,0.7642,advanced,physics_weibull_v5,3,-1,,
5189,4,seal_failure,0.1838,early,physics_weibull_v5,1,-1,,
5190,4,seal_failure,0.0864,early,physics_weibull_v5,3,-1,,
5191,4,seal_failure,0.056,early,physics_weibull_v5,3,-1,,
5192,4,seal_failure,0.05,early,physics_weibull_v5,1,-1,,
5193,4,seal_failure,0.0503,early,physics_weibull_v5,1,-1,,
5194,4,seal_failure,0.1315,early,physics_weibull_v5,3,-1,,
5195,4,seal_failure,0.05,early,physics_weibull_v5,1,-1,,
5196,4,seal_failure,0.8835,advanced,physics_weibull_v5,3,-1,,
5197,4,seal_failure,0.0996,early,physics_weibull_v5,3,-1,,
5198,4,seal_failure,0.2685,early,physics_weibull_v5,1,-1,,
5199,4,seal_failure,0.1153,early,physics_weibull_v5,3,-1,,
5200,4,seal_failure,0.05,early,physics_weibull_v5,3,-1,,
5201,4,seal_failure,0.1731,early,physics_weibull_v5,3,-1,,
5202,4,seal_failure,0.1534,early,physics_weibull_v5,1,-1,,
5203,4,seal_failure,0.1044,early,physics_weibull_v5,3,-1,,
5204,4,seal_failure,0.05,early,physics_weibull_v5,1,-1,,
5205,4,seal_failure,0.0763,early,physics_weibull_v5,1,-1,,
5206,4,seal_failure,0.0781,early,physics_weibull_v5,3,-1,,
5207,4,seal_failure,0.05,early,physics_weibull_v5,3,-1,,
5208,4,seal_failure,0.6235,developing,physics_weibull_v5,1,-1,,
5209,4,seal_failure,0.05,early,physics_weibull_v5,1,-1,,
5210,4,seal_failure,0.6582,advanced,physics_weibull_v5,3,-1,,
5211,4,seal_failure,0.1921,early,physics_weibull_v5,3,-1,,
5212,4,seal_failure,0.1375,early,physics_weibull_v5,3,-1,,
5213,4,seal_failure,0.1722,early,physics_weibull_v5,1,-1,,
5214,4,seal_failure,0.1204,early,physics_weibull_v5,1,-1,,
5215,4,seal_failure,0.05,early,physics_weibull_v5,3,-1,,
5216,4,seal_failure,0.05,early,physics_weibull_v5,3,-1,,
5217,4,seal_failure,0.05,early,physics_weibull_v5,1,-1,,
5218,4,seal_failure,0.05,early,physics_weibull_v5,1,-1,,
5219,4,seal_failure,0.071,early,physics_weibull_v5,3,-1,,
5220,4,seal_failure,0.8882,advanced,physics_weibull_v5,1,-1,,
5221,4,seal_failure,0.6554,advanced,physics_weibull_v5,3,-1,,
5222,4,seal_failure,0.6448,developing,physics_weibull_v5,3,-1,,
5223,4,seal_failure,0.2559,early,physics_weibull_v5,3,-1,,
5224,4,seal_failure,0.05,early,physics_weibull_v5,1,-1,,
5225,4,seal_failure,0.05,early,physics_weibull_v5,3,-1,,
5226,4,seal_failure,0.9891,advanced,physics_weibull_v5,3,-1,,
5227,4,seal_failure,0.089,early,physics_weibull_v5,1,-1,,
5228,4,seal_failure,0.05,early,physics_weibull_v5,3,-1,,
5229,4,seal_failure,0.05,early,physics_weibull_v5,1,-1,,
5230,4,seal_failure,0.0714,early,physics_weibull_v5,3,-1,,
5231,4,seal_failure,0.2556,early,physics_weibull_v5,1,-1,,
5232,4,seal_failure,0.838,advanced,physics_weibull_v5,3,-1,,
5233,4,seal_failure,0.9931,advanced,physics_weibull_v5,3,-1,,
5234,4,seal_failure,0.1828,early,physics_weibull_v5,1,-1,,
5235,4,seal_failure,0.2252,early,physics_weibull_v5,3,-1,,
5236,4,seal_failure,0.05,early,physics_weibull_v5,3,-1,,
5237,4,seal_failure,0.8016,advanced,physics_weibull_v5,3,-1,,
5238,4,seal_failure,0.0942,early,physics_weibull_v5,1,-1,,
5239,4,seal_failure,0.05,early,physics_weibull_v5,1,-1,,
5240,4,seal_failure,0.1956,early,physics_weibull_v5,3,-1,,
5241,4,seal_failure,0.05,early,physics_weibull_v5,1,-1,,
5242,4,seal_failure,0.1405,early,physics_weibull_v5,3,-1,,
5243,4,seal_failure,0.05,early,physics_weibull_v5,1,-1,,
5244,4,seal_failure,0.05,early,physics_weibull_v5,3,-1,,
5245,4,seal_failure,0.0541,early,physics_weibull_v5,3,-1,,
5246,4,seal_failure,0.2679,early,physics_weibull_v5,1,-1,,
5247,4,seal_failure,0.535,developing,physics_weibull_v5,1,-1,,
5248,4,seal_failure,0.6599,advanced,physics_weibull_v5,3,-1,,
5249,4,seal_failure,0.1035,early,physics_weibull_v5,1,-1,,
5250,4,seal_failure,0.1939,early,physics_weibull_v5,1,-1,,
5251,4,seal_failure,0.6225,developing,physics_weibull_v5,3,-1,,
5252,4,seal_failure,0.1521,early,physics_weibull_v5,3,-1,,
5253,4,seal_failure,0.2425,early,physics_weibull_v5,1,-1,,
5254,4,seal_failure,0.7355,advanced,physics_weibull_v5,1,-1,,
5255,4,seal_failure,0.05,early,physics_weibull_v5,1,-1,,
5256,4,seal_failure,0.5565,developing,physics_weibull_v5,1,-1,,
5257,4,seal_failure,0.1503,early,physics_weibull_v5,1,-1,,
5258,4,seal_failure,0.1335,early,physics_weibull_v5,1,-1,,
5259,4,seal_failure,0.2129,early,physics_weibull_v5,1,-1,,
5260,4,seal_failure,0.05,early,physics_weibull_v5,1,-1,,
5261,4,seal_failure,0.6786,advanced,physics_weibull_v5,3,-1,,
5262,4,seal_failure,0.6871,advanced,physics_weibull_v5,3,-1,,
5263,4,seal_failure,0.1903,early,physics_weibull_v5,3,-1,,
5264,4,seal_failure,0.0817,early,physics_weibull_v5,3,-1,,
5265,4,seal_failure,0.8406,advanced,physics_weibull_v5,1,-1,,
5266,4,seal_failure,0.1321,early,physics_weibull_v5,3,-1,,
5267,4,seal_failure,0.0509,early,physics_weibull_v5,3,-1,,
5268,4,seal_failure,0.2474,early,physics_weibull_v5,3,-1,,
5269,4,seal_failure,0.7191,advanced,physics_weibull_v5,1,-1,,
5270,4,seal_failure,0.05,early,physics_weibull_v5,1,-1,,
5271,4,seal_failure,0.1073,early,physics_weibull_v5,3,-1,,
5272,4,seal_failure,0.8643,advanced,physics_weibull_v5,1,-1,,
5273,4,seal_failure,0.9659,advanced,physics_weibull_v5,1,-1,,
5274,4,seal_failure,0.1279,early,physics_weibull_v5,1,-1,,
5275,4,seal_failure,0.1771,early,physics_weibull_v5,1,-1,,
5276,4,seal_failure,0.1362,early,physics_weibull_v5,1,-1,,
5277,4,seal_failure,0.875,advanced,physics_weibull_v5,1,-1,,
5278,4,seal_failure,0.0552,early,physics_weibull_v5,1,-1,,
5279,4,seal_failure,0.692,advanced,physics_weibull_v5,3,-1,,
5280,4,seal_failure,0.05,early,physics_weibull_v5,3,-1,,
5281,4,seal_failure,0.1025,early,physics_weibull_v5,3,-1,,
5282,4,seal_failure,0.1271,early,physics_weibull_v5,3,-1,,
5283,4,seal_failure,0.0541,early,physics_weibull_v5,3,-1,,
5284,4,seal_failure,0.1862,early,physics_weibull_v5,3,-1,,
5285,4,seal_failure,0.2274,early,physics_weibull_v5,1,-1,,
5286,4,seal_failure,0.0995,early,physics_weibull_v5,1,-1,,
5287,4,seal_failure,0.0924,early,physics_weibull_v5,1,-1,,
5288,4,seal_failure,0.05,early,physics_weibull_v5,3,-1,,
5289,4,seal_failure,0.8169,advanced,physics_weibull_v5,1,-1,,
5290,4,seal_failure,0.0821,early,physics_weibull_v5,3,-1,,
5291,4,seal_failure,0.05,early,physics_weibull_v5,1,-1,,
5292,4,seal_failure,0.2857,early,physics_weibull_v5,1,-1,,
5293,4,seal_failure,0.05,early,physics_weibull_v5,1,-1,,
5294,4,seal_failure,0.6218,developing,physics_weibull_v5,1,-1,,
5295,4,seal_failure,0.9641,advanced,physics_weibull_v5,1,-1,,
5296,4,seal_failure,0.1027,early,physics_weibull_v5,3,-1,,
5297,4,seal_failure,0.0534,early,physics_weibull_v5,1,-1,,
5298,4,seal_failure,0.05,early,physics_weibull_v5,1,-1,,
5299,4,seal_failure,0.1011,early,physics_weibull_v5,3,-1,,
5300,4,seal_failure,0.742,advanced,physics_weibull_v5,1,-1,,
5301,4,seal_failure,0.05,early,physics_weibull_v5,1,-1,,
5302,4,seal_failure,0.0657,early,physics_weibull_v5,1,-1,,
5303,4,seal_failure,0.7208,advanced,physics_weibull_v5,1,-1,,
5304,4,seal_failure,0.1376,early,physics_weibull_v5,1,-1,,
5305,4,seal_failure,0.0761,early,physics_weibull_v5,3,-1,,
5306,4,seal_failure,0.1792,early,physics_weibull_v5,3,-1,,
5307,4,seal_failure,0.6122,developing,physics_weibull_v5,1,-1,,
5308,4,seal_failure,0.05,early,physics_weibull_v5,3,-1,,
5309,4,seal_failure,0.05,early,physics_weibull_v5,3,-1,,
5310,4,seal_failure,0.05,early,physics_weibull_v5,3,-1,,
5311,4,seal_failure,0.05,early,physics_weibull_v5,3,-1,,
5312,4,seal_failure,0.9859,advanced,physics_weibull_v5,1,-1,,
5313,4,seal_failure,0.821,advanced,physics_weibull_v5,1,-1,,
5314,4,seal_failure,0.2087,early,physics_weibull_v5,3,-1,,
5315,4,seal_failure,0.1019,early,physics_weibull_v5,3,-1,,
5316,4,seal_failure,0.0924,early,physics_weibull_v5,1,-1,,
5317,4,seal_failure,0.0738,early,physics_weibull_v5,1,-1,,
5318,4,seal_failure,0.1678,early,physics_weibull_v5,1,-1,,
5319,4,seal_failure,0.1104,early,physics_weibull_v5,3,-1,,
5320,4,seal_failure,0.1069,early,physics_weibull_v5,3,-1,,
5321,4,seal_failure,0.2842,early,physics_weibull_v5,3,-1,,
5322,4,seal_failure,0.211,early,physics_weibull_v5,1,-1,,
5323,4,seal_failure,0.05,early,physics_weibull_v5,1,-1,,
5324,4,seal_failure,0.05,early,physics_weibull_v5,3,-1,,
5325,4,seal_failure,0.1019,early,physics_weibull_v5,1,-1,,
5326,4,seal_failure,0.05,early,physics_weibull_v5,1,-1,,
5327,4,seal_failure,0.6418,developing,physics_weibull_v5,1,-1,,
5328,4,seal_failure,0.5358,developing,physics_weibull_v5,1,-1,,
5329,4,seal_failure,0.05,early,physics_weibull_v5,1,-1,,
5330,4,seal_failure,0.2917,early,physics_weibull_v5,3,-1,,
5331,4,seal_failure,0.1138,early,physics_weibull_v5,1,-1,,
5332,4,seal_failure,0.1432,early,physics_weibull_v5,3,-1,,
5333,4,seal_failure,0.05,early,physics_weibull_v5,3,-1,,
5334,4,seal_failure,0.05,early,physics_weibull_v5,1,-1,,
5335,4,seal_failure,0.0809,early,physics_weibull_v5,3,-1,,
5336,4,seal_failure,0.1887,early,physics_weibull_v5,3,-1,,
5337,4,seal_failure,0.05,early,physics_weibull_v5,1,-1,,
5338,4,seal_failure,0.05,early,physics_weibull_v5,3,-1,,
5339,4,seal_failure,0.05,early,physics_weibull_v5,3,-1,,
5340,4,seal_failure,0.057,early,physics_weibull_v5,1,-1,,
5341,4,seal_failure,0.8388,advanced,physics_weibull_v5,1,-1,,
5342,4,seal_failure,0.0728,early,physics_weibull_v5,3,-1,,
5343,4,seal_failure,0.8969,advanced,physics_weibull_v5,3,-1,,
5344,4,seal_failure,0.05,early,physics_weibull_v5,1,-1,,
5345,4,seal_failure,0.0706,early,physics_weibull_v5,1,-1,,
5346,4,seal_failure,0.1031,early,physics_weibull_v5,1,-1,,
5347,4,seal_failure,0.05,early,physics_weibull_v5,1,-1,,
5348,4,seal_failure,0.6094,developing,physics_weibull_v5,1,-1,,
5349,4,seal_failure,0.967,advanced,physics_weibull_v5,1,-1,,
5350,4,seal_failure,0.1019,early,physics_weibull_v5,1,-1,,
5351,4,seal_failure,0.05,early,physics_weibull_v5,3,-1,,
5352,4,seal_failure,0.1992,early,physics_weibull_v5,1,-1,,
5353,4,seal_failure,0.05,early,physics_weibull_v5,3,-1,,
5354,4,seal_failure,0.1785,early,physics_weibull_v5,3,-1,,
5355,4,seal_failure,0.1672,early,physics_weibull_v5,3,-1,,
5356,4,seal_failure,0.234,early,physics_weibull_v5,3,-1,,
5357,4,seal_failure,0.097,early,physics_weibull_v5,3,-1,,
5358,4,seal_failure,0.2233,early,physics_weibull_v5,3,-1,,
5359,4,seal_failure,0.05,early,physics_weibull_v5,1,-1,,
5360,4,seal_failure,0.678,advanced,physics_weibull_v5,3,-1,,
5361,4,seal_failure,0.1823,early,physics_weibull_v5,3,-1,,
5362,4,seal_failure,0.2879,early,physics_weibull_v5,1,-1,,
5363,4,seal_failure,0.1115,early,physics_weibull_v5,3,-1,,
5364,4,seal_failure,0.0729,early,physics_weibull_v5,3,-1,,
5365,4,seal_failure,0.2375,early,physics_weibull_v5,3,-1,,
5366,4,seal_failure,0.0887,early,physics_weibull_v5,1,-1,,
5367,4,seal_failure,0.05,early,physics_weibull_v5,1,-1,,
5368,4,seal_failure,0.05,early,physics_weibull_v5,1,-1,,
5369,4,seal_failure,0.05,early,physics_weibull_v5,1,-1,,
5370,4,seal_failure,0.0597,early,physics_weibull_v5,3,-1,,
5371,4,seal_failure,0.2931,early,physics_weibull_v5,1,-1,,
5372,4,seal_failure,0.05,early,physics_weibull_v5,3,-1,,
5373,4,seal_failure,0.6407,developing,physics_weibull_v5,3,-1,,
5374,4,seal_failure,0.1861,early,physics_weibull_v5,1,-1,,
5375,4,seal_failure,0.0666,early,physics_weibull_v5,3,-1,,
5376,4,seal_failure,0.2936,early,physics_weibull_v5,1,-1,,
5377,4,seal_failure,0.2718,early,physics_weibull_v5,3,-1,,
5378,4,seal_failure,0.0626,early,physics_weibull_v5,3,-1,,
5379,4,seal_failure,0.05,early,physics_weibull_v5,1,-1,,
5380,4,seal_failure,0.9433,advanced,physics_weibull_v5,3,-1,,
5381,4,seal_failure,0.9256,advanced,physics_weibull_v5,3,-1,,
5382,4,seal_failure,0.05,early,physics_weibull_v5,1,-1,,
5383,4,seal_failure,0.05,early,physics_weibull_v5,1,-1,,
5384,4,seal_failure,0.1518,early,physics_weibull_v5,3,-1,,
5385,4,seal_failure,0.6647,advanced,physics_weibull_v5,3,-1,,
5386,4,seal_failure,0.05,early,physics_weibull_v5,1,-1,,
5387,4,seal_failure,0.8661,advanced,physics_weibull_v5,3,-1,,
5388,4,seal_failure,0.0534,early,physics_weibull_v5,3,-1,,
5389,4,seal_failure,0.05,early,physics_weibull_v5,3,-1,,
5390,4,seal_failure,0.0542,early,physics_weibull_v5,3,-1,,
5391,4,seal_failure,0.1986,early,physics_weibull_v5,1,-1,,
5392,4,seal_failure,0.0676,early,physics_weibull_v5,3,-1,,
5393,4,seal_failure,0.7723,advanced,physics_weibull_v5,3,-1,,
5394,4,seal_failure,0.05,early,physics_weibull_v5,1,-1,,
5395,4,seal_failure,0.0957,early,physics_weibull_v5,1,-1,,
5396,4,seal_failure,0.1792,early,physics_weibull_v5,3,-1,,
5397,4,seal_failure,0.05,early,physics_weibull_v5,3,-1,,
5398,4,seal_failure,0.9333,advanced,physics_weibull_v5,1,-1,,
5399,4,seal_failure,0.9171,advanced,physics_weibull_v5,1,-1,,
5400,4,seal_failure,0.0853,early,physics_weibull_v5,3,-1,,
5401,4,seal_failure,0.05,early,physics_weibull_v5,3,-1,,
5402,4,seal_failure,0.05,early,physics_weibull_v5,3,-1,,
5403,4,seal_failure,0.1844,early,physics_weibull_v5,1,-1,,
5404,4,seal_failure,0.066,early,physics_weibull_v5,1,-1,,
5405,4,seal_failure,0.05,early,physics_weibull_v5,3,-1,,
5406,4,seal_failure,0.0988,early,physics_weibull_v5,1,-1,,
5407,4,seal_failure,0.1121,early,physics_weibull_v5,3,-1,,
5408,4,seal_failure,0.1565,early,physics_weibull_v5,1,-1,,
5409,4,seal_failure,0.5245,developing,physics_weibull_v5,1,-1,,
5410,4,seal_failure,0.7096,advanced,physics_weibull_v5,3,-1,,
5411,4,seal_failure,0.9545,advanced,physics_weibull_v5,3,-1,,
5412,4,seal_failure,0.05,early,physics_weibull_v5,3,-1,,
5413,4,seal_failure,0.1087,early,physics_weibull_v5,1,-1,,
5414,4,seal_failure,0.05,early,physics_weibull_v5,1,-1,,
5415,4,seal_failure,0.05,early,physics_weibull_v5,1,-1,,
5416,4,seal_failure,0.05,early,physics_weibull_v5,3,-1,,
5417,4,seal_failure,0.6828,advanced,physics_weibull_v5,3,-1,,
5418,4,seal_failure,0.2087,early,physics_weibull_v5,1,-1,,
5419,4,seal_failure,0.6515,advanced,physics_weibull_v5,1,-1,,
5420,4,seal_failure,0.0636,early,physics_weibull_v5,1,-1,,
5421,4,seal_failure,0.0745,early,physics_weibull_v5,3,-1,,
5422,4,seal_failure,0.05,early,physics_weibull_v5,3,-1,,
5423,4,seal_failure,0.2014,early,physics_weibull_v5,1,-1,,
5424,4,seal_failure,0.0956,early,physics_weibull_v5,3,-1,,
5425,4,seal_failure,0.0957,early,physics_weibull_v5,3,-1,,
5426,4,seal_failure,0.6452,developing,physics_weibull_v5,1,-1,,
5427,4,seal_failure,0.9716,advanced,physics_weibull_v5,1,-1,,
5428,4,seal_failure,0.0872,early,physics_weibull_v5,1,-1,,
5429,4,seal_failure,0.05,early,physics_weibull_v5,1,-1,,
5430,4,seal_failure,0.7206,advanced,physics_weibull_v5,3,-1,,
5431,4,seal_failure,0.05,early,physics_weibull_v5,1,-1,,
5432,4,seal_failure,0.579,developing,physics_weibull_v5,1,-1,,
5433,4,seal_failure,0.8642,advanced,physics_weibull_v5,3,-1,,
5434,4,seal_failure,0.252,early,physics_weibull_v5,3,-1,,
5435,4,seal_failure,0.05,early,physics_weibull_v5,1,-1,,
5436,4,seal_failure,0.7608,advanced,physics_weibull_v5,1,-1,,
5437,4,seal_failure,0.05,early,physics_weibull_v5,3,-1,,
5438,4,seal_failure,0.5503,developing,physics_weibull_v5,1,-1,,
5439,4,seal_failure,0.1873,early,physics_weibull_v5,1,-1,,
5440,4,seal_failure,0.0735,early,physics_weibull_v5,1,-1,,
5441,4,seal_failure,0.8424,advanced,physics_weibull_v5,3,-1,,
5442,4,seal_failure,0.05,early,physics_weibull_v5,1,-1,,
5443,4,seal_failure,0.2355,early,physics_weibull_v5,3,-1,,
5444,4,seal_failure,0.05,early,physics_weibull_v5,1,-1,,
5445,4,seal_failure,0.05,early,physics_weibull_v5,3,-1,,
5446,4,seal_failure,0.6927,advanced,physics_weibull_v5,1,-1,,
5447,4,seal_failure,0.9788,advanced,physics_weibull_v5,1,-1,,
5448,4,seal_failure,0.7792,advanced,physics_weibull_v5,1,-1,,
5449,4,seal_failure,0.9676,advanced,physics_weibull_v5,3,-1,,
5450,4,seal_failure,0.148,early,physics_weibull_v5,3,-1,,
5451,4,seal_failure,0.1594,early,physics_weibull_v5,1,-1,,
5452,4,seal_failure,0.1196,early,physics_weibull_v5,1,-1,,
5453,4,seal_failure,0.051,early,physics_weibull_v5,3,-1,,
5454,4,seal_failure,0.0928,early,physics_weibull_v5,3,-1,,
5455,4,seal_failure,0.223,early,physics_weibull_v5,1,-1,,
5456,4,seal_failure,0.6498,developing,physics_weibull_v5,3,-1,,
5457,4,seal_failure,0.05,early,physics_weibull_v5,1,-1,,
5458,4,seal_failure,0.9886,advanced,physics_weibull_v5,3,-1,,
5459,4,seal_failure,0.05,early,physics_weibull_v5,3,-1,,
5460,4,seal_failure,0.05,early,physics_weibull_v5,3,-1,,
5461,4,seal_failure,0.05,early,physics_weibull_v5,3,-1,,
5462,4,seal_failure,0.2037,early,physics_weibull_v5,3,-1,,
5463,4,seal_failure,0.7273,advanced,physics_weibull_v5,1,-1,,
5464,4,seal_failure,0.8251,advanced,physics_weibull_v5,3,-1,,
5465,4,seal_failure,0.6755,advanced,physics_weibull_v5,1,-1,,
5466,4,seal_failure,0.142,early,physics_weibull_v5,3,-1,,
5467,4,seal_failure,0.0988,early,physics_weibull_v5,3,-1,,
5468,4,seal_failure,0.05,early,physics_weibull_v5,3,-1,,
5469,4,seal_failure,0.1241,early,physics_weibull_v5,1,-1,,
5470,4,seal_failure,0.2057,early,physics_weibull_v5,1,-1,,
5471,4,seal_failure,0.05,early,physics_weibull_v5,3,-1,,
5472,4,seal_failure,0.05,early,physics_weibull_v5,3,-1,,
5473,4,seal_failure,0.9165,advanced,physics_weibull_v5,1,-1,,
5474,4,seal_failure,0.6349,developing,physics_weibull_v5,1,-1,,
5475,4,seal_failure,0.5629,developing,physics_weibull_v5,1,-1,,
5476,4,seal_failure,0.7528,advanced,physics_weibull_v5,3,-1,,
5477,4,seal_failure,0.05,early,physics_weibull_v5,1,-1,,
5478,4,seal_failure,0.05,early,physics_weibull_v5,1,-1,,
5479,4,seal_failure,0.9627,advanced,physics_weibull_v5,3,-1,,
5480,4,seal_failure,0.5946,developing,physics_weibull_v5,1,-1,,
5481,4,seal_failure,0.0903,early,physics_weibull_v5,3,-1,,
5482,4,seal_failure,0.151,early,physics_weibull_v5,3,-1,,
5483,4,seal_failure,0.1994,early,physics_weibull_v5,1,-1,,
5484,4,seal_failure,0.0618,early,physics_weibull_v5,1,-1,,
5485,4,seal_failure,0.2583,early,physics_weibull_v5,3,-1,,
5486,4,seal_failure,0.2092,early,physics_weibull_v5,3,-1,,
5487,4,seal_failure,0.2592,early,physics_weibull_v5,1,-1,,
5488,4,seal_failure,0.9404,advanced,physics_weibull_v5,1,-1,,
5489,4,seal_failure,0.187,early,physics_weibull_v5,3,-1,,
5490,4,seal_failure,0.6512,advanced,physics_weibull_v5,3,-1,,
5491,4,seal_failure,0.05,early,physics_weibull_v5,3,-1,,
5492,4,seal_failure,0.278,early,physics_weibull_v5,1,-1,,
5493,4,seal_failure,0.1735,early,physics_weibull_v5,3,-1,,
5494,4,seal_failure,0.2441,early,physics_weibull_v5,1,-1,,
5495,4,seal_failure,0.05,early,physics_weibull_v5,1,-1,,
5496,4,seal_failure,0.05,early,physics_weibull_v5,3,-1,,
5497,4,seal_failure,0.9955,advanced,physics_weibull_v5,1,-1,,
5498,4,seal_failure,0.05,early,physics_weibull_v5,1,-1,,
5499,4,seal_failure,0.197,early,physics_weibull_v5,3,-1,,
5500,4,seal_failure,0.1011,early,physics_weibull_v5,3,-1,,
5501,4,seal_failure,0.0562,early,physics_weibull_v5,3,-1,,
5502,4,seal_failure,0.0652,early,physics_weibull_v5,1,-1,,
5503,4,seal_failure,0.1143,early,physics_weibull_v5,1,-1,,
5504,4,seal_failure,0.0522,early,physics_weibull_v5,1,-1,,
5505,4,seal_failure,0.1844,early,physics_weibull_v5,1,-1,,
5506,4,seal_failure,0.083,early,physics_weibull_v5,3,-1,,
5507,4,seal_failure,0.0629,early,physics_weibull_v5,1,-1,,
5508,4,seal_failure,0.6995,advanced,physics_weibull_v5,3,-1,,
5509,4,seal_failure,0.05,early,physics_weibull_v5,1,-1,,
5510,4,seal_failure,0.094,early,physics_weibull_v5,3,-1,,
5511,4,seal_failure,0.1294,early,physics_weibull_v5,3,-1,,
5512,4,seal_failure,0.05,early,physics_weibull_v5,1,-1,,
5513,4,seal_failure,0.8655,advanced,physics_weibull_v5,1,-1,,
5514,4,seal_failure,0.2832,early,physics_weibull_v5,1,-1,,
5515,4,seal_failure,0.1961,early,physics_weibull_v5,1,-1,,
5516,4,seal_failure,0.6049,developing,physics_weibull_v5,1,-1,,
5517,4,seal_failure,0.145,early,physics_weibull_v5,1,-1,,
5518,4,seal_failure,0.0958,early,physics_weibull_v5,1,-1,,
5519,4,seal_failure,0.05,early,physics_weibull_v5,1,-1,,
5520,4,seal_failure,0.2913,early,physics_weibull_v5,1,-1,,
5521,4,seal_failure,0.5459,developing,physics_weibull_v5,1,-1,,
5522,4,seal_failure,0.7115,advanced,physics_weibull_v5,3,-1,,
5523,4,seal_failure,0.05,early,physics_weibull_v5,1,-1,,
5524,4,seal_failure,0.7385,advanced,physics_weibull_v5,3,-1,,
5525,4,seal_failure,0.05,early,physics_weibull_v5,3,-1,,
5526,4,seal_failure,0.8114,advanced,physics_weibull_v5,1,-1,,
5527,4,seal_failure,0.05,early,physics_weibull_v5,1,-1,,
5528,4,seal_failure,0.0666,early,physics_weibull_v5,3,-1,,
5529,4,seal_failure,0.0635,early,physics_weibull_v5,3,-1,,
5530,4,seal_failure,0.0588,early,physics_weibull_v5,1,-1,,
5531,4,seal_failure,0.1721,early,physics_weibull_v5,3,-1,,
5532,4,seal_failure,0.2109,early,physics_weibull_v5,1,-1,,
5533,4,seal_failure,0.139,early,physics_weibull_v5,1,-1,,
5534,4,seal_failure,0.1563,early,physics_weibull_v5,3,-1,,
5535,4,seal_failure,0.7148,advanced,physics_weibull_v5,3,-1,,
5536,4,seal_failure,0.05,early,physics_weibull_v5,3,-1,,
5537,4,seal_failure,0.7007,advanced,physics_weibull_v5,1,-1,,
5538,4,seal_failure,0.05,early,physics_weibull_v5,3,-1,,
5539,4,seal_failure,0.05,early,physics_weibull_v5,1,-1,,
5540,4,seal_failure,0.05,early,physics_weibull_v5,3,-1,,
5541,4,seal_failure,0.0857,early,physics_weibull_v5,1,-1,,
5542,4,seal_failure,0.8366,advanced,physics_weibull_v5,3,-1,,
5543,4,seal_failure,0.2997,early,physics_weibull_v5,3,-1,,
5544,4,seal_failure,0.1472,early,physics_weibull_v5,3,-1,,
5545,4,seal_failure,0.05,early,physics_weibull_v5,1,-1,,
5546,4,seal_failure,0.5325,developing,physics_weibull_v5,1,-1,,
5547,4,seal_failure,0.05,early,physics_weibull_v5,1,-1,,
5548,4,seal_failure,0.05,early,physics_weibull_v5,3,-1,,
5549,4,seal_failure,0.05,early,physics_weibull_v5,3,-1,,
5550,4,seal_failure,0.1176,early,physics_weibull_v5,3,-1,,
5551,4,seal_failure,0.6607,advanced,physics_weibull_v5,1,-1,,
5552,4,seal_failure,0.994,advanced,physics_weibull_v5,3,-1,,
5553,4,seal_failure,0.6223,developing,physics_weibull_v5,1,-1,,
5554,4,seal_failure,0.05,early,physics_weibull_v5,3,-1,,
5555,4,seal_failure,0.5857,developing,physics_weibull_v5,1,-1,,
5556,4,seal_failure,0.6186,developing,physics_weibull_v5,3,-1,,
5557,4,seal_failure,0.5405,developing,physics_weibull_v5,1,-1,,
5558,4,seal_failure,0.2123,early,physics_weibull_v5,3,-1,,
5559,4,seal_failure,0.05,early,physics_weibull_v5,1,-1,,
5560,4,seal_failure,0.05,early,physics_weibull_v5,1,-1,,
5561,4,seal_failure,0.0889,early,physics_weibull_v5,1,-1,,
5562,4,seal_failure,0.05,early,physics_weibull_v5,1,-1,,
5563,4,seal_failure,0.2592,early,physics_weibull_v5,1,-1,,
5564,4,seal_failure,0.05,early,physics_weibull_v5,1,-1,,
5565,4,seal_failure,0.6834,advanced,physics_weibull_v5,1,-1,,
5566,4,seal_failure,0.2333,early,physics_weibull_v5,1,-1,,
5567,4,seal_failure,0.118,early,physics_weibull_v5,3,-1,,
5568,4,seal_failure,0.2037,early,physics_weibull_v5,1,-1,,
5569,4,seal_failure,0.5378,developing,physics_weibull_v5,1,-1,,
5570,4,seal_failure,0.2887,early,physics_weibull_v5,3,-1,,
5571,4,seal_failure,0.05,early,physics_weibull_v5,3,-1,,
5572,4,seal_failure,0.05,early,physics_weibull_v5,3,-1,,
5573,4,seal_failure,0.1674,early,physics_weibull_v5,3,-1,,
5574,4,seal_failure,0.05,early,physics_weibull_v5,1,-1,,
5575,4,seal_failure,0.8162,advanced,physics_weibull_v5,3,-1,,
5576,4,seal_failure,0.05,early,physics_weibull_v5,3,-1,,
5577,4,seal_failure,0.2333,early,physics_weibull_v5,1,-1,,
5578,4,seal_failure,0.1245,early,physics_weibull_v5,1,-1,,
5579,4,seal_failure,0.05,early,physics_weibull_v5,3,-1,,
5580,4,seal_failure,0.8404,advanced,physics_weibull_v5,1,-1,,
5581,4,seal_failure,0.1309,early,physics_weibull_v5,3,-1,,
5582,4,seal_failure,0.817,advanced,physics_weibull_v5,1,-1,,
5583,4,seal_failure,0.6879,advanced,physics_weibull_v5,1,-1,,
5584,4,seal_failure,0.1075,early,physics_weibull_v5,1,-1,,
5585,4,seal_failure,0.1972,early,physics_weibull_v5,1,-1,,
5586,4,seal_failure,0.05,early,physics_weibull_v5,1,-1,,
5587,4,seal_failure,0.668,advanced,physics_weibull_v5,3,-1,,
5588,4,seal_failure,0.8735,advanced,physics_weibull_v5,3,-1,,
5589,4,seal_failure,0.05,early,physics_weibull_v5,1,-1,,
5590,4,seal_failure,0.0817,early,physics_weibull_v5,3,-1,,
5591,4,seal_failure,0.114,early,physics_weibull_v5,3,-1,,
5592,4,seal_failure,0.5368,developing,physics_weibull_v5,1,-1,,
5593,4,seal_failure,0.05,early,physics_weibull_v5,1,-1,,
5594,4,seal_failure,0.9047,advanced,physics_weibull_v5,3,-1,,
5595,4,seal_failure,0.0839,early,physics_weibull_v5,3,-1,,
5596,4,seal_failure,0.1705,early,physics_weibull_v5,3,-1,,
5597,4,seal_failure,0.1265,early,physics_weibull_v5,3,-1,,
5598,4,seal_failure,0.7232,advanced,physics_weibull_v5,1,-1,,
5599,4,seal_failure,0.2784,early,physics_weibull_v5,3,-1,,
5600,4,seal_failure,0.6527,advanced,physics_weibull_v5,1,-1,,
5601,4,seal_failure,0.1755,early,physics_weibull_v5,3,-1,,
5602,4,seal_failure,0.6068,developing,physics_weibull_v5,1,-1,,
5603,4,seal_failure,0.1711,early,physics_weibull_v5,3,-1,,
5604,4,seal_failure,0.05,early,physics_weibull_v5,1,-1,,
5605,4,seal_failure,0.1437,early,physics_weibull_v5,1,-1,,
5606,4,seal_failure,0.05,early,physics_weibull_v5,3,-1,,
5607,4,seal_failure,0.5627,developing,physics_weibull_v5,1,-1,,
5608,4,seal_failure,0.05,early,physics_weibull_v5,3,-1,,
5609,4,seal_failure,0.9795,advanced,physics_weibull_v5,3,-1,,
5610,4,seal_failure,0.2028,early,physics_weibull_v5,3,-1,,
5611,4,seal_failure,0.05,early,physics_weibull_v5,1,-1,,
5612,4,seal_failure,0.2155,early,physics_weibull_v5,3,-1,,
5613,4,seal_failure,0.1139,early,physics_weibull_v5,1,-1,,
5614,4,seal_failure,0.2027,early,physics_weibull_v5,1,-1,,
5615,4,seal_failure,0.1593,early,physics_weibull_v5,3,-1,,
5616,4,seal_failure,0.0838,early,physics_weibull_v5,3,-1,,
5617,4,seal_failure,0.05,early,physics_weibull_v5,1,-1,,
5618,4,seal_failure,0.0675,early,physics_weibull_v5,1,-1,,
5619,4,seal_failure,0.05,early,physics_weibull_v5,3,-1,,
5620,4,seal_failure,0.094,early,physics_weibull_v5,3,-1,,
5621,4,seal_failure,0.6634,advanced,physics_weibull_v5,3,-1,,
5622,4,seal_failure,0.05,early,physics_weibull_v5,3,-1,,
5623,4,seal_failure,0.1287,early,physics_weibull_v5,3,-1,,
5624,4,seal_failure,0.05,early,physics_weibull_v5,1,-1,,
5625,4,seal_failure,0.1466,early,physics_weibull_v5,3,-1,,
5626,4,seal_failure,0.1752,early,physics_weibull_v5,1,-1,,
5627,4,seal_failure,0.6892,advanced,physics_weibull_v5,3,-1,,
5628,4,seal_failure,0.8141,advanced,physics_weibull_v5,1,-1,,
5629,4,seal_failure,0.05,early,physics_weibull_v5,1,-1,,
5630,4,seal_failure,0.8781,advanced,physics_weibull_v5,1,-1,,
5631,4,seal_failure,0.05,early,physics_weibull_v5,1,-1,,
5632,4,seal_failure,0.0761,early,physics_weibull_v5,1,-1,,
5633,4,seal_failure,0.1728,early,physics_weibull_v5,1,-1,,
5634,4,seal_failure,0.9611,advanced,physics_weibull_v5,1,-1,,
5635,4,seal_failure,0.2266,early,physics_weibull_v5,3,-1,,
5636,4,seal_failure,0.0774,early,physics_weibull_v5,3,-1,,
5637,4,seal_failure,0.1808,early,physics_weibull_v5,3,-1,,
5638,4,seal_failure,0.6373,developing,physics_weibull_v5,3,-1,,
5639,4,seal_failure,0.784,advanced,physics_weibull_v5,3,-1,,
5640,4,seal_failure,0.5255,developing,physics_weibull_v5,1,-1,,
5641,4,seal_failure,0.05,early,physics_weibull_v5,3,-1,,
5642,4,seal_failure,0.9797,advanced,physics_weibull_v5,1,-1,,
5643,4,seal_failure,0.05,early,physics_weibull_v5,1,-1,,
5644,4,seal_failure,0.05,early,physics_weibull_v5,1,-1,,
5645,4,seal_failure,0.0554,early,physics_weibull_v5,3,-1,,
5646,4,seal_failure,0.0772,early,physics_weibull_v5,1,-1,,
5647,4,seal_failure,0.0963,early,physics_weibull_v5,1,-1,,
5648,4,seal_failure,0.9717,advanced,physics_weibull_v5,3,-1,,
5649,4,seal_failure,0.1209,early,physics_weibull_v5,1,-1,,
5650,4,seal_failure,0.9451,advanced,physics_weibull_v5,3,-1,,
5651,4,seal_failure,0.05,early,physics_weibull_v5,3,-1,,
5652,4,seal_failure,0.05,early,physics_weibull_v5,3,-1,,
5653,4,seal_failure,0.6472,developing,physics_weibull_v5,3,-1,,
5654,4,seal_failure,0.5573,developing,physics_weibull_v5,1,-1,,
5655,4,seal_failure,0.8712,advanced,physics_weibull_v5,3,-1,,
5656,4,seal_failure,0.1564,early,physics_weibull_v5,3,-1,,
5657,4,seal_failure,0.5895,developing,physics_weibull_v5,1,-1,,
5658,4,seal_failure,0.9845,advanced,physics_weibull_v5,3,-1,,
5659,4,seal_failure,0.05,early,physics_weibull_v5,1,-1,,
5660,4,seal_failure,0.05,early,physics_weibull_v5,3,-1,,
5661,4,seal_failure,0.1602,early,physics_weibull_v5,3,-1,,
5662,4,seal_failure,0.8628,advanced,physics_weibull_v5,3,-1,,
5663,4,seal_failure,0.7486,advanced,physics_weibull_v5,1,-1,,
5664,4,seal_failure,0.0934,early,physics_weibull_v5,3,-1,,
5665,4,seal_failure,0.0822,early,physics_weibull_v5,3,-1,,
5666,4,seal_failure,0.0602,early,physics_weibull_v5,3,-1,,
5667,4,seal_failure,0.05,early,physics_weibull_v5,1,-1,,
5668,4,seal_failure,0.278,early,physics_weibull_v5,3,-1,,
5669,4,seal_failure,0.2152,early,physics_weibull_v5,1,-1,,
5670,4,seal_failure,0.5488,developing,physics_weibull_v5,1,-1,,
5671,4,seal_failure,0.05,early,physics_weibull_v5,1,-1,,
5672,4,seal_failure,0.9496,advanced,physics_weibull_v5,1,-1,,
5673,4,seal_failure,0.1218,early,physics_weibull_v5,1,-1,,
5674,4,seal_failure,0.05,early,physics_weibull_v5,1,-1,,
5675,4,seal_failure,0.05,early,physics_weibull_v5,1,-1,,
5676,4,seal_failure,0.7943,advanced,physics_weibull_v5,1,-1,,
5677,4,seal_failure,0.1269,early,physics_weibull_v5,1,-1,,
5678,4,seal_failure,0.1568,early,physics_weibull_v5,1,-1,,
5679,4,seal_failure,0.6349,developing,physics_weibull_v5,1,-1,,
5680,4,seal_failure,0.8726,advanced,physics_weibull_v5,3,-1,,
5681,4,seal_failure,0.2531,early,physics_weibull_v5,1,-1,,
5682,4,seal_failure,0.1145,early,physics_weibull_v5,3,-1,,
5683,4,seal_failure,0.7465,advanced,physics_weibull_v5,3,-1,,
5684,4,seal_failure,0.05,early,physics_weibull_v5,3,-1,,
5685,4,seal_failure,0.1578,early,physics_weibull_v5,1,-1,,
5686,4,seal_failure,0.0868,early,physics_weibull_v5,3,-1,,
5687,4,seal_failure,0.2052,early,physics_weibull_v5,1,-1,,
5688,4,seal_failure,0.2815,early,physics_weibull_v5,1,-1,,
5689,4,seal_failure,0.2912,early,physics_weibull_v5,1,-1,,
5690,4,seal_failure,0.8678,advanced,physics_weibull_v5,3,-1,,
5691,4,seal_failure,0.05,early,physics_weibull_v5,3,-1,,
5692,4,seal_failure,0.1371,early,physics_weibull_v5,3,-1,,
5693,4,seal_failure,0.2675,early,physics_weibull_v5,3,-1,,
5694,4,seal_failure,0.05,early,physics_weibull_v5,3,-1,,
5695,4,seal_failure,0.05,early,physics_weibull_v5,3,-1,,
5696,4,seal_failure,0.2851,early,physics_weibull_v5,1,-1,,
5697,4,seal_failure,0.05,early,physics_weibull_v5,3,-1,,
5698,4,seal_failure,0.6738,advanced,physics_weibull_v5,3,-1,,
5699,4,seal_failure,0.5355,developing,physics_weibull_v5,1,-1,,
5700,4,seal_failure,0.0515,early,physics_weibull_v5,3,-1,,
5701,4,seal_failure,0.1506,early,physics_weibull_v5,1,-1,,
5702,4,seal_failure,0.05,early,physics_weibull_v5,3,-1,,
5703,4,seal_failure,0.2748,early,physics_weibull_v5,1,-1,,
5704,4,seal_failure,0.1814,early,physics_weibull_v5,3,-1,,
5705,4,seal_failure,0.1357,early,physics_weibull_v5,1,-1,,
5706,4,seal_failure,0.1658,early,physics_weibull_v5,3,-1,,
5707,4,seal_failure,0.133,early,physics_weibull_v5,1,-1,,
5708,4,seal_failure,0.2156,early,physics_weibull_v5,3,-1,,
5709,4,seal_failure,0.0989,early,physics_weibull_v5,1,-1,,
5710,4,seal_failure,0.203,early,physics_weibull_v5,1,-1,,
5711,4,seal_failure,0.0614,early,physics_weibull_v5,3,-1,,
5712,4,seal_failure,0.05,early,physics_weibull_v5,3,-1,,
5713,4,seal_failure,0.05,early,physics_weibull_v5,3,-1,,
5714,4,seal_failure,0.196,early,physics_weibull_v5,1,-1,,
5715,4,seal_failure,0.05,early,physics_weibull_v5,3,-1,,
5716,4,seal_failure,0.2792,early,physics_weibull_v5,1,-1,,
5717,4,seal_failure,0.0979,early,physics_weibull_v5,1,-1,,
5718,4,seal_failure,0.1307,early,physics_weibull_v5,3,-1,,
5719,4,seal_failure,0.7441,advanced,physics_weibull_v5,1,-1,,
5720,4,seal_failure,0.1467,early,physics_weibull_v5,1,-1,,
5721,4,seal_failure,0.05,early,physics_weibull_v5,1,-1,,
5722,4,seal_failure,0.05,early,physics_weibull_v5,1,-1,,
5723,4,seal_failure,0.0527,early,physics_weibull_v5,1,-1,,
5724,4,seal_failure,0.0615,early,physics_weibull_v5,1,-1,,
5725,4,seal_failure,0.1691,early,physics_weibull_v5,3,-1,,
5726,4,seal_failure,0.2472,early,physics_weibull_v5,3,-1,,
5727,4,seal_failure,0.8898,advanced,physics_weibull_v5,1,-1,,
5728,4,seal_failure,0.05,early,physics_weibull_v5,1,-1,,
5729,4,seal_failure,0.2079,early,physics_weibull_v5,3,-1,,
5730,4,seal_failure,0.9433,advanced,physics_weibull_v5,1,-1,,
5731,4,seal_failure,0.0732,early,physics_weibull_v5,3,-1,,
5732,4,seal_failure,0.8602,advanced,physics_weibull_v5,3,-1,,
5733,4,seal_failure,0.2227,early,physics_weibull_v5,1,-1,,
5734,4,seal_failure,0.5978,developing,physics_weibull_v5,1,-1,,
5735,4,seal_failure,0.84,advanced,physics_weibull_v5,1,-1,,
5736,4,seal_failure,0.9248,advanced,physics_weibull_v5,3,-1,,
5737,4,seal_failure,0.145,early,physics_weibull_v5,3,-1,,
5738,4,seal_failure,0.05,early,physics_weibull_v5,3,-1,,
5739,4,seal_failure,0.0569,early,physics_weibull_v5,1,-1,,
5740,4,seal_failure,0.9833,advanced,physics_weibull_v5,3,-1,,
5741,4,seal_failure,0.05,early,physics_weibull_v5,3,-1,,
5742,4,seal_failure,0.05,early,physics_weibull_v5,3,-1,,
5743,4,seal_failure,0.1917,early,physics_weibull_v5,3,-1,,
5744,4,seal_failure,0.05,early,physics_weibull_v5,3,-1,,
5745,4,seal_failure,0.7902,advanced,physics_weibull_v5,1,-1,,
5746,4,seal_failure,0.6253,developing,physics_weibull_v5,1,-1,,
5747,4,seal_failure,0.7674,advanced,physics_weibull_v5,3,-1,,
5748,4,seal_failure,0.05,early,physics_weibull_v5,3,-1,,
5749,4,seal_failure,0.7185,advanced,physics_weibull_v5,3,-1,,
5750,4,seal_failure,0.05,early,physics_weibull_v5,3,-1,,
5751,4,seal_failure,0.05,early,physics_weibull_v5,1,-1,,
5752,4,seal_failure,0.05,early,physics_weibull_v5,3,-1,,
5753,4,seal_failure,0.1665,early,physics_weibull_v5,1,-1,,
5754,4,seal_failure,0.05,early,physics_weibull_v5,3,-1,,
5755,4,seal_failure,0.7682,advanced,physics_weibull_v5,1,-1,,
5756,4,seal_failure,0.9295,advanced,physics_weibull_v5,1,-1,,
5757,4,seal_failure,0.1124,early,physics_weibull_v5,1,-1,,
5758,4,seal_failure,0.05,early,physics_weibull_v5,3,-1,,
5759,4,seal_failure,0.0977,early,physics_weibull_v5,3,-1,,
5760,4,seal_failure,0.0679,early,physics_weibull_v5,3,-1,,
5761,4,seal_failure,0.9001,advanced,physics_weibull_v5,1,-1,,
5762,4,seal_failure,0.05,early,physics_weibull_v5,1,-1,,
5763,4,seal_failure,0.0537,early,physics_weibull_v5,1,-1,,
5764,4,seal_failure,0.05,early,physics_weibull_v5,3,-1,,
5765,4,seal_failure,0.05,early,physics_weibull_v5,1,-1,,
5766,4,seal_failure,0.1183,early,physics_weibull_v5,1,-1,,
5767,4,seal_failure,0.7454,advanced,physics_weibull_v5,1,-1,,
5768,4,seal_failure,0.7588,advanced,physics_weibull_v5,1,-1,,
5769,4,seal_failure,0.05,early,physics_weibull_v5,1,-1,,
5770,4,seal_failure,0.05,early,physics_weibull_v5,3,-1,,
5771,4,seal_failure,0.2345,early,physics_weibull_v5,1,-1,,
5772,4,seal_failure,0.255,early,physics_weibull_v5,3,-1,,
5773,4,seal_failure,0.129,early,physics_weibull_v5,3,-1,,
5774,4,seal_failure,0.8033,advanced,physics_weibull_v5,1,-1,,
5775,4,seal_failure,0.5308,developing,physics_weibull_v5,1,-1,,
5776,4,seal_failure,0.2328,early,physics_weibull_v5,3,-1,,
5777,4,seal_failure,0.1862,early,physics_weibull_v5,1,-1,,
5778,4,seal_failure,0.0945,early,physics_weibull_v5,1,-1,,
5779,4,seal_failure,0.05,early,physics_weibull_v5,3,-1,,
5780,4,seal_failure,0.05,early,physics_weibull_v5,1,-1,,
5781,4,seal_failure,0.05,early,physics_weibull_v5,1,-1,,
5782,4,seal_failure,0.283,early,physics_weibull_v5,3,-1,,
5783,4,seal_failure,0.9895,advanced,physics_weibull_v5,1,-1,,
5784,4,seal_failure,0.05,early,physics_weibull_v5,3,-1,,
5785,4,seal_failure,0.0772,early,physics_weibull_v5,1,-1,,
5786,4,seal_failure,0.9598,advanced,physics_weibull_v5,1,-1,,
5787,4,seal_failure,0.8835,advanced,physics_weibull_v5,1,-1,,
5788,4,seal_failure,0.2325,early,physics_weibull_v5,3,-1,,
5789,4,seal_failure,0.6419,developing,physics_weibull_v5,3,-1,,
5790,4,seal_failure,0.05,early,physics_weibull_v5,1,-1,,
5791,4,seal_failure,0.05,early,physics_weibull_v5,3,-1,,
5792,4,seal_failure,0.2754,early,physics_weibull_v5,1,-1,,
5793,4,seal_failure,0.0851,early,physics_weibull_v5,1,-1,,
5794,4,seal_failure,0.5437,developing,physics_weibull_v5,1,-1,,
5795,4,seal_failure,0.1809,early,physics_weibull_v5,3,-1,,
5796,4,seal_failure,0.1026,early,physics_weibull_v5,3,-1,,
5797,4,seal_failure,0.1608,early,physics_weibull_v5,3,-1,,
5798,4,seal_failure,0.6409,developing,physics_weibull_v5,3,-1,,
5799,4,seal_failure,0.05,early,physics_weibull_v5,3,-1,,
5800,4,seal_failure,0.05,early,physics_weibull_v5,3,-1,,
5801,4,seal_failure,0.05,early,physics_weibull_v5,1,-1,,
5802,4,seal_failure,0.0555,early,physics_weibull_v5,1,-1,,
5803,4,seal_failure,0.8608,advanced,physics_weibull_v5,3,-1,,
5804,4,seal_failure,0.6449,developing,physics_weibull_v5,3,-1,,
5805,4,seal_failure,0.05,early,physics_weibull_v5,1,-1,,
5806,4,seal_failure,0.8591,advanced,physics_weibull_v5,3,-1,,
5807,4,seal_failure,0.05,early,physics_weibull_v5,1,-1,,
5808,4,seal_failure,0.2805,early,physics_weibull_v5,3,-1,,
5809,4,seal_failure,0.936,advanced,physics_weibull_v5,3,-1,,
5810,4,seal_failure,0.297,early,physics_weibull_v5,3,-1,,
5811,4,seal_failure,0.9352,advanced,physics_weibull_v5,3,-1,,
5812,4,seal_failure,0.6629,advanced,physics_weibull_v5,1,-1,,
5813,4,seal_failure,0.6169,developing,physics_weibull_v5,1,-1,,
5814,4,seal_failure,0.05,early,physics_weibull_v5,1,-1,,
5815,4,seal_failure,0.05,early,physics_weibull_v5,1,-1,,
5816,4,seal_failure,0.1796,early,physics_weibull_v5,3,-1,,
5817,4,seal_failure,0.2224,early,physics_weibull_v5,3,-1,,
5818,4,seal_failure,0.2868,early,physics_weibull_v5,3,-1,,
5819,4,seal_failure,0.05,early,physics_weibull_v5,1,-1,,
5820,4,seal_failure,0.0665,early,physics_weibull_v5,3,-1,,
5821,4,seal_failure,0.05,early,physics_weibull_v5,1,-1,,
5822,4,seal_failure,0.9735,advanced,physics_weibull_v5,1,-1,,
5823,4,seal_failure,0.05,early,physics_weibull_v5,1,-1,,
5824,4,seal_failure,0.05,early,physics_weibull_v5,3,-1,,
5825,4,seal_failure,0.2767,early,physics_weibull_v5,1,-1,,
5826,4,seal_failure,0.05,early,physics_weibull_v5,3,-1,,
5827,4,seal_failure,0.0514,early,physics_weibull_v5,1,-1,,
5828,4,seal_failure,0.8303,advanced,physics_weibull_v5,3,-1,,
5829,4,seal_failure,0.9374,advanced,physics_weibull_v5,1,-1,,
5830,4,seal_failure,0.1069,early,physics_weibull_v5,3,-1,,
5831,4,seal_failure,0.8151,advanced,physics_weibull_v5,3,-1,,
5832,4,seal_failure,0.9425,advanced,physics_weibull_v5,1,-1,,
5833,4,seal_failure,0.9647,advanced,physics_weibull_v5,3,-1,,
5834,4,seal_failure,0.9291,advanced,physics_weibull_v5,3,-1,,
5835,4,seal_failure,0.1614,early,physics_weibull_v5,3,-1,,
5836,4,seal_failure,0.05,early,physics_weibull_v5,3,-1,,
5837,4,seal_failure,0.0557,early,physics_weibull_v5,3,-1,,
5838,4,seal_failure,0.1328,early,physics_weibull_v5,1,-1,,
5839,4,seal_failure,0.1288,early,physics_weibull_v5,1,-1,,
5840,4,seal_failure,0.6651,advanced,physics_weibull_v5,1,-1,,
5841,4,seal_failure,0.05,early,physics_weibull_v5,3,-1,,
5842,4,seal_failure,0.181,early,physics_weibull_v5,1,-1,,
5843,4,seal_failure,0.0797,early,physics_weibull_v5,3,-1,,
5844,4,seal_failure,0.6486,developing,physics_weibull_v5,3,-1,,
5845,4,seal_failure,0.1149,early,physics_weibull_v5,3,-1,,
5846,4,seal_failure,0.058,early,physics_weibull_v5,1,-1,,
5847,4,seal_failure,0.1099,early,physics_weibull_v5,1,-1,,
5848,4,seal_failure,0.0664,early,physics_weibull_v5,3,-1,,
5849,4,seal_failure,0.9866,advanced,physics_weibull_v5,1,-1,,
5850,4,seal_failure,0.1515,early,physics_weibull_v5,3,-1,,
5851,4,seal_failure,0.7606,advanced,physics_weibull_v5,3,-1,,
5852,4,seal_failure,0.0902,early,physics_weibull_v5,1,-1,,
5853,4,seal_failure,0.091,early,physics_weibull_v5,3,-1,,
5854,4,seal_failure,0.8515,advanced,physics_weibull_v5,3,-1,,
5855,4,seal_failure,0.0575,early,physics_weibull_v5,1,-1,,
5856,4,seal_failure,0.05,early,physics_weibull_v5,3,-1,,
5857,4,seal_failure,0.05,early,physics_weibull_v5,1,-1,,
5858,4,seal_failure,0.05,early,physics_weibull_v5,1,-1,,
5859,4,seal_failure,0.6273,developing,physics_weibull_v5,1,-1,,
5860,4,seal_failure,0.908,advanced,physics_weibull_v5,1,-1,,
5861,4,seal_failure,0.05,early,physics_weibull_v5,3,-1,,
5862,4,seal_failure,0.05,early,physics_weibull_v5,3,-1,,
5863,4,seal_failure,0.9915,advanced,physics_weibull_v5,1,-1,,
5864,4,seal_failure,0.1218,early,physics_weibull_v5,1,-1,,
5865,4,seal_failure,0.5953,developing,physics_weibull_v5,1,-1,,
5866,4,seal_failure,0.7917,advanced,physics_weibull_v5,1,-1,,
5867,4,seal_failure,0.05,early,physics_weibull_v5,3,-1,,
5868,4,seal_failure,0.5887,developing,physics_weibull_v5,1,-1,,
5869,4,seal_failure,0.05,early,physics_weibull_v5,3,-1,,
5870,4,seal_failure,0.059,early,physics_weibull_v5,3,-1,,
5871,4,seal_failure,0.0548,early,physics_weibull_v5,1,-1,,
5872,4,seal_failure,0.0592,early,physics_weibull_v5,3,-1,,
5873,4,seal_failure,0.2134,early,physics_weibull_v5,1,-1,,
5874,4,seal_failure,0.581,developing,physics_weibull_v5,1,-1,,
5875,4,seal_failure,0.9227,advanced,physics_weibull_v5,3,-1,,
5876,4,seal_failure,0.05,early,physics_weibull_v5,3,-1,,
5877,4,seal_failure,0.745,advanced,physics_weibull_v5,1,-1,,
5878,4,seal_failure,0.05,early,physics_weibull_v5,3,-1,,
5879,4,seal_failure,0.05,early,physics_weibull_v5,1,-1,,
5880,4,seal_failure,0.05,early,physics_weibull_v5,3,-1,,
5881,4,seal_failure,0.05,early,physics_weibull_v5,1,-1,,
5882,4,seal_failure,0.8081,advanced,physics_weibull_v5,1,-1,,
5883,4,seal_failure,0.05,early,physics_weibull_v5,1,-1,,
5884,4,seal_failure,0.6297,developing,physics_weibull_v5,1,-1,,
5885,4,seal_failure,0.0978,early,physics_weibull_v5,3,-1,,
5886,4,seal_failure,0.1036,early,physics_weibull_v5,1,-1,,
5887,4,seal_failure,0.1617,early,physics_weibull_v5,1,-1,,
5888,4,seal_failure,0.0655,early,physics_weibull_v5,1,-1,,
5889,4,seal_failure,0.05,early,physics_weibull_v5,1,-1,,
5890,4,seal_failure,0.9514,advanced,physics_weibull_v5,1,-1,,
5891,4,seal_failure,0.05,early,physics_weibull_v5,1,-1,,
5892,4,seal_failure,0.05,early,physics_weibull_v5,3,-1,,
5893,4,seal_failure,0.1186,early,physics_weibull_v5,1,-1,,
5894,4,seal_failure,0.05,early,physics_weibull_v5,3,-1,,
5895,4,seal_failure,0.2908,early,physics_weibull_v5,3,-1,,
5896,4,seal_failure,0.5926,developing,physics_weibull_v5,1,-1,,
5897,4,seal_failure,0.05,early,physics_weibull_v5,3,-1,,
5898,4,seal_failure,0.1329,early,physics_weibull_v5,1,-1,,
5899,4,seal_failure,0.2861,early,physics_weibull_v5,3,-1,,
5900,4,seal_failure,0.0705,early,physics_weibull_v5,1,-1,,
5901,4,seal_failure,0.1102,early,physics_weibull_v5,3,-1,,
5902,4,seal_failure,0.0745,early,physics_weibull_v5,1,-1,,
5903,4,seal_failure,0.9224,advanced,physics_weibull_v5,3,-1,,
5904,4,seal_failure,0.547,developing,physics_weibull_v5,1,-1,,
5905,4,seal_failure,0.05,early,physics_weibull_v5,1,-1,,
5906,4,seal_failure,0.2149,early,physics_weibull_v5,3,-1,,
5907,4,seal_failure,0.05,early,physics_weibull_v5,3,-1,,
5908,4,seal_failure,0.05,early,physics_weibull_v5,3,-1,,
5909,4,seal_failure,0.9069,advanced,physics_weibull_v5,1,-1,,
5910,4,seal_failure,0.0837,early,physics_weibull_v5,1,-1,,
5911,4,seal_failure,0.152,early,physics_weibull_v5,1,-1,,
5912,4,seal_failure,0.095,early,physics_weibull_v5,1,-1,,
5913,4,seal_failure,0.5201,developing,physics_weibull_v5,1,-1,,
5914,4,seal_failure,0.05,early,physics_weibull_v5,3,-1,,
5915,4,seal_failure,0.5676,developing,physics_weibull_v5,1,-1,,
5916,4,seal_failure,0.5741,developing,physics_weibull_v5,1,-1,,
5917,4,seal_failure,0.2039,early,physics_weibull_v5,1,-1,,
5918,4,seal_failure,0.1985,early,physics_weibull_v5,3,-1,,
5919,4,seal_failure,0.0747,early,physics_weibull_v5,3,-1,,
5920,4,seal_failure,0.0734,early,physics_weibull_v5,3,-1,,
5921,4,seal_failure,0.0933,early,physics_weibull_v5,1,-1,,
5922,4,seal_failure,0.2262,early,physics_weibull_v5,3,-1,,
5923,4,seal_failure,0.05,early,physics_weibull_v5,1,-1,,
5924,4,seal_failure,0.05,early,physics_weibull_v5,1,-1,,
5925,4,seal_failure,0.8262,advanced,physics_weibull_v5,1,-1,,
5926,4,seal_failure,0.05,early,physics_weibull_v5,3,-1,,
5927,4,seal_failure,0.1433,early,physics_weibull_v5,3,-1,,
5928,4,seal_failure,0.1099,early,physics_weibull_v5,3,-1,,
5929,4,seal_failure,0.05,early,physics_weibull_v5,3,-1,,
5930,4,seal_failure,0.1292,early,physics_weibull_v5,1,-1,,
5931,4,seal_failure,0.0616,early,physics_weibull_v5,1,-1,,
5932,4,seal_failure,0.2313,early,physics_weibull_v5,3,-1,,
5933,4,seal_failure,0.9367,advanced,physics_weibull_v5,3,-1,,
5934,4,seal_failure,0.1833,early,physics_weibull_v5,1,-1,,
5935,4,seal_failure,0.618,developing,physics_weibull_v5,1,-1,,
5936,4,seal_failure,0.0992,early,physics_weibull_v5,3,-1,,
5937,4,seal_failure,0.555,developing,physics_weibull_v5,1,-1,,
5938,4,seal_failure,0.2501,early,physics_weibull_v5,3,-1,,
5939,4,seal_failure,0.1864,early,physics_weibull_v5,1,-1,,
5940,4,seal_failure,0.2517,early,physics_weibull_v5,3,-1,,
5941,4,seal_failure,0.228,early,physics_weibull_v5,3,-1,,
5942,4,seal_failure,0.05,early,physics_weibull_v5,1,-1,,
5943,4,seal_failure,0.05,early,physics_weibull_v5,1,-1,,
5944,4,seal_failure,0.7094,advanced,physics_weibull_v5,3,-1,,
5945,4,seal_failure,0.0527,early,physics_weibull_v5,1,-1,,
5946,4,seal_failure,0.0781,early,physics_weibull_v5,3,-1,,
5947,4,seal_failure,0.2165,early,physics_weibull_v5,1,-1,,
5948,4,seal_failure,0.6297,developing,physics_weibull_v5,1,-1,,
5949,4,seal_failure,0.8495,advanced,physics_weibull_v5,3,-1,,
5950,4,seal_failure,0.9323,advanced,physics_weibull_v5,3,-1,,
5951,4,seal_failure,0.05,early,physics_weibull_v5,3,-1,,
5952,4,seal_failure,0.05,early,physics_weibull_v5,3,-1,,
5953,4,seal_failure,0.2981,early,physics_weibull_v5,1,-1,,
5954,4,seal_failure,0.05,early,physics_weibull_v5,1,-1,,
5955,4,seal_failure,0.194,early,physics_weibull_v5,3,-1,,
5956,4,seal_failure,0.0548,early,physics_weibull_v5,3,-1,,
5957,4,seal_failure,0.2967,early,physics_weibull_v5,1,-1,,
5958,4,seal_failure,0.05,early,physics_weibull_v5,3,-1,,
5959,4,seal_failure,0.05,early,physics_weibull_v5,1,-1,,
5960,4,seal_failure,0.05,early,physics_weibull_v5,1,-1,,
5961,4,seal_failure,0.1738,early,physics_weibull_v5,1,-1,,
5962,4,seal_failure,0.1032,early,physics_weibull_v5,3,-1,,
5963,4,seal_failure,0.1055,early,physics_weibull_v5,1,-1,,
5964,4,seal_failure,0.05,early,physics_weibull_v5,3,-1,,
5965,4,seal_failure,0.0994,early,physics_weibull_v5,1,-1,,
5966,4,seal_failure,0.1813,early,physics_weibull_v5,3,-1,,
5967,4,seal_failure,0.1557,early,physics_weibull_v5,1,-1,,
5968,4,seal_failure,0.2557,early,physics_weibull_v5,1,-1,,
5969,4,seal_failure,0.05,early,physics_weibull_v5,3,-1,,
5970,4,seal_failure,0.0697,early,physics_weibull_v5,1,-1,,
5971,4,seal_failure,0.05,early,physics_weibull_v5,3,-1,,
5972,4,seal_failure,0.5841,developing,physics_weibull_v5,1,-1,,
5973,4,seal_failure,0.1288,early,physics_weibull_v5,3,-1,,
5974,4,seal_failure,0.1088,early,physics_weibull_v5,3,-1,,
5975,4,seal_failure,0.8212,advanced,physics_weibull_v5,1,-1,,
5976,4,seal_failure,0.8835,advanced,physics_weibull_v5,1,-1,,
5977,4,seal_failure,0.1978,early,physics_weibull_v5,3,-1,,
5978,4,seal_failure,0.05,early,physics_weibull_v5,3,-1,,
5979,4,seal_failure,0.7939,advanced,physics_weibull_v5,3,-1,,
5980,4,seal_failure,0.9278,advanced,physics_weibull_v5,1,-1,,
5981,4,seal_failure,0.8574,advanced,physics_weibull_v5,3,-1,,
5982,4,seal_failure,0.05,early,physics_weibull_v5,3,-1,,
5983,4,seal_failure,0.05,early,physics_weibull_v5,3,-1,,
5984,4,seal_failure,0.05,early,physics_weibull_v5,1,-1,,
5985,4,seal_failure,0.05,early,physics_weibull_v5,1,-1,,
5986,4,seal_failure,0.05,early,physics_weibull_v5,1,-1,,
5987,4,seal_failure,0.05,early,physics_weibull_v5,1,-1,,
5988,4,seal_failure,0.1714,early,physics_weibull_v5,1,-1,,
5989,4,seal_failure,0.0882,early,physics_weibull_v5,3,-1,,
5990,4,seal_failure,0.05,early,physics_weibull_v5,3,-1,,
5991,4,seal_failure,0.1175,early,physics_weibull_v5,3,-1,,
5992,4,seal_failure,0.0502,early,physics_weibull_v5,3,-1,,
5993,4,seal_failure,0.8145,advanced,physics_weibull_v5,1,-1,,
5994,4,seal_failure,0.246,early,physics_weibull_v5,3,-1,,
5995,4,seal_failure,0.8335,advanced,physics_weibull_v5,3,-1,,
5996,4,seal_failure,0.2197,early,physics_weibull_v5,3,-1,,
5997,4,seal_failure,0.05,early,physics_weibull_v5,1,-1,,
5998,4,seal_failure,0.7562,advanced,physics_weibull_v5,3,-1,,
5999,4,seal_failure,0.05,early,physics_weibull_v5,3,-1,,
6000,5,overloading,0.5,developing,physics_weibull_v5,2,-1,,
6001,5,overloading,0.747,advanced,physics_weibull_v5,2,-1,,
6002,5,overloading,0.5,developing,physics_weibull_v5,2,-1,,
6003,5,overloading,0.5,developing,physics_weibull_v5,2,-1,,
6004,5,overloading,0.9103,advanced,physics_weibull_v5,2,-1,,
6005,5,overloading,0.5,developing,physics_weibull_v5,2,-1,,
6006,5,overloading,0.5,developing,physics_weibull_v5,2,-1,,
6007,5,overloading,0.5,developing,physics_weibull_v5,2,-1,,
6008,5,overloading,0.5,developing,physics_weibull_v5,2,-1,,
6009,5,overloading,0.5,developing,physics_weibull_v5,2,-1,,
6010,5,overloading,0.7453,advanced,physics_weibull_v5,2,-1,,
6011,5,overloading,0.5,developing,physics_weibull_v5,2,-1,,
6012,5,overloading,0.5,developing,physics_weibull_v5,2,-1,,
6013,5,overloading,0.8316,advanced,physics_weibull_v5,2,-1,,
6014,5,overloading,0.5,developing,physics_weibull_v5,2,-1,,
6015,5,overloading,0.5,developing,physics_weibull_v5,2,-1,,
6016,5,overloading,0.5,developing,physics_weibull_v5,2,-1,,
6017,5,overloading,0.5,developing,physics_weibull_v5,2,-1,,
6018,5,overloading,0.5,developing,physics_weibull_v5,2,-1,,
6019,5,overloading,0.5,developing,physics_weibull_v5,2,-1,,
6020,5,overloading,0.5278,developing,physics_weibull_v5,2,-1,,
6021,5,overloading,0.5,developing,physics_weibull_v5,2,-1,,
6022,5,overloading,0.7227,advanced,physics_weibull_v5,2,-1,,
6023,5,overloading,0.5,developing,physics_weibull_v5,2,-1,,
6024,5,overloading,0.8537,advanced,physics_weibull_v5,2,-1,,
6025,5,overloading,0.9796,advanced,physics_weibull_v5,2,-1,,
6026,5,overloading,0.5,developing,physics_weibull_v5,2,-1,,
6027,5,overloading,0.9975,advanced,physics_weibull_v5,2,-1,,
6028,5,overloading,0.5,developing,physics_weibull_v5,2,-1,,
6029,5,overloading,0.5,developing,physics_weibull_v5,2,-1,,
6030,5,overloading,0.5,developing,physics_weibull_v5,2,-1,,
6031,5,overloading,0.5,developing,physics_weibull_v5,2,-1,,
6032,5,overloading,0.8497,advanced,physics_weibull_v5,2,-1,,
6033,5,overloading,0.5,developing,physics_weibull_v5,2,-1,,
6034,5,overloading,0.5,developing,physics_weibull_v5,2,-1,,
6035,5,overloading,0.5,developing,physics_weibull_v5,2,-1,,
6036,5,overloading,0.5,developing,physics_weibull_v5,2,-1,,
6037,5,overloading,0.5,developing,physics_weibull_v5,2,-1,,
6038,5,overloading,0.5,developing,physics_weibull_v5,2,-1,,
6039,5,overloading,0.5,developing,physics_weibull_v5,2,-1,,
6040,5,overloading,0.5,developing,physics_weibull_v5,2,-1,,
6041,5,overloading,0.5,developing,physics_weibull_v5,2,-1,,
6042,5,overloading,0.5,developing,physics_weibull_v5,2,-1,,
6043,5,overloading,0.5,developing,physics_weibull_v5,2,-1,,
6044,5,overloading,0.5,developing,physics_weibull_v5,2,-1,,
6045,5,overloading,0.708,advanced,physics_weibull_v5,2,-1,,
6046,5,overloading,0.5,developing,physics_weibull_v5,2,-1,,
6047,5,overloading,0.5,developing,physics_weibull_v5,2,-1,,
6048,5,overloading,0.5,developing,physics_weibull_v5,2,-1,,
6049,5,overloading,0.5,developing,physics_weibull_v5,2,-1,,
6050,5,overloading,0.5,developing,physics_weibull_v5,2,-1,,
6051,5,overloading,0.5,developing,physics_weibull_v5,2,-1,,
6052,5,overloading,0.5,developing,physics_weibull_v5,2,-1,,
6053,5,overloading,0.9223,advanced,physics_weibull_v5,2,-1,,
6054,5,overloading,0.5,developing,physics_weibull_v5,2,-1,,
6055,5,overloading,0.5,developing,physics_weibull_v5,2,-1,,
6056,5,overloading,0.7635,advanced,physics_weibull_v5,2,-1,,
6057,5,overloading,0.5,developing,physics_weibull_v5,2,-1,,
6058,5,overloading,0.5592,developing,physics_weibull_v5,2,-1,,
6059,5,overloading,0.5,developing,physics_weibull_v5,2,-1,,
6060,5,overloading,0.7833,advanced,physics_weibull_v5,2,-1,,
6061,5,overloading,0.5,developing,physics_weibull_v5,2,-1,,
6062,5,overloading,0.7897,advanced,physics_weibull_v5,2,-1,,
6063,5,overloading,0.5,developing,physics_weibull_v5,2,-1,,
6064,5,overloading,0.5,developing,physics_weibull_v5,2,-1,,
6065,5,overloading,0.5,developing,physics_weibull_v5,2,-1,,
6066,5,overloading,0.5,developing,physics_weibull_v5,2,-1,,
6067,5,overloading,0.5,developing,physics_weibull_v5,2,-1,,
6068,5,overloading,0.5,developing,physics_weibull_v5,2,-1,,
6069,5,overloading,0.5623,developing,physics_weibull_v5,2,-1,,
6070,5,overloading,0.5,developing,physics_weibull_v5,2,-1,,
6071,5,overloading,0.649,developing,physics_weibull_v5,2,-1,,
6072,5,overloading,0.5,developing,physics_weibull_v5,2,-1,,
6073,5,overloading,0.5,developing,physics_weibull_v5,2,-1,,
6074,5,overloading,0.7835,advanced,physics_weibull_v5,2,-1,,
6075,5,overloading,0.5,developing,physics_weibull_v5,2,-1,,
6076,5,overloading,0.5,developing,physics_weibull_v5,2,-1,,
6077,5,overloading,0.5,developing,physics_weibull_v5,2,-1,,
6078,5,overloading,0.9185,advanced,physics_weibull_v5,2,-1,,
6079,5,overloading,0.5,developing,physics_weibull_v5,2,-1,,
6080,5,overloading,0.5,developing,physics_weibull_v5,2,-1,,
6081,5,overloading,0.5,developing,physics_weibull_v5,2,-1,,
6082,5,overloading,0.7644,advanced,physics_weibull_v5,2,-1,,
6083,5,overloading,0.5,developing,physics_weibull_v5,2,-1,,
6084,5,overloading,0.5,developing,physics_weibull_v5,2,-1,,
6085,5,overloading,0.5,developing,physics_weibull_v5,2,-1,,
6086,5,overloading,0.6391,developing,physics_weibull_v5,2,-1,,
6087,5,overloading,0.5,developing,physics_weibull_v5,2,-1,,
6088,5,overloading,0.5,developing,physics_weibull_v5,2,-1,,
6089,5,overloading,0.5387,developing,physics_weibull_v5,2,-1,,
6090,5,overloading,0.5067,developing,physics_weibull_v5,2,-1,,
6091,5,overloading,0.5,developing,physics_weibull_v5,2,-1,,
6092,5,overloading,0.5,developing,physics_weibull_v5,2,-1,,
6093,5,overloading,0.5,developing,physics_weibull_v5,2,-1,,
6094,5,overloading,0.5526,developing,physics_weibull_v5,2,-1,,
6095,5,overloading,0.5,developing,physics_weibull_v5,2,-1,,
6096,5,overloading,0.5064,developing,physics_weibull_v5,2,-1,,
6097,5,overloading,0.5,developing,physics_weibull_v5,2,-1,,
6098,5,overloading,0.6141,developing,physics_weibull_v5,2,-1,,
6099,5,overloading,0.5,developing,physics_weibull_v5,2,-1,,
6100,5,overloading,0.717,advanced,physics_weibull_v5,2,-1,,
6101,5,overloading,0.5,developing,physics_weibull_v5,2,-1,,
6102,5,overloading,0.5,developing,physics_weibull_v5,2,-1,,
6103,5,overloading,0.6193,developing,physics_weibull_v5,2,-1,,
6104,5,overloading,0.5,developing,physics_weibull_v5,2,-1,,
6105,5,overloading,0.5,developing,physics_weibull_v5,2,-1,,
6106,5,overloading,0.5,developing,physics_weibull_v5,2,-1,,
6107,5,overloading,0.5,developing,physics_weibull_v5,2,-1,,
6108,5,overloading,0.7988,advanced,physics_weibull_v5,2,-1,,
6109,5,overloading,0.9831,advanced,physics_weibull_v5,2,-1,,
6110,5,overloading,0.9393,advanced,physics_weibull_v5,2,-1,,
6111,5,overloading,0.5,developing,physics_weibull_v5,2,-1,,
6112,5,overloading,0.5,developing,physics_weibull_v5,2,-1,,
6113,5,overloading,0.5,developing,physics_weibull_v5,2,-1,,
6114,5,overloading,0.5,developing,physics_weibull_v5,2,-1,,
6115,5,overloading,0.5,developing,physics_weibull_v5,2,-1,,
6116,5,overloading,0.5,developing,physics_weibull_v5,2,-1,,
6117,5,overloading,0.5,developing,physics_weibull_v5,2,-1,,
6118,5,overloading,0.5,developing,physics_weibull_v5,2,-1,,
6119,5,overloading,0.5,developing,physics_weibull_v5,2,-1,,
6120,5,overloading,0.5,developing,physics_weibull_v5,2,-1,,
6121,5,overloading,0.5,developing,physics_weibull_v5,2,-1,,
6122,5,overloading,0.5,developing,physics_weibull_v5,2,-1,,
6123,5,overloading,0.5,developing,physics_weibull_v5,2,-1,,
6124,5,overloading,0.5,developing,physics_weibull_v5,2,-1,,
6125,5,overloading,0.9979,advanced,physics_weibull_v5,2,-1,,
6126,5,overloading,0.5026,developing,physics_weibull_v5,2,-1,,
6127,5,overloading,0.5,developing,physics_weibull_v5,2,-1,,
6128,5,overloading,0.5,developing,physics_weibull_v5,2,-1,,
6129,5,overloading,0.5,developing,physics_weibull_v5,2,-1,,
6130,5,overloading,0.9523,advanced,physics_weibull_v5,2,-1,,
6131,5,overloading,0.7918,advanced,physics_weibull_v5,2,-1,,
6132,5,overloading,0.711,advanced,physics_weibull_v5,2,-1,,
6133,5,overloading,0.5,developing,physics_weibull_v5,2,-1,,
6134,5,overloading,0.5,developing,physics_weibull_v5,2,-1,,
6135,5,overloading,0.5,developing,physics_weibull_v5,2,-1,,
6136,5,overloading,0.5,developing,physics_weibull_v5,2,-1,,
6137,5,overloading,0.5,developing,physics_weibull_v5,2,-1,,
6138,5,overloading,0.6388,developing,physics_weibull_v5,2,-1,,
6139,5,overloading,0.5,developing,physics_weibull_v5,2,-1,,
6140,5,overloading,0.5,developing,physics_weibull_v5,2,-1,,
6141,5,overloading,0.5,developing,physics_weibull_v5,2,-1,,
6142,5,overloading,0.5,developing,physics_weibull_v5,2,-1,,
6143,5,overloading,0.5,developing,physics_weibull_v5,2,-1,,
6144,5,overloading,0.6716,advanced,physics_weibull_v5,2,-1,,
6145,5,overloading,0.5,developing,physics_weibull_v5,2,-1,,
6146,5,overloading,0.5,developing,physics_weibull_v5,2,-1,,
6147,5,overloading,0.797,advanced,physics_weibull_v5,2,-1,,
6148,5,overloading,0.5,developing,physics_weibull_v5,2,-1,,
6149,5,overloading,0.5,developing,physics_weibull_v5,2,-1,,
6150,5,overloading,0.5,developing,physics_weibull_v5,2,-1,,
6151,5,overloading,0.5957,developing,physics_weibull_v5,2,-1,,
6152,5,overloading,0.5,developing,physics_weibull_v5,2,-1,,
6153,5,overloading,0.5,developing,physics_weibull_v5,2,-1,,
6154,5,overloading,0.5,developing,physics_weibull_v5,2,-1,,
6155,5,overloading,0.7386,advanced,physics_weibull_v5,2,-1,,
6156,5,overloading,0.5,developing,physics_weibull_v5,2,-1,,
6157,5,overloading,0.5,developing,physics_weibull_v5,2,-1,,
6158,5,overloading,0.5,developing,physics_weibull_v5,2,-1,,
6159,5,overloading,0.5,developing,physics_weibull_v5,2,-1,,
6160,5,overloading,0.9717,advanced,physics_weibull_v5,2,-1,,
6161,5,overloading,0.5,developing,physics_weibull_v5,2,-1,,
6162,5,overloading,0.5669,developing,physics_weibull_v5,2,-1,,
6163,5,overloading,0.5,developing,physics_weibull_v5,2,-1,,
6164,5,overloading,0.5,developing,physics_weibull_v5,2,-1,,
6165,5,overloading,0.5,developing,physics_weibull_v5,2,-1,,
6166,5,overloading,0.5,developing,physics_weibull_v5,2,-1,,
6167,5,overloading,0.5,developing,physics_weibull_v5,2,-1,,
6168,5,overloading,0.5,developing,physics_weibull_v5,2,-1,,
6169,5,overloading,0.5,developing,physics_weibull_v5,2,-1,,
6170,5,overloading,0.868,advanced,physics_weibull_v5,2,-1,,
6171,5,overloading,0.5,developing,physics_weibull_v5,2,-1,,
6172,5,overloading,0.8568,advanced,physics_weibull_v5,2,-1,,
6173,5,overloading,0.5,developing,physics_weibull_v5,2,-1,,
6174,5,overloading,0.5,developing,physics_weibull_v5,2,-1,,
6175,5,overloading,0.6055,developing,physics_weibull_v5,2,-1,,
6176,5,overloading,0.5,developing,physics_weibull_v5,2,-1,,
6177,5,overloading,0.5,developing,physics_weibull_v5,2,-1,,
6178,5,overloading,0.671,advanced,physics_weibull_v5,2,-1,,
6179,5,overloading,0.8585,advanced,physics_weibull_v5,2,-1,,
6180,5,overloading,0.5,developing,physics_weibull_v5,2,-1,,
6181,5,overloading,0.5,developing,physics_weibull_v5,2,-1,,
6182,5,overloading,0.5,developing,physics_weibull_v5,2,-1,,
6183,5,overloading,0.5,developing,physics_weibull_v5,2,-1,,
6184,5,overloading,0.5,developing,physics_weibull_v5,2,-1,,
6185,5,overloading,0.5,developing,physics_weibull_v5,2,-1,,
6186,5,overloading,0.6048,developing,physics_weibull_v5,2,-1,,
6187,5,overloading,0.5,developing,physics_weibull_v5,2,-1,,
6188,5,overloading,0.9237,advanced,physics_weibull_v5,2,-1,,
6189,5,overloading,0.5,developing,physics_weibull_v5,2,-1,,
6190,5,overloading,0.5,developing,physics_weibull_v5,2,-1,,
6191,5,overloading,0.5,developing,physics_weibull_v5,2,-1,,
6192,5,overloading,0.5,developing,physics_weibull_v5,2,-1,,
6193,5,overloading,0.5,developing,physics_weibull_v5,2,-1,,
6194,5,overloading,0.5,developing,physics_weibull_v5,2,-1,,
6195,5,overloading,0.5,developing,physics_weibull_v5,2,-1,,
6196,5,overloading,0.658,advanced,physics_weibull_v5,2,-1,,
6197,5,overloading,0.5,developing,physics_weibull_v5,2,-1,,
6198,5,overloading,0.5,developing,physics_weibull_v5,2,-1,,
6199,5,overloading,0.5,developing,physics_weibull_v5,2,-1,,
6200,5,overloading,0.5,developing,physics_weibull_v5,2,-1,,
6201,5,overloading,0.5,developing,physics_weibull_v5,2,-1,,
6202,5,overloading,0.5,developing,physics_weibull_v5,2,-1,,
6203,5,overloading,0.6118,developing,physics_weibull_v5,2,-1,,
6204,5,overloading,0.8233,advanced,physics_weibull_v5,2,-1,,
6205,5,overloading,0.5,developing,physics_weibull_v5,2,-1,,
6206,5,overloading,0.5,developing,physics_weibull_v5,2,-1,,
6207,5,overloading,0.5,developing,physics_weibull_v5,2,-1,,
6208,5,overloading,0.5,developing,physics_weibull_v5,2,-1,,
6209,5,overloading,0.5,developing,physics_weibull_v5,2,-1,,
6210,5,overloading,0.5748,developing,physics_weibull_v5,2,-1,,
6211,5,overloading,0.7272,advanced,physics_weibull_v5,2,-1,,
6212,5,overloading,0.7614,advanced,physics_weibull_v5,2,-1,,
6213,5,overloading,0.5,developing,physics_weibull_v5,2,-1,,
6214,5,overloading,0.5,developing,physics_weibull_v5,2,-1,,
6215,5,overloading,0.5,developing,physics_weibull_v5,2,-1,,
6216,5,overloading,0.9011,advanced,physics_weibull_v5,2,-1,,
6217,5,overloading,0.5,developing,physics_weibull_v5,2,-1,,
6218,5,overloading,0.5,developing,physics_weibull_v5,2,-1,,
6219,5,overloading,0.5,developing,physics_weibull_v5,2,-1,,
6220,5,overloading,0.5,developing,physics_weibull_v5,2,-1,,
6221,5,overloading,0.5,developing,physics_weibull_v5,2,-1,,
6222,5,overloading,0.858,advanced,physics_weibull_v5,2,-1,,
6223,5,overloading,0.5,developing,physics_weibull_v5,2,-1,,
6224,5,overloading,0.5,developing,physics_weibull_v5,2,-1,,
6225,5,overloading,0.5,developing,physics_weibull_v5,2,-1,,
6226,5,overloading,0.99,advanced,physics_weibull_v5,2,-1,,
6227,5,overloading,0.5,developing,physics_weibull_v5,2,-1,,
6228,5,overloading,0.5,developing,physics_weibull_v5,2,-1,,
6229,5,overloading,0.5,developing,physics_weibull_v5,2,-1,,
6230,5,overloading,0.5,developing,physics_weibull_v5,2,-1,,
6231,5,overloading,0.5,developing,physics_weibull_v5,2,-1,,
6232,5,overloading,0.5,developing,physics_weibull_v5,2,-1,,
6233,5,overloading,0.5,developing,physics_weibull_v5,2,-1,,
6234,5,overloading,0.5,developing,physics_weibull_v5,2,-1,,
6235,5,overloading,0.5,developing,physics_weibull_v5,2,-1,,
6236,5,overloading,0.5,developing,physics_weibull_v5,2,-1,,
6237,5,overloading,0.5,developing,physics_weibull_v5,2,-1,,
6238,5,overloading,0.5,developing,physics_weibull_v5,2,-1,,
6239,5,overloading,0.5,developing,physics_weibull_v5,2,-1,,
6240,5,overloading,0.5,developing,physics_weibull_v5,2,-1,,
6241,5,overloading,0.5,developing,physics_weibull_v5,2,-1,,
6242,5,overloading,0.5,developing,physics_weibull_v5,2,-1,,
6243,5,overloading,0.5,developing,physics_weibull_v5,2,-1,,
6244,5,overloading,0.5,developing,physics_weibull_v5,2,-1,,
6245,5,overloading,0.5,developing,physics_weibull_v5,2,-1,,
6246,5,overloading,0.5,developing,physics_weibull_v5,2,-1,,
6247,5,overloading,0.616,developing,physics_weibull_v5,2,-1,,
6248,5,overloading,0.5,developing,physics_weibull_v5,2,-1,,
6249,5,overloading,0.5,developing,physics_weibull_v5,2,-1,,
6250,5,overloading,0.5,developing,physics_weibull_v5,2,-1,,
6251,5,overloading,0.6023,developing,physics_weibull_v5,2,-1,,
6252,5,overloading,0.5,developing,physics_weibull_v5,2,-1,,
6253,5,overloading,0.5,developing,physics_weibull_v5,2,-1,,
6254,5,overloading,0.5,developing,physics_weibull_v5,2,-1,,
6255,5,overloading,0.5,developing,physics_weibull_v5,2,-1,,
6256,5,overloading,0.5,developing,physics_weibull_v5,2,-1,,
6257,5,overloading,0.5,developing,physics_weibull_v5,2,-1,,
6258,5,overloading,0.7679,advanced,physics_weibull_v5,2,-1,,
6259,5,overloading,0.5303,developing,physics_weibull_v5,2,-1,,
6260,5,overloading,0.6715,advanced,physics_weibull_v5,2,-1,,
6261,5,overloading,0.7092,advanced,physics_weibull_v5,2,-1,,
6262,5,overloading,0.5,developing,physics_weibull_v5,2,-1,,
6263,5,overloading,0.6381,developing,physics_weibull_v5,2,-1,,
6264,5,overloading,0.5068,developing,physics_weibull_v5,2,-1,,
6265,5,overloading,0.5,developing,physics_weibull_v5,2,-1,,
6266,5,overloading,0.5,developing,physics_weibull_v5,2,-1,,
6267,5,overloading,0.5,developing,physics_weibull_v5,2,-1,,
6268,5,overloading,0.5,developing,physics_weibull_v5,2,-1,,
6269,5,overloading,0.5,developing,physics_weibull_v5,2,-1,,
6270,5,overloading,0.5,developing,physics_weibull_v5,2,-1,,
6271,5,overloading,0.5,developing,physics_weibull_v5,2,-1,,
6272,5,overloading,0.5,developing,physics_weibull_v5,2,-1,,
6273,5,overloading,0.6904,advanced,physics_weibull_v5,2,-1,,
6274,5,overloading,0.6458,developing,physics_weibull_v5,2,-1,,
6275,5,overloading,0.5,developing,physics_weibull_v5,2,-1,,
6276,5,overloading,0.5,developing,physics_weibull_v5,2,-1,,
6277,5,overloading,0.5,developing,physics_weibull_v5,2,-1,,
6278,5,overloading,0.7097,advanced,physics_weibull_v5,2,-1,,
6279,5,overloading,0.9698,advanced,physics_weibull_v5,2,-1,,
6280,5,overloading,0.5774,developing,physics_weibull_v5,2,-1,,
6281,5,overloading,0.5,developing,physics_weibull_v5,2,-1,,
6282,5,overloading,0.5,developing,physics_weibull_v5,2,-1,,
6283,5,overloading,0.5,developing,physics_weibull_v5,2,-1,,
6284,5,overloading,0.652,advanced,physics_weibull_v5,2,-1,,
6285,5,overloading,0.7932,advanced,physics_weibull_v5,2,-1,,
6286,5,overloading,0.5,developing,physics_weibull_v5,2,-1,,
6287,5,overloading,0.5,developing,physics_weibull_v5,2,-1,,
6288,5,overloading,0.5,developing,physics_weibull_v5,2,-1,,
6289,5,overloading,0.5,developing,physics_weibull_v5,2,-1,,
6290,5,overloading,0.5647,developing,physics_weibull_v5,2,-1,,
6291,5,overloading,0.5,developing,physics_weibull_v5,2,-1,,
6292,5,overloading,0.5,developing,physics_weibull_v5,2,-1,,
6293,5,overloading,0.5,developing,physics_weibull_v5,2,-1,,
6294,5,overloading,0.5,developing,physics_weibull_v5,2,-1,,
6295,5,overloading,0.5,developing,physics_weibull_v5,2,-1,,
6296,5,overloading,0.5,developing,physics_weibull_v5,2,-1,,
6297,5,overloading,0.688,advanced,physics_weibull_v5,2,-1,,
6298,5,overloading,0.5,developing,physics_weibull_v5,2,-1,,
6299,5,overloading,0.8265,advanced,physics_weibull_v5,2,-1,,
6300,5,overloading,0.5,developing,physics_weibull_v5,2,-1,,
6301,5,overloading,0.8007,advanced,physics_weibull_v5,2,-1,,
6302,5,overloading,0.5,developing,physics_weibull_v5,2,-1,,
6303,5,overloading,0.5,developing,physics_weibull_v5,2,-1,,
6304,5,overloading,0.5,developing,physics_weibull_v5,2,-1,,
6305,5,overloading,0.5,developing,physics_weibull_v5,2,-1,,
6306,5,overloading,0.5,developing,physics_weibull_v5,2,-1,,
6307,5,overloading,0.6496,developing,physics_weibull_v5,2,-1,,
6308,5,overloading,0.5683,developing,physics_weibull_v5,2,-1,,
6309,5,overloading,0.5,developing,physics_weibull_v5,2,-1,,
6310,5,overloading,0.5,developing,physics_weibull_v5,2,-1,,
6311,5,overloading,0.5,developing,physics_weibull_v5,2,-1,,
6312,5,overloading,0.7795,advanced,physics_weibull_v5,2,-1,,
6313,5,overloading,0.998,advanced,physics_weibull_v5,2,-1,,
6314,5,overloading,0.5,developing,physics_weibull_v5,2,-1,,
6315,5,overloading,0.5,developing,physics_weibull_v5,2,-1,,
6316,5,overloading,0.7273,advanced,physics_weibull_v5,2,-1,,
6317,5,overloading,0.5,developing,physics_weibull_v5,2,-1,,
6318,5,overloading,0.5,developing,physics_weibull_v5,2,-1,,
6319,5,overloading,0.572,developing,physics_weibull_v5,2,-1,,
6320,5,overloading,0.5,developing,physics_weibull_v5,2,-1,,
6321,5,overloading,0.5,developing,physics_weibull_v5,2,-1,,
6322,5,overloading,0.5,developing,physics_weibull_v5,2,-1,,
6323,5,overloading,0.5,developing,physics_weibull_v5,2,-1,,
6324,5,overloading,0.5266,developing,physics_weibull_v5,2,-1,,
6325,5,overloading,0.5,developing,physics_weibull_v5,2,-1,,
6326,5,overloading,0.5,developing,physics_weibull_v5,2,-1,,
6327,5,overloading,0.5,developing,physics_weibull_v5,2,-1,,
6328,5,overloading,0.5,developing,physics_weibull_v5,2,-1,,
6329,5,overloading,0.6222,developing,physics_weibull_v5,2,-1,,
6330,5,overloading,0.5,developing,physics_weibull_v5,2,-1,,
6331,5,overloading,0.5,developing,physics_weibull_v5,2,-1,,
6332,5,overloading,0.5,developing,physics_weibull_v5,2,-1,,
6333,5,overloading,0.7192,advanced,physics_weibull_v5,2,-1,,
6334,5,overloading,0.5,developing,physics_weibull_v5,2,-1,,
6335,5,overloading,0.5,developing,physics_weibull_v5,2,-1,,
6336,5,overloading,0.5,developing,physics_weibull_v5,2,-1,,
6337,5,overloading,0.5,developing,physics_weibull_v5,2,-1,,
6338,5,overloading,0.5252,developing,physics_weibull_v5,2,-1,,
6339,5,overloading,0.5,developing,physics_weibull_v5,2,-1,,
6340,5,overloading,0.5,developing,physics_weibull_v5,2,-1,,
6341,5,overloading,0.8122,advanced,physics_weibull_v5,2,-1,,
6342,5,overloading,0.5,developing,physics_weibull_v5,2,-1,,
6343,5,overloading,0.5,developing,physics_weibull_v5,2,-1,,
6344,5,overloading,0.5,developing,physics_weibull_v5,2,-1,,
6345,5,overloading,0.5,developing,physics_weibull_v5,2,-1,,
6346,5,overloading,0.5,developing,physics_weibull_v5,2,-1,,
6347,5,overloading,0.5,developing,physics_weibull_v5,2,-1,,
6348,5,overloading,0.5,developing,physics_weibull_v5,2,-1,,
6349,5,overloading,0.8081,advanced,physics_weibull_v5,2,-1,,
6350,5,overloading,0.5,developing,physics_weibull_v5,2,-1,,
6351,5,overloading,0.5838,developing,physics_weibull_v5,2,-1,,
6352,5,overloading,0.5,developing,physics_weibull_v5,2,-1,,
6353,5,overloading,0.5,developing,physics_weibull_v5,2,-1,,
6354,5,overloading,0.5,developing,physics_weibull_v5,2,-1,,
6355,5,overloading,0.5,developing,physics_weibull_v5,2,-1,,
6356,5,overloading,0.5811,developing,physics_weibull_v5,2,-1,,
6357,5,overloading,0.5221,developing,physics_weibull_v5,2,-1,,
6358,5,overloading,0.5,developing,physics_weibull_v5,2,-1,,
6359,5,overloading,0.5,developing,physics_weibull_v5,2,-1,,
6360,5,overloading,0.5,developing,physics_weibull_v5,2,-1,,
6361,5,overloading,0.846,advanced,physics_weibull_v5,2,-1,,
6362,5,overloading,0.5,developing,physics_weibull_v5,2,-1,,
6363,5,overloading,0.5,developing,physics_weibull_v5,2,-1,,
6364,5,overloading,0.5,developing,physics_weibull_v5,2,-1,,
6365,5,overloading,0.5,developing,physics_weibull_v5,2,-1,,
6366,5,overloading,0.5,developing,physics_weibull_v5,2,-1,,
6367,5,overloading,0.5734,developing,physics_weibull_v5,2,-1,,
6368,5,overloading,0.5,developing,physics_weibull_v5,2,-1,,
6369,5,overloading,0.5,developing,physics_weibull_v5,2,-1,,
6370,5,overloading,0.9103,advanced,physics_weibull_v5,2,-1,,
6371,5,overloading,0.5,developing,physics_weibull_v5,2,-1,,
6372,5,overloading,0.5,developing,physics_weibull_v5,2,-1,,
6373,5,overloading,0.5,developing,physics_weibull_v5,2,-1,,
6374,5,overloading,0.5722,developing,physics_weibull_v5,2,-1,,
6375,5,overloading,0.8436,advanced,physics_weibull_v5,2,-1,,
6376,5,overloading,0.8127,advanced,physics_weibull_v5,2,-1,,
6377,5,overloading,0.5672,developing,physics_weibull_v5,2,-1,,
6378,5,overloading,0.5,developing,physics_weibull_v5,2,-1,,
6379,5,overloading,0.5,developing,physics_weibull_v5,2,-1,,
6380,5,overloading,0.5,developing,physics_weibull_v5,2,-1,,
6381,5,overloading,0.5306,developing,physics_weibull_v5,2,-1,,
6382,5,overloading,0.6133,developing,physics_weibull_v5,2,-1,,
6383,5,overloading,0.5,developing,physics_weibull_v5,2,-1,,
6384,5,overloading,0.5,developing,physics_weibull_v5,2,-1,,
6385,5,overloading,0.5,developing,physics_weibull_v5,2,-1,,
6386,5,overloading,0.5,developing,physics_weibull_v5,2,-1,,
6387,5,overloading,0.6111,developing,physics_weibull_v5,2,-1,,
6388,5,overloading,0.6116,developing,physics_weibull_v5,2,-1,,
6389,5,overloading,0.714,advanced,physics_weibull_v5,2,-1,,
6390,5,overloading,0.5,developing,physics_weibull_v5,2,-1,,
6391,5,overloading,0.5,developing,physics_weibull_v5,2,-1,,
6392,5,overloading,0.5066,developing,physics_weibull_v5,2,-1,,
6393,5,overloading,0.5,developing,physics_weibull_v5,2,-1,,
6394,5,overloading,0.5,developing,physics_weibull_v5,2,-1,,
6395,5,overloading,0.5,developing,physics_weibull_v5,2,-1,,
6396,5,overloading,0.5,developing,physics_weibull_v5,2,-1,,
6397,5,overloading,0.9899,advanced,physics_weibull_v5,2,-1,,
6398,5,overloading,0.6243,developing,physics_weibull_v5,2,-1,,
6399,5,overloading,0.9927,advanced,physics_weibull_v5,2,-1,,
6400,5,overloading,0.5,developing,physics_weibull_v5,2,-1,,
6401,5,overloading,0.6281,developing,physics_weibull_v5,2,-1,,
6402,5,overloading,0.5,developing,physics_weibull_v5,2,-1,,
6403,5,overloading,0.5,developing,physics_weibull_v5,2,-1,,
6404,5,overloading,0.6201,developing,physics_weibull_v5,2,-1,,
6405,5,overloading,0.5,developing,physics_weibull_v5,2,-1,,
6406,5,overloading,0.8209,advanced,physics_weibull_v5,2,-1,,
6407,5,overloading,0.5,developing,physics_weibull_v5,2,-1,,
6408,5,overloading,0.5,developing,physics_weibull_v5,2,-1,,
6409,5,overloading,0.5,developing,physics_weibull_v5,2,-1,,
6410,5,overloading,0.5,developing,physics_weibull_v5,2,-1,,
6411,5,overloading,0.5,developing,physics_weibull_v5,2,-1,,
6412,5,overloading,0.502,developing,physics_weibull_v5,2,-1,,
6413,5,overloading,0.5,developing,physics_weibull_v5,2,-1,,
6414,5,overloading,0.5,developing,physics_weibull_v5,2,-1,,
6415,5,overloading,0.5,developing,physics_weibull_v5,2,-1,,
6416,5,overloading,0.5,developing,physics_weibull_v5,2,-1,,
6417,5,overloading,0.5,developing,physics_weibull_v5,2,-1,,
6418,5,overloading,0.5,developing,physics_weibull_v5,2,-1,,
6419,5,overloading,0.5,developing,physics_weibull_v5,2,-1,,
6420,5,overloading,0.5,developing,physics_weibull_v5,2,-1,,
6421,5,overloading,0.5,developing,physics_weibull_v5,2,-1,,
6422,5,overloading,0.8169,advanced,physics_weibull_v5,2,-1,,
6423,5,overloading,0.5,developing,physics_weibull_v5,2,-1,,
6424,5,overloading,0.5,developing,physics_weibull_v5,2,-1,,
6425,5,overloading,0.5,developing,physics_weibull_v5,2,-1,,
6426,5,overloading,0.5,developing,physics_weibull_v5,2,-1,,
6427,5,overloading,0.5,developing,physics_weibull_v5,2,-1,,
6428,5,overloading,0.5,developing,physics_weibull_v5,2,-1,,
6429,5,overloading,0.5,developing,physics_weibull_v5,2,-1,,
6430,5,overloading,0.5,developing,physics_weibull_v5,2,-1,,
6431,5,overloading,0.5,developing,physics_weibull_v5,2,-1,,
6432,5,overloading,0.5,developing,physics_weibull_v5,2,-1,,
6433,5,overloading,0.5,developing,physics_weibull_v5,2,-1,,
6434,5,overloading,0.5,developing,physics_weibull_v5,2,-1,,
6435,5,overloading,0.5,developing,physics_weibull_v5,2,-1,,
6436,5,overloading,0.5,developing,physics_weibull_v5,2,-1,,
6437,5,overloading,0.9226,advanced,physics_weibull_v5,2,-1,,
6438,5,overloading,0.5,developing,physics_weibull_v5,2,-1,,
6439,5,overloading,0.5,developing,physics_weibull_v5,2,-1,,
6440,5,overloading,0.5,developing,physics_weibull_v5,2,-1,,
6441,5,overloading,0.5,developing,physics_weibull_v5,2,-1,,
6442,5,overloading,0.5,developing,physics_weibull_v5,2,-1,,
6443,5,overloading,0.5772,developing,physics_weibull_v5,2,-1,,
6444,5,overloading,0.9162,advanced,physics_weibull_v5,2,-1,,
6445,5,overloading,0.5753,developing,physics_weibull_v5,2,-1,,
6446,5,overloading,0.7483,advanced,physics_weibull_v5,2,-1,,
6447,5,overloading,0.5,developing,physics_weibull_v5,2,-1,,
6448,5,overloading,0.5,developing,physics_weibull_v5,2,-1,,
6449,5,overloading,0.5,developing,physics_weibull_v5,2,-1,,
6450,5,overloading,0.5,developing,physics_weibull_v5,2,-1,,
6451,5,overloading,0.5,developing,physics_weibull_v5,2,-1,,
6452,5,overloading,0.5125,developing,physics_weibull_v5,2,-1,,
6453,5,overloading,0.661,advanced,physics_weibull_v5,2,-1,,
6454,5,overloading,0.5,developing,physics_weibull_v5,2,-1,,
6455,5,overloading,0.5,developing,physics_weibull_v5,2,-1,,
6456,5,overloading,0.9195,advanced,physics_weibull_v5,2,-1,,
6457,5,overloading,0.5,developing,physics_weibull_v5,2,-1,,
6458,5,overloading,0.6322,developing,physics_weibull_v5,2,-1,,
6459,5,overloading,0.5,developing,physics_weibull_v5,2,-1,,
6460,5,overloading,0.9265,advanced,physics_weibull_v5,2,-1,,
6461,5,overloading,0.5,developing,physics_weibull_v5,2,-1,,
6462,5,overloading,0.5,developing,physics_weibull_v5,2,-1,,
6463,5,overloading,0.5057,developing,physics_weibull_v5,2,-1,,
6464,5,overloading,0.5,developing,physics_weibull_v5,2,-1,,
6465,5,overloading,0.5,developing,physics_weibull_v5,2,-1,,
6466,5,overloading,0.9415,advanced,physics_weibull_v5,2,-1,,
6467,5,overloading,0.5,developing,physics_weibull_v5,2,-1,,
6468,5,overloading,0.5,developing,physics_weibull_v5,2,-1,,
6469,5,overloading,0.9828,advanced,physics_weibull_v5,2,-1,,
6470,5,overloading,0.5,developing,physics_weibull_v5,2,-1,,
6471,5,overloading,0.5,developing,physics_weibull_v5,2,-1,,
6472,5,overloading,0.5,developing,physics_weibull_v5,2,-1,,
6473,5,overloading,0.5,developing,physics_weibull_v5,2,-1,,
6474,5,overloading,0.812,advanced,physics_weibull_v5,2,-1,,
6475,5,overloading,0.5,developing,physics_weibull_v5,2,-1,,
6476,5,overloading,0.5,developing,physics_weibull_v5,2,-1,,
6477,5,overloading,0.5,developing,physics_weibull_v5,2,-1,,
6478,5,overloading,0.5,developing,physics_weibull_v5,2,-1,,
6479,5,overloading,0.5369,developing,physics_weibull_v5,2,-1,,
6480,5,overloading,0.5,developing,physics_weibull_v5,2,-1,,
6481,5,overloading,0.6473,developing,physics_weibull_v5,2,-1,,
6482,5,overloading,0.5,developing,physics_weibull_v5,2,-1,,
6483,5,overloading,0.5,developing,physics_weibull_v5,2,-1,,
6484,5,overloading,0.5,developing,physics_weibull_v5,2,-1,,
6485,5,overloading,0.5,developing,physics_weibull_v5,2,-1,,
6486,5,overloading,0.9284,advanced,physics_weibull_v5,2,-1,,
6487,5,overloading,0.5,developing,physics_weibull_v5,2,-1,,
6488,5,overloading,0.5,developing,physics_weibull_v5,2,-1,,
6489,5,overloading,0.5,developing,physics_weibull_v5,2,-1,,
6490,5,overloading,0.5,developing,physics_weibull_v5,2,-1,,
6491,5,overloading,0.5,developing,physics_weibull_v5,2,-1,,
6492,5,overloading,0.5,developing,physics_weibull_v5,2,-1,,
6493,5,overloading,0.5,developing,physics_weibull_v5,2,-1,,
6494,5,overloading,0.5515,developing,physics_weibull_v5,2,-1,,
6495,5,overloading,0.5,developing,physics_weibull_v5,2,-1,,
6496,5,overloading,0.9216,advanced,physics_weibull_v5,2,-1,,
6497,5,overloading,0.5,developing,physics_weibull_v5,2,-1,,
6498,5,overloading,0.5,developing,physics_weibull_v5,2,-1,,
6499,5,overloading,0.5,developing,physics_weibull_v5,2,-1,,
6500,5,overloading,0.7945,advanced,physics_weibull_v5,2,-1,,
6501,5,overloading,0.5,developing,physics_weibull_v5,2,-1,,
6502,5,overloading,0.5,developing,physics_weibull_v5,2,-1,,
6503,5,overloading,0.5,developing,physics_weibull_v5,2,-1,,
6504,5,overloading,0.6893,advanced,physics_weibull_v5,2,-1,,
6505,5,overloading,0.5,developing,physics_weibull_v5,2,-1,,
6506,5,overloading,0.5,developing,physics_weibull_v5,2,-1,,
6507,5,overloading,0.5,developing,physics_weibull_v5,2,-1,,
6508,5,overloading,0.8854,advanced,physics_weibull_v5,2,-1,,
6509,5,overloading,0.8136,advanced,physics_weibull_v5,2,-1,,
6510,5,overloading,0.5,developing,physics_weibull_v5,2,-1,,
6511,5,overloading,0.5,developing,physics_weibull_v5,2,-1,,
6512,5,overloading,0.5,developing,physics_weibull_v5,2,-1,,
6513,5,overloading,0.5,developing,physics_weibull_v5,2,-1,,
6514,5,overloading,0.8813,advanced,physics_weibull_v5,2,-1,,
6515,5,overloading,0.5,developing,physics_weibull_v5,2,-1,,
6516,5,overloading,0.5,developing,physics_weibull_v5,2,-1,,
6517,5,overloading,0.5,developing,physics_weibull_v5,2,-1,,
6518,5,overloading,0.5,developing,physics_weibull_v5,2,-1,,
6519,5,overloading,0.5,developing,physics_weibull_v5,2,-1,,
6520,5,overloading,0.5,developing,physics_weibull_v5,2,-1,,
6521,5,overloading,0.5,developing,physics_weibull_v5,2,-1,,
6522,5,overloading,0.5,developing,physics_weibull_v5,2,-1,,
6523,5,overloading,0.5,developing,physics_weibull_v5,2,-1,,
6524,5,overloading,0.5,developing,physics_weibull_v5,2,-1,,
6525,5,overloading,0.5,developing,physics_weibull_v5,2,-1,,
6526,5,overloading,0.5,developing,physics_weibull_v5,2,-1,,
6527,5,overloading,0.5,developing,physics_weibull_v5,2,-1,,
6528,5,overloading,0.5,developing,physics_weibull_v5,2,-1,,
6529,5,overloading,0.9967,advanced,physics_weibull_v5,2,-1,,
6530,5,overloading,0.5,developing,physics_weibull_v5,2,-1,,
6531,5,overloading,0.5,developing,physics_weibull_v5,2,-1,,
6532,5,overloading,0.5,developing,physics_weibull_v5,2,-1,,
6533,5,overloading,0.5,developing,physics_weibull_v5,2,-1,,
6534,5,overloading,0.9804,advanced,physics_weibull_v5,2,-1,,
6535,5,overloading,0.9179,advanced,physics_weibull_v5,2,-1,,
6536,5,overloading,0.5,developing,physics_weibull_v5,2,-1,,
6537,5,overloading,0.5,developing,physics_weibull_v5,2,-1,,
6538,5,overloading,0.5,developing,physics_weibull_v5,2,-1,,
6539,5,overloading,0.5,developing,physics_weibull_v5,2,-1,,
6540,5,overloading,0.5,developing,physics_weibull_v5,2,-1,,
6541,5,overloading,0.7592,advanced,physics_weibull_v5,2,-1,,
6542,5,overloading,0.5,developing,physics_weibull_v5,2,-1,,
6543,5,overloading,0.5,developing,physics_weibull_v5,2,-1,,
6544,5,overloading,0.5,developing,physics_weibull_v5,2,-1,,
6545,5,overloading,0.5,developing,physics_weibull_v5,2,-1,,
6546,5,overloading,0.5902,developing,physics_weibull_v5,2,-1,,
6547,5,overloading,0.6153,developing,physics_weibull_v5,2,-1,,
6548,5,overloading,0.5,developing,physics_weibull_v5,2,-1,,
6549,5,overloading,0.6419,developing,physics_weibull_v5,2,-1,,
6550,5,overloading,0.5,developing,physics_weibull_v5,2,-1,,
6551,5,overloading,0.5,developing,physics_weibull_v5,2,-1,,
6552,5,overloading,0.8238,advanced,physics_weibull_v5,2,-1,,
6553,5,overloading,0.5,developing,physics_weibull_v5,2,-1,,
6554,5,overloading,0.5492,developing,physics_weibull_v5,2,-1,,
6555,5,overloading,0.5,developing,physics_weibull_v5,2,-1,,
6556,5,overloading,0.5,developing,physics_weibull_v5,2,-1,,
6557,5,overloading,0.5,developing,physics_weibull_v5,2,-1,,
6558,5,overloading,0.5,developing,physics_weibull_v5,2,-1,,
6559,5,overloading,0.5,developing,physics_weibull_v5,2,-1,,
6560,5,overloading,0.5,developing,physics_weibull_v5,2,-1,,
6561,5,overloading,0.6705,advanced,physics_weibull_v5,2,-1,,
6562,5,overloading,0.5,developing,physics_weibull_v5,2,-1,,
6563,5,overloading,0.5,developing,physics_weibull_v5,2,-1,,
6564,5,overloading,0.5,developing,physics_weibull_v5,2,-1,,
6565,5,overloading,0.5,developing,physics_weibull_v5,2,-1,,
6566,5,overloading,0.9796,advanced,physics_weibull_v5,2,-1,,
6567,5,overloading,0.5,developing,physics_weibull_v5,2,-1,,
6568,5,overloading,0.6047,developing,physics_weibull_v5,2,-1,,
6569,5,overloading,0.6957,advanced,physics_weibull_v5,2,-1,,
6570,5,overloading,0.5,developing,physics_weibull_v5,2,-1,,
6571,5,overloading,0.5,developing,physics_weibull_v5,2,-1,,
6572,5,overloading,0.5,developing,physics_weibull_v5,2,-1,,
6573,5,overloading,0.5,developing,physics_weibull_v5,2,-1,,
6574,5,overloading,0.5,developing,physics_weibull_v5,2,-1,,
6575,5,overloading,0.5,developing,physics_weibull_v5,2,-1,,
6576,5,overloading,0.5,developing,physics_weibull_v5,2,-1,,
6577,5,overloading,0.8639,advanced,physics_weibull_v5,2,-1,,
6578,5,overloading,0.5,developing,physics_weibull_v5,2,-1,,
6579,5,overloading,0.5,developing,physics_weibull_v5,2,-1,,
6580,5,overloading,0.5,developing,physics_weibull_v5,2,-1,,
6581,5,overloading,0.5,developing,physics_weibull_v5,2,-1,,
6582,5,overloading,0.5,developing,physics_weibull_v5,2,-1,,
6583,5,overloading,0.5,developing,physics_weibull_v5,2,-1,,
6584,5,overloading,0.5,developing,physics_weibull_v5,2,-1,,
6585,5,overloading,0.7527,advanced,physics_weibull_v5,2,-1,,
6586,5,overloading,0.5,developing,physics_weibull_v5,2,-1,,
6587,5,overloading,0.5,developing,physics_weibull_v5,2,-1,,
6588,5,overloading,0.5,developing,physics_weibull_v5,2,-1,,
6589,5,overloading,0.6921,advanced,physics_weibull_v5,2,-1,,
6590,5,overloading,0.5,developing,physics_weibull_v5,2,-1,,
6591,5,overloading,0.5,developing,physics_weibull_v5,2,-1,,
6592,5,overloading,0.5,developing,physics_weibull_v5,2,-1,,
6593,5,overloading,0.5,developing,physics_weibull_v5,2,-1,,
6594,5,overloading,0.5,developing,physics_weibull_v5,2,-1,,
6595,5,overloading,0.5,developing,physics_weibull_v5,2,-1,,
6596,5,overloading,0.718,advanced,physics_weibull_v5,2,-1,,
6597,5,overloading,0.6958,advanced,physics_weibull_v5,2,-1,,
6598,5,overloading,0.8218,advanced,physics_weibull_v5,2,-1,,
6599,5,overloading,0.5,developing,physics_weibull_v5,2,-1,,
6600,5,overloading,0.6172,developing,physics_weibull_v5,2,-1,,
6601,5,overloading,0.6613,advanced,physics_weibull_v5,2,-1,,
6602,5,overloading,0.5,developing,physics_weibull_v5,2,-1,,
6603,5,overloading,0.5,developing,physics_weibull_v5,2,-1,,
6604,5,overloading,0.5,developing,physics_weibull_v5,2,-1,,
6605,5,overloading,0.9287,advanced,physics_weibull_v5,2,-1,,
6606,5,overloading,0.5,developing,physics_weibull_v5,2,-1,,
6607,5,overloading,0.5,developing,physics_weibull_v5,2,-1,,
6608,5,overloading,0.5,developing,physics_weibull_v5,2,-1,,
6609,5,overloading,0.9797,advanced,physics_weibull_v5,2,-1,,
6610,5,overloading,0.5,developing,physics_weibull_v5,2,-1,,
6611,5,overloading,0.5,developing,physics_weibull_v5,2,-1,,
6612,5,overloading,0.5,developing,physics_weibull_v5,2,-1,,
6613,5,overloading,0.6079,developing,physics_weibull_v5,2,-1,,
6614,5,overloading,0.5,developing,physics_weibull_v5,2,-1,,
6615,5,overloading,0.5,developing,physics_weibull_v5,2,-1,,
6616,5,overloading,0.596,developing,physics_weibull_v5,2,-1,,
6617,5,overloading,0.5257,developing,physics_weibull_v5,2,-1,,
6618,5,overloading,0.5,developing,physics_weibull_v5,2,-1,,
6619,5,overloading,0.6186,developing,physics_weibull_v5,2,-1,,
6620,5,overloading,0.5,developing,physics_weibull_v5,2,-1,,
6621,5,overloading,0.7481,advanced,physics_weibull_v5,2,-1,,
6622,5,overloading,0.5,developing,physics_weibull_v5,2,-1,,
6623,5,overloading,0.5,developing,physics_weibull_v5,2,-1,,
6624,5,overloading,0.8691,advanced,physics_weibull_v5,2,-1,,
6625,5,overloading,0.5,developing,physics_weibull_v5,2,-1,,
6626,5,overloading,0.5,developing,physics_weibull_v5,2,-1,,
6627,5,overloading,0.8361,advanced,physics_weibull_v5,2,-1,,
6628,5,overloading,0.5,developing,physics_weibull_v5,2,-1,,
6629,5,overloading,0.5,developing,physics_weibull_v5,2,-1,,
6630,5,overloading,0.9438,advanced,physics_weibull_v5,2,-1,,
6631,5,overloading,0.5,developing,physics_weibull_v5,2,-1,,
6632,5,overloading,0.5,developing,physics_weibull_v5,2,-1,,
6633,5,overloading,0.5,developing,physics_weibull_v5,2,-1,,
6634,5,overloading,0.5,developing,physics_weibull_v5,2,-1,,
6635,5,overloading,0.5,developing,physics_weibull_v5,2,-1,,
6636,5,overloading,0.7714,advanced,physics_weibull_v5,2,-1,,
6637,5,overloading,0.5,developing,physics_weibull_v5,2,-1,,
6638,5,overloading,0.5,developing,physics_weibull_v5,2,-1,,
6639,5,overloading,0.5,developing,physics_weibull_v5,2,-1,,
6640,5,overloading,0.5,developing,physics_weibull_v5,2,-1,,
6641,5,overloading,0.5,developing,physics_weibull_v5,2,-1,,
6642,5,overloading,0.7563,advanced,physics_weibull_v5,2,-1,,
6643,5,overloading,0.5253,developing,physics_weibull_v5,2,-1,,
6644,5,overloading,0.6359,developing,physics_weibull_v5,2,-1,,
6645,5,overloading,0.5,developing,physics_weibull_v5,2,-1,,
6646,5,overloading,0.6316,developing,physics_weibull_v5,2,-1,,
6647,5,overloading,0.5,developing,physics_weibull_v5,2,-1,,
6648,5,overloading,0.5,developing,physics_weibull_v5,2,-1,,
6649,5,overloading,0.5,developing,physics_weibull_v5,2,-1,,
6650,5,overloading,0.5,developing,physics_weibull_v5,2,-1,,
6651,5,overloading,0.5,developing,physics_weibull_v5,2,-1,,
6652,5,overloading,0.5,developing,physics_weibull_v5,2,-1,,
6653,5,overloading,0.5,developing,physics_weibull_v5,2,-1,,
6654,5,overloading,0.6643,advanced,physics_weibull_v5,2,-1,,
6655,5,overloading,0.5,developing,physics_weibull_v5,2,-1,,
6656,5,overloading,0.5,developing,physics_weibull_v5,2,-1,,
6657,5,overloading,0.5,developing,physics_weibull_v5,2,-1,,
6658,5,overloading,0.5,developing,physics_weibull_v5,2,-1,,
6659,5,overloading,0.5,developing,physics_weibull_v5,2,-1,,
6660,5,overloading,0.5,developing,physics_weibull_v5,2,-1,,
6661,5,overloading,0.5,developing,physics_weibull_v5,2,-1,,
6662,5,overloading,0.5,developing,physics_weibull_v5,2,-1,,
6663,5,overloading,0.5067,developing,physics_weibull_v5,2,-1,,
6664,5,overloading,0.5,developing,physics_weibull_v5,2,-1,,
6665,5,overloading,0.5,developing,physics_weibull_v5,2,-1,,
6666,5,overloading,0.5028,developing,physics_weibull_v5,2,-1,,
6667,5,overloading,0.7076,advanced,physics_weibull_v5,2,-1,,
6668,5,overloading,0.5,developing,physics_weibull_v5,2,-1,,
6669,5,overloading,0.612,developing,physics_weibull_v5,2,-1,,
6670,5,overloading,0.5,developing,physics_weibull_v5,2,-1,,
6671,5,overloading,0.5,developing,physics_weibull_v5,2,-1,,
6672,5,overloading,0.5,developing,physics_weibull_v5,2,-1,,
6673,5,overloading,0.5,developing,physics_weibull_v5,2,-1,,
6674,5,overloading,0.5,developing,physics_weibull_v5,2,-1,,
6675,5,overloading,0.5,developing,physics_weibull_v5,2,-1,,
6676,5,overloading,0.5,developing,physics_weibull_v5,2,-1,,
6677,5,overloading,0.5,developing,physics_weibull_v5,2,-1,,
6678,5,overloading,0.5,developing,physics_weibull_v5,2,-1,,
6679,5,overloading,0.5,developing,physics_weibull_v5,2,-1,,
6680,5,overloading,0.5,developing,physics_weibull_v5,2,-1,,
6681,5,overloading,0.5,developing,physics_weibull_v5,2,-1,,
6682,5,overloading,0.5,developing,physics_weibull_v5,2,-1,,
6683,5,overloading,0.5,developing,physics_weibull_v5,2,-1,,
6684,5,overloading,0.5,developing,physics_weibull_v5,2,-1,,
6685,5,overloading,0.5,developing,physics_weibull_v5,2,-1,,
6686,5,overloading,0.5,developing,physics_weibull_v5,2,-1,,
6687,5,overloading,0.5,developing,physics_weibull_v5,2,-1,,
6688,5,overloading,0.5,developing,physics_weibull_v5,2,-1,,
6689,5,overloading,0.5,developing,physics_weibull_v5,2,-1,,
6690,5,overloading,0.5,developing,physics_weibull_v5,2,-1,,
6691,5,overloading,0.5,developing,physics_weibull_v5,2,-1,,
6692,5,overloading,0.5,developing,physics_weibull_v5,2,-1,,
6693,5,overloading,0.707,advanced,physics_weibull_v5,2,-1,,
6694,5,overloading,0.9038,advanced,physics_weibull_v5,2,-1,,
6695,5,overloading,0.5,developing,physics_weibull_v5,2,-1,,
6696,5,overloading,0.6574,advanced,physics_weibull_v5,2,-1,,
6697,5,overloading,0.6249,developing,physics_weibull_v5,2,-1,,
6698,5,overloading,0.5,developing,physics_weibull_v5,2,-1,,
6699,5,overloading,0.5984,developing,physics_weibull_v5,2,-1,,
6700,5,overloading,0.5,developing,physics_weibull_v5,2,-1,,
6701,5,overloading,0.5,developing,physics_weibull_v5,2,-1,,
6702,5,overloading,0.5,developing,physics_weibull_v5,2,-1,,
6703,5,overloading,0.8192,advanced,physics_weibull_v5,2,-1,,
6704,5,overloading,0.5027,developing,physics_weibull_v5,2,-1,,
6705,5,overloading,0.5,developing,physics_weibull_v5,2,-1,,
6706,5,overloading,0.5,developing,physics_weibull_v5,2,-1,,
6707,5,overloading,0.5,developing,physics_weibull_v5,2,-1,,
6708,5,overloading,0.5,developing,physics_weibull_v5,2,-1,,
6709,5,overloading,0.5,developing,physics_weibull_v5,2,-1,,
6710,5,overloading,0.8794,advanced,physics_weibull_v5,2,-1,,
6711,5,overloading,0.8344,advanced,physics_weibull_v5,2,-1,,
6712,5,overloading,0.5,developing,physics_weibull_v5,2,-1,,
6713,5,overloading,0.5,developing,physics_weibull_v5,2,-1,,
6714,5,overloading,0.5,developing,physics_weibull_v5,2,-1,,
6715,5,overloading,0.8686,advanced,physics_weibull_v5,2,-1,,
6716,5,overloading,0.8137,advanced,physics_weibull_v5,2,-1,,
6717,5,overloading,0.5,developing,physics_weibull_v5,2,-1,,
6718,5,overloading,0.6588,advanced,physics_weibull_v5,2,-1,,
6719,5,overloading,0.5,developing,physics_weibull_v5,2,-1,,
6720,5,overloading,0.5,developing,physics_weibull_v5,2,-1,,
6721,5,overloading,0.7608,advanced,physics_weibull_v5,2,-1,,
6722,5,overloading,0.5,developing,physics_weibull_v5,2,-1,,
6723,5,overloading,0.5394,developing,physics_weibull_v5,2,-1,,
6724,5,overloading,0.5,developing,physics_weibull_v5,2,-1,,
6725,5,overloading,0.5,developing,physics_weibull_v5,2,-1,,
6726,5,overloading,0.5,developing,physics_weibull_v5,2,-1,,
6727,5,overloading,0.5,developing,physics_weibull_v5,2,-1,,
6728,5,overloading,0.5464,developing,physics_weibull_v5,2,-1,,
6729,5,overloading,0.5,developing,physics_weibull_v5,2,-1,,
6730,5,overloading,0.5,developing,physics_weibull_v5,2,-1,,
6731,5,overloading,0.5,developing,physics_weibull_v5,2,-1,,
6732,5,overloading,0.5,developing,physics_weibull_v5,2,-1,,
6733,5,overloading,0.5,developing,physics_weibull_v5,2,-1,,
6734,5,overloading,0.5,developing,physics_weibull_v5,2,-1,,
6735,5,overloading,0.5,developing,physics_weibull_v5,2,-1,,
6736,5,overloading,0.5,developing,physics_weibull_v5,2,-1,,
6737,5,overloading,0.5,developing,physics_weibull_v5,2,-1,,
6738,5,overloading,0.5,developing,physics_weibull_v5,2,-1,,
6739,5,overloading,0.5,developing,physics_weibull_v5,2,-1,,
6740,5,overloading,0.5,developing,physics_weibull_v5,2,-1,,
6741,5,overloading,0.5,developing,physics_weibull_v5,2,-1,,
6742,5,overloading,0.5643,developing,physics_weibull_v5,2,-1,,
6743,5,overloading,0.5,developing,physics_weibull_v5,2,-1,,
6744,5,overloading,0.5,developing,physics_weibull_v5,2,-1,,
6745,5,overloading,0.5,developing,physics_weibull_v5,2,-1,,
6746,5,overloading,0.5,developing,physics_weibull_v5,2,-1,,
6747,5,overloading,0.5358,developing,physics_weibull_v5,2,-1,,
6748,5,overloading,0.6446,developing,physics_weibull_v5,2,-1,,
6749,5,overloading,0.5,developing,physics_weibull_v5,2,-1,,
6750,5,overloading,0.5,developing,physics_weibull_v5,2,-1,,
6751,5,overloading,0.5,developing,physics_weibull_v5,2,-1,,
6752,5,overloading,0.5,developing,physics_weibull_v5,2,-1,,
6753,5,overloading,0.5,developing,physics_weibull_v5,2,-1,,
6754,5,overloading,0.5,developing,physics_weibull_v5,2,-1,,
6755,5,overloading,0.5,developing,physics_weibull_v5,2,-1,,
6756,5,overloading,0.5,developing,physics_weibull_v5,2,-1,,
6757,5,overloading,0.5376,developing,physics_weibull_v5,2,-1,,
6758,5,overloading,0.6371,developing,physics_weibull_v5,2,-1,,
6759,5,overloading,0.5,developing,physics_weibull_v5,2,-1,,
6760,5,overloading,0.5,developing,physics_weibull_v5,2,-1,,
6761,5,overloading,0.5,developing,physics_weibull_v5,2,-1,,
6762,5,overloading,0.5,developing,physics_weibull_v5,2,-1,,
6763,5,overloading,0.5,developing,physics_weibull_v5,2,-1,,
6764,5,overloading,0.5,developing,physics_weibull_v5,2,-1,,
6765,5,overloading,0.5,developing,physics_weibull_v5,2,-1,,
6766,5,overloading,0.5,developing,physics_weibull_v5,2,-1,,
6767,5,overloading,0.6204,developing,physics_weibull_v5,2,-1,,
6768,5,overloading,0.8488,advanced,physics_weibull_v5,2,-1,,
6769,5,overloading,0.7037,advanced,physics_weibull_v5,2,-1,,
6770,5,overloading,0.5,developing,physics_weibull_v5,2,-1,,
6771,5,overloading,0.5,developing,physics_weibull_v5,2,-1,,
6772,5,overloading,0.5,developing,physics_weibull_v5,2,-1,,
6773,5,overloading,0.5333,developing,physics_weibull_v5,2,-1,,
6774,5,overloading,0.5,developing,physics_weibull_v5,2,-1,,
6775,5,overloading,0.5331,developing,physics_weibull_v5,2,-1,,
6776,5,overloading,0.5,developing,physics_weibull_v5,2,-1,,
6777,5,overloading,0.5,developing,physics_weibull_v5,2,-1,,
6778,5,overloading,0.9181,advanced,physics_weibull_v5,2,-1,,
6779,5,overloading,0.6162,developing,physics_weibull_v5,2,-1,,
6780,5,overloading,0.5,developing,physics_weibull_v5,2,-1,,
6781,5,overloading,0.8412,advanced,physics_weibull_v5,2,-1,,
6782,5,overloading,0.5894,developing,physics_weibull_v5,2,-1,,
6783,5,overloading,0.5,developing,physics_weibull_v5,2,-1,,
6784,5,overloading,0.5,developing,physics_weibull_v5,2,-1,,
6785,5,overloading,0.5469,developing,physics_weibull_v5,2,-1,,
6786,5,overloading,0.5,developing,physics_weibull_v5,2,-1,,
6787,5,overloading,0.5,developing,physics_weibull_v5,2,-1,,
6788,5,overloading,0.5,developing,physics_weibull_v5,2,-1,,
6789,5,overloading,0.886,advanced,physics_weibull_v5,2,-1,,
6790,5,overloading,0.5,developing,physics_weibull_v5,2,-1,,
6791,5,overloading,0.5,developing,physics_weibull_v5,2,-1,,
6792,5,overloading,0.5,developing,physics_weibull_v5,2,-1,,
6793,5,overloading,0.5,developing,physics_weibull_v5,2,-1,,
6794,5,overloading,0.5,developing,physics_weibull_v5,2,-1,,
6795,5,overloading,0.5752,developing,physics_weibull_v5,2,-1,,
6796,5,overloading,0.5,developing,physics_weibull_v5,2,-1,,
6797,5,overloading,0.5,developing,physics_weibull_v5,2,-1,,
6798,5,overloading,0.5,developing,physics_weibull_v5,2,-1,,
6799,5,overloading,0.6637,advanced,physics_weibull_v5,2,-1,,
6800,5,overloading,0.5504,developing,physics_weibull_v5,2,-1,,
6801,5,overloading,0.5,developing,physics_weibull_v5,2,-1,,
6802,5,overloading,0.5,developing,physics_weibull_v5,2,-1,,
6803,5,overloading,0.5,developing,physics_weibull_v5,2,-1,,
6804,5,overloading,0.5,developing,physics_weibull_v5,2,-1,,
6805,5,overloading,0.5,developing,physics_weibull_v5,2,-1,,
6806,5,overloading,0.5,developing,physics_weibull_v5,2,-1,,
6807,5,overloading,0.5,developing,physics_weibull_v5,2,-1,,
6808,5,overloading,0.5,developing,physics_weibull_v5,2,-1,,
6809,5,overloading,0.6877,advanced,physics_weibull_v5,2,-1,,
6810,5,overloading,0.5,developing,physics_weibull_v5,2,-1,,
6811,5,overloading,0.9345,advanced,physics_weibull_v5,2,-1,,
6812,5,overloading,0.5438,developing,physics_weibull_v5,2,-1,,
6813,5,overloading,0.5,developing,physics_weibull_v5,2,-1,,
6814,5,overloading,0.9839,advanced,physics_weibull_v5,2,-1,,
6815,5,overloading,0.5,developing,physics_weibull_v5,2,-1,,
6816,5,overloading,0.5,developing,physics_weibull_v5,2,-1,,
6817,5,overloading,0.5,developing,physics_weibull_v5,2,-1,,
6818,5,overloading,0.8618,advanced,physics_weibull_v5,2,-1,,
6819,5,overloading,0.5,developing,physics_weibull_v5,2,-1,,
6820,5,overloading,0.6394,developing,physics_weibull_v5,2,-1,,
6821,5,overloading,0.5,developing,physics_weibull_v5,2,-1,,
6822,5,overloading,0.8572,advanced,physics_weibull_v5,2,-1,,
6823,5,overloading,0.5,developing,physics_weibull_v5,2,-1,,
6824,5,overloading,0.8738,advanced,physics_weibull_v5,2,-1,,
6825,5,overloading,0.5,developing,physics_weibull_v5,2,-1,,
6826,5,overloading,0.5,developing,physics_weibull_v5,2,-1,,
6827,5,overloading,0.6985,advanced,physics_weibull_v5,2,-1,,
6828,5,overloading,0.652,advanced,physics_weibull_v5,2,-1,,
6829,5,overloading,0.5,developing,physics_weibull_v5,2,-1,,
6830,5,overloading,0.5,developing,physics_weibull_v5,2,-1,,
6831,5,overloading,0.5,developing,physics_weibull_v5,2,-1,,
6832,5,overloading,0.6279,developing,physics_weibull_v5,2,-1,,
6833,5,overloading,0.5,developing,physics_weibull_v5,2,-1,,
6834,5,overloading,0.5,developing,physics_weibull_v5,2,-1,,
6835,5,overloading,0.5,developing,physics_weibull_v5,2,-1,,
6836,5,overloading,0.5,developing,physics_weibull_v5,2,-1,,
6837,5,overloading,0.5,developing,physics_weibull_v5,2,-1,,
6838,5,overloading,0.5155,developing,physics_weibull_v5,2,-1,,
6839,5,overloading,0.5,developing,physics_weibull_v5,2,-1,,
6840,5,overloading,0.5,developing,physics_weibull_v5,2,-1,,
6841,5,overloading,0.5,developing,physics_weibull_v5,2,-1,,
6842,5,overloading,0.5,developing,physics_weibull_v5,2,-1,,
6843,5,overloading,0.5,developing,physics_weibull_v5,2,-1,,
6844,5,overloading,0.5,developing,physics_weibull_v5,2,-1,,
6845,5,overloading,0.5,developing,physics_weibull_v5,2,-1,,
6846,5,overloading,0.5547,developing,physics_weibull_v5,2,-1,,
6847,5,overloading,0.5,developing,physics_weibull_v5,2,-1,,
6848,5,overloading,0.5,developing,physics_weibull_v5,2,-1,,
6849,5,overloading,0.5,developing,physics_weibull_v5,2,-1,,
6850,5,overloading,0.5,developing,physics_weibull_v5,2,-1,,
6851,5,overloading,0.6031,developing,physics_weibull_v5,2,-1,,
6852,5,overloading,0.5,developing,physics_weibull_v5,2,-1,,
6853,5,overloading,0.5,developing,physics_weibull_v5,2,-1,,
6854,5,overloading,0.5,developing,physics_weibull_v5,2,-1,,
6855,5,overloading,0.5,developing,physics_weibull_v5,2,-1,,
6856,5,overloading,0.5,developing,physics_weibull_v5,2,-1,,
6857,5,overloading,0.5,developing,physics_weibull_v5,2,-1,,
6858,5,overloading,0.5687,developing,physics_weibull_v5,2,-1,,
6859,5,overloading,0.5,developing,physics_weibull_v5,2,-1,,
6860,5,overloading,0.6308,developing,physics_weibull_v5,2,-1,,
6861,5,overloading,0.5,developing,physics_weibull_v5,2,-1,,
6862,5,overloading,0.5,developing,physics_weibull_v5,2,-1,,
6863,5,overloading,0.5,developing,physics_weibull_v5,2,-1,,
6864,5,overloading,0.5,developing,physics_weibull_v5,2,-1,,
6865,5,overloading,0.5527,developing,physics_weibull_v5,2,-1,,
6866,5,overloading,0.5,developing,physics_weibull_v5,2,-1,,
6867,5,overloading,0.5,developing,physics_weibull_v5,2,-1,,
6868,5,overloading,0.5,developing,physics_weibull_v5,2,-1,,
6869,5,overloading,0.5,developing,physics_weibull_v5,2,-1,,
6870,5,overloading,0.5,developing,physics_weibull_v5,2,-1,,
6871,5,overloading,0.5,developing,physics_weibull_v5,2,-1,,
6872,5,overloading,0.5,developing,physics_weibull_v5,2,-1,,
6873,5,overloading,0.5,developing,physics_weibull_v5,2,-1,,
6874,5,overloading,0.5,developing,physics_weibull_v5,2,-1,,
6875,5,overloading,0.6934,advanced,physics_weibull_v5,2,-1,,
6876,5,overloading,0.5,developing,physics_weibull_v5,2,-1,,
6877,5,overloading,0.5,developing,physics_weibull_v5,2,-1,,
6878,5,overloading,0.5,developing,physics_weibull_v5,2,-1,,
6879,5,overloading,0.5549,developing,physics_weibull_v5,2,-1,,
6880,5,overloading,0.857,advanced,physics_weibull_v5,2,-1,,
6881,5,overloading,0.9136,advanced,physics_weibull_v5,2,-1,,
6882,5,overloading,0.5,developing,physics_weibull_v5,2,-1,,
6883,5,overloading,0.5,developing,physics_weibull_v5,2,-1,,
6884,5,overloading,0.5,developing,physics_weibull_v5,2,-1,,
6885,5,overloading,0.5,developing,physics_weibull_v5,2,-1,,
6886,5,overloading,0.5,developing,physics_weibull_v5,2,-1,,
6887,5,overloading,0.9692,advanced,physics_weibull_v5,2,-1,,
6888,5,overloading,0.5,developing,physics_weibull_v5,2,-1,,
6889,5,overloading,0.5,developing,physics_weibull_v5,2,-1,,
6890,5,overloading,0.6197,developing,physics_weibull_v5,2,-1,,
6891,5,overloading,0.5,developing,physics_weibull_v5,2,-1,,
6892,5,overloading,0.5,developing,physics_weibull_v5,2,-1,,
6893,5,overloading,0.5,developing,physics_weibull_v5,2,-1,,
6894,5,overloading,0.5,developing,physics_weibull_v5,2,-1,,
6895,5,overloading,0.5,developing,physics_weibull_v5,2,-1,,
6896,5,overloading,0.5894,developing,physics_weibull_v5,2,-1,,
6897,5,overloading,0.5,developing,physics_weibull_v5,2,-1,,
6898,5,overloading,0.5,developing,physics_weibull_v5,2,-1,,
6899,5,overloading,0.5,developing,physics_weibull_v5,2,-1,,
6900,5,overloading,0.5,developing,physics_weibull_v5,2,-1,,
6901,5,overloading,0.5,developing,physics_weibull_v5,2,-1,,
6902,5,overloading,0.5059,developing,physics_weibull_v5,2,-1,,
6903,5,overloading,0.5,developing,physics_weibull_v5,2,-1,,
6904,5,overloading,0.5,developing,physics_weibull_v5,2,-1,,
6905,5,overloading,0.5,developing,physics_weibull_v5,2,-1,,
6906,5,overloading,0.5,developing,physics_weibull_v5,2,-1,,
6907,5,overloading,0.5,developing,physics_weibull_v5,2,-1,,
6908,5,overloading,0.5,developing,physics_weibull_v5,2,-1,,
6909,5,overloading,0.5,developing,physics_weibull_v5,2,-1,,
6910,5,overloading,0.8097,advanced,physics_weibull_v5,2,-1,,
6911,5,overloading,0.5,developing,physics_weibull_v5,2,-1,,
6912,5,overloading,0.5584,developing,physics_weibull_v5,2,-1,,
6913,5,overloading,0.5613,developing,physics_weibull_v5,2,-1,,
6914,5,overloading,0.5,developing,physics_weibull_v5,2,-1,,
6915,5,overloading,0.5,developing,physics_weibull_v5,2,-1,,
6916,5,overloading,0.7794,advanced,physics_weibull_v5,2,-1,,
6917,5,overloading,0.5,developing,physics_weibull_v5,2,-1,,
6918,5,overloading,0.5,developing,physics_weibull_v5,2,-1,,
6919,5,overloading,0.5,developing,physics_weibull_v5,2,-1,,
6920,5,overloading,0.5,developing,physics_weibull_v5,2,-1,,
6921,5,overloading,0.5,developing,physics_weibull_v5,2,-1,,
6922,5,overloading,0.5,developing,physics_weibull_v5,2,-1,,
6923,5,overloading,0.5,developing,physics_weibull_v5,2,-1,,
6924,5,overloading,0.5,developing,physics_weibull_v5,2,-1,,
6925,5,overloading,0.5569,developing,physics_weibull_v5,2,-1,,
6926,5,overloading,0.5,developing,physics_weibull_v5,2,-1,,
6927,5,overloading,0.5401,developing,physics_weibull_v5,2,-1,,
6928,5,overloading,0.5,developing,physics_weibull_v5,2,-1,,
6929,5,overloading,0.7414,advanced,physics_weibull_v5,2,-1,,
6930,5,overloading,0.5,developing,physics_weibull_v5,2,-1,,
6931,5,overloading,0.5,developing,physics_weibull_v5,2,-1,,
6932,5,overloading,0.5,developing,physics_weibull_v5,2,-1,,
6933,5,overloading,0.5,developing,physics_weibull_v5,2,-1,,
6934,5,overloading,0.5,developing,physics_weibull_v5,2,-1,,
6935,5,overloading,0.5,developing,physics_weibull_v5,2,-1,,
6936,5,overloading,0.5,developing,physics_weibull_v5,2,-1,,
6937,5,overloading,0.5,developing,physics_weibull_v5,2,-1,,
6938,5,overloading,0.5,developing,physics_weibull_v5,2,-1,,
6939,5,overloading,0.5,developing,physics_weibull_v5,2,-1,,
6940,5,overloading,0.5,developing,physics_weibull_v5,2,-1,,
6941,5,overloading,0.5,developing,physics_weibull_v5,2,-1,,
6942,5,overloading,0.6236,developing,physics_weibull_v5,2,-1,,
6943,5,overloading,0.7258,advanced,physics_weibull_v5,2,-1,,
6944,5,overloading,0.5,developing,physics_weibull_v5,2,-1,,
6945,5,overloading,0.5,developing,physics_weibull_v5,2,-1,,
6946,5,overloading,0.5799,developing,physics_weibull_v5,2,-1,,
6947,5,overloading,0.9225,advanced,physics_weibull_v5,2,-1,,
6948,5,overloading,0.5,developing,physics_weibull_v5,2,-1,,
6949,5,overloading,0.5,developing,physics_weibull_v5,2,-1,,
6950,5,overloading,0.5,developing,physics_weibull_v5,2,-1,,
6951,5,overloading,0.5,developing,physics_weibull_v5,2,-1,,
6952,5,overloading,0.5,developing,physics_weibull_v5,2,-1,,
6953,5,overloading,0.5,developing,physics_weibull_v5,2,-1,,
6954,5,overloading,0.5,developing,physics_weibull_v5,2,-1,,
6955,5,overloading,0.5,developing,physics_weibull_v5,2,-1,,
6956,5,overloading,0.519,developing,physics_weibull_v5,2,-1,,
6957,5,overloading,0.5,developing,physics_weibull_v5,2,-1,,
6958,5,overloading,0.5,developing,physics_weibull_v5,2,-1,,
6959,5,overloading,0.8325,advanced,physics_weibull_v5,2,-1,,
6960,5,overloading,0.5,developing,physics_weibull_v5,2,-1,,
6961,5,overloading,0.5,developing,physics_weibull_v5,2,-1,,
6962,5,overloading,0.8983,advanced,physics_weibull_v5,2,-1,,
6963,5,overloading,0.6926,advanced,physics_weibull_v5,2,-1,,
6964,5,overloading,0.5,developing,physics_weibull_v5,2,-1,,
6965,5,overloading,0.9148,advanced,physics_weibull_v5,2,-1,,
6966,5,overloading,0.5,developing,physics_weibull_v5,2,-1,,
6967,5,overloading,0.5456,developing,physics_weibull_v5,2,-1,,
6968,5,overloading,0.5,developing,physics_weibull_v5,2,-1,,
6969,5,overloading,0.5,developing,physics_weibull_v5,2,-1,,
6970,5,overloading,0.5,developing,physics_weibull_v5,2,-1,,
6971,5,overloading,0.5106,developing,physics_weibull_v5,2,-1,,
6972,5,overloading,0.6398,developing,physics_weibull_v5,2,-1,,
6973,5,overloading,0.5,developing,physics_weibull_v5,2,-1,,
6974,5,overloading,0.8626,advanced,physics_weibull_v5,2,-1,,
6975,5,overloading,0.5576,developing,physics_weibull_v5,2,-1,,
6976,5,overloading,0.5,developing,physics_weibull_v5,2,-1,,
6977,5,overloading,0.7391,advanced,physics_weibull_v5,2,-1,,
6978,5,overloading,0.5788,developing,physics_weibull_v5,2,-1,,
6979,5,overloading,0.5,developing,physics_weibull_v5,2,-1,,
6980,5,overloading,0.5,developing,physics_weibull_v5,2,-1,,
6981,5,overloading,0.5401,developing,physics_weibull_v5,2,-1,,
6982,5,overloading,0.5,developing,physics_weibull_v5,2,-1,,
6983,5,overloading,0.5,developing,physics_weibull_v5,2,-1,,
6984,5,overloading,0.5,developing,physics_weibull_v5,2,-1,,
6985,5,overloading,0.5,developing,physics_weibull_v5,2,-1,,
6986,5,overloading,0.5,developing,physics_weibull_v5,2,-1,,
6987,5,overloading,0.5,developing,physics_weibull_v5,2,-1,,
6988,5,overloading,0.5,developing,physics_weibull_v5,2,-1,,
6989,5,overloading,0.5,developing,physics_weibull_v5,2,-1,,
6990,5,overloading,0.5,developing,physics_weibull_v5,2,-1,,
6991,5,overloading,0.5,developing,physics_weibull_v5,2,-1,,
6992,5,overloading,0.5,developing,physics_weibull_v5,2,-1,,
6993,5,overloading,0.5,developing,physics_weibull_v5,2,-1,,
6994,5,overloading,0.5,developing,physics_weibull_v5,2,-1,,
6995,5,overloading,0.5,developing,physics_weibull_v5,2,-1,,
6996,5,overloading,0.5,developing,physics_weibull_v5,2,-1,,
6997,5,overloading,0.5198,developing,physics_weibull_v5,2,-1,,
6998,5,overloading,0.5,developing,physics_weibull_v5,2,-1,,
6999,5,overloading,0.5,developing,physics_weibull_v5,2,-1,,
7000,5,overloading,0.5,developing,physics_weibull_v5,2,-1,,
7001,5,overloading,0.5,developing,physics_weibull_v5,2,-1,,
7002,5,overloading,0.5312,developing,physics_weibull_v5,2,-1,,
7003,5,overloading,0.5,developing,physics_weibull_v5,2,-1,,
7004,5,overloading,0.5,developing,physics_weibull_v5,2,-1,,
7005,5,overloading,0.5,developing,physics_weibull_v5,2,-1,,
7006,5,overloading,0.5,developing,physics_weibull_v5,2,-1,,
7007,5,overloading,0.5725,developing,physics_weibull_v5,2,-1,,
7008,5,overloading,0.5,developing,physics_weibull_v5,2,-1,,
7009,5,overloading,0.5,developing,physics_weibull_v5,2,-1,,
7010,5,overloading,0.5,developing,physics_weibull_v5,2,-1,,
7011,5,overloading,0.5684,developing,physics_weibull_v5,2,-1,,
7012,5,overloading,0.5,developing,physics_weibull_v5,2,-1,,
7013,5,overloading,0.5,developing,physics_weibull_v5,2,-1,,
7014,5,overloading,0.6456,developing,physics_weibull_v5,2,-1,,
7015,5,overloading,0.5,developing,physics_weibull_v5,2,-1,,
7016,5,overloading,0.5,developing,physics_weibull_v5,2,-1,,
7017,5,overloading,0.7305,advanced,physics_weibull_v5,2,-1,,
7018,5,overloading,0.5,developing,physics_weibull_v5,2,-1,,
7019,5,overloading,0.9133,advanced,physics_weibull_v5,2,-1,,
7020,5,overloading,0.589,developing,physics_weibull_v5,2,-1,,
7021,5,overloading,0.7102,advanced,physics_weibull_v5,2,-1,,
7022,5,overloading,0.8128,advanced,physics_weibull_v5,2,-1,,
7023,5,overloading,0.5,developing,physics_weibull_v5,2,-1,,
7024,5,overloading,0.5,developing,physics_weibull_v5,2,-1,,
7025,5,overloading,0.5,developing,physics_weibull_v5,2,-1,,
7026,5,overloading,0.5571,developing,physics_weibull_v5,2,-1,,
7027,5,overloading,0.5,developing,physics_weibull_v5,2,-1,,
7028,5,overloading,0.5,developing,physics_weibull_v5,2,-1,,
7029,5,overloading,0.5,developing,physics_weibull_v5,2,-1,,
7030,5,overloading,0.5,developing,physics_weibull_v5,2,-1,,
7031,5,overloading,0.8886,advanced,physics_weibull_v5,2,-1,,
7032,5,overloading,0.5441,developing,physics_weibull_v5,2,-1,,
7033,5,overloading,0.5,developing,physics_weibull_v5,2,-1,,
7034,5,overloading,0.5454,developing,physics_weibull_v5,2,-1,,
7035,5,overloading,0.5,developing,physics_weibull_v5,2,-1,,
7036,5,overloading,0.5,developing,physics_weibull_v5,2,-1,,
7037,5,overloading,0.5,developing,physics_weibull_v5,2,-1,,
7038,5,overloading,0.6849,advanced,physics_weibull_v5,2,-1,,
7039,5,overloading,0.5,developing,physics_weibull_v5,2,-1,,
7040,5,overloading,0.522,developing,physics_weibull_v5,2,-1,,
7041,5,overloading,0.5,developing,physics_weibull_v5,2,-1,,
7042,5,overloading,0.5,developing,physics_weibull_v5,2,-1,,
7043,5,overloading,0.5454,developing,physics_weibull_v5,2,-1,,
7044,5,overloading,0.5,developing,physics_weibull_v5,2,-1,,
7045,5,overloading,0.6782,advanced,physics_weibull_v5,2,-1,,
7046,5,overloading,0.5,developing,physics_weibull_v5,2,-1,,
7047,5,overloading,0.7785,advanced,physics_weibull_v5,2,-1,,
7048,5,overloading,0.8601,advanced,physics_weibull_v5,2,-1,,
7049,5,overloading,0.6915,advanced,physics_weibull_v5,2,-1,,
7050,5,overloading,0.5,developing,physics_weibull_v5,2,-1,,
7051,5,overloading,0.5,developing,physics_weibull_v5,2,-1,,
7052,5,overloading,0.5,developing,physics_weibull_v5,2,-1,,
7053,5,overloading,0.6854,advanced,physics_weibull_v5,2,-1,,
7054,5,overloading,0.5,developing,physics_weibull_v5,2,-1,,
7055,5,overloading,0.5,developing,physics_weibull_v5,2,-1,,
7056,5,overloading,0.6274,developing,physics_weibull_v5,2,-1,,
7057,5,overloading,0.5,developing,physics_weibull_v5,2,-1,,
7058,5,overloading,0.576,developing,physics_weibull_v5,2,-1,,
7059,5,overloading,0.5,developing,physics_weibull_v5,2,-1,,
7060,5,overloading,0.5,developing,physics_weibull_v5,2,-1,,
7061,5,overloading,0.5,developing,physics_weibull_v5,2,-1,,
7062,5,overloading,0.5,developing,physics_weibull_v5,2,-1,,
7063,5,overloading,0.5749,developing,physics_weibull_v5,2,-1,,
7064,5,overloading,0.6849,advanced,physics_weibull_v5,2,-1,,
7065,5,overloading,0.5,developing,physics_weibull_v5,2,-1,,
7066,5,overloading,0.5,developing,physics_weibull_v5,2,-1,,
7067,5,overloading,0.5,developing,physics_weibull_v5,2,-1,,
7068,5,overloading,0.781,advanced,physics_weibull_v5,2,-1,,
7069,5,overloading,0.5,developing,physics_weibull_v5,2,-1,,
7070,5,overloading,0.5,developing,physics_weibull_v5,2,-1,,
7071,5,overloading,0.5,developing,physics_weibull_v5,2,-1,,
7072,5,overloading,0.5,developing,physics_weibull_v5,2,-1,,
7073,5,overloading,0.5,developing,physics_weibull_v5,2,-1,,
7074,5,overloading,0.6143,developing,physics_weibull_v5,2,-1,,
7075,5,overloading,0.5,developing,physics_weibull_v5,2,-1,,
7076,5,overloading,0.5,developing,physics_weibull_v5,2,-1,,
7077,5,overloading,0.5,developing,physics_weibull_v5,2,-1,,
7078,5,overloading,0.6001,developing,physics_weibull_v5,2,-1,,
7079,5,overloading,0.5,developing,physics_weibull_v5,2,-1,,
7080,5,overloading,0.5702,developing,physics_weibull_v5,2,-1,,
7081,5,overloading,0.5,developing,physics_weibull_v5,2,-1,,
7082,5,overloading,0.9839,advanced,physics_weibull_v5,2,-1,,
7083,5,overloading,0.5344,developing,physics_weibull_v5,2,-1,,
7084,5,overloading,0.7994,advanced,physics_weibull_v5,2,-1,,
7085,5,overloading,0.5,developing,physics_weibull_v5,2,-1,,
7086,5,overloading,0.5,developing,physics_weibull_v5,2,-1,,
7087,5,overloading,0.5,developing,physics_weibull_v5,2,-1,,
7088,5,overloading,0.5,developing,physics_weibull_v5,2,-1,,
7089,5,overloading,0.5,developing,physics_weibull_v5,2,-1,,
7090,5,overloading,0.6122,developing,physics_weibull_v5,2,-1,,
7091,5,overloading,0.6131,developing,physics_weibull_v5,2,-1,,
7092,5,overloading,0.6639,advanced,physics_weibull_v5,2,-1,,
7093,5,overloading,0.5,developing,physics_weibull_v5,2,-1,,
7094,5,overloading,0.5,developing,physics_weibull_v5,2,-1,,
7095,5,overloading,0.5,developing,physics_weibull_v5,2,-1,,
7096,5,overloading,0.5,developing,physics_weibull_v5,2,-1,,
7097,5,overloading,0.5,developing,physics_weibull_v5,2,-1,,
7098,5,overloading,0.5,developing,physics_weibull_v5,2,-1,,
7099,5,overloading,0.5,developing,physics_weibull_v5,2,-1,,
7100,5,overloading,0.5,developing,physics_weibull_v5,2,-1,,
7101,5,overloading,0.5,developing,physics_weibull_v5,2,-1,,
7102,5,overloading,0.5,developing,physics_weibull_v5,2,-1,,
7103,5,overloading,0.8904,advanced,physics_weibull_v5,2,-1,,
7104,5,overloading,0.5,developing,physics_weibull_v5,2,-1,,
7105,5,overloading,0.5,developing,physics_weibull_v5,2,-1,,
7106,5,overloading,0.5,developing,physics_weibull_v5,2,-1,,
7107,5,overloading,0.5,developing,physics_weibull_v5,2,-1,,
7108,5,overloading,0.5,developing,physics_weibull_v5,2,-1,,
7109,5,overloading,0.5,developing,physics_weibull_v5,2,-1,,
7110,5,overloading,0.5,developing,physics_weibull_v5,2,-1,,
7111,5,overloading,0.5,developing,physics_weibull_v5,2,-1,,
7112,5,overloading,0.5,developing,physics_weibull_v5,2,-1,,
7113,5,overloading,0.5,developing,physics_weibull_v5,2,-1,,
7114,5,overloading,0.5,developing,physics_weibull_v5,2,-1,,
7115,5,overloading,0.5,developing,physics_weibull_v5,2,-1,,
7116,5,overloading,0.8996,advanced,physics_weibull_v5,2,-1,,
7117,5,overloading,0.5,developing,physics_weibull_v5,2,-1,,
7118,5,overloading,0.8171,advanced,physics_weibull_v5,2,-1,,
7119,5,overloading,0.573,developing,physics_weibull_v5,2,-1,,
7120,5,overloading,0.5,developing,physics_weibull_v5,2,-1,,
7121,5,overloading,0.5,developing,physics_weibull_v5,2,-1,,
7122,5,overloading,0.5,developing,physics_weibull_v5,2,-1,,
7123,5,overloading,0.741,advanced,physics_weibull_v5,2,-1,,
7124,5,overloading,0.7118,advanced,physics_weibull_v5,2,-1,,
7125,5,overloading,0.6415,developing,physics_weibull_v5,2,-1,,
7126,5,overloading,0.5183,developing,physics_weibull_v5,2,-1,,
7127,5,overloading,0.5,developing,physics_weibull_v5,2,-1,,
7128,5,overloading,0.848,advanced,physics_weibull_v5,2,-1,,
7129,5,overloading,0.8505,advanced,physics_weibull_v5,2,-1,,
7130,5,overloading,0.5,developing,physics_weibull_v5,2,-1,,
7131,5,overloading,0.8877,advanced,physics_weibull_v5,2,-1,,
7132,5,overloading,0.5723,developing,physics_weibull_v5,2,-1,,
7133,5,overloading,0.9646,advanced,physics_weibull_v5,2,-1,,
7134,5,overloading,0.5304,developing,physics_weibull_v5,2,-1,,
7135,5,overloading,0.5,developing,physics_weibull_v5,2,-1,,
7136,5,overloading,0.5,developing,physics_weibull_v5,2,-1,,
7137,5,overloading,0.5,developing,physics_weibull_v5,2,-1,,
7138,5,overloading,0.5,developing,physics_weibull_v5,2,-1,,
7139,5,overloading,0.8917,advanced,physics_weibull_v5,2,-1,,
7140,5,overloading,0.5,developing,physics_weibull_v5,2,-1,,
7141,5,overloading,0.6018,developing,physics_weibull_v5,2,-1,,
7142,5,overloading,0.5,developing,physics_weibull_v5,2,-1,,
7143,5,overloading,0.5,developing,physics_weibull_v5,2,-1,,
7144,5,overloading,0.586,developing,physics_weibull_v5,2,-1,,
7145,5,overloading,0.5,developing,physics_weibull_v5,2,-1,,
7146,5,overloading,0.7869,advanced,physics_weibull_v5,2,-1,,
7147,5,overloading,0.5,developing,physics_weibull_v5,2,-1,,
7148,5,overloading,0.8716,advanced,physics_weibull_v5,2,-1,,
7149,5,overloading,0.5,developing,physics_weibull_v5,2,-1,,
7150,5,overloading,0.5,developing,physics_weibull_v5,2,-1,,
7151,5,overloading,0.829,advanced,physics_weibull_v5,2,-1,,
7152,5,overloading,0.5,developing,physics_weibull_v5,2,-1,,
7153,5,overloading,0.5,developing,physics_weibull_v5,2,-1,,
7154,5,overloading,0.5,developing,physics_weibull_v5,2,-1,,
7155,5,overloading,0.8957,advanced,physics_weibull_v5,2,-1,,
7156,5,overloading,0.5,developing,physics_weibull_v5,2,-1,,
7157,5,overloading,0.5,developing,physics_weibull_v5,2,-1,,
7158,5,overloading,0.9618,advanced,physics_weibull_v5,2,-1,,
7159,5,overloading,0.5,developing,physics_weibull_v5,2,-1,,
7160,5,overloading,0.5,developing,physics_weibull_v5,2,-1,,
7161,5,overloading,0.83,advanced,physics_weibull_v5,2,-1,,
7162,5,overloading,0.5,developing,physics_weibull_v5,2,-1,,
7163,5,overloading,0.961,advanced,physics_weibull_v5,2,-1,,
7164,5,overloading,0.7143,advanced,physics_weibull_v5,2,-1,,
7165,5,overloading,0.5,developing,physics_weibull_v5,2,-1,,
7166,5,overloading,0.5,developing,physics_weibull_v5,2,-1,,
7167,5,overloading,0.5023,developing,physics_weibull_v5,2,-1,,
7168,5,overloading,0.5,developing,physics_weibull_v5,2,-1,,
7169,5,overloading,0.8684,advanced,physics_weibull_v5,2,-1,,
7170,5,overloading,0.5,developing,physics_weibull_v5,2,-1,,
7171,5,overloading,0.5,developing,physics_weibull_v5,2,-1,,
7172,5,overloading,0.984,advanced,physics_weibull_v5,2,-1,,
7173,5,overloading,0.5,developing,physics_weibull_v5,2,-1,,
7174,5,overloading,0.5,developing,physics_weibull_v5,2,-1,,
7175,5,overloading,0.5,developing,physics_weibull_v5,2,-1,,
7176,5,overloading,0.5,developing,physics_weibull_v5,2,-1,,
7177,5,overloading,0.6069,developing,physics_weibull_v5,2,-1,,
7178,5,overloading,0.5,developing,physics_weibull_v5,2,-1,,
7179,5,overloading,0.5,developing,physics_weibull_v5,2,-1,,
7180,5,overloading,0.5,developing,physics_weibull_v5,2,-1,,
7181,5,overloading,0.5,developing,physics_weibull_v5,2,-1,,
7182,5,overloading,0.5,developing,physics_weibull_v5,2,-1,,
7183,5,overloading,0.5,developing,physics_weibull_v5,2,-1,,
7184,5,overloading,0.5,developing,physics_weibull_v5,2,-1,,
7185,5,overloading,0.9615,advanced,physics_weibull_v5,2,-1,,
7186,5,overloading,0.5,developing,physics_weibull_v5,2,-1,,
7187,5,overloading,0.5,developing,physics_weibull_v5,2,-1,,
7188,5,overloading,0.5,developing,physics_weibull_v5,2,-1,,
7189,5,overloading,0.9206,advanced,physics_weibull_v5,2,-1,,
7190,5,overloading,0.5,developing,physics_weibull_v5,2,-1,,
7191,5,overloading,0.5995,developing,physics_weibull_v5,2,-1,,
7192,5,overloading,0.938,advanced,physics_weibull_v5,2,-1,,
7193,5,overloading,0.5,developing,physics_weibull_v5,2,-1,,
7194,5,overloading,0.6461,developing,physics_weibull_v5,2,-1,,
7195,5,overloading,0.5,developing,physics_weibull_v5,2,-1,,
7196,5,overloading,0.5,developing,physics_weibull_v5,2,-1,,
7197,5,overloading,0.5,developing,physics_weibull_v5,2,-1,,
7198,5,overloading,0.5,developing,physics_weibull_v5,2,-1,,
7199,5,overloading,0.5923,developing,physics_weibull_v5,2,-1,,
7200,6,sensor_failure,0.05,early,physics_weibull_v5,1,-1,flatline,Mot.SV
7201,6,sensor_failure,0.3591,developing,physics_weibull_v5,0,-1,spike,Pmp.SV
7202,6,sensor_failure,0.05,early,physics_weibull_v5,3,-1,drift,Mot.TV
7203,6,sensor_failure,0.4585,developing,physics_weibull_v5,0,-1,dropout,Pmp.PV
7204,6,sensor_failure,0.05,early,physics_weibull_v5,3,-1,flatline,Temp.SV
7205,6,sensor_failure,0.9916,advanced,physics_weibull_v5,1,-1,spike,Pres.SV
7206,6,sensor_failure,0.078,early,physics_weibull_v5,0,-1,drift,Pmp.TV
7207,6,sensor_failure,0.1074,early,physics_weibull_v5,3,-1,dropout,Mot.PV
7208,6,sensor_failure,0.2041,early,physics_weibull_v5,3,-1,flatline,Mot.SV
7209,6,sensor_failure,0.054,early,physics_weibull_v5,0,-1,spike,Pmp.SV
7210,6,sensor_failure,0.0931,early,physics_weibull_v5,1,-1,drift,Mot.TV
7211,6,sensor_failure,0.7663,advanced,physics_weibull_v5,2,-1,dropout,Pmp.PV
7212,6,sensor_failure,0.05,early,physics_weibull_v5,2,-1,flatline,Temp.SV
7213,6,sensor_failure,0.05,early,physics_weibull_v5,0,-1,spike,Pres.SV
7214,6,sensor_failure,0.1006,early,physics_weibull_v5,0,-1,drift,Pmp.TV
7215,6,sensor_failure,0.05,early,physics_weibull_v5,3,-1,dropout,Mot.PV
7216,6,sensor_failure,0.1404,early,physics_weibull_v5,0,-1,flatline,Mot.SV
7217,6,sensor_failure,0.2343,early,physics_weibull_v5,2,-1,spike,Pmp.SV
7218,6,sensor_failure,0.332,developing,physics_weibull_v5,3,-1,drift,Mot.TV
7219,6,sensor_failure,0.1693,early,physics_weibull_v5,1,-1,dropout,Pmp.PV
7220,6,sensor_failure,0.05,early,physics_weibull_v5,0,-1,flatline,Temp.SV
7221,6,sensor_failure,0.7919,advanced,physics_weibull_v5,1,-1,spike,Pres.SV
7222,6,sensor_failure,0.4742,developing,physics_weibull_v5,1,-1,drift,Pmp.TV
7223,6,sensor_failure,0.1301,early,physics_weibull_v5,1,-1,dropout,Mot.PV
7224,6,sensor_failure,0.9759,advanced,physics_weibull_v5,0,-1,flatline,Mot.SV
7225,6,sensor_failure,0.958,advanced,physics_weibull_v5,3,-1,spike,Pmp.SV
7226,6,sensor_failure,0.3316,developing,physics_weibull_v5,0,-1,drift,Mot.TV
7227,6,sensor_failure,0.3971,developing,physics_weibull_v5,3,-1,dropout,Pmp.PV
7228,6,sensor_failure,0.3785,developing,physics_weibull_v5,2,-1,flatline,Temp.SV
7229,6,sensor_failure,0.4873,developing,physics_weibull_v5,0,-1,spike,Pres.SV
7230,6,sensor_failure,0.683,advanced,physics_weibull_v5,0,-1,drift,Pmp.TV
7231,6,sensor_failure,0.2628,early,physics_weibull_v5,1,-1,dropout,Mot.PV
7232,6,sensor_failure,0.0552,early,physics_weibull_v5,0,-1,flatline,Mot.SV
7233,6,sensor_failure,0.05,early,physics_weibull_v5,0,-1,spike,Pmp.SV
7234,6,sensor_failure,0.05,early,physics_weibull_v5,3,-1,drift,Mot.TV
7235,6,sensor_failure,0.8042,advanced,physics_weibull_v5,0,-1,dropout,Pmp.PV
7236,6,sensor_failure,0.05,early,physics_weibull_v5,1,-1,flatline,Temp.SV
7237,6,sensor_failure,0.05,early,physics_weibull_v5,3,-1,spike,Pres.SV
7238,6,sensor_failure,0.0734,early,physics_weibull_v5,2,-1,drift,Pmp.TV
7239,6,sensor_failure,0.272,early,physics_weibull_v5,1,-1,dropout,Mot.PV
7240,6,sensor_failure,0.0855,early,physics_weibull_v5,1,-1,flatline,Mot.SV
7241,6,sensor_failure,0.2678,early,physics_weibull_v5,1,-1,spike,Pmp.SV
7242,6,sensor_failure,0.05,early,physics_weibull_v5,0,-1,drift,Mot.TV
7243,6,sensor_failure,0.2543,early,physics_weibull_v5,3,-1,dropout,Pmp.PV
7244,6,sensor_failure,0.0918,early,physics_weibull_v5,2,-1,flatline,Temp.SV
7245,6,sensor_failure,0.8067,advanced,physics_weibull_v5,1,-1,spike,Pres.SV
7246,6,sensor_failure,0.05,early,physics_weibull_v5,0,-1,drift,Pmp.TV
7247,6,sensor_failure,0.2631,early,physics_weibull_v5,1,-1,dropout,Mot.PV
7248,6,sensor_failure,0.05,early,physics_weibull_v5,1,-1,flatline,Mot.SV
7249,6,sensor_failure,0.3137,developing,physics_weibull_v5,2,-1,spike,Pmp.SV
7250,6,sensor_failure,0.276,early,physics_weibull_v5,3,-1,drift,Mot.TV
7251,6,sensor_failure,0.0741,early,physics_weibull_v5,2,-1,dropout,Pmp.PV
7252,6,sensor_failure,0.5815,developing,physics_weibull_v5,0,-1,flatline,Temp.SV
7253,6,sensor_failure,0.09,early,physics_weibull_v5,2,-1,spike,Pres.SV
7254,6,sensor_failure,0.2548,early,physics_weibull_v5,3,-1,drift,Pmp.TV
7255,6,sensor_failure,0.3715,developing,physics_weibull_v5,2,-1,dropout,Mot.PV
7256,6,sensor_failure,0.05,early,physics_weibull_v5,1,-1,flatline,Mot.SV
7257,6,sensor_failure,0.0667,early,physics_weibull_v5,2,-1,spike,Pmp.SV
7258,6,sensor_failure,0.8551,advanced,physics_weibull_v5,3,-1,drift,Mot.TV
7259,6,sensor_failure,0.05,early,physics_weibull_v5,1,-1,dropout,Pmp.PV
7260,6,sensor_failure,0.0699,early,physics_weibull_v5,0,-1,flatline,Temp.SV
7261,6,sensor_failure,0.8533,advanced,physics_weibull_v5,0,-1,spike,Pres.SV
7262,6,sensor_failure,0.477,developing,physics_weibull_v5,3,-1,drift,Pmp.TV
7263,6,sensor_failure,0.6658,advanced,physics_weibull_v5,1,-1,dropout,Mot.PV
7264,6,sensor_failure,0.205,early,physics_weibull_v5,0,-1,flatline,Mot.SV
7265,6,sensor_failure,0.05,early,physics_weibull_v5,2,-1,spike,Pmp.SV
7266,6,sensor_failure,0.2841,early,physics_weibull_v5,2,-1,drift,Mot.TV
7267,6,sensor_failure,0.8305,advanced,physics_weibull_v5,0,-1,dropout,Pmp.PV
7268,6,sensor_failure,0.05,early,physics_weibull_v5,2,-1,flatline,Temp.SV
7269,6,sensor_failure,0.4427,developing,physics_weibull_v5,2,-1,spike,Pres.SV
7270,6,sensor_failure,0.1515,early,physics_weibull_v5,1,-1,drift,Pmp.TV
7271,6,sensor_failure,0.5107,developing,physics_weibull_v5,1,-1,dropout,Mot.PV
7272,6,sensor_failure,0.0948,early,physics_weibull_v5,0,-1,flatline,Mot.SV
7273,6,sensor_failure,0.113,early,physics_weibull_v5,2,-1,spike,Pmp.SV
7274,6,sensor_failure,0.799,advanced,physics_weibull_v5,2,-1,drift,Mot.TV
7275,6,sensor_failure,0.4327,developing,physics_weibull_v5,0,-1,dropout,Pmp.PV
7276,6,sensor_failure,0.3329,developing,physics_weibull_v5,2,-1,flatline,Temp.SV
7277,6,sensor_failure,0.0913,early,physics_weibull_v5,2,-1,spike,Pres.SV
7278,6,sensor_failure,0.6009,developing,physics_weibull_v5,2,-1,drift,Pmp.TV
7279,6,sensor_failure,0.5068,developing,physics_weibull_v5,0,-1,dropout,Mot.PV
7280,6,sensor_failure,0.2793,early,physics_weibull_v5,2,-1,flatline,Mot.SV
7281,6,sensor_failure,0.8178,advanced,physics_weibull_v5,1,-1,spike,Pmp.SV
7282,6,sensor_failure,0.2664,early,physics_weibull_v5,3,-1,drift,Mot.TV
7283,6,sensor_failure,0.4336,developing,physics_weibull_v5,2,-1,dropout,Pmp.PV
7284,6,sensor_failure,0.05,early,physics_weibull_v5,3,-1,flatline,Temp.SV
7285,6,sensor_failure,0.1281,early,physics_weibull_v5,3,-1,spike,Pres.SV
7286,6,sensor_failure,0.2754,early,physics_weibull_v5,1,-1,drift,Pmp.TV
7287,6,sensor_failure,0.05,early,physics_weibull_v5,1,-1,dropout,Mot.PV
7288,6,sensor_failure,0.2729,early,physics_weibull_v5,2,-1,flatline,Mot.SV
7289,6,sensor_failure,0.0902,early,physics_weibull_v5,0,-1,spike,Pmp.SV
7290,6,sensor_failure,0.1208,early,physics_weibull_v5,3,-1,drift,Mot.TV
7291,6,sensor_failure,0.6684,advanced,physics_weibull_v5,2,-1,dropout,Pmp.PV
7292,6,sensor_failure,0.4393,developing,physics_weibull_v5,2,-1,flatline,Temp.SV
7293,6,sensor_failure,0.1791,early,physics_weibull_v5,3,-1,spike,Pres.SV
7294,6,sensor_failure,0.5205,developing,physics_weibull_v5,2,-1,drift,Pmp.TV
7295,6,sensor_failure,0.083,early,physics_weibull_v5,0,-1,dropout,Mot.PV
7296,6,sensor_failure,0.9708,advanced,physics_weibull_v5,2,-1,flatline,Mot.SV
7297,6,sensor_failure,0.8559,advanced,physics_weibull_v5,3,-1,spike,Pmp.SV
7298,6,sensor_failure,0.7,advanced,physics_weibull_v5,1,-1,drift,Mot.TV
7299,6,sensor_failure,0.6495,developing,physics_weibull_v5,3,-1,dropout,Pmp.PV
7300,6,sensor_failure,0.186,early,physics_weibull_v5,3,-1,flatline,Temp.SV
7301,6,sensor_failure,0.0822,early,physics_weibull_v5,1,-1,spike,Pres.SV
7302,6,sensor_failure,0.7611,advanced,physics_weibull_v5,2,-1,drift,Pmp.TV
7303,6,sensor_failure,0.1489,early,physics_weibull_v5,3,-1,dropout,Mot.PV
7304,6,sensor_failure,0.0577,early,physics_weibull_v5,3,-1,flatline,Mot.SV
7305,6,sensor_failure,0.3574,developing,physics_weibull_v5,1,-1,spike,Pmp.SV
7306,6,sensor_failure,0.8107,advanced,physics_weibull_v5,0,-1,drift,Mot.TV
7307,6,sensor_failure,0.4673,developing,physics_weibull_v5,2,-1,dropout,Pmp.PV
7308,6,sensor_failure,0.0612,early,physics_weibull_v5,3,-1,flatline,Temp.SV
7309,6,sensor_failure,0.2321,early,physics_weibull_v5,2,-1,spike,Pres.SV
7310,6,sensor_failure,0.5131,developing,physics_weibull_v5,0,-1,drift,Pmp.TV
7311,6,sensor_failure,0.05,early,physics_weibull_v5,0,-1,dropout,Mot.PV
7312,6,sensor_failure,0.0893,early,physics_weibull_v5,0,-1,flatline,Mot.SV
7313,6,sensor_failure,0.9737,advanced,physics_weibull_v5,1,-1,spike,Pmp.SV
7314,6,sensor_failure,0.1733,early,physics_weibull_v5,2,-1,drift,Mot.TV
7315,6,sensor_failure,0.7442,advanced,physics_weibull_v5,3,-1,dropout,Pmp.PV
7316,6,sensor_failure,0.0969,early,physics_weibull_v5,1,-1,flatline,Temp.SV
7317,6,sensor_failure,0.1434,early,physics_weibull_v5,1,-1,spike,Pres.SV
7318,6,sensor_failure,0.888,advanced,physics_weibull_v5,1,-1,drift,Pmp.TV
7319,6,sensor_failure,0.0746,early,physics_weibull_v5,3,-1,dropout,Mot.PV
7320,6,sensor_failure,0.0995,early,physics_weibull_v5,2,-1,flatline,Mot.SV
7321,6,sensor_failure,0.1049,early,physics_weibull_v5,2,-1,spike,Pmp.SV
7322,6,sensor_failure,0.0932,early,physics_weibull_v5,3,-1,drift,Mot.TV
7323,6,sensor_failure,0.1461,early,physics_weibull_v5,2,-1,dropout,Pmp.PV
7324,6,sensor_failure,0.5617,developing,physics_weibull_v5,0,-1,flatline,Temp.SV
7325,6,sensor_failure,0.2337,early,physics_weibull_v5,3,-1,spike,Pres.SV
7326,6,sensor_failure,0.05,early,physics_weibull_v5,0,-1,drift,Pmp.TV
7327,6,sensor_failure,0.3032,developing,physics_weibull_v5,1,-1,dropout,Mot.PV
7328,6,sensor_failure,0.953,advanced,physics_weibull_v5,0,-1,flatline,Mot.SV
7329,6,sensor_failure,0.05,early,physics_weibull_v5,2,-1,spike,Pmp.SV
7330,6,sensor_failure,0.1263,early,physics_weibull_v5,3,-1,drift,Mot.TV
7331,6,sensor_failure,0.0801,early,physics_weibull_v5,1,-1,dropout,Pmp.PV
7332,6,sensor_failure,0.05,early,physics_weibull_v5,0,-1,flatline,Temp.SV
7333,6,sensor_failure,0.0937,early,physics_weibull_v5,2,-1,spike,Pres.SV
7334,6,sensor_failure,0.05,early,physics_weibull_v5,2,-1,drift,Pmp.TV
7335,6,sensor_failure,0.0757,early,physics_weibull_v5,2,-1,dropout,Mot.PV
7336,6,sensor_failure,0.244,early,physics_weibull_v5,0,-1,flatline,Mot.SV
7337,6,sensor_failure,0.05,early,physics_weibull_v5,1,-1,spike,Pmp.SV
7338,6,sensor_failure,0.05,early,physics_weibull_v5,1,-1,drift,Mot.TV
7339,6,sensor_failure,0.7441,advanced,physics_weibull_v5,2,-1,dropout,Pmp.PV
7340,6,sensor_failure,0.3052,developing,physics_weibull_v5,2,-1,flatline,Temp.SV
7341,6,sensor_failure,0.05,early,physics_weibull_v5,2,-1,spike,Pres.SV
7342,6,sensor_failure,0.3181,developing,physics_weibull_v5,2,-1,drift,Pmp.TV
7343,6,sensor_failure,0.187,early,physics_weibull_v5,2,-1,dropout,Mot.PV
7344,6,sensor_failure,0.2668,early,physics_weibull_v5,3,-1,flatline,Mot.SV
7345,6,sensor_failure,0.8959,advanced,physics_weibull_v5,3,-1,spike,Pmp.SV
7346,6,sensor_failure,0.4813,developing,physics_weibull_v5,1,-1,drift,Mot.TV
7347,6,sensor_failure,0.9326,advanced,physics_weibull_v5,0,-1,dropout,Pmp.PV
7348,6,sensor_failure,0.05,early,physics_weibull_v5,3,-1,flatline,Temp.SV
7349,6,sensor_failure,0.05,early,physics_weibull_v5,1,-1,spike,Pres.SV
7350,6,sensor_failure,0.1499,early,physics_weibull_v5,2,-1,drift,Pmp.TV
7351,6,sensor_failure,0.8842,advanced,physics_weibull_v5,3,-1,dropout,Mot.PV
7352,6,sensor_failure,0.0519,early,physics_weibull_v5,3,-1,flatline,Mot.SV
7353,6,sensor_failure,0.3588,developing,physics_weibull_v5,2,-1,spike,Pmp.SV
7354,6,sensor_failure,0.05,early,physics_weibull_v5,0,-1,drift,Mot.TV
7355,6,sensor_failure,0.5697,developing,physics_weibull_v5,2,-1,dropout,Pmp.PV
7356,6,sensor_failure,0.1367,early,physics_weibull_v5,1,-1,flatline,Temp.SV
7357,6,sensor_failure,0.2117,early,physics_weibull_v5,2,-1,spike,Pres.SV
7358,6,sensor_failure,0.5705,developing,physics_weibull_v5,0,-1,drift,Pmp.TV
7359,6,sensor_failure,0.05,early,physics_weibull_v5,1,-1,dropout,Mot.PV
7360,6,sensor_failure,0.1882,early,physics_weibull_v5,2,-1,flatline,Mot.SV
7361,6,sensor_failure,0.2995,early,physics_weibull_v5,0,-1,spike,Pmp.SV
7362,6,sensor_failure,0.0552,early,physics_weibull_v5,1,-1,drift,Mot.TV
7363,6,sensor_failure,0.05,early,physics_weibull_v5,0,-1,dropout,Pmp.PV
7364,6,sensor_failure,0.2392,early,physics_weibull_v5,1,-1,flatline,Temp.SV
7365,6,sensor_failure,0.0758,early,physics_weibull_v5,2,-1,spike,Pres.SV
7366,6,sensor_failure,0.9431,advanced,physics_weibull_v5,3,-1,drift,Pmp.TV
7367,6,sensor_failure,0.05,early,physics_weibull_v5,0,-1,dropout,Mot.PV
7368,6,sensor_failure,0.0839,early,physics_weibull_v5,1,-1,flatline,Mot.SV
7369,6,sensor_failure,0.2699,early,physics_weibull_v5,1,-1,spike,Pmp.SV
7370,6,sensor_failure,0.05,early,physics_weibull_v5,2,-1,drift,Mot.TV
7371,6,sensor_failure,0.2791,early,physics_weibull_v5,0,-1,dropout,Pmp.PV
7372,6,sensor_failure,0.0731,early,physics_weibull_v5,1,-1,flatline,Temp.SV
7373,6,sensor_failure,0.5427,developing,physics_weibull_v5,1,-1,spike,Pres.SV
7374,6,sensor_failure,0.05,early,physics_weibull_v5,3,-1,drift,Pmp.TV
7375,6,sensor_failure,0.3361,developing,physics_weibull_v5,3,-1,dropout,Mot.PV
7376,6,sensor_failure,0.05,early,physics_weibull_v5,3,-1,flatline,Mot.SV
7377,6,sensor_failure,0.05,early,physics_weibull_v5,1,-1,spike,Pmp.SV
7378,6,sensor_failure,0.0707,early,physics_weibull_v5,1,-1,drift,Mot.TV
7379,6,sensor_failure,0.3706,developing,physics_weibull_v5,2,-1,dropout,Pmp.PV
7380,6,sensor_failure,0.05,early,physics_weibull_v5,3,-1,flatline,Temp.SV
7381,6,sensor_failure,0.05,early,physics_weibull_v5,0,-1,spike,Pres.SV
7382,6,sensor_failure,0.382,developing,physics_weibull_v5,1,-1,drift,Pmp.TV
7383,6,sensor_failure,0.05,early,physics_weibull_v5,3,-1,dropout,Mot.PV
7384,6,sensor_failure,0.0566,early,physics_weibull_v5,2,-1,flatline,Mot.SV
7385,6,sensor_failure,0.0761,early,physics_weibull_v5,3,-1,spike,Pmp.SV
7386,6,sensor_failure,0.05,early,physics_weibull_v5,3,-1,drift,Mot.TV
7387,6,sensor_failure,0.05,early,physics_weibull_v5,0,-1,dropout,Pmp.PV
7388,6,sensor_failure,0.0816,early,physics_weibull_v5,1,-1,flatline,Temp.SV
7389,6,sensor_failure,0.05,early,physics_weibull_v5,2,-1,spike,Pres.SV
7390,6,sensor_failure,0.0531,early,physics_weibull_v5,1,-1,drift,Pmp.TV
7391,6,sensor_failure,0.184,early,physics_weibull_v5,1,-1,dropout,Mot.PV
7392,6,sensor_failure,0.05,early,physics_weibull_v5,3,-1,flatline,Mot.SV
7393,6,sensor_failure,0.3516,developing,physics_weibull_v5,1,-1,spike,Pmp.SV
7394,6,sensor_failure,0.1006,early,physics_weibull_v5,0,-1,drift,Mot.TV
7395,6,sensor_failure,0.1069,early,physics_weibull_v5,2,-1,dropout,Pmp.PV
7396,6,sensor_failure,0.05,early,physics_weibull_v5,1,-1,flatline,Temp.SV
7397,6,sensor_failure,0.05,early,physics_weibull_v5,0,-1,spike,Pres.SV
7398,6,sensor_failure,0.0957,early,physics_weibull_v5,1,-1,drift,Pmp.TV
7399,6,sensor_failure,0.05,early,physics_weibull_v5,1,-1,dropout,Mot.PV
7400,6,sensor_failure,0.05,early,physics_weibull_v5,1,-1,flatline,Mot.SV
7401,6,sensor_failure,0.9215,advanced,physics_weibull_v5,0,-1,spike,Pmp.SV
7402,6,sensor_failure,0.05,early,physics_weibull_v5,2,-1,drift,Mot.TV
7403,6,sensor_failure,0.6267,developing,physics_weibull_v5,0,-1,dropout,Pmp.PV
7404,6,sensor_failure,0.05,early,physics_weibull_v5,0,-1,flatline,Temp.SV
7405,6,sensor_failure,0.2017,early,physics_weibull_v5,0,-1,spike,Pres.SV
7406,6,sensor_failure,0.0739,early,physics_weibull_v5,2,-1,drift,Pmp.TV
7407,6,sensor_failure,0.0717,early,physics_weibull_v5,2,-1,dropout,Mot.PV
7408,6,sensor_failure,0.0552,early,physics_weibull_v5,3,-1,flatline,Mot.SV
7409,6,sensor_failure,0.738,advanced,physics_weibull_v5,2,-1,spike,Pmp.SV
7410,6,sensor_failure,0.1098,early,physics_weibull_v5,0,-1,drift,Mot.TV
7411,6,sensor_failure,0.1833,early,physics_weibull_v5,2,-1,dropout,Pmp.PV
7412,6,sensor_failure,0.4196,developing,physics_weibull_v5,2,-1,flatline,Temp.SV
7413,6,sensor_failure,0.6349,developing,physics_weibull_v5,2,-1,spike,Pres.SV
7414,6,sensor_failure,0.05,early,physics_weibull_v5,0,-1,drift,Pmp.TV
7415,6,sensor_failure,0.0734,early,physics_weibull_v5,0,-1,dropout,Mot.PV
7416,6,sensor_failure,0.8516,advanced,physics_weibull_v5,2,-1,flatline,Mot.SV
7417,6,sensor_failure,0.0548,early,physics_weibull_v5,3,-1,spike,Pmp.SV
7418,6,sensor_failure,0.4481,developing,physics_weibull_v5,1,-1,drift,Mot.TV
7419,6,sensor_failure,0.3035,developing,physics_weibull_v5,3,-1,dropout,Pmp.PV
7420,6,sensor_failure,0.2151,early,physics_weibull_v5,3,-1,flatline,Temp.SV
7421,6,sensor_failure,0.8475,advanced,physics_weibull_v5,1,-1,spike,Pres.SV
7422,6,sensor_failure,0.7255,advanced,physics_weibull_v5,2,-1,drift,Pmp.TV
7423,6,sensor_failure,0.05,early,physics_weibull_v5,3,-1,dropout,Mot.PV
7424,6,sensor_failure,0.6879,advanced,physics_weibull_v5,2,-1,flatline,Mot.SV
7425,6,sensor_failure,0.0691,early,physics_weibull_v5,1,-1,spike,Pmp.SV
7426,6,sensor_failure,0.05,early,physics_weibull_v5,3,-1,drift,Mot.TV
7427,6,sensor_failure,0.8142,advanced,physics_weibull_v5,0,-1,dropout,Pmp.PV
7428,6,sensor_failure,0.05,early,physics_weibull_v5,0,-1,flatline,Temp.SV
7429,6,sensor_failure,0.1894,early,physics_weibull_v5,0,-1,spike,Pres.SV
7430,6,sensor_failure,0.7697,advanced,physics_weibull_v5,0,-1,drift,Pmp.TV
7431,6,sensor_failure,0.4726,developing,physics_weibull_v5,0,-1,dropout,Mot.PV
7432,6,sensor_failure,0.3243,developing,physics_weibull_v5,2,-1,flatline,Mot.SV
7433,6,sensor_failure,0.6496,developing,physics_weibull_v5,0,-1,spike,Pmp.SV
7434,6,sensor_failure,0.0594,early,physics_weibull_v5,2,-1,drift,Mot.TV
7435,6,sensor_failure,0.6687,advanced,physics_weibull_v5,0,-1,dropout,Pmp.PV
7436,6,sensor_failure,0.462,developing,physics_weibull_v5,2,-1,flatline,Temp.SV
7437,6,sensor_failure,0.3754,developing,physics_weibull_v5,2,-1,spike,Pres.SV
7438,6,sensor_failure,0.05,early,physics_weibull_v5,2,-1,drift,Pmp.TV
7439,6,sensor_failure,0.7645,advanced,physics_weibull_v5,0,-1,dropout,Mot.PV
7440,6,sensor_failure,0.1398,early,physics_weibull_v5,0,-1,flatline,Mot.SV
7441,6,sensor_failure,0.5896,developing,physics_weibull_v5,3,-1,spike,Pmp.SV
7442,6,sensor_failure,0.3875,developing,physics_weibull_v5,1,-1,drift,Mot.TV
7443,6,sensor_failure,0.2642,early,physics_weibull_v5,0,-1,dropout,Pmp.PV
7444,6,sensor_failure,0.05,early,physics_weibull_v5,2,-1,flatline,Temp.SV
7445,6,sensor_failure,0.1565,early,physics_weibull_v5,3,-1,spike,Pres.SV
7446,6,sensor_failure,0.1337,early,physics_weibull_v5,0,-1,drift,Pmp.TV
7447,6,sensor_failure,0.05,early,physics_weibull_v5,2,-1,dropout,Mot.PV
7448,6,sensor_failure,0.05,early,physics_weibull_v5,0,-1,flatline,Mot.SV
7449,6,sensor_failure,0.0594,early,physics_weibull_v5,1,-1,spike,Pmp.SV
7450,6,sensor_failure,0.4321,developing,physics_weibull_v5,3,-1,drift,Mot.TV
7451,6,sensor_failure,0.3231,developing,physics_weibull_v5,2,-1,dropout,Pmp.PV
7452,6,sensor_failure,0.5473,developing,physics_weibull_v5,0,-1,flatline,Temp.SV
7453,6,sensor_failure,0.4199,developing,physics_weibull_v5,0,-1,spike,Pres.SV
7454,6,sensor_failure,0.8145,advanced,physics_weibull_v5,0,-1,drift,Pmp.TV
7455,6,sensor_failure,0.6314,developing,physics_weibull_v5,3,-1,dropout,Mot.PV
7456,6,sensor_failure,0.7382,advanced,physics_weibull_v5,2,-1,flatline,Mot.SV
7457,6,sensor_failure,0.0802,early,physics_weibull_v5,2,-1,spike,Pmp.SV
7458,6,sensor_failure,0.05,early,physics_weibull_v5,3,-1,drift,Mot.TV
7459,6,sensor_failure,0.5445,developing,physics_weibull_v5,3,-1,dropout,Pmp.PV
7460,6,sensor_failure,0.1906,early,physics_weibull_v5,2,-1,flatline,Temp.SV
7461,6,sensor_failure,0.2577,early,physics_weibull_v5,1,-1,spike,Pres.SV
7462,6,sensor_failure,0.05,early,physics_weibull_v5,0,-1,drift,Pmp.TV
7463,6,sensor_failure,0.05,early,physics_weibull_v5,2,-1,dropout,Mot.PV
7464,6,sensor_failure,0.307,developing,physics_weibull_v5,2,-1,flatline,Mot.SV
7465,6,sensor_failure,0.1548,early,physics_weibull_v5,1,-1,spike,Pmp.SV
7466,6,sensor_failure,0.498,developing,physics_weibull_v5,0,-1,drift,Mot.TV
7467,6,sensor_failure,0.0553,early,physics_weibull_v5,0,-1,dropout,Pmp.PV
7468,6,sensor_failure,0.1382,early,physics_weibull_v5,0,-1,flatline,Temp.SV
7469,6,sensor_failure,0.0768,early,physics_weibull_v5,2,-1,spike,Pres.SV
7470,6,sensor_failure,0.0749,early,physics_weibull_v5,0,-1,drift,Pmp.TV
7471,6,sensor_failure,0.0629,early,physics_weibull_v5,1,-1,dropout,Mot.PV
7472,6,sensor_failure,0.6156,developing,physics_weibull_v5,2,-1,flatline,Mot.SV
7473,6,sensor_failure,0.8152,advanced,physics_weibull_v5,2,-1,spike,Pmp.SV
7474,6,sensor_failure,0.2051,early,physics_weibull_v5,2,-1,drift,Mot.TV
7475,6,sensor_failure,0.1757,early,physics_weibull_v5,3,-1,dropout,Pmp.PV
7476,6,sensor_failure,0.1664,early,physics_weibull_v5,0,-1,flatline,Temp.SV
7477,6,sensor_failure,0.13,early,physics_weibull_v5,3,-1,spike,Pres.SV
7478,6,sensor_failure,0.05,early,physics_weibull_v5,3,-1,drift,Pmp.TV
7479,6,sensor_failure,0.125,early,physics_weibull_v5,2,-1,dropout,Mot.PV
7480,6,sensor_failure,0.05,early,physics_weibull_v5,3,-1,flatline,Mot.SV
7481,6,sensor_failure,0.1893,early,physics_weibull_v5,2,-1,spike,Pmp.SV
7482,6,sensor_failure,0.4592,developing,physics_weibull_v5,3,-1,drift,Mot.TV
7483,6,sensor_failure,0.0935,early,physics_weibull_v5,3,-1,dropout,Pmp.PV
7484,6,sensor_failure,0.5052,developing,physics_weibull_v5,0,-1,flatline,Temp.SV
7485,6,sensor_failure,0.5879,developing,physics_weibull_v5,0,-1,spike,Pres.SV
7486,6,sensor_failure,0.5387,developing,physics_weibull_v5,2,-1,drift,Pmp.TV
7487,6,sensor_failure,0.05,early,physics_weibull_v5,0,-1,dropout,Mot.PV
7488,6,sensor_failure,0.0524,early,physics_weibull_v5,0,-1,flatline,Mot.SV
7489,6,sensor_failure,0.4726,developing,physics_weibull_v5,1,-1,spike,Pmp.SV
7490,6,sensor_failure,0.5169,developing,physics_weibull_v5,1,-1,drift,Mot.TV
7491,6,sensor_failure,0.05,early,physics_weibull_v5,1,-1,dropout,Pmp.PV
7492,6,sensor_failure,0.1571,early,physics_weibull_v5,2,-1,flatline,Temp.SV
7493,6,sensor_failure,0.05,early,physics_weibull_v5,1,-1,spike,Pres.SV
7494,6,sensor_failure,0.05,early,physics_weibull_v5,0,-1,drift,Pmp.TV
7495,6,sensor_failure,0.5065,developing,physics_weibull_v5,2,-1,dropout,Mot.PV
7496,6,sensor_failure,0.1458,early,physics_weibull_v5,2,-1,flatline,Mot.SV
7497,6,sensor_failure,0.05,early,physics_weibull_v5,3,-1,spike,Pmp.SV
7498,6,sensor_failure,0.0851,early,physics_weibull_v5,0,-1,drift,Mot.TV
7499,6,sensor_failure,0.4141,developing,physics_weibull_v5,1,-1,dropout,Pmp.PV
7500,6,sensor_failure,0.0561,early,physics_weibull_v5,0,-1,flatline,Temp.SV
7501,6,sensor_failure,0.05,early,physics_weibull_v5,3,-1,spike,Pres.SV
7502,6,sensor_failure,0.5309,developing,physics_weibull_v5,3,-1,drift,Pmp.TV
7503,6,sensor_failure,0.6797,advanced,physics_weibull_v5,1,-1,dropout,Mot.PV
7504,6,sensor_failure,0.05,early,physics_weibull_v5,0,-1,flatline,Mot.SV
7505,6,sensor_failure,0.1374,early,physics_weibull_v5,3,-1,spike,Pmp.SV
7506,6,sensor_failure,0.1068,early,physics_weibull_v5,1,-1,drift,Mot.TV
7507,6,sensor_failure,0.4649,developing,physics_weibull_v5,0,-1,dropout,Pmp.PV
7508,6,sensor_failure,0.3788,developing,physics_weibull_v5,0,-1,flatline,Temp.SV
7509,6,sensor_failure,0.0782,early,physics_weibull_v5,1,-1,spike,Pres.SV
7510,6,sensor_failure,0.0574,early,physics_weibull_v5,3,-1,drift,Pmp.TV
7511,6,sensor_failure,0.0508,early,physics_weibull_v5,2,-1,dropout,Mot.PV
7512,6,sensor_failure,0.5112,developing,physics_weibull_v5,2,-1,flatline,Mot.SV
7513,6,sensor_failure,0.1919,early,physics_weibull_v5,1,-1,spike,Pmp.SV
7514,6,sensor_failure,0.2635,early,physics_weibull_v5,2,-1,drift,Mot.TV
7515,6,sensor_failure,0.05,early,physics_weibull_v5,0,-1,dropout,Pmp.PV
7516,6,sensor_failure,0.0677,early,physics_weibull_v5,3,-1,flatline,Temp.SV
7517,6,sensor_failure,0.3805,developing,physics_weibull_v5,0,-1,spike,Pres.SV
7518,6,sensor_failure,0.8872,advanced,physics_weibull_v5,3,-1,drift,Pmp.TV
7519,6,sensor_failure,0.7328,advanced,physics_weibull_v5,3,-1,dropout,Mot.PV
7520,6,sensor_failure,0.05,early,physics_weibull_v5,1,-1,flatline,Mot.SV
7521,6,sensor_failure,0.1257,early,physics_weibull_v5,1,-1,spike,Pmp.SV
7522,6,sensor_failure,0.05,early,physics_weibull_v5,0,-1,drift,Mot.TV
7523,6,sensor_failure,0.5082,developing,physics_weibull_v5,1,-1,dropout,Pmp.PV
7524,6,sensor_failure,0.2631,early,physics_weibull_v5,3,-1,flatline,Temp.SV
7525,6,sensor_failure,0.178,early,physics_weibull_v5,2,-1,spike,Pres.SV
7526,6,sensor_failure,0.5158,developing,physics_weibull_v5,0,-1,drift,Pmp.TV
7527,6,sensor_failure,0.5888,developing,physics_weibull_v5,3,-1,dropout,Mot.PV
7528,6,sensor_failure,0.4806,developing,physics_weibull_v5,2,-1,flatline,Mot.SV
7529,6,sensor_failure,0.1551,early,physics_weibull_v5,1,-1,spike,Pmp.SV
7530,6,sensor_failure,0.05,early,physics_weibull_v5,3,-1,drift,Mot.TV
7531,6,sensor_failure,0.05,early,physics_weibull_v5,3,-1,dropout,Pmp.PV
7532,6,sensor_failure,0.3003,developing,physics_weibull_v5,2,-1,flatline,Temp.SV
7533,6,sensor_failure,0.3549,developing,physics_weibull_v5,2,-1,spike,Pres.SV
7534,6,sensor_failure,0.05,early,physics_weibull_v5,3,-1,drift,Pmp.TV
7535,6,sensor_failure,0.3542,developing,physics_weibull_v5,1,-1,dropout,Mot.PV
7536,6,sensor_failure,0.5904,developing,physics_weibull_v5,0,-1,flatline,Mot.SV
7537,6,sensor_failure,0.05,early,physics_weibull_v5,0,-1,spike,Pmp.SV
7538,6,sensor_failure,0.0687,early,physics_weibull_v5,1,-1,drift,Mot.TV
7539,6,sensor_failure,0.05,early,physics_weibull_v5,3,-1,dropout,Pmp.PV
7540,6,sensor_failure,0.5792,developing,physics_weibull_v5,0,-1,flatline,Temp.SV
7541,6,sensor_failure,0.05,early,physics_weibull_v5,3,-1,spike,Pres.SV
7542,6,sensor_failure,0.4825,developing,physics_weibull_v5,1,-1,drift,Pmp.TV
7543,6,sensor_failure,0.2864,early,physics_weibull_v5,1,-1,dropout,Mot.PV
7544,6,sensor_failure,0.089,early,physics_weibull_v5,2,-1,flatline,Mot.SV
7545,6,sensor_failure,0.6004,developing,physics_weibull_v5,2,-1,spike,Pmp.SV
7546,6,sensor_failure,0.5681,developing,physics_weibull_v5,3,-1,drift,Mot.TV
7547,6,sensor_failure,0.0887,early,physics_weibull_v5,0,-1,dropout,Pmp.PV
7548,6,sensor_failure,0.5613,developing,physics_weibull_v5,0,-1,flatline,Temp.SV
7549,6,sensor_failure,0.1074,early,physics_weibull_v5,1,-1,spike,Pres.SV
7550,6,sensor_failure,0.05,early,physics_weibull_v5,2,-1,drift,Pmp.TV
7551,6,sensor_failure,0.2673,early,physics_weibull_v5,1,-1,dropout,Mot.PV
7552,6,sensor_failure,0.05,early,physics_weibull_v5,3,-1,flatline,Mot.SV
7553,6,sensor_failure,0.1709,early,physics_weibull_v5,0,-1,spike,Pmp.SV
7554,6,sensor_failure,0.05,early,physics_weibull_v5,3,-1,drift,Mot.TV
7555,6,sensor_failure,0.5217,developing,physics_weibull_v5,2,-1,dropout,Pmp.PV
7556,6,sensor_failure,0.0696,early,physics_weibull_v5,2,-1,flatline,Temp.SV
7557,6,sensor_failure,0.1741,early,physics_weibull_v5,3,-1,spike,Pres.SV
7558,6,sensor_failure,0.2365,early,physics_weibull_v5,2,-1,drift,Pmp.TV
7559,6,sensor_failure,0.5618,developing,physics_weibull_v5,3,-1,dropout,Mot.PV
7560,6,sensor_failure,0.4436,developing,physics_weibull_v5,2,-1,flatline,Mot.SV
7561,6,sensor_failure,0.1279,early,physics_weibull_v5,2,-1,spike,Pmp.SV
7562,6,sensor_failure,0.5113,developing,physics_weibull_v5,2,-1,drift,Mot.TV
7563,6,sensor_failure,0.1487,early,physics_weibull_v5,1,-1,dropout,Pmp.PV
7564,6,sensor_failure,0.3907,developing,physics_weibull_v5,2,-1,flatline,Temp.SV
7565,6,sensor_failure,0.9841,advanced,physics_weibull_v5,2,-1,spike,Pres.SV
7566,6,sensor_failure,0.4923,developing,physics_weibull_v5,3,-1,drift,Pmp.TV
7567,6,sensor_failure,0.8791,advanced,physics_weibull_v5,3,-1,dropout,Mot.PV
7568,6,sensor_failure,0.239,early,physics_weibull_v5,0,-1,flatline,Mot.SV
7569,6,sensor_failure,0.3375,developing,physics_weibull_v5,0,-1,spike,Pmp.SV
7570,6,sensor_failure,0.9647,advanced,physics_weibull_v5,1,-1,drift,Mot.TV
7571,6,sensor_failure,0.764,advanced,physics_weibull_v5,2,-1,dropout,Pmp.PV
7572,6,sensor_failure,0.05,early,physics_weibull_v5,2,-1,flatline,Temp.SV
7573,6,sensor_failure,0.05,early,physics_weibull_v5,3,-1,spike,Pres.SV
7574,6,sensor_failure,0.1046,early,physics_weibull_v5,1,-1,drift,Pmp.TV
7575,6,sensor_failure,0.05,early,physics_weibull_v5,0,-1,dropout,Mot.PV
7576,6,sensor_failure,0.63,developing,physics_weibull_v5,2,-1,flatline,Mot.SV
7577,6,sensor_failure,0.1589,early,physics_weibull_v5,3,-1,spike,Pmp.SV
7578,6,sensor_failure,0.05,early,physics_weibull_v5,1,-1,drift,Mot.TV
7579,6,sensor_failure,0.1756,early,physics_weibull_v5,1,-1,dropout,Pmp.PV
7580,6,sensor_failure,0.1822,early,physics_weibull_v5,2,-1,flatline,Temp.SV
7581,6,sensor_failure,0.3042,developing,physics_weibull_v5,0,-1,spike,Pres.SV
7582,6,sensor_failure,0.1781,early,physics_weibull_v5,0,-1,drift,Pmp.TV
7583,6,sensor_failure,0.4804,developing,physics_weibull_v5,3,-1,dropout,Mot.PV
7584,6,sensor_failure,0.0835,early,physics_weibull_v5,0,-1,flatline,Mot.SV
7585,6,sensor_failure,0.2582,early,physics_weibull_v5,1,-1,spike,Pmp.SV
7586,6,sensor_failure,0.8549,advanced,physics_weibull_v5,2,-1,drift,Mot.TV
7587,6,sensor_failure,0.7222,advanced,physics_weibull_v5,2,-1,dropout,Pmp.PV
7588,6,sensor_failure,0.05,early,physics_weibull_v5,3,-1,flatline,Temp.SV
7589,6,sensor_failure,0.05,early,physics_weibull_v5,0,-1,spike,Pres.SV
7590,6,sensor_failure,0.0609,early,physics_weibull_v5,0,-1,drift,Pmp.TV
7591,6,sensor_failure,0.3187,developing,physics_weibull_v5,1,-1,dropout,Mot.PV
7592,6,sensor_failure,0.05,early,physics_weibull_v5,1,-1,flatline,Mot.SV
7593,6,sensor_failure,0.8383,advanced,physics_weibull_v5,1,-1,spike,Pmp.SV
7594,6,sensor_failure,0.2311,early,physics_weibull_v5,3,-1,drift,Mot.TV
7595,6,sensor_failure,0.4486,developing,physics_weibull_v5,3,-1,dropout,Pmp.PV
7596,6,sensor_failure,0.2439,early,physics_weibull_v5,3,-1,flatline,Temp.SV
7597,6,sensor_failure,0.65,developing,physics_weibull_v5,1,-1,spike,Pres.SV
7598,6,sensor_failure,0.8527,advanced,physics_weibull_v5,0,-1,drift,Pmp.TV
7599,6,sensor_failure,0.5756,developing,physics_weibull_v5,2,-1,dropout,Mot.PV
7600,6,sensor_failure,0.0832,early,physics_weibull_v5,2,-1,flatline,Mot.SV
7601,6,sensor_failure,0.9495,advanced,physics_weibull_v5,2,-1,spike,Pmp.SV
7602,6,sensor_failure,0.2989,early,physics_weibull_v5,0,-1,drift,Mot.TV
7603,6,sensor_failure,0.2774,early,physics_weibull_v5,3,-1,dropout,Pmp.PV
7604,6,sensor_failure,0.05,early,physics_weibull_v5,0,-1,flatline,Temp.SV
7605,6,sensor_failure,0.29,early,physics_weibull_v5,3,-1,spike,Pres.SV
7606,6,sensor_failure,0.05,early,physics_weibull_v5,1,-1,drift,Pmp.TV
7607,6,sensor_failure,0.05,early,physics_weibull_v5,2,-1,dropout,Mot.PV
7608,6,sensor_failure,0.05,early,physics_weibull_v5,1,-1,flatline,Mot.SV
7609,6,sensor_failure,0.0573,early,physics_weibull_v5,3,-1,spike,Pmp.SV
7610,6,sensor_failure,0.8738,advanced,physics_weibull_v5,1,-1,drift,Mot.TV
7611,6,sensor_failure,0.7757,advanced,physics_weibull_v5,1,-1,dropout,Pmp.PV
7612,6,sensor_failure,0.0524,early,physics_weibull_v5,3,-1,flatline,Temp.SV
7613,6,sensor_failure,0.05,early,physics_weibull_v5,0,-1,spike,Pres.SV
7614,6,sensor_failure,0.05,early,physics_weibull_v5,0,-1,drift,Pmp.TV
7615,6,sensor_failure,0.3504,developing,physics_weibull_v5,2,-1,dropout,Mot.PV
7616,6,sensor_failure,0.05,early,physics_weibull_v5,2,-1,flatline,Mot.SV
7617,6,sensor_failure,0.3203,developing,physics_weibull_v5,1,-1,spike,Pmp.SV
7618,6,sensor_failure,0.05,early,physics_weibull_v5,3,-1,drift,Mot.TV
7619,6,sensor_failure,0.2128,early,physics_weibull_v5,3,-1,dropout,Pmp.PV
7620,6,sensor_failure,0.9339,advanced,physics_weibull_v5,2,-1,flatline,Temp.SV
7621,6,sensor_failure,0.05,early,physics_weibull_v5,1,-1,spike,Pres.SV
7622,6,sensor_failure,0.442,developing,physics_weibull_v5,3,-1,drift,Pmp.TV
7623,6,sensor_failure,0.05,early,physics_weibull_v5,1,-1,dropout,Mot.PV
7624,6,sensor_failure,0.0562,early,physics_weibull_v5,3,-1,flatline,Mot.SV
7625,6,sensor_failure,0.05,early,physics_weibull_v5,3,-1,spike,Pmp.SV
7626,6,sensor_failure,0.2205,early,physics_weibull_v5,2,-1,drift,Mot.TV
7627,6,sensor_failure,0.1064,early,physics_weibull_v5,1,-1,dropout,Pmp.PV
7628,6,sensor_failure,0.0568,early,physics_weibull_v5,3,-1,flatline,Temp.SV
7629,6,sensor_failure,0.44,developing,physics_weibull_v5,3,-1,spike,Pres.SV
7630,6,sensor_failure,0.1313,early,physics_weibull_v5,0,-1,drift,Pmp.TV
7631,6,sensor_failure,0.0697,early,physics_weibull_v5,1,-1,dropout,Mot.PV
7632,6,sensor_failure,0.0585,early,physics_weibull_v5,2,-1,flatline,Mot.SV
7633,6,sensor_failure,0.0607,early,physics_weibull_v5,0,-1,spike,Pmp.SV
7634,6,sensor_failure,0.6404,developing,physics_weibull_v5,0,-1,drift,Mot.TV
7635,6,sensor_failure,0.0583,early,physics_weibull_v5,1,-1,dropout,Pmp.PV
7636,6,sensor_failure,0.1161,early,physics_weibull_v5,2,-1,flatline,Temp.SV
7637,6,sensor_failure,0.05,early,physics_weibull_v5,2,-1,spike,Pres.SV
7638,6,sensor_failure,0.1221,early,physics_weibull_v5,0,-1,drift,Pmp.TV
7639,6,sensor_failure,0.0523,early,physics_weibull_v5,0,-1,dropout,Mot.PV
7640,6,sensor_failure,0.7702,advanced,physics_weibull_v5,0,-1,flatline,Mot.SV
7641,6,sensor_failure,0.05,early,physics_weibull_v5,3,-1,spike,Pmp.SV
7642,6,sensor_failure,0.05,early,physics_weibull_v5,0,-1,drift,Mot.TV
7643,6,sensor_failure,0.2316,early,physics_weibull_v5,1,-1,dropout,Pmp.PV
7644,6,sensor_failure,0.05,early,physics_weibull_v5,3,-1,flatline,Temp.SV
7645,6,sensor_failure,0.2892,early,physics_weibull_v5,1,-1,spike,Pres.SV
7646,6,sensor_failure,0.05,early,physics_weibull_v5,0,-1,drift,Pmp.TV
7647,6,sensor_failure,0.1783,early,physics_weibull_v5,2,-1,dropout,Mot.PV
7648,6,sensor_failure,0.6181,developing,physics_weibull_v5,0,-1,flatline,Mot.SV
7649,6,sensor_failure,0.5196,developing,physics_weibull_v5,2,-1,spike,Pmp.SV
7650,6,sensor_failure,0.6671,advanced,physics_weibull_v5,0,-1,drift,Mot.TV
7651,6,sensor_failure,0.5027,developing,physics_weibull_v5,0,-1,dropout,Pmp.PV
7652,6,sensor_failure,0.05,early,physics_weibull_v5,3,-1,flatline,Temp.SV
7653,6,sensor_failure,0.7338,advanced,physics_weibull_v5,2,-1,spike,Pres.SV
7654,6,sensor_failure,0.6063,developing,physics_weibull_v5,0,-1,drift,Pmp.TV
7655,6,sensor_failure,0.6046,developing,physics_weibull_v5,3,-1,dropout,Mot.PV
7656,6,sensor_failure,0.0841,early,physics_weibull_v5,3,-1,flatline,Mot.SV
7657,6,sensor_failure,0.1199,early,physics_weibull_v5,0,-1,spike,Pmp.SV
7658,6,sensor_failure,0.05,early,physics_weibull_v5,3,-1,drift,Mot.TV
7659,6,sensor_failure,0.1633,early,physics_weibull_v5,0,-1,dropout,Pmp.PV
7660,6,sensor_failure,0.8548,advanced,physics_weibull_v5,2,-1,flatline,Temp.SV
7661,6,sensor_failure,0.7149,advanced,physics_weibull_v5,2,-1,spike,Pres.SV
7662,6,sensor_failure,0.9151,advanced,physics_weibull_v5,1,-1,drift,Pmp.TV
7663,6,sensor_failure,0.05,early,physics_weibull_v5,0,-1,dropout,Mot.PV
7664,6,sensor_failure,0.05,early,physics_weibull_v5,0,-1,flatline,Mot.SV
7665,6,sensor_failure,0.05,early,physics_weibull_v5,1,-1,spike,Pmp.SV
7666,6,sensor_failure,0.2057,early,physics_weibull_v5,0,-1,drift,Mot.TV
7667,6,sensor_failure,0.8326,advanced,physics_weibull_v5,1,-1,dropout,Pmp.PV
7668,6,sensor_failure,0.5722,developing,physics_weibull_v5,0,-1,flatline,Temp.SV
7669,6,sensor_failure,0.8883,advanced,physics_weibull_v5,1,-1,spike,Pres.SV
7670,6,sensor_failure,0.9116,advanced,physics_weibull_v5,0,-1,drift,Pmp.TV
7671,6,sensor_failure,0.2041,early,physics_weibull_v5,0,-1,dropout,Mot.PV
7672,6,sensor_failure,0.05,early,physics_weibull_v5,1,-1,flatline,Mot.SV
7673,6,sensor_failure,0.7518,advanced,physics_weibull_v5,0,-1,spike,Pmp.SV
7674,6,sensor_failure,0.6445,developing,physics_weibull_v5,2,-1,drift,Mot.TV
7675,6,sensor_failure,0.1747,early,physics_weibull_v5,3,-1,dropout,Pmp.PV
7676,6,sensor_failure,0.05,early,physics_weibull_v5,3,-1,flatline,Temp.SV
7677,6,sensor_failure,0.3462,developing,physics_weibull_v5,1,-1,spike,Pres.SV
7678,6,sensor_failure,0.9483,advanced,physics_weibull_v5,1,-1,drift,Pmp.TV
7679,6,sensor_failure,0.897,advanced,physics_weibull_v5,2,-1,dropout,Mot.PV
7680,6,sensor_failure,0.8816,advanced,physics_weibull_v5,0,-1,flatline,Mot.SV
7681,6,sensor_failure,0.5479,developing,physics_weibull_v5,2,-1,spike,Pmp.SV
7682,6,sensor_failure,0.5988,developing,physics_weibull_v5,3,-1,drift,Mot.TV
7683,6,sensor_failure,0.947,advanced,physics_weibull_v5,2,-1,dropout,Pmp.PV
7684,6,sensor_failure,0.2276,early,physics_weibull_v5,1,-1,flatline,Temp.SV
7685,6,sensor_failure,0.1514,early,physics_weibull_v5,3,-1,spike,Pres.SV
7686,6,sensor_failure,0.063,early,physics_weibull_v5,3,-1,drift,Pmp.TV
7687,6,sensor_failure,0.4259,developing,physics_weibull_v5,3,-1,dropout,Mot.PV
7688,6,sensor_failure,0.6815,advanced,physics_weibull_v5,0,-1,flatline,Mot.SV
7689,6,sensor_failure,0.2645,early,physics_weibull_v5,2,-1,spike,Pmp.SV
7690,6,sensor_failure,0.6093,developing,physics_weibull_v5,3,-1,drift,Mot.TV
7691,6,sensor_failure,0.0564,early,physics_weibull_v5,3,-1,dropout,Pmp.PV
7692,6,sensor_failure,0.2816,early,physics_weibull_v5,2,-1,flatline,Temp.SV
7693,6,sensor_failure,0.1058,early,physics_weibull_v5,3,-1,spike,Pres.SV
7694,6,sensor_failure,0.0555,early,physics_weibull_v5,3,-1,drift,Pmp.TV
7695,6,sensor_failure,0.3368,developing,physics_weibull_v5,2,-1,dropout,Mot.PV
7696,6,sensor_failure,0.05,early,physics_weibull_v5,1,-1,flatline,Mot.SV
7697,6,sensor_failure,0.0834,early,physics_weibull_v5,0,-1,spike,Pmp.SV
7698,6,sensor_failure,0.6964,advanced,physics_weibull_v5,2,-1,drift,Mot.TV
7699,6,sensor_failure,0.6341,developing,physics_weibull_v5,3,-1,dropout,Pmp.PV
7700,6,sensor_failure,0.1448,early,physics_weibull_v5,0,-1,flatline,Temp.SV
7701,6,sensor_failure,0.05,early,physics_weibull_v5,1,-1,spike,Pres.SV
7702,6,sensor_failure,0.403,developing,physics_weibull_v5,1,-1,drift,Pmp.TV
7703,6,sensor_failure,0.1093,early,physics_weibull_v5,2,-1,dropout,Mot.PV
7704,6,sensor_failure,0.064,early,physics_weibull_v5,1,-1,flatline,Mot.SV
7705,6,sensor_failure,0.7625,advanced,physics_weibull_v5,3,-1,spike,Pmp.SV
7706,6,sensor_failure,0.05,early,physics_weibull_v5,3,-1,drift,Mot.TV
7707,6,sensor_failure,0.1176,early,physics_weibull_v5,0,-1,dropout,Pmp.PV
7708,6,sensor_failure,0.152,early,physics_weibull_v5,0,-1,flatline,Temp.SV
7709,6,sensor_failure,0.1405,early,physics_weibull_v5,2,-1,spike,Pres.SV
7710,6,sensor_failure,0.05,early,physics_weibull_v5,0,-1,drift,Pmp.TV
7711,6,sensor_failure,0.1906,early,physics_weibull_v5,3,-1,dropout,Mot.PV
7712,6,sensor_failure,0.4795,developing,physics_weibull_v5,0,-1,flatline,Mot.SV
7713,6,sensor_failure,0.05,early,physics_weibull_v5,1,-1,spike,Pmp.SV
7714,6,sensor_failure,0.05,early,physics_weibull_v5,3,-1,drift,Mot.TV
7715,6,sensor_failure,0.2543,early,physics_weibull_v5,1,-1,dropout,Pmp.PV
7716,6,sensor_failure,0.3388,developing,physics_weibull_v5,0,-1,flatline,Temp.SV
7717,6,sensor_failure,0.1323,early,physics_weibull_v5,2,-1,spike,Pres.SV
7718,6,sensor_failure,0.6067,developing,physics_weibull_v5,0,-1,drift,Pmp.TV
7719,6,sensor_failure,0.5128,developing,physics_weibull_v5,0,-1,dropout,Mot.PV
7720,6,sensor_failure,0.05,early,physics_weibull_v5,0,-1,flatline,Mot.SV
7721,6,sensor_failure,0.3926,developing,physics_weibull_v5,1,-1,spike,Pmp.SV
7722,6,sensor_failure,0.7525,advanced,physics_weibull_v5,1,-1,drift,Mot.TV
7723,6,sensor_failure,0.1124,early,physics_weibull_v5,3,-1,dropout,Pmp.PV
7724,6,sensor_failure,0.8149,advanced,physics_weibull_v5,2,-1,flatline,Temp.SV
7725,6,sensor_failure,0.0756,early,physics_weibull_v5,2,-1,spike,Pres.SV
7726,6,sensor_failure,0.05,early,physics_weibull_v5,1,-1,drift,Pmp.TV
7727,6,sensor_failure,0.9139,advanced,physics_weibull_v5,0,-1,dropout,Mot.PV
7728,6,sensor_failure,0.0563,early,physics_weibull_v5,2,-1,flatline,Mot.SV
7729,6,sensor_failure,0.4608,developing,physics_weibull_v5,0,-1,spike,Pmp.SV
7730,6,sensor_failure,0.6722,advanced,physics_weibull_v5,3,-1,drift,Mot.TV
7731,6,sensor_failure,0.4068,developing,physics_weibull_v5,2,-1,dropout,Pmp.PV
7732,6,sensor_failure,0.05,early,physics_weibull_v5,0,-1,flatline,Temp.SV
7733,6,sensor_failure,0.1747,early,physics_weibull_v5,0,-1,spike,Pres.SV
7734,6,sensor_failure,0.4833,developing,physics_weibull_v5,0,-1,drift,Pmp.TV
7735,6,sensor_failure,0.0515,early,physics_weibull_v5,2,-1,dropout,Mot.PV
7736,6,sensor_failure,0.1549,early,physics_weibull_v5,0,-1,flatline,Mot.SV
7737,6,sensor_failure,0.0615,early,physics_weibull_v5,3,-1,spike,Pmp.SV
7738,6,sensor_failure,0.05,early,physics_weibull_v5,0,-1,drift,Mot.TV
7739,6,sensor_failure,0.1044,early,physics_weibull_v5,2,-1,dropout,Pmp.PV
7740,6,sensor_failure,0.226,early,physics_weibull_v5,0,-1,flatline,Temp.SV
7741,6,sensor_failure,0.05,early,physics_weibull_v5,3,-1,spike,Pres.SV
7742,6,sensor_failure,0.05,early,physics_weibull_v5,1,-1,drift,Pmp.TV
7743,6,sensor_failure,0.2328,early,physics_weibull_v5,0,-1,dropout,Mot.PV
7744,6,sensor_failure,0.604,developing,physics_weibull_v5,2,-1,flatline,Mot.SV
7745,6,sensor_failure,0.1445,early,physics_weibull_v5,3,-1,spike,Pmp.SV
7746,6,sensor_failure,0.0968,early,physics_weibull_v5,3,-1,drift,Mot.TV
7747,6,sensor_failure,0.6426,developing,physics_weibull_v5,1,-1,dropout,Pmp.PV
7748,6,sensor_failure,0.1287,early,physics_weibull_v5,1,-1,flatline,Temp.SV
7749,6,sensor_failure,0.1366,early,physics_weibull_v5,2,-1,spike,Pres.SV
7750,6,sensor_failure,0.1581,early,physics_weibull_v5,0,-1,drift,Pmp.TV
7751,6,sensor_failure,0.4785,developing,physics_weibull_v5,2,-1,dropout,Mot.PV
7752,6,sensor_failure,0.1724,early,physics_weibull_v5,3,-1,flatline,Mot.SV
7753,6,sensor_failure,0.5641,developing,physics_weibull_v5,0,-1,spike,Pmp.SV
7754,6,sensor_failure,0.05,early,physics_weibull_v5,3,-1,drift,Mot.TV
7755,6,sensor_failure,0.0687,early,physics_weibull_v5,2,-1,dropout,Pmp.PV
7756,6,sensor_failure,0.1673,early,physics_weibull_v5,3,-1,flatline,Temp.SV
7757,6,sensor_failure,0.1164,early,physics_weibull_v5,2,-1,spike,Pres.SV
7758,6,sensor_failure,0.05,early,physics_weibull_v5,1,-1,drift,Pmp.TV
7759,6,sensor_failure,0.5916,developing,physics_weibull_v5,3,-1,dropout,Mot.PV
7760,6,sensor_failure,0.2873,early,physics_weibull_v5,0,-1,flatline,Mot.SV
7761,6,sensor_failure,0.4013,developing,physics_weibull_v5,2,-1,spike,Pmp.SV
7762,6,sensor_failure,0.2838,early,physics_weibull_v5,1,-1,drift,Mot.TV
7763,6,sensor_failure,0.4023,developing,physics_weibull_v5,3,-1,dropout,Pmp.PV
7764,6,sensor_failure,0.3154,developing,physics_weibull_v5,0,-1,flatline,Temp.SV
7765,6,sensor_failure,0.6426,developing,physics_weibull_v5,0,-1,spike,Pres.SV
7766,6,sensor_failure,0.1654,early,physics_weibull_v5,0,-1,drift,Pmp.TV
7767,6,sensor_failure,0.05,early,physics_weibull_v5,2,-1,dropout,Mot.PV
7768,6,sensor_failure,0.05,early,physics_weibull_v5,2,-1,flatline,Mot.SV
7769,6,sensor_failure,0.1266,early,physics_weibull_v5,0,-1,spike,Pmp.SV
7770,6,sensor_failure,0.0712,early,physics_weibull_v5,3,-1,drift,Mot.TV
7771,6,sensor_failure,0.5426,developing,physics_weibull_v5,1,-1,dropout,Pmp.PV
7772,6,sensor_failure,0.2724,early,physics_weibull_v5,0,-1,flatline,Temp.SV
7773,6,sensor_failure,0.05,early,physics_weibull_v5,1,-1,spike,Pres.SV
7774,6,sensor_failure,0.4578,developing,physics_weibull_v5,3,-1,drift,Pmp.TV
7775,6,sensor_failure,0.3592,developing,physics_weibull_v5,3,-1,dropout,Mot.PV
7776,6,sensor_failure,0.2617,early,physics_weibull_v5,3,-1,flatline,Mot.SV
7777,6,sensor_failure,0.5491,developing,physics_weibull_v5,3,-1,spike,Pmp.SV
7778,6,sensor_failure,0.05,early,physics_weibull_v5,1,-1,drift,Mot.TV
7779,6,sensor_failure,0.05,early,physics_weibull_v5,0,-1,dropout,Pmp.PV
7780,6,sensor_failure,0.05,early,physics_weibull_v5,0,-1,flatline,Temp.SV
7781,6,sensor_failure,0.858,advanced,physics_weibull_v5,1,-1,spike,Pres.SV
7782,6,sensor_failure,0.1079,early,physics_weibull_v5,3,-1,drift,Pmp.TV
7783,6,sensor_failure,0.6716,advanced,physics_weibull_v5,0,-1,dropout,Mot.PV
7784,6,sensor_failure,0.3634,developing,physics_weibull_v5,2,-1,flatline,Mot.SV
7785,6,sensor_failure,0.3973,developing,physics_weibull_v5,3,-1,spike,Pmp.SV
7786,6,sensor_failure,0.0927,early,physics_weibull_v5,0,-1,drift,Mot.TV
7787,6,sensor_failure,0.1505,early,physics_weibull_v5,0,-1,dropout,Pmp.PV
7788,6,sensor_failure,0.1084,early,physics_weibull_v5,0,-1,flatline,Temp.SV
7789,6,sensor_failure,0.226,early,physics_weibull_v5,2,-1,spike,Pres.SV
7790,6,sensor_failure,0.2927,early,physics_weibull_v5,0,-1,drift,Pmp.TV
7791,6,sensor_failure,0.05,early,physics_weibull_v5,0,-1,dropout,Mot.PV
7792,6,sensor_failure,0.2307,early,physics_weibull_v5,3,-1,flatline,Mot.SV
7793,6,sensor_failure,0.1228,early,physics_weibull_v5,3,-1,spike,Pmp.SV
7794,6,sensor_failure,0.0834,early,physics_weibull_v5,1,-1,drift,Mot.TV
7795,6,sensor_failure,0.05,early,physics_weibull_v5,2,-1,dropout,Pmp.PV
7796,6,sensor_failure,0.1551,early,physics_weibull_v5,2,-1,flatline,Temp.SV
7797,6,sensor_failure,0.0954,early,physics_weibull_v5,2,-1,spike,Pres.SV
7798,6,sensor_failure,0.9212,advanced,physics_weibull_v5,0,-1,drift,Pmp.TV
7799,6,sensor_failure,0.2254,early,physics_weibull_v5,2,-1,dropout,Mot.PV
7800,6,sensor_failure,0.7956,advanced,physics_weibull_v5,0,-1,flatline,Mot.SV
7801,6,sensor_failure,0.0623,early,physics_weibull_v5,1,-1,spike,Pmp.SV
7802,6,sensor_failure,0.5284,developing,physics_weibull_v5,2,-1,drift,Mot.TV
7803,6,sensor_failure,0.6557,advanced,physics_weibull_v5,2,-1,dropout,Pmp.PV
7804,6,sensor_failure,0.05,early,physics_weibull_v5,2,-1,flatline,Temp.SV
7805,6,sensor_failure,0.9848,advanced,physics_weibull_v5,1,-1,spike,Pres.SV
7806,6,sensor_failure,0.05,early,physics_weibull_v5,3,-1,drift,Pmp.TV
7807,6,sensor_failure,0.9136,advanced,physics_weibull_v5,0,-1,dropout,Mot.PV
7808,6,sensor_failure,0.9365,advanced,physics_weibull_v5,0,-1,flatline,Mot.SV
7809,6,sensor_failure,0.3964,developing,physics_weibull_v5,2,-1,spike,Pmp.SV
7810,6,sensor_failure,0.3069,developing,physics_weibull_v5,2,-1,drift,Mot.TV
7811,6,sensor_failure,0.05,early,physics_weibull_v5,1,-1,dropout,Pmp.PV
7812,6,sensor_failure,0.05,early,physics_weibull_v5,3,-1,flatline,Temp.SV
7813,6,sensor_failure,0.3929,developing,physics_weibull_v5,2,-1,spike,Pres.SV
7814,6,sensor_failure,0.6414,developing,physics_weibull_v5,1,-1,drift,Pmp.TV
7815,6,sensor_failure,0.05,early,physics_weibull_v5,0,-1,dropout,Mot.PV
7816,6,sensor_failure,0.05,early,physics_weibull_v5,1,-1,flatline,Mot.SV
7817,6,sensor_failure,0.4358,developing,physics_weibull_v5,1,-1,spike,Pmp.SV
7818,6,sensor_failure,0.0757,early,physics_weibull_v5,1,-1,drift,Mot.TV
7819,6,sensor_failure,0.1486,early,physics_weibull_v5,2,-1,dropout,Pmp.PV
7820,6,sensor_failure,0.05,early,physics_weibull_v5,2,-1,flatline,Temp.SV
7821,6,sensor_failure,0.5348,developing,physics_weibull_v5,0,-1,spike,Pres.SV
7822,6,sensor_failure,0.0699,early,physics_weibull_v5,2,-1,drift,Pmp.TV
7823,6,sensor_failure,0.1172,early,physics_weibull_v5,2,-1,dropout,Mot.PV
7824,6,sensor_failure,0.4494,developing,physics_weibull_v5,0,-1,flatline,Mot.SV
7825,6,sensor_failure,0.3663,developing,physics_weibull_v5,2,-1,spike,Pmp.SV
7826,6,sensor_failure,0.1459,early,physics_weibull_v5,1,-1,drift,Mot.TV
7827,6,sensor_failure,0.2198,early,physics_weibull_v5,3,-1,dropout,Pmp.PV
7828,6,sensor_failure,0.1218,early,physics_weibull_v5,3,-1,flatline,Temp.SV
7829,6,sensor_failure,0.05,early,physics_weibull_v5,3,-1,spike,Pres.SV
7830,6,sensor_failure,0.3709,developing,physics_weibull_v5,0,-1,drift,Pmp.TV
7831,6,sensor_failure,0.1192,early,physics_weibull_v5,0,-1,dropout,Mot.PV
7832,6,sensor_failure,0.3603,developing,physics_weibull_v5,0,-1,flatline,Mot.SV
7833,6,sensor_failure,0.9796,advanced,physics_weibull_v5,1,-1,spike,Pmp.SV
7834,6,sensor_failure,0.4086,developing,physics_weibull_v5,1,-1,drift,Mot.TV
7835,6,sensor_failure,0.7959,advanced,physics_weibull_v5,1,-1,dropout,Pmp.PV
7836,6,sensor_failure,0.0562,early,physics_weibull_v5,3,-1,flatline,Temp.SV
7837,6,sensor_failure,0.05,early,physics_weibull_v5,2,-1,spike,Pres.SV
7838,6,sensor_failure,0.223,early,physics_weibull_v5,2,-1,drift,Pmp.TV
7839,6,sensor_failure,0.477,developing,physics_weibull_v5,3,-1,dropout,Mot.PV
7840,6,sensor_failure,0.3794,developing,physics_weibull_v5,2,-1,flatline,Mot.SV
7841,6,sensor_failure,0.2794,early,physics_weibull_v5,1,-1,spike,Pmp.SV
7842,6,sensor_failure,0.6391,developing,physics_weibull_v5,3,-1,drift,Mot.TV
7843,6,sensor_failure,0.6204,developing,physics_weibull_v5,0,-1,dropout,Pmp.PV
7844,6,sensor_failure,0.05,early,physics_weibull_v5,1,-1,flatline,Temp.SV
7845,6,sensor_failure,0.0501,early,physics_weibull_v5,2,-1,spike,Pres.SV
7846,6,sensor_failure,0.6595,advanced,physics_weibull_v5,3,-1,drift,Pmp.TV
7847,6,sensor_failure,0.1642,early,physics_weibull_v5,1,-1,dropout,Mot.PV
7848,6,sensor_failure,0.05,early,physics_weibull_v5,2,-1,flatline,Mot.SV
7849,6,sensor_failure,0.05,early,physics_weibull_v5,1,-1,spike,Pmp.SV
7850,6,sensor_failure,0.05,early,physics_weibull_v5,3,-1,drift,Mot.TV
7851,6,sensor_failure,0.05,early,physics_weibull_v5,0,-1,dropout,Pmp.PV
7852,6,sensor_failure,0.8033,advanced,physics_weibull_v5,2,-1,flatline,Temp.SV
7853,6,sensor_failure,0.9307,advanced,physics_weibull_v5,2,-1,spike,Pres.SV
7854,6,sensor_failure,0.8207,advanced,physics_weibull_v5,3,-1,drift,Pmp.TV
7855,6,sensor_failure,0.1295,early,physics_weibull_v5,0,-1,dropout,Mot.PV
7856,6,sensor_failure,0.496,developing,physics_weibull_v5,2,-1,flatline,Mot.SV
7857,6,sensor_failure,0.7776,advanced,physics_weibull_v5,3,-1,spike,Pmp.SV
7858,6,sensor_failure,0.485,developing,physics_weibull_v5,2,-1,drift,Mot.TV
7859,6,sensor_failure,0.2251,early,physics_weibull_v5,2,-1,dropout,Pmp.PV
7860,6,sensor_failure,0.4207,developing,physics_weibull_v5,0,-1,flatline,Temp.SV
7861,6,sensor_failure,0.05,early,physics_weibull_v5,0,-1,spike,Pres.SV
7862,6,sensor_failure,0.1606,early,physics_weibull_v5,1,-1,drift,Pmp.TV
7863,6,sensor_failure,0.3582,developing,physics_weibull_v5,3,-1,dropout,Mot.PV
7864,6,sensor_failure,0.05,early,physics_weibull_v5,2,-1,flatline,Mot.SV
7865,6,sensor_failure,0.0747,early,physics_weibull_v5,2,-1,spike,Pmp.SV
7866,6,sensor_failure,0.05,early,physics_weibull_v5,3,-1,drift,Mot.TV
7867,6,sensor_failure,0.569,developing,physics_weibull_v5,0,-1,dropout,Pmp.PV
7868,6,sensor_failure,0.7078,advanced,physics_weibull_v5,2,-1,flatline,Temp.SV
7869,6,sensor_failure,0.7496,advanced,physics_weibull_v5,0,-1,spike,Pres.SV
7870,6,sensor_failure,0.0524,early,physics_weibull_v5,3,-1,drift,Pmp.TV
7871,6,sensor_failure,0.1504,early,physics_weibull_v5,1,-1,dropout,Mot.PV
7872,6,sensor_failure,0.05,early,physics_weibull_v5,3,-1,flatline,Mot.SV
7873,6,sensor_failure,0.9945,advanced,physics_weibull_v5,0,-1,spike,Pmp.SV
7874,6,sensor_failure,0.05,early,physics_weibull_v5,0,-1,drift,Mot.TV
7875,6,sensor_failure,0.9922,advanced,physics_weibull_v5,0,-1,dropout,Pmp.PV
7876,6,sensor_failure,0.1354,early,physics_weibull_v5,0,-1,flatline,Temp.SV
7877,6,sensor_failure,0.2877,early,physics_weibull_v5,2,-1,spike,Pres.SV
7878,6,sensor_failure,0.7456,advanced,physics_weibull_v5,1,-1,drift,Pmp.TV
7879,6,sensor_failure,0.05,early,physics_weibull_v5,0,-1,dropout,Mot.PV
7880,6,sensor_failure,0.9203,advanced,physics_weibull_v5,0,-1,flatline,Mot.SV
7881,6,sensor_failure,0.1503,early,physics_weibull_v5,2,-1,spike,Pmp.SV
7882,6,sensor_failure,0.05,early,physics_weibull_v5,2,-1,drift,Mot.TV
7883,6,sensor_failure,0.05,early,physics_weibull_v5,0,-1,dropout,Pmp.PV
7884,6,sensor_failure,0.5756,developing,physics_weibull_v5,0,-1,flatline,Temp.SV
7885,6,sensor_failure,0.228,early,physics_weibull_v5,3,-1,spike,Pres.SV
7886,6,sensor_failure,0.2256,early,physics_weibull_v5,2,-1,drift,Pmp.TV
7887,6,sensor_failure,0.1538,early,physics_weibull_v5,3,-1,dropout,Mot.PV
7888,6,sensor_failure,0.2012,early,physics_weibull_v5,3,-1,flatline,Mot.SV
7889,6,sensor_failure,0.5557,developing,physics_weibull_v5,2,-1,spike,Pmp.SV
7890,6,sensor_failure,0.9409,advanced,physics_weibull_v5,3,-1,drift,Mot.TV
7891,6,sensor_failure,0.3717,developing,physics_weibull_v5,2,-1,dropout,Pmp.PV
7892,6,sensor_failure,0.0931,early,physics_weibull_v5,2,-1,flatline,Temp.SV
7893,6,sensor_failure,0.05,early,physics_weibull_v5,1,-1,spike,Pres.SV
7894,6,sensor_failure,0.0529,early,physics_weibull_v5,3,-1,drift,Pmp.TV
7895,6,sensor_failure,0.7565,advanced,physics_weibull_v5,1,-1,dropout,Mot.PV
7896,6,sensor_failure,0.05,early,physics_weibull_v5,2,-1,flatline,Mot.SV
7897,6,sensor_failure,0.9725,advanced,physics_weibull_v5,1,-1,spike,Pmp.SV
7898,6,sensor_failure,0.2255,early,physics_weibull_v5,3,-1,drift,Mot.TV
7899,6,sensor_failure,0.05,early,physics_weibull_v5,2,-1,dropout,Pmp.PV
7900,6,sensor_failure,0.098,early,physics_weibull_v5,0,-1,flatline,Temp.SV
7901,6,sensor_failure,0.8975,advanced,physics_weibull_v5,1,-1,spike,Pres.SV
7902,6,sensor_failure,0.7697,advanced,physics_weibull_v5,3,-1,drift,Pmp.TV
7903,6,sensor_failure,0.1011,early,physics_weibull_v5,2,-1,dropout,Mot.PV
7904,6,sensor_failure,0.05,early,physics_weibull_v5,2,-1,flatline,Mot.SV
7905,6,sensor_failure,0.7324,advanced,physics_weibull_v5,3,-1,spike,Pmp.SV
7906,6,sensor_failure,0.3228,developing,physics_weibull_v5,0,-1,drift,Mot.TV
7907,6,sensor_failure,0.1143,early,physics_weibull_v5,0,-1,dropout,Pmp.PV
7908,6,sensor_failure,0.1057,early,physics_weibull_v5,0,-1,flatline,Temp.SV
7909,6,sensor_failure,0.05,early,physics_weibull_v5,0,-1,spike,Pres.SV
7910,6,sensor_failure,0.1592,early,physics_weibull_v5,1,-1,drift,Pmp.TV
7911,6,sensor_failure,0.05,early,physics_weibull_v5,2,-1,dropout,Mot.PV
7912,6,sensor_failure,0.05,early,physics_weibull_v5,1,-1,flatline,Mot.SV
7913,6,sensor_failure,0.05,early,physics_weibull_v5,2,-1,spike,Pmp.SV
7914,6,sensor_failure,0.1562,early,physics_weibull_v5,1,-1,drift,Mot.TV
7915,6,sensor_failure,0.05,early,physics_weibull_v5,3,-1,dropout,Pmp.PV
7916,6,sensor_failure,0.1625,early,physics_weibull_v5,2,-1,flatline,Temp.SV
7917,6,sensor_failure,0.0769,early,physics_weibull_v5,3,-1,spike,Pres.SV
7918,6,sensor_failure,0.88,advanced,physics_weibull_v5,3,-1,drift,Pmp.TV
7919,6,sensor_failure,0.9189,advanced,physics_weibull_v5,1,-1,dropout,Mot.PV
7920,6,sensor_failure,0.1536,early,physics_weibull_v5,1,-1,flatline,Mot.SV
7921,6,sensor_failure,0.6086,developing,physics_weibull_v5,0,-1,spike,Pmp.SV
7922,6,sensor_failure,0.394,developing,physics_weibull_v5,3,-1,drift,Mot.TV
7923,6,sensor_failure,0.6214,developing,physics_weibull_v5,3,-1,dropout,Pmp.PV
7924,6,sensor_failure,0.7753,advanced,physics_weibull_v5,2,-1,flatline,Temp.SV
7925,6,sensor_failure,0.3674,developing,physics_weibull_v5,2,-1,spike,Pres.SV
7926,6,sensor_failure,0.4806,developing,physics_weibull_v5,0,-1,drift,Pmp.TV
7927,6,sensor_failure,0.4025,developing,physics_weibull_v5,2,-1,dropout,Mot.PV
7928,6,sensor_failure,0.0708,early,physics_weibull_v5,0,-1,flatline,Mot.SV
7929,6,sensor_failure,0.8001,advanced,physics_weibull_v5,3,-1,spike,Pmp.SV
7930,6,sensor_failure,0.2484,early,physics_weibull_v5,0,-1,drift,Mot.TV
7931,6,sensor_failure,0.05,early,physics_weibull_v5,1,-1,dropout,Pmp.PV
7932,6,sensor_failure,0.5895,developing,physics_weibull_v5,0,-1,flatline,Temp.SV
7933,6,sensor_failure,0.05,early,physics_weibull_v5,2,-1,spike,Pres.SV
7934,6,sensor_failure,0.6987,advanced,physics_weibull_v5,0,-1,drift,Pmp.TV
7935,6,sensor_failure,0.7956,advanced,physics_weibull_v5,3,-1,dropout,Mot.PV
7936,6,sensor_failure,0.2248,early,physics_weibull_v5,0,-1,flatline,Mot.SV
7937,6,sensor_failure,0.833,advanced,physics_weibull_v5,2,-1,spike,Pmp.SV
7938,6,sensor_failure,0.6444,developing,physics_weibull_v5,0,-1,drift,Mot.TV
7939,6,sensor_failure,0.05,early,physics_weibull_v5,2,-1,dropout,Pmp.PV
7940,6,sensor_failure,0.2559,early,physics_weibull_v5,2,-1,flatline,Temp.SV
7941,6,sensor_failure,0.1195,early,physics_weibull_v5,1,-1,spike,Pres.SV
7942,6,sensor_failure,0.0524,early,physics_weibull_v5,2,-1,drift,Pmp.TV
7943,6,sensor_failure,0.8549,advanced,physics_weibull_v5,1,-1,dropout,Mot.PV
7944,6,sensor_failure,0.05,early,physics_weibull_v5,0,-1,flatline,Mot.SV
7945,6,sensor_failure,0.5268,developing,physics_weibull_v5,1,-1,spike,Pmp.SV
7946,6,sensor_failure,0.3951,developing,physics_weibull_v5,3,-1,drift,Mot.TV
7947,6,sensor_failure,0.4953,developing,physics_weibull_v5,2,-1,dropout,Pmp.PV
7948,6,sensor_failure,0.0798,early,physics_weibull_v5,0,-1,flatline,Temp.SV
7949,6,sensor_failure,0.05,early,physics_weibull_v5,2,-1,spike,Pres.SV
7950,6,sensor_failure,0.1731,early,physics_weibull_v5,3,-1,drift,Pmp.TV
7951,6,sensor_failure,0.05,early,physics_weibull_v5,0,-1,dropout,Mot.PV
7952,6,sensor_failure,0.1862,early,physics_weibull_v5,1,-1,flatline,Mot.SV
7953,6,sensor_failure,0.05,early,physics_weibull_v5,2,-1,spike,Pmp.SV
7954,6,sensor_failure,0.5162,developing,physics_weibull_v5,0,-1,drift,Mot.TV
7955,6,sensor_failure,0.3291,developing,physics_weibull_v5,0,-1,dropout,Pmp.PV
7956,6,sensor_failure,0.5486,developing,physics_weibull_v5,2,-1,flatline,Temp.SV
7957,6,sensor_failure,0.05,early,physics_weibull_v5,0,-1,spike,Pres.SV
7958,6,sensor_failure,0.2968,early,physics_weibull_v5,2,-1,drift,Pmp.TV
7959,6,sensor_failure,0.393,developing,physics_weibull_v5,1,-1,dropout,Mot.PV
7960,6,sensor_failure,0.1124,early,physics_weibull_v5,0,-1,flatline,Mot.SV
7961,6,sensor_failure,0.4373,developing,physics_weibull_v5,3,-1,spike,Pmp.SV
7962,6,sensor_failure,0.05,early,physics_weibull_v5,0,-1,drift,Mot.TV
7963,6,sensor_failure,0.066,early,physics_weibull_v5,1,-1,dropout,Pmp.PV
7964,6,sensor_failure,0.05,early,physics_weibull_v5,3,-1,flatline,Temp.SV
7965,6,sensor_failure,0.2464,early,physics_weibull_v5,3,-1,spike,Pres.SV
7966,6,sensor_failure,0.05,early,physics_weibull_v5,0,-1,drift,Pmp.TV
7967,6,sensor_failure,0.7882,advanced,physics_weibull_v5,1,-1,dropout,Mot.PV
7968,6,sensor_failure,0.05,early,physics_weibull_v5,3,-1,flatline,Mot.SV
7969,6,sensor_failure,0.05,early,physics_weibull_v5,3,-1,spike,Pmp.SV
7970,6,sensor_failure,0.05,early,physics_weibull_v5,1,-1,drift,Mot.TV
7971,6,sensor_failure,0.4737,developing,physics_weibull_v5,1,-1,dropout,Pmp.PV
7972,6,sensor_failure,0.1277,early,physics_weibull_v5,2,-1,flatline,Temp.SV
7973,6,sensor_failure,0.05,early,physics_weibull_v5,0,-1,spike,Pres.SV
7974,6,sensor_failure,0.3757,developing,physics_weibull_v5,1,-1,drift,Pmp.TV
7975,6,sensor_failure,0.2544,early,physics_weibull_v5,1,-1,dropout,Mot.PV
7976,6,sensor_failure,0.0756,early,physics_weibull_v5,0,-1,flatline,Mot.SV
7977,6,sensor_failure,0.0709,early,physics_weibull_v5,0,-1,spike,Pmp.SV
7978,6,sensor_failure,0.05,early,physics_weibull_v5,3,-1,drift,Mot.TV
7979,6,sensor_failure,0.1601,early,physics_weibull_v5,2,-1,dropout,Pmp.PV
7980,6,sensor_failure,0.4006,developing,physics_weibull_v5,0,-1,flatline,Temp.SV
7981,6,sensor_failure,0.1535,early,physics_weibull_v5,2,-1,spike,Pres.SV
7982,6,sensor_failure,0.5474,developing,physics_weibull_v5,0,-1,drift,Pmp.TV
7983,6,sensor_failure,0.0794,early,physics_weibull_v5,3,-1,dropout,Mot.PV
7984,6,sensor_failure,0.05,early,physics_weibull_v5,3,-1,flatline,Mot.SV
7985,6,sensor_failure,0.7164,advanced,physics_weibull_v5,2,-1,spike,Pmp.SV
7986,6,sensor_failure,0.05,early,physics_weibull_v5,1,-1,drift,Mot.TV
7987,6,sensor_failure,0.1602,early,physics_weibull_v5,1,-1,dropout,Pmp.PV
7988,6,sensor_failure,0.2248,early,physics_weibull_v5,3,-1,flatline,Temp.SV
7989,6,sensor_failure,0.8309,advanced,physics_weibull_v5,1,-1,spike,Pres.SV
7990,6,sensor_failure,0.05,early,physics_weibull_v5,0,-1,drift,Pmp.TV
7991,6,sensor_failure,0.3408,developing,physics_weibull_v5,3,-1,dropout,Mot.PV
7992,6,sensor_failure,0.4461,developing,physics_weibull_v5,2,-1,flatline,Mot.SV
7993,6,sensor_failure,0.054,early,physics_weibull_v5,0,-1,spike,Pmp.SV
7994,6,sensor_failure,0.05,early,physics_weibull_v5,1,-1,drift,Mot.TV
7995,6,sensor_failure,0.2098,early,physics_weibull_v5,2,-1,dropout,Pmp.PV
7996,6,sensor_failure,0.6483,developing,physics_weibull_v5,2,-1,flatline,Temp.SV
7997,6,sensor_failure,0.0719,early,physics_weibull_v5,0,-1,spike,Pres.SV
7998,6,sensor_failure,0.1597,early,physics_weibull_v5,2,-1,drift,Pmp.TV
7999,6,sensor_failure,0.9969,advanced,physics_weibull_v5,1,-1,dropout,Mot.PV
8000,6,sensor_failure,0.63,developing,physics_weibull_v5,2,-1,flatline,Mot.SV
8001,6,sensor_failure,0.0875,early,physics_weibull_v5,1,-1,spike,Pmp.SV
8002,6,sensor_failure,0.1386,early,physics_weibull_v5,3,-1,drift,Mot.TV
8003,6,sensor_failure,0.05,early,physics_weibull_v5,3,-1,dropout,Pmp.PV
8004,6,sensor_failure,0.05,early,physics_weibull_v5,2,-1,flatline,Temp.SV
8005,6,sensor_failure,0.2014,early,physics_weibull_v5,2,-1,spike,Pres.SV
8006,6,sensor_failure,0.8141,advanced,physics_weibull_v5,1,-1,drift,Pmp.TV
8007,6,sensor_failure,0.061,early,physics_weibull_v5,0,-1,dropout,Mot.PV
8008,6,sensor_failure,0.1108,early,physics_weibull_v5,3,-1,flatline,Mot.SV
8009,6,sensor_failure,0.2243,early,physics_weibull_v5,2,-1,spike,Pmp.SV
8010,6,sensor_failure,0.335,developing,physics_weibull_v5,1,-1,drift,Mot.TV
8011,6,sensor_failure,0.22,early,physics_weibull_v5,0,-1,dropout,Pmp.PV
8012,6,sensor_failure,0.05,early,physics_weibull_v5,0,-1,flatline,Temp.SV
8013,6,sensor_failure,0.1804,early,physics_weibull_v5,2,-1,spike,Pres.SV
8014,6,sensor_failure,0.0682,early,physics_weibull_v5,3,-1,drift,Pmp.TV
8015,6,sensor_failure,0.4212,developing,physics_weibull_v5,1,-1,dropout,Mot.PV
8016,6,sensor_failure,0.05,early,physics_weibull_v5,3,-1,flatline,Mot.SV
8017,6,sensor_failure,0.05,early,physics_weibull_v5,0,-1,spike,Pmp.SV
8018,6,sensor_failure,0.7573,advanced,physics_weibull_v5,3,-1,drift,Mot.TV
8019,6,sensor_failure,0.4552,developing,physics_weibull_v5,3,-1,dropout,Pmp.PV
8020,6,sensor_failure,0.3324,developing,physics_weibull_v5,2,-1,flatline,Temp.SV
8021,6,sensor_failure,0.5855,developing,physics_weibull_v5,2,-1,spike,Pres.SV
8022,6,sensor_failure,0.5756,developing,physics_weibull_v5,2,-1,drift,Pmp.TV
8023,6,sensor_failure,0.3513,developing,physics_weibull_v5,3,-1,dropout,Mot.PV
8024,6,sensor_failure,0.3072,developing,physics_weibull_v5,0,-1,flatline,Mot.SV
8025,6,sensor_failure,0.2617,early,physics_weibull_v5,1,-1,spike,Pmp.SV
8026,6,sensor_failure,0.1087,early,physics_weibull_v5,3,-1,drift,Mot.TV
8027,6,sensor_failure,0.1254,early,physics_weibull_v5,3,-1,dropout,Pmp.PV
8028,6,sensor_failure,0.3071,developing,physics_weibull_v5,0,-1,flatline,Temp.SV
8029,6,sensor_failure,0.7672,advanced,physics_weibull_v5,0,-1,spike,Pres.SV
8030,6,sensor_failure,0.432,developing,physics_weibull_v5,1,-1,drift,Pmp.TV
8031,6,sensor_failure,0.1981,early,physics_weibull_v5,1,-1,dropout,Mot.PV
8032,6,sensor_failure,0.1258,early,physics_weibull_v5,3,-1,flatline,Mot.SV
8033,6,sensor_failure,0.3156,developing,physics_weibull_v5,1,-1,spike,Pmp.SV
8034,6,sensor_failure,0.0701,early,physics_weibull_v5,0,-1,drift,Mot.TV
8035,6,sensor_failure,0.0576,early,physics_weibull_v5,2,-1,dropout,Pmp.PV
8036,6,sensor_failure,0.6846,advanced,physics_weibull_v5,0,-1,flatline,Temp.SV
8037,6,sensor_failure,0.05,early,physics_weibull_v5,2,-1,spike,Pres.SV
8038,6,sensor_failure,0.9331,advanced,physics_weibull_v5,3,-1,drift,Pmp.TV
8039,6,sensor_failure,0.05,early,physics_weibull_v5,0,-1,dropout,Mot.PV
8040,6,sensor_failure,0.6048,developing,physics_weibull_v5,0,-1,flatline,Mot.SV
8041,6,sensor_failure,0.4951,developing,physics_weibull_v5,2,-1,spike,Pmp.SV
8042,6,sensor_failure,0.2011,early,physics_weibull_v5,0,-1,drift,Mot.TV
8043,6,sensor_failure,0.8563,advanced,physics_weibull_v5,2,-1,dropout,Pmp.PV
8044,6,sensor_failure,0.1855,early,physics_weibull_v5,3,-1,flatline,Temp.SV
8045,6,sensor_failure,0.1159,early,physics_weibull_v5,1,-1,spike,Pres.SV
8046,6,sensor_failure,0.1699,early,physics_weibull_v5,0,-1,drift,Pmp.TV
8047,6,sensor_failure,0.9941,advanced,physics_weibull_v5,1,-1,dropout,Mot.PV
8048,6,sensor_failure,0.2437,early,physics_weibull_v5,3,-1,flatline,Mot.SV
8049,6,sensor_failure,0.05,early,physics_weibull_v5,2,-1,spike,Pmp.SV
8050,6,sensor_failure,0.4599,developing,physics_weibull_v5,3,-1,drift,Mot.TV
8051,6,sensor_failure,0.0819,early,physics_weibull_v5,1,-1,dropout,Pmp.PV
8052,6,sensor_failure,0.8177,advanced,physics_weibull_v5,0,-1,flatline,Temp.SV
8053,6,sensor_failure,0.05,early,physics_weibull_v5,2,-1,spike,Pres.SV
8054,6,sensor_failure,0.2307,early,physics_weibull_v5,0,-1,drift,Pmp.TV
8055,6,sensor_failure,0.3465,developing,physics_weibull_v5,3,-1,dropout,Mot.PV
8056,6,sensor_failure,0.945,advanced,physics_weibull_v5,0,-1,flatline,Mot.SV
8057,6,sensor_failure,0.3993,developing,physics_weibull_v5,2,-1,spike,Pmp.SV
8058,6,sensor_failure,0.8539,advanced,physics_weibull_v5,3,-1,drift,Mot.TV
8059,6,sensor_failure,0.3954,developing,physics_weibull_v5,3,-1,dropout,Pmp.PV
8060,6,sensor_failure,0.2964,early,physics_weibull_v5,1,-1,flatline,Temp.SV
8061,6,sensor_failure,0.0841,early,physics_weibull_v5,3,-1,spike,Pres.SV
8062,6,sensor_failure,0.05,early,physics_weibull_v5,3,-1,drift,Pmp.TV
8063,6,sensor_failure,0.7474,advanced,physics_weibull_v5,1,-1,dropout,Mot.PV
8064,6,sensor_failure,0.05,early,physics_weibull_v5,3,-1,flatline,Mot.SV
8065,6,sensor_failure,0.9464,advanced,physics_weibull_v5,2,-1,spike,Pmp.SV
8066,6,sensor_failure,0.1644,early,physics_weibull_v5,3,-1,drift,Mot.TV
8067,6,sensor_failure,0.3519,developing,physics_weibull_v5,3,-1,dropout,Pmp.PV
8068,6,sensor_failure,0.05,early,physics_weibull_v5,0,-1,flatline,Temp.SV
8069,6,sensor_failure,0.2912,early,physics_weibull_v5,3,-1,spike,Pres.SV
8070,6,sensor_failure,0.5868,developing,physics_weibull_v5,2,-1,drift,Pmp.TV
8071,6,sensor_failure,0.5426,developing,physics_weibull_v5,3,-1,dropout,Mot.PV
8072,6,sensor_failure,0.0942,early,physics_weibull_v5,3,-1,flatline,Mot.SV
8073,6,sensor_failure,0.3753,developing,physics_weibull_v5,3,-1,spike,Pmp.SV
8074,6,sensor_failure,0.1765,early,physics_weibull_v5,3,-1,drift,Mot.TV
8075,6,sensor_failure,0.05,early,physics_weibull_v5,2,-1,dropout,Pmp.PV
8076,6,sensor_failure,0.1913,early,physics_weibull_v5,0,-1,flatline,Temp.SV
8077,6,sensor_failure,0.8543,advanced,physics_weibull_v5,1,-1,spike,Pres.SV
8078,6,sensor_failure,0.05,early,physics_weibull_v5,1,-1,drift,Pmp.TV
8079,6,sensor_failure,0.4189,developing,physics_weibull_v5,3,-1,dropout,Mot.PV
8080,6,sensor_failure,0.2673,early,physics_weibull_v5,0,-1,flatline,Mot.SV
8081,6,sensor_failure,0.1123,early,physics_weibull_v5,1,-1,spike,Pmp.SV
8082,6,sensor_failure,0.4412,developing,physics_weibull_v5,0,-1,drift,Mot.TV
8083,6,sensor_failure,0.9302,advanced,physics_weibull_v5,2,-1,dropout,Pmp.PV
8084,6,sensor_failure,0.5673,developing,physics_weibull_v5,2,-1,flatline,Temp.SV
8085,6,sensor_failure,0.0609,early,physics_weibull_v5,3,-1,spike,Pres.SV
8086,6,sensor_failure,0.2628,early,physics_weibull_v5,2,-1,drift,Pmp.TV
8087,6,sensor_failure,0.0883,early,physics_weibull_v5,1,-1,dropout,Mot.PV
8088,6,sensor_failure,0.05,early,physics_weibull_v5,1,-1,flatline,Mot.SV
8089,6,sensor_failure,0.0695,early,physics_weibull_v5,2,-1,spike,Pmp.SV
8090,6,sensor_failure,0.3464,developing,physics_weibull_v5,2,-1,drift,Mot.TV
8091,6,sensor_failure,0.2193,early,physics_weibull_v5,3,-1,dropout,Pmp.PV
8092,6,sensor_failure,0.0687,early,physics_weibull_v5,3,-1,flatline,Temp.SV
8093,6,sensor_failure,0.05,early,physics_weibull_v5,2,-1,spike,Pres.SV
8094,6,sensor_failure,0.4353,developing,physics_weibull_v5,1,-1,drift,Pmp.TV
8095,6,sensor_failure,0.2414,early,physics_weibull_v5,1,-1,dropout,Mot.PV
8096,6,sensor_failure,0.05,early,physics_weibull_v5,1,-1,flatline,Mot.SV
8097,6,sensor_failure,0.05,early,physics_weibull_v5,0,-1,spike,Pmp.SV
8098,6,sensor_failure,0.5734,developing,physics_weibull_v5,1,-1,drift,Mot.TV
8099,6,sensor_failure,0.6532,advanced,physics_weibull_v5,0,-1,dropout,Pmp.PV
8100,6,sensor_failure,0.05,early,physics_weibull_v5,2,-1,flatline,Temp.SV
8101,6,sensor_failure,0.1847,early,physics_weibull_v5,2,-1,spike,Pres.SV
8102,6,sensor_failure,0.0669,early,physics_weibull_v5,2,-1,drift,Pmp.TV
8103,6,sensor_failure,0.05,early,physics_weibull_v5,0,-1,dropout,Mot.PV
8104,6,sensor_failure,0.2391,early,physics_weibull_v5,3,-1,flatline,Mot.SV
8105,6,sensor_failure,0.9188,advanced,physics_weibull_v5,0,-1,spike,Pmp.SV
8106,6,sensor_failure,0.4538,developing,physics_weibull_v5,2,-1,drift,Mot.TV
8107,6,sensor_failure,0.4776,developing,physics_weibull_v5,0,-1,dropout,Pmp.PV
8108,6,sensor_failure,0.05,early,physics_weibull_v5,1,-1,flatline,Temp.SV
8109,6,sensor_failure,0.6033,developing,physics_weibull_v5,0,-1,spike,Pres.SV
8110,6,sensor_failure,0.4928,developing,physics_weibull_v5,0,-1,drift,Pmp.TV
8111,6,sensor_failure,0.5229,developing,physics_weibull_v5,1,-1,dropout,Mot.PV
8112,6,sensor_failure,0.6009,developing,physics_weibull_v5,0,-1,flatline,Mot.SV
8113,6,sensor_failure,0.9141,advanced,physics_weibull_v5,0,-1,spike,Pmp.SV
8114,6,sensor_failure,0.9407,advanced,physics_weibull_v5,1,-1,drift,Mot.TV
8115,6,sensor_failure,0.5591,developing,physics_weibull_v5,3,-1,dropout,Pmp.PV
8116,6,sensor_failure,0.1075,early,physics_weibull_v5,3,-1,flatline,Temp.SV
8117,6,sensor_failure,0.1713,early,physics_weibull_v5,3,-1,spike,Pres.SV
8118,6,sensor_failure,0.05,early,physics_weibull_v5,1,-1,drift,Pmp.TV
8119,6,sensor_failure,0.5574,developing,physics_weibull_v5,2,-1,dropout,Mot.PV
8120,6,sensor_failure,0.05,early,physics_weibull_v5,3,-1,flatline,Mot.SV
8121,6,sensor_failure,0.3768,developing,physics_weibull_v5,1,-1,spike,Pmp.SV
8122,6,sensor_failure,0.5772,developing,physics_weibull_v5,1,-1,drift,Mot.TV
8123,6,sensor_failure,0.4347,developing,physics_weibull_v5,1,-1,dropout,Pmp.PV
8124,6,sensor_failure,0.05,early,physics_weibull_v5,1,-1,flatline,Temp.SV
8125,6,sensor_failure,0.2047,early,physics_weibull_v5,3,-1,spike,Pres.SV
8126,6,sensor_failure,0.4546,developing,physics_weibull_v5,2,-1,drift,Pmp.TV
8127,6,sensor_failure,0.1486,early,physics_weibull_v5,0,-1,dropout,Mot.PV
8128,6,sensor_failure,0.8133,advanced,physics_weibull_v5,0,-1,flatline,Mot.SV
8129,6,sensor_failure,0.8615,advanced,physics_weibull_v5,3,-1,spike,Pmp.SV
8130,6,sensor_failure,0.3801,developing,physics_weibull_v5,1,-1,drift,Mot.TV
8131,6,sensor_failure,0.05,early,physics_weibull_v5,1,-1,dropout,Pmp.PV
8132,6,sensor_failure,0.1288,early,physics_weibull_v5,1,-1,flatline,Temp.SV
8133,6,sensor_failure,0.05,early,physics_weibull_v5,2,-1,spike,Pres.SV
8134,6,sensor_failure,0.1247,early,physics_weibull_v5,3,-1,drift,Pmp.TV
8135,6,sensor_failure,0.9907,advanced,physics_weibull_v5,2,-1,dropout,Mot.PV
8136,6,sensor_failure,0.0686,early,physics_weibull_v5,2,-1,flatline,Mot.SV
8137,6,sensor_failure,0.2431,early,physics_weibull_v5,0,-1,spike,Pmp.SV
8138,6,sensor_failure,0.0634,early,physics_weibull_v5,0,-1,drift,Mot.TV
8139,6,sensor_failure,0.05,early,physics_weibull_v5,3,-1,dropout,Pmp.PV
8140,6,sensor_failure,0.4662,developing,physics_weibull_v5,2,-1,flatline,Temp.SV
8141,6,sensor_failure,0.1075,early,physics_weibull_v5,3,-1,spike,Pres.SV
8142,6,sensor_failure,0.5573,developing,physics_weibull_v5,3,-1,drift,Pmp.TV
8143,6,sensor_failure,0.05,early,physics_weibull_v5,0,-1,dropout,Mot.PV
8144,6,sensor_failure,0.05,early,physics_weibull_v5,0,-1,flatline,Mot.SV
8145,6,sensor_failure,0.5128,developing,physics_weibull_v5,1,-1,spike,Pmp.SV
8146,6,sensor_failure,0.05,early,physics_weibull_v5,1,-1,drift,Mot.TV
8147,6,sensor_failure,0.4443,developing,physics_weibull_v5,1,-1,dropout,Pmp.PV
8148,6,sensor_failure,0.5176,developing,physics_weibull_v5,1,-1,flatline,Temp.SV
8149,6,sensor_failure,0.1586,early,physics_weibull_v5,1,-1,spike,Pres.SV
8150,6,sensor_failure,0.852,advanced,physics_weibull_v5,0,-1,drift,Pmp.TV
8151,6,sensor_failure,0.1403,early,physics_weibull_v5,0,-1,dropout,Mot.PV
8152,6,sensor_failure,0.0929,early,physics_weibull_v5,3,-1,flatline,Mot.SV
8153,6,sensor_failure,0.05,early,physics_weibull_v5,1,-1,spike,Pmp.SV
8154,6,sensor_failure,0.8493,advanced,physics_weibull_v5,3,-1,drift,Mot.TV
8155,6,sensor_failure,0.1175,early,physics_weibull_v5,3,-1,dropout,Pmp.PV
8156,6,sensor_failure,0.05,early,physics_weibull_v5,0,-1,flatline,Temp.SV
8157,6,sensor_failure,0.05,early,physics_weibull_v5,1,-1,spike,Pres.SV
8158,6,sensor_failure,0.05,early,physics_weibull_v5,2,-1,drift,Pmp.TV
8159,6,sensor_failure,0.0838,early,physics_weibull_v5,3,-1,dropout,Mot.PV
8160,6,sensor_failure,0.4858,developing,physics_weibull_v5,2,-1,flatline,Mot.SV
8161,6,sensor_failure,0.2453,early,physics_weibull_v5,2,-1,spike,Pmp.SV
8162,6,sensor_failure,0.4471,developing,physics_weibull_v5,1,-1,drift,Mot.TV
8163,6,sensor_failure,0.5918,developing,physics_weibull_v5,1,-1,dropout,Pmp.PV
8164,6,sensor_failure,0.4973,developing,physics_weibull_v5,2,-1,flatline,Temp.SV
8165,6,sensor_failure,0.8974,advanced,physics_weibull_v5,1,-1,spike,Pres.SV
8166,6,sensor_failure,0.7089,advanced,physics_weibull_v5,0,-1,drift,Pmp.TV
8167,6,sensor_failure,0.4216,developing,physics_weibull_v5,2,-1,dropout,Mot.PV
8168,6,sensor_failure,0.0753,early,physics_weibull_v5,1,-1,flatline,Mot.SV
8169,6,sensor_failure,0.9956,advanced,physics_weibull_v5,0,-1,spike,Pmp.SV
8170,6,sensor_failure,0.0729,early,physics_weibull_v5,3,-1,drift,Mot.TV
8171,6,sensor_failure,0.168,early,physics_weibull_v5,0,-1,dropout,Pmp.PV
8172,6,sensor_failure,0.1333,early,physics_weibull_v5,3,-1,flatline,Temp.SV
8173,6,sensor_failure,0.1089,early,physics_weibull_v5,2,-1,spike,Pres.SV
8174,6,sensor_failure,0.05,early,physics_weibull_v5,2,-1,drift,Pmp.TV
8175,6,sensor_failure,0.5746,developing,physics_weibull_v5,1,-1,dropout,Mot.PV
8176,6,sensor_failure,0.05,early,physics_weibull_v5,3,-1,flatline,Mot.SV
8177,6,sensor_failure,0.7705,advanced,physics_weibull_v5,1,-1,spike,Pmp.SV
8178,6,sensor_failure,0.4719,developing,physics_weibull_v5,1,-1,drift,Mot.TV
8179,6,sensor_failure,0.0993,early,physics_weibull_v5,1,-1,dropout,Pmp.PV
8180,6,sensor_failure,0.2269,early,physics_weibull_v5,3,-1,flatline,Temp.SV
8181,6,sensor_failure,0.1608,early,physics_weibull_v5,0,-1,spike,Pres.SV
8182,6,sensor_failure,0.3924,developing,physics_weibull_v5,3,-1,drift,Pmp.TV
8183,6,sensor_failure,0.1039,early,physics_weibull_v5,2,-1,dropout,Mot.PV
8184,6,sensor_failure,0.0756,early,physics_weibull_v5,3,-1,flatline,Mot.SV
8185,6,sensor_failure,0.5841,developing,physics_weibull_v5,0,-1,spike,Pmp.SV
8186,6,sensor_failure,0.1582,early,physics_weibull_v5,3,-1,drift,Mot.TV
8187,6,sensor_failure,0.0548,early,physics_weibull_v5,0,-1,dropout,Pmp.PV
8188,6,sensor_failure,0.05,early,physics_weibull_v5,1,-1,flatline,Temp.SV
8189,6,sensor_failure,0.2827,early,physics_weibull_v5,0,-1,spike,Pres.SV
8190,6,sensor_failure,0.6147,developing,physics_weibull_v5,1,-1,drift,Pmp.TV
8191,6,sensor_failure,0.8688,advanced,physics_weibull_v5,3,-1,dropout,Mot.PV
8192,6,sensor_failure,0.05,early,physics_weibull_v5,3,-1,flatline,Mot.SV
8193,6,sensor_failure,0.5856,developing,physics_weibull_v5,3,-1,spike,Pmp.SV
8194,6,sensor_failure,0.5758,developing,physics_weibull_v5,2,-1,drift,Mot.TV
8195,6,sensor_failure,0.0622,early,physics_weibull_v5,2,-1,dropout,Pmp.PV
8196,6,sensor_failure,0.0719,early,physics_weibull_v5,1,-1,flatline,Temp.SV
8197,6,sensor_failure,0.05,early,physics_weibull_v5,2,-1,spike,Pres.SV
8198,6,sensor_failure,0.2331,early,physics_weibull_v5,2,-1,drift,Pmp.TV
8199,6,sensor_failure,0.5625,developing,physics_weibull_v5,1,-1,dropout,Mot.PV
8200,6,sensor_failure,0.1504,early,physics_weibull_v5,1,-1,flatline,Mot.SV
8201,6,sensor_failure,0.0821,early,physics_weibull_v5,0,-1,spike,Pmp.SV
8202,6,sensor_failure,0.05,early,physics_weibull_v5,3,-1,drift,Mot.TV
8203,6,sensor_failure,0.05,early,physics_weibull_v5,2,-1,dropout,Pmp.PV
8204,6,sensor_failure,0.05,early,physics_weibull_v5,2,-1,flatline,Temp.SV
8205,6,sensor_failure,0.789,advanced,physics_weibull_v5,0,-1,spike,Pres.SV
8206,6,sensor_failure,0.0767,early,physics_weibull_v5,1,-1,drift,Pmp.TV
8207,6,sensor_failure,0.7499,advanced,physics_weibull_v5,2,-1,dropout,Mot.PV
8208,6,sensor_failure,0.6493,developing,physics_weibull_v5,2,-1,flatline,Mot.SV
8209,6,sensor_failure,0.05,early,physics_weibull_v5,3,-1,spike,Pmp.SV
8210,6,sensor_failure,0.1989,early,physics_weibull_v5,0,-1,drift,Mot.TV
8211,6,sensor_failure,0.7223,advanced,physics_weibull_v5,3,-1,dropout,Pmp.PV
8212,6,sensor_failure,0.9754,advanced,physics_weibull_v5,0,-1,flatline,Temp.SV
8213,6,sensor_failure,0.3355,developing,physics_weibull_v5,1,-1,spike,Pres.SV
8214,6,sensor_failure,0.0752,early,physics_weibull_v5,3,-1,drift,Pmp.TV
8215,6,sensor_failure,0.3853,developing,physics_weibull_v5,2,-1,dropout,Mot.PV
8216,6,sensor_failure,0.663,advanced,physics_weibull_v5,2,-1,flatline,Mot.SV
8217,6,sensor_failure,0.1924,early,physics_weibull_v5,2,-1,spike,Pmp.SV
8218,6,sensor_failure,0.5463,developing,physics_weibull_v5,0,-1,drift,Mot.TV
8219,6,sensor_failure,0.05,early,physics_weibull_v5,0,-1,dropout,Pmp.PV
8220,6,sensor_failure,0.05,early,physics_weibull_v5,2,-1,flatline,Temp.SV
8221,6,sensor_failure,0.1184,early,physics_weibull_v5,3,-1,spike,Pres.SV
8222,6,sensor_failure,0.05,early,physics_weibull_v5,2,-1,drift,Pmp.TV
8223,6,sensor_failure,0.5517,developing,physics_weibull_v5,2,-1,dropout,Mot.PV
8224,6,sensor_failure,0.7172,advanced,physics_weibull_v5,2,-1,flatline,Mot.SV
8225,6,sensor_failure,0.1954,early,physics_weibull_v5,1,-1,spike,Pmp.SV
8226,6,sensor_failure,0.4362,developing,physics_weibull_v5,0,-1,drift,Mot.TV
8227,6,sensor_failure,0.6024,developing,physics_weibull_v5,1,-1,dropout,Pmp.PV
8228,6,sensor_failure,0.6463,developing,physics_weibull_v5,0,-1,flatline,Temp.SV
8229,6,sensor_failure,0.0778,early,physics_weibull_v5,3,-1,spike,Pres.SV
8230,6,sensor_failure,0.5787,developing,physics_weibull_v5,2,-1,drift,Pmp.TV
8231,6,sensor_failure,0.3091,developing,physics_weibull_v5,3,-1,dropout,Mot.PV
8232,6,sensor_failure,0.0991,early,physics_weibull_v5,0,-1,flatline,Mot.SV
8233,6,sensor_failure,0.1448,early,physics_weibull_v5,2,-1,spike,Pmp.SV
8234,6,sensor_failure,0.5758,developing,physics_weibull_v5,2,-1,drift,Mot.TV
8235,6,sensor_failure,0.0624,early,physics_weibull_v5,1,-1,dropout,Pmp.PV
8236,6,sensor_failure,0.5644,developing,physics_weibull_v5,2,-1,flatline,Temp.SV
8237,6,sensor_failure,0.1947,early,physics_weibull_v5,1,-1,spike,Pres.SV
8238,6,sensor_failure,0.8423,advanced,physics_weibull_v5,3,-1,drift,Pmp.TV
8239,6,sensor_failure,0.5164,developing,physics_weibull_v5,3,-1,dropout,Mot.PV
8240,6,sensor_failure,0.1221,early,physics_weibull_v5,1,-1,flatline,Mot.SV
8241,6,sensor_failure,0.0583,early,physics_weibull_v5,2,-1,spike,Pmp.SV
8242,6,sensor_failure,0.0903,early,physics_weibull_v5,2,-1,drift,Mot.TV
8243,6,sensor_failure,0.1344,early,physics_weibull_v5,3,-1,dropout,Pmp.PV
8244,6,sensor_failure,0.0814,early,physics_weibull_v5,3,-1,flatline,Temp.SV
8245,6,sensor_failure,0.1151,early,physics_weibull_v5,0,-1,spike,Pres.SV
8246,6,sensor_failure,0.899,advanced,physics_weibull_v5,2,-1,drift,Pmp.TV
8247,6,sensor_failure,0.05,early,physics_weibull_v5,2,-1,dropout,Mot.PV
8248,6,sensor_failure,0.5334,developing,physics_weibull_v5,2,-1,flatline,Mot.SV
8249,6,sensor_failure,0.5359,developing,physics_weibull_v5,1,-1,spike,Pmp.SV
8250,6,sensor_failure,0.05,early,physics_weibull_v5,1,-1,drift,Mot.TV
8251,6,sensor_failure,0.05,early,physics_weibull_v5,2,-1,dropout,Pmp.PV
8252,6,sensor_failure,0.05,early,physics_weibull_v5,3,-1,flatline,Temp.SV
8253,6,sensor_failure,0.7569,advanced,physics_weibull_v5,2,-1,spike,Pres.SV
8254,6,sensor_failure,0.779,advanced,physics_weibull_v5,3,-1,drift,Pmp.TV
8255,6,sensor_failure,0.2548,early,physics_weibull_v5,1,-1,dropout,Mot.PV
8256,6,sensor_failure,0.8876,advanced,physics_weibull_v5,0,-1,flatline,Mot.SV
8257,6,sensor_failure,0.3153,developing,physics_weibull_v5,3,-1,spike,Pmp.SV
8258,6,sensor_failure,0.0763,early,physics_weibull_v5,0,-1,drift,Mot.TV
8259,6,sensor_failure,0.5494,developing,physics_weibull_v5,3,-1,dropout,Pmp.PV
8260,6,sensor_failure,0.2566,early,physics_weibull_v5,1,-1,flatline,Temp.SV
8261,6,sensor_failure,0.0897,early,physics_weibull_v5,0,-1,spike,Pres.SV
8262,6,sensor_failure,0.6414,developing,physics_weibull_v5,3,-1,drift,Pmp.TV
8263,6,sensor_failure,0.5921,developing,physics_weibull_v5,1,-1,dropout,Mot.PV
8264,6,sensor_failure,0.1016,early,physics_weibull_v5,0,-1,flatline,Mot.SV
8265,6,sensor_failure,0.4955,developing,physics_weibull_v5,2,-1,spike,Pmp.SV
8266,6,sensor_failure,0.1806,early,physics_weibull_v5,2,-1,drift,Mot.TV
8267,6,sensor_failure,0.167,early,physics_weibull_v5,1,-1,dropout,Pmp.PV
8268,6,sensor_failure,0.0834,early,physics_weibull_v5,1,-1,flatline,Temp.SV
8269,6,sensor_failure,0.1048,early,physics_weibull_v5,0,-1,spike,Pres.SV
8270,6,sensor_failure,0.2873,early,physics_weibull_v5,3,-1,drift,Pmp.TV
8271,6,sensor_failure,0.4087,developing,physics_weibull_v5,2,-1,dropout,Mot.PV
8272,6,sensor_failure,0.05,early,physics_weibull_v5,1,-1,flatline,Mot.SV
8273,6,sensor_failure,0.05,early,physics_weibull_v5,2,-1,spike,Pmp.SV
8274,6,sensor_failure,0.1357,early,physics_weibull_v5,1,-1,drift,Mot.TV
8275,6,sensor_failure,0.5111,developing,physics_weibull_v5,3,-1,dropout,Pmp.PV
8276,6,sensor_failure,0.7983,advanced,physics_weibull_v5,2,-1,flatline,Temp.SV
8277,6,sensor_failure,0.0885,early,physics_weibull_v5,2,-1,spike,Pres.SV
8278,6,sensor_failure,0.4172,developing,physics_weibull_v5,0,-1,drift,Pmp.TV
8279,6,sensor_failure,0.1154,early,physics_weibull_v5,2,-1,dropout,Mot.PV
8280,6,sensor_failure,0.05,early,physics_weibull_v5,2,-1,flatline,Mot.SV
8281,6,sensor_failure,0.4368,developing,physics_weibull_v5,0,-1,spike,Pmp.SV
8282,6,sensor_failure,0.05,early,physics_weibull_v5,0,-1,drift,Mot.TV
8283,6,sensor_failure,0.4473,developing,physics_weibull_v5,1,-1,dropout,Pmp.PV
8284,6,sensor_failure,0.05,early,physics_weibull_v5,1,-1,flatline,Temp.SV
8285,6,sensor_failure,0.1111,early,physics_weibull_v5,3,-1,spike,Pres.SV
8286,6,sensor_failure,0.05,early,physics_weibull_v5,0,-1,drift,Pmp.TV
8287,6,sensor_failure,0.0826,early,physics_weibull_v5,2,-1,dropout,Mot.PV
8288,6,sensor_failure,0.05,early,physics_weibull_v5,0,-1,flatline,Mot.SV
8289,6,sensor_failure,0.563,developing,physics_weibull_v5,3,-1,spike,Pmp.SV
8290,6,sensor_failure,0.2629,early,physics_weibull_v5,2,-1,drift,Mot.TV
8291,6,sensor_failure,0.3502,developing,physics_weibull_v5,2,-1,dropout,Pmp.PV
8292,6,sensor_failure,0.05,early,physics_weibull_v5,0,-1,flatline,Temp.SV
8293,6,sensor_failure,0.05,early,physics_weibull_v5,1,-1,spike,Pres.SV
8294,6,sensor_failure,0.9332,advanced,physics_weibull_v5,0,-1,drift,Pmp.TV
8295,6,sensor_failure,0.7955,advanced,physics_weibull_v5,3,-1,dropout,Mot.PV
8296,6,sensor_failure,0.3254,developing,physics_weibull_v5,0,-1,flatline,Mot.SV
8297,6,sensor_failure,0.6619,advanced,physics_weibull_v5,1,-1,spike,Pmp.SV
8298,6,sensor_failure,0.935,advanced,physics_weibull_v5,0,-1,drift,Mot.TV
8299,6,sensor_failure,0.05,early,physics_weibull_v5,2,-1,dropout,Pmp.PV
8300,6,sensor_failure,0.3068,developing,physics_weibull_v5,2,-1,flatline,Temp.SV
8301,6,sensor_failure,0.4279,developing,physics_weibull_v5,1,-1,spike,Pres.SV
8302,6,sensor_failure,0.0969,early,physics_weibull_v5,1,-1,drift,Pmp.TV
8303,6,sensor_failure,0.3552,developing,physics_weibull_v5,2,-1,dropout,Mot.PV
8304,6,sensor_failure,0.05,early,physics_weibull_v5,3,-1,flatline,Mot.SV
8305,6,sensor_failure,0.4008,developing,physics_weibull_v5,1,-1,spike,Pmp.SV
8306,6,sensor_failure,0.05,early,physics_weibull_v5,1,-1,drift,Mot.TV
8307,6,sensor_failure,0.0838,early,physics_weibull_v5,0,-1,dropout,Pmp.PV
8308,6,sensor_failure,0.1114,early,physics_weibull_v5,2,-1,flatline,Temp.SV
8309,6,sensor_failure,0.05,early,physics_weibull_v5,3,-1,spike,Pres.SV
8310,6,sensor_failure,0.6249,developing,physics_weibull_v5,3,-1,drift,Pmp.TV
8311,6,sensor_failure,0.48,developing,physics_weibull_v5,2,-1,dropout,Mot.PV
8312,6,sensor_failure,0.4991,developing,physics_weibull_v5,2,-1,flatline,Mot.SV
8313,6,sensor_failure,0.3144,developing,physics_weibull_v5,2,-1,spike,Pmp.SV
8314,6,sensor_failure,0.5215,developing,physics_weibull_v5,3,-1,drift,Mot.TV
8315,6,sensor_failure,0.5288,developing,physics_weibull_v5,2,-1,dropout,Pmp.PV
8316,6,sensor_failure,0.1419,early,physics_weibull_v5,2,-1,flatline,Temp.SV
8317,6,sensor_failure,0.1238,early,physics_weibull_v5,2,-1,spike,Pres.SV
8318,6,sensor_failure,0.05,early,physics_weibull_v5,3,-1,drift,Pmp.TV
8319,6,sensor_failure,0.1464,early,physics_weibull_v5,2,-1,dropout,Mot.PV
8320,6,sensor_failure,0.088,early,physics_weibull_v5,1,-1,flatline,Mot.SV
8321,6,sensor_failure,0.3804,developing,physics_weibull_v5,3,-1,spike,Pmp.SV
8322,6,sensor_failure,0.05,early,physics_weibull_v5,0,-1,drift,Mot.TV
8323,6,sensor_failure,0.1596,early,physics_weibull_v5,3,-1,dropout,Pmp.PV
8324,6,sensor_failure,0.4366,developing,physics_weibull_v5,2,-1,flatline,Temp.SV
8325,6,sensor_failure,0.189,early,physics_weibull_v5,0,-1,spike,Pres.SV
8326,6,sensor_failure,0.2387,early,physics_weibull_v5,2,-1,drift,Pmp.TV
8327,6,sensor_failure,0.05,early,physics_weibull_v5,1,-1,dropout,Mot.PV
8328,6,sensor_failure,0.05,early,physics_weibull_v5,3,-1,flatline,Mot.SV
8329,6,sensor_failure,0.0832,early,physics_weibull_v5,0,-1,spike,Pmp.SV
8330,6,sensor_failure,0.0562,early,physics_weibull_v5,3,-1,drift,Mot.TV
8331,6,sensor_failure,0.1599,early,physics_weibull_v5,0,-1,dropout,Pmp.PV
8332,6,sensor_failure,0.1147,early,physics_weibull_v5,0,-1,flatline,Temp.SV
8333,6,sensor_failure,0.156,early,physics_weibull_v5,3,-1,spike,Pres.SV
8334,6,sensor_failure,0.05,early,physics_weibull_v5,0,-1,drift,Pmp.TV
8335,6,sensor_failure,0.3529,developing,physics_weibull_v5,1,-1,dropout,Mot.PV
8336,6,sensor_failure,0.05,early,physics_weibull_v5,1,-1,flatline,Mot.SV
8337,6,sensor_failure,0.05,early,physics_weibull_v5,1,-1,spike,Pmp.SV
8338,6,sensor_failure,0.7622,advanced,physics_weibull_v5,2,-1,drift,Mot.TV
8339,6,sensor_failure,0.289,early,physics_weibull_v5,3,-1,dropout,Pmp.PV
8340,6,sensor_failure,0.05,early,physics_weibull_v5,3,-1,flatline,Temp.SV
8341,6,sensor_failure,0.5953,developing,physics_weibull_v5,0,-1,spike,Pres.SV
8342,6,sensor_failure,0.0672,early,physics_weibull_v5,3,-1,drift,Pmp.TV
8343,6,sensor_failure,0.396,developing,physics_weibull_v5,3,-1,dropout,Mot.PV
8344,6,sensor_failure,0.0846,early,physics_weibull_v5,2,-1,flatline,Mot.SV
8345,6,sensor_failure,0.6205,developing,physics_weibull_v5,1,-1,spike,Pmp.SV
8346,6,sensor_failure,0.307,developing,physics_weibull_v5,3,-1,drift,Mot.TV
8347,6,sensor_failure,0.3228,developing,physics_weibull_v5,0,-1,dropout,Pmp.PV
8348,6,sensor_failure,0.0706,early,physics_weibull_v5,0,-1,flatline,Temp.SV
8349,6,sensor_failure,0.6829,advanced,physics_weibull_v5,0,-1,spike,Pres.SV
8350,6,sensor_failure,0.8892,advanced,physics_weibull_v5,0,-1,drift,Pmp.TV
8351,6,sensor_failure,0.05,early,physics_weibull_v5,2,-1,dropout,Mot.PV
8352,6,sensor_failure,0.8407,advanced,physics_weibull_v5,0,-1,flatline,Mot.SV
8353,6,sensor_failure,0.05,early,physics_weibull_v5,1,-1,spike,Pmp.SV
8354,6,sensor_failure,0.0689,early,physics_weibull_v5,0,-1,drift,Mot.TV
8355,6,sensor_failure,0.9277,advanced,physics_weibull_v5,2,-1,dropout,Pmp.PV
8356,6,sensor_failure,0.05,early,physics_weibull_v5,3,-1,flatline,Temp.SV
8357,6,sensor_failure,0.05,early,physics_weibull_v5,0,-1,spike,Pres.SV
8358,6,sensor_failure,0.05,early,physics_weibull_v5,0,-1,drift,Pmp.TV
8359,6,sensor_failure,0.5901,developing,physics_weibull_v5,2,-1,dropout,Mot.PV
8360,6,sensor_failure,0.1735,early,physics_weibull_v5,1,-1,flatline,Mot.SV
8361,6,sensor_failure,0.05,early,physics_weibull_v5,3,-1,spike,Pmp.SV
8362,6,sensor_failure,0.05,early,physics_weibull_v5,2,-1,drift,Mot.TV
8363,6,sensor_failure,0.1266,early,physics_weibull_v5,0,-1,dropout,Pmp.PV
8364,6,sensor_failure,0.4692,developing,physics_weibull_v5,2,-1,flatline,Temp.SV
8365,6,sensor_failure,0.0726,early,physics_weibull_v5,0,-1,spike,Pres.SV
8366,6,sensor_failure,0.05,early,physics_weibull_v5,0,-1,drift,Pmp.TV
8367,6,sensor_failure,0.4816,developing,physics_weibull_v5,0,-1,dropout,Mot.PV
8368,6,sensor_failure,0.3662,developing,physics_weibull_v5,2,-1,flatline,Mot.SV
8369,6,sensor_failure,0.4317,developing,physics_weibull_v5,1,-1,spike,Pmp.SV
8370,6,sensor_failure,0.3565,developing,physics_weibull_v5,1,-1,drift,Mot.TV
8371,6,sensor_failure,0.209,early,physics_weibull_v5,1,-1,dropout,Pmp.PV
8372,6,sensor_failure,0.05,early,physics_weibull_v5,3,-1,flatline,Temp.SV
8373,6,sensor_failure,0.428,developing,physics_weibull_v5,0,-1,spike,Pres.SV
8374,6,sensor_failure,0.05,early,physics_weibull_v5,3,-1,drift,Pmp.TV
8375,6,sensor_failure,0.3398,developing,physics_weibull_v5,1,-1,dropout,Mot.PV
8376,6,sensor_failure,0.3103,developing,physics_weibull_v5,0,-1,flatline,Mot.SV
8377,6,sensor_failure,0.9008,advanced,physics_weibull_v5,3,-1,spike,Pmp.SV
8378,6,sensor_failure,0.3888,developing,physics_weibull_v5,3,-1,drift,Mot.TV
8379,6,sensor_failure,0.1718,early,physics_weibull_v5,0,-1,dropout,Pmp.PV
8380,6,sensor_failure,0.05,early,physics_weibull_v5,3,-1,flatline,Temp.SV
8381,6,sensor_failure,0.05,early,physics_weibull_v5,2,-1,spike,Pres.SV
8382,6,sensor_failure,0.5027,developing,physics_weibull_v5,3,-1,drift,Pmp.TV
8383,6,sensor_failure,0.8294,advanced,physics_weibull_v5,3,-1,dropout,Mot.PV
8384,6,sensor_failure,0.05,early,physics_weibull_v5,2,-1,flatline,Mot.SV
8385,6,sensor_failure,0.4749,developing,physics_weibull_v5,1,-1,spike,Pmp.SV
8386,6,sensor_failure,0.4974,developing,physics_weibull_v5,3,-1,drift,Mot.TV
8387,6,sensor_failure,0.0647,early,physics_weibull_v5,0,-1,dropout,Pmp.PV
8388,6,sensor_failure,0.1564,early,physics_weibull_v5,2,-1,flatline,Temp.SV
8389,6,sensor_failure,0.05,early,physics_weibull_v5,2,-1,spike,Pres.SV
8390,6,sensor_failure,0.6086,developing,physics_weibull_v5,2,-1,drift,Pmp.TV
8391,6,sensor_failure,0.8594,advanced,physics_weibull_v5,3,-1,dropout,Mot.PV
8392,6,sensor_failure,0.05,early,physics_weibull_v5,3,-1,flatline,Mot.SV
8393,6,sensor_failure,0.05,early,physics_weibull_v5,0,-1,spike,Pmp.SV
8394,6,sensor_failure,0.072,early,physics_weibull_v5,1,-1,drift,Mot.TV
8395,6,sensor_failure,0.1809,early,physics_weibull_v5,1,-1,dropout,Pmp.PV
8396,6,sensor_failure,0.1013,early,physics_weibull_v5,3,-1,flatline,Temp.SV
8397,6,sensor_failure,0.05,early,physics_weibull_v5,0,-1,spike,Pres.SV
8398,6,sensor_failure,0.05,early,physics_weibull_v5,3,-1,drift,Pmp.TV
8399,6,sensor_failure,0.6705,advanced,physics_weibull_v5,0,-1,dropout,Mot.PV
