seq_id,label,fault_type,severity,source,cluster,seed_idx
0,0,normal,0.0,real_cira,mixed,-1
1,0,normal,0.0,real_cira,mixed,-1
2,0,normal,0.0,real_cira,mixed,-1
3,0,normal,0.0,real_cira,mixed,-1
4,0,normal,0.0,real_cira,mixed,-1
5,0,normal,0.0,real_cira,mixed,-1
6,0,normal,0.0,real_cira,mixed,-1
7,0,normal,0.0,real_cira,mixed,-1
8,0,normal,0.0,real_cira,mixed,-1
9,0,normal,0.0,real_cira,mixed,-1
10,0,normal,0.0,real_cira,mixed,-1
11,0,normal,0.0,real_cira,mixed,-1
12,0,normal,0.0,real_cira,mixed,-1
13,0,normal,0.0,real_cira,mixed,-1
14,0,normal,0.0,real_cira,mixed,-1
15,0,normal,0.0,real_cira,mixed,-1
16,0,normal,0.0,real_cira,mixed,-1
17,0,normal,0.0,real_cira,mixed,-1
18,0,normal,0.0,real_cira,mixed,-1
19,0,normal,0.0,real_cira,mixed,-1
20,0,normal,0.0,real_cira,mixed,-1
21,0,normal,0.0,real_cira,mixed,-1
22,0,normal,0.0,real_cira,mixed,-1
23,0,normal,0.0,real_cira,mixed,-1
24,0,normal,0.0,real_cira,mixed,-1
25,0,normal,0.0,real_cira,mixed,-1
26,0,normal,0.0,real_cira,mixed,-1
27,0,normal,0.0,real_cira,mixed,-1
28,0,normal,0.0,real_cira,mixed,-1
29,0,normal,0.0,real_cira,mixed,-1
30,0,normal,0.0,real_cira,mixed,-1
31,0,normal,0.0,real_cira,mixed,-1
32,0,normal,0.0,real_cira,mixed,-1
33,0,normal,0.0,real_cira,mixed,-1
34,0,normal,0.0,real_cira,mixed,-1
35,0,normal,0.0,real_cira,mixed,-1
36,0,normal,0.0,real_cira,mixed,-1
37,0,normal,0.0,real_cira,mixed,-1
38,0,normal,0.0,real_cira,mixed,-1
39,0,normal,0.0,real_cira,mixed,-1
40,0,normal,0.0,real_cira,mixed,-1
41,0,normal,0.0,real_cira,mixed,-1
42,0,normal,0.0,real_cira,mixed,-1
43,0,normal,0.0,real_cira,mixed,-1
44,0,normal,0.0,real_cira,mixed,-1
45,0,normal,0.0,real_cira,mixed,-1
46,0,normal,0.0,real_cira,mixed,-1
47,0,normal,0.0,real_cira,mixed,-1
48,0,normal,0.0,real_cira,mixed,-1
49,0,normal,0.0,real_cira,mixed,-1
50,0,normal,0.0,real_cira,mixed,-1
51,0,normal,0.0,real_cira,mixed,-1
52,0,normal,0.0,real_cira,mixed,-1
53,0,normal,0.0,real_cira,mixed,-1
54,0,normal,0.0,real_cira,mixed,-1
55,0,normal,0.0,real_cira,mixed,-1
56,0,normal,0.0,real_cira,mixed,-1
57,0,normal,0.0,real_cira,mixed,-1
58,0,normal,0.0,real_cira,mixed,-1
59,0,normal,0.0,real_cira,mixed,-1
60,0,normal,0.0,real_cira,mixed,-1
61,0,normal,0.0,real_cira,mixed,-1
62,0,normal,0.0,real_cira,mixed,-1
63,0,normal,0.0,real_cira,mixed,-1
64,0,normal,0.0,real_cira,mixed,-1
65,0,normal,0.0,real_cira,mixed,-1
66,0,normal,0.0,real_cira,mixed,-1
67,0,normal,0.0,real_cira,mixed,-1
68,0,normal,0.0,real_cira,mixed,-1
69,0,normal,0.0,real_cira,mixed,-1
70,0,normal,0.0,real_cira,mixed,-1
71,0,normal,0.0,real_cira,mixed,-1
72,0,normal,0.0,real_cira,mixed,-1
73,0,normal,0.0,real_cira,mixed,-1
74,0,normal,0.0,real_cira,mixed,-1
75,0,normal,0.0,real_cira,mixed,-1
76,0,normal,0.0,real_cira,mixed,-1
77,0,normal,0.0,real_cira,mixed,-1
78,0,normal,0.0,real_cira,mixed,-1
79,0,normal,0.0,real_cira,mixed,-1
80,0,normal,0.0,real_cira,mixed,-1
81,0,normal,0.0,real_cira,mixed,-1
82,0,normal,0.0,real_cira,mixed,-1
83,0,normal,0.0,real_cira,mixed,-1
84,0,normal,0.0,real_cira,mixed,-1
85,0,normal,0.0,real_cira,mixed,-1
86,0,normal,0.0,real_cira,mixed,-1
87,0,normal,0.0,real_cira,mixed,-1
88,0,normal,0.0,real_cira,mixed,-1
89,0,normal,0.0,real_cira,mixed,-1
90,0,normal,0.0,real_cira,mixed,-1
91,0,normal,0.0,real_cira,mixed,-1
92,0,normal,0.0,real_cira,mixed,-1
93,0,normal,0.0,real_cira,mixed,-1
94,0,normal,0.0,real_cira,mixed,-1
95,0,normal,0.0,real_cira,mixed,-1
96,0,normal,0.0,real_cira,mixed,-1
97,0,normal,0.0,real_cira,mixed,-1
98,0,normal,0.0,real_cira,mixed,-1
99,0,normal,0.0,real_cira,mixed,-1
100,0,normal,0.0,real_cira,mixed,-1
101,0,normal,0.0,real_cira,mixed,-1
102,0,normal,0.0,real_cira,mixed,-1
103,0,normal,0.0,real_cira,mixed,-1
104,0,normal,0.0,real_cira,mixed,-1
105,0,normal,0.0,real_cira,mixed,-1
106,0,normal,0.0,real_cira,mixed,-1
107,0,normal,0.0,real_cira,mixed,-1
108,0,normal,0.0,real_cira,mixed,-1
109,0,normal,0.0,real_cira,mixed,-1
110,0,normal,0.0,real_cira,mixed,-1
111,0,normal,0.0,real_cira,mixed,-1
112,0,normal,0.0,real_cira,mixed,-1
113,0,normal,0.0,real_cira,mixed,-1
114,0,normal,0.0,real_cira,mixed,-1
115,0,normal,0.0,real_cira,mixed,-1
116,0,normal,0.0,real_cira,mixed,-1
117,0,normal,0.0,real_cira,mixed,-1
118,0,normal,0.0,real_cira,mixed,-1
119,0,normal,0.0,real_cira,mixed,-1
120,0,normal,0.0,real_cira,mixed,-1
121,0,normal,0.0,real_cira,mixed,-1
122,0,normal,0.0,real_cira,mixed,-1
123,0,normal,0.0,real_cira,mixed,-1
124,0,normal,0.0,real_cira,mixed,-1
125,0,normal,0.0,real_cira,mixed,-1
126,0,normal,0.0,real_cira,mixed,-1
127,0,normal,0.0,real_cira,mixed,-1
128,0,normal,0.0,real_cira,mixed,-1
129,0,normal,0.0,real_cira,mixed,-1
130,0,normal,0.0,real_cira,mixed,-1
131,0,normal,0.0,real_cira,mixed,-1
132,0,normal,0.0,real_cira,mixed,-1
133,0,normal,0.0,real_cira,mixed,-1
134,0,normal,0.0,real_cira,mixed,-1
135,0,normal,0.0,real_cira,mixed,-1
136,0,normal,0.0,real_cira,mixed,-1
137,0,normal,0.0,real_cira,mixed,-1
138,0,normal,0.0,real_cira,mixed,-1
139,0,normal,0.0,real_cira,mixed,-1
140,0,normal,0.0,real_cira,mixed,-1
141,0,normal,0.0,real_cira,mixed,-1
142,0,normal,0.0,real_cira,mixed,-1
143,0,normal,0.0,real_cira,mixed,-1
144,0,normal,0.0,real_cira,mixed,-1
145,0,normal,0.0,real_cira,mixed,-1
146,0,normal,0.0,real_cira,mixed,-1
147,0,normal,0.0,real_cira,mixed,-1
148,0,normal,0.0,real_cira,mixed,-1
149,0,normal,0.0,real_cira,mixed,-1
150,0,normal,0.0,real_cira,mixed,-1
151,0,normal,0.0,real_cira,mixed,-1
152,0,normal,0.0,real_cira,mixed,-1
153,0,normal,0.0,real_cira,mixed,-1
154,0,normal,0.0,real_cira,mixed,-1
155,0,normal,0.0,real_cira,mixed,-1
156,0,normal,0.0,real_cira,mixed,-1
157,0,normal,0.0,real_cira,mixed,-1
158,0,normal,0.0,real_cira,mixed,-1
159,0,normal,0.0,real_cira,mixed,-1
160,0,normal,0.0,real_cira,mixed,-1
161,0,normal,0.0,real_cira,mixed,-1
162,0,normal,0.0,real_cira,mixed,-1
163,0,normal,0.0,real_cira,mixed,-1
164,0,normal,0.0,real_cira,mixed,-1
165,0,normal,0.0,real_cira,mixed,-1
166,0,normal,0.0,real_cira,mixed,-1
167,0,normal,0.0,real_cira,mixed,-1
168,0,normal,0.0,real_cira,mixed,-1
169,0,normal,0.0,real_cira,mixed,-1
170,0,normal,0.0,real_cira,mixed,-1
171,0,normal,0.0,real_cira,mixed,-1
172,0,normal,0.0,real_cira,mixed,-1
173,0,normal,0.0,real_cira,mixed,-1
174,0,normal,0.0,real_cira,mixed,-1
175,0,normal,0.0,real_cira,mixed,-1
176,0,normal,0.0,real_cira,mixed,-1
177,0,normal,0.0,real_cira,mixed,-1
178,0,normal,0.0,real_cira,mixed,-1
179,0,normal,0.0,real_cira,mixed,-1
180,0,normal,0.0,real_cira,mixed,-1
181,0,normal,0.0,real_cira,mixed,-1
182,0,normal,0.0,real_cira,mixed,-1
183,0,normal,0.0,real_cira,mixed,-1
184,0,normal,0.0,real_cira,mixed,-1
185,0,normal,0.0,real_cira,mixed,-1
186,0,normal,0.0,real_cira,mixed,-1
187,0,normal,0.0,real_cira,mixed,-1
188,0,normal,0.0,real_cira,mixed,-1
189,0,normal,0.0,real_cira,mixed,-1
190,0,normal,0.0,real_cira,mixed,-1
191,0,normal,0.0,real_cira,mixed,-1
192,0,normal,0.0,real_cira,mixed,-1
193,0,normal,0.0,real_cira,mixed,-1
194,0,normal,0.0,real_cira,mixed,-1
195,0,normal,0.0,real_cira,mixed,-1
196,0,normal,0.0,real_cira,mixed,-1
197,0,normal,0.0,real_cira,mixed,-1
198,0,normal,0.0,real_cira,mixed,-1
199,0,normal,0.0,real_cira,mixed,-1
200,0,normal,0.0,real_cira,mixed,-1
201,0,normal,0.0,real_cira,mixed,-1
202,0,normal,0.0,real_cira,mixed,-1
203,0,normal,0.0,real_cira,mixed,-1
204,0,normal,0.0,real_cira,mixed,-1
205,0,normal,0.0,real_cira,mixed,-1
206,0,normal,0.0,real_cira,mixed,-1
207,0,normal,0.0,real_cira,mixed,-1
208,0,normal,0.0,real_cira,mixed,-1
209,0,normal,0.0,real_cira,mixed,-1
210,0,normal,0.0,real_cira,mixed,-1
211,0,normal,0.0,real_cira,mixed,-1
212,0,normal,0.0,real_cira,mixed,-1
213,0,normal,0.0,real_cira,mixed,-1
214,0,normal,0.0,real_cira,mixed,-1
215,0,normal,0.0,real_cira,mixed,-1
216,0,normal,0.0,real_cira,mixed,-1
217,0,normal,0.0,real_cira,mixed,-1
218,0,normal,0.0,real_cira,mixed,-1
219,0,normal,0.0,real_cira,mixed,-1
220,0,normal,0.0,real_cira,mixed,-1
221,0,normal,0.0,real_cira,mixed,-1
222,0,normal,0.0,real_cira,mixed,-1
223,0,normal,0.0,real_cira,mixed,-1
224,0,normal,0.0,real_cira,mixed,-1
225,0,normal,0.0,real_cira,mixed,-1
226,0,normal,0.0,real_cira,mixed,-1
227,0,normal,0.0,real_cira,mixed,-1
228,0,normal,0.0,real_cira,mixed,-1
229,0,normal,0.0,real_cira,mixed,-1
230,0,normal,0.0,real_cira,mixed,-1
231,0,normal,0.0,real_cira,mixed,-1
232,0,normal,0.0,real_cira,mixed,-1
233,0,normal,0.0,real_cira,mixed,-1
234,0,normal,0.0,real_cira,mixed,-1
235,0,normal,0.0,real_cira,mixed,-1
236,0,normal,0.0,real_cira,mixed,-1
237,0,normal,0.0,real_cira,mixed,-1
238,0,normal,0.0,real_cira,mixed,-1
239,0,normal,0.0,real_cira,mixed,-1
240,0,normal,0.0,real_cira,mixed,-1
241,0,normal,0.0,real_cira,mixed,-1
242,0,normal,0.0,real_cira,mixed,-1
243,0,normal,0.0,real_cira,mixed,-1
244,0,normal,0.0,real_cira,mixed,-1
245,0,normal,0.0,real_cira,mixed,-1
246,0,normal,0.0,real_cira,mixed,-1
247,0,normal,0.0,real_cira,mixed,-1
248,0,normal,0.0,real_cira,mixed,-1
249,0,normal,0.0,real_cira,mixed,-1
250,0,normal,0.0,real_cira,mixed,-1
251,0,normal,0.0,real_cira,mixed,-1
252,0,normal,0.0,real_cira,mixed,-1
253,0,normal,0.0,real_cira,mixed,-1
254,0,normal,0.0,real_cira,mixed,-1
255,0,normal,0.0,real_cira,mixed,-1
256,0,normal,0.0,real_cira,mixed,-1
257,0,normal,0.0,real_cira,mixed,-1
258,0,normal,0.0,real_cira,mixed,-1
259,0,normal,0.0,real_cira,mixed,-1
260,0,normal,0.0,real_cira,mixed,-1
261,0,normal,0.0,real_cira,mixed,-1
262,0,normal,0.0,real_cira,mixed,-1
263,0,normal,0.0,real_cira,mixed,-1
264,0,normal,0.0,real_cira,mixed,-1
265,0,normal,0.0,real_cira,mixed,-1
266,0,normal,0.0,real_cira,mixed,-1
267,0,normal,0.0,real_cira,mixed,-1
268,0,normal,0.0,real_cira,mixed,-1
269,0,normal,0.0,real_cira,mixed,-1
270,0,normal,0.0,real_cira,mixed,-1
271,0,normal,0.0,real_cira,mixed,-1
272,0,normal,0.0,real_cira,mixed,-1
273,0,normal,0.0,real_cira,mixed,-1
274,0,normal,0.0,real_cira,mixed,-1
275,0,normal,0.0,real_cira,mixed,-1
276,0,normal,0.0,real_cira,mixed,-1
277,0,normal,0.0,real_cira,mixed,-1
278,0,normal,0.0,real_cira,mixed,-1
279,0,normal,0.0,real_cira,mixed,-1
280,0,normal,0.0,real_cira,mixed,-1
281,0,normal,0.0,real_cira,mixed,-1
282,0,normal,0.0,real_cira,mixed,-1
283,0,normal,0.0,real_cira,mixed,-1
284,0,normal,0.0,real_cira,mixed,-1
285,0,normal,0.0,real_cira,mixed,-1
286,0,normal,0.0,real_cira,mixed,-1
287,0,normal,0.0,real_cira,mixed,-1
288,0,normal,0.0,real_cira,mixed,-1
289,0,normal,0.0,real_cira,mixed,-1
290,0,normal,0.0,real_cira,mixed,-1
291,0,normal,0.0,real_cira,mixed,-1
292,0,normal,0.0,real_cira,mixed,-1
293,0,normal,0.0,real_cira,mixed,-1
294,0,normal,0.0,real_cira,mixed,-1
295,0,normal,0.0,real_cira,mixed,-1
296,0,normal,0.0,real_cira,mixed,-1
297,0,normal,0.0,real_cira,mixed,-1
298,0,normal,0.0,real_cira,mixed,-1
299,0,normal,0.0,real_cira,mixed,-1
300,0,normal,0.0,real_cira,mixed,-1
301,0,normal,0.0,real_cira,mixed,-1
302,0,normal,0.0,real_cira,mixed,-1
303,0,normal,0.0,real_cira,mixed,-1
304,0,normal,0.0,real_cira,mixed,-1
305,0,normal,0.0,real_cira,mixed,-1
306,0,normal,0.0,real_cira,mixed,-1
307,0,normal,0.0,real_cira,mixed,-1
308,0,normal,0.0,real_cira,mixed,-1
309,0,normal,0.0,real_cira,mixed,-1
310,0,normal,0.0,real_cira,mixed,-1
311,0,normal,0.0,real_cira,mixed,-1
312,0,normal,0.0,real_cira,mixed,-1
313,0,normal,0.0,real_cira,mixed,-1
314,0,normal,0.0,real_cira,mixed,-1
315,0,normal,0.0,real_cira,mixed,-1
316,0,normal,0.0,real_cira,mixed,-1
317,0,normal,0.0,real_cira,mixed,-1
318,0,normal,0.0,real_cira,mixed,-1
319,0,normal,0.0,real_cira,mixed,-1
320,0,normal,0.0,real_cira,mixed,-1
321,0,normal,0.0,real_cira,mixed,-1
322,0,normal,0.0,real_cira,mixed,-1
323,0,normal,0.0,real_cira,mixed,-1
324,0,normal,0.0,real_cira,mixed,-1
325,0,normal,0.0,real_cira,mixed,-1
326,0,normal,0.0,real_cira,mixed,-1
327,0,normal,0.0,real_cira,mixed,-1
328,0,normal,0.0,real_cira,mixed,-1
329,0,normal,0.0,real_cira,mixed,-1
330,0,normal,0.0,real_cira,mixed,-1
331,0,normal,0.0,real_cira,mixed,-1
332,0,normal,0.0,real_cira,mixed,-1
333,0,normal,0.0,real_cira,mixed,-1
334,0,normal,0.0,real_cira,mixed,-1
335,0,normal,0.0,real_cira,mixed,-1
336,0,normal,0.0,real_cira,mixed,-1
337,0,normal,0.0,real_cira,mixed,-1
338,0,normal,0.0,real_cira,mixed,-1
339,0,normal,0.0,real_cira,mixed,-1
340,0,normal,0.0,real_cira,mixed,-1
341,0,normal,0.0,real_cira,mixed,-1
342,0,normal,0.0,real_cira,mixed,-1
343,0,normal,0.0,real_cira,mixed,-1
344,0,normal,0.0,real_cira,mixed,-1
345,0,normal,0.0,real_cira,mixed,-1
346,0,normal,0.0,real_cira,mixed,-1
347,0,normal,0.0,real_cira,mixed,-1
348,0,normal,0.0,real_cira,mixed,-1
349,0,normal,0.0,real_cira,mixed,-1
350,0,normal,0.0,real_cira,mixed,-1
351,0,normal,0.0,real_cira,mixed,-1
352,0,normal,0.0,real_cira,mixed,-1
353,0,normal,0.0,real_cira,mixed,-1
354,0,normal,0.0,real_cira,mixed,-1
355,0,normal,0.0,real_cira,mixed,-1
356,0,normal,0.0,real_cira,mixed,-1
357,0,normal,0.0,real_cira,mixed,-1
358,0,normal,0.0,real_cira,mixed,-1
359,0,normal,0.0,real_cira,mixed,-1
360,0,normal,0.0,real_cira,mixed,-1
361,0,normal,0.0,real_cira,mixed,-1
362,0,normal,0.0,real_cira,mixed,-1
363,0,normal,0.0,real_cira,mixed,-1
364,0,normal,0.0,real_cira,mixed,-1
365,0,normal,0.0,real_cira,mixed,-1
366,0,normal,0.0,real_cira,mixed,-1
367,0,normal,0.0,real_cira,mixed,-1
368,0,normal,0.0,real_cira,mixed,-1
369,0,normal,0.0,real_cira,mixed,-1
370,0,normal,0.0,real_cira,mixed,-1
371,0,normal,0.0,real_cira,mixed,-1
372,0,normal,0.0,real_cira,mixed,-1
373,0,normal,0.0,real_cira,mixed,-1
374,0,normal,0.0,real_cira,mixed,-1
375,0,normal,0.0,real_cira,mixed,-1
376,0,normal,0.0,real_cira,mixed,-1
377,0,normal,0.0,real_cira,mixed,-1
378,0,normal,0.0,real_cira,mixed,-1
379,0,normal,0.0,real_cira,mixed,-1
380,0,normal,0.0,real_cira,mixed,-1
381,0,normal,0.0,real_cira,mixed,-1
382,0,normal,0.0,real_cira,mixed,-1
383,0,normal,0.0,real_cira,mixed,-1
384,0,normal,0.0,real_cira,mixed,-1
385,0,normal,0.0,real_cira,mixed,-1
386,0,normal,0.0,real_cira,mixed,-1
387,0,normal,0.0,real_cira,mixed,-1
388,0,normal,0.0,real_cira,mixed,-1
389,0,normal,0.0,real_cira,mixed,-1
390,0,normal,0.0,real_cira,mixed,-1
391,0,normal,0.0,real_cira,mixed,-1
392,0,normal,0.0,real_cira,mixed,-1
393,0,normal,0.0,real_cira,mixed,-1
394,0,normal,0.0,real_cira,mixed,-1
395,0,normal,0.0,real_cira,mixed,-1
396,0,normal,0.0,real_cira,mixed,-1
397,0,normal,0.0,real_cira,mixed,-1
398,0,normal,0.0,real_cira,mixed,-1
399,0,normal,0.0,real_cira,mixed,-1
400,0,normal,0.0,real_cira,mixed,-1
401,0,normal,0.0,real_cira,mixed,-1
402,0,normal,0.0,real_cira,mixed,-1
403,0,normal,0.0,real_cira,mixed,-1
404,0,normal,0.0,real_cira,mixed,-1
405,0,normal,0.0,real_cira,mixed,-1
406,0,normal,0.0,real_cira,mixed,-1
407,0,normal,0.0,real_cira,mixed,-1
408,0,normal,0.0,real_cira,mixed,-1
409,0,normal,0.0,real_cira,mixed,-1
410,0,normal,0.0,real_cira,mixed,-1
411,0,normal,0.0,real_cira,mixed,-1
412,0,normal,0.0,real_cira,mixed,-1
413,0,normal,0.0,real_cira,mixed,-1
414,0,normal,0.0,real_cira,mixed,-1
415,0,normal,0.0,real_cira,mixed,-1
416,0,normal,0.0,real_cira,mixed,-1
417,0,normal,0.0,real_cira,mixed,-1
418,0,normal,0.0,real_cira,mixed,-1
419,0,normal,0.0,real_cira,mixed,-1
420,0,normal,0.0,real_cira,mixed,-1
421,0,normal,0.0,real_cira,mixed,-1
422,0,normal,0.0,real_cira,mixed,-1
423,0,normal,0.0,real_cira,mixed,-1
424,0,normal,0.0,real_cira,mixed,-1
425,0,normal,0.0,real_cira,mixed,-1
426,0,normal,0.0,real_cira,mixed,-1
427,0,normal,0.0,real_cira,mixed,-1
428,0,normal,0.0,real_cira,mixed,-1
429,0,normal,0.0,real_cira,mixed,-1
430,0,normal,0.0,real_cira,mixed,-1
431,0,normal,0.0,real_cira,mixed,-1
432,0,normal,0.0,real_cira,mixed,-1
433,0,normal,0.0,real_cira,mixed,-1
434,0,normal,0.0,real_cira,mixed,-1
435,0,normal,0.0,real_cira,mixed,-1
436,0,normal,0.0,real_cira,mixed,-1
437,0,normal,0.0,real_cira,mixed,-1
438,0,normal,0.0,real_cira,mixed,-1
439,0,normal,0.0,real_cira,mixed,-1
440,0,normal,0.0,real_cira,mixed,-1
441,0,normal,0.0,real_cira,mixed,-1
442,0,normal,0.0,real_cira,mixed,-1
443,0,normal,0.0,real_cira,mixed,-1
444,0,normal,0.0,real_cira,mixed,-1
445,0,normal,0.0,real_cira,mixed,-1
446,0,normal,0.0,real_cira,mixed,-1
447,0,normal,0.0,real_cira,mixed,-1
448,0,normal,0.0,real_cira,mixed,-1
449,0,normal,0.0,real_cira,mixed,-1
450,0,normal,0.0,real_cira,mixed,-1
451,0,normal,0.0,real_cira,mixed,-1
452,0,normal,0.0,real_cira,mixed,-1
453,0,normal,0.0,real_cira,mixed,-1
454,0,normal,0.0,real_cira,mixed,-1
455,0,normal,0.0,real_cira,mixed,-1
456,0,normal,0.0,real_cira,mixed,-1
457,0,normal,0.0,real_cira,mixed,-1
458,0,normal,0.0,real_cira,mixed,-1
459,0,normal,0.0,real_cira,mixed,-1
460,0,normal,0.0,real_cira,mixed,-1
461,0,normal,0.0,real_cira,mixed,-1
462,0,normal,0.0,real_cira,mixed,-1
463,0,normal,0.0,real_cira,mixed,-1
464,0,normal,0.0,real_cira,mixed,-1
465,0,normal,0.0,real_cira,mixed,-1
466,0,normal,0.0,real_cira,mixed,-1
467,0,normal,0.0,real_cira,mixed,-1
468,0,normal,0.0,real_cira,mixed,-1
469,0,normal,0.0,real_cira,mixed,-1
470,0,normal,0.0,real_cira,mixed,-1
471,0,normal,0.0,real_cira,mixed,-1
472,0,normal,0.0,real_cira,mixed,-1
473,0,normal,0.0,real_cira,mixed,-1
474,0,normal,0.0,real_cira,mixed,-1
475,0,normal,0.0,real_cira,mixed,-1
476,0,normal,0.0,real_cira,mixed,-1
477,0,normal,0.0,real_cira,mixed,-1
478,0,normal,0.0,real_cira,mixed,-1
479,0,normal,0.0,real_cira,mixed,-1
480,0,normal,0.0,real_cira,mixed,-1
481,0,normal,0.0,real_cira,mixed,-1
482,0,normal,0.0,real_cira,mixed,-1
483,0,normal,0.0,real_cira,mixed,-1
484,0,normal,0.0,real_cira,mixed,-1
485,0,normal,0.0,real_cira,mixed,-1
486,0,normal,0.0,real_cira,mixed,-1
487,0,normal,0.0,real_cira,mixed,-1
488,0,normal,0.0,real_cira,mixed,-1
489,0,normal,0.0,real_cira,mixed,-1
490,0,normal,0.0,real_cira,mixed,-1
491,0,normal,0.0,real_cira,mixed,-1
492,0,normal,0.0,real_cira,mixed,-1
493,0,normal,0.0,real_cira,mixed,-1
494,0,normal,0.0,real_cira,mixed,-1
495,0,normal,0.0,real_cira,mixed,-1
496,0,normal,0.0,real_cira,mixed,-1
497,0,normal,0.0,real_cira,mixed,-1
498,0,normal,0.0,real_cira,mixed,-1
499,0,normal,0.0,real_cira,mixed,-1
500,0,normal,0.0,real_cira,mixed,-1
501,0,normal,0.0,real_cira,mixed,-1
502,0,normal,0.0,real_cira,mixed,-1
503,0,normal,0.0,real_cira,mixed,-1
504,0,normal,0.0,real_cira,mixed,-1
505,0,normal,0.0,real_cira,mixed,-1
506,0,normal,0.0,real_cira,mixed,-1
507,0,normal,0.0,real_cira,mixed,-1
508,0,normal,0.0,real_cira,mixed,-1
509,0,normal,0.0,real_cira,mixed,-1
510,0,normal,0.0,real_cira,mixed,-1
511,0,normal,0.0,real_cira,mixed,-1
512,0,normal,0.0,real_cira,mixed,-1
513,0,normal,0.0,real_cira,mixed,-1
514,0,normal,0.0,real_cira,mixed,-1
515,0,normal,0.0,real_cira,mixed,-1
516,0,normal,0.0,real_cira,mixed,-1
517,0,normal,0.0,real_cira,mixed,-1
518,0,normal,0.0,real_cira,mixed,-1
519,0,normal,0.0,real_cira,mixed,-1
520,0,normal,0.0,real_cira,mixed,-1
521,0,normal,0.0,real_cira,mixed,-1
522,0,normal,0.0,real_cira,mixed,-1
523,0,normal,0.0,real_cira,mixed,-1
524,0,normal,0.0,real_cira,mixed,-1
525,0,normal,0.0,real_cira,mixed,-1
526,0,normal,0.0,real_cira,mixed,-1
527,0,normal,0.0,real_cira,mixed,-1
528,0,normal,0.0,real_cira,mixed,-1
529,0,normal,0.0,real_cira,mixed,-1
530,0,normal,0.0,real_cira,mixed,-1
531,0,normal,0.0,real_cira,mixed,-1
532,0,normal,0.0,real_cira,mixed,-1
533,0,normal,0.0,real_cira,mixed,-1
534,0,normal,0.0,real_cira,mixed,-1
535,0,normal,0.0,real_cira,mixed,-1
536,0,normal,0.0,real_cira,mixed,-1
537,0,normal,0.0,real_cira,mixed,-1
538,0,normal,0.0,real_cira,mixed,-1
539,0,normal,0.0,real_cira,mixed,-1
540,0,normal,0.0,real_cira,mixed,-1
541,0,normal,0.0,real_cira,mixed,-1
542,0,normal,0.0,real_cira,mixed,-1
543,0,normal,0.0,real_cira,mixed,-1
544,0,normal,0.0,real_cira,mixed,-1
545,0,normal,0.0,real_cira,mixed,-1
546,0,normal,0.0,real_cira,mixed,-1
547,0,normal,0.0,real_cira,mixed,-1
548,0,normal,0.0,real_cira,mixed,-1
549,0,normal,0.0,real_cira,mixed,-1
550,0,normal,0.0,real_cira,mixed,-1
551,0,normal,0.0,real_cira,mixed,-1
552,0,normal,0.0,real_cira,mixed,-1
553,0,normal,0.0,real_cira,mixed,-1
554,0,normal,0.0,real_cira,mixed,-1
555,0,normal,0.0,real_cira,mixed,-1
556,0,normal,0.0,real_cira,mixed,-1
557,0,normal,0.0,real_cira,mixed,-1
558,0,normal,0.0,real_cira,mixed,-1
559,0,normal,0.0,real_cira,mixed,-1
560,0,normal,0.0,real_cira,mixed,-1
561,0,normal,0.0,real_cira,mixed,-1
562,0,normal,0.0,real_cira,mixed,-1
563,0,normal,0.0,real_cira,mixed,-1
564,0,normal,0.0,real_cira,mixed,-1
565,0,normal,0.0,real_cira,mixed,-1
566,0,normal,0.0,real_cira,mixed,-1
567,0,normal,0.0,real_cira,mixed,-1
568,0,normal,0.0,real_cira,mixed,-1
569,0,normal,0.0,real_cira,mixed,-1
570,0,normal,0.0,real_cira,mixed,-1
571,0,normal,0.0,real_cira,mixed,-1
572,0,normal,0.0,real_cira,mixed,-1
573,0,normal,0.0,real_cira,mixed,-1
574,0,normal,0.0,real_cira,mixed,-1
575,0,normal,0.0,real_cira,mixed,-1
576,0,normal,0.0,real_cira,mixed,-1
577,0,normal,0.0,real_cira,mixed,-1
578,0,normal,0.0,real_cira,mixed,-1
579,0,normal,0.0,real_cira,mixed,-1
580,0,normal,0.0,real_cira,mixed,-1
581,0,normal,0.0,real_cira,mixed,-1
582,0,normal,0.0,real_cira,mixed,-1
583,0,normal,0.0,real_cira,mixed,-1
584,0,normal,0.0,real_cira,mixed,-1
585,0,normal,0.0,real_cira,mixed,-1
586,0,normal,0.0,real_cira,mixed,-1
587,0,normal,0.0,real_cira,mixed,-1
588,0,normal,0.0,real_cira,mixed,-1
589,0,normal,0.0,real_cira,mixed,-1
590,0,normal,0.0,real_cira,mixed,-1
591,0,normal,0.0,real_cira,mixed,-1
592,0,normal,0.0,real_cira,mixed,-1
593,0,normal,0.0,real_cira,mixed,-1
594,0,normal,0.0,real_cira,mixed,-1
595,0,normal,0.0,real_cira,mixed,-1
596,0,normal,0.0,real_cira,mixed,-1
597,0,normal,0.0,real_cira,mixed,-1
598,0,normal,0.0,real_cira,mixed,-1
599,0,normal,0.0,real_cira,mixed,-1
600,0,normal,0.0,real_cira,mixed,-1
601,0,normal,0.0,real_cira,mixed,-1
602,0,normal,0.0,real_cira,mixed,-1
603,0,normal,0.0,real_cira,mixed,-1
604,0,normal,0.0,real_cira,mixed,-1
605,0,normal,0.0,real_cira,mixed,-1
606,0,normal,0.0,real_cira,mixed,-1
607,0,normal,0.0,real_cira,mixed,-1
608,0,normal,0.0,real_cira,mixed,-1
609,0,normal,0.0,real_cira,mixed,-1
610,0,normal,0.0,real_cira,mixed,-1
611,0,normal,0.0,real_cira,mixed,-1
612,0,normal,0.0,real_cira,mixed,-1
613,0,normal,0.0,real_cira,mixed,-1
614,0,normal,0.0,real_cira,mixed,-1
615,0,normal,0.0,real_cira,mixed,-1
616,0,normal,0.0,real_cira,mixed,-1
617,0,normal,0.0,real_cira,mixed,-1
618,0,normal,0.0,real_cira,mixed,-1
619,0,normal,0.0,real_cira,mixed,-1
620,0,normal,0.0,real_cira,mixed,-1
621,0,normal,0.0,real_cira,mixed,-1
622,0,normal,0.0,real_cira,mixed,-1
623,0,normal,0.0,real_cira,mixed,-1
624,0,normal,0.0,real_cira,mixed,-1
625,0,normal,0.0,real_cira,mixed,-1
626,0,normal,0.0,real_cira,mixed,-1
627,0,normal,0.0,real_cira,mixed,-1
628,0,normal,0.0,real_cira,mixed,-1
629,0,normal,0.0,real_cira,mixed,-1
630,0,normal,0.0,real_cira,mixed,-1
631,0,normal,0.0,real_cira,mixed,-1
632,0,normal,0.0,real_cira,mixed,-1
633,0,normal,0.0,real_cira,mixed,-1
634,0,normal,0.0,real_cira,mixed,-1
635,0,normal,0.0,real_cira,mixed,-1
636,0,normal,0.0,real_cira,mixed,-1
637,0,normal,0.0,real_cira,mixed,-1
638,0,normal,0.0,real_cira,mixed,-1
639,0,normal,0.0,real_cira,mixed,-1
640,0,normal,0.0,real_cira,mixed,-1
641,0,normal,0.0,real_cira,mixed,-1
642,0,normal,0.0,real_cira,mixed,-1
643,0,normal,0.0,real_cira,mixed,-1
644,0,normal,0.0,real_cira,mixed,-1
645,0,normal,0.0,real_cira,mixed,-1
646,0,normal,0.0,real_cira,mixed,-1
647,0,normal,0.0,real_cira,mixed,-1
648,0,normal,0.0,real_cira,mixed,-1
649,0,normal,0.0,real_cira,mixed,-1
650,0,normal,0.0,real_cira,mixed,-1
651,0,normal,0.0,real_cira,mixed,-1
652,0,normal,0.0,real_cira,mixed,-1
653,0,normal,0.0,real_cira,mixed,-1
654,0,normal,0.0,real_cira,mixed,-1
655,0,normal,0.0,real_cira,mixed,-1
656,0,normal,0.0,real_cira,mixed,-1
657,0,normal,0.0,real_cira,mixed,-1
658,0,normal,0.0,real_cira,mixed,-1
659,0,normal,0.0,real_cira,mixed,-1
660,0,normal,0.0,real_cira,mixed,-1
661,0,normal,0.0,real_cira,mixed,-1
662,0,normal,0.0,real_cira,mixed,-1
663,0,normal,0.0,real_cira,mixed,-1
664,0,normal,0.0,real_cira,mixed,-1
665,0,normal,0.0,real_cira,mixed,-1
666,0,normal,0.0,real_cira,mixed,-1
667,0,normal,0.0,real_cira,mixed,-1
668,0,normal,0.0,real_cira,mixed,-1
669,0,normal,0.0,real_cira,mixed,-1
670,0,normal,0.0,real_cira,mixed,-1
671,0,normal,0.0,real_cira,mixed,-1
672,0,normal,0.0,real_cira,mixed,-1
673,0,normal,0.0,real_cira,mixed,-1
674,0,normal,0.0,real_cira,mixed,-1
675,0,normal,0.0,real_cira,mixed,-1
676,0,normal,0.0,real_cira,mixed,-1
677,0,normal,0.0,real_cira,mixed,-1
678,0,normal,0.0,real_cira,mixed,-1
679,0,normal,0.0,real_cira,mixed,-1
680,0,normal,0.0,real_cira,mixed,-1
681,0,normal,0.0,real_cira,mixed,-1
682,0,normal,0.0,real_cira,mixed,-1
683,0,normal,0.0,real_cira,mixed,-1
684,0,normal,0.0,real_cira,mixed,-1
685,0,normal,0.0,real_cira,mixed,-1
686,0,normal,0.0,real_cira,mixed,-1
687,0,normal,0.0,real_cira,mixed,-1
688,0,normal,0.0,real_cira,mixed,-1
689,0,normal,0.0,real_cira,mixed,-1
690,0,normal,0.0,real_cira,mixed,-1
691,0,normal,0.0,real_cira,mixed,-1
692,0,normal,0.0,real_cira,mixed,-1
693,0,normal,0.0,real_cira,mixed,-1
694,0,normal,0.0,real_cira,mixed,-1
695,0,normal,0.0,real_cira,mixed,-1
696,0,normal,0.0,real_cira,mixed,-1
697,0,normal,0.0,real_cira,mixed,-1
698,0,normal,0.0,real_cira,mixed,-1
699,0,normal,0.0,real_cira,mixed,-1
700,0,normal,0.0,real_cira,mixed,-1
701,0,normal,0.0,real_cira,mixed,-1
702,0,normal,0.0,real_cira,mixed,-1
703,0,normal,0.0,real_cira,mixed,-1
704,0,normal,0.0,real_cira,mixed,-1
705,0,normal,0.0,real_cira,mixed,-1
706,0,normal,0.0,real_cira,mixed,-1
707,0,normal,0.0,real_cira,mixed,-1
708,0,normal,0.0,real_cira,mixed,-1
709,0,normal,0.0,real_cira,mixed,-1
710,0,normal,0.0,real_cira,mixed,-1
711,0,normal,0.0,real_cira,mixed,-1
712,0,normal,0.0,real_cira,mixed,-1
713,0,normal,0.0,real_cira,mixed,-1
714,0,normal,0.0,real_cira,mixed,-1
715,0,normal,0.0,real_cira,mixed,-1
716,0,normal,0.0,real_cira,mixed,-1
717,0,normal,0.0,real_cira,mixed,-1
718,0,normal,0.0,real_cira,mixed,-1
719,0,normal,0.0,real_cira,mixed,-1
720,0,normal,0.0,real_cira,mixed,-1
721,0,normal,0.0,real_cira,mixed,-1
722,0,normal,0.0,real_cira,mixed,-1
723,0,normal,0.0,real_cira,mixed,-1
724,0,normal,0.0,real_cira,mixed,-1
725,0,normal,0.0,real_cira,mixed,-1
726,0,normal,0.0,real_cira,mixed,-1
727,0,normal,0.0,real_cira,mixed,-1
728,0,normal,0.0,real_cira,mixed,-1
729,0,normal,0.0,real_cira,mixed,-1
730,0,normal,0.0,real_cira,mixed,-1
731,0,normal,0.0,real_cira,mixed,-1
732,0,normal,0.0,real_cira,mixed,-1
733,0,normal,0.0,real_cira,mixed,-1
734,0,normal,0.0,real_cira,mixed,-1
735,0,normal,0.0,real_cira,mixed,-1
736,0,normal,0.0,real_cira,mixed,-1
737,0,normal,0.0,real_cira,mixed,-1
738,0,normal,0.0,real_cira,mixed,-1
739,0,normal,0.0,real_cira,mixed,-1
740,0,normal,0.0,real_cira,mixed,-1
741,0,normal,0.0,real_cira,mixed,-1
742,0,normal,0.0,real_cira,mixed,-1
743,0,normal,0.0,real_cira,mixed,-1
744,0,normal,0.0,real_cira,mixed,-1
745,0,normal,0.0,real_cira,mixed,-1
746,0,normal,0.0,real_cira,mixed,-1
747,0,normal,0.0,real_cira,mixed,-1
748,0,normal,0.0,real_cira,mixed,-1
749,0,normal,0.0,real_cira,mixed,-1
750,0,normal,0.0,real_cira,mixed,-1
751,0,normal,0.0,real_cira,mixed,-1
752,0,normal,0.0,real_cira,mixed,-1
753,0,normal,0.0,real_cira,mixed,-1
754,0,normal,0.0,real_cira,mixed,-1
755,0,normal,0.0,real_cira,mixed,-1
756,0,normal,0.0,real_cira,mixed,-1
757,0,normal,0.0,real_cira,mixed,-1
758,0,normal,0.0,real_cira,mixed,-1
759,0,normal,0.0,real_cira,mixed,-1
760,0,normal,0.0,real_cira,mixed,-1
761,0,normal,0.0,real_cira,mixed,-1
762,0,normal,0.0,real_cira,mixed,-1
763,0,normal,0.0,real_cira,mixed,-1
764,0,normal,0.0,real_cira,mixed,-1
765,0,normal,0.0,real_cira,mixed,-1
766,0,normal,0.0,real_cira,mixed,-1
767,0,normal,0.0,real_cira,mixed,-1
768,0,normal,0.0,real_cira,mixed,-1
769,0,normal,0.0,real_cira,mixed,-1
770,0,normal,0.0,real_cira,mixed,-1
771,0,normal,0.0,real_cira,mixed,-1
772,0,normal,0.0,real_cira,mixed,-1
773,0,normal,0.0,real_cira,mixed,-1
774,0,normal,0.0,real_cira,mixed,-1
775,0,normal,0.0,real_cira,mixed,-1
776,0,normal,0.0,real_cira,mixed,-1
777,0,normal,0.0,real_cira,mixed,-1
778,0,normal,0.0,real_cira,mixed,-1
779,0,normal,0.0,real_cira,mixed,-1
780,0,normal,0.0,real_cira,mixed,-1
781,0,normal,0.0,real_cira,mixed,-1
782,0,normal,0.0,real_cira,mixed,-1
783,0,normal,0.0,real_cira,mixed,-1
784,0,normal,0.0,real_cira,mixed,-1
785,0,normal,0.0,real_cira,mixed,-1
786,0,normal,0.0,real_cira,mixed,-1
787,0,normal,0.0,real_cira,mixed,-1
788,0,normal,0.0,real_cira,mixed,-1
789,0,normal,0.0,real_cira,mixed,-1
790,0,normal,0.0,real_cira,mixed,-1
791,0,normal,0.0,real_cira,mixed,-1
792,0,normal,0.0,real_cira,mixed,-1
793,0,normal,0.0,real_cira,mixed,-1
794,0,normal,0.0,real_cira,mixed,-1
795,0,normal,0.0,real_cira,mixed,-1
796,0,normal,0.0,real_cira,mixed,-1
797,0,normal,0.0,real_cira,mixed,-1
798,0,normal,0.0,real_cira,mixed,-1
799,0,normal,0.0,real_cira,mixed,-1
800,0,normal,0.0,real_cira,mixed,-1
801,0,normal,0.0,real_cira,mixed,-1
802,0,normal,0.0,real_cira,mixed,-1
803,0,normal,0.0,real_cira,mixed,-1
804,0,normal,0.0,real_cira,mixed,-1
805,0,normal,0.0,real_cira,mixed,-1
806,0,normal,0.0,real_cira,mixed,-1
807,0,normal,0.0,real_cira,mixed,-1
808,0,normal,0.0,real_cira,mixed,-1
809,0,normal,0.0,real_cira,mixed,-1
810,0,normal,0.0,real_cira,mixed,-1
811,0,normal,0.0,real_cira,mixed,-1
812,0,normal,0.0,real_cira,mixed,-1
813,0,normal,0.0,real_cira,mixed,-1
814,0,normal,0.0,real_cira,mixed,-1
815,0,normal,0.0,real_cira,mixed,-1
816,0,normal,0.0,real_cira,mixed,-1
817,0,normal,0.0,real_cira,mixed,-1
818,0,normal,0.0,real_cira,mixed,-1
819,0,normal,0.0,real_cira,mixed,-1
820,0,normal,0.0,real_cira,mixed,-1
821,0,normal,0.0,real_cira,mixed,-1
822,0,normal,0.0,real_cira,mixed,-1
823,0,normal,0.0,real_cira,mixed,-1
824,0,normal,0.0,real_cira,mixed,-1
825,0,normal,0.0,real_cira,mixed,-1
826,0,normal,0.0,real_cira,mixed,-1
827,0,normal,0.0,real_cira,mixed,-1
828,0,normal,0.0,real_cira,mixed,-1
829,0,normal,0.0,real_cira,mixed,-1
830,0,normal,0.0,real_cira,mixed,-1
831,0,normal,0.0,real_cira,mixed,-1
832,0,normal,0.0,real_cira,mixed,-1
833,0,normal,0.0,real_cira,mixed,-1
834,0,normal,0.0,real_cira,mixed,-1
835,0,normal,0.0,real_cira,mixed,-1
836,0,normal,0.0,real_cira,mixed,-1
837,0,normal,0.0,real_cira,mixed,-1
838,0,normal,0.0,real_cira,mixed,-1
839,0,normal,0.0,real_cira,mixed,-1
840,0,normal,0.0,real_cira,mixed,-1
841,0,normal,0.0,real_cira,mixed,-1
842,0,normal,0.0,real_cira,mixed,-1
843,0,normal,0.0,real_cira,mixed,-1
844,0,normal,0.0,real_cira,mixed,-1
845,0,normal,0.0,real_cira,mixed,-1
846,0,normal,0.0,real_cira,mixed,-1
847,0,normal,0.0,real_cira,mixed,-1
848,0,normal,0.0,real_cira,mixed,-1
849,0,normal,0.0,real_cira,mixed,-1
850,0,normal,0.0,real_cira,mixed,-1
851,0,normal,0.0,real_cira,mixed,-1
852,0,normal,0.0,real_cira,mixed,-1
853,0,normal,0.0,real_cira,mixed,-1
854,0,normal,0.0,real_cira,mixed,-1
855,0,normal,0.0,real_cira,mixed,-1
856,0,normal,0.0,real_cira,mixed,-1
857,0,normal,0.0,real_cira,mixed,-1
858,0,normal,0.0,real_cira,mixed,-1
859,0,normal,0.0,real_cira,mixed,-1
860,0,normal,0.0,real_cira,mixed,-1
861,0,normal,0.0,real_cira,mixed,-1
862,0,normal,0.0,real_cira,mixed,-1
863,0,normal,0.0,real_cira,mixed,-1
864,0,normal,0.0,real_cira,mixed,-1
865,0,normal,0.0,real_cira,mixed,-1
866,0,normal,0.0,real_cira,mixed,-1
867,0,normal,0.0,real_cira,mixed,-1
868,0,normal,0.0,real_cira,mixed,-1
869,0,normal,0.0,real_cira,mixed,-1
870,0,normal,0.0,real_cira,mixed,-1
871,0,normal,0.0,real_cira,mixed,-1
872,0,normal,0.0,real_cira,mixed,-1
873,0,normal,0.0,real_cira,mixed,-1
874,0,normal,0.0,real_cira,mixed,-1
875,0,normal,0.0,real_cira,mixed,-1
876,0,normal,0.0,real_cira,mixed,-1
877,0,normal,0.0,real_cira,mixed,-1
878,0,normal,0.0,real_cira,mixed,-1
879,0,normal,0.0,real_cira,mixed,-1
880,0,normal,0.0,real_cira,mixed,-1
881,0,normal,0.0,real_cira,mixed,-1
882,0,normal,0.0,real_cira,mixed,-1
883,0,normal,0.0,real_cira,mixed,-1
884,0,normal,0.0,real_cira,mixed,-1
885,0,normal,0.0,real_cira,mixed,-1
886,0,normal,0.0,real_cira,mixed,-1
887,0,normal,0.0,real_cira,mixed,-1
888,0,normal,0.0,real_cira,mixed,-1
889,0,normal,0.0,real_cira,mixed,-1
890,0,normal,0.0,real_cira,mixed,-1
891,0,normal,0.0,real_cira,mixed,-1
892,0,normal,0.0,real_cira,mixed,-1
893,0,normal,0.0,real_cira,mixed,-1
894,0,normal,0.0,real_cira,mixed,-1
895,0,normal,0.0,real_cira,mixed,-1
896,0,normal,0.0,real_cira,mixed,-1
897,0,normal,0.0,real_cira,mixed,-1
898,0,normal,0.0,real_cira,mixed,-1
899,0,normal,0.0,real_cira,mixed,-1
900,0,normal,0.0,real_cira,mixed,-1
901,0,normal,0.0,real_cira,mixed,-1
902,0,normal,0.0,real_cira,mixed,-1
903,0,normal,0.0,real_cira,mixed,-1
904,0,normal,0.0,real_cira,mixed,-1
905,0,normal,0.0,real_cira,mixed,-1
906,0,normal,0.0,real_cira,mixed,-1
907,0,normal,0.0,real_cira,mixed,-1
908,0,normal,0.0,real_cira,mixed,-1
909,0,normal,0.0,real_cira,mixed,-1
910,0,normal,0.0,real_cira,mixed,-1
911,0,normal,0.0,real_cira,mixed,-1
912,0,normal,0.0,real_cira,mixed,-1
913,0,normal,0.0,real_cira,mixed,-1
914,0,normal,0.0,real_cira,mixed,-1
915,0,normal,0.0,real_cira,mixed,-1
916,0,normal,0.0,real_cira,mixed,-1
917,0,normal,0.0,real_cira,mixed,-1
918,0,normal,0.0,real_cira,mixed,-1
919,0,normal,0.0,real_cira,mixed,-1
920,0,normal,0.0,real_cira,mixed,-1
921,0,normal,0.0,real_cira,mixed,-1
922,0,normal,0.0,real_cira,mixed,-1
923,0,normal,0.0,real_cira,mixed,-1
924,0,normal,0.0,real_cira,mixed,-1
925,0,normal,0.0,real_cira,mixed,-1
926,0,normal,0.0,real_cira,mixed,-1
927,0,normal,0.0,real_cira,mixed,-1
928,0,normal,0.0,real_cira,mixed,-1
929,0,normal,0.0,real_cira,mixed,-1
930,0,normal,0.0,real_cira,mixed,-1
931,0,normal,0.0,real_cira,mixed,-1
932,0,normal,0.0,real_cira,mixed,-1
933,0,normal,0.0,real_cira,mixed,-1
934,0,normal,0.0,real_cira,mixed,-1
935,0,normal,0.0,real_cira,mixed,-1
936,0,normal,0.0,real_cira,mixed,-1
937,0,normal,0.0,real_cira,mixed,-1
938,0,normal,0.0,real_cira,mixed,-1
939,0,normal,0.0,real_cira,mixed,-1
940,0,normal,0.0,real_cira,mixed,-1
941,0,normal,0.0,real_cira,mixed,-1
942,0,normal,0.0,real_cira,mixed,-1
943,0,normal,0.0,real_cira,mixed,-1
944,0,normal,0.0,real_cira,mixed,-1
945,0,normal,0.0,real_cira,mixed,-1
946,0,normal,0.0,real_cira,mixed,-1
947,0,normal,0.0,real_cira,mixed,-1
948,0,normal,0.0,real_cira,mixed,-1
949,0,normal,0.0,real_cira,mixed,-1
950,0,normal,0.0,real_cira,mixed,-1
951,0,normal,0.0,real_cira,mixed,-1
952,0,normal,0.0,real_cira,mixed,-1
953,0,normal,0.0,real_cira,mixed,-1
954,0,normal,0.0,real_cira,mixed,-1
955,0,normal,0.0,real_cira,mixed,-1
956,0,normal,0.0,real_cira,mixed,-1
957,0,normal,0.0,real_cira,mixed,-1
958,0,normal,0.0,real_cira,mixed,-1
959,0,normal,0.0,real_cira,mixed,-1
960,0,normal,0.0,real_cira,mixed,-1
961,0,normal,0.0,real_cira,mixed,-1
962,0,normal,0.0,real_cira,mixed,-1
963,0,normal,0.0,real_cira,mixed,-1
964,0,normal,0.0,real_cira,mixed,-1
965,0,normal,0.0,real_cira,mixed,-1
966,0,normal,0.0,real_cira,mixed,-1
967,0,normal,0.0,real_cira,mixed,-1
968,0,normal,0.0,real_cira,mixed,-1
969,0,normal,0.0,real_cira,mixed,-1
970,0,normal,0.0,real_cira,mixed,-1
971,0,normal,0.0,real_cira,mixed,-1
972,0,normal,0.0,real_cira,mixed,-1
973,0,normal,0.0,real_cira,mixed,-1
974,0,normal,0.0,real_cira,mixed,-1
975,0,normal,0.0,real_cira,mixed,-1
976,0,normal,0.0,real_cira,mixed,-1
977,0,normal,0.0,real_cira,mixed,-1
978,0,normal,0.0,real_cira,mixed,-1
979,0,normal,0.0,real_cira,mixed,-1
980,0,normal,0.0,real_cira,mixed,-1
981,0,normal,0.0,real_cira,mixed,-1
982,0,normal,0.0,real_cira,mixed,-1
983,0,normal,0.0,real_cira,mixed,-1
984,0,normal,0.0,real_cira,mixed,-1
985,0,normal,0.0,real_cira,mixed,-1
986,0,normal,0.0,real_cira,mixed,-1
987,0,normal,0.0,real_cira,mixed,-1
988,0,normal,0.0,real_cira,mixed,-1
989,0,normal,0.0,real_cira,mixed,-1
990,0,normal,0.0,real_cira,mixed,-1
991,0,normal,0.0,real_cira,mixed,-1
992,0,normal,0.0,real_cira,mixed,-1
993,0,normal,0.0,real_cira,mixed,-1
994,0,normal,0.0,real_cira,mixed,-1
995,0,normal,0.0,real_cira,mixed,-1
996,0,normal,0.0,real_cira,mixed,-1
997,0,normal,0.0,real_cira,mixed,-1
998,0,normal,0.0,real_cira,mixed,-1
999,0,normal,0.0,real_cira,mixed,-1
1000,0,normal,0.0,real_cira,mixed,-1
1001,0,normal,0.0,real_cira,mixed,-1
1002,0,normal,0.0,real_cira,mixed,-1
1003,0,normal,0.0,real_cira,mixed,-1
1004,0,normal,0.0,real_cira,mixed,-1
1005,0,normal,0.0,real_cira,mixed,-1
1006,0,normal,0.0,real_cira,mixed,-1
1007,0,normal,0.0,real_cira,mixed,-1
1008,0,normal,0.0,real_cira,mixed,-1
1009,0,normal,0.0,real_cira,mixed,-1
1010,0,normal,0.0,real_cira,mixed,-1
1011,0,normal,0.0,real_cira,mixed,-1
1012,0,normal,0.0,real_cira,mixed,-1
1013,0,normal,0.0,real_cira,mixed,-1
1014,0,normal,0.0,real_cira,mixed,-1
1015,0,normal,0.0,real_cira,mixed,-1
1016,0,normal,0.0,real_cira,mixed,-1
1017,0,normal,0.0,real_cira,mixed,-1
1018,0,normal,0.0,real_cira,mixed,-1
1019,0,normal,0.0,real_cira,mixed,-1
1020,0,normal,0.0,real_cira,mixed,-1
1021,0,normal,0.0,real_cira,mixed,-1
1022,0,normal,0.0,real_cira,mixed,-1
1023,0,normal,0.0,real_cira,mixed,-1
1024,0,normal,0.0,real_cira,mixed,-1
1025,0,normal,0.0,real_cira,mixed,-1
1026,0,normal,0.0,real_cira,mixed,-1
1027,0,normal,0.0,real_cira,mixed,-1
1028,0,normal,0.0,real_cira,mixed,-1
1029,0,normal,0.0,real_cira,mixed,-1
1030,0,normal,0.0,real_cira,mixed,-1
1031,0,normal,0.0,real_cira,mixed,-1
1032,0,normal,0.0,real_cira,mixed,-1
1033,0,normal,0.0,real_cira,mixed,-1
1034,0,normal,0.0,real_cira,mixed,-1
1035,0,normal,0.0,real_cira,mixed,-1
1036,0,normal,0.0,real_cira,mixed,-1
1037,0,normal,0.0,real_cira,mixed,-1
1038,0,normal,0.0,real_cira,mixed,-1
1039,0,normal,0.0,real_cira,mixed,-1
1040,0,normal,0.0,real_cira,mixed,-1
1041,0,normal,0.0,real_cira,mixed,-1
1042,0,normal,0.0,real_cira,mixed,-1
1043,0,normal,0.0,real_cira,mixed,-1
1044,0,normal,0.0,real_cira,mixed,-1
1045,0,normal,0.0,real_cira,mixed,-1
1046,0,normal,0.0,real_cira,mixed,-1
1047,0,normal,0.0,real_cira,mixed,-1
1048,0,normal,0.0,real_cira,mixed,-1
1049,0,normal,0.0,real_cira,mixed,-1
1050,0,normal,0.0,real_cira,mixed,-1
1051,0,normal,0.0,real_cira,mixed,-1
1052,0,normal,0.0,real_cira,mixed,-1
1053,0,normal,0.0,real_cira,mixed,-1
1054,0,normal,0.0,real_cira,mixed,-1
1055,0,normal,0.0,real_cira,mixed,-1
1056,0,normal,0.0,real_cira,mixed,-1
1057,0,normal,0.0,real_cira,mixed,-1
1058,0,normal,0.0,real_cira,mixed,-1
1059,0,normal,0.0,real_cira,mixed,-1
1060,0,normal,0.0,real_cira,mixed,-1
1061,0,normal,0.0,real_cira,mixed,-1
1062,0,normal,0.0,real_cira,mixed,-1
1063,0,normal,0.0,real_cira,mixed,-1
1064,0,normal,0.0,real_cira,mixed,-1
1065,0,normal,0.0,real_cira,mixed,-1
1066,0,normal,0.0,real_cira,mixed,-1
1067,0,normal,0.0,real_cira,mixed,-1
1068,0,normal,0.0,real_cira,mixed,-1
1069,0,normal,0.0,real_cira,mixed,-1
1070,0,normal,0.0,real_cira,mixed,-1
1071,0,normal,0.0,real_cira,mixed,-1
1072,0,normal,0.0,real_cira,mixed,-1
1073,0,normal,0.0,real_cira,mixed,-1
1074,0,normal,0.0,real_cira,mixed,-1
1075,0,normal,0.0,real_cira,mixed,-1
1076,0,normal,0.0,real_cira,mixed,-1
1077,0,normal,0.0,real_cira,mixed,-1
1078,0,normal,0.0,real_cira,mixed,-1
1079,0,normal,0.0,real_cira,mixed,-1
1080,0,normal,0.0,real_cira,mixed,-1
1081,0,normal,0.0,real_cira,mixed,-1
1082,0,normal,0.0,real_cira,mixed,-1
1083,0,normal,0.0,real_cira,mixed,-1
1084,0,normal,0.0,real_cira,mixed,-1
1085,0,normal,0.0,real_cira,mixed,-1
1086,0,normal,0.0,real_cira,mixed,-1
1087,0,normal,0.0,real_cira,mixed,-1
1088,0,normal,0.0,real_cira,mixed,-1
1089,0,normal,0.0,real_cira,mixed,-1
1090,0,normal,0.0,real_cira,mixed,-1
1091,0,normal,0.0,real_cira,mixed,-1
1092,0,normal,0.0,real_cira,mixed,-1
1093,0,normal,0.0,real_cira,mixed,-1
1094,0,normal,0.0,real_cira,mixed,-1
1095,0,normal,0.0,real_cira,mixed,-1
1096,0,normal,0.0,real_cira,mixed,-1
1097,0,normal,0.0,real_cira,mixed,-1
1098,0,normal,0.0,real_cira,mixed,-1
1099,0,normal,0.0,real_cira,mixed,-1
1100,0,normal,0.0,real_cira,mixed,-1
1101,0,normal,0.0,real_cira,mixed,-1
1102,0,normal,0.0,real_cira,mixed,-1
1103,0,normal,0.0,real_cira,mixed,-1
1104,0,normal,0.0,real_cira,mixed,-1
1105,0,normal,0.0,real_cira,mixed,-1
1106,0,normal,0.0,real_cira,mixed,-1
1107,0,normal,0.0,real_cira,mixed,-1
1108,0,normal,0.0,real_cira,mixed,-1
1109,0,normal,0.0,real_cira,mixed,-1
1110,0,normal,0.0,real_cira,mixed,-1
1111,0,normal,0.0,real_cira,mixed,-1
1112,0,normal,0.0,real_cira,mixed,-1
1113,0,normal,0.0,real_cira,mixed,-1
1114,0,normal,0.0,real_cira,mixed,-1
1115,0,normal,0.0,real_cira,mixed,-1
1116,0,normal,0.0,real_cira,mixed,-1
1117,0,normal,0.0,real_cira,mixed,-1
1118,0,normal,0.0,real_cira,mixed,-1
1119,0,normal,0.0,real_cira,mixed,-1
1120,0,normal,0.0,real_cira,mixed,-1
1121,0,normal,0.0,real_cira,mixed,-1
1122,0,normal,0.0,real_cira,mixed,-1
1123,0,normal,0.0,real_cira,mixed,-1
1124,0,normal,0.0,real_cira,mixed,-1
1125,0,normal,0.0,real_cira,mixed,-1
1126,0,normal,0.0,real_cira,mixed,-1
1127,0,normal,0.0,real_cira,mixed,-1
1128,0,normal,0.0,real_cira,mixed,-1
1129,0,normal,0.0,real_cira,mixed,-1
1130,0,normal,0.0,real_cira,mixed,-1
1131,0,normal,0.0,real_cira,mixed,-1
1132,0,normal,0.0,real_cira,mixed,-1
1133,0,normal,0.0,real_cira,mixed,-1
1134,0,normal,0.0,real_cira,mixed,-1
1135,0,normal,0.0,real_cira,mixed,-1
1136,0,normal,0.0,real_cira,mixed,-1
1137,0,normal,0.0,real_cira,mixed,-1
1138,0,normal,0.0,real_cira,mixed,-1
1139,0,normal,0.0,real_cira,mixed,-1
1140,0,normal,0.0,real_cira,mixed,-1
1141,0,normal,0.0,real_cira,mixed,-1
1142,0,normal,0.0,real_cira,mixed,-1
1143,0,normal,0.0,real_cira,mixed,-1
1144,0,normal,0.0,real_cira,mixed,-1
1145,0,normal,0.0,real_cira,mixed,-1
1146,0,normal,0.0,real_cira,mixed,-1
1147,0,normal,0.0,real_cira,mixed,-1
1148,0,normal,0.0,real_cira,mixed,-1
1149,0,normal,0.0,real_cira,mixed,-1
1150,0,normal,0.0,real_cira,mixed,-1
1151,0,normal,0.0,real_cira,mixed,-1
1152,0,normal,0.0,real_cira,mixed,-1
1153,0,normal,0.0,real_cira,mixed,-1
1154,0,normal,0.0,real_cira,mixed,-1
1155,0,normal,0.0,real_cira,mixed,-1
1156,0,normal,0.0,real_cira,mixed,-1
1157,0,normal,0.0,real_cira,mixed,-1
1158,0,normal,0.0,real_cira,mixed,-1
1159,0,normal,0.0,real_cira,mixed,-1
1160,0,normal,0.0,real_cira,mixed,-1
1161,0,normal,0.0,real_cira,mixed,-1
1162,0,normal,0.0,real_cira,mixed,-1
1163,0,normal,0.0,real_cira,mixed,-1
1164,0,normal,0.0,real_cira,mixed,-1
1165,0,normal,0.0,real_cira,mixed,-1
1166,0,normal,0.0,real_cira,mixed,-1
1167,0,normal,0.0,real_cira,mixed,-1
1168,0,normal,0.0,real_cira,mixed,-1
1169,0,normal,0.0,real_cira,mixed,-1
1170,0,normal,0.0,real_cira,mixed,-1
1171,0,normal,0.0,real_cira,mixed,-1
1172,0,normal,0.0,real_cira,mixed,-1
1173,0,normal,0.0,real_cira,mixed,-1
1174,0,normal,0.0,real_cira,mixed,-1
1175,0,normal,0.0,real_cira,mixed,-1
1176,0,normal,0.0,real_cira,mixed,-1
1177,0,normal,0.0,real_cira,mixed,-1
1178,0,normal,0.0,real_cira,mixed,-1
1179,0,normal,0.0,real_cira,mixed,-1
1180,0,normal,0.0,real_cira,mixed,-1
1181,0,normal,0.0,real_cira,mixed,-1
1182,0,normal,0.0,real_cira,mixed,-1
1183,0,normal,0.0,real_cira,mixed,-1
1184,0,normal,0.0,real_cira,mixed,-1
1185,0,normal,0.0,real_cira,mixed,-1
1186,0,normal,0.0,real_cira,mixed,-1
1187,0,normal,0.0,real_cira,mixed,-1
1188,0,normal,0.0,real_cira,mixed,-1
1189,0,normal,0.0,real_cira,mixed,-1
1190,0,normal,0.0,real_cira,mixed,-1
1191,0,normal,0.0,real_cira,mixed,-1
1192,0,normal,0.0,real_cira,mixed,-1
1193,0,normal,0.0,real_cira,mixed,-1
1194,0,normal,0.0,real_cira,mixed,-1
1195,0,normal,0.0,real_cira,mixed,-1
1196,0,normal,0.0,real_cira,mixed,-1
1197,0,normal,0.0,real_cira,mixed,-1
1198,0,normal,0.0,real_cira,mixed,-1
1199,0,normal,0.0,real_cira,mixed,-1
1200,1,bearing_wear,0.658,spike_seed,startup,7
1201,1,bearing_wear,0.392,spike_seed,high_load,8
1202,1,bearing_wear,0.901,spike_seed,steady_state,9
1203,1,bearing_wear,0.477,spike_seed,startup,12
1204,1,bearing_wear,0.266,spike_seed,high_load,14
1205,1,bearing_wear,0.934,spike_seed,steady_state,15
1206,1,bearing_wear,0.495,spike_seed,startup,16
1207,1,bearing_wear,0.477,spike_seed,steady_state,18
1208,1,bearing_wear,0.337,spike_seed,high_load,19
1209,1,bearing_wear,0.244,spike_seed,high_load,22
1210,1,bearing_wear,0.861,spike_seed,startup,23
1211,1,bearing_wear,0.557,spike_seed,steady_state,24
1212,1,bearing_wear,0.745,spike_seed,startup,26
1213,1,bearing_wear,0.826,spike_seed,startup,27
1214,1,bearing_wear,0.705,spike_seed,steady_state,28
1215,1,bearing_wear,0.415,spike_seed,high_load,29
1216,1,bearing_wear,0.614,spike_seed,startup,31
1217,1,bearing_wear,0.691,spike_seed,steady_state,32
1218,1,bearing_wear,0.531,spike_seed,high_load,33
1219,1,bearing_wear,0.837,spike_seed,high_load,35
1220,1,bearing_wear,0.304,spike_seed,steady_state,36
1221,1,bearing_wear,0.52,spike_seed,high_load,37
1222,1,bearing_wear,0.768,spike_seed,steady_state,38
1223,1,bearing_wear,0.445,spike_seed,high_load,43
1224,1,bearing_wear,0.649,spike_seed,startup,47
1225,1,bearing_wear,0.922,spike_seed,high_load,48
1226,1,bearing_wear,0.921,spike_seed,steady_state,50
1227,1,bearing_wear,0.224,spike_seed,steady_state,53
1228,1,bearing_wear,0.697,spike_seed,high_load,54
1229,1,bearing_wear,0.763,spike_seed,startup,55
1230,1,bearing_wear,0.939,spike_seed,high_load,56
1231,1,bearing_wear,0.525,spike_seed,startup,57
1232,1,bearing_wear,0.867,spike_seed,startup,58
1233,1,bearing_wear,0.629,spike_seed,startup,60
1234,1,bearing_wear,0.233,spike_seed,steady_state,64
1235,1,bearing_wear,0.486,spike_seed,high_load,65
1236,1,bearing_wear,0.918,spike_seed,high_load,66
1237,1,bearing_wear,0.609,spike_seed,startup,68
1238,1,bearing_wear,0.816,spike_seed,high_load,71
1239,1,bearing_wear,0.497,spike_seed,startup,72
1240,1,bearing_wear,0.666,spike_seed,startup,75
1241,1,bearing_wear,0.212,spike_seed,high_load,77
1242,1,bearing_wear,0.259,spike_seed,steady_state,78
1243,1,bearing_wear,0.525,spike_seed,steady_state,80
1244,1,bearing_wear,0.937,spike_seed,startup,81
1245,1,bearing_wear,0.38,spike_seed,startup,82
1246,1,bearing_wear,0.888,spike_seed,high_load,84
1247,1,bearing_wear,0.464,spike_seed,startup,85
1248,1,bearing_wear,0.579,spike_seed,steady_state,86
1249,1,bearing_wear,0.371,spike_seed,high_load,88
1250,1,bearing_wear,0.825,spike_seed,steady_state,89
1251,1,bearing_wear,0.904,spike_seed,high_load,90
1252,1,bearing_wear,0.825,spike_seed,high_load,91
1253,1,bearing_wear,0.932,spike_seed,startup,92
1254,1,bearing_wear,0.237,spike_seed,steady_state,95
1255,1,bearing_wear,0.788,spike_seed,startup,99
1256,1,bearing_wear,0.911,spike_seed,high_load,102
1257,1,bearing_wear,0.313,spike_seed,high_load,104
1258,1,bearing_wear,0.409,spike_seed,steady_state,105
1259,1,bearing_wear,0.903,spike_seed,high_load,108
1260,1,bearing_wear,0.893,spike_seed,high_load,109
1261,1,bearing_wear,0.919,spike_seed,high_load,113
1262,1,bearing_wear,0.928,spike_seed,steady_state,114
1263,1,bearing_wear,0.338,spike_seed,steady_state,115
1264,1,bearing_wear,0.46,spike_seed,steady_state,119
1265,1,bearing_wear,0.405,spike_seed,high_load,120
1266,1,bearing_wear,0.923,spike_seed,startup,123
1267,1,bearing_wear,0.389,spike_seed,startup,124
1268,1,bearing_wear,0.971,spike_seed,steady_state,125
1269,1,bearing_wear,0.568,spike_seed,steady_state,127
1270,1,bearing_wear,0.519,spike_seed,steady_state,129
1271,1,bearing_wear,0.324,spike_seed,steady_state,130
1272,1,bearing_wear,0.409,spike_seed,steady_state,132
1273,1,bearing_wear,0.249,spike_seed,startup,134
1274,1,bearing_wear,0.628,spike_seed,startup,141
1275,1,bearing_wear,0.225,spike_seed,startup,143
1276,1,bearing_wear,0.299,spike_seed,startup,145
1277,1,bearing_wear,0.376,spike_seed,steady_state,146
1278,1,bearing_wear,0.447,spike_seed,startup,148
1279,1,bearing_wear,0.51,spike_seed,steady_state,150
1280,1,bearing_wear,0.497,spike_seed,startup,151
1281,1,bearing_wear,0.526,spike_seed,steady_state,153
1282,1,bearing_wear,0.587,spike_seed,high_load,154
1283,1,bearing_wear,0.74,spike_seed,steady_state,156
1284,1,bearing_wear,0.691,spike_seed,startup,160
1285,1,bearing_wear,0.699,spike_seed,high_load,163
1286,1,bearing_wear,0.406,spike_seed,steady_state,165
1287,1,bearing_wear,0.561,spike_seed,steady_state,166
1288,1,bearing_wear,0.277,spike_seed,high_load,168
1289,1,bearing_wear,0.262,spike_seed,high_load,169
1290,1,bearing_wear,0.636,spike_seed,high_load,170
1291,1,bearing_wear,0.983,spike_seed,steady_state,172
1292,1,bearing_wear,0.828,spike_seed,startup,173
1293,1,bearing_wear,0.518,spike_seed,steady_state,174
1294,1,bearing_wear,0.566,spike_seed,startup,175
1295,1,bearing_wear,0.222,spike_seed,startup,176
1296,1,bearing_wear,0.82,spike_seed,startup,177
1297,1,bearing_wear,0.319,spike_seed,steady_state,178
1298,1,bearing_wear,0.474,spike_seed,high_load,179
1299,1,bearing_wear,0.526,spike_seed,steady_state,180
1300,1,bearing_wear,0.708,spike_seed,startup,182
1301,1,bearing_wear,0.743,spike_seed,steady_state,183
1302,1,bearing_wear,0.514,spike_seed,high_load,184
1303,1,bearing_wear,0.51,spike_seed,startup,186
1304,1,bearing_wear,0.268,spike_seed,steady_state,187
1305,1,bearing_wear,0.276,spike_seed,high_load,188
1306,1,bearing_wear,0.653,spike_seed,high_load,189
1307,1,bearing_wear,0.72,spike_seed,steady_state,190
1308,1,bearing_wear,0.898,spike_seed,steady_state,191
1309,1,bearing_wear,0.332,spike_seed,startup,193
1310,1,bearing_wear,0.642,spike_seed,steady_state,197
1311,1,bearing_wear,0.531,spike_seed,high_load,198
1312,1,bearing_wear,0.351,spike_seed,high_load,199
1313,1,bearing_wear,0.351,spike_seed,startup,202
1314,1,bearing_wear,0.354,spike_seed,high_load,203
1315,1,bearing_wear,0.614,spike_seed,steady_state,204
1316,1,bearing_wear,0.679,spike_seed,startup,205
1317,1,bearing_wear,0.604,spike_seed,steady_state,208
1318,1,bearing_wear,0.376,spike_seed,steady_state,209
1319,1,bearing_wear,0.617,spike_seed,steady_state,211
1320,1,bearing_wear,0.391,spike_seed,high_load,213
1321,1,bearing_wear,0.438,spike_seed,steady_state,215
1322,1,bearing_wear,0.667,spike_seed,steady_state,219
1323,1,bearing_wear,0.501,spike_seed,startup,221
1324,1,bearing_wear,0.319,spike_seed,high_load,223
1325,1,bearing_wear,0.841,spike_seed,steady_state,224
1326,1,bearing_wear,0.618,spike_seed,startup,225
1327,1,bearing_wear,0.618,spike_seed,steady_state,229
1328,1,bearing_wear,0.643,spike_seed,high_load,230
1329,1,bearing_wear,0.507,spike_seed,steady_state,231
1330,1,bearing_wear,0.371,spike_seed,high_load,234
1331,1,bearing_wear,0.871,spike_seed,high_load,235
1332,1,bearing_wear,0.999,spike_seed,steady_state,236
1333,1,bearing_wear,0.356,spike_seed,high_load,237
1334,1,bearing_wear,0.626,spike_seed,startup,239
1335,1,bearing_wear,0.417,spike_seed,startup,240
1336,1,bearing_wear,0.449,spike_seed,steady_state,242
1337,1,bearing_wear,0.669,spike_seed,high_load,243
1338,1,bearing_wear,0.652,spike_seed,startup,249
1339,1,bearing_wear,0.59,spike_seed,steady_state,250
1340,1,bearing_wear,0.756,spike_seed,steady_state,251
1341,1,bearing_wear,0.218,spike_seed,steady_state,252
1342,1,bearing_wear,0.993,spike_seed,steady_state,253
1343,1,bearing_wear,0.542,spike_seed,high_load,254
1344,1,bearing_wear,0.669,spike_seed,steady_state,255
1345,1,bearing_wear,0.99,spike_seed,steady_state,256
1346,1,bearing_wear,0.697,spike_seed,steady_state,257
1347,1,bearing_wear,0.528,spike_seed,startup,258
1348,1,bearing_wear,0.327,spike_seed,steady_state,260
1349,1,bearing_wear,0.324,spike_seed,steady_state,261
1350,1,bearing_wear,0.638,spike_seed,steady_state,262
1351,1,bearing_wear,0.509,spike_seed,steady_state,263
1352,1,bearing_wear,0.998,spike_seed,startup,267
1353,1,bearing_wear,0.656,spike_seed,steady_state,268
1354,1,bearing_wear,0.318,spike_seed,steady_state,269
1355,1,bearing_wear,0.94,spike_seed,high_load,270
1356,1,bearing_wear,0.611,spike_seed,startup,272
1357,1,bearing_wear,0.788,spike_seed,steady_state,273
1358,1,bearing_wear,0.684,spike_seed,startup,274
1359,1,bearing_wear,0.943,spike_seed,startup,275
1360,1,bearing_wear,0.617,spike_seed,high_load,279
1361,1,bearing_wear,0.427,spike_seed,startup,280
1362,1,bearing_wear,0.787,spike_seed,startup,281
1363,1,bearing_wear,0.396,spike_seed,high_load,284
1364,1,bearing_wear,0.217,spike_seed,high_load,285
1365,1,bearing_wear,0.796,spike_seed,high_load,287
1366,1,bearing_wear,0.751,spike_seed,high_load,288
1367,1,bearing_wear,0.775,spike_seed,startup,289
1368,1,bearing_wear,0.834,spike_seed,steady_state,290
1369,1,bearing_wear,0.832,spike_seed,steady_state,291
1370,1,bearing_wear,0.736,spike_seed,startup,292
1371,1,bearing_wear,0.552,spike_seed,startup,297
1372,1,bearing_wear,0.616,spike_seed,steady_state,298
1373,1,bearing_wear,0.585,spike_seed,steady_state,299
1374,1,bearing_wear,0.561,spike_seed,steady_state,303
1375,1,bearing_wear,0.717,spike_seed,startup,305
1376,1,bearing_wear,0.498,spike_seed,steady_state,307
1377,1,bearing_wear,0.585,spike_seed,high_load,308
1378,1,bearing_wear,0.869,spike_seed,startup,309
1379,1,bearing_wear,0.261,spike_seed,steady_state,310
1380,1,bearing_wear,0.795,spike_seed,steady_state,311
1381,1,bearing_wear,0.754,spike_seed,high_load,316
1382,1,bearing_wear,0.277,spike_seed,steady_state,318
1383,1,bearing_wear,0.824,spike_seed,startup,320
1384,1,bearing_wear,0.372,spike_seed,steady_state,321
1385,1,bearing_wear,0.796,spike_seed,high_load,322
1386,1,bearing_wear,0.425,spike_seed,high_load,329
1387,1,bearing_wear,0.855,spike_seed,startup,331
1388,1,bearing_wear,0.389,spike_seed,steady_state,335
1389,1,bearing_wear,0.912,spike_seed,startup,337
1390,1,bearing_wear,0.5,spike_seed,steady_state,338
1391,1,bearing_wear,0.791,spike_seed,steady_state,342
1392,1,bearing_wear,0.588,spike_seed,startup,343
1393,1,bearing_wear,0.59,spike_seed,startup,344
1394,1,bearing_wear,0.689,spike_seed,high_load,346
1395,1,bearing_wear,0.647,spike_seed,high_load,347
1396,1,bearing_wear,0.424,spike_seed,steady_state,348
1397,1,bearing_wear,0.966,spike_seed,startup,350
1398,1,bearing_wear,0.614,spike_seed,high_load,351
1399,1,bearing_wear,0.652,spike_seed,steady_state,355
1400,1,bearing_wear,0.609,spike_seed,high_load,359
1401,1,bearing_wear,0.694,spike_seed,high_load,360
1402,1,bearing_wear,0.38,spike_seed,high_load,361
1403,1,bearing_wear,0.414,spike_seed,startup,363
1404,1,bearing_wear,0.371,spike_seed,steady_state,365
1405,1,bearing_wear,0.947,spike_seed,startup,366
1406,1,bearing_wear,0.535,spike_seed,startup,367
1407,1,bearing_wear,0.249,spike_seed,startup,368
1408,1,bearing_wear,0.404,spike_seed,high_load,369
1409,1,bearing_wear,0.712,spike_seed,high_load,370
1410,1,bearing_wear,0.772,spike_seed,startup,371
1411,1,bearing_wear,0.589,spike_seed,high_load,374
1412,1,bearing_wear,0.768,spike_seed,steady_state,375
1413,1,bearing_wear,0.398,spike_seed,startup,377
1414,1,bearing_wear,0.285,spike_seed,startup,378
1415,1,bearing_wear,0.897,spike_seed,startup,379
1416,1,bearing_wear,0.632,spike_seed,steady_state,380
1417,1,bearing_wear,0.314,spike_seed,steady_state,383
1418,1,bearing_wear,0.452,spike_seed,high_load,384
1419,1,bearing_wear,0.337,spike_seed,steady_state,386
1420,1,bearing_wear,0.736,spike_seed,startup,387
1421,1,bearing_wear,0.694,spike_seed,startup,388
1422,1,bearing_wear,0.628,spike_seed,high_load,390
1423,1,bearing_wear,0.413,spike_seed,startup,391
1424,1,bearing_wear,0.79,spike_seed,steady_state,392
1425,1,bearing_wear,0.223,spike_seed,startup,393
1426,1,bearing_wear,0.449,spike_seed,startup,395
1427,1,bearing_wear,0.949,spike_seed,high_load,397
1428,1,bearing_wear,0.921,spike_seed,startup,399
1429,1,bearing_wear,0.944,spike_seed,steady_state,405
1430,1,bearing_wear,0.774,spike_seed,startup,406
1431,1,bearing_wear,0.693,spike_seed,startup,407
1432,1,bearing_wear,0.314,spike_seed,steady_state,408
1433,1,bearing_wear,0.35,spike_seed,high_load,413
1434,1,bearing_wear,0.321,spike_seed,startup,414
1435,1,bearing_wear,0.997,spike_seed,startup,415
1436,1,bearing_wear,0.929,spike_seed,high_load,416
1437,1,bearing_wear,0.842,spike_seed,startup,417
1438,1,bearing_wear,0.375,spike_seed,startup,419
1439,1,bearing_wear,0.827,spike_seed,high_load,423
1440,1,bearing_wear,0.639,spike_seed,high_load,426
1441,1,bearing_wear,0.553,spike_seed,startup,427
1442,1,bearing_wear,0.578,spike_seed,startup,428
1443,1,bearing_wear,0.329,spike_seed,steady_state,431
1444,1,bearing_wear,0.871,spike_seed,high_load,436
1445,1,bearing_wear,0.55,spike_seed,high_load,437
1446,1,bearing_wear,0.698,spike_seed,steady_state,438
1447,1,bearing_wear,0.972,spike_seed,startup,440
1448,1,bearing_wear,0.456,spike_seed,high_load,444
1449,1,bearing_wear,0.949,spike_seed,high_load,445
1450,1,bearing_wear,0.474,spike_seed,high_load,447
1451,1,bearing_wear,0.833,spike_seed,high_load,448
1452,1,bearing_wear,0.309,spike_seed,startup,449
1453,1,bearing_wear,0.52,spike_seed,startup,450
1454,1,bearing_wear,0.781,spike_seed,startup,451
1455,1,bearing_wear,0.89,spike_seed,startup,452
1456,1,bearing_wear,0.317,spike_seed,startup,453
1457,1,bearing_wear,0.833,spike_seed,startup,454
1458,1,bearing_wear,0.666,spike_seed,high_load,455
1459,1,bearing_wear,0.411,spike_seed,startup,458
1460,1,bearing_wear,0.854,spike_seed,high_load,459
1461,1,bearing_wear,0.509,spike_seed,startup,460
1462,1,bearing_wear,0.643,spike_seed,startup,461
1463,1,bearing_wear,0.873,spike_seed,steady_state,463
1464,1,bearing_wear,0.751,spike_seed,steady_state,464
1465,1,bearing_wear,0.612,spike_seed,high_load,465
1466,1,bearing_wear,0.782,spike_seed,startup,468
1467,1,bearing_wear,0.328,spike_seed,startup,470
1468,1,bearing_wear,0.437,spike_seed,high_load,477
1469,1,bearing_wear,0.365,spike_seed,startup,478
1470,1,bearing_wear,0.64,spike_seed,steady_state,481
1471,1,bearing_wear,0.4,spike_seed,startup,484
1472,1,bearing_wear,0.879,spike_seed,steady_state,485
1473,1,bearing_wear,0.735,spike_seed,high_load,486
1474,1,bearing_wear,0.835,spike_seed,startup,488
1475,1,bearing_wear,0.347,spike_seed,startup,489
1476,1,bearing_wear,0.998,spike_seed,startup,490
1477,1,bearing_wear,0.993,spike_seed,high_load,493
1478,1,bearing_wear,0.517,spike_seed,startup,494
1479,1,bearing_wear,0.775,spike_seed,steady_state,495
1480,1,bearing_wear,0.394,spike_seed,startup,496
1481,1,bearing_wear,0.336,spike_seed,startup,497
1482,1,bearing_wear,0.459,spike_seed,high_load,498
1483,1,bearing_wear,0.405,spike_seed,high_load,502
1484,1,bearing_wear,0.41,spike_seed,high_load,503
1485,1,bearing_wear,0.305,spike_seed,steady_state,505
1486,1,bearing_wear,0.709,spike_seed,startup,506
1487,1,bearing_wear,0.675,spike_seed,high_load,509
1488,1,bearing_wear,0.778,spike_seed,steady_state,511
1489,1,bearing_wear,0.627,spike_seed,steady_state,513
1490,1,bearing_wear,0.941,physics,high_load,515
1491,1,bearing_wear,0.756,physics,steady_state,515
1492,1,bearing_wear,0.409,physics,steady_state,515
1493,1,bearing_wear,0.403,physics,steady_state,515
1494,1,bearing_wear,0.641,physics,high_load,515
1495,1,bearing_wear,0.899,physics,high_load,515
1496,1,bearing_wear,0.311,physics,high_load,515
1497,1,bearing_wear,0.985,physics,high_load,515
1498,1,bearing_wear,0.696,physics,steady_state,515
1499,1,bearing_wear,0.419,physics,high_load,515
1500,1,bearing_wear,0.642,physics,high_load,515
1501,1,bearing_wear,0.89,physics,high_load,515
1502,1,bearing_wear,0.556,physics,steady_state,515
1503,1,bearing_wear,0.635,physics,startup,515
1504,1,bearing_wear,0.363,physics,startup,515
1505,1,bearing_wear,0.668,physics,high_load,515
1506,1,bearing_wear,0.958,physics,steady_state,515
1507,1,bearing_wear,0.93,physics,startup,515
1508,1,bearing_wear,0.761,physics,steady_state,515
1509,1,bearing_wear,0.897,physics,high_load,515
1510,1,bearing_wear,0.456,physics,high_load,515
1511,1,bearing_wear,0.598,physics,startup,515
1512,1,bearing_wear,0.701,physics,steady_state,515
1513,1,bearing_wear,0.895,physics,startup,515
1514,1,bearing_wear,0.908,physics,high_load,515
1515,1,bearing_wear,0.603,physics,startup,515
1516,1,bearing_wear,0.554,physics,startup,515
1517,1,bearing_wear,0.422,physics,high_load,515
1518,1,bearing_wear,0.776,physics,startup,515
1519,1,bearing_wear,0.421,physics,high_load,515
1520,1,bearing_wear,0.327,physics,steady_state,515
1521,1,bearing_wear,0.757,physics,steady_state,515
1522,1,bearing_wear,0.641,physics,startup,515
1523,1,bearing_wear,0.935,physics,startup,515
1524,1,bearing_wear,0.591,physics,high_load,515
1525,1,bearing_wear,0.667,physics,steady_state,515
1526,1,bearing_wear,0.298,physics,steady_state,515
1527,1,bearing_wear,0.749,physics,steady_state,515
1528,1,bearing_wear,0.927,physics,steady_state,515
1529,1,bearing_wear,0.45,physics,steady_state,515
1530,1,bearing_wear,0.914,physics,steady_state,515
1531,1,bearing_wear,0.663,physics,high_load,515
1532,1,bearing_wear,0.379,physics,steady_state,515
1533,1,bearing_wear,0.346,physics,startup,515
1534,1,bearing_wear,0.823,physics,startup,515
1535,1,bearing_wear,0.944,physics,startup,515
1536,1,bearing_wear,0.753,physics,high_load,515
1537,1,bearing_wear,0.646,physics,startup,515
1538,1,bearing_wear,0.99,physics,high_load,515
1539,1,bearing_wear,0.558,physics,startup,515
1540,1,bearing_wear,0.583,physics,high_load,515
1541,1,bearing_wear,0.282,physics,startup,515
1542,1,bearing_wear,0.639,physics,steady_state,515
1543,1,bearing_wear,0.374,physics,steady_state,515
1544,1,bearing_wear,0.438,physics,high_load,515
1545,1,bearing_wear,0.349,physics,startup,515
1546,1,bearing_wear,0.491,physics,startup,515
1547,1,bearing_wear,0.619,physics,startup,515
1548,1,bearing_wear,0.496,physics,high_load,515
1549,1,bearing_wear,0.948,physics,startup,515
1550,1,bearing_wear,0.612,physics,high_load,515
1551,1,bearing_wear,0.375,physics,high_load,515
1552,1,bearing_wear,0.779,physics,startup,515
1553,1,bearing_wear,0.465,physics,startup,515
1554,1,bearing_wear,0.448,physics,startup,515
1555,1,bearing_wear,0.875,physics,high_load,515
1556,1,bearing_wear,0.446,physics,high_load,515
1557,1,bearing_wear,0.374,physics,steady_state,515
1558,1,bearing_wear,0.825,physics,startup,515
1559,1,bearing_wear,0.287,physics,startup,515
1560,1,bearing_wear,0.227,physics,steady_state,515
1561,1,bearing_wear,0.726,physics,high_load,515
1562,1,bearing_wear,0.923,physics,steady_state,515
1563,1,bearing_wear,0.648,physics,high_load,515
1564,1,bearing_wear,0.865,physics,startup,515
1565,1,bearing_wear,0.539,physics,high_load,515
1566,1,bearing_wear,0.52,physics,high_load,515
1567,1,bearing_wear,0.937,physics,startup,515
1568,1,bearing_wear,0.904,physics,high_load,515
1569,1,bearing_wear,0.876,physics,steady_state,515
1570,1,bearing_wear,0.509,physics,steady_state,515
1571,1,bearing_wear,0.607,physics,steady_state,515
1572,1,bearing_wear,0.639,physics,high_load,515
1573,1,bearing_wear,0.909,physics,steady_state,515
1574,1,bearing_wear,0.526,physics,steady_state,515
1575,1,bearing_wear,0.706,physics,startup,515
1576,1,bearing_wear,0.626,physics,startup,515
1577,1,bearing_wear,0.547,physics,steady_state,515
1578,1,bearing_wear,0.779,physics,steady_state,515
1579,1,bearing_wear,0.89,physics,high_load,515
1580,1,bearing_wear,0.505,physics,high_load,515
1581,1,bearing_wear,0.809,physics,startup,515
1582,1,bearing_wear,0.981,physics,high_load,515
1583,1,bearing_wear,0.362,physics,startup,515
1584,1,bearing_wear,0.828,physics,startup,515
1585,1,bearing_wear,0.586,physics,high_load,515
1586,1,bearing_wear,0.537,physics,startup,515
1587,1,bearing_wear,0.55,physics,startup,515
1588,1,bearing_wear,0.654,physics,steady_state,515
1589,1,bearing_wear,0.695,physics,steady_state,515
1590,1,bearing_wear,0.793,physics,steady_state,515
1591,1,bearing_wear,0.569,physics,startup,515
1592,1,bearing_wear,0.751,physics,startup,515
1593,1,bearing_wear,0.901,physics,startup,515
1594,1,bearing_wear,0.238,physics,startup,515
1595,1,bearing_wear,0.689,physics,steady_state,515
1596,1,bearing_wear,0.869,physics,high_load,515
1597,1,bearing_wear,0.369,physics,startup,515
1598,1,bearing_wear,0.812,physics,steady_state,515
1599,1,bearing_wear,0.634,physics,high_load,515
1600,1,bearing_wear,0.855,physics,steady_state,515
1601,1,bearing_wear,0.645,physics,startup,515
1602,1,bearing_wear,0.653,physics,high_load,515
1603,1,bearing_wear,0.667,physics,high_load,515
1604,1,bearing_wear,0.859,physics,high_load,515
1605,1,bearing_wear,0.539,physics,high_load,515
1606,1,bearing_wear,0.613,physics,steady_state,515
1607,1,bearing_wear,0.274,physics,steady_state,515
1608,1,bearing_wear,0.492,physics,steady_state,515
1609,1,bearing_wear,0.852,physics,high_load,515
1610,1,bearing_wear,0.464,physics,startup,515
1611,1,bearing_wear,0.773,physics,startup,515
1612,1,bearing_wear,0.567,physics,high_load,515
1613,1,bearing_wear,0.642,physics,steady_state,515
1614,1,bearing_wear,0.711,physics,steady_state,515
1615,1,bearing_wear,0.785,physics,steady_state,515
1616,1,bearing_wear,0.427,physics,steady_state,515
1617,1,bearing_wear,0.667,physics,startup,515
1618,1,bearing_wear,0.782,physics,high_load,515
1619,1,bearing_wear,0.976,physics,steady_state,515
1620,1,bearing_wear,0.716,physics,high_load,515
1621,1,bearing_wear,0.499,physics,high_load,515
1622,1,bearing_wear,0.884,physics,steady_state,515
1623,1,bearing_wear,0.874,physics,high_load,515
1624,1,bearing_wear,0.993,physics,steady_state,515
1625,1,bearing_wear,0.872,physics,high_load,515
1626,1,bearing_wear,0.725,physics,startup,515
1627,1,bearing_wear,0.401,physics,steady_state,515
1628,1,bearing_wear,0.813,physics,high_load,515
1629,1,bearing_wear,0.947,physics,steady_state,515
1630,1,bearing_wear,0.545,physics,steady_state,515
1631,1,bearing_wear,0.413,physics,high_load,515
1632,1,bearing_wear,0.32,physics,high_load,515
1633,1,bearing_wear,0.675,physics,startup,515
1634,1,bearing_wear,0.454,physics,high_load,515
1635,1,bearing_wear,0.436,physics,steady_state,515
1636,1,bearing_wear,0.486,physics,startup,515
1637,1,bearing_wear,0.842,physics,high_load,515
1638,1,bearing_wear,0.231,physics,steady_state,515
1639,1,bearing_wear,0.453,physics,startup,515
1640,1,bearing_wear,0.954,physics,high_load,515
1641,1,bearing_wear,0.498,physics,steady_state,515
1642,1,bearing_wear,0.567,physics,startup,515
1643,1,bearing_wear,0.591,physics,startup,515
1644,1,bearing_wear,0.475,physics,steady_state,515
1645,1,bearing_wear,0.54,physics,steady_state,515
1646,1,bearing_wear,0.576,physics,high_load,515
1647,1,bearing_wear,0.712,physics,startup,515
1648,1,bearing_wear,0.35,physics,high_load,515
1649,1,bearing_wear,0.367,physics,high_load,515
1650,1,bearing_wear,0.985,physics,high_load,515
1651,1,bearing_wear,0.545,physics,steady_state,515
1652,1,bearing_wear,0.501,physics,high_load,515
1653,1,bearing_wear,0.832,physics,high_load,515
1654,1,bearing_wear,0.989,physics,steady_state,515
1655,1,bearing_wear,0.36,physics,startup,515
1656,1,bearing_wear,0.398,physics,steady_state,515
1657,1,bearing_wear,0.392,physics,startup,515
1658,1,bearing_wear,0.593,physics,startup,515
1659,1,bearing_wear,0.557,physics,high_load,515
1660,1,bearing_wear,0.404,physics,startup,515
1661,1,bearing_wear,0.277,physics,high_load,515
1662,1,bearing_wear,0.59,physics,high_load,515
1663,1,bearing_wear,0.752,physics,high_load,515
1664,1,bearing_wear,0.283,physics,steady_state,515
1665,1,bearing_wear,0.632,physics,steady_state,515
1666,1,bearing_wear,0.371,physics,startup,515
1667,1,bearing_wear,0.476,physics,steady_state,515
1668,1,bearing_wear,0.644,physics,startup,515
1669,1,bearing_wear,0.619,physics,steady_state,515
1670,1,bearing_wear,0.628,physics,startup,515
1671,1,bearing_wear,0.779,physics,startup,515
1672,1,bearing_wear,0.741,physics,startup,515
1673,1,bearing_wear,0.812,physics,steady_state,515
1674,1,bearing_wear,0.642,physics,high_load,515
1675,1,bearing_wear,0.572,physics,steady_state,515
1676,1,bearing_wear,0.914,physics,startup,515
1677,1,bearing_wear,0.721,physics,startup,515
1678,1,bearing_wear,0.328,physics,high_load,515
1679,1,bearing_wear,0.561,physics,steady_state,515
1680,1,bearing_wear,0.858,physics,steady_state,515
1681,1,bearing_wear,0.351,physics,startup,515
1682,1,bearing_wear,0.787,physics,startup,515
1683,1,bearing_wear,0.33,physics,high_load,515
1684,1,bearing_wear,0.295,physics,startup,515
1685,1,bearing_wear,0.692,physics,startup,515
1686,1,bearing_wear,0.58,physics,startup,515
1687,1,bearing_wear,0.767,physics,steady_state,515
1688,1,bearing_wear,0.572,physics,startup,515
1689,1,bearing_wear,0.256,physics,steady_state,515
1690,1,bearing_wear,0.645,physics,steady_state,515
1691,1,bearing_wear,0.987,physics,steady_state,515
1692,1,bearing_wear,0.7,physics,high_load,515
1693,1,bearing_wear,0.648,physics,high_load,515
1694,1,bearing_wear,0.569,physics,startup,515
1695,1,bearing_wear,0.931,physics,high_load,515
1696,1,bearing_wear,0.878,physics,high_load,515
1697,1,bearing_wear,0.53,physics,startup,515
1698,1,bearing_wear,0.377,physics,steady_state,515
1699,1,bearing_wear,0.633,physics,high_load,515
1700,1,bearing_wear,0.85,physics,high_load,515
1701,1,bearing_wear,0.657,physics,high_load,515
1702,1,bearing_wear,0.616,physics,steady_state,515
1703,1,bearing_wear,0.583,physics,startup,515
1704,1,bearing_wear,0.684,physics,high_load,515
1705,1,bearing_wear,0.783,physics,high_load,515
1706,1,bearing_wear,0.204,physics,high_load,515
1707,1,bearing_wear,0.975,physics,high_load,515
1708,1,bearing_wear,0.783,physics,high_load,515
1709,1,bearing_wear,0.752,physics,steady_state,515
1710,1,bearing_wear,0.923,physics,startup,515
1711,1,bearing_wear,0.279,physics,steady_state,515
1712,1,bearing_wear,0.298,physics,steady_state,515
1713,1,bearing_wear,0.497,physics,steady_state,515
1714,1,bearing_wear,0.229,physics,startup,515
1715,1,bearing_wear,0.754,physics,steady_state,515
1716,1,bearing_wear,0.392,physics,steady_state,515
1717,1,bearing_wear,0.686,physics,steady_state,515
1718,1,bearing_wear,0.536,physics,high_load,515
1719,1,bearing_wear,0.649,physics,startup,515
1720,1,bearing_wear,0.977,physics,startup,515
1721,1,bearing_wear,0.423,physics,high_load,515
1722,1,bearing_wear,0.652,physics,steady_state,515
1723,1,bearing_wear,0.445,physics,steady_state,515
1724,1,bearing_wear,0.634,physics,high_load,515
1725,1,bearing_wear,0.659,physics,high_load,515
1726,1,bearing_wear,0.993,physics,startup,515
1727,1,bearing_wear,0.982,physics,steady_state,515
1728,1,bearing_wear,0.755,physics,steady_state,515
1729,1,bearing_wear,0.795,physics,startup,515
1730,1,bearing_wear,0.85,physics,high_load,515
1731,1,bearing_wear,0.236,physics,high_load,515
1732,1,bearing_wear,0.763,physics,startup,515
1733,1,bearing_wear,0.966,physics,startup,515
1734,1,bearing_wear,0.981,physics,startup,515
1735,1,bearing_wear,0.773,physics,startup,515
1736,1,bearing_wear,0.533,physics,high_load,515
1737,1,bearing_wear,0.422,physics,steady_state,515
1738,1,bearing_wear,0.846,physics,high_load,515
1739,1,bearing_wear,0.762,physics,startup,515
1740,1,bearing_wear,0.436,physics,startup,515
1741,1,bearing_wear,0.517,physics,startup,515
1742,1,bearing_wear,0.932,physics,steady_state,515
1743,1,bearing_wear,0.747,physics,steady_state,515
1744,1,bearing_wear,0.667,physics,startup,515
1745,1,bearing_wear,0.973,physics,startup,515
1746,1,bearing_wear,0.592,physics,high_load,515
1747,1,bearing_wear,0.583,physics,steady_state,515
1748,1,bearing_wear,0.504,physics,steady_state,515
1749,1,bearing_wear,0.732,physics,high_load,515
1750,1,bearing_wear,0.717,physics,steady_state,515
1751,1,bearing_wear,0.941,physics,steady_state,515
1752,1,bearing_wear,0.778,physics,high_load,515
1753,1,bearing_wear,0.86,physics,steady_state,515
1754,1,bearing_wear,0.489,physics,high_load,515
1755,1,bearing_wear,0.874,physics,steady_state,515
1756,1,bearing_wear,0.881,physics,startup,515
1757,1,bearing_wear,0.986,physics,high_load,515
1758,1,bearing_wear,0.613,physics,startup,515
1759,1,bearing_wear,0.621,physics,high_load,515
1760,1,bearing_wear,0.677,physics,steady_state,515
1761,1,bearing_wear,0.577,physics,high_load,515
1762,1,bearing_wear,0.926,physics,high_load,515
1763,1,bearing_wear,0.998,physics,high_load,515
1764,1,bearing_wear,0.726,physics,steady_state,515
1765,1,bearing_wear,0.339,physics,steady_state,515
1766,1,bearing_wear,0.316,physics,high_load,515
1767,1,bearing_wear,0.932,physics,steady_state,515
1768,1,bearing_wear,0.751,physics,startup,515
1769,1,bearing_wear,0.374,physics,high_load,515
1770,1,bearing_wear,0.345,physics,steady_state,515
1771,1,bearing_wear,0.25,physics,steady_state,515
1772,1,bearing_wear,0.769,physics,high_load,515
1773,1,bearing_wear,0.985,physics,startup,515
1774,1,bearing_wear,0.649,physics,high_load,515
1775,1,bearing_wear,0.942,physics,high_load,515
1776,1,bearing_wear,0.372,physics,high_load,515
1777,1,bearing_wear,0.237,physics,high_load,515
1778,1,bearing_wear,0.553,physics,steady_state,515
1779,1,bearing_wear,0.5,physics,high_load,515
1780,1,bearing_wear,0.323,physics,high_load,515
1781,1,bearing_wear,0.222,physics,high_load,515
1782,1,bearing_wear,0.777,physics,high_load,515
1783,1,bearing_wear,0.998,physics,steady_state,515
1784,1,bearing_wear,0.993,physics,high_load,515
1785,1,bearing_wear,0.533,physics,high_load,515
1786,1,bearing_wear,0.55,physics,high_load,515
1787,1,bearing_wear,0.219,physics,high_load,515
1788,1,bearing_wear,0.986,physics,high_load,515
1789,1,bearing_wear,0.402,physics,steady_state,515
1790,1,bearing_wear,0.821,physics,startup,515
1791,1,bearing_wear,0.52,physics,startup,515
1792,1,bearing_wear,0.342,physics,steady_state,515
1793,1,bearing_wear,0.715,physics,high_load,515
1794,1,bearing_wear,0.403,physics,startup,515
1795,1,bearing_wear,0.892,physics,high_load,515
1796,1,bearing_wear,0.424,physics,steady_state,515
1797,1,bearing_wear,0.495,physics,high_load,515
1798,1,bearing_wear,0.582,physics,startup,515
1799,1,bearing_wear,0.322,physics,high_load,515
1800,1,bearing_wear,0.559,physics,steady_state,515
1801,1,bearing_wear,0.827,physics,startup,515
1802,1,bearing_wear,0.645,physics,high_load,515
1803,1,bearing_wear,0.264,physics,high_load,515
1804,1,bearing_wear,0.663,physics,high_load,515
1805,1,bearing_wear,0.805,physics,startup,515
1806,1,bearing_wear,0.944,physics,high_load,515
1807,1,bearing_wear,0.856,physics,startup,515
1808,1,bearing_wear,0.967,physics,high_load,515
1809,1,bearing_wear,0.81,physics,high_load,515
1810,1,bearing_wear,0.869,physics,startup,515
1811,1,bearing_wear,0.59,physics,steady_state,515
1812,1,bearing_wear,0.458,physics,high_load,515
1813,1,bearing_wear,0.203,physics,high_load,515
1814,1,bearing_wear,0.689,physics,high_load,515
1815,1,bearing_wear,0.473,physics,high_load,515
1816,1,bearing_wear,0.833,physics,startup,515
1817,1,bearing_wear,0.954,physics,steady_state,515
1818,1,bearing_wear,0.604,physics,startup,515
1819,1,bearing_wear,0.843,physics,high_load,515
1820,1,bearing_wear,0.773,physics,high_load,515
1821,1,bearing_wear,0.847,physics,high_load,515
1822,1,bearing_wear,0.581,physics,high_load,515
1823,1,bearing_wear,0.26,physics,startup,515
1824,1,bearing_wear,0.862,physics,startup,515
1825,1,bearing_wear,0.938,physics,startup,515
1826,1,bearing_wear,0.534,physics,steady_state,515
1827,1,bearing_wear,0.234,physics,steady_state,515
1828,1,bearing_wear,0.636,physics,startup,515
1829,1,bearing_wear,0.484,physics,high_load,515
1830,1,bearing_wear,0.939,physics,high_load,515
1831,1,bearing_wear,0.701,physics,steady_state,515
1832,1,bearing_wear,0.695,physics,high_load,515
1833,1,bearing_wear,0.291,physics,high_load,515
1834,1,bearing_wear,0.562,physics,startup,515
1835,1,bearing_wear,0.937,physics,startup,515
1836,1,bearing_wear,0.245,physics,high_load,515
1837,1,bearing_wear,0.733,physics,high_load,515
1838,1,bearing_wear,0.521,physics,high_load,515
1839,1,bearing_wear,0.685,physics,startup,515
1840,1,bearing_wear,0.227,physics,startup,515
1841,1,bearing_wear,0.665,physics,high_load,515
1842,1,bearing_wear,0.862,physics,high_load,515
1843,1,bearing_wear,0.259,physics,steady_state,515
1844,1,bearing_wear,0.936,physics,high_load,515
1845,1,bearing_wear,0.902,physics,high_load,515
1846,1,bearing_wear,0.389,physics,startup,515
1847,1,bearing_wear,0.648,physics,startup,515
1848,1,bearing_wear,0.252,physics,steady_state,515
1849,1,bearing_wear,0.906,physics,high_load,515
1850,1,bearing_wear,0.466,physics,high_load,515
1851,1,bearing_wear,0.297,physics,startup,515
1852,1,bearing_wear,0.904,physics,startup,515
1853,1,bearing_wear,0.426,physics,steady_state,515
1854,1,bearing_wear,0.466,physics,steady_state,515
1855,1,bearing_wear,0.64,physics,startup,515
1856,1,bearing_wear,0.936,physics,steady_state,515
1857,1,bearing_wear,0.302,physics,steady_state,515
1858,1,bearing_wear,0.376,physics,steady_state,515
1859,1,bearing_wear,0.724,physics,startup,515
1860,1,bearing_wear,0.483,physics,high_load,515
1861,1,bearing_wear,0.376,physics,steady_state,515
1862,1,bearing_wear,0.649,physics,high_load,515
1863,1,bearing_wear,0.956,physics,steady_state,515
1864,1,bearing_wear,0.628,physics,steady_state,515
1865,1,bearing_wear,0.506,physics,startup,515
1866,1,bearing_wear,0.787,physics,startup,515
1867,1,bearing_wear,0.87,physics,startup,515
1868,1,bearing_wear,0.607,physics,high_load,515
1869,1,bearing_wear,0.361,physics,high_load,515
1870,1,bearing_wear,0.686,physics,startup,515
1871,1,bearing_wear,0.727,physics,high_load,515
1872,1,bearing_wear,0.659,physics,high_load,515
1873,1,bearing_wear,0.671,physics,startup,515
1874,1,bearing_wear,0.935,physics,startup,515
1875,1,bearing_wear,0.906,physics,high_load,515
1876,1,bearing_wear,0.499,physics,high_load,515
1877,1,bearing_wear,0.477,physics,steady_state,515
1878,1,bearing_wear,0.445,physics,high_load,515
1879,1,bearing_wear,1.0,physics,startup,515
1880,1,bearing_wear,0.877,physics,steady_state,515
1881,1,bearing_wear,0.385,physics,startup,515
1882,1,bearing_wear,0.476,physics,steady_state,515
1883,1,bearing_wear,0.633,physics,startup,515
1884,1,bearing_wear,0.931,physics,high_load,515
1885,1,bearing_wear,0.694,physics,steady_state,515
1886,1,bearing_wear,0.777,physics,steady_state,515
1887,1,bearing_wear,0.997,physics,startup,515
1888,1,bearing_wear,0.378,physics,steady_state,515
1889,1,bearing_wear,0.498,physics,high_load,515
1890,1,bearing_wear,0.772,physics,steady_state,515
1891,1,bearing_wear,0.694,physics,steady_state,515
1892,1,bearing_wear,0.289,physics,high_load,515
1893,1,bearing_wear,0.625,physics,high_load,515
1894,1,bearing_wear,0.412,physics,high_load,515
1895,1,bearing_wear,0.425,physics,startup,515
1896,1,bearing_wear,0.771,physics,steady_state,515
1897,1,bearing_wear,0.55,physics,startup,515
1898,1,bearing_wear,0.926,physics,steady_state,515
1899,1,bearing_wear,0.982,physics,steady_state,515
1900,1,bearing_wear,0.553,physics,startup,515
1901,1,bearing_wear,0.245,physics,startup,515
1902,1,bearing_wear,0.41,physics,steady_state,515
1903,1,bearing_wear,0.273,physics,high_load,515
1904,1,bearing_wear,0.54,physics,high_load,515
1905,1,bearing_wear,0.671,physics,startup,515
1906,1,bearing_wear,0.206,physics,startup,515
1907,1,bearing_wear,0.651,physics,startup,515
1908,1,bearing_wear,0.36,physics,startup,515
1909,1,bearing_wear,0.596,physics,startup,515
1910,1,bearing_wear,0.618,physics,steady_state,515
1911,1,bearing_wear,0.453,physics,high_load,515
1912,1,bearing_wear,0.735,physics,high_load,515
1913,1,bearing_wear,0.805,physics,steady_state,515
1914,1,bearing_wear,0.955,physics,steady_state,515
1915,1,bearing_wear,0.687,physics,steady_state,515
1916,1,bearing_wear,0.839,physics,high_load,515
1917,1,bearing_wear,0.224,physics,high_load,515
1918,1,bearing_wear,0.439,physics,steady_state,515
1919,1,bearing_wear,0.423,physics,high_load,515
1920,1,bearing_wear,0.434,physics,startup,515
1921,1,bearing_wear,0.626,physics,high_load,515
1922,1,bearing_wear,0.346,physics,startup,515
1923,1,bearing_wear,0.669,physics,high_load,515
1924,1,bearing_wear,0.904,physics,startup,515
1925,1,bearing_wear,0.421,physics,high_load,515
1926,1,bearing_wear,0.635,physics,startup,515
1927,1,bearing_wear,0.846,physics,steady_state,515
1928,1,bearing_wear,0.626,physics,steady_state,515
1929,1,bearing_wear,0.85,physics,high_load,515
1930,1,bearing_wear,0.474,physics,high_load,515
1931,1,bearing_wear,0.612,physics,high_load,515
1932,1,bearing_wear,0.308,physics,startup,515
1933,1,bearing_wear,0.463,physics,high_load,515
1934,1,bearing_wear,0.329,physics,high_load,515
1935,1,bearing_wear,0.682,physics,high_load,515
1936,1,bearing_wear,0.895,physics,steady_state,515
1937,1,bearing_wear,0.39,physics,high_load,515
1938,1,bearing_wear,0.658,physics,high_load,515
1939,1,bearing_wear,0.586,physics,startup,515
1940,1,bearing_wear,0.638,physics,steady_state,515
1941,1,bearing_wear,0.495,physics,steady_state,515
1942,1,bearing_wear,0.656,physics,high_load,515
1943,1,bearing_wear,0.97,physics,startup,515
1944,1,bearing_wear,0.523,physics,startup,515
1945,1,bearing_wear,0.708,physics,high_load,515
1946,1,bearing_wear,0.276,physics,startup,515
1947,1,bearing_wear,0.921,physics,steady_state,515
1948,1,bearing_wear,0.546,physics,high_load,515
1949,1,bearing_wear,0.922,physics,high_load,515
1950,1,bearing_wear,0.485,physics,startup,515
1951,1,bearing_wear,0.995,physics,steady_state,515
1952,1,bearing_wear,0.227,physics,steady_state,515
1953,1,bearing_wear,0.385,physics,steady_state,515
1954,1,bearing_wear,0.641,physics,startup,515
1955,1,bearing_wear,0.428,physics,high_load,515
1956,1,bearing_wear,0.394,physics,high_load,515
1957,1,bearing_wear,0.801,physics,high_load,515
1958,1,bearing_wear,0.81,physics,startup,515
1959,1,bearing_wear,0.442,physics,high_load,515
1960,1,bearing_wear,0.529,physics,startup,515
1961,1,bearing_wear,0.514,physics,startup,515
1962,1,bearing_wear,0.351,physics,startup,515
1963,1,bearing_wear,0.845,physics,steady_state,515
1964,1,bearing_wear,0.49,physics,steady_state,515
1965,1,bearing_wear,0.423,physics,steady_state,515
1966,1,bearing_wear,0.331,physics,high_load,515
1967,1,bearing_wear,0.676,physics,startup,515
1968,1,bearing_wear,0.822,physics,high_load,515
1969,1,bearing_wear,0.445,physics,startup,515
1970,1,bearing_wear,0.949,physics,steady_state,515
1971,1,bearing_wear,0.818,physics,high_load,515
1972,1,bearing_wear,0.919,physics,steady_state,515
1973,1,bearing_wear,0.991,physics,startup,515
1974,1,bearing_wear,0.539,physics,steady_state,515
1975,1,bearing_wear,0.705,physics,high_load,515
1976,1,bearing_wear,0.37,physics,steady_state,515
1977,1,bearing_wear,0.816,physics,startup,515
1978,1,bearing_wear,0.915,physics,steady_state,515
1979,1,bearing_wear,0.754,physics,high_load,515
1980,1,bearing_wear,0.407,physics,steady_state,515
1981,1,bearing_wear,0.387,physics,steady_state,515
1982,1,bearing_wear,0.673,physics,startup,515
1983,1,bearing_wear,0.357,physics,steady_state,515
1984,1,bearing_wear,0.66,physics,high_load,515
1985,1,bearing_wear,0.573,physics,startup,515
1986,1,bearing_wear,0.974,physics,startup,515
1987,1,bearing_wear,0.871,physics,startup,515
1988,1,bearing_wear,0.617,physics,startup,515
1989,1,bearing_wear,0.82,physics,startup,515
1990,1,bearing_wear,0.768,physics,high_load,515
1991,1,bearing_wear,0.526,physics,steady_state,515
1992,1,bearing_wear,0.573,physics,steady_state,515
1993,1,bearing_wear,0.959,physics,high_load,515
1994,1,bearing_wear,0.705,physics,startup,515
1995,1,bearing_wear,0.383,physics,high_load,515
1996,1,bearing_wear,0.977,physics,high_load,515
1997,1,bearing_wear,0.878,physics,steady_state,515
1998,1,bearing_wear,0.593,physics,steady_state,515
1999,1,bearing_wear,0.634,physics,startup,515
2000,1,bearing_wear,0.299,physics,steady_state,515
2001,1,bearing_wear,0.964,physics,steady_state,515
2002,1,bearing_wear,0.68,physics,steady_state,515
2003,1,bearing_wear,0.438,physics,startup,515
2004,1,bearing_wear,0.591,physics,high_load,515
2005,1,bearing_wear,0.436,physics,startup,515
2006,1,bearing_wear,0.318,physics,steady_state,515
2007,1,bearing_wear,0.33,physics,high_load,515
2008,1,bearing_wear,0.636,physics,high_load,515
2009,1,bearing_wear,0.491,physics,high_load,515
2010,1,bearing_wear,0.52,physics,steady_state,515
2011,1,bearing_wear,0.986,physics,startup,515
2012,1,bearing_wear,0.959,physics,steady_state,515
2013,1,bearing_wear,0.248,physics,steady_state,515
2014,1,bearing_wear,0.537,physics,steady_state,515
2015,1,bearing_wear,0.433,physics,steady_state,515
2016,1,bearing_wear,0.873,physics,high_load,515
2017,1,bearing_wear,0.966,physics,startup,515
2018,1,bearing_wear,0.474,physics,high_load,515
2019,1,bearing_wear,0.405,physics,high_load,515
2020,1,bearing_wear,0.413,physics,steady_state,515
2021,1,bearing_wear,0.926,physics,startup,515
2022,1,bearing_wear,0.713,physics,high_load,515
2023,1,bearing_wear,0.67,physics,high_load,515
2024,1,bearing_wear,0.233,physics,startup,515
2025,1,bearing_wear,0.628,physics,steady_state,515
2026,1,bearing_wear,0.343,physics,high_load,515
2027,1,bearing_wear,0.62,physics,high_load,515
2028,1,bearing_wear,0.879,physics,steady_state,515
2029,1,bearing_wear,0.981,physics,steady_state,515
2030,1,bearing_wear,0.974,physics,high_load,515
2031,1,bearing_wear,0.651,physics,startup,515
2032,1,bearing_wear,0.985,physics,high_load,515
2033,1,bearing_wear,0.987,physics,startup,515
2034,1,bearing_wear,0.957,physics,startup,515
2035,1,bearing_wear,0.738,physics,high_load,515
2036,1,bearing_wear,0.365,physics,startup,515
2037,1,bearing_wear,0.224,physics,high_load,515
2038,1,bearing_wear,0.855,physics,high_load,515
2039,1,bearing_wear,0.599,physics,steady_state,515
2040,1,bearing_wear,0.829,physics,startup,515
2041,1,bearing_wear,0.464,physics,startup,515
2042,1,bearing_wear,0.361,physics,startup,515
2043,1,bearing_wear,0.588,physics,high_load,515
2044,1,bearing_wear,0.9,physics,steady_state,515
2045,1,bearing_wear,0.862,physics,high_load,515
2046,1,bearing_wear,0.595,physics,high_load,515
2047,1,bearing_wear,0.665,physics,high_load,515
2048,1,bearing_wear,0.977,physics,high_load,515
2049,1,bearing_wear,0.58,physics,high_load,515
2050,1,bearing_wear,0.71,physics,steady_state,515
2051,1,bearing_wear,0.655,physics,startup,515
2052,1,bearing_wear,0.543,physics,steady_state,515
2053,1,bearing_wear,0.587,physics,startup,515
2054,1,bearing_wear,0.477,physics,startup,515
2055,1,bearing_wear,0.577,physics,startup,515
2056,1,bearing_wear,0.549,physics,startup,515
2057,1,bearing_wear,0.512,physics,startup,515
2058,1,bearing_wear,0.467,physics,high_load,515
2059,1,bearing_wear,0.599,physics,high_load,515
2060,1,bearing_wear,0.657,physics,startup,515
2061,1,bearing_wear,0.575,physics,startup,515
2062,1,bearing_wear,0.759,physics,high_load,515
2063,1,bearing_wear,0.325,physics,high_load,515
2064,1,bearing_wear,0.727,physics,high_load,515
2065,1,bearing_wear,0.574,physics,steady_state,515
2066,1,bearing_wear,0.38,physics,startup,515
2067,1,bearing_wear,0.316,physics,steady_state,515
2068,1,bearing_wear,0.79,physics,steady_state,515
2069,1,bearing_wear,0.299,physics,steady_state,515
2070,1,bearing_wear,0.317,physics,high_load,515
2071,1,bearing_wear,0.979,physics,startup,515
2072,1,bearing_wear,0.678,physics,steady_state,515
2073,1,bearing_wear,0.94,physics,steady_state,515
2074,1,bearing_wear,0.609,physics,startup,515
2075,1,bearing_wear,0.369,physics,steady_state,515
2076,1,bearing_wear,0.892,physics,steady_state,515
2077,1,bearing_wear,0.344,physics,steady_state,515
2078,1,bearing_wear,0.275,physics,startup,515
2079,1,bearing_wear,0.637,physics,high_load,515
2080,1,bearing_wear,0.825,physics,high_load,515
2081,1,bearing_wear,0.296,physics,steady_state,515
2082,1,bearing_wear,0.213,physics,high_load,515
2083,1,bearing_wear,0.57,physics,high_load,515
2084,1,bearing_wear,0.468,physics,steady_state,515
2085,1,bearing_wear,0.339,physics,steady_state,515
2086,1,bearing_wear,0.81,physics,startup,515
2087,1,bearing_wear,0.825,physics,startup,515
2088,1,bearing_wear,0.642,physics,steady_state,515
2089,1,bearing_wear,0.898,physics,steady_state,515
2090,1,bearing_wear,0.996,physics,startup,515
2091,1,bearing_wear,0.916,physics,high_load,515
2092,1,bearing_wear,0.418,physics,startup,515
2093,1,bearing_wear,0.655,physics,high_load,515
2094,1,bearing_wear,0.534,physics,steady_state,515
2095,1,bearing_wear,0.679,physics,startup,515
2096,1,bearing_wear,0.87,physics,high_load,515
2097,1,bearing_wear,0.968,physics,steady_state,515
2098,1,bearing_wear,0.686,physics,startup,515
2099,1,bearing_wear,0.832,physics,steady_state,515
2100,1,bearing_wear,0.816,physics,steady_state,515
2101,1,bearing_wear,0.789,physics,steady_state,515
2102,1,bearing_wear,0.646,physics,high_load,515
2103,1,bearing_wear,0.202,physics,high_load,515
2104,1,bearing_wear,0.321,physics,high_load,515
2105,1,bearing_wear,0.875,physics,steady_state,515
2106,1,bearing_wear,0.54,physics,high_load,515
2107,1,bearing_wear,0.79,physics,startup,515
2108,1,bearing_wear,0.594,physics,high_load,515
2109,1,bearing_wear,0.996,physics,high_load,515
2110,1,bearing_wear,0.929,physics,high_load,515
2111,1,bearing_wear,0.431,physics,startup,515
2112,1,bearing_wear,0.795,physics,steady_state,515
2113,1,bearing_wear,0.462,physics,steady_state,515
2114,1,bearing_wear,0.549,physics,high_load,515
2115,1,bearing_wear,0.807,physics,startup,515
2116,1,bearing_wear,0.294,physics,startup,515
2117,1,bearing_wear,0.664,physics,startup,515
2118,1,bearing_wear,0.499,physics,steady_state,515
2119,1,bearing_wear,0.673,physics,high_load,515
2120,1,bearing_wear,0.604,physics,startup,515
2121,1,bearing_wear,0.705,physics,high_load,515
2122,1,bearing_wear,0.778,physics,steady_state,515
2123,1,bearing_wear,0.975,physics,startup,515
2124,1,bearing_wear,0.291,physics,startup,515
2125,1,bearing_wear,0.33,physics,startup,515
2126,1,bearing_wear,0.327,physics,high_load,515
2127,1,bearing_wear,0.855,physics,high_load,515
2128,1,bearing_wear,0.718,physics,high_load,515
2129,1,bearing_wear,0.833,physics,steady_state,515
2130,1,bearing_wear,0.637,physics,high_load,515
2131,1,bearing_wear,0.606,physics,high_load,515
2132,1,bearing_wear,0.413,physics,startup,515
2133,1,bearing_wear,0.425,physics,high_load,515
2134,1,bearing_wear,0.619,physics,startup,515
2135,1,bearing_wear,0.469,physics,high_load,515
2136,1,bearing_wear,0.877,physics,steady_state,515
2137,1,bearing_wear,0.848,physics,high_load,515
2138,1,bearing_wear,0.862,physics,steady_state,515
2139,1,bearing_wear,0.872,physics,steady_state,515
2140,1,bearing_wear,0.583,physics,steady_state,515
2141,1,bearing_wear,0.647,physics,steady_state,515
2142,1,bearing_wear,0.314,physics,steady_state,515
2143,1,bearing_wear,0.727,physics,startup,515
2144,1,bearing_wear,0.22,physics,high_load,515
2145,1,bearing_wear,0.848,physics,startup,515
2146,1,bearing_wear,0.226,physics,steady_state,515
2147,1,bearing_wear,0.954,physics,high_load,515
2148,1,bearing_wear,0.692,physics,high_load,515
2149,1,bearing_wear,0.991,physics,high_load,515
2150,1,bearing_wear,0.479,physics,startup,515
2151,1,bearing_wear,0.939,physics,high_load,515
2152,1,bearing_wear,0.82,physics,steady_state,515
2153,1,bearing_wear,0.561,physics,startup,515
2154,1,bearing_wear,0.928,physics,high_load,515
2155,1,bearing_wear,0.494,physics,startup,515
2156,1,bearing_wear,0.321,physics,steady_state,515
2157,1,bearing_wear,0.551,physics,high_load,515
2158,1,bearing_wear,0.51,physics,steady_state,515
2159,1,bearing_wear,0.854,physics,startup,515
2160,1,bearing_wear,0.74,physics,startup,515
2161,1,bearing_wear,0.962,physics,high_load,515
2162,1,bearing_wear,0.902,physics,high_load,515
2163,1,bearing_wear,0.602,physics,high_load,515
2164,1,bearing_wear,0.465,physics,steady_state,515
2165,1,bearing_wear,0.331,physics,startup,515
2166,1,bearing_wear,0.85,physics,high_load,515
2167,1,bearing_wear,0.878,physics,steady_state,515
2168,1,bearing_wear,0.487,physics,high_load,515
2169,1,bearing_wear,0.909,physics,steady_state,515
2170,1,bearing_wear,0.624,physics,startup,515
2171,1,bearing_wear,0.262,physics,steady_state,515
2172,1,bearing_wear,0.572,physics,steady_state,515
2173,1,bearing_wear,0.244,physics,high_load,515
2174,1,bearing_wear,0.55,physics,high_load,515
2175,1,bearing_wear,0.562,physics,high_load,515
2176,1,bearing_wear,0.477,physics,steady_state,515
2177,1,bearing_wear,0.258,physics,high_load,515
2178,1,bearing_wear,0.591,physics,high_load,515
2179,1,bearing_wear,0.405,physics,steady_state,515
2180,1,bearing_wear,0.424,physics,steady_state,515
2181,1,bearing_wear,0.355,physics,steady_state,515
2182,1,bearing_wear,0.613,physics,steady_state,515
2183,1,bearing_wear,0.929,physics,high_load,515
2184,1,bearing_wear,0.942,physics,startup,515
2185,1,bearing_wear,0.917,physics,startup,515
2186,1,bearing_wear,0.911,physics,startup,515
2187,1,bearing_wear,0.21,physics,steady_state,515
2188,1,bearing_wear,0.912,physics,high_load,515
2189,1,bearing_wear,0.424,physics,steady_state,515
2190,1,bearing_wear,0.515,physics,startup,515
2191,1,bearing_wear,0.52,physics,high_load,515
2192,1,bearing_wear,0.594,physics,startup,515
2193,1,bearing_wear,0.627,physics,steady_state,515
2194,1,bearing_wear,0.841,physics,high_load,515
2195,1,bearing_wear,0.955,physics,startup,515
2196,1,bearing_wear,0.386,physics,high_load,515
2197,1,bearing_wear,0.539,physics,steady_state,515
2198,1,bearing_wear,0.372,physics,startup,515
2199,1,bearing_wear,0.283,physics,high_load,515
2200,1,bearing_wear,0.415,physics,high_load,515
2201,1,bearing_wear,0.672,physics,steady_state,515
2202,1,bearing_wear,0.535,physics,high_load,515
2203,1,bearing_wear,0.277,physics,startup,515
2204,1,bearing_wear,0.574,physics,steady_state,515
2205,1,bearing_wear,0.956,physics,startup,515
2206,1,bearing_wear,0.754,physics,steady_state,515
2207,1,bearing_wear,0.633,physics,steady_state,515
2208,1,bearing_wear,0.285,physics,steady_state,515
2209,1,bearing_wear,0.37,physics,high_load,515
2210,1,bearing_wear,0.538,physics,startup,515
2211,1,bearing_wear,0.786,physics,steady_state,515
2212,1,bearing_wear,0.974,physics,startup,515
2213,1,bearing_wear,0.851,physics,steady_state,515
2214,1,bearing_wear,0.519,physics,high_load,515
2215,1,bearing_wear,0.656,physics,high_load,515
2216,1,bearing_wear,0.547,physics,startup,515
2217,1,bearing_wear,0.83,physics,steady_state,515
2218,1,bearing_wear,0.563,physics,steady_state,515
2219,1,bearing_wear,0.374,physics,startup,515
2220,1,bearing_wear,0.438,physics,startup,515
2221,1,bearing_wear,0.977,physics,high_load,515
2222,1,bearing_wear,0.64,physics,startup,515
2223,1,bearing_wear,0.887,physics,high_load,515
2224,1,bearing_wear,0.44,physics,startup,515
2225,1,bearing_wear,0.496,physics,startup,515
2226,1,bearing_wear,0.291,physics,startup,515
2227,1,bearing_wear,0.9,physics,startup,515
2228,1,bearing_wear,0.984,physics,steady_state,515
2229,1,bearing_wear,0.836,physics,steady_state,515
2230,1,bearing_wear,0.465,physics,steady_state,515
2231,1,bearing_wear,0.526,physics,high_load,515
2232,1,bearing_wear,0.439,physics,high_load,515
2233,1,bearing_wear,0.687,physics,startup,515
2234,1,bearing_wear,0.541,physics,high_load,515
2235,1,bearing_wear,0.38,physics,startup,515
2236,1,bearing_wear,0.861,physics,startup,515
2237,1,bearing_wear,0.301,physics,steady_state,515
2238,1,bearing_wear,0.755,physics,high_load,515
2239,1,bearing_wear,0.291,physics,startup,515
2240,1,bearing_wear,0.873,physics,steady_state,515
2241,1,bearing_wear,0.511,physics,steady_state,515
2242,1,bearing_wear,0.857,physics,steady_state,515
2243,1,bearing_wear,0.454,physics,steady_state,515
2244,1,bearing_wear,0.673,physics,startup,515
2245,1,bearing_wear,0.97,physics,steady_state,515
2246,1,bearing_wear,0.468,physics,steady_state,515
2247,1,bearing_wear,0.413,physics,high_load,515
2248,1,bearing_wear,0.43,physics,high_load,515
2249,1,bearing_wear,0.996,physics,high_load,515
2250,1,bearing_wear,0.21,physics,high_load,515
2251,1,bearing_wear,0.991,physics,steady_state,515
2252,1,bearing_wear,0.946,physics,startup,515
2253,1,bearing_wear,0.49,physics,startup,515
2254,1,bearing_wear,0.724,physics,high_load,515
2255,1,bearing_wear,0.528,physics,steady_state,515
2256,1,bearing_wear,0.721,physics,steady_state,515
2257,1,bearing_wear,0.482,physics,steady_state,515
2258,1,bearing_wear,0.692,physics,startup,515
2259,1,bearing_wear,0.401,physics,high_load,515
2260,1,bearing_wear,0.594,physics,high_load,515
2261,1,bearing_wear,0.772,physics,startup,515
2262,1,bearing_wear,0.598,physics,high_load,515
2263,1,bearing_wear,0.7,physics,steady_state,515
2264,1,bearing_wear,0.35,physics,steady_state,515
2265,1,bearing_wear,0.479,physics,steady_state,515
2266,1,bearing_wear,0.746,physics,high_load,515
2267,1,bearing_wear,0.326,physics,steady_state,515
2268,1,bearing_wear,0.735,physics,high_load,515
2269,1,bearing_wear,0.762,physics,high_load,515
2270,1,bearing_wear,0.309,physics,startup,515
2271,1,bearing_wear,0.436,physics,startup,515
2272,1,bearing_wear,0.777,physics,steady_state,515
2273,1,bearing_wear,0.692,physics,high_load,515
2274,1,bearing_wear,0.748,physics,startup,515
2275,1,bearing_wear,0.967,physics,high_load,515
2276,1,bearing_wear,0.301,physics,startup,515
2277,1,bearing_wear,0.453,physics,steady_state,515
2278,1,bearing_wear,0.238,physics,steady_state,515
2279,1,bearing_wear,0.308,physics,startup,515
2280,1,bearing_wear,0.853,physics,startup,515
2281,1,bearing_wear,0.855,physics,steady_state,515
2282,1,bearing_wear,0.903,physics,high_load,515
2283,1,bearing_wear,0.279,physics,startup,515
2284,1,bearing_wear,0.442,physics,steady_state,515
2285,1,bearing_wear,0.688,physics,high_load,515
2286,1,bearing_wear,0.839,physics,startup,515
2287,1,bearing_wear,0.664,physics,steady_state,515
2288,1,bearing_wear,0.871,physics,high_load,515
2289,1,bearing_wear,0.568,physics,startup,515
2290,1,bearing_wear,0.885,physics,steady_state,515
2291,1,bearing_wear,0.737,physics,steady_state,515
2292,1,bearing_wear,0.983,physics,steady_state,515
2293,1,bearing_wear,0.568,physics,steady_state,515
2294,1,bearing_wear,0.555,physics,steady_state,515
2295,1,bearing_wear,0.209,physics,high_load,515
2296,1,bearing_wear,0.353,physics,startup,515
2297,1,bearing_wear,0.983,physics,high_load,515
2298,1,bearing_wear,0.933,physics,high_load,515
2299,1,bearing_wear,0.942,physics,steady_state,515
2300,1,bearing_wear,0.296,physics,high_load,515
2301,1,bearing_wear,0.777,physics,high_load,515
2302,1,bearing_wear,0.686,physics,steady_state,515
2303,1,bearing_wear,0.486,physics,high_load,515
2304,1,bearing_wear,0.598,physics,startup,515
2305,1,bearing_wear,0.423,physics,steady_state,515
2306,1,bearing_wear,0.673,physics,high_load,515
2307,1,bearing_wear,0.888,physics,startup,515
2308,1,bearing_wear,0.754,physics,startup,515
2309,1,bearing_wear,0.889,physics,startup,515
2310,1,bearing_wear,0.548,physics,steady_state,515
2311,1,bearing_wear,0.375,physics,high_load,515
2312,1,bearing_wear,0.668,physics,startup,515
2313,1,bearing_wear,0.574,physics,high_load,515
2314,1,bearing_wear,0.528,physics,high_load,515
2315,1,bearing_wear,0.966,physics,startup,515
2316,1,bearing_wear,0.684,physics,startup,515
2317,1,bearing_wear,0.89,physics,steady_state,515
2318,1,bearing_wear,0.929,physics,steady_state,515
2319,1,bearing_wear,0.317,physics,steady_state,515
2320,1,bearing_wear,0.894,physics,steady_state,515
2321,1,bearing_wear,0.795,physics,high_load,515
2322,1,bearing_wear,0.994,physics,steady_state,515
2323,1,bearing_wear,0.883,physics,steady_state,515
2324,1,bearing_wear,0.99,physics,startup,515
2325,1,bearing_wear,0.415,physics,high_load,515
2326,1,bearing_wear,0.649,physics,high_load,515
2327,1,bearing_wear,0.39,physics,startup,515
2328,1,bearing_wear,0.664,physics,startup,515
2329,1,bearing_wear,0.587,physics,steady_state,515
2330,1,bearing_wear,0.405,physics,startup,515
2331,1,bearing_wear,0.964,physics,startup,515
2332,1,bearing_wear,0.905,physics,steady_state,515
2333,1,bearing_wear,0.915,physics,steady_state,515
2334,1,bearing_wear,0.44,physics,steady_state,515
2335,1,bearing_wear,0.997,physics,steady_state,515
2336,1,bearing_wear,0.698,physics,steady_state,515
2337,1,bearing_wear,0.396,physics,steady_state,515
2338,1,bearing_wear,0.249,physics,steady_state,515
2339,1,bearing_wear,0.883,physics,steady_state,515
2340,1,bearing_wear,0.866,physics,startup,515
2341,1,bearing_wear,0.889,physics,steady_state,515
2342,1,bearing_wear,0.78,physics,steady_state,515
2343,1,bearing_wear,0.597,physics,high_load,515
2344,1,bearing_wear,0.824,physics,startup,515
2345,1,bearing_wear,0.604,physics,high_load,515
2346,1,bearing_wear,0.458,physics,startup,515
2347,1,bearing_wear,0.785,physics,high_load,515
2348,1,bearing_wear,0.307,physics,startup,515
2349,1,bearing_wear,0.496,physics,startup,515
2350,1,bearing_wear,0.737,physics,high_load,515
2351,1,bearing_wear,0.928,physics,high_load,515
2352,1,bearing_wear,0.684,physics,startup,515
2353,1,bearing_wear,0.423,physics,steady_state,515
2354,1,bearing_wear,0.499,physics,startup,515
2355,1,bearing_wear,0.434,physics,high_load,515
2356,1,bearing_wear,0.549,physics,steady_state,515
2357,1,bearing_wear,0.306,physics,steady_state,515
2358,1,bearing_wear,0.423,physics,high_load,515
2359,1,bearing_wear,0.306,physics,startup,515
2360,1,bearing_wear,0.502,physics,steady_state,515
2361,1,bearing_wear,0.306,physics,steady_state,515
2362,1,bearing_wear,0.889,physics,high_load,515
2363,1,bearing_wear,0.397,physics,high_load,515
2364,1,bearing_wear,0.48,physics,startup,515
2365,1,bearing_wear,0.627,physics,steady_state,515
2366,1,bearing_wear,0.987,physics,steady_state,515
2367,1,bearing_wear,0.364,physics,startup,515
2368,1,bearing_wear,0.376,physics,steady_state,515
2369,1,bearing_wear,0.984,physics,high_load,515
2370,1,bearing_wear,0.671,physics,high_load,515
2371,1,bearing_wear,0.892,physics,startup,515
2372,1,bearing_wear,0.759,physics,high_load,515
2373,1,bearing_wear,0.808,physics,startup,515
2374,1,bearing_wear,0.824,physics,startup,515
2375,1,bearing_wear,0.678,physics,steady_state,515
2376,1,bearing_wear,0.764,physics,high_load,515
2377,1,bearing_wear,0.633,physics,steady_state,515
2378,1,bearing_wear,0.398,physics,high_load,515
2379,1,bearing_wear,0.935,physics,high_load,515
2380,1,bearing_wear,0.423,physics,startup,515
2381,1,bearing_wear,0.922,physics,steady_state,515
2382,1,bearing_wear,0.901,physics,steady_state,515
2383,1,bearing_wear,0.926,physics,high_load,515
2384,1,bearing_wear,0.995,physics,startup,515
2385,1,bearing_wear,0.653,physics,high_load,515
2386,1,bearing_wear,0.818,physics,startup,515
2387,1,bearing_wear,0.365,physics,steady_state,515
2388,1,bearing_wear,0.767,physics,startup,515
2389,1,bearing_wear,0.546,physics,steady_state,515
2390,1,bearing_wear,0.334,physics,startup,515
2391,1,bearing_wear,0.683,physics,high_load,515
2392,1,bearing_wear,0.496,physics,high_load,515
2393,1,bearing_wear,0.212,physics,high_load,515
2394,1,bearing_wear,0.358,physics,steady_state,515
2395,1,bearing_wear,0.665,physics,startup,515
2396,1,bearing_wear,0.776,physics,high_load,515
2397,1,bearing_wear,0.554,physics,high_load,515
2398,1,bearing_wear,0.77,physics,startup,515
2399,1,bearing_wear,0.99,physics,high_load,515
2400,2,impeller_imbalance,0.683,physics,steady_state,-1
2401,2,impeller_imbalance,0.917,physics,high_load,-1
2402,2,impeller_imbalance,0.725,physics,high_load,-1
2403,2,impeller_imbalance,0.381,physics,high_load,-1
2404,2,impeller_imbalance,0.877,physics,high_load,-1
2405,2,impeller_imbalance,0.51,physics,high_load,-1
2406,2,impeller_imbalance,0.999,physics,high_load,-1
2407,2,impeller_imbalance,0.87,physics,steady_state,-1
2408,2,impeller_imbalance,1.0,physics,high_load,-1
2409,2,impeller_imbalance,0.476,physics,steady_state,-1
2410,2,impeller_imbalance,0.484,physics,high_load,-1
2411,2,impeller_imbalance,0.825,physics,high_load,-1
2412,2,impeller_imbalance,0.746,physics,steady_state,-1
2413,2,impeller_imbalance,0.611,physics,high_load,-1
2414,2,impeller_imbalance,0.919,physics,high_load,-1
2415,2,impeller_imbalance,0.944,physics,high_load,-1
2416,2,impeller_imbalance,0.607,physics,steady_state,-1
2417,2,impeller_imbalance,0.78,physics,steady_state,-1
2418,2,impeller_imbalance,0.338,physics,steady_state,-1
2419,2,impeller_imbalance,0.78,physics,steady_state,-1
2420,2,impeller_imbalance,0.794,physics,steady_state,-1
2421,2,impeller_imbalance,0.973,physics,high_load,-1
2422,2,impeller_imbalance,0.58,physics,high_load,-1
2423,2,impeller_imbalance,0.706,physics,high_load,-1
2424,2,impeller_imbalance,0.837,physics,high_load,-1
2425,2,impeller_imbalance,0.801,physics,high_load,-1
2426,2,impeller_imbalance,0.915,physics,steady_state,-1
2427,2,impeller_imbalance,0.669,physics,high_load,-1
2428,2,impeller_imbalance,0.5,physics,high_load,-1
2429,2,impeller_imbalance,0.812,physics,high_load,-1
2430,2,impeller_imbalance,0.418,physics,steady_state,-1
2431,2,impeller_imbalance,0.692,physics,high_load,-1
2432,2,impeller_imbalance,0.697,physics,steady_state,-1
2433,2,impeller_imbalance,0.516,physics,steady_state,-1
2434,2,impeller_imbalance,0.56,physics,steady_state,-1
2435,2,impeller_imbalance,0.992,physics,high_load,-1
2436,2,impeller_imbalance,0.867,physics,high_load,-1
2437,2,impeller_imbalance,0.654,physics,high_load,-1
2438,2,impeller_imbalance,0.892,physics,high_load,-1
2439,2,impeller_imbalance,0.501,physics,steady_state,-1
2440,2,impeller_imbalance,0.801,physics,high_load,-1
2441,2,impeller_imbalance,0.811,physics,high_load,-1
2442,2,impeller_imbalance,0.904,physics,steady_state,-1
2443,2,impeller_imbalance,0.717,physics,steady_state,-1
2444,2,impeller_imbalance,0.894,physics,steady_state,-1
2445,2,impeller_imbalance,0.599,physics,high_load,-1
2446,2,impeller_imbalance,0.875,physics,high_load,-1
2447,2,impeller_imbalance,0.704,physics,steady_state,-1
2448,2,impeller_imbalance,0.815,physics,steady_state,-1
2449,2,impeller_imbalance,0.887,physics,high_load,-1
2450,2,impeller_imbalance,0.801,physics,steady_state,-1
2451,2,impeller_imbalance,0.588,physics,steady_state,-1
2452,2,impeller_imbalance,0.714,physics,steady_state,-1
2453,2,impeller_imbalance,0.604,physics,steady_state,-1
2454,2,impeller_imbalance,0.933,physics,high_load,-1
2455,2,impeller_imbalance,0.799,physics,steady_state,-1
2456,2,impeller_imbalance,0.524,physics,steady_state,-1
2457,2,impeller_imbalance,0.82,physics,high_load,-1
2458,2,impeller_imbalance,0.393,physics,steady_state,-1
2459,2,impeller_imbalance,0.975,physics,high_load,-1
2460,2,impeller_imbalance,0.727,physics,high_load,-1
2461,2,impeller_imbalance,0.566,physics,steady_state,-1
2462,2,impeller_imbalance,0.92,physics,high_load,-1
2463,2,impeller_imbalance,0.865,physics,steady_state,-1
2464,2,impeller_imbalance,0.462,physics,high_load,-1
2465,2,impeller_imbalance,0.804,physics,high_load,-1
2466,2,impeller_imbalance,0.924,physics,high_load,-1
2467,2,impeller_imbalance,0.686,physics,high_load,-1
2468,2,impeller_imbalance,0.983,physics,high_load,-1
2469,2,impeller_imbalance,0.952,physics,high_load,-1
2470,2,impeller_imbalance,0.508,physics,steady_state,-1
2471,2,impeller_imbalance,0.909,physics,steady_state,-1
2472,2,impeller_imbalance,0.921,physics,steady_state,-1
2473,2,impeller_imbalance,0.845,physics,high_load,-1
2474,2,impeller_imbalance,0.939,physics,high_load,-1
2475,2,impeller_imbalance,0.404,physics,steady_state,-1
2476,2,impeller_imbalance,0.734,physics,steady_state,-1
2477,2,impeller_imbalance,0.731,physics,steady_state,-1
2478,2,impeller_imbalance,0.824,physics,steady_state,-1
2479,2,impeller_imbalance,0.994,physics,steady_state,-1
2480,2,impeller_imbalance,0.536,physics,high_load,-1
2481,2,impeller_imbalance,0.86,physics,steady_state,-1
2482,2,impeller_imbalance,0.849,physics,high_load,-1
2483,2,impeller_imbalance,0.923,physics,high_load,-1
2484,2,impeller_imbalance,0.762,physics,steady_state,-1
2485,2,impeller_imbalance,0.942,physics,high_load,-1
2486,2,impeller_imbalance,0.985,physics,high_load,-1
2487,2,impeller_imbalance,0.734,physics,steady_state,-1
2488,2,impeller_imbalance,0.825,physics,steady_state,-1
2489,2,impeller_imbalance,0.508,physics,high_load,-1
2490,2,impeller_imbalance,0.247,physics,high_load,-1
2491,2,impeller_imbalance,0.662,physics,steady_state,-1
2492,2,impeller_imbalance,0.968,physics,steady_state,-1
2493,2,impeller_imbalance,0.869,physics,high_load,-1
2494,2,impeller_imbalance,0.64,physics,high_load,-1
2495,2,impeller_imbalance,0.841,physics,steady_state,-1
2496,2,impeller_imbalance,0.501,physics,steady_state,-1
2497,2,impeller_imbalance,0.408,physics,high_load,-1
2498,2,impeller_imbalance,0.844,physics,high_load,-1
2499,2,impeller_imbalance,0.792,physics,high_load,-1
2500,2,impeller_imbalance,0.76,physics,high_load,-1
2501,2,impeller_imbalance,0.615,physics,high_load,-1
2502,2,impeller_imbalance,0.756,physics,steady_state,-1
2503,2,impeller_imbalance,0.513,physics,high_load,-1
2504,2,impeller_imbalance,0.816,physics,steady_state,-1
2505,2,impeller_imbalance,0.837,physics,high_load,-1
2506,2,impeller_imbalance,0.253,physics,steady_state,-1
2507,2,impeller_imbalance,0.6,physics,steady_state,-1
2508,2,impeller_imbalance,0.534,physics,high_load,-1
2509,2,impeller_imbalance,0.591,physics,high_load,-1
2510,2,impeller_imbalance,0.497,physics,steady_state,-1
2511,2,impeller_imbalance,0.96,physics,steady_state,-1
2512,2,impeller_imbalance,0.77,physics,steady_state,-1
2513,2,impeller_imbalance,0.556,physics,high_load,-1
2514,2,impeller_imbalance,0.819,physics,steady_state,-1
2515,2,impeller_imbalance,0.856,physics,steady_state,-1
2516,2,impeller_imbalance,0.944,physics,high_load,-1
2517,2,impeller_imbalance,0.851,physics,high_load,-1
2518,2,impeller_imbalance,0.944,physics,steady_state,-1
2519,2,impeller_imbalance,0.789,physics,steady_state,-1
2520,2,impeller_imbalance,0.731,physics,steady_state,-1
2521,2,impeller_imbalance,0.554,physics,steady_state,-1
2522,2,impeller_imbalance,0.855,physics,steady_state,-1
2523,2,impeller_imbalance,0.779,physics,high_load,-1
2524,2,impeller_imbalance,0.561,physics,steady_state,-1
2525,2,impeller_imbalance,0.972,physics,steady_state,-1
2526,2,impeller_imbalance,0.719,physics,high_load,-1
2527,2,impeller_imbalance,0.503,physics,high_load,-1
2528,2,impeller_imbalance,0.307,physics,steady_state,-1
2529,2,impeller_imbalance,0.595,physics,high_load,-1
2530,2,impeller_imbalance,0.393,physics,steady_state,-1
2531,2,impeller_imbalance,0.601,physics,steady_state,-1
2532,2,impeller_imbalance,0.912,physics,high_load,-1
2533,2,impeller_imbalance,0.803,physics,high_load,-1
2534,2,impeller_imbalance,0.955,physics,high_load,-1
2535,2,impeller_imbalance,0.67,physics,steady_state,-1
2536,2,impeller_imbalance,0.743,physics,steady_state,-1
2537,2,impeller_imbalance,0.953,physics,high_load,-1
2538,2,impeller_imbalance,0.755,physics,steady_state,-1
2539,2,impeller_imbalance,0.543,physics,steady_state,-1
2540,2,impeller_imbalance,0.799,physics,steady_state,-1
2541,2,impeller_imbalance,0.633,physics,steady_state,-1
2542,2,impeller_imbalance,0.685,physics,steady_state,-1
2543,2,impeller_imbalance,0.985,physics,high_load,-1
2544,2,impeller_imbalance,0.521,physics,high_load,-1
2545,2,impeller_imbalance,0.626,physics,high_load,-1
2546,2,impeller_imbalance,0.449,physics,high_load,-1
2547,2,impeller_imbalance,0.352,physics,steady_state,-1
2548,2,impeller_imbalance,0.753,physics,steady_state,-1
2549,2,impeller_imbalance,0.621,physics,high_load,-1
2550,2,impeller_imbalance,0.962,physics,high_load,-1
2551,2,impeller_imbalance,0.936,physics,high_load,-1
2552,2,impeller_imbalance,0.668,physics,steady_state,-1
2553,2,impeller_imbalance,0.427,physics,high_load,-1
2554,2,impeller_imbalance,0.36,physics,high_load,-1
2555,2,impeller_imbalance,0.716,physics,high_load,-1
2556,2,impeller_imbalance,0.738,physics,steady_state,-1
2557,2,impeller_imbalance,0.864,physics,steady_state,-1
2558,2,impeller_imbalance,0.766,physics,high_load,-1
2559,2,impeller_imbalance,0.564,physics,high_load,-1
2560,2,impeller_imbalance,0.935,physics,steady_state,-1
2561,2,impeller_imbalance,0.486,physics,steady_state,-1
2562,2,impeller_imbalance,0.661,physics,steady_state,-1
2563,2,impeller_imbalance,0.716,physics,high_load,-1
2564,2,impeller_imbalance,0.628,physics,high_load,-1
2565,2,impeller_imbalance,0.897,physics,steady_state,-1
2566,2,impeller_imbalance,0.639,physics,steady_state,-1
2567,2,impeller_imbalance,0.241,physics,steady_state,-1
2568,2,impeller_imbalance,0.732,physics,high_load,-1
2569,2,impeller_imbalance,0.625,physics,steady_state,-1
2570,2,impeller_imbalance,0.583,physics,high_load,-1
2571,2,impeller_imbalance,0.803,physics,steady_state,-1
2572,2,impeller_imbalance,0.309,physics,steady_state,-1
2573,2,impeller_imbalance,0.536,physics,steady_state,-1
2574,2,impeller_imbalance,0.506,physics,high_load,-1
2575,2,impeller_imbalance,0.956,physics,steady_state,-1
2576,2,impeller_imbalance,0.587,physics,steady_state,-1
2577,2,impeller_imbalance,0.387,physics,high_load,-1
2578,2,impeller_imbalance,0.947,physics,steady_state,-1
2579,2,impeller_imbalance,0.614,physics,high_load,-1
2580,2,impeller_imbalance,0.95,physics,high_load,-1
2581,2,impeller_imbalance,0.818,physics,steady_state,-1
2582,2,impeller_imbalance,0.923,physics,steady_state,-1
2583,2,impeller_imbalance,0.856,physics,high_load,-1
2584,2,impeller_imbalance,0.988,physics,high_load,-1
2585,2,impeller_imbalance,0.559,physics,high_load,-1
2586,2,impeller_imbalance,0.846,physics,steady_state,-1
2587,2,impeller_imbalance,0.987,physics,steady_state,-1
2588,2,impeller_imbalance,0.767,physics,high_load,-1
2589,2,impeller_imbalance,0.746,physics,high_load,-1
2590,2,impeller_imbalance,0.59,physics,high_load,-1
2591,2,impeller_imbalance,0.573,physics,high_load,-1
2592,2,impeller_imbalance,0.801,physics,steady_state,-1
2593,2,impeller_imbalance,0.691,physics,steady_state,-1
2594,2,impeller_imbalance,0.608,physics,high_load,-1
2595,2,impeller_imbalance,0.839,physics,high_load,-1
2596,2,impeller_imbalance,0.524,physics,steady_state,-1
2597,2,impeller_imbalance,0.653,physics,high_load,-1
2598,2,impeller_imbalance,0.972,physics,steady_state,-1
2599,2,impeller_imbalance,0.939,physics,high_load,-1
2600,2,impeller_imbalance,0.892,physics,high_load,-1
2601,2,impeller_imbalance,0.499,physics,steady_state,-1
2602,2,impeller_imbalance,0.651,physics,high_load,-1
2603,2,impeller_imbalance,0.822,physics,high_load,-1
2604,2,impeller_imbalance,0.373,physics,steady_state,-1
2605,2,impeller_imbalance,0.685,physics,steady_state,-1
2606,2,impeller_imbalance,0.607,physics,steady_state,-1
2607,2,impeller_imbalance,0.715,physics,high_load,-1
2608,2,impeller_imbalance,0.765,physics,high_load,-1
2609,2,impeller_imbalance,0.992,physics,high_load,-1
2610,2,impeller_imbalance,0.844,physics,high_load,-1
2611,2,impeller_imbalance,0.653,physics,steady_state,-1
2612,2,impeller_imbalance,0.429,physics,high_load,-1
2613,2,impeller_imbalance,0.807,physics,high_load,-1
2614,2,impeller_imbalance,0.545,physics,high_load,-1
2615,2,impeller_imbalance,0.78,physics,steady_state,-1
2616,2,impeller_imbalance,0.802,physics,steady_state,-1
2617,2,impeller_imbalance,0.598,physics,steady_state,-1
2618,2,impeller_imbalance,0.268,physics,steady_state,-1
2619,2,impeller_imbalance,0.808,physics,high_load,-1
2620,2,impeller_imbalance,0.906,physics,high_load,-1
2621,2,impeller_imbalance,0.604,physics,steady_state,-1
2622,2,impeller_imbalance,0.454,physics,high_load,-1
2623,2,impeller_imbalance,0.847,physics,high_load,-1
2624,2,impeller_imbalance,0.955,physics,steady_state,-1
2625,2,impeller_imbalance,0.588,physics,high_load,-1
2626,2,impeller_imbalance,0.887,physics,steady_state,-1
2627,2,impeller_imbalance,0.688,physics,high_load,-1
2628,2,impeller_imbalance,0.538,physics,high_load,-1
2629,2,impeller_imbalance,0.764,physics,high_load,-1
2630,2,impeller_imbalance,0.999,physics,steady_state,-1
2631,2,impeller_imbalance,0.891,physics,high_load,-1
2632,2,impeller_imbalance,0.992,physics,steady_state,-1
2633,2,impeller_imbalance,0.878,physics,high_load,-1
2634,2,impeller_imbalance,0.926,physics,steady_state,-1
2635,2,impeller_imbalance,0.665,physics,steady_state,-1
2636,2,impeller_imbalance,0.97,physics,steady_state,-1
2637,2,impeller_imbalance,0.366,physics,high_load,-1
2638,2,impeller_imbalance,0.671,physics,steady_state,-1
2639,2,impeller_imbalance,0.584,physics,high_load,-1
2640,2,impeller_imbalance,0.604,physics,steady_state,-1
2641,2,impeller_imbalance,0.398,physics,high_load,-1
2642,2,impeller_imbalance,0.733,physics,high_load,-1
2643,2,impeller_imbalance,0.705,physics,steady_state,-1
2644,2,impeller_imbalance,0.543,physics,high_load,-1
2645,2,impeller_imbalance,0.638,physics,high_load,-1
2646,2,impeller_imbalance,0.311,physics,high_load,-1
2647,2,impeller_imbalance,0.512,physics,high_load,-1
2648,2,impeller_imbalance,0.654,physics,steady_state,-1
2649,2,impeller_imbalance,0.513,physics,high_load,-1
2650,2,impeller_imbalance,0.709,physics,high_load,-1
2651,2,impeller_imbalance,0.622,physics,high_load,-1
2652,2,impeller_imbalance,0.523,physics,high_load,-1
2653,2,impeller_imbalance,0.743,physics,high_load,-1
2654,2,impeller_imbalance,0.588,physics,high_load,-1
2655,2,impeller_imbalance,0.916,physics,high_load,-1
2656,2,impeller_imbalance,0.347,physics,steady_state,-1
2657,2,impeller_imbalance,0.508,physics,high_load,-1
2658,2,impeller_imbalance,0.569,physics,high_load,-1
2659,2,impeller_imbalance,0.91,physics,high_load,-1
2660,2,impeller_imbalance,0.418,physics,high_load,-1
2661,2,impeller_imbalance,0.883,physics,high_load,-1
2662,2,impeller_imbalance,0.923,physics,steady_state,-1
2663,2,impeller_imbalance,0.979,physics,high_load,-1
2664,2,impeller_imbalance,0.639,physics,steady_state,-1
2665,2,impeller_imbalance,0.828,physics,steady_state,-1
2666,2,impeller_imbalance,0.668,physics,steady_state,-1
2667,2,impeller_imbalance,0.908,physics,steady_state,-1
2668,2,impeller_imbalance,0.882,physics,steady_state,-1
2669,2,impeller_imbalance,0.922,physics,high_load,-1
2670,2,impeller_imbalance,0.894,physics,high_load,-1
2671,2,impeller_imbalance,0.615,physics,steady_state,-1
2672,2,impeller_imbalance,0.771,physics,steady_state,-1
2673,2,impeller_imbalance,0.761,physics,steady_state,-1
2674,2,impeller_imbalance,0.918,physics,high_load,-1
2675,2,impeller_imbalance,0.877,physics,high_load,-1
2676,2,impeller_imbalance,0.353,physics,high_load,-1
2677,2,impeller_imbalance,0.817,physics,high_load,-1
2678,2,impeller_imbalance,0.498,physics,steady_state,-1
2679,2,impeller_imbalance,0.542,physics,high_load,-1
2680,2,impeller_imbalance,0.923,physics,steady_state,-1
2681,2,impeller_imbalance,0.818,physics,steady_state,-1
2682,2,impeller_imbalance,0.224,physics,steady_state,-1
2683,2,impeller_imbalance,0.821,physics,steady_state,-1
2684,2,impeller_imbalance,0.968,physics,high_load,-1
2685,2,impeller_imbalance,0.83,physics,high_load,-1
2686,2,impeller_imbalance,0.744,physics,steady_state,-1
2687,2,impeller_imbalance,0.501,physics,high_load,-1
2688,2,impeller_imbalance,0.921,physics,high_load,-1
2689,2,impeller_imbalance,0.858,physics,steady_state,-1
2690,2,impeller_imbalance,0.852,physics,steady_state,-1
2691,2,impeller_imbalance,0.572,physics,steady_state,-1
2692,2,impeller_imbalance,0.596,physics,high_load,-1
2693,2,impeller_imbalance,0.956,physics,steady_state,-1
2694,2,impeller_imbalance,0.445,physics,steady_state,-1
2695,2,impeller_imbalance,0.543,physics,steady_state,-1
2696,2,impeller_imbalance,0.84,physics,steady_state,-1
2697,2,impeller_imbalance,0.829,physics,steady_state,-1
2698,2,impeller_imbalance,0.838,physics,high_load,-1
2699,2,impeller_imbalance,0.525,physics,steady_state,-1
2700,2,impeller_imbalance,0.316,physics,steady_state,-1
2701,2,impeller_imbalance,0.777,physics,high_load,-1
2702,2,impeller_imbalance,0.874,physics,high_load,-1
2703,2,impeller_imbalance,0.446,physics,high_load,-1
2704,2,impeller_imbalance,0.29,physics,steady_state,-1
2705,2,impeller_imbalance,0.468,physics,high_load,-1
2706,2,impeller_imbalance,0.862,physics,high_load,-1
2707,2,impeller_imbalance,0.764,physics,high_load,-1
2708,2,impeller_imbalance,0.675,physics,high_load,-1
2709,2,impeller_imbalance,0.867,physics,steady_state,-1
2710,2,impeller_imbalance,0.265,physics,high_load,-1
2711,2,impeller_imbalance,0.707,physics,high_load,-1
2712,2,impeller_imbalance,0.802,physics,high_load,-1
2713,2,impeller_imbalance,0.864,physics,high_load,-1
2714,2,impeller_imbalance,0.83,physics,steady_state,-1
2715,2,impeller_imbalance,0.572,physics,high_load,-1
2716,2,impeller_imbalance,0.984,physics,high_load,-1
2717,2,impeller_imbalance,0.874,physics,high_load,-1
2718,2,impeller_imbalance,0.859,physics,high_load,-1
2719,2,impeller_imbalance,0.477,physics,high_load,-1
2720,2,impeller_imbalance,0.88,physics,high_load,-1
2721,2,impeller_imbalance,0.408,physics,steady_state,-1
2722,2,impeller_imbalance,0.966,physics,steady_state,-1
2723,2,impeller_imbalance,0.976,physics,steady_state,-1
2724,2,impeller_imbalance,0.254,physics,high_load,-1
2725,2,impeller_imbalance,0.789,physics,steady_state,-1
2726,2,impeller_imbalance,0.729,physics,high_load,-1
2727,2,impeller_imbalance,0.69,physics,high_load,-1
2728,2,impeller_imbalance,0.686,physics,steady_state,-1
2729,2,impeller_imbalance,0.872,physics,steady_state,-1
2730,2,impeller_imbalance,0.662,physics,high_load,-1
2731,2,impeller_imbalance,0.924,physics,high_load,-1
2732,2,impeller_imbalance,0.56,physics,high_load,-1
2733,2,impeller_imbalance,0.977,physics,steady_state,-1
2734,2,impeller_imbalance,0.654,physics,high_load,-1
2735,2,impeller_imbalance,0.903,physics,steady_state,-1
2736,2,impeller_imbalance,0.558,physics,high_load,-1
2737,2,impeller_imbalance,0.513,physics,high_load,-1
2738,2,impeller_imbalance,1.0,physics,high_load,-1
2739,2,impeller_imbalance,0.899,physics,high_load,-1
2740,2,impeller_imbalance,0.648,physics,high_load,-1
2741,2,impeller_imbalance,0.785,physics,steady_state,-1
2742,2,impeller_imbalance,0.646,physics,steady_state,-1
2743,2,impeller_imbalance,0.599,physics,high_load,-1
2744,2,impeller_imbalance,0.832,physics,steady_state,-1
2745,2,impeller_imbalance,0.89,physics,high_load,-1
2746,2,impeller_imbalance,0.585,physics,high_load,-1
2747,2,impeller_imbalance,0.621,physics,high_load,-1
2748,2,impeller_imbalance,0.997,physics,steady_state,-1
2749,2,impeller_imbalance,0.866,physics,high_load,-1
2750,2,impeller_imbalance,0.867,physics,steady_state,-1
2751,2,impeller_imbalance,0.896,physics,steady_state,-1
2752,2,impeller_imbalance,0.706,physics,high_load,-1
2753,2,impeller_imbalance,0.996,physics,high_load,-1
2754,2,impeller_imbalance,0.639,physics,high_load,-1
2755,2,impeller_imbalance,0.916,physics,high_load,-1
2756,2,impeller_imbalance,0.917,physics,steady_state,-1
2757,2,impeller_imbalance,0.944,physics,steady_state,-1
2758,2,impeller_imbalance,0.921,physics,high_load,-1
2759,2,impeller_imbalance,0.956,physics,high_load,-1
2760,2,impeller_imbalance,0.969,physics,steady_state,-1
2761,2,impeller_imbalance,0.723,physics,steady_state,-1
2762,2,impeller_imbalance,0.734,physics,steady_state,-1
2763,2,impeller_imbalance,0.806,physics,high_load,-1
2764,2,impeller_imbalance,0.798,physics,steady_state,-1
2765,2,impeller_imbalance,0.562,physics,steady_state,-1
2766,2,impeller_imbalance,0.56,physics,high_load,-1
2767,2,impeller_imbalance,0.947,physics,high_load,-1
2768,2,impeller_imbalance,0.721,physics,high_load,-1
2769,2,impeller_imbalance,0.733,physics,high_load,-1
2770,2,impeller_imbalance,0.972,physics,high_load,-1
2771,2,impeller_imbalance,0.672,physics,high_load,-1
2772,2,impeller_imbalance,0.64,physics,steady_state,-1
2773,2,impeller_imbalance,0.793,physics,steady_state,-1
2774,2,impeller_imbalance,0.529,physics,steady_state,-1
2775,2,impeller_imbalance,0.7,physics,high_load,-1
2776,2,impeller_imbalance,0.536,physics,high_load,-1
2777,2,impeller_imbalance,0.739,physics,high_load,-1
2778,2,impeller_imbalance,0.599,physics,high_load,-1
2779,2,impeller_imbalance,0.736,physics,high_load,-1
2780,2,impeller_imbalance,0.569,physics,steady_state,-1
2781,2,impeller_imbalance,0.691,physics,high_load,-1
2782,2,impeller_imbalance,0.55,physics,high_load,-1
2783,2,impeller_imbalance,0.959,physics,high_load,-1
2784,2,impeller_imbalance,0.647,physics,steady_state,-1
2785,2,impeller_imbalance,0.919,physics,high_load,-1
2786,2,impeller_imbalance,0.556,physics,steady_state,-1
2787,2,impeller_imbalance,0.697,physics,high_load,-1
2788,2,impeller_imbalance,0.888,physics,high_load,-1
2789,2,impeller_imbalance,0.629,physics,steady_state,-1
2790,2,impeller_imbalance,0.771,physics,high_load,-1
2791,2,impeller_imbalance,0.945,physics,steady_state,-1
2792,2,impeller_imbalance,0.926,physics,high_load,-1
2793,2,impeller_imbalance,0.781,physics,high_load,-1
2794,2,impeller_imbalance,0.746,physics,steady_state,-1
2795,2,impeller_imbalance,0.758,physics,steady_state,-1
2796,2,impeller_imbalance,0.869,physics,steady_state,-1
2797,2,impeller_imbalance,0.781,physics,high_load,-1
2798,2,impeller_imbalance,0.701,physics,steady_state,-1
2799,2,impeller_imbalance,0.531,physics,steady_state,-1
2800,2,impeller_imbalance,0.71,physics,high_load,-1
2801,2,impeller_imbalance,0.772,physics,steady_state,-1
2802,2,impeller_imbalance,0.351,physics,steady_state,-1
2803,2,impeller_imbalance,0.578,physics,steady_state,-1
2804,2,impeller_imbalance,0.858,physics,high_load,-1
2805,2,impeller_imbalance,0.594,physics,high_load,-1
2806,2,impeller_imbalance,0.544,physics,high_load,-1
2807,2,impeller_imbalance,0.862,physics,steady_state,-1
2808,2,impeller_imbalance,0.612,physics,steady_state,-1
2809,2,impeller_imbalance,0.562,physics,steady_state,-1
2810,2,impeller_imbalance,0.655,physics,steady_state,-1
2811,2,impeller_imbalance,0.865,physics,steady_state,-1
2812,2,impeller_imbalance,0.959,physics,steady_state,-1
2813,2,impeller_imbalance,0.998,physics,high_load,-1
2814,2,impeller_imbalance,0.955,physics,steady_state,-1
2815,2,impeller_imbalance,0.842,physics,steady_state,-1
2816,2,impeller_imbalance,0.447,physics,high_load,-1
2817,2,impeller_imbalance,0.93,physics,high_load,-1
2818,2,impeller_imbalance,0.681,physics,high_load,-1
2819,2,impeller_imbalance,0.68,physics,steady_state,-1
2820,2,impeller_imbalance,0.673,physics,high_load,-1
2821,2,impeller_imbalance,0.527,physics,high_load,-1
2822,2,impeller_imbalance,0.636,physics,high_load,-1
2823,2,impeller_imbalance,0.877,physics,high_load,-1
2824,2,impeller_imbalance,0.996,physics,high_load,-1
2825,2,impeller_imbalance,0.894,physics,high_load,-1
2826,2,impeller_imbalance,0.562,physics,steady_state,-1
2827,2,impeller_imbalance,0.881,physics,high_load,-1
2828,2,impeller_imbalance,0.958,physics,high_load,-1
2829,2,impeller_imbalance,0.672,physics,steady_state,-1
2830,2,impeller_imbalance,0.441,physics,steady_state,-1
2831,2,impeller_imbalance,0.941,physics,steady_state,-1
2832,2,impeller_imbalance,0.711,physics,high_load,-1
2833,2,impeller_imbalance,0.803,physics,steady_state,-1
2834,2,impeller_imbalance,0.569,physics,high_load,-1
2835,2,impeller_imbalance,0.662,physics,steady_state,-1
2836,2,impeller_imbalance,0.702,physics,high_load,-1
2837,2,impeller_imbalance,0.484,physics,steady_state,-1
2838,2,impeller_imbalance,0.464,physics,high_load,-1
2839,2,impeller_imbalance,0.776,physics,steady_state,-1
2840,2,impeller_imbalance,0.506,physics,steady_state,-1
2841,2,impeller_imbalance,0.819,physics,high_load,-1
2842,2,impeller_imbalance,0.366,physics,steady_state,-1
2843,2,impeller_imbalance,0.252,physics,steady_state,-1
2844,2,impeller_imbalance,0.668,physics,high_load,-1
2845,2,impeller_imbalance,0.826,physics,high_load,-1
2846,2,impeller_imbalance,0.609,physics,high_load,-1
2847,2,impeller_imbalance,0.568,physics,steady_state,-1
2848,2,impeller_imbalance,0.968,physics,high_load,-1
2849,2,impeller_imbalance,0.806,physics,steady_state,-1
2850,2,impeller_imbalance,0.588,physics,high_load,-1
2851,2,impeller_imbalance,0.952,physics,steady_state,-1
2852,2,impeller_imbalance,0.553,physics,high_load,-1
2853,2,impeller_imbalance,0.957,physics,high_load,-1
2854,2,impeller_imbalance,0.224,physics,high_load,-1
2855,2,impeller_imbalance,0.959,physics,high_load,-1
2856,2,impeller_imbalance,0.919,physics,high_load,-1
2857,2,impeller_imbalance,0.453,physics,high_load,-1
2858,2,impeller_imbalance,0.446,physics,steady_state,-1
2859,2,impeller_imbalance,0.832,physics,steady_state,-1
2860,2,impeller_imbalance,0.719,physics,high_load,-1
2861,2,impeller_imbalance,0.839,physics,high_load,-1
2862,2,impeller_imbalance,0.642,physics,high_load,-1
2863,2,impeller_imbalance,0.822,physics,steady_state,-1
2864,2,impeller_imbalance,0.633,physics,steady_state,-1
2865,2,impeller_imbalance,0.37,physics,high_load,-1
2866,2,impeller_imbalance,0.842,physics,high_load,-1
2867,2,impeller_imbalance,0.388,physics,high_load,-1
2868,2,impeller_imbalance,0.57,physics,steady_state,-1
2869,2,impeller_imbalance,0.722,physics,steady_state,-1
2870,2,impeller_imbalance,0.938,physics,high_load,-1
2871,2,impeller_imbalance,0.535,physics,high_load,-1
2872,2,impeller_imbalance,0.542,physics,high_load,-1
2873,2,impeller_imbalance,0.866,physics,high_load,-1
2874,2,impeller_imbalance,0.773,physics,high_load,-1
2875,2,impeller_imbalance,0.864,physics,high_load,-1
2876,2,impeller_imbalance,0.559,physics,steady_state,-1
2877,2,impeller_imbalance,0.395,physics,high_load,-1
2878,2,impeller_imbalance,0.459,physics,steady_state,-1
2879,2,impeller_imbalance,0.663,physics,high_load,-1
2880,2,impeller_imbalance,0.458,physics,high_load,-1
2881,2,impeller_imbalance,0.896,physics,high_load,-1
2882,2,impeller_imbalance,0.921,physics,high_load,-1
2883,2,impeller_imbalance,0.923,physics,steady_state,-1
2884,2,impeller_imbalance,0.708,physics,steady_state,-1
2885,2,impeller_imbalance,0.994,physics,steady_state,-1
2886,2,impeller_imbalance,0.631,physics,high_load,-1
2887,2,impeller_imbalance,0.627,physics,steady_state,-1
2888,2,impeller_imbalance,0.892,physics,steady_state,-1
2889,2,impeller_imbalance,0.761,physics,steady_state,-1
2890,2,impeller_imbalance,0.663,physics,steady_state,-1
2891,2,impeller_imbalance,0.773,physics,high_load,-1
2892,2,impeller_imbalance,0.297,physics,high_load,-1
2893,2,impeller_imbalance,0.981,physics,steady_state,-1
2894,2,impeller_imbalance,0.658,physics,steady_state,-1
2895,2,impeller_imbalance,0.8,physics,high_load,-1
2896,2,impeller_imbalance,0.654,physics,steady_state,-1
2897,2,impeller_imbalance,0.745,physics,high_load,-1
2898,2,impeller_imbalance,0.839,physics,steady_state,-1
2899,2,impeller_imbalance,0.563,physics,steady_state,-1
2900,2,impeller_imbalance,0.883,physics,high_load,-1
2901,2,impeller_imbalance,0.818,physics,steady_state,-1
2902,2,impeller_imbalance,0.405,physics,high_load,-1
2903,2,impeller_imbalance,0.496,physics,steady_state,-1
2904,2,impeller_imbalance,0.646,physics,high_load,-1
2905,2,impeller_imbalance,0.37,physics,steady_state,-1
2906,2,impeller_imbalance,0.948,physics,high_load,-1
2907,2,impeller_imbalance,0.867,physics,steady_state,-1
2908,2,impeller_imbalance,0.555,physics,high_load,-1
2909,2,impeller_imbalance,0.635,physics,steady_state,-1
2910,2,impeller_imbalance,0.839,physics,high_load,-1
2911,2,impeller_imbalance,0.857,physics,steady_state,-1
2912,2,impeller_imbalance,0.866,physics,steady_state,-1
2913,2,impeller_imbalance,0.745,physics,steady_state,-1
2914,2,impeller_imbalance,0.65,physics,high_load,-1
2915,2,impeller_imbalance,0.972,physics,high_load,-1
2916,2,impeller_imbalance,0.558,physics,steady_state,-1
2917,2,impeller_imbalance,0.987,physics,steady_state,-1
2918,2,impeller_imbalance,0.996,physics,high_load,-1
2919,2,impeller_imbalance,0.375,physics,steady_state,-1
2920,2,impeller_imbalance,0.388,physics,high_load,-1
2921,2,impeller_imbalance,0.684,physics,steady_state,-1
2922,2,impeller_imbalance,0.584,physics,high_load,-1
2923,2,impeller_imbalance,0.607,physics,high_load,-1
2924,2,impeller_imbalance,0.95,physics,high_load,-1
2925,2,impeller_imbalance,0.618,physics,steady_state,-1
2926,2,impeller_imbalance,0.704,physics,steady_state,-1
2927,2,impeller_imbalance,0.642,physics,high_load,-1
2928,2,impeller_imbalance,0.826,physics,steady_state,-1
2929,2,impeller_imbalance,0.246,physics,steady_state,-1
2930,2,impeller_imbalance,0.982,physics,high_load,-1
2931,2,impeller_imbalance,0.685,physics,high_load,-1
2932,2,impeller_imbalance,0.849,physics,high_load,-1
2933,2,impeller_imbalance,0.938,physics,high_load,-1
2934,2,impeller_imbalance,0.742,physics,high_load,-1
2935,2,impeller_imbalance,0.322,physics,steady_state,-1
2936,2,impeller_imbalance,0.998,physics,steady_state,-1
2937,2,impeller_imbalance,0.936,physics,steady_state,-1
2938,2,impeller_imbalance,0.995,physics,steady_state,-1
2939,2,impeller_imbalance,0.888,physics,high_load,-1
2940,2,impeller_imbalance,0.472,physics,high_load,-1
2941,2,impeller_imbalance,0.356,physics,high_load,-1
2942,2,impeller_imbalance,0.787,physics,steady_state,-1
2943,2,impeller_imbalance,0.991,physics,high_load,-1
2944,2,impeller_imbalance,0.7,physics,high_load,-1
2945,2,impeller_imbalance,0.588,physics,steady_state,-1
2946,2,impeller_imbalance,0.391,physics,high_load,-1
2947,2,impeller_imbalance,0.71,physics,high_load,-1
2948,2,impeller_imbalance,0.994,physics,high_load,-1
2949,2,impeller_imbalance,0.716,physics,high_load,-1
2950,2,impeller_imbalance,0.52,physics,steady_state,-1
2951,2,impeller_imbalance,0.714,physics,steady_state,-1
2952,2,impeller_imbalance,0.715,physics,high_load,-1
2953,2,impeller_imbalance,0.954,physics,high_load,-1
2954,2,impeller_imbalance,0.268,physics,high_load,-1
2955,2,impeller_imbalance,0.879,physics,high_load,-1
2956,2,impeller_imbalance,0.867,physics,steady_state,-1
2957,2,impeller_imbalance,0.506,physics,high_load,-1
2958,2,impeller_imbalance,0.259,physics,high_load,-1
2959,2,impeller_imbalance,0.724,physics,high_load,-1
2960,2,impeller_imbalance,0.954,physics,high_load,-1
2961,2,impeller_imbalance,0.603,physics,steady_state,-1
2962,2,impeller_imbalance,0.911,physics,high_load,-1
2963,2,impeller_imbalance,0.561,physics,steady_state,-1
2964,2,impeller_imbalance,0.845,physics,steady_state,-1
2965,2,impeller_imbalance,0.874,physics,steady_state,-1
2966,2,impeller_imbalance,0.584,physics,high_load,-1
2967,2,impeller_imbalance,0.88,physics,steady_state,-1
2968,2,impeller_imbalance,0.923,physics,steady_state,-1
2969,2,impeller_imbalance,0.782,physics,high_load,-1
2970,2,impeller_imbalance,0.926,physics,steady_state,-1
2971,2,impeller_imbalance,0.594,physics,high_load,-1
2972,2,impeller_imbalance,0.383,physics,steady_state,-1
2973,2,impeller_imbalance,0.632,physics,high_load,-1
2974,2,impeller_imbalance,0.955,physics,steady_state,-1
2975,2,impeller_imbalance,0.732,physics,high_load,-1
2976,2,impeller_imbalance,0.799,physics,steady_state,-1
2977,2,impeller_imbalance,0.951,physics,high_load,-1
2978,2,impeller_imbalance,0.91,physics,steady_state,-1
2979,2,impeller_imbalance,0.531,physics,steady_state,-1
2980,2,impeller_imbalance,0.888,physics,steady_state,-1
2981,2,impeller_imbalance,0.865,physics,steady_state,-1
2982,2,impeller_imbalance,0.508,physics,steady_state,-1
2983,2,impeller_imbalance,0.869,physics,high_load,-1
2984,2,impeller_imbalance,0.926,physics,high_load,-1
2985,2,impeller_imbalance,0.25,physics,steady_state,-1
2986,2,impeller_imbalance,0.954,physics,high_load,-1
2987,2,impeller_imbalance,0.63,physics,steady_state,-1
2988,2,impeller_imbalance,0.827,physics,high_load,-1
2989,2,impeller_imbalance,0.655,physics,high_load,-1
2990,2,impeller_imbalance,0.689,physics,high_load,-1
2991,2,impeller_imbalance,0.429,physics,steady_state,-1
2992,2,impeller_imbalance,0.6,physics,high_load,-1
2993,2,impeller_imbalance,0.944,physics,steady_state,-1
2994,2,impeller_imbalance,0.575,physics,high_load,-1
2995,2,impeller_imbalance,0.729,physics,high_load,-1
2996,2,impeller_imbalance,0.872,physics,high_load,-1
2997,2,impeller_imbalance,0.248,physics,high_load,-1
2998,2,impeller_imbalance,0.442,physics,steady_state,-1
2999,2,impeller_imbalance,0.645,physics,high_load,-1
3000,2,impeller_imbalance,0.769,physics,steady_state,-1
3001,2,impeller_imbalance,0.563,physics,high_load,-1
3002,2,impeller_imbalance,0.919,physics,steady_state,-1
3003,2,impeller_imbalance,0.827,physics,high_load,-1
3004,2,impeller_imbalance,0.837,physics,high_load,-1
3005,2,impeller_imbalance,0.847,physics,high_load,-1
3006,2,impeller_imbalance,0.572,physics,steady_state,-1
3007,2,impeller_imbalance,0.953,physics,steady_state,-1
3008,2,impeller_imbalance,0.954,physics,high_load,-1
3009,2,impeller_imbalance,0.796,physics,high_load,-1
3010,2,impeller_imbalance,0.663,physics,high_load,-1
3011,2,impeller_imbalance,0.839,physics,high_load,-1
3012,2,impeller_imbalance,0.997,physics,steady_state,-1
3013,2,impeller_imbalance,0.942,physics,high_load,-1
3014,2,impeller_imbalance,0.897,physics,high_load,-1
3015,2,impeller_imbalance,0.701,physics,high_load,-1
3016,2,impeller_imbalance,0.657,physics,steady_state,-1
3017,2,impeller_imbalance,0.9,physics,high_load,-1
3018,2,impeller_imbalance,0.651,physics,steady_state,-1
3019,2,impeller_imbalance,0.676,physics,steady_state,-1
3020,2,impeller_imbalance,0.822,physics,steady_state,-1
3021,2,impeller_imbalance,0.543,physics,steady_state,-1
3022,2,impeller_imbalance,0.854,physics,high_load,-1
3023,2,impeller_imbalance,0.838,physics,steady_state,-1
3024,2,impeller_imbalance,0.922,physics,steady_state,-1
3025,2,impeller_imbalance,0.564,physics,steady_state,-1
3026,2,impeller_imbalance,0.272,physics,high_load,-1
3027,2,impeller_imbalance,0.723,physics,steady_state,-1
3028,2,impeller_imbalance,0.778,physics,steady_state,-1
3029,2,impeller_imbalance,0.316,physics,high_load,-1
3030,2,impeller_imbalance,0.664,physics,high_load,-1
3031,2,impeller_imbalance,0.911,physics,high_load,-1
3032,2,impeller_imbalance,0.726,physics,high_load,-1
3033,2,impeller_imbalance,0.926,physics,high_load,-1
3034,2,impeller_imbalance,0.988,physics,steady_state,-1
3035,2,impeller_imbalance,0.934,physics,steady_state,-1
3036,2,impeller_imbalance,0.997,physics,steady_state,-1
3037,2,impeller_imbalance,0.673,physics,high_load,-1
3038,2,impeller_imbalance,0.557,physics,steady_state,-1
3039,2,impeller_imbalance,0.725,physics,high_load,-1
3040,2,impeller_imbalance,0.8,physics,steady_state,-1
3041,2,impeller_imbalance,0.442,physics,high_load,-1
3042,2,impeller_imbalance,0.663,physics,high_load,-1
3043,2,impeller_imbalance,0.702,physics,steady_state,-1
3044,2,impeller_imbalance,0.62,physics,high_load,-1
3045,2,impeller_imbalance,0.443,physics,high_load,-1
3046,2,impeller_imbalance,0.867,physics,high_load,-1
3047,2,impeller_imbalance,0.457,physics,steady_state,-1
3048,2,impeller_imbalance,0.417,physics,high_load,-1
3049,2,impeller_imbalance,0.389,physics,high_load,-1
3050,2,impeller_imbalance,0.765,physics,high_load,-1
3051,2,impeller_imbalance,0.947,physics,high_load,-1
3052,2,impeller_imbalance,0.771,physics,steady_state,-1
3053,2,impeller_imbalance,0.808,physics,high_load,-1
3054,2,impeller_imbalance,0.318,physics,high_load,-1
3055,2,impeller_imbalance,0.64,physics,high_load,-1
3056,2,impeller_imbalance,0.717,physics,high_load,-1
3057,2,impeller_imbalance,0.777,physics,steady_state,-1
3058,2,impeller_imbalance,0.713,physics,steady_state,-1
3059,2,impeller_imbalance,0.779,physics,high_load,-1
3060,2,impeller_imbalance,0.985,physics,steady_state,-1
3061,2,impeller_imbalance,0.656,physics,steady_state,-1
3062,2,impeller_imbalance,0.409,physics,steady_state,-1
3063,2,impeller_imbalance,0.839,physics,steady_state,-1
3064,2,impeller_imbalance,0.919,physics,high_load,-1
3065,2,impeller_imbalance,0.599,physics,steady_state,-1
3066,2,impeller_imbalance,0.81,physics,high_load,-1
3067,2,impeller_imbalance,0.889,physics,steady_state,-1
3068,2,impeller_imbalance,0.878,physics,steady_state,-1
3069,2,impeller_imbalance,0.671,physics,steady_state,-1
3070,2,impeller_imbalance,0.677,physics,high_load,-1
3071,2,impeller_imbalance,0.763,physics,high_load,-1
3072,2,impeller_imbalance,0.757,physics,steady_state,-1
3073,2,impeller_imbalance,0.888,physics,high_load,-1
3074,2,impeller_imbalance,0.849,physics,steady_state,-1
3075,2,impeller_imbalance,0.557,physics,steady_state,-1
3076,2,impeller_imbalance,0.762,physics,steady_state,-1
3077,2,impeller_imbalance,0.808,physics,high_load,-1
3078,2,impeller_imbalance,0.709,physics,high_load,-1
3079,2,impeller_imbalance,0.744,physics,steady_state,-1
3080,2,impeller_imbalance,0.704,physics,steady_state,-1
3081,2,impeller_imbalance,0.815,physics,high_load,-1
3082,2,impeller_imbalance,0.682,physics,high_load,-1
3083,2,impeller_imbalance,0.865,physics,high_load,-1
3084,2,impeller_imbalance,0.67,physics,steady_state,-1
3085,2,impeller_imbalance,0.627,physics,steady_state,-1
3086,2,impeller_imbalance,0.524,physics,steady_state,-1
3087,2,impeller_imbalance,0.648,physics,steady_state,-1
3088,2,impeller_imbalance,0.649,physics,steady_state,-1
3089,2,impeller_imbalance,0.958,physics,high_load,-1
3090,2,impeller_imbalance,0.565,physics,high_load,-1
3091,2,impeller_imbalance,0.603,physics,high_load,-1
3092,2,impeller_imbalance,0.791,physics,high_load,-1
3093,2,impeller_imbalance,0.893,physics,steady_state,-1
3094,2,impeller_imbalance,0.831,physics,high_load,-1
3095,2,impeller_imbalance,0.768,physics,steady_state,-1
3096,2,impeller_imbalance,0.907,physics,high_load,-1
3097,2,impeller_imbalance,0.749,physics,steady_state,-1
3098,2,impeller_imbalance,0.943,physics,high_load,-1
3099,2,impeller_imbalance,0.637,physics,high_load,-1
3100,2,impeller_imbalance,0.598,physics,high_load,-1
3101,2,impeller_imbalance,0.962,physics,high_load,-1
3102,2,impeller_imbalance,0.682,physics,high_load,-1
3103,2,impeller_imbalance,0.272,physics,high_load,-1
3104,2,impeller_imbalance,0.895,physics,steady_state,-1
3105,2,impeller_imbalance,0.826,physics,steady_state,-1
3106,2,impeller_imbalance,0.998,physics,steady_state,-1
3107,2,impeller_imbalance,0.636,physics,high_load,-1
3108,2,impeller_imbalance,0.916,physics,steady_state,-1
3109,2,impeller_imbalance,0.632,physics,steady_state,-1
3110,2,impeller_imbalance,0.808,physics,high_load,-1
3111,2,impeller_imbalance,0.595,physics,high_load,-1
3112,2,impeller_imbalance,0.674,physics,high_load,-1
3113,2,impeller_imbalance,0.229,physics,steady_state,-1
3114,2,impeller_imbalance,0.62,physics,high_load,-1
3115,2,impeller_imbalance,0.677,physics,steady_state,-1
3116,2,impeller_imbalance,0.747,physics,high_load,-1
3117,2,impeller_imbalance,0.719,physics,steady_state,-1
3118,2,impeller_imbalance,0.834,physics,high_load,-1
3119,2,impeller_imbalance,0.887,physics,steady_state,-1
3120,2,impeller_imbalance,0.448,physics,high_load,-1
3121,2,impeller_imbalance,0.817,physics,high_load,-1
3122,2,impeller_imbalance,0.695,physics,steady_state,-1
3123,2,impeller_imbalance,0.93,physics,steady_state,-1
3124,2,impeller_imbalance,0.949,physics,steady_state,-1
3125,2,impeller_imbalance,0.655,physics,steady_state,-1
3126,2,impeller_imbalance,0.872,physics,high_load,-1
3127,2,impeller_imbalance,0.349,physics,high_load,-1
3128,2,impeller_imbalance,0.52,physics,steady_state,-1
3129,2,impeller_imbalance,0.601,physics,high_load,-1
3130,2,impeller_imbalance,0.777,physics,high_load,-1
3131,2,impeller_imbalance,0.767,physics,steady_state,-1
3132,2,impeller_imbalance,0.943,physics,steady_state,-1
3133,2,impeller_imbalance,0.701,physics,high_load,-1
3134,2,impeller_imbalance,0.442,physics,steady_state,-1
3135,2,impeller_imbalance,0.602,physics,high_load,-1
3136,2,impeller_imbalance,0.338,physics,steady_state,-1
3137,2,impeller_imbalance,0.811,physics,high_load,-1
3138,2,impeller_imbalance,0.801,physics,steady_state,-1
3139,2,impeller_imbalance,0.764,physics,steady_state,-1
3140,2,impeller_imbalance,0.876,physics,steady_state,-1
3141,2,impeller_imbalance,0.633,physics,high_load,-1
3142,2,impeller_imbalance,0.731,physics,high_load,-1
3143,2,impeller_imbalance,0.644,physics,steady_state,-1
3144,2,impeller_imbalance,0.801,physics,steady_state,-1
3145,2,impeller_imbalance,0.723,physics,steady_state,-1
3146,2,impeller_imbalance,0.913,physics,steady_state,-1
3147,2,impeller_imbalance,0.771,physics,high_load,-1
3148,2,impeller_imbalance,0.452,physics,high_load,-1
3149,2,impeller_imbalance,0.778,physics,high_load,-1
3150,2,impeller_imbalance,0.933,physics,steady_state,-1
3151,2,impeller_imbalance,0.769,physics,high_load,-1
3152,2,impeller_imbalance,0.588,physics,steady_state,-1
3153,2,impeller_imbalance,0.79,physics,steady_state,-1
3154,2,impeller_imbalance,0.383,physics,steady_state,-1
3155,2,impeller_imbalance,0.635,physics,steady_state,-1
3156,2,impeller_imbalance,0.879,physics,steady_state,-1
3157,2,impeller_imbalance,0.89,physics,high_load,-1
3158,2,impeller_imbalance,0.883,physics,high_load,-1
3159,2,impeller_imbalance,0.951,physics,steady_state,-1
3160,2,impeller_imbalance,0.454,physics,steady_state,-1
3161,2,impeller_imbalance,0.713,physics,high_load,-1
3162,2,impeller_imbalance,0.85,physics,high_load,-1
3163,2,impeller_imbalance,0.385,physics,steady_state,-1
3164,2,impeller_imbalance,0.998,physics,high_load,-1
3165,2,impeller_imbalance,0.765,physics,steady_state,-1
3166,2,impeller_imbalance,0.947,physics,steady_state,-1
3167,2,impeller_imbalance,0.757,physics,steady_state,-1
3168,2,impeller_imbalance,0.377,physics,high_load,-1
3169,2,impeller_imbalance,0.908,physics,high_load,-1
3170,2,impeller_imbalance,0.968,physics,high_load,-1
3171,2,impeller_imbalance,0.541,physics,high_load,-1
3172,2,impeller_imbalance,0.963,physics,high_load,-1
3173,2,impeller_imbalance,0.723,physics,steady_state,-1
3174,2,impeller_imbalance,0.722,physics,steady_state,-1
3175,2,impeller_imbalance,0.552,physics,steady_state,-1
3176,2,impeller_imbalance,0.701,physics,high_load,-1
3177,2,impeller_imbalance,0.541,physics,high_load,-1
3178,2,impeller_imbalance,0.919,physics,steady_state,-1
3179,2,impeller_imbalance,0.523,physics,steady_state,-1
3180,2,impeller_imbalance,0.382,physics,steady_state,-1
3181,2,impeller_imbalance,0.967,physics,high_load,-1
3182,2,impeller_imbalance,0.889,physics,high_load,-1
3183,2,impeller_imbalance,0.272,physics,steady_state,-1
3184,2,impeller_imbalance,0.582,physics,steady_state,-1
3185,2,impeller_imbalance,0.907,physics,steady_state,-1
3186,2,impeller_imbalance,0.699,physics,steady_state,-1
3187,2,impeller_imbalance,0.998,physics,steady_state,-1
3188,2,impeller_imbalance,0.64,physics,high_load,-1
3189,2,impeller_imbalance,0.875,physics,high_load,-1
3190,2,impeller_imbalance,0.921,physics,steady_state,-1
3191,2,impeller_imbalance,0.796,physics,steady_state,-1
3192,2,impeller_imbalance,0.863,physics,high_load,-1
3193,2,impeller_imbalance,0.923,physics,high_load,-1
3194,2,impeller_imbalance,0.951,physics,steady_state,-1
3195,2,impeller_imbalance,0.626,physics,steady_state,-1
3196,2,impeller_imbalance,0.792,physics,high_load,-1
3197,2,impeller_imbalance,0.684,physics,high_load,-1
3198,2,impeller_imbalance,0.677,physics,high_load,-1
3199,2,impeller_imbalance,0.726,physics,high_load,-1
3200,2,impeller_imbalance,0.678,physics,steady_state,-1
3201,2,impeller_imbalance,0.365,physics,steady_state,-1
3202,2,impeller_imbalance,0.863,physics,high_load,-1
3203,2,impeller_imbalance,0.869,physics,high_load,-1
3204,2,impeller_imbalance,0.903,physics,high_load,-1
3205,2,impeller_imbalance,0.678,physics,high_load,-1
3206,2,impeller_imbalance,0.747,physics,high_load,-1
3207,2,impeller_imbalance,0.631,physics,high_load,-1
3208,2,impeller_imbalance,0.693,physics,steady_state,-1
3209,2,impeller_imbalance,0.984,physics,steady_state,-1
3210,2,impeller_imbalance,0.851,physics,steady_state,-1
3211,2,impeller_imbalance,0.955,physics,high_load,-1
3212,2,impeller_imbalance,0.793,physics,high_load,-1
3213,2,impeller_imbalance,0.516,physics,high_load,-1
3214,2,impeller_imbalance,0.54,physics,steady_state,-1
3215,2,impeller_imbalance,0.897,physics,high_load,-1
3216,2,impeller_imbalance,0.781,physics,steady_state,-1
3217,2,impeller_imbalance,0.847,physics,high_load,-1
3218,2,impeller_imbalance,0.583,physics,high_load,-1
3219,2,impeller_imbalance,0.732,physics,high_load,-1
3220,2,impeller_imbalance,0.503,physics,steady_state,-1
3221,2,impeller_imbalance,0.559,physics,steady_state,-1
3222,2,impeller_imbalance,0.611,physics,steady_state,-1
3223,2,impeller_imbalance,0.354,physics,steady_state,-1
3224,2,impeller_imbalance,0.833,physics,steady_state,-1
3225,2,impeller_imbalance,0.64,physics,steady_state,-1
3226,2,impeller_imbalance,0.755,physics,steady_state,-1
3227,2,impeller_imbalance,0.645,physics,high_load,-1
3228,2,impeller_imbalance,0.757,physics,high_load,-1
3229,2,impeller_imbalance,0.87,physics,high_load,-1
3230,2,impeller_imbalance,0.56,physics,steady_state,-1
3231,2,impeller_imbalance,0.806,physics,steady_state,-1
3232,2,impeller_imbalance,0.658,physics,steady_state,-1
3233,2,impeller_imbalance,0.641,physics,high_load,-1
3234,2,impeller_imbalance,0.929,physics,steady_state,-1
3235,2,impeller_imbalance,0.63,physics,steady_state,-1
3236,2,impeller_imbalance,0.705,physics,high_load,-1
3237,2,impeller_imbalance,0.657,physics,high_load,-1
3238,2,impeller_imbalance,0.883,physics,steady_state,-1
3239,2,impeller_imbalance,0.863,physics,steady_state,-1
3240,2,impeller_imbalance,0.864,physics,high_load,-1
3241,2,impeller_imbalance,0.85,physics,high_load,-1
3242,2,impeller_imbalance,0.935,physics,high_load,-1
3243,2,impeller_imbalance,0.732,physics,steady_state,-1
3244,2,impeller_imbalance,0.951,physics,steady_state,-1
3245,2,impeller_imbalance,0.616,physics,steady_state,-1
3246,2,impeller_imbalance,0.947,physics,high_load,-1
3247,2,impeller_imbalance,0.647,physics,high_load,-1
3248,2,impeller_imbalance,0.639,physics,steady_state,-1
3249,2,impeller_imbalance,0.866,physics,steady_state,-1
3250,2,impeller_imbalance,0.954,physics,steady_state,-1
3251,2,impeller_imbalance,0.72,physics,high_load,-1
3252,2,impeller_imbalance,0.619,physics,high_load,-1
3253,2,impeller_imbalance,0.474,physics,high_load,-1
3254,2,impeller_imbalance,0.812,physics,steady_state,-1
3255,2,impeller_imbalance,0.486,physics,steady_state,-1
3256,2,impeller_imbalance,0.479,physics,high_load,-1
3257,2,impeller_imbalance,0.936,physics,high_load,-1
3258,2,impeller_imbalance,0.782,physics,steady_state,-1
3259,2,impeller_imbalance,0.545,physics,steady_state,-1
3260,2,impeller_imbalance,0.861,physics,steady_state,-1
3261,2,impeller_imbalance,0.858,physics,high_load,-1
3262,2,impeller_imbalance,0.314,physics,steady_state,-1
3263,2,impeller_imbalance,0.635,physics,high_load,-1
3264,2,impeller_imbalance,0.618,physics,steady_state,-1
3265,2,impeller_imbalance,0.293,physics,steady_state,-1
3266,2,impeller_imbalance,0.257,physics,high_load,-1
3267,2,impeller_imbalance,0.641,physics,high_load,-1
3268,2,impeller_imbalance,0.871,physics,steady_state,-1
3269,2,impeller_imbalance,0.278,physics,high_load,-1
3270,2,impeller_imbalance,0.558,physics,high_load,-1
3271,2,impeller_imbalance,0.589,physics,steady_state,-1
3272,2,impeller_imbalance,0.842,physics,high_load,-1
3273,2,impeller_imbalance,0.508,physics,steady_state,-1
3274,2,impeller_imbalance,0.534,physics,high_load,-1
3275,2,impeller_imbalance,0.819,physics,high_load,-1
3276,2,impeller_imbalance,0.53,physics,high_load,-1
3277,2,impeller_imbalance,0.632,physics,steady_state,-1
3278,2,impeller_imbalance,0.812,physics,high_load,-1
3279,2,impeller_imbalance,0.7,physics,steady_state,-1
3280,2,impeller_imbalance,0.929,physics,steady_state,-1
3281,2,impeller_imbalance,0.502,physics,steady_state,-1
3282,2,impeller_imbalance,0.974,physics,high_load,-1
3283,2,impeller_imbalance,0.971,physics,steady_state,-1
3284,2,impeller_imbalance,0.71,physics,steady_state,-1
3285,2,impeller_imbalance,0.678,physics,high_load,-1
3286,2,impeller_imbalance,0.845,physics,steady_state,-1
3287,2,impeller_imbalance,0.599,physics,high_load,-1
3288,2,impeller_imbalance,0.792,physics,steady_state,-1
3289,2,impeller_imbalance,0.881,physics,steady_state,-1
3290,2,impeller_imbalance,0.731,physics,high_load,-1
3291,2,impeller_imbalance,0.61,physics,high_load,-1
3292,2,impeller_imbalance,0.395,physics,high_load,-1
3293,2,impeller_imbalance,0.541,physics,steady_state,-1
3294,2,impeller_imbalance,0.47,physics,steady_state,-1
3295,2,impeller_imbalance,0.943,physics,steady_state,-1
3296,2,impeller_imbalance,0.868,physics,high_load,-1
3297,2,impeller_imbalance,0.748,physics,steady_state,-1
3298,2,impeller_imbalance,0.685,physics,steady_state,-1
3299,2,impeller_imbalance,0.325,physics,high_load,-1
3300,2,impeller_imbalance,0.552,physics,steady_state,-1
3301,2,impeller_imbalance,0.565,physics,steady_state,-1
3302,2,impeller_imbalance,0.817,physics,steady_state,-1
3303,2,impeller_imbalance,0.957,physics,steady_state,-1
3304,2,impeller_imbalance,0.617,physics,steady_state,-1
3305,2,impeller_imbalance,0.563,physics,high_load,-1
3306,2,impeller_imbalance,0.499,physics,steady_state,-1
3307,2,impeller_imbalance,0.79,physics,high_load,-1
3308,2,impeller_imbalance,0.884,physics,steady_state,-1
3309,2,impeller_imbalance,0.821,physics,steady_state,-1
3310,2,impeller_imbalance,0.567,physics,steady_state,-1
3311,2,impeller_imbalance,0.921,physics,steady_state,-1
3312,2,impeller_imbalance,0.669,physics,steady_state,-1
3313,2,impeller_imbalance,0.886,physics,steady_state,-1
3314,2,impeller_imbalance,0.631,physics,steady_state,-1
3315,2,impeller_imbalance,0.739,physics,steady_state,-1
3316,2,impeller_imbalance,0.832,physics,steady_state,-1
3317,2,impeller_imbalance,0.921,physics,high_load,-1
3318,2,impeller_imbalance,0.988,physics,steady_state,-1
3319,2,impeller_imbalance,0.994,physics,high_load,-1
3320,2,impeller_imbalance,0.966,physics,steady_state,-1
3321,2,impeller_imbalance,0.876,physics,steady_state,-1
3322,2,impeller_imbalance,0.65,physics,high_load,-1
3323,2,impeller_imbalance,0.968,physics,steady_state,-1
3324,2,impeller_imbalance,0.815,physics,high_load,-1
3325,2,impeller_imbalance,0.958,physics,high_load,-1
3326,2,impeller_imbalance,0.635,physics,steady_state,-1
3327,2,impeller_imbalance,0.732,physics,high_load,-1
3328,2,impeller_imbalance,0.537,physics,steady_state,-1
3329,2,impeller_imbalance,0.972,physics,high_load,-1
3330,2,impeller_imbalance,0.378,physics,high_load,-1
3331,2,impeller_imbalance,0.876,physics,steady_state,-1
3332,2,impeller_imbalance,0.866,physics,high_load,-1
3333,2,impeller_imbalance,0.626,physics,high_load,-1
3334,2,impeller_imbalance,0.856,physics,steady_state,-1
3335,2,impeller_imbalance,0.707,physics,high_load,-1
3336,2,impeller_imbalance,0.883,physics,steady_state,-1
3337,2,impeller_imbalance,0.96,physics,steady_state,-1
3338,2,impeller_imbalance,0.838,physics,high_load,-1
3339,2,impeller_imbalance,0.924,physics,steady_state,-1
3340,2,impeller_imbalance,0.421,physics,steady_state,-1
3341,2,impeller_imbalance,0.393,physics,high_load,-1
3342,2,impeller_imbalance,0.574,physics,steady_state,-1
3343,2,impeller_imbalance,0.277,physics,steady_state,-1
3344,2,impeller_imbalance,0.734,physics,steady_state,-1
3345,2,impeller_imbalance,0.965,physics,steady_state,-1
3346,2,impeller_imbalance,0.955,physics,high_load,-1
3347,2,impeller_imbalance,0.803,physics,steady_state,-1
3348,2,impeller_imbalance,0.91,physics,steady_state,-1
3349,2,impeller_imbalance,0.92,physics,high_load,-1
3350,2,impeller_imbalance,0.86,physics,high_load,-1
3351,2,impeller_imbalance,0.266,physics,high_load,-1
3352,2,impeller_imbalance,0.828,physics,high_load,-1
3353,2,impeller_imbalance,0.829,physics,steady_state,-1
3354,2,impeller_imbalance,0.622,physics,high_load,-1
3355,2,impeller_imbalance,0.855,physics,high_load,-1
3356,2,impeller_imbalance,0.454,physics,high_load,-1
3357,2,impeller_imbalance,0.692,physics,high_load,-1
3358,2,impeller_imbalance,0.597,physics,steady_state,-1
3359,2,impeller_imbalance,0.908,physics,high_load,-1
3360,2,impeller_imbalance,0.936,physics,steady_state,-1
3361,2,impeller_imbalance,0.969,physics,steady_state,-1
3362,2,impeller_imbalance,0.857,physics,high_load,-1
3363,2,impeller_imbalance,0.776,physics,high_load,-1
3364,2,impeller_imbalance,0.503,physics,steady_state,-1
3365,2,impeller_imbalance,0.459,physics,steady_state,-1
3366,2,impeller_imbalance,0.569,physics,high_load,-1
3367,2,impeller_imbalance,0.644,physics,high_load,-1
3368,2,impeller_imbalance,0.581,physics,high_load,-1
3369,2,impeller_imbalance,0.726,physics,high_load,-1
3370,2,impeller_imbalance,0.986,physics,high_load,-1
3371,2,impeller_imbalance,0.588,physics,high_load,-1
3372,2,impeller_imbalance,0.605,physics,high_load,-1
3373,2,impeller_imbalance,0.923,physics,high_load,-1
3374,2,impeller_imbalance,0.558,physics,steady_state,-1
3375,2,impeller_imbalance,0.539,physics,steady_state,-1
3376,2,impeller_imbalance,0.802,physics,steady_state,-1
3377,2,impeller_imbalance,0.944,physics,steady_state,-1
3378,2,impeller_imbalance,0.877,physics,high_load,-1
3379,2,impeller_imbalance,0.595,physics,steady_state,-1
3380,2,impeller_imbalance,0.65,physics,steady_state,-1
3381,2,impeller_imbalance,0.643,physics,high_load,-1
3382,2,impeller_imbalance,0.736,physics,steady_state,-1
3383,2,impeller_imbalance,0.812,physics,steady_state,-1
3384,2,impeller_imbalance,0.767,physics,high_load,-1
3385,2,impeller_imbalance,0.276,physics,steady_state,-1
3386,2,impeller_imbalance,0.798,physics,high_load,-1
3387,2,impeller_imbalance,0.517,physics,high_load,-1
3388,2,impeller_imbalance,0.908,physics,high_load,-1
3389,2,impeller_imbalance,0.905,physics,steady_state,-1
3390,2,impeller_imbalance,0.647,physics,steady_state,-1
3391,2,impeller_imbalance,0.572,physics,high_load,-1
3392,2,impeller_imbalance,0.597,physics,steady_state,-1
3393,2,impeller_imbalance,0.735,physics,steady_state,-1
3394,2,impeller_imbalance,0.913,physics,steady_state,-1
3395,2,impeller_imbalance,0.717,physics,high_load,-1
3396,2,impeller_imbalance,0.768,physics,steady_state,-1
3397,2,impeller_imbalance,0.437,physics,steady_state,-1
3398,2,impeller_imbalance,0.952,physics,steady_state,-1
3399,2,impeller_imbalance,0.993,physics,high_load,-1
3400,2,impeller_imbalance,0.558,physics,steady_state,-1
3401,2,impeller_imbalance,0.591,physics,steady_state,-1
3402,2,impeller_imbalance,0.87,physics,high_load,-1
3403,2,impeller_imbalance,0.581,physics,high_load,-1
3404,2,impeller_imbalance,0.69,physics,high_load,-1
3405,2,impeller_imbalance,0.666,physics,high_load,-1
3406,2,impeller_imbalance,0.775,physics,steady_state,-1
3407,2,impeller_imbalance,0.911,physics,steady_state,-1
3408,2,impeller_imbalance,0.718,physics,steady_state,-1
3409,2,impeller_imbalance,0.588,physics,steady_state,-1
3410,2,impeller_imbalance,0.985,physics,high_load,-1
3411,2,impeller_imbalance,0.325,physics,steady_state,-1
3412,2,impeller_imbalance,0.731,physics,high_load,-1
3413,2,impeller_imbalance,0.952,physics,steady_state,-1
3414,2,impeller_imbalance,0.798,physics,high_load,-1
3415,2,impeller_imbalance,0.681,physics,high_load,-1
3416,2,impeller_imbalance,0.986,physics,high_load,-1
3417,2,impeller_imbalance,0.842,physics,steady_state,-1
3418,2,impeller_imbalance,0.266,physics,steady_state,-1
3419,2,impeller_imbalance,0.836,physics,steady_state,-1
3420,2,impeller_imbalance,0.58,physics,high_load,-1
3421,2,impeller_imbalance,0.616,physics,high_load,-1
3422,2,impeller_imbalance,0.865,physics,steady_state,-1
3423,2,impeller_imbalance,0.926,physics,steady_state,-1
3424,2,impeller_imbalance,0.222,physics,steady_state,-1
3425,2,impeller_imbalance,0.666,physics,high_load,-1
3426,2,impeller_imbalance,0.562,physics,high_load,-1
3427,2,impeller_imbalance,0.943,physics,high_load,-1
3428,2,impeller_imbalance,0.58,physics,steady_state,-1
3429,2,impeller_imbalance,0.932,physics,high_load,-1
3430,2,impeller_imbalance,0.987,physics,steady_state,-1
3431,2,impeller_imbalance,0.289,physics,high_load,-1
3432,2,impeller_imbalance,0.879,physics,steady_state,-1
3433,2,impeller_imbalance,0.798,physics,steady_state,-1
3434,2,impeller_imbalance,0.939,physics,steady_state,-1
3435,2,impeller_imbalance,0.668,physics,steady_state,-1
3436,2,impeller_imbalance,0.555,physics,high_load,-1
3437,2,impeller_imbalance,0.756,physics,steady_state,-1
3438,2,impeller_imbalance,0.826,physics,steady_state,-1
3439,2,impeller_imbalance,0.863,physics,high_load,-1
3440,2,impeller_imbalance,0.681,physics,high_load,-1
3441,2,impeller_imbalance,0.983,physics,steady_state,-1
3442,2,impeller_imbalance,0.917,physics,steady_state,-1
3443,2,impeller_imbalance,0.633,physics,high_load,-1
3444,2,impeller_imbalance,0.725,physics,high_load,-1
3445,2,impeller_imbalance,0.52,physics,high_load,-1
3446,2,impeller_imbalance,0.83,physics,steady_state,-1
3447,2,impeller_imbalance,0.989,physics,steady_state,-1
3448,2,impeller_imbalance,0.688,physics,steady_state,-1
3449,2,impeller_imbalance,0.74,physics,high_load,-1
3450,2,impeller_imbalance,0.701,physics,steady_state,-1
3451,2,impeller_imbalance,0.587,physics,high_load,-1
3452,2,impeller_imbalance,0.885,physics,steady_state,-1
3453,2,impeller_imbalance,0.399,physics,high_load,-1
3454,2,impeller_imbalance,0.543,physics,steady_state,-1
3455,2,impeller_imbalance,0.867,physics,steady_state,-1
3456,2,impeller_imbalance,0.586,physics,steady_state,-1
3457,2,impeller_imbalance,0.771,physics,high_load,-1
3458,2,impeller_imbalance,0.525,physics,steady_state,-1
3459,2,impeller_imbalance,0.795,physics,high_load,-1
3460,2,impeller_imbalance,0.739,physics,high_load,-1
3461,2,impeller_imbalance,0.787,physics,high_load,-1
3462,2,impeller_imbalance,0.669,physics,high_load,-1
3463,2,impeller_imbalance,0.761,physics,steady_state,-1
3464,2,impeller_imbalance,0.69,physics,high_load,-1
3465,2,impeller_imbalance,0.787,physics,high_load,-1
3466,2,impeller_imbalance,0.701,physics,steady_state,-1
3467,2,impeller_imbalance,0.669,physics,high_load,-1
3468,2,impeller_imbalance,0.614,physics,high_load,-1
3469,2,impeller_imbalance,0.747,physics,steady_state,-1
3470,2,impeller_imbalance,0.926,physics,steady_state,-1
3471,2,impeller_imbalance,0.696,physics,steady_state,-1
3472,2,impeller_imbalance,0.758,physics,high_load,-1
3473,2,impeller_imbalance,0.711,physics,steady_state,-1
3474,2,impeller_imbalance,0.405,physics,high_load,-1
3475,2,impeller_imbalance,0.28,physics,steady_state,-1
3476,2,impeller_imbalance,0.665,physics,high_load,-1
3477,2,impeller_imbalance,0.959,physics,steady_state,-1
3478,2,impeller_imbalance,0.972,physics,high_load,-1
3479,2,impeller_imbalance,0.629,physics,steady_state,-1
3480,2,impeller_imbalance,0.797,physics,high_load,-1
3481,2,impeller_imbalance,0.686,physics,steady_state,-1
3482,2,impeller_imbalance,0.973,physics,high_load,-1
3483,2,impeller_imbalance,0.524,physics,steady_state,-1
3484,2,impeller_imbalance,0.637,physics,high_load,-1
3485,2,impeller_imbalance,0.736,physics,high_load,-1
3486,2,impeller_imbalance,0.217,physics,steady_state,-1
3487,2,impeller_imbalance,0.605,physics,steady_state,-1
3488,2,impeller_imbalance,0.83,physics,steady_state,-1
3489,2,impeller_imbalance,0.929,physics,steady_state,-1
3490,2,impeller_imbalance,0.503,physics,steady_state,-1
3491,2,impeller_imbalance,0.691,physics,steady_state,-1
3492,2,impeller_imbalance,0.521,physics,steady_state,-1
3493,2,impeller_imbalance,0.693,physics,steady_state,-1
3494,2,impeller_imbalance,0.565,physics,steady_state,-1
3495,2,impeller_imbalance,0.242,physics,steady_state,-1
3496,2,impeller_imbalance,0.365,physics,steady_state,-1
3497,2,impeller_imbalance,0.857,physics,high_load,-1
3498,2,impeller_imbalance,0.271,physics,steady_state,-1
3499,2,impeller_imbalance,0.534,physics,steady_state,-1
3500,2,impeller_imbalance,0.957,physics,steady_state,-1
3501,2,impeller_imbalance,0.699,physics,high_load,-1
3502,2,impeller_imbalance,0.791,physics,steady_state,-1
3503,2,impeller_imbalance,0.907,physics,steady_state,-1
3504,2,impeller_imbalance,0.801,physics,steady_state,-1
3505,2,impeller_imbalance,0.509,physics,high_load,-1
3506,2,impeller_imbalance,0.747,physics,high_load,-1
3507,2,impeller_imbalance,0.508,physics,steady_state,-1
3508,2,impeller_imbalance,0.552,physics,steady_state,-1
3509,2,impeller_imbalance,0.689,physics,steady_state,-1
3510,2,impeller_imbalance,0.818,physics,high_load,-1
3511,2,impeller_imbalance,0.832,physics,steady_state,-1
3512,2,impeller_imbalance,0.978,physics,steady_state,-1
3513,2,impeller_imbalance,0.539,physics,high_load,-1
3514,2,impeller_imbalance,0.985,physics,steady_state,-1
3515,2,impeller_imbalance,0.928,physics,steady_state,-1
3516,2,impeller_imbalance,0.648,physics,steady_state,-1
3517,2,impeller_imbalance,0.981,physics,steady_state,-1
3518,2,impeller_imbalance,0.697,physics,steady_state,-1
3519,2,impeller_imbalance,0.534,physics,high_load,-1
3520,2,impeller_imbalance,0.437,physics,high_load,-1
3521,2,impeller_imbalance,0.713,physics,steady_state,-1
3522,2,impeller_imbalance,0.768,physics,high_load,-1
3523,2,impeller_imbalance,0.811,physics,steady_state,-1
3524,2,impeller_imbalance,0.933,physics,steady_state,-1
3525,2,impeller_imbalance,0.734,physics,steady_state,-1
3526,2,impeller_imbalance,0.508,physics,steady_state,-1
3527,2,impeller_imbalance,0.774,physics,high_load,-1
3528,2,impeller_imbalance,0.835,physics,high_load,-1
3529,2,impeller_imbalance,0.597,physics,high_load,-1
3530,2,impeller_imbalance,0.737,physics,steady_state,-1
3531,2,impeller_imbalance,0.472,physics,high_load,-1
3532,2,impeller_imbalance,0.828,physics,high_load,-1
3533,2,impeller_imbalance,0.865,physics,steady_state,-1
3534,2,impeller_imbalance,0.831,physics,steady_state,-1
3535,2,impeller_imbalance,0.366,physics,high_load,-1
3536,2,impeller_imbalance,0.734,physics,high_load,-1
3537,2,impeller_imbalance,0.654,physics,steady_state,-1
3538,2,impeller_imbalance,0.654,physics,steady_state,-1
3539,2,impeller_imbalance,0.892,physics,high_load,-1
3540,2,impeller_imbalance,0.815,physics,high_load,-1
3541,2,impeller_imbalance,0.614,physics,steady_state,-1
3542,2,impeller_imbalance,0.935,physics,high_load,-1
3543,2,impeller_imbalance,0.924,physics,steady_state,-1
3544,2,impeller_imbalance,0.478,physics,steady_state,-1
3545,2,impeller_imbalance,0.918,physics,high_load,-1
3546,2,impeller_imbalance,0.813,physics,high_load,-1
3547,2,impeller_imbalance,0.949,physics,steady_state,-1
3548,2,impeller_imbalance,0.767,physics,high_load,-1
3549,2,impeller_imbalance,0.795,physics,steady_state,-1
3550,2,impeller_imbalance,0.763,physics,steady_state,-1
3551,2,impeller_imbalance,0.545,physics,steady_state,-1
3552,2,impeller_imbalance,0.815,physics,steady_state,-1
3553,2,impeller_imbalance,0.567,physics,high_load,-1
3554,2,impeller_imbalance,0.674,physics,steady_state,-1
3555,2,impeller_imbalance,0.523,physics,high_load,-1
3556,2,impeller_imbalance,0.997,physics,high_load,-1
3557,2,impeller_imbalance,0.997,physics,high_load,-1
3558,2,impeller_imbalance,0.824,physics,steady_state,-1
3559,2,impeller_imbalance,0.746,physics,steady_state,-1
3560,2,impeller_imbalance,0.56,physics,steady_state,-1
3561,2,impeller_imbalance,0.971,physics,steady_state,-1
3562,2,impeller_imbalance,0.733,physics,high_load,-1
3563,2,impeller_imbalance,0.884,physics,high_load,-1
3564,2,impeller_imbalance,0.511,physics,steady_state,-1
3565,2,impeller_imbalance,0.683,physics,steady_state,-1
3566,2,impeller_imbalance,0.766,physics,high_load,-1
3567,2,impeller_imbalance,0.588,physics,steady_state,-1
3568,2,impeller_imbalance,0.276,physics,steady_state,-1
3569,2,impeller_imbalance,0.435,physics,high_load,-1
3570,2,impeller_imbalance,0.761,physics,steady_state,-1
3571,2,impeller_imbalance,0.479,physics,high_load,-1
3572,2,impeller_imbalance,0.978,physics,high_load,-1
3573,2,impeller_imbalance,0.351,physics,high_load,-1
3574,2,impeller_imbalance,0.467,physics,high_load,-1
3575,2,impeller_imbalance,0.855,physics,high_load,-1
3576,2,impeller_imbalance,0.539,physics,steady_state,-1
3577,2,impeller_imbalance,0.809,physics,high_load,-1
3578,2,impeller_imbalance,0.547,physics,high_load,-1
3579,2,impeller_imbalance,0.919,physics,high_load,-1
3580,2,impeller_imbalance,0.509,physics,steady_state,-1
3581,2,impeller_imbalance,0.92,physics,steady_state,-1
3582,2,impeller_imbalance,0.702,physics,steady_state,-1
3583,2,impeller_imbalance,0.322,physics,steady_state,-1
3584,2,impeller_imbalance,0.843,physics,high_load,-1
3585,2,impeller_imbalance,0.902,physics,steady_state,-1
3586,2,impeller_imbalance,0.683,physics,high_load,-1
3587,2,impeller_imbalance,0.766,physics,steady_state,-1
3588,2,impeller_imbalance,0.942,physics,steady_state,-1
3589,2,impeller_imbalance,0.591,physics,steady_state,-1
3590,2,impeller_imbalance,0.704,physics,steady_state,-1
3591,2,impeller_imbalance,0.318,physics,high_load,-1
3592,2,impeller_imbalance,0.668,physics,steady_state,-1
3593,2,impeller_imbalance,0.553,physics,steady_state,-1
3594,2,impeller_imbalance,0.936,physics,steady_state,-1
3595,2,impeller_imbalance,0.765,physics,high_load,-1
3596,2,impeller_imbalance,0.85,physics,steady_state,-1
3597,2,impeller_imbalance,0.986,physics,steady_state,-1
3598,2,impeller_imbalance,0.868,physics,high_load,-1
3599,2,impeller_imbalance,0.757,physics,steady_state,-1
3600,3,cavitation,0.873,spike_seed,startup,0
3601,3,cavitation,0.755,spike_seed,startup,1
3602,3,cavitation,0.557,spike_seed,startup,2
3603,3,cavitation,0.781,spike_seed,startup,3
3604,3,cavitation,0.417,spike_seed,startup,4
3605,3,cavitation,0.941,spike_seed,startup,5
3606,3,cavitation,0.87,spike_seed,startup,6
3607,3,cavitation,0.968,spike_seed,startup,7
3608,3,cavitation,0.53,spike_seed,startup,8
3609,3,cavitation,0.694,spike_seed,startup,9
3610,3,cavitation,0.804,spike_seed,startup,10
3611,3,cavitation,0.643,spike_seed,startup,11
3612,3,cavitation,0.875,spike_seed,startup,12
3613,3,cavitation,0.566,spike_seed,startup,13
3614,3,cavitation,0.874,spike_seed,startup,14
3615,3,cavitation,0.626,spike_seed,startup,15
3616,3,cavitation,0.652,spike_seed,startup,16
3617,3,cavitation,0.849,spike_seed,startup,17
3618,3,cavitation,0.836,spike_seed,startup,18
3619,3,cavitation,0.823,spike_seed,startup,19
3620,3,cavitation,0.842,spike_seed,startup,20
3621,3,cavitation,0.548,spike_seed,startup,21
3622,3,cavitation,0.957,spike_seed,startup,22
3623,3,cavitation,0.899,spike_seed,startup,23
3624,3,cavitation,0.95,spike_seed,startup,24
3625,3,cavitation,0.68,spike_seed,startup,25
3626,3,cavitation,0.852,spike_seed,startup,26
3627,3,cavitation,0.357,spike_seed,startup,27
3628,3,cavitation,0.977,spike_seed,startup,28
3629,3,cavitation,0.736,spike_seed,startup,29
3630,3,cavitation,0.856,spike_seed,startup,30
3631,3,cavitation,0.736,spike_seed,startup,31
3632,3,cavitation,0.704,spike_seed,startup,32
3633,3,cavitation,0.724,spike_seed,startup,33
3634,3,cavitation,0.852,spike_seed,startup,34
3635,3,cavitation,0.215,spike_seed,startup,35
3636,3,cavitation,0.696,spike_seed,startup,36
3637,3,cavitation,0.746,spike_seed,startup,37
3638,3,cavitation,0.202,spike_seed,startup,38
3639,3,cavitation,0.83,spike_seed,startup,39
3640,3,cavitation,0.224,spike_seed,startup,40
3641,3,cavitation,0.586,spike_seed,startup,41
3642,3,cavitation,0.656,spike_seed,startup,42
3643,3,cavitation,0.587,spike_seed,startup,43
3644,3,cavitation,0.557,spike_seed,startup,44
3645,3,cavitation,0.268,spike_seed,startup,45
3646,3,cavitation,0.557,spike_seed,startup,46
3647,3,cavitation,0.769,spike_seed,startup,47
3648,3,cavitation,0.421,spike_seed,startup,48
3649,3,cavitation,0.573,spike_seed,startup,49
3650,3,cavitation,0.763,spike_seed,startup,50
3651,3,cavitation,0.719,spike_seed,startup,51
3652,3,cavitation,0.998,spike_seed,startup,52
3653,3,cavitation,0.359,spike_seed,startup,53
3654,3,cavitation,0.705,spike_seed,startup,54
3655,3,cavitation,0.534,spike_seed,startup,55
3656,3,cavitation,0.679,spike_seed,startup,56
3657,3,cavitation,0.765,spike_seed,startup,57
3658,3,cavitation,0.967,spike_seed,startup,58
3659,3,cavitation,0.585,spike_seed,startup,59
3660,3,cavitation,0.937,spike_seed,startup,60
3661,3,cavitation,0.809,spike_seed,startup,61
3662,3,cavitation,0.989,spike_seed,startup,62
3663,3,cavitation,0.708,spike_seed,startup,63
3664,3,cavitation,0.948,spike_seed,startup,64
3665,3,cavitation,0.323,spike_seed,startup,65
3666,3,cavitation,0.283,spike_seed,startup,66
3667,3,cavitation,0.41,spike_seed,startup,67
3668,3,cavitation,0.451,spike_seed,startup,68
3669,3,cavitation,0.333,spike_seed,startup,69
3670,3,cavitation,0.73,spike_seed,startup,70
3671,3,cavitation,0.915,spike_seed,startup,71
3672,3,cavitation,0.638,spike_seed,startup,72
3673,3,cavitation,0.912,spike_seed,startup,73
3674,3,cavitation,0.847,spike_seed,startup,74
3675,3,cavitation,0.557,spike_seed,startup,75
3676,3,cavitation,0.591,spike_seed,startup,76
3677,3,cavitation,0.316,spike_seed,startup,77
3678,3,cavitation,0.647,spike_seed,startup,78
3679,3,cavitation,0.428,spike_seed,startup,79
3680,3,cavitation,0.757,spike_seed,startup,80
3681,3,cavitation,0.251,spike_seed,startup,81
3682,3,cavitation,0.991,spike_seed,startup,82
3683,3,cavitation,0.972,spike_seed,startup,83
3684,3,cavitation,0.981,spike_seed,startup,84
3685,3,cavitation,0.638,spike_seed,startup,85
3686,3,cavitation,0.916,spike_seed,startup,86
3687,3,cavitation,0.962,spike_seed,startup,87
3688,3,cavitation,0.883,spike_seed,startup,88
3689,3,cavitation,0.609,spike_seed,startup,89
3690,3,cavitation,0.915,spike_seed,startup,90
3691,3,cavitation,0.747,spike_seed,startup,91
3692,3,cavitation,0.639,spike_seed,startup,92
3693,3,cavitation,0.223,spike_seed,startup,93
3694,3,cavitation,0.588,spike_seed,startup,94
3695,3,cavitation,0.727,spike_seed,startup,95
3696,3,cavitation,0.956,spike_seed,startup,96
3697,3,cavitation,0.53,spike_seed,startup,97
3698,3,cavitation,0.925,spike_seed,startup,98
3699,3,cavitation,0.481,spike_seed,startup,99
3700,3,cavitation,0.922,spike_seed,startup,100
3701,3,cavitation,0.926,spike_seed,startup,101
3702,3,cavitation,0.516,spike_seed,startup,102
3703,3,cavitation,0.682,spike_seed,startup,103
3704,3,cavitation,0.889,spike_seed,startup,104
3705,3,cavitation,0.642,spike_seed,startup,105
3706,3,cavitation,0.669,spike_seed,startup,106
3707,3,cavitation,0.752,spike_seed,startup,107
3708,3,cavitation,0.555,spike_seed,startup,108
3709,3,cavitation,0.505,spike_seed,startup,109
3710,3,cavitation,0.29,spike_seed,startup,110
3711,3,cavitation,0.941,spike_seed,startup,111
3712,3,cavitation,0.504,spike_seed,startup,112
3713,3,cavitation,0.832,physics,startup,112
3714,3,cavitation,0.845,physics,startup,112
3715,3,cavitation,0.435,physics,startup,112
3716,3,cavitation,0.422,physics,startup,112
3717,3,cavitation,0.791,physics,startup,112
3718,3,cavitation,0.922,physics,startup,112
3719,3,cavitation,0.856,physics,startup,112
3720,3,cavitation,0.908,physics,startup,112
3721,3,cavitation,0.724,physics,startup,112
3722,3,cavitation,0.274,physics,startup,112
3723,3,cavitation,0.262,physics,startup,112
3724,3,cavitation,0.421,physics,startup,112
3725,3,cavitation,0.283,physics,startup,112
3726,3,cavitation,0.507,physics,startup,112
3727,3,cavitation,0.58,physics,startup,112
3728,3,cavitation,0.881,physics,startup,112
3729,3,cavitation,0.843,physics,startup,112
3730,3,cavitation,0.655,physics,startup,112
3731,3,cavitation,0.346,physics,startup,112
3732,3,cavitation,0.522,physics,startup,112
3733,3,cavitation,0.677,physics,startup,112
3734,3,cavitation,0.578,physics,startup,112
3735,3,cavitation,0.516,physics,startup,112
3736,3,cavitation,0.53,physics,startup,112
3737,3,cavitation,0.925,physics,startup,112
3738,3,cavitation,0.597,physics,startup,112
3739,3,cavitation,0.755,physics,startup,112
3740,3,cavitation,0.612,physics,startup,112
3741,3,cavitation,0.57,physics,startup,112
3742,3,cavitation,0.88,physics,startup,112
3743,3,cavitation,0.559,physics,startup,112
3744,3,cavitation,0.612,physics,startup,112
3745,3,cavitation,0.961,physics,startup,112
3746,3,cavitation,0.625,physics,startup,112
3747,3,cavitation,0.987,physics,startup,112
3748,3,cavitation,0.336,physics,startup,112
3749,3,cavitation,0.903,physics,startup,112
3750,3,cavitation,0.544,physics,startup,112
3751,3,cavitation,0.269,physics,startup,112
3752,3,cavitation,0.495,physics,startup,112
3753,3,cavitation,0.217,physics,startup,112
3754,3,cavitation,0.262,physics,startup,112
3755,3,cavitation,0.707,physics,startup,112
3756,3,cavitation,0.398,physics,startup,112
3757,3,cavitation,0.886,physics,startup,112
3758,3,cavitation,0.595,physics,startup,112
3759,3,cavitation,0.631,physics,startup,112
3760,3,cavitation,0.588,physics,startup,112
3761,3,cavitation,0.382,physics,startup,112
3762,3,cavitation,0.271,physics,startup,112
3763,3,cavitation,0.488,physics,startup,112
3764,3,cavitation,0.683,physics,startup,112
3765,3,cavitation,0.603,physics,startup,112
3766,3,cavitation,0.913,physics,startup,112
3767,3,cavitation,0.756,physics,startup,112
3768,3,cavitation,0.616,physics,startup,112
3769,3,cavitation,0.67,physics,startup,112
3770,3,cavitation,0.32,physics,startup,112
3771,3,cavitation,0.536,physics,startup,112
3772,3,cavitation,0.502,physics,startup,112
3773,3,cavitation,0.766,physics,startup,112
3774,3,cavitation,0.885,physics,startup,112
3775,3,cavitation,0.596,physics,startup,112
3776,3,cavitation,0.823,physics,startup,112
3777,3,cavitation,0.731,physics,startup,112
3778,3,cavitation,0.605,physics,startup,112
3779,3,cavitation,0.974,physics,startup,112
3780,3,cavitation,0.646,physics,startup,112
3781,3,cavitation,0.84,physics,startup,112
3782,3,cavitation,0.455,physics,startup,112
3783,3,cavitation,0.65,physics,startup,112
3784,3,cavitation,0.956,physics,startup,112
3785,3,cavitation,0.273,physics,startup,112
3786,3,cavitation,0.483,physics,startup,112
3787,3,cavitation,0.895,physics,startup,112
3788,3,cavitation,0.52,physics,startup,112
3789,3,cavitation,0.711,physics,startup,112
3790,3,cavitation,0.276,physics,startup,112
3791,3,cavitation,0.97,physics,startup,112
3792,3,cavitation,0.225,physics,startup,112
3793,3,cavitation,0.54,physics,startup,112
3794,3,cavitation,0.864,physics,startup,112
3795,3,cavitation,0.659,physics,startup,112
3796,3,cavitation,0.522,physics,startup,112
3797,3,cavitation,0.927,physics,startup,112
3798,3,cavitation,0.315,physics,startup,112
3799,3,cavitation,0.797,physics,startup,112
3800,3,cavitation,0.561,physics,startup,112
3801,3,cavitation,0.852,physics,startup,112
3802,3,cavitation,0.809,physics,startup,112
3803,3,cavitation,0.568,physics,startup,112
3804,3,cavitation,0.731,physics,startup,112
3805,3,cavitation,0.682,physics,startup,112
3806,3,cavitation,0.551,physics,startup,112
3807,3,cavitation,0.418,physics,startup,112
3808,3,cavitation,0.572,physics,startup,112
3809,3,cavitation,0.541,physics,startup,112
3810,3,cavitation,0.7,physics,startup,112
3811,3,cavitation,0.953,physics,startup,112
3812,3,cavitation,0.717,physics,startup,112
3813,3,cavitation,0.348,physics,startup,112
3814,3,cavitation,0.871,physics,startup,112
3815,3,cavitation,0.576,physics,startup,112
3816,3,cavitation,0.711,physics,startup,112
3817,3,cavitation,0.533,physics,startup,112
3818,3,cavitation,0.819,physics,startup,112
3819,3,cavitation,0.438,physics,startup,112
3820,3,cavitation,0.34,physics,startup,112
3821,3,cavitation,0.594,physics,startup,112
3822,3,cavitation,0.827,physics,startup,112
3823,3,cavitation,0.748,physics,startup,112
3824,3,cavitation,0.376,physics,startup,112
3825,3,cavitation,0.646,physics,startup,112
3826,3,cavitation,0.867,physics,startup,112
3827,3,cavitation,0.9,physics,startup,112
3828,3,cavitation,0.587,physics,startup,112
3829,3,cavitation,0.491,physics,startup,112
3830,3,cavitation,0.54,physics,startup,112
3831,3,cavitation,0.762,physics,startup,112
3832,3,cavitation,0.502,physics,startup,112
3833,3,cavitation,0.867,physics,startup,112
3834,3,cavitation,0.421,physics,startup,112
3835,3,cavitation,0.201,physics,startup,112
3836,3,cavitation,0.629,physics,startup,112
3837,3,cavitation,0.332,physics,startup,112
3838,3,cavitation,0.758,physics,startup,112
3839,3,cavitation,0.8,physics,startup,112
3840,3,cavitation,0.975,physics,startup,112
3841,3,cavitation,0.575,physics,startup,112
3842,3,cavitation,0.834,physics,startup,112
3843,3,cavitation,0.327,physics,startup,112
3844,3,cavitation,0.528,physics,startup,112
3845,3,cavitation,0.293,physics,startup,112
3846,3,cavitation,0.865,physics,startup,112
3847,3,cavitation,0.869,physics,startup,112
3848,3,cavitation,0.528,physics,startup,112
3849,3,cavitation,0.881,physics,startup,112
3850,3,cavitation,0.713,physics,startup,112
3851,3,cavitation,0.962,physics,startup,112
3852,3,cavitation,0.388,physics,startup,112
3853,3,cavitation,0.552,physics,startup,112
3854,3,cavitation,0.998,physics,startup,112
3855,3,cavitation,0.65,physics,startup,112
3856,3,cavitation,0.833,physics,startup,112
3857,3,cavitation,0.521,physics,startup,112
3858,3,cavitation,0.21,physics,startup,112
3859,3,cavitation,0.977,physics,startup,112
3860,3,cavitation,0.708,physics,startup,112
3861,3,cavitation,0.966,physics,startup,112
3862,3,cavitation,0.906,physics,startup,112
3863,3,cavitation,0.76,physics,startup,112
3864,3,cavitation,0.24,physics,startup,112
3865,3,cavitation,0.848,physics,startup,112
3866,3,cavitation,0.255,physics,startup,112
3867,3,cavitation,0.995,physics,startup,112
3868,3,cavitation,0.796,physics,startup,112
3869,3,cavitation,0.729,physics,startup,112
3870,3,cavitation,0.867,physics,startup,112
3871,3,cavitation,0.469,physics,startup,112
3872,3,cavitation,0.753,physics,startup,112
3873,3,cavitation,0.211,physics,startup,112
3874,3,cavitation,0.765,physics,startup,112
3875,3,cavitation,0.768,physics,startup,112
3876,3,cavitation,0.621,physics,startup,112
3877,3,cavitation,0.537,physics,startup,112
3878,3,cavitation,0.395,physics,startup,112
3879,3,cavitation,0.975,physics,startup,112
3880,3,cavitation,0.547,physics,startup,112
3881,3,cavitation,0.973,physics,startup,112
3882,3,cavitation,0.356,physics,startup,112
3883,3,cavitation,0.98,physics,startup,112
3884,3,cavitation,0.51,physics,startup,112
3885,3,cavitation,0.624,physics,startup,112
3886,3,cavitation,0.599,physics,startup,112
3887,3,cavitation,0.865,physics,startup,112
3888,3,cavitation,0.233,physics,startup,112
3889,3,cavitation,0.292,physics,startup,112
3890,3,cavitation,0.593,physics,startup,112
3891,3,cavitation,0.869,physics,startup,112
3892,3,cavitation,0.607,physics,startup,112
3893,3,cavitation,0.341,physics,startup,112
3894,3,cavitation,0.628,physics,startup,112
3895,3,cavitation,0.399,physics,startup,112
3896,3,cavitation,0.963,physics,startup,112
3897,3,cavitation,0.984,physics,startup,112
3898,3,cavitation,0.739,physics,startup,112
3899,3,cavitation,0.564,physics,startup,112
3900,3,cavitation,0.544,physics,startup,112
3901,3,cavitation,0.596,physics,startup,112
3902,3,cavitation,0.665,physics,startup,112
3903,3,cavitation,0.86,physics,startup,112
3904,3,cavitation,0.395,physics,startup,112
3905,3,cavitation,0.751,physics,startup,112
3906,3,cavitation,0.296,physics,startup,112
3907,3,cavitation,0.828,physics,startup,112
3908,3,cavitation,0.958,physics,startup,112
3909,3,cavitation,0.889,physics,startup,112
3910,3,cavitation,0.439,physics,startup,112
3911,3,cavitation,0.898,physics,startup,112
3912,3,cavitation,0.651,physics,startup,112
3913,3,cavitation,0.674,physics,startup,112
3914,3,cavitation,0.653,physics,startup,112
3915,3,cavitation,0.859,physics,startup,112
3916,3,cavitation,0.23,physics,startup,112
3917,3,cavitation,0.387,physics,startup,112
3918,3,cavitation,0.544,physics,startup,112
3919,3,cavitation,0.441,physics,startup,112
3920,3,cavitation,0.755,physics,startup,112
3921,3,cavitation,0.937,physics,startup,112
3922,3,cavitation,0.625,physics,startup,112
3923,3,cavitation,0.217,physics,startup,112
3924,3,cavitation,0.677,physics,startup,112
3925,3,cavitation,0.618,physics,startup,112
3926,3,cavitation,0.958,physics,startup,112
3927,3,cavitation,0.808,physics,startup,112
3928,3,cavitation,0.677,physics,startup,112
3929,3,cavitation,0.658,physics,startup,112
3930,3,cavitation,0.436,physics,startup,112
3931,3,cavitation,0.771,physics,startup,112
3932,3,cavitation,0.904,physics,startup,112
3933,3,cavitation,0.403,physics,startup,112
3934,3,cavitation,0.632,physics,startup,112
3935,3,cavitation,0.755,physics,startup,112
3936,3,cavitation,0.966,physics,startup,112
3937,3,cavitation,0.676,physics,startup,112
3938,3,cavitation,0.268,physics,startup,112
3939,3,cavitation,0.339,physics,startup,112
3940,3,cavitation,0.626,physics,startup,112
3941,3,cavitation,0.529,physics,startup,112
3942,3,cavitation,0.389,physics,startup,112
3943,3,cavitation,0.823,physics,startup,112
3944,3,cavitation,0.933,physics,startup,112
3945,3,cavitation,0.769,physics,startup,112
3946,3,cavitation,0.516,physics,startup,112
3947,3,cavitation,0.494,physics,startup,112
3948,3,cavitation,0.828,physics,startup,112
3949,3,cavitation,0.777,physics,startup,112
3950,3,cavitation,0.252,physics,startup,112
3951,3,cavitation,0.694,physics,startup,112
3952,3,cavitation,0.504,physics,startup,112
3953,3,cavitation,0.766,physics,startup,112
3954,3,cavitation,0.953,physics,startup,112
3955,3,cavitation,0.833,physics,startup,112
3956,3,cavitation,0.456,physics,startup,112
3957,3,cavitation,0.67,physics,startup,112
3958,3,cavitation,0.942,physics,startup,112
3959,3,cavitation,0.584,physics,startup,112
3960,3,cavitation,0.584,physics,startup,112
3961,3,cavitation,0.667,physics,startup,112
3962,3,cavitation,0.561,physics,startup,112
3963,3,cavitation,0.333,physics,startup,112
3964,3,cavitation,0.878,physics,startup,112
3965,3,cavitation,0.905,physics,startup,112
3966,3,cavitation,0.708,physics,startup,112
3967,3,cavitation,0.511,physics,startup,112
3968,3,cavitation,0.292,physics,startup,112
3969,3,cavitation,0.56,physics,startup,112
3970,3,cavitation,0.971,physics,startup,112
3971,3,cavitation,0.727,physics,startup,112
3972,3,cavitation,0.723,physics,startup,112
3973,3,cavitation,0.945,physics,startup,112
3974,3,cavitation,0.925,physics,startup,112
3975,3,cavitation,0.897,physics,startup,112
3976,3,cavitation,0.712,physics,startup,112
3977,3,cavitation,0.706,physics,startup,112
3978,3,cavitation,0.245,physics,startup,112
3979,3,cavitation,0.957,physics,startup,112
3980,3,cavitation,0.465,physics,startup,112
3981,3,cavitation,0.877,physics,startup,112
3982,3,cavitation,0.812,physics,startup,112
3983,3,cavitation,0.752,physics,startup,112
3984,3,cavitation,0.672,physics,startup,112
3985,3,cavitation,0.329,physics,startup,112
3986,3,cavitation,0.576,physics,startup,112
3987,3,cavitation,0.467,physics,startup,112
3988,3,cavitation,0.394,physics,startup,112
3989,3,cavitation,0.535,physics,startup,112
3990,3,cavitation,0.286,physics,startup,112
3991,3,cavitation,0.797,physics,startup,112
3992,3,cavitation,0.632,physics,startup,112
3993,3,cavitation,0.529,physics,startup,112
3994,3,cavitation,0.982,physics,startup,112
3995,3,cavitation,0.726,physics,startup,112
3996,3,cavitation,0.747,physics,startup,112
3997,3,cavitation,0.957,physics,startup,112
3998,3,cavitation,0.695,physics,startup,112
3999,3,cavitation,0.426,physics,startup,112
4000,3,cavitation,0.868,physics,startup,112
4001,3,cavitation,0.458,physics,startup,112
4002,3,cavitation,0.949,physics,startup,112
4003,3,cavitation,0.885,physics,startup,112
4004,3,cavitation,0.383,physics,startup,112
4005,3,cavitation,0.909,physics,startup,112
4006,3,cavitation,0.796,physics,startup,112
4007,3,cavitation,0.521,physics,startup,112
4008,3,cavitation,0.364,physics,startup,112
4009,3,cavitation,0.266,physics,startup,112
4010,3,cavitation,0.511,physics,startup,112
4011,3,cavitation,0.814,physics,startup,112
4012,3,cavitation,0.901,physics,startup,112
4013,3,cavitation,0.409,physics,startup,112
4014,3,cavitation,0.958,physics,startup,112
4015,3,cavitation,0.583,physics,startup,112
4016,3,cavitation,0.91,physics,startup,112
4017,3,cavitation,0.708,physics,startup,112
4018,3,cavitation,0.6,physics,startup,112
4019,3,cavitation,0.818,physics,startup,112
4020,3,cavitation,0.883,physics,startup,112
4021,3,cavitation,0.89,physics,startup,112
4022,3,cavitation,0.856,physics,startup,112
4023,3,cavitation,0.563,physics,startup,112
4024,3,cavitation,0.644,physics,startup,112
4025,3,cavitation,0.529,physics,startup,112
4026,3,cavitation,0.801,physics,startup,112
4027,3,cavitation,0.838,physics,startup,112
4028,3,cavitation,0.25,physics,startup,112
4029,3,cavitation,0.73,physics,startup,112
4030,3,cavitation,0.901,physics,startup,112
4031,3,cavitation,0.853,physics,startup,112
4032,3,cavitation,0.849,physics,startup,112
4033,3,cavitation,0.746,physics,startup,112
4034,3,cavitation,0.663,physics,startup,112
4035,3,cavitation,0.612,physics,startup,112
4036,3,cavitation,0.526,physics,startup,112
4037,3,cavitation,0.291,physics,startup,112
4038,3,cavitation,0.271,physics,startup,112
4039,3,cavitation,0.56,physics,startup,112
4040,3,cavitation,0.288,physics,startup,112
4041,3,cavitation,0.724,physics,startup,112
4042,3,cavitation,0.465,physics,startup,112
4043,3,cavitation,0.435,physics,startup,112
4044,3,cavitation,0.597,physics,startup,112
4045,3,cavitation,0.897,physics,startup,112
4046,3,cavitation,0.947,physics,startup,112
4047,3,cavitation,0.823,physics,startup,112
4048,3,cavitation,0.299,physics,startup,112
4049,3,cavitation,0.515,physics,startup,112
4050,3,cavitation,0.874,physics,startup,112
4051,3,cavitation,0.408,physics,startup,112
4052,3,cavitation,0.734,physics,startup,112
4053,3,cavitation,0.448,physics,startup,112
4054,3,cavitation,0.532,physics,startup,112
4055,3,cavitation,0.73,physics,startup,112
4056,3,cavitation,0.751,physics,startup,112
4057,3,cavitation,0.874,physics,startup,112
4058,3,cavitation,0.596,physics,startup,112
4059,3,cavitation,0.488,physics,startup,112
4060,3,cavitation,0.513,physics,startup,112
4061,3,cavitation,0.31,physics,startup,112
4062,3,cavitation,0.857,physics,startup,112
4063,3,cavitation,0.883,physics,startup,112
4064,3,cavitation,0.613,physics,startup,112
4065,3,cavitation,0.751,physics,startup,112
4066,3,cavitation,0.617,physics,startup,112
4067,3,cavitation,0.633,physics,startup,112
4068,3,cavitation,0.988,physics,startup,112
4069,3,cavitation,0.472,physics,startup,112
4070,3,cavitation,0.654,physics,startup,112
4071,3,cavitation,0.277,physics,startup,112
4072,3,cavitation,0.333,physics,startup,112
4073,3,cavitation,0.691,physics,startup,112
4074,3,cavitation,0.892,physics,startup,112
4075,3,cavitation,0.534,physics,startup,112
4076,3,cavitation,0.29,physics,startup,112
4077,3,cavitation,0.671,physics,startup,112
4078,3,cavitation,0.569,physics,startup,112
4079,3,cavitation,0.51,physics,startup,112
4080,3,cavitation,0.932,physics,startup,112
4081,3,cavitation,0.919,physics,startup,112
4082,3,cavitation,0.204,physics,startup,112
4083,3,cavitation,0.545,physics,startup,112
4084,3,cavitation,0.955,physics,startup,112
4085,3,cavitation,0.644,physics,startup,112
4086,3,cavitation,0.354,physics,startup,112
4087,3,cavitation,0.937,physics,startup,112
4088,3,cavitation,0.765,physics,startup,112
4089,3,cavitation,0.729,physics,startup,112
4090,3,cavitation,0.503,physics,startup,112
4091,3,cavitation,0.634,physics,startup,112
4092,3,cavitation,0.603,physics,startup,112
4093,3,cavitation,0.201,physics,startup,112
4094,3,cavitation,0.497,physics,startup,112
4095,3,cavitation,0.901,physics,startup,112
4096,3,cavitation,0.567,physics,startup,112
4097,3,cavitation,0.545,physics,startup,112
4098,3,cavitation,0.638,physics,startup,112
4099,3,cavitation,0.278,physics,startup,112
4100,3,cavitation,0.802,physics,startup,112
4101,3,cavitation,0.711,physics,startup,112
4102,3,cavitation,0.552,physics,startup,112
4103,3,cavitation,0.862,physics,startup,112
4104,3,cavitation,0.52,physics,startup,112
4105,3,cavitation,0.914,physics,startup,112
4106,3,cavitation,0.773,physics,startup,112
4107,3,cavitation,0.541,physics,startup,112
4108,3,cavitation,0.961,physics,startup,112
4109,3,cavitation,0.915,physics,startup,112
4110,3,cavitation,0.957,physics,startup,112
4111,3,cavitation,0.768,physics,startup,112
4112,3,cavitation,0.903,physics,startup,112
4113,3,cavitation,0.607,physics,startup,112
4114,3,cavitation,0.79,physics,startup,112
4115,3,cavitation,0.6,physics,startup,112
4116,3,cavitation,0.546,physics,startup,112
4117,3,cavitation,0.342,physics,startup,112
4118,3,cavitation,0.478,physics,startup,112
4119,3,cavitation,0.558,physics,startup,112
4120,3,cavitation,0.288,physics,startup,112
4121,3,cavitation,0.251,physics,startup,112
4122,3,cavitation,0.569,physics,startup,112
4123,3,cavitation,0.236,physics,startup,112
4124,3,cavitation,0.813,physics,startup,112
4125,3,cavitation,0.67,physics,startup,112
4126,3,cavitation,0.728,physics,startup,112
4127,3,cavitation,0.312,physics,startup,112
4128,3,cavitation,0.703,physics,startup,112
4129,3,cavitation,0.706,physics,startup,112
4130,3,cavitation,0.591,physics,startup,112
4131,3,cavitation,0.857,physics,startup,112
4132,3,cavitation,0.962,physics,startup,112
4133,3,cavitation,0.64,physics,startup,112
4134,3,cavitation,0.697,physics,startup,112
4135,3,cavitation,0.861,physics,startup,112
4136,3,cavitation,0.702,physics,startup,112
4137,3,cavitation,0.893,physics,startup,112
4138,3,cavitation,0.829,physics,startup,112
4139,3,cavitation,0.711,physics,startup,112
4140,3,cavitation,0.942,physics,startup,112
4141,3,cavitation,0.729,physics,startup,112
4142,3,cavitation,0.92,physics,startup,112
4143,3,cavitation,0.74,physics,startup,112
4144,3,cavitation,0.226,physics,startup,112
4145,3,cavitation,0.76,physics,startup,112
4146,3,cavitation,0.61,physics,startup,112
4147,3,cavitation,0.998,physics,startup,112
4148,3,cavitation,0.962,physics,startup,112
4149,3,cavitation,0.701,physics,startup,112
4150,3,cavitation,0.354,physics,startup,112
4151,3,cavitation,0.589,physics,startup,112
4152,3,cavitation,0.747,physics,startup,112
4153,3,cavitation,0.369,physics,startup,112
4154,3,cavitation,0.48,physics,startup,112
4155,3,cavitation,0.384,physics,startup,112
4156,3,cavitation,0.936,physics,startup,112
4157,3,cavitation,0.719,physics,startup,112
4158,3,cavitation,0.254,physics,startup,112
4159,3,cavitation,0.882,physics,startup,112
4160,3,cavitation,0.89,physics,startup,112
4161,3,cavitation,0.664,physics,startup,112
4162,3,cavitation,0.426,physics,startup,112
4163,3,cavitation,0.804,physics,startup,112
4164,3,cavitation,0.783,physics,startup,112
4165,3,cavitation,0.316,physics,startup,112
4166,3,cavitation,0.753,physics,startup,112
4167,3,cavitation,0.865,physics,startup,112
4168,3,cavitation,0.708,physics,startup,112
4169,3,cavitation,0.325,physics,startup,112
4170,3,cavitation,0.468,physics,startup,112
4171,3,cavitation,0.617,physics,startup,112
4172,3,cavitation,0.689,physics,startup,112
4173,3,cavitation,0.434,physics,startup,112
4174,3,cavitation,0.696,physics,startup,112
4175,3,cavitation,0.763,physics,startup,112
4176,3,cavitation,0.89,physics,startup,112
4177,3,cavitation,0.933,physics,startup,112
4178,3,cavitation,0.972,physics,startup,112
4179,3,cavitation,0.79,physics,startup,112
4180,3,cavitation,0.617,physics,startup,112
4181,3,cavitation,0.446,physics,startup,112
4182,3,cavitation,0.278,physics,startup,112
4183,3,cavitation,0.964,physics,startup,112
4184,3,cavitation,0.611,physics,startup,112
4185,3,cavitation,0.962,physics,startup,112
4186,3,cavitation,0.613,physics,startup,112
4187,3,cavitation,0.947,physics,startup,112
4188,3,cavitation,0.758,physics,startup,112
4189,3,cavitation,0.333,physics,startup,112
4190,3,cavitation,0.604,physics,startup,112
4191,3,cavitation,0.336,physics,startup,112
4192,3,cavitation,0.399,physics,startup,112
4193,3,cavitation,0.422,physics,startup,112
4194,3,cavitation,0.968,physics,startup,112
4195,3,cavitation,0.664,physics,startup,112
4196,3,cavitation,0.917,physics,startup,112
4197,3,cavitation,0.723,physics,startup,112
4198,3,cavitation,0.93,physics,startup,112
4199,3,cavitation,0.536,physics,startup,112
4200,3,cavitation,0.661,physics,startup,112
4201,3,cavitation,0.505,physics,startup,112
4202,3,cavitation,0.99,physics,startup,112
4203,3,cavitation,0.882,physics,startup,112
4204,3,cavitation,0.809,physics,startup,112
4205,3,cavitation,0.533,physics,startup,112
4206,3,cavitation,0.505,physics,startup,112
4207,3,cavitation,0.642,physics,startup,112
4208,3,cavitation,0.778,physics,startup,112
4209,3,cavitation,0.464,physics,startup,112
4210,3,cavitation,0.784,physics,startup,112
4211,3,cavitation,0.751,physics,startup,112
4212,3,cavitation,0.33,physics,startup,112
4213,3,cavitation,0.596,physics,startup,112
4214,3,cavitation,0.934,physics,startup,112
4215,3,cavitation,0.543,physics,startup,112
4216,3,cavitation,0.985,physics,startup,112
4217,3,cavitation,0.897,physics,startup,112
4218,3,cavitation,0.429,physics,startup,112
4219,3,cavitation,0.609,physics,startup,112
4220,3,cavitation,0.589,physics,startup,112
4221,3,cavitation,0.879,physics,startup,112
4222,3,cavitation,0.517,physics,startup,112
4223,3,cavitation,0.246,physics,startup,112
4224,3,cavitation,0.878,physics,startup,112
4225,3,cavitation,0.664,physics,startup,112
4226,3,cavitation,0.525,physics,startup,112
4227,3,cavitation,0.43,physics,startup,112
4228,3,cavitation,0.727,physics,startup,112
4229,3,cavitation,0.296,physics,startup,112
4230,3,cavitation,0.795,physics,startup,112
4231,3,cavitation,0.86,physics,startup,112
4232,3,cavitation,0.963,physics,startup,112
4233,3,cavitation,0.314,physics,startup,112
4234,3,cavitation,0.676,physics,startup,112
4235,3,cavitation,0.805,physics,startup,112
4236,3,cavitation,0.556,physics,startup,112
4237,3,cavitation,0.66,physics,startup,112
4238,3,cavitation,0.857,physics,startup,112
4239,3,cavitation,0.345,physics,startup,112
4240,3,cavitation,0.913,physics,startup,112
4241,3,cavitation,0.717,physics,startup,112
4242,3,cavitation,0.546,physics,startup,112
4243,3,cavitation,0.999,physics,startup,112
4244,3,cavitation,0.908,physics,startup,112
4245,3,cavitation,0.755,physics,startup,112
4246,3,cavitation,0.263,physics,startup,112
4247,3,cavitation,0.425,physics,startup,112
4248,3,cavitation,0.82,physics,startup,112
4249,3,cavitation,0.232,physics,startup,112
4250,3,cavitation,0.893,physics,startup,112
4251,3,cavitation,0.931,physics,startup,112
4252,3,cavitation,0.362,physics,startup,112
4253,3,cavitation,0.688,physics,startup,112
4254,3,cavitation,0.866,physics,startup,112
4255,3,cavitation,0.925,physics,startup,112
4256,3,cavitation,0.784,physics,startup,112
4257,3,cavitation,0.784,physics,startup,112
4258,3,cavitation,0.879,physics,startup,112
4259,3,cavitation,0.959,physics,startup,112
4260,3,cavitation,0.571,physics,startup,112
4261,3,cavitation,0.512,physics,startup,112
4262,3,cavitation,0.392,physics,startup,112
4263,3,cavitation,0.571,physics,startup,112
4264,3,cavitation,0.774,physics,startup,112
4265,3,cavitation,0.705,physics,startup,112
4266,3,cavitation,0.681,physics,startup,112
4267,3,cavitation,0.792,physics,startup,112
4268,3,cavitation,0.766,physics,startup,112
4269,3,cavitation,0.634,physics,startup,112
4270,3,cavitation,0.643,physics,startup,112
4271,3,cavitation,0.246,physics,startup,112
4272,3,cavitation,0.875,physics,startup,112
4273,3,cavitation,0.992,physics,startup,112
4274,3,cavitation,0.488,physics,startup,112
4275,3,cavitation,0.285,physics,startup,112
4276,3,cavitation,0.99,physics,startup,112
4277,3,cavitation,0.672,physics,startup,112
4278,3,cavitation,0.986,physics,startup,112
4279,3,cavitation,0.52,physics,startup,112
4280,3,cavitation,0.895,physics,startup,112
4281,3,cavitation,0.991,physics,startup,112
4282,3,cavitation,0.253,physics,startup,112
4283,3,cavitation,0.679,physics,startup,112
4284,3,cavitation,0.588,physics,startup,112
4285,3,cavitation,0.647,physics,startup,112
4286,3,cavitation,0.698,physics,startup,112
4287,3,cavitation,0.922,physics,startup,112
4288,3,cavitation,0.656,physics,startup,112
4289,3,cavitation,0.993,physics,startup,112
4290,3,cavitation,0.713,physics,startup,112
4291,3,cavitation,0.97,physics,startup,112
4292,3,cavitation,0.385,physics,startup,112
4293,3,cavitation,0.289,physics,startup,112
4294,3,cavitation,0.901,physics,startup,112
4295,3,cavitation,0.913,physics,startup,112
4296,3,cavitation,0.798,physics,startup,112
4297,3,cavitation,0.574,physics,startup,112
4298,3,cavitation,0.296,physics,startup,112
4299,3,cavitation,0.774,physics,startup,112
4300,3,cavitation,0.981,physics,startup,112
4301,3,cavitation,0.931,physics,startup,112
4302,3,cavitation,0.845,physics,startup,112
4303,3,cavitation,0.849,physics,startup,112
4304,3,cavitation,0.684,physics,startup,112
4305,3,cavitation,0.667,physics,startup,112
4306,3,cavitation,0.494,physics,startup,112
4307,3,cavitation,0.995,physics,startup,112
4308,3,cavitation,0.694,physics,startup,112
4309,3,cavitation,1.0,physics,startup,112
4310,3,cavitation,0.74,physics,startup,112
4311,3,cavitation,0.423,physics,startup,112
4312,3,cavitation,0.378,physics,startup,112
4313,3,cavitation,0.563,physics,startup,112
4314,3,cavitation,0.713,physics,startup,112
4315,3,cavitation,0.915,physics,startup,112
4316,3,cavitation,0.999,physics,startup,112
4317,3,cavitation,0.588,physics,startup,112
4318,3,cavitation,0.256,physics,startup,112
4319,3,cavitation,0.953,physics,startup,112
4320,3,cavitation,0.753,physics,startup,112
4321,3,cavitation,0.801,physics,startup,112
4322,3,cavitation,0.286,physics,startup,112
4323,3,cavitation,0.733,physics,startup,112
4324,3,cavitation,0.28,physics,startup,112
4325,3,cavitation,0.795,physics,startup,112
4326,3,cavitation,0.854,physics,startup,112
4327,3,cavitation,0.885,physics,startup,112
4328,3,cavitation,0.705,physics,startup,112
4329,3,cavitation,0.861,physics,startup,112
4330,3,cavitation,0.722,physics,startup,112
4331,3,cavitation,0.81,physics,startup,112
4332,3,cavitation,0.928,physics,startup,112
4333,3,cavitation,0.627,physics,startup,112
4334,3,cavitation,0.635,physics,startup,112
4335,3,cavitation,0.484,physics,startup,112
4336,3,cavitation,0.52,physics,startup,112
4337,3,cavitation,0.233,physics,startup,112
4338,3,cavitation,0.739,physics,startup,112
4339,3,cavitation,0.38,physics,startup,112
4340,3,cavitation,0.771,physics,startup,112
4341,3,cavitation,0.691,physics,startup,112
4342,3,cavitation,0.282,physics,startup,112
4343,3,cavitation,0.942,physics,startup,112
4344,3,cavitation,0.714,physics,startup,112
4345,3,cavitation,0.467,physics,startup,112
4346,3,cavitation,0.796,physics,startup,112
4347,3,cavitation,0.774,physics,startup,112
4348,3,cavitation,0.621,physics,startup,112
4349,3,cavitation,0.438,physics,startup,112
4350,3,cavitation,0.869,physics,startup,112
4351,3,cavitation,0.85,physics,startup,112
4352,3,cavitation,0.855,physics,startup,112
4353,3,cavitation,0.932,physics,startup,112
4354,3,cavitation,0.273,physics,startup,112
4355,3,cavitation,0.989,physics,startup,112
4356,3,cavitation,0.226,physics,startup,112
4357,3,cavitation,0.213,physics,startup,112
4358,3,cavitation,0.748,physics,startup,112
4359,3,cavitation,0.345,physics,startup,112
4360,3,cavitation,0.831,physics,startup,112
4361,3,cavitation,0.532,physics,startup,112
4362,3,cavitation,0.209,physics,startup,112
4363,3,cavitation,0.707,physics,startup,112
4364,3,cavitation,0.55,physics,startup,112
4365,3,cavitation,0.858,physics,startup,112
4366,3,cavitation,0.962,physics,startup,112
4367,3,cavitation,0.401,physics,startup,112
4368,3,cavitation,0.279,physics,startup,112
4369,3,cavitation,0.734,physics,startup,112
4370,3,cavitation,0.823,physics,startup,112
4371,3,cavitation,0.497,physics,startup,112
4372,3,cavitation,0.822,physics,startup,112
4373,3,cavitation,0.478,physics,startup,112
4374,3,cavitation,0.905,physics,startup,112
4375,3,cavitation,0.77,physics,startup,112
4376,3,cavitation,0.566,physics,startup,112
4377,3,cavitation,0.606,physics,startup,112
4378,3,cavitation,0.918,physics,startup,112
4379,3,cavitation,0.955,physics,startup,112
4380,3,cavitation,0.279,physics,startup,112
4381,3,cavitation,0.906,physics,startup,112
4382,3,cavitation,0.692,physics,startup,112
4383,3,cavitation,0.99,physics,startup,112
4384,3,cavitation,0.532,physics,startup,112
4385,3,cavitation,0.885,physics,startup,112
4386,3,cavitation,0.877,physics,startup,112
4387,3,cavitation,0.804,physics,startup,112
4388,3,cavitation,0.679,physics,startup,112
4389,3,cavitation,0.658,physics,startup,112
4390,3,cavitation,0.884,physics,startup,112
4391,3,cavitation,0.839,physics,startup,112
4392,3,cavitation,0.593,physics,startup,112
4393,3,cavitation,0.636,physics,startup,112
4394,3,cavitation,0.533,physics,startup,112
4395,3,cavitation,0.875,physics,startup,112
4396,3,cavitation,0.785,physics,startup,112
4397,3,cavitation,0.596,physics,startup,112
4398,3,cavitation,0.836,physics,startup,112
4399,3,cavitation,0.527,physics,startup,112
4400,3,cavitation,0.831,physics,startup,112
4401,3,cavitation,0.568,physics,startup,112
4402,3,cavitation,0.907,physics,startup,112
4403,3,cavitation,0.682,physics,startup,112
4404,3,cavitation,0.595,physics,startup,112
4405,3,cavitation,0.586,physics,startup,112
4406,3,cavitation,0.86,physics,startup,112
4407,3,cavitation,0.503,physics,startup,112
4408,3,cavitation,0.611,physics,startup,112
4409,3,cavitation,0.668,physics,startup,112
4410,3,cavitation,0.288,physics,startup,112
4411,3,cavitation,0.658,physics,startup,112
4412,3,cavitation,0.719,physics,startup,112
4413,3,cavitation,0.624,physics,startup,112
4414,3,cavitation,0.228,physics,startup,112
4415,3,cavitation,0.595,physics,startup,112
4416,3,cavitation,0.939,physics,startup,112
4417,3,cavitation,0.511,physics,startup,112
4418,3,cavitation,0.411,physics,startup,112
4419,3,cavitation,0.841,physics,startup,112
4420,3,cavitation,0.601,physics,startup,112
4421,3,cavitation,0.75,physics,startup,112
4422,3,cavitation,0.497,physics,startup,112
4423,3,cavitation,0.925,physics,startup,112
4424,3,cavitation,0.816,physics,startup,112
4425,3,cavitation,0.555,physics,startup,112
4426,3,cavitation,0.896,physics,startup,112
4427,3,cavitation,0.282,physics,startup,112
4428,3,cavitation,0.836,physics,startup,112
4429,3,cavitation,0.912,physics,startup,112
4430,3,cavitation,0.979,physics,startup,112
4431,3,cavitation,0.501,physics,startup,112
4432,3,cavitation,0.714,physics,startup,112
4433,3,cavitation,0.293,physics,startup,112
4434,3,cavitation,0.735,physics,startup,112
4435,3,cavitation,0.689,physics,startup,112
4436,3,cavitation,0.559,physics,startup,112
4437,3,cavitation,0.22,physics,startup,112
4438,3,cavitation,0.548,physics,startup,112
4439,3,cavitation,0.873,physics,startup,112
4440,3,cavitation,0.542,physics,startup,112
4441,3,cavitation,0.518,physics,startup,112
4442,3,cavitation,0.659,physics,startup,112
4443,3,cavitation,0.971,physics,startup,112
4444,3,cavitation,0.523,physics,startup,112
4445,3,cavitation,0.744,physics,startup,112
4446,3,cavitation,0.625,physics,startup,112
4447,3,cavitation,0.281,physics,startup,112
4448,3,cavitation,0.303,physics,startup,112
4449,3,cavitation,0.537,physics,startup,112
4450,3,cavitation,0.607,physics,startup,112
4451,3,cavitation,0.743,physics,startup,112
4452,3,cavitation,0.766,physics,startup,112
4453,3,cavitation,0.845,physics,startup,112
4454,3,cavitation,0.4,physics,startup,112
4455,3,cavitation,0.535,physics,startup,112
4456,3,cavitation,0.389,physics,startup,112
4457,3,cavitation,0.908,physics,startup,112
4458,3,cavitation,0.404,physics,startup,112
4459,3,cavitation,0.721,physics,startup,112
4460,3,cavitation,0.835,physics,startup,112
4461,3,cavitation,0.864,physics,startup,112
4462,3,cavitation,0.723,physics,startup,112
4463,3,cavitation,0.696,physics,startup,112
4464,3,cavitation,0.58,physics,startup,112
4465,3,cavitation,0.989,physics,startup,112
4466,3,cavitation,0.765,physics,startup,112
4467,3,cavitation,0.521,physics,startup,112
4468,3,cavitation,0.856,physics,startup,112
4469,3,cavitation,0.75,physics,startup,112
4470,3,cavitation,0.612,physics,startup,112
4471,3,cavitation,0.263,physics,startup,112
4472,3,cavitation,0.618,physics,startup,112
4473,3,cavitation,0.951,physics,startup,112
4474,3,cavitation,0.526,physics,startup,112
4475,3,cavitation,0.656,physics,startup,112
4476,3,cavitation,0.448,physics,startup,112
4477,3,cavitation,0.584,physics,startup,112
4478,3,cavitation,0.826,physics,startup,112
4479,3,cavitation,0.64,physics,startup,112
4480,3,cavitation,0.838,physics,startup,112
4481,3,cavitation,0.791,physics,startup,112
4482,3,cavitation,0.78,physics,startup,112
4483,3,cavitation,0.695,physics,startup,112
4484,3,cavitation,0.534,physics,startup,112
4485,3,cavitation,0.882,physics,startup,112
4486,3,cavitation,0.272,physics,startup,112
4487,3,cavitation,0.99,physics,startup,112
4488,3,cavitation,0.622,physics,startup,112
4489,3,cavitation,0.864,physics,startup,112
4490,3,cavitation,0.707,physics,startup,112
4491,3,cavitation,0.92,physics,startup,112
4492,3,cavitation,0.783,physics,startup,112
4493,3,cavitation,0.712,physics,startup,112
4494,3,cavitation,0.639,physics,startup,112
4495,3,cavitation,0.972,physics,startup,112
4496,3,cavitation,0.778,physics,startup,112
4497,3,cavitation,0.817,physics,startup,112
4498,3,cavitation,0.296,physics,startup,112
4499,3,cavitation,0.869,physics,startup,112
4500,3,cavitation,0.774,physics,startup,112
4501,3,cavitation,0.266,physics,startup,112
4502,3,cavitation,0.611,physics,startup,112
4503,3,cavitation,0.754,physics,startup,112
4504,3,cavitation,0.553,physics,startup,112
4505,3,cavitation,0.583,physics,startup,112
4506,3,cavitation,0.855,physics,startup,112
4507,3,cavitation,0.412,physics,startup,112
4508,3,cavitation,0.939,physics,startup,112
4509,3,cavitation,0.251,physics,startup,112
4510,3,cavitation,0.996,physics,startup,112
4511,3,cavitation,0.718,physics,startup,112
4512,3,cavitation,0.546,physics,startup,112
4513,3,cavitation,0.677,physics,startup,112
4514,3,cavitation,0.934,physics,startup,112
4515,3,cavitation,0.582,physics,startup,112
4516,3,cavitation,0.964,physics,startup,112
4517,3,cavitation,0.892,physics,startup,112
4518,3,cavitation,0.546,physics,startup,112
4519,3,cavitation,0.594,physics,startup,112
4520,3,cavitation,0.394,physics,startup,112
4521,3,cavitation,0.875,physics,startup,112
4522,3,cavitation,0.615,physics,startup,112
4523,3,cavitation,0.607,physics,startup,112
4524,3,cavitation,0.768,physics,startup,112
4525,3,cavitation,0.549,physics,startup,112
4526,3,cavitation,0.591,physics,startup,112
4527,3,cavitation,0.695,physics,startup,112
4528,3,cavitation,0.711,physics,startup,112
4529,3,cavitation,0.778,physics,startup,112
4530,3,cavitation,0.882,physics,startup,112
4531,3,cavitation,0.88,physics,startup,112
4532,3,cavitation,0.711,physics,startup,112
4533,3,cavitation,0.998,physics,startup,112
4534,3,cavitation,0.779,physics,startup,112
4535,3,cavitation,0.228,physics,startup,112
4536,3,cavitation,0.517,physics,startup,112
4537,3,cavitation,0.756,physics,startup,112
4538,3,cavitation,0.494,physics,startup,112
4539,3,cavitation,0.886,physics,startup,112
4540,3,cavitation,0.746,physics,startup,112
4541,3,cavitation,0.819,physics,startup,112
4542,3,cavitation,0.903,physics,startup,112
4543,3,cavitation,0.226,physics,startup,112
4544,3,cavitation,0.268,physics,startup,112
4545,3,cavitation,0.434,physics,startup,112
4546,3,cavitation,0.445,physics,startup,112
4547,3,cavitation,0.785,physics,startup,112
4548,3,cavitation,0.878,physics,startup,112
4549,3,cavitation,0.898,physics,startup,112
4550,3,cavitation,0.542,physics,startup,112
4551,3,cavitation,0.798,physics,startup,112
4552,3,cavitation,0.555,physics,startup,112
4553,3,cavitation,0.385,physics,startup,112
4554,3,cavitation,0.959,physics,startup,112
4555,3,cavitation,0.951,physics,startup,112
4556,3,cavitation,0.582,physics,startup,112
4557,3,cavitation,0.76,physics,startup,112
4558,3,cavitation,0.874,physics,startup,112
4559,3,cavitation,0.792,physics,startup,112
4560,3,cavitation,0.724,physics,startup,112
4561,3,cavitation,0.878,physics,startup,112
4562,3,cavitation,0.66,physics,startup,112
4563,3,cavitation,0.741,physics,startup,112
4564,3,cavitation,0.224,physics,startup,112
4565,3,cavitation,0.901,physics,startup,112
4566,3,cavitation,0.896,physics,startup,112
4567,3,cavitation,0.278,physics,startup,112
4568,3,cavitation,0.574,physics,startup,112
4569,3,cavitation,0.403,physics,startup,112
4570,3,cavitation,0.709,physics,startup,112
4571,3,cavitation,0.906,physics,startup,112
4572,3,cavitation,0.357,physics,startup,112
4573,3,cavitation,0.959,physics,startup,112
4574,3,cavitation,0.653,physics,startup,112
4575,3,cavitation,0.744,physics,startup,112
4576,3,cavitation,0.87,physics,startup,112
4577,3,cavitation,0.549,physics,startup,112
4578,3,cavitation,0.616,physics,startup,112
4579,3,cavitation,0.826,physics,startup,112
4580,3,cavitation,0.984,physics,startup,112
4581,3,cavitation,0.37,physics,startup,112
4582,3,cavitation,0.496,physics,startup,112
4583,3,cavitation,0.268,physics,startup,112
4584,3,cavitation,0.726,physics,startup,112
4585,3,cavitation,0.23,physics,startup,112
4586,3,cavitation,0.654,physics,startup,112
4587,3,cavitation,0.363,physics,startup,112
4588,3,cavitation,0.729,physics,startup,112
4589,3,cavitation,0.344,physics,startup,112
4590,3,cavitation,0.654,physics,startup,112
4591,3,cavitation,0.97,physics,startup,112
4592,3,cavitation,0.794,physics,startup,112
4593,3,cavitation,0.424,physics,startup,112
4594,3,cavitation,0.743,physics,startup,112
4595,3,cavitation,0.786,physics,startup,112
4596,3,cavitation,0.976,physics,startup,112
4597,3,cavitation,0.616,physics,startup,112
4598,3,cavitation,0.372,physics,startup,112
4599,3,cavitation,0.478,physics,startup,112
4600,3,cavitation,0.381,physics,startup,112
4601,3,cavitation,0.438,physics,startup,112
4602,3,cavitation,0.966,physics,startup,112
4603,3,cavitation,0.387,physics,startup,112
4604,3,cavitation,0.939,physics,startup,112
4605,3,cavitation,0.26,physics,startup,112
4606,3,cavitation,0.532,physics,startup,112
4607,3,cavitation,0.571,physics,startup,112
4608,3,cavitation,0.748,physics,startup,112
4609,3,cavitation,0.907,physics,startup,112
4610,3,cavitation,0.564,physics,startup,112
4611,3,cavitation,0.792,physics,startup,112
4612,3,cavitation,0.502,physics,startup,112
4613,3,cavitation,0.814,physics,startup,112
4614,3,cavitation,0.211,physics,startup,112
4615,3,cavitation,0.459,physics,startup,112
4616,3,cavitation,0.563,physics,startup,112
4617,3,cavitation,0.598,physics,startup,112
4618,3,cavitation,0.959,physics,startup,112
4619,3,cavitation,0.807,physics,startup,112
4620,3,cavitation,0.55,physics,startup,112
4621,3,cavitation,0.921,physics,startup,112
4622,3,cavitation,0.653,physics,startup,112
4623,3,cavitation,0.296,physics,startup,112
4624,3,cavitation,0.208,physics,startup,112
4625,3,cavitation,0.573,physics,startup,112
4626,3,cavitation,0.492,physics,startup,112
4627,3,cavitation,0.295,physics,startup,112
4628,3,cavitation,0.854,physics,startup,112
4629,3,cavitation,0.703,physics,startup,112
4630,3,cavitation,0.961,physics,startup,112
4631,3,cavitation,0.861,physics,startup,112
4632,3,cavitation,0.668,physics,startup,112
4633,3,cavitation,0.648,physics,startup,112
4634,3,cavitation,0.897,physics,startup,112
4635,3,cavitation,0.893,physics,startup,112
4636,3,cavitation,0.766,physics,startup,112
4637,3,cavitation,0.587,physics,startup,112
4638,3,cavitation,0.598,physics,startup,112
4639,3,cavitation,0.741,physics,startup,112
4640,3,cavitation,0.834,physics,startup,112
4641,3,cavitation,0.289,physics,startup,112
4642,3,cavitation,0.811,physics,startup,112
4643,3,cavitation,0.725,physics,startup,112
4644,3,cavitation,0.641,physics,startup,112
4645,3,cavitation,0.81,physics,startup,112
4646,3,cavitation,0.749,physics,startup,112
4647,3,cavitation,0.211,physics,startup,112
4648,3,cavitation,0.838,physics,startup,112
4649,3,cavitation,0.936,physics,startup,112
4650,3,cavitation,0.465,physics,startup,112
4651,3,cavitation,0.951,physics,startup,112
4652,3,cavitation,0.725,physics,startup,112
4653,3,cavitation,0.87,physics,startup,112
4654,3,cavitation,0.663,physics,startup,112
4655,3,cavitation,0.787,physics,startup,112
4656,3,cavitation,0.568,physics,startup,112
4657,3,cavitation,0.821,physics,startup,112
4658,3,cavitation,0.667,physics,startup,112
4659,3,cavitation,0.971,physics,startup,112
4660,3,cavitation,0.504,physics,startup,112
4661,3,cavitation,0.358,physics,startup,112
4662,3,cavitation,0.789,physics,startup,112
4663,3,cavitation,0.753,physics,startup,112
4664,3,cavitation,0.613,physics,startup,112
4665,3,cavitation,0.297,physics,startup,112
4666,3,cavitation,0.434,physics,startup,112
4667,3,cavitation,0.964,physics,startup,112
4668,3,cavitation,0.5,physics,startup,112
4669,3,cavitation,0.822,physics,startup,112
4670,3,cavitation,0.549,physics,startup,112
4671,3,cavitation,0.94,physics,startup,112
4672,3,cavitation,0.941,physics,startup,112
4673,3,cavitation,0.782,physics,startup,112
4674,3,cavitation,0.541,physics,startup,112
4675,3,cavitation,0.406,physics,startup,112
4676,3,cavitation,0.931,physics,startup,112
4677,3,cavitation,0.223,physics,startup,112
4678,3,cavitation,0.628,physics,startup,112
4679,3,cavitation,0.515,physics,startup,112
4680,3,cavitation,0.438,physics,startup,112
4681,3,cavitation,0.537,physics,startup,112
4682,3,cavitation,0.299,physics,startup,112
4683,3,cavitation,0.553,physics,startup,112
4684,3,cavitation,0.696,physics,startup,112
4685,3,cavitation,0.202,physics,startup,112
4686,3,cavitation,0.345,physics,startup,112
4687,3,cavitation,0.309,physics,startup,112
4688,3,cavitation,0.88,physics,startup,112
4689,3,cavitation,0.806,physics,startup,112
4690,3,cavitation,0.986,physics,startup,112
4691,3,cavitation,0.838,physics,startup,112
4692,3,cavitation,0.763,physics,startup,112
4693,3,cavitation,0.992,physics,startup,112
4694,3,cavitation,0.525,physics,startup,112
4695,3,cavitation,0.508,physics,startup,112
4696,3,cavitation,0.549,physics,startup,112
4697,3,cavitation,0.808,physics,startup,112
4698,3,cavitation,0.217,physics,startup,112
4699,3,cavitation,0.969,physics,startup,112
4700,3,cavitation,0.745,physics,startup,112
4701,3,cavitation,0.665,physics,startup,112
4702,3,cavitation,0.622,physics,startup,112
4703,3,cavitation,0.675,physics,startup,112
4704,3,cavitation,0.358,physics,startup,112
4705,3,cavitation,0.383,physics,startup,112
4706,3,cavitation,0.817,physics,startup,112
4707,3,cavitation,0.773,physics,startup,112
4708,3,cavitation,0.617,physics,startup,112
4709,3,cavitation,0.412,physics,startup,112
4710,3,cavitation,0.589,physics,startup,112
4711,3,cavitation,0.808,physics,startup,112
4712,3,cavitation,0.682,physics,startup,112
4713,3,cavitation,0.921,physics,startup,112
4714,3,cavitation,0.905,physics,startup,112
4715,3,cavitation,0.868,physics,startup,112
4716,3,cavitation,0.908,physics,startup,112
4717,3,cavitation,0.925,physics,startup,112
4718,3,cavitation,0.45,physics,startup,112
4719,3,cavitation,0.719,physics,startup,112
4720,3,cavitation,0.373,physics,startup,112
4721,3,cavitation,0.891,physics,startup,112
4722,3,cavitation,0.521,physics,startup,112
4723,3,cavitation,0.886,physics,startup,112
4724,3,cavitation,0.684,physics,startup,112
4725,3,cavitation,0.514,physics,startup,112
4726,3,cavitation,0.908,physics,startup,112
4727,3,cavitation,0.877,physics,startup,112
4728,3,cavitation,0.838,physics,startup,112
4729,3,cavitation,0.852,physics,startup,112
4730,3,cavitation,0.551,physics,startup,112
4731,3,cavitation,0.745,physics,startup,112
4732,3,cavitation,0.529,physics,startup,112
4733,3,cavitation,0.584,physics,startup,112
4734,3,cavitation,0.637,physics,startup,112
4735,3,cavitation,0.637,physics,startup,112
4736,3,cavitation,0.578,physics,startup,112
4737,3,cavitation,0.325,physics,startup,112
4738,3,cavitation,0.855,physics,startup,112
4739,3,cavitation,0.504,physics,startup,112
4740,3,cavitation,0.696,physics,startup,112
4741,3,cavitation,0.934,physics,startup,112
4742,3,cavitation,0.66,physics,startup,112
4743,3,cavitation,0.418,physics,startup,112
4744,3,cavitation,0.857,physics,startup,112
4745,3,cavitation,0.988,physics,startup,112
4746,3,cavitation,0.325,physics,startup,112
4747,3,cavitation,0.753,physics,startup,112
4748,3,cavitation,0.356,physics,startup,112
4749,3,cavitation,0.23,physics,startup,112
4750,3,cavitation,0.516,physics,startup,112
4751,3,cavitation,0.927,physics,startup,112
4752,3,cavitation,0.935,physics,startup,112
4753,3,cavitation,0.862,physics,startup,112
4754,3,cavitation,0.853,physics,startup,112
4755,3,cavitation,0.958,physics,startup,112
4756,3,cavitation,0.855,physics,startup,112
4757,3,cavitation,0.792,physics,startup,112
4758,3,cavitation,0.922,physics,startup,112
4759,3,cavitation,0.643,physics,startup,112
4760,3,cavitation,0.618,physics,startup,112
4761,3,cavitation,0.842,physics,startup,112
4762,3,cavitation,0.618,physics,startup,112
4763,3,cavitation,0.692,physics,startup,112
4764,3,cavitation,0.732,physics,startup,112
4765,3,cavitation,0.79,physics,startup,112
4766,3,cavitation,0.476,physics,startup,112
4767,3,cavitation,0.372,physics,startup,112
4768,3,cavitation,0.929,physics,startup,112
4769,3,cavitation,0.969,physics,startup,112
4770,3,cavitation,0.762,physics,startup,112
4771,3,cavitation,0.651,physics,startup,112
4772,3,cavitation,0.292,physics,startup,112
4773,3,cavitation,0.259,physics,startup,112
4774,3,cavitation,0.859,physics,startup,112
4775,3,cavitation,0.835,physics,startup,112
4776,3,cavitation,0.95,physics,startup,112
4777,3,cavitation,0.727,physics,startup,112
4778,3,cavitation,0.8,physics,startup,112
4779,3,cavitation,0.205,physics,startup,112
4780,3,cavitation,0.85,physics,startup,112
4781,3,cavitation,0.988,physics,startup,112
4782,3,cavitation,0.917,physics,startup,112
4783,3,cavitation,0.752,physics,startup,112
4784,3,cavitation,0.658,physics,startup,112
4785,3,cavitation,0.683,physics,startup,112
4786,3,cavitation,0.805,physics,startup,112
4787,3,cavitation,0.806,physics,startup,112
4788,3,cavitation,0.501,physics,startup,112
4789,3,cavitation,0.237,physics,startup,112
4790,3,cavitation,0.862,physics,startup,112
4791,3,cavitation,0.621,physics,startup,112
4792,3,cavitation,0.28,physics,startup,112
4793,3,cavitation,0.764,physics,startup,112
4794,3,cavitation,0.358,physics,startup,112
4795,3,cavitation,0.904,physics,startup,112
4796,3,cavitation,0.525,physics,startup,112
4797,3,cavitation,0.689,physics,startup,112
4798,3,cavitation,0.632,physics,startup,112
4799,3,cavitation,0.752,physics,startup,112
4800,4,seal_failure,0.66,spike_seed,high_load,0
4801,4,seal_failure,0.87,spike_seed,high_load,1
4802,4,seal_failure,0.424,spike_seed,high_load,2
4803,4,seal_failure,0.286,spike_seed,high_load,3
4804,4,seal_failure,0.363,spike_seed,high_load,4
4805,4,seal_failure,0.421,spike_seed,steady_state,5
4806,4,seal_failure,0.327,spike_seed,high_load,6
4807,4,seal_failure,0.351,spike_seed,steady_state,7
4808,4,seal_failure,0.53,spike_seed,steady_state,8
4809,4,seal_failure,0.407,spike_seed,high_load,9
4810,4,seal_failure,0.9,spike_seed,steady_state,10
4811,4,seal_failure,0.731,spike_seed,steady_state,11
4812,4,seal_failure,0.649,spike_seed,high_load,12
4813,4,seal_failure,0.464,spike_seed,high_load,13
4814,4,seal_failure,0.662,spike_seed,high_load,14
4815,4,seal_failure,0.468,spike_seed,high_load,15
4816,4,seal_failure,0.885,spike_seed,steady_state,16
4817,4,seal_failure,0.669,spike_seed,steady_state,17
4818,4,seal_failure,0.34,spike_seed,steady_state,18
4819,4,seal_failure,0.618,spike_seed,steady_state,19
4820,4,seal_failure,0.357,spike_seed,steady_state,20
4821,4,seal_failure,0.211,spike_seed,high_load,21
4822,4,seal_failure,0.621,spike_seed,high_load,22
4823,4,seal_failure,0.843,spike_seed,steady_state,23
4824,4,seal_failure,0.993,spike_seed,steady_state,24
4825,4,seal_failure,0.552,spike_seed,steady_state,25
4826,4,seal_failure,0.367,spike_seed,steady_state,26
4827,4,seal_failure,0.63,spike_seed,steady_state,27
4828,4,seal_failure,0.691,spike_seed,high_load,28
4829,4,seal_failure,0.56,spike_seed,steady_state,29
4830,4,seal_failure,0.27,spike_seed,steady_state,30
4831,4,seal_failure,0.564,spike_seed,steady_state,31
4832,4,seal_failure,0.342,spike_seed,high_load,32
4833,4,seal_failure,0.594,spike_seed,steady_state,33
4834,4,seal_failure,0.559,spike_seed,high_load,34
4835,4,seal_failure,0.794,spike_seed,high_load,35
4836,4,seal_failure,0.973,spike_seed,steady_state,36
4837,4,seal_failure,0.857,spike_seed,high_load,37
4838,4,seal_failure,0.644,spike_seed,steady_state,38
4839,4,seal_failure,0.819,spike_seed,high_load,39
4840,4,seal_failure,0.992,spike_seed,high_load,40
4841,4,seal_failure,0.461,spike_seed,high_load,41
4842,4,seal_failure,0.59,spike_seed,steady_state,42
4843,4,seal_failure,0.45,spike_seed,high_load,43
4844,4,seal_failure,0.256,spike_seed,high_load,44
4845,4,seal_failure,0.656,spike_seed,steady_state,45
4846,4,seal_failure,0.525,spike_seed,high_load,46
4847,4,seal_failure,0.896,spike_seed,steady_state,47
4848,4,seal_failure,0.635,spike_seed,steady_state,48
4849,4,seal_failure,0.806,spike_seed,high_load,49
4850,4,seal_failure,0.412,spike_seed,high_load,50
4851,4,seal_failure,0.362,spike_seed,steady_state,51
4852,4,seal_failure,0.516,spike_seed,high_load,52
4853,4,seal_failure,0.84,spike_seed,steady_state,53
4854,4,seal_failure,0.608,spike_seed,high_load,54
4855,4,seal_failure,0.398,spike_seed,steady_state,55
4856,4,seal_failure,0.881,spike_seed,steady_state,56
4857,4,seal_failure,0.481,spike_seed,steady_state,57
4858,4,seal_failure,0.667,spike_seed,high_load,58
4859,4,seal_failure,0.216,spike_seed,high_load,59
4860,4,seal_failure,0.715,spike_seed,high_load,60
4861,4,seal_failure,0.644,spike_seed,steady_state,61
4862,4,seal_failure,0.548,spike_seed,steady_state,62
4863,4,seal_failure,0.865,spike_seed,steady_state,63
4864,4,seal_failure,0.867,spike_seed,steady_state,64
4865,4,seal_failure,0.543,spike_seed,steady_state,65
4866,4,seal_failure,0.418,spike_seed,high_load,66
4867,4,seal_failure,0.973,spike_seed,high_load,67
4868,4,seal_failure,0.341,spike_seed,high_load,68
4869,4,seal_failure,0.563,spike_seed,high_load,69
4870,4,seal_failure,0.59,spike_seed,high_load,70
4871,4,seal_failure,0.665,spike_seed,high_load,71
4872,4,seal_failure,0.705,spike_seed,high_load,72
4873,4,seal_failure,0.58,spike_seed,high_load,73
4874,4,seal_failure,0.496,spike_seed,high_load,74
4875,4,seal_failure,0.332,spike_seed,high_load,75
4876,4,seal_failure,0.355,spike_seed,high_load,76
4877,4,seal_failure,0.562,spike_seed,high_load,77
4878,4,seal_failure,0.811,spike_seed,steady_state,78
4879,4,seal_failure,0.296,spike_seed,high_load,79
4880,4,seal_failure,0.272,spike_seed,steady_state,80
4881,4,seal_failure,0.242,spike_seed,high_load,81
4882,4,seal_failure,0.21,spike_seed,high_load,82
4883,4,seal_failure,0.755,spike_seed,high_load,83
4884,4,seal_failure,0.677,spike_seed,high_load,84
4885,4,seal_failure,0.981,spike_seed,steady_state,85
4886,4,seal_failure,0.736,spike_seed,high_load,86
4887,4,seal_failure,0.266,spike_seed,steady_state,87
4888,4,seal_failure,0.415,spike_seed,steady_state,88
4889,4,seal_failure,0.712,spike_seed,high_load,89
4890,4,seal_failure,0.716,spike_seed,high_load,90
4891,4,seal_failure,0.984,spike_seed,steady_state,91
4892,4,seal_failure,0.567,spike_seed,high_load,92
4893,4,seal_failure,0.26,spike_seed,high_load,93
4894,4,seal_failure,0.236,spike_seed,high_load,94
4895,4,seal_failure,0.646,spike_seed,steady_state,95
4896,4,seal_failure,0.613,spike_seed,high_load,96
4897,4,seal_failure,0.771,spike_seed,high_load,97
4898,4,seal_failure,0.654,spike_seed,steady_state,98
4899,4,seal_failure,0.548,spike_seed,steady_state,99
4900,4,seal_failure,0.86,spike_seed,high_load,100
4901,4,seal_failure,0.535,spike_seed,steady_state,101
4902,4,seal_failure,0.483,spike_seed,steady_state,102
4903,4,seal_failure,0.226,spike_seed,high_load,103
4904,4,seal_failure,0.451,spike_seed,high_load,104
4905,4,seal_failure,0.516,spike_seed,high_load,105
4906,4,seal_failure,0.89,spike_seed,steady_state,106
4907,4,seal_failure,0.996,spike_seed,steady_state,107
4908,4,seal_failure,0.996,spike_seed,high_load,108
4909,4,seal_failure,0.937,spike_seed,high_load,109
4910,4,seal_failure,0.967,spike_seed,high_load,110
4911,4,seal_failure,0.208,spike_seed,steady_state,111
4912,4,seal_failure,0.22,spike_seed,high_load,112
4913,4,seal_failure,0.584,spike_seed,high_load,113
4914,4,seal_failure,0.305,spike_seed,high_load,114
4915,4,seal_failure,0.207,spike_seed,steady_state,115
4916,4,seal_failure,0.459,spike_seed,high_load,116
4917,4,seal_failure,0.714,spike_seed,high_load,117
4918,4,seal_failure,0.766,spike_seed,steady_state,118
4919,4,seal_failure,0.327,spike_seed,high_load,119
4920,4,seal_failure,0.725,spike_seed,high_load,120
4921,4,seal_failure,0.712,spike_seed,high_load,121
4922,4,seal_failure,0.215,spike_seed,high_load,122
4923,4,seal_failure,0.503,spike_seed,high_load,123
4924,4,seal_failure,0.64,spike_seed,steady_state,124
4925,4,seal_failure,0.432,spike_seed,steady_state,125
4926,4,seal_failure,0.606,spike_seed,steady_state,126
4927,4,seal_failure,0.483,spike_seed,high_load,127
4928,4,seal_failure,0.804,spike_seed,steady_state,128
4929,4,seal_failure,0.96,spike_seed,high_load,129
4930,4,seal_failure,0.552,spike_seed,high_load,130
4931,4,seal_failure,0.578,spike_seed,steady_state,131
4932,4,seal_failure,0.321,spike_seed,steady_state,132
4933,4,seal_failure,0.481,spike_seed,high_load,133
4934,4,seal_failure,0.945,spike_seed,high_load,134
4935,4,seal_failure,0.681,spike_seed,high_load,135
4936,4,seal_failure,0.448,spike_seed,steady_state,136
4937,4,seal_failure,0.381,spike_seed,high_load,137
4938,4,seal_failure,0.543,spike_seed,steady_state,138
4939,4,seal_failure,0.353,spike_seed,steady_state,139
4940,4,seal_failure,0.618,spike_seed,steady_state,140
4941,4,seal_failure,0.539,spike_seed,high_load,141
4942,4,seal_failure,0.85,spike_seed,steady_state,142
4943,4,seal_failure,0.795,spike_seed,high_load,143
4944,4,seal_failure,0.279,spike_seed,steady_state,144
4945,4,seal_failure,0.285,spike_seed,steady_state,145
4946,4,seal_failure,0.259,spike_seed,steady_state,146
4947,4,seal_failure,0.98,spike_seed,steady_state,147
4948,4,seal_failure,0.854,spike_seed,high_load,148
4949,4,seal_failure,0.874,spike_seed,high_load,149
4950,4,seal_failure,0.602,spike_seed,steady_state,150
4951,4,seal_failure,0.513,spike_seed,steady_state,151
4952,4,seal_failure,0.801,spike_seed,high_load,152
4953,4,seal_failure,0.758,spike_seed,steady_state,153
4954,4,seal_failure,0.942,spike_seed,steady_state,154
4955,4,seal_failure,0.287,spike_seed,steady_state,155
4956,4,seal_failure,0.395,spike_seed,high_load,156
4957,4,seal_failure,0.379,spike_seed,high_load,157
4958,4,seal_failure,0.434,spike_seed,steady_state,158
4959,4,seal_failure,0.407,spike_seed,high_load,159
4960,4,seal_failure,0.323,spike_seed,steady_state,160
4961,4,seal_failure,0.61,spike_seed,high_load,161
4962,4,seal_failure,0.307,spike_seed,steady_state,162
4963,4,seal_failure,0.564,spike_seed,steady_state,163
4964,4,seal_failure,0.321,spike_seed,steady_state,164
4965,4,seal_failure,0.34,spike_seed,steady_state,165
4966,4,seal_failure,0.715,spike_seed,high_load,166
4967,4,seal_failure,0.813,spike_seed,high_load,167
4968,4,seal_failure,0.525,spike_seed,high_load,168
4969,4,seal_failure,0.937,spike_seed,steady_state,169
4970,4,seal_failure,0.501,spike_seed,high_load,170
4971,4,seal_failure,0.794,spike_seed,steady_state,171
4972,4,seal_failure,0.32,spike_seed,steady_state,172
4973,4,seal_failure,0.486,spike_seed,high_load,173
4974,4,seal_failure,0.695,spike_seed,steady_state,174
4975,4,seal_failure,0.765,spike_seed,high_load,175
4976,4,seal_failure,0.974,spike_seed,high_load,176
4977,4,seal_failure,0.275,spike_seed,high_load,177
4978,4,seal_failure,0.479,spike_seed,steady_state,178
4979,4,seal_failure,0.738,spike_seed,high_load,179
4980,4,seal_failure,0.902,spike_seed,steady_state,180
4981,4,seal_failure,0.957,spike_seed,high_load,181
4982,4,seal_failure,0.228,spike_seed,high_load,182
4983,4,seal_failure,0.369,spike_seed,steady_state,183
4984,4,seal_failure,0.398,spike_seed,steady_state,184
4985,4,seal_failure,0.35,spike_seed,steady_state,185
4986,4,seal_failure,0.891,spike_seed,high_load,186
4987,4,seal_failure,0.483,spike_seed,steady_state,187
4988,4,seal_failure,0.774,spike_seed,steady_state,188
4989,4,seal_failure,0.537,spike_seed,high_load,189
4990,4,seal_failure,0.762,spike_seed,high_load,190
4991,4,seal_failure,0.316,spike_seed,high_load,191
4992,4,seal_failure,0.892,spike_seed,steady_state,192
4993,4,seal_failure,0.46,spike_seed,steady_state,193
4994,4,seal_failure,0.857,spike_seed,steady_state,194
4995,4,seal_failure,0.489,spike_seed,steady_state,195
4996,4,seal_failure,0.58,spike_seed,high_load,196
4997,4,seal_failure,0.977,spike_seed,high_load,197
4998,4,seal_failure,0.682,spike_seed,high_load,198
4999,4,seal_failure,0.827,spike_seed,steady_state,199
5000,4,seal_failure,0.397,spike_seed,high_load,200
5001,4,seal_failure,0.267,spike_seed,high_load,201
5002,4,seal_failure,0.911,spike_seed,steady_state,202
5003,4,seal_failure,0.467,spike_seed,steady_state,203
5004,4,seal_failure,0.262,spike_seed,steady_state,204
5005,4,seal_failure,0.47,spike_seed,steady_state,205
5006,4,seal_failure,0.352,spike_seed,steady_state,206
5007,4,seal_failure,0.377,spike_seed,steady_state,207
5008,4,seal_failure,0.547,spike_seed,high_load,208
5009,4,seal_failure,0.788,spike_seed,high_load,209
5010,4,seal_failure,0.283,spike_seed,high_load,210
5011,4,seal_failure,0.556,spike_seed,steady_state,211
5012,4,seal_failure,0.998,spike_seed,high_load,212
5013,4,seal_failure,0.399,spike_seed,high_load,213
5014,4,seal_failure,0.95,spike_seed,high_load,214
5015,4,seal_failure,0.656,spike_seed,steady_state,215
5016,4,seal_failure,0.203,spike_seed,steady_state,216
5017,4,seal_failure,0.948,spike_seed,steady_state,217
5018,4,seal_failure,0.266,spike_seed,steady_state,218
5019,4,seal_failure,0.931,spike_seed,steady_state,219
5020,4,seal_failure,0.334,spike_seed,high_load,220
5021,4,seal_failure,0.365,spike_seed,steady_state,221
5022,4,seal_failure,0.393,spike_seed,high_load,222
5023,4,seal_failure,0.537,spike_seed,high_load,223
5024,4,seal_failure,0.427,spike_seed,high_load,224
5025,4,seal_failure,0.722,spike_seed,high_load,225
5026,4,seal_failure,0.654,spike_seed,steady_state,226
5027,4,seal_failure,0.431,spike_seed,high_load,227
5028,4,seal_failure,0.717,spike_seed,steady_state,228
5029,4,seal_failure,0.4,spike_seed,high_load,229
5030,4,seal_failure,0.835,spike_seed,steady_state,230
5031,4,seal_failure,0.288,spike_seed,steady_state,231
5032,4,seal_failure,0.709,spike_seed,steady_state,232
5033,4,seal_failure,0.244,spike_seed,steady_state,233
5034,4,seal_failure,0.386,spike_seed,high_load,234
5035,4,seal_failure,0.578,spike_seed,high_load,235
5036,4,seal_failure,0.3,spike_seed,high_load,236
5037,4,seal_failure,0.592,spike_seed,high_load,237
5038,4,seal_failure,0.523,spike_seed,steady_state,238
5039,4,seal_failure,0.537,spike_seed,high_load,239
5040,4,seal_failure,0.956,spike_seed,steady_state,240
5041,4,seal_failure,0.466,spike_seed,high_load,241
5042,4,seal_failure,0.346,spike_seed,steady_state,242
5043,4,seal_failure,0.899,spike_seed,high_load,243
5044,4,seal_failure,0.615,spike_seed,high_load,244
5045,4,seal_failure,0.764,spike_seed,high_load,245
5046,4,seal_failure,0.346,spike_seed,high_load,246
5047,4,seal_failure,0.551,spike_seed,high_load,247
5048,4,seal_failure,0.95,spike_seed,steady_state,248
5049,4,seal_failure,0.38,spike_seed,steady_state,249
5050,4,seal_failure,0.738,spike_seed,high_load,250
5051,4,seal_failure,0.61,spike_seed,steady_state,251
5052,4,seal_failure,0.289,spike_seed,high_load,252
5053,4,seal_failure,0.428,spike_seed,high_load,253
5054,4,seal_failure,0.57,spike_seed,high_load,254
5055,4,seal_failure,0.811,spike_seed,steady_state,255
5056,4,seal_failure,0.584,spike_seed,steady_state,256
5057,4,seal_failure,0.267,spike_seed,steady_state,257
5058,4,seal_failure,0.769,spike_seed,steady_state,258
5059,4,seal_failure,0.816,spike_seed,steady_state,259
5060,4,seal_failure,0.566,spike_seed,high_load,260
5061,4,seal_failure,0.611,spike_seed,steady_state,261
5062,4,seal_failure,0.723,spike_seed,steady_state,262
5063,4,seal_failure,0.624,spike_seed,high_load,263
5064,4,seal_failure,0.44,spike_seed,steady_state,264
5065,4,seal_failure,0.411,spike_seed,steady_state,265
5066,4,seal_failure,0.783,spike_seed,steady_state,266
5067,4,seal_failure,0.588,spike_seed,steady_state,267
5068,4,seal_failure,0.896,spike_seed,high_load,268
5069,4,seal_failure,0.344,spike_seed,high_load,269
5070,4,seal_failure,0.288,spike_seed,high_load,270
5071,4,seal_failure,0.887,spike_seed,high_load,271
5072,4,seal_failure,0.58,spike_seed,high_load,272
5073,4,seal_failure,0.383,spike_seed,high_load,273
5074,4,seal_failure,0.721,spike_seed,high_load,274
5075,4,seal_failure,0.205,spike_seed,high_load,275
5076,4,seal_failure,0.392,spike_seed,steady_state,276
5077,4,seal_failure,0.341,spike_seed,high_load,277
5078,4,seal_failure,0.766,spike_seed,high_load,278
5079,4,seal_failure,0.404,spike_seed,steady_state,279
5080,4,seal_failure,0.457,spike_seed,steady_state,280
5081,4,seal_failure,0.562,spike_seed,high_load,281
5082,4,seal_failure,0.995,spike_seed,steady_state,282
5083,4,seal_failure,0.273,spike_seed,steady_state,283
5084,4,seal_failure,0.39,spike_seed,high_load,284
5085,4,seal_failure,0.325,spike_seed,high_load,285
5086,4,seal_failure,0.206,spike_seed,steady_state,286
5087,4,seal_failure,0.474,spike_seed,steady_state,287
5088,4,seal_failure,0.358,spike_seed,high_load,288
5089,4,seal_failure,0.621,spike_seed,steady_state,289
5090,4,seal_failure,0.91,spike_seed,steady_state,290
5091,4,seal_failure,0.252,spike_seed,high_load,291
5092,4,seal_failure,0.3,spike_seed,high_load,292
5093,4,seal_failure,0.53,spike_seed,steady_state,293
5094,4,seal_failure,0.323,spike_seed,high_load,294
5095,4,seal_failure,0.937,spike_seed,high_load,295
5096,4,seal_failure,0.604,spike_seed,steady_state,296
5097,4,seal_failure,0.351,spike_seed,high_load,297
5098,4,seal_failure,0.609,spike_seed,high_load,298
5099,4,seal_failure,0.918,spike_seed,steady_state,299
5100,4,seal_failure,0.824,spike_seed,high_load,300
5101,4,seal_failure,0.505,spike_seed,steady_state,301
5102,4,seal_failure,0.892,spike_seed,steady_state,302
5103,4,seal_failure,0.327,spike_seed,high_load,303
5104,4,seal_failure,0.719,spike_seed,high_load,304
5105,4,seal_failure,0.4,spike_seed,high_load,305
5106,4,seal_failure,0.87,spike_seed,steady_state,306
5107,4,seal_failure,0.87,spike_seed,high_load,307
5108,4,seal_failure,0.876,spike_seed,high_load,308
5109,4,seal_failure,0.464,spike_seed,high_load,309
5110,4,seal_failure,0.899,spike_seed,high_load,310
5111,4,seal_failure,0.34,spike_seed,steady_state,311
5112,4,seal_failure,0.341,spike_seed,high_load,312
5113,4,seal_failure,0.32,spike_seed,high_load,313
5114,4,seal_failure,0.583,spike_seed,high_load,314
5115,4,seal_failure,0.705,spike_seed,steady_state,315
5116,4,seal_failure,0.574,spike_seed,high_load,316
5117,4,seal_failure,0.547,spike_seed,high_load,317
5118,4,seal_failure,0.332,spike_seed,high_load,318
5119,4,seal_failure,0.582,spike_seed,steady_state,319
5120,4,seal_failure,0.451,spike_seed,steady_state,320
5121,4,seal_failure,0.703,spike_seed,steady_state,321
5122,4,seal_failure,0.62,spike_seed,steady_state,322
5123,4,seal_failure,0.778,spike_seed,high_load,323
5124,4,seal_failure,0.544,spike_seed,steady_state,324
5125,4,seal_failure,0.96,spike_seed,high_load,325
5126,4,seal_failure,0.849,spike_seed,steady_state,326
5127,4,seal_failure,0.403,spike_seed,high_load,327
5128,4,seal_failure,0.387,spike_seed,steady_state,328
5129,4,seal_failure,0.273,spike_seed,steady_state,329
5130,4,seal_failure,0.387,spike_seed,high_load,330
5131,4,seal_failure,0.926,spike_seed,high_load,331
5132,4,seal_failure,0.918,spike_seed,high_load,332
5133,4,seal_failure,0.42,spike_seed,high_load,333
5134,4,seal_failure,0.493,spike_seed,high_load,334
5135,4,seal_failure,0.239,spike_seed,steady_state,335
5136,4,seal_failure,0.437,spike_seed,steady_state,336
5137,4,seal_failure,0.769,spike_seed,high_load,337
5138,4,seal_failure,0.296,spike_seed,steady_state,338
5139,4,seal_failure,0.875,spike_seed,high_load,339
5140,4,seal_failure,0.769,spike_seed,high_load,340
5141,4,seal_failure,0.804,spike_seed,steady_state,341
5142,4,seal_failure,0.455,spike_seed,steady_state,342
5143,4,seal_failure,0.547,spike_seed,steady_state,343
5144,4,seal_failure,0.312,spike_seed,high_load,344
5145,4,seal_failure,0.654,spike_seed,steady_state,345
5146,4,seal_failure,0.564,spike_seed,high_load,346
5147,4,seal_failure,0.714,spike_seed,steady_state,347
5148,4,seal_failure,0.277,spike_seed,steady_state,348
5149,4,seal_failure,0.535,spike_seed,high_load,349
5150,4,seal_failure,0.782,spike_seed,high_load,350
5151,4,seal_failure,0.727,spike_seed,steady_state,351
5152,4,seal_failure,0.237,spike_seed,high_load,352
5153,4,seal_failure,0.649,spike_seed,steady_state,353
5154,4,seal_failure,0.795,spike_seed,high_load,354
5155,4,seal_failure,0.613,spike_seed,steady_state,355
5156,4,seal_failure,0.335,spike_seed,steady_state,356
5157,4,seal_failure,0.838,spike_seed,steady_state,357
5158,4,seal_failure,0.91,spike_seed,high_load,358
5159,4,seal_failure,0.939,spike_seed,steady_state,359
5160,4,seal_failure,0.596,spike_seed,high_load,360
5161,4,seal_failure,0.299,spike_seed,high_load,361
5162,4,seal_failure,0.404,spike_seed,high_load,362
5163,4,seal_failure,0.579,spike_seed,steady_state,363
5164,4,seal_failure,0.437,spike_seed,steady_state,364
5165,4,seal_failure,0.398,spike_seed,steady_state,365
5166,4,seal_failure,0.411,spike_seed,steady_state,366
5167,4,seal_failure,0.286,spike_seed,high_load,367
5168,4,seal_failure,0.761,spike_seed,steady_state,368
5169,4,seal_failure,0.263,spike_seed,steady_state,369
5170,4,seal_failure,0.406,spike_seed,steady_state,370
5171,4,seal_failure,0.245,spike_seed,steady_state,371
5172,4,seal_failure,0.228,spike_seed,high_load,372
5173,4,seal_failure,0.934,spike_seed,steady_state,373
5174,4,seal_failure,0.814,spike_seed,high_load,374
5175,4,seal_failure,0.674,spike_seed,high_load,375
5176,4,seal_failure,0.562,spike_seed,steady_state,376
5177,4,seal_failure,0.405,spike_seed,high_load,377
5178,4,seal_failure,0.874,spike_seed,high_load,378
5179,4,seal_failure,0.707,spike_seed,high_load,379
5180,4,seal_failure,0.431,spike_seed,high_load,380
5181,4,seal_failure,0.886,spike_seed,high_load,381
5182,4,seal_failure,0.53,spike_seed,steady_state,382
5183,4,seal_failure,0.396,spike_seed,high_load,383
5184,4,seal_failure,0.469,spike_seed,steady_state,384
5185,4,seal_failure,0.885,spike_seed,steady_state,385
5186,4,seal_failure,0.355,spike_seed,steady_state,386
5187,4,seal_failure,0.498,spike_seed,high_load,387
5188,4,seal_failure,0.851,spike_seed,steady_state,388
5189,4,seal_failure,0.783,spike_seed,steady_state,389
5190,4,seal_failure,0.531,spike_seed,steady_state,390
5191,4,seal_failure,0.47,spike_seed,steady_state,391
5192,4,seal_failure,0.697,spike_seed,high_load,392
5193,4,seal_failure,0.301,spike_seed,high_load,393
5194,4,seal_failure,0.251,spike_seed,steady_state,394
5195,4,seal_failure,0.591,spike_seed,high_load,395
5196,4,seal_failure,0.873,spike_seed,steady_state,396
5197,4,seal_failure,0.966,spike_seed,high_load,397
5198,4,seal_failure,0.345,spike_seed,steady_state,398
5199,4,seal_failure,0.394,spike_seed,high_load,399
5200,4,seal_failure,0.583,spike_seed,high_load,400
5201,4,seal_failure,0.821,spike_seed,steady_state,401
5202,4,seal_failure,0.565,spike_seed,high_load,402
5203,4,seal_failure,0.902,spike_seed,steady_state,403
5204,4,seal_failure,0.687,spike_seed,steady_state,404
5205,4,seal_failure,0.556,spike_seed,high_load,405
5206,4,seal_failure,0.558,spike_seed,high_load,406
5207,4,seal_failure,0.21,spike_seed,high_load,407
5208,4,seal_failure,0.884,physics,high_load,407
5209,4,seal_failure,0.904,physics,steady_state,407
5210,4,seal_failure,0.516,physics,high_load,407
5211,4,seal_failure,0.523,physics,steady_state,407
5212,4,seal_failure,0.78,physics,high_load,407
5213,4,seal_failure,0.28,physics,steady_state,407
5214,4,seal_failure,0.732,physics,steady_state,407
5215,4,seal_failure,0.559,physics,steady_state,407
5216,4,seal_failure,0.925,physics,high_load,407
5217,4,seal_failure,0.266,physics,high_load,407
5218,4,seal_failure,0.594,physics,high_load,407
5219,4,seal_failure,0.95,physics,high_load,407
5220,4,seal_failure,0.459,physics,high_load,407
5221,4,seal_failure,0.91,physics,steady_state,407
5222,4,seal_failure,0.348,physics,steady_state,407
5223,4,seal_failure,0.256,physics,high_load,407
5224,4,seal_failure,0.85,physics,high_load,407
5225,4,seal_failure,0.375,physics,high_load,407
5226,4,seal_failure,0.677,physics,high_load,407
5227,4,seal_failure,0.53,physics,steady_state,407
5228,4,seal_failure,0.635,physics,steady_state,407
5229,4,seal_failure,0.632,physics,steady_state,407
5230,4,seal_failure,0.797,physics,steady_state,407
5231,4,seal_failure,0.908,physics,steady_state,407
5232,4,seal_failure,0.461,physics,steady_state,407
5233,4,seal_failure,0.368,physics,steady_state,407
5234,4,seal_failure,0.275,physics,steady_state,407
5235,4,seal_failure,0.521,physics,high_load,407
5236,4,seal_failure,0.771,physics,high_load,407
5237,4,seal_failure,0.257,physics,steady_state,407
5238,4,seal_failure,0.241,physics,high_load,407
5239,4,seal_failure,0.747,physics,steady_state,407
5240,4,seal_failure,0.789,physics,steady_state,407
5241,4,seal_failure,0.669,physics,steady_state,407
5242,4,seal_failure,0.825,physics,steady_state,407
5243,4,seal_failure,0.479,physics,steady_state,407
5244,4,seal_failure,0.215,physics,high_load,407
5245,4,seal_failure,0.735,physics,steady_state,407
5246,4,seal_failure,0.709,physics,steady_state,407
5247,4,seal_failure,0.911,physics,high_load,407
5248,4,seal_failure,0.519,physics,steady_state,407
5249,4,seal_failure,0.647,physics,steady_state,407
5250,4,seal_failure,0.972,physics,steady_state,407
5251,4,seal_failure,0.239,physics,high_load,407
5252,4,seal_failure,0.999,physics,steady_state,407
5253,4,seal_failure,0.994,physics,high_load,407
5254,4,seal_failure,0.866,physics,high_load,407
5255,4,seal_failure,0.511,physics,steady_state,407
5256,4,seal_failure,0.651,physics,steady_state,407
5257,4,seal_failure,0.297,physics,high_load,407
5258,4,seal_failure,0.362,physics,high_load,407
5259,4,seal_failure,0.383,physics,high_load,407
5260,4,seal_failure,0.86,physics,steady_state,407
5261,4,seal_failure,0.932,physics,high_load,407
5262,4,seal_failure,0.898,physics,steady_state,407
5263,4,seal_failure,0.65,physics,steady_state,407
5264,4,seal_failure,0.942,physics,high_load,407
5265,4,seal_failure,0.852,physics,high_load,407
5266,4,seal_failure,0.336,physics,steady_state,407
5267,4,seal_failure,0.434,physics,steady_state,407
5268,4,seal_failure,0.264,physics,steady_state,407
5269,4,seal_failure,0.637,physics,high_load,407
5270,4,seal_failure,0.242,physics,high_load,407
5271,4,seal_failure,0.485,physics,steady_state,407
5272,4,seal_failure,0.592,physics,high_load,407
5273,4,seal_failure,0.685,physics,high_load,407
5274,4,seal_failure,0.724,physics,high_load,407
5275,4,seal_failure,0.518,physics,steady_state,407
5276,4,seal_failure,0.294,physics,steady_state,407
5277,4,seal_failure,0.651,physics,steady_state,407
5278,4,seal_failure,0.499,physics,steady_state,407
5279,4,seal_failure,0.667,physics,steady_state,407
5280,4,seal_failure,0.898,physics,steady_state,407
5281,4,seal_failure,0.248,physics,high_load,407
5282,4,seal_failure,0.85,physics,steady_state,407
5283,4,seal_failure,0.922,physics,high_load,407
5284,4,seal_failure,0.479,physics,steady_state,407
5285,4,seal_failure,0.995,physics,steady_state,407
5286,4,seal_failure,0.651,physics,steady_state,407
5287,4,seal_failure,0.79,physics,steady_state,407
5288,4,seal_failure,0.236,physics,high_load,407
5289,4,seal_failure,0.648,physics,steady_state,407
5290,4,seal_failure,0.369,physics,steady_state,407
5291,4,seal_failure,0.219,physics,high_load,407
5292,4,seal_failure,0.925,physics,steady_state,407
5293,4,seal_failure,0.71,physics,steady_state,407
5294,4,seal_failure,0.859,physics,high_load,407
5295,4,seal_failure,0.763,physics,high_load,407
5296,4,seal_failure,0.808,physics,high_load,407
5297,4,seal_failure,0.226,physics,high_load,407
5298,4,seal_failure,0.484,physics,steady_state,407
5299,4,seal_failure,0.831,physics,high_load,407
5300,4,seal_failure,0.599,physics,high_load,407
5301,4,seal_failure,0.283,physics,high_load,407
5302,4,seal_failure,0.586,physics,high_load,407
5303,4,seal_failure,0.475,physics,steady_state,407
5304,4,seal_failure,0.417,physics,high_load,407
5305,4,seal_failure,0.97,physics,steady_state,407
5306,4,seal_failure,0.376,physics,high_load,407
5307,4,seal_failure,0.447,physics,steady_state,407
5308,4,seal_failure,0.396,physics,high_load,407
5309,4,seal_failure,0.361,physics,high_load,407
5310,4,seal_failure,0.308,physics,steady_state,407
5311,4,seal_failure,0.4,physics,steady_state,407
5312,4,seal_failure,0.364,physics,high_load,407
5313,4,seal_failure,0.301,physics,high_load,407
5314,4,seal_failure,0.976,physics,high_load,407
5315,4,seal_failure,0.24,physics,high_load,407
5316,4,seal_failure,0.302,physics,high_load,407
5317,4,seal_failure,0.337,physics,high_load,407
5318,4,seal_failure,0.465,physics,steady_state,407
5319,4,seal_failure,0.922,physics,steady_state,407
5320,4,seal_failure,0.383,physics,high_load,407
5321,4,seal_failure,0.463,physics,steady_state,407
5322,4,seal_failure,0.37,physics,steady_state,407
5323,4,seal_failure,0.714,physics,steady_state,407
5324,4,seal_failure,0.39,physics,steady_state,407
5325,4,seal_failure,0.357,physics,steady_state,407
5326,4,seal_failure,0.426,physics,high_load,407
5327,4,seal_failure,0.461,physics,steady_state,407
5328,4,seal_failure,0.482,physics,steady_state,407
5329,4,seal_failure,0.863,physics,steady_state,407
5330,4,seal_failure,0.238,physics,high_load,407
5331,4,seal_failure,0.836,physics,steady_state,407
5332,4,seal_failure,0.881,physics,high_load,407
5333,4,seal_failure,0.769,physics,high_load,407
5334,4,seal_failure,0.471,physics,high_load,407
5335,4,seal_failure,0.487,physics,steady_state,407
5336,4,seal_failure,0.845,physics,steady_state,407
5337,4,seal_failure,0.279,physics,steady_state,407
5338,4,seal_failure,0.493,physics,steady_state,407
5339,4,seal_failure,0.309,physics,high_load,407
5340,4,seal_failure,0.319,physics,high_load,407
5341,4,seal_failure,0.561,physics,steady_state,407
5342,4,seal_failure,0.615,physics,high_load,407
5343,4,seal_failure,0.59,physics,steady_state,407
5344,4,seal_failure,0.208,physics,high_load,407
5345,4,seal_failure,0.581,physics,steady_state,407
5346,4,seal_failure,0.45,physics,steady_state,407
5347,4,seal_failure,0.87,physics,steady_state,407
5348,4,seal_failure,0.658,physics,high_load,407
5349,4,seal_failure,0.753,physics,steady_state,407
5350,4,seal_failure,0.319,physics,steady_state,407
5351,4,seal_failure,0.64,physics,steady_state,407
5352,4,seal_failure,0.767,physics,high_load,407
5353,4,seal_failure,0.735,physics,steady_state,407
5354,4,seal_failure,0.414,physics,steady_state,407
5355,4,seal_failure,0.336,physics,steady_state,407
5356,4,seal_failure,0.957,physics,high_load,407
5357,4,seal_failure,0.276,physics,high_load,407
5358,4,seal_failure,0.69,physics,high_load,407
5359,4,seal_failure,0.645,physics,steady_state,407
5360,4,seal_failure,0.425,physics,high_load,407
5361,4,seal_failure,0.455,physics,high_load,407
5362,4,seal_failure,0.471,physics,steady_state,407
5363,4,seal_failure,0.225,physics,high_load,407
5364,4,seal_failure,0.544,physics,high_load,407
5365,4,seal_failure,0.961,physics,steady_state,407
5366,4,seal_failure,0.962,physics,high_load,407
5367,4,seal_failure,0.549,physics,steady_state,407
5368,4,seal_failure,0.425,physics,steady_state,407
5369,4,seal_failure,0.255,physics,high_load,407
5370,4,seal_failure,0.46,physics,high_load,407
5371,4,seal_failure,0.853,physics,steady_state,407
5372,4,seal_failure,0.798,physics,steady_state,407
5373,4,seal_failure,0.328,physics,high_load,407
5374,4,seal_failure,0.438,physics,high_load,407
5375,4,seal_failure,0.617,physics,high_load,407
5376,4,seal_failure,0.56,physics,high_load,407
5377,4,seal_failure,0.415,physics,high_load,407
5378,4,seal_failure,0.483,physics,high_load,407
5379,4,seal_failure,0.282,physics,high_load,407
5380,4,seal_failure,0.31,physics,steady_state,407
5381,4,seal_failure,0.66,physics,steady_state,407
5382,4,seal_failure,0.759,physics,high_load,407
5383,4,seal_failure,0.48,physics,high_load,407
5384,4,seal_failure,0.321,physics,high_load,407
5385,4,seal_failure,0.497,physics,steady_state,407
5386,4,seal_failure,0.583,physics,high_load,407
5387,4,seal_failure,0.288,physics,high_load,407
5388,4,seal_failure,0.552,physics,steady_state,407
5389,4,seal_failure,0.565,physics,steady_state,407
5390,4,seal_failure,0.301,physics,high_load,407
5391,4,seal_failure,0.225,physics,high_load,407
5392,4,seal_failure,0.472,physics,steady_state,407
5393,4,seal_failure,0.29,physics,steady_state,407
5394,4,seal_failure,0.503,physics,steady_state,407
5395,4,seal_failure,0.329,physics,steady_state,407
5396,4,seal_failure,0.5,physics,high_load,407
5397,4,seal_failure,0.97,physics,steady_state,407
5398,4,seal_failure,0.636,physics,high_load,407
5399,4,seal_failure,0.523,physics,steady_state,407
5400,4,seal_failure,0.247,physics,steady_state,407
5401,4,seal_failure,0.751,physics,steady_state,407
5402,4,seal_failure,0.518,physics,steady_state,407
5403,4,seal_failure,0.611,physics,steady_state,407
5404,4,seal_failure,0.329,physics,high_load,407
5405,4,seal_failure,0.716,physics,steady_state,407
5406,4,seal_failure,0.821,physics,high_load,407
5407,4,seal_failure,0.497,physics,high_load,407
5408,4,seal_failure,0.401,physics,high_load,407
5409,4,seal_failure,0.598,physics,high_load,407
5410,4,seal_failure,0.252,physics,steady_state,407
5411,4,seal_failure,0.788,physics,steady_state,407
5412,4,seal_failure,0.902,physics,steady_state,407
5413,4,seal_failure,0.218,physics,steady_state,407
5414,4,seal_failure,0.423,physics,steady_state,407
5415,4,seal_failure,0.237,physics,high_load,407
5416,4,seal_failure,0.564,physics,high_load,407
5417,4,seal_failure,0.62,physics,high_load,407
5418,4,seal_failure,0.945,physics,steady_state,407
5419,4,seal_failure,0.801,physics,steady_state,407
5420,4,seal_failure,0.86,physics,steady_state,407
5421,4,seal_failure,0.787,physics,steady_state,407
5422,4,seal_failure,0.507,physics,high_load,407
5423,4,seal_failure,0.986,physics,steady_state,407
5424,4,seal_failure,0.959,physics,high_load,407
5425,4,seal_failure,0.545,physics,steady_state,407
5426,4,seal_failure,0.833,physics,steady_state,407
5427,4,seal_failure,0.745,physics,high_load,407
5428,4,seal_failure,0.85,physics,steady_state,407
5429,4,seal_failure,0.366,physics,steady_state,407
5430,4,seal_failure,0.426,physics,high_load,407
5431,4,seal_failure,0.297,physics,steady_state,407
5432,4,seal_failure,0.896,physics,steady_state,407
5433,4,seal_failure,0.371,physics,high_load,407
5434,4,seal_failure,0.552,physics,steady_state,407
5435,4,seal_failure,0.268,physics,high_load,407
5436,4,seal_failure,0.786,physics,high_load,407
5437,4,seal_failure,0.779,physics,high_load,407
5438,4,seal_failure,0.508,physics,steady_state,407
5439,4,seal_failure,0.475,physics,steady_state,407
5440,4,seal_failure,0.325,physics,steady_state,407
5441,4,seal_failure,0.776,physics,steady_state,407
5442,4,seal_failure,0.603,physics,high_load,407
5443,4,seal_failure,0.467,physics,high_load,407
5444,4,seal_failure,0.813,physics,high_load,407
5445,4,seal_failure,0.568,physics,high_load,407
5446,4,seal_failure,0.693,physics,high_load,407
5447,4,seal_failure,0.894,physics,steady_state,407
5448,4,seal_failure,0.739,physics,steady_state,407
5449,4,seal_failure,0.54,physics,steady_state,407
5450,4,seal_failure,0.871,physics,steady_state,407
5451,4,seal_failure,0.493,physics,high_load,407
5452,4,seal_failure,0.478,physics,high_load,407
5453,4,seal_failure,0.651,physics,high_load,407
5454,4,seal_failure,0.697,physics,high_load,407
5455,4,seal_failure,0.243,physics,high_load,407
5456,4,seal_failure,0.943,physics,high_load,407
5457,4,seal_failure,0.566,physics,steady_state,407
5458,4,seal_failure,0.282,physics,high_load,407
5459,4,seal_failure,0.921,physics,high_load,407
5460,4,seal_failure,0.714,physics,steady_state,407
5461,4,seal_failure,0.785,physics,high_load,407
5462,4,seal_failure,0.255,physics,steady_state,407
5463,4,seal_failure,0.8,physics,steady_state,407
5464,4,seal_failure,0.212,physics,steady_state,407
5465,4,seal_failure,0.676,physics,steady_state,407
5466,4,seal_failure,0.494,physics,steady_state,407
5467,4,seal_failure,0.923,physics,steady_state,407
5468,4,seal_failure,0.329,physics,steady_state,407
5469,4,seal_failure,0.883,physics,steady_state,407
5470,4,seal_failure,0.989,physics,high_load,407
5471,4,seal_failure,0.269,physics,steady_state,407
5472,4,seal_failure,0.433,physics,high_load,407
5473,4,seal_failure,0.932,physics,high_load,407
5474,4,seal_failure,0.572,physics,steady_state,407
5475,4,seal_failure,0.937,physics,steady_state,407
5476,4,seal_failure,0.747,physics,steady_state,407
5477,4,seal_failure,0.268,physics,steady_state,407
5478,4,seal_failure,0.357,physics,steady_state,407
5479,4,seal_failure,0.281,physics,steady_state,407
5480,4,seal_failure,0.594,physics,steady_state,407
5481,4,seal_failure,0.682,physics,steady_state,407
5482,4,seal_failure,0.835,physics,steady_state,407
5483,4,seal_failure,0.64,physics,high_load,407
5484,4,seal_failure,0.502,physics,steady_state,407
5485,4,seal_failure,0.696,physics,steady_state,407
5486,4,seal_failure,0.388,physics,steady_state,407
5487,4,seal_failure,0.206,physics,steady_state,407
5488,4,seal_failure,0.695,physics,steady_state,407
5489,4,seal_failure,0.241,physics,steady_state,407
5490,4,seal_failure,0.87,physics,high_load,407
5491,4,seal_failure,0.278,physics,steady_state,407
5492,4,seal_failure,0.406,physics,high_load,407
5493,4,seal_failure,0.369,physics,high_load,407
5494,4,seal_failure,0.924,physics,high_load,407
5495,4,seal_failure,0.59,physics,steady_state,407
5496,4,seal_failure,0.211,physics,high_load,407
5497,4,seal_failure,0.22,physics,steady_state,407
5498,4,seal_failure,0.695,physics,steady_state,407
5499,4,seal_failure,0.693,physics,steady_state,407
5500,4,seal_failure,0.27,physics,high_load,407
5501,4,seal_failure,0.261,physics,high_load,407
5502,4,seal_failure,0.446,physics,steady_state,407
5503,4,seal_failure,0.67,physics,high_load,407
5504,4,seal_failure,0.46,physics,steady_state,407
5505,4,seal_failure,0.667,physics,high_load,407
5506,4,seal_failure,0.432,physics,high_load,407
5507,4,seal_failure,0.842,physics,high_load,407
5508,4,seal_failure,0.408,physics,high_load,407
5509,4,seal_failure,0.252,physics,steady_state,407
5510,4,seal_failure,0.391,physics,steady_state,407
5511,4,seal_failure,0.697,physics,high_load,407
5512,4,seal_failure,0.463,physics,high_load,407
5513,4,seal_failure,0.432,physics,high_load,407
5514,4,seal_failure,0.431,physics,high_load,407
5515,4,seal_failure,0.867,physics,steady_state,407
5516,4,seal_failure,0.688,physics,high_load,407
5517,4,seal_failure,0.842,physics,steady_state,407
5518,4,seal_failure,0.515,physics,high_load,407
5519,4,seal_failure,0.54,physics,steady_state,407
5520,4,seal_failure,0.636,physics,steady_state,407
5521,4,seal_failure,0.207,physics,steady_state,407
5522,4,seal_failure,0.245,physics,steady_state,407
5523,4,seal_failure,0.664,physics,steady_state,407
5524,4,seal_failure,0.225,physics,steady_state,407
5525,4,seal_failure,0.337,physics,steady_state,407
5526,4,seal_failure,0.299,physics,high_load,407
5527,4,seal_failure,0.34,physics,high_load,407
5528,4,seal_failure,0.528,physics,high_load,407
5529,4,seal_failure,0.684,physics,high_load,407
5530,4,seal_failure,0.656,physics,steady_state,407
5531,4,seal_failure,0.673,physics,steady_state,407
5532,4,seal_failure,0.285,physics,steady_state,407
5533,4,seal_failure,0.909,physics,high_load,407
5534,4,seal_failure,0.368,physics,high_load,407
5535,4,seal_failure,0.95,physics,high_load,407
5536,4,seal_failure,0.482,physics,high_load,407
5537,4,seal_failure,0.639,physics,high_load,407
5538,4,seal_failure,0.418,physics,high_load,407
5539,4,seal_failure,0.496,physics,high_load,407
5540,4,seal_failure,0.467,physics,steady_state,407
5541,4,seal_failure,0.986,physics,high_load,407
5542,4,seal_failure,0.451,physics,steady_state,407
5543,4,seal_failure,0.231,physics,high_load,407
5544,4,seal_failure,0.426,physics,high_load,407
5545,4,seal_failure,0.23,physics,steady_state,407
5546,4,seal_failure,0.609,physics,high_load,407
5547,4,seal_failure,0.627,physics,high_load,407
5548,4,seal_failure,0.808,physics,high_load,407
5549,4,seal_failure,0.632,physics,high_load,407
5550,4,seal_failure,0.684,physics,high_load,407
5551,4,seal_failure,0.862,physics,steady_state,407
5552,4,seal_failure,0.99,physics,steady_state,407
5553,4,seal_failure,0.815,physics,steady_state,407
5554,4,seal_failure,0.655,physics,steady_state,407
5555,4,seal_failure,0.954,physics,high_load,407
5556,4,seal_failure,0.594,physics,high_load,407
5557,4,seal_failure,0.588,physics,steady_state,407
5558,4,seal_failure,0.419,physics,steady_state,407
5559,4,seal_failure,0.607,physics,steady_state,407
5560,4,seal_failure,0.643,physics,high_load,407
5561,4,seal_failure,0.355,physics,high_load,407
5562,4,seal_failure,0.982,physics,high_load,407
5563,4,seal_failure,0.929,physics,high_load,407
5564,4,seal_failure,0.708,physics,high_load,407
5565,4,seal_failure,0.455,physics,steady_state,407
5566,4,seal_failure,0.405,physics,steady_state,407
5567,4,seal_failure,0.636,physics,high_load,407
5568,4,seal_failure,0.654,physics,high_load,407
5569,4,seal_failure,0.914,physics,high_load,407
5570,4,seal_failure,0.972,physics,high_load,407
5571,4,seal_failure,0.833,physics,steady_state,407
5572,4,seal_failure,0.74,physics,steady_state,407
5573,4,seal_failure,0.334,physics,steady_state,407
5574,4,seal_failure,0.735,physics,steady_state,407
5575,4,seal_failure,0.572,physics,steady_state,407
5576,4,seal_failure,0.321,physics,high_load,407
5577,4,seal_failure,0.504,physics,high_load,407
5578,4,seal_failure,0.24,physics,steady_state,407
5579,4,seal_failure,0.214,physics,steady_state,407
5580,4,seal_failure,0.325,physics,steady_state,407
5581,4,seal_failure,0.226,physics,high_load,407
5582,4,seal_failure,0.976,physics,high_load,407
5583,4,seal_failure,0.676,physics,steady_state,407
5584,4,seal_failure,0.438,physics,high_load,407
5585,4,seal_failure,0.782,physics,high_load,407
5586,4,seal_failure,0.727,physics,steady_state,407
5587,4,seal_failure,0.28,physics,high_load,407
5588,4,seal_failure,0.29,physics,high_load,407
5589,4,seal_failure,0.584,physics,steady_state,407
5590,4,seal_failure,0.229,physics,steady_state,407
5591,4,seal_failure,0.655,physics,high_load,407
5592,4,seal_failure,0.274,physics,high_load,407
5593,4,seal_failure,0.537,physics,high_load,407
5594,4,seal_failure,0.67,physics,high_load,407
5595,4,seal_failure,0.339,physics,high_load,407
5596,4,seal_failure,0.641,physics,steady_state,407
5597,4,seal_failure,0.632,physics,high_load,407
5598,4,seal_failure,0.999,physics,steady_state,407
5599,4,seal_failure,0.99,physics,steady_state,407
5600,4,seal_failure,0.597,physics,steady_state,407
5601,4,seal_failure,0.313,physics,steady_state,407
5602,4,seal_failure,0.403,physics,steady_state,407
5603,4,seal_failure,0.334,physics,steady_state,407
5604,4,seal_failure,0.851,physics,high_load,407
5605,4,seal_failure,0.326,physics,high_load,407
5606,4,seal_failure,0.724,physics,high_load,407
5607,4,seal_failure,0.63,physics,high_load,407
5608,4,seal_failure,0.67,physics,steady_state,407
5609,4,seal_failure,0.698,physics,high_load,407
5610,4,seal_failure,0.935,physics,steady_state,407
5611,4,seal_failure,0.34,physics,high_load,407
5612,4,seal_failure,0.224,physics,high_load,407
5613,4,seal_failure,0.684,physics,steady_state,407
5614,4,seal_failure,0.362,physics,steady_state,407
5615,4,seal_failure,0.679,physics,steady_state,407
5616,4,seal_failure,0.393,physics,steady_state,407
5617,4,seal_failure,0.776,physics,steady_state,407
5618,4,seal_failure,0.562,physics,steady_state,407
5619,4,seal_failure,0.474,physics,high_load,407
5620,4,seal_failure,0.248,physics,high_load,407
5621,4,seal_failure,0.46,physics,high_load,407
5622,4,seal_failure,0.481,physics,high_load,407
5623,4,seal_failure,0.27,physics,steady_state,407
5624,4,seal_failure,0.253,physics,steady_state,407
5625,4,seal_failure,0.233,physics,high_load,407
5626,4,seal_failure,0.542,physics,steady_state,407
5627,4,seal_failure,0.592,physics,high_load,407
5628,4,seal_failure,0.421,physics,steady_state,407
5629,4,seal_failure,0.477,physics,steady_state,407
5630,4,seal_failure,0.272,physics,high_load,407
5631,4,seal_failure,0.49,physics,high_load,407
5632,4,seal_failure,0.857,physics,steady_state,407
5633,4,seal_failure,0.421,physics,high_load,407
5634,4,seal_failure,0.962,physics,high_load,407
5635,4,seal_failure,0.279,physics,high_load,407
5636,4,seal_failure,0.551,physics,high_load,407
5637,4,seal_failure,0.61,physics,high_load,407
5638,4,seal_failure,0.225,physics,high_load,407
5639,4,seal_failure,0.294,physics,steady_state,407
5640,4,seal_failure,0.818,physics,steady_state,407
5641,4,seal_failure,0.245,physics,steady_state,407
5642,4,seal_failure,0.777,physics,high_load,407
5643,4,seal_failure,0.809,physics,steady_state,407
5644,4,seal_failure,0.642,physics,high_load,407
5645,4,seal_failure,0.618,physics,steady_state,407
5646,4,seal_failure,0.591,physics,steady_state,407
5647,4,seal_failure,0.338,physics,high_load,407
5648,4,seal_failure,0.441,physics,steady_state,407
5649,4,seal_failure,0.836,physics,steady_state,407
5650,4,seal_failure,0.261,physics,high_load,407
5651,4,seal_failure,0.78,physics,high_load,407
5652,4,seal_failure,0.923,physics,high_load,407
5653,4,seal_failure,0.973,physics,steady_state,407
5654,4,seal_failure,0.65,physics,high_load,407
5655,4,seal_failure,0.768,physics,high_load,407
5656,4,seal_failure,0.345,physics,steady_state,407
5657,4,seal_failure,0.955,physics,steady_state,407
5658,4,seal_failure,0.494,physics,steady_state,407
5659,4,seal_failure,0.73,physics,steady_state,407
5660,4,seal_failure,0.66,physics,steady_state,407
5661,4,seal_failure,0.822,physics,high_load,407
5662,4,seal_failure,0.227,physics,steady_state,407
5663,4,seal_failure,0.339,physics,high_load,407
5664,4,seal_failure,0.702,physics,steady_state,407
5665,4,seal_failure,0.28,physics,high_load,407
5666,4,seal_failure,0.591,physics,high_load,407
5667,4,seal_failure,0.881,physics,high_load,407
5668,4,seal_failure,0.699,physics,steady_state,407
5669,4,seal_failure,0.455,physics,high_load,407
5670,4,seal_failure,0.393,physics,steady_state,407
5671,4,seal_failure,0.82,physics,steady_state,407
5672,4,seal_failure,0.207,physics,high_load,407
5673,4,seal_failure,0.2,physics,steady_state,407
5674,4,seal_failure,0.62,physics,steady_state,407
5675,4,seal_failure,0.386,physics,high_load,407
5676,4,seal_failure,0.282,physics,high_load,407
5677,4,seal_failure,0.261,physics,steady_state,407
5678,4,seal_failure,0.536,physics,high_load,407
5679,4,seal_failure,0.222,physics,steady_state,407
5680,4,seal_failure,0.9,physics,high_load,407
5681,4,seal_failure,0.284,physics,high_load,407
5682,4,seal_failure,0.51,physics,steady_state,407
5683,4,seal_failure,0.512,physics,steady_state,407
5684,4,seal_failure,0.829,physics,high_load,407
5685,4,seal_failure,0.258,physics,high_load,407
5686,4,seal_failure,0.38,physics,high_load,407
5687,4,seal_failure,0.959,physics,high_load,407
5688,4,seal_failure,0.352,physics,steady_state,407
5689,4,seal_failure,0.714,physics,high_load,407
5690,4,seal_failure,0.725,physics,steady_state,407
5691,4,seal_failure,0.581,physics,high_load,407
5692,4,seal_failure,0.759,physics,high_load,407
5693,4,seal_failure,0.369,physics,steady_state,407
5694,4,seal_failure,0.458,physics,steady_state,407
5695,4,seal_failure,0.91,physics,high_load,407
5696,4,seal_failure,0.698,physics,steady_state,407
5697,4,seal_failure,0.746,physics,high_load,407
5698,4,seal_failure,0.521,physics,steady_state,407
5699,4,seal_failure,0.578,physics,high_load,407
5700,4,seal_failure,0.437,physics,high_load,407
5701,4,seal_failure,0.836,physics,high_load,407
5702,4,seal_failure,0.859,physics,steady_state,407
5703,4,seal_failure,0.469,physics,high_load,407
5704,4,seal_failure,0.686,physics,high_load,407
5705,4,seal_failure,0.259,physics,high_load,407
5706,4,seal_failure,0.816,physics,high_load,407
5707,4,seal_failure,0.775,physics,high_load,407
5708,4,seal_failure,0.671,physics,high_load,407
5709,4,seal_failure,0.716,physics,steady_state,407
5710,4,seal_failure,0.62,physics,high_load,407
5711,4,seal_failure,0.642,physics,steady_state,407
5712,4,seal_failure,0.76,physics,steady_state,407
5713,4,seal_failure,0.81,physics,steady_state,407
5714,4,seal_failure,0.807,physics,steady_state,407
5715,4,seal_failure,0.382,physics,high_load,407
5716,4,seal_failure,0.939,physics,high_load,407
5717,4,seal_failure,0.665,physics,steady_state,407
5718,4,seal_failure,0.393,physics,steady_state,407
5719,4,seal_failure,0.8,physics,steady_state,407
5720,4,seal_failure,0.539,physics,high_load,407
5721,4,seal_failure,0.837,physics,high_load,407
5722,4,seal_failure,0.512,physics,high_load,407
5723,4,seal_failure,0.446,physics,high_load,407
5724,4,seal_failure,0.274,physics,high_load,407
5725,4,seal_failure,0.806,physics,high_load,407
5726,4,seal_failure,0.21,physics,steady_state,407
5727,4,seal_failure,0.344,physics,high_load,407
5728,4,seal_failure,0.705,physics,steady_state,407
5729,4,seal_failure,0.401,physics,steady_state,407
5730,4,seal_failure,0.415,physics,steady_state,407
5731,4,seal_failure,0.238,physics,high_load,407
5732,4,seal_failure,0.45,physics,high_load,407
5733,4,seal_failure,0.694,physics,steady_state,407
5734,4,seal_failure,0.806,physics,steady_state,407
5735,4,seal_failure,0.388,physics,steady_state,407
5736,4,seal_failure,0.258,physics,steady_state,407
5737,4,seal_failure,0.318,physics,steady_state,407
5738,4,seal_failure,0.228,physics,steady_state,407
5739,4,seal_failure,0.764,physics,high_load,407
5740,4,seal_failure,0.831,physics,high_load,407
5741,4,seal_failure,0.385,physics,high_load,407
5742,4,seal_failure,0.553,physics,high_load,407
5743,4,seal_failure,0.33,physics,high_load,407
5744,4,seal_failure,0.46,physics,high_load,407
5745,4,seal_failure,0.641,physics,high_load,407
5746,4,seal_failure,0.671,physics,steady_state,407
5747,4,seal_failure,0.632,physics,steady_state,407
5748,4,seal_failure,0.376,physics,high_load,407
5749,4,seal_failure,0.864,physics,high_load,407
5750,4,seal_failure,0.806,physics,high_load,407
5751,4,seal_failure,0.555,physics,steady_state,407
5752,4,seal_failure,0.881,physics,high_load,407
5753,4,seal_failure,0.793,physics,high_load,407
5754,4,seal_failure,0.274,physics,high_load,407
5755,4,seal_failure,0.803,physics,high_load,407
5756,4,seal_failure,0.402,physics,steady_state,407
5757,4,seal_failure,0.253,physics,steady_state,407
5758,4,seal_failure,0.592,physics,steady_state,407
5759,4,seal_failure,0.203,physics,high_load,407
5760,4,seal_failure,0.295,physics,high_load,407
5761,4,seal_failure,0.573,physics,high_load,407
5762,4,seal_failure,0.211,physics,high_load,407
5763,4,seal_failure,0.246,physics,high_load,407
5764,4,seal_failure,0.452,physics,steady_state,407
5765,4,seal_failure,0.724,physics,steady_state,407
5766,4,seal_failure,0.345,physics,high_load,407
5767,4,seal_failure,0.653,physics,steady_state,407
5768,4,seal_failure,0.908,physics,high_load,407
5769,4,seal_failure,0.307,physics,steady_state,407
5770,4,seal_failure,0.481,physics,steady_state,407
5771,4,seal_failure,0.281,physics,high_load,407
5772,4,seal_failure,0.215,physics,high_load,407
5773,4,seal_failure,0.358,physics,steady_state,407
5774,4,seal_failure,0.68,physics,high_load,407
5775,4,seal_failure,0.905,physics,steady_state,407
5776,4,seal_failure,0.298,physics,steady_state,407
5777,4,seal_failure,0.384,physics,high_load,407
5778,4,seal_failure,0.869,physics,high_load,407
5779,4,seal_failure,0.848,physics,steady_state,407
5780,4,seal_failure,0.648,physics,steady_state,407
5781,4,seal_failure,0.69,physics,steady_state,407
5782,4,seal_failure,0.357,physics,high_load,407
5783,4,seal_failure,0.98,physics,high_load,407
5784,4,seal_failure,0.211,physics,steady_state,407
5785,4,seal_failure,0.367,physics,steady_state,407
5786,4,seal_failure,0.692,physics,steady_state,407
5787,4,seal_failure,0.821,physics,high_load,407
5788,4,seal_failure,0.328,physics,high_load,407
5789,4,seal_failure,0.636,physics,high_load,407
5790,4,seal_failure,0.696,physics,steady_state,407
5791,4,seal_failure,0.291,physics,steady_state,407
5792,4,seal_failure,0.251,physics,high_load,407
5793,4,seal_failure,0.358,physics,steady_state,407
5794,4,seal_failure,0.471,physics,high_load,407
5795,4,seal_failure,0.873,physics,steady_state,407
5796,4,seal_failure,0.215,physics,steady_state,407
5797,4,seal_failure,0.281,physics,steady_state,407
5798,4,seal_failure,0.507,physics,steady_state,407
5799,4,seal_failure,0.574,physics,high_load,407
5800,4,seal_failure,0.598,physics,high_load,407
5801,4,seal_failure,0.299,physics,high_load,407
5802,4,seal_failure,0.518,physics,steady_state,407
5803,4,seal_failure,0.478,physics,steady_state,407
5804,4,seal_failure,0.248,physics,steady_state,407
5805,4,seal_failure,0.358,physics,high_load,407
5806,4,seal_failure,0.354,physics,high_load,407
5807,4,seal_failure,0.557,physics,steady_state,407
5808,4,seal_failure,0.281,physics,steady_state,407
5809,4,seal_failure,0.574,physics,high_load,407
5810,4,seal_failure,0.667,physics,steady_state,407
5811,4,seal_failure,0.612,physics,steady_state,407
5812,4,seal_failure,0.752,physics,steady_state,407
5813,4,seal_failure,0.345,physics,steady_state,407
5814,4,seal_failure,0.659,physics,high_load,407
5815,4,seal_failure,0.354,physics,steady_state,407
5816,4,seal_failure,0.502,physics,high_load,407
5817,4,seal_failure,0.388,physics,steady_state,407
5818,4,seal_failure,0.835,physics,steady_state,407
5819,4,seal_failure,0.761,physics,steady_state,407
5820,4,seal_failure,0.432,physics,steady_state,407
5821,4,seal_failure,0.621,physics,steady_state,407
5822,4,seal_failure,0.682,physics,steady_state,407
5823,4,seal_failure,0.752,physics,high_load,407
5824,4,seal_failure,0.814,physics,high_load,407
5825,4,seal_failure,0.494,physics,high_load,407
5826,4,seal_failure,0.327,physics,high_load,407
5827,4,seal_failure,0.748,physics,high_load,407
5828,4,seal_failure,0.261,physics,steady_state,407
5829,4,seal_failure,0.622,physics,high_load,407
5830,4,seal_failure,0.704,physics,steady_state,407
5831,4,seal_failure,0.501,physics,steady_state,407
5832,4,seal_failure,0.448,physics,high_load,407
5833,4,seal_failure,0.371,physics,steady_state,407
5834,4,seal_failure,0.565,physics,high_load,407
5835,4,seal_failure,0.477,physics,steady_state,407
5836,4,seal_failure,0.431,physics,steady_state,407
5837,4,seal_failure,0.732,physics,steady_state,407
5838,4,seal_failure,0.741,physics,steady_state,407
5839,4,seal_failure,0.485,physics,steady_state,407
5840,4,seal_failure,0.283,physics,high_load,407
5841,4,seal_failure,0.457,physics,high_load,407
5842,4,seal_failure,0.964,physics,high_load,407
5843,4,seal_failure,0.488,physics,high_load,407
5844,4,seal_failure,0.812,physics,high_load,407
5845,4,seal_failure,0.569,physics,steady_state,407
5846,4,seal_failure,0.52,physics,steady_state,407
5847,4,seal_failure,0.467,physics,high_load,407
5848,4,seal_failure,0.286,physics,steady_state,407
5849,4,seal_failure,0.921,physics,high_load,407
5850,4,seal_failure,0.519,physics,high_load,407
5851,4,seal_failure,0.517,physics,steady_state,407
5852,4,seal_failure,0.887,physics,high_load,407
5853,4,seal_failure,0.543,physics,steady_state,407
5854,4,seal_failure,0.384,physics,high_load,407
5855,4,seal_failure,0.423,physics,high_load,407
5856,4,seal_failure,0.232,physics,high_load,407
5857,4,seal_failure,0.537,physics,high_load,407
5858,4,seal_failure,0.951,physics,steady_state,407
5859,4,seal_failure,0.845,physics,steady_state,407
5860,4,seal_failure,0.353,physics,high_load,407
5861,4,seal_failure,0.914,physics,high_load,407
5862,4,seal_failure,0.303,physics,high_load,407
5863,4,seal_failure,0.592,physics,high_load,407
5864,4,seal_failure,0.385,physics,steady_state,407
5865,4,seal_failure,0.485,physics,high_load,407
5866,4,seal_failure,0.649,physics,steady_state,407
5867,4,seal_failure,0.381,physics,high_load,407
5868,4,seal_failure,0.489,physics,high_load,407
5869,4,seal_failure,0.555,physics,high_load,407
5870,4,seal_failure,0.746,physics,high_load,407
5871,4,seal_failure,0.544,physics,high_load,407
5872,4,seal_failure,0.218,physics,steady_state,407
5873,4,seal_failure,0.274,physics,steady_state,407
5874,4,seal_failure,0.841,physics,high_load,407
5875,4,seal_failure,0.364,physics,high_load,407
5876,4,seal_failure,0.719,physics,steady_state,407
5877,4,seal_failure,0.829,physics,high_load,407
5878,4,seal_failure,0.827,physics,high_load,407
5879,4,seal_failure,0.496,physics,high_load,407
5880,4,seal_failure,0.293,physics,high_load,407
5881,4,seal_failure,0.756,physics,steady_state,407
5882,4,seal_failure,0.59,physics,high_load,407
5883,4,seal_failure,0.431,physics,high_load,407
5884,4,seal_failure,0.338,physics,high_load,407
5885,4,seal_failure,0.36,physics,steady_state,407
5886,4,seal_failure,0.216,physics,steady_state,407
5887,4,seal_failure,0.226,physics,steady_state,407
5888,4,seal_failure,0.396,physics,high_load,407
5889,4,seal_failure,0.882,physics,steady_state,407
5890,4,seal_failure,0.315,physics,high_load,407
5891,4,seal_failure,0.295,physics,steady_state,407
5892,4,seal_failure,0.761,physics,high_load,407
5893,4,seal_failure,0.23,physics,high_load,407
5894,4,seal_failure,0.308,physics,steady_state,407
5895,4,seal_failure,0.892,physics,high_load,407
5896,4,seal_failure,0.713,physics,high_load,407
5897,4,seal_failure,0.217,physics,steady_state,407
5898,4,seal_failure,0.849,physics,high_load,407
5899,4,seal_failure,0.788,physics,steady_state,407
5900,4,seal_failure,0.293,physics,high_load,407
5901,4,seal_failure,0.886,physics,steady_state,407
5902,4,seal_failure,0.546,physics,steady_state,407
5903,4,seal_failure,0.757,physics,high_load,407
5904,4,seal_failure,0.366,physics,steady_state,407
5905,4,seal_failure,0.35,physics,high_load,407
5906,4,seal_failure,0.589,physics,high_load,407
5907,4,seal_failure,0.995,physics,steady_state,407
5908,4,seal_failure,0.251,physics,high_load,407
5909,4,seal_failure,0.688,physics,steady_state,407
5910,4,seal_failure,0.589,physics,high_load,407
5911,4,seal_failure,0.498,physics,high_load,407
5912,4,seal_failure,0.321,physics,steady_state,407
5913,4,seal_failure,0.614,physics,steady_state,407
5914,4,seal_failure,0.513,physics,high_load,407
5915,4,seal_failure,0.767,physics,high_load,407
5916,4,seal_failure,0.301,physics,high_load,407
5917,4,seal_failure,0.242,physics,high_load,407
5918,4,seal_failure,0.567,physics,high_load,407
5919,4,seal_failure,0.572,physics,high_load,407
5920,4,seal_failure,0.419,physics,high_load,407
5921,4,seal_failure,0.931,physics,high_load,407
5922,4,seal_failure,0.63,physics,steady_state,407
5923,4,seal_failure,0.57,physics,steady_state,407
5924,4,seal_failure,0.241,physics,high_load,407
5925,4,seal_failure,0.326,physics,high_load,407
5926,4,seal_failure,0.663,physics,high_load,407
5927,4,seal_failure,0.256,physics,high_load,407
5928,4,seal_failure,0.755,physics,high_load,407
5929,4,seal_failure,0.611,physics,high_load,407
5930,4,seal_failure,0.976,physics,high_load,407
5931,4,seal_failure,0.53,physics,steady_state,407
5932,4,seal_failure,0.646,physics,steady_state,407
5933,4,seal_failure,0.562,physics,steady_state,407
5934,4,seal_failure,0.406,physics,high_load,407
5935,4,seal_failure,0.679,physics,steady_state,407
5936,4,seal_failure,0.726,physics,high_load,407
5937,4,seal_failure,0.479,physics,steady_state,407
5938,4,seal_failure,0.384,physics,high_load,407
5939,4,seal_failure,0.957,physics,high_load,407
5940,4,seal_failure,0.698,physics,high_load,407
5941,4,seal_failure,0.362,physics,steady_state,407
5942,4,seal_failure,0.942,physics,steady_state,407
5943,4,seal_failure,0.665,physics,high_load,407
5944,4,seal_failure,0.221,physics,steady_state,407
5945,4,seal_failure,0.399,physics,steady_state,407
5946,4,seal_failure,0.305,physics,steady_state,407
5947,4,seal_failure,0.577,physics,high_load,407
5948,4,seal_failure,0.399,physics,high_load,407
5949,4,seal_failure,0.216,physics,high_load,407
5950,4,seal_failure,0.216,physics,steady_state,407
5951,4,seal_failure,0.253,physics,high_load,407
5952,4,seal_failure,0.303,physics,steady_state,407
5953,4,seal_failure,0.511,physics,steady_state,407
5954,4,seal_failure,0.34,physics,steady_state,407
5955,4,seal_failure,0.956,physics,high_load,407
5956,4,seal_failure,0.23,physics,steady_state,407
5957,4,seal_failure,0.588,physics,steady_state,407
5958,4,seal_failure,0.288,physics,steady_state,407
5959,4,seal_failure,0.276,physics,steady_state,407
5960,4,seal_failure,0.503,physics,steady_state,407
5961,4,seal_failure,0.671,physics,high_load,407
5962,4,seal_failure,0.725,physics,high_load,407
5963,4,seal_failure,0.432,physics,steady_state,407
5964,4,seal_failure,0.275,physics,steady_state,407
5965,4,seal_failure,0.608,physics,steady_state,407
5966,4,seal_failure,0.946,physics,steady_state,407
5967,4,seal_failure,0.61,physics,steady_state,407
5968,4,seal_failure,0.535,physics,steady_state,407
5969,4,seal_failure,0.357,physics,steady_state,407
5970,4,seal_failure,0.843,physics,steady_state,407
5971,4,seal_failure,0.705,physics,steady_state,407
5972,4,seal_failure,0.426,physics,high_load,407
5973,4,seal_failure,0.5,physics,high_load,407
5974,4,seal_failure,0.373,physics,high_load,407
5975,4,seal_failure,0.783,physics,steady_state,407
5976,4,seal_failure,0.625,physics,steady_state,407
5977,4,seal_failure,0.252,physics,steady_state,407
5978,4,seal_failure,0.223,physics,high_load,407
5979,4,seal_failure,0.517,physics,high_load,407
5980,4,seal_failure,0.435,physics,high_load,407
5981,4,seal_failure,0.476,physics,high_load,407
5982,4,seal_failure,0.845,physics,high_load,407
5983,4,seal_failure,0.961,physics,high_load,407
5984,4,seal_failure,0.84,physics,high_load,407
5985,4,seal_failure,0.994,physics,high_load,407
5986,4,seal_failure,0.345,physics,high_load,407
5987,4,seal_failure,0.312,physics,high_load,407
5988,4,seal_failure,0.313,physics,steady_state,407
5989,4,seal_failure,0.851,physics,high_load,407
5990,4,seal_failure,0.464,physics,steady_state,407
5991,4,seal_failure,0.596,physics,high_load,407
5992,4,seal_failure,0.615,physics,high_load,407
5993,4,seal_failure,0.497,physics,high_load,407
5994,4,seal_failure,0.219,physics,steady_state,407
5995,4,seal_failure,0.635,physics,steady_state,407
5996,4,seal_failure,0.532,physics,steady_state,407
5997,4,seal_failure,0.496,physics,high_load,407
5998,4,seal_failure,0.22,physics,steady_state,407
5999,4,seal_failure,0.857,physics,steady_state,407
6000,5,overloading,0.827,physics,steady_state,-1
6001,5,overloading,0.506,physics,steady_state,-1
6002,5,overloading,0.551,physics,steady_state,-1
6003,5,overloading,0.548,physics,steady_state,-1
6004,5,overloading,0.766,physics,steady_state,-1
6005,5,overloading,0.875,physics,steady_state,-1
6006,5,overloading,0.87,physics,steady_state,-1
6007,5,overloading,0.629,physics,steady_state,-1
6008,5,overloading,0.989,physics,steady_state,-1
6009,5,overloading,0.785,physics,steady_state,-1
6010,5,overloading,0.527,physics,steady_state,-1
6011,5,overloading,0.501,physics,steady_state,-1
6012,5,overloading,0.968,physics,steady_state,-1
6013,5,overloading,0.926,physics,steady_state,-1
6014,5,overloading,0.606,physics,steady_state,-1
6015,5,overloading,0.757,physics,steady_state,-1
6016,5,overloading,0.508,physics,steady_state,-1
6017,5,overloading,0.515,physics,steady_state,-1
6018,5,overloading,0.694,physics,steady_state,-1
6019,5,overloading,0.579,physics,steady_state,-1
6020,5,overloading,0.71,physics,steady_state,-1
6021,5,overloading,0.921,physics,steady_state,-1
6022,5,overloading,0.651,physics,steady_state,-1
6023,5,overloading,0.535,physics,steady_state,-1
6024,5,overloading,0.703,physics,steady_state,-1
6025,5,overloading,0.516,physics,steady_state,-1
6026,5,overloading,0.986,physics,steady_state,-1
6027,5,overloading,0.864,physics,steady_state,-1
6028,5,overloading,0.601,physics,steady_state,-1
6029,5,overloading,0.89,physics,steady_state,-1
6030,5,overloading,0.69,physics,steady_state,-1
6031,5,overloading,0.609,physics,steady_state,-1
6032,5,overloading,0.942,physics,steady_state,-1
6033,5,overloading,0.8,physics,steady_state,-1
6034,5,overloading,0.563,physics,steady_state,-1
6035,5,overloading,0.757,physics,steady_state,-1
6036,5,overloading,0.986,physics,steady_state,-1
6037,5,overloading,0.733,physics,steady_state,-1
6038,5,overloading,0.544,physics,steady_state,-1
6039,5,overloading,0.941,physics,steady_state,-1
6040,5,overloading,0.873,physics,steady_state,-1
6041,5,overloading,0.932,physics,steady_state,-1
6042,5,overloading,0.704,physics,steady_state,-1
6043,5,overloading,0.831,physics,steady_state,-1
6044,5,overloading,0.966,physics,steady_state,-1
6045,5,overloading,0.537,physics,steady_state,-1
6046,5,overloading,0.953,physics,steady_state,-1
6047,5,overloading,0.78,physics,steady_state,-1
6048,5,overloading,0.728,physics,steady_state,-1
6049,5,overloading,0.843,physics,steady_state,-1
6050,5,overloading,0.65,physics,steady_state,-1
6051,5,overloading,0.712,physics,steady_state,-1
6052,5,overloading,0.549,physics,steady_state,-1
6053,5,overloading,0.909,physics,steady_state,-1
6054,5,overloading,0.922,physics,steady_state,-1
6055,5,overloading,0.71,physics,steady_state,-1
6056,5,overloading,0.712,physics,steady_state,-1
6057,5,overloading,0.921,physics,steady_state,-1
6058,5,overloading,0.79,physics,steady_state,-1
6059,5,overloading,0.867,physics,steady_state,-1
6060,5,overloading,0.755,physics,steady_state,-1
6061,5,overloading,0.888,physics,steady_state,-1
6062,5,overloading,0.775,physics,steady_state,-1
6063,5,overloading,0.734,physics,steady_state,-1
6064,5,overloading,0.648,physics,steady_state,-1
6065,5,overloading,0.613,physics,steady_state,-1
6066,5,overloading,0.798,physics,steady_state,-1
6067,5,overloading,0.648,physics,steady_state,-1
6068,5,overloading,0.704,physics,steady_state,-1
6069,5,overloading,0.919,physics,steady_state,-1
6070,5,overloading,0.584,physics,steady_state,-1
6071,5,overloading,0.592,physics,steady_state,-1
6072,5,overloading,0.563,physics,steady_state,-1
6073,5,overloading,0.636,physics,steady_state,-1
6074,5,overloading,0.514,physics,steady_state,-1
6075,5,overloading,0.698,physics,steady_state,-1
6076,5,overloading,0.885,physics,steady_state,-1
6077,5,overloading,0.833,physics,steady_state,-1
6078,5,overloading,0.517,physics,steady_state,-1
6079,5,overloading,0.947,physics,steady_state,-1
6080,5,overloading,0.678,physics,steady_state,-1
6081,5,overloading,0.783,physics,steady_state,-1
6082,5,overloading,0.94,physics,steady_state,-1
6083,5,overloading,0.629,physics,steady_state,-1
6084,5,overloading,0.901,physics,steady_state,-1
6085,5,overloading,0.843,physics,steady_state,-1
6086,5,overloading,0.861,physics,steady_state,-1
6087,5,overloading,0.866,physics,steady_state,-1
6088,5,overloading,0.655,physics,steady_state,-1
6089,5,overloading,0.829,physics,steady_state,-1
6090,5,overloading,0.918,physics,steady_state,-1
6091,5,overloading,0.574,physics,steady_state,-1
6092,5,overloading,0.529,physics,steady_state,-1
6093,5,overloading,0.979,physics,steady_state,-1
6094,5,overloading,0.693,physics,steady_state,-1
6095,5,overloading,0.517,physics,steady_state,-1
6096,5,overloading,0.57,physics,steady_state,-1
6097,5,overloading,0.863,physics,steady_state,-1
6098,5,overloading,0.825,physics,steady_state,-1
6099,5,overloading,0.841,physics,steady_state,-1
6100,5,overloading,0.769,physics,steady_state,-1
6101,5,overloading,0.957,physics,steady_state,-1
6102,5,overloading,0.654,physics,steady_state,-1
6103,5,overloading,0.778,physics,steady_state,-1
6104,5,overloading,0.574,physics,steady_state,-1
6105,5,overloading,0.896,physics,steady_state,-1
6106,5,overloading,0.75,physics,steady_state,-1
6107,5,overloading,0.643,physics,steady_state,-1
6108,5,overloading,0.617,physics,steady_state,-1
6109,5,overloading,0.999,physics,steady_state,-1
6110,5,overloading,0.631,physics,steady_state,-1
6111,5,overloading,0.985,physics,steady_state,-1
6112,5,overloading,0.753,physics,steady_state,-1
6113,5,overloading,0.629,physics,steady_state,-1
6114,5,overloading,0.973,physics,steady_state,-1
6115,5,overloading,0.595,physics,steady_state,-1
6116,5,overloading,0.801,physics,steady_state,-1
6117,5,overloading,0.872,physics,steady_state,-1
6118,5,overloading,0.714,physics,steady_state,-1
6119,5,overloading,0.779,physics,steady_state,-1
6120,5,overloading,0.596,physics,steady_state,-1
6121,5,overloading,0.843,physics,steady_state,-1
6122,5,overloading,0.698,physics,steady_state,-1
6123,5,overloading,0.856,physics,steady_state,-1
6124,5,overloading,0.673,physics,steady_state,-1
6125,5,overloading,0.946,physics,steady_state,-1
6126,5,overloading,0.936,physics,steady_state,-1
6127,5,overloading,0.924,physics,steady_state,-1
6128,5,overloading,0.691,physics,steady_state,-1
6129,5,overloading,0.508,physics,steady_state,-1
6130,5,overloading,0.993,physics,steady_state,-1
6131,5,overloading,0.886,physics,steady_state,-1
6132,5,overloading,0.621,physics,steady_state,-1
6133,5,overloading,0.84,physics,steady_state,-1
6134,5,overloading,0.979,physics,steady_state,-1
6135,5,overloading,0.668,physics,steady_state,-1
6136,5,overloading,0.785,physics,steady_state,-1
6137,5,overloading,0.928,physics,steady_state,-1
6138,5,overloading,0.828,physics,steady_state,-1
6139,5,overloading,0.729,physics,steady_state,-1
6140,5,overloading,0.963,physics,steady_state,-1
6141,5,overloading,0.558,physics,steady_state,-1
6142,5,overloading,0.846,physics,steady_state,-1
6143,5,overloading,0.975,physics,steady_state,-1
6144,5,overloading,0.737,physics,steady_state,-1
6145,5,overloading,0.819,physics,steady_state,-1
6146,5,overloading,0.542,physics,steady_state,-1
6147,5,overloading,0.967,physics,steady_state,-1
6148,5,overloading,0.814,physics,steady_state,-1
6149,5,overloading,0.767,physics,steady_state,-1
6150,5,overloading,0.709,physics,steady_state,-1
6151,5,overloading,0.566,physics,steady_state,-1
6152,5,overloading,0.819,physics,steady_state,-1
6153,5,overloading,0.738,physics,steady_state,-1
6154,5,overloading,0.823,physics,steady_state,-1
6155,5,overloading,0.575,physics,steady_state,-1
6156,5,overloading,0.771,physics,steady_state,-1
6157,5,overloading,0.622,physics,steady_state,-1
6158,5,overloading,0.895,physics,steady_state,-1
6159,5,overloading,0.65,physics,steady_state,-1
6160,5,overloading,0.749,physics,steady_state,-1
6161,5,overloading,0.568,physics,steady_state,-1
6162,5,overloading,0.974,physics,steady_state,-1
6163,5,overloading,0.969,physics,steady_state,-1
6164,5,overloading,0.952,physics,steady_state,-1
6165,5,overloading,0.587,physics,steady_state,-1
6166,5,overloading,0.763,physics,steady_state,-1
6167,5,overloading,0.557,physics,steady_state,-1
6168,5,overloading,0.597,physics,steady_state,-1
6169,5,overloading,0.931,physics,steady_state,-1
6170,5,overloading,0.801,physics,steady_state,-1
6171,5,overloading,0.614,physics,steady_state,-1
6172,5,overloading,0.556,physics,steady_state,-1
6173,5,overloading,0.666,physics,steady_state,-1
6174,5,overloading,0.652,physics,steady_state,-1
6175,5,overloading,0.782,physics,steady_state,-1
6176,5,overloading,0.828,physics,steady_state,-1
6177,5,overloading,0.931,physics,steady_state,-1
6178,5,overloading,0.904,physics,steady_state,-1
6179,5,overloading,0.559,physics,steady_state,-1
6180,5,overloading,0.993,physics,steady_state,-1
6181,5,overloading,0.961,physics,steady_state,-1
6182,5,overloading,0.821,physics,steady_state,-1
6183,5,overloading,0.722,physics,steady_state,-1
6184,5,overloading,0.791,physics,steady_state,-1
6185,5,overloading,0.75,physics,steady_state,-1
6186,5,overloading,0.55,physics,steady_state,-1
6187,5,overloading,0.893,physics,steady_state,-1
6188,5,overloading,0.627,physics,steady_state,-1
6189,5,overloading,0.948,physics,steady_state,-1
6190,5,overloading,0.945,physics,steady_state,-1
6191,5,overloading,0.598,physics,steady_state,-1
6192,5,overloading,0.813,physics,steady_state,-1
6193,5,overloading,0.924,physics,steady_state,-1
6194,5,overloading,0.514,physics,steady_state,-1
6195,5,overloading,0.785,physics,steady_state,-1
6196,5,overloading,0.597,physics,steady_state,-1
6197,5,overloading,0.973,physics,steady_state,-1
6198,5,overloading,0.914,physics,steady_state,-1
6199,5,overloading,0.981,physics,steady_state,-1
6200,5,overloading,0.797,physics,steady_state,-1
6201,5,overloading,0.869,physics,steady_state,-1
6202,5,overloading,0.656,physics,steady_state,-1
6203,5,overloading,0.866,physics,steady_state,-1
6204,5,overloading,0.827,physics,steady_state,-1
6205,5,overloading,0.728,physics,steady_state,-1
6206,5,overloading,0.817,physics,steady_state,-1
6207,5,overloading,0.574,physics,steady_state,-1
6208,5,overloading,0.622,physics,steady_state,-1
6209,5,overloading,0.937,physics,steady_state,-1
6210,5,overloading,0.651,physics,steady_state,-1
6211,5,overloading,0.987,physics,steady_state,-1
6212,5,overloading,0.87,physics,steady_state,-1
6213,5,overloading,0.877,physics,steady_state,-1
6214,5,overloading,0.882,physics,steady_state,-1
6215,5,overloading,0.622,physics,steady_state,-1
6216,5,overloading,0.577,physics,steady_state,-1
6217,5,overloading,0.916,physics,steady_state,-1
6218,5,overloading,0.536,physics,steady_state,-1
6219,5,overloading,0.624,physics,steady_state,-1
6220,5,overloading,0.706,physics,steady_state,-1
6221,5,overloading,0.592,physics,steady_state,-1
6222,5,overloading,0.573,physics,steady_state,-1
6223,5,overloading,0.651,physics,steady_state,-1
6224,5,overloading,0.876,physics,steady_state,-1
6225,5,overloading,0.767,physics,steady_state,-1
6226,5,overloading,0.737,physics,steady_state,-1
6227,5,overloading,0.985,physics,steady_state,-1
6228,5,overloading,0.637,physics,steady_state,-1
6229,5,overloading,0.764,physics,steady_state,-1
6230,5,overloading,0.857,physics,steady_state,-1
6231,5,overloading,0.705,physics,steady_state,-1
6232,5,overloading,0.973,physics,steady_state,-1
6233,5,overloading,0.992,physics,steady_state,-1
6234,5,overloading,0.686,physics,steady_state,-1
6235,5,overloading,0.563,physics,steady_state,-1
6236,5,overloading,0.768,physics,steady_state,-1
6237,5,overloading,0.543,physics,steady_state,-1
6238,5,overloading,0.872,physics,steady_state,-1
6239,5,overloading,0.929,physics,steady_state,-1
6240,5,overloading,0.873,physics,steady_state,-1
6241,5,overloading,0.538,physics,steady_state,-1
6242,5,overloading,0.736,physics,steady_state,-1
6243,5,overloading,0.862,physics,steady_state,-1
6244,5,overloading,0.824,physics,steady_state,-1
6245,5,overloading,0.747,physics,steady_state,-1
6246,5,overloading,0.708,physics,steady_state,-1
6247,5,overloading,0.64,physics,steady_state,-1
6248,5,overloading,0.765,physics,steady_state,-1
6249,5,overloading,0.819,physics,steady_state,-1
6250,5,overloading,0.989,physics,steady_state,-1
6251,5,overloading,0.526,physics,steady_state,-1
6252,5,overloading,0.89,physics,steady_state,-1
6253,5,overloading,0.57,physics,steady_state,-1
6254,5,overloading,0.818,physics,steady_state,-1
6255,5,overloading,0.544,physics,steady_state,-1
6256,5,overloading,0.576,physics,steady_state,-1
6257,5,overloading,0.654,physics,steady_state,-1
6258,5,overloading,0.584,physics,steady_state,-1
6259,5,overloading,0.732,physics,steady_state,-1
6260,5,overloading,0.829,physics,steady_state,-1
6261,5,overloading,0.94,physics,steady_state,-1
6262,5,overloading,0.553,physics,steady_state,-1
6263,5,overloading,0.53,physics,steady_state,-1
6264,5,overloading,0.635,physics,steady_state,-1
6265,5,overloading,0.788,physics,steady_state,-1
6266,5,overloading,0.945,physics,steady_state,-1
6267,5,overloading,0.53,physics,steady_state,-1
6268,5,overloading,0.683,physics,steady_state,-1
6269,5,overloading,0.807,physics,steady_state,-1
6270,5,overloading,0.944,physics,steady_state,-1
6271,5,overloading,0.92,physics,steady_state,-1
6272,5,overloading,0.552,physics,steady_state,-1
6273,5,overloading,0.791,physics,steady_state,-1
6274,5,overloading,0.559,physics,steady_state,-1
6275,5,overloading,0.784,physics,steady_state,-1
6276,5,overloading,0.554,physics,steady_state,-1
6277,5,overloading,0.801,physics,steady_state,-1
6278,5,overloading,0.637,physics,steady_state,-1
6279,5,overloading,0.583,physics,steady_state,-1
6280,5,overloading,0.823,physics,steady_state,-1
6281,5,overloading,0.616,physics,steady_state,-1
6282,5,overloading,0.686,physics,steady_state,-1
6283,5,overloading,0.966,physics,steady_state,-1
6284,5,overloading,0.752,physics,steady_state,-1
6285,5,overloading,0.74,physics,steady_state,-1
6286,5,overloading,0.547,physics,steady_state,-1
6287,5,overloading,0.826,physics,steady_state,-1
6288,5,overloading,0.871,physics,steady_state,-1
6289,5,overloading,0.666,physics,steady_state,-1
6290,5,overloading,0.822,physics,steady_state,-1
6291,5,overloading,0.594,physics,steady_state,-1
6292,5,overloading,0.578,physics,steady_state,-1
6293,5,overloading,0.877,physics,steady_state,-1
6294,5,overloading,0.781,physics,steady_state,-1
6295,5,overloading,0.634,physics,steady_state,-1
6296,5,overloading,0.742,physics,steady_state,-1
6297,5,overloading,0.617,physics,steady_state,-1
6298,5,overloading,0.725,physics,steady_state,-1
6299,5,overloading,0.764,physics,steady_state,-1
6300,5,overloading,0.763,physics,steady_state,-1
6301,5,overloading,0.536,physics,steady_state,-1
6302,5,overloading,0.821,physics,steady_state,-1
6303,5,overloading,0.861,physics,steady_state,-1
6304,5,overloading,0.585,physics,steady_state,-1
6305,5,overloading,0.999,physics,steady_state,-1
6306,5,overloading,0.899,physics,steady_state,-1
6307,5,overloading,0.834,physics,steady_state,-1
6308,5,overloading,0.769,physics,steady_state,-1
6309,5,overloading,0.662,physics,steady_state,-1
6310,5,overloading,0.816,physics,steady_state,-1
6311,5,overloading,0.627,physics,steady_state,-1
6312,5,overloading,0.798,physics,steady_state,-1
6313,5,overloading,0.6,physics,steady_state,-1
6314,5,overloading,0.535,physics,steady_state,-1
6315,5,overloading,0.789,physics,steady_state,-1
6316,5,overloading,0.874,physics,steady_state,-1
6317,5,overloading,0.852,physics,steady_state,-1
6318,5,overloading,0.968,physics,steady_state,-1
6319,5,overloading,0.883,physics,steady_state,-1
6320,5,overloading,0.754,physics,steady_state,-1
6321,5,overloading,0.662,physics,steady_state,-1
6322,5,overloading,0.914,physics,steady_state,-1
6323,5,overloading,0.687,physics,steady_state,-1
6324,5,overloading,0.771,physics,steady_state,-1
6325,5,overloading,0.963,physics,steady_state,-1
6326,5,overloading,0.569,physics,steady_state,-1
6327,5,overloading,0.704,physics,steady_state,-1
6328,5,overloading,0.989,physics,steady_state,-1
6329,5,overloading,0.961,physics,steady_state,-1
6330,5,overloading,0.851,physics,steady_state,-1
6331,5,overloading,0.885,physics,steady_state,-1
6332,5,overloading,0.863,physics,steady_state,-1
6333,5,overloading,0.58,physics,steady_state,-1
6334,5,overloading,0.589,physics,steady_state,-1
6335,5,overloading,0.747,physics,steady_state,-1
6336,5,overloading,0.994,physics,steady_state,-1
6337,5,overloading,0.816,physics,steady_state,-1
6338,5,overloading,0.882,physics,steady_state,-1
6339,5,overloading,0.955,physics,steady_state,-1
6340,5,overloading,0.732,physics,steady_state,-1
6341,5,overloading,0.971,physics,steady_state,-1
6342,5,overloading,0.848,physics,steady_state,-1
6343,5,overloading,0.736,physics,steady_state,-1
6344,5,overloading,0.788,physics,steady_state,-1
6345,5,overloading,0.512,physics,steady_state,-1
6346,5,overloading,0.502,physics,steady_state,-1
6347,5,overloading,0.823,physics,steady_state,-1
6348,5,overloading,0.809,physics,steady_state,-1
6349,5,overloading,0.728,physics,steady_state,-1
6350,5,overloading,0.625,physics,steady_state,-1
6351,5,overloading,0.948,physics,steady_state,-1
6352,5,overloading,0.664,physics,steady_state,-1
6353,5,overloading,0.546,physics,steady_state,-1
6354,5,overloading,0.861,physics,steady_state,-1
6355,5,overloading,0.877,physics,steady_state,-1
6356,5,overloading,0.73,physics,steady_state,-1
6357,5,overloading,0.653,physics,steady_state,-1
6358,5,overloading,0.57,physics,steady_state,-1
6359,5,overloading,0.551,physics,steady_state,-1
6360,5,overloading,0.937,physics,steady_state,-1
6361,5,overloading,0.908,physics,steady_state,-1
6362,5,overloading,0.935,physics,steady_state,-1
6363,5,overloading,0.683,physics,steady_state,-1
6364,5,overloading,0.627,physics,steady_state,-1
6365,5,overloading,0.827,physics,steady_state,-1
6366,5,overloading,0.696,physics,steady_state,-1
6367,5,overloading,0.942,physics,steady_state,-1
6368,5,overloading,0.76,physics,steady_state,-1
6369,5,overloading,0.551,physics,steady_state,-1
6370,5,overloading,0.791,physics,steady_state,-1
6371,5,overloading,0.878,physics,steady_state,-1
6372,5,overloading,0.76,physics,steady_state,-1
6373,5,overloading,0.748,physics,steady_state,-1
6374,5,overloading,0.728,physics,steady_state,-1
6375,5,overloading,0.87,physics,steady_state,-1
6376,5,overloading,0.756,physics,steady_state,-1
6377,5,overloading,0.907,physics,steady_state,-1
6378,5,overloading,0.937,physics,steady_state,-1
6379,5,overloading,0.986,physics,steady_state,-1
6380,5,overloading,0.857,physics,steady_state,-1
6381,5,overloading,0.552,physics,steady_state,-1
6382,5,overloading,0.658,physics,steady_state,-1
6383,5,overloading,0.931,physics,steady_state,-1
6384,5,overloading,0.855,physics,steady_state,-1
6385,5,overloading,0.946,physics,steady_state,-1
6386,5,overloading,0.928,physics,steady_state,-1
6387,5,overloading,0.578,physics,steady_state,-1
6388,5,overloading,0.65,physics,steady_state,-1
6389,5,overloading,0.81,physics,steady_state,-1
6390,5,overloading,0.561,physics,steady_state,-1
6391,5,overloading,0.916,physics,steady_state,-1
6392,5,overloading,0.862,physics,steady_state,-1
6393,5,overloading,0.549,physics,steady_state,-1
6394,5,overloading,0.835,physics,steady_state,-1
6395,5,overloading,0.957,physics,steady_state,-1
6396,5,overloading,0.941,physics,steady_state,-1
6397,5,overloading,0.676,physics,steady_state,-1
6398,5,overloading,0.748,physics,steady_state,-1
6399,5,overloading,0.989,physics,steady_state,-1
6400,5,overloading,0.513,physics,steady_state,-1
6401,5,overloading,0.684,physics,steady_state,-1
6402,5,overloading,0.554,physics,steady_state,-1
6403,5,overloading,0.551,physics,steady_state,-1
6404,5,overloading,0.539,physics,steady_state,-1
6405,5,overloading,0.561,physics,steady_state,-1
6406,5,overloading,0.578,physics,steady_state,-1
6407,5,overloading,0.882,physics,steady_state,-1
6408,5,overloading,0.513,physics,steady_state,-1
6409,5,overloading,0.725,physics,steady_state,-1
6410,5,overloading,0.679,physics,steady_state,-1
6411,5,overloading,0.517,physics,steady_state,-1
6412,5,overloading,0.608,physics,steady_state,-1
6413,5,overloading,0.91,physics,steady_state,-1
6414,5,overloading,0.901,physics,steady_state,-1
6415,5,overloading,0.9,physics,steady_state,-1
6416,5,overloading,0.768,physics,steady_state,-1
6417,5,overloading,0.997,physics,steady_state,-1
6418,5,overloading,0.977,physics,steady_state,-1
6419,5,overloading,0.552,physics,steady_state,-1
6420,5,overloading,0.714,physics,steady_state,-1
6421,5,overloading,0.78,physics,steady_state,-1
6422,5,overloading,0.809,physics,steady_state,-1
6423,5,overloading,0.944,physics,steady_state,-1
6424,5,overloading,0.851,physics,steady_state,-1
6425,5,overloading,0.868,physics,steady_state,-1
6426,5,overloading,0.902,physics,steady_state,-1
6427,5,overloading,0.581,physics,steady_state,-1
6428,5,overloading,0.812,physics,steady_state,-1
6429,5,overloading,0.834,physics,steady_state,-1
6430,5,overloading,0.862,physics,steady_state,-1
6431,5,overloading,0.948,physics,steady_state,-1
6432,5,overloading,0.677,physics,steady_state,-1
6433,5,overloading,0.621,physics,steady_state,-1
6434,5,overloading,0.672,physics,steady_state,-1
6435,5,overloading,0.985,physics,steady_state,-1
6436,5,overloading,0.829,physics,steady_state,-1
6437,5,overloading,0.814,physics,steady_state,-1
6438,5,overloading,0.723,physics,steady_state,-1
6439,5,overloading,0.793,physics,steady_state,-1
6440,5,overloading,0.592,physics,steady_state,-1
6441,5,overloading,0.768,physics,steady_state,-1
6442,5,overloading,0.828,physics,steady_state,-1
6443,5,overloading,0.719,physics,steady_state,-1
6444,5,overloading,0.765,physics,steady_state,-1
6445,5,overloading,0.85,physics,steady_state,-1
6446,5,overloading,0.782,physics,steady_state,-1
6447,5,overloading,0.822,physics,steady_state,-1
6448,5,overloading,0.615,physics,steady_state,-1
6449,5,overloading,0.715,physics,steady_state,-1
6450,5,overloading,0.896,physics,steady_state,-1
6451,5,overloading,0.54,physics,steady_state,-1
6452,5,overloading,0.956,physics,steady_state,-1
6453,5,overloading,0.864,physics,steady_state,-1
6454,5,overloading,0.993,physics,steady_state,-1
6455,5,overloading,0.646,physics,steady_state,-1
6456,5,overloading,0.886,physics,steady_state,-1
6457,5,overloading,0.942,physics,steady_state,-1
6458,5,overloading,0.902,physics,steady_state,-1
6459,5,overloading,0.544,physics,steady_state,-1
6460,5,overloading,0.793,physics,steady_state,-1
6461,5,overloading,0.546,physics,steady_state,-1
6462,5,overloading,0.886,physics,steady_state,-1
6463,5,overloading,0.873,physics,steady_state,-1
6464,5,overloading,0.775,physics,steady_state,-1
6465,5,overloading,0.54,physics,steady_state,-1
6466,5,overloading,0.816,physics,steady_state,-1
6467,5,overloading,0.621,physics,steady_state,-1
6468,5,overloading,0.775,physics,steady_state,-1
6469,5,overloading,0.751,physics,steady_state,-1
6470,5,overloading,0.654,physics,steady_state,-1
6471,5,overloading,0.621,physics,steady_state,-1
6472,5,overloading,0.948,physics,steady_state,-1
6473,5,overloading,0.595,physics,steady_state,-1
6474,5,overloading,0.608,physics,steady_state,-1
6475,5,overloading,0.58,physics,steady_state,-1
6476,5,overloading,0.729,physics,steady_state,-1
6477,5,overloading,0.893,physics,steady_state,-1
6478,5,overloading,0.733,physics,steady_state,-1
6479,5,overloading,0.934,physics,steady_state,-1
6480,5,overloading,0.929,physics,steady_state,-1
6481,5,overloading,0.568,physics,steady_state,-1
6482,5,overloading,0.635,physics,steady_state,-1
6483,5,overloading,0.838,physics,steady_state,-1
6484,5,overloading,0.546,physics,steady_state,-1
6485,5,overloading,0.748,physics,steady_state,-1
6486,5,overloading,0.673,physics,steady_state,-1
6487,5,overloading,0.785,physics,steady_state,-1
6488,5,overloading,0.842,physics,steady_state,-1
6489,5,overloading,0.562,physics,steady_state,-1
6490,5,overloading,0.664,physics,steady_state,-1
6491,5,overloading,0.854,physics,steady_state,-1
6492,5,overloading,0.76,physics,steady_state,-1
6493,5,overloading,0.884,physics,steady_state,-1
6494,5,overloading,0.671,physics,steady_state,-1
6495,5,overloading,0.951,physics,steady_state,-1
6496,5,overloading,0.623,physics,steady_state,-1
6497,5,overloading,0.763,physics,steady_state,-1
6498,5,overloading,0.93,physics,steady_state,-1
6499,5,overloading,0.847,physics,steady_state,-1
6500,5,overloading,0.558,physics,steady_state,-1
6501,5,overloading,0.691,physics,steady_state,-1
6502,5,overloading,0.646,physics,steady_state,-1
6503,5,overloading,0.695,physics,steady_state,-1
6504,5,overloading,0.941,physics,steady_state,-1
6505,5,overloading,0.923,physics,steady_state,-1
6506,5,overloading,0.755,physics,steady_state,-1
6507,5,overloading,0.612,physics,steady_state,-1
6508,5,overloading,0.999,physics,steady_state,-1
6509,5,overloading,0.786,physics,steady_state,-1
6510,5,overloading,0.706,physics,steady_state,-1
6511,5,overloading,0.76,physics,steady_state,-1
6512,5,overloading,0.549,physics,steady_state,-1
6513,5,overloading,0.549,physics,steady_state,-1
6514,5,overloading,0.626,physics,steady_state,-1
6515,5,overloading,0.951,physics,steady_state,-1
6516,5,overloading,0.564,physics,steady_state,-1
6517,5,overloading,0.915,physics,steady_state,-1
6518,5,overloading,0.714,physics,steady_state,-1
6519,5,overloading,0.564,physics,steady_state,-1
6520,5,overloading,0.939,physics,steady_state,-1
6521,5,overloading,0.84,physics,steady_state,-1
6522,5,overloading,0.772,physics,steady_state,-1
6523,5,overloading,0.846,physics,steady_state,-1
6524,5,overloading,0.787,physics,steady_state,-1
6525,5,overloading,0.685,physics,steady_state,-1
6526,5,overloading,0.736,physics,steady_state,-1
6527,5,overloading,0.788,physics,steady_state,-1
6528,5,overloading,0.884,physics,steady_state,-1
6529,5,overloading,0.785,physics,steady_state,-1
6530,5,overloading,0.67,physics,steady_state,-1
6531,5,overloading,0.558,physics,steady_state,-1
6532,5,overloading,0.844,physics,steady_state,-1
6533,5,overloading,0.809,physics,steady_state,-1
6534,5,overloading,0.74,physics,steady_state,-1
6535,5,overloading,0.762,physics,steady_state,-1
6536,5,overloading,0.561,physics,steady_state,-1
6537,5,overloading,0.582,physics,steady_state,-1
6538,5,overloading,0.782,physics,steady_state,-1
6539,5,overloading,0.775,physics,steady_state,-1
6540,5,overloading,0.858,physics,steady_state,-1
6541,5,overloading,0.83,physics,steady_state,-1
6542,5,overloading,0.919,physics,steady_state,-1
6543,5,overloading,0.737,physics,steady_state,-1
6544,5,overloading,0.98,physics,steady_state,-1
6545,5,overloading,0.803,physics,steady_state,-1
6546,5,overloading,0.994,physics,steady_state,-1
6547,5,overloading,0.788,physics,steady_state,-1
6548,5,overloading,0.61,physics,steady_state,-1
6549,5,overloading,0.756,physics,steady_state,-1
6550,5,overloading,0.848,physics,steady_state,-1
6551,5,overloading,0.636,physics,steady_state,-1
6552,5,overloading,0.933,physics,steady_state,-1
6553,5,overloading,0.917,physics,steady_state,-1
6554,5,overloading,0.51,physics,steady_state,-1
6555,5,overloading,0.792,physics,steady_state,-1
6556,5,overloading,0.789,physics,steady_state,-1
6557,5,overloading,0.549,physics,steady_state,-1
6558,5,overloading,0.549,physics,steady_state,-1
6559,5,overloading,0.857,physics,steady_state,-1
6560,5,overloading,0.862,physics,steady_state,-1
6561,5,overloading,0.822,physics,steady_state,-1
6562,5,overloading,0.694,physics,steady_state,-1
6563,5,overloading,0.629,physics,steady_state,-1
6564,5,overloading,0.691,physics,steady_state,-1
6565,5,overloading,0.526,physics,steady_state,-1
6566,5,overloading,0.933,physics,steady_state,-1
6567,5,overloading,0.784,physics,steady_state,-1
6568,5,overloading,0.512,physics,steady_state,-1
6569,5,overloading,0.557,physics,steady_state,-1
6570,5,overloading,0.932,physics,steady_state,-1
6571,5,overloading,0.96,physics,steady_state,-1
6572,5,overloading,0.735,physics,steady_state,-1
6573,5,overloading,0.9,physics,steady_state,-1
6574,5,overloading,0.822,physics,steady_state,-1
6575,5,overloading,0.596,physics,steady_state,-1
6576,5,overloading,0.546,physics,steady_state,-1
6577,5,overloading,0.748,physics,steady_state,-1
6578,5,overloading,0.596,physics,steady_state,-1
6579,5,overloading,0.83,physics,steady_state,-1
6580,5,overloading,0.549,physics,steady_state,-1
6581,5,overloading,0.945,physics,steady_state,-1
6582,5,overloading,0.517,physics,steady_state,-1
6583,5,overloading,0.665,physics,steady_state,-1
6584,5,overloading,0.965,physics,steady_state,-1
6585,5,overloading,0.644,physics,steady_state,-1
6586,5,overloading,0.541,physics,steady_state,-1
6587,5,overloading,0.79,physics,steady_state,-1
6588,5,overloading,0.864,physics,steady_state,-1
6589,5,overloading,0.888,physics,steady_state,-1
6590,5,overloading,0.753,physics,steady_state,-1
6591,5,overloading,0.756,physics,steady_state,-1
6592,5,overloading,0.991,physics,steady_state,-1
6593,5,overloading,0.916,physics,steady_state,-1
6594,5,overloading,0.728,physics,steady_state,-1
6595,5,overloading,0.991,physics,steady_state,-1
6596,5,overloading,0.528,physics,steady_state,-1
6597,5,overloading,0.643,physics,steady_state,-1
6598,5,overloading,0.765,physics,steady_state,-1
6599,5,overloading,0.743,physics,steady_state,-1
6600,5,overloading,0.858,physics,steady_state,-1
6601,5,overloading,0.928,physics,steady_state,-1
6602,5,overloading,0.73,physics,steady_state,-1
6603,5,overloading,0.59,physics,steady_state,-1
6604,5,overloading,0.936,physics,steady_state,-1
6605,5,overloading,0.889,physics,steady_state,-1
6606,5,overloading,0.556,physics,steady_state,-1
6607,5,overloading,0.588,physics,steady_state,-1
6608,5,overloading,0.81,physics,steady_state,-1
6609,5,overloading,0.825,physics,steady_state,-1
6610,5,overloading,0.894,physics,steady_state,-1
6611,5,overloading,0.943,physics,steady_state,-1
6612,5,overloading,0.722,physics,steady_state,-1
6613,5,overloading,0.604,physics,steady_state,-1
6614,5,overloading,0.751,physics,steady_state,-1
6615,5,overloading,0.954,physics,steady_state,-1
6616,5,overloading,0.933,physics,steady_state,-1
6617,5,overloading,0.916,physics,steady_state,-1
6618,5,overloading,0.704,physics,steady_state,-1
6619,5,overloading,0.825,physics,steady_state,-1
6620,5,overloading,0.591,physics,steady_state,-1
6621,5,overloading,0.533,physics,steady_state,-1
6622,5,overloading,0.83,physics,steady_state,-1
6623,5,overloading,0.663,physics,steady_state,-1
6624,5,overloading,0.645,physics,steady_state,-1
6625,5,overloading,0.851,physics,steady_state,-1
6626,5,overloading,0.845,physics,steady_state,-1
6627,5,overloading,0.603,physics,steady_state,-1
6628,5,overloading,0.569,physics,steady_state,-1
6629,5,overloading,0.612,physics,steady_state,-1
6630,5,overloading,0.931,physics,steady_state,-1
6631,5,overloading,0.837,physics,steady_state,-1
6632,5,overloading,0.627,physics,steady_state,-1
6633,5,overloading,0.707,physics,steady_state,-1
6634,5,overloading,0.613,physics,steady_state,-1
6635,5,overloading,0.509,physics,steady_state,-1
6636,5,overloading,0.811,physics,steady_state,-1
6637,5,overloading,0.818,physics,steady_state,-1
6638,5,overloading,0.603,physics,steady_state,-1
6639,5,overloading,0.942,physics,steady_state,-1
6640,5,overloading,0.889,physics,steady_state,-1
6641,5,overloading,0.67,physics,steady_state,-1
6642,5,overloading,0.976,physics,steady_state,-1
6643,5,overloading,0.791,physics,steady_state,-1
6644,5,overloading,0.729,physics,steady_state,-1
6645,5,overloading,0.97,physics,steady_state,-1
6646,5,overloading,0.939,physics,steady_state,-1
6647,5,overloading,0.528,physics,steady_state,-1
6648,5,overloading,0.629,physics,steady_state,-1
6649,5,overloading,0.692,physics,steady_state,-1
6650,5,overloading,0.575,physics,steady_state,-1
6651,5,overloading,0.864,physics,steady_state,-1
6652,5,overloading,0.523,physics,steady_state,-1
6653,5,overloading,0.831,physics,steady_state,-1
6654,5,overloading,0.798,physics,steady_state,-1
6655,5,overloading,0.586,physics,steady_state,-1
6656,5,overloading,0.725,physics,steady_state,-1
6657,5,overloading,0.932,physics,steady_state,-1
6658,5,overloading,0.914,physics,steady_state,-1
6659,5,overloading,0.935,physics,steady_state,-1
6660,5,overloading,0.604,physics,steady_state,-1
6661,5,overloading,0.692,physics,steady_state,-1
6662,5,overloading,0.506,physics,steady_state,-1
6663,5,overloading,0.751,physics,steady_state,-1
6664,5,overloading,0.7,physics,steady_state,-1
6665,5,overloading,0.847,physics,steady_state,-1
6666,5,overloading,0.943,physics,steady_state,-1
6667,5,overloading,0.968,physics,steady_state,-1
6668,5,overloading,0.699,physics,steady_state,-1
6669,5,overloading,0.896,physics,steady_state,-1
6670,5,overloading,0.979,physics,steady_state,-1
6671,5,overloading,0.762,physics,steady_state,-1
6672,5,overloading,0.64,physics,steady_state,-1
6673,5,overloading,0.606,physics,steady_state,-1
6674,5,overloading,0.584,physics,steady_state,-1
6675,5,overloading,0.57,physics,steady_state,-1
6676,5,overloading,0.711,physics,steady_state,-1
6677,5,overloading,0.722,physics,steady_state,-1
6678,5,overloading,0.519,physics,steady_state,-1
6679,5,overloading,0.504,physics,steady_state,-1
6680,5,overloading,0.637,physics,steady_state,-1
6681,5,overloading,0.588,physics,steady_state,-1
6682,5,overloading,0.691,physics,steady_state,-1
6683,5,overloading,0.906,physics,steady_state,-1
6684,5,overloading,0.643,physics,steady_state,-1
6685,5,overloading,0.694,physics,steady_state,-1
6686,5,overloading,0.709,physics,steady_state,-1
6687,5,overloading,0.607,physics,steady_state,-1
6688,5,overloading,0.68,physics,steady_state,-1
6689,5,overloading,0.756,physics,steady_state,-1
6690,5,overloading,0.511,physics,steady_state,-1
6691,5,overloading,0.872,physics,steady_state,-1
6692,5,overloading,0.902,physics,steady_state,-1
6693,5,overloading,0.603,physics,steady_state,-1
6694,5,overloading,0.639,physics,steady_state,-1
6695,5,overloading,0.913,physics,steady_state,-1
6696,5,overloading,0.797,physics,steady_state,-1
6697,5,overloading,0.795,physics,steady_state,-1
6698,5,overloading,0.856,physics,steady_state,-1
6699,5,overloading,0.88,physics,steady_state,-1
6700,5,overloading,0.62,physics,steady_state,-1
6701,5,overloading,0.709,physics,steady_state,-1
6702,5,overloading,0.693,physics,steady_state,-1
6703,5,overloading,0.791,physics,steady_state,-1
6704,5,overloading,0.533,physics,steady_state,-1
6705,5,overloading,0.955,physics,steady_state,-1
6706,5,overloading,0.627,physics,steady_state,-1
6707,5,overloading,0.868,physics,steady_state,-1
6708,5,overloading,0.539,physics,steady_state,-1
6709,5,overloading,0.803,physics,steady_state,-1
6710,5,overloading,0.539,physics,steady_state,-1
6711,5,overloading,0.652,physics,steady_state,-1
6712,5,overloading,0.528,physics,steady_state,-1
6713,5,overloading,0.952,physics,steady_state,-1
6714,5,overloading,0.668,physics,steady_state,-1
6715,5,overloading,0.74,physics,steady_state,-1
6716,5,overloading,0.573,physics,steady_state,-1
6717,5,overloading,0.924,physics,steady_state,-1
6718,5,overloading,0.87,physics,steady_state,-1
6719,5,overloading,0.725,physics,steady_state,-1
6720,5,overloading,0.873,physics,steady_state,-1
6721,5,overloading,0.556,physics,steady_state,-1
6722,5,overloading,0.844,physics,steady_state,-1
6723,5,overloading,0.979,physics,steady_state,-1
6724,5,overloading,0.729,physics,steady_state,-1
6725,5,overloading,0.951,physics,steady_state,-1
6726,5,overloading,0.716,physics,steady_state,-1
6727,5,overloading,0.65,physics,steady_state,-1
6728,5,overloading,0.745,physics,steady_state,-1
6729,5,overloading,0.654,physics,steady_state,-1
6730,5,overloading,0.724,physics,steady_state,-1
6731,5,overloading,0.853,physics,steady_state,-1
6732,5,overloading,0.773,physics,steady_state,-1
6733,5,overloading,0.528,physics,steady_state,-1
6734,5,overloading,0.608,physics,steady_state,-1
6735,5,overloading,0.615,physics,steady_state,-1
6736,5,overloading,0.532,physics,steady_state,-1
6737,5,overloading,0.647,physics,steady_state,-1
6738,5,overloading,0.557,physics,steady_state,-1
6739,5,overloading,0.611,physics,steady_state,-1
6740,5,overloading,0.67,physics,steady_state,-1
6741,5,overloading,0.802,physics,steady_state,-1
6742,5,overloading,0.581,physics,steady_state,-1
6743,5,overloading,0.934,physics,steady_state,-1
6744,5,overloading,0.599,physics,steady_state,-1
6745,5,overloading,0.984,physics,steady_state,-1
6746,5,overloading,0.707,physics,steady_state,-1
6747,5,overloading,0.633,physics,steady_state,-1
6748,5,overloading,0.965,physics,steady_state,-1
6749,5,overloading,0.569,physics,steady_state,-1
6750,5,overloading,0.635,physics,steady_state,-1
6751,5,overloading,0.749,physics,steady_state,-1
6752,5,overloading,0.629,physics,steady_state,-1
6753,5,overloading,0.912,physics,steady_state,-1
6754,5,overloading,0.563,physics,steady_state,-1
6755,5,overloading,0.624,physics,steady_state,-1
6756,5,overloading,0.62,physics,steady_state,-1
6757,5,overloading,0.606,physics,steady_state,-1
6758,5,overloading,0.816,physics,steady_state,-1
6759,5,overloading,0.652,physics,steady_state,-1
6760,5,overloading,0.897,physics,steady_state,-1
6761,5,overloading,0.917,physics,steady_state,-1
6762,5,overloading,0.877,physics,steady_state,-1
6763,5,overloading,0.693,physics,steady_state,-1
6764,5,overloading,0.515,physics,steady_state,-1
6765,5,overloading,0.685,physics,steady_state,-1
6766,5,overloading,0.698,physics,steady_state,-1
6767,5,overloading,0.818,physics,steady_state,-1
6768,5,overloading,0.821,physics,steady_state,-1
6769,5,overloading,0.832,physics,steady_state,-1
6770,5,overloading,0.84,physics,steady_state,-1
6771,5,overloading,0.822,physics,steady_state,-1
6772,5,overloading,0.769,physics,steady_state,-1
6773,5,overloading,0.986,physics,steady_state,-1
6774,5,overloading,0.569,physics,steady_state,-1
6775,5,overloading,0.854,physics,steady_state,-1
6776,5,overloading,0.964,physics,steady_state,-1
6777,5,overloading,0.795,physics,steady_state,-1
6778,5,overloading,0.752,physics,steady_state,-1
6779,5,overloading,0.878,physics,steady_state,-1
6780,5,overloading,0.505,physics,steady_state,-1
6781,5,overloading,0.822,physics,steady_state,-1
6782,5,overloading,0.585,physics,steady_state,-1
6783,5,overloading,0.543,physics,steady_state,-1
6784,5,overloading,0.862,physics,steady_state,-1
6785,5,overloading,0.527,physics,steady_state,-1
6786,5,overloading,0.603,physics,steady_state,-1
6787,5,overloading,0.914,physics,steady_state,-1
6788,5,overloading,0.863,physics,steady_state,-1
6789,5,overloading,0.912,physics,steady_state,-1
6790,5,overloading,0.961,physics,steady_state,-1
6791,5,overloading,0.684,physics,steady_state,-1
6792,5,overloading,0.51,physics,steady_state,-1
6793,5,overloading,0.76,physics,steady_state,-1
6794,5,overloading,0.826,physics,steady_state,-1
6795,5,overloading,0.645,physics,steady_state,-1
6796,5,overloading,0.843,physics,steady_state,-1
6797,5,overloading,0.552,physics,steady_state,-1
6798,5,overloading,0.506,physics,steady_state,-1
6799,5,overloading,0.642,physics,steady_state,-1
6800,5,overloading,0.807,physics,steady_state,-1
6801,5,overloading,0.884,physics,steady_state,-1
6802,5,overloading,0.886,physics,steady_state,-1
6803,5,overloading,0.849,physics,steady_state,-1
6804,5,overloading,0.797,physics,steady_state,-1
6805,5,overloading,0.867,physics,steady_state,-1
6806,5,overloading,0.816,physics,steady_state,-1
6807,5,overloading,0.502,physics,steady_state,-1
6808,5,overloading,0.816,physics,steady_state,-1
6809,5,overloading,0.503,physics,steady_state,-1
6810,5,overloading,0.561,physics,steady_state,-1
6811,5,overloading,0.771,physics,steady_state,-1
6812,5,overloading,0.692,physics,steady_state,-1
6813,5,overloading,0.946,physics,steady_state,-1
6814,5,overloading,0.924,physics,steady_state,-1
6815,5,overloading,0.996,physics,steady_state,-1
6816,5,overloading,0.712,physics,steady_state,-1
6817,5,overloading,0.81,physics,steady_state,-1
6818,5,overloading,0.814,physics,steady_state,-1
6819,5,overloading,0.631,physics,steady_state,-1
6820,5,overloading,0.667,physics,steady_state,-1
6821,5,overloading,0.81,physics,steady_state,-1
6822,5,overloading,0.667,physics,steady_state,-1
6823,5,overloading,0.861,physics,steady_state,-1
6824,5,overloading,0.972,physics,steady_state,-1
6825,5,overloading,0.888,physics,steady_state,-1
6826,5,overloading,0.592,physics,steady_state,-1
6827,5,overloading,0.848,physics,steady_state,-1
6828,5,overloading,0.612,physics,steady_state,-1
6829,5,overloading,0.749,physics,steady_state,-1
6830,5,overloading,0.611,physics,steady_state,-1
6831,5,overloading,0.616,physics,steady_state,-1
6832,5,overloading,0.903,physics,steady_state,-1
6833,5,overloading,0.772,physics,steady_state,-1
6834,5,overloading,0.588,physics,steady_state,-1
6835,5,overloading,0.835,physics,steady_state,-1
6836,5,overloading,0.551,physics,steady_state,-1
6837,5,overloading,0.626,physics,steady_state,-1
6838,5,overloading,0.621,physics,steady_state,-1
6839,5,overloading,0.691,physics,steady_state,-1
6840,5,overloading,0.929,physics,steady_state,-1
6841,5,overloading,0.963,physics,steady_state,-1
6842,5,overloading,0.502,physics,steady_state,-1
6843,5,overloading,0.508,physics,steady_state,-1
6844,5,overloading,0.589,physics,steady_state,-1
6845,5,overloading,0.886,physics,steady_state,-1
6846,5,overloading,0.965,physics,steady_state,-1
6847,5,overloading,0.946,physics,steady_state,-1
6848,5,overloading,0.689,physics,steady_state,-1
6849,5,overloading,0.73,physics,steady_state,-1
6850,5,overloading,0.907,physics,steady_state,-1
6851,5,overloading,0.722,physics,steady_state,-1
6852,5,overloading,0.645,physics,steady_state,-1
6853,5,overloading,0.732,physics,steady_state,-1
6854,5,overloading,0.929,physics,steady_state,-1
6855,5,overloading,0.767,physics,steady_state,-1
6856,5,overloading,0.834,physics,steady_state,-1
6857,5,overloading,0.861,physics,steady_state,-1
6858,5,overloading,0.708,physics,steady_state,-1
6859,5,overloading,0.874,physics,steady_state,-1
6860,5,overloading,0.687,physics,steady_state,-1
6861,5,overloading,0.538,physics,steady_state,-1
6862,5,overloading,0.769,physics,steady_state,-1
6863,5,overloading,0.624,physics,steady_state,-1
6864,5,overloading,0.751,physics,steady_state,-1
6865,5,overloading,0.742,physics,steady_state,-1
6866,5,overloading,0.631,physics,steady_state,-1
6867,5,overloading,0.674,physics,steady_state,-1
6868,5,overloading,0.57,physics,steady_state,-1
6869,5,overloading,0.57,physics,steady_state,-1
6870,5,overloading,0.537,physics,steady_state,-1
6871,5,overloading,0.949,physics,steady_state,-1
6872,5,overloading,0.764,physics,steady_state,-1
6873,5,overloading,0.611,physics,steady_state,-1
6874,5,overloading,0.862,physics,steady_state,-1
6875,5,overloading,0.629,physics,steady_state,-1
6876,5,overloading,0.682,physics,steady_state,-1
6877,5,overloading,0.613,physics,steady_state,-1
6878,5,overloading,0.621,physics,steady_state,-1
6879,5,overloading,0.511,physics,steady_state,-1
6880,5,overloading,0.928,physics,steady_state,-1
6881,5,overloading,0.947,physics,steady_state,-1
6882,5,overloading,0.519,physics,steady_state,-1
6883,5,overloading,0.506,physics,steady_state,-1
6884,5,overloading,0.713,physics,steady_state,-1
6885,5,overloading,0.965,physics,steady_state,-1
6886,5,overloading,0.902,physics,steady_state,-1
6887,5,overloading,0.686,physics,steady_state,-1
6888,5,overloading,0.606,physics,steady_state,-1
6889,5,overloading,0.599,physics,steady_state,-1
6890,5,overloading,0.819,physics,steady_state,-1
6891,5,overloading,0.575,physics,steady_state,-1
6892,5,overloading,0.609,physics,steady_state,-1
6893,5,overloading,0.81,physics,steady_state,-1
6894,5,overloading,0.555,physics,steady_state,-1
6895,5,overloading,0.847,physics,steady_state,-1
6896,5,overloading,0.792,physics,steady_state,-1
6897,5,overloading,0.79,physics,steady_state,-1
6898,5,overloading,0.737,physics,steady_state,-1
6899,5,overloading,0.591,physics,steady_state,-1
6900,5,overloading,0.513,physics,steady_state,-1
6901,5,overloading,0.851,physics,steady_state,-1
6902,5,overloading,0.809,physics,steady_state,-1
6903,5,overloading,0.559,physics,steady_state,-1
6904,5,overloading,0.868,physics,steady_state,-1
6905,5,overloading,0.947,physics,steady_state,-1
6906,5,overloading,0.532,physics,steady_state,-1
6907,5,overloading,0.546,physics,steady_state,-1
6908,5,overloading,0.906,physics,steady_state,-1
6909,5,overloading,0.853,physics,steady_state,-1
6910,5,overloading,0.836,physics,steady_state,-1
6911,5,overloading,0.921,physics,steady_state,-1
6912,5,overloading,0.834,physics,steady_state,-1
6913,5,overloading,0.897,physics,steady_state,-1
6914,5,overloading,0.541,physics,steady_state,-1
6915,5,overloading,0.505,physics,steady_state,-1
6916,5,overloading,0.653,physics,steady_state,-1
6917,5,overloading,0.529,physics,steady_state,-1
6918,5,overloading,0.911,physics,steady_state,-1
6919,5,overloading,0.872,physics,steady_state,-1
6920,5,overloading,0.546,physics,steady_state,-1
6921,5,overloading,0.585,physics,steady_state,-1
6922,5,overloading,0.725,physics,steady_state,-1
6923,5,overloading,0.607,physics,steady_state,-1
6924,5,overloading,0.822,physics,steady_state,-1
6925,5,overloading,0.533,physics,steady_state,-1
6926,5,overloading,0.572,physics,steady_state,-1
6927,5,overloading,0.924,physics,steady_state,-1
6928,5,overloading,0.805,physics,steady_state,-1
6929,5,overloading,0.933,physics,steady_state,-1
6930,5,overloading,0.833,physics,steady_state,-1
6931,5,overloading,0.551,physics,steady_state,-1
6932,5,overloading,0.532,physics,steady_state,-1
6933,5,overloading,0.689,physics,steady_state,-1
6934,5,overloading,0.529,physics,steady_state,-1
6935,5,overloading,0.595,physics,steady_state,-1
6936,5,overloading,0.788,physics,steady_state,-1
6937,5,overloading,0.732,physics,steady_state,-1
6938,5,overloading,0.794,physics,steady_state,-1
6939,5,overloading,0.784,physics,steady_state,-1
6940,5,overloading,0.685,physics,steady_state,-1
6941,5,overloading,0.527,physics,steady_state,-1
6942,5,overloading,0.509,physics,steady_state,-1
6943,5,overloading,0.678,physics,steady_state,-1
6944,5,overloading,0.787,physics,steady_state,-1
6945,5,overloading,0.657,physics,steady_state,-1
6946,5,overloading,0.586,physics,steady_state,-1
6947,5,overloading,0.941,physics,steady_state,-1
6948,5,overloading,0.657,physics,steady_state,-1
6949,5,overloading,0.953,physics,steady_state,-1
6950,5,overloading,0.642,physics,steady_state,-1
6951,5,overloading,0.652,physics,steady_state,-1
6952,5,overloading,0.555,physics,steady_state,-1
6953,5,overloading,0.846,physics,steady_state,-1
6954,5,overloading,0.708,physics,steady_state,-1
6955,5,overloading,0.551,physics,steady_state,-1
6956,5,overloading,0.998,physics,steady_state,-1
6957,5,overloading,0.727,physics,steady_state,-1
6958,5,overloading,0.519,physics,steady_state,-1
6959,5,overloading,0.645,physics,steady_state,-1
6960,5,overloading,0.775,physics,steady_state,-1
6961,5,overloading,0.965,physics,steady_state,-1
6962,5,overloading,0.86,physics,steady_state,-1
6963,5,overloading,0.866,physics,steady_state,-1
6964,5,overloading,0.547,physics,steady_state,-1
6965,5,overloading,0.812,physics,steady_state,-1
6966,5,overloading,0.843,physics,steady_state,-1
6967,5,overloading,0.715,physics,steady_state,-1
6968,5,overloading,0.816,physics,steady_state,-1
6969,5,overloading,0.634,physics,steady_state,-1
6970,5,overloading,0.813,physics,steady_state,-1
6971,5,overloading,0.852,physics,steady_state,-1
6972,5,overloading,0.653,physics,steady_state,-1
6973,5,overloading,0.837,physics,steady_state,-1
6974,5,overloading,0.592,physics,steady_state,-1
6975,5,overloading,0.674,physics,steady_state,-1
6976,5,overloading,0.814,physics,steady_state,-1
6977,5,overloading,0.716,physics,steady_state,-1
6978,5,overloading,0.57,physics,steady_state,-1
6979,5,overloading,0.551,physics,steady_state,-1
6980,5,overloading,0.885,physics,steady_state,-1
6981,5,overloading,0.588,physics,steady_state,-1
6982,5,overloading,0.774,physics,steady_state,-1
6983,5,overloading,0.691,physics,steady_state,-1
6984,5,overloading,0.637,physics,steady_state,-1
6985,5,overloading,0.874,physics,steady_state,-1
6986,5,overloading,0.965,physics,steady_state,-1
6987,5,overloading,0.855,physics,steady_state,-1
6988,5,overloading,0.632,physics,steady_state,-1
6989,5,overloading,0.634,physics,steady_state,-1
6990,5,overloading,0.97,physics,steady_state,-1
6991,5,overloading,0.718,physics,steady_state,-1
6992,5,overloading,0.937,physics,steady_state,-1
6993,5,overloading,0.778,physics,steady_state,-1
6994,5,overloading,0.645,physics,steady_state,-1
6995,5,overloading,0.747,physics,steady_state,-1
6996,5,overloading,0.726,physics,steady_state,-1
6997,5,overloading,0.774,physics,steady_state,-1
6998,5,overloading,0.908,physics,steady_state,-1
6999,5,overloading,0.864,physics,steady_state,-1
7000,5,overloading,0.791,physics,steady_state,-1
7001,5,overloading,0.552,physics,steady_state,-1
7002,5,overloading,0.694,physics,steady_state,-1
7003,5,overloading,0.766,physics,steady_state,-1
7004,5,overloading,0.954,physics,steady_state,-1
7005,5,overloading,0.615,physics,steady_state,-1
7006,5,overloading,0.911,physics,steady_state,-1
7007,5,overloading,0.703,physics,steady_state,-1
7008,5,overloading,0.626,physics,steady_state,-1
7009,5,overloading,0.887,physics,steady_state,-1
7010,5,overloading,0.943,physics,steady_state,-1
7011,5,overloading,0.873,physics,steady_state,-1
7012,5,overloading,0.81,physics,steady_state,-1
7013,5,overloading,0.999,physics,steady_state,-1
7014,5,overloading,0.833,physics,steady_state,-1
7015,5,overloading,0.59,physics,steady_state,-1
7016,5,overloading,0.597,physics,steady_state,-1
7017,5,overloading,0.66,physics,steady_state,-1
7018,5,overloading,0.884,physics,steady_state,-1
7019,5,overloading,0.838,physics,steady_state,-1
7020,5,overloading,0.829,physics,steady_state,-1
7021,5,overloading,0.659,physics,steady_state,-1
7022,5,overloading,0.666,physics,steady_state,-1
7023,5,overloading,0.709,physics,steady_state,-1
7024,5,overloading,0.686,physics,steady_state,-1
7025,5,overloading,0.842,physics,steady_state,-1
7026,5,overloading,0.914,physics,steady_state,-1
7027,5,overloading,0.736,physics,steady_state,-1
7028,5,overloading,0.726,physics,steady_state,-1
7029,5,overloading,0.568,physics,steady_state,-1
7030,5,overloading,0.782,physics,steady_state,-1
7031,5,overloading,0.998,physics,steady_state,-1
7032,5,overloading,0.755,physics,steady_state,-1
7033,5,overloading,0.526,physics,steady_state,-1
7034,5,overloading,0.919,physics,steady_state,-1
7035,5,overloading,0.765,physics,steady_state,-1
7036,5,overloading,0.94,physics,steady_state,-1
7037,5,overloading,0.965,physics,steady_state,-1
7038,5,overloading,0.804,physics,steady_state,-1
7039,5,overloading,0.834,physics,steady_state,-1
7040,5,overloading,0.79,physics,steady_state,-1
7041,5,overloading,0.708,physics,steady_state,-1
7042,5,overloading,0.951,physics,steady_state,-1
7043,5,overloading,0.976,physics,steady_state,-1
7044,5,overloading,0.545,physics,steady_state,-1
7045,5,overloading,0.628,physics,steady_state,-1
7046,5,overloading,0.796,physics,steady_state,-1
7047,5,overloading,0.897,physics,steady_state,-1
7048,5,overloading,0.658,physics,steady_state,-1
7049,5,overloading,0.522,physics,steady_state,-1
7050,5,overloading,0.701,physics,steady_state,-1
7051,5,overloading,0.613,physics,steady_state,-1
7052,5,overloading,0.906,physics,steady_state,-1
7053,5,overloading,0.818,physics,steady_state,-1
7054,5,overloading,0.609,physics,steady_state,-1
7055,5,overloading,0.609,physics,steady_state,-1
7056,5,overloading,0.708,physics,steady_state,-1
7057,5,overloading,0.521,physics,steady_state,-1
7058,5,overloading,0.573,physics,steady_state,-1
7059,5,overloading,0.553,physics,steady_state,-1
7060,5,overloading,0.696,physics,steady_state,-1
7061,5,overloading,0.854,physics,steady_state,-1
7062,5,overloading,0.966,physics,steady_state,-1
7063,5,overloading,0.542,physics,steady_state,-1
7064,5,overloading,0.723,physics,steady_state,-1
7065,5,overloading,0.593,physics,steady_state,-1
7066,5,overloading,0.593,physics,steady_state,-1
7067,5,overloading,0.584,physics,steady_state,-1
7068,5,overloading,0.948,physics,steady_state,-1
7069,5,overloading,0.826,physics,steady_state,-1
7070,5,overloading,0.559,physics,steady_state,-1
7071,5,overloading,0.576,physics,steady_state,-1
7072,5,overloading,0.979,physics,steady_state,-1
7073,5,overloading,0.53,physics,steady_state,-1
7074,5,overloading,0.885,physics,steady_state,-1
7075,5,overloading,0.957,physics,steady_state,-1
7076,5,overloading,0.852,physics,steady_state,-1
7077,5,overloading,0.595,physics,steady_state,-1
7078,5,overloading,0.853,physics,steady_state,-1
7079,5,overloading,0.581,physics,steady_state,-1
7080,5,overloading,0.93,physics,steady_state,-1
7081,5,overloading,0.732,physics,steady_state,-1
7082,5,overloading,0.783,physics,steady_state,-1
7083,5,overloading,0.673,physics,steady_state,-1
7084,5,overloading,0.503,physics,steady_state,-1
7085,5,overloading,0.66,physics,steady_state,-1
7086,5,overloading,0.651,physics,steady_state,-1
7087,5,overloading,0.861,physics,steady_state,-1
7088,5,overloading,0.628,physics,steady_state,-1
7089,5,overloading,0.635,physics,steady_state,-1
7090,5,overloading,0.83,physics,steady_state,-1
7091,5,overloading,0.8,physics,steady_state,-1
7092,5,overloading,0.551,physics,steady_state,-1
7093,5,overloading,0.745,physics,steady_state,-1
7094,5,overloading,0.734,physics,steady_state,-1
7095,5,overloading,0.893,physics,steady_state,-1
7096,5,overloading,0.549,physics,steady_state,-1
7097,5,overloading,0.537,physics,steady_state,-1
7098,5,overloading,0.695,physics,steady_state,-1
7099,5,overloading,0.874,physics,steady_state,-1
7100,5,overloading,0.589,physics,steady_state,-1
7101,5,overloading,0.866,physics,steady_state,-1
7102,5,overloading,0.765,physics,steady_state,-1
7103,5,overloading,0.98,physics,steady_state,-1
7104,5,overloading,0.735,physics,steady_state,-1
7105,5,overloading,0.658,physics,steady_state,-1
7106,5,overloading,0.757,physics,steady_state,-1
7107,5,overloading,0.779,physics,steady_state,-1
7108,5,overloading,0.844,physics,steady_state,-1
7109,5,overloading,0.831,physics,steady_state,-1
7110,5,overloading,0.605,physics,steady_state,-1
7111,5,overloading,0.915,physics,steady_state,-1
7112,5,overloading,0.926,physics,steady_state,-1
7113,5,overloading,0.88,physics,steady_state,-1
7114,5,overloading,0.502,physics,steady_state,-1
7115,5,overloading,0.663,physics,steady_state,-1
7116,5,overloading,0.512,physics,steady_state,-1
7117,5,overloading,0.793,physics,steady_state,-1
7118,5,overloading,0.817,physics,steady_state,-1
7119,5,overloading,0.879,physics,steady_state,-1
7120,5,overloading,0.56,physics,steady_state,-1
7121,5,overloading,0.951,physics,steady_state,-1
7122,5,overloading,0.73,physics,steady_state,-1
7123,5,overloading,0.518,physics,steady_state,-1
7124,5,overloading,0.982,physics,steady_state,-1
7125,5,overloading,0.512,physics,steady_state,-1
7126,5,overloading,0.652,physics,steady_state,-1
7127,5,overloading,0.565,physics,steady_state,-1
7128,5,overloading,1.0,physics,steady_state,-1
7129,5,overloading,0.879,physics,steady_state,-1
7130,5,overloading,0.954,physics,steady_state,-1
7131,5,overloading,0.955,physics,steady_state,-1
7132,5,overloading,0.595,physics,steady_state,-1
7133,5,overloading,0.753,physics,steady_state,-1
7134,5,overloading,0.537,physics,steady_state,-1
7135,5,overloading,0.99,physics,steady_state,-1
7136,5,overloading,0.601,physics,steady_state,-1
7137,5,overloading,0.74,physics,steady_state,-1
7138,5,overloading,0.712,physics,steady_state,-1
7139,5,overloading,0.862,physics,steady_state,-1
7140,5,overloading,0.857,physics,steady_state,-1
7141,5,overloading,0.974,physics,steady_state,-1
7142,5,overloading,0.682,physics,steady_state,-1
7143,5,overloading,0.749,physics,steady_state,-1
7144,5,overloading,0.9,physics,steady_state,-1
7145,5,overloading,0.767,physics,steady_state,-1
7146,5,overloading,0.793,physics,steady_state,-1
7147,5,overloading,0.996,physics,steady_state,-1
7148,5,overloading,0.871,physics,steady_state,-1
7149,5,overloading,0.774,physics,steady_state,-1
7150,5,overloading,0.801,physics,steady_state,-1
7151,5,overloading,0.85,physics,steady_state,-1
7152,5,overloading,0.639,physics,steady_state,-1
7153,5,overloading,0.625,physics,steady_state,-1
7154,5,overloading,0.924,physics,steady_state,-1
7155,5,overloading,0.879,physics,steady_state,-1
7156,5,overloading,0.819,physics,steady_state,-1
7157,5,overloading,0.862,physics,steady_state,-1
7158,5,overloading,0.708,physics,steady_state,-1
7159,5,overloading,0.924,physics,steady_state,-1
7160,5,overloading,0.878,physics,steady_state,-1
7161,5,overloading,0.866,physics,steady_state,-1
7162,5,overloading,0.968,physics,steady_state,-1
7163,5,overloading,0.903,physics,steady_state,-1
7164,5,overloading,0.66,physics,steady_state,-1
7165,5,overloading,0.883,physics,steady_state,-1
7166,5,overloading,0.541,physics,steady_state,-1
7167,5,overloading,0.961,physics,steady_state,-1
7168,5,overloading,0.709,physics,steady_state,-1
7169,5,overloading,0.977,physics,steady_state,-1
7170,5,overloading,0.99,physics,steady_state,-1
7171,5,overloading,0.903,physics,steady_state,-1
7172,5,overloading,0.993,physics,steady_state,-1
7173,5,overloading,0.982,physics,steady_state,-1
7174,5,overloading,0.644,physics,steady_state,-1
7175,5,overloading,0.783,physics,steady_state,-1
7176,5,overloading,0.678,physics,steady_state,-1
7177,5,overloading,0.555,physics,steady_state,-1
7178,5,overloading,0.588,physics,steady_state,-1
7179,5,overloading,0.757,physics,steady_state,-1
7180,5,overloading,0.822,physics,steady_state,-1
7181,5,overloading,0.863,physics,steady_state,-1
7182,5,overloading,0.541,physics,steady_state,-1
7183,5,overloading,0.896,physics,steady_state,-1
7184,5,overloading,0.707,physics,steady_state,-1
7185,5,overloading,0.675,physics,steady_state,-1
7186,5,overloading,0.603,physics,steady_state,-1
7187,5,overloading,0.585,physics,steady_state,-1
7188,5,overloading,0.852,physics,steady_state,-1
7189,5,overloading,0.592,physics,steady_state,-1
7190,5,overloading,0.939,physics,steady_state,-1
7191,5,overloading,0.522,physics,steady_state,-1
7192,5,overloading,0.597,physics,steady_state,-1
7193,5,overloading,0.638,physics,steady_state,-1
7194,5,overloading,0.746,physics,steady_state,-1
7195,5,overloading,0.816,physics,steady_state,-1
7196,5,overloading,0.978,physics,steady_state,-1
7197,5,overloading,0.693,physics,steady_state,-1
7198,5,overloading,0.865,physics,steady_state,-1
7199,5,overloading,0.806,physics,steady_state,-1
7200,6,sensor_failure,0.954,physics,startup,-1
7201,6,sensor_failure,0.65,physics,high_load,-1
7202,6,sensor_failure,0.955,physics,cooldown,-1
7203,6,sensor_failure,0.415,physics,startup,-1
7204,6,sensor_failure,0.567,physics,startup,-1
7205,6,sensor_failure,0.54,physics,high_load,-1
7206,6,sensor_failure,0.323,physics,startup,-1
7207,6,sensor_failure,0.998,physics,high_load,-1
7208,6,sensor_failure,0.951,physics,steady_state,-1
7209,6,sensor_failure,0.526,physics,startup,-1
7210,6,sensor_failure,0.88,physics,cooldown,-1
7211,6,sensor_failure,0.716,physics,high_load,-1
7212,6,sensor_failure,0.461,physics,steady_state,-1
7213,6,sensor_failure,0.401,physics,cooldown,-1
7214,6,sensor_failure,0.307,physics,cooldown,-1
7215,6,sensor_failure,0.435,physics,cooldown,-1
7216,6,sensor_failure,0.331,physics,startup,-1
7217,6,sensor_failure,0.778,physics,steady_state,-1
7218,6,sensor_failure,0.69,physics,high_load,-1
7219,6,sensor_failure,0.475,physics,cooldown,-1
7220,6,sensor_failure,0.762,physics,steady_state,-1
7221,6,sensor_failure,0.997,physics,steady_state,-1
7222,6,sensor_failure,0.994,physics,high_load,-1
7223,6,sensor_failure,0.556,physics,high_load,-1
7224,6,sensor_failure,0.336,physics,startup,-1
7225,6,sensor_failure,0.584,physics,high_load,-1
7226,6,sensor_failure,0.278,physics,steady_state,-1
7227,6,sensor_failure,0.73,physics,steady_state,-1
7228,6,sensor_failure,0.55,physics,startup,-1
7229,6,sensor_failure,0.845,physics,steady_state,-1
7230,6,sensor_failure,0.672,physics,steady_state,-1
7231,6,sensor_failure,0.415,physics,high_load,-1
7232,6,sensor_failure,0.295,physics,steady_state,-1
7233,6,sensor_failure,0.806,physics,cooldown,-1
7234,6,sensor_failure,0.258,physics,cooldown,-1
7235,6,sensor_failure,0.967,physics,startup,-1
7236,6,sensor_failure,0.676,physics,cooldown,-1
7237,6,sensor_failure,0.805,physics,startup,-1
7238,6,sensor_failure,0.635,physics,cooldown,-1
7239,6,sensor_failure,0.593,physics,cooldown,-1
7240,6,sensor_failure,0.212,physics,startup,-1
7241,6,sensor_failure,0.734,physics,cooldown,-1
7242,6,sensor_failure,0.303,physics,cooldown,-1
7243,6,sensor_failure,0.737,physics,steady_state,-1
7244,6,sensor_failure,0.803,physics,steady_state,-1
7245,6,sensor_failure,0.365,physics,high_load,-1
7246,6,sensor_failure,0.764,physics,steady_state,-1
7247,6,sensor_failure,0.434,physics,high_load,-1
7248,6,sensor_failure,0.81,physics,high_load,-1
7249,6,sensor_failure,0.685,physics,steady_state,-1
7250,6,sensor_failure,0.589,physics,steady_state,-1
7251,6,sensor_failure,0.447,physics,startup,-1
7252,6,sensor_failure,0.675,physics,high_load,-1
7253,6,sensor_failure,0.763,physics,startup,-1
7254,6,sensor_failure,0.809,physics,high_load,-1
7255,6,sensor_failure,0.39,physics,startup,-1
7256,6,sensor_failure,0.715,physics,steady_state,-1
7257,6,sensor_failure,0.925,physics,cooldown,-1
7258,6,sensor_failure,0.379,physics,high_load,-1
7259,6,sensor_failure,0.2,physics,steady_state,-1
7260,6,sensor_failure,0.604,physics,cooldown,-1
7261,6,sensor_failure,0.475,physics,high_load,-1
7262,6,sensor_failure,0.753,physics,steady_state,-1
7263,6,sensor_failure,0.323,physics,cooldown,-1
7264,6,sensor_failure,0.344,physics,high_load,-1
7265,6,sensor_failure,0.961,physics,startup,-1
7266,6,sensor_failure,0.417,physics,cooldown,-1
7267,6,sensor_failure,0.412,physics,cooldown,-1
7268,6,sensor_failure,0.298,physics,high_load,-1
7269,6,sensor_failure,0.21,physics,startup,-1
7270,6,sensor_failure,0.445,physics,steady_state,-1
7271,6,sensor_failure,0.522,physics,startup,-1
7272,6,sensor_failure,0.505,physics,cooldown,-1
7273,6,sensor_failure,0.487,physics,cooldown,-1
7274,6,sensor_failure,0.37,physics,startup,-1
7275,6,sensor_failure,0.252,physics,steady_state,-1
7276,6,sensor_failure,0.265,physics,steady_state,-1
7277,6,sensor_failure,0.46,physics,high_load,-1
7278,6,sensor_failure,0.825,physics,high_load,-1
7279,6,sensor_failure,0.416,physics,startup,-1
7280,6,sensor_failure,0.325,physics,high_load,-1
7281,6,sensor_failure,0.597,physics,steady_state,-1
7282,6,sensor_failure,0.293,physics,high_load,-1
7283,6,sensor_failure,0.783,physics,steady_state,-1
7284,6,sensor_failure,0.616,physics,steady_state,-1
7285,6,sensor_failure,0.592,physics,high_load,-1
7286,6,sensor_failure,0.597,physics,high_load,-1
7287,6,sensor_failure,0.964,physics,startup,-1
7288,6,sensor_failure,0.27,physics,steady_state,-1
7289,6,sensor_failure,0.871,physics,startup,-1
7290,6,sensor_failure,0.777,physics,cooldown,-1
7291,6,sensor_failure,0.715,physics,cooldown,-1
7292,6,sensor_failure,0.986,physics,cooldown,-1
7293,6,sensor_failure,0.251,physics,startup,-1
7294,6,sensor_failure,0.662,physics,startup,-1
7295,6,sensor_failure,0.369,physics,startup,-1
7296,6,sensor_failure,0.919,physics,cooldown,-1
7297,6,sensor_failure,0.567,physics,steady_state,-1
7298,6,sensor_failure,0.873,physics,startup,-1
7299,6,sensor_failure,0.474,physics,startup,-1
7300,6,sensor_failure,0.467,physics,steady_state,-1
7301,6,sensor_failure,0.943,physics,high_load,-1
7302,6,sensor_failure,0.289,physics,startup,-1
7303,6,sensor_failure,0.412,physics,startup,-1
7304,6,sensor_failure,0.423,physics,cooldown,-1
7305,6,sensor_failure,0.624,physics,startup,-1
7306,6,sensor_failure,0.99,physics,high_load,-1
7307,6,sensor_failure,0.757,physics,startup,-1
7308,6,sensor_failure,0.569,physics,high_load,-1
7309,6,sensor_failure,0.911,physics,startup,-1
7310,6,sensor_failure,0.427,physics,cooldown,-1
7311,6,sensor_failure,0.28,physics,steady_state,-1
7312,6,sensor_failure,0.766,physics,steady_state,-1
7313,6,sensor_failure,0.473,physics,cooldown,-1
7314,6,sensor_failure,0.446,physics,cooldown,-1
7315,6,sensor_failure,0.508,physics,steady_state,-1
7316,6,sensor_failure,0.542,physics,startup,-1
7317,6,sensor_failure,0.481,physics,high_load,-1
7318,6,sensor_failure,0.364,physics,steady_state,-1
7319,6,sensor_failure,0.863,physics,high_load,-1
7320,6,sensor_failure,0.341,physics,high_load,-1
7321,6,sensor_failure,0.692,physics,startup,-1
7322,6,sensor_failure,0.976,physics,cooldown,-1
7323,6,sensor_failure,0.324,physics,cooldown,-1
7324,6,sensor_failure,0.201,physics,cooldown,-1
7325,6,sensor_failure,0.204,physics,high_load,-1
7326,6,sensor_failure,0.982,physics,cooldown,-1
7327,6,sensor_failure,0.98,physics,steady_state,-1
7328,6,sensor_failure,0.969,physics,startup,-1
7329,6,sensor_failure,0.352,physics,cooldown,-1
7330,6,sensor_failure,0.324,physics,steady_state,-1
7331,6,sensor_failure,0.247,physics,cooldown,-1
7332,6,sensor_failure,0.223,physics,steady_state,-1
7333,6,sensor_failure,0.986,physics,steady_state,-1
7334,6,sensor_failure,0.204,physics,startup,-1
7335,6,sensor_failure,0.626,physics,startup,-1
7336,6,sensor_failure,0.392,physics,cooldown,-1
7337,6,sensor_failure,0.636,physics,cooldown,-1
7338,6,sensor_failure,0.949,physics,steady_state,-1
7339,6,sensor_failure,0.804,physics,startup,-1
7340,6,sensor_failure,0.297,physics,high_load,-1
7341,6,sensor_failure,0.614,physics,startup,-1
7342,6,sensor_failure,0.945,physics,cooldown,-1
7343,6,sensor_failure,0.778,physics,high_load,-1
7344,6,sensor_failure,0.861,physics,startup,-1
7345,6,sensor_failure,0.416,physics,steady_state,-1
7346,6,sensor_failure,0.42,physics,steady_state,-1
7347,6,sensor_failure,0.572,physics,steady_state,-1
7348,6,sensor_failure,0.723,physics,cooldown,-1
7349,6,sensor_failure,0.437,physics,steady_state,-1
7350,6,sensor_failure,0.776,physics,steady_state,-1
7351,6,sensor_failure,0.655,physics,high_load,-1
7352,6,sensor_failure,0.395,physics,steady_state,-1
7353,6,sensor_failure,0.567,physics,steady_state,-1
7354,6,sensor_failure,0.628,physics,high_load,-1
7355,6,sensor_failure,0.985,physics,cooldown,-1
7356,6,sensor_failure,0.681,physics,startup,-1
7357,6,sensor_failure,0.497,physics,cooldown,-1
7358,6,sensor_failure,0.886,physics,startup,-1
7359,6,sensor_failure,0.943,physics,cooldown,-1
7360,6,sensor_failure,0.623,physics,startup,-1
7361,6,sensor_failure,0.5,physics,steady_state,-1
7362,6,sensor_failure,0.885,physics,steady_state,-1
7363,6,sensor_failure,0.734,physics,startup,-1
7364,6,sensor_failure,0.453,physics,startup,-1
7365,6,sensor_failure,0.355,physics,cooldown,-1
7366,6,sensor_failure,0.381,physics,startup,-1
7367,6,sensor_failure,0.768,physics,cooldown,-1
7368,6,sensor_failure,0.814,physics,steady_state,-1
7369,6,sensor_failure,0.344,physics,high_load,-1
7370,6,sensor_failure,0.616,physics,steady_state,-1
7371,6,sensor_failure,0.372,physics,cooldown,-1
7372,6,sensor_failure,0.929,physics,cooldown,-1
7373,6,sensor_failure,0.909,physics,steady_state,-1
7374,6,sensor_failure,0.468,physics,cooldown,-1
7375,6,sensor_failure,0.955,physics,startup,-1
7376,6,sensor_failure,0.246,physics,high_load,-1
7377,6,sensor_failure,0.648,physics,high_load,-1
7378,6,sensor_failure,0.365,physics,high_load,-1
7379,6,sensor_failure,0.727,physics,startup,-1
7380,6,sensor_failure,0.873,physics,high_load,-1
7381,6,sensor_failure,0.661,physics,steady_state,-1
7382,6,sensor_failure,0.895,physics,cooldown,-1
7383,6,sensor_failure,0.47,physics,high_load,-1
7384,6,sensor_failure,0.365,physics,startup,-1
7385,6,sensor_failure,0.64,physics,startup,-1
7386,6,sensor_failure,0.698,physics,cooldown,-1
7387,6,sensor_failure,0.267,physics,high_load,-1
7388,6,sensor_failure,0.333,physics,steady_state,-1
7389,6,sensor_failure,0.403,physics,cooldown,-1
7390,6,sensor_failure,0.641,physics,steady_state,-1
7391,6,sensor_failure,0.642,physics,high_load,-1
7392,6,sensor_failure,0.79,physics,startup,-1
7393,6,sensor_failure,0.361,physics,cooldown,-1
7394,6,sensor_failure,0.946,physics,cooldown,-1
7395,6,sensor_failure,0.816,physics,startup,-1
7396,6,sensor_failure,0.957,physics,steady_state,-1
7397,6,sensor_failure,0.759,physics,cooldown,-1
7398,6,sensor_failure,0.613,physics,cooldown,-1
7399,6,sensor_failure,0.577,physics,steady_state,-1
7400,6,sensor_failure,0.815,physics,steady_state,-1
7401,6,sensor_failure,0.588,physics,startup,-1
7402,6,sensor_failure,0.506,physics,startup,-1
7403,6,sensor_failure,0.904,physics,steady_state,-1
7404,6,sensor_failure,0.92,physics,steady_state,-1
7405,6,sensor_failure,0.29,physics,startup,-1
7406,6,sensor_failure,0.353,physics,steady_state,-1
7407,6,sensor_failure,0.511,physics,high_load,-1
7408,6,sensor_failure,0.825,physics,cooldown,-1
7409,6,sensor_failure,0.467,physics,steady_state,-1
7410,6,sensor_failure,0.285,physics,cooldown,-1
7411,6,sensor_failure,0.594,physics,cooldown,-1
7412,6,sensor_failure,0.525,physics,steady_state,-1
7413,6,sensor_failure,0.899,physics,cooldown,-1
7414,6,sensor_failure,0.331,physics,steady_state,-1
7415,6,sensor_failure,0.635,physics,steady_state,-1
7416,6,sensor_failure,0.281,physics,startup,-1
7417,6,sensor_failure,0.295,physics,steady_state,-1
7418,6,sensor_failure,0.319,physics,high_load,-1
7419,6,sensor_failure,0.825,physics,cooldown,-1
7420,6,sensor_failure,0.957,physics,steady_state,-1
7421,6,sensor_failure,0.641,physics,cooldown,-1
7422,6,sensor_failure,0.205,physics,cooldown,-1
7423,6,sensor_failure,0.436,physics,cooldown,-1
7424,6,sensor_failure,0.524,physics,cooldown,-1
7425,6,sensor_failure,0.819,physics,cooldown,-1
7426,6,sensor_failure,0.242,physics,cooldown,-1
7427,6,sensor_failure,0.83,physics,startup,-1
7428,6,sensor_failure,0.708,physics,steady_state,-1
7429,6,sensor_failure,0.905,physics,cooldown,-1
7430,6,sensor_failure,0.428,physics,steady_state,-1
7431,6,sensor_failure,0.931,physics,startup,-1
7432,6,sensor_failure,0.63,physics,high_load,-1
7433,6,sensor_failure,0.879,physics,startup,-1
7434,6,sensor_failure,0.56,physics,cooldown,-1
7435,6,sensor_failure,0.826,physics,steady_state,-1
7436,6,sensor_failure,0.929,physics,steady_state,-1
7437,6,sensor_failure,0.636,physics,steady_state,-1
7438,6,sensor_failure,0.891,physics,high_load,-1
7439,6,sensor_failure,0.596,physics,high_load,-1
7440,6,sensor_failure,0.962,physics,steady_state,-1
7441,6,sensor_failure,0.317,physics,high_load,-1
7442,6,sensor_failure,0.562,physics,startup,-1
7443,6,sensor_failure,0.209,physics,high_load,-1
7444,6,sensor_failure,0.463,physics,cooldown,-1
7445,6,sensor_failure,0.418,physics,startup,-1
7446,6,sensor_failure,0.864,physics,steady_state,-1
7447,6,sensor_failure,0.476,physics,steady_state,-1
7448,6,sensor_failure,0.521,physics,startup,-1
7449,6,sensor_failure,0.527,physics,steady_state,-1
7450,6,sensor_failure,0.951,physics,cooldown,-1
7451,6,sensor_failure,0.574,physics,startup,-1
7452,6,sensor_failure,0.669,physics,high_load,-1
7453,6,sensor_failure,0.244,physics,steady_state,-1
7454,6,sensor_failure,0.338,physics,cooldown,-1
7455,6,sensor_failure,0.922,physics,high_load,-1
7456,6,sensor_failure,0.928,physics,startup,-1
7457,6,sensor_failure,0.605,physics,steady_state,-1
7458,6,sensor_failure,0.562,physics,steady_state,-1
7459,6,sensor_failure,0.201,physics,high_load,-1
7460,6,sensor_failure,0.526,physics,startup,-1
7461,6,sensor_failure,0.48,physics,steady_state,-1
7462,6,sensor_failure,0.459,physics,high_load,-1
7463,6,sensor_failure,0.923,physics,high_load,-1
7464,6,sensor_failure,0.788,physics,steady_state,-1
7465,6,sensor_failure,0.299,physics,high_load,-1
7466,6,sensor_failure,0.482,physics,startup,-1
7467,6,sensor_failure,0.652,physics,high_load,-1
7468,6,sensor_failure,0.308,physics,cooldown,-1
7469,6,sensor_failure,0.951,physics,cooldown,-1
7470,6,sensor_failure,0.539,physics,startup,-1
7471,6,sensor_failure,0.999,physics,cooldown,-1
7472,6,sensor_failure,0.401,physics,startup,-1
7473,6,sensor_failure,0.564,physics,high_load,-1
7474,6,sensor_failure,0.515,physics,steady_state,-1
7475,6,sensor_failure,0.561,physics,cooldown,-1
7476,6,sensor_failure,0.647,physics,high_load,-1
7477,6,sensor_failure,0.605,physics,cooldown,-1
7478,6,sensor_failure,0.41,physics,startup,-1
7479,6,sensor_failure,0.555,physics,startup,-1
7480,6,sensor_failure,0.598,physics,cooldown,-1
7481,6,sensor_failure,0.588,physics,cooldown,-1
7482,6,sensor_failure,0.984,physics,cooldown,-1
7483,6,sensor_failure,0.535,physics,cooldown,-1
7484,6,sensor_failure,0.204,physics,steady_state,-1
7485,6,sensor_failure,0.316,physics,cooldown,-1
7486,6,sensor_failure,0.783,physics,cooldown,-1
7487,6,sensor_failure,0.382,physics,steady_state,-1
7488,6,sensor_failure,0.74,physics,steady_state,-1
7489,6,sensor_failure,0.664,physics,high_load,-1
7490,6,sensor_failure,0.426,physics,steady_state,-1
7491,6,sensor_failure,0.571,physics,cooldown,-1
7492,6,sensor_failure,0.24,physics,startup,-1
7493,6,sensor_failure,0.596,physics,high_load,-1
7494,6,sensor_failure,0.6,physics,startup,-1
7495,6,sensor_failure,0.848,physics,cooldown,-1
7496,6,sensor_failure,0.315,physics,steady_state,-1
7497,6,sensor_failure,0.903,physics,steady_state,-1
7498,6,sensor_failure,0.559,physics,high_load,-1
7499,6,sensor_failure,0.721,physics,startup,-1
7500,6,sensor_failure,0.702,physics,high_load,-1
7501,6,sensor_failure,0.242,physics,startup,-1
7502,6,sensor_failure,0.628,physics,cooldown,-1
7503,6,sensor_failure,0.827,physics,cooldown,-1
7504,6,sensor_failure,0.694,physics,cooldown,-1
7505,6,sensor_failure,0.784,physics,startup,-1
7506,6,sensor_failure,0.97,physics,startup,-1
7507,6,sensor_failure,0.374,physics,steady_state,-1
7508,6,sensor_failure,0.347,physics,steady_state,-1
7509,6,sensor_failure,0.476,physics,high_load,-1
7510,6,sensor_failure,0.795,physics,high_load,-1
7511,6,sensor_failure,0.811,physics,high_load,-1
7512,6,sensor_failure,0.668,physics,cooldown,-1
7513,6,sensor_failure,0.894,physics,cooldown,-1
7514,6,sensor_failure,0.242,physics,cooldown,-1
7515,6,sensor_failure,0.498,physics,steady_state,-1
7516,6,sensor_failure,0.28,physics,steady_state,-1
7517,6,sensor_failure,0.236,physics,high_load,-1
7518,6,sensor_failure,0.217,physics,high_load,-1
7519,6,sensor_failure,0.891,physics,steady_state,-1
7520,6,sensor_failure,0.277,physics,steady_state,-1
7521,6,sensor_failure,0.706,physics,steady_state,-1
7522,6,sensor_failure,0.746,physics,cooldown,-1
7523,6,sensor_failure,0.203,physics,steady_state,-1
7524,6,sensor_failure,0.507,physics,steady_state,-1
7525,6,sensor_failure,0.248,physics,startup,-1
7526,6,sensor_failure,0.567,physics,cooldown,-1
7527,6,sensor_failure,0.79,physics,steady_state,-1
7528,6,sensor_failure,0.296,physics,high_load,-1
7529,6,sensor_failure,0.21,physics,startup,-1
7530,6,sensor_failure,0.694,physics,high_load,-1
7531,6,sensor_failure,0.87,physics,steady_state,-1
7532,6,sensor_failure,0.385,physics,high_load,-1
7533,6,sensor_failure,0.481,physics,cooldown,-1
7534,6,sensor_failure,0.915,physics,steady_state,-1
7535,6,sensor_failure,0.651,physics,high_load,-1
7536,6,sensor_failure,0.783,physics,cooldown,-1
7537,6,sensor_failure,0.83,physics,steady_state,-1
7538,6,sensor_failure,0.839,physics,steady_state,-1
7539,6,sensor_failure,0.837,physics,cooldown,-1
7540,6,sensor_failure,0.471,physics,steady_state,-1
7541,6,sensor_failure,0.884,physics,steady_state,-1
7542,6,sensor_failure,0.863,physics,high_load,-1
7543,6,sensor_failure,0.828,physics,startup,-1
7544,6,sensor_failure,0.761,physics,steady_state,-1
7545,6,sensor_failure,0.525,physics,startup,-1
7546,6,sensor_failure,0.896,physics,high_load,-1
7547,6,sensor_failure,0.398,physics,startup,-1
7548,6,sensor_failure,0.848,physics,cooldown,-1
7549,6,sensor_failure,0.845,physics,high_load,-1
7550,6,sensor_failure,0.441,physics,cooldown,-1
7551,6,sensor_failure,0.526,physics,high_load,-1
7552,6,sensor_failure,0.254,physics,high_load,-1
7553,6,sensor_failure,0.735,physics,cooldown,-1
7554,6,sensor_failure,0.625,physics,high_load,-1
7555,6,sensor_failure,0.96,physics,high_load,-1
7556,6,sensor_failure,0.3,physics,steady_state,-1
7557,6,sensor_failure,0.777,physics,steady_state,-1
7558,6,sensor_failure,0.529,physics,high_load,-1
7559,6,sensor_failure,0.518,physics,startup,-1
7560,6,sensor_failure,0.405,physics,startup,-1
7561,6,sensor_failure,0.546,physics,cooldown,-1
7562,6,sensor_failure,0.488,physics,cooldown,-1
7563,6,sensor_failure,0.925,physics,steady_state,-1
7564,6,sensor_failure,0.549,physics,steady_state,-1
7565,6,sensor_failure,0.673,physics,high_load,-1
7566,6,sensor_failure,0.284,physics,steady_state,-1
7567,6,sensor_failure,0.784,physics,high_load,-1
7568,6,sensor_failure,0.518,physics,startup,-1
7569,6,sensor_failure,0.726,physics,startup,-1
7570,6,sensor_failure,0.896,physics,high_load,-1
7571,6,sensor_failure,0.733,physics,steady_state,-1
7572,6,sensor_failure,0.724,physics,cooldown,-1
7573,6,sensor_failure,0.228,physics,high_load,-1
7574,6,sensor_failure,0.327,physics,startup,-1
7575,6,sensor_failure,0.514,physics,high_load,-1
7576,6,sensor_failure,0.559,physics,high_load,-1
7577,6,sensor_failure,0.715,physics,cooldown,-1
7578,6,sensor_failure,0.4,physics,startup,-1
7579,6,sensor_failure,0.825,physics,high_load,-1
7580,6,sensor_failure,0.653,physics,startup,-1
7581,6,sensor_failure,0.971,physics,steady_state,-1
7582,6,sensor_failure,0.931,physics,steady_state,-1
7583,6,sensor_failure,0.76,physics,high_load,-1
7584,6,sensor_failure,0.532,physics,steady_state,-1
7585,6,sensor_failure,0.26,physics,cooldown,-1
7586,6,sensor_failure,0.765,physics,cooldown,-1
7587,6,sensor_failure,0.821,physics,steady_state,-1
7588,6,sensor_failure,0.201,physics,cooldown,-1
7589,6,sensor_failure,0.915,physics,startup,-1
7590,6,sensor_failure,0.38,physics,startup,-1
7591,6,sensor_failure,0.683,physics,high_load,-1
7592,6,sensor_failure,0.372,physics,steady_state,-1
7593,6,sensor_failure,0.483,physics,startup,-1
7594,6,sensor_failure,0.45,physics,startup,-1
7595,6,sensor_failure,0.665,physics,startup,-1
7596,6,sensor_failure,0.372,physics,high_load,-1
7597,6,sensor_failure,0.552,physics,steady_state,-1
7598,6,sensor_failure,0.571,physics,cooldown,-1
7599,6,sensor_failure,0.842,physics,startup,-1
7600,6,sensor_failure,0.985,physics,cooldown,-1
7601,6,sensor_failure,0.303,physics,startup,-1
7602,6,sensor_failure,0.246,physics,steady_state,-1
7603,6,sensor_failure,0.815,physics,cooldown,-1
7604,6,sensor_failure,0.339,physics,high_load,-1
7605,6,sensor_failure,0.98,physics,steady_state,-1
7606,6,sensor_failure,0.562,physics,steady_state,-1
7607,6,sensor_failure,0.781,physics,high_load,-1
7608,6,sensor_failure,0.594,physics,cooldown,-1
7609,6,sensor_failure,0.286,physics,steady_state,-1
7610,6,sensor_failure,0.509,physics,steady_state,-1
7611,6,sensor_failure,0.65,physics,high_load,-1
7612,6,sensor_failure,0.249,physics,cooldown,-1
7613,6,sensor_failure,0.75,physics,cooldown,-1
7614,6,sensor_failure,0.54,physics,startup,-1
7615,6,sensor_failure,0.642,physics,high_load,-1
7616,6,sensor_failure,0.528,physics,cooldown,-1
7617,6,sensor_failure,0.711,physics,cooldown,-1
7618,6,sensor_failure,0.437,physics,cooldown,-1
7619,6,sensor_failure,0.236,physics,high_load,-1
7620,6,sensor_failure,0.543,physics,steady_state,-1
7621,6,sensor_failure,0.677,physics,high_load,-1
7622,6,sensor_failure,0.859,physics,high_load,-1
7623,6,sensor_failure,0.76,physics,high_load,-1
7624,6,sensor_failure,0.7,physics,cooldown,-1
7625,6,sensor_failure,0.892,physics,high_load,-1
7626,6,sensor_failure,0.746,physics,high_load,-1
7627,6,sensor_failure,0.548,physics,high_load,-1
7628,6,sensor_failure,0.299,physics,steady_state,-1
7629,6,sensor_failure,0.61,physics,steady_state,-1
7630,6,sensor_failure,0.689,physics,high_load,-1
7631,6,sensor_failure,0.531,physics,startup,-1
7632,6,sensor_failure,0.733,physics,startup,-1
7633,6,sensor_failure,0.744,physics,high_load,-1
7634,6,sensor_failure,0.354,physics,startup,-1
7635,6,sensor_failure,0.48,physics,steady_state,-1
7636,6,sensor_failure,0.761,physics,startup,-1
7637,6,sensor_failure,0.531,physics,startup,-1
7638,6,sensor_failure,0.465,physics,startup,-1
7639,6,sensor_failure,0.906,physics,steady_state,-1
7640,6,sensor_failure,0.499,physics,high_load,-1
7641,6,sensor_failure,0.789,physics,startup,-1
7642,6,sensor_failure,0.906,physics,steady_state,-1
7643,6,sensor_failure,0.939,physics,startup,-1
7644,6,sensor_failure,0.579,physics,high_load,-1
7645,6,sensor_failure,0.861,physics,high_load,-1
7646,6,sensor_failure,0.883,physics,startup,-1
7647,6,sensor_failure,0.81,physics,steady_state,-1
7648,6,sensor_failure,1.0,physics,startup,-1
7649,6,sensor_failure,0.848,physics,high_load,-1
7650,6,sensor_failure,0.734,physics,high_load,-1
7651,6,sensor_failure,0.724,physics,cooldown,-1
7652,6,sensor_failure,0.393,physics,startup,-1
7653,6,sensor_failure,0.542,physics,steady_state,-1
7654,6,sensor_failure,0.919,physics,cooldown,-1
7655,6,sensor_failure,0.284,physics,steady_state,-1
7656,6,sensor_failure,0.733,physics,startup,-1
7657,6,sensor_failure,0.246,physics,high_load,-1
7658,6,sensor_failure,0.559,physics,high_load,-1
7659,6,sensor_failure,0.203,physics,high_load,-1
7660,6,sensor_failure,0.916,physics,cooldown,-1
7661,6,sensor_failure,0.624,physics,cooldown,-1
7662,6,sensor_failure,0.855,physics,steady_state,-1
7663,6,sensor_failure,0.354,physics,cooldown,-1
7664,6,sensor_failure,0.238,physics,steady_state,-1
7665,6,sensor_failure,0.675,physics,cooldown,-1
7666,6,sensor_failure,0.89,physics,cooldown,-1
7667,6,sensor_failure,0.311,physics,high_load,-1
7668,6,sensor_failure,0.428,physics,steady_state,-1
7669,6,sensor_failure,0.467,physics,startup,-1
7670,6,sensor_failure,0.492,physics,steady_state,-1
7671,6,sensor_failure,0.798,physics,high_load,-1
7672,6,sensor_failure,0.682,physics,steady_state,-1
7673,6,sensor_failure,0.969,physics,high_load,-1
7674,6,sensor_failure,0.507,physics,high_load,-1
7675,6,sensor_failure,0.635,physics,steady_state,-1
7676,6,sensor_failure,0.357,physics,startup,-1
7677,6,sensor_failure,0.268,physics,steady_state,-1
7678,6,sensor_failure,0.825,physics,steady_state,-1
7679,6,sensor_failure,0.612,physics,startup,-1
7680,6,sensor_failure,0.801,physics,steady_state,-1
7681,6,sensor_failure,0.28,physics,steady_state,-1
7682,6,sensor_failure,0.79,physics,startup,-1
7683,6,sensor_failure,0.595,physics,steady_state,-1
7684,6,sensor_failure,0.518,physics,steady_state,-1
7685,6,sensor_failure,0.706,physics,startup,-1
7686,6,sensor_failure,0.337,physics,high_load,-1
7687,6,sensor_failure,0.613,physics,startup,-1
7688,6,sensor_failure,0.784,physics,startup,-1
7689,6,sensor_failure,0.345,physics,startup,-1
7690,6,sensor_failure,0.988,physics,startup,-1
7691,6,sensor_failure,0.751,physics,steady_state,-1
7692,6,sensor_failure,0.862,physics,cooldown,-1
7693,6,sensor_failure,0.39,physics,high_load,-1
7694,6,sensor_failure,0.543,physics,cooldown,-1
7695,6,sensor_failure,0.943,physics,steady_state,-1
7696,6,sensor_failure,0.652,physics,steady_state,-1
7697,6,sensor_failure,0.602,physics,cooldown,-1
7698,6,sensor_failure,0.384,physics,high_load,-1
7699,6,sensor_failure,0.204,physics,startup,-1
7700,6,sensor_failure,0.718,physics,cooldown,-1
7701,6,sensor_failure,0.514,physics,cooldown,-1
7702,6,sensor_failure,0.712,physics,startup,-1
7703,6,sensor_failure,0.551,physics,cooldown,-1
7704,6,sensor_failure,0.663,physics,steady_state,-1
7705,6,sensor_failure,0.45,physics,high_load,-1
7706,6,sensor_failure,0.874,physics,cooldown,-1
7707,6,sensor_failure,0.721,physics,high_load,-1
7708,6,sensor_failure,0.484,physics,high_load,-1
7709,6,sensor_failure,0.372,physics,high_load,-1
7710,6,sensor_failure,0.547,physics,steady_state,-1
7711,6,sensor_failure,0.889,physics,cooldown,-1
7712,6,sensor_failure,0.994,physics,steady_state,-1
7713,6,sensor_failure,0.726,physics,high_load,-1
7714,6,sensor_failure,0.618,physics,steady_state,-1
7715,6,sensor_failure,0.775,physics,cooldown,-1
7716,6,sensor_failure,0.751,physics,cooldown,-1
7717,6,sensor_failure,0.812,physics,startup,-1
7718,6,sensor_failure,0.461,physics,cooldown,-1
7719,6,sensor_failure,0.554,physics,startup,-1
7720,6,sensor_failure,0.324,physics,cooldown,-1
7721,6,sensor_failure,0.648,physics,startup,-1
7722,6,sensor_failure,0.827,physics,cooldown,-1
7723,6,sensor_failure,0.714,physics,steady_state,-1
7724,6,sensor_failure,0.669,physics,startup,-1
7725,6,sensor_failure,0.674,physics,cooldown,-1
7726,6,sensor_failure,0.609,physics,steady_state,-1
7727,6,sensor_failure,0.211,physics,steady_state,-1
7728,6,sensor_failure,0.983,physics,steady_state,-1
7729,6,sensor_failure,0.538,physics,startup,-1
7730,6,sensor_failure,0.922,physics,steady_state,-1
7731,6,sensor_failure,0.782,physics,steady_state,-1
7732,6,sensor_failure,0.99,physics,steady_state,-1
7733,6,sensor_failure,0.566,physics,steady_state,-1
7734,6,sensor_failure,0.831,physics,startup,-1
7735,6,sensor_failure,0.981,physics,cooldown,-1
7736,6,sensor_failure,0.534,physics,high_load,-1
7737,6,sensor_failure,0.93,physics,steady_state,-1
7738,6,sensor_failure,0.649,physics,steady_state,-1
7739,6,sensor_failure,0.858,physics,steady_state,-1
7740,6,sensor_failure,0.574,physics,steady_state,-1
7741,6,sensor_failure,0.326,physics,high_load,-1
7742,6,sensor_failure,0.991,physics,high_load,-1
7743,6,sensor_failure,0.961,physics,steady_state,-1
7744,6,sensor_failure,0.787,physics,high_load,-1
7745,6,sensor_failure,0.879,physics,high_load,-1
7746,6,sensor_failure,0.589,physics,startup,-1
7747,6,sensor_failure,0.326,physics,steady_state,-1
7748,6,sensor_failure,0.82,physics,steady_state,-1
7749,6,sensor_failure,0.451,physics,cooldown,-1
7750,6,sensor_failure,0.28,physics,high_load,-1
7751,6,sensor_failure,0.785,physics,steady_state,-1
7752,6,sensor_failure,0.986,physics,startup,-1
7753,6,sensor_failure,0.959,physics,high_load,-1
7754,6,sensor_failure,0.865,physics,high_load,-1
7755,6,sensor_failure,0.843,physics,high_load,-1
7756,6,sensor_failure,0.867,physics,startup,-1
7757,6,sensor_failure,0.865,physics,cooldown,-1
7758,6,sensor_failure,0.273,physics,cooldown,-1
7759,6,sensor_failure,0.799,physics,startup,-1
7760,6,sensor_failure,0.41,physics,steady_state,-1
7761,6,sensor_failure,0.259,physics,steady_state,-1
7762,6,sensor_failure,1.0,physics,cooldown,-1
7763,6,sensor_failure,0.267,physics,startup,-1
7764,6,sensor_failure,0.402,physics,steady_state,-1
7765,6,sensor_failure,0.396,physics,high_load,-1
7766,6,sensor_failure,0.417,physics,steady_state,-1
7767,6,sensor_failure,0.697,physics,cooldown,-1
7768,6,sensor_failure,0.687,physics,startup,-1
7769,6,sensor_failure,0.763,physics,cooldown,-1
7770,6,sensor_failure,0.866,physics,high_load,-1
7771,6,sensor_failure,0.564,physics,steady_state,-1
7772,6,sensor_failure,0.28,physics,steady_state,-1
7773,6,sensor_failure,0.932,physics,steady_state,-1
7774,6,sensor_failure,0.359,physics,steady_state,-1
7775,6,sensor_failure,0.742,physics,startup,-1
7776,6,sensor_failure,0.985,physics,steady_state,-1
7777,6,sensor_failure,0.886,physics,startup,-1
7778,6,sensor_failure,0.225,physics,steady_state,-1
7779,6,sensor_failure,0.553,physics,steady_state,-1
7780,6,sensor_failure,0.94,physics,startup,-1
7781,6,sensor_failure,0.289,physics,cooldown,-1
7782,6,sensor_failure,0.488,physics,cooldown,-1
7783,6,sensor_failure,0.619,physics,high_load,-1
7784,6,sensor_failure,0.846,physics,steady_state,-1
7785,6,sensor_failure,0.248,physics,high_load,-1
7786,6,sensor_failure,0.733,physics,high_load,-1
7787,6,sensor_failure,0.646,physics,steady_state,-1
7788,6,sensor_failure,0.564,physics,steady_state,-1
7789,6,sensor_failure,0.775,physics,startup,-1
7790,6,sensor_failure,0.977,physics,startup,-1
7791,6,sensor_failure,0.646,physics,steady_state,-1
7792,6,sensor_failure,0.963,physics,startup,-1
7793,6,sensor_failure,0.537,physics,high_load,-1
7794,6,sensor_failure,0.95,physics,steady_state,-1
7795,6,sensor_failure,0.436,physics,cooldown,-1
7796,6,sensor_failure,0.306,physics,startup,-1
7797,6,sensor_failure,0.399,physics,high_load,-1
7798,6,sensor_failure,0.616,physics,startup,-1
7799,6,sensor_failure,0.632,physics,startup,-1
7800,6,sensor_failure,0.817,physics,steady_state,-1
7801,6,sensor_failure,0.422,physics,startup,-1
7802,6,sensor_failure,0.466,physics,startup,-1
7803,6,sensor_failure,0.843,physics,high_load,-1
7804,6,sensor_failure,0.723,physics,startup,-1
7805,6,sensor_failure,0.923,physics,cooldown,-1
7806,6,sensor_failure,0.421,physics,startup,-1
7807,6,sensor_failure,0.882,physics,cooldown,-1
7808,6,sensor_failure,0.761,physics,cooldown,-1
7809,6,sensor_failure,0.976,physics,startup,-1
7810,6,sensor_failure,0.782,physics,cooldown,-1
7811,6,sensor_failure,0.908,physics,startup,-1
7812,6,sensor_failure,0.892,physics,startup,-1
7813,6,sensor_failure,0.64,physics,steady_state,-1
7814,6,sensor_failure,0.74,physics,cooldown,-1
7815,6,sensor_failure,0.584,physics,startup,-1
7816,6,sensor_failure,0.317,physics,steady_state,-1
7817,6,sensor_failure,0.232,physics,steady_state,-1
7818,6,sensor_failure,0.688,physics,startup,-1
7819,6,sensor_failure,1.0,physics,steady_state,-1
7820,6,sensor_failure,0.948,physics,steady_state,-1
7821,6,sensor_failure,0.6,physics,startup,-1
7822,6,sensor_failure,0.405,physics,cooldown,-1
7823,6,sensor_failure,0.506,physics,cooldown,-1
7824,6,sensor_failure,0.607,physics,cooldown,-1
7825,6,sensor_failure,0.738,physics,steady_state,-1
7826,6,sensor_failure,0.677,physics,startup,-1
7827,6,sensor_failure,0.307,physics,startup,-1
7828,6,sensor_failure,0.811,physics,startup,-1
7829,6,sensor_failure,0.924,physics,cooldown,-1
7830,6,sensor_failure,0.467,physics,cooldown,-1
7831,6,sensor_failure,0.765,physics,steady_state,-1
7832,6,sensor_failure,0.647,physics,startup,-1
7833,6,sensor_failure,0.776,physics,startup,-1
7834,6,sensor_failure,0.574,physics,steady_state,-1
7835,6,sensor_failure,0.768,physics,high_load,-1
7836,6,sensor_failure,0.482,physics,steady_state,-1
7837,6,sensor_failure,0.813,physics,steady_state,-1
7838,6,sensor_failure,0.301,physics,steady_state,-1
7839,6,sensor_failure,0.671,physics,startup,-1
7840,6,sensor_failure,0.285,physics,high_load,-1
7841,6,sensor_failure,0.351,physics,cooldown,-1
7842,6,sensor_failure,0.901,physics,cooldown,-1
7843,6,sensor_failure,0.308,physics,high_load,-1
7844,6,sensor_failure,0.596,physics,steady_state,-1
7845,6,sensor_failure,0.228,physics,startup,-1
7846,6,sensor_failure,0.698,physics,steady_state,-1
7847,6,sensor_failure,0.531,physics,high_load,-1
7848,6,sensor_failure,0.983,physics,steady_state,-1
7849,6,sensor_failure,0.755,physics,high_load,-1
7850,6,sensor_failure,0.929,physics,steady_state,-1
7851,6,sensor_failure,0.433,physics,startup,-1
7852,6,sensor_failure,0.565,physics,startup,-1
7853,6,sensor_failure,0.794,physics,high_load,-1
7854,6,sensor_failure,0.408,physics,high_load,-1
7855,6,sensor_failure,0.274,physics,cooldown,-1
7856,6,sensor_failure,0.249,physics,steady_state,-1
7857,6,sensor_failure,0.465,physics,startup,-1
7858,6,sensor_failure,0.787,physics,steady_state,-1
7859,6,sensor_failure,0.586,physics,high_load,-1
7860,6,sensor_failure,0.719,physics,high_load,-1
7861,6,sensor_failure,0.471,physics,cooldown,-1
7862,6,sensor_failure,0.986,physics,startup,-1
7863,6,sensor_failure,0.376,physics,high_load,-1
7864,6,sensor_failure,0.763,physics,steady_state,-1
7865,6,sensor_failure,0.864,physics,cooldown,-1
7866,6,sensor_failure,0.795,physics,startup,-1
7867,6,sensor_failure,0.824,physics,startup,-1
7868,6,sensor_failure,0.291,physics,cooldown,-1
7869,6,sensor_failure,0.359,physics,startup,-1
7870,6,sensor_failure,0.232,physics,high_load,-1
7871,6,sensor_failure,0.894,physics,steady_state,-1
7872,6,sensor_failure,0.786,physics,cooldown,-1
7873,6,sensor_failure,0.968,physics,high_load,-1
7874,6,sensor_failure,0.518,physics,cooldown,-1
7875,6,sensor_failure,0.319,physics,high_load,-1
7876,6,sensor_failure,0.887,physics,steady_state,-1
7877,6,sensor_failure,0.597,physics,steady_state,-1
7878,6,sensor_failure,0.256,physics,startup,-1
7879,6,sensor_failure,0.898,physics,high_load,-1
7880,6,sensor_failure,0.402,physics,startup,-1
7881,6,sensor_failure,0.365,physics,startup,-1
7882,6,sensor_failure,0.731,physics,steady_state,-1
7883,6,sensor_failure,0.645,physics,cooldown,-1
7884,6,sensor_failure,0.709,physics,startup,-1
7885,6,sensor_failure,0.699,physics,cooldown,-1
7886,6,sensor_failure,0.872,physics,startup,-1
7887,6,sensor_failure,0.423,physics,high_load,-1
7888,6,sensor_failure,0.205,physics,steady_state,-1
7889,6,sensor_failure,0.473,physics,cooldown,-1
7890,6,sensor_failure,0.498,physics,steady_state,-1
7891,6,sensor_failure,0.636,physics,cooldown,-1
7892,6,sensor_failure,0.872,physics,steady_state,-1
7893,6,sensor_failure,0.335,physics,cooldown,-1
7894,6,sensor_failure,0.419,physics,startup,-1
7895,6,sensor_failure,0.297,physics,cooldown,-1
7896,6,sensor_failure,0.847,physics,startup,-1
7897,6,sensor_failure,0.32,physics,steady_state,-1
7898,6,sensor_failure,0.863,physics,steady_state,-1
7899,6,sensor_failure,0.536,physics,high_load,-1
7900,6,sensor_failure,0.817,physics,high_load,-1
7901,6,sensor_failure,0.318,physics,high_load,-1
7902,6,sensor_failure,0.7,physics,steady_state,-1
7903,6,sensor_failure,0.43,physics,steady_state,-1
7904,6,sensor_failure,0.607,physics,startup,-1
7905,6,sensor_failure,0.327,physics,startup,-1
7906,6,sensor_failure,0.527,physics,startup,-1
7907,6,sensor_failure,0.636,physics,startup,-1
7908,6,sensor_failure,0.769,physics,high_load,-1
7909,6,sensor_failure,0.862,physics,cooldown,-1
7910,6,sensor_failure,0.639,physics,high_load,-1
7911,6,sensor_failure,0.548,physics,cooldown,-1
7912,6,sensor_failure,0.492,physics,high_load,-1
7913,6,sensor_failure,0.462,physics,high_load,-1
7914,6,sensor_failure,0.626,physics,cooldown,-1
7915,6,sensor_failure,0.574,physics,high_load,-1
7916,6,sensor_failure,0.587,physics,high_load,-1
7917,6,sensor_failure,0.822,physics,high_load,-1
7918,6,sensor_failure,0.546,physics,cooldown,-1
7919,6,sensor_failure,0.695,physics,steady_state,-1
7920,6,sensor_failure,0.751,physics,steady_state,-1
7921,6,sensor_failure,0.535,physics,high_load,-1
7922,6,sensor_failure,0.519,physics,startup,-1
7923,6,sensor_failure,0.473,physics,steady_state,-1
7924,6,sensor_failure,0.735,physics,high_load,-1
7925,6,sensor_failure,0.906,physics,cooldown,-1
7926,6,sensor_failure,0.905,physics,cooldown,-1
7927,6,sensor_failure,0.976,physics,startup,-1
7928,6,sensor_failure,0.86,physics,startup,-1
7929,6,sensor_failure,0.781,physics,startup,-1
7930,6,sensor_failure,0.76,physics,startup,-1
7931,6,sensor_failure,0.878,physics,startup,-1
7932,6,sensor_failure,0.622,physics,startup,-1
7933,6,sensor_failure,0.84,physics,startup,-1
7934,6,sensor_failure,0.245,physics,cooldown,-1
7935,6,sensor_failure,0.517,physics,steady_state,-1
7936,6,sensor_failure,0.43,physics,cooldown,-1
7937,6,sensor_failure,0.742,physics,startup,-1
7938,6,sensor_failure,0.319,physics,steady_state,-1
7939,6,sensor_failure,0.557,physics,startup,-1
7940,6,sensor_failure,0.212,physics,startup,-1
7941,6,sensor_failure,0.687,physics,startup,-1
7942,6,sensor_failure,0.542,physics,high_load,-1
7943,6,sensor_failure,0.781,physics,cooldown,-1
7944,6,sensor_failure,0.75,physics,startup,-1
7945,6,sensor_failure,0.502,physics,steady_state,-1
7946,6,sensor_failure,0.753,physics,startup,-1
7947,6,sensor_failure,0.448,physics,high_load,-1
7948,6,sensor_failure,0.462,physics,startup,-1
7949,6,sensor_failure,0.795,physics,cooldown,-1
7950,6,sensor_failure,0.953,physics,startup,-1
7951,6,sensor_failure,0.551,physics,steady_state,-1
7952,6,sensor_failure,0.672,physics,startup,-1
7953,6,sensor_failure,0.266,physics,cooldown,-1
7954,6,sensor_failure,0.615,physics,cooldown,-1
7955,6,sensor_failure,0.207,physics,startup,-1
7956,6,sensor_failure,0.619,physics,cooldown,-1
7957,6,sensor_failure,0.788,physics,steady_state,-1
7958,6,sensor_failure,0.978,physics,high_load,-1
7959,6,sensor_failure,0.642,physics,startup,-1
7960,6,sensor_failure,0.465,physics,startup,-1
7961,6,sensor_failure,0.872,physics,high_load,-1
7962,6,sensor_failure,0.488,physics,high_load,-1
7963,6,sensor_failure,0.902,physics,high_load,-1
7964,6,sensor_failure,0.214,physics,cooldown,-1
7965,6,sensor_failure,0.963,physics,high_load,-1
7966,6,sensor_failure,0.222,physics,steady_state,-1
7967,6,sensor_failure,0.475,physics,steady_state,-1
7968,6,sensor_failure,0.377,physics,startup,-1
7969,6,sensor_failure,0.485,physics,startup,-1
7970,6,sensor_failure,0.333,physics,startup,-1
7971,6,sensor_failure,0.666,physics,steady_state,-1
7972,6,sensor_failure,0.62,physics,high_load,-1
7973,6,sensor_failure,0.751,physics,cooldown,-1
7974,6,sensor_failure,0.557,physics,cooldown,-1
7975,6,sensor_failure,0.254,physics,high_load,-1
7976,6,sensor_failure,0.717,physics,cooldown,-1
7977,6,sensor_failure,0.774,physics,steady_state,-1
7978,6,sensor_failure,0.413,physics,startup,-1
7979,6,sensor_failure,0.528,physics,startup,-1
7980,6,sensor_failure,0.293,physics,high_load,-1
7981,6,sensor_failure,0.941,physics,steady_state,-1
7982,6,sensor_failure,0.986,physics,steady_state,-1
7983,6,sensor_failure,0.507,physics,cooldown,-1
7984,6,sensor_failure,0.987,physics,steady_state,-1
7985,6,sensor_failure,0.823,physics,cooldown,-1
7986,6,sensor_failure,0.929,physics,high_load,-1
7987,6,sensor_failure,0.464,physics,cooldown,-1
7988,6,sensor_failure,0.564,physics,cooldown,-1
7989,6,sensor_failure,0.248,physics,cooldown,-1
7990,6,sensor_failure,0.35,physics,steady_state,-1
7991,6,sensor_failure,0.98,physics,startup,-1
7992,6,sensor_failure,0.596,physics,high_load,-1
7993,6,sensor_failure,0.966,physics,startup,-1
7994,6,sensor_failure,0.394,physics,steady_state,-1
7995,6,sensor_failure,0.892,physics,steady_state,-1
7996,6,sensor_failure,0.272,physics,cooldown,-1
7997,6,sensor_failure,0.803,physics,startup,-1
7998,6,sensor_failure,0.749,physics,startup,-1
7999,6,sensor_failure,0.783,physics,high_load,-1
8000,6,sensor_failure,0.688,physics,cooldown,-1
8001,6,sensor_failure,0.527,physics,cooldown,-1
8002,6,sensor_failure,0.309,physics,startup,-1
8003,6,sensor_failure,0.62,physics,high_load,-1
8004,6,sensor_failure,0.698,physics,high_load,-1
8005,6,sensor_failure,0.302,physics,startup,-1
8006,6,sensor_failure,0.526,physics,startup,-1
8007,6,sensor_failure,0.244,physics,startup,-1
8008,6,sensor_failure,0.56,physics,cooldown,-1
8009,6,sensor_failure,0.26,physics,cooldown,-1
8010,6,sensor_failure,0.268,physics,cooldown,-1
8011,6,sensor_failure,0.52,physics,startup,-1
8012,6,sensor_failure,0.777,physics,high_load,-1
8013,6,sensor_failure,0.212,physics,startup,-1
8014,6,sensor_failure,0.913,physics,startup,-1
8015,6,sensor_failure,0.222,physics,startup,-1
8016,6,sensor_failure,0.887,physics,startup,-1
8017,6,sensor_failure,0.315,physics,high_load,-1
8018,6,sensor_failure,0.467,physics,steady_state,-1
8019,6,sensor_failure,0.228,physics,startup,-1
8020,6,sensor_failure,0.932,physics,high_load,-1
8021,6,sensor_failure,0.318,physics,steady_state,-1
8022,6,sensor_failure,0.895,physics,high_load,-1
8023,6,sensor_failure,0.596,physics,startup,-1
8024,6,sensor_failure,0.604,physics,high_load,-1
8025,6,sensor_failure,0.257,physics,cooldown,-1
8026,6,sensor_failure,0.243,physics,steady_state,-1
8027,6,sensor_failure,0.938,physics,startup,-1
8028,6,sensor_failure,0.306,physics,steady_state,-1
8029,6,sensor_failure,0.532,physics,cooldown,-1
8030,6,sensor_failure,0.41,physics,cooldown,-1
8031,6,sensor_failure,0.971,physics,high_load,-1
8032,6,sensor_failure,0.416,physics,cooldown,-1
8033,6,sensor_failure,0.311,physics,cooldown,-1
8034,6,sensor_failure,0.698,physics,startup,-1
8035,6,sensor_failure,0.521,physics,steady_state,-1
8036,6,sensor_failure,0.219,physics,steady_state,-1
8037,6,sensor_failure,0.384,physics,cooldown,-1
8038,6,sensor_failure,0.498,physics,startup,-1
8039,6,sensor_failure,0.617,physics,cooldown,-1
8040,6,sensor_failure,0.446,physics,cooldown,-1
8041,6,sensor_failure,0.944,physics,high_load,-1
8042,6,sensor_failure,0.718,physics,steady_state,-1
8043,6,sensor_failure,0.681,physics,steady_state,-1
8044,6,sensor_failure,0.333,physics,steady_state,-1
8045,6,sensor_failure,0.903,physics,cooldown,-1
8046,6,sensor_failure,0.447,physics,steady_state,-1
8047,6,sensor_failure,0.978,physics,steady_state,-1
8048,6,sensor_failure,0.502,physics,high_load,-1
8049,6,sensor_failure,0.588,physics,startup,-1
8050,6,sensor_failure,0.588,physics,cooldown,-1
8051,6,sensor_failure,0.61,physics,startup,-1
8052,6,sensor_failure,0.938,physics,startup,-1
8053,6,sensor_failure,0.626,physics,high_load,-1
8054,6,sensor_failure,0.631,physics,cooldown,-1
8055,6,sensor_failure,0.534,physics,steady_state,-1
8056,6,sensor_failure,0.594,physics,cooldown,-1
8057,6,sensor_failure,0.57,physics,startup,-1
8058,6,sensor_failure,0.436,physics,cooldown,-1
8059,6,sensor_failure,0.626,physics,steady_state,-1
8060,6,sensor_failure,0.349,physics,startup,-1
8061,6,sensor_failure,0.953,physics,startup,-1
8062,6,sensor_failure,0.966,physics,cooldown,-1
8063,6,sensor_failure,0.202,physics,startup,-1
8064,6,sensor_failure,0.964,physics,steady_state,-1
8065,6,sensor_failure,0.456,physics,startup,-1
8066,6,sensor_failure,0.504,physics,high_load,-1
8067,6,sensor_failure,0.979,physics,startup,-1
8068,6,sensor_failure,0.322,physics,steady_state,-1
8069,6,sensor_failure,0.658,physics,high_load,-1
8070,6,sensor_failure,0.694,physics,steady_state,-1
8071,6,sensor_failure,0.243,physics,startup,-1
8072,6,sensor_failure,0.838,physics,startup,-1
8073,6,sensor_failure,0.328,physics,cooldown,-1
8074,6,sensor_failure,0.619,physics,startup,-1
8075,6,sensor_failure,0.478,physics,startup,-1
8076,6,sensor_failure,0.852,physics,cooldown,-1
8077,6,sensor_failure,0.902,physics,high_load,-1
8078,6,sensor_failure,0.738,physics,high_load,-1
8079,6,sensor_failure,0.449,physics,steady_state,-1
8080,6,sensor_failure,0.466,physics,startup,-1
8081,6,sensor_failure,0.361,physics,cooldown,-1
8082,6,sensor_failure,0.482,physics,high_load,-1
8083,6,sensor_failure,0.477,physics,steady_state,-1
8084,6,sensor_failure,0.539,physics,cooldown,-1
8085,6,sensor_failure,0.24,physics,high_load,-1
8086,6,sensor_failure,0.588,physics,cooldown,-1
8087,6,sensor_failure,0.931,physics,startup,-1
8088,6,sensor_failure,0.682,physics,steady_state,-1
8089,6,sensor_failure,0.754,physics,startup,-1
8090,6,sensor_failure,0.887,physics,startup,-1
8091,6,sensor_failure,0.55,physics,high_load,-1
8092,6,sensor_failure,0.45,physics,startup,-1
8093,6,sensor_failure,0.916,physics,cooldown,-1
8094,6,sensor_failure,0.433,physics,cooldown,-1
8095,6,sensor_failure,0.478,physics,high_load,-1
8096,6,sensor_failure,0.84,physics,cooldown,-1
8097,6,sensor_failure,0.771,physics,startup,-1
8098,6,sensor_failure,0.475,physics,steady_state,-1
8099,6,sensor_failure,0.39,physics,steady_state,-1
8100,6,sensor_failure,0.807,physics,cooldown,-1
8101,6,sensor_failure,0.629,physics,startup,-1
8102,6,sensor_failure,0.882,physics,high_load,-1
8103,6,sensor_failure,0.361,physics,cooldown,-1
8104,6,sensor_failure,0.963,physics,startup,-1
8105,6,sensor_failure,0.519,physics,startup,-1
8106,6,sensor_failure,0.478,physics,high_load,-1
8107,6,sensor_failure,0.457,physics,steady_state,-1
8108,6,sensor_failure,0.576,physics,cooldown,-1
8109,6,sensor_failure,0.999,physics,steady_state,-1
8110,6,sensor_failure,0.76,physics,cooldown,-1
8111,6,sensor_failure,0.619,physics,cooldown,-1
8112,6,sensor_failure,0.735,physics,startup,-1
8113,6,sensor_failure,0.629,physics,high_load,-1
8114,6,sensor_failure,0.995,physics,high_load,-1
8115,6,sensor_failure,0.385,physics,steady_state,-1
8116,6,sensor_failure,0.205,physics,startup,-1
8117,6,sensor_failure,0.993,physics,high_load,-1
8118,6,sensor_failure,0.723,physics,startup,-1
8119,6,sensor_failure,0.447,physics,high_load,-1
8120,6,sensor_failure,0.639,physics,steady_state,-1
8121,6,sensor_failure,0.383,physics,steady_state,-1
8122,6,sensor_failure,0.591,physics,high_load,-1
8123,6,sensor_failure,0.652,physics,steady_state,-1
8124,6,sensor_failure,0.671,physics,high_load,-1
8125,6,sensor_failure,0.547,physics,startup,-1
8126,6,sensor_failure,0.427,physics,cooldown,-1
8127,6,sensor_failure,0.68,physics,cooldown,-1
8128,6,sensor_failure,0.355,physics,steady_state,-1
8129,6,sensor_failure,0.315,physics,high_load,-1
8130,6,sensor_failure,0.884,physics,cooldown,-1
8131,6,sensor_failure,0.76,physics,high_load,-1
8132,6,sensor_failure,0.781,physics,cooldown,-1
8133,6,sensor_failure,0.714,physics,cooldown,-1
8134,6,sensor_failure,0.559,physics,steady_state,-1
8135,6,sensor_failure,0.773,physics,high_load,-1
8136,6,sensor_failure,0.599,physics,cooldown,-1
8137,6,sensor_failure,0.583,physics,high_load,-1
8138,6,sensor_failure,0.558,physics,cooldown,-1
8139,6,sensor_failure,0.285,physics,high_load,-1
8140,6,sensor_failure,0.734,physics,steady_state,-1
8141,6,sensor_failure,0.985,physics,cooldown,-1
8142,6,sensor_failure,0.926,physics,startup,-1
8143,6,sensor_failure,0.297,physics,steady_state,-1
8144,6,sensor_failure,0.688,physics,high_load,-1
8145,6,sensor_failure,0.99,physics,startup,-1
8146,6,sensor_failure,0.235,physics,steady_state,-1
8147,6,sensor_failure,0.736,physics,steady_state,-1
8148,6,sensor_failure,0.811,physics,cooldown,-1
8149,6,sensor_failure,0.786,physics,high_load,-1
8150,6,sensor_failure,0.91,physics,steady_state,-1
8151,6,sensor_failure,0.205,physics,startup,-1
8152,6,sensor_failure,0.793,physics,steady_state,-1
8153,6,sensor_failure,0.442,physics,high_load,-1
8154,6,sensor_failure,0.631,physics,cooldown,-1
8155,6,sensor_failure,0.287,physics,steady_state,-1
8156,6,sensor_failure,0.937,physics,startup,-1
8157,6,sensor_failure,0.99,physics,cooldown,-1
8158,6,sensor_failure,0.839,physics,steady_state,-1
8159,6,sensor_failure,0.832,physics,cooldown,-1
8160,6,sensor_failure,0.339,physics,steady_state,-1
8161,6,sensor_failure,0.858,physics,cooldown,-1
8162,6,sensor_failure,0.85,physics,startup,-1
8163,6,sensor_failure,0.624,physics,startup,-1
8164,6,sensor_failure,0.528,physics,startup,-1
8165,6,sensor_failure,0.26,physics,high_load,-1
8166,6,sensor_failure,0.36,physics,startup,-1
8167,6,sensor_failure,0.285,physics,steady_state,-1
8168,6,sensor_failure,0.754,physics,steady_state,-1
8169,6,sensor_failure,0.877,physics,cooldown,-1
8170,6,sensor_failure,0.815,physics,startup,-1
8171,6,sensor_failure,0.699,physics,steady_state,-1
8172,6,sensor_failure,0.991,physics,steady_state,-1
8173,6,sensor_failure,0.378,physics,cooldown,-1
8174,6,sensor_failure,0.443,physics,cooldown,-1
8175,6,sensor_failure,0.922,physics,startup,-1
8176,6,sensor_failure,0.992,physics,high_load,-1
8177,6,sensor_failure,0.529,physics,steady_state,-1
8178,6,sensor_failure,0.616,physics,startup,-1
8179,6,sensor_failure,0.533,physics,high_load,-1
8180,6,sensor_failure,0.562,physics,high_load,-1
8181,6,sensor_failure,0.939,physics,startup,-1
8182,6,sensor_failure,0.28,physics,cooldown,-1
8183,6,sensor_failure,0.935,physics,high_load,-1
8184,6,sensor_failure,0.21,physics,startup,-1
8185,6,sensor_failure,0.679,physics,steady_state,-1
8186,6,sensor_failure,0.796,physics,high_load,-1
8187,6,sensor_failure,0.773,physics,high_load,-1
8188,6,sensor_failure,0.592,physics,high_load,-1
8189,6,sensor_failure,0.607,physics,cooldown,-1
8190,6,sensor_failure,0.784,physics,steady_state,-1
8191,6,sensor_failure,0.828,physics,high_load,-1
8192,6,sensor_failure,0.798,physics,startup,-1
8193,6,sensor_failure,0.839,physics,cooldown,-1
8194,6,sensor_failure,0.736,physics,startup,-1
8195,6,sensor_failure,0.645,physics,steady_state,-1
8196,6,sensor_failure,0.99,physics,high_load,-1
8197,6,sensor_failure,0.64,physics,high_load,-1
8198,6,sensor_failure,0.297,physics,startup,-1
8199,6,sensor_failure,0.541,physics,cooldown,-1
8200,6,sensor_failure,0.978,physics,startup,-1
8201,6,sensor_failure,0.214,physics,cooldown,-1
8202,6,sensor_failure,0.396,physics,cooldown,-1
8203,6,sensor_failure,0.571,physics,startup,-1
8204,6,sensor_failure,0.203,physics,steady_state,-1
8205,6,sensor_failure,0.558,physics,high_load,-1
8206,6,sensor_failure,0.941,physics,startup,-1
8207,6,sensor_failure,0.476,physics,startup,-1
8208,6,sensor_failure,0.988,physics,cooldown,-1
8209,6,sensor_failure,0.574,physics,cooldown,-1
8210,6,sensor_failure,0.942,physics,steady_state,-1
8211,6,sensor_failure,0.958,physics,startup,-1
8212,6,sensor_failure,0.547,physics,high_load,-1
8213,6,sensor_failure,0.373,physics,high_load,-1
8214,6,sensor_failure,0.208,physics,cooldown,-1
8215,6,sensor_failure,0.288,physics,steady_state,-1
8216,6,sensor_failure,0.413,physics,high_load,-1
8217,6,sensor_failure,0.657,physics,steady_state,-1
8218,6,sensor_failure,0.201,physics,cooldown,-1
8219,6,sensor_failure,0.462,physics,cooldown,-1
8220,6,sensor_failure,0.507,physics,high_load,-1
8221,6,sensor_failure,0.356,physics,steady_state,-1
8222,6,sensor_failure,0.716,physics,cooldown,-1
8223,6,sensor_failure,0.934,physics,cooldown,-1
8224,6,sensor_failure,0.424,physics,startup,-1
8225,6,sensor_failure,0.843,physics,high_load,-1
8226,6,sensor_failure,0.555,physics,high_load,-1
8227,6,sensor_failure,0.341,physics,startup,-1
8228,6,sensor_failure,0.275,physics,startup,-1
8229,6,sensor_failure,0.315,physics,startup,-1
8230,6,sensor_failure,0.707,physics,steady_state,-1
8231,6,sensor_failure,0.254,physics,cooldown,-1
8232,6,sensor_failure,0.237,physics,steady_state,-1
8233,6,sensor_failure,0.847,physics,startup,-1
8234,6,sensor_failure,0.642,physics,high_load,-1
8235,6,sensor_failure,0.733,physics,startup,-1
8236,6,sensor_failure,0.816,physics,startup,-1
8237,6,sensor_failure,0.48,physics,cooldown,-1
8238,6,sensor_failure,0.594,physics,startup,-1
8239,6,sensor_failure,0.455,physics,cooldown,-1
8240,6,sensor_failure,0.558,physics,startup,-1
8241,6,sensor_failure,0.884,physics,cooldown,-1
8242,6,sensor_failure,0.456,physics,steady_state,-1
8243,6,sensor_failure,0.882,physics,cooldown,-1
8244,6,sensor_failure,0.956,physics,high_load,-1
8245,6,sensor_failure,0.65,physics,steady_state,-1
8246,6,sensor_failure,0.859,physics,cooldown,-1
8247,6,sensor_failure,0.999,physics,steady_state,-1
8248,6,sensor_failure,0.332,physics,startup,-1
8249,6,sensor_failure,0.87,physics,high_load,-1
8250,6,sensor_failure,0.881,physics,high_load,-1
8251,6,sensor_failure,0.854,physics,high_load,-1
8252,6,sensor_failure,0.57,physics,startup,-1
8253,6,sensor_failure,0.74,physics,cooldown,-1
8254,6,sensor_failure,0.987,physics,cooldown,-1
8255,6,sensor_failure,0.673,physics,startup,-1
8256,6,sensor_failure,0.5,physics,startup,-1
8257,6,sensor_failure,0.991,physics,high_load,-1
8258,6,sensor_failure,0.739,physics,steady_state,-1
8259,6,sensor_failure,0.694,physics,high_load,-1
8260,6,sensor_failure,0.22,physics,high_load,-1
8261,6,sensor_failure,0.584,physics,steady_state,-1
8262,6,sensor_failure,0.81,physics,startup,-1
8263,6,sensor_failure,0.851,physics,high_load,-1
8264,6,sensor_failure,0.819,physics,cooldown,-1
8265,6,sensor_failure,0.882,physics,cooldown,-1
8266,6,sensor_failure,0.667,physics,high_load,-1
8267,6,sensor_failure,0.222,physics,cooldown,-1
8268,6,sensor_failure,0.79,physics,cooldown,-1
8269,6,sensor_failure,0.809,physics,cooldown,-1
8270,6,sensor_failure,0.986,physics,startup,-1
8271,6,sensor_failure,0.618,physics,high_load,-1
8272,6,sensor_failure,0.991,physics,cooldown,-1
8273,6,sensor_failure,0.232,physics,high_load,-1
8274,6,sensor_failure,0.52,physics,steady_state,-1
8275,6,sensor_failure,0.509,physics,startup,-1
8276,6,sensor_failure,0.305,physics,high_load,-1
8277,6,sensor_failure,0.221,physics,cooldown,-1
8278,6,sensor_failure,0.545,physics,high_load,-1
8279,6,sensor_failure,0.42,physics,cooldown,-1
8280,6,sensor_failure,0.782,physics,cooldown,-1
8281,6,sensor_failure,0.574,physics,high_load,-1
8282,6,sensor_failure,0.747,physics,startup,-1
8283,6,sensor_failure,0.9,physics,cooldown,-1
8284,6,sensor_failure,0.416,physics,high_load,-1
8285,6,sensor_failure,0.331,physics,high_load,-1
8286,6,sensor_failure,0.919,physics,steady_state,-1
8287,6,sensor_failure,0.288,physics,steady_state,-1
8288,6,sensor_failure,0.41,physics,startup,-1
8289,6,sensor_failure,0.762,physics,cooldown,-1
8290,6,sensor_failure,0.97,physics,steady_state,-1
8291,6,sensor_failure,0.767,physics,steady_state,-1
8292,6,sensor_failure,0.658,physics,high_load,-1
8293,6,sensor_failure,0.641,physics,cooldown,-1
8294,6,sensor_failure,0.434,physics,cooldown,-1
8295,6,sensor_failure,0.775,physics,steady_state,-1
8296,6,sensor_failure,0.905,physics,cooldown,-1
8297,6,sensor_failure,0.393,physics,high_load,-1
8298,6,sensor_failure,0.663,physics,high_load,-1
8299,6,sensor_failure,0.904,physics,startup,-1
8300,6,sensor_failure,0.706,physics,startup,-1
8301,6,sensor_failure,0.81,physics,cooldown,-1
8302,6,sensor_failure,0.569,physics,high_load,-1
8303,6,sensor_failure,0.278,physics,high_load,-1
8304,6,sensor_failure,0.696,physics,steady_state,-1
8305,6,sensor_failure,0.605,physics,startup,-1
8306,6,sensor_failure,0.824,physics,startup,-1
8307,6,sensor_failure,0.345,physics,cooldown,-1
8308,6,sensor_failure,0.794,physics,steady_state,-1
8309,6,sensor_failure,0.543,physics,steady_state,-1
8310,6,sensor_failure,0.757,physics,startup,-1
8311,6,sensor_failure,0.455,physics,steady_state,-1
8312,6,sensor_failure,0.72,physics,high_load,-1
8313,6,sensor_failure,0.832,physics,steady_state,-1
8314,6,sensor_failure,0.332,physics,cooldown,-1
8315,6,sensor_failure,0.327,physics,cooldown,-1
8316,6,sensor_failure,0.663,physics,cooldown,-1
8317,6,sensor_failure,0.777,physics,steady_state,-1
8318,6,sensor_failure,0.952,physics,high_load,-1
8319,6,sensor_failure,0.859,physics,cooldown,-1
8320,6,sensor_failure,0.329,physics,startup,-1
8321,6,sensor_failure,0.596,physics,startup,-1
8322,6,sensor_failure,0.34,physics,startup,-1
8323,6,sensor_failure,0.618,physics,steady_state,-1
8324,6,sensor_failure,0.542,physics,high_load,-1
8325,6,sensor_failure,0.265,physics,high_load,-1
8326,6,sensor_failure,0.723,physics,cooldown,-1
8327,6,sensor_failure,0.625,physics,startup,-1
8328,6,sensor_failure,0.65,physics,startup,-1
8329,6,sensor_failure,0.846,physics,startup,-1
8330,6,sensor_failure,0.78,physics,startup,-1
8331,6,sensor_failure,0.273,physics,cooldown,-1
8332,6,sensor_failure,0.208,physics,cooldown,-1
8333,6,sensor_failure,0.908,physics,cooldown,-1
8334,6,sensor_failure,0.301,physics,steady_state,-1
8335,6,sensor_failure,0.684,physics,startup,-1
8336,6,sensor_failure,0.72,physics,high_load,-1
8337,6,sensor_failure,0.939,physics,cooldown,-1
8338,6,sensor_failure,0.533,physics,high_load,-1
8339,6,sensor_failure,0.949,physics,cooldown,-1
8340,6,sensor_failure,0.751,physics,cooldown,-1
8341,6,sensor_failure,0.692,physics,high_load,-1
8342,6,sensor_failure,0.978,physics,steady_state,-1
8343,6,sensor_failure,0.265,physics,cooldown,-1
8344,6,sensor_failure,0.783,physics,steady_state,-1
8345,6,sensor_failure,0.613,physics,startup,-1
8346,6,sensor_failure,0.939,physics,steady_state,-1
8347,6,sensor_failure,0.307,physics,startup,-1
8348,6,sensor_failure,0.506,physics,steady_state,-1
8349,6,sensor_failure,0.836,physics,steady_state,-1
8350,6,sensor_failure,0.606,physics,steady_state,-1
8351,6,sensor_failure,0.687,physics,cooldown,-1
8352,6,sensor_failure,0.59,physics,cooldown,-1
8353,6,sensor_failure,0.647,physics,startup,-1
8354,6,sensor_failure,0.81,physics,high_load,-1
8355,6,sensor_failure,0.657,physics,steady_state,-1
8356,6,sensor_failure,0.744,physics,high_load,-1
8357,6,sensor_failure,0.233,physics,high_load,-1
8358,6,sensor_failure,0.71,physics,steady_state,-1
8359,6,sensor_failure,0.906,physics,steady_state,-1
8360,6,sensor_failure,0.287,physics,high_load,-1
8361,6,sensor_failure,0.996,physics,high_load,-1
8362,6,sensor_failure,0.46,physics,high_load,-1
8363,6,sensor_failure,0.345,physics,high_load,-1
8364,6,sensor_failure,0.609,physics,startup,-1
8365,6,sensor_failure,0.319,physics,cooldown,-1
8366,6,sensor_failure,0.802,physics,high_load,-1
8367,6,sensor_failure,0.277,physics,high_load,-1
8368,6,sensor_failure,0.976,physics,high_load,-1
8369,6,sensor_failure,0.513,physics,cooldown,-1
8370,6,sensor_failure,0.537,physics,high_load,-1
8371,6,sensor_failure,0.28,physics,steady_state,-1
8372,6,sensor_failure,0.706,physics,startup,-1
8373,6,sensor_failure,0.894,physics,startup,-1
8374,6,sensor_failure,0.916,physics,steady_state,-1
8375,6,sensor_failure,0.948,physics,steady_state,-1
8376,6,sensor_failure,0.853,physics,cooldown,-1
8377,6,sensor_failure,0.213,physics,high_load,-1
8378,6,sensor_failure,0.83,physics,cooldown,-1
8379,6,sensor_failure,0.995,physics,startup,-1
8380,6,sensor_failure,0.399,physics,cooldown,-1
8381,6,sensor_failure,0.762,physics,cooldown,-1
8382,6,sensor_failure,0.213,physics,cooldown,-1
8383,6,sensor_failure,0.355,physics,steady_state,-1
8384,6,sensor_failure,0.276,physics,high_load,-1
8385,6,sensor_failure,0.55,physics,steady_state,-1
8386,6,sensor_failure,0.655,physics,cooldown,-1
8387,6,sensor_failure,0.425,physics,steady_state,-1
8388,6,sensor_failure,0.949,physics,startup,-1
8389,6,sensor_failure,0.97,physics,steady_state,-1
8390,6,sensor_failure,0.802,physics,cooldown,-1
8391,6,sensor_failure,0.971,physics,steady_state,-1
8392,6,sensor_failure,0.621,physics,startup,-1
8393,6,sensor_failure,0.637,physics,cooldown,-1
8394,6,sensor_failure,0.479,physics,high_load,-1
8395,6,sensor_failure,0.378,physics,startup,-1
8396,6,sensor_failure,0.582,physics,startup,-1
8397,6,sensor_failure,0.254,physics,startup,-1
8398,6,sensor_failure,0.752,physics,cooldown,-1
8399,6,sensor_failure,0.37,physics,steady_state,-1
