seq_id,label,label_name,group,steps,severity,cluster_id,source,m6b_step,generated
M6B_L1_00000,1,bearing_wear,A,250,0.8191648125648499,3,m6b_physics_lib_v2,0_v2,2026-04-26
M6B_L1_00001,1,bearing_wear,A,250,0.5511027574539185,3,m6b_physics_lib_v2,0_v2,2026-04-26
M6B_L1_00002,1,bearing_wear,A,250,0.8868783116340637,3,m6b_physics_lib_v2,0_v2,2026-04-26
M6B_L1_00003,1,bearing_wear,A,250,0.7578943967819214,3,m6b_physics_lib_v2,0_v2,2026-04-26
M6B_L1_00004,1,bearing_wear,A,250,0.27534186840057373,3,m6b_physics_lib_v2,0_v2,2026-04-26
M6B_L1_00005,1,bearing_wear,A,250,0.9804978966712952,2,m6b_physics_lib_v2,0_v2,2026-04-26
M6B_L1_00006,1,bearing_wear,A,250,0.8089117407798767,2,m6b_physics_lib_v2,0_v2,2026-04-26
M6B_L1_00007,1,bearing_wear,A,250,0.8288514614105225,2,m6b_physics_lib_v2,0_v2,2026-04-26
M6B_L1_00008,1,bearing_wear,A,250,0.3024909198284149,2,m6b_physics_lib_v2,0_v2,2026-04-26
M6B_L1_00009,1,bearing_wear,A,250,0.5603087544441223,3,m6b_physics_lib_v2,0_v2,2026-04-26
M6B_L1_00010,1,bearing_wear,A,250,0.4966384172439575,2,m6b_physics_lib_v2,0_v2,2026-04-26
M6B_L1_00011,1,bearing_wear,A,250,0.9414119720458984,2,m6b_physics_lib_v2,0_v2,2026-04-26
M6B_L1_00012,1,bearing_wear,A,250,0.715092122554779,1,m6b_physics_lib_v2,0_v2,2026-04-26
M6B_L1_00013,1,bearing_wear,A,250,0.8582093119621277,3,m6b_physics_lib_v2,0_v2,2026-04-26
M6B_L1_00014,1,bearing_wear,A,250,0.5547313690185547,2,m6b_physics_lib_v2,0_v2,2026-04-26
M6B_L1_00015,1,bearing_wear,A,250,0.38179096579551697,2,m6b_physics_lib_v2,0_v2,2026-04-26
M6B_L1_00016,1,bearing_wear,A,250,0.6436678171157837,2,m6b_physics_lib_v2,0_v2,2026-04-26
M6B_L1_00017,1,bearing_wear,A,250,0.2510538101196289,1,m6b_physics_lib_v2,0_v2,2026-04-26
M6B_L1_00018,1,bearing_wear,A,250,0.8621049523353577,2,m6b_physics_lib_v2,0_v2,2026-04-26
M6B_L1_00019,1,bearing_wear,A,250,0.7053315043449402,3,m6b_physics_lib_v2,0_v2,2026-04-26
M6B_L1_00020,1,bearing_wear,A,250,0.8064702153205872,2,m6b_physics_lib_v2,0_v2,2026-04-26
M6B_L1_00021,1,bearing_wear,A,250,0.4836207628250122,1,m6b_physics_lib_v2,0_v2,2026-04-26
M6B_L1_00022,1,bearing_wear,A,250,0.9765584468841553,2,m6b_physics_lib_v2,0_v2,2026-04-26
M6B_L1_00023,1,bearing_wear,A,250,0.914496898651123,1,m6b_physics_lib_v2,0_v2,2026-04-26
M6B_L1_00024,1,bearing_wear,A,250,0.8227068185806274,2,m6b_physics_lib_v2,0_v2,2026-04-26
M6B_L1_00025,1,bearing_wear,A,250,0.3557109534740448,2,m6b_physics_lib_v2,0_v2,2026-04-26
M6B_L1_00026,1,bearing_wear,A,250,0.5733767747879028,1,m6b_physics_lib_v2,0_v2,2026-04-26
M6B_L1_00027,1,bearing_wear,A,250,0.2350430190563202,3,m6b_physics_lib_v2,0_v2,2026-04-26
M6B_L1_00028,1,bearing_wear,A,250,0.3234315812587738,1,m6b_physics_lib_v2,0_v2,2026-04-26
M6B_L1_00029,1,bearing_wear,A,250,0.7464391589164734,3,m6b_physics_lib_v2,0_v2,2026-04-26
M6B_L1_00030,1,bearing_wear,A,250,0.7958097457885742,3,m6b_physics_lib_v2,0_v2,2026-04-26
M6B_L1_00031,1,bearing_wear,A,250,0.974007785320282,1,m6b_physics_lib_v2,0_v2,2026-04-26
M6B_L1_00032,1,bearing_wear,A,250,0.46066027879714966,2,m6b_physics_lib_v2,0_v2,2026-04-26
M6B_L1_00033,1,bearing_wear,A,250,0.49636775255203247,1,m6b_physics_lib_v2,0_v2,2026-04-26
M6B_L1_00034,1,bearing_wear,A,250,0.5756446719169617,1,m6b_physics_lib_v2,0_v2,2026-04-26
M6B_L1_00035,1,bearing_wear,A,250,0.3515770733356476,3,m6b_physics_lib_v2,0_v2,2026-04-26
M6B_L1_00036,1,bearing_wear,A,250,0.3039371967315674,3,m6b_physics_lib_v2,0_v2,2026-04-26
M6B_L1_00037,1,bearing_wear,A,250,0.5805639624595642,1,m6b_physics_lib_v2,0_v2,2026-04-26
M6B_L1_00038,1,bearing_wear,A,250,0.38152748346328735,1,m6b_physics_lib_v2,0_v2,2026-04-26
M6B_L1_00039,1,bearing_wear,A,250,0.7358511686325073,1,m6b_physics_lib_v2,0_v2,2026-04-26
M6B_L1_00040,1,bearing_wear,A,250,0.5497215390205383,2,m6b_physics_lib_v2,0_v2,2026-04-26
M6B_L1_00041,1,bearing_wear,A,250,0.8661425709724426,1,m6b_physics_lib_v2,0_v2,2026-04-26
M6B_L1_00042,1,bearing_wear,A,250,0.7602120637893677,1,m6b_physics_lib_v2,0_v2,2026-04-26
M6B_L1_00043,1,bearing_wear,A,250,0.4498933255672455,2,m6b_physics_lib_v2,0_v2,2026-04-26
M6B_L1_00044,1,bearing_wear,A,250,0.865807831287384,1,m6b_physics_lib_v2,0_v2,2026-04-26
M6B_L1_00045,1,bearing_wear,A,250,0.8438115119934082,3,m6b_physics_lib_v2,0_v2,2026-04-26
M6B_L1_00046,1,bearing_wear,A,250,0.509982705116272,3,m6b_physics_lib_v2,0_v2,2026-04-26
M6B_L1_00047,1,bearing_wear,A,250,0.43066248297691345,3,m6b_physics_lib_v2,0_v2,2026-04-26
M6B_L1_00048,1,bearing_wear,A,250,0.7459964156150818,1,m6b_physics_lib_v2,0_v2,2026-04-26
M6B_L1_00049,1,bearing_wear,A,250,0.3118019998073578,3,m6b_physics_lib_v2,0_v2,2026-04-26
M6B_L1_00050,1,bearing_wear,A,250,0.3599265515804291,3,m6b_physics_lib_v2,0_v2,2026-04-26
M6B_L1_00051,1,bearing_wear,A,250,0.20588982105255127,1,m6b_physics_lib_v2,0_v2,2026-04-26
M6B_L1_00052,1,bearing_wear,A,250,0.8295394778251648,3,m6b_physics_lib_v2,0_v2,2026-04-26
M6B_L1_00053,1,bearing_wear,A,250,0.7318806648254395,2,m6b_physics_lib_v2,0_v2,2026-04-26
M6B_L1_00054,1,bearing_wear,A,250,0.7641323208808899,3,m6b_physics_lib_v2,0_v2,2026-04-26
M6B_L1_00055,1,bearing_wear,A,250,0.8245832324028015,2,m6b_physics_lib_v2,0_v2,2026-04-26
M6B_L1_00056,1,bearing_wear,A,250,0.5671325922012329,3,m6b_physics_lib_v2,0_v2,2026-04-26
M6B_L1_00057,1,bearing_wear,A,250,0.654992938041687,1,m6b_physics_lib_v2,0_v2,2026-04-26
M6B_L1_00058,1,bearing_wear,A,250,0.3118375837802887,2,m6b_physics_lib_v2,0_v2,2026-04-26
M6B_L1_00059,1,bearing_wear,A,250,0.2916240692138672,1,m6b_physics_lib_v2,0_v2,2026-04-26
M6B_L1_00060,1,bearing_wear,A,250,0.734722375869751,1,m6b_physics_lib_v2,0_v2,2026-04-26
M6B_L1_00061,1,bearing_wear,A,250,0.5768769383430481,1,m6b_physics_lib_v2,0_v2,2026-04-26
M6B_L1_00062,1,bearing_wear,A,250,0.6521888971328735,2,m6b_physics_lib_v2,0_v2,2026-04-26
M6B_L1_00063,1,bearing_wear,A,250,0.8119990825653076,1,m6b_physics_lib_v2,0_v2,2026-04-26
M6B_L1_00064,1,bearing_wear,A,250,0.7077746391296387,3,m6b_physics_lib_v2,0_v2,2026-04-26
M6B_L1_00065,1,bearing_wear,A,250,0.6428635120391846,2,m6b_physics_lib_v2,0_v2,2026-04-26
M6B_L1_00066,1,bearing_wear,A,250,0.6473657488822937,3,m6b_physics_lib_v2,0_v2,2026-04-26
M6B_L1_00067,1,bearing_wear,A,250,0.4431600868701935,3,m6b_physics_lib_v2,0_v2,2026-04-26
M6B_L1_00068,1,bearing_wear,A,250,0.22465427219867706,1,m6b_physics_lib_v2,0_v2,2026-04-26
M6B_L1_00069,1,bearing_wear,A,250,0.5493739247322083,1,m6b_physics_lib_v2,0_v2,2026-04-26
M6B_L1_00070,1,bearing_wear,A,250,0.371667742729187,2,m6b_physics_lib_v2,0_v2,2026-04-26
M6B_L1_00071,1,bearing_wear,A,250,0.5268229246139526,2,m6b_physics_lib_v2,0_v2,2026-04-26
M6B_L1_00072,1,bearing_wear,A,250,0.8827224373817444,1,m6b_physics_lib_v2,0_v2,2026-04-26
M6B_L1_00073,1,bearing_wear,A,250,0.3871515989303589,3,m6b_physics_lib_v2,0_v2,2026-04-26
M6B_L1_00074,1,bearing_wear,A,250,0.24664218723773956,2,m6b_physics_lib_v2,0_v2,2026-04-26
M6B_L1_00075,1,bearing_wear,A,250,0.42510712146759033,3,m6b_physics_lib_v2,0_v2,2026-04-26
M6B_L1_00076,1,bearing_wear,A,250,0.4348750114440918,1,m6b_physics_lib_v2,0_v2,2026-04-26
M6B_L1_00077,1,bearing_wear,A,250,0.7295331954956055,3,m6b_physics_lib_v2,0_v2,2026-04-26
M6B_L1_00078,1,bearing_wear,A,250,0.6456257104873657,1,m6b_physics_lib_v2,0_v2,2026-04-26
M6B_L1_00079,1,bearing_wear,A,250,0.8271185755729675,2,m6b_physics_lib_v2,0_v2,2026-04-26
M6B_L1_00080,1,bearing_wear,A,250,0.7314508557319641,2,m6b_physics_lib_v2,0_v2,2026-04-26
M6B_L1_00081,1,bearing_wear,A,250,0.5251094698905945,3,m6b_physics_lib_v2,0_v2,2026-04-26
M6B_L1_00082,1,bearing_wear,A,250,0.8512163162231445,1,m6b_physics_lib_v2,0_v2,2026-04-26
M6B_L1_00083,1,bearing_wear,A,250,0.33357834815979004,1,m6b_physics_lib_v2,0_v2,2026-04-26
M6B_L1_00084,1,bearing_wear,A,250,0.2181696593761444,2,m6b_physics_lib_v2,0_v2,2026-04-26
M6B_L1_00085,1,bearing_wear,A,250,0.2720382809638977,2,m6b_physics_lib_v2,0_v2,2026-04-26
M6B_L1_00086,1,bearing_wear,A,250,0.7778874635696411,1,m6b_physics_lib_v2,0_v2,2026-04-26
M6B_L1_00087,1,bearing_wear,A,250,0.5695017576217651,1,m6b_physics_lib_v2,0_v2,2026-04-26
M6B_L1_00088,1,bearing_wear,A,250,0.32901743054389954,1,m6b_physics_lib_v2,0_v2,2026-04-26
M6B_L1_00089,1,bearing_wear,A,250,0.6008358001708984,2,m6b_physics_lib_v2,0_v2,2026-04-26
M6B_L1_00090,1,bearing_wear,A,250,0.32184967398643494,2,m6b_physics_lib_v2,0_v2,2026-04-26
M6B_L1_00091,1,bearing_wear,A,250,0.7570562958717346,2,m6b_physics_lib_v2,0_v2,2026-04-26
M6B_L1_00092,1,bearing_wear,A,250,0.5569249987602234,3,m6b_physics_lib_v2,0_v2,2026-04-26
M6B_L1_00093,1,bearing_wear,A,250,0.504817008972168,1,m6b_physics_lib_v2,0_v2,2026-04-26
M6B_L1_00094,1,bearing_wear,A,250,0.44120967388153076,3,m6b_physics_lib_v2,0_v2,2026-04-26
M6B_L1_00095,1,bearing_wear,A,250,0.7042260766029358,3,m6b_physics_lib_v2,0_v2,2026-04-26
M6B_L1_00096,1,bearing_wear,A,250,0.4894500970840454,1,m6b_physics_lib_v2,0_v2,2026-04-26
M6B_L1_00097,1,bearing_wear,A,250,0.27011993527412415,1,m6b_physics_lib_v2,0_v2,2026-04-26
M6B_L1_00098,1,bearing_wear,A,250,0.2944047152996063,1,m6b_physics_lib_v2,0_v2,2026-04-26
M6B_L1_00099,1,bearing_wear,A,250,0.9695181250572205,1,m6b_physics_lib_v2,0_v2,2026-04-26
M6B_L1_00100,1,bearing_wear,A,250,0.9268645644187927,2,m6b_physics_lib_v2,0_v2,2026-04-26
M6B_L1_00101,1,bearing_wear,A,250,0.7597656846046448,1,m6b_physics_lib_v2,0_v2,2026-04-26
M6B_L1_00102,1,bearing_wear,A,250,0.412695974111557,1,m6b_physics_lib_v2,0_v2,2026-04-26
M6B_L1_00103,1,bearing_wear,A,250,0.9753410816192627,2,m6b_physics_lib_v2,0_v2,2026-04-26
M6B_L1_00104,1,bearing_wear,A,250,0.8230007290840149,3,m6b_physics_lib_v2,0_v2,2026-04-26
M6B_L1_00105,1,bearing_wear,A,250,0.7735121250152588,1,m6b_physics_lib_v2,0_v2,2026-04-26
M6B_L1_00106,1,bearing_wear,A,250,0.5594891905784607,3,m6b_physics_lib_v2,0_v2,2026-04-26
M6B_L1_00107,1,bearing_wear,A,250,0.41779324412345886,2,m6b_physics_lib_v2,0_v2,2026-04-26
M6B_L1_00108,1,bearing_wear,A,250,0.27711278200149536,3,m6b_physics_lib_v2,0_v2,2026-04-26
M6B_L1_00109,1,bearing_wear,A,250,0.9220818877220154,1,m6b_physics_lib_v2,0_v2,2026-04-26
M6B_L1_00110,1,bearing_wear,A,250,0.5646210312843323,2,m6b_physics_lib_v2,0_v2,2026-04-26
M6B_L1_00111,1,bearing_wear,A,250,0.3618907034397125,3,m6b_physics_lib_v2,0_v2,2026-04-26
M6B_L1_00112,1,bearing_wear,A,250,0.4447652995586395,1,m6b_physics_lib_v2,0_v2,2026-04-26
M6B_L1_00113,1,bearing_wear,A,250,0.6633756756782532,3,m6b_physics_lib_v2,0_v2,2026-04-26
M6B_L1_00114,1,bearing_wear,A,250,0.34141823649406433,2,m6b_physics_lib_v2,0_v2,2026-04-26
M6B_L1_00115,1,bearing_wear,A,250,0.8852913975715637,2,m6b_physics_lib_v2,0_v2,2026-04-26
M6B_L1_00116,1,bearing_wear,A,250,0.8068156242370605,2,m6b_physics_lib_v2,0_v2,2026-04-26
M6B_L1_00117,1,bearing_wear,A,250,0.7755703926086426,2,m6b_physics_lib_v2,0_v2,2026-04-26
M6B_L1_00118,1,bearing_wear,A,250,0.5456744432449341,1,m6b_physics_lib_v2,0_v2,2026-04-26
M6B_L1_00119,1,bearing_wear,A,250,0.7018470764160156,3,m6b_physics_lib_v2,0_v2,2026-04-26
M6B_L1_00120,1,bearing_wear,A,250,0.6672783493995667,2,m6b_physics_lib_v2,0_v2,2026-04-26
M6B_L1_00121,1,bearing_wear,A,250,0.719877302646637,3,m6b_physics_lib_v2,0_v2,2026-04-26
M6B_L1_00122,1,bearing_wear,A,250,0.26755544543266296,2,m6b_physics_lib_v2,0_v2,2026-04-26
M6B_L1_00123,1,bearing_wear,A,250,0.5326459407806396,2,m6b_physics_lib_v2,0_v2,2026-04-26
M6B_L1_00124,1,bearing_wear,A,250,0.23329134285449982,2,m6b_physics_lib_v2,0_v2,2026-04-26
M6B_L1_00125,1,bearing_wear,A,250,0.5951926708221436,3,m6b_physics_lib_v2,0_v2,2026-04-26
M6B_L1_00126,1,bearing_wear,A,250,0.4638889729976654,3,m6b_physics_lib_v2,0_v2,2026-04-26
M6B_L1_00127,1,bearing_wear,A,250,0.3156193494796753,3,m6b_physics_lib_v2,0_v2,2026-04-26
M6B_L1_00128,1,bearing_wear,A,250,0.2827223837375641,2,m6b_physics_lib_v2,0_v2,2026-04-26
M6B_L1_00129,1,bearing_wear,A,250,0.6701156497001648,3,m6b_physics_lib_v2,0_v2,2026-04-26
M6B_L1_00130,1,bearing_wear,A,250,0.33647438883781433,2,m6b_physics_lib_v2,0_v2,2026-04-26
M6B_L1_00131,1,bearing_wear,A,250,0.9400960803031921,2,m6b_physics_lib_v2,0_v2,2026-04-26
M6B_L1_00132,1,bearing_wear,A,250,0.6648489236831665,3,m6b_physics_lib_v2,0_v2,2026-04-26
M6B_L1_00133,1,bearing_wear,A,250,0.47749584913253784,1,m6b_physics_lib_v2,0_v2,2026-04-26
M6B_L1_00134,1,bearing_wear,A,250,0.672732412815094,3,m6b_physics_lib_v2,0_v2,2026-04-26
M6B_L1_00135,1,bearing_wear,A,250,0.2182430922985077,1,m6b_physics_lib_v2,0_v2,2026-04-26
M6B_L1_00136,1,bearing_wear,A,250,0.9668473601341248,2,m6b_physics_lib_v2,0_v2,2026-04-26
M6B_L1_00137,1,bearing_wear,A,250,0.5858427286148071,2,m6b_physics_lib_v2,0_v2,2026-04-26
M6B_L1_00138,1,bearing_wear,A,250,0.8261882066726685,2,m6b_physics_lib_v2,0_v2,2026-04-26
M6B_L1_00139,1,bearing_wear,A,250,0.266184002161026,2,m6b_physics_lib_v2,0_v2,2026-04-26
M6B_L1_00140,1,bearing_wear,A,250,0.5893266797065735,2,m6b_physics_lib_v2,0_v2,2026-04-26
M6B_L1_00141,1,bearing_wear,A,250,0.5925655961036682,2,m6b_physics_lib_v2,0_v2,2026-04-26
M6B_L1_00142,1,bearing_wear,A,250,0.9502611756324768,2,m6b_physics_lib_v2,0_v2,2026-04-26
M6B_L1_00143,1,bearing_wear,A,250,0.6573824286460876,2,m6b_physics_lib_v2,0_v2,2026-04-26
M6B_L1_00144,1,bearing_wear,A,250,0.5787914991378784,3,m6b_physics_lib_v2,0_v2,2026-04-26
M6B_L1_00145,1,bearing_wear,A,250,0.4135805368423462,2,m6b_physics_lib_v2,0_v2,2026-04-26
M6B_L1_00146,1,bearing_wear,A,250,0.4652552008628845,2,m6b_physics_lib_v2,0_v2,2026-04-26
M6B_L1_00147,1,bearing_wear,A,250,0.6165379285812378,3,m6b_physics_lib_v2,0_v2,2026-04-26
M6B_L1_00148,1,bearing_wear,A,250,0.551129162311554,3,m6b_physics_lib_v2,0_v2,2026-04-26
M6B_L1_00149,1,bearing_wear,A,250,0.21728967130184174,1,m6b_physics_lib_v2,0_v2,2026-04-26
M6B_L1_00150,1,bearing_wear,A,250,0.86103355884552,3,m6b_physics_lib_v2,0_v2,2026-04-26
M6B_L1_00151,1,bearing_wear,A,250,0.9169285893440247,1,m6b_physics_lib_v2,0_v2,2026-04-26
M6B_L1_00152,1,bearing_wear,A,250,0.31219926476478577,1,m6b_physics_lib_v2,0_v2,2026-04-26
M6B_L1_00153,1,bearing_wear,A,250,0.6432288885116577,3,m6b_physics_lib_v2,0_v2,2026-04-26
M6B_L1_00154,1,bearing_wear,A,250,0.2868605852127075,1,m6b_physics_lib_v2,0_v2,2026-04-26
M6B_L1_00155,1,bearing_wear,A,250,0.7377920746803284,3,m6b_physics_lib_v2,0_v2,2026-04-26
M6B_L1_00156,1,bearing_wear,A,250,0.4249870181083679,3,m6b_physics_lib_v2,0_v2,2026-04-26
M6B_L1_00157,1,bearing_wear,A,250,0.7275381088256836,3,m6b_physics_lib_v2,0_v2,2026-04-26
M6B_L1_00158,1,bearing_wear,A,250,0.7815957069396973,3,m6b_physics_lib_v2,0_v2,2026-04-26
M6B_L1_00159,1,bearing_wear,A,250,0.8149179816246033,3,m6b_physics_lib_v2,0_v2,2026-04-26
M6B_L1_00160,1,bearing_wear,A,250,0.28619274497032166,1,m6b_physics_lib_v2,0_v2,2026-04-26
M6B_L1_00161,1,bearing_wear,A,250,0.9328094720840454,3,m6b_physics_lib_v2,0_v2,2026-04-26
M6B_L1_00162,1,bearing_wear,A,250,0.38417118787765503,1,m6b_physics_lib_v2,0_v2,2026-04-26
M6B_L1_00163,1,bearing_wear,A,250,0.22993004322052002,1,m6b_physics_lib_v2,0_v2,2026-04-26
M6B_L1_00164,1,bearing_wear,A,250,0.6438819766044617,1,m6b_physics_lib_v2,0_v2,2026-04-26
M6B_L1_00165,1,bearing_wear,A,250,0.49673783779144287,2,m6b_physics_lib_v2,0_v2,2026-04-26
M6B_L1_00166,1,bearing_wear,A,250,0.8638318181037903,3,m6b_physics_lib_v2,0_v2,2026-04-26
M6B_L1_00167,1,bearing_wear,A,250,0.8466011881828308,1,m6b_physics_lib_v2,0_v2,2026-04-26
M6B_L1_00168,1,bearing_wear,A,250,0.4537111222743988,3,m6b_physics_lib_v2,0_v2,2026-04-26
M6B_L1_00169,1,bearing_wear,A,250,0.9623194932937622,2,m6b_physics_lib_v2,0_v2,2026-04-26
M6B_L1_00170,1,bearing_wear,A,250,0.43273428082466125,2,m6b_physics_lib_v2,0_v2,2026-04-26
M6B_L1_00171,1,bearing_wear,A,250,0.6120457053184509,3,m6b_physics_lib_v2,0_v2,2026-04-26
M6B_L1_00172,1,bearing_wear,A,250,0.4047720730304718,2,m6b_physics_lib_v2,0_v2,2026-04-26
M6B_L1_00173,1,bearing_wear,A,250,0.9488348364830017,2,m6b_physics_lib_v2,0_v2,2026-04-26
M6B_L1_00174,1,bearing_wear,A,250,0.33168625831604004,3,m6b_physics_lib_v2,0_v2,2026-04-26
M6B_L1_00175,1,bearing_wear,A,250,0.2359284907579422,2,m6b_physics_lib_v2,0_v2,2026-04-26
M6B_L1_00176,1,bearing_wear,A,250,0.5480776429176331,2,m6b_physics_lib_v2,0_v2,2026-04-26
M6B_L1_00177,1,bearing_wear,A,250,0.9939004778862,1,m6b_physics_lib_v2,0_v2,2026-04-26
M6B_L1_00178,1,bearing_wear,A,250,0.9133418202400208,1,m6b_physics_lib_v2,0_v2,2026-04-26
M6B_L1_00179,1,bearing_wear,A,250,0.7988864183425903,1,m6b_physics_lib_v2,0_v2,2026-04-26
M6B_L1_00180,1,bearing_wear,A,250,0.912634015083313,1,m6b_physics_lib_v2,0_v2,2026-04-26
M6B_L1_00181,1,bearing_wear,A,250,0.9147573113441467,1,m6b_physics_lib_v2,0_v2,2026-04-26
M6B_L1_00182,1,bearing_wear,A,250,0.6150866746902466,3,m6b_physics_lib_v2,0_v2,2026-04-26
M6B_L1_00183,1,bearing_wear,A,250,0.4527432322502136,1,m6b_physics_lib_v2,0_v2,2026-04-26
M6B_L1_00184,1,bearing_wear,A,250,0.817609965801239,2,m6b_physics_lib_v2,0_v2,2026-04-26
M6B_L1_00185,1,bearing_wear,A,250,0.729328989982605,3,m6b_physics_lib_v2,0_v2,2026-04-26
M6B_L1_00186,1,bearing_wear,A,250,0.49892619252204895,3,m6b_physics_lib_v2,0_v2,2026-04-26
M6B_L1_00187,1,bearing_wear,A,250,0.27557334303855896,2,m6b_physics_lib_v2,0_v2,2026-04-26
M6B_L1_00188,1,bearing_wear,A,250,0.7974317073822021,1,m6b_physics_lib_v2,0_v2,2026-04-26
M6B_L1_00189,1,bearing_wear,A,250,0.40996840596199036,3,m6b_physics_lib_v2,0_v2,2026-04-26
M6B_L1_00190,1,bearing_wear,A,250,0.9494504928588867,1,m6b_physics_lib_v2,0_v2,2026-04-26
M6B_L1_00191,1,bearing_wear,A,250,0.3927764594554901,3,m6b_physics_lib_v2,0_v2,2026-04-26
M6B_L1_00192,1,bearing_wear,A,250,0.2982063591480255,3,m6b_physics_lib_v2,0_v2,2026-04-26
M6B_L1_00193,1,bearing_wear,A,250,0.8648901581764221,1,m6b_physics_lib_v2,0_v2,2026-04-26
M6B_L1_00194,1,bearing_wear,A,250,0.322627454996109,3,m6b_physics_lib_v2,0_v2,2026-04-26
M6B_L1_00195,1,bearing_wear,A,250,0.34341463446617126,1,m6b_physics_lib_v2,0_v2,2026-04-26
M6B_L1_00196,1,bearing_wear,A,250,0.679506242275238,1,m6b_physics_lib_v2,0_v2,2026-04-26
M6B_L1_00197,1,bearing_wear,A,250,0.8996496200561523,3,m6b_physics_lib_v2,0_v2,2026-04-26
M6B_L1_00198,1,bearing_wear,A,250,0.3571477234363556,3,m6b_physics_lib_v2,0_v2,2026-04-26
M6B_L1_00199,1,bearing_wear,A,250,0.4482589364051819,1,m6b_physics_lib_v2,0_v2,2026-04-26
M6B_L1_00200,1,bearing_wear,A,250,0.8219238519668579,3,m6b_physics_lib_v2,0_v2,2026-04-26
M6B_L1_00201,1,bearing_wear,A,250,0.9774611592292786,3,m6b_physics_lib_v2,0_v2,2026-04-26
M6B_L1_00202,1,bearing_wear,A,250,0.6005929708480835,3,m6b_physics_lib_v2,0_v2,2026-04-26
M6B_L1_00203,1,bearing_wear,A,250,0.3151180148124695,1,m6b_physics_lib_v2,0_v2,2026-04-26
M6B_L1_00204,1,bearing_wear,A,250,0.21114903688430786,1,m6b_physics_lib_v2,0_v2,2026-04-26
M6B_L1_00205,1,bearing_wear,A,250,0.3837248384952545,3,m6b_physics_lib_v2,0_v2,2026-04-26
M6B_L1_00206,1,bearing_wear,A,250,0.3054577708244324,3,m6b_physics_lib_v2,0_v2,2026-04-26
M6B_L1_00207,1,bearing_wear,A,250,0.7421269416809082,3,m6b_physics_lib_v2,0_v2,2026-04-26
M6B_L1_00208,1,bearing_wear,A,250,0.2974660098552704,2,m6b_physics_lib_v2,0_v2,2026-04-26
M6B_L1_00209,1,bearing_wear,A,250,0.6050639748573303,1,m6b_physics_lib_v2,0_v2,2026-04-26
M6B_L1_00210,1,bearing_wear,A,250,0.7554099559783936,3,m6b_physics_lib_v2,0_v2,2026-04-26
M6B_L1_00211,1,bearing_wear,A,250,0.6648932695388794,1,m6b_physics_lib_v2,0_v2,2026-04-26
M6B_L1_00212,1,bearing_wear,A,250,0.35982051491737366,2,m6b_physics_lib_v2,0_v2,2026-04-26
M6B_L1_00213,1,bearing_wear,A,250,0.8432996273040771,3,m6b_physics_lib_v2,0_v2,2026-04-26
M6B_L1_00214,1,bearing_wear,A,250,0.7723256945610046,2,m6b_physics_lib_v2,0_v2,2026-04-26
M6B_L1_00215,1,bearing_wear,A,250,0.7911872267723083,1,m6b_physics_lib_v2,0_v2,2026-04-26
M6B_L1_00216,1,bearing_wear,A,250,0.3048461973667145,1,m6b_physics_lib_v2,0_v2,2026-04-26
M6B_L1_00217,1,bearing_wear,A,250,0.2990030348300934,2,m6b_physics_lib_v2,0_v2,2026-04-26
M6B_L1_00218,1,bearing_wear,A,250,0.942050039768219,3,m6b_physics_lib_v2,0_v2,2026-04-26
M6B_L1_00219,1,bearing_wear,A,250,0.5180625319480896,2,m6b_physics_lib_v2,0_v2,2026-04-26
M6B_L1_00220,1,bearing_wear,A,250,0.44075894355773926,3,m6b_physics_lib_v2,0_v2,2026-04-26
M6B_L1_00221,1,bearing_wear,A,250,0.5908672213554382,1,m6b_physics_lib_v2,0_v2,2026-04-26
M6B_L1_00222,1,bearing_wear,A,250,0.7302913665771484,3,m6b_physics_lib_v2,0_v2,2026-04-26
M6B_L1_00223,1,bearing_wear,A,250,0.9644985795021057,3,m6b_physics_lib_v2,0_v2,2026-04-26
M6B_L1_00224,1,bearing_wear,A,250,0.42915698885917664,2,m6b_physics_lib_v2,0_v2,2026-04-26
M6B_L1_00225,1,bearing_wear,A,250,0.9398467540740967,3,m6b_physics_lib_v2,0_v2,2026-04-26
M6B_L1_00226,1,bearing_wear,A,250,0.2198875993490219,2,m6b_physics_lib_v2,0_v2,2026-04-26
M6B_L1_00227,1,bearing_wear,A,250,0.6441584229469299,2,m6b_physics_lib_v2,0_v2,2026-04-26
M6B_L1_00228,1,bearing_wear,A,250,0.7071800827980042,3,m6b_physics_lib_v2,0_v2,2026-04-26
M6B_L1_00229,1,bearing_wear,A,250,0.2847179174423218,3,m6b_physics_lib_v2,0_v2,2026-04-26
M6B_L1_00230,1,bearing_wear,A,250,0.31227168440818787,3,m6b_physics_lib_v2,0_v2,2026-04-26
M6B_L1_00231,1,bearing_wear,A,250,0.5352914333343506,1,m6b_physics_lib_v2,0_v2,2026-04-26
M6B_L1_00232,1,bearing_wear,A,250,0.9729855060577393,3,m6b_physics_lib_v2,0_v2,2026-04-26
M6B_L1_00233,1,bearing_wear,A,250,0.6768340468406677,1,m6b_physics_lib_v2,0_v2,2026-04-26
M6B_L1_00234,1,bearing_wear,A,250,0.9464185833930969,2,m6b_physics_lib_v2,0_v2,2026-04-26
M6B_L1_00235,1,bearing_wear,A,250,0.8434887528419495,2,m6b_physics_lib_v2,0_v2,2026-04-26
M6B_L1_00236,1,bearing_wear,A,250,0.5739052891731262,2,m6b_physics_lib_v2,0_v2,2026-04-26
M6B_L1_00237,1,bearing_wear,A,250,0.8278107643127441,3,m6b_physics_lib_v2,0_v2,2026-04-26
M6B_L1_00238,1,bearing_wear,A,250,0.21426942944526672,3,m6b_physics_lib_v2,0_v2,2026-04-26
M6B_L1_00239,1,bearing_wear,A,250,0.2873151898384094,1,m6b_physics_lib_v2,0_v2,2026-04-26
M6B_L1_00240,1,bearing_wear,A,250,0.863542914390564,1,m6b_physics_lib_v2,0_v2,2026-04-26
M6B_L1_00241,1,bearing_wear,A,250,0.8374536633491516,1,m6b_physics_lib_v2,0_v2,2026-04-26
M6B_L1_00242,1,bearing_wear,A,250,0.38611260056495667,3,m6b_physics_lib_v2,0_v2,2026-04-26
M6B_L1_00243,1,bearing_wear,A,250,0.6246156692504883,2,m6b_physics_lib_v2,0_v2,2026-04-26
M6B_L1_00244,1,bearing_wear,A,250,0.6848126649856567,3,m6b_physics_lib_v2,0_v2,2026-04-26
M6B_L1_00245,1,bearing_wear,A,250,0.8941911458969116,3,m6b_physics_lib_v2,0_v2,2026-04-26
M6B_L1_00246,1,bearing_wear,A,250,0.6824856996536255,3,m6b_physics_lib_v2,0_v2,2026-04-26
M6B_L1_00247,1,bearing_wear,A,250,0.5300572514533997,1,m6b_physics_lib_v2,0_v2,2026-04-26
M6B_L1_00248,1,bearing_wear,A,250,0.4993472397327423,1,m6b_physics_lib_v2,0_v2,2026-04-26
M6B_L1_00249,1,bearing_wear,A,250,0.540705680847168,2,m6b_physics_lib_v2,0_v2,2026-04-26
M6B_L1_00250,1,bearing_wear,A,250,0.7215448021888733,2,m6b_physics_lib_v2,0_v2,2026-04-26
M6B_L1_00251,1,bearing_wear,A,250,0.8939924836158752,3,m6b_physics_lib_v2,0_v2,2026-04-26
M6B_L1_00252,1,bearing_wear,A,250,0.563117504119873,1,m6b_physics_lib_v2,0_v2,2026-04-26
M6B_L1_00253,1,bearing_wear,A,250,0.3982716500759125,2,m6b_physics_lib_v2,0_v2,2026-04-26
M6B_L1_00254,1,bearing_wear,A,250,0.3893298804759979,1,m6b_physics_lib_v2,0_v2,2026-04-26
M6B_L1_00255,1,bearing_wear,A,250,0.7968114018440247,1,m6b_physics_lib_v2,0_v2,2026-04-26
M6B_L1_00256,1,bearing_wear,A,250,0.853255033493042,1,m6b_physics_lib_v2,0_v2,2026-04-26
M6B_L1_00257,1,bearing_wear,A,250,0.28422245383262634,1,m6b_physics_lib_v2,0_v2,2026-04-26
M6B_L1_00258,1,bearing_wear,A,250,0.25324708223342896,2,m6b_physics_lib_v2,0_v2,2026-04-26
M6B_L1_00259,1,bearing_wear,A,250,0.6755469441413879,2,m6b_physics_lib_v2,0_v2,2026-04-26
M6B_L1_00260,1,bearing_wear,A,250,0.3169386088848114,2,m6b_physics_lib_v2,0_v2,2026-04-26
M6B_L1_00261,1,bearing_wear,A,250,0.8597313761711121,2,m6b_physics_lib_v2,0_v2,2026-04-26
M6B_L1_00262,1,bearing_wear,A,250,0.44826772809028625,3,m6b_physics_lib_v2,0_v2,2026-04-26
M6B_L1_00263,1,bearing_wear,A,250,0.31509754061698914,3,m6b_physics_lib_v2,0_v2,2026-04-26
M6B_L1_00264,1,bearing_wear,A,250,0.9367763996124268,2,m6b_physics_lib_v2,0_v2,2026-04-26
M6B_L1_00265,1,bearing_wear,A,250,0.33242538571357727,2,m6b_physics_lib_v2,0_v2,2026-04-26
M6B_L1_00266,1,bearing_wear,A,250,0.4277760684490204,3,m6b_physics_lib_v2,0_v2,2026-04-26
M6B_L1_00267,1,bearing_wear,A,250,0.3228907287120819,3,m6b_physics_lib_v2,0_v2,2026-04-26
M6B_L1_00268,1,bearing_wear,A,250,0.2923920452594757,1,m6b_physics_lib_v2,0_v2,2026-04-26
M6B_L1_00269,1,bearing_wear,A,250,0.21691840887069702,3,m6b_physics_lib_v2,0_v2,2026-04-26
M6B_L1_00270,1,bearing_wear,A,250,0.24431632459163666,1,m6b_physics_lib_v2,0_v2,2026-04-26
M6B_L1_00271,1,bearing_wear,A,250,0.3397131860256195,2,m6b_physics_lib_v2,0_v2,2026-04-26
M6B_L1_00272,1,bearing_wear,A,250,0.2427055388689041,2,m6b_physics_lib_v2,0_v2,2026-04-26
M6B_L1_00273,1,bearing_wear,A,250,0.6729150414466858,2,m6b_physics_lib_v2,0_v2,2026-04-26
M6B_L1_00274,1,bearing_wear,A,250,0.7445716261863708,1,m6b_physics_lib_v2,0_v2,2026-04-26
M6B_L1_00275,1,bearing_wear,A,250,0.5149043798446655,3,m6b_physics_lib_v2,0_v2,2026-04-26
M6B_L1_00276,1,bearing_wear,A,250,0.4543928802013397,1,m6b_physics_lib_v2,0_v2,2026-04-26
M6B_L1_00277,1,bearing_wear,A,250,0.6036210060119629,1,m6b_physics_lib_v2,0_v2,2026-04-26
M6B_L1_00278,1,bearing_wear,A,250,0.900003969669342,3,m6b_physics_lib_v2,0_v2,2026-04-26
M6B_L1_00279,1,bearing_wear,A,250,0.8809053301811218,3,m6b_physics_lib_v2,0_v2,2026-04-26
M6B_L1_00280,1,bearing_wear,A,250,0.23478004336357117,1,m6b_physics_lib_v2,0_v2,2026-04-26
M6B_L1_00281,1,bearing_wear,A,250,0.34519872069358826,3,m6b_physics_lib_v2,0_v2,2026-04-26
M6B_L1_00282,1,bearing_wear,A,250,0.38939589262008667,3,m6b_physics_lib_v2,0_v2,2026-04-26
M6B_L1_00283,1,bearing_wear,A,250,0.39951005578041077,1,m6b_physics_lib_v2,0_v2,2026-04-26
M6B_L1_00284,1,bearing_wear,A,250,0.6569861173629761,2,m6b_physics_lib_v2,0_v2,2026-04-26
M6B_L1_00285,1,bearing_wear,A,250,0.533009946346283,2,m6b_physics_lib_v2,0_v2,2026-04-26
M6B_L1_00286,1,bearing_wear,A,250,0.23940329253673553,1,m6b_physics_lib_v2,0_v2,2026-04-26
M6B_L1_00287,1,bearing_wear,A,250,0.49889132380485535,1,m6b_physics_lib_v2,0_v2,2026-04-26
M6B_L1_00288,1,bearing_wear,A,250,0.6190023422241211,1,m6b_physics_lib_v2,0_v2,2026-04-26
M6B_L1_00289,1,bearing_wear,A,250,0.28133752942085266,1,m6b_physics_lib_v2,0_v2,2026-04-26
M6B_L1_00290,1,bearing_wear,A,250,0.8667668700218201,2,m6b_physics_lib_v2,0_v2,2026-04-26
M6B_L1_00291,1,bearing_wear,A,250,0.24156948924064636,2,m6b_physics_lib_v2,0_v2,2026-04-26
M6B_L1_00292,1,bearing_wear,A,250,0.9398735165596008,1,m6b_physics_lib_v2,0_v2,2026-04-26
M6B_L1_00293,1,bearing_wear,A,250,0.2792905271053314,1,m6b_physics_lib_v2,0_v2,2026-04-26
M6B_L1_00294,1,bearing_wear,A,250,0.8748599886894226,1,m6b_physics_lib_v2,0_v2,2026-04-26
M6B_L1_00295,1,bearing_wear,A,250,0.9221225380897522,3,m6b_physics_lib_v2,0_v2,2026-04-26
M6B_L1_00296,1,bearing_wear,A,250,0.9836565256118774,1,m6b_physics_lib_v2,0_v2,2026-04-26
M6B_L1_00297,1,bearing_wear,A,250,0.841620683670044,3,m6b_physics_lib_v2,0_v2,2026-04-26
M6B_L1_00298,1,bearing_wear,A,250,0.8235820531845093,2,m6b_physics_lib_v2,0_v2,2026-04-26
M6B_L1_00299,1,bearing_wear,A,250,0.7139866352081299,3,m6b_physics_lib_v2,0_v2,2026-04-26
M6B_L1_00300,1,bearing_wear,A,250,0.823197066783905,2,m6b_physics_lib_v2,0_v2,2026-04-26
M6B_L1_00301,1,bearing_wear,A,250,0.30764177441596985,1,m6b_physics_lib_v2,0_v2,2026-04-26
M6B_L1_00302,1,bearing_wear,A,250,0.6288544535636902,2,m6b_physics_lib_v2,0_v2,2026-04-26
M6B_L1_00303,1,bearing_wear,A,250,0.6113783121109009,1,m6b_physics_lib_v2,0_v2,2026-04-26
M6B_L1_00304,1,bearing_wear,A,250,0.8860577344894409,1,m6b_physics_lib_v2,0_v2,2026-04-26
M6B_L1_00305,1,bearing_wear,A,250,0.5702394843101501,1,m6b_physics_lib_v2,0_v2,2026-04-26
M6B_L1_00306,1,bearing_wear,A,250,0.5080716013908386,1,m6b_physics_lib_v2,0_v2,2026-04-26
M6B_L1_00307,1,bearing_wear,A,250,0.7116506099700928,1,m6b_physics_lib_v2,0_v2,2026-04-26
M6B_L1_00308,1,bearing_wear,A,250,0.4131706655025482,1,m6b_physics_lib_v2,0_v2,2026-04-26
M6B_L1_00309,1,bearing_wear,A,250,0.31181472539901733,3,m6b_physics_lib_v2,0_v2,2026-04-26
M6B_L1_00310,1,bearing_wear,A,250,0.5823017954826355,2,m6b_physics_lib_v2,0_v2,2026-04-26
M6B_L1_00311,1,bearing_wear,A,250,0.5335115194320679,2,m6b_physics_lib_v2,0_v2,2026-04-26
M6B_L1_00312,1,bearing_wear,A,250,0.38605594635009766,3,m6b_physics_lib_v2,0_v2,2026-04-26
M6B_L1_00313,1,bearing_wear,A,250,0.49400943517684937,1,m6b_physics_lib_v2,0_v2,2026-04-26
M6B_L1_00314,1,bearing_wear,A,250,0.4931139647960663,2,m6b_physics_lib_v2,0_v2,2026-04-26
M6B_L1_00315,1,bearing_wear,A,250,0.461996465921402,3,m6b_physics_lib_v2,0_v2,2026-04-26
M6B_L1_00316,1,bearing_wear,A,250,0.5035712718963623,2,m6b_physics_lib_v2,0_v2,2026-04-26
M6B_L1_00317,1,bearing_wear,A,250,0.7485947012901306,2,m6b_physics_lib_v2,0_v2,2026-04-26
M6B_L1_00318,1,bearing_wear,A,250,0.4375011920928955,1,m6b_physics_lib_v2,0_v2,2026-04-26
M6B_L1_00319,1,bearing_wear,A,250,0.9590863585472107,1,m6b_physics_lib_v2,0_v2,2026-04-26
M6B_L1_00320,1,bearing_wear,A,250,0.933078408241272,1,m6b_physics_lib_v2,0_v2,2026-04-26
M6B_L1_00321,1,bearing_wear,A,250,0.5847283601760864,1,m6b_physics_lib_v2,0_v2,2026-04-26
M6B_L1_00322,1,bearing_wear,A,250,0.46268895268440247,3,m6b_physics_lib_v2,0_v2,2026-04-26
M6B_L1_00323,1,bearing_wear,A,250,0.6283478140830994,2,m6b_physics_lib_v2,0_v2,2026-04-26
M6B_L1_00324,1,bearing_wear,A,250,0.8788483738899231,2,m6b_physics_lib_v2,0_v2,2026-04-26
M6B_L1_00325,1,bearing_wear,A,250,0.7220698595046997,3,m6b_physics_lib_v2,0_v2,2026-04-26
M6B_L1_00326,1,bearing_wear,A,250,0.8435134887695312,1,m6b_physics_lib_v2,0_v2,2026-04-26
M6B_L1_00327,1,bearing_wear,A,250,0.6261778473854065,1,m6b_physics_lib_v2,0_v2,2026-04-26
M6B_L1_00328,1,bearing_wear,A,250,0.706334114074707,2,m6b_physics_lib_v2,0_v2,2026-04-26
M6B_L1_00329,1,bearing_wear,A,250,0.4305244982242584,3,m6b_physics_lib_v2,0_v2,2026-04-26
M6B_L1_00330,1,bearing_wear,A,250,0.787914514541626,2,m6b_physics_lib_v2,0_v2,2026-04-26
M6B_L1_00331,1,bearing_wear,A,250,0.3619236648082733,3,m6b_physics_lib_v2,0_v2,2026-04-26
M6B_L1_00332,1,bearing_wear,A,250,0.7558385133743286,1,m6b_physics_lib_v2,0_v2,2026-04-26
M6B_L1_00333,1,bearing_wear,A,250,0.8885752558708191,3,m6b_physics_lib_v2,0_v2,2026-04-26
M6B_L1_00334,1,bearing_wear,A,250,0.3056822717189789,1,m6b_physics_lib_v2,0_v2,2026-04-26
M6B_L1_00335,1,bearing_wear,A,250,0.6915037631988525,1,m6b_physics_lib_v2,0_v2,2026-04-26
M6B_L1_00336,1,bearing_wear,A,250,0.2760765850543976,2,m6b_physics_lib_v2,0_v2,2026-04-26
M6B_L1_00337,1,bearing_wear,A,250,0.7805724740028381,1,m6b_physics_lib_v2,0_v2,2026-04-26
M6B_L1_00338,1,bearing_wear,A,250,0.267594575881958,3,m6b_physics_lib_v2,0_v2,2026-04-26
M6B_L1_00339,1,bearing_wear,A,250,0.9487518668174744,3,m6b_physics_lib_v2,0_v2,2026-04-26
M6B_L1_00340,1,bearing_wear,A,250,0.3099263310432434,2,m6b_physics_lib_v2,0_v2,2026-04-26
M6B_L1_00341,1,bearing_wear,A,250,0.9671041965484619,1,m6b_physics_lib_v2,0_v2,2026-04-26
M6B_L1_00342,1,bearing_wear,A,250,0.8407073616981506,1,m6b_physics_lib_v2,0_v2,2026-04-26
M6B_L1_00343,1,bearing_wear,A,250,0.674945592880249,2,m6b_physics_lib_v2,0_v2,2026-04-26
M6B_L1_00344,1,bearing_wear,A,250,0.8260992765426636,2,m6b_physics_lib_v2,0_v2,2026-04-26
M6B_L1_00345,1,bearing_wear,A,250,0.8360918760299683,3,m6b_physics_lib_v2,0_v2,2026-04-26
M6B_L1_00346,1,bearing_wear,A,250,0.956821620464325,2,m6b_physics_lib_v2,0_v2,2026-04-26
M6B_L1_00347,1,bearing_wear,A,250,0.40270668268203735,1,m6b_physics_lib_v2,0_v2,2026-04-26
M6B_L1_00348,1,bearing_wear,A,250,0.6720607280731201,1,m6b_physics_lib_v2,0_v2,2026-04-26
M6B_L1_00349,1,bearing_wear,A,250,0.27603936195373535,3,m6b_physics_lib_v2,0_v2,2026-04-26
M6B_L1_00350,1,bearing_wear,A,250,0.6929325461387634,1,m6b_physics_lib_v2,0_v2,2026-04-26
M6B_L1_00351,1,bearing_wear,A,250,0.3370330333709717,3,m6b_physics_lib_v2,0_v2,2026-04-26
M6B_L1_00352,1,bearing_wear,A,250,0.6519604921340942,1,m6b_physics_lib_v2,0_v2,2026-04-26
M6B_L1_00353,1,bearing_wear,A,250,0.6579444408416748,3,m6b_physics_lib_v2,0_v2,2026-04-26
M6B_L1_00354,1,bearing_wear,A,250,0.5727881193161011,3,m6b_physics_lib_v2,0_v2,2026-04-26
M6B_L1_00355,1,bearing_wear,A,250,0.618105411529541,2,m6b_physics_lib_v2,0_v2,2026-04-26
M6B_L1_00356,1,bearing_wear,A,250,0.8111386895179749,1,m6b_physics_lib_v2,0_v2,2026-04-26
M6B_L1_00357,1,bearing_wear,A,250,0.8393957614898682,3,m6b_physics_lib_v2,0_v2,2026-04-26
M6B_L1_00358,1,bearing_wear,A,250,0.5937225818634033,1,m6b_physics_lib_v2,0_v2,2026-04-26
M6B_L1_00359,1,bearing_wear,A,250,0.6796747446060181,2,m6b_physics_lib_v2,0_v2,2026-04-26
M6B_L1_00360,1,bearing_wear,A,250,0.9449889659881592,3,m6b_physics_lib_v2,0_v2,2026-04-26
M6B_L1_00361,1,bearing_wear,A,250,0.29578685760498047,3,m6b_physics_lib_v2,0_v2,2026-04-26
M6B_L1_00362,1,bearing_wear,A,250,0.29368284344673157,1,m6b_physics_lib_v2,0_v2,2026-04-26
M6B_L1_00363,1,bearing_wear,A,250,0.27016720175743103,3,m6b_physics_lib_v2,0_v2,2026-04-26
M6B_L1_00364,1,bearing_wear,A,250,0.7262906432151794,1,m6b_physics_lib_v2,0_v2,2026-04-26
M6B_L1_00365,1,bearing_wear,A,250,0.5348866581916809,3,m6b_physics_lib_v2,0_v2,2026-04-26
M6B_L1_00366,1,bearing_wear,A,250,0.8194571137428284,2,m6b_physics_lib_v2,0_v2,2026-04-26
M6B_L1_00367,1,bearing_wear,A,250,0.7369851469993591,1,m6b_physics_lib_v2,0_v2,2026-04-26
M6B_L1_00368,1,bearing_wear,A,250,0.4669102132320404,2,m6b_physics_lib_v2,0_v2,2026-04-26
M6B_L1_00369,1,bearing_wear,A,250,0.9186932444572449,1,m6b_physics_lib_v2,0_v2,2026-04-26
M6B_L1_00370,1,bearing_wear,A,250,0.810025691986084,3,m6b_physics_lib_v2,0_v2,2026-04-26
M6B_L1_00371,1,bearing_wear,A,250,0.41642794013023376,1,m6b_physics_lib_v2,0_v2,2026-04-26
M6B_L1_00372,1,bearing_wear,A,250,0.4913536012172699,1,m6b_physics_lib_v2,0_v2,2026-04-26
M6B_L1_00373,1,bearing_wear,A,250,0.45155197381973267,2,m6b_physics_lib_v2,0_v2,2026-04-26
M6B_L1_00374,1,bearing_wear,A,250,0.3260893225669861,3,m6b_physics_lib_v2,0_v2,2026-04-26
M6B_L1_00375,1,bearing_wear,A,250,0.31822669506073,2,m6b_physics_lib_v2,0_v2,2026-04-26
M6B_L1_00376,1,bearing_wear,A,250,0.9489019513130188,2,m6b_physics_lib_v2,0_v2,2026-04-26
M6B_L1_00377,1,bearing_wear,A,250,0.5503232479095459,2,m6b_physics_lib_v2,0_v2,2026-04-26
M6B_L1_00378,1,bearing_wear,A,250,0.5066558718681335,3,m6b_physics_lib_v2,0_v2,2026-04-26
M6B_L1_00379,1,bearing_wear,A,250,0.7837485671043396,2,m6b_physics_lib_v2,0_v2,2026-04-26
M6B_L1_00380,1,bearing_wear,A,250,0.6423944234848022,3,m6b_physics_lib_v2,0_v2,2026-04-26
M6B_L1_00381,1,bearing_wear,A,250,0.9489119648933411,3,m6b_physics_lib_v2,0_v2,2026-04-26
M6B_L1_00382,1,bearing_wear,A,250,0.8242412209510803,3,m6b_physics_lib_v2,0_v2,2026-04-26
M6B_L1_00383,1,bearing_wear,A,250,0.5834956765174866,3,m6b_physics_lib_v2,0_v2,2026-04-26
M6B_L1_00384,1,bearing_wear,A,250,0.5010876059532166,3,m6b_physics_lib_v2,0_v2,2026-04-26
M6B_L1_00385,1,bearing_wear,A,250,0.9893052577972412,1,m6b_physics_lib_v2,0_v2,2026-04-26
M6B_L1_00386,1,bearing_wear,A,250,0.7742081880569458,3,m6b_physics_lib_v2,0_v2,2026-04-26
M6B_L1_00387,1,bearing_wear,A,250,0.9609557390213013,3,m6b_physics_lib_v2,0_v2,2026-04-26
M6B_L1_00388,1,bearing_wear,A,250,0.2947828471660614,1,m6b_physics_lib_v2,0_v2,2026-04-26
M6B_L1_00389,1,bearing_wear,A,250,0.8804269433021545,3,m6b_physics_lib_v2,0_v2,2026-04-26
M6B_L1_00390,1,bearing_wear,A,250,0.7096590995788574,1,m6b_physics_lib_v2,0_v2,2026-04-26
M6B_L1_00391,1,bearing_wear,A,250,0.29753735661506653,2,m6b_physics_lib_v2,0_v2,2026-04-26
M6B_L1_00392,1,bearing_wear,A,250,0.6706063747406006,3,m6b_physics_lib_v2,0_v2,2026-04-26
M6B_L1_00393,1,bearing_wear,A,250,0.7488771080970764,1,m6b_physics_lib_v2,0_v2,2026-04-26
M6B_L1_00394,1,bearing_wear,A,250,0.20984214544296265,2,m6b_physics_lib_v2,0_v2,2026-04-26
M6B_L1_00395,1,bearing_wear,A,250,0.5634543895721436,3,m6b_physics_lib_v2,0_v2,2026-04-26
M6B_L1_00396,1,bearing_wear,A,250,0.8603196144104004,2,m6b_physics_lib_v2,0_v2,2026-04-26
M6B_L1_00397,1,bearing_wear,A,250,0.4362872242927551,3,m6b_physics_lib_v2,0_v2,2026-04-26
M6B_L1_00398,1,bearing_wear,A,250,0.5668384432792664,1,m6b_physics_lib_v2,0_v2,2026-04-26
M6B_L1_00399,1,bearing_wear,A,250,0.553851306438446,3,m6b_physics_lib_v2,0_v2,2026-04-26
M6B_L1_00400,1,bearing_wear,A,250,0.4415419101715088,3,m6b_physics_lib_v2,0_v2,2026-04-26
M6B_L1_00401,1,bearing_wear,A,250,0.9347535371780396,3,m6b_physics_lib_v2,0_v2,2026-04-26
M6B_L1_00402,1,bearing_wear,A,250,0.8250352144241333,1,m6b_physics_lib_v2,0_v2,2026-04-26
M6B_L1_00403,1,bearing_wear,A,250,0.28847071528434753,3,m6b_physics_lib_v2,0_v2,2026-04-26
M6B_L1_00404,1,bearing_wear,A,250,0.9976277351379395,2,m6b_physics_lib_v2,0_v2,2026-04-26
M6B_L1_00405,1,bearing_wear,A,250,0.9033600091934204,2,m6b_physics_lib_v2,0_v2,2026-04-26
M6B_L1_00406,1,bearing_wear,A,250,0.4271267354488373,2,m6b_physics_lib_v2,0_v2,2026-04-26
M6B_L1_00407,1,bearing_wear,A,250,0.8695172667503357,2,m6b_physics_lib_v2,0_v2,2026-04-26
M6B_L1_00408,1,bearing_wear,A,250,0.2851356267929077,2,m6b_physics_lib_v2,0_v2,2026-04-26
M6B_L1_00409,1,bearing_wear,A,250,0.9992837905883789,2,m6b_physics_lib_v2,0_v2,2026-04-26
M6B_L1_00410,1,bearing_wear,A,250,0.7325477600097656,1,m6b_physics_lib_v2,0_v2,2026-04-26
M6B_L1_00411,1,bearing_wear,A,250,0.7200999855995178,3,m6b_physics_lib_v2,0_v2,2026-04-26
M6B_L1_00412,1,bearing_wear,A,250,0.27235257625579834,1,m6b_physics_lib_v2,0_v2,2026-04-26
M6B_L1_00413,1,bearing_wear,A,250,0.9176267385482788,1,m6b_physics_lib_v2,0_v2,2026-04-26
M6B_L1_00414,1,bearing_wear,A,250,0.22319960594177246,2,m6b_physics_lib_v2,0_v2,2026-04-26
M6B_L1_00415,1,bearing_wear,A,250,0.3926624357700348,2,m6b_physics_lib_v2,0_v2,2026-04-26
M6B_L1_00416,1,bearing_wear,A,250,0.3144175112247467,2,m6b_physics_lib_v2,0_v2,2026-04-26
M6B_L1_00417,1,bearing_wear,A,250,0.8214143514633179,3,m6b_physics_lib_v2,0_v2,2026-04-26
M6B_L1_00418,1,bearing_wear,A,250,0.3585633933544159,1,m6b_physics_lib_v2,0_v2,2026-04-26
M6B_L1_00419,1,bearing_wear,A,250,0.9285106062889099,1,m6b_physics_lib_v2,0_v2,2026-04-26
M6B_L1_00420,1,bearing_wear,A,250,0.7250152230262756,2,m6b_physics_lib_v2,0_v2,2026-04-26
M6B_L1_00421,1,bearing_wear,A,250,0.22893017530441284,3,m6b_physics_lib_v2,0_v2,2026-04-26
M6B_L1_00422,1,bearing_wear,A,250,0.20434387028217316,2,m6b_physics_lib_v2,0_v2,2026-04-26
M6B_L1_00423,1,bearing_wear,A,250,0.24132633209228516,2,m6b_physics_lib_v2,0_v2,2026-04-26
M6B_L1_00424,1,bearing_wear,A,250,0.6847401261329651,2,m6b_physics_lib_v2,0_v2,2026-04-26
M6B_L1_00425,1,bearing_wear,A,250,0.841185450553894,3,m6b_physics_lib_v2,0_v2,2026-04-26
M6B_L1_00426,1,bearing_wear,A,250,0.3908422589302063,2,m6b_physics_lib_v2,0_v2,2026-04-26
M6B_L1_00427,1,bearing_wear,A,250,0.8795270919799805,3,m6b_physics_lib_v2,0_v2,2026-04-26
M6B_L1_00428,1,bearing_wear,A,250,0.24578554928302765,3,m6b_physics_lib_v2,0_v2,2026-04-26
M6B_L1_00429,1,bearing_wear,A,250,0.8407710790634155,1,m6b_physics_lib_v2,0_v2,2026-04-26
M6B_L1_00430,1,bearing_wear,A,250,0.9422363638877869,1,m6b_physics_lib_v2,0_v2,2026-04-26
M6B_L1_00431,1,bearing_wear,A,250,0.8176867365837097,3,m6b_physics_lib_v2,0_v2,2026-04-26
M6B_L1_00432,1,bearing_wear,A,250,0.7584966421127319,1,m6b_physics_lib_v2,0_v2,2026-04-26
M6B_L1_00433,1,bearing_wear,A,250,0.870384156703949,2,m6b_physics_lib_v2,0_v2,2026-04-26
M6B_L1_00434,1,bearing_wear,A,250,0.2321210354566574,1,m6b_physics_lib_v2,0_v2,2026-04-26
M6B_L1_00435,1,bearing_wear,A,250,0.3614256978034973,2,m6b_physics_lib_v2,0_v2,2026-04-26
M6B_L1_00436,1,bearing_wear,A,250,0.29993894696235657,1,m6b_physics_lib_v2,0_v2,2026-04-26
M6B_L1_00437,1,bearing_wear,A,250,0.6036248207092285,2,m6b_physics_lib_v2,0_v2,2026-04-26
M6B_L1_00438,1,bearing_wear,A,250,0.7961505055427551,3,m6b_physics_lib_v2,0_v2,2026-04-26
M6B_L1_00439,1,bearing_wear,A,250,0.704009473323822,3,m6b_physics_lib_v2,0_v2,2026-04-26
M6B_L1_00440,1,bearing_wear,A,250,0.8809048533439636,3,m6b_physics_lib_v2,0_v2,2026-04-26
M6B_L1_00441,1,bearing_wear,A,250,0.32417038083076477,1,m6b_physics_lib_v2,0_v2,2026-04-26
M6B_L1_00442,1,bearing_wear,A,250,0.787696897983551,2,m6b_physics_lib_v2,0_v2,2026-04-26
M6B_L1_00443,1,bearing_wear,A,250,0.35443317890167236,1,m6b_physics_lib_v2,0_v2,2026-04-26
M6B_L1_00444,1,bearing_wear,A,250,0.41660699248313904,3,m6b_physics_lib_v2,0_v2,2026-04-26
M6B_L1_00445,1,bearing_wear,A,250,0.7679237723350525,3,m6b_physics_lib_v2,0_v2,2026-04-26
M6B_L1_00446,1,bearing_wear,A,250,0.9841638207435608,1,m6b_physics_lib_v2,0_v2,2026-04-26
M6B_L1_00447,1,bearing_wear,A,250,0.6892349123954773,2,m6b_physics_lib_v2,0_v2,2026-04-26
M6B_L1_00448,1,bearing_wear,A,250,0.2436002492904663,2,m6b_physics_lib_v2,0_v2,2026-04-26
M6B_L1_00449,1,bearing_wear,A,250,0.6930471658706665,2,m6b_physics_lib_v2,0_v2,2026-04-26
M6B_L1_00450,1,bearing_wear,A,250,0.2338804453611374,2,m6b_physics_lib_v2,0_v2,2026-04-26
M6B_L1_00451,1,bearing_wear,A,250,0.9073165655136108,1,m6b_physics_lib_v2,0_v2,2026-04-26
M6B_L1_00452,1,bearing_wear,A,250,0.7676626443862915,2,m6b_physics_lib_v2,0_v2,2026-04-26
M6B_L1_00453,1,bearing_wear,A,250,0.33850228786468506,2,m6b_physics_lib_v2,0_v2,2026-04-26
M6B_L1_00454,1,bearing_wear,A,250,0.27337679266929626,3,m6b_physics_lib_v2,0_v2,2026-04-26
M6B_L1_00455,1,bearing_wear,A,250,0.34682658314704895,3,m6b_physics_lib_v2,0_v2,2026-04-26
M6B_L1_00456,1,bearing_wear,A,250,0.9840217232704163,3,m6b_physics_lib_v2,0_v2,2026-04-26
M6B_L1_00457,1,bearing_wear,A,250,0.5668485164642334,1,m6b_physics_lib_v2,0_v2,2026-04-26
M6B_L1_00458,1,bearing_wear,A,250,0.8272647857666016,3,m6b_physics_lib_v2,0_v2,2026-04-26
M6B_L1_00459,1,bearing_wear,A,250,0.7091266512870789,2,m6b_physics_lib_v2,0_v2,2026-04-26
M6B_L1_00460,1,bearing_wear,A,250,0.6579304933547974,2,m6b_physics_lib_v2,0_v2,2026-04-26
M6B_L1_00461,1,bearing_wear,A,250,0.3161042034626007,3,m6b_physics_lib_v2,0_v2,2026-04-26
M6B_L1_00462,1,bearing_wear,A,250,0.9568195343017578,3,m6b_physics_lib_v2,0_v2,2026-04-26
M6B_L1_00463,1,bearing_wear,A,250,0.44107410311698914,1,m6b_physics_lib_v2,0_v2,2026-04-26
M6B_L1_00464,1,bearing_wear,A,250,0.6624137759208679,2,m6b_physics_lib_v2,0_v2,2026-04-26
M6B_L1_00465,1,bearing_wear,A,250,0.7598207592964172,3,m6b_physics_lib_v2,0_v2,2026-04-26
M6B_L1_00466,1,bearing_wear,A,250,0.7193865180015564,2,m6b_physics_lib_v2,0_v2,2026-04-26
M6B_L1_00467,1,bearing_wear,A,250,0.9524755477905273,1,m6b_physics_lib_v2,0_v2,2026-04-26
M6B_L1_00468,1,bearing_wear,A,250,0.31875118613243103,2,m6b_physics_lib_v2,0_v2,2026-04-26
M6B_L1_00469,1,bearing_wear,A,250,0.6066821813583374,3,m6b_physics_lib_v2,0_v2,2026-04-26
M6B_L1_00470,1,bearing_wear,A,250,0.5232275128364563,1,m6b_physics_lib_v2,0_v2,2026-04-26
M6B_L1_00471,1,bearing_wear,A,250,0.5793349742889404,3,m6b_physics_lib_v2,0_v2,2026-04-26
M6B_L1_00472,1,bearing_wear,A,250,0.2953740358352661,3,m6b_physics_lib_v2,0_v2,2026-04-26
M6B_L1_00473,1,bearing_wear,A,250,0.3072756826877594,3,m6b_physics_lib_v2,0_v2,2026-04-26
M6B_L1_00474,1,bearing_wear,A,250,0.4224604368209839,1,m6b_physics_lib_v2,0_v2,2026-04-26
M6B_L1_00475,1,bearing_wear,A,250,0.4437636733055115,1,m6b_physics_lib_v2,0_v2,2026-04-26
M6B_L1_00476,1,bearing_wear,A,250,0.54232257604599,2,m6b_physics_lib_v2,0_v2,2026-04-26
M6B_L1_00477,1,bearing_wear,A,250,0.6887900233268738,2,m6b_physics_lib_v2,0_v2,2026-04-26
M6B_L1_00478,1,bearing_wear,A,250,0.7077032923698425,2,m6b_physics_lib_v2,0_v2,2026-04-26
M6B_L1_00479,1,bearing_wear,A,250,0.5294486880302429,3,m6b_physics_lib_v2,0_v2,2026-04-26
M6B_L1_00480,1,bearing_wear,A,250,0.5270264744758606,3,m6b_physics_lib_v2,0_v2,2026-04-26
M6B_L1_00481,1,bearing_wear,A,250,0.3741028308868408,1,m6b_physics_lib_v2,0_v2,2026-04-26
M6B_L1_00482,1,bearing_wear,A,250,0.670644998550415,3,m6b_physics_lib_v2,0_v2,2026-04-26
M6B_L1_00483,1,bearing_wear,A,250,0.45363274216651917,1,m6b_physics_lib_v2,0_v2,2026-04-26
M6B_L1_00484,1,bearing_wear,A,250,0.22884786128997803,2,m6b_physics_lib_v2,0_v2,2026-04-26
M6B_L1_00485,1,bearing_wear,A,250,0.5347200632095337,1,m6b_physics_lib_v2,0_v2,2026-04-26
M6B_L1_00486,1,bearing_wear,A,250,0.5793061256408691,2,m6b_physics_lib_v2,0_v2,2026-04-26
M6B_L1_00487,1,bearing_wear,A,250,0.3804742991924286,3,m6b_physics_lib_v2,0_v2,2026-04-26
M6B_L1_00488,1,bearing_wear,A,250,0.6579663753509521,2,m6b_physics_lib_v2,0_v2,2026-04-26
M6B_L1_00489,1,bearing_wear,A,250,0.6526175141334534,3,m6b_physics_lib_v2,0_v2,2026-04-26
M6B_L1_00490,1,bearing_wear,A,250,0.7616017460823059,1,m6b_physics_lib_v2,0_v2,2026-04-26
M6B_L1_00491,1,bearing_wear,A,250,0.7183588147163391,2,m6b_physics_lib_v2,0_v2,2026-04-26
M6B_L1_00492,1,bearing_wear,A,250,0.7219464182853699,2,m6b_physics_lib_v2,0_v2,2026-04-26
M6B_L1_00493,1,bearing_wear,A,250,0.45297130942344666,3,m6b_physics_lib_v2,0_v2,2026-04-26
M6B_L1_00494,1,bearing_wear,A,250,0.8299458026885986,3,m6b_physics_lib_v2,0_v2,2026-04-26
M6B_L1_00495,1,bearing_wear,A,250,0.6393154859542847,2,m6b_physics_lib_v2,0_v2,2026-04-26
M6B_L1_00496,1,bearing_wear,A,250,0.5451345443725586,1,m6b_physics_lib_v2,0_v2,2026-04-26
M6B_L1_00497,1,bearing_wear,A,250,0.7008099555969238,2,m6b_physics_lib_v2,0_v2,2026-04-26
M6B_L1_00498,1,bearing_wear,A,250,0.4885258674621582,1,m6b_physics_lib_v2,0_v2,2026-04-26
M6B_L1_00499,1,bearing_wear,A,250,0.6101914048194885,2,m6b_physics_lib_v2,0_v2,2026-04-26
M6B_L1_00500,1,bearing_wear,A,250,0.7893645763397217,1,m6b_physics_lib_v2,0_v2,2026-04-26
M6B_L1_00501,1,bearing_wear,A,250,0.9091222882270813,2,m6b_physics_lib_v2,0_v2,2026-04-26
M6B_L1_00502,1,bearing_wear,A,250,0.9368457794189453,1,m6b_physics_lib_v2,0_v2,2026-04-26
M6B_L1_00503,1,bearing_wear,A,250,0.602906346321106,1,m6b_physics_lib_v2,0_v2,2026-04-26
M6B_L1_00504,1,bearing_wear,A,250,0.6162201166152954,1,m6b_physics_lib_v2,0_v2,2026-04-26
M6B_L1_00505,1,bearing_wear,A,250,0.8398963212966919,3,m6b_physics_lib_v2,0_v2,2026-04-26
M6B_L1_00506,1,bearing_wear,A,250,0.4515605568885803,3,m6b_physics_lib_v2,0_v2,2026-04-26
M6B_L1_00507,1,bearing_wear,A,250,0.8699058890342712,3,m6b_physics_lib_v2,0_v2,2026-04-26
M6B_L1_00508,1,bearing_wear,A,250,0.595313310623169,1,m6b_physics_lib_v2,0_v2,2026-04-26
M6B_L1_00509,1,bearing_wear,A,250,0.2926853895187378,2,m6b_physics_lib_v2,0_v2,2026-04-26
M6B_L1_00510,1,bearing_wear,A,250,0.257647305727005,3,m6b_physics_lib_v2,0_v2,2026-04-26
M6B_L1_00511,1,bearing_wear,A,250,0.8735945820808411,2,m6b_physics_lib_v2,0_v2,2026-04-26
M6B_L1_00512,1,bearing_wear,A,250,0.24445433914661407,1,m6b_physics_lib_v2,0_v2,2026-04-26
M6B_L1_00513,1,bearing_wear,A,250,0.4244891405105591,1,m6b_physics_lib_v2,0_v2,2026-04-26
M6B_L1_00514,1,bearing_wear,A,250,0.4673040211200714,1,m6b_physics_lib_v2,0_v2,2026-04-26
M6B_L1_00515,1,bearing_wear,A,250,0.3383955657482147,3,m6b_physics_lib_v2,0_v2,2026-04-26
M6B_L1_00516,1,bearing_wear,A,250,0.451114684343338,1,m6b_physics_lib_v2,0_v2,2026-04-26
M6B_L1_00517,1,bearing_wear,A,250,0.7941540479660034,3,m6b_physics_lib_v2,0_v2,2026-04-26
M6B_L1_00518,1,bearing_wear,A,250,0.21174627542495728,3,m6b_physics_lib_v2,0_v2,2026-04-26
M6B_L1_00519,1,bearing_wear,A,250,0.8617387413978577,3,m6b_physics_lib_v2,0_v2,2026-04-26
M6B_L1_00520,1,bearing_wear,A,250,0.8852384090423584,3,m6b_physics_lib_v2,0_v2,2026-04-26
M6B_L1_00521,1,bearing_wear,A,250,0.4978092610836029,1,m6b_physics_lib_v2,0_v2,2026-04-26
M6B_L1_00522,1,bearing_wear,A,250,0.3228903114795685,3,m6b_physics_lib_v2,0_v2,2026-04-26
M6B_L1_00523,1,bearing_wear,A,250,0.6806723475456238,1,m6b_physics_lib_v2,0_v2,2026-04-26
M6B_L1_00524,1,bearing_wear,A,250,0.2957380414009094,1,m6b_physics_lib_v2,0_v2,2026-04-26
M6B_L1_00525,1,bearing_wear,A,250,0.49193549156188965,1,m6b_physics_lib_v2,0_v2,2026-04-26
M6B_L1_00526,1,bearing_wear,A,250,0.9667433500289917,1,m6b_physics_lib_v2,0_v2,2026-04-26
M6B_L1_00527,1,bearing_wear,A,250,0.9963715672492981,1,m6b_physics_lib_v2,0_v2,2026-04-26
M6B_L1_00528,1,bearing_wear,A,250,0.8176839351654053,1,m6b_physics_lib_v2,0_v2,2026-04-26
M6B_L1_00529,1,bearing_wear,A,250,0.448769211769104,1,m6b_physics_lib_v2,0_v2,2026-04-26
M6B_L1_00530,1,bearing_wear,A,250,0.7501320242881775,2,m6b_physics_lib_v2,0_v2,2026-04-26
M6B_L1_00531,1,bearing_wear,A,250,0.7643250823020935,1,m6b_physics_lib_v2,0_v2,2026-04-26
M6B_L1_00532,1,bearing_wear,A,250,0.5102733373641968,1,m6b_physics_lib_v2,0_v2,2026-04-26
M6B_L1_00533,1,bearing_wear,A,250,0.7127109169960022,3,m6b_physics_lib_v2,0_v2,2026-04-26
M6B_L1_00534,1,bearing_wear,A,250,0.20858211815357208,1,m6b_physics_lib_v2,0_v2,2026-04-26
M6B_L1_00535,1,bearing_wear,A,250,0.3672461211681366,1,m6b_physics_lib_v2,0_v2,2026-04-26
M6B_L1_00536,1,bearing_wear,A,250,0.6200706362724304,1,m6b_physics_lib_v2,0_v2,2026-04-26
M6B_L1_00537,1,bearing_wear,A,250,0.33100104331970215,1,m6b_physics_lib_v2,0_v2,2026-04-26
M6B_L1_00538,1,bearing_wear,A,250,0.33272549510002136,2,m6b_physics_lib_v2,0_v2,2026-04-26
M6B_L1_00539,1,bearing_wear,A,250,0.8690434098243713,3,m6b_physics_lib_v2,0_v2,2026-04-26
M6B_L1_00540,1,bearing_wear,A,250,0.9913064241409302,3,m6b_physics_lib_v2,0_v2,2026-04-26
M6B_L1_00541,1,bearing_wear,A,250,0.6447755694389343,2,m6b_physics_lib_v2,0_v2,2026-04-26
M6B_L1_00542,1,bearing_wear,A,250,0.8712557554244995,1,m6b_physics_lib_v2,0_v2,2026-04-26
M6B_L1_00543,1,bearing_wear,A,250,0.9922573566436768,3,m6b_physics_lib_v2,0_v2,2026-04-26
M6B_L1_00544,1,bearing_wear,A,250,0.3132767081260681,1,m6b_physics_lib_v2,0_v2,2026-04-26
M6B_L1_00545,1,bearing_wear,A,250,0.5585964918136597,2,m6b_physics_lib_v2,0_v2,2026-04-26
M6B_L1_00546,1,bearing_wear,A,250,0.5140581727027893,2,m6b_physics_lib_v2,0_v2,2026-04-26
M6B_L1_00547,1,bearing_wear,A,250,0.26403942704200745,3,m6b_physics_lib_v2,0_v2,2026-04-26
M6B_L1_00548,1,bearing_wear,A,250,0.8042641282081604,1,m6b_physics_lib_v2,0_v2,2026-04-26
M6B_L1_00549,1,bearing_wear,A,250,0.5470232367515564,2,m6b_physics_lib_v2,0_v2,2026-04-26
M6B_L1_00550,1,bearing_wear,A,250,0.5754615664482117,2,m6b_physics_lib_v2,0_v2,2026-04-26
M6B_L1_00551,1,bearing_wear,A,250,0.32053837180137634,2,m6b_physics_lib_v2,0_v2,2026-04-26
M6B_L1_00552,1,bearing_wear,A,250,0.3447413146495819,3,m6b_physics_lib_v2,0_v2,2026-04-26
M6B_L1_00553,1,bearing_wear,A,250,0.9256829023361206,3,m6b_physics_lib_v2,0_v2,2026-04-26
M6B_L1_00554,1,bearing_wear,A,250,0.23571927845478058,2,m6b_physics_lib_v2,0_v2,2026-04-26
M6B_L1_00555,1,bearing_wear,A,250,0.386281818151474,2,m6b_physics_lib_v2,0_v2,2026-04-26
M6B_L1_00556,1,bearing_wear,A,250,0.4336474537849426,3,m6b_physics_lib_v2,0_v2,2026-04-26
M6B_L1_00557,1,bearing_wear,A,250,0.5921580195426941,2,m6b_physics_lib_v2,0_v2,2026-04-26
M6B_L1_00558,1,bearing_wear,A,250,0.6691561341285706,1,m6b_physics_lib_v2,0_v2,2026-04-26
M6B_L1_00559,1,bearing_wear,A,250,0.5946319699287415,2,m6b_physics_lib_v2,0_v2,2026-04-26
M6B_L1_00560,1,bearing_wear,A,250,0.2672922611236572,1,m6b_physics_lib_v2,0_v2,2026-04-26
M6B_L1_00561,1,bearing_wear,A,250,0.3949339687824249,1,m6b_physics_lib_v2,0_v2,2026-04-26
M6B_L1_00562,1,bearing_wear,A,250,0.8748707175254822,2,m6b_physics_lib_v2,0_v2,2026-04-26
M6B_L1_00563,1,bearing_wear,A,250,0.7100709676742554,3,m6b_physics_lib_v2,0_v2,2026-04-26
M6B_L1_00564,1,bearing_wear,A,250,0.719319224357605,3,m6b_physics_lib_v2,0_v2,2026-04-26
M6B_L1_00565,1,bearing_wear,A,250,0.7361626029014587,1,m6b_physics_lib_v2,0_v2,2026-04-26
M6B_L1_00566,1,bearing_wear,A,250,0.8103224039077759,2,m6b_physics_lib_v2,0_v2,2026-04-26
M6B_L1_00567,1,bearing_wear,A,250,0.24648678302764893,1,m6b_physics_lib_v2,0_v2,2026-04-26
M6B_L1_00568,1,bearing_wear,A,250,0.49328669905662537,3,m6b_physics_lib_v2,0_v2,2026-04-26
M6B_L1_00569,1,bearing_wear,A,250,0.6316219568252563,1,m6b_physics_lib_v2,0_v2,2026-04-26
M6B_L1_00570,1,bearing_wear,A,250,0.4707651734352112,3,m6b_physics_lib_v2,0_v2,2026-04-26
M6B_L1_00571,1,bearing_wear,A,250,0.8755831122398376,3,m6b_physics_lib_v2,0_v2,2026-04-26
M6B_L1_00572,1,bearing_wear,A,250,0.5860580205917358,3,m6b_physics_lib_v2,0_v2,2026-04-26
M6B_L1_00573,1,bearing_wear,A,250,0.8149020671844482,1,m6b_physics_lib_v2,0_v2,2026-04-26
M6B_L1_00574,1,bearing_wear,A,250,0.8816124200820923,3,m6b_physics_lib_v2,0_v2,2026-04-26
M6B_L1_00575,1,bearing_wear,A,250,0.6038331985473633,3,m6b_physics_lib_v2,0_v2,2026-04-26
M6B_L1_00576,1,bearing_wear,A,250,0.9276418089866638,2,m6b_physics_lib_v2,0_v2,2026-04-26
M6B_L1_00577,1,bearing_wear,A,250,0.6696991324424744,3,m6b_physics_lib_v2,0_v2,2026-04-26
M6B_L1_00578,1,bearing_wear,A,250,0.8802194595336914,3,m6b_physics_lib_v2,0_v2,2026-04-26
M6B_L1_00579,1,bearing_wear,A,250,0.4724726378917694,1,m6b_physics_lib_v2,0_v2,2026-04-26
M6B_L1_00580,1,bearing_wear,A,250,0.5990535616874695,3,m6b_physics_lib_v2,0_v2,2026-04-26
M6B_L1_00581,1,bearing_wear,A,250,0.6251288056373596,3,m6b_physics_lib_v2,0_v2,2026-04-26
M6B_L1_00582,1,bearing_wear,A,250,0.2839837670326233,1,m6b_physics_lib_v2,0_v2,2026-04-26
M6B_L1_00583,1,bearing_wear,A,250,0.5188419818878174,1,m6b_physics_lib_v2,0_v2,2026-04-26
M6B_L1_00584,1,bearing_wear,A,250,0.9338701367378235,3,m6b_physics_lib_v2,0_v2,2026-04-26
M6B_L1_00585,1,bearing_wear,A,250,0.7046657800674438,1,m6b_physics_lib_v2,0_v2,2026-04-26
M6B_L1_00586,1,bearing_wear,A,250,0.34200525283813477,2,m6b_physics_lib_v2,0_v2,2026-04-26
M6B_L1_00587,1,bearing_wear,A,250,0.47108450531959534,3,m6b_physics_lib_v2,0_v2,2026-04-26
M6B_L1_00588,1,bearing_wear,A,250,0.3532824218273163,2,m6b_physics_lib_v2,0_v2,2026-04-26
M6B_L1_00589,1,bearing_wear,A,250,0.21985851228237152,3,m6b_physics_lib_v2,0_v2,2026-04-26
M6B_L1_00590,1,bearing_wear,A,250,0.9419683814048767,1,m6b_physics_lib_v2,0_v2,2026-04-26
M6B_L1_00591,1,bearing_wear,A,250,0.5585658550262451,1,m6b_physics_lib_v2,0_v2,2026-04-26
M6B_L1_00592,1,bearing_wear,A,250,0.44602805376052856,3,m6b_physics_lib_v2,0_v2,2026-04-26
M6B_L1_00593,1,bearing_wear,A,250,0.6787817478179932,2,m6b_physics_lib_v2,0_v2,2026-04-26
M6B_L1_00594,1,bearing_wear,A,250,0.20585156977176666,1,m6b_physics_lib_v2,0_v2,2026-04-26
M6B_L1_00595,1,bearing_wear,A,250,0.42241767048835754,1,m6b_physics_lib_v2,0_v2,2026-04-26
M6B_L1_00596,1,bearing_wear,A,250,0.7624267935752869,2,m6b_physics_lib_v2,0_v2,2026-04-26
M6B_L1_00597,1,bearing_wear,A,250,0.7070158123970032,2,m6b_physics_lib_v2,0_v2,2026-04-26
M6B_L1_00598,1,bearing_wear,A,250,0.9854447841644287,1,m6b_physics_lib_v2,0_v2,2026-04-26
M6B_L1_00599,1,bearing_wear,A,250,0.696286141872406,2,m6b_physics_lib_v2,0_v2,2026-04-26
M6B_L1_00600,1,bearing_wear,A,250,0.582004725933075,2,m6b_physics_lib_v2,0_v2,2026-04-26
M6B_L1_00601,1,bearing_wear,A,250,0.8091460466384888,2,m6b_physics_lib_v2,0_v2,2026-04-26
M6B_L1_00602,1,bearing_wear,A,250,0.9226623177528381,1,m6b_physics_lib_v2,0_v2,2026-04-26
M6B_L1_00603,1,bearing_wear,A,250,0.7765567302703857,2,m6b_physics_lib_v2,0_v2,2026-04-26
M6B_L1_00604,1,bearing_wear,A,250,0.9705689549446106,3,m6b_physics_lib_v2,0_v2,2026-04-26
M6B_L1_00605,1,bearing_wear,A,250,0.8256041407585144,1,m6b_physics_lib_v2,0_v2,2026-04-26
M6B_L1_00606,1,bearing_wear,A,250,0.8934411406517029,1,m6b_physics_lib_v2,0_v2,2026-04-26
M6B_L1_00607,1,bearing_wear,A,250,0.2912832498550415,3,m6b_physics_lib_v2,0_v2,2026-04-26
M6B_L1_00608,1,bearing_wear,A,250,0.7859308123588562,2,m6b_physics_lib_v2,0_v2,2026-04-26
M6B_L1_00609,1,bearing_wear,A,250,0.5520709753036499,3,m6b_physics_lib_v2,0_v2,2026-04-26
M6B_L1_00610,1,bearing_wear,A,250,0.6424830555915833,2,m6b_physics_lib_v2,0_v2,2026-04-26
M6B_L1_00611,1,bearing_wear,A,250,0.7232819199562073,3,m6b_physics_lib_v2,0_v2,2026-04-26
M6B_L1_00612,1,bearing_wear,A,250,0.9758520722389221,2,m6b_physics_lib_v2,0_v2,2026-04-26
M6B_L1_00613,1,bearing_wear,A,250,0.9876624941825867,1,m6b_physics_lib_v2,0_v2,2026-04-26
M6B_L1_00614,1,bearing_wear,A,250,0.43058258295059204,3,m6b_physics_lib_v2,0_v2,2026-04-26
M6B_L1_00615,1,bearing_wear,A,250,0.7870028018951416,2,m6b_physics_lib_v2,0_v2,2026-04-26
M6B_L1_00616,1,bearing_wear,A,250,0.7999868392944336,1,m6b_physics_lib_v2,0_v2,2026-04-26
M6B_L1_00617,1,bearing_wear,A,250,0.47719427943229675,2,m6b_physics_lib_v2,0_v2,2026-04-26
M6B_L1_00618,1,bearing_wear,A,250,0.2990958094596863,2,m6b_physics_lib_v2,0_v2,2026-04-26
M6B_L1_00619,1,bearing_wear,A,250,0.232757568359375,1,m6b_physics_lib_v2,0_v2,2026-04-26
M6B_L1_00620,1,bearing_wear,A,250,0.8218744993209839,3,m6b_physics_lib_v2,0_v2,2026-04-26
M6B_L1_00621,1,bearing_wear,A,250,0.5917598009109497,1,m6b_physics_lib_v2,0_v2,2026-04-26
M6B_L1_00622,1,bearing_wear,A,250,0.9884321093559265,1,m6b_physics_lib_v2,0_v2,2026-04-26
M6B_L1_00623,1,bearing_wear,A,250,0.571978747844696,2,m6b_physics_lib_v2,0_v2,2026-04-26
M6B_L1_00624,1,bearing_wear,A,250,0.9823336005210876,3,m6b_physics_lib_v2,0_v2,2026-04-26
M6B_L1_00625,1,bearing_wear,A,250,0.5292608141899109,3,m6b_physics_lib_v2,0_v2,2026-04-26
M6B_L1_00626,1,bearing_wear,A,250,0.8349457383155823,3,m6b_physics_lib_v2,0_v2,2026-04-26
M6B_L1_00627,1,bearing_wear,A,250,0.2678554058074951,1,m6b_physics_lib_v2,0_v2,2026-04-26
M6B_L1_00628,1,bearing_wear,A,250,0.64436936378479,3,m6b_physics_lib_v2,0_v2,2026-04-26
M6B_L1_00629,1,bearing_wear,A,250,0.8416478037834167,3,m6b_physics_lib_v2,0_v2,2026-04-26
M6B_L1_00630,1,bearing_wear,A,250,0.9397613406181335,2,m6b_physics_lib_v2,0_v2,2026-04-26
M6B_L1_00631,1,bearing_wear,A,250,0.8580664992332458,2,m6b_physics_lib_v2,0_v2,2026-04-26
M6B_L1_00632,1,bearing_wear,A,250,0.22957658767700195,1,m6b_physics_lib_v2,0_v2,2026-04-26
M6B_L1_00633,1,bearing_wear,A,250,0.4981618821620941,3,m6b_physics_lib_v2,0_v2,2026-04-26
M6B_L1_00634,1,bearing_wear,A,250,0.23895877599716187,3,m6b_physics_lib_v2,0_v2,2026-04-26
M6B_L1_00635,1,bearing_wear,A,250,0.28742584586143494,2,m6b_physics_lib_v2,0_v2,2026-04-26
M6B_L1_00636,1,bearing_wear,A,250,0.7402445077896118,2,m6b_physics_lib_v2,0_v2,2026-04-26
M6B_L1_00637,1,bearing_wear,A,250,0.7706065773963928,2,m6b_physics_lib_v2,0_v2,2026-04-26
M6B_L1_00638,1,bearing_wear,A,250,0.8189765214920044,1,m6b_physics_lib_v2,0_v2,2026-04-26
M6B_L1_00639,1,bearing_wear,A,250,0.8923652172088623,2,m6b_physics_lib_v2,0_v2,2026-04-26
M6B_L1_00640,1,bearing_wear,A,250,0.7915451526641846,3,m6b_physics_lib_v2,0_v2,2026-04-26
M6B_L1_00641,1,bearing_wear,A,250,0.8406972885131836,3,m6b_physics_lib_v2,0_v2,2026-04-26
M6B_L1_00642,1,bearing_wear,A,250,0.23917096853256226,3,m6b_physics_lib_v2,0_v2,2026-04-26
M6B_L1_00643,1,bearing_wear,A,250,0.38762810826301575,2,m6b_physics_lib_v2,0_v2,2026-04-26
M6B_L1_00644,1,bearing_wear,A,250,0.6975182294845581,3,m6b_physics_lib_v2,0_v2,2026-04-26
M6B_L1_00645,1,bearing_wear,A,250,0.8865002393722534,2,m6b_physics_lib_v2,0_v2,2026-04-26
M6B_L1_00646,1,bearing_wear,A,250,0.20360009372234344,2,m6b_physics_lib_v2,0_v2,2026-04-26
M6B_L1_00647,1,bearing_wear,A,250,0.6117034554481506,2,m6b_physics_lib_v2,0_v2,2026-04-26
M6B_L1_00648,1,bearing_wear,A,250,0.7418299317359924,3,m6b_physics_lib_v2,0_v2,2026-04-26
M6B_L1_00649,1,bearing_wear,A,250,0.2236858308315277,3,m6b_physics_lib_v2,0_v2,2026-04-26
M6B_L1_00650,1,bearing_wear,A,250,0.5210844278335571,1,m6b_physics_lib_v2,0_v2,2026-04-26
M6B_L1_00651,1,bearing_wear,A,250,0.9165078997612,1,m6b_physics_lib_v2,0_v2,2026-04-26
M6B_L1_00652,1,bearing_wear,A,250,0.7372902631759644,2,m6b_physics_lib_v2,0_v2,2026-04-26
M6B_L1_00653,1,bearing_wear,A,250,0.39012670516967773,2,m6b_physics_lib_v2,0_v2,2026-04-26
M6B_L1_00654,1,bearing_wear,A,250,0.8822249174118042,3,m6b_physics_lib_v2,0_v2,2026-04-26
M6B_L1_00655,1,bearing_wear,A,250,0.47842514514923096,2,m6b_physics_lib_v2,0_v2,2026-04-26
M6B_L1_00656,1,bearing_wear,A,250,0.8826757073402405,2,m6b_physics_lib_v2,0_v2,2026-04-26
M6B_L1_00657,1,bearing_wear,A,250,0.4391549229621887,3,m6b_physics_lib_v2,0_v2,2026-04-26
M6B_L1_00658,1,bearing_wear,A,250,0.6722561717033386,2,m6b_physics_lib_v2,0_v2,2026-04-26
M6B_L1_00659,1,bearing_wear,A,250,0.5175520777702332,2,m6b_physics_lib_v2,0_v2,2026-04-26
M6B_L1_00660,1,bearing_wear,A,250,0.41986003518104553,2,m6b_physics_lib_v2,0_v2,2026-04-26
M6B_L1_00661,1,bearing_wear,A,250,0.909246027469635,2,m6b_physics_lib_v2,0_v2,2026-04-26
M6B_L1_00662,1,bearing_wear,A,250,0.3500749468803406,3,m6b_physics_lib_v2,0_v2,2026-04-26
M6B_L1_00663,1,bearing_wear,A,250,0.26784926652908325,3,m6b_physics_lib_v2,0_v2,2026-04-26
M6B_L1_00664,1,bearing_wear,A,250,0.4735415577888489,2,m6b_physics_lib_v2,0_v2,2026-04-26
M6B_L1_00665,1,bearing_wear,A,250,0.7741113305091858,2,m6b_physics_lib_v2,0_v2,2026-04-26
M6B_L1_00666,1,bearing_wear,A,250,0.8459452986717224,2,m6b_physics_lib_v2,0_v2,2026-04-26
M6B_L1_00667,1,bearing_wear,A,250,0.9989947080612183,1,m6b_physics_lib_v2,0_v2,2026-04-26
M6B_L1_00668,1,bearing_wear,A,250,0.4370896518230438,2,m6b_physics_lib_v2,0_v2,2026-04-26
M6B_L1_00669,1,bearing_wear,A,250,0.5263535380363464,1,m6b_physics_lib_v2,0_v2,2026-04-26
M6B_L1_00670,1,bearing_wear,A,250,0.30945703387260437,1,m6b_physics_lib_v2,0_v2,2026-04-26
M6B_L1_00671,1,bearing_wear,A,250,0.6598975658416748,1,m6b_physics_lib_v2,0_v2,2026-04-26
M6B_L1_00672,1,bearing_wear,A,250,0.9980640411376953,2,m6b_physics_lib_v2,0_v2,2026-04-26
M6B_L1_00673,1,bearing_wear,A,250,0.7607048153877258,1,m6b_physics_lib_v2,0_v2,2026-04-26
M6B_L1_00674,1,bearing_wear,A,250,0.676170289516449,2,m6b_physics_lib_v2,0_v2,2026-04-26
M6B_L1_00675,1,bearing_wear,A,250,0.5138952732086182,2,m6b_physics_lib_v2,0_v2,2026-04-26
M6B_L1_00676,1,bearing_wear,A,250,0.9322389960289001,2,m6b_physics_lib_v2,0_v2,2026-04-26
M6B_L1_00677,1,bearing_wear,A,250,0.5975332856178284,3,m6b_physics_lib_v2,0_v2,2026-04-26
M6B_L1_00678,1,bearing_wear,A,250,0.30749353766441345,2,m6b_physics_lib_v2,0_v2,2026-04-26
M6B_L1_00679,1,bearing_wear,A,250,0.4923027753829956,3,m6b_physics_lib_v2,0_v2,2026-04-26
M6B_L1_00680,1,bearing_wear,A,250,0.2537333369255066,3,m6b_physics_lib_v2,0_v2,2026-04-26
M6B_L1_00681,1,bearing_wear,A,250,0.36158323287963867,1,m6b_physics_lib_v2,0_v2,2026-04-26
M6B_L1_00682,1,bearing_wear,A,250,0.21413502097129822,1,m6b_physics_lib_v2,0_v2,2026-04-26
M6B_L1_00683,1,bearing_wear,A,250,0.562623918056488,2,m6b_physics_lib_v2,0_v2,2026-04-26
M6B_L1_00684,1,bearing_wear,A,250,0.7076321840286255,3,m6b_physics_lib_v2,0_v2,2026-04-26
M6B_L1_00685,1,bearing_wear,A,250,0.47463396191596985,1,m6b_physics_lib_v2,0_v2,2026-04-26
M6B_L1_00686,1,bearing_wear,A,250,0.5363054275512695,1,m6b_physics_lib_v2,0_v2,2026-04-26
M6B_L1_00687,1,bearing_wear,A,250,0.96736741065979,3,m6b_physics_lib_v2,0_v2,2026-04-26
M6B_L1_00688,1,bearing_wear,A,250,0.801570475101471,3,m6b_physics_lib_v2,0_v2,2026-04-26
M6B_L1_00689,1,bearing_wear,A,250,0.6326853036880493,1,m6b_physics_lib_v2,0_v2,2026-04-26
M6B_L1_00690,1,bearing_wear,A,250,0.4276326894760132,2,m6b_physics_lib_v2,0_v2,2026-04-26
M6B_L1_00691,1,bearing_wear,A,250,0.9175974130630493,2,m6b_physics_lib_v2,0_v2,2026-04-26
M6B_L1_00692,1,bearing_wear,A,250,0.3880777060985565,1,m6b_physics_lib_v2,0_v2,2026-04-26
M6B_L1_00693,1,bearing_wear,A,250,0.46027418971061707,1,m6b_physics_lib_v2,0_v2,2026-04-26
M6B_L1_00694,1,bearing_wear,A,250,0.9272518754005432,2,m6b_physics_lib_v2,0_v2,2026-04-26
M6B_L1_00695,1,bearing_wear,A,250,0.623633623123169,2,m6b_physics_lib_v2,0_v2,2026-04-26
M6B_L1_00696,1,bearing_wear,A,250,0.7938543558120728,1,m6b_physics_lib_v2,0_v2,2026-04-26
M6B_L1_00697,1,bearing_wear,A,250,0.6725958585739136,2,m6b_physics_lib_v2,0_v2,2026-04-26
M6B_L1_00698,1,bearing_wear,A,250,0.7227513790130615,1,m6b_physics_lib_v2,0_v2,2026-04-26
M6B_L1_00699,1,bearing_wear,A,250,0.4395066201686859,3,m6b_physics_lib_v2,0_v2,2026-04-26
M6B_L1_00700,1,bearing_wear,A,250,0.3930976390838623,1,m6b_physics_lib_v2,0_v2,2026-04-26
M6B_L1_00701,1,bearing_wear,A,250,0.45799386501312256,1,m6b_physics_lib_v2,0_v2,2026-04-26
M6B_L1_00702,1,bearing_wear,A,250,0.32435324788093567,1,m6b_physics_lib_v2,0_v2,2026-04-26
M6B_L1_00703,1,bearing_wear,A,250,0.899451494216919,3,m6b_physics_lib_v2,0_v2,2026-04-26
M6B_L1_00704,1,bearing_wear,A,250,0.426597535610199,3,m6b_physics_lib_v2,0_v2,2026-04-26
M6B_L1_00705,1,bearing_wear,A,250,0.6491914987564087,2,m6b_physics_lib_v2,0_v2,2026-04-26
M6B_L1_00706,1,bearing_wear,A,250,0.8335795402526855,1,m6b_physics_lib_v2,0_v2,2026-04-26
M6B_L1_00707,1,bearing_wear,A,250,0.827059268951416,3,m6b_physics_lib_v2,0_v2,2026-04-26
M6B_L1_00708,1,bearing_wear,A,250,0.5507090091705322,2,m6b_physics_lib_v2,0_v2,2026-04-26
M6B_L1_00709,1,bearing_wear,A,250,0.581005871295929,3,m6b_physics_lib_v2,0_v2,2026-04-26
M6B_L1_00710,1,bearing_wear,A,250,0.9957613945007324,2,m6b_physics_lib_v2,0_v2,2026-04-26
M6B_L1_00711,1,bearing_wear,A,250,0.7396779656410217,3,m6b_physics_lib_v2,0_v2,2026-04-26
M6B_L1_00712,1,bearing_wear,A,250,0.8517107367515564,3,m6b_physics_lib_v2,0_v2,2026-04-26
M6B_L1_00713,1,bearing_wear,A,250,0.9220432043075562,1,m6b_physics_lib_v2,0_v2,2026-04-26
M6B_L1_00714,1,bearing_wear,A,250,0.8300718665122986,3,m6b_physics_lib_v2,0_v2,2026-04-26
M6B_L1_00715,1,bearing_wear,A,250,0.34814348816871643,1,m6b_physics_lib_v2,0_v2,2026-04-26
M6B_L1_00716,1,bearing_wear,A,250,0.6497365832328796,2,m6b_physics_lib_v2,0_v2,2026-04-26
M6B_L1_00717,1,bearing_wear,A,250,0.28151533007621765,1,m6b_physics_lib_v2,0_v2,2026-04-26
M6B_L1_00718,1,bearing_wear,A,250,0.7223377227783203,3,m6b_physics_lib_v2,0_v2,2026-04-26
M6B_L1_00719,1,bearing_wear,A,250,0.9642795324325562,1,m6b_physics_lib_v2,0_v2,2026-04-26
M6B_L1_00720,1,bearing_wear,A,250,0.6101856231689453,2,m6b_physics_lib_v2,0_v2,2026-04-26
M6B_L1_00721,1,bearing_wear,A,250,0.5463780164718628,2,m6b_physics_lib_v2,0_v2,2026-04-26
M6B_L1_00722,1,bearing_wear,A,250,0.22867420315742493,3,m6b_physics_lib_v2,0_v2,2026-04-26
M6B_L1_00723,1,bearing_wear,A,250,0.9678196310997009,3,m6b_physics_lib_v2,0_v2,2026-04-26
M6B_L1_00724,1,bearing_wear,A,250,0.2824021577835083,1,m6b_physics_lib_v2,0_v2,2026-04-26
M6B_L1_00725,1,bearing_wear,A,250,0.23286327719688416,3,m6b_physics_lib_v2,0_v2,2026-04-26
M6B_L1_00726,1,bearing_wear,A,250,0.3968532979488373,1,m6b_physics_lib_v2,0_v2,2026-04-26
M6B_L1_00727,1,bearing_wear,A,250,0.25242435932159424,2,m6b_physics_lib_v2,0_v2,2026-04-26
M6B_L1_00728,1,bearing_wear,A,250,0.5640942454338074,2,m6b_physics_lib_v2,0_v2,2026-04-26
M6B_L1_00729,1,bearing_wear,A,250,0.6128702163696289,2,m6b_physics_lib_v2,0_v2,2026-04-26
M6B_L1_00730,1,bearing_wear,A,250,0.45005595684051514,3,m6b_physics_lib_v2,0_v2,2026-04-26
M6B_L1_00731,1,bearing_wear,A,250,0.24076838791370392,3,m6b_physics_lib_v2,0_v2,2026-04-26
M6B_L1_00732,1,bearing_wear,A,250,0.2892802953720093,2,m6b_physics_lib_v2,0_v2,2026-04-26
M6B_L1_00733,1,bearing_wear,A,250,0.5076035261154175,3,m6b_physics_lib_v2,0_v2,2026-04-26
M6B_L1_00734,1,bearing_wear,A,250,0.2484227567911148,1,m6b_physics_lib_v2,0_v2,2026-04-26
M6B_L1_00735,1,bearing_wear,A,250,0.7585517764091492,1,m6b_physics_lib_v2,0_v2,2026-04-26
M6B_L1_00736,1,bearing_wear,A,250,0.36561644077301025,2,m6b_physics_lib_v2,0_v2,2026-04-26
M6B_L1_00737,1,bearing_wear,A,250,0.44165724515914917,2,m6b_physics_lib_v2,0_v2,2026-04-26
M6B_L1_00738,1,bearing_wear,A,250,0.5153006315231323,3,m6b_physics_lib_v2,0_v2,2026-04-26
M6B_L1_00739,1,bearing_wear,A,250,0.5332877039909363,3,m6b_physics_lib_v2,0_v2,2026-04-26
M6B_L1_00740,1,bearing_wear,A,250,0.2013285607099533,1,m6b_physics_lib_v2,0_v2,2026-04-26
M6B_L1_00741,1,bearing_wear,A,250,0.28965631127357483,1,m6b_physics_lib_v2,0_v2,2026-04-26
M6B_L1_00742,1,bearing_wear,A,250,0.8902116417884827,3,m6b_physics_lib_v2,0_v2,2026-04-26
M6B_L1_00743,1,bearing_wear,A,250,0.20098644495010376,2,m6b_physics_lib_v2,0_v2,2026-04-26
M6B_L1_00744,1,bearing_wear,A,250,0.6065338850021362,1,m6b_physics_lib_v2,0_v2,2026-04-26
M6B_L1_00745,1,bearing_wear,A,250,0.5916016101837158,3,m6b_physics_lib_v2,0_v2,2026-04-26
M6B_L1_00746,1,bearing_wear,A,250,0.46647533774375916,2,m6b_physics_lib_v2,0_v2,2026-04-26
M6B_L1_00747,1,bearing_wear,A,250,0.5450615882873535,3,m6b_physics_lib_v2,0_v2,2026-04-26
M6B_L1_00748,1,bearing_wear,A,250,0.8244649171829224,3,m6b_physics_lib_v2,0_v2,2026-04-26
M6B_L1_00749,1,bearing_wear,A,250,0.8729629516601562,3,m6b_physics_lib_v2,0_v2,2026-04-26
M6B_L1_00750,1,bearing_wear,A,250,0.40827882289886475,2,m6b_physics_lib_v2,0_v2,2026-04-26
M6B_L1_00751,1,bearing_wear,A,250,0.4579923450946808,3,m6b_physics_lib_v2,0_v2,2026-04-26
M6B_L1_00752,1,bearing_wear,A,250,0.3939862847328186,3,m6b_physics_lib_v2,0_v2,2026-04-26
M6B_L1_00753,1,bearing_wear,A,250,0.5838907361030579,1,m6b_physics_lib_v2,0_v2,2026-04-26
M6B_L1_00754,1,bearing_wear,A,250,0.746606707572937,1,m6b_physics_lib_v2,0_v2,2026-04-26
M6B_L1_00755,1,bearing_wear,A,250,0.3826023042201996,1,m6b_physics_lib_v2,0_v2,2026-04-26
M6B_L1_00756,1,bearing_wear,A,250,0.46458858251571655,2,m6b_physics_lib_v2,0_v2,2026-04-26
M6B_L1_00757,1,bearing_wear,A,250,0.9443076848983765,2,m6b_physics_lib_v2,0_v2,2026-04-26
M6B_L1_00758,1,bearing_wear,A,250,0.23885543644428253,1,m6b_physics_lib_v2,0_v2,2026-04-26
M6B_L1_00759,1,bearing_wear,A,250,0.5686156749725342,2,m6b_physics_lib_v2,0_v2,2026-04-26
M6B_L1_00760,1,bearing_wear,A,250,0.7692464590072632,1,m6b_physics_lib_v2,0_v2,2026-04-26
M6B_L1_00761,1,bearing_wear,A,250,0.32036322355270386,2,m6b_physics_lib_v2,0_v2,2026-04-26
M6B_L1_00762,1,bearing_wear,A,250,0.23789921402931213,2,m6b_physics_lib_v2,0_v2,2026-04-26
M6B_L1_00763,1,bearing_wear,A,250,0.3105643093585968,2,m6b_physics_lib_v2,0_v2,2026-04-26
M6B_L1_00764,1,bearing_wear,A,250,0.9350585341453552,2,m6b_physics_lib_v2,0_v2,2026-04-26
M6B_L1_00765,1,bearing_wear,A,250,0.20740783214569092,2,m6b_physics_lib_v2,0_v2,2026-04-26
M6B_L1_00766,1,bearing_wear,A,250,0.35065758228302,3,m6b_physics_lib_v2,0_v2,2026-04-26
M6B_L1_00767,1,bearing_wear,A,250,0.22502681612968445,3,m6b_physics_lib_v2,0_v2,2026-04-26
M6B_L1_00768,1,bearing_wear,A,250,0.28850358724594116,3,m6b_physics_lib_v2,0_v2,2026-04-26
M6B_L1_00769,1,bearing_wear,A,250,0.6961194276809692,2,m6b_physics_lib_v2,0_v2,2026-04-26
M6B_L1_00770,1,bearing_wear,A,250,0.39331111311912537,2,m6b_physics_lib_v2,0_v2,2026-04-26
M6B_L1_00771,1,bearing_wear,A,250,0.6553696393966675,1,m6b_physics_lib_v2,0_v2,2026-04-26
M6B_L1_00772,1,bearing_wear,A,250,0.6721563339233398,2,m6b_physics_lib_v2,0_v2,2026-04-26
M6B_L1_00773,1,bearing_wear,A,250,0.8795482516288757,1,m6b_physics_lib_v2,0_v2,2026-04-26
M6B_L1_00774,1,bearing_wear,A,250,0.20379310846328735,2,m6b_physics_lib_v2,0_v2,2026-04-26
M6B_L1_00775,1,bearing_wear,A,250,0.8826955556869507,1,m6b_physics_lib_v2,0_v2,2026-04-26
M6B_L1_00776,1,bearing_wear,A,250,0.6952952742576599,2,m6b_physics_lib_v2,0_v2,2026-04-26
M6B_L1_00777,1,bearing_wear,A,250,0.3301948010921478,3,m6b_physics_lib_v2,0_v2,2026-04-26
M6B_L1_00778,1,bearing_wear,A,250,0.8183498978614807,3,m6b_physics_lib_v2,0_v2,2026-04-26
M6B_L1_00779,1,bearing_wear,A,250,0.8843932151794434,2,m6b_physics_lib_v2,0_v2,2026-04-26
M6B_L1_00780,1,bearing_wear,A,250,0.40341079235076904,1,m6b_physics_lib_v2,0_v2,2026-04-26
M6B_L1_00781,1,bearing_wear,A,250,0.9350349307060242,1,m6b_physics_lib_v2,0_v2,2026-04-26
M6B_L1_00782,1,bearing_wear,A,250,0.5635659694671631,1,m6b_physics_lib_v2,0_v2,2026-04-26
M6B_L1_00783,1,bearing_wear,A,250,0.6827395558357239,3,m6b_physics_lib_v2,0_v2,2026-04-26
M6B_L1_00784,1,bearing_wear,A,250,0.9877196550369263,3,m6b_physics_lib_v2,0_v2,2026-04-26
M6B_L1_00785,1,bearing_wear,A,250,0.48922887444496155,2,m6b_physics_lib_v2,0_v2,2026-04-26
M6B_L1_00786,1,bearing_wear,A,250,0.8505274653434753,1,m6b_physics_lib_v2,0_v2,2026-04-26
M6B_L1_00787,1,bearing_wear,A,250,0.45471930503845215,1,m6b_physics_lib_v2,0_v2,2026-04-26
M6B_L1_00788,1,bearing_wear,A,250,0.839370846748352,3,m6b_physics_lib_v2,0_v2,2026-04-26
M6B_L1_00789,1,bearing_wear,A,250,0.680587112903595,1,m6b_physics_lib_v2,0_v2,2026-04-26
M6B_L1_00790,1,bearing_wear,A,250,0.37308454513549805,1,m6b_physics_lib_v2,0_v2,2026-04-26
M6B_L1_00791,1,bearing_wear,A,250,0.5312208533287048,1,m6b_physics_lib_v2,0_v2,2026-04-26
M6B_L1_00792,1,bearing_wear,A,250,0.45410850644111633,1,m6b_physics_lib_v2,0_v2,2026-04-26
M6B_L1_00793,1,bearing_wear,A,250,0.2624867260456085,2,m6b_physics_lib_v2,0_v2,2026-04-26
M6B_L1_00794,1,bearing_wear,A,250,0.22386781871318817,3,m6b_physics_lib_v2,0_v2,2026-04-26
M6B_L1_00795,1,bearing_wear,A,250,0.47718292474746704,1,m6b_physics_lib_v2,0_v2,2026-04-26
M6B_L1_00796,1,bearing_wear,A,250,0.21522732079029083,3,m6b_physics_lib_v2,0_v2,2026-04-26
M6B_L1_00797,1,bearing_wear,A,250,0.3323902189731598,1,m6b_physics_lib_v2,0_v2,2026-04-26
M6B_L1_00798,1,bearing_wear,A,250,0.7801466584205627,1,m6b_physics_lib_v2,0_v2,2026-04-26
M6B_L1_00799,1,bearing_wear,A,250,0.7664729952812195,1,m6b_physics_lib_v2,0_v2,2026-04-26
M6B_L1_00800,1,bearing_wear,A,250,0.7908642888069153,3,m6b_physics_lib_v2,0_v2,2026-04-26
M6B_L1_00801,1,bearing_wear,A,250,0.4537225365638733,2,m6b_physics_lib_v2,0_v2,2026-04-26
M6B_L1_00802,1,bearing_wear,A,250,0.9120155572891235,3,m6b_physics_lib_v2,0_v2,2026-04-26
M6B_L1_00803,1,bearing_wear,A,250,0.6750644445419312,1,m6b_physics_lib_v2,0_v2,2026-04-26
M6B_L1_00804,1,bearing_wear,A,250,0.30082106590270996,1,m6b_physics_lib_v2,0_v2,2026-04-26
M6B_L1_00805,1,bearing_wear,A,250,0.31497493386268616,3,m6b_physics_lib_v2,0_v2,2026-04-26
M6B_L1_00806,1,bearing_wear,A,250,0.7544763684272766,1,m6b_physics_lib_v2,0_v2,2026-04-26
M6B_L1_00807,1,bearing_wear,A,250,0.338355153799057,1,m6b_physics_lib_v2,0_v2,2026-04-26
M6B_L1_00808,1,bearing_wear,A,250,0.6058341860771179,2,m6b_physics_lib_v2,0_v2,2026-04-26
M6B_L1_00809,1,bearing_wear,A,250,0.9934195876121521,2,m6b_physics_lib_v2,0_v2,2026-04-26
M6B_L1_00810,1,bearing_wear,A,250,0.20320607721805573,1,m6b_physics_lib_v2,0_v2,2026-04-26
M6B_L1_00811,1,bearing_wear,A,250,0.2132638394832611,2,m6b_physics_lib_v2,0_v2,2026-04-26
M6B_L1_00812,1,bearing_wear,A,250,0.9944676756858826,3,m6b_physics_lib_v2,0_v2,2026-04-26
M6B_L1_00813,1,bearing_wear,A,250,0.667711079120636,2,m6b_physics_lib_v2,0_v2,2026-04-26
M6B_L1_00814,1,bearing_wear,A,250,0.3015279769897461,2,m6b_physics_lib_v2,0_v2,2026-04-26
M6B_L1_00815,1,bearing_wear,A,250,0.9178417325019836,1,m6b_physics_lib_v2,0_v2,2026-04-26
M6B_L1_00816,1,bearing_wear,A,250,0.9043042659759521,2,m6b_physics_lib_v2,0_v2,2026-04-26
M6B_L1_00817,1,bearing_wear,A,250,0.6289603114128113,3,m6b_physics_lib_v2,0_v2,2026-04-26
M6B_L1_00818,1,bearing_wear,A,250,0.6974336504936218,2,m6b_physics_lib_v2,0_v2,2026-04-26
M6B_L1_00819,1,bearing_wear,A,250,0.4185497462749481,3,m6b_physics_lib_v2,0_v2,2026-04-26
M6B_L1_00820,1,bearing_wear,A,250,0.2404157519340515,1,m6b_physics_lib_v2,0_v2,2026-04-26
M6B_L1_00821,1,bearing_wear,A,250,0.6756541132926941,1,m6b_physics_lib_v2,0_v2,2026-04-26
M6B_L1_00822,1,bearing_wear,A,250,0.435804158449173,2,m6b_physics_lib_v2,0_v2,2026-04-26
M6B_L1_00823,1,bearing_wear,A,250,0.7308968305587769,1,m6b_physics_lib_v2,0_v2,2026-04-26
M6B_L1_00824,1,bearing_wear,A,250,0.8689961433410645,2,m6b_physics_lib_v2,0_v2,2026-04-26
M6B_L1_00825,1,bearing_wear,A,250,0.21452844142913818,3,m6b_physics_lib_v2,0_v2,2026-04-26
M6B_L1_00826,1,bearing_wear,A,250,0.6765710115432739,2,m6b_physics_lib_v2,0_v2,2026-04-26
M6B_L1_00827,1,bearing_wear,A,250,0.38502442836761475,2,m6b_physics_lib_v2,0_v2,2026-04-26
M6B_L1_00828,1,bearing_wear,A,250,0.8991107940673828,3,m6b_physics_lib_v2,0_v2,2026-04-26
M6B_L1_00829,1,bearing_wear,A,250,0.4029316008090973,1,m6b_physics_lib_v2,0_v2,2026-04-26
M6B_L1_00830,1,bearing_wear,A,250,0.6886160969734192,3,m6b_physics_lib_v2,0_v2,2026-04-26
M6B_L1_00831,1,bearing_wear,A,250,0.6428326964378357,1,m6b_physics_lib_v2,0_v2,2026-04-26
M6B_L1_00832,1,bearing_wear,A,250,0.5169332027435303,3,m6b_physics_lib_v2,0_v2,2026-04-26
M6B_L1_00833,1,bearing_wear,A,250,0.7420966029167175,2,m6b_physics_lib_v2,0_v2,2026-04-26
M6B_L1_00834,1,bearing_wear,A,250,0.7806156873703003,1,m6b_physics_lib_v2,0_v2,2026-04-26
M6B_L1_00835,1,bearing_wear,A,250,0.6535502076148987,3,m6b_physics_lib_v2,0_v2,2026-04-26
M6B_L1_00836,1,bearing_wear,A,250,0.8067377805709839,1,m6b_physics_lib_v2,0_v2,2026-04-26
M6B_L1_00837,1,bearing_wear,A,250,0.9867336750030518,2,m6b_physics_lib_v2,0_v2,2026-04-26
M6B_L1_00838,1,bearing_wear,A,250,0.535417914390564,3,m6b_physics_lib_v2,0_v2,2026-04-26
M6B_L1_00839,1,bearing_wear,A,250,0.6116664409637451,3,m6b_physics_lib_v2,0_v2,2026-04-26
M6B_L1_00840,1,bearing_wear,A,250,0.20997589826583862,3,m6b_physics_lib_v2,0_v2,2026-04-26
M6B_L1_00841,1,bearing_wear,A,250,0.8368228673934937,2,m6b_physics_lib_v2,0_v2,2026-04-26
M6B_L1_00842,1,bearing_wear,A,250,0.6161840558052063,2,m6b_physics_lib_v2,0_v2,2026-04-26
M6B_L1_00843,1,bearing_wear,A,250,0.5263691544532776,1,m6b_physics_lib_v2,0_v2,2026-04-26
M6B_L1_00844,1,bearing_wear,A,250,0.27525755763053894,3,m6b_physics_lib_v2,0_v2,2026-04-26
M6B_L1_00845,1,bearing_wear,A,250,0.9117251634597778,2,m6b_physics_lib_v2,0_v2,2026-04-26
M6B_L1_00846,1,bearing_wear,A,250,0.51600581407547,3,m6b_physics_lib_v2,0_v2,2026-04-26
M6B_L1_00847,1,bearing_wear,A,250,0.7460652589797974,2,m6b_physics_lib_v2,0_v2,2026-04-26
M6B_L1_00848,1,bearing_wear,A,250,0.31949931383132935,3,m6b_physics_lib_v2,0_v2,2026-04-26
M6B_L1_00849,1,bearing_wear,A,250,0.9692397117614746,1,m6b_physics_lib_v2,0_v2,2026-04-26
M6B_L1_00850,1,bearing_wear,A,250,0.34275341033935547,3,m6b_physics_lib_v2,0_v2,2026-04-26
M6B_L1_00851,1,bearing_wear,A,250,0.35963359475135803,1,m6b_physics_lib_v2,0_v2,2026-04-26
M6B_L1_00852,1,bearing_wear,A,250,0.8871862888336182,1,m6b_physics_lib_v2,0_v2,2026-04-26
M6B_L1_00853,1,bearing_wear,A,250,0.9300661683082581,2,m6b_physics_lib_v2,0_v2,2026-04-26
M6B_L1_00854,1,bearing_wear,A,250,0.36971792578697205,2,m6b_physics_lib_v2,0_v2,2026-04-26
M6B_L1_00855,1,bearing_wear,A,250,0.5758407115936279,3,m6b_physics_lib_v2,0_v2,2026-04-26
M6B_L1_00856,1,bearing_wear,A,250,0.7867959141731262,2,m6b_physics_lib_v2,0_v2,2026-04-26
M6B_L1_00857,1,bearing_wear,A,250,0.9026926159858704,1,m6b_physics_lib_v2,0_v2,2026-04-26
M6B_L1_00858,1,bearing_wear,A,250,0.5032421350479126,1,m6b_physics_lib_v2,0_v2,2026-04-26
M6B_L1_00859,1,bearing_wear,A,250,0.6136155724525452,2,m6b_physics_lib_v2,0_v2,2026-04-26
M6B_L1_00860,1,bearing_wear,A,250,0.7933731079101562,2,m6b_physics_lib_v2,0_v2,2026-04-26
M6B_L1_00861,1,bearing_wear,A,250,0.7849087715148926,2,m6b_physics_lib_v2,0_v2,2026-04-26
M6B_L1_00862,1,bearing_wear,A,250,0.8263680934906006,1,m6b_physics_lib_v2,0_v2,2026-04-26
M6B_L1_00863,1,bearing_wear,A,250,0.6559470295906067,2,m6b_physics_lib_v2,0_v2,2026-04-26
M6B_L1_00864,1,bearing_wear,A,250,0.2836920917034149,2,m6b_physics_lib_v2,0_v2,2026-04-26
M6B_L1_00865,1,bearing_wear,A,250,0.9231786131858826,3,m6b_physics_lib_v2,0_v2,2026-04-26
M6B_L1_00866,1,bearing_wear,A,250,0.8924580216407776,2,m6b_physics_lib_v2,0_v2,2026-04-26
M6B_L1_00867,1,bearing_wear,A,250,0.8384779691696167,3,m6b_physics_lib_v2,0_v2,2026-04-26
M6B_L1_00868,1,bearing_wear,A,250,0.2798899710178375,1,m6b_physics_lib_v2,0_v2,2026-04-26
M6B_L1_00869,1,bearing_wear,A,250,0.3635178804397583,3,m6b_physics_lib_v2,0_v2,2026-04-26
M6B_L1_00870,1,bearing_wear,A,250,0.7948802709579468,1,m6b_physics_lib_v2,0_v2,2026-04-26
M6B_L1_00871,1,bearing_wear,A,250,0.21851207315921783,1,m6b_physics_lib_v2,0_v2,2026-04-26
M6B_L1_00872,1,bearing_wear,A,250,0.9833797216415405,3,m6b_physics_lib_v2,0_v2,2026-04-26
M6B_L1_00873,1,bearing_wear,A,250,0.5017157196998596,2,m6b_physics_lib_v2,0_v2,2026-04-26
M6B_L1_00874,1,bearing_wear,A,250,0.7754500508308411,2,m6b_physics_lib_v2,0_v2,2026-04-26
M6B_L1_00875,1,bearing_wear,A,250,0.9100568890571594,2,m6b_physics_lib_v2,0_v2,2026-04-26
M6B_L1_00876,1,bearing_wear,A,250,0.5157039165496826,3,m6b_physics_lib_v2,0_v2,2026-04-26
M6B_L1_00877,1,bearing_wear,A,250,0.4553059935569763,1,m6b_physics_lib_v2,0_v2,2026-04-26
M6B_L1_00878,1,bearing_wear,A,250,0.686992883682251,1,m6b_physics_lib_v2,0_v2,2026-04-26
M6B_L1_00879,1,bearing_wear,A,250,0.6647915244102478,1,m6b_physics_lib_v2,0_v2,2026-04-26
M6B_L1_00880,1,bearing_wear,A,250,0.5273119807243347,3,m6b_physics_lib_v2,0_v2,2026-04-26
M6B_L1_00881,1,bearing_wear,A,250,0.6814197897911072,1,m6b_physics_lib_v2,0_v2,2026-04-26
M6B_L1_00882,1,bearing_wear,A,250,0.948305070400238,2,m6b_physics_lib_v2,0_v2,2026-04-26
M6B_L1_00883,1,bearing_wear,A,250,0.5741121768951416,2,m6b_physics_lib_v2,0_v2,2026-04-26
M6B_L1_00884,1,bearing_wear,A,250,0.357393741607666,1,m6b_physics_lib_v2,0_v2,2026-04-26
M6B_L1_00885,1,bearing_wear,A,250,0.5017647743225098,2,m6b_physics_lib_v2,0_v2,2026-04-26
M6B_L1_00886,1,bearing_wear,A,250,0.5152856111526489,1,m6b_physics_lib_v2,0_v2,2026-04-26
M6B_L1_00887,1,bearing_wear,A,250,0.30488696694374084,1,m6b_physics_lib_v2,0_v2,2026-04-26
M6B_L1_00888,1,bearing_wear,A,250,0.33029720187187195,1,m6b_physics_lib_v2,0_v2,2026-04-26
M6B_L1_00889,1,bearing_wear,A,250,0.7476496696472168,3,m6b_physics_lib_v2,0_v2,2026-04-26
M6B_L1_00890,1,bearing_wear,A,250,0.47158220410346985,2,m6b_physics_lib_v2,0_v2,2026-04-26
M6B_L1_00891,1,bearing_wear,A,250,0.9639186859130859,3,m6b_physics_lib_v2,0_v2,2026-04-26
M6B_L1_00892,1,bearing_wear,A,250,0.3948774039745331,2,m6b_physics_lib_v2,0_v2,2026-04-26
M6B_L1_00893,1,bearing_wear,A,250,0.27913960814476013,1,m6b_physics_lib_v2,0_v2,2026-04-26
M6B_L1_00894,1,bearing_wear,A,250,0.802803635597229,2,m6b_physics_lib_v2,0_v2,2026-04-26
M6B_L1_00895,1,bearing_wear,A,250,0.9048288464546204,3,m6b_physics_lib_v2,0_v2,2026-04-26
M6B_L1_00896,1,bearing_wear,A,250,0.4224906861782074,2,m6b_physics_lib_v2,0_v2,2026-04-26
M6B_L1_00897,1,bearing_wear,A,250,0.36167049407958984,1,m6b_physics_lib_v2,0_v2,2026-04-26
M6B_L1_00898,1,bearing_wear,A,250,0.348612904548645,1,m6b_physics_lib_v2,0_v2,2026-04-26
M6B_L1_00899,1,bearing_wear,A,250,0.6176098585128784,3,m6b_physics_lib_v2,0_v2,2026-04-26
M6B_L1_00900,1,bearing_wear,A,250,0.574733316898346,2,m6b_physics_lib_v2,0_v2,2026-04-26
M6B_L1_00901,1,bearing_wear,A,250,0.4075518846511841,3,m6b_physics_lib_v2,0_v2,2026-04-26
M6B_L1_00902,1,bearing_wear,A,250,0.2361384928226471,2,m6b_physics_lib_v2,0_v2,2026-04-26
M6B_L1_00903,1,bearing_wear,A,250,0.5851930975914001,1,m6b_physics_lib_v2,0_v2,2026-04-26
M6B_L1_00904,1,bearing_wear,A,250,0.967465877532959,3,m6b_physics_lib_v2,0_v2,2026-04-26
M6B_L1_00905,1,bearing_wear,A,250,0.722015380859375,3,m6b_physics_lib_v2,0_v2,2026-04-26
M6B_L1_00906,1,bearing_wear,A,250,0.5964052677154541,3,m6b_physics_lib_v2,0_v2,2026-04-26
M6B_L1_00907,1,bearing_wear,A,250,0.2885536551475525,3,m6b_physics_lib_v2,0_v2,2026-04-26
M6B_L1_00908,1,bearing_wear,A,250,0.401949018239975,1,m6b_physics_lib_v2,0_v2,2026-04-26
M6B_L1_00909,1,bearing_wear,A,250,0.435819149017334,3,m6b_physics_lib_v2,0_v2,2026-04-26
M6B_L1_00910,1,bearing_wear,A,250,0.8118428587913513,1,m6b_physics_lib_v2,0_v2,2026-04-26
M6B_L1_00911,1,bearing_wear,A,250,0.9013686180114746,3,m6b_physics_lib_v2,0_v2,2026-04-26
M6B_L1_00912,1,bearing_wear,A,250,0.921313464641571,1,m6b_physics_lib_v2,0_v2,2026-04-26
M6B_L1_00913,1,bearing_wear,A,250,0.9876548647880554,2,m6b_physics_lib_v2,0_v2,2026-04-26
M6B_L1_00914,1,bearing_wear,A,250,0.9858933687210083,3,m6b_physics_lib_v2,0_v2,2026-04-26
M6B_L1_00915,1,bearing_wear,A,250,0.9623993039131165,1,m6b_physics_lib_v2,0_v2,2026-04-26
M6B_L1_00916,1,bearing_wear,A,250,0.2574577033519745,1,m6b_physics_lib_v2,0_v2,2026-04-26
M6B_L1_00917,1,bearing_wear,A,250,0.31023481488227844,3,m6b_physics_lib_v2,0_v2,2026-04-26
M6B_L1_00918,1,bearing_wear,A,250,0.4435732066631317,1,m6b_physics_lib_v2,0_v2,2026-04-26
M6B_L1_00919,1,bearing_wear,A,250,0.642318606376648,2,m6b_physics_lib_v2,0_v2,2026-04-26
M6B_L1_00920,1,bearing_wear,A,250,0.2775823175907135,3,m6b_physics_lib_v2,0_v2,2026-04-26
M6B_L1_00921,1,bearing_wear,A,250,0.8766375780105591,2,m6b_physics_lib_v2,0_v2,2026-04-26
M6B_L1_00922,1,bearing_wear,A,250,0.6934049725532532,2,m6b_physics_lib_v2,0_v2,2026-04-26
M6B_L1_00923,1,bearing_wear,A,250,0.6338915228843689,2,m6b_physics_lib_v2,0_v2,2026-04-26
M6B_L1_00924,1,bearing_wear,A,250,0.3322490453720093,2,m6b_physics_lib_v2,0_v2,2026-04-26
M6B_L1_00925,1,bearing_wear,A,250,0.4026043713092804,2,m6b_physics_lib_v2,0_v2,2026-04-26
M6B_L1_00926,1,bearing_wear,A,250,0.32824963331222534,2,m6b_physics_lib_v2,0_v2,2026-04-26
M6B_L1_00927,1,bearing_wear,A,250,0.8815464973449707,1,m6b_physics_lib_v2,0_v2,2026-04-26
M6B_L1_00928,1,bearing_wear,A,250,0.6673822999000549,2,m6b_physics_lib_v2,0_v2,2026-04-26
M6B_L1_00929,1,bearing_wear,A,250,0.7881035208702087,3,m6b_physics_lib_v2,0_v2,2026-04-26
M6B_L1_00930,1,bearing_wear,A,250,0.43682628870010376,3,m6b_physics_lib_v2,0_v2,2026-04-26
M6B_L1_00931,1,bearing_wear,A,250,0.49700209498405457,1,m6b_physics_lib_v2,0_v2,2026-04-26
M6B_L1_00932,1,bearing_wear,A,250,0.5238839983940125,3,m6b_physics_lib_v2,0_v2,2026-04-26
M6B_L1_00933,1,bearing_wear,A,250,0.8080119490623474,3,m6b_physics_lib_v2,0_v2,2026-04-26
M6B_L1_00934,1,bearing_wear,A,250,0.8178824186325073,1,m6b_physics_lib_v2,0_v2,2026-04-26
M6B_L1_00935,1,bearing_wear,A,250,0.36545082926750183,3,m6b_physics_lib_v2,0_v2,2026-04-26
M6B_L1_00936,1,bearing_wear,A,250,0.9532310962677002,2,m6b_physics_lib_v2,0_v2,2026-04-26
M6B_L1_00937,1,bearing_wear,A,250,0.2965242564678192,2,m6b_physics_lib_v2,0_v2,2026-04-26
M6B_L1_00938,1,bearing_wear,A,250,0.9168976545333862,3,m6b_physics_lib_v2,0_v2,2026-04-26
M6B_L1_00939,1,bearing_wear,A,250,0.2803165018558502,2,m6b_physics_lib_v2,0_v2,2026-04-26
M6B_L1_00940,1,bearing_wear,A,250,0.41163185238838196,2,m6b_physics_lib_v2,0_v2,2026-04-26
M6B_L1_00941,1,bearing_wear,A,250,0.8771828413009644,1,m6b_physics_lib_v2,0_v2,2026-04-26
M6B_L1_00942,1,bearing_wear,A,250,0.34359365701675415,3,m6b_physics_lib_v2,0_v2,2026-04-26
M6B_L1_00943,1,bearing_wear,A,250,0.530854344367981,3,m6b_physics_lib_v2,0_v2,2026-04-26
M6B_L1_00944,1,bearing_wear,A,250,0.5598874688148499,1,m6b_physics_lib_v2,0_v2,2026-04-26
M6B_L1_00945,1,bearing_wear,A,250,0.39620718359947205,3,m6b_physics_lib_v2,0_v2,2026-04-26
M6B_L1_00946,1,bearing_wear,A,250,0.768196165561676,1,m6b_physics_lib_v2,0_v2,2026-04-26
M6B_L1_00947,1,bearing_wear,A,250,0.88106769323349,2,m6b_physics_lib_v2,0_v2,2026-04-26
M6B_L1_00948,1,bearing_wear,A,250,0.8996601104736328,3,m6b_physics_lib_v2,0_v2,2026-04-26
M6B_L1_00949,1,bearing_wear,A,250,0.47145771980285645,1,m6b_physics_lib_v2,0_v2,2026-04-26
M6B_L1_00950,1,bearing_wear,A,250,0.6246803402900696,2,m6b_physics_lib_v2,0_v2,2026-04-26
M6B_L1_00951,1,bearing_wear,A,250,0.39872512221336365,1,m6b_physics_lib_v2,0_v2,2026-04-26
M6B_L1_00952,1,bearing_wear,A,250,0.3958371877670288,3,m6b_physics_lib_v2,0_v2,2026-04-26
M6B_L1_00953,1,bearing_wear,A,250,0.329003244638443,2,m6b_physics_lib_v2,0_v2,2026-04-26
M6B_L1_00954,1,bearing_wear,A,250,0.952015221118927,2,m6b_physics_lib_v2,0_v2,2026-04-26
M6B_L1_00955,1,bearing_wear,A,250,0.910391092300415,3,m6b_physics_lib_v2,0_v2,2026-04-26
M6B_L1_00956,1,bearing_wear,A,250,0.8218869566917419,2,m6b_physics_lib_v2,0_v2,2026-04-26
M6B_L1_00957,1,bearing_wear,A,250,0.6141292452812195,3,m6b_physics_lib_v2,0_v2,2026-04-26
M6B_L1_00958,1,bearing_wear,A,250,0.5924863219261169,1,m6b_physics_lib_v2,0_v2,2026-04-26
M6B_L1_00959,1,bearing_wear,A,250,0.6237965226173401,1,m6b_physics_lib_v2,0_v2,2026-04-26
M6B_L1_00960,1,bearing_wear,A,250,0.6292544007301331,3,m6b_physics_lib_v2,0_v2,2026-04-26
M6B_L1_00961,1,bearing_wear,A,250,0.5476504564285278,3,m6b_physics_lib_v2,0_v2,2026-04-26
M6B_L1_00962,1,bearing_wear,A,250,0.30540385842323303,2,m6b_physics_lib_v2,0_v2,2026-04-26
M6B_L1_00963,1,bearing_wear,A,250,0.3005310893058777,2,m6b_physics_lib_v2,0_v2,2026-04-26
M6B_L1_00964,1,bearing_wear,A,250,0.9617998003959656,1,m6b_physics_lib_v2,0_v2,2026-04-26
M6B_L1_00965,1,bearing_wear,A,250,0.585624635219574,3,m6b_physics_lib_v2,0_v2,2026-04-26
M6B_L1_00966,1,bearing_wear,A,250,0.9625644087791443,3,m6b_physics_lib_v2,0_v2,2026-04-26
M6B_L1_00967,1,bearing_wear,A,250,0.33086150884628296,1,m6b_physics_lib_v2,0_v2,2026-04-26
M6B_L1_00968,1,bearing_wear,A,250,0.6435332298278809,2,m6b_physics_lib_v2,0_v2,2026-04-26
M6B_L1_00969,1,bearing_wear,A,250,0.36617380380630493,2,m6b_physics_lib_v2,0_v2,2026-04-26
M6B_L1_00970,1,bearing_wear,A,250,0.402547687292099,2,m6b_physics_lib_v2,0_v2,2026-04-26
M6B_L1_00971,1,bearing_wear,A,250,0.22404366731643677,3,m6b_physics_lib_v2,0_v2,2026-04-26
M6B_L1_00972,1,bearing_wear,A,250,0.2951626479625702,1,m6b_physics_lib_v2,0_v2,2026-04-26
M6B_L1_00973,1,bearing_wear,A,250,0.9334787130355835,1,m6b_physics_lib_v2,0_v2,2026-04-26
M6B_L1_00974,1,bearing_wear,A,250,0.45722639560699463,1,m6b_physics_lib_v2,0_v2,2026-04-26
M6B_L1_00975,1,bearing_wear,A,250,0.6865033507347107,3,m6b_physics_lib_v2,0_v2,2026-04-26
M6B_L1_00976,1,bearing_wear,A,250,0.5720112919807434,2,m6b_physics_lib_v2,0_v2,2026-04-26
M6B_L1_00977,1,bearing_wear,A,250,0.5203610062599182,3,m6b_physics_lib_v2,0_v2,2026-04-26
M6B_L1_00978,1,bearing_wear,A,250,0.6255088448524475,2,m6b_physics_lib_v2,0_v2,2026-04-26
M6B_L1_00979,1,bearing_wear,A,250,0.34979116916656494,1,m6b_physics_lib_v2,0_v2,2026-04-26
M6B_L1_00980,1,bearing_wear,A,250,0.9908831119537354,2,m6b_physics_lib_v2,0_v2,2026-04-26
M6B_L1_00981,1,bearing_wear,A,250,0.8546462655067444,1,m6b_physics_lib_v2,0_v2,2026-04-26
M6B_L1_00982,1,bearing_wear,A,250,0.7932916879653931,3,m6b_physics_lib_v2,0_v2,2026-04-26
M6B_L1_00983,1,bearing_wear,A,250,0.575007438659668,3,m6b_physics_lib_v2,0_v2,2026-04-26
M6B_L1_00984,1,bearing_wear,A,250,0.3223016858100891,3,m6b_physics_lib_v2,0_v2,2026-04-26
M6B_L1_00985,1,bearing_wear,A,250,0.9365326762199402,2,m6b_physics_lib_v2,0_v2,2026-04-26
M6B_L1_00986,1,bearing_wear,A,250,0.4731096625328064,1,m6b_physics_lib_v2,0_v2,2026-04-26
M6B_L1_00987,1,bearing_wear,A,250,0.24008534848690033,1,m6b_physics_lib_v2,0_v2,2026-04-26
M6B_L1_00988,1,bearing_wear,A,250,0.4739229381084442,2,m6b_physics_lib_v2,0_v2,2026-04-26
M6B_L1_00989,1,bearing_wear,A,250,0.8355656266212463,2,m6b_physics_lib_v2,0_v2,2026-04-26
M6B_L1_00990,1,bearing_wear,A,250,0.6981669664382935,3,m6b_physics_lib_v2,0_v2,2026-04-26
M6B_L1_00991,1,bearing_wear,A,250,0.800670862197876,3,m6b_physics_lib_v2,0_v2,2026-04-26
M6B_L1_00992,1,bearing_wear,A,250,0.8349083065986633,1,m6b_physics_lib_v2,0_v2,2026-04-26
M6B_L1_00993,1,bearing_wear,A,250,0.3695636987686157,1,m6b_physics_lib_v2,0_v2,2026-04-26
M6B_L1_00994,1,bearing_wear,A,250,0.9390266537666321,2,m6b_physics_lib_v2,0_v2,2026-04-26
M6B_L1_00995,1,bearing_wear,A,250,0.550391674041748,2,m6b_physics_lib_v2,0_v2,2026-04-26
M6B_L1_00996,1,bearing_wear,A,250,0.7112109065055847,1,m6b_physics_lib_v2,0_v2,2026-04-26
M6B_L1_00997,1,bearing_wear,A,250,0.20184701681137085,3,m6b_physics_lib_v2,0_v2,2026-04-26
M6B_L1_00998,1,bearing_wear,A,250,0.9946947693824768,3,m6b_physics_lib_v2,0_v2,2026-04-26
M6B_L1_00999,1,bearing_wear,A,250,0.42471709847450256,2,m6b_physics_lib_v2,0_v2,2026-04-26
M6B_L1_01000,1,bearing_wear,A,250,0.2496504783630371,1,m6b_physics_lib_v2,0_v2,2026-04-26
M6B_L1_01001,1,bearing_wear,A,250,0.5666096210479736,3,m6b_physics_lib_v2,0_v2,2026-04-26
M6B_L1_01002,1,bearing_wear,A,250,0.3032240569591522,1,m6b_physics_lib_v2,0_v2,2026-04-26
M6B_L1_01003,1,bearing_wear,A,250,0.3218613564968109,2,m6b_physics_lib_v2,0_v2,2026-04-26
M6B_L1_01004,1,bearing_wear,A,250,0.7058262228965759,3,m6b_physics_lib_v2,0_v2,2026-04-26
M6B_L1_01005,1,bearing_wear,A,250,0.5143418908119202,3,m6b_physics_lib_v2,0_v2,2026-04-26
M6B_L1_01006,1,bearing_wear,A,250,0.9374819397926331,1,m6b_physics_lib_v2,0_v2,2026-04-26
M6B_L1_01007,1,bearing_wear,A,250,0.455325186252594,2,m6b_physics_lib_v2,0_v2,2026-04-26
M6B_L1_01008,1,bearing_wear,A,250,0.7809441089630127,1,m6b_physics_lib_v2,0_v2,2026-04-26
M6B_L1_01009,1,bearing_wear,A,250,0.5688795447349548,1,m6b_physics_lib_v2,0_v2,2026-04-26
M6B_L1_01010,1,bearing_wear,A,250,0.7279610633850098,2,m6b_physics_lib_v2,0_v2,2026-04-26
M6B_L1_01011,1,bearing_wear,A,250,0.6797562837600708,3,m6b_physics_lib_v2,0_v2,2026-04-26
M6B_L1_01012,1,bearing_wear,A,250,0.578227162361145,3,m6b_physics_lib_v2,0_v2,2026-04-26
M6B_L1_01013,1,bearing_wear,A,250,0.9600488543510437,2,m6b_physics_lib_v2,0_v2,2026-04-26
M6B_L1_01014,1,bearing_wear,A,250,0.4741709232330322,1,m6b_physics_lib_v2,0_v2,2026-04-26
M6B_L1_01015,1,bearing_wear,A,250,0.3417884111404419,1,m6b_physics_lib_v2,0_v2,2026-04-26
M6B_L1_01016,1,bearing_wear,A,250,0.7424752712249756,1,m6b_physics_lib_v2,0_v2,2026-04-26
M6B_L1_01017,1,bearing_wear,A,250,0.8768060207366943,1,m6b_physics_lib_v2,0_v2,2026-04-26
M6B_L1_01018,1,bearing_wear,A,250,0.23220299184322357,1,m6b_physics_lib_v2,0_v2,2026-04-26
M6B_L1_01019,1,bearing_wear,A,250,0.5597061514854431,3,m6b_physics_lib_v2,0_v2,2026-04-26
M6B_L1_01020,1,bearing_wear,A,250,0.9139901399612427,1,m6b_physics_lib_v2,0_v2,2026-04-26
M6B_L1_01021,1,bearing_wear,A,250,0.7996948957443237,1,m6b_physics_lib_v2,0_v2,2026-04-26
M6B_L1_01022,1,bearing_wear,A,250,0.9934461712837219,2,m6b_physics_lib_v2,0_v2,2026-04-26
M6B_L1_01023,1,bearing_wear,A,250,0.6251310706138611,1,m6b_physics_lib_v2,0_v2,2026-04-26
M6B_L1_01024,1,bearing_wear,A,250,0.7279965877532959,2,m6b_physics_lib_v2,0_v2,2026-04-26
M6B_L1_01025,1,bearing_wear,A,250,0.44198423624038696,1,m6b_physics_lib_v2,0_v2,2026-04-26
M6B_L1_01026,1,bearing_wear,A,250,0.9580284953117371,1,m6b_physics_lib_v2,0_v2,2026-04-26
M6B_L1_01027,1,bearing_wear,A,250,0.4930683970451355,2,m6b_physics_lib_v2,0_v2,2026-04-26
M6B_L1_01028,1,bearing_wear,A,250,0.7908085584640503,3,m6b_physics_lib_v2,0_v2,2026-04-26
M6B_L1_01029,1,bearing_wear,A,250,0.5225121378898621,2,m6b_physics_lib_v2,0_v2,2026-04-26
M6B_L1_01030,1,bearing_wear,A,250,0.6494551301002502,2,m6b_physics_lib_v2,0_v2,2026-04-26
M6B_L1_01031,1,bearing_wear,A,250,0.7758260369300842,2,m6b_physics_lib_v2,0_v2,2026-04-26
M6B_L1_01032,1,bearing_wear,A,250,0.6071473360061646,1,m6b_physics_lib_v2,0_v2,2026-04-26
M6B_L1_01033,1,bearing_wear,A,250,0.9256690740585327,1,m6b_physics_lib_v2,0_v2,2026-04-26
M6B_L1_01034,1,bearing_wear,A,250,0.5354408025741577,2,m6b_physics_lib_v2,0_v2,2026-04-26
M6B_L1_01035,1,bearing_wear,A,250,0.7176574468612671,1,m6b_physics_lib_v2,0_v2,2026-04-26
M6B_L1_01036,1,bearing_wear,A,250,0.47388994693756104,3,m6b_physics_lib_v2,0_v2,2026-04-26
M6B_L1_01037,1,bearing_wear,A,250,0.5265253186225891,2,m6b_physics_lib_v2,0_v2,2026-04-26
M6B_L1_01038,1,bearing_wear,A,250,0.5520401000976562,1,m6b_physics_lib_v2,0_v2,2026-04-26
M6B_L1_01039,1,bearing_wear,A,250,0.3006456196308136,2,m6b_physics_lib_v2,0_v2,2026-04-26
M6B_L1_01040,1,bearing_wear,A,250,0.2733789384365082,1,m6b_physics_lib_v2,0_v2,2026-04-26
M6B_L1_01041,1,bearing_wear,A,250,0.7339919209480286,2,m6b_physics_lib_v2,0_v2,2026-04-26
M6B_L1_01042,1,bearing_wear,A,250,0.7244141697883606,3,m6b_physics_lib_v2,0_v2,2026-04-26
M6B_L1_01043,1,bearing_wear,A,250,0.7303277850151062,1,m6b_physics_lib_v2,0_v2,2026-04-26
M6B_L1_01044,1,bearing_wear,A,250,0.21581315994262695,2,m6b_physics_lib_v2,0_v2,2026-04-26
M6B_L1_01045,1,bearing_wear,A,250,0.46123746037483215,1,m6b_physics_lib_v2,0_v2,2026-04-26
M6B_L1_01046,1,bearing_wear,A,250,0.35824787616729736,2,m6b_physics_lib_v2,0_v2,2026-04-26
M6B_L1_01047,1,bearing_wear,A,250,0.8225211501121521,1,m6b_physics_lib_v2,0_v2,2026-04-26
M6B_L1_01048,1,bearing_wear,A,250,0.8885043263435364,2,m6b_physics_lib_v2,0_v2,2026-04-26
M6B_L1_01049,1,bearing_wear,A,250,0.39734429121017456,2,m6b_physics_lib_v2,0_v2,2026-04-26
M6B_L1_01050,1,bearing_wear,A,250,0.7342793345451355,1,m6b_physics_lib_v2,0_v2,2026-04-26
M6B_L1_01051,1,bearing_wear,A,250,0.3034902513027191,2,m6b_physics_lib_v2,0_v2,2026-04-26
M6B_L1_01052,1,bearing_wear,A,250,0.42012202739715576,3,m6b_physics_lib_v2,0_v2,2026-04-26
M6B_L1_01053,1,bearing_wear,A,250,0.31092360615730286,3,m6b_physics_lib_v2,0_v2,2026-04-26
M6B_L1_01054,1,bearing_wear,A,250,0.4268166124820709,1,m6b_physics_lib_v2,0_v2,2026-04-26
M6B_L1_01055,1,bearing_wear,A,250,0.7397892475128174,2,m6b_physics_lib_v2,0_v2,2026-04-26
M6B_L1_01056,1,bearing_wear,A,250,0.9282615184783936,3,m6b_physics_lib_v2,0_v2,2026-04-26
M6B_L1_01057,1,bearing_wear,A,250,0.3620179295539856,2,m6b_physics_lib_v2,0_v2,2026-04-26
M6B_L1_01058,1,bearing_wear,A,250,0.6336632370948792,1,m6b_physics_lib_v2,0_v2,2026-04-26
M6B_L1_01059,1,bearing_wear,A,250,0.7611128687858582,2,m6b_physics_lib_v2,0_v2,2026-04-26
M6B_L1_01060,1,bearing_wear,A,250,0.9623379707336426,1,m6b_physics_lib_v2,0_v2,2026-04-26
M6B_L1_01061,1,bearing_wear,A,250,0.6880483627319336,1,m6b_physics_lib_v2,0_v2,2026-04-26
M6B_L1_01062,1,bearing_wear,A,250,0.40408554673194885,2,m6b_physics_lib_v2,0_v2,2026-04-26
M6B_L1_01063,1,bearing_wear,A,250,0.7003825306892395,2,m6b_physics_lib_v2,0_v2,2026-04-26
M6B_L1_01064,1,bearing_wear,A,250,0.45639294385910034,3,m6b_physics_lib_v2,0_v2,2026-04-26
M6B_L1_01065,1,bearing_wear,A,250,0.9809027314186096,2,m6b_physics_lib_v2,0_v2,2026-04-26
M6B_L1_01066,1,bearing_wear,A,250,0.519740879535675,3,m6b_physics_lib_v2,0_v2,2026-04-26
M6B_L1_01067,1,bearing_wear,A,250,0.7483421564102173,2,m6b_physics_lib_v2,0_v2,2026-04-26
M6B_L1_01068,1,bearing_wear,A,250,0.21858206391334534,3,m6b_physics_lib_v2,0_v2,2026-04-26
M6B_L1_01069,1,bearing_wear,A,250,0.5200491547584534,1,m6b_physics_lib_v2,0_v2,2026-04-26
M6B_L1_01070,1,bearing_wear,A,250,0.9000861048698425,1,m6b_physics_lib_v2,0_v2,2026-04-26
M6B_L1_01071,1,bearing_wear,A,250,0.6881819367408752,3,m6b_physics_lib_v2,0_v2,2026-04-26
M6B_L1_01072,1,bearing_wear,A,250,0.5551543235778809,3,m6b_physics_lib_v2,0_v2,2026-04-26
M6B_L1_01073,1,bearing_wear,A,250,0.9487500190734863,3,m6b_physics_lib_v2,0_v2,2026-04-26
M6B_L1_01074,1,bearing_wear,A,250,0.883187472820282,1,m6b_physics_lib_v2,0_v2,2026-04-26
M6B_L1_01075,1,bearing_wear,A,250,0.45777255296707153,1,m6b_physics_lib_v2,0_v2,2026-04-26
M6B_L1_01076,1,bearing_wear,A,250,0.6356387138366699,3,m6b_physics_lib_v2,0_v2,2026-04-26
M6B_L1_01077,1,bearing_wear,A,250,0.5918594002723694,2,m6b_physics_lib_v2,0_v2,2026-04-26
M6B_L1_01078,1,bearing_wear,A,250,0.7057620286941528,1,m6b_physics_lib_v2,0_v2,2026-04-26
M6B_L1_01079,1,bearing_wear,A,250,0.467289000749588,3,m6b_physics_lib_v2,0_v2,2026-04-26
M6B_L1_01080,1,bearing_wear,A,250,0.395363986492157,3,m6b_physics_lib_v2,0_v2,2026-04-26
M6B_L1_01081,1,bearing_wear,A,250,0.9301374554634094,1,m6b_physics_lib_v2,0_v2,2026-04-26
M6B_L1_01082,1,bearing_wear,A,250,0.9390996098518372,3,m6b_physics_lib_v2,0_v2,2026-04-26
M6B_L1_01083,1,bearing_wear,A,250,0.8746582865715027,3,m6b_physics_lib_v2,0_v2,2026-04-26
M6B_L1_01084,1,bearing_wear,A,250,0.9825635552406311,2,m6b_physics_lib_v2,0_v2,2026-04-26
M6B_L1_01085,1,bearing_wear,A,250,0.7959932088851929,2,m6b_physics_lib_v2,0_v2,2026-04-26
M6B_L1_01086,1,bearing_wear,A,250,0.8117337822914124,1,m6b_physics_lib_v2,0_v2,2026-04-26
M6B_L1_01087,1,bearing_wear,A,250,0.8100720643997192,3,m6b_physics_lib_v2,0_v2,2026-04-26
M6B_L1_01088,1,bearing_wear,A,250,0.5844861268997192,3,m6b_physics_lib_v2,0_v2,2026-04-26
M6B_L1_01089,1,bearing_wear,A,250,0.5651617646217346,3,m6b_physics_lib_v2,0_v2,2026-04-26
M6B_L1_01090,1,bearing_wear,A,250,0.39218100905418396,3,m6b_physics_lib_v2,0_v2,2026-04-26
M6B_L1_01091,1,bearing_wear,A,250,0.7158553600311279,1,m6b_physics_lib_v2,0_v2,2026-04-26
M6B_L1_01092,1,bearing_wear,A,250,0.4314561188220978,2,m6b_physics_lib_v2,0_v2,2026-04-26
M6B_L1_01093,1,bearing_wear,A,250,0.40624672174453735,2,m6b_physics_lib_v2,0_v2,2026-04-26
M6B_L1_01094,1,bearing_wear,A,250,0.668769121170044,3,m6b_physics_lib_v2,0_v2,2026-04-26
M6B_L1_01095,1,bearing_wear,A,250,0.5279859304428101,2,m6b_physics_lib_v2,0_v2,2026-04-26
M6B_L1_01096,1,bearing_wear,A,250,0.3750852942466736,2,m6b_physics_lib_v2,0_v2,2026-04-26
M6B_L1_01097,1,bearing_wear,A,250,0.8528448343276978,1,m6b_physics_lib_v2,0_v2,2026-04-26
M6B_L1_01098,1,bearing_wear,A,250,0.8884559273719788,3,m6b_physics_lib_v2,0_v2,2026-04-26
M6B_L1_01099,1,bearing_wear,A,250,0.33415961265563965,2,m6b_physics_lib_v2,0_v2,2026-04-26
M6B_L1_01100,1,bearing_wear,A,250,0.20600563287734985,1,m6b_physics_lib_v2,0_v2,2026-04-26
M6B_L1_01101,1,bearing_wear,A,250,0.4689039885997772,3,m6b_physics_lib_v2,0_v2,2026-04-26
M6B_L1_01102,1,bearing_wear,A,250,0.8380086421966553,1,m6b_physics_lib_v2,0_v2,2026-04-26
M6B_L1_01103,1,bearing_wear,A,250,0.8713390827178955,1,m6b_physics_lib_v2,0_v2,2026-04-26
M6B_L1_01104,1,bearing_wear,A,250,0.31066325306892395,1,m6b_physics_lib_v2,0_v2,2026-04-26
M6B_L1_01105,1,bearing_wear,A,250,0.8194687366485596,2,m6b_physics_lib_v2,0_v2,2026-04-26
M6B_L1_01106,1,bearing_wear,A,250,0.2925633192062378,1,m6b_physics_lib_v2,0_v2,2026-04-26
M6B_L1_01107,1,bearing_wear,A,250,0.5120500922203064,3,m6b_physics_lib_v2,0_v2,2026-04-26
M6B_L1_01108,1,bearing_wear,A,250,0.9988875985145569,2,m6b_physics_lib_v2,0_v2,2026-04-26
M6B_L1_01109,1,bearing_wear,A,250,0.3540726602077484,1,m6b_physics_lib_v2,0_v2,2026-04-26
M6B_L1_01110,1,bearing_wear,A,250,0.32317087054252625,1,m6b_physics_lib_v2,0_v2,2026-04-26
M6B_L1_01111,1,bearing_wear,A,250,0.5382402539253235,2,m6b_physics_lib_v2,0_v2,2026-04-26
M6B_L1_01112,1,bearing_wear,A,250,0.6957347989082336,1,m6b_physics_lib_v2,0_v2,2026-04-26
M6B_L1_01113,1,bearing_wear,A,250,0.946320652961731,3,m6b_physics_lib_v2,0_v2,2026-04-26
M6B_L1_01114,1,bearing_wear,A,250,0.9846569299697876,1,m6b_physics_lib_v2,0_v2,2026-04-26
M6B_L1_01115,1,bearing_wear,A,250,0.25571250915527344,2,m6b_physics_lib_v2,0_v2,2026-04-26
M6B_L1_01116,1,bearing_wear,A,250,0.31039801239967346,1,m6b_physics_lib_v2,0_v2,2026-04-26
M6B_L1_01117,1,bearing_wear,A,250,0.8325904011726379,1,m6b_physics_lib_v2,0_v2,2026-04-26
M6B_L1_01118,1,bearing_wear,A,250,0.41650572419166565,1,m6b_physics_lib_v2,0_v2,2026-04-26
M6B_L1_01119,1,bearing_wear,A,250,0.9078792333602905,1,m6b_physics_lib_v2,0_v2,2026-04-26
M6B_L1_01120,1,bearing_wear,A,250,0.7307626008987427,3,m6b_physics_lib_v2,0_v2,2026-04-26
M6B_L1_01121,1,bearing_wear,A,250,0.28947582840919495,3,m6b_physics_lib_v2,0_v2,2026-04-26
M6B_L1_01122,1,bearing_wear,A,250,0.8660234212875366,3,m6b_physics_lib_v2,0_v2,2026-04-26
M6B_L1_01123,1,bearing_wear,A,250,0.3410851061344147,1,m6b_physics_lib_v2,0_v2,2026-04-26
M6B_L1_01124,1,bearing_wear,A,250,0.5387963056564331,3,m6b_physics_lib_v2,0_v2,2026-04-26
M6B_L1_01125,1,bearing_wear,A,250,0.6417479515075684,2,m6b_physics_lib_v2,0_v2,2026-04-26
M6B_L1_01126,1,bearing_wear,A,250,0.6006129384040833,1,m6b_physics_lib_v2,0_v2,2026-04-26
M6B_L1_01127,1,bearing_wear,A,250,0.7489303350448608,1,m6b_physics_lib_v2,0_v2,2026-04-26
M6B_L1_01128,1,bearing_wear,A,250,0.7221493721008301,2,m6b_physics_lib_v2,0_v2,2026-04-26
M6B_L1_01129,1,bearing_wear,A,250,0.9936336278915405,2,m6b_physics_lib_v2,0_v2,2026-04-26
M6B_L1_01130,1,bearing_wear,A,250,0.9995375275611877,1,m6b_physics_lib_v2,0_v2,2026-04-26
M6B_L1_01131,1,bearing_wear,A,250,0.6131675243377686,3,m6b_physics_lib_v2,0_v2,2026-04-26
M6B_L1_01132,1,bearing_wear,A,250,0.27615925669670105,3,m6b_physics_lib_v2,0_v2,2026-04-26
M6B_L1_01133,1,bearing_wear,A,250,0.7822746634483337,2,m6b_physics_lib_v2,0_v2,2026-04-26
M6B_L1_01134,1,bearing_wear,A,250,0.9813312888145447,3,m6b_physics_lib_v2,0_v2,2026-04-26
M6B_L1_01135,1,bearing_wear,A,250,0.454661101102829,3,m6b_physics_lib_v2,0_v2,2026-04-26
M6B_L1_01136,1,bearing_wear,A,250,0.5689671039581299,3,m6b_physics_lib_v2,0_v2,2026-04-26
M6B_L1_01137,1,bearing_wear,A,250,0.5398215651512146,1,m6b_physics_lib_v2,0_v2,2026-04-26
M6B_L1_01138,1,bearing_wear,A,250,0.24113532900810242,3,m6b_physics_lib_v2,0_v2,2026-04-26
M6B_L1_01139,1,bearing_wear,A,250,0.7378115653991699,2,m6b_physics_lib_v2,0_v2,2026-04-26
M6B_L1_01140,1,bearing_wear,A,250,0.4826701581478119,3,m6b_physics_lib_v2,0_v2,2026-04-26
M6B_L1_01141,1,bearing_wear,A,250,0.8299710750579834,3,m6b_physics_lib_v2,0_v2,2026-04-26
M6B_L1_01142,1,bearing_wear,A,250,0.8656960725784302,1,m6b_physics_lib_v2,0_v2,2026-04-26
M6B_L1_01143,1,bearing_wear,A,250,0.8569846153259277,2,m6b_physics_lib_v2,0_v2,2026-04-26
M6B_L1_01144,1,bearing_wear,A,250,0.5333328247070312,1,m6b_physics_lib_v2,0_v2,2026-04-26
M6B_L1_01145,1,bearing_wear,A,250,0.45723655819892883,1,m6b_physics_lib_v2,0_v2,2026-04-26
M6B_L1_01146,1,bearing_wear,A,250,0.7990566492080688,2,m6b_physics_lib_v2,0_v2,2026-04-26
M6B_L1_01147,1,bearing_wear,A,250,0.8411115407943726,3,m6b_physics_lib_v2,0_v2,2026-04-26
M6B_L1_01148,1,bearing_wear,A,250,0.5930059552192688,3,m6b_physics_lib_v2,0_v2,2026-04-26
M6B_L1_01149,1,bearing_wear,A,250,0.9144248366355896,2,m6b_physics_lib_v2,0_v2,2026-04-26
M6B_L1_01150,1,bearing_wear,A,250,0.3151269555091858,1,m6b_physics_lib_v2,0_v2,2026-04-26
M6B_L1_01151,1,bearing_wear,A,250,0.903255045413971,2,m6b_physics_lib_v2,0_v2,2026-04-26
M6B_L1_01152,1,bearing_wear,A,250,0.27687618136405945,3,m6b_physics_lib_v2,0_v2,2026-04-26
M6B_L1_01153,1,bearing_wear,A,250,0.32282042503356934,3,m6b_physics_lib_v2,0_v2,2026-04-26
M6B_L1_01154,1,bearing_wear,A,250,0.6270720362663269,1,m6b_physics_lib_v2,0_v2,2026-04-26
M6B_L1_01155,1,bearing_wear,A,250,0.254014790058136,1,m6b_physics_lib_v2,0_v2,2026-04-26
M6B_L1_01156,1,bearing_wear,A,250,0.24224567413330078,3,m6b_physics_lib_v2,0_v2,2026-04-26
M6B_L1_01157,1,bearing_wear,A,250,0.2004150003194809,1,m6b_physics_lib_v2,0_v2,2026-04-26
M6B_L1_01158,1,bearing_wear,A,250,0.5490533113479614,1,m6b_physics_lib_v2,0_v2,2026-04-26
M6B_L1_01159,1,bearing_wear,A,250,0.8196991086006165,1,m6b_physics_lib_v2,0_v2,2026-04-26
M6B_L1_01160,1,bearing_wear,A,250,0.22787067294120789,2,m6b_physics_lib_v2,0_v2,2026-04-26
M6B_L1_01161,1,bearing_wear,A,250,0.7218061089515686,2,m6b_physics_lib_v2,0_v2,2026-04-26
M6B_L1_01162,1,bearing_wear,A,250,0.8585018515586853,2,m6b_physics_lib_v2,0_v2,2026-04-26
M6B_L1_01163,1,bearing_wear,A,250,0.3344006836414337,1,m6b_physics_lib_v2,0_v2,2026-04-26
M6B_L1_01164,1,bearing_wear,A,250,0.31749099493026733,3,m6b_physics_lib_v2,0_v2,2026-04-26
M6B_L1_01165,1,bearing_wear,A,250,0.8886407613754272,3,m6b_physics_lib_v2,0_v2,2026-04-26
M6B_L1_01166,1,bearing_wear,A,250,0.8584997057914734,2,m6b_physics_lib_v2,0_v2,2026-04-26
M6B_L1_01167,1,bearing_wear,A,250,0.631153404712677,1,m6b_physics_lib_v2,0_v2,2026-04-26
M6B_L1_01168,1,bearing_wear,A,250,0.8553599119186401,2,m6b_physics_lib_v2,0_v2,2026-04-26
M6B_L1_01169,1,bearing_wear,A,250,0.2742048501968384,3,m6b_physics_lib_v2,0_v2,2026-04-26
M6B_L1_01170,1,bearing_wear,A,250,0.5155852437019348,2,m6b_physics_lib_v2,0_v2,2026-04-26
M6B_L1_01171,1,bearing_wear,A,250,0.7902380228042603,1,m6b_physics_lib_v2,0_v2,2026-04-26
M6B_L1_01172,1,bearing_wear,A,250,0.4059615731239319,2,m6b_physics_lib_v2,0_v2,2026-04-26
M6B_L1_01173,1,bearing_wear,A,250,0.8018631339073181,2,m6b_physics_lib_v2,0_v2,2026-04-26
M6B_L1_01174,1,bearing_wear,A,250,0.6033428907394409,2,m6b_physics_lib_v2,0_v2,2026-04-26
M6B_L1_01175,1,bearing_wear,A,250,0.8002128005027771,2,m6b_physics_lib_v2,0_v2,2026-04-26
M6B_L1_01176,1,bearing_wear,A,250,0.5717437267303467,1,m6b_physics_lib_v2,0_v2,2026-04-26
M6B_L1_01177,1,bearing_wear,A,250,0.4943234622478485,3,m6b_physics_lib_v2,0_v2,2026-04-26
M6B_L1_01178,1,bearing_wear,A,250,0.3753513693809509,2,m6b_physics_lib_v2,0_v2,2026-04-26
M6B_L1_01179,1,bearing_wear,A,250,0.36670348048210144,2,m6b_physics_lib_v2,0_v2,2026-04-26
M6B_L1_01180,1,bearing_wear,A,250,0.8011926412582397,2,m6b_physics_lib_v2,0_v2,2026-04-26
M6B_L1_01181,1,bearing_wear,A,250,0.2951282858848572,2,m6b_physics_lib_v2,0_v2,2026-04-26
M6B_L1_01182,1,bearing_wear,A,250,0.26878589391708374,1,m6b_physics_lib_v2,0_v2,2026-04-26
M6B_L1_01183,1,bearing_wear,A,250,0.34103310108184814,3,m6b_physics_lib_v2,0_v2,2026-04-26
M6B_L1_01184,1,bearing_wear,A,250,0.34027719497680664,1,m6b_physics_lib_v2,0_v2,2026-04-26
M6B_L1_01185,1,bearing_wear,A,250,0.8584861159324646,2,m6b_physics_lib_v2,0_v2,2026-04-26
M6B_L1_01186,1,bearing_wear,A,250,0.5188053250312805,1,m6b_physics_lib_v2,0_v2,2026-04-26
M6B_L1_01187,1,bearing_wear,A,250,0.9923107624053955,1,m6b_physics_lib_v2,0_v2,2026-04-26
M6B_L1_01188,1,bearing_wear,A,250,0.30976900458335876,1,m6b_physics_lib_v2,0_v2,2026-04-26
M6B_L1_01189,1,bearing_wear,A,250,0.7228318452835083,3,m6b_physics_lib_v2,0_v2,2026-04-26
M6B_L1_01190,1,bearing_wear,A,250,0.5589836239814758,2,m6b_physics_lib_v2,0_v2,2026-04-26
M6B_L1_01191,1,bearing_wear,A,250,0.5143345594406128,2,m6b_physics_lib_v2,0_v2,2026-04-26
M6B_L1_01192,1,bearing_wear,A,250,0.9000673890113831,3,m6b_physics_lib_v2,0_v2,2026-04-26
M6B_L1_01193,1,bearing_wear,A,250,0.9804764986038208,1,m6b_physics_lib_v2,0_v2,2026-04-26
M6B_L1_01194,1,bearing_wear,A,250,0.8982871770858765,2,m6b_physics_lib_v2,0_v2,2026-04-26
M6B_L1_01195,1,bearing_wear,A,250,0.35384052991867065,2,m6b_physics_lib_v2,0_v2,2026-04-26
M6B_L1_01196,1,bearing_wear,A,250,0.3766383230686188,2,m6b_physics_lib_v2,0_v2,2026-04-26
M6B_L1_01197,1,bearing_wear,A,250,0.7248591184616089,1,m6b_physics_lib_v2,0_v2,2026-04-26
M6B_L1_01198,1,bearing_wear,A,250,0.4312668740749359,3,m6b_physics_lib_v2,0_v2,2026-04-26
M6B_L1_01199,1,bearing_wear,A,250,0.7877801060676575,1,m6b_physics_lib_v2,0_v2,2026-04-26
M6B_L1_01200,1,bearing_wear,A,250,0.6531364917755127,3,m6b_physics_lib_v2,0_v2,2026-04-26
M6B_L1_01201,1,bearing_wear,A,250,0.6407270431518555,3,m6b_physics_lib_v2,0_v2,2026-04-26
M6B_L1_01202,1,bearing_wear,A,250,0.862837553024292,2,m6b_physics_lib_v2,0_v2,2026-04-26
M6B_L1_01203,1,bearing_wear,A,250,0.768426239490509,1,m6b_physics_lib_v2,0_v2,2026-04-26
M6B_L1_01204,1,bearing_wear,A,250,0.22126221656799316,1,m6b_physics_lib_v2,0_v2,2026-04-26
M6B_L1_01205,1,bearing_wear,A,250,0.23956730961799622,3,m6b_physics_lib_v2,0_v2,2026-04-26
M6B_L1_01206,1,bearing_wear,A,250,0.6812467575073242,3,m6b_physics_lib_v2,0_v2,2026-04-26
M6B_L1_01207,1,bearing_wear,A,250,0.5889536738395691,3,m6b_physics_lib_v2,0_v2,2026-04-26
M6B_L1_01208,1,bearing_wear,A,250,0.4081477224826813,1,m6b_physics_lib_v2,0_v2,2026-04-26
M6B_L1_01209,1,bearing_wear,A,250,0.5349248647689819,2,m6b_physics_lib_v2,0_v2,2026-04-26
M6B_L1_01210,1,bearing_wear,A,250,0.8063282370567322,1,m6b_physics_lib_v2,0_v2,2026-04-26
M6B_L1_01211,1,bearing_wear,A,250,0.8612892031669617,3,m6b_physics_lib_v2,0_v2,2026-04-26
M6B_L1_01212,1,bearing_wear,A,250,0.6489784717559814,2,m6b_physics_lib_v2,0_v2,2026-04-26
M6B_L1_01213,1,bearing_wear,A,250,0.5082955956459045,3,m6b_physics_lib_v2,0_v2,2026-04-26
M6B_L1_01214,1,bearing_wear,A,250,0.4165574014186859,3,m6b_physics_lib_v2,0_v2,2026-04-26
M6B_L1_01215,1,bearing_wear,A,250,0.6175347566604614,3,m6b_physics_lib_v2,0_v2,2026-04-26
M6B_L1_01216,1,bearing_wear,A,250,0.4517996907234192,2,m6b_physics_lib_v2,0_v2,2026-04-26
M6B_L1_01217,1,bearing_wear,A,250,0.6512761116027832,2,m6b_physics_lib_v2,0_v2,2026-04-26
M6B_L1_01218,1,bearing_wear,A,250,0.7413219213485718,2,m6b_physics_lib_v2,0_v2,2026-04-26
M6B_L1_01219,1,bearing_wear,A,250,0.2528633773326874,1,m6b_physics_lib_v2,0_v2,2026-04-26
M6B_L1_01220,1,bearing_wear,A,250,0.20085397362709045,1,m6b_physics_lib_v2,0_v2,2026-04-26
M6B_L1_01221,1,bearing_wear,A,250,0.369821697473526,2,m6b_physics_lib_v2,0_v2,2026-04-26
M6B_L1_01222,1,bearing_wear,A,250,0.9156091809272766,3,m6b_physics_lib_v2,0_v2,2026-04-26
M6B_L1_01223,1,bearing_wear,A,250,0.7170326113700867,2,m6b_physics_lib_v2,0_v2,2026-04-26
M6B_L1_01224,1,bearing_wear,A,250,0.3375682830810547,3,m6b_physics_lib_v2,0_v2,2026-04-26
M6B_L1_01225,1,bearing_wear,A,250,0.9122111797332764,1,m6b_physics_lib_v2,0_v2,2026-04-26
M6B_L1_01226,1,bearing_wear,A,250,0.5759647488594055,2,m6b_physics_lib_v2,0_v2,2026-04-26
M6B_L1_01227,1,bearing_wear,A,250,0.580873429775238,2,m6b_physics_lib_v2,0_v2,2026-04-26
M6B_L1_01228,1,bearing_wear,A,250,0.9484335780143738,2,m6b_physics_lib_v2,0_v2,2026-04-26
M6B_L1_01229,1,bearing_wear,A,250,0.2475893497467041,1,m6b_physics_lib_v2,0_v2,2026-04-26
M6B_L1_01230,1,bearing_wear,A,250,0.37214261293411255,1,m6b_physics_lib_v2,0_v2,2026-04-26
M6B_L1_01231,1,bearing_wear,A,250,0.6686170697212219,3,m6b_physics_lib_v2,0_v2,2026-04-26
M6B_L1_01232,1,bearing_wear,A,250,0.35638919472694397,2,m6b_physics_lib_v2,0_v2,2026-04-26
M6B_L1_01233,1,bearing_wear,A,250,0.7436215877532959,1,m6b_physics_lib_v2,0_v2,2026-04-26
M6B_L1_01234,1,bearing_wear,A,250,0.37127384543418884,1,m6b_physics_lib_v2,0_v2,2026-04-26
M6B_L1_01235,1,bearing_wear,A,250,0.27932557463645935,1,m6b_physics_lib_v2,0_v2,2026-04-26
M6B_L1_01236,1,bearing_wear,A,250,0.36558812856674194,3,m6b_physics_lib_v2,0_v2,2026-04-26
M6B_L1_01237,1,bearing_wear,A,250,0.5381872057914734,1,m6b_physics_lib_v2,0_v2,2026-04-26
M6B_L1_01238,1,bearing_wear,A,250,0.3409106433391571,3,m6b_physics_lib_v2,0_v2,2026-04-26
M6B_L1_01239,1,bearing_wear,A,250,0.30775362253189087,1,m6b_physics_lib_v2,0_v2,2026-04-26
M6B_L1_01240,1,bearing_wear,A,250,0.8882254958152771,2,m6b_physics_lib_v2,0_v2,2026-04-26
M6B_L1_01241,1,bearing_wear,A,250,0.4563177525997162,1,m6b_physics_lib_v2,0_v2,2026-04-26
M6B_L1_01242,1,bearing_wear,A,250,0.4886069595813751,3,m6b_physics_lib_v2,0_v2,2026-04-26
M6B_L1_01243,1,bearing_wear,A,250,0.24421632289886475,1,m6b_physics_lib_v2,0_v2,2026-04-26
M6B_L1_01244,1,bearing_wear,A,250,0.48589569330215454,2,m6b_physics_lib_v2,0_v2,2026-04-26
M6B_L1_01245,1,bearing_wear,A,250,0.41184574365615845,1,m6b_physics_lib_v2,0_v2,2026-04-26
M6B_L1_01246,1,bearing_wear,A,250,0.6883880496025085,1,m6b_physics_lib_v2,0_v2,2026-04-26
M6B_L1_01247,1,bearing_wear,A,250,0.36431223154067993,1,m6b_physics_lib_v2,0_v2,2026-04-26
M6B_L1_01248,1,bearing_wear,A,250,0.9106923341751099,3,m6b_physics_lib_v2,0_v2,2026-04-26
M6B_L1_01249,1,bearing_wear,A,250,0.943733274936676,2,m6b_physics_lib_v2,0_v2,2026-04-26
M6B_L1_01250,1,bearing_wear,A,250,0.2798648476600647,2,m6b_physics_lib_v2,0_v2,2026-04-26
M6B_L1_01251,1,bearing_wear,A,250,0.2859223783016205,2,m6b_physics_lib_v2,0_v2,2026-04-26
M6B_L1_01252,1,bearing_wear,A,250,0.29226115345954895,3,m6b_physics_lib_v2,0_v2,2026-04-26
M6B_L1_01253,1,bearing_wear,A,250,0.6956554055213928,2,m6b_physics_lib_v2,0_v2,2026-04-26
M6B_L1_01254,1,bearing_wear,A,250,0.2975751757621765,2,m6b_physics_lib_v2,0_v2,2026-04-26
M6B_L1_01255,1,bearing_wear,A,250,0.8819058537483215,1,m6b_physics_lib_v2,0_v2,2026-04-26
M6B_L1_01256,1,bearing_wear,A,250,0.8034172058105469,1,m6b_physics_lib_v2,0_v2,2026-04-26
M6B_L1_01257,1,bearing_wear,A,250,0.8558470606803894,1,m6b_physics_lib_v2,0_v2,2026-04-26
M6B_L1_01258,1,bearing_wear,A,250,0.6208484172821045,2,m6b_physics_lib_v2,0_v2,2026-04-26
M6B_L1_01259,1,bearing_wear,A,250,0.9973417520523071,1,m6b_physics_lib_v2,0_v2,2026-04-26
M6B_L1_01260,1,bearing_wear,A,250,0.23534008860588074,1,m6b_physics_lib_v2,0_v2,2026-04-26
M6B_L1_01261,1,bearing_wear,A,250,0.5210119485855103,1,m6b_physics_lib_v2,0_v2,2026-04-26
M6B_L1_01262,1,bearing_wear,A,250,0.4591493308544159,1,m6b_physics_lib_v2,0_v2,2026-04-26
M6B_L1_01263,1,bearing_wear,A,250,0.958916425704956,3,m6b_physics_lib_v2,0_v2,2026-04-26
M6B_L1_01264,1,bearing_wear,A,250,0.6614887714385986,2,m6b_physics_lib_v2,0_v2,2026-04-26
M6B_L1_01265,1,bearing_wear,A,250,0.8449527621269226,3,m6b_physics_lib_v2,0_v2,2026-04-26
M6B_L1_01266,1,bearing_wear,A,250,0.3362729549407959,2,m6b_physics_lib_v2,0_v2,2026-04-26
M6B_L1_01267,1,bearing_wear,A,250,0.9829072952270508,3,m6b_physics_lib_v2,0_v2,2026-04-26
M6B_L1_01268,1,bearing_wear,A,250,0.5989116430282593,1,m6b_physics_lib_v2,0_v2,2026-04-26
M6B_L1_01269,1,bearing_wear,A,250,0.5949376821517944,2,m6b_physics_lib_v2,0_v2,2026-04-26
M6B_L1_01270,1,bearing_wear,A,250,0.9767077565193176,3,m6b_physics_lib_v2,0_v2,2026-04-26
M6B_L1_01271,1,bearing_wear,A,250,0.504585862159729,2,m6b_physics_lib_v2,0_v2,2026-04-26
M6B_L1_01272,1,bearing_wear,A,250,0.5180200338363647,3,m6b_physics_lib_v2,0_v2,2026-04-26
M6B_L1_01273,1,bearing_wear,A,250,0.6678021550178528,1,m6b_physics_lib_v2,0_v2,2026-04-26
M6B_L1_01274,1,bearing_wear,A,250,0.3024420738220215,1,m6b_physics_lib_v2,0_v2,2026-04-26
M6B_L1_01275,1,bearing_wear,A,250,0.4568684995174408,3,m6b_physics_lib_v2,0_v2,2026-04-26
M6B_L1_01276,1,bearing_wear,A,250,0.35456666350364685,1,m6b_physics_lib_v2,0_v2,2026-04-26
M6B_L1_01277,1,bearing_wear,A,250,0.28262677788734436,3,m6b_physics_lib_v2,0_v2,2026-04-26
M6B_L1_01278,1,bearing_wear,A,250,0.892915666103363,3,m6b_physics_lib_v2,0_v2,2026-04-26
M6B_L1_01279,1,bearing_wear,A,250,0.6714649200439453,3,m6b_physics_lib_v2,0_v2,2026-04-26
M6B_L1_01280,1,bearing_wear,A,250,0.4869382381439209,2,m6b_physics_lib_v2,0_v2,2026-04-26
M6B_L1_01281,1,bearing_wear,A,250,0.5269355177879333,3,m6b_physics_lib_v2,0_v2,2026-04-26
M6B_L1_01282,1,bearing_wear,A,250,0.5452151894569397,1,m6b_physics_lib_v2,0_v2,2026-04-26
M6B_L1_01283,1,bearing_wear,A,250,0.706519365310669,2,m6b_physics_lib_v2,0_v2,2026-04-26
M6B_L1_01284,1,bearing_wear,A,250,0.9414154887199402,1,m6b_physics_lib_v2,0_v2,2026-04-26
M6B_L1_01285,1,bearing_wear,A,250,0.9462236762046814,3,m6b_physics_lib_v2,0_v2,2026-04-26
M6B_L1_01286,1,bearing_wear,A,250,0.5131936073303223,3,m6b_physics_lib_v2,0_v2,2026-04-26
M6B_L1_01287,1,bearing_wear,A,250,0.463409960269928,3,m6b_physics_lib_v2,0_v2,2026-04-26
M6B_L1_01288,1,bearing_wear,A,250,0.5608372092247009,3,m6b_physics_lib_v2,0_v2,2026-04-26
M6B_L1_01289,1,bearing_wear,A,250,0.6543473601341248,1,m6b_physics_lib_v2,0_v2,2026-04-26
M6B_L1_01290,1,bearing_wear,A,250,0.5694543123245239,1,m6b_physics_lib_v2,0_v2,2026-04-26
M6B_L1_01291,1,bearing_wear,A,250,0.727002739906311,3,m6b_physics_lib_v2,0_v2,2026-04-26
M6B_L1_01292,1,bearing_wear,A,250,0.6435192227363586,2,m6b_physics_lib_v2,0_v2,2026-04-26
M6B_L1_01293,1,bearing_wear,A,250,0.45657244324684143,1,m6b_physics_lib_v2,0_v2,2026-04-26
M6B_L1_01294,1,bearing_wear,A,250,0.47658464312553406,3,m6b_physics_lib_v2,0_v2,2026-04-26
M6B_L1_01295,1,bearing_wear,A,250,0.5028742551803589,3,m6b_physics_lib_v2,0_v2,2026-04-26
M6B_L1_01296,1,bearing_wear,A,250,0.2757118046283722,2,m6b_physics_lib_v2,0_v2,2026-04-26
M6B_L1_01297,1,bearing_wear,A,250,0.3328500986099243,3,m6b_physics_lib_v2,0_v2,2026-04-26
M6B_L1_01298,1,bearing_wear,A,250,0.7784910202026367,1,m6b_physics_lib_v2,0_v2,2026-04-26
M6B_L1_01299,1,bearing_wear,A,250,0.5112773776054382,1,m6b_physics_lib_v2,0_v2,2026-04-26
M6B_L1_01300,1,bearing_wear,A,250,0.3716311752796173,1,m6b_physics_lib_v2,0_v2,2026-04-26
M6B_L1_01301,1,bearing_wear,A,250,0.6501379013061523,2,m6b_physics_lib_v2,0_v2,2026-04-26
M6B_L1_01302,1,bearing_wear,A,250,0.8044316172599792,1,m6b_physics_lib_v2,0_v2,2026-04-26
M6B_L1_01303,1,bearing_wear,A,250,0.40593788027763367,1,m6b_physics_lib_v2,0_v2,2026-04-26
M6B_L1_01304,1,bearing_wear,A,250,0.861431896686554,3,m6b_physics_lib_v2,0_v2,2026-04-26
M6B_L1_01305,1,bearing_wear,A,250,0.9420039057731628,3,m6b_physics_lib_v2,0_v2,2026-04-26
M6B_L1_01306,1,bearing_wear,A,250,0.677915632724762,3,m6b_physics_lib_v2,0_v2,2026-04-26
M6B_L1_01307,1,bearing_wear,A,250,0.7351581454277039,3,m6b_physics_lib_v2,0_v2,2026-04-26
M6B_L1_01308,1,bearing_wear,A,250,0.2420607954263687,3,m6b_physics_lib_v2,0_v2,2026-04-26
M6B_L1_01309,1,bearing_wear,A,250,0.9564158916473389,2,m6b_physics_lib_v2,0_v2,2026-04-26
M6B_L1_01310,1,bearing_wear,A,250,0.5139877796173096,2,m6b_physics_lib_v2,0_v2,2026-04-26
M6B_L1_01311,1,bearing_wear,A,250,0.9391202926635742,3,m6b_physics_lib_v2,0_v2,2026-04-26
M6B_L1_01312,1,bearing_wear,A,250,0.6631820201873779,2,m6b_physics_lib_v2,0_v2,2026-04-26
M6B_L1_01313,1,bearing_wear,A,250,0.20369504392147064,1,m6b_physics_lib_v2,0_v2,2026-04-26
M6B_L1_01314,1,bearing_wear,A,250,0.23083360493183136,3,m6b_physics_lib_v2,0_v2,2026-04-26
M6B_L1_01315,1,bearing_wear,A,250,0.7443350553512573,1,m6b_physics_lib_v2,0_v2,2026-04-26
M6B_L1_01316,1,bearing_wear,A,250,0.6501343846321106,3,m6b_physics_lib_v2,0_v2,2026-04-26
M6B_L1_01317,1,bearing_wear,A,250,0.22122594714164734,2,m6b_physics_lib_v2,0_v2,2026-04-26
M6B_L1_01318,1,bearing_wear,A,250,0.7947679758071899,3,m6b_physics_lib_v2,0_v2,2026-04-26
M6B_L1_01319,1,bearing_wear,A,250,0.881716251373291,1,m6b_physics_lib_v2,0_v2,2026-04-26
M6B_L1_01320,1,bearing_wear,A,250,0.597133994102478,2,m6b_physics_lib_v2,0_v2,2026-04-26
M6B_L1_01321,1,bearing_wear,A,250,0.5726059675216675,2,m6b_physics_lib_v2,0_v2,2026-04-26
M6B_L1_01322,1,bearing_wear,A,250,0.20437848567962646,2,m6b_physics_lib_v2,0_v2,2026-04-26
M6B_L1_01323,1,bearing_wear,A,250,0.8293197751045227,1,m6b_physics_lib_v2,0_v2,2026-04-26
M6B_L1_01324,1,bearing_wear,A,250,0.46457284688949585,3,m6b_physics_lib_v2,0_v2,2026-04-26
M6B_L1_01325,1,bearing_wear,A,250,0.903010904788971,2,m6b_physics_lib_v2,0_v2,2026-04-26
M6B_L1_01326,1,bearing_wear,A,250,0.4984484612941742,3,m6b_physics_lib_v2,0_v2,2026-04-26
M6B_L1_01327,1,bearing_wear,A,250,0.6520623564720154,2,m6b_physics_lib_v2,0_v2,2026-04-26
M6B_L1_01328,1,bearing_wear,A,250,0.41627344489097595,1,m6b_physics_lib_v2,0_v2,2026-04-26
M6B_L1_01329,1,bearing_wear,A,250,0.3284706473350525,3,m6b_physics_lib_v2,0_v2,2026-04-26
M6B_L1_01330,1,bearing_wear,A,250,0.8199263215065002,1,m6b_physics_lib_v2,0_v2,2026-04-26
M6B_L1_01331,1,bearing_wear,A,250,0.5972723960876465,1,m6b_physics_lib_v2,0_v2,2026-04-26
M6B_L1_01332,1,bearing_wear,A,250,0.6291903257369995,3,m6b_physics_lib_v2,0_v2,2026-04-26
M6B_L1_01333,1,bearing_wear,A,250,0.972332775592804,3,m6b_physics_lib_v2,0_v2,2026-04-26
M6B_L1_01334,1,bearing_wear,A,250,0.970863938331604,3,m6b_physics_lib_v2,0_v2,2026-04-26
M6B_L1_01335,1,bearing_wear,A,250,0.8845136761665344,2,m6b_physics_lib_v2,0_v2,2026-04-26
M6B_L1_01336,1,bearing_wear,A,250,0.350087434053421,3,m6b_physics_lib_v2,0_v2,2026-04-26
M6B_L1_01337,1,bearing_wear,A,250,0.6754181385040283,1,m6b_physics_lib_v2,0_v2,2026-04-26
M6B_L1_01338,1,bearing_wear,A,250,0.9025179147720337,3,m6b_physics_lib_v2,0_v2,2026-04-26
M6B_L1_01339,1,bearing_wear,A,250,0.49957114458084106,2,m6b_physics_lib_v2,0_v2,2026-04-26
M6B_L1_01340,1,bearing_wear,A,250,0.28088492155075073,1,m6b_physics_lib_v2,0_v2,2026-04-26
M6B_L1_01341,1,bearing_wear,A,250,0.8487703204154968,2,m6b_physics_lib_v2,0_v2,2026-04-26
M6B_L1_01342,1,bearing_wear,A,250,0.5854108333587646,2,m6b_physics_lib_v2,0_v2,2026-04-26
M6B_L1_01343,1,bearing_wear,A,250,0.6515141725540161,1,m6b_physics_lib_v2,0_v2,2026-04-26
M6B_L1_01344,1,bearing_wear,A,250,0.9857154488563538,2,m6b_physics_lib_v2,0_v2,2026-04-26
M6B_L1_01345,1,bearing_wear,A,250,0.6857691407203674,2,m6b_physics_lib_v2,0_v2,2026-04-26
M6B_L1_01346,1,bearing_wear,A,250,0.5399835109710693,1,m6b_physics_lib_v2,0_v2,2026-04-26
M6B_L1_01347,1,bearing_wear,A,250,0.49598750472068787,1,m6b_physics_lib_v2,0_v2,2026-04-26
M6B_L1_01348,1,bearing_wear,A,250,0.5340954065322876,3,m6b_physics_lib_v2,0_v2,2026-04-26
M6B_L1_01349,1,bearing_wear,A,250,0.29471927881240845,2,m6b_physics_lib_v2,0_v2,2026-04-26
M6B_L1_01350,1,bearing_wear,A,250,0.8358004689216614,2,m6b_physics_lib_v2,0_v2,2026-04-26
M6B_L1_01351,1,bearing_wear,A,250,0.8701735138893127,2,m6b_physics_lib_v2,0_v2,2026-04-26
M6B_L1_01352,1,bearing_wear,A,250,0.42751771211624146,2,m6b_physics_lib_v2,0_v2,2026-04-26
M6B_L1_01353,1,bearing_wear,A,250,0.4430373013019562,2,m6b_physics_lib_v2,0_v2,2026-04-26
M6B_L1_01354,1,bearing_wear,A,250,0.899467408657074,2,m6b_physics_lib_v2,0_v2,2026-04-26
M6B_L1_01355,1,bearing_wear,A,250,0.2191762775182724,3,m6b_physics_lib_v2,0_v2,2026-04-26
M6B_L1_01356,1,bearing_wear,A,250,0.6163659691810608,3,m6b_physics_lib_v2,0_v2,2026-04-26
M6B_L1_01357,1,bearing_wear,A,250,0.5709405541419983,1,m6b_physics_lib_v2,0_v2,2026-04-26
M6B_L1_01358,1,bearing_wear,A,250,0.7521014213562012,3,m6b_physics_lib_v2,0_v2,2026-04-26
M6B_L1_01359,1,bearing_wear,A,250,0.3307133615016937,3,m6b_physics_lib_v2,0_v2,2026-04-26
M6B_L1_01360,1,bearing_wear,A,250,0.7346646189689636,1,m6b_physics_lib_v2,0_v2,2026-04-26
M6B_L1_01361,1,bearing_wear,A,250,0.5013871788978577,3,m6b_physics_lib_v2,0_v2,2026-04-26
M6B_L1_01362,1,bearing_wear,A,250,0.6949717998504639,2,m6b_physics_lib_v2,0_v2,2026-04-26
M6B_L1_01363,1,bearing_wear,A,250,0.2320760041475296,3,m6b_physics_lib_v2,0_v2,2026-04-26
M6B_L1_01364,1,bearing_wear,A,250,0.5693817734718323,2,m6b_physics_lib_v2,0_v2,2026-04-26
M6B_L1_01365,1,bearing_wear,A,250,0.6178007125854492,3,m6b_physics_lib_v2,0_v2,2026-04-26
M6B_L1_01366,1,bearing_wear,A,250,0.3714611232280731,1,m6b_physics_lib_v2,0_v2,2026-04-26
M6B_L1_01367,1,bearing_wear,A,250,0.31169891357421875,1,m6b_physics_lib_v2,0_v2,2026-04-26
M6B_L1_01368,1,bearing_wear,A,250,0.3507794439792633,3,m6b_physics_lib_v2,0_v2,2026-04-26
M6B_L1_01369,1,bearing_wear,A,250,0.47531285881996155,2,m6b_physics_lib_v2,0_v2,2026-04-26
M6B_L1_01370,1,bearing_wear,A,250,0.2774481177330017,2,m6b_physics_lib_v2,0_v2,2026-04-26
M6B_L1_01371,1,bearing_wear,A,250,0.9578558206558228,1,m6b_physics_lib_v2,0_v2,2026-04-26
M6B_L1_01372,1,bearing_wear,A,250,0.5239952206611633,1,m6b_physics_lib_v2,0_v2,2026-04-26
M6B_L1_01373,1,bearing_wear,A,250,0.847175657749176,3,m6b_physics_lib_v2,0_v2,2026-04-26
M6B_L1_01374,1,bearing_wear,A,250,0.9795336723327637,1,m6b_physics_lib_v2,0_v2,2026-04-26
M6B_L1_01375,1,bearing_wear,A,250,0.26458823680877686,2,m6b_physics_lib_v2,0_v2,2026-04-26
M6B_L1_01376,1,bearing_wear,A,250,0.7213355898857117,1,m6b_physics_lib_v2,0_v2,2026-04-26
M6B_L1_01377,1,bearing_wear,A,250,0.8971272706985474,1,m6b_physics_lib_v2,0_v2,2026-04-26
M6B_L1_01378,1,bearing_wear,A,250,0.7073875665664673,1,m6b_physics_lib_v2,0_v2,2026-04-26
M6B_L1_01379,1,bearing_wear,A,250,0.5432208776473999,3,m6b_physics_lib_v2,0_v2,2026-04-26
M6B_L1_01380,1,bearing_wear,A,250,0.5448610782623291,3,m6b_physics_lib_v2,0_v2,2026-04-26
M6B_L1_01381,1,bearing_wear,A,250,0.22871911525726318,1,m6b_physics_lib_v2,0_v2,2026-04-26
M6B_L1_01382,1,bearing_wear,A,250,0.6276805996894836,2,m6b_physics_lib_v2,0_v2,2026-04-26
M6B_L1_01383,1,bearing_wear,A,250,0.9948344230651855,2,m6b_physics_lib_v2,0_v2,2026-04-26
M6B_L1_01384,1,bearing_wear,A,250,0.9669660329818726,2,m6b_physics_lib_v2,0_v2,2026-04-26
M6B_L1_01385,1,bearing_wear,A,250,0.23231938481330872,3,m6b_physics_lib_v2,0_v2,2026-04-26
M6B_L1_01386,1,bearing_wear,A,250,0.7646375894546509,1,m6b_physics_lib_v2,0_v2,2026-04-26
M6B_L1_01387,1,bearing_wear,A,250,0.4414118826389313,1,m6b_physics_lib_v2,0_v2,2026-04-26
M6B_L1_01388,1,bearing_wear,A,250,0.9223912954330444,2,m6b_physics_lib_v2,0_v2,2026-04-26
M6B_L1_01389,1,bearing_wear,A,250,0.23609179258346558,2,m6b_physics_lib_v2,0_v2,2026-04-26
M6B_L1_01390,1,bearing_wear,A,250,0.9486992955207825,1,m6b_physics_lib_v2,0_v2,2026-04-26
M6B_L1_01391,1,bearing_wear,A,250,0.8699805736541748,3,m6b_physics_lib_v2,0_v2,2026-04-26
M6B_L1_01392,1,bearing_wear,A,250,0.29400351643562317,1,m6b_physics_lib_v2,0_v2,2026-04-26
M6B_L1_01393,1,bearing_wear,A,250,0.24785946309566498,1,m6b_physics_lib_v2,0_v2,2026-04-26
M6B_L1_01394,1,bearing_wear,A,250,0.8677661418914795,2,m6b_physics_lib_v2,0_v2,2026-04-26
M6B_L1_01395,1,bearing_wear,A,250,0.32460615038871765,2,m6b_physics_lib_v2,0_v2,2026-04-26
M6B_L1_01396,1,bearing_wear,A,250,0.627918541431427,1,m6b_physics_lib_v2,0_v2,2026-04-26
M6B_L1_01397,1,bearing_wear,A,250,0.9325959086418152,1,m6b_physics_lib_v2,0_v2,2026-04-26
M6B_L1_01398,1,bearing_wear,A,250,0.6539584994316101,1,m6b_physics_lib_v2,0_v2,2026-04-26
M6B_L1_01399,1,bearing_wear,A,250,0.5177866220474243,2,m6b_physics_lib_v2,0_v2,2026-04-26
M6B_L1_01400,1,bearing_wear,A,250,0.5560128688812256,2,m6b_physics_lib_v2,0_v2,2026-04-26
M6B_L1_01401,1,bearing_wear,A,250,0.25049373507499695,1,m6b_physics_lib_v2,0_v2,2026-04-26
M6B_L1_01402,1,bearing_wear,A,250,0.975001871585846,2,m6b_physics_lib_v2,0_v2,2026-04-26
M6B_L1_01403,1,bearing_wear,A,250,0.4485233426094055,3,m6b_physics_lib_v2,0_v2,2026-04-26
M6B_L1_01404,1,bearing_wear,A,250,0.3514907956123352,1,m6b_physics_lib_v2,0_v2,2026-04-26
M6B_L1_01405,1,bearing_wear,A,250,0.4288378357887268,3,m6b_physics_lib_v2,0_v2,2026-04-26
M6B_L1_01406,1,bearing_wear,A,250,0.9714985489845276,1,m6b_physics_lib_v2,0_v2,2026-04-26
M6B_L1_01407,1,bearing_wear,A,250,0.275428831577301,1,m6b_physics_lib_v2,0_v2,2026-04-26
M6B_L1_01408,1,bearing_wear,A,250,0.8938424587249756,1,m6b_physics_lib_v2,0_v2,2026-04-26
M6B_L1_01409,1,bearing_wear,A,250,0.7662751078605652,1,m6b_physics_lib_v2,0_v2,2026-04-26
M6B_L1_01410,1,bearing_wear,A,250,0.8640153408050537,1,m6b_physics_lib_v2,0_v2,2026-04-26
M6B_L1_01411,1,bearing_wear,A,250,0.9807180166244507,2,m6b_physics_lib_v2,0_v2,2026-04-26
M6B_L1_01412,1,bearing_wear,A,250,0.8737237453460693,2,m6b_physics_lib_v2,0_v2,2026-04-26
M6B_L1_01413,1,bearing_wear,A,250,0.9547058939933777,3,m6b_physics_lib_v2,0_v2,2026-04-26
M6B_L1_01414,1,bearing_wear,A,250,0.30154821276664734,2,m6b_physics_lib_v2,0_v2,2026-04-26
M6B_L1_01415,1,bearing_wear,A,250,0.8366308808326721,2,m6b_physics_lib_v2,0_v2,2026-04-26
M6B_L1_01416,1,bearing_wear,A,250,0.6365405321121216,2,m6b_physics_lib_v2,0_v2,2026-04-26
M6B_L1_01417,1,bearing_wear,A,250,0.6347965002059937,1,m6b_physics_lib_v2,0_v2,2026-04-26
M6B_L1_01418,1,bearing_wear,A,250,0.9191372394561768,3,m6b_physics_lib_v2,0_v2,2026-04-26
M6B_L1_01419,1,bearing_wear,A,250,0.9774430394172668,1,m6b_physics_lib_v2,0_v2,2026-04-26
M6B_L1_01420,1,bearing_wear,A,250,0.7638706564903259,3,m6b_physics_lib_v2,0_v2,2026-04-26
M6B_L1_01421,1,bearing_wear,A,250,0.5863507390022278,3,m6b_physics_lib_v2,0_v2,2026-04-26
M6B_L1_01422,1,bearing_wear,A,250,0.5651230812072754,3,m6b_physics_lib_v2,0_v2,2026-04-26
M6B_L1_01423,1,bearing_wear,A,250,0.5090731382369995,2,m6b_physics_lib_v2,0_v2,2026-04-26
M6B_L1_01424,1,bearing_wear,A,250,0.48927921056747437,1,m6b_physics_lib_v2,0_v2,2026-04-26
M6B_L1_01425,1,bearing_wear,A,250,0.5132054686546326,3,m6b_physics_lib_v2,0_v2,2026-04-26
M6B_L1_01426,1,bearing_wear,A,250,0.2718025743961334,1,m6b_physics_lib_v2,0_v2,2026-04-26
M6B_L1_01427,1,bearing_wear,A,250,0.2619488537311554,2,m6b_physics_lib_v2,0_v2,2026-04-26
M6B_L1_01428,1,bearing_wear,A,250,0.8238958716392517,3,m6b_physics_lib_v2,0_v2,2026-04-26
M6B_L1_01429,1,bearing_wear,A,250,0.5568583011627197,3,m6b_physics_lib_v2,0_v2,2026-04-26
M6B_L1_01430,1,bearing_wear,A,250,0.9445475935935974,3,m6b_physics_lib_v2,0_v2,2026-04-26
M6B_L1_01431,1,bearing_wear,A,250,0.6897767782211304,1,m6b_physics_lib_v2,0_v2,2026-04-26
M6B_L1_01432,1,bearing_wear,A,250,0.22814078629016876,3,m6b_physics_lib_v2,0_v2,2026-04-26
M6B_L1_01433,1,bearing_wear,A,250,0.32601866126060486,1,m6b_physics_lib_v2,0_v2,2026-04-26
M6B_L1_01434,1,bearing_wear,A,250,0.36465582251548767,2,m6b_physics_lib_v2,0_v2,2026-04-26
M6B_L1_01435,1,bearing_wear,A,250,0.9805887937545776,3,m6b_physics_lib_v2,0_v2,2026-04-26
M6B_L1_01436,1,bearing_wear,A,250,0.3749633729457855,2,m6b_physics_lib_v2,0_v2,2026-04-26
M6B_L1_01437,1,bearing_wear,A,250,0.612604558467865,3,m6b_physics_lib_v2,0_v2,2026-04-26
M6B_L1_01438,1,bearing_wear,A,250,0.9489415287971497,2,m6b_physics_lib_v2,0_v2,2026-04-26
M6B_L1_01439,1,bearing_wear,A,250,0.9817541837692261,1,m6b_physics_lib_v2,0_v2,2026-04-26
M6B_L1_01440,1,bearing_wear,A,250,0.38908836245536804,1,m6b_physics_lib_v2,0_v2,2026-04-26
M6B_L1_01441,1,bearing_wear,A,250,0.2392941117286682,2,m6b_physics_lib_v2,0_v2,2026-04-26
M6B_L1_01442,1,bearing_wear,A,250,0.32288146018981934,3,m6b_physics_lib_v2,0_v2,2026-04-26
M6B_L1_01443,1,bearing_wear,A,250,0.25066277384757996,2,m6b_physics_lib_v2,0_v2,2026-04-26
M6B_L1_01444,1,bearing_wear,A,250,0.356099396944046,3,m6b_physics_lib_v2,0_v2,2026-04-26
M6B_L1_01445,1,bearing_wear,A,250,0.6548557877540588,2,m6b_physics_lib_v2,0_v2,2026-04-26
M6B_L1_01446,1,bearing_wear,A,250,0.9299590587615967,1,m6b_physics_lib_v2,0_v2,2026-04-26
M6B_L1_01447,1,bearing_wear,A,250,0.6297751069068909,1,m6b_physics_lib_v2,0_v2,2026-04-26
M6B_L1_01448,1,bearing_wear,A,250,0.7007916569709778,2,m6b_physics_lib_v2,0_v2,2026-04-26
M6B_L1_01449,1,bearing_wear,A,250,0.3614937961101532,3,m6b_physics_lib_v2,0_v2,2026-04-26
M6B_L1_01450,1,bearing_wear,A,250,0.8404669165611267,3,m6b_physics_lib_v2,0_v2,2026-04-26
M6B_L1_01451,1,bearing_wear,A,250,0.6942311525344849,1,m6b_physics_lib_v2,0_v2,2026-04-26
M6B_L1_01452,1,bearing_wear,A,250,0.8913094401359558,2,m6b_physics_lib_v2,0_v2,2026-04-26
M6B_L1_01453,1,bearing_wear,A,250,0.9590744972229004,3,m6b_physics_lib_v2,0_v2,2026-04-26
M6B_L1_01454,1,bearing_wear,A,250,0.4783206284046173,2,m6b_physics_lib_v2,0_v2,2026-04-26
M6B_L1_01455,1,bearing_wear,A,250,0.27246323227882385,1,m6b_physics_lib_v2,0_v2,2026-04-26
M6B_L1_01456,1,bearing_wear,A,250,0.3807431757450104,2,m6b_physics_lib_v2,0_v2,2026-04-26
M6B_L1_01457,1,bearing_wear,A,250,0.5502732396125793,1,m6b_physics_lib_v2,0_v2,2026-04-26
M6B_L1_01458,1,bearing_wear,A,250,0.9565549492835999,1,m6b_physics_lib_v2,0_v2,2026-04-26
M6B_L1_01459,1,bearing_wear,A,250,0.502647876739502,2,m6b_physics_lib_v2,0_v2,2026-04-26
M6B_L1_01460,1,bearing_wear,A,250,0.8166185617446899,1,m6b_physics_lib_v2,0_v2,2026-04-26
M6B_L1_01461,1,bearing_wear,A,250,0.6323813796043396,2,m6b_physics_lib_v2,0_v2,2026-04-26
M6B_L1_01462,1,bearing_wear,A,250,0.34624701738357544,2,m6b_physics_lib_v2,0_v2,2026-04-26
M6B_L1_01463,1,bearing_wear,A,250,0.4565872848033905,2,m6b_physics_lib_v2,0_v2,2026-04-26
M6B_L1_01464,1,bearing_wear,A,250,0.7225534915924072,2,m6b_physics_lib_v2,0_v2,2026-04-26
M6B_L1_01465,1,bearing_wear,A,250,0.7382827401161194,1,m6b_physics_lib_v2,0_v2,2026-04-26
M6B_L1_01466,1,bearing_wear,A,250,0.5478078126907349,3,m6b_physics_lib_v2,0_v2,2026-04-26
M6B_L1_01467,1,bearing_wear,A,250,0.38291648030281067,3,m6b_physics_lib_v2,0_v2,2026-04-26
M6B_L1_01468,1,bearing_wear,A,250,0.7775254249572754,3,m6b_physics_lib_v2,0_v2,2026-04-26
M6B_L1_01469,1,bearing_wear,A,250,0.3350984454154968,3,m6b_physics_lib_v2,0_v2,2026-04-26
M6B_L1_01470,1,bearing_wear,A,250,0.9493357539176941,2,m6b_physics_lib_v2,0_v2,2026-04-26
M6B_L1_01471,1,bearing_wear,A,250,0.3503228724002838,3,m6b_physics_lib_v2,0_v2,2026-04-26
M6B_L1_01472,1,bearing_wear,A,250,0.2858498990535736,2,m6b_physics_lib_v2,0_v2,2026-04-26
M6B_L1_01473,1,bearing_wear,A,250,0.5981181859970093,1,m6b_physics_lib_v2,0_v2,2026-04-26
M6B_L1_01474,1,bearing_wear,A,250,0.6156396865844727,3,m6b_physics_lib_v2,0_v2,2026-04-26
M6B_L1_01475,1,bearing_wear,A,250,0.6065543293952942,1,m6b_physics_lib_v2,0_v2,2026-04-26
M6B_L1_01476,1,bearing_wear,A,250,0.5493339896202087,3,m6b_physics_lib_v2,0_v2,2026-04-26
M6B_L1_01477,1,bearing_wear,A,250,0.9958519339561462,2,m6b_physics_lib_v2,0_v2,2026-04-26
M6B_L1_01478,1,bearing_wear,A,250,0.5890244841575623,3,m6b_physics_lib_v2,0_v2,2026-04-26
M6B_L1_01479,1,bearing_wear,A,250,0.5823572874069214,2,m6b_physics_lib_v2,0_v2,2026-04-26
M6B_L1_01480,1,bearing_wear,A,250,0.5374128222465515,2,m6b_physics_lib_v2,0_v2,2026-04-26
M6B_L1_01481,1,bearing_wear,A,250,0.2534606158733368,1,m6b_physics_lib_v2,0_v2,2026-04-26
M6B_L1_01482,1,bearing_wear,A,250,0.6743652820587158,3,m6b_physics_lib_v2,0_v2,2026-04-26
M6B_L1_01483,1,bearing_wear,A,250,0.38237422704696655,1,m6b_physics_lib_v2,0_v2,2026-04-26
M6B_L1_01484,1,bearing_wear,A,250,0.7100871801376343,2,m6b_physics_lib_v2,0_v2,2026-04-26
M6B_L1_01485,1,bearing_wear,A,250,0.24066677689552307,2,m6b_physics_lib_v2,0_v2,2026-04-26
M6B_L1_01486,1,bearing_wear,A,250,0.9851096868515015,2,m6b_physics_lib_v2,0_v2,2026-04-26
M6B_L1_01487,1,bearing_wear,A,250,0.575204074382782,1,m6b_physics_lib_v2,0_v2,2026-04-26
M6B_L1_01488,1,bearing_wear,A,250,0.917404294013977,2,m6b_physics_lib_v2,0_v2,2026-04-26
M6B_L1_01489,1,bearing_wear,A,250,0.5804489254951477,2,m6b_physics_lib_v2,0_v2,2026-04-26
M6B_L1_01490,1,bearing_wear,A,250,0.24826465547084808,1,m6b_physics_lib_v2,0_v2,2026-04-26
M6B_L1_01491,1,bearing_wear,A,250,0.8577708601951599,1,m6b_physics_lib_v2,0_v2,2026-04-26
M6B_L1_01492,1,bearing_wear,A,250,0.718546986579895,3,m6b_physics_lib_v2,0_v2,2026-04-26
M6B_L1_01493,1,bearing_wear,A,250,0.8254056572914124,1,m6b_physics_lib_v2,0_v2,2026-04-26
M6B_L1_01494,1,bearing_wear,A,250,0.5425359010696411,1,m6b_physics_lib_v2,0_v2,2026-04-26
M6B_L1_01495,1,bearing_wear,A,250,0.7103493809700012,2,m6b_physics_lib_v2,0_v2,2026-04-26
M6B_L1_01496,1,bearing_wear,A,250,0.8849831819534302,1,m6b_physics_lib_v2,0_v2,2026-04-26
M6B_L1_01497,1,bearing_wear,A,250,0.7048523426055908,2,m6b_physics_lib_v2,0_v2,2026-04-26
M6B_L1_01498,1,bearing_wear,A,250,0.47813889384269714,1,m6b_physics_lib_v2,0_v2,2026-04-26
M6B_L1_01499,1,bearing_wear,A,250,0.7300236821174622,2,m6b_physics_lib_v2,0_v2,2026-04-26
M6B_L4_00000,4,seal_failure,A,400,0.6271244883537292,3,m6b_physics_lib_v2,0_v2,2026-04-26
M6B_L4_00001,4,seal_failure,A,400,0.817488431930542,1,m6b_physics_lib_v2,0_v2,2026-04-26
M6B_L4_00002,4,seal_failure,A,400,0.5030943751335144,3,m6b_physics_lib_v2,0_v2,2026-04-26
M6B_L4_00003,4,seal_failure,A,400,0.6700155735015869,3,m6b_physics_lib_v2,0_v2,2026-04-26
M6B_L4_00004,4,seal_failure,A,400,0.9729620814323425,3,m6b_physics_lib_v2,0_v2,2026-04-26
M6B_L4_00005,4,seal_failure,A,400,0.6175841093063354,1,m6b_physics_lib_v2,0_v2,2026-04-26
M6B_L4_00006,4,seal_failure,A,400,0.9278380870819092,1,m6b_physics_lib_v2,0_v2,2026-04-26
M6B_L4_00007,4,seal_failure,A,400,0.834938108921051,3,m6b_physics_lib_v2,0_v2,2026-04-26
M6B_L4_00008,4,seal_failure,A,400,0.24697494506835938,3,m6b_physics_lib_v2,0_v2,2026-04-26
M6B_L4_00009,4,seal_failure,A,400,0.5432791113853455,1,m6b_physics_lib_v2,0_v2,2026-04-26
M6B_L4_00010,4,seal_failure,A,400,0.7586547136306763,1,m6b_physics_lib_v2,0_v2,2026-04-26
M6B_L4_00011,4,seal_failure,A,400,0.9893695116043091,1,m6b_physics_lib_v2,0_v2,2026-04-26
M6B_L4_00012,4,seal_failure,A,400,0.5667010545730591,1,m6b_physics_lib_v2,0_v2,2026-04-26
M6B_L4_00013,4,seal_failure,A,400,0.27422836422920227,1,m6b_physics_lib_v2,0_v2,2026-04-26
M6B_L4_00014,4,seal_failure,A,400,0.6496073603630066,1,m6b_physics_lib_v2,0_v2,2026-04-26
M6B_L4_00015,4,seal_failure,A,400,0.30125102400779724,1,m6b_physics_lib_v2,0_v2,2026-04-26
M6B_L4_00016,4,seal_failure,A,400,0.801215648651123,1,m6b_physics_lib_v2,0_v2,2026-04-26
M6B_L4_00017,4,seal_failure,A,400,0.6061416268348694,3,m6b_physics_lib_v2,0_v2,2026-04-26
M6B_L4_00018,4,seal_failure,A,400,0.7787451148033142,1,m6b_physics_lib_v2,0_v2,2026-04-26
M6B_L4_00019,4,seal_failure,A,400,0.8954894542694092,1,m6b_physics_lib_v2,0_v2,2026-04-26
M6B_L4_00020,4,seal_failure,A,400,0.703158438205719,1,m6b_physics_lib_v2,0_v2,2026-04-26
M6B_L4_00021,4,seal_failure,A,400,0.689951479434967,3,m6b_physics_lib_v2,0_v2,2026-04-26
M6B_L4_00022,4,seal_failure,A,400,0.8036562204360962,1,m6b_physics_lib_v2,0_v2,2026-04-26
M6B_L4_00023,4,seal_failure,A,400,0.8739640116691589,1,m6b_physics_lib_v2,0_v2,2026-04-26
M6B_L4_00024,4,seal_failure,A,400,0.8952430486679077,1,m6b_physics_lib_v2,0_v2,2026-04-26
M6B_L4_00025,4,seal_failure,A,400,0.2291441559791565,1,m6b_physics_lib_v2,0_v2,2026-04-26
M6B_L4_00026,4,seal_failure,A,400,0.6449522376060486,1,m6b_physics_lib_v2,0_v2,2026-04-26
M6B_L4_00027,4,seal_failure,A,400,0.373015433549881,1,m6b_physics_lib_v2,0_v2,2026-04-26
M6B_L4_00028,4,seal_failure,A,400,0.8882766962051392,3,m6b_physics_lib_v2,0_v2,2026-04-26
M6B_L4_00029,4,seal_failure,A,400,0.7187181711196899,1,m6b_physics_lib_v2,0_v2,2026-04-26
M6B_L4_00030,4,seal_failure,A,400,0.5361779928207397,1,m6b_physics_lib_v2,0_v2,2026-04-26
M6B_L4_00031,4,seal_failure,A,400,0.35048338770866394,3,m6b_physics_lib_v2,0_v2,2026-04-26
M6B_L4_00032,4,seal_failure,A,400,0.47121891379356384,3,m6b_physics_lib_v2,0_v2,2026-04-26
M6B_L4_00033,4,seal_failure,A,400,0.7630221843719482,3,m6b_physics_lib_v2,0_v2,2026-04-26
M6B_L4_00034,4,seal_failure,A,400,0.3634876310825348,1,m6b_physics_lib_v2,0_v2,2026-04-26
M6B_L4_00035,4,seal_failure,A,400,0.27486634254455566,1,m6b_physics_lib_v2,0_v2,2026-04-26
M6B_L4_00036,4,seal_failure,A,400,0.9104229807853699,1,m6b_physics_lib_v2,0_v2,2026-04-26
M6B_L4_00037,4,seal_failure,A,400,0.8113682866096497,3,m6b_physics_lib_v2,0_v2,2026-04-26
M6B_L4_00038,4,seal_failure,A,400,0.3598359525203705,1,m6b_physics_lib_v2,0_v2,2026-04-26
M6B_L4_00039,4,seal_failure,A,400,0.4338492453098297,3,m6b_physics_lib_v2,0_v2,2026-04-26
M6B_L4_00040,4,seal_failure,A,400,0.9776561260223389,3,m6b_physics_lib_v2,0_v2,2026-04-26
M6B_L4_00041,4,seal_failure,A,400,0.7665475606918335,3,m6b_physics_lib_v2,0_v2,2026-04-26
M6B_L4_00042,4,seal_failure,A,400,0.6884176135063171,1,m6b_physics_lib_v2,0_v2,2026-04-26
M6B_L4_00043,4,seal_failure,A,400,0.4461027979850769,3,m6b_physics_lib_v2,0_v2,2026-04-26
M6B_L4_00044,4,seal_failure,A,400,0.4393001198768616,1,m6b_physics_lib_v2,0_v2,2026-04-26
M6B_L4_00045,4,seal_failure,A,400,0.23161889612674713,3,m6b_physics_lib_v2,0_v2,2026-04-26
M6B_L4_00046,4,seal_failure,A,400,0.7827854752540588,3,m6b_physics_lib_v2,0_v2,2026-04-26
M6B_L4_00047,4,seal_failure,A,400,0.2345401793718338,3,m6b_physics_lib_v2,0_v2,2026-04-26
M6B_L4_00048,4,seal_failure,A,400,0.20388586819171906,1,m6b_physics_lib_v2,0_v2,2026-04-26
M6B_L4_00049,4,seal_failure,A,400,0.7835960984230042,3,m6b_physics_lib_v2,0_v2,2026-04-26
M6B_L4_00050,4,seal_failure,A,400,0.9590989947319031,1,m6b_physics_lib_v2,0_v2,2026-04-26
M6B_L4_00051,4,seal_failure,A,400,0.8052024245262146,1,m6b_physics_lib_v2,0_v2,2026-04-26
M6B_L4_00052,4,seal_failure,A,400,0.577312171459198,1,m6b_physics_lib_v2,0_v2,2026-04-26
M6B_L4_00053,4,seal_failure,A,400,0.5888361930847168,3,m6b_physics_lib_v2,0_v2,2026-04-26
M6B_L4_00054,4,seal_failure,A,400,0.5489091277122498,3,m6b_physics_lib_v2,0_v2,2026-04-26
M6B_L4_00055,4,seal_failure,A,400,0.4597149193286896,1,m6b_physics_lib_v2,0_v2,2026-04-26
M6B_L4_00056,4,seal_failure,A,400,0.6173713803291321,3,m6b_physics_lib_v2,0_v2,2026-04-26
M6B_L4_00057,4,seal_failure,A,400,0.5449207425117493,3,m6b_physics_lib_v2,0_v2,2026-04-26
M6B_L4_00058,4,seal_failure,A,400,0.6785343289375305,1,m6b_physics_lib_v2,0_v2,2026-04-26
M6B_L4_00059,4,seal_failure,A,400,0.9184960722923279,3,m6b_physics_lib_v2,0_v2,2026-04-26
M6B_L4_00060,4,seal_failure,A,400,0.9960075616836548,3,m6b_physics_lib_v2,0_v2,2026-04-26
M6B_L4_00061,4,seal_failure,A,400,0.2629946172237396,1,m6b_physics_lib_v2,0_v2,2026-04-26
M6B_L4_00062,4,seal_failure,A,400,0.5077467560768127,1,m6b_physics_lib_v2,0_v2,2026-04-26
M6B_L4_00063,4,seal_failure,A,400,0.34456494450569153,3,m6b_physics_lib_v2,0_v2,2026-04-26
M6B_L4_00064,4,seal_failure,A,400,0.48169636726379395,1,m6b_physics_lib_v2,0_v2,2026-04-26
M6B_L4_00065,4,seal_failure,A,400,0.4299784004688263,3,m6b_physics_lib_v2,0_v2,2026-04-26
M6B_L4_00066,4,seal_failure,A,400,0.3396297097206116,1,m6b_physics_lib_v2,0_v2,2026-04-26
M6B_L4_00067,4,seal_failure,A,400,0.8112608194351196,1,m6b_physics_lib_v2,0_v2,2026-04-26
M6B_L4_00068,4,seal_failure,A,400,0.5970309972763062,1,m6b_physics_lib_v2,0_v2,2026-04-26
M6B_L4_00069,4,seal_failure,A,400,0.9353964924812317,3,m6b_physics_lib_v2,0_v2,2026-04-26
M6B_L4_00070,4,seal_failure,A,400,0.2260739505290985,3,m6b_physics_lib_v2,0_v2,2026-04-26
M6B_L4_00071,4,seal_failure,A,400,0.2535824179649353,3,m6b_physics_lib_v2,0_v2,2026-04-26
M6B_L4_00072,4,seal_failure,A,400,0.5226188898086548,1,m6b_physics_lib_v2,0_v2,2026-04-26
M6B_L4_00073,4,seal_failure,A,400,0.26422184705734253,3,m6b_physics_lib_v2,0_v2,2026-04-26
M6B_L4_00074,4,seal_failure,A,400,0.4101836681365967,3,m6b_physics_lib_v2,0_v2,2026-04-26
M6B_L4_00075,4,seal_failure,A,400,0.9888237714767456,1,m6b_physics_lib_v2,0_v2,2026-04-26
M6B_L4_00076,4,seal_failure,A,400,0.3671676814556122,3,m6b_physics_lib_v2,0_v2,2026-04-26
M6B_L4_00077,4,seal_failure,A,400,0.35849419236183167,1,m6b_physics_lib_v2,0_v2,2026-04-26
M6B_L4_00078,4,seal_failure,A,400,0.6589125394821167,3,m6b_physics_lib_v2,0_v2,2026-04-26
M6B_L4_00079,4,seal_failure,A,400,0.5983986258506775,3,m6b_physics_lib_v2,0_v2,2026-04-26
M6B_L4_00080,4,seal_failure,A,400,0.6643506288528442,1,m6b_physics_lib_v2,0_v2,2026-04-26
M6B_L4_00081,4,seal_failure,A,400,0.5013882517814636,1,m6b_physics_lib_v2,0_v2,2026-04-26
M6B_L4_00082,4,seal_failure,A,400,0.8614099025726318,3,m6b_physics_lib_v2,0_v2,2026-04-26
M6B_L4_00083,4,seal_failure,A,400,0.3108644485473633,1,m6b_physics_lib_v2,0_v2,2026-04-26
M6B_L4_00084,4,seal_failure,A,400,0.5427141189575195,1,m6b_physics_lib_v2,0_v2,2026-04-26
M6B_L4_00085,4,seal_failure,A,400,0.7518094778060913,1,m6b_physics_lib_v2,0_v2,2026-04-26
M6B_L4_00086,4,seal_failure,A,400,0.8945891261100769,3,m6b_physics_lib_v2,0_v2,2026-04-26
M6B_L4_00087,4,seal_failure,A,400,0.4956572949886322,1,m6b_physics_lib_v2,0_v2,2026-04-26
M6B_L4_00088,4,seal_failure,A,400,0.6541965007781982,1,m6b_physics_lib_v2,0_v2,2026-04-26
M6B_L4_00089,4,seal_failure,A,400,0.2553119659423828,3,m6b_physics_lib_v2,0_v2,2026-04-26
M6B_L4_00090,4,seal_failure,A,400,0.33625528216362,1,m6b_physics_lib_v2,0_v2,2026-04-26
M6B_L4_00091,4,seal_failure,A,400,0.2553105354309082,3,m6b_physics_lib_v2,0_v2,2026-04-26
M6B_L4_00092,4,seal_failure,A,400,0.7823047041893005,3,m6b_physics_lib_v2,0_v2,2026-04-26
M6B_L4_00093,4,seal_failure,A,400,0.4304479658603668,3,m6b_physics_lib_v2,0_v2,2026-04-26
M6B_L4_00094,4,seal_failure,A,400,0.7789962291717529,1,m6b_physics_lib_v2,0_v2,2026-04-26
M6B_L4_00095,4,seal_failure,A,400,0.253118634223938,3,m6b_physics_lib_v2,0_v2,2026-04-26
M6B_L4_00096,4,seal_failure,A,400,0.890038251876831,3,m6b_physics_lib_v2,0_v2,2026-04-26
M6B_L4_00097,4,seal_failure,A,400,0.8684241771697998,1,m6b_physics_lib_v2,0_v2,2026-04-26
M6B_L4_00098,4,seal_failure,A,400,0.27114298939704895,1,m6b_physics_lib_v2,0_v2,2026-04-26
M6B_L4_00099,4,seal_failure,A,400,0.21900521218776703,1,m6b_physics_lib_v2,0_v2,2026-04-26
M6B_L4_00100,4,seal_failure,A,400,0.24503104388713837,1,m6b_physics_lib_v2,0_v2,2026-04-26
M6B_L4_00101,4,seal_failure,A,400,0.8829041123390198,1,m6b_physics_lib_v2,0_v2,2026-04-26
M6B_L4_00102,4,seal_failure,A,400,0.38776278495788574,1,m6b_physics_lib_v2,0_v2,2026-04-26
M6B_L4_00103,4,seal_failure,A,400,0.6386186480522156,1,m6b_physics_lib_v2,0_v2,2026-04-26
M6B_L4_00104,4,seal_failure,A,400,0.5409953594207764,1,m6b_physics_lib_v2,0_v2,2026-04-26
M6B_L4_00105,4,seal_failure,A,400,0.8364204168319702,1,m6b_physics_lib_v2,0_v2,2026-04-26
M6B_L4_00106,4,seal_failure,A,400,0.5911186337471008,3,m6b_physics_lib_v2,0_v2,2026-04-26
M6B_L4_00107,4,seal_failure,A,400,0.6005286574363708,1,m6b_physics_lib_v2,0_v2,2026-04-26
M6B_L4_00108,4,seal_failure,A,400,0.9912735223770142,1,m6b_physics_lib_v2,0_v2,2026-04-26
M6B_L4_00109,4,seal_failure,A,400,0.32010364532470703,1,m6b_physics_lib_v2,0_v2,2026-04-26
M6B_L4_00110,4,seal_failure,A,400,0.8645631670951843,1,m6b_physics_lib_v2,0_v2,2026-04-26
M6B_L4_00111,4,seal_failure,A,400,0.24139979481697083,1,m6b_physics_lib_v2,0_v2,2026-04-26
M6B_L4_00112,4,seal_failure,A,400,0.5821189880371094,1,m6b_physics_lib_v2,0_v2,2026-04-26
M6B_L4_00113,4,seal_failure,A,400,0.9090678691864014,3,m6b_physics_lib_v2,0_v2,2026-04-26
M6B_L4_00114,4,seal_failure,A,400,0.7321711778640747,3,m6b_physics_lib_v2,0_v2,2026-04-26
M6B_L4_00115,4,seal_failure,A,400,0.7481716871261597,3,m6b_physics_lib_v2,0_v2,2026-04-26
M6B_L4_00116,4,seal_failure,A,400,0.41065382957458496,3,m6b_physics_lib_v2,0_v2,2026-04-26
M6B_L4_00117,4,seal_failure,A,400,0.534859836101532,3,m6b_physics_lib_v2,0_v2,2026-04-26
M6B_L4_00118,4,seal_failure,A,400,0.4932648539543152,1,m6b_physics_lib_v2,0_v2,2026-04-26
M6B_L4_00119,4,seal_failure,A,400,0.6171545386314392,3,m6b_physics_lib_v2,0_v2,2026-04-26
M6B_L4_00120,4,seal_failure,A,400,0.5697823166847229,3,m6b_physics_lib_v2,0_v2,2026-04-26
M6B_L4_00121,4,seal_failure,A,400,0.46151867508888245,3,m6b_physics_lib_v2,0_v2,2026-04-26
M6B_L4_00122,4,seal_failure,A,400,0.44438448548316956,3,m6b_physics_lib_v2,0_v2,2026-04-26
M6B_L4_00123,4,seal_failure,A,400,0.4006823003292084,1,m6b_physics_lib_v2,0_v2,2026-04-26
M6B_L4_00124,4,seal_failure,A,400,0.4920378029346466,3,m6b_physics_lib_v2,0_v2,2026-04-26
M6B_L4_00125,4,seal_failure,A,400,0.31995317339897156,3,m6b_physics_lib_v2,0_v2,2026-04-26
M6B_L4_00126,4,seal_failure,A,400,0.8976834416389465,1,m6b_physics_lib_v2,0_v2,2026-04-26
M6B_L4_00127,4,seal_failure,A,400,0.6816955208778381,1,m6b_physics_lib_v2,0_v2,2026-04-26
M6B_L4_00128,4,seal_failure,A,400,0.307029128074646,3,m6b_physics_lib_v2,0_v2,2026-04-26
M6B_L4_00129,4,seal_failure,A,400,0.7550874948501587,1,m6b_physics_lib_v2,0_v2,2026-04-26
M6B_L4_00130,4,seal_failure,A,400,0.8781331777572632,1,m6b_physics_lib_v2,0_v2,2026-04-26
M6B_L4_00131,4,seal_failure,A,400,0.39002853631973267,1,m6b_physics_lib_v2,0_v2,2026-04-26
M6B_L4_00132,4,seal_failure,A,400,0.32048046588897705,3,m6b_physics_lib_v2,0_v2,2026-04-26
M6B_L4_00133,4,seal_failure,A,400,0.20689380168914795,1,m6b_physics_lib_v2,0_v2,2026-04-26
M6B_L4_00134,4,seal_failure,A,400,0.23780027031898499,1,m6b_physics_lib_v2,0_v2,2026-04-26
M6B_L4_00135,4,seal_failure,A,400,0.8098011016845703,1,m6b_physics_lib_v2,0_v2,2026-04-26
M6B_L4_00136,4,seal_failure,A,400,0.9897490739822388,1,m6b_physics_lib_v2,0_v2,2026-04-26
M6B_L4_00137,4,seal_failure,A,400,0.235904261469841,3,m6b_physics_lib_v2,0_v2,2026-04-26
M6B_L4_00138,4,seal_failure,A,400,0.7984567880630493,3,m6b_physics_lib_v2,0_v2,2026-04-26
M6B_L4_00139,4,seal_failure,A,400,0.25748974084854126,3,m6b_physics_lib_v2,0_v2,2026-04-26
M6B_L4_00140,4,seal_failure,A,400,0.6737062335014343,3,m6b_physics_lib_v2,0_v2,2026-04-26
M6B_L4_00141,4,seal_failure,A,400,0.8048602342605591,3,m6b_physics_lib_v2,0_v2,2026-04-26
M6B_L4_00142,4,seal_failure,A,400,0.4873635172843933,1,m6b_physics_lib_v2,0_v2,2026-04-26
M6B_L4_00143,4,seal_failure,A,400,0.2087477743625641,3,m6b_physics_lib_v2,0_v2,2026-04-26
M6B_L4_00144,4,seal_failure,A,400,0.6761514544487,1,m6b_physics_lib_v2,0_v2,2026-04-26
M6B_L4_00145,4,seal_failure,A,400,0.9929956793785095,3,m6b_physics_lib_v2,0_v2,2026-04-26
M6B_L4_00146,4,seal_failure,A,400,0.40609392523765564,3,m6b_physics_lib_v2,0_v2,2026-04-26
M6B_L4_00147,4,seal_failure,A,400,0.351593017578125,1,m6b_physics_lib_v2,0_v2,2026-04-26
M6B_L4_00148,4,seal_failure,A,400,0.29914072155952454,3,m6b_physics_lib_v2,0_v2,2026-04-26
M6B_L4_00149,4,seal_failure,A,400,0.6442044973373413,3,m6b_physics_lib_v2,0_v2,2026-04-26
M6B_L4_00150,4,seal_failure,A,400,0.6771560907363892,1,m6b_physics_lib_v2,0_v2,2026-04-26
M6B_L4_00151,4,seal_failure,A,400,0.833816647529602,3,m6b_physics_lib_v2,0_v2,2026-04-26
M6B_L4_00152,4,seal_failure,A,400,0.802458643913269,1,m6b_physics_lib_v2,0_v2,2026-04-26
M6B_L4_00153,4,seal_failure,A,400,0.9140331745147705,1,m6b_physics_lib_v2,0_v2,2026-04-26
M6B_L4_00154,4,seal_failure,A,400,0.8446181416511536,1,m6b_physics_lib_v2,0_v2,2026-04-26
M6B_L4_00155,4,seal_failure,A,400,0.39781367778778076,1,m6b_physics_lib_v2,0_v2,2026-04-26
M6B_L4_00156,4,seal_failure,A,400,0.6447018980979919,3,m6b_physics_lib_v2,0_v2,2026-04-26
M6B_L4_00157,4,seal_failure,A,400,0.43792957067489624,3,m6b_physics_lib_v2,0_v2,2026-04-26
M6B_L4_00158,4,seal_failure,A,400,0.46382829546928406,3,m6b_physics_lib_v2,0_v2,2026-04-26
M6B_L4_00159,4,seal_failure,A,400,0.9455555081367493,3,m6b_physics_lib_v2,0_v2,2026-04-26
M6B_L4_00160,4,seal_failure,A,400,0.7455167174339294,3,m6b_physics_lib_v2,0_v2,2026-04-26
M6B_L4_00161,4,seal_failure,A,400,0.9796723127365112,1,m6b_physics_lib_v2,0_v2,2026-04-26
M6B_L4_00162,4,seal_failure,A,400,0.533530056476593,1,m6b_physics_lib_v2,0_v2,2026-04-26
M6B_L4_00163,4,seal_failure,A,400,0.6299500465393066,3,m6b_physics_lib_v2,0_v2,2026-04-26
M6B_L4_00164,4,seal_failure,A,400,0.5896923542022705,3,m6b_physics_lib_v2,0_v2,2026-04-26
M6B_L4_00165,4,seal_failure,A,400,0.28582963347435,1,m6b_physics_lib_v2,0_v2,2026-04-26
M6B_L4_00166,4,seal_failure,A,400,0.38936159014701843,3,m6b_physics_lib_v2,0_v2,2026-04-26
M6B_L4_00167,4,seal_failure,A,400,0.6221091151237488,1,m6b_physics_lib_v2,0_v2,2026-04-26
M6B_L4_00168,4,seal_failure,A,400,0.2538994550704956,1,m6b_physics_lib_v2,0_v2,2026-04-26
M6B_L4_00169,4,seal_failure,A,400,0.9451695680618286,1,m6b_physics_lib_v2,0_v2,2026-04-26
M6B_L4_00170,4,seal_failure,A,400,0.2990749478340149,1,m6b_physics_lib_v2,0_v2,2026-04-26
M6B_L4_00171,4,seal_failure,A,400,0.3583846092224121,1,m6b_physics_lib_v2,0_v2,2026-04-26
M6B_L4_00172,4,seal_failure,A,400,0.8122569918632507,3,m6b_physics_lib_v2,0_v2,2026-04-26
M6B_L4_00173,4,seal_failure,A,400,0.2775476276874542,3,m6b_physics_lib_v2,0_v2,2026-04-26
M6B_L4_00174,4,seal_failure,A,400,0.9202224612236023,3,m6b_physics_lib_v2,0_v2,2026-04-26
M6B_L4_00175,4,seal_failure,A,400,0.7805607914924622,1,m6b_physics_lib_v2,0_v2,2026-04-26
M6B_L4_00176,4,seal_failure,A,400,0.25489670038223267,3,m6b_physics_lib_v2,0_v2,2026-04-26
M6B_L4_00177,4,seal_failure,A,400,0.7534776329994202,3,m6b_physics_lib_v2,0_v2,2026-04-26
M6B_L4_00178,4,seal_failure,A,400,0.7053028345108032,1,m6b_physics_lib_v2,0_v2,2026-04-26
M6B_L4_00179,4,seal_failure,A,400,0.805879533290863,1,m6b_physics_lib_v2,0_v2,2026-04-26
M6B_L4_00180,4,seal_failure,A,400,0.8625583052635193,1,m6b_physics_lib_v2,0_v2,2026-04-26
M6B_L4_00181,4,seal_failure,A,400,0.7746804356575012,3,m6b_physics_lib_v2,0_v2,2026-04-26
M6B_L4_00182,4,seal_failure,A,400,0.6689410209655762,3,m6b_physics_lib_v2,0_v2,2026-04-26
M6B_L4_00183,4,seal_failure,A,400,0.45797064900398254,3,m6b_physics_lib_v2,0_v2,2026-04-26
M6B_L4_00184,4,seal_failure,A,400,0.7578189373016357,3,m6b_physics_lib_v2,0_v2,2026-04-26
M6B_L4_00185,4,seal_failure,A,400,0.965577244758606,3,m6b_physics_lib_v2,0_v2,2026-04-26
M6B_L4_00186,4,seal_failure,A,400,0.670017421245575,1,m6b_physics_lib_v2,0_v2,2026-04-26
M6B_L4_00187,4,seal_failure,A,400,0.7314758896827698,3,m6b_physics_lib_v2,0_v2,2026-04-26
M6B_L4_00188,4,seal_failure,A,400,0.5497024059295654,1,m6b_physics_lib_v2,0_v2,2026-04-26
M6B_L4_00189,4,seal_failure,A,400,0.8048966526985168,3,m6b_physics_lib_v2,0_v2,2026-04-26
M6B_L4_00190,4,seal_failure,A,400,0.9981338977813721,3,m6b_physics_lib_v2,0_v2,2026-04-26
M6B_L4_00191,4,seal_failure,A,400,0.3283114731311798,3,m6b_physics_lib_v2,0_v2,2026-04-26
M6B_L4_00192,4,seal_failure,A,400,0.3619242310523987,1,m6b_physics_lib_v2,0_v2,2026-04-26
M6B_L4_00193,4,seal_failure,A,400,0.6315501928329468,3,m6b_physics_lib_v2,0_v2,2026-04-26
M6B_L4_00194,4,seal_failure,A,400,0.5851002931594849,3,m6b_physics_lib_v2,0_v2,2026-04-26
M6B_L4_00195,4,seal_failure,A,400,0.6572558283805847,3,m6b_physics_lib_v2,0_v2,2026-04-26
M6B_L4_00196,4,seal_failure,A,400,0.2392592430114746,3,m6b_physics_lib_v2,0_v2,2026-04-26
M6B_L4_00197,4,seal_failure,A,400,0.5234211683273315,1,m6b_physics_lib_v2,0_v2,2026-04-26
M6B_L4_00198,4,seal_failure,A,400,0.6663826107978821,1,m6b_physics_lib_v2,0_v2,2026-04-26
M6B_L4_00199,4,seal_failure,A,400,0.6681531071662903,1,m6b_physics_lib_v2,0_v2,2026-04-26
M6B_L4_00200,4,seal_failure,A,400,0.7258671522140503,3,m6b_physics_lib_v2,0_v2,2026-04-26
M6B_L4_00201,4,seal_failure,A,400,0.7761728167533875,1,m6b_physics_lib_v2,0_v2,2026-04-26
M6B_L4_00202,4,seal_failure,A,400,0.7132377624511719,3,m6b_physics_lib_v2,0_v2,2026-04-26
M6B_L4_00203,4,seal_failure,A,400,0.8321945071220398,1,m6b_physics_lib_v2,0_v2,2026-04-26
M6B_L4_00204,4,seal_failure,A,400,0.6998084783554077,3,m6b_physics_lib_v2,0_v2,2026-04-26
M6B_L4_00205,4,seal_failure,A,400,0.6300061345100403,1,m6b_physics_lib_v2,0_v2,2026-04-26
M6B_L4_00206,4,seal_failure,A,400,0.6849571466445923,3,m6b_physics_lib_v2,0_v2,2026-04-26
M6B_L4_00207,4,seal_failure,A,400,0.2809546887874603,1,m6b_physics_lib_v2,0_v2,2026-04-26
M6B_L4_00208,4,seal_failure,A,400,0.41852521896362305,1,m6b_physics_lib_v2,0_v2,2026-04-26
M6B_L4_00209,4,seal_failure,A,400,0.6219198107719421,3,m6b_physics_lib_v2,0_v2,2026-04-26
M6B_L4_00210,4,seal_failure,A,400,0.8983897566795349,1,m6b_physics_lib_v2,0_v2,2026-04-26
M6B_L4_00211,4,seal_failure,A,400,0.7432412505149841,1,m6b_physics_lib_v2,0_v2,2026-04-26
M6B_L4_00212,4,seal_failure,A,400,0.2723264694213867,1,m6b_physics_lib_v2,0_v2,2026-04-26
M6B_L4_00213,4,seal_failure,A,400,0.6738199591636658,3,m6b_physics_lib_v2,0_v2,2026-04-26
M6B_L4_00214,4,seal_failure,A,400,0.37739038467407227,1,m6b_physics_lib_v2,0_v2,2026-04-26
M6B_L4_00215,4,seal_failure,A,400,0.7872132658958435,1,m6b_physics_lib_v2,0_v2,2026-04-26
M6B_L4_00216,4,seal_failure,A,400,0.8619526624679565,3,m6b_physics_lib_v2,0_v2,2026-04-26
M6B_L4_00217,4,seal_failure,A,400,0.6747649908065796,3,m6b_physics_lib_v2,0_v2,2026-04-26
M6B_L4_00218,4,seal_failure,A,400,0.6730901002883911,1,m6b_physics_lib_v2,0_v2,2026-04-26
M6B_L4_00219,4,seal_failure,A,400,0.4708731472492218,1,m6b_physics_lib_v2,0_v2,2026-04-26
M6B_L4_00220,4,seal_failure,A,400,0.5570000410079956,1,m6b_physics_lib_v2,0_v2,2026-04-26
M6B_L4_00221,4,seal_failure,A,400,0.8912866711616516,1,m6b_physics_lib_v2,0_v2,2026-04-26
M6B_L4_00222,4,seal_failure,A,400,0.7786562442779541,3,m6b_physics_lib_v2,0_v2,2026-04-26
M6B_L4_00223,4,seal_failure,A,400,0.6158029437065125,1,m6b_physics_lib_v2,0_v2,2026-04-26
M6B_L4_00224,4,seal_failure,A,400,0.49458590149879456,3,m6b_physics_lib_v2,0_v2,2026-04-26
M6B_L4_00225,4,seal_failure,A,400,0.24030378460884094,3,m6b_physics_lib_v2,0_v2,2026-04-26
M6B_L4_00226,4,seal_failure,A,400,0.3144059181213379,1,m6b_physics_lib_v2,0_v2,2026-04-26
M6B_L4_00227,4,seal_failure,A,400,0.35442015528678894,1,m6b_physics_lib_v2,0_v2,2026-04-26
M6B_L4_00228,4,seal_failure,A,400,0.4987068474292755,1,m6b_physics_lib_v2,0_v2,2026-04-26
M6B_L4_00229,4,seal_failure,A,400,0.9553149342536926,3,m6b_physics_lib_v2,0_v2,2026-04-26
M6B_L4_00230,4,seal_failure,A,400,0.6041226983070374,3,m6b_physics_lib_v2,0_v2,2026-04-26
M6B_L4_00231,4,seal_failure,A,400,0.3878721296787262,1,m6b_physics_lib_v2,0_v2,2026-04-26
M6B_L4_00232,4,seal_failure,A,400,0.2846001088619232,1,m6b_physics_lib_v2,0_v2,2026-04-26
M6B_L4_00233,4,seal_failure,A,400,0.47064441442489624,3,m6b_physics_lib_v2,0_v2,2026-04-26
M6B_L4_00234,4,seal_failure,A,400,0.8525844812393188,1,m6b_physics_lib_v2,0_v2,2026-04-26
M6B_L4_00235,4,seal_failure,A,400,0.5066742300987244,1,m6b_physics_lib_v2,0_v2,2026-04-26
M6B_L4_00236,4,seal_failure,A,400,0.8180046677589417,1,m6b_physics_lib_v2,0_v2,2026-04-26
M6B_L4_00237,4,seal_failure,A,400,0.8421639800071716,3,m6b_physics_lib_v2,0_v2,2026-04-26
M6B_L4_00238,4,seal_failure,A,400,0.288656622171402,3,m6b_physics_lib_v2,0_v2,2026-04-26
M6B_L4_00239,4,seal_failure,A,400,0.6869277954101562,1,m6b_physics_lib_v2,0_v2,2026-04-26
M6B_L4_00240,4,seal_failure,A,400,0.9672768712043762,1,m6b_physics_lib_v2,0_v2,2026-04-26
M6B_L4_00241,4,seal_failure,A,400,0.5217104554176331,1,m6b_physics_lib_v2,0_v2,2026-04-26
M6B_L4_00242,4,seal_failure,A,400,0.24075527489185333,3,m6b_physics_lib_v2,0_v2,2026-04-26
M6B_L4_00243,4,seal_failure,A,400,0.938642144203186,1,m6b_physics_lib_v2,0_v2,2026-04-26
M6B_L4_00244,4,seal_failure,A,400,0.9069330096244812,1,m6b_physics_lib_v2,0_v2,2026-04-26
M6B_L4_00245,4,seal_failure,A,400,0.6177131533622742,1,m6b_physics_lib_v2,0_v2,2026-04-26
M6B_L4_00246,4,seal_failure,A,400,0.6418024897575378,3,m6b_physics_lib_v2,0_v2,2026-04-26
M6B_L4_00247,4,seal_failure,A,400,0.36939287185668945,1,m6b_physics_lib_v2,0_v2,2026-04-26
M6B_L4_00248,4,seal_failure,A,400,0.8555606007575989,3,m6b_physics_lib_v2,0_v2,2026-04-26
M6B_L4_00249,4,seal_failure,A,400,0.5988800525665283,3,m6b_physics_lib_v2,0_v2,2026-04-26
M6B_L4_00250,4,seal_failure,A,400,0.22710223495960236,3,m6b_physics_lib_v2,0_v2,2026-04-26
M6B_L4_00251,4,seal_failure,A,400,0.7464119791984558,1,m6b_physics_lib_v2,0_v2,2026-04-26
M6B_L4_00252,4,seal_failure,A,400,0.9603970050811768,1,m6b_physics_lib_v2,0_v2,2026-04-26
M6B_L4_00253,4,seal_failure,A,400,0.8633204102516174,1,m6b_physics_lib_v2,0_v2,2026-04-26
M6B_L4_00254,4,seal_failure,A,400,0.4217585027217865,1,m6b_physics_lib_v2,0_v2,2026-04-26
M6B_L4_00255,4,seal_failure,A,400,0.2426600605249405,3,m6b_physics_lib_v2,0_v2,2026-04-26
M6B_L4_00256,4,seal_failure,A,400,0.95228111743927,1,m6b_physics_lib_v2,0_v2,2026-04-26
M6B_L4_00257,4,seal_failure,A,400,0.9496501684188843,1,m6b_physics_lib_v2,0_v2,2026-04-26
M6B_L4_00258,4,seal_failure,A,400,0.6259322762489319,3,m6b_physics_lib_v2,0_v2,2026-04-26
M6B_L4_00259,4,seal_failure,A,400,0.7138539552688599,1,m6b_physics_lib_v2,0_v2,2026-04-26
M6B_L4_00260,4,seal_failure,A,400,0.570080041885376,1,m6b_physics_lib_v2,0_v2,2026-04-26
M6B_L4_00261,4,seal_failure,A,400,0.5358123183250427,3,m6b_physics_lib_v2,0_v2,2026-04-26
M6B_L4_00262,4,seal_failure,A,400,0.29555875062942505,3,m6b_physics_lib_v2,0_v2,2026-04-26
M6B_L4_00263,4,seal_failure,A,400,0.2774023115634918,3,m6b_physics_lib_v2,0_v2,2026-04-26
M6B_L4_00264,4,seal_failure,A,400,0.3861857056617737,1,m6b_physics_lib_v2,0_v2,2026-04-26
M6B_L4_00265,4,seal_failure,A,400,0.869312584400177,3,m6b_physics_lib_v2,0_v2,2026-04-26
M6B_L4_00266,4,seal_failure,A,400,0.3166658282279968,3,m6b_physics_lib_v2,0_v2,2026-04-26
M6B_L4_00267,4,seal_failure,A,400,0.38135892152786255,1,m6b_physics_lib_v2,0_v2,2026-04-26
M6B_L4_00268,4,seal_failure,A,400,0.6388912200927734,1,m6b_physics_lib_v2,0_v2,2026-04-26
M6B_L4_00269,4,seal_failure,A,400,0.3721049726009369,3,m6b_physics_lib_v2,0_v2,2026-04-26
M6B_L4_00270,4,seal_failure,A,400,0.33056533336639404,1,m6b_physics_lib_v2,0_v2,2026-04-26
M6B_L4_00271,4,seal_failure,A,400,0.6506530046463013,1,m6b_physics_lib_v2,0_v2,2026-04-26
M6B_L4_00272,4,seal_failure,A,400,0.4944746196269989,3,m6b_physics_lib_v2,0_v2,2026-04-26
M6B_L4_00273,4,seal_failure,A,400,0.7009274363517761,3,m6b_physics_lib_v2,0_v2,2026-04-26
M6B_L4_00274,4,seal_failure,A,400,0.9297642707824707,1,m6b_physics_lib_v2,0_v2,2026-04-26
M6B_L4_00275,4,seal_failure,A,400,0.3207944929599762,3,m6b_physics_lib_v2,0_v2,2026-04-26
M6B_L4_00276,4,seal_failure,A,400,0.9307469129562378,3,m6b_physics_lib_v2,0_v2,2026-04-26
M6B_L4_00277,4,seal_failure,A,400,0.9219919443130493,3,m6b_physics_lib_v2,0_v2,2026-04-26
M6B_L4_00278,4,seal_failure,A,400,0.8632700443267822,1,m6b_physics_lib_v2,0_v2,2026-04-26
M6B_L4_00279,4,seal_failure,A,400,0.7050287127494812,1,m6b_physics_lib_v2,0_v2,2026-04-26
M6B_L4_00280,4,seal_failure,A,400,0.6961173415184021,3,m6b_physics_lib_v2,0_v2,2026-04-26
M6B_L4_00281,4,seal_failure,A,400,0.7113701105117798,1,m6b_physics_lib_v2,0_v2,2026-04-26
M6B_L4_00282,4,seal_failure,A,400,0.7523964643478394,3,m6b_physics_lib_v2,0_v2,2026-04-26
M6B_L4_00283,4,seal_failure,A,400,0.21318575739860535,3,m6b_physics_lib_v2,0_v2,2026-04-26
M6B_L4_00284,4,seal_failure,A,400,0.9664740562438965,1,m6b_physics_lib_v2,0_v2,2026-04-26
M6B_L4_00285,4,seal_failure,A,400,0.6684830188751221,3,m6b_physics_lib_v2,0_v2,2026-04-26
M6B_L4_00286,4,seal_failure,A,400,0.8251726627349854,3,m6b_physics_lib_v2,0_v2,2026-04-26
M6B_L4_00287,4,seal_failure,A,400,0.5018254518508911,3,m6b_physics_lib_v2,0_v2,2026-04-26
M6B_L4_00288,4,seal_failure,A,400,0.20991776883602142,3,m6b_physics_lib_v2,0_v2,2026-04-26
M6B_L4_00289,4,seal_failure,A,400,0.6077877283096313,3,m6b_physics_lib_v2,0_v2,2026-04-26
M6B_L4_00290,4,seal_failure,A,400,0.6057521104812622,3,m6b_physics_lib_v2,0_v2,2026-04-26
M6B_L4_00291,4,seal_failure,A,400,0.5495914220809937,3,m6b_physics_lib_v2,0_v2,2026-04-26
M6B_L4_00292,4,seal_failure,A,400,0.4717736542224884,3,m6b_physics_lib_v2,0_v2,2026-04-26
M6B_L4_00293,4,seal_failure,A,400,0.39986085891723633,1,m6b_physics_lib_v2,0_v2,2026-04-26
M6B_L4_00294,4,seal_failure,A,400,0.6220359206199646,1,m6b_physics_lib_v2,0_v2,2026-04-26
M6B_L4_00295,4,seal_failure,A,400,0.5002225041389465,1,m6b_physics_lib_v2,0_v2,2026-04-26
M6B_L4_00296,4,seal_failure,A,400,0.9759455323219299,3,m6b_physics_lib_v2,0_v2,2026-04-26
M6B_L4_00297,4,seal_failure,A,400,0.3383418321609497,1,m6b_physics_lib_v2,0_v2,2026-04-26
M6B_L4_00298,4,seal_failure,A,400,0.45573246479034424,3,m6b_physics_lib_v2,0_v2,2026-04-26
M6B_L4_00299,4,seal_failure,A,400,0.43516838550567627,1,m6b_physics_lib_v2,0_v2,2026-04-26
M6B_L4_00300,4,seal_failure,A,400,0.6346473693847656,1,m6b_physics_lib_v2,0_v2,2026-04-26
M6B_L4_00301,4,seal_failure,A,400,0.5994241833686829,1,m6b_physics_lib_v2,0_v2,2026-04-26
M6B_L4_00302,4,seal_failure,A,400,0.714992344379425,3,m6b_physics_lib_v2,0_v2,2026-04-26
M6B_L4_00303,4,seal_failure,A,400,0.9600014090538025,3,m6b_physics_lib_v2,0_v2,2026-04-26
M6B_L4_00304,4,seal_failure,A,400,0.4281768798828125,3,m6b_physics_lib_v2,0_v2,2026-04-26
M6B_L4_00305,4,seal_failure,A,400,0.754217267036438,3,m6b_physics_lib_v2,0_v2,2026-04-26
M6B_L4_00306,4,seal_failure,A,400,0.22003215551376343,1,m6b_physics_lib_v2,0_v2,2026-04-26
M6B_L4_00307,4,seal_failure,A,400,0.40991076827049255,3,m6b_physics_lib_v2,0_v2,2026-04-26
M6B_L4_00308,4,seal_failure,A,400,0.5709757804870605,1,m6b_physics_lib_v2,0_v2,2026-04-26
M6B_L4_00309,4,seal_failure,A,400,0.22479583323001862,1,m6b_physics_lib_v2,0_v2,2026-04-26
M6B_L4_00310,4,seal_failure,A,400,0.6941355466842651,3,m6b_physics_lib_v2,0_v2,2026-04-26
M6B_L4_00311,4,seal_failure,A,400,0.7426484823226929,3,m6b_physics_lib_v2,0_v2,2026-04-26
M6B_L4_00312,4,seal_failure,A,400,0.7973853945732117,1,m6b_physics_lib_v2,0_v2,2026-04-26
M6B_L4_00313,4,seal_failure,A,400,0.6132596135139465,3,m6b_physics_lib_v2,0_v2,2026-04-26
M6B_L4_00314,4,seal_failure,A,400,0.6831557154655457,1,m6b_physics_lib_v2,0_v2,2026-04-26
M6B_L4_00315,4,seal_failure,A,400,0.5168522000312805,3,m6b_physics_lib_v2,0_v2,2026-04-26
M6B_L4_00316,4,seal_failure,A,400,0.2330024242401123,3,m6b_physics_lib_v2,0_v2,2026-04-26
M6B_L4_00317,4,seal_failure,A,400,0.279961496591568,3,m6b_physics_lib_v2,0_v2,2026-04-26
M6B_L4_00318,4,seal_failure,A,400,0.7239967584609985,3,m6b_physics_lib_v2,0_v2,2026-04-26
M6B_L4_00319,4,seal_failure,A,400,0.9964442253112793,3,m6b_physics_lib_v2,0_v2,2026-04-26
M6B_L4_00320,4,seal_failure,A,400,0.2126425951719284,1,m6b_physics_lib_v2,0_v2,2026-04-26
M6B_L4_00321,4,seal_failure,A,400,0.6460667848587036,3,m6b_physics_lib_v2,0_v2,2026-04-26
M6B_L4_00322,4,seal_failure,A,400,0.800806999206543,1,m6b_physics_lib_v2,0_v2,2026-04-26
M6B_L4_00323,4,seal_failure,A,400,0.8614198565483093,1,m6b_physics_lib_v2,0_v2,2026-04-26
M6B_L4_00324,4,seal_failure,A,400,0.6361639499664307,3,m6b_physics_lib_v2,0_v2,2026-04-26
M6B_L4_00325,4,seal_failure,A,400,0.6959328055381775,3,m6b_physics_lib_v2,0_v2,2026-04-26
M6B_L4_00326,4,seal_failure,A,400,0.757379949092865,1,m6b_physics_lib_v2,0_v2,2026-04-26
M6B_L4_00327,4,seal_failure,A,400,0.8871729969978333,1,m6b_physics_lib_v2,0_v2,2026-04-26
M6B_L4_00328,4,seal_failure,A,400,0.29783162474632263,3,m6b_physics_lib_v2,0_v2,2026-04-26
M6B_L4_00329,4,seal_failure,A,400,0.9409457445144653,1,m6b_physics_lib_v2,0_v2,2026-04-26
M6B_L4_00330,4,seal_failure,A,400,0.22081393003463745,1,m6b_physics_lib_v2,0_v2,2026-04-26
M6B_L4_00331,4,seal_failure,A,400,0.8689597845077515,1,m6b_physics_lib_v2,0_v2,2026-04-26
M6B_L4_00332,4,seal_failure,A,400,0.26139235496520996,1,m6b_physics_lib_v2,0_v2,2026-04-26
M6B_L4_00333,4,seal_failure,A,400,0.35570257902145386,3,m6b_physics_lib_v2,0_v2,2026-04-26
M6B_L4_00334,4,seal_failure,A,400,0.203115314245224,3,m6b_physics_lib_v2,0_v2,2026-04-26
M6B_L4_00335,4,seal_failure,A,400,0.5562053918838501,3,m6b_physics_lib_v2,0_v2,2026-04-26
M6B_L4_00336,4,seal_failure,A,400,0.4674873948097229,1,m6b_physics_lib_v2,0_v2,2026-04-26
M6B_L4_00337,4,seal_failure,A,400,0.33279433846473694,3,m6b_physics_lib_v2,0_v2,2026-04-26
M6B_L4_00338,4,seal_failure,A,400,0.5608721375465393,3,m6b_physics_lib_v2,0_v2,2026-04-26
M6B_L4_00339,4,seal_failure,A,400,0.5218967199325562,1,m6b_physics_lib_v2,0_v2,2026-04-26
M6B_L4_00340,4,seal_failure,A,400,0.8141288161277771,1,m6b_physics_lib_v2,0_v2,2026-04-26
M6B_L4_00341,4,seal_failure,A,400,0.9145042300224304,1,m6b_physics_lib_v2,0_v2,2026-04-26
M6B_L4_00342,4,seal_failure,A,400,0.7220538258552551,3,m6b_physics_lib_v2,0_v2,2026-04-26
M6B_L4_00343,4,seal_failure,A,400,0.2995283007621765,3,m6b_physics_lib_v2,0_v2,2026-04-26
M6B_L4_00344,4,seal_failure,A,400,0.43631264567375183,1,m6b_physics_lib_v2,0_v2,2026-04-26
M6B_L4_00345,4,seal_failure,A,400,0.9306546449661255,1,m6b_physics_lib_v2,0_v2,2026-04-26
M6B_L4_00346,4,seal_failure,A,400,0.2709876000881195,1,m6b_physics_lib_v2,0_v2,2026-04-26
M6B_L4_00347,4,seal_failure,A,400,0.5254846811294556,3,m6b_physics_lib_v2,0_v2,2026-04-26
M6B_L4_00348,4,seal_failure,A,400,0.9540036916732788,1,m6b_physics_lib_v2,0_v2,2026-04-26
M6B_L4_00349,4,seal_failure,A,400,0.9605318903923035,1,m6b_physics_lib_v2,0_v2,2026-04-26
M6B_L4_00350,4,seal_failure,A,400,0.5289625525474548,1,m6b_physics_lib_v2,0_v2,2026-04-26
M6B_L4_00351,4,seal_failure,A,400,0.7339175343513489,3,m6b_physics_lib_v2,0_v2,2026-04-26
M6B_L4_00352,4,seal_failure,A,400,0.5653964877128601,1,m6b_physics_lib_v2,0_v2,2026-04-26
M6B_L4_00353,4,seal_failure,A,400,0.8027684092521667,3,m6b_physics_lib_v2,0_v2,2026-04-26
M6B_L4_00354,4,seal_failure,A,400,0.22526507079601288,3,m6b_physics_lib_v2,0_v2,2026-04-26
M6B_L4_00355,4,seal_failure,A,400,0.31532570719718933,3,m6b_physics_lib_v2,0_v2,2026-04-26
M6B_L4_00356,4,seal_failure,A,400,0.6913590431213379,1,m6b_physics_lib_v2,0_v2,2026-04-26
M6B_L4_00357,4,seal_failure,A,400,0.3860418200492859,1,m6b_physics_lib_v2,0_v2,2026-04-26
M6B_L4_00358,4,seal_failure,A,400,0.7328418493270874,1,m6b_physics_lib_v2,0_v2,2026-04-26
M6B_L4_00359,4,seal_failure,A,400,0.4809783399105072,3,m6b_physics_lib_v2,0_v2,2026-04-26
M6B_L4_00360,4,seal_failure,A,400,0.9093164205551147,3,m6b_physics_lib_v2,0_v2,2026-04-26
M6B_L4_00361,4,seal_failure,A,400,0.8554075360298157,3,m6b_physics_lib_v2,0_v2,2026-04-26
M6B_L4_00362,4,seal_failure,A,400,0.5942702293395996,3,m6b_physics_lib_v2,0_v2,2026-04-26
M6B_L4_00363,4,seal_failure,A,400,0.8183160424232483,3,m6b_physics_lib_v2,0_v2,2026-04-26
M6B_L4_00364,4,seal_failure,A,400,0.416910320520401,1,m6b_physics_lib_v2,0_v2,2026-04-26
M6B_L4_00365,4,seal_failure,A,400,0.5954078435897827,3,m6b_physics_lib_v2,0_v2,2026-04-26
M6B_L4_00366,4,seal_failure,A,400,0.35798564553260803,3,m6b_physics_lib_v2,0_v2,2026-04-26
M6B_L4_00367,4,seal_failure,A,400,0.8887089490890503,1,m6b_physics_lib_v2,0_v2,2026-04-26
M6B_L4_00368,4,seal_failure,A,400,0.8584541082382202,3,m6b_physics_lib_v2,0_v2,2026-04-26
M6B_L4_00369,4,seal_failure,A,400,0.9217197299003601,1,m6b_physics_lib_v2,0_v2,2026-04-26
M6B_L4_00370,4,seal_failure,A,400,0.9019815921783447,1,m6b_physics_lib_v2,0_v2,2026-04-26
M6B_L4_00371,4,seal_failure,A,400,0.9676769971847534,1,m6b_physics_lib_v2,0_v2,2026-04-26
M6B_L4_00372,4,seal_failure,A,400,0.38266897201538086,1,m6b_physics_lib_v2,0_v2,2026-04-26
M6B_L4_00373,4,seal_failure,A,400,0.9454594254493713,1,m6b_physics_lib_v2,0_v2,2026-04-26
M6B_L4_00374,4,seal_failure,A,400,0.6569705605506897,1,m6b_physics_lib_v2,0_v2,2026-04-26
M6B_L4_00375,4,seal_failure,A,400,0.5379960536956787,3,m6b_physics_lib_v2,0_v2,2026-04-26
M6B_L4_00376,4,seal_failure,A,400,0.6482990980148315,1,m6b_physics_lib_v2,0_v2,2026-04-26
M6B_L4_00377,4,seal_failure,A,400,0.4740818738937378,1,m6b_physics_lib_v2,0_v2,2026-04-26
M6B_L4_00378,4,seal_failure,A,400,0.43084239959716797,3,m6b_physics_lib_v2,0_v2,2026-04-26
M6B_L4_00379,4,seal_failure,A,400,0.39305147528648376,1,m6b_physics_lib_v2,0_v2,2026-04-26
M6B_L4_00380,4,seal_failure,A,400,0.26594239473342896,1,m6b_physics_lib_v2,0_v2,2026-04-26
M6B_L4_00381,4,seal_failure,A,400,0.5972518920898438,1,m6b_physics_lib_v2,0_v2,2026-04-26
M6B_L4_00382,4,seal_failure,A,400,0.9102093577384949,3,m6b_physics_lib_v2,0_v2,2026-04-26
M6B_L4_00383,4,seal_failure,A,400,0.7041215896606445,1,m6b_physics_lib_v2,0_v2,2026-04-26
M6B_L4_00384,4,seal_failure,A,400,0.6167805194854736,3,m6b_physics_lib_v2,0_v2,2026-04-26
M6B_L4_00385,4,seal_failure,A,400,0.5428743362426758,1,m6b_physics_lib_v2,0_v2,2026-04-26
M6B_L4_00386,4,seal_failure,A,400,0.5715212821960449,1,m6b_physics_lib_v2,0_v2,2026-04-26
M6B_L4_00387,4,seal_failure,A,400,0.36742186546325684,3,m6b_physics_lib_v2,0_v2,2026-04-26
M6B_L4_00388,4,seal_failure,A,400,0.8583487272262573,3,m6b_physics_lib_v2,0_v2,2026-04-26
M6B_L4_00389,4,seal_failure,A,400,0.35870638489723206,1,m6b_physics_lib_v2,0_v2,2026-04-26
M6B_L4_00390,4,seal_failure,A,400,0.7732982039451599,1,m6b_physics_lib_v2,0_v2,2026-04-26
M6B_L4_00391,4,seal_failure,A,400,0.8079879879951477,3,m6b_physics_lib_v2,0_v2,2026-04-26
M6B_L4_00392,4,seal_failure,A,400,0.6598952412605286,1,m6b_physics_lib_v2,0_v2,2026-04-26
M6B_L4_00393,4,seal_failure,A,400,0.8903411030769348,1,m6b_physics_lib_v2,0_v2,2026-04-26
M6B_L4_00394,4,seal_failure,A,400,0.4328402876853943,3,m6b_physics_lib_v2,0_v2,2026-04-26
M6B_L4_00395,4,seal_failure,A,400,0.9052937626838684,1,m6b_physics_lib_v2,0_v2,2026-04-26
M6B_L4_00396,4,seal_failure,A,400,0.7835283875465393,3,m6b_physics_lib_v2,0_v2,2026-04-26
M6B_L4_00397,4,seal_failure,A,400,0.83899986743927,3,m6b_physics_lib_v2,0_v2,2026-04-26
M6B_L4_00398,4,seal_failure,A,400,0.7316637635231018,3,m6b_physics_lib_v2,0_v2,2026-04-26
M6B_L4_00399,4,seal_failure,A,400,0.8770744204521179,1,m6b_physics_lib_v2,0_v2,2026-04-26
M6B_L4_00400,4,seal_failure,A,400,0.9944791197776794,1,m6b_physics_lib_v2,0_v2,2026-04-26
M6B_L4_00401,4,seal_failure,A,400,0.5361303091049194,1,m6b_physics_lib_v2,0_v2,2026-04-26
M6B_L4_00402,4,seal_failure,A,400,0.8511325716972351,1,m6b_physics_lib_v2,0_v2,2026-04-26
M6B_L4_00403,4,seal_failure,A,400,0.7956638336181641,3,m6b_physics_lib_v2,0_v2,2026-04-26
M6B_L4_00404,4,seal_failure,A,400,0.5622961521148682,3,m6b_physics_lib_v2,0_v2,2026-04-26
M6B_L4_00405,4,seal_failure,A,400,0.9415591955184937,3,m6b_physics_lib_v2,0_v2,2026-04-26
M6B_L4_00406,4,seal_failure,A,400,0.5155407190322876,3,m6b_physics_lib_v2,0_v2,2026-04-26
M6B_L4_00407,4,seal_failure,A,400,0.6523727178573608,3,m6b_physics_lib_v2,0_v2,2026-04-26
M6B_L4_00408,4,seal_failure,A,400,0.2847538888454437,1,m6b_physics_lib_v2,0_v2,2026-04-26
M6B_L4_00409,4,seal_failure,A,400,0.38062015175819397,1,m6b_physics_lib_v2,0_v2,2026-04-26
M6B_L4_00410,4,seal_failure,A,400,0.8725569248199463,1,m6b_physics_lib_v2,0_v2,2026-04-26
M6B_L4_00411,4,seal_failure,A,400,0.5172421932220459,3,m6b_physics_lib_v2,0_v2,2026-04-26
M6B_L4_00412,4,seal_failure,A,400,0.5152672529220581,1,m6b_physics_lib_v2,0_v2,2026-04-26
M6B_L4_00413,4,seal_failure,A,400,0.39678481221199036,3,m6b_physics_lib_v2,0_v2,2026-04-26
M6B_L4_00414,4,seal_failure,A,400,0.593288242816925,1,m6b_physics_lib_v2,0_v2,2026-04-26
M6B_L4_00415,4,seal_failure,A,400,0.8446535468101501,3,m6b_physics_lib_v2,0_v2,2026-04-26
M6B_L4_00416,4,seal_failure,A,400,0.916131317615509,3,m6b_physics_lib_v2,0_v2,2026-04-26
M6B_L4_00417,4,seal_failure,A,400,0.25609153509140015,1,m6b_physics_lib_v2,0_v2,2026-04-26
M6B_L4_00418,4,seal_failure,A,400,0.6598565578460693,1,m6b_physics_lib_v2,0_v2,2026-04-26
M6B_L4_00419,4,seal_failure,A,400,0.5738186836242676,1,m6b_physics_lib_v2,0_v2,2026-04-26
M6B_L4_00420,4,seal_failure,A,400,0.6914255023002625,1,m6b_physics_lib_v2,0_v2,2026-04-26
M6B_L4_00421,4,seal_failure,A,400,0.5578205585479736,1,m6b_physics_lib_v2,0_v2,2026-04-26
M6B_L4_00422,4,seal_failure,A,400,0.5189158320426941,3,m6b_physics_lib_v2,0_v2,2026-04-26
M6B_L4_00423,4,seal_failure,A,400,0.577504575252533,1,m6b_physics_lib_v2,0_v2,2026-04-26
M6B_L4_00424,4,seal_failure,A,400,0.6655992865562439,1,m6b_physics_lib_v2,0_v2,2026-04-26
M6B_L4_00425,4,seal_failure,A,400,0.600786566734314,3,m6b_physics_lib_v2,0_v2,2026-04-26
M6B_L4_00426,4,seal_failure,A,400,0.5777155756950378,3,m6b_physics_lib_v2,0_v2,2026-04-26
M6B_L4_00427,4,seal_failure,A,400,0.8542682528495789,1,m6b_physics_lib_v2,0_v2,2026-04-26
M6B_L4_00428,4,seal_failure,A,400,0.7965183854103088,3,m6b_physics_lib_v2,0_v2,2026-04-26
M6B_L4_00429,4,seal_failure,A,400,0.4731028079986572,1,m6b_physics_lib_v2,0_v2,2026-04-26
M6B_L4_00430,4,seal_failure,A,400,0.8404616713523865,1,m6b_physics_lib_v2,0_v2,2026-04-26
M6B_L4_00431,4,seal_failure,A,400,0.8829205632209778,1,m6b_physics_lib_v2,0_v2,2026-04-26
M6B_L4_00432,4,seal_failure,A,400,0.32279375195503235,1,m6b_physics_lib_v2,0_v2,2026-04-26
M6B_L4_00433,4,seal_failure,A,400,0.6661459803581238,1,m6b_physics_lib_v2,0_v2,2026-04-26
M6B_L4_00434,4,seal_failure,A,400,0.4282495975494385,3,m6b_physics_lib_v2,0_v2,2026-04-26
M6B_L4_00435,4,seal_failure,A,400,0.7913378477096558,1,m6b_physics_lib_v2,0_v2,2026-04-26
M6B_L4_00436,4,seal_failure,A,400,0.3910282552242279,1,m6b_physics_lib_v2,0_v2,2026-04-26
M6B_L4_00437,4,seal_failure,A,400,0.7371228337287903,1,m6b_physics_lib_v2,0_v2,2026-04-26
M6B_L4_00438,4,seal_failure,A,400,0.4040997326374054,1,m6b_physics_lib_v2,0_v2,2026-04-26
M6B_L4_00439,4,seal_failure,A,400,0.6089150309562683,1,m6b_physics_lib_v2,0_v2,2026-04-26
M6B_L4_00440,4,seal_failure,A,400,0.9589172005653381,3,m6b_physics_lib_v2,0_v2,2026-04-26
M6B_L4_00441,4,seal_failure,A,400,0.505046010017395,3,m6b_physics_lib_v2,0_v2,2026-04-26
M6B_L4_00442,4,seal_failure,A,400,0.9005907773971558,3,m6b_physics_lib_v2,0_v2,2026-04-26
M6B_L4_00443,4,seal_failure,A,400,0.9895556569099426,1,m6b_physics_lib_v2,0_v2,2026-04-26
M6B_L4_00444,4,seal_failure,A,400,0.8998807072639465,3,m6b_physics_lib_v2,0_v2,2026-04-26
M6B_L4_00445,4,seal_failure,A,400,0.33269283175468445,3,m6b_physics_lib_v2,0_v2,2026-04-26
M6B_L4_00446,4,seal_failure,A,400,0.8557265996932983,3,m6b_physics_lib_v2,0_v2,2026-04-26
M6B_L4_00447,4,seal_failure,A,400,0.22571951150894165,1,m6b_physics_lib_v2,0_v2,2026-04-26
M6B_L4_00448,4,seal_failure,A,400,0.514641523361206,3,m6b_physics_lib_v2,0_v2,2026-04-26
M6B_L4_00449,4,seal_failure,A,400,0.8965867161750793,1,m6b_physics_lib_v2,0_v2,2026-04-26
M6B_L4_00450,4,seal_failure,A,400,0.75100177526474,3,m6b_physics_lib_v2,0_v2,2026-04-26
M6B_L4_00451,4,seal_failure,A,400,0.6261923313140869,1,m6b_physics_lib_v2,0_v2,2026-04-26
M6B_L4_00452,4,seal_failure,A,400,0.5102912187576294,3,m6b_physics_lib_v2,0_v2,2026-04-26
M6B_L4_00453,4,seal_failure,A,400,0.8498375415802002,1,m6b_physics_lib_v2,0_v2,2026-04-26
M6B_L4_00454,4,seal_failure,A,400,0.7676467299461365,3,m6b_physics_lib_v2,0_v2,2026-04-26
M6B_L4_00455,4,seal_failure,A,400,0.5747242569923401,1,m6b_physics_lib_v2,0_v2,2026-04-26
M6B_L4_00456,4,seal_failure,A,400,0.9139874577522278,3,m6b_physics_lib_v2,0_v2,2026-04-26
M6B_L4_00457,4,seal_failure,A,400,0.3839584290981293,1,m6b_physics_lib_v2,0_v2,2026-04-26
M6B_L4_00458,4,seal_failure,A,400,0.3363132178783417,3,m6b_physics_lib_v2,0_v2,2026-04-26
M6B_L4_00459,4,seal_failure,A,400,0.7142429947853088,3,m6b_physics_lib_v2,0_v2,2026-04-26
M6B_L4_00460,4,seal_failure,A,400,0.9775954484939575,1,m6b_physics_lib_v2,0_v2,2026-04-26
M6B_L4_00461,4,seal_failure,A,400,0.39780527353286743,1,m6b_physics_lib_v2,0_v2,2026-04-26
M6B_L4_00462,4,seal_failure,A,400,0.39973631501197815,3,m6b_physics_lib_v2,0_v2,2026-04-26
M6B_L4_00463,4,seal_failure,A,400,0.31159907579421997,1,m6b_physics_lib_v2,0_v2,2026-04-26
M6B_L4_00464,4,seal_failure,A,400,0.8884508609771729,1,m6b_physics_lib_v2,0_v2,2026-04-26
M6B_L4_00465,4,seal_failure,A,400,0.3811180293560028,3,m6b_physics_lib_v2,0_v2,2026-04-26
M6B_L4_00466,4,seal_failure,A,400,0.6025428175926208,1,m6b_physics_lib_v2,0_v2,2026-04-26
M6B_L4_00467,4,seal_failure,A,400,0.9926979541778564,1,m6b_physics_lib_v2,0_v2,2026-04-26
M6B_L4_00468,4,seal_failure,A,400,0.20971271395683289,1,m6b_physics_lib_v2,0_v2,2026-04-26
M6B_L4_00469,4,seal_failure,A,400,0.6451888680458069,1,m6b_physics_lib_v2,0_v2,2026-04-26
M6B_L4_00470,4,seal_failure,A,400,0.6098312139511108,1,m6b_physics_lib_v2,0_v2,2026-04-26
M6B_L4_00471,4,seal_failure,A,400,0.84595787525177,1,m6b_physics_lib_v2,0_v2,2026-04-26
M6B_L4_00472,4,seal_failure,A,400,0.48422524333000183,1,m6b_physics_lib_v2,0_v2,2026-04-26
M6B_L4_00473,4,seal_failure,A,400,0.5282731056213379,1,m6b_physics_lib_v2,0_v2,2026-04-26
M6B_L4_00474,4,seal_failure,A,400,0.3343503773212433,1,m6b_physics_lib_v2,0_v2,2026-04-26
M6B_L4_00475,4,seal_failure,A,400,0.7926521897315979,1,m6b_physics_lib_v2,0_v2,2026-04-26
M6B_L4_00476,4,seal_failure,A,400,0.8277671337127686,1,m6b_physics_lib_v2,0_v2,2026-04-26
M6B_L4_00477,4,seal_failure,A,400,0.30933064222335815,3,m6b_physics_lib_v2,0_v2,2026-04-26
M6B_L4_00478,4,seal_failure,A,400,0.5147656798362732,1,m6b_physics_lib_v2,0_v2,2026-04-26
M6B_L4_00479,4,seal_failure,A,400,0.9143239855766296,3,m6b_physics_lib_v2,0_v2,2026-04-26
M6B_L4_00480,4,seal_failure,A,400,0.20216581225395203,3,m6b_physics_lib_v2,0_v2,2026-04-26
M6B_L4_00481,4,seal_failure,A,400,0.4390072524547577,3,m6b_physics_lib_v2,0_v2,2026-04-26
M6B_L4_00482,4,seal_failure,A,400,0.6440338492393494,3,m6b_physics_lib_v2,0_v2,2026-04-26
M6B_L4_00483,4,seal_failure,A,400,0.46727508306503296,1,m6b_physics_lib_v2,0_v2,2026-04-26
M6B_L4_00484,4,seal_failure,A,400,0.4176361560821533,3,m6b_physics_lib_v2,0_v2,2026-04-26
M6B_L4_00485,4,seal_failure,A,400,0.5680299997329712,1,m6b_physics_lib_v2,0_v2,2026-04-26
M6B_L4_00486,4,seal_failure,A,400,0.3452184796333313,3,m6b_physics_lib_v2,0_v2,2026-04-26
M6B_L4_00487,4,seal_failure,A,400,0.6237002015113831,1,m6b_physics_lib_v2,0_v2,2026-04-26
M6B_L4_00488,4,seal_failure,A,400,0.765356719493866,1,m6b_physics_lib_v2,0_v2,2026-04-26
M6B_L4_00489,4,seal_failure,A,400,0.6602359414100647,1,m6b_physics_lib_v2,0_v2,2026-04-26
M6B_L4_00490,4,seal_failure,A,400,0.2744874656200409,1,m6b_physics_lib_v2,0_v2,2026-04-26
M6B_L4_00491,4,seal_failure,A,400,0.8755269050598145,1,m6b_physics_lib_v2,0_v2,2026-04-26
M6B_L4_00492,4,seal_failure,A,400,0.339982271194458,3,m6b_physics_lib_v2,0_v2,2026-04-26
M6B_L4_00493,4,seal_failure,A,400,0.8118495941162109,1,m6b_physics_lib_v2,0_v2,2026-04-26
M6B_L4_00494,4,seal_failure,A,400,0.48845207691192627,3,m6b_physics_lib_v2,0_v2,2026-04-26
M6B_L4_00495,4,seal_failure,A,400,0.8262090682983398,1,m6b_physics_lib_v2,0_v2,2026-04-26
M6B_L4_00496,4,seal_failure,A,400,0.3650183081626892,3,m6b_physics_lib_v2,0_v2,2026-04-26
M6B_L4_00497,4,seal_failure,A,400,0.3493296802043915,1,m6b_physics_lib_v2,0_v2,2026-04-26
M6B_L4_00498,4,seal_failure,A,400,0.5976206660270691,1,m6b_physics_lib_v2,0_v2,2026-04-26
M6B_L4_00499,4,seal_failure,A,400,0.22634881734848022,1,m6b_physics_lib_v2,0_v2,2026-04-26
M6B_L4_00500,4,seal_failure,A,400,0.380237877368927,3,m6b_physics_lib_v2,0_v2,2026-04-26
M6B_L4_00501,4,seal_failure,A,400,0.7792097926139832,3,m6b_physics_lib_v2,0_v2,2026-04-26
M6B_L4_00502,4,seal_failure,A,400,0.8699067831039429,1,m6b_physics_lib_v2,0_v2,2026-04-26
M6B_L4_00503,4,seal_failure,A,400,0.2646282911300659,1,m6b_physics_lib_v2,0_v2,2026-04-26
M6B_L4_00504,4,seal_failure,A,400,0.9056621789932251,3,m6b_physics_lib_v2,0_v2,2026-04-26
M6B_L4_00505,4,seal_failure,A,400,0.838013768196106,3,m6b_physics_lib_v2,0_v2,2026-04-26
M6B_L4_00506,4,seal_failure,A,400,0.8957474231719971,1,m6b_physics_lib_v2,0_v2,2026-04-26
M6B_L4_00507,4,seal_failure,A,400,0.7587428689002991,1,m6b_physics_lib_v2,0_v2,2026-04-26
M6B_L4_00508,4,seal_failure,A,400,0.7393224835395813,1,m6b_physics_lib_v2,0_v2,2026-04-26
M6B_L4_00509,4,seal_failure,A,400,0.6200745701789856,3,m6b_physics_lib_v2,0_v2,2026-04-26
M6B_L4_00510,4,seal_failure,A,400,0.7222297787666321,3,m6b_physics_lib_v2,0_v2,2026-04-26
M6B_L4_00511,4,seal_failure,A,400,0.9352877140045166,1,m6b_physics_lib_v2,0_v2,2026-04-26
M6B_L4_00512,4,seal_failure,A,400,0.2804175913333893,1,m6b_physics_lib_v2,0_v2,2026-04-26
M6B_L4_00513,4,seal_failure,A,400,0.4526115953922272,1,m6b_physics_lib_v2,0_v2,2026-04-26
M6B_L4_00514,4,seal_failure,A,400,0.25796398520469666,3,m6b_physics_lib_v2,0_v2,2026-04-26
M6B_L4_00515,4,seal_failure,A,400,0.9558441638946533,1,m6b_physics_lib_v2,0_v2,2026-04-26
M6B_L4_00516,4,seal_failure,A,400,0.5562123656272888,1,m6b_physics_lib_v2,0_v2,2026-04-26
M6B_L4_00517,4,seal_failure,A,400,0.7402755618095398,1,m6b_physics_lib_v2,0_v2,2026-04-26
M6B_L4_00518,4,seal_failure,A,400,0.8728960752487183,1,m6b_physics_lib_v2,0_v2,2026-04-26
M6B_L4_00519,4,seal_failure,A,400,0.9928001761436462,3,m6b_physics_lib_v2,0_v2,2026-04-26
M6B_L4_00520,4,seal_failure,A,400,0.32942596077919006,1,m6b_physics_lib_v2,0_v2,2026-04-26
M6B_L4_00521,4,seal_failure,A,400,0.8396100997924805,1,m6b_physics_lib_v2,0_v2,2026-04-26
M6B_L4_00522,4,seal_failure,A,400,0.9099383354187012,3,m6b_physics_lib_v2,0_v2,2026-04-26
M6B_L4_00523,4,seal_failure,A,400,0.23910030722618103,1,m6b_physics_lib_v2,0_v2,2026-04-26
M6B_L4_00524,4,seal_failure,A,400,0.8032724261283875,1,m6b_physics_lib_v2,0_v2,2026-04-26
M6B_L4_00525,4,seal_failure,A,400,0.48378026485443115,3,m6b_physics_lib_v2,0_v2,2026-04-26
M6B_L4_00526,4,seal_failure,A,400,0.7188774347305298,3,m6b_physics_lib_v2,0_v2,2026-04-26
M6B_L4_00527,4,seal_failure,A,400,0.6112385392189026,1,m6b_physics_lib_v2,0_v2,2026-04-26
M6B_L4_00528,4,seal_failure,A,400,0.407793790102005,1,m6b_physics_lib_v2,0_v2,2026-04-26
M6B_L4_00529,4,seal_failure,A,400,0.30817708373069763,3,m6b_physics_lib_v2,0_v2,2026-04-26
M6B_L4_00530,4,seal_failure,A,400,0.2935577929019928,1,m6b_physics_lib_v2,0_v2,2026-04-26
M6B_L4_00531,4,seal_failure,A,400,0.28265827894210815,3,m6b_physics_lib_v2,0_v2,2026-04-26
M6B_L4_00532,4,seal_failure,A,400,0.7102320194244385,3,m6b_physics_lib_v2,0_v2,2026-04-26
M6B_L4_00533,4,seal_failure,A,400,0.4811286926269531,1,m6b_physics_lib_v2,0_v2,2026-04-26
M6B_L4_00534,4,seal_failure,A,400,0.3733067512512207,3,m6b_physics_lib_v2,0_v2,2026-04-26
M6B_L4_00535,4,seal_failure,A,400,0.7535080909729004,1,m6b_physics_lib_v2,0_v2,2026-04-26
M6B_L4_00536,4,seal_failure,A,400,0.7494796514511108,3,m6b_physics_lib_v2,0_v2,2026-04-26
M6B_L4_00537,4,seal_failure,A,400,0.631334662437439,1,m6b_physics_lib_v2,0_v2,2026-04-26
M6B_L4_00538,4,seal_failure,A,400,0.9479662775993347,1,m6b_physics_lib_v2,0_v2,2026-04-26
M6B_L4_00539,4,seal_failure,A,400,0.5083313584327698,3,m6b_physics_lib_v2,0_v2,2026-04-26
M6B_L4_00540,4,seal_failure,A,400,0.8686903715133667,3,m6b_physics_lib_v2,0_v2,2026-04-26
M6B_L4_00541,4,seal_failure,A,400,0.260111540555954,1,m6b_physics_lib_v2,0_v2,2026-04-26
M6B_L4_00542,4,seal_failure,A,400,0.7918648719787598,3,m6b_physics_lib_v2,0_v2,2026-04-26
M6B_L4_00543,4,seal_failure,A,400,0.990757942199707,1,m6b_physics_lib_v2,0_v2,2026-04-26
M6B_L4_00544,4,seal_failure,A,400,0.8772785663604736,1,m6b_physics_lib_v2,0_v2,2026-04-26
M6B_L4_00545,4,seal_failure,A,400,0.6637317538261414,1,m6b_physics_lib_v2,0_v2,2026-04-26
M6B_L4_00546,4,seal_failure,A,400,0.7014128565788269,1,m6b_physics_lib_v2,0_v2,2026-04-26
M6B_L4_00547,4,seal_failure,A,400,0.482631653547287,3,m6b_physics_lib_v2,0_v2,2026-04-26
M6B_L4_00548,4,seal_failure,A,400,0.7435881495475769,3,m6b_physics_lib_v2,0_v2,2026-04-26
M6B_L4_00549,4,seal_failure,A,400,0.8163163065910339,3,m6b_physics_lib_v2,0_v2,2026-04-26
M6B_L4_00550,4,seal_failure,A,400,0.9985827803611755,1,m6b_physics_lib_v2,0_v2,2026-04-26
M6B_L4_00551,4,seal_failure,A,400,0.5939703583717346,3,m6b_physics_lib_v2,0_v2,2026-04-26
M6B_L4_00552,4,seal_failure,A,400,0.24904325604438782,1,m6b_physics_lib_v2,0_v2,2026-04-26
M6B_L4_00553,4,seal_failure,A,400,0.6766863465309143,3,m6b_physics_lib_v2,0_v2,2026-04-26
M6B_L4_00554,4,seal_failure,A,400,0.2952193319797516,3,m6b_physics_lib_v2,0_v2,2026-04-26
M6B_L4_00555,4,seal_failure,A,400,0.3958120346069336,3,m6b_physics_lib_v2,0_v2,2026-04-26
M6B_L4_00556,4,seal_failure,A,400,0.46302393078804016,3,m6b_physics_lib_v2,0_v2,2026-04-26
M6B_L4_00557,4,seal_failure,A,400,0.7848238945007324,1,m6b_physics_lib_v2,0_v2,2026-04-26
M6B_L4_00558,4,seal_failure,A,400,0.34704649448394775,3,m6b_physics_lib_v2,0_v2,2026-04-26
M6B_L4_00559,4,seal_failure,A,400,0.3326023519039154,3,m6b_physics_lib_v2,0_v2,2026-04-26
M6B_L4_00560,4,seal_failure,A,400,0.2359713912010193,1,m6b_physics_lib_v2,0_v2,2026-04-26
M6B_L4_00561,4,seal_failure,A,400,0.898591935634613,3,m6b_physics_lib_v2,0_v2,2026-04-26
M6B_L4_00562,4,seal_failure,A,400,0.7548043131828308,1,m6b_physics_lib_v2,0_v2,2026-04-26
M6B_L4_00563,4,seal_failure,A,400,0.23195716738700867,1,m6b_physics_lib_v2,0_v2,2026-04-26
M6B_L4_00564,4,seal_failure,A,400,0.22263383865356445,3,m6b_physics_lib_v2,0_v2,2026-04-26
M6B_L4_00565,4,seal_failure,A,400,0.6469394564628601,3,m6b_physics_lib_v2,0_v2,2026-04-26
M6B_L4_00566,4,seal_failure,A,400,0.4260275065898895,1,m6b_physics_lib_v2,0_v2,2026-04-26
M6B_L4_00567,4,seal_failure,A,400,0.6773810982704163,3,m6b_physics_lib_v2,0_v2,2026-04-26
M6B_L4_00568,4,seal_failure,A,400,0.5476833581924438,3,m6b_physics_lib_v2,0_v2,2026-04-26
M6B_L4_00569,4,seal_failure,A,400,0.9386500716209412,1,m6b_physics_lib_v2,0_v2,2026-04-26
M6B_L4_00570,4,seal_failure,A,400,0.4302472174167633,1,m6b_physics_lib_v2,0_v2,2026-04-26
M6B_L4_00571,4,seal_failure,A,400,0.7433162927627563,1,m6b_physics_lib_v2,0_v2,2026-04-26
M6B_L4_00572,4,seal_failure,A,400,0.24324345588684082,3,m6b_physics_lib_v2,0_v2,2026-04-26
M6B_L4_00573,4,seal_failure,A,400,0.9646884202957153,1,m6b_physics_lib_v2,0_v2,2026-04-26
M6B_L4_00574,4,seal_failure,A,400,0.9846059679985046,3,m6b_physics_lib_v2,0_v2,2026-04-26
M6B_L4_00575,4,seal_failure,A,400,0.7912597060203552,3,m6b_physics_lib_v2,0_v2,2026-04-26
M6B_L4_00576,4,seal_failure,A,400,0.5721699595451355,3,m6b_physics_lib_v2,0_v2,2026-04-26
M6B_L4_00577,4,seal_failure,A,400,0.3759947419166565,1,m6b_physics_lib_v2,0_v2,2026-04-26
M6B_L4_00578,4,seal_failure,A,400,0.8500130772590637,1,m6b_physics_lib_v2,0_v2,2026-04-26
M6B_L4_00579,4,seal_failure,A,400,0.7890833020210266,3,m6b_physics_lib_v2,0_v2,2026-04-26
M6B_L4_00580,4,seal_failure,A,400,0.3775632381439209,3,m6b_physics_lib_v2,0_v2,2026-04-26
M6B_L4_00581,4,seal_failure,A,400,0.5609722137451172,1,m6b_physics_lib_v2,0_v2,2026-04-26
M6B_L4_00582,4,seal_failure,A,400,0.5702391266822815,3,m6b_physics_lib_v2,0_v2,2026-04-26
M6B_L4_00583,4,seal_failure,A,400,0.8611284494400024,3,m6b_physics_lib_v2,0_v2,2026-04-26
M6B_L4_00584,4,seal_failure,A,400,0.7470757365226746,3,m6b_physics_lib_v2,0_v2,2026-04-26
M6B_L4_00585,4,seal_failure,A,400,0.7145340442657471,1,m6b_physics_lib_v2,0_v2,2026-04-26
M6B_L4_00586,4,seal_failure,A,400,0.7198619246482849,3,m6b_physics_lib_v2,0_v2,2026-04-26
M6B_L4_00587,4,seal_failure,A,400,0.4163760542869568,3,m6b_physics_lib_v2,0_v2,2026-04-26
M6B_L4_00588,4,seal_failure,A,400,0.49736902117729187,3,m6b_physics_lib_v2,0_v2,2026-04-26
M6B_L4_00589,4,seal_failure,A,400,0.23652982711791992,1,m6b_physics_lib_v2,0_v2,2026-04-26
M6B_L4_00590,4,seal_failure,A,400,0.8295528888702393,3,m6b_physics_lib_v2,0_v2,2026-04-26
M6B_L4_00591,4,seal_failure,A,400,0.5463985800743103,1,m6b_physics_lib_v2,0_v2,2026-04-26
M6B_L4_00592,4,seal_failure,A,400,0.5505906939506531,3,m6b_physics_lib_v2,0_v2,2026-04-26
M6B_L4_00593,4,seal_failure,A,400,0.3962849974632263,1,m6b_physics_lib_v2,0_v2,2026-04-26
M6B_L4_00594,4,seal_failure,A,400,0.3675418198108673,1,m6b_physics_lib_v2,0_v2,2026-04-26
M6B_L4_00595,4,seal_failure,A,400,0.670257568359375,1,m6b_physics_lib_v2,0_v2,2026-04-26
M6B_L4_00596,4,seal_failure,A,400,0.38604241609573364,1,m6b_physics_lib_v2,0_v2,2026-04-26
M6B_L4_00597,4,seal_failure,A,400,0.25136709213256836,1,m6b_physics_lib_v2,0_v2,2026-04-26
M6B_L4_00598,4,seal_failure,A,400,0.8140059113502502,1,m6b_physics_lib_v2,0_v2,2026-04-26
M6B_L4_00599,4,seal_failure,A,400,0.5011755228042603,3,m6b_physics_lib_v2,0_v2,2026-04-26
M6B_L4_00600,4,seal_failure,A,400,0.5041884779930115,1,m6b_physics_lib_v2,0_v2,2026-04-26
M6B_L4_00601,4,seal_failure,A,400,0.5450546145439148,3,m6b_physics_lib_v2,0_v2,2026-04-26
M6B_L4_00602,4,seal_failure,A,400,0.8520358800888062,1,m6b_physics_lib_v2,0_v2,2026-04-26
M6B_L4_00603,4,seal_failure,A,400,0.45666950941085815,3,m6b_physics_lib_v2,0_v2,2026-04-26
M6B_L4_00604,4,seal_failure,A,400,0.8064289689064026,1,m6b_physics_lib_v2,0_v2,2026-04-26
M6B_L4_00605,4,seal_failure,A,400,0.9516358971595764,3,m6b_physics_lib_v2,0_v2,2026-04-26
M6B_L4_00606,4,seal_failure,A,400,0.7286945581436157,1,m6b_physics_lib_v2,0_v2,2026-04-26
M6B_L4_00607,4,seal_failure,A,400,0.545344889163971,1,m6b_physics_lib_v2,0_v2,2026-04-26
M6B_L4_00608,4,seal_failure,A,400,0.7982317805290222,3,m6b_physics_lib_v2,0_v2,2026-04-26
M6B_L4_00609,4,seal_failure,A,400,0.5663179159164429,3,m6b_physics_lib_v2,0_v2,2026-04-26
M6B_L4_00610,4,seal_failure,A,400,0.5315418243408203,1,m6b_physics_lib_v2,0_v2,2026-04-26
M6B_L4_00611,4,seal_failure,A,400,0.6202265024185181,3,m6b_physics_lib_v2,0_v2,2026-04-26
M6B_L4_00612,4,seal_failure,A,400,0.4541778564453125,1,m6b_physics_lib_v2,0_v2,2026-04-26
M6B_L4_00613,4,seal_failure,A,400,0.28340017795562744,1,m6b_physics_lib_v2,0_v2,2026-04-26
M6B_L4_00614,4,seal_failure,A,400,0.5318816304206848,1,m6b_physics_lib_v2,0_v2,2026-04-26
M6B_L4_00615,4,seal_failure,A,400,0.29908549785614014,3,m6b_physics_lib_v2,0_v2,2026-04-26
M6B_L4_00616,4,seal_failure,A,400,0.5283531546592712,1,m6b_physics_lib_v2,0_v2,2026-04-26
M6B_L4_00617,4,seal_failure,A,400,0.6455469727516174,1,m6b_physics_lib_v2,0_v2,2026-04-26
M6B_L4_00618,4,seal_failure,A,400,0.944568932056427,1,m6b_physics_lib_v2,0_v2,2026-04-26
M6B_L4_00619,4,seal_failure,A,400,0.22897785902023315,3,m6b_physics_lib_v2,0_v2,2026-04-26
M6B_L4_00620,4,seal_failure,A,400,0.6971667408943176,1,m6b_physics_lib_v2,0_v2,2026-04-26
M6B_L4_00621,4,seal_failure,A,400,0.5661881566047668,3,m6b_physics_lib_v2,0_v2,2026-04-26
M6B_L4_00622,4,seal_failure,A,400,0.21620890498161316,3,m6b_physics_lib_v2,0_v2,2026-04-26
M6B_L4_00623,4,seal_failure,A,400,0.3996385335922241,3,m6b_physics_lib_v2,0_v2,2026-04-26
M6B_L4_00624,4,seal_failure,A,400,0.2947882115840912,3,m6b_physics_lib_v2,0_v2,2026-04-26
M6B_L4_00625,4,seal_failure,A,400,0.3734353184700012,1,m6b_physics_lib_v2,0_v2,2026-04-26
M6B_L4_00626,4,seal_failure,A,400,0.4196561872959137,1,m6b_physics_lib_v2,0_v2,2026-04-26
M6B_L4_00627,4,seal_failure,A,400,0.5210450887680054,3,m6b_physics_lib_v2,0_v2,2026-04-26
M6B_L4_00628,4,seal_failure,A,400,0.6232315301895142,1,m6b_physics_lib_v2,0_v2,2026-04-26
M6B_L4_00629,4,seal_failure,A,400,0.20079199969768524,1,m6b_physics_lib_v2,0_v2,2026-04-26
M6B_L4_00630,4,seal_failure,A,400,0.32949548959732056,1,m6b_physics_lib_v2,0_v2,2026-04-26
M6B_L4_00631,4,seal_failure,A,400,0.2748531103134155,3,m6b_physics_lib_v2,0_v2,2026-04-26
M6B_L4_00632,4,seal_failure,A,400,0.6397387385368347,3,m6b_physics_lib_v2,0_v2,2026-04-26
M6B_L4_00633,4,seal_failure,A,400,0.46325990557670593,1,m6b_physics_lib_v2,0_v2,2026-04-26
M6B_L4_00634,4,seal_failure,A,400,0.6387181878089905,3,m6b_physics_lib_v2,0_v2,2026-04-26
M6B_L4_00635,4,seal_failure,A,400,0.3774586319923401,3,m6b_physics_lib_v2,0_v2,2026-04-26
M6B_L4_00636,4,seal_failure,A,400,0.21938347816467285,3,m6b_physics_lib_v2,0_v2,2026-04-26
M6B_L4_00637,4,seal_failure,A,400,0.9530935287475586,3,m6b_physics_lib_v2,0_v2,2026-04-26
M6B_L4_00638,4,seal_failure,A,400,0.2866464853286743,3,m6b_physics_lib_v2,0_v2,2026-04-26
M6B_L4_00639,4,seal_failure,A,400,0.301486998796463,1,m6b_physics_lib_v2,0_v2,2026-04-26
M6B_L4_00640,4,seal_failure,A,400,0.3172374665737152,3,m6b_physics_lib_v2,0_v2,2026-04-26
M6B_L4_00641,4,seal_failure,A,400,0.9850212335586548,1,m6b_physics_lib_v2,0_v2,2026-04-26
M6B_L4_00642,4,seal_failure,A,400,0.6941282153129578,1,m6b_physics_lib_v2,0_v2,2026-04-26
M6B_L4_00643,4,seal_failure,A,400,0.6882319450378418,3,m6b_physics_lib_v2,0_v2,2026-04-26
M6B_L4_00644,4,seal_failure,A,400,0.9893585443496704,3,m6b_physics_lib_v2,0_v2,2026-04-26
M6B_L4_00645,4,seal_failure,A,400,0.270751029253006,1,m6b_physics_lib_v2,0_v2,2026-04-26
M6B_L4_00646,4,seal_failure,A,400,0.979600727558136,3,m6b_physics_lib_v2,0_v2,2026-04-26
M6B_L4_00647,4,seal_failure,A,400,0.363210529088974,1,m6b_physics_lib_v2,0_v2,2026-04-26
M6B_L4_00648,4,seal_failure,A,400,0.6984571814537048,1,m6b_physics_lib_v2,0_v2,2026-04-26
M6B_L4_00649,4,seal_failure,A,400,0.5360668301582336,1,m6b_physics_lib_v2,0_v2,2026-04-26
M6B_L4_00650,4,seal_failure,A,400,0.5071614384651184,3,m6b_physics_lib_v2,0_v2,2026-04-26
M6B_L4_00651,4,seal_failure,A,400,0.9449946880340576,1,m6b_physics_lib_v2,0_v2,2026-04-26
M6B_L4_00652,4,seal_failure,A,400,0.3193821907043457,1,m6b_physics_lib_v2,0_v2,2026-04-26
M6B_L4_00653,4,seal_failure,A,400,0.9976552128791809,3,m6b_physics_lib_v2,0_v2,2026-04-26
M6B_L4_00654,4,seal_failure,A,400,0.5033000707626343,1,m6b_physics_lib_v2,0_v2,2026-04-26
M6B_L4_00655,4,seal_failure,A,400,0.7190199494361877,3,m6b_physics_lib_v2,0_v2,2026-04-26
M6B_L4_00656,4,seal_failure,A,400,0.9743253588676453,1,m6b_physics_lib_v2,0_v2,2026-04-26
M6B_L4_00657,4,seal_failure,A,400,0.24608084559440613,1,m6b_physics_lib_v2,0_v2,2026-04-26
M6B_L4_00658,4,seal_failure,A,400,0.9382914900779724,3,m6b_physics_lib_v2,0_v2,2026-04-26
M6B_L4_00659,4,seal_failure,A,400,0.6542491316795349,1,m6b_physics_lib_v2,0_v2,2026-04-26
M6B_L4_00660,4,seal_failure,A,400,0.7635174989700317,1,m6b_physics_lib_v2,0_v2,2026-04-26
M6B_L4_00661,4,seal_failure,A,400,0.3193473517894745,1,m6b_physics_lib_v2,0_v2,2026-04-26
M6B_L4_00662,4,seal_failure,A,400,0.6267099380493164,1,m6b_physics_lib_v2,0_v2,2026-04-26
M6B_L4_00663,4,seal_failure,A,400,0.7388109564781189,1,m6b_physics_lib_v2,0_v2,2026-04-26
M6B_L4_00664,4,seal_failure,A,400,0.5649978518486023,1,m6b_physics_lib_v2,0_v2,2026-04-26
M6B_L4_00665,4,seal_failure,A,400,0.323988139629364,3,m6b_physics_lib_v2,0_v2,2026-04-26
M6B_L4_00666,4,seal_failure,A,400,0.39529526233673096,1,m6b_physics_lib_v2,0_v2,2026-04-26
M6B_L4_00667,4,seal_failure,A,400,0.8835142254829407,1,m6b_physics_lib_v2,0_v2,2026-04-26
M6B_L4_00668,4,seal_failure,A,400,0.22757679224014282,1,m6b_physics_lib_v2,0_v2,2026-04-26
M6B_L4_00669,4,seal_failure,A,400,0.7670896649360657,3,m6b_physics_lib_v2,0_v2,2026-04-26
M6B_L4_00670,4,seal_failure,A,400,0.9995120167732239,3,m6b_physics_lib_v2,0_v2,2026-04-26
M6B_L4_00671,4,seal_failure,A,400,0.2059863954782486,3,m6b_physics_lib_v2,0_v2,2026-04-26
M6B_L4_00672,4,seal_failure,A,400,0.3288365602493286,1,m6b_physics_lib_v2,0_v2,2026-04-26
M6B_L4_00673,4,seal_failure,A,400,0.7393154501914978,3,m6b_physics_lib_v2,0_v2,2026-04-26
M6B_L4_00674,4,seal_failure,A,400,0.24799266457557678,1,m6b_physics_lib_v2,0_v2,2026-04-26
M6B_L4_00675,4,seal_failure,A,400,0.6718319654464722,3,m6b_physics_lib_v2,0_v2,2026-04-26
M6B_L4_00676,4,seal_failure,A,400,0.747200071811676,1,m6b_physics_lib_v2,0_v2,2026-04-26
M6B_L4_00677,4,seal_failure,A,400,0.670517086982727,1,m6b_physics_lib_v2,0_v2,2026-04-26
M6B_L4_00678,4,seal_failure,A,400,0.4921477735042572,3,m6b_physics_lib_v2,0_v2,2026-04-26
M6B_L4_00679,4,seal_failure,A,400,0.7578258514404297,1,m6b_physics_lib_v2,0_v2,2026-04-26
M6B_L4_00680,4,seal_failure,A,400,0.6754355430603027,1,m6b_physics_lib_v2,0_v2,2026-04-26
M6B_L4_00681,4,seal_failure,A,400,0.3661097288131714,1,m6b_physics_lib_v2,0_v2,2026-04-26
M6B_L4_00682,4,seal_failure,A,400,0.650508463382721,3,m6b_physics_lib_v2,0_v2,2026-04-26
M6B_L4_00683,4,seal_failure,A,400,0.9055257439613342,3,m6b_physics_lib_v2,0_v2,2026-04-26
M6B_L4_00684,4,seal_failure,A,400,0.733466625213623,3,m6b_physics_lib_v2,0_v2,2026-04-26
M6B_L4_00685,4,seal_failure,A,400,0.5774332284927368,3,m6b_physics_lib_v2,0_v2,2026-04-26
M6B_L4_00686,4,seal_failure,A,400,0.45726728439331055,1,m6b_physics_lib_v2,0_v2,2026-04-26
M6B_L4_00687,4,seal_failure,A,400,0.2687089741230011,1,m6b_physics_lib_v2,0_v2,2026-04-26
M6B_L4_00688,4,seal_failure,A,400,0.39570170640945435,1,m6b_physics_lib_v2,0_v2,2026-04-26
M6B_L4_00689,4,seal_failure,A,400,0.20894940197467804,1,m6b_physics_lib_v2,0_v2,2026-04-26
M6B_L4_00690,4,seal_failure,A,400,0.9893007278442383,1,m6b_physics_lib_v2,0_v2,2026-04-26
M6B_L4_00691,4,seal_failure,A,400,0.37798580527305603,1,m6b_physics_lib_v2,0_v2,2026-04-26
M6B_L4_00692,4,seal_failure,A,400,0.8519007563591003,1,m6b_physics_lib_v2,0_v2,2026-04-26
M6B_L4_00693,4,seal_failure,A,400,0.3349159061908722,3,m6b_physics_lib_v2,0_v2,2026-04-26
M6B_L4_00694,4,seal_failure,A,400,0.42688092589378357,1,m6b_physics_lib_v2,0_v2,2026-04-26
M6B_L4_00695,4,seal_failure,A,400,0.5346218347549438,3,m6b_physics_lib_v2,0_v2,2026-04-26
M6B_L4_00696,4,seal_failure,A,400,0.459524542093277,1,m6b_physics_lib_v2,0_v2,2026-04-26
M6B_L4_00697,4,seal_failure,A,400,0.838680624961853,3,m6b_physics_lib_v2,0_v2,2026-04-26
M6B_L4_00698,4,seal_failure,A,400,0.9661547541618347,3,m6b_physics_lib_v2,0_v2,2026-04-26
M6B_L4_00699,4,seal_failure,A,400,0.9002355933189392,3,m6b_physics_lib_v2,0_v2,2026-04-26
M6B_L4_00700,4,seal_failure,A,400,0.32286229729652405,1,m6b_physics_lib_v2,0_v2,2026-04-26
M6B_L4_00701,4,seal_failure,A,400,0.8213509321212769,1,m6b_physics_lib_v2,0_v2,2026-04-26
M6B_L4_00702,4,seal_failure,A,400,0.31835752725601196,3,m6b_physics_lib_v2,0_v2,2026-04-26
M6B_L4_00703,4,seal_failure,A,400,0.9307048916816711,3,m6b_physics_lib_v2,0_v2,2026-04-26
M6B_L4_00704,4,seal_failure,A,400,0.6143028736114502,1,m6b_physics_lib_v2,0_v2,2026-04-26
M6B_L4_00705,4,seal_failure,A,400,0.4691048562526703,3,m6b_physics_lib_v2,0_v2,2026-04-26
M6B_L4_00706,4,seal_failure,A,400,0.3256203830242157,1,m6b_physics_lib_v2,0_v2,2026-04-26
M6B_L4_00707,4,seal_failure,A,400,0.20944726467132568,1,m6b_physics_lib_v2,0_v2,2026-04-26
M6B_L4_00708,4,seal_failure,A,400,0.3983575999736786,1,m6b_physics_lib_v2,0_v2,2026-04-26
M6B_L4_00709,4,seal_failure,A,400,0.9312160611152649,3,m6b_physics_lib_v2,0_v2,2026-04-26
M6B_L4_00710,4,seal_failure,A,400,0.8378097414970398,3,m6b_physics_lib_v2,0_v2,2026-04-26
M6B_L4_00711,4,seal_failure,A,400,0.9758349657058716,1,m6b_physics_lib_v2,0_v2,2026-04-26
M6B_L4_00712,4,seal_failure,A,400,0.28060922026634216,3,m6b_physics_lib_v2,0_v2,2026-04-26
M6B_L4_00713,4,seal_failure,A,400,0.6737430095672607,3,m6b_physics_lib_v2,0_v2,2026-04-26
M6B_L4_00714,4,seal_failure,A,400,0.40572038292884827,1,m6b_physics_lib_v2,0_v2,2026-04-26
M6B_L4_00715,4,seal_failure,A,400,0.6343533396720886,3,m6b_physics_lib_v2,0_v2,2026-04-26
M6B_L4_00716,4,seal_failure,A,400,0.4563639163970947,3,m6b_physics_lib_v2,0_v2,2026-04-26
M6B_L4_00717,4,seal_failure,A,400,0.42677244544029236,3,m6b_physics_lib_v2,0_v2,2026-04-26
M6B_L4_00718,4,seal_failure,A,400,0.6590762138366699,1,m6b_physics_lib_v2,0_v2,2026-04-26
M6B_L4_00719,4,seal_failure,A,400,0.3466545343399048,3,m6b_physics_lib_v2,0_v2,2026-04-26
M6B_L4_00720,4,seal_failure,A,400,0.57530677318573,1,m6b_physics_lib_v2,0_v2,2026-04-26
M6B_L4_00721,4,seal_failure,A,400,0.7206498384475708,1,m6b_physics_lib_v2,0_v2,2026-04-26
M6B_L4_00722,4,seal_failure,A,400,0.3025456666946411,3,m6b_physics_lib_v2,0_v2,2026-04-26
M6B_L4_00723,4,seal_failure,A,400,0.9444754123687744,3,m6b_physics_lib_v2,0_v2,2026-04-26
M6B_L4_00724,4,seal_failure,A,400,0.604579746723175,3,m6b_physics_lib_v2,0_v2,2026-04-26
M6B_L4_00725,4,seal_failure,A,400,0.8556223511695862,3,m6b_physics_lib_v2,0_v2,2026-04-26
M6B_L4_00726,4,seal_failure,A,400,0.7231243252754211,3,m6b_physics_lib_v2,0_v2,2026-04-26
M6B_L4_00727,4,seal_failure,A,400,0.7680007815361023,3,m6b_physics_lib_v2,0_v2,2026-04-26
M6B_L4_00728,4,seal_failure,A,400,0.7729047536849976,1,m6b_physics_lib_v2,0_v2,2026-04-26
M6B_L4_00729,4,seal_failure,A,400,0.9000799059867859,3,m6b_physics_lib_v2,0_v2,2026-04-26
M6B_L4_00730,4,seal_failure,A,400,0.6908843517303467,1,m6b_physics_lib_v2,0_v2,2026-04-26
M6B_L4_00731,4,seal_failure,A,400,0.4225737154483795,1,m6b_physics_lib_v2,0_v2,2026-04-26
M6B_L4_00732,4,seal_failure,A,400,0.27960771322250366,3,m6b_physics_lib_v2,0_v2,2026-04-26
M6B_L4_00733,4,seal_failure,A,400,0.685000479221344,3,m6b_physics_lib_v2,0_v2,2026-04-26
M6B_L4_00734,4,seal_failure,A,400,0.2530822455883026,1,m6b_physics_lib_v2,0_v2,2026-04-26
M6B_L4_00735,4,seal_failure,A,400,0.39303475618362427,3,m6b_physics_lib_v2,0_v2,2026-04-26
M6B_L4_00736,4,seal_failure,A,400,0.24856574833393097,3,m6b_physics_lib_v2,0_v2,2026-04-26
M6B_L4_00737,4,seal_failure,A,400,0.6391100883483887,1,m6b_physics_lib_v2,0_v2,2026-04-26
M6B_L4_00738,4,seal_failure,A,400,0.32827049493789673,3,m6b_physics_lib_v2,0_v2,2026-04-26
M6B_L4_00739,4,seal_failure,A,400,0.6883258819580078,1,m6b_physics_lib_v2,0_v2,2026-04-26
M6B_L4_00740,4,seal_failure,A,400,0.8326920866966248,3,m6b_physics_lib_v2,0_v2,2026-04-26
M6B_L4_00741,4,seal_failure,A,400,0.8575046062469482,3,m6b_physics_lib_v2,0_v2,2026-04-26
M6B_L4_00742,4,seal_failure,A,400,0.44763481616973877,3,m6b_physics_lib_v2,0_v2,2026-04-26
M6B_L4_00743,4,seal_failure,A,400,0.639163613319397,3,m6b_physics_lib_v2,0_v2,2026-04-26
M6B_L4_00744,4,seal_failure,A,400,0.6504086256027222,3,m6b_physics_lib_v2,0_v2,2026-04-26
M6B_L4_00745,4,seal_failure,A,400,0.5783097743988037,3,m6b_physics_lib_v2,0_v2,2026-04-26
M6B_L4_00746,4,seal_failure,A,400,0.724091112613678,1,m6b_physics_lib_v2,0_v2,2026-04-26
M6B_L4_00747,4,seal_failure,A,400,0.36806970834732056,1,m6b_physics_lib_v2,0_v2,2026-04-26
M6B_L4_00748,4,seal_failure,A,400,0.9833945631980896,1,m6b_physics_lib_v2,0_v2,2026-04-26
M6B_L4_00749,4,seal_failure,A,400,0.27846387028694153,3,m6b_physics_lib_v2,0_v2,2026-04-26
M6B_L4_00750,4,seal_failure,A,400,0.8633769154548645,3,m6b_physics_lib_v2,0_v2,2026-04-26
M6B_L4_00751,4,seal_failure,A,400,0.6752768158912659,1,m6b_physics_lib_v2,0_v2,2026-04-26
M6B_L4_00752,4,seal_failure,A,400,0.39588379859924316,1,m6b_physics_lib_v2,0_v2,2026-04-26
M6B_L4_00753,4,seal_failure,A,400,0.7965400218963623,3,m6b_physics_lib_v2,0_v2,2026-04-26
M6B_L4_00754,4,seal_failure,A,400,0.2675847113132477,3,m6b_physics_lib_v2,0_v2,2026-04-26
M6B_L4_00755,4,seal_failure,A,400,0.8195342421531677,1,m6b_physics_lib_v2,0_v2,2026-04-26
M6B_L4_00756,4,seal_failure,A,400,0.6719881892204285,3,m6b_physics_lib_v2,0_v2,2026-04-26
M6B_L4_00757,4,seal_failure,A,400,0.28860026597976685,3,m6b_physics_lib_v2,0_v2,2026-04-26
M6B_L4_00758,4,seal_failure,A,400,0.26360446214675903,3,m6b_physics_lib_v2,0_v2,2026-04-26
M6B_L4_00759,4,seal_failure,A,400,0.8006690740585327,3,m6b_physics_lib_v2,0_v2,2026-04-26
M6B_L4_00760,4,seal_failure,A,400,0.4343487322330475,3,m6b_physics_lib_v2,0_v2,2026-04-26
M6B_L4_00761,4,seal_failure,A,400,0.9114415049552917,3,m6b_physics_lib_v2,0_v2,2026-04-26
M6B_L4_00762,4,seal_failure,A,400,0.809658408164978,3,m6b_physics_lib_v2,0_v2,2026-04-26
M6B_L4_00763,4,seal_failure,A,400,0.7585521936416626,3,m6b_physics_lib_v2,0_v2,2026-04-26
M6B_L4_00764,4,seal_failure,A,400,0.42288485169410706,1,m6b_physics_lib_v2,0_v2,2026-04-26
M6B_L4_00765,4,seal_failure,A,400,0.7671555876731873,1,m6b_physics_lib_v2,0_v2,2026-04-26
M6B_L4_00766,4,seal_failure,A,400,0.9585181474685669,1,m6b_physics_lib_v2,0_v2,2026-04-26
M6B_L4_00767,4,seal_failure,A,400,0.2732478678226471,3,m6b_physics_lib_v2,0_v2,2026-04-26
M6B_L4_00768,4,seal_failure,A,400,0.46093010902404785,1,m6b_physics_lib_v2,0_v2,2026-04-26
M6B_L4_00769,4,seal_failure,A,400,0.38773781061172485,3,m6b_physics_lib_v2,0_v2,2026-04-26
M6B_L4_00770,4,seal_failure,A,400,0.5146000981330872,1,m6b_physics_lib_v2,0_v2,2026-04-26
M6B_L4_00771,4,seal_failure,A,400,0.7938660979270935,1,m6b_physics_lib_v2,0_v2,2026-04-26
M6B_L4_00772,4,seal_failure,A,400,0.5793940424919128,1,m6b_physics_lib_v2,0_v2,2026-04-26
M6B_L4_00773,4,seal_failure,A,400,0.6565845012664795,3,m6b_physics_lib_v2,0_v2,2026-04-26
M6B_L4_00774,4,seal_failure,A,400,0.45132389664649963,1,m6b_physics_lib_v2,0_v2,2026-04-26
M6B_L4_00775,4,seal_failure,A,400,0.313031405210495,3,m6b_physics_lib_v2,0_v2,2026-04-26
M6B_L4_00776,4,seal_failure,A,400,0.41354691982269287,3,m6b_physics_lib_v2,0_v2,2026-04-26
M6B_L4_00777,4,seal_failure,A,400,0.8877442479133606,3,m6b_physics_lib_v2,0_v2,2026-04-26
M6B_L4_00778,4,seal_failure,A,400,0.681933581829071,1,m6b_physics_lib_v2,0_v2,2026-04-26
M6B_L4_00779,4,seal_failure,A,400,0.5023909211158752,3,m6b_physics_lib_v2,0_v2,2026-04-26
M6B_L4_00780,4,seal_failure,A,400,0.8319247961044312,3,m6b_physics_lib_v2,0_v2,2026-04-26
M6B_L4_00781,4,seal_failure,A,400,0.25156593322753906,1,m6b_physics_lib_v2,0_v2,2026-04-26
M6B_L4_00782,4,seal_failure,A,400,0.40311285853385925,1,m6b_physics_lib_v2,0_v2,2026-04-26
M6B_L4_00783,4,seal_failure,A,400,0.38408252596855164,3,m6b_physics_lib_v2,0_v2,2026-04-26
M6B_L4_00784,4,seal_failure,A,400,0.9882916212081909,3,m6b_physics_lib_v2,0_v2,2026-04-26
M6B_L4_00785,4,seal_failure,A,400,0.7648788690567017,1,m6b_physics_lib_v2,0_v2,2026-04-26
M6B_L4_00786,4,seal_failure,A,400,0.6942287683486938,1,m6b_physics_lib_v2,0_v2,2026-04-26
M6B_L4_00787,4,seal_failure,A,400,0.2039879709482193,1,m6b_physics_lib_v2,0_v2,2026-04-26
M6B_L4_00788,4,seal_failure,A,400,0.3474479913711548,3,m6b_physics_lib_v2,0_v2,2026-04-26
M6B_L4_00789,4,seal_failure,A,400,0.7084330320358276,1,m6b_physics_lib_v2,0_v2,2026-04-26
M6B_L4_00790,4,seal_failure,A,400,0.5037754774093628,1,m6b_physics_lib_v2,0_v2,2026-04-26
M6B_L4_00791,4,seal_failure,A,400,0.9394243359565735,1,m6b_physics_lib_v2,0_v2,2026-04-26
M6B_L4_00792,4,seal_failure,A,400,0.8117793798446655,1,m6b_physics_lib_v2,0_v2,2026-04-26
M6B_L4_00793,4,seal_failure,A,400,0.5579072833061218,1,m6b_physics_lib_v2,0_v2,2026-04-26
M6B_L4_00794,4,seal_failure,A,400,0.7996119856834412,1,m6b_physics_lib_v2,0_v2,2026-04-26
M6B_L4_00795,4,seal_failure,A,400,0.9803234338760376,3,m6b_physics_lib_v2,0_v2,2026-04-26
M6B_L4_00796,4,seal_failure,A,400,0.5687846541404724,3,m6b_physics_lib_v2,0_v2,2026-04-26
M6B_L4_00797,4,seal_failure,A,400,0.7140207290649414,1,m6b_physics_lib_v2,0_v2,2026-04-26
M6B_L4_00798,4,seal_failure,A,400,0.9349316954612732,1,m6b_physics_lib_v2,0_v2,2026-04-26
M6B_L4_00799,4,seal_failure,A,400,0.39893972873687744,1,m6b_physics_lib_v2,0_v2,2026-04-26
M6B_L4_00800,4,seal_failure,A,400,0.9092463254928589,3,m6b_physics_lib_v2,0_v2,2026-04-26
M6B_L4_00801,4,seal_failure,A,400,0.2780357599258423,1,m6b_physics_lib_v2,0_v2,2026-04-26
M6B_L4_00802,4,seal_failure,A,400,0.7187585234642029,1,m6b_physics_lib_v2,0_v2,2026-04-26
M6B_L4_00803,4,seal_failure,A,400,0.8262705206871033,3,m6b_physics_lib_v2,0_v2,2026-04-26
M6B_L4_00804,4,seal_failure,A,400,0.6916849613189697,1,m6b_physics_lib_v2,0_v2,2026-04-26
M6B_L4_00805,4,seal_failure,A,400,0.596427857875824,1,m6b_physics_lib_v2,0_v2,2026-04-26
M6B_L4_00806,4,seal_failure,A,400,0.6938776969909668,1,m6b_physics_lib_v2,0_v2,2026-04-26
M6B_L4_00807,4,seal_failure,A,400,0.3213309645652771,1,m6b_physics_lib_v2,0_v2,2026-04-26
M6B_L4_00808,4,seal_failure,A,400,0.3724565804004669,3,m6b_physics_lib_v2,0_v2,2026-04-26
M6B_L4_00809,4,seal_failure,A,400,0.4159194827079773,3,m6b_physics_lib_v2,0_v2,2026-04-26
M6B_L4_00810,4,seal_failure,A,400,0.6782234907150269,1,m6b_physics_lib_v2,0_v2,2026-04-26
M6B_L4_00811,4,seal_failure,A,400,0.5535208582878113,1,m6b_physics_lib_v2,0_v2,2026-04-26
M6B_L4_00812,4,seal_failure,A,400,0.3955806791782379,1,m6b_physics_lib_v2,0_v2,2026-04-26
M6B_L4_00813,4,seal_failure,A,400,0.9062474370002747,3,m6b_physics_lib_v2,0_v2,2026-04-26
M6B_L4_00814,4,seal_failure,A,400,0.4991374611854553,1,m6b_physics_lib_v2,0_v2,2026-04-26
M6B_L4_00815,4,seal_failure,A,400,0.5568253993988037,1,m6b_physics_lib_v2,0_v2,2026-04-26
M6B_L4_00816,4,seal_failure,A,400,0.5277608633041382,3,m6b_physics_lib_v2,0_v2,2026-04-26
M6B_L4_00817,4,seal_failure,A,400,0.3455543518066406,1,m6b_physics_lib_v2,0_v2,2026-04-26
M6B_L4_00818,4,seal_failure,A,400,0.7853016257286072,1,m6b_physics_lib_v2,0_v2,2026-04-26
M6B_L4_00819,4,seal_failure,A,400,0.5587666034698486,1,m6b_physics_lib_v2,0_v2,2026-04-26
M6B_L4_00820,4,seal_failure,A,400,0.2130056917667389,3,m6b_physics_lib_v2,0_v2,2026-04-26
M6B_L4_00821,4,seal_failure,A,400,0.9712109565734863,3,m6b_physics_lib_v2,0_v2,2026-04-26
M6B_L4_00822,4,seal_failure,A,400,0.8526108860969543,3,m6b_physics_lib_v2,0_v2,2026-04-26
M6B_L4_00823,4,seal_failure,A,400,0.7788474559783936,1,m6b_physics_lib_v2,0_v2,2026-04-26
M6B_L4_00824,4,seal_failure,A,400,0.8952735066413879,3,m6b_physics_lib_v2,0_v2,2026-04-26
M6B_L4_00825,4,seal_failure,A,400,0.9254457950592041,3,m6b_physics_lib_v2,0_v2,2026-04-26
M6B_L4_00826,4,seal_failure,A,400,0.4699917733669281,1,m6b_physics_lib_v2,0_v2,2026-04-26
M6B_L4_00827,4,seal_failure,A,400,0.6887669563293457,1,m6b_physics_lib_v2,0_v2,2026-04-26
M6B_L4_00828,4,seal_failure,A,400,0.687046229839325,1,m6b_physics_lib_v2,0_v2,2026-04-26
M6B_L4_00829,4,seal_failure,A,400,0.413839727640152,3,m6b_physics_lib_v2,0_v2,2026-04-26
M6B_L4_00830,4,seal_failure,A,400,0.3775618076324463,1,m6b_physics_lib_v2,0_v2,2026-04-26
M6B_L4_00831,4,seal_failure,A,400,0.2911258041858673,1,m6b_physics_lib_v2,0_v2,2026-04-26
M6B_L4_00832,4,seal_failure,A,400,0.7274513840675354,3,m6b_physics_lib_v2,0_v2,2026-04-26
M6B_L4_00833,4,seal_failure,A,400,0.824735164642334,1,m6b_physics_lib_v2,0_v2,2026-04-26
M6B_L4_00834,4,seal_failure,A,400,0.8087623715400696,3,m6b_physics_lib_v2,0_v2,2026-04-26
M6B_L4_00835,4,seal_failure,A,400,0.453020304441452,1,m6b_physics_lib_v2,0_v2,2026-04-26
M6B_L4_00836,4,seal_failure,A,400,0.3642078936100006,1,m6b_physics_lib_v2,0_v2,2026-04-26
M6B_L4_00837,4,seal_failure,A,400,0.5628913640975952,3,m6b_physics_lib_v2,0_v2,2026-04-26
M6B_L4_00838,4,seal_failure,A,400,0.6374507546424866,3,m6b_physics_lib_v2,0_v2,2026-04-26
M6B_L4_00839,4,seal_failure,A,400,0.9352697134017944,1,m6b_physics_lib_v2,0_v2,2026-04-26
M6B_L4_00840,4,seal_failure,A,400,0.8998585343360901,3,m6b_physics_lib_v2,0_v2,2026-04-26
M6B_L4_00841,4,seal_failure,A,400,0.9328466653823853,3,m6b_physics_lib_v2,0_v2,2026-04-26
M6B_L4_00842,4,seal_failure,A,400,0.8802099227905273,1,m6b_physics_lib_v2,0_v2,2026-04-26
M6B_L4_00843,4,seal_failure,A,400,0.9716649651527405,3,m6b_physics_lib_v2,0_v2,2026-04-26
M6B_L4_00844,4,seal_failure,A,400,0.5723999738693237,1,m6b_physics_lib_v2,0_v2,2026-04-26
M6B_L4_00845,4,seal_failure,A,400,0.23797880113124847,3,m6b_physics_lib_v2,0_v2,2026-04-26
M6B_L4_00846,4,seal_failure,A,400,0.2668496370315552,1,m6b_physics_lib_v2,0_v2,2026-04-26
M6B_L4_00847,4,seal_failure,A,400,0.5122209191322327,1,m6b_physics_lib_v2,0_v2,2026-04-26
M6B_L4_00848,4,seal_failure,A,400,0.406149685382843,3,m6b_physics_lib_v2,0_v2,2026-04-26
M6B_L4_00849,4,seal_failure,A,400,0.3359524607658386,3,m6b_physics_lib_v2,0_v2,2026-04-26
M6B_L4_00850,4,seal_failure,A,400,0.9625630378723145,1,m6b_physics_lib_v2,0_v2,2026-04-26
M6B_L4_00851,4,seal_failure,A,400,0.35633566975593567,3,m6b_physics_lib_v2,0_v2,2026-04-26
M6B_L4_00852,4,seal_failure,A,400,0.9675034284591675,1,m6b_physics_lib_v2,0_v2,2026-04-26
M6B_L4_00853,4,seal_failure,A,400,0.8086710572242737,3,m6b_physics_lib_v2,0_v2,2026-04-26
M6B_L4_00854,4,seal_failure,A,400,0.7127565145492554,3,m6b_physics_lib_v2,0_v2,2026-04-26
M6B_L4_00855,4,seal_failure,A,400,0.7408151626586914,3,m6b_physics_lib_v2,0_v2,2026-04-26
M6B_L4_00856,4,seal_failure,A,400,0.4651794731616974,3,m6b_physics_lib_v2,0_v2,2026-04-26
M6B_L4_00857,4,seal_failure,A,400,0.7171416282653809,3,m6b_physics_lib_v2,0_v2,2026-04-26
M6B_L4_00858,4,seal_failure,A,400,0.34935370087623596,3,m6b_physics_lib_v2,0_v2,2026-04-26
M6B_L4_00859,4,seal_failure,A,400,0.9501643180847168,3,m6b_physics_lib_v2,0_v2,2026-04-26
M6B_L4_00860,4,seal_failure,A,400,0.44143468141555786,1,m6b_physics_lib_v2,0_v2,2026-04-26
M6B_L4_00861,4,seal_failure,A,400,0.40414920449256897,3,m6b_physics_lib_v2,0_v2,2026-04-26
M6B_L4_00862,4,seal_failure,A,400,0.7689302563667297,3,m6b_physics_lib_v2,0_v2,2026-04-26
M6B_L4_00863,4,seal_failure,A,400,0.7251589894294739,1,m6b_physics_lib_v2,0_v2,2026-04-26
M6B_L4_00864,4,seal_failure,A,400,0.5610391497612,3,m6b_physics_lib_v2,0_v2,2026-04-26
M6B_L4_00865,4,seal_failure,A,400,0.7059569954872131,3,m6b_physics_lib_v2,0_v2,2026-04-26
M6B_L4_00866,4,seal_failure,A,400,0.32759445905685425,1,m6b_physics_lib_v2,0_v2,2026-04-26
M6B_L4_00867,4,seal_failure,A,400,0.7386626601219177,1,m6b_physics_lib_v2,0_v2,2026-04-26
M6B_L4_00868,4,seal_failure,A,400,0.41648855805397034,1,m6b_physics_lib_v2,0_v2,2026-04-26
M6B_L4_00869,4,seal_failure,A,400,0.41826876997947693,3,m6b_physics_lib_v2,0_v2,2026-04-26
M6B_L4_00870,4,seal_failure,A,400,0.3297439515590668,3,m6b_physics_lib_v2,0_v2,2026-04-26
M6B_L4_00871,4,seal_failure,A,400,0.4659017026424408,3,m6b_physics_lib_v2,0_v2,2026-04-26
M6B_L4_00872,4,seal_failure,A,400,0.46500083804130554,3,m6b_physics_lib_v2,0_v2,2026-04-26
M6B_L4_00873,4,seal_failure,A,400,0.5633432269096375,1,m6b_physics_lib_v2,0_v2,2026-04-26
M6B_L4_00874,4,seal_failure,A,400,0.3523356020450592,3,m6b_physics_lib_v2,0_v2,2026-04-26
M6B_L4_00875,4,seal_failure,A,400,0.3544060289859772,1,m6b_physics_lib_v2,0_v2,2026-04-26
M6B_L4_00876,4,seal_failure,A,400,0.6333908438682556,1,m6b_physics_lib_v2,0_v2,2026-04-26
M6B_L4_00877,4,seal_failure,A,400,0.30310192704200745,1,m6b_physics_lib_v2,0_v2,2026-04-26
M6B_L4_00878,4,seal_failure,A,400,0.7511175870895386,3,m6b_physics_lib_v2,0_v2,2026-04-26
M6B_L4_00879,4,seal_failure,A,400,0.9551576972007751,1,m6b_physics_lib_v2,0_v2,2026-04-26
M6B_L4_00880,4,seal_failure,A,400,0.541436493396759,1,m6b_physics_lib_v2,0_v2,2026-04-26
M6B_L4_00881,4,seal_failure,A,400,0.9208842515945435,1,m6b_physics_lib_v2,0_v2,2026-04-26
M6B_L4_00882,4,seal_failure,A,400,0.27865326404571533,1,m6b_physics_lib_v2,0_v2,2026-04-26
M6B_L4_00883,4,seal_failure,A,400,0.23436610400676727,3,m6b_physics_lib_v2,0_v2,2026-04-26
M6B_L4_00884,4,seal_failure,A,400,0.7770950794219971,3,m6b_physics_lib_v2,0_v2,2026-04-26
M6B_L4_00885,4,seal_failure,A,400,0.8088172674179077,3,m6b_physics_lib_v2,0_v2,2026-04-26
M6B_L4_00886,4,seal_failure,A,400,0.8744465708732605,3,m6b_physics_lib_v2,0_v2,2026-04-26
M6B_L4_00887,4,seal_failure,A,400,0.24545414745807648,3,m6b_physics_lib_v2,0_v2,2026-04-26
M6B_L4_00888,4,seal_failure,A,400,0.8215256333351135,3,m6b_physics_lib_v2,0_v2,2026-04-26
M6B_L4_00889,4,seal_failure,A,400,0.5012310147285461,1,m6b_physics_lib_v2,0_v2,2026-04-26
M6B_L4_00890,4,seal_failure,A,400,0.4426701068878174,3,m6b_physics_lib_v2,0_v2,2026-04-26
M6B_L4_00891,4,seal_failure,A,400,0.3384191393852234,3,m6b_physics_lib_v2,0_v2,2026-04-26
M6B_L4_00892,4,seal_failure,A,400,0.9968125820159912,3,m6b_physics_lib_v2,0_v2,2026-04-26
M6B_L4_00893,4,seal_failure,A,400,0.25093087553977966,1,m6b_physics_lib_v2,0_v2,2026-04-26
M6B_L4_00894,4,seal_failure,A,400,0.8616064190864563,1,m6b_physics_lib_v2,0_v2,2026-04-26
M6B_L4_00895,4,seal_failure,A,400,0.7115955352783203,3,m6b_physics_lib_v2,0_v2,2026-04-26
M6B_L4_00896,4,seal_failure,A,400,0.7880643606185913,3,m6b_physics_lib_v2,0_v2,2026-04-26
M6B_L4_00897,4,seal_failure,A,400,0.7693737149238586,1,m6b_physics_lib_v2,0_v2,2026-04-26
M6B_L4_00898,4,seal_failure,A,400,0.8867475986480713,3,m6b_physics_lib_v2,0_v2,2026-04-26
M6B_L4_00899,4,seal_failure,A,400,0.34703364968299866,1,m6b_physics_lib_v2,0_v2,2026-04-26
M6B_L4_00900,4,seal_failure,A,400,0.20065969228744507,3,m6b_physics_lib_v2,0_v2,2026-04-26
M6B_L4_00901,4,seal_failure,A,400,0.6788228154182434,1,m6b_physics_lib_v2,0_v2,2026-04-26
M6B_L4_00902,4,seal_failure,A,400,0.4830869138240814,1,m6b_physics_lib_v2,0_v2,2026-04-26
M6B_L4_00903,4,seal_failure,A,400,0.2990298569202423,3,m6b_physics_lib_v2,0_v2,2026-04-26
M6B_L4_00904,4,seal_failure,A,400,0.34891101717948914,3,m6b_physics_lib_v2,0_v2,2026-04-26
M6B_L4_00905,4,seal_failure,A,400,0.46539944410324097,1,m6b_physics_lib_v2,0_v2,2026-04-26
M6B_L4_00906,4,seal_failure,A,400,0.25618669390678406,1,m6b_physics_lib_v2,0_v2,2026-04-26
M6B_L4_00907,4,seal_failure,A,400,0.24553056061267853,3,m6b_physics_lib_v2,0_v2,2026-04-26
M6B_L4_00908,4,seal_failure,A,400,0.9328209757804871,1,m6b_physics_lib_v2,0_v2,2026-04-26
M6B_L4_00909,4,seal_failure,A,400,0.44968220591545105,3,m6b_physics_lib_v2,0_v2,2026-04-26
M6B_L4_00910,4,seal_failure,A,400,0.9857845306396484,3,m6b_physics_lib_v2,0_v2,2026-04-26
M6B_L4_00911,4,seal_failure,A,400,0.9714936017990112,3,m6b_physics_lib_v2,0_v2,2026-04-26
M6B_L4_00912,4,seal_failure,A,400,0.31405702233314514,1,m6b_physics_lib_v2,0_v2,2026-04-26
M6B_L4_00913,4,seal_failure,A,400,0.7719394564628601,1,m6b_physics_lib_v2,0_v2,2026-04-26
M6B_L4_00914,4,seal_failure,A,400,0.6806439161300659,3,m6b_physics_lib_v2,0_v2,2026-04-26
M6B_L4_00915,4,seal_failure,A,400,0.7525176405906677,1,m6b_physics_lib_v2,0_v2,2026-04-26
M6B_L4_00916,4,seal_failure,A,400,0.2769528031349182,3,m6b_physics_lib_v2,0_v2,2026-04-26
M6B_L4_00917,4,seal_failure,A,400,0.3508480489253998,1,m6b_physics_lib_v2,0_v2,2026-04-26
M6B_L4_00918,4,seal_failure,A,400,0.2613109350204468,3,m6b_physics_lib_v2,0_v2,2026-04-26
M6B_L4_00919,4,seal_failure,A,400,0.6833073496818542,1,m6b_physics_lib_v2,0_v2,2026-04-26
M6B_L4_00920,4,seal_failure,A,400,0.9892728328704834,3,m6b_physics_lib_v2,0_v2,2026-04-26
M6B_L4_00921,4,seal_failure,A,400,0.7375876307487488,3,m6b_physics_lib_v2,0_v2,2026-04-26
M6B_L4_00922,4,seal_failure,A,400,0.7686092257499695,1,m6b_physics_lib_v2,0_v2,2026-04-26
M6B_L4_00923,4,seal_failure,A,400,0.9876680374145508,1,m6b_physics_lib_v2,0_v2,2026-04-26
M6B_L4_00924,4,seal_failure,A,400,0.7424092292785645,1,m6b_physics_lib_v2,0_v2,2026-04-26
M6B_L4_00925,4,seal_failure,A,400,0.2321452647447586,1,m6b_physics_lib_v2,0_v2,2026-04-26
M6B_L4_00926,4,seal_failure,A,400,0.8936044573783875,1,m6b_physics_lib_v2,0_v2,2026-04-26
M6B_L4_00927,4,seal_failure,A,400,0.49174264073371887,1,m6b_physics_lib_v2,0_v2,2026-04-26
M6B_L4_00928,4,seal_failure,A,400,0.20349089801311493,3,m6b_physics_lib_v2,0_v2,2026-04-26
M6B_L4_00929,4,seal_failure,A,400,0.6057873368263245,3,m6b_physics_lib_v2,0_v2,2026-04-26
M6B_L4_00930,4,seal_failure,A,400,0.949612021446228,1,m6b_physics_lib_v2,0_v2,2026-04-26
M6B_L4_00931,4,seal_failure,A,400,0.40586453676223755,1,m6b_physics_lib_v2,0_v2,2026-04-26
M6B_L4_00932,4,seal_failure,A,400,0.5932105183601379,1,m6b_physics_lib_v2,0_v2,2026-04-26
M6B_L4_00933,4,seal_failure,A,400,0.3390215039253235,3,m6b_physics_lib_v2,0_v2,2026-04-26
M6B_L4_00934,4,seal_failure,A,400,0.24615414440631866,1,m6b_physics_lib_v2,0_v2,2026-04-26
M6B_L4_00935,4,seal_failure,A,400,0.26443594694137573,1,m6b_physics_lib_v2,0_v2,2026-04-26
M6B_L4_00936,4,seal_failure,A,400,0.7816087007522583,1,m6b_physics_lib_v2,0_v2,2026-04-26
M6B_L4_00937,4,seal_failure,A,400,0.8912595510482788,3,m6b_physics_lib_v2,0_v2,2026-04-26
M6B_L4_00938,4,seal_failure,A,400,0.31463906168937683,1,m6b_physics_lib_v2,0_v2,2026-04-26
M6B_L4_00939,4,seal_failure,A,400,0.4306548535823822,3,m6b_physics_lib_v2,0_v2,2026-04-26
M6B_L4_00940,4,seal_failure,A,400,0.3560235798358917,1,m6b_physics_lib_v2,0_v2,2026-04-26
M6B_L4_00941,4,seal_failure,A,400,0.22148461639881134,1,m6b_physics_lib_v2,0_v2,2026-04-26
M6B_L4_00942,4,seal_failure,A,400,0.6427450776100159,1,m6b_physics_lib_v2,0_v2,2026-04-26
M6B_L4_00943,4,seal_failure,A,400,0.7599377632141113,1,m6b_physics_lib_v2,0_v2,2026-04-26
M6B_L4_00944,4,seal_failure,A,400,0.7183020114898682,3,m6b_physics_lib_v2,0_v2,2026-04-26
M6B_L4_00945,4,seal_failure,A,400,0.510442852973938,1,m6b_physics_lib_v2,0_v2,2026-04-26
M6B_L4_00946,4,seal_failure,A,400,0.644008219242096,1,m6b_physics_lib_v2,0_v2,2026-04-26
M6B_L4_00947,4,seal_failure,A,400,0.2752794325351715,1,m6b_physics_lib_v2,0_v2,2026-04-26
M6B_L4_00948,4,seal_failure,A,400,0.3234429657459259,3,m6b_physics_lib_v2,0_v2,2026-04-26
M6B_L4_00949,4,seal_failure,A,400,0.9454357028007507,1,m6b_physics_lib_v2,0_v2,2026-04-26
M6B_L4_00950,4,seal_failure,A,400,0.8092061877250671,3,m6b_physics_lib_v2,0_v2,2026-04-26
M6B_L4_00951,4,seal_failure,A,400,0.938191294670105,3,m6b_physics_lib_v2,0_v2,2026-04-26
M6B_L4_00952,4,seal_failure,A,400,0.9333442449569702,3,m6b_physics_lib_v2,0_v2,2026-04-26
M6B_L4_00953,4,seal_failure,A,400,0.7195140719413757,3,m6b_physics_lib_v2,0_v2,2026-04-26
M6B_L4_00954,4,seal_failure,A,400,0.9425908923149109,3,m6b_physics_lib_v2,0_v2,2026-04-26
M6B_L4_00955,4,seal_failure,A,400,0.5333632826805115,1,m6b_physics_lib_v2,0_v2,2026-04-26
M6B_L4_00956,4,seal_failure,A,400,0.2028929889202118,3,m6b_physics_lib_v2,0_v2,2026-04-26
M6B_L4_00957,4,seal_failure,A,400,0.2500568926334381,3,m6b_physics_lib_v2,0_v2,2026-04-26
M6B_L4_00958,4,seal_failure,A,400,0.2875898480415344,1,m6b_physics_lib_v2,0_v2,2026-04-26
M6B_L4_00959,4,seal_failure,A,400,0.27628275752067566,1,m6b_physics_lib_v2,0_v2,2026-04-26
M6B_L4_00960,4,seal_failure,A,400,0.48136192560195923,3,m6b_physics_lib_v2,0_v2,2026-04-26
M6B_L4_00961,4,seal_failure,A,400,0.7610166668891907,3,m6b_physics_lib_v2,0_v2,2026-04-26
M6B_L4_00962,4,seal_failure,A,400,0.8325190544128418,3,m6b_physics_lib_v2,0_v2,2026-04-26
M6B_L4_00963,4,seal_failure,A,400,0.6721706390380859,1,m6b_physics_lib_v2,0_v2,2026-04-26
M6B_L4_00964,4,seal_failure,A,400,0.31714895367622375,1,m6b_physics_lib_v2,0_v2,2026-04-26
M6B_L4_00965,4,seal_failure,A,400,0.7983213067054749,3,m6b_physics_lib_v2,0_v2,2026-04-26
M6B_L4_00966,4,seal_failure,A,400,0.48384153842926025,1,m6b_physics_lib_v2,0_v2,2026-04-26
M6B_L4_00967,4,seal_failure,A,400,0.21039468050003052,3,m6b_physics_lib_v2,0_v2,2026-04-26
M6B_L4_00968,4,seal_failure,A,400,0.4244709014892578,3,m6b_physics_lib_v2,0_v2,2026-04-26
M6B_L4_00969,4,seal_failure,A,400,0.4644804298877716,1,m6b_physics_lib_v2,0_v2,2026-04-26
M6B_L4_00970,4,seal_failure,A,400,0.41939643025398254,3,m6b_physics_lib_v2,0_v2,2026-04-26
M6B_L4_00971,4,seal_failure,A,400,0.8494961261749268,1,m6b_physics_lib_v2,0_v2,2026-04-26
M6B_L4_00972,4,seal_failure,A,400,0.8079411387443542,1,m6b_physics_lib_v2,0_v2,2026-04-26
M6B_L4_00973,4,seal_failure,A,400,0.7564416527748108,1,m6b_physics_lib_v2,0_v2,2026-04-26
M6B_L4_00974,4,seal_failure,A,400,0.31120407581329346,3,m6b_physics_lib_v2,0_v2,2026-04-26
M6B_L4_00975,4,seal_failure,A,400,0.8462671041488647,3,m6b_physics_lib_v2,0_v2,2026-04-26
M6B_L4_00976,4,seal_failure,A,400,0.7417407631874084,1,m6b_physics_lib_v2,0_v2,2026-04-26
M6B_L4_00977,4,seal_failure,A,400,0.35587015748023987,3,m6b_physics_lib_v2,0_v2,2026-04-26
M6B_L4_00978,4,seal_failure,A,400,0.7184751629829407,3,m6b_physics_lib_v2,0_v2,2026-04-26
M6B_L4_00979,4,seal_failure,A,400,0.5868093371391296,3,m6b_physics_lib_v2,0_v2,2026-04-26
M6B_L4_00980,4,seal_failure,A,400,0.5514800548553467,3,m6b_physics_lib_v2,0_v2,2026-04-26
M6B_L4_00981,4,seal_failure,A,400,0.2896985411643982,3,m6b_physics_lib_v2,0_v2,2026-04-26
M6B_L4_00982,4,seal_failure,A,400,0.614643394947052,3,m6b_physics_lib_v2,0_v2,2026-04-26
M6B_L4_00983,4,seal_failure,A,400,0.279945433139801,3,m6b_physics_lib_v2,0_v2,2026-04-26
M6B_L4_00984,4,seal_failure,A,400,0.3314027190208435,1,m6b_physics_lib_v2,0_v2,2026-04-26
M6B_L4_00985,4,seal_failure,A,400,0.306037038564682,1,m6b_physics_lib_v2,0_v2,2026-04-26
M6B_L4_00986,4,seal_failure,A,400,0.9632866382598877,1,m6b_physics_lib_v2,0_v2,2026-04-26
M6B_L4_00987,4,seal_failure,A,400,0.4278917610645294,3,m6b_physics_lib_v2,0_v2,2026-04-26
M6B_L4_00988,4,seal_failure,A,400,0.48416346311569214,3,m6b_physics_lib_v2,0_v2,2026-04-26
M6B_L4_00989,4,seal_failure,A,400,0.45766448974609375,3,m6b_physics_lib_v2,0_v2,2026-04-26
M6B_L4_00990,4,seal_failure,A,400,0.9186003804206848,1,m6b_physics_lib_v2,0_v2,2026-04-26
M6B_L4_00991,4,seal_failure,A,400,0.6503727436065674,1,m6b_physics_lib_v2,0_v2,2026-04-26
M6B_L4_00992,4,seal_failure,A,400,0.93532794713974,1,m6b_physics_lib_v2,0_v2,2026-04-26
M6B_L4_00993,4,seal_failure,A,400,0.4399399161338806,3,m6b_physics_lib_v2,0_v2,2026-04-26
M6B_L4_00994,4,seal_failure,A,400,0.291867733001709,1,m6b_physics_lib_v2,0_v2,2026-04-26
M6B_L4_00995,4,seal_failure,A,400,0.6449747681617737,1,m6b_physics_lib_v2,0_v2,2026-04-26
M6B_L4_00996,4,seal_failure,A,400,0.4764295816421509,3,m6b_physics_lib_v2,0_v2,2026-04-26
M6B_L4_00997,4,seal_failure,A,400,0.8415254950523376,1,m6b_physics_lib_v2,0_v2,2026-04-26
M6B_L4_00998,4,seal_failure,A,400,0.903538703918457,3,m6b_physics_lib_v2,0_v2,2026-04-26
M6B_L4_00999,4,seal_failure,A,400,0.5780587792396545,3,m6b_physics_lib_v2,0_v2,2026-04-26
M6B_L4_01000,4,seal_failure,A,400,0.9770871996879578,1,m6b_physics_lib_v2,0_v2,2026-04-26
M6B_L4_01001,4,seal_failure,A,400,0.642410397529602,1,m6b_physics_lib_v2,0_v2,2026-04-26
M6B_L4_01002,4,seal_failure,A,400,0.41673630475997925,1,m6b_physics_lib_v2,0_v2,2026-04-26
M6B_L4_01003,4,seal_failure,A,400,0.5911803841590881,1,m6b_physics_lib_v2,0_v2,2026-04-26
M6B_L4_01004,4,seal_failure,A,400,0.2298482358455658,1,m6b_physics_lib_v2,0_v2,2026-04-26
M6B_L4_01005,4,seal_failure,A,400,0.8432009220123291,1,m6b_physics_lib_v2,0_v2,2026-04-26
M6B_L4_01006,4,seal_failure,A,400,0.2811480462551117,1,m6b_physics_lib_v2,0_v2,2026-04-26
M6B_L4_01007,4,seal_failure,A,400,0.44699880480766296,3,m6b_physics_lib_v2,0_v2,2026-04-26
M6B_L4_01008,4,seal_failure,A,400,0.6522532105445862,1,m6b_physics_lib_v2,0_v2,2026-04-26
M6B_L4_01009,4,seal_failure,A,400,0.2343800961971283,3,m6b_physics_lib_v2,0_v2,2026-04-26
M6B_L4_01010,4,seal_failure,A,400,0.26345351338386536,3,m6b_physics_lib_v2,0_v2,2026-04-26
M6B_L4_01011,4,seal_failure,A,400,0.7568930983543396,1,m6b_physics_lib_v2,0_v2,2026-04-26
M6B_L4_01012,4,seal_failure,A,400,0.25742167234420776,3,m6b_physics_lib_v2,0_v2,2026-04-26
M6B_L4_01013,4,seal_failure,A,400,0.5816662907600403,1,m6b_physics_lib_v2,0_v2,2026-04-26
M6B_L4_01014,4,seal_failure,A,400,0.4709565043449402,3,m6b_physics_lib_v2,0_v2,2026-04-26
M6B_L4_01015,4,seal_failure,A,400,0.3824635148048401,1,m6b_physics_lib_v2,0_v2,2026-04-26
M6B_L4_01016,4,seal_failure,A,400,0.3510231077671051,3,m6b_physics_lib_v2,0_v2,2026-04-26
M6B_L4_01017,4,seal_failure,A,400,0.8107290267944336,3,m6b_physics_lib_v2,0_v2,2026-04-26
M6B_L4_01018,4,seal_failure,A,400,0.9612337350845337,3,m6b_physics_lib_v2,0_v2,2026-04-26
M6B_L4_01019,4,seal_failure,A,400,0.31214380264282227,1,m6b_physics_lib_v2,0_v2,2026-04-26
M6B_L4_01020,4,seal_failure,A,400,0.9677449464797974,3,m6b_physics_lib_v2,0_v2,2026-04-26
M6B_L4_01021,4,seal_failure,A,400,0.6758099794387817,3,m6b_physics_lib_v2,0_v2,2026-04-26
M6B_L4_01022,4,seal_failure,A,400,0.7133283019065857,3,m6b_physics_lib_v2,0_v2,2026-04-26
M6B_L4_01023,4,seal_failure,A,400,0.7679411172866821,3,m6b_physics_lib_v2,0_v2,2026-04-26
M6B_L4_01024,4,seal_failure,A,400,0.7632951140403748,1,m6b_physics_lib_v2,0_v2,2026-04-26
M6B_L4_01025,4,seal_failure,A,400,0.8558489084243774,1,m6b_physics_lib_v2,0_v2,2026-04-26
M6B_L4_01026,4,seal_failure,A,400,0.5867749452590942,3,m6b_physics_lib_v2,0_v2,2026-04-26
M6B_L4_01027,4,seal_failure,A,400,0.6266868710517883,3,m6b_physics_lib_v2,0_v2,2026-04-26
M6B_L4_01028,4,seal_failure,A,400,0.4590615928173065,3,m6b_physics_lib_v2,0_v2,2026-04-26
M6B_L4_01029,4,seal_failure,A,400,0.2842060625553131,3,m6b_physics_lib_v2,0_v2,2026-04-26
M6B_L4_01030,4,seal_failure,A,400,0.7317121624946594,3,m6b_physics_lib_v2,0_v2,2026-04-26
M6B_L4_01031,4,seal_failure,A,400,0.22688797116279602,3,m6b_physics_lib_v2,0_v2,2026-04-26
M6B_L4_01032,4,seal_failure,A,400,0.4205080270767212,1,m6b_physics_lib_v2,0_v2,2026-04-26
M6B_L4_01033,4,seal_failure,A,400,0.2753838896751404,1,m6b_physics_lib_v2,0_v2,2026-04-26
M6B_L4_01034,4,seal_failure,A,400,0.3525817394256592,1,m6b_physics_lib_v2,0_v2,2026-04-26
M6B_L4_01035,4,seal_failure,A,400,0.7109847068786621,3,m6b_physics_lib_v2,0_v2,2026-04-26
M6B_L4_01036,4,seal_failure,A,400,0.7027813196182251,3,m6b_physics_lib_v2,0_v2,2026-04-26
M6B_L4_01037,4,seal_failure,A,400,0.5368439555168152,3,m6b_physics_lib_v2,0_v2,2026-04-26
M6B_L4_01038,4,seal_failure,A,400,0.2721375823020935,1,m6b_physics_lib_v2,0_v2,2026-04-26
M6B_L4_01039,4,seal_failure,A,400,0.5466991066932678,3,m6b_physics_lib_v2,0_v2,2026-04-26
M6B_L4_01040,4,seal_failure,A,400,0.4821958839893341,3,m6b_physics_lib_v2,0_v2,2026-04-26
M6B_L4_01041,4,seal_failure,A,400,0.7763673067092896,3,m6b_physics_lib_v2,0_v2,2026-04-26
M6B_L4_01042,4,seal_failure,A,400,0.6632212996482849,1,m6b_physics_lib_v2,0_v2,2026-04-26
M6B_L4_01043,4,seal_failure,A,400,0.5932525992393494,1,m6b_physics_lib_v2,0_v2,2026-04-26
M6B_L4_01044,4,seal_failure,A,400,0.5895856618881226,1,m6b_physics_lib_v2,0_v2,2026-04-26
M6B_L4_01045,4,seal_failure,A,400,0.9730374813079834,3,m6b_physics_lib_v2,0_v2,2026-04-26
M6B_L4_01046,4,seal_failure,A,400,0.8050353527069092,3,m6b_physics_lib_v2,0_v2,2026-04-26
M6B_L4_01047,4,seal_failure,A,400,0.5975836515426636,3,m6b_physics_lib_v2,0_v2,2026-04-26
M6B_L4_01048,4,seal_failure,A,400,0.5833780765533447,1,m6b_physics_lib_v2,0_v2,2026-04-26
M6B_L4_01049,4,seal_failure,A,400,0.22118328511714935,1,m6b_physics_lib_v2,0_v2,2026-04-26
M6B_L4_01050,4,seal_failure,A,400,0.9540073871612549,3,m6b_physics_lib_v2,0_v2,2026-04-26
M6B_L4_01051,4,seal_failure,A,400,0.4553391635417938,1,m6b_physics_lib_v2,0_v2,2026-04-26
M6B_L4_01052,4,seal_failure,A,400,0.4047512710094452,3,m6b_physics_lib_v2,0_v2,2026-04-26
M6B_L4_01053,4,seal_failure,A,400,0.9995271563529968,1,m6b_physics_lib_v2,0_v2,2026-04-26
M6B_L4_01054,4,seal_failure,A,400,0.7749517560005188,3,m6b_physics_lib_v2,0_v2,2026-04-26
M6B_L4_01055,4,seal_failure,A,400,0.23789101839065552,3,m6b_physics_lib_v2,0_v2,2026-04-26
M6B_L4_01056,4,seal_failure,A,400,0.24950838088989258,3,m6b_physics_lib_v2,0_v2,2026-04-26
M6B_L4_01057,4,seal_failure,A,400,0.22040125727653503,1,m6b_physics_lib_v2,0_v2,2026-04-26
M6B_L4_01058,4,seal_failure,A,400,0.6796951293945312,3,m6b_physics_lib_v2,0_v2,2026-04-26
M6B_L4_01059,4,seal_failure,A,400,0.2572515904903412,3,m6b_physics_lib_v2,0_v2,2026-04-26
M6B_L4_01060,4,seal_failure,A,400,0.9467107057571411,3,m6b_physics_lib_v2,0_v2,2026-04-26
M6B_L4_01061,4,seal_failure,A,400,0.9495252370834351,1,m6b_physics_lib_v2,0_v2,2026-04-26
M6B_L4_01062,4,seal_failure,A,400,0.6368432641029358,3,m6b_physics_lib_v2,0_v2,2026-04-26
M6B_L4_01063,4,seal_failure,A,400,0.6933111548423767,1,m6b_physics_lib_v2,0_v2,2026-04-26
M6B_L4_01064,4,seal_failure,A,400,0.4335155189037323,1,m6b_physics_lib_v2,0_v2,2026-04-26
M6B_L4_01065,4,seal_failure,A,400,0.2511780261993408,3,m6b_physics_lib_v2,0_v2,2026-04-26
M6B_L4_01066,4,seal_failure,A,400,0.7899683713912964,3,m6b_physics_lib_v2,0_v2,2026-04-26
M6B_L4_01067,4,seal_failure,A,400,0.2814287841320038,1,m6b_physics_lib_v2,0_v2,2026-04-26
M6B_L4_01068,4,seal_failure,A,400,0.2684461176395416,1,m6b_physics_lib_v2,0_v2,2026-04-26
M6B_L4_01069,4,seal_failure,A,400,0.4489784836769104,3,m6b_physics_lib_v2,0_v2,2026-04-26
M6B_L4_01070,4,seal_failure,A,400,0.2099725306034088,3,m6b_physics_lib_v2,0_v2,2026-04-26
M6B_L4_01071,4,seal_failure,A,400,0.5472285151481628,1,m6b_physics_lib_v2,0_v2,2026-04-26
M6B_L4_01072,4,seal_failure,A,400,0.7661447525024414,3,m6b_physics_lib_v2,0_v2,2026-04-26
M6B_L4_01073,4,seal_failure,A,400,0.8410791158676147,3,m6b_physics_lib_v2,0_v2,2026-04-26
M6B_L4_01074,4,seal_failure,A,400,0.6834458708763123,3,m6b_physics_lib_v2,0_v2,2026-04-26
M6B_L4_01075,4,seal_failure,A,400,0.8774993419647217,1,m6b_physics_lib_v2,0_v2,2026-04-26
M6B_L4_01076,4,seal_failure,A,400,0.5252017378807068,3,m6b_physics_lib_v2,0_v2,2026-04-26
M6B_L4_01077,4,seal_failure,A,400,0.8790176510810852,3,m6b_physics_lib_v2,0_v2,2026-04-26
M6B_L4_01078,4,seal_failure,A,400,0.6051786541938782,3,m6b_physics_lib_v2,0_v2,2026-04-26
M6B_L4_01079,4,seal_failure,A,400,0.3784289062023163,3,m6b_physics_lib_v2,0_v2,2026-04-26
M6B_L4_01080,4,seal_failure,A,400,0.9553165435791016,1,m6b_physics_lib_v2,0_v2,2026-04-26
M6B_L4_01081,4,seal_failure,A,400,0.41997671127319336,1,m6b_physics_lib_v2,0_v2,2026-04-26
M6B_L4_01082,4,seal_failure,A,400,0.22096118330955505,1,m6b_physics_lib_v2,0_v2,2026-04-26
M6B_L4_01083,4,seal_failure,A,400,0.39413923025131226,1,m6b_physics_lib_v2,0_v2,2026-04-26
M6B_L4_01084,4,seal_failure,A,400,0.4933500587940216,1,m6b_physics_lib_v2,0_v2,2026-04-26
M6B_L4_01085,4,seal_failure,A,400,0.48107975721359253,1,m6b_physics_lib_v2,0_v2,2026-04-26
M6B_L4_01086,4,seal_failure,A,400,0.619733989238739,3,m6b_physics_lib_v2,0_v2,2026-04-26
M6B_L4_01087,4,seal_failure,A,400,0.9065015316009521,3,m6b_physics_lib_v2,0_v2,2026-04-26
M6B_L4_01088,4,seal_failure,A,400,0.4338705837726593,3,m6b_physics_lib_v2,0_v2,2026-04-26
M6B_L4_01089,4,seal_failure,A,400,0.6166164875030518,3,m6b_physics_lib_v2,0_v2,2026-04-26
M6B_L4_01090,4,seal_failure,A,400,0.47211116552352905,1,m6b_physics_lib_v2,0_v2,2026-04-26
M6B_L4_01091,4,seal_failure,A,400,0.857418417930603,1,m6b_physics_lib_v2,0_v2,2026-04-26
M6B_L4_01092,4,seal_failure,A,400,0.32608121633529663,1,m6b_physics_lib_v2,0_v2,2026-04-26
M6B_L4_01093,4,seal_failure,A,400,0.28280821442604065,1,m6b_physics_lib_v2,0_v2,2026-04-26
M6B_L4_01094,4,seal_failure,A,400,0.6023961901664734,1,m6b_physics_lib_v2,0_v2,2026-04-26
M6B_L4_01095,4,seal_failure,A,400,0.737510085105896,3,m6b_physics_lib_v2,0_v2,2026-04-26
M6B_L4_01096,4,seal_failure,A,400,0.8364201784133911,3,m6b_physics_lib_v2,0_v2,2026-04-26
M6B_L4_01097,4,seal_failure,A,400,0.6716998815536499,3,m6b_physics_lib_v2,0_v2,2026-04-26
M6B_L4_01098,4,seal_failure,A,400,0.8190798163414001,1,m6b_physics_lib_v2,0_v2,2026-04-26
M6B_L4_01099,4,seal_failure,A,400,0.5141680240631104,3,m6b_physics_lib_v2,0_v2,2026-04-26
M6B_L4_01100,4,seal_failure,A,400,0.2262941300868988,3,m6b_physics_lib_v2,0_v2,2026-04-26
M6B_L4_01101,4,seal_failure,A,400,0.2928794324398041,1,m6b_physics_lib_v2,0_v2,2026-04-26
M6B_L4_01102,4,seal_failure,A,400,0.2309780865907669,1,m6b_physics_lib_v2,0_v2,2026-04-26
M6B_L4_01103,4,seal_failure,A,400,0.4631549119949341,3,m6b_physics_lib_v2,0_v2,2026-04-26
M6B_L4_01104,4,seal_failure,A,400,0.5963930487632751,1,m6b_physics_lib_v2,0_v2,2026-04-26
M6B_L4_01105,4,seal_failure,A,400,0.48505398631095886,3,m6b_physics_lib_v2,0_v2,2026-04-26
M6B_L4_01106,4,seal_failure,A,400,0.6484795808792114,1,m6b_physics_lib_v2,0_v2,2026-04-26
M6B_L4_01107,4,seal_failure,A,400,0.5844873189926147,1,m6b_physics_lib_v2,0_v2,2026-04-26
M6B_L4_01108,4,seal_failure,A,400,0.7423542141914368,3,m6b_physics_lib_v2,0_v2,2026-04-26
M6B_L4_01109,4,seal_failure,A,400,0.7335697412490845,1,m6b_physics_lib_v2,0_v2,2026-04-26
M6B_L4_01110,4,seal_failure,A,400,0.454451322555542,1,m6b_physics_lib_v2,0_v2,2026-04-26
M6B_L4_01111,4,seal_failure,A,400,0.4769715666770935,1,m6b_physics_lib_v2,0_v2,2026-04-26
M6B_L4_01112,4,seal_failure,A,400,0.6681182384490967,1,m6b_physics_lib_v2,0_v2,2026-04-26
M6B_L4_01113,4,seal_failure,A,400,0.6771459579467773,3,m6b_physics_lib_v2,0_v2,2026-04-26
M6B_L4_01114,4,seal_failure,A,400,0.451759934425354,1,m6b_physics_lib_v2,0_v2,2026-04-26
M6B_L4_01115,4,seal_failure,A,400,0.46425431966781616,1,m6b_physics_lib_v2,0_v2,2026-04-26
M6B_L4_01116,4,seal_failure,A,400,0.755236029624939,3,m6b_physics_lib_v2,0_v2,2026-04-26
M6B_L4_01117,4,seal_failure,A,400,0.7179286479949951,3,m6b_physics_lib_v2,0_v2,2026-04-26
M6B_L4_01118,4,seal_failure,A,400,0.30804064869880676,1,m6b_physics_lib_v2,0_v2,2026-04-26
M6B_L4_01119,4,seal_failure,A,400,0.5528334975242615,3,m6b_physics_lib_v2,0_v2,2026-04-26
M6B_L4_01120,4,seal_failure,A,400,0.9141648411750793,1,m6b_physics_lib_v2,0_v2,2026-04-26
M6B_L4_01121,4,seal_failure,A,400,0.22904454171657562,3,m6b_physics_lib_v2,0_v2,2026-04-26
M6B_L4_01122,4,seal_failure,A,400,0.884131133556366,3,m6b_physics_lib_v2,0_v2,2026-04-26
M6B_L4_01123,4,seal_failure,A,400,0.33054253458976746,3,m6b_physics_lib_v2,0_v2,2026-04-26
M6B_L4_01124,4,seal_failure,A,400,0.6057989001274109,1,m6b_physics_lib_v2,0_v2,2026-04-26
M6B_L4_01125,4,seal_failure,A,400,0.5394691228866577,1,m6b_physics_lib_v2,0_v2,2026-04-26
M6B_L4_01126,4,seal_failure,A,400,0.2081034630537033,3,m6b_physics_lib_v2,0_v2,2026-04-26
M6B_L4_01127,4,seal_failure,A,400,0.9323175549507141,3,m6b_physics_lib_v2,0_v2,2026-04-26
M6B_L4_01128,4,seal_failure,A,400,0.563940167427063,1,m6b_physics_lib_v2,0_v2,2026-04-26
M6B_L4_01129,4,seal_failure,A,400,0.9634146094322205,1,m6b_physics_lib_v2,0_v2,2026-04-26
M6B_L4_01130,4,seal_failure,A,400,0.4293951094150543,1,m6b_physics_lib_v2,0_v2,2026-04-26
M6B_L4_01131,4,seal_failure,A,400,0.8930206298828125,3,m6b_physics_lib_v2,0_v2,2026-04-26
M6B_L4_01132,4,seal_failure,A,400,0.9379116296768188,1,m6b_physics_lib_v2,0_v2,2026-04-26
M6B_L4_01133,4,seal_failure,A,400,0.6454659104347229,3,m6b_physics_lib_v2,0_v2,2026-04-26
M6B_L4_01134,4,seal_failure,A,400,0.3621422350406647,3,m6b_physics_lib_v2,0_v2,2026-04-26
M6B_L4_01135,4,seal_failure,A,400,0.7481979727745056,3,m6b_physics_lib_v2,0_v2,2026-04-26
M6B_L4_01136,4,seal_failure,A,400,0.639182448387146,1,m6b_physics_lib_v2,0_v2,2026-04-26
M6B_L4_01137,4,seal_failure,A,400,0.9556237459182739,3,m6b_physics_lib_v2,0_v2,2026-04-26
M6B_L4_01138,4,seal_failure,A,400,0.5514176487922668,3,m6b_physics_lib_v2,0_v2,2026-04-26
M6B_L4_01139,4,seal_failure,A,400,0.4148109257221222,1,m6b_physics_lib_v2,0_v2,2026-04-26
M6B_L4_01140,4,seal_failure,A,400,0.31062960624694824,3,m6b_physics_lib_v2,0_v2,2026-04-26
M6B_L4_01141,4,seal_failure,A,400,0.7589068412780762,3,m6b_physics_lib_v2,0_v2,2026-04-26
M6B_L4_01142,4,seal_failure,A,400,0.9792876839637756,3,m6b_physics_lib_v2,0_v2,2026-04-26
M6B_L4_01143,4,seal_failure,A,400,0.22267501056194305,3,m6b_physics_lib_v2,0_v2,2026-04-26
M6B_L4_01144,4,seal_failure,A,400,0.7923563122749329,1,m6b_physics_lib_v2,0_v2,2026-04-26
M6B_L4_01145,4,seal_failure,A,400,0.9415442943572998,3,m6b_physics_lib_v2,0_v2,2026-04-26
M6B_L4_01146,4,seal_failure,A,400,0.2598252296447754,3,m6b_physics_lib_v2,0_v2,2026-04-26
M6B_L4_01147,4,seal_failure,A,400,0.2881360352039337,1,m6b_physics_lib_v2,0_v2,2026-04-26
M6B_L4_01148,4,seal_failure,A,400,0.7535656690597534,3,m6b_physics_lib_v2,0_v2,2026-04-26
M6B_L4_01149,4,seal_failure,A,400,0.7183706760406494,1,m6b_physics_lib_v2,0_v2,2026-04-26
M6B_L4_01150,4,seal_failure,A,400,0.25506192445755005,3,m6b_physics_lib_v2,0_v2,2026-04-26
M6B_L4_01151,4,seal_failure,A,400,0.8675382137298584,3,m6b_physics_lib_v2,0_v2,2026-04-26
M6B_L4_01152,4,seal_failure,A,400,0.6187390685081482,1,m6b_physics_lib_v2,0_v2,2026-04-26
M6B_L4_01153,4,seal_failure,A,400,0.925757884979248,1,m6b_physics_lib_v2,0_v2,2026-04-26
M6B_L4_01154,4,seal_failure,A,400,0.9023926854133606,1,m6b_physics_lib_v2,0_v2,2026-04-26
M6B_L4_01155,4,seal_failure,A,400,0.8500062227249146,3,m6b_physics_lib_v2,0_v2,2026-04-26
M6B_L4_01156,4,seal_failure,A,400,0.6127191185951233,1,m6b_physics_lib_v2,0_v2,2026-04-26
M6B_L4_01157,4,seal_failure,A,400,0.40136849880218506,3,m6b_physics_lib_v2,0_v2,2026-04-26
M6B_L4_01158,4,seal_failure,A,400,0.604780375957489,1,m6b_physics_lib_v2,0_v2,2026-04-26
M6B_L4_01159,4,seal_failure,A,400,0.2806490957736969,3,m6b_physics_lib_v2,0_v2,2026-04-26
M6B_L4_01160,4,seal_failure,A,400,0.7270769476890564,3,m6b_physics_lib_v2,0_v2,2026-04-26
M6B_L4_01161,4,seal_failure,A,400,0.30718177556991577,1,m6b_physics_lib_v2,0_v2,2026-04-26
M6B_L4_01162,4,seal_failure,A,400,0.6089383959770203,3,m6b_physics_lib_v2,0_v2,2026-04-26
M6B_L4_01163,4,seal_failure,A,400,0.2435055822134018,3,m6b_physics_lib_v2,0_v2,2026-04-26
M6B_L4_01164,4,seal_failure,A,400,0.43961000442504883,1,m6b_physics_lib_v2,0_v2,2026-04-26
M6B_L4_01165,4,seal_failure,A,400,0.3856643736362457,1,m6b_physics_lib_v2,0_v2,2026-04-26
M6B_L4_01166,4,seal_failure,A,400,0.6960252523422241,3,m6b_physics_lib_v2,0_v2,2026-04-26
M6B_L4_01167,4,seal_failure,A,400,0.8294293880462646,1,m6b_physics_lib_v2,0_v2,2026-04-26
M6B_L4_01168,4,seal_failure,A,400,0.2458423674106598,1,m6b_physics_lib_v2,0_v2,2026-04-26
M6B_L4_01169,4,seal_failure,A,400,0.8802269697189331,3,m6b_physics_lib_v2,0_v2,2026-04-26
M6B_L4_01170,4,seal_failure,A,400,0.8886141777038574,3,m6b_physics_lib_v2,0_v2,2026-04-26
M6B_L4_01171,4,seal_failure,A,400,0.47381526231765747,1,m6b_physics_lib_v2,0_v2,2026-04-26
M6B_L4_01172,4,seal_failure,A,400,0.7272032499313354,1,m6b_physics_lib_v2,0_v2,2026-04-26
M6B_L4_01173,4,seal_failure,A,400,0.5220904350280762,1,m6b_physics_lib_v2,0_v2,2026-04-26
M6B_L4_01174,4,seal_failure,A,400,0.3233526945114136,3,m6b_physics_lib_v2,0_v2,2026-04-26
M6B_L4_01175,4,seal_failure,A,400,0.6229299306869507,1,m6b_physics_lib_v2,0_v2,2026-04-26
M6B_L4_01176,4,seal_failure,A,400,0.2690877318382263,3,m6b_physics_lib_v2,0_v2,2026-04-26
M6B_L4_01177,4,seal_failure,A,400,0.9027777314186096,3,m6b_physics_lib_v2,0_v2,2026-04-26
M6B_L4_01178,4,seal_failure,A,400,0.9394317865371704,3,m6b_physics_lib_v2,0_v2,2026-04-26
M6B_L4_01179,4,seal_failure,A,400,0.857290506362915,3,m6b_physics_lib_v2,0_v2,2026-04-26
M6B_L4_01180,4,seal_failure,A,400,0.6500225067138672,3,m6b_physics_lib_v2,0_v2,2026-04-26
M6B_L4_01181,4,seal_failure,A,400,0.646078884601593,1,m6b_physics_lib_v2,0_v2,2026-04-26
M6B_L4_01182,4,seal_failure,A,400,0.9876859188079834,1,m6b_physics_lib_v2,0_v2,2026-04-26
M6B_L4_01183,4,seal_failure,A,400,0.39832136034965515,1,m6b_physics_lib_v2,0_v2,2026-04-26
M6B_L4_01184,4,seal_failure,A,400,0.2607586979866028,3,m6b_physics_lib_v2,0_v2,2026-04-26
M6B_L4_01185,4,seal_failure,A,400,0.6495527625083923,3,m6b_physics_lib_v2,0_v2,2026-04-26
M6B_L4_01186,4,seal_failure,A,400,0.4630284905433655,1,m6b_physics_lib_v2,0_v2,2026-04-26
M6B_L4_01187,4,seal_failure,A,400,0.4578710198402405,1,m6b_physics_lib_v2,0_v2,2026-04-26
M6B_L4_01188,4,seal_failure,A,400,0.20566828548908234,3,m6b_physics_lib_v2,0_v2,2026-04-26
M6B_L4_01189,4,seal_failure,A,400,0.6769915223121643,3,m6b_physics_lib_v2,0_v2,2026-04-26
M6B_L4_01190,4,seal_failure,A,400,0.41122695803642273,1,m6b_physics_lib_v2,0_v2,2026-04-26
M6B_L4_01191,4,seal_failure,A,400,0.3502868413925171,3,m6b_physics_lib_v2,0_v2,2026-04-26
M6B_L4_01192,4,seal_failure,A,400,0.2323455512523651,3,m6b_physics_lib_v2,0_v2,2026-04-26
M6B_L4_01193,4,seal_failure,A,400,0.4914892613887787,3,m6b_physics_lib_v2,0_v2,2026-04-26
M6B_L4_01194,4,seal_failure,A,400,0.9031751155853271,1,m6b_physics_lib_v2,0_v2,2026-04-26
M6B_L4_01195,4,seal_failure,A,400,0.4693366587162018,3,m6b_physics_lib_v2,0_v2,2026-04-26
M6B_L4_01196,4,seal_failure,A,400,0.7432593703269958,3,m6b_physics_lib_v2,0_v2,2026-04-26
M6B_L4_01197,4,seal_failure,A,400,0.8052375912666321,3,m6b_physics_lib_v2,0_v2,2026-04-26
M6B_L4_01198,4,seal_failure,A,400,0.4624806344509125,1,m6b_physics_lib_v2,0_v2,2026-04-26
M6B_L4_01199,4,seal_failure,A,400,0.8573125600814819,3,m6b_physics_lib_v2,0_v2,2026-04-26
M6B_L4_01200,4,seal_failure,A,400,0.7535037398338318,3,m6b_physics_lib_v2,0_v2,2026-04-26
M6B_L4_01201,4,seal_failure,A,400,0.6473937630653381,1,m6b_physics_lib_v2,0_v2,2026-04-26
M6B_L4_01202,4,seal_failure,A,400,0.20079396665096283,3,m6b_physics_lib_v2,0_v2,2026-04-26
M6B_L4_01203,4,seal_failure,A,400,0.2280726134777069,1,m6b_physics_lib_v2,0_v2,2026-04-26
M6B_L4_01204,4,seal_failure,A,400,0.9926926493644714,3,m6b_physics_lib_v2,0_v2,2026-04-26
M6B_L4_01205,4,seal_failure,A,400,0.8258271217346191,3,m6b_physics_lib_v2,0_v2,2026-04-26
M6B_L4_01206,4,seal_failure,A,400,0.9500522017478943,3,m6b_physics_lib_v2,0_v2,2026-04-26
M6B_L4_01207,4,seal_failure,A,400,0.9218425750732422,1,m6b_physics_lib_v2,0_v2,2026-04-26
M6B_L4_01208,4,seal_failure,A,400,0.2163543850183487,1,m6b_physics_lib_v2,0_v2,2026-04-26
M6B_L4_01209,4,seal_failure,A,400,0.8334778547286987,3,m6b_physics_lib_v2,0_v2,2026-04-26
M6B_L4_01210,4,seal_failure,A,400,0.5609166026115417,1,m6b_physics_lib_v2,0_v2,2026-04-26
M6B_L4_01211,4,seal_failure,A,400,0.8316465616226196,3,m6b_physics_lib_v2,0_v2,2026-04-26
M6B_L4_01212,4,seal_failure,A,400,0.2053726315498352,3,m6b_physics_lib_v2,0_v2,2026-04-26
M6B_L4_01213,4,seal_failure,A,400,0.4305594265460968,3,m6b_physics_lib_v2,0_v2,2026-04-26
M6B_L4_01214,4,seal_failure,A,400,0.8010590076446533,3,m6b_physics_lib_v2,0_v2,2026-04-26
M6B_L4_01215,4,seal_failure,A,400,0.8344166278839111,1,m6b_physics_lib_v2,0_v2,2026-04-26
M6B_L4_01216,4,seal_failure,A,400,0.6957716941833496,3,m6b_physics_lib_v2,0_v2,2026-04-26
M6B_L4_01217,4,seal_failure,A,400,0.4410049617290497,1,m6b_physics_lib_v2,0_v2,2026-04-26
M6B_L4_01218,4,seal_failure,A,400,0.448290079832077,3,m6b_physics_lib_v2,0_v2,2026-04-26
M6B_L4_01219,4,seal_failure,A,400,0.9734111428260803,3,m6b_physics_lib_v2,0_v2,2026-04-26
M6B_L4_01220,4,seal_failure,A,400,0.5513697266578674,3,m6b_physics_lib_v2,0_v2,2026-04-26
M6B_L4_01221,4,seal_failure,A,400,0.5577004551887512,1,m6b_physics_lib_v2,0_v2,2026-04-26
M6B_L4_01222,4,seal_failure,A,400,0.6418662071228027,3,m6b_physics_lib_v2,0_v2,2026-04-26
M6B_L4_01223,4,seal_failure,A,400,0.5276018977165222,3,m6b_physics_lib_v2,0_v2,2026-04-26
M6B_L4_01224,4,seal_failure,A,400,0.6421372294425964,3,m6b_physics_lib_v2,0_v2,2026-04-26
M6B_L4_01225,4,seal_failure,A,400,0.5458683371543884,3,m6b_physics_lib_v2,0_v2,2026-04-26
M6B_L4_01226,4,seal_failure,A,400,0.8613719344139099,3,m6b_physics_lib_v2,0_v2,2026-04-26
M6B_L4_01227,4,seal_failure,A,400,0.927240788936615,3,m6b_physics_lib_v2,0_v2,2026-04-26
M6B_L4_01228,4,seal_failure,A,400,0.9456881880760193,3,m6b_physics_lib_v2,0_v2,2026-04-26
M6B_L4_01229,4,seal_failure,A,400,0.651436984539032,3,m6b_physics_lib_v2,0_v2,2026-04-26
M6B_L4_01230,4,seal_failure,A,400,0.5537188649177551,3,m6b_physics_lib_v2,0_v2,2026-04-26
M6B_L4_01231,4,seal_failure,A,400,0.7641920447349548,1,m6b_physics_lib_v2,0_v2,2026-04-26
M6B_L4_01232,4,seal_failure,A,400,0.8706588745117188,1,m6b_physics_lib_v2,0_v2,2026-04-26
M6B_L4_01233,4,seal_failure,A,400,0.6503857970237732,1,m6b_physics_lib_v2,0_v2,2026-04-26
M6B_L4_01234,4,seal_failure,A,400,0.7599847912788391,3,m6b_physics_lib_v2,0_v2,2026-04-26
M6B_L4_01235,4,seal_failure,A,400,0.79978346824646,3,m6b_physics_lib_v2,0_v2,2026-04-26
M6B_L4_01236,4,seal_failure,A,400,0.7411150336265564,1,m6b_physics_lib_v2,0_v2,2026-04-26
M6B_L4_01237,4,seal_failure,A,400,0.7969068288803101,1,m6b_physics_lib_v2,0_v2,2026-04-26
M6B_L4_01238,4,seal_failure,A,400,0.3669162690639496,3,m6b_physics_lib_v2,0_v2,2026-04-26
M6B_L4_01239,4,seal_failure,A,400,0.5986996293067932,1,m6b_physics_lib_v2,0_v2,2026-04-26
M6B_L4_01240,4,seal_failure,A,400,0.6706148386001587,1,m6b_physics_lib_v2,0_v2,2026-04-26
M6B_L4_01241,4,seal_failure,A,400,0.20198234915733337,1,m6b_physics_lib_v2,0_v2,2026-04-26
M6B_L4_01242,4,seal_failure,A,400,0.8847700357437134,3,m6b_physics_lib_v2,0_v2,2026-04-26
M6B_L4_01243,4,seal_failure,A,400,0.6880196332931519,1,m6b_physics_lib_v2,0_v2,2026-04-26
M6B_L4_01244,4,seal_failure,A,400,0.30330905318260193,1,m6b_physics_lib_v2,0_v2,2026-04-26
M6B_L4_01245,4,seal_failure,A,400,0.8530856370925903,3,m6b_physics_lib_v2,0_v2,2026-04-26
M6B_L4_01246,4,seal_failure,A,400,0.7736455798149109,1,m6b_physics_lib_v2,0_v2,2026-04-26
M6B_L4_01247,4,seal_failure,A,400,0.8066396117210388,1,m6b_physics_lib_v2,0_v2,2026-04-26
M6B_L4_01248,4,seal_failure,A,400,0.5136339664459229,3,m6b_physics_lib_v2,0_v2,2026-04-26
M6B_L4_01249,4,seal_failure,A,400,0.8833619952201843,3,m6b_physics_lib_v2,0_v2,2026-04-26
M6B_L4_01250,4,seal_failure,A,400,0.5312220454216003,1,m6b_physics_lib_v2,0_v2,2026-04-26
M6B_L4_01251,4,seal_failure,A,400,0.6564072966575623,1,m6b_physics_lib_v2,0_v2,2026-04-26
M6B_L4_01252,4,seal_failure,A,400,0.2005138397216797,1,m6b_physics_lib_v2,0_v2,2026-04-26
M6B_L4_01253,4,seal_failure,A,400,0.7158985137939453,3,m6b_physics_lib_v2,0_v2,2026-04-26
M6B_L4_01254,4,seal_failure,A,400,0.7745406627655029,3,m6b_physics_lib_v2,0_v2,2026-04-26
M6B_L4_01255,4,seal_failure,A,400,0.6536874771118164,1,m6b_physics_lib_v2,0_v2,2026-04-26
M6B_L4_01256,4,seal_failure,A,400,0.5972470641136169,3,m6b_physics_lib_v2,0_v2,2026-04-26
M6B_L4_01257,4,seal_failure,A,400,0.847949206829071,3,m6b_physics_lib_v2,0_v2,2026-04-26
M6B_L4_01258,4,seal_failure,A,400,0.7450981736183167,1,m6b_physics_lib_v2,0_v2,2026-04-26
M6B_L4_01259,4,seal_failure,A,400,0.4224592447280884,1,m6b_physics_lib_v2,0_v2,2026-04-26
M6B_L4_01260,4,seal_failure,A,400,0.9672586917877197,3,m6b_physics_lib_v2,0_v2,2026-04-26
M6B_L4_01261,4,seal_failure,A,400,0.7658137679100037,3,m6b_physics_lib_v2,0_v2,2026-04-26
M6B_L4_01262,4,seal_failure,A,400,0.990351140499115,3,m6b_physics_lib_v2,0_v2,2026-04-26
M6B_L4_01263,4,seal_failure,A,400,0.9770090579986572,1,m6b_physics_lib_v2,0_v2,2026-04-26
M6B_L4_01264,4,seal_failure,A,400,0.9351277947425842,1,m6b_physics_lib_v2,0_v2,2026-04-26
M6B_L4_01265,4,seal_failure,A,400,0.8042972087860107,1,m6b_physics_lib_v2,0_v2,2026-04-26
M6B_L4_01266,4,seal_failure,A,400,0.687543511390686,1,m6b_physics_lib_v2,0_v2,2026-04-26
M6B_L4_01267,4,seal_failure,A,400,0.3377365171909332,1,m6b_physics_lib_v2,0_v2,2026-04-26
M6B_L4_01268,4,seal_failure,A,400,0.6346811056137085,1,m6b_physics_lib_v2,0_v2,2026-04-26
M6B_L4_01269,4,seal_failure,A,400,0.8123012185096741,3,m6b_physics_lib_v2,0_v2,2026-04-26
M6B_L4_01270,4,seal_failure,A,400,0.6166857481002808,3,m6b_physics_lib_v2,0_v2,2026-04-26
M6B_L4_01271,4,seal_failure,A,400,0.8945913314819336,3,m6b_physics_lib_v2,0_v2,2026-04-26
M6B_L4_01272,4,seal_failure,A,400,0.28772473335266113,3,m6b_physics_lib_v2,0_v2,2026-04-26
M6B_L4_01273,4,seal_failure,A,400,0.5047522783279419,1,m6b_physics_lib_v2,0_v2,2026-04-26
M6B_L4_01274,4,seal_failure,A,400,0.6047715544700623,3,m6b_physics_lib_v2,0_v2,2026-04-26
M6B_L4_01275,4,seal_failure,A,400,0.545860230922699,1,m6b_physics_lib_v2,0_v2,2026-04-26
M6B_L4_01276,4,seal_failure,A,400,0.28686922788619995,3,m6b_physics_lib_v2,0_v2,2026-04-26
M6B_L4_01277,4,seal_failure,A,400,0.322822630405426,3,m6b_physics_lib_v2,0_v2,2026-04-26
M6B_L4_01278,4,seal_failure,A,400,0.870093822479248,1,m6b_physics_lib_v2,0_v2,2026-04-26
M6B_L4_01279,4,seal_failure,A,400,0.587507426738739,3,m6b_physics_lib_v2,0_v2,2026-04-26
M6B_L4_01280,4,seal_failure,A,400,0.23897793889045715,3,m6b_physics_lib_v2,0_v2,2026-04-26
M6B_L4_01281,4,seal_failure,A,400,0.21319301426410675,1,m6b_physics_lib_v2,0_v2,2026-04-26
M6B_L4_01282,4,seal_failure,A,400,0.5787802934646606,1,m6b_physics_lib_v2,0_v2,2026-04-26
M6B_L4_01283,4,seal_failure,A,400,0.3315029740333557,3,m6b_physics_lib_v2,0_v2,2026-04-26
M6B_L4_01284,4,seal_failure,A,400,0.7641007304191589,1,m6b_physics_lib_v2,0_v2,2026-04-26
M6B_L4_01285,4,seal_failure,A,400,0.8362587690353394,3,m6b_physics_lib_v2,0_v2,2026-04-26
M6B_L4_01286,4,seal_failure,A,400,0.3826373815536499,1,m6b_physics_lib_v2,0_v2,2026-04-26
M6B_L4_01287,4,seal_failure,A,400,0.6737415790557861,3,m6b_physics_lib_v2,0_v2,2026-04-26
M6B_L4_01288,4,seal_failure,A,400,0.32355570793151855,1,m6b_physics_lib_v2,0_v2,2026-04-26
M6B_L4_01289,4,seal_failure,A,400,0.44286611676216125,1,m6b_physics_lib_v2,0_v2,2026-04-26
M6B_L4_01290,4,seal_failure,A,400,0.9110363721847534,3,m6b_physics_lib_v2,0_v2,2026-04-26
M6B_L4_01291,4,seal_failure,A,400,0.6352784633636475,1,m6b_physics_lib_v2,0_v2,2026-04-26
M6B_L4_01292,4,seal_failure,A,400,0.9087109565734863,3,m6b_physics_lib_v2,0_v2,2026-04-26
M6B_L4_01293,4,seal_failure,A,400,0.38019824028015137,1,m6b_physics_lib_v2,0_v2,2026-04-26
M6B_L4_01294,4,seal_failure,A,400,0.4640194773674011,1,m6b_physics_lib_v2,0_v2,2026-04-26
M6B_L4_01295,4,seal_failure,A,400,0.5767617225646973,3,m6b_physics_lib_v2,0_v2,2026-04-26
M6B_L4_01296,4,seal_failure,A,400,0.5840640664100647,1,m6b_physics_lib_v2,0_v2,2026-04-26
M6B_L4_01297,4,seal_failure,A,400,0.9981184005737305,1,m6b_physics_lib_v2,0_v2,2026-04-26
M6B_L4_01298,4,seal_failure,A,400,0.2915562689304352,3,m6b_physics_lib_v2,0_v2,2026-04-26
M6B_L4_01299,4,seal_failure,A,400,0.8815720081329346,3,m6b_physics_lib_v2,0_v2,2026-04-26
M6B_L4_01300,4,seal_failure,A,400,0.8909456133842468,3,m6b_physics_lib_v2,0_v2,2026-04-26
M6B_L4_01301,4,seal_failure,A,400,0.6425589323043823,3,m6b_physics_lib_v2,0_v2,2026-04-26
M6B_L4_01302,4,seal_failure,A,400,0.47522974014282227,3,m6b_physics_lib_v2,0_v2,2026-04-26
M6B_L4_01303,4,seal_failure,A,400,0.6153808832168579,3,m6b_physics_lib_v2,0_v2,2026-04-26
M6B_L4_01304,4,seal_failure,A,400,0.43397417664527893,3,m6b_physics_lib_v2,0_v2,2026-04-26
M6B_L4_01305,4,seal_failure,A,400,0.8392859697341919,1,m6b_physics_lib_v2,0_v2,2026-04-26
M6B_L4_01306,4,seal_failure,A,400,0.5986233353614807,3,m6b_physics_lib_v2,0_v2,2026-04-26
M6B_L4_01307,4,seal_failure,A,400,0.9406737685203552,1,m6b_physics_lib_v2,0_v2,2026-04-26
M6B_L4_01308,4,seal_failure,A,400,0.6981530785560608,3,m6b_physics_lib_v2,0_v2,2026-04-26
M6B_L4_01309,4,seal_failure,A,400,0.6114554405212402,1,m6b_physics_lib_v2,0_v2,2026-04-26
M6B_L4_01310,4,seal_failure,A,400,0.7688555121421814,3,m6b_physics_lib_v2,0_v2,2026-04-26
M6B_L4_01311,4,seal_failure,A,400,0.6031463742256165,3,m6b_physics_lib_v2,0_v2,2026-04-26
M6B_L4_01312,4,seal_failure,A,400,0.9236050844192505,3,m6b_physics_lib_v2,0_v2,2026-04-26
M6B_L4_01313,4,seal_failure,A,400,0.3475567698478699,3,m6b_physics_lib_v2,0_v2,2026-04-26
M6B_L4_01314,4,seal_failure,A,400,0.9786789417266846,1,m6b_physics_lib_v2,0_v2,2026-04-26
M6B_L4_01315,4,seal_failure,A,400,0.8497524261474609,1,m6b_physics_lib_v2,0_v2,2026-04-26
M6B_L4_01316,4,seal_failure,A,400,0.888586699962616,1,m6b_physics_lib_v2,0_v2,2026-04-26
M6B_L4_01317,4,seal_failure,A,400,0.5863262414932251,3,m6b_physics_lib_v2,0_v2,2026-04-26
M6B_L4_01318,4,seal_failure,A,400,0.8697612285614014,3,m6b_physics_lib_v2,0_v2,2026-04-26
M6B_L4_01319,4,seal_failure,A,400,0.4454192817211151,1,m6b_physics_lib_v2,0_v2,2026-04-26
M6B_L4_01320,4,seal_failure,A,400,0.8095585703849792,1,m6b_physics_lib_v2,0_v2,2026-04-26
M6B_L4_01321,4,seal_failure,A,400,0.31236013770103455,1,m6b_physics_lib_v2,0_v2,2026-04-26
M6B_L4_01322,4,seal_failure,A,400,0.44564154744148254,3,m6b_physics_lib_v2,0_v2,2026-04-26
M6B_L4_01323,4,seal_failure,A,400,0.5565861463546753,1,m6b_physics_lib_v2,0_v2,2026-04-26
M6B_L4_01324,4,seal_failure,A,400,0.457855761051178,3,m6b_physics_lib_v2,0_v2,2026-04-26
M6B_L4_01325,4,seal_failure,A,400,0.5096136927604675,3,m6b_physics_lib_v2,0_v2,2026-04-26
M6B_L4_01326,4,seal_failure,A,400,0.8560838103294373,1,m6b_physics_lib_v2,0_v2,2026-04-26
M6B_L4_01327,4,seal_failure,A,400,0.40534070134162903,1,m6b_physics_lib_v2,0_v2,2026-04-26
M6B_L4_01328,4,seal_failure,A,400,0.7962249517440796,3,m6b_physics_lib_v2,0_v2,2026-04-26
M6B_L4_01329,4,seal_failure,A,400,0.25896966457366943,1,m6b_physics_lib_v2,0_v2,2026-04-26
M6B_L4_01330,4,seal_failure,A,400,0.8125913143157959,3,m6b_physics_lib_v2,0_v2,2026-04-26
M6B_L4_01331,4,seal_failure,A,400,0.8336185812950134,3,m6b_physics_lib_v2,0_v2,2026-04-26
M6B_L4_01332,4,seal_failure,A,400,0.5213590264320374,3,m6b_physics_lib_v2,0_v2,2026-04-26
M6B_L4_01333,4,seal_failure,A,400,0.777982234954834,3,m6b_physics_lib_v2,0_v2,2026-04-26
M6B_L4_01334,4,seal_failure,A,400,0.9321107268333435,3,m6b_physics_lib_v2,0_v2,2026-04-26
M6B_L4_01335,4,seal_failure,A,400,0.8405703902244568,1,m6b_physics_lib_v2,0_v2,2026-04-26
M6B_L4_01336,4,seal_failure,A,400,0.512357234954834,1,m6b_physics_lib_v2,0_v2,2026-04-26
M6B_L4_01337,4,seal_failure,A,400,0.5873708128929138,1,m6b_physics_lib_v2,0_v2,2026-04-26
M6B_L4_01338,4,seal_failure,A,400,0.8234860301017761,3,m6b_physics_lib_v2,0_v2,2026-04-26
M6B_L4_01339,4,seal_failure,A,400,0.4340756833553314,3,m6b_physics_lib_v2,0_v2,2026-04-26
M6B_L4_01340,4,seal_failure,A,400,0.843106210231781,1,m6b_physics_lib_v2,0_v2,2026-04-26
M6B_L4_01341,4,seal_failure,A,400,0.46245691180229187,1,m6b_physics_lib_v2,0_v2,2026-04-26
M6B_L4_01342,4,seal_failure,A,400,0.8447924852371216,3,m6b_physics_lib_v2,0_v2,2026-04-26
M6B_L4_01343,4,seal_failure,A,400,0.26944035291671753,1,m6b_physics_lib_v2,0_v2,2026-04-26
M6B_L4_01344,4,seal_failure,A,400,0.23551784455776215,3,m6b_physics_lib_v2,0_v2,2026-04-26
M6B_L4_01345,4,seal_failure,A,400,0.9981403350830078,3,m6b_physics_lib_v2,0_v2,2026-04-26
M6B_L4_01346,4,seal_failure,A,400,0.8955656886100769,1,m6b_physics_lib_v2,0_v2,2026-04-26
M6B_L4_01347,4,seal_failure,A,400,0.9062780141830444,1,m6b_physics_lib_v2,0_v2,2026-04-26
M6B_L4_01348,4,seal_failure,A,400,0.9610239863395691,1,m6b_physics_lib_v2,0_v2,2026-04-26
M6B_L4_01349,4,seal_failure,A,400,0.5506530404090881,3,m6b_physics_lib_v2,0_v2,2026-04-26
M6B_L4_01350,4,seal_failure,A,400,0.42946845293045044,1,m6b_physics_lib_v2,0_v2,2026-04-26
M6B_L4_01351,4,seal_failure,A,400,0.3040199875831604,1,m6b_physics_lib_v2,0_v2,2026-04-26
M6B_L4_01352,4,seal_failure,A,400,0.600967288017273,3,m6b_physics_lib_v2,0_v2,2026-04-26
M6B_L4_01353,4,seal_failure,A,400,0.37603867053985596,1,m6b_physics_lib_v2,0_v2,2026-04-26
M6B_L4_01354,4,seal_failure,A,400,0.948440670967102,3,m6b_physics_lib_v2,0_v2,2026-04-26
M6B_L4_01355,4,seal_failure,A,400,0.2032025307416916,1,m6b_physics_lib_v2,0_v2,2026-04-26
M6B_L4_01356,4,seal_failure,A,400,0.31455740332603455,1,m6b_physics_lib_v2,0_v2,2026-04-26
M6B_L4_01357,4,seal_failure,A,400,0.3971806764602661,1,m6b_physics_lib_v2,0_v2,2026-04-26
M6B_L4_01358,4,seal_failure,A,400,0.35916537046432495,1,m6b_physics_lib_v2,0_v2,2026-04-26
M6B_L4_01359,4,seal_failure,A,400,0.3806227445602417,1,m6b_physics_lib_v2,0_v2,2026-04-26
M6B_L4_01360,4,seal_failure,A,400,0.7248380780220032,3,m6b_physics_lib_v2,0_v2,2026-04-26
M6B_L4_01361,4,seal_failure,A,400,0.4620096683502197,1,m6b_physics_lib_v2,0_v2,2026-04-26
M6B_L4_01362,4,seal_failure,A,400,0.692019522190094,3,m6b_physics_lib_v2,0_v2,2026-04-26
M6B_L4_01363,4,seal_failure,A,400,0.9122063517570496,3,m6b_physics_lib_v2,0_v2,2026-04-26
M6B_L4_01364,4,seal_failure,A,400,0.6820454001426697,3,m6b_physics_lib_v2,0_v2,2026-04-26
M6B_L4_01365,4,seal_failure,A,400,0.7556262612342834,3,m6b_physics_lib_v2,0_v2,2026-04-26
M6B_L4_01366,4,seal_failure,A,400,0.4924026429653168,1,m6b_physics_lib_v2,0_v2,2026-04-26
M6B_L4_01367,4,seal_failure,A,400,0.327790766954422,1,m6b_physics_lib_v2,0_v2,2026-04-26
M6B_L4_01368,4,seal_failure,A,400,0.45646724104881287,3,m6b_physics_lib_v2,0_v2,2026-04-26
M6B_L4_01369,4,seal_failure,A,400,0.9714261293411255,3,m6b_physics_lib_v2,0_v2,2026-04-26
M6B_L4_01370,4,seal_failure,A,400,0.6974490880966187,1,m6b_physics_lib_v2,0_v2,2026-04-26
M6B_L4_01371,4,seal_failure,A,400,0.4220089018344879,3,m6b_physics_lib_v2,0_v2,2026-04-26
M6B_L4_01372,4,seal_failure,A,400,0.5607321858406067,3,m6b_physics_lib_v2,0_v2,2026-04-26
M6B_L4_01373,4,seal_failure,A,400,0.8684104084968567,3,m6b_physics_lib_v2,0_v2,2026-04-26
M6B_L4_01374,4,seal_failure,A,400,0.7347548604011536,1,m6b_physics_lib_v2,0_v2,2026-04-26
M6B_L4_01375,4,seal_failure,A,400,0.6485222578048706,1,m6b_physics_lib_v2,0_v2,2026-04-26
M6B_L4_01376,4,seal_failure,A,400,0.9081302881240845,1,m6b_physics_lib_v2,0_v2,2026-04-26
M6B_L4_01377,4,seal_failure,A,400,0.7379516363143921,1,m6b_physics_lib_v2,0_v2,2026-04-26
M6B_L4_01378,4,seal_failure,A,400,0.7141838073730469,1,m6b_physics_lib_v2,0_v2,2026-04-26
M6B_L4_01379,4,seal_failure,A,400,0.35181450843811035,1,m6b_physics_lib_v2,0_v2,2026-04-26
M6B_L4_01380,4,seal_failure,A,400,0.2851109504699707,1,m6b_physics_lib_v2,0_v2,2026-04-26
M6B_L4_01381,4,seal_failure,A,400,0.9721136689186096,1,m6b_physics_lib_v2,0_v2,2026-04-26
M6B_L4_01382,4,seal_failure,A,400,0.6790866851806641,1,m6b_physics_lib_v2,0_v2,2026-04-26
M6B_L4_01383,4,seal_failure,A,400,0.5325466990470886,1,m6b_physics_lib_v2,0_v2,2026-04-26
M6B_L4_01384,4,seal_failure,A,400,0.6712166666984558,1,m6b_physics_lib_v2,0_v2,2026-04-26
M6B_L4_01385,4,seal_failure,A,400,0.24944956600666046,3,m6b_physics_lib_v2,0_v2,2026-04-26
M6B_L4_01386,4,seal_failure,A,400,0.85770183801651,3,m6b_physics_lib_v2,0_v2,2026-04-26
M6B_L4_01387,4,seal_failure,A,400,0.3733164370059967,3,m6b_physics_lib_v2,0_v2,2026-04-26
M6B_L4_01388,4,seal_failure,A,400,0.8436368107795715,3,m6b_physics_lib_v2,0_v2,2026-04-26
M6B_L4_01389,4,seal_failure,A,400,0.6275027394294739,1,m6b_physics_lib_v2,0_v2,2026-04-26
M6B_L4_01390,4,seal_failure,A,400,0.4212576150894165,3,m6b_physics_lib_v2,0_v2,2026-04-26
M6B_L4_01391,4,seal_failure,A,400,0.22416795790195465,1,m6b_physics_lib_v2,0_v2,2026-04-26
M6B_L4_01392,4,seal_failure,A,400,0.8526666760444641,3,m6b_physics_lib_v2,0_v2,2026-04-26
M6B_L4_01393,4,seal_failure,A,400,0.3411681056022644,1,m6b_physics_lib_v2,0_v2,2026-04-26
M6B_L4_01394,4,seal_failure,A,400,0.24144409596920013,1,m6b_physics_lib_v2,0_v2,2026-04-26
M6B_L4_01395,4,seal_failure,A,400,0.8047021627426147,1,m6b_physics_lib_v2,0_v2,2026-04-26
M6B_L4_01396,4,seal_failure,A,400,0.48003458976745605,1,m6b_physics_lib_v2,0_v2,2026-04-26
M6B_L4_01397,4,seal_failure,A,400,0.5114672183990479,3,m6b_physics_lib_v2,0_v2,2026-04-26
M6B_L4_01398,4,seal_failure,A,400,0.39765405654907227,3,m6b_physics_lib_v2,0_v2,2026-04-26
M6B_L4_01399,4,seal_failure,A,400,0.8873428106307983,1,m6b_physics_lib_v2,0_v2,2026-04-26
M6B_L4_01400,4,seal_failure,A,400,0.43786361813545227,1,m6b_physics_lib_v2,0_v2,2026-04-26
M6B_L4_01401,4,seal_failure,A,400,0.36815404891967773,3,m6b_physics_lib_v2,0_v2,2026-04-26
M6B_L4_01402,4,seal_failure,A,400,0.4473997950553894,3,m6b_physics_lib_v2,0_v2,2026-04-26
M6B_L4_01403,4,seal_failure,A,400,0.36251965165138245,3,m6b_physics_lib_v2,0_v2,2026-04-26
M6B_L4_01404,4,seal_failure,A,400,0.45412418246269226,3,m6b_physics_lib_v2,0_v2,2026-04-26
M6B_L4_01405,4,seal_failure,A,400,0.2663489878177643,3,m6b_physics_lib_v2,0_v2,2026-04-26
M6B_L4_01406,4,seal_failure,A,400,0.32682400941848755,3,m6b_physics_lib_v2,0_v2,2026-04-26
M6B_L4_01407,4,seal_failure,A,400,0.5336422920227051,3,m6b_physics_lib_v2,0_v2,2026-04-26
M6B_L4_01408,4,seal_failure,A,400,0.9035735130310059,1,m6b_physics_lib_v2,0_v2,2026-04-26
M6B_L4_01409,4,seal_failure,A,400,0.24583259224891663,3,m6b_physics_lib_v2,0_v2,2026-04-26
M6B_L4_01410,4,seal_failure,A,400,0.3701397776603699,1,m6b_physics_lib_v2,0_v2,2026-04-26
M6B_L4_01411,4,seal_failure,A,400,0.9266765117645264,1,m6b_physics_lib_v2,0_v2,2026-04-26
M6B_L4_01412,4,seal_failure,A,400,0.9120117425918579,3,m6b_physics_lib_v2,0_v2,2026-04-26
M6B_L4_01413,4,seal_failure,A,400,0.7435606718063354,1,m6b_physics_lib_v2,0_v2,2026-04-26
M6B_L4_01414,4,seal_failure,A,400,0.3923788368701935,3,m6b_physics_lib_v2,0_v2,2026-04-26
M6B_L4_01415,4,seal_failure,A,400,0.5358484387397766,3,m6b_physics_lib_v2,0_v2,2026-04-26
M6B_L4_01416,4,seal_failure,A,400,0.36897680163383484,1,m6b_physics_lib_v2,0_v2,2026-04-26
M6B_L4_01417,4,seal_failure,A,400,0.30287081003189087,1,m6b_physics_lib_v2,0_v2,2026-04-26
M6B_L4_01418,4,seal_failure,A,400,0.5039986968040466,3,m6b_physics_lib_v2,0_v2,2026-04-26
M6B_L4_01419,4,seal_failure,A,400,0.6606572866439819,3,m6b_physics_lib_v2,0_v2,2026-04-26
M6B_L4_01420,4,seal_failure,A,400,0.48794615268707275,3,m6b_physics_lib_v2,0_v2,2026-04-26
M6B_L4_01421,4,seal_failure,A,400,0.68865966796875,1,m6b_physics_lib_v2,0_v2,2026-04-26
M6B_L4_01422,4,seal_failure,A,400,0.4370037913322449,3,m6b_physics_lib_v2,0_v2,2026-04-26
M6B_L4_01423,4,seal_failure,A,400,0.4766804277896881,1,m6b_physics_lib_v2,0_v2,2026-04-26
M6B_L4_01424,4,seal_failure,A,400,0.832538902759552,1,m6b_physics_lib_v2,0_v2,2026-04-26
M6B_L4_01425,4,seal_failure,A,400,0.9026517868041992,1,m6b_physics_lib_v2,0_v2,2026-04-26
M6B_L4_01426,4,seal_failure,A,400,0.4576272666454315,1,m6b_physics_lib_v2,0_v2,2026-04-26
M6B_L4_01427,4,seal_failure,A,400,0.6572126150131226,3,m6b_physics_lib_v2,0_v2,2026-04-26
M6B_L4_01428,4,seal_failure,A,400,0.42252981662750244,3,m6b_physics_lib_v2,0_v2,2026-04-26
M6B_L4_01429,4,seal_failure,A,400,0.24266771972179413,1,m6b_physics_lib_v2,0_v2,2026-04-26
M6B_L4_01430,4,seal_failure,A,400,0.7902857661247253,3,m6b_physics_lib_v2,0_v2,2026-04-26
M6B_L4_01431,4,seal_failure,A,400,0.33680278062820435,1,m6b_physics_lib_v2,0_v2,2026-04-26
M6B_L4_01432,4,seal_failure,A,400,0.5405700206756592,3,m6b_physics_lib_v2,0_v2,2026-04-26
M6B_L4_01433,4,seal_failure,A,400,0.5896363854408264,1,m6b_physics_lib_v2,0_v2,2026-04-26
M6B_L4_01434,4,seal_failure,A,400,0.3475772738456726,1,m6b_physics_lib_v2,0_v2,2026-04-26
M6B_L4_01435,4,seal_failure,A,400,0.2756442725658417,3,m6b_physics_lib_v2,0_v2,2026-04-26
M6B_L4_01436,4,seal_failure,A,400,0.47841042280197144,3,m6b_physics_lib_v2,0_v2,2026-04-26
M6B_L4_01437,4,seal_failure,A,400,0.9618287086486816,3,m6b_physics_lib_v2,0_v2,2026-04-26
M6B_L4_01438,4,seal_failure,A,400,0.6921084523200989,3,m6b_physics_lib_v2,0_v2,2026-04-26
M6B_L4_01439,4,seal_failure,A,400,0.5051282048225403,1,m6b_physics_lib_v2,0_v2,2026-04-26
M6B_L4_01440,4,seal_failure,A,400,0.23112866282463074,1,m6b_physics_lib_v2,0_v2,2026-04-26
M6B_L4_01441,4,seal_failure,A,400,0.6802186369895935,3,m6b_physics_lib_v2,0_v2,2026-04-26
M6B_L4_01442,4,seal_failure,A,400,0.2738061249256134,3,m6b_physics_lib_v2,0_v2,2026-04-26
M6B_L4_01443,4,seal_failure,A,400,0.6340352296829224,1,m6b_physics_lib_v2,0_v2,2026-04-26
M6B_L4_01444,4,seal_failure,A,400,0.8015604019165039,1,m6b_physics_lib_v2,0_v2,2026-04-26
M6B_L4_01445,4,seal_failure,A,400,0.5388683080673218,3,m6b_physics_lib_v2,0_v2,2026-04-26
M6B_L4_01446,4,seal_failure,A,400,0.4395292103290558,1,m6b_physics_lib_v2,0_v2,2026-04-26
M6B_L4_01447,4,seal_failure,A,400,0.23790737986564636,1,m6b_physics_lib_v2,0_v2,2026-04-26
M6B_L4_01448,4,seal_failure,A,400,0.21982230246067047,3,m6b_physics_lib_v2,0_v2,2026-04-26
M6B_L4_01449,4,seal_failure,A,400,0.5440212488174438,1,m6b_physics_lib_v2,0_v2,2026-04-26
M6B_L4_01450,4,seal_failure,A,400,0.9066762328147888,1,m6b_physics_lib_v2,0_v2,2026-04-26
M6B_L4_01451,4,seal_failure,A,400,0.39525023102760315,3,m6b_physics_lib_v2,0_v2,2026-04-26
M6B_L4_01452,4,seal_failure,A,400,0.6592444181442261,1,m6b_physics_lib_v2,0_v2,2026-04-26
M6B_L4_01453,4,seal_failure,A,400,0.7474446296691895,3,m6b_physics_lib_v2,0_v2,2026-04-26
M6B_L4_01454,4,seal_failure,A,400,0.24866388738155365,3,m6b_physics_lib_v2,0_v2,2026-04-26
M6B_L4_01455,4,seal_failure,A,400,0.32248029112815857,1,m6b_physics_lib_v2,0_v2,2026-04-26
M6B_L4_01456,4,seal_failure,A,400,0.46502143144607544,3,m6b_physics_lib_v2,0_v2,2026-04-26
M6B_L4_01457,4,seal_failure,A,400,0.7360745668411255,3,m6b_physics_lib_v2,0_v2,2026-04-26
M6B_L4_01458,4,seal_failure,A,400,0.5512281060218811,1,m6b_physics_lib_v2,0_v2,2026-04-26
M6B_L4_01459,4,seal_failure,A,400,0.7873560786247253,3,m6b_physics_lib_v2,0_v2,2026-04-26
M6B_L4_01460,4,seal_failure,A,400,0.8940783143043518,1,m6b_physics_lib_v2,0_v2,2026-04-26
M6B_L4_01461,4,seal_failure,A,400,0.8066978454589844,1,m6b_physics_lib_v2,0_v2,2026-04-26
M6B_L4_01462,4,seal_failure,A,400,0.993797779083252,3,m6b_physics_lib_v2,0_v2,2026-04-26
M6B_L4_01463,4,seal_failure,A,400,0.8034888505935669,3,m6b_physics_lib_v2,0_v2,2026-04-26
M6B_L4_01464,4,seal_failure,A,400,0.8817433714866638,3,m6b_physics_lib_v2,0_v2,2026-04-26
M6B_L4_01465,4,seal_failure,A,400,0.8658930659294128,3,m6b_physics_lib_v2,0_v2,2026-04-26
M6B_L4_01466,4,seal_failure,A,400,0.784212589263916,3,m6b_physics_lib_v2,0_v2,2026-04-26
M6B_L4_01467,4,seal_failure,A,400,0.8414414525032043,1,m6b_physics_lib_v2,0_v2,2026-04-26
M6B_L4_01468,4,seal_failure,A,400,0.9477465748786926,1,m6b_physics_lib_v2,0_v2,2026-04-26
M6B_L4_01469,4,seal_failure,A,400,0.5801659226417542,3,m6b_physics_lib_v2,0_v2,2026-04-26
M6B_L4_01470,4,seal_failure,A,400,0.7106296420097351,3,m6b_physics_lib_v2,0_v2,2026-04-26
M6B_L4_01471,4,seal_failure,A,400,0.6119517683982849,1,m6b_physics_lib_v2,0_v2,2026-04-26
M6B_L4_01472,4,seal_failure,A,400,0.8808295726776123,1,m6b_physics_lib_v2,0_v2,2026-04-26
M6B_L4_01473,4,seal_failure,A,400,0.5450876951217651,3,m6b_physics_lib_v2,0_v2,2026-04-26
M6B_L4_01474,4,seal_failure,A,400,0.8557814359664917,1,m6b_physics_lib_v2,0_v2,2026-04-26
M6B_L4_01475,4,seal_failure,A,400,0.8394836783409119,1,m6b_physics_lib_v2,0_v2,2026-04-26
M6B_L4_01476,4,seal_failure,A,400,0.9695088863372803,3,m6b_physics_lib_v2,0_v2,2026-04-26
M6B_L4_01477,4,seal_failure,A,400,0.39913657307624817,1,m6b_physics_lib_v2,0_v2,2026-04-26
M6B_L4_01478,4,seal_failure,A,400,0.7676956057548523,3,m6b_physics_lib_v2,0_v2,2026-04-26
M6B_L4_01479,4,seal_failure,A,400,0.805535614490509,3,m6b_physics_lib_v2,0_v2,2026-04-26
M6B_L4_01480,4,seal_failure,A,400,0.9490227699279785,3,m6b_physics_lib_v2,0_v2,2026-04-26
M6B_L4_01481,4,seal_failure,A,400,0.9255219101905823,3,m6b_physics_lib_v2,0_v2,2026-04-26
M6B_L4_01482,4,seal_failure,A,400,0.6588206887245178,3,m6b_physics_lib_v2,0_v2,2026-04-26
M6B_L4_01483,4,seal_failure,A,400,0.6633225679397583,3,m6b_physics_lib_v2,0_v2,2026-04-26
M6B_L4_01484,4,seal_failure,A,400,0.3338329792022705,1,m6b_physics_lib_v2,0_v2,2026-04-26
M6B_L4_01485,4,seal_failure,A,400,0.9799701571464539,3,m6b_physics_lib_v2,0_v2,2026-04-26
M6B_L4_01486,4,seal_failure,A,400,0.4040139615535736,3,m6b_physics_lib_v2,0_v2,2026-04-26
M6B_L4_01487,4,seal_failure,A,400,0.7797889709472656,1,m6b_physics_lib_v2,0_v2,2026-04-26
M6B_L4_01488,4,seal_failure,A,400,0.8366360068321228,1,m6b_physics_lib_v2,0_v2,2026-04-26
M6B_L4_01489,4,seal_failure,A,400,0.5529723763465881,1,m6b_physics_lib_v2,0_v2,2026-04-26
M6B_L4_01490,4,seal_failure,A,400,0.36895498633384705,1,m6b_physics_lib_v2,0_v2,2026-04-26
M6B_L4_01491,4,seal_failure,A,400,0.35116830468177795,1,m6b_physics_lib_v2,0_v2,2026-04-26
M6B_L4_01492,4,seal_failure,A,400,0.8851968050003052,3,m6b_physics_lib_v2,0_v2,2026-04-26
M6B_L4_01493,4,seal_failure,A,400,0.6086052060127258,1,m6b_physics_lib_v2,0_v2,2026-04-26
M6B_L4_01494,4,seal_failure,A,400,0.27210959792137146,1,m6b_physics_lib_v2,0_v2,2026-04-26
M6B_L4_01495,4,seal_failure,A,400,0.7736155986785889,1,m6b_physics_lib_v2,0_v2,2026-04-26
M6B_L4_01496,4,seal_failure,A,400,0.4001368284225464,1,m6b_physics_lib_v2,0_v2,2026-04-26
M6B_L4_01497,4,seal_failure,A,400,0.9011157751083374,3,m6b_physics_lib_v2,0_v2,2026-04-26
M6B_L4_01498,4,seal_failure,A,400,0.44765743613243103,1,m6b_physics_lib_v2,0_v2,2026-04-26
M6B_L4_01499,4,seal_failure,A,400,0.3602166771888733,3,m6b_physics_lib_v2,0_v2,2026-04-26
M6B_L5_00000,5,overloading,A,300,0.5094258189201355,2,m6b_physics_lib_v2,0_v2,2026-04-26
M6B_L5_00001,5,overloading,A,300,0.7275108695030212,2,m6b_physics_lib_v2,0_v2,2026-04-26
M6B_L5_00002,5,overloading,A,300,0.809036910533905,2,m6b_physics_lib_v2,0_v2,2026-04-26
M6B_L5_00003,5,overloading,A,300,0.7301977872848511,2,m6b_physics_lib_v2,0_v2,2026-04-26
M6B_L5_00004,5,overloading,A,300,0.5653226375579834,2,m6b_physics_lib_v2,0_v2,2026-04-26
M6B_L5_00005,5,overloading,A,300,0.6987370252609253,2,m6b_physics_lib_v2,0_v2,2026-04-26
M6B_L5_00006,5,overloading,A,300,0.7058278322219849,2,m6b_physics_lib_v2,0_v2,2026-04-26
M6B_L5_00007,5,overloading,A,300,0.5938579440116882,2,m6b_physics_lib_v2,0_v2,2026-04-26
M6B_L5_00008,5,overloading,A,300,0.8781535625457764,2,m6b_physics_lib_v2,0_v2,2026-04-26
M6B_L5_00009,5,overloading,A,300,0.6607003211975098,2,m6b_physics_lib_v2,0_v2,2026-04-26
M6B_L5_00010,5,overloading,A,300,0.7944936156272888,2,m6b_physics_lib_v2,0_v2,2026-04-26
M6B_L5_00011,5,overloading,A,300,0.7578650712966919,2,m6b_physics_lib_v2,0_v2,2026-04-26
M6B_L5_00012,5,overloading,A,300,0.938713550567627,2,m6b_physics_lib_v2,0_v2,2026-04-26
M6B_L5_00013,5,overloading,A,300,0.5610074400901794,2,m6b_physics_lib_v2,0_v2,2026-04-26
M6B_L5_00014,5,overloading,A,300,0.5571315288543701,2,m6b_physics_lib_v2,0_v2,2026-04-26
M6B_L5_00015,5,overloading,A,300,0.6501598358154297,2,m6b_physics_lib_v2,0_v2,2026-04-26
M6B_L5_00016,5,overloading,A,300,0.7156074643135071,2,m6b_physics_lib_v2,0_v2,2026-04-26
M6B_L5_00017,5,overloading,A,300,0.6492711305618286,2,m6b_physics_lib_v2,0_v2,2026-04-26
M6B_L5_00018,5,overloading,A,300,0.8815935254096985,2,m6b_physics_lib_v2,0_v2,2026-04-26
M6B_L5_00019,5,overloading,A,300,0.6226329207420349,2,m6b_physics_lib_v2,0_v2,2026-04-26
M6B_L5_00020,5,overloading,A,300,0.5423873662948608,2,m6b_physics_lib_v2,0_v2,2026-04-26
M6B_L5_00021,5,overloading,A,300,0.706899881362915,2,m6b_physics_lib_v2,0_v2,2026-04-26
M6B_L5_00022,5,overloading,A,300,0.8866896629333496,2,m6b_physics_lib_v2,0_v2,2026-04-26
M6B_L5_00023,5,overloading,A,300,0.9252809882164001,2,m6b_physics_lib_v2,0_v2,2026-04-26
M6B_L5_00024,5,overloading,A,300,0.8666723966598511,2,m6b_physics_lib_v2,0_v2,2026-04-26
M6B_L5_00025,5,overloading,A,300,0.7789433598518372,2,m6b_physics_lib_v2,0_v2,2026-04-26
M6B_L5_00026,5,overloading,A,300,0.862095832824707,2,m6b_physics_lib_v2,0_v2,2026-04-26
M6B_L5_00027,5,overloading,A,300,0.840694785118103,2,m6b_physics_lib_v2,0_v2,2026-04-26
M6B_L5_00028,5,overloading,A,300,0.6171833276748657,2,m6b_physics_lib_v2,0_v2,2026-04-26
M6B_L5_00029,5,overloading,A,300,0.7753794193267822,2,m6b_physics_lib_v2,0_v2,2026-04-26
M6B_L5_00030,5,overloading,A,300,0.8853046894073486,2,m6b_physics_lib_v2,0_v2,2026-04-26
M6B_L5_00031,5,overloading,A,300,0.6585603356361389,2,m6b_physics_lib_v2,0_v2,2026-04-26
M6B_L5_00032,5,overloading,A,300,0.82698655128479,2,m6b_physics_lib_v2,0_v2,2026-04-26
M6B_L5_00033,5,overloading,A,300,0.7407402396202087,2,m6b_physics_lib_v2,0_v2,2026-04-26
M6B_L5_00034,5,overloading,A,300,0.7515794038772583,2,m6b_physics_lib_v2,0_v2,2026-04-26
M6B_L5_00035,5,overloading,A,300,0.545027494430542,2,m6b_physics_lib_v2,0_v2,2026-04-26
M6B_L5_00036,5,overloading,A,300,0.8331086039543152,2,m6b_physics_lib_v2,0_v2,2026-04-26
M6B_L5_00037,5,overloading,A,300,0.9328435063362122,2,m6b_physics_lib_v2,0_v2,2026-04-26
M6B_L5_00038,5,overloading,A,300,0.5707156658172607,2,m6b_physics_lib_v2,0_v2,2026-04-26
M6B_L5_00039,5,overloading,A,300,0.6830528378486633,2,m6b_physics_lib_v2,0_v2,2026-04-26
M6B_L5_00040,5,overloading,A,300,0.5243337154388428,2,m6b_physics_lib_v2,0_v2,2026-04-26
M6B_L5_00041,5,overloading,A,300,0.5148159265518188,2,m6b_physics_lib_v2,0_v2,2026-04-26
M6B_L5_00042,5,overloading,A,300,0.9948292374610901,2,m6b_physics_lib_v2,0_v2,2026-04-26
M6B_L5_00043,5,overloading,A,300,0.7467357516288757,2,m6b_physics_lib_v2,0_v2,2026-04-26
M6B_L5_00044,5,overloading,A,300,0.6777595281600952,2,m6b_physics_lib_v2,0_v2,2026-04-26
M6B_L5_00045,5,overloading,A,300,0.6374385356903076,2,m6b_physics_lib_v2,0_v2,2026-04-26
M6B_L5_00046,5,overloading,A,300,0.9900063276290894,2,m6b_physics_lib_v2,0_v2,2026-04-26
M6B_L5_00047,5,overloading,A,300,0.6261253952980042,2,m6b_physics_lib_v2,0_v2,2026-04-26
M6B_L5_00048,5,overloading,A,300,0.8628541827201843,2,m6b_physics_lib_v2,0_v2,2026-04-26
M6B_L5_00049,5,overloading,A,300,0.6418790221214294,2,m6b_physics_lib_v2,0_v2,2026-04-26
M6B_L5_00050,5,overloading,A,300,0.5352447628974915,2,m6b_physics_lib_v2,0_v2,2026-04-26
M6B_L5_00051,5,overloading,A,300,0.8416383266448975,2,m6b_physics_lib_v2,0_v2,2026-04-26
M6B_L5_00052,5,overloading,A,300,0.5008154511451721,2,m6b_physics_lib_v2,0_v2,2026-04-26
M6B_L5_00053,5,overloading,A,300,0.8378742337226868,2,m6b_physics_lib_v2,0_v2,2026-04-26
M6B_L5_00054,5,overloading,A,300,0.6251882910728455,2,m6b_physics_lib_v2,0_v2,2026-04-26
M6B_L5_00055,5,overloading,A,300,0.8730521202087402,2,m6b_physics_lib_v2,0_v2,2026-04-26
M6B_L5_00056,5,overloading,A,300,0.8848750591278076,2,m6b_physics_lib_v2,0_v2,2026-04-26
M6B_L5_00057,5,overloading,A,300,0.862053632736206,2,m6b_physics_lib_v2,0_v2,2026-04-26
M6B_L5_00058,5,overloading,A,300,0.5122417211532593,2,m6b_physics_lib_v2,0_v2,2026-04-26
M6B_L5_00059,5,overloading,A,300,0.8518683314323425,2,m6b_physics_lib_v2,0_v2,2026-04-26
M6B_L5_00060,5,overloading,A,300,0.9950727820396423,2,m6b_physics_lib_v2,0_v2,2026-04-26
M6B_L5_00061,5,overloading,A,300,0.62131267786026,2,m6b_physics_lib_v2,0_v2,2026-04-26
M6B_L5_00062,5,overloading,A,300,0.6371192932128906,2,m6b_physics_lib_v2,0_v2,2026-04-26
M6B_L5_00063,5,overloading,A,300,0.9067632555961609,2,m6b_physics_lib_v2,0_v2,2026-04-26
M6B_L5_00064,5,overloading,A,300,0.5801984071731567,2,m6b_physics_lib_v2,0_v2,2026-04-26
M6B_L5_00065,5,overloading,A,300,0.8302918672561646,2,m6b_physics_lib_v2,0_v2,2026-04-26
M6B_L5_00066,5,overloading,A,300,0.8775131702423096,2,m6b_physics_lib_v2,0_v2,2026-04-26
M6B_L5_00067,5,overloading,A,300,0.5185803174972534,2,m6b_physics_lib_v2,0_v2,2026-04-26
M6B_L5_00068,5,overloading,A,300,0.7768810391426086,2,m6b_physics_lib_v2,0_v2,2026-04-26
M6B_L5_00069,5,overloading,A,300,0.78793865442276,2,m6b_physics_lib_v2,0_v2,2026-04-26
M6B_L5_00070,5,overloading,A,300,0.6517214775085449,2,m6b_physics_lib_v2,0_v2,2026-04-26
M6B_L5_00071,5,overloading,A,300,0.9381723403930664,2,m6b_physics_lib_v2,0_v2,2026-04-26
M6B_L5_00072,5,overloading,A,300,0.5813748836517334,2,m6b_physics_lib_v2,0_v2,2026-04-26
M6B_L5_00073,5,overloading,A,300,0.6820973753929138,2,m6b_physics_lib_v2,0_v2,2026-04-26
M6B_L5_00074,5,overloading,A,300,0.9243343472480774,2,m6b_physics_lib_v2,0_v2,2026-04-26
M6B_L5_00075,5,overloading,A,300,0.5953213572502136,2,m6b_physics_lib_v2,0_v2,2026-04-26
M6B_L5_00076,5,overloading,A,300,0.9106870889663696,2,m6b_physics_lib_v2,0_v2,2026-04-26
M6B_L5_00077,5,overloading,A,300,0.5395345687866211,2,m6b_physics_lib_v2,0_v2,2026-04-26
M6B_L5_00078,5,overloading,A,300,0.7446145415306091,2,m6b_physics_lib_v2,0_v2,2026-04-26
M6B_L5_00079,5,overloading,A,300,0.5376653075218201,2,m6b_physics_lib_v2,0_v2,2026-04-26
M6B_L5_00080,5,overloading,A,300,0.8389517664909363,2,m6b_physics_lib_v2,0_v2,2026-04-26
M6B_L5_00081,5,overloading,A,300,0.8953007459640503,2,m6b_physics_lib_v2,0_v2,2026-04-26
M6B_L5_00082,5,overloading,A,300,0.9249292612075806,2,m6b_physics_lib_v2,0_v2,2026-04-26
M6B_L5_00083,5,overloading,A,300,0.990631103515625,2,m6b_physics_lib_v2,0_v2,2026-04-26
M6B_L5_00084,5,overloading,A,300,0.836007833480835,2,m6b_physics_lib_v2,0_v2,2026-04-26
M6B_L5_00085,5,overloading,A,300,0.8845309615135193,2,m6b_physics_lib_v2,0_v2,2026-04-26
M6B_L5_00086,5,overloading,A,300,0.7528791427612305,2,m6b_physics_lib_v2,0_v2,2026-04-26
M6B_L5_00087,5,overloading,A,300,0.9563684463500977,2,m6b_physics_lib_v2,0_v2,2026-04-26
M6B_L5_00088,5,overloading,A,300,0.8218792080879211,2,m6b_physics_lib_v2,0_v2,2026-04-26
M6B_L5_00089,5,overloading,A,300,0.9417756795883179,2,m6b_physics_lib_v2,0_v2,2026-04-26
M6B_L5_00090,5,overloading,A,300,0.6177260279655457,2,m6b_physics_lib_v2,0_v2,2026-04-26
M6B_L5_00091,5,overloading,A,300,0.7483689188957214,2,m6b_physics_lib_v2,0_v2,2026-04-26
M6B_L5_00092,5,overloading,A,300,0.8649094700813293,2,m6b_physics_lib_v2,0_v2,2026-04-26
M6B_L5_00093,5,overloading,A,300,0.6013608574867249,2,m6b_physics_lib_v2,0_v2,2026-04-26
M6B_L5_00094,5,overloading,A,300,0.6056699156761169,2,m6b_physics_lib_v2,0_v2,2026-04-26
M6B_L5_00095,5,overloading,A,300,0.989021360874176,2,m6b_physics_lib_v2,0_v2,2026-04-26
M6B_L5_00096,5,overloading,A,300,0.7173051834106445,2,m6b_physics_lib_v2,0_v2,2026-04-26
M6B_L5_00097,5,overloading,A,300,0.5909077525138855,2,m6b_physics_lib_v2,0_v2,2026-04-26
M6B_L5_00098,5,overloading,A,300,0.6657319664955139,2,m6b_physics_lib_v2,0_v2,2026-04-26
M6B_L5_00099,5,overloading,A,300,0.6986880898475647,2,m6b_physics_lib_v2,0_v2,2026-04-26
M6B_L5_00100,5,overloading,A,300,0.8115426301956177,2,m6b_physics_lib_v2,0_v2,2026-04-26
M6B_L5_00101,5,overloading,A,300,0.9615073204040527,2,m6b_physics_lib_v2,0_v2,2026-04-26
M6B_L5_00102,5,overloading,A,300,0.9932950139045715,2,m6b_physics_lib_v2,0_v2,2026-04-26
M6B_L5_00103,5,overloading,A,300,0.8258493542671204,2,m6b_physics_lib_v2,0_v2,2026-04-26
M6B_L5_00104,5,overloading,A,300,0.8499611616134644,2,m6b_physics_lib_v2,0_v2,2026-04-26
M6B_L5_00105,5,overloading,A,300,0.6609145998954773,2,m6b_physics_lib_v2,0_v2,2026-04-26
M6B_L5_00106,5,overloading,A,300,0.9285792708396912,2,m6b_physics_lib_v2,0_v2,2026-04-26
M6B_L5_00107,5,overloading,A,300,0.6088991761207581,2,m6b_physics_lib_v2,0_v2,2026-04-26
M6B_L5_00108,5,overloading,A,300,0.5531903505325317,2,m6b_physics_lib_v2,0_v2,2026-04-26
M6B_L5_00109,5,overloading,A,300,0.986627995967865,2,m6b_physics_lib_v2,0_v2,2026-04-26
M6B_L5_00110,5,overloading,A,300,0.9320693612098694,2,m6b_physics_lib_v2,0_v2,2026-04-26
M6B_L5_00111,5,overloading,A,300,0.651822566986084,2,m6b_physics_lib_v2,0_v2,2026-04-26
M6B_L5_00112,5,overloading,A,300,0.8375853300094604,2,m6b_physics_lib_v2,0_v2,2026-04-26
M6B_L5_00113,5,overloading,A,300,0.7335091829299927,2,m6b_physics_lib_v2,0_v2,2026-04-26
M6B_L5_00114,5,overloading,A,300,0.6615641117095947,2,m6b_physics_lib_v2,0_v2,2026-04-26
M6B_L5_00115,5,overloading,A,300,0.6433870792388916,2,m6b_physics_lib_v2,0_v2,2026-04-26
M6B_L5_00116,5,overloading,A,300,0.5680137276649475,2,m6b_physics_lib_v2,0_v2,2026-04-26
M6B_L5_00117,5,overloading,A,300,0.7746590375900269,2,m6b_physics_lib_v2,0_v2,2026-04-26
M6B_L5_00118,5,overloading,A,300,0.7232983708381653,2,m6b_physics_lib_v2,0_v2,2026-04-26
M6B_L5_00119,5,overloading,A,300,0.7560932040214539,2,m6b_physics_lib_v2,0_v2,2026-04-26
M6B_L5_00120,5,overloading,A,300,0.6076785922050476,2,m6b_physics_lib_v2,0_v2,2026-04-26
M6B_L5_00121,5,overloading,A,300,0.9693053364753723,2,m6b_physics_lib_v2,0_v2,2026-04-26
M6B_L5_00122,5,overloading,A,300,0.8192955851554871,2,m6b_physics_lib_v2,0_v2,2026-04-26
M6B_L5_00123,5,overloading,A,300,0.9498003125190735,2,m6b_physics_lib_v2,0_v2,2026-04-26
M6B_L5_00124,5,overloading,A,300,0.5546355843544006,2,m6b_physics_lib_v2,0_v2,2026-04-26
M6B_L5_00125,5,overloading,A,300,0.811425507068634,2,m6b_physics_lib_v2,0_v2,2026-04-26
M6B_L5_00126,5,overloading,A,300,0.9247308969497681,2,m6b_physics_lib_v2,0_v2,2026-04-26
M6B_L5_00127,5,overloading,A,300,0.6654604077339172,2,m6b_physics_lib_v2,0_v2,2026-04-26
M6B_L5_00128,5,overloading,A,300,0.597571611404419,2,m6b_physics_lib_v2,0_v2,2026-04-26
M6B_L5_00129,5,overloading,A,300,0.6325106620788574,2,m6b_physics_lib_v2,0_v2,2026-04-26
M6B_L5_00130,5,overloading,A,300,0.6364668607711792,2,m6b_physics_lib_v2,0_v2,2026-04-26
M6B_L5_00131,5,overloading,A,300,0.7235994935035706,2,m6b_physics_lib_v2,0_v2,2026-04-26
M6B_L5_00132,5,overloading,A,300,0.6629818081855774,2,m6b_physics_lib_v2,0_v2,2026-04-26
M6B_L5_00133,5,overloading,A,300,0.6356370449066162,2,m6b_physics_lib_v2,0_v2,2026-04-26
M6B_L5_00134,5,overloading,A,300,0.8242561221122742,2,m6b_physics_lib_v2,0_v2,2026-04-26
M6B_L5_00135,5,overloading,A,300,0.5265161991119385,2,m6b_physics_lib_v2,0_v2,2026-04-26
M6B_L5_00136,5,overloading,A,300,0.6701818704605103,2,m6b_physics_lib_v2,0_v2,2026-04-26
M6B_L5_00137,5,overloading,A,300,0.8448759913444519,2,m6b_physics_lib_v2,0_v2,2026-04-26
M6B_L5_00138,5,overloading,A,300,0.5879248976707458,2,m6b_physics_lib_v2,0_v2,2026-04-26
M6B_L5_00139,5,overloading,A,300,0.6104639172554016,2,m6b_physics_lib_v2,0_v2,2026-04-26
M6B_L5_00140,5,overloading,A,300,0.6003333330154419,2,m6b_physics_lib_v2,0_v2,2026-04-26
M6B_L5_00141,5,overloading,A,300,0.50046306848526,2,m6b_physics_lib_v2,0_v2,2026-04-26
M6B_L5_00142,5,overloading,A,300,0.7368838787078857,2,m6b_physics_lib_v2,0_v2,2026-04-26
M6B_L5_00143,5,overloading,A,300,0.5194793939590454,2,m6b_physics_lib_v2,0_v2,2026-04-26
M6B_L5_00144,5,overloading,A,300,0.6364699006080627,2,m6b_physics_lib_v2,0_v2,2026-04-26
M6B_L5_00145,5,overloading,A,300,0.9974017143249512,2,m6b_physics_lib_v2,0_v2,2026-04-26
M6B_L5_00146,5,overloading,A,300,0.9591981172561646,2,m6b_physics_lib_v2,0_v2,2026-04-26
M6B_L5_00147,5,overloading,A,300,0.6075379252433777,2,m6b_physics_lib_v2,0_v2,2026-04-26
M6B_L5_00148,5,overloading,A,300,0.6550012230873108,2,m6b_physics_lib_v2,0_v2,2026-04-26
M6B_L5_00149,5,overloading,A,300,0.7318522930145264,2,m6b_physics_lib_v2,0_v2,2026-04-26
M6B_L5_00150,5,overloading,A,300,0.9222067594528198,2,m6b_physics_lib_v2,0_v2,2026-04-26
M6B_L5_00151,5,overloading,A,300,0.9013229608535767,2,m6b_physics_lib_v2,0_v2,2026-04-26
M6B_L5_00152,5,overloading,A,300,0.5631207227706909,2,m6b_physics_lib_v2,0_v2,2026-04-26
M6B_L5_00153,5,overloading,A,300,0.5622244477272034,2,m6b_physics_lib_v2,0_v2,2026-04-26
M6B_L5_00154,5,overloading,A,300,0.7083661556243896,2,m6b_physics_lib_v2,0_v2,2026-04-26
M6B_L5_00155,5,overloading,A,300,0.9350476861000061,2,m6b_physics_lib_v2,0_v2,2026-04-26
M6B_L5_00156,5,overloading,A,300,0.9410424828529358,2,m6b_physics_lib_v2,0_v2,2026-04-26
M6B_L5_00157,5,overloading,A,300,0.5536829233169556,2,m6b_physics_lib_v2,0_v2,2026-04-26
M6B_L5_00158,5,overloading,A,300,0.787148654460907,2,m6b_physics_lib_v2,0_v2,2026-04-26
M6B_L5_00159,5,overloading,A,300,0.5778375864028931,2,m6b_physics_lib_v2,0_v2,2026-04-26
M6B_L5_00160,5,overloading,A,300,0.8430646657943726,2,m6b_physics_lib_v2,0_v2,2026-04-26
M6B_L5_00161,5,overloading,A,300,0.9582166075706482,2,m6b_physics_lib_v2,0_v2,2026-04-26
M6B_L5_00162,5,overloading,A,300,0.727384626865387,2,m6b_physics_lib_v2,0_v2,2026-04-26
M6B_L5_00163,5,overloading,A,300,0.5415413975715637,2,m6b_physics_lib_v2,0_v2,2026-04-26
M6B_L5_00164,5,overloading,A,300,0.7896270751953125,2,m6b_physics_lib_v2,0_v2,2026-04-26
M6B_L5_00165,5,overloading,A,300,0.7042583227157593,2,m6b_physics_lib_v2,0_v2,2026-04-26
M6B_L5_00166,5,overloading,A,300,0.905449390411377,2,m6b_physics_lib_v2,0_v2,2026-04-26
M6B_L5_00167,5,overloading,A,300,0.6701722145080566,2,m6b_physics_lib_v2,0_v2,2026-04-26
M6B_L5_00168,5,overloading,A,300,0.9374486207962036,2,m6b_physics_lib_v2,0_v2,2026-04-26
M6B_L5_00169,5,overloading,A,300,0.6368501782417297,2,m6b_physics_lib_v2,0_v2,2026-04-26
M6B_L5_00170,5,overloading,A,300,0.5787588357925415,2,m6b_physics_lib_v2,0_v2,2026-04-26
M6B_L5_00171,5,overloading,A,300,0.6532402038574219,2,m6b_physics_lib_v2,0_v2,2026-04-26
M6B_L5_00172,5,overloading,A,300,0.517457902431488,2,m6b_physics_lib_v2,0_v2,2026-04-26
M6B_L5_00173,5,overloading,A,300,0.6406229734420776,2,m6b_physics_lib_v2,0_v2,2026-04-26
M6B_L5_00174,5,overloading,A,300,0.8300588130950928,2,m6b_physics_lib_v2,0_v2,2026-04-26
M6B_L5_00175,5,overloading,A,300,0.5711414813995361,2,m6b_physics_lib_v2,0_v2,2026-04-26
M6B_L5_00176,5,overloading,A,300,0.5556824803352356,2,m6b_physics_lib_v2,0_v2,2026-04-26
M6B_L5_00177,5,overloading,A,300,0.566192626953125,2,m6b_physics_lib_v2,0_v2,2026-04-26
M6B_L5_00178,5,overloading,A,300,0.5387758612632751,2,m6b_physics_lib_v2,0_v2,2026-04-26
M6B_L5_00179,5,overloading,A,300,0.9373177289962769,2,m6b_physics_lib_v2,0_v2,2026-04-26
M6B_L5_00180,5,overloading,A,300,0.972057580947876,2,m6b_physics_lib_v2,0_v2,2026-04-26
M6B_L5_00181,5,overloading,A,300,0.5232805609703064,2,m6b_physics_lib_v2,0_v2,2026-04-26
M6B_L5_00182,5,overloading,A,300,0.8800358772277832,2,m6b_physics_lib_v2,0_v2,2026-04-26
M6B_L5_00183,5,overloading,A,300,0.8685758709907532,2,m6b_physics_lib_v2,0_v2,2026-04-26
M6B_L5_00184,5,overloading,A,300,0.9984546899795532,2,m6b_physics_lib_v2,0_v2,2026-04-26
M6B_L5_00185,5,overloading,A,300,0.6739353537559509,2,m6b_physics_lib_v2,0_v2,2026-04-26
M6B_L5_00186,5,overloading,A,300,0.6427544951438904,2,m6b_physics_lib_v2,0_v2,2026-04-26
M6B_L5_00187,5,overloading,A,300,0.7265410423278809,2,m6b_physics_lib_v2,0_v2,2026-04-26
M6B_L5_00188,5,overloading,A,300,0.9282875657081604,2,m6b_physics_lib_v2,0_v2,2026-04-26
M6B_L5_00189,5,overloading,A,300,0.8642967939376831,2,m6b_physics_lib_v2,0_v2,2026-04-26
M6B_L5_00190,5,overloading,A,300,0.7358118891716003,2,m6b_physics_lib_v2,0_v2,2026-04-26
M6B_L5_00191,5,overloading,A,300,0.6222814321517944,2,m6b_physics_lib_v2,0_v2,2026-04-26
M6B_L5_00192,5,overloading,A,300,0.863507866859436,2,m6b_physics_lib_v2,0_v2,2026-04-26
M6B_L5_00193,5,overloading,A,300,0.9272634387016296,2,m6b_physics_lib_v2,0_v2,2026-04-26
M6B_L5_00194,5,overloading,A,300,0.6999756097793579,2,m6b_physics_lib_v2,0_v2,2026-04-26
M6B_L5_00195,5,overloading,A,300,0.8342927098274231,2,m6b_physics_lib_v2,0_v2,2026-04-26
M6B_L5_00196,5,overloading,A,300,0.7001060247421265,2,m6b_physics_lib_v2,0_v2,2026-04-26
M6B_L5_00197,5,overloading,A,300,0.7392467260360718,2,m6b_physics_lib_v2,0_v2,2026-04-26
M6B_L5_00198,5,overloading,A,300,0.7624551653862,2,m6b_physics_lib_v2,0_v2,2026-04-26
M6B_L5_00199,5,overloading,A,300,0.8878629207611084,2,m6b_physics_lib_v2,0_v2,2026-04-26
M6B_L5_00200,5,overloading,A,300,0.9887530207633972,2,m6b_physics_lib_v2,0_v2,2026-04-26
M6B_L5_00201,5,overloading,A,300,0.722183108329773,2,m6b_physics_lib_v2,0_v2,2026-04-26
M6B_L5_00202,5,overloading,A,300,0.6711574792861938,2,m6b_physics_lib_v2,0_v2,2026-04-26
M6B_L5_00203,5,overloading,A,300,0.6867955327033997,2,m6b_physics_lib_v2,0_v2,2026-04-26
M6B_L5_00204,5,overloading,A,300,0.5669445395469666,2,m6b_physics_lib_v2,0_v2,2026-04-26
M6B_L5_00205,5,overloading,A,300,0.6484693884849548,2,m6b_physics_lib_v2,0_v2,2026-04-26
M6B_L5_00206,5,overloading,A,300,0.5432236790657043,2,m6b_physics_lib_v2,0_v2,2026-04-26
M6B_L5_00207,5,overloading,A,300,0.7139471173286438,2,m6b_physics_lib_v2,0_v2,2026-04-26
M6B_L5_00208,5,overloading,A,300,0.583678662776947,2,m6b_physics_lib_v2,0_v2,2026-04-26
M6B_L5_00209,5,overloading,A,300,0.6732033491134644,2,m6b_physics_lib_v2,0_v2,2026-04-26
M6B_L5_00210,5,overloading,A,300,0.8967888951301575,2,m6b_physics_lib_v2,0_v2,2026-04-26
M6B_L5_00211,5,overloading,A,300,0.6229638457298279,2,m6b_physics_lib_v2,0_v2,2026-04-26
M6B_L5_00212,5,overloading,A,300,0.8059473037719727,2,m6b_physics_lib_v2,0_v2,2026-04-26
M6B_L5_00213,5,overloading,A,300,0.9505907297134399,2,m6b_physics_lib_v2,0_v2,2026-04-26
M6B_L5_00214,5,overloading,A,300,0.7834646105766296,2,m6b_physics_lib_v2,0_v2,2026-04-26
M6B_L5_00215,5,overloading,A,300,0.5968962907791138,2,m6b_physics_lib_v2,0_v2,2026-04-26
M6B_L5_00216,5,overloading,A,300,0.6723830699920654,2,m6b_physics_lib_v2,0_v2,2026-04-26
M6B_L5_00217,5,overloading,A,300,0.7951846122741699,2,m6b_physics_lib_v2,0_v2,2026-04-26
M6B_L5_00218,5,overloading,A,300,0.7533055543899536,2,m6b_physics_lib_v2,0_v2,2026-04-26
M6B_L5_00219,5,overloading,A,300,0.5743099451065063,2,m6b_physics_lib_v2,0_v2,2026-04-26
M6B_L5_00220,5,overloading,A,300,0.7233981490135193,2,m6b_physics_lib_v2,0_v2,2026-04-26
M6B_L5_00221,5,overloading,A,300,0.7715333700180054,2,m6b_physics_lib_v2,0_v2,2026-04-26
M6B_L5_00222,5,overloading,A,300,0.6336663365364075,2,m6b_physics_lib_v2,0_v2,2026-04-26
M6B_L5_00223,5,overloading,A,300,0.8062227368354797,2,m6b_physics_lib_v2,0_v2,2026-04-26
M6B_L5_00224,5,overloading,A,300,0.535080075263977,2,m6b_physics_lib_v2,0_v2,2026-04-26
M6B_L5_00225,5,overloading,A,300,0.6683034896850586,2,m6b_physics_lib_v2,0_v2,2026-04-26
M6B_L5_00226,5,overloading,A,300,0.9021384119987488,2,m6b_physics_lib_v2,0_v2,2026-04-26
M6B_L5_00227,5,overloading,A,300,0.6296424269676208,2,m6b_physics_lib_v2,0_v2,2026-04-26
M6B_L5_00228,5,overloading,A,300,0.8025884032249451,2,m6b_physics_lib_v2,0_v2,2026-04-26
M6B_L5_00229,5,overloading,A,300,0.7050148844718933,2,m6b_physics_lib_v2,0_v2,2026-04-26
M6B_L5_00230,5,overloading,A,300,0.6582300662994385,2,m6b_physics_lib_v2,0_v2,2026-04-26
M6B_L5_00231,5,overloading,A,300,0.9580658674240112,2,m6b_physics_lib_v2,0_v2,2026-04-26
M6B_L5_00232,5,overloading,A,300,0.671630859375,2,m6b_physics_lib_v2,0_v2,2026-04-26
M6B_L5_00233,5,overloading,A,300,0.6183379292488098,2,m6b_physics_lib_v2,0_v2,2026-04-26
M6B_L5_00234,5,overloading,A,300,0.9546506404876709,2,m6b_physics_lib_v2,0_v2,2026-04-26
M6B_L5_00235,5,overloading,A,300,0.8729721903800964,2,m6b_physics_lib_v2,0_v2,2026-04-26
M6B_L5_00236,5,overloading,A,300,0.8408998847007751,2,m6b_physics_lib_v2,0_v2,2026-04-26
M6B_L5_00237,5,overloading,A,300,0.5247674584388733,2,m6b_physics_lib_v2,0_v2,2026-04-26
M6B_L5_00238,5,overloading,A,300,0.5656024813652039,2,m6b_physics_lib_v2,0_v2,2026-04-26
M6B_L5_00239,5,overloading,A,300,0.8191699981689453,2,m6b_physics_lib_v2,0_v2,2026-04-26
M6B_L5_00240,5,overloading,A,300,0.604716420173645,2,m6b_physics_lib_v2,0_v2,2026-04-26
M6B_L5_00241,5,overloading,A,300,0.6128190159797668,2,m6b_physics_lib_v2,0_v2,2026-04-26
M6B_L5_00242,5,overloading,A,300,0.8895692825317383,2,m6b_physics_lib_v2,0_v2,2026-04-26
M6B_L5_00243,5,overloading,A,300,0.6429624557495117,2,m6b_physics_lib_v2,0_v2,2026-04-26
M6B_L5_00244,5,overloading,A,300,0.535793662071228,2,m6b_physics_lib_v2,0_v2,2026-04-26
M6B_L5_00245,5,overloading,A,300,0.5182159543037415,2,m6b_physics_lib_v2,0_v2,2026-04-26
M6B_L5_00246,5,overloading,A,300,0.7215889692306519,2,m6b_physics_lib_v2,0_v2,2026-04-26
M6B_L5_00247,5,overloading,A,300,0.808564305305481,2,m6b_physics_lib_v2,0_v2,2026-04-26
M6B_L5_00248,5,overloading,A,300,0.9344426393508911,2,m6b_physics_lib_v2,0_v2,2026-04-26
M6B_L5_00249,5,overloading,A,300,0.5554022192955017,2,m6b_physics_lib_v2,0_v2,2026-04-26
M6B_L5_00250,5,overloading,A,300,0.598336398601532,2,m6b_physics_lib_v2,0_v2,2026-04-26
M6B_L5_00251,5,overloading,A,300,0.7649003267288208,2,m6b_physics_lib_v2,0_v2,2026-04-26
M6B_L5_00252,5,overloading,A,300,0.6820541620254517,2,m6b_physics_lib_v2,0_v2,2026-04-26
M6B_L5_00253,5,overloading,A,300,0.7412687540054321,2,m6b_physics_lib_v2,0_v2,2026-04-26
M6B_L5_00254,5,overloading,A,300,0.9620622992515564,2,m6b_physics_lib_v2,0_v2,2026-04-26
M6B_L5_00255,5,overloading,A,300,0.772445797920227,2,m6b_physics_lib_v2,0_v2,2026-04-26
M6B_L5_00256,5,overloading,A,300,0.7075603008270264,2,m6b_physics_lib_v2,0_v2,2026-04-26
M6B_L5_00257,5,overloading,A,300,0.9947199821472168,2,m6b_physics_lib_v2,0_v2,2026-04-26
M6B_L5_00258,5,overloading,A,300,0.5326078534126282,2,m6b_physics_lib_v2,0_v2,2026-04-26
M6B_L5_00259,5,overloading,A,300,0.9660567045211792,2,m6b_physics_lib_v2,0_v2,2026-04-26
M6B_L5_00260,5,overloading,A,300,0.7508309483528137,2,m6b_physics_lib_v2,0_v2,2026-04-26
M6B_L5_00261,5,overloading,A,300,0.7518781423568726,2,m6b_physics_lib_v2,0_v2,2026-04-26
M6B_L5_00262,5,overloading,A,300,0.9609821438789368,2,m6b_physics_lib_v2,0_v2,2026-04-26
M6B_L5_00263,5,overloading,A,300,0.7536619901657104,2,m6b_physics_lib_v2,0_v2,2026-04-26
M6B_L5_00264,5,overloading,A,300,0.719203531742096,2,m6b_physics_lib_v2,0_v2,2026-04-26
M6B_L5_00265,5,overloading,A,300,0.6362442970275879,2,m6b_physics_lib_v2,0_v2,2026-04-26
M6B_L5_00266,5,overloading,A,300,0.8294084072113037,2,m6b_physics_lib_v2,0_v2,2026-04-26
M6B_L5_00267,5,overloading,A,300,0.7848225235939026,2,m6b_physics_lib_v2,0_v2,2026-04-26
M6B_L5_00268,5,overloading,A,300,0.6071727275848389,2,m6b_physics_lib_v2,0_v2,2026-04-26
M6B_L5_00269,5,overloading,A,300,0.8547064661979675,2,m6b_physics_lib_v2,0_v2,2026-04-26
M6B_L5_00270,5,overloading,A,300,0.8220434188842773,2,m6b_physics_lib_v2,0_v2,2026-04-26
M6B_L5_00271,5,overloading,A,300,0.6986669301986694,2,m6b_physics_lib_v2,0_v2,2026-04-26
M6B_L5_00272,5,overloading,A,300,0.5022004842758179,2,m6b_physics_lib_v2,0_v2,2026-04-26
M6B_L5_00273,5,overloading,A,300,0.7232905626296997,2,m6b_physics_lib_v2,0_v2,2026-04-26
M6B_L5_00274,5,overloading,A,300,0.5030290484428406,2,m6b_physics_lib_v2,0_v2,2026-04-26
M6B_L5_00275,5,overloading,A,300,0.5374992489814758,2,m6b_physics_lib_v2,0_v2,2026-04-26
M6B_L5_00276,5,overloading,A,300,0.715304970741272,2,m6b_physics_lib_v2,0_v2,2026-04-26
M6B_L5_00277,5,overloading,A,300,0.5409599542617798,2,m6b_physics_lib_v2,0_v2,2026-04-26
M6B_L5_00278,5,overloading,A,300,0.6378327012062073,2,m6b_physics_lib_v2,0_v2,2026-04-26
M6B_L5_00279,5,overloading,A,300,0.8277456760406494,2,m6b_physics_lib_v2,0_v2,2026-04-26
M6B_L5_00280,5,overloading,A,300,0.6543076634407043,2,m6b_physics_lib_v2,0_v2,2026-04-26
M6B_L5_00281,5,overloading,A,300,0.9988242983818054,2,m6b_physics_lib_v2,0_v2,2026-04-26
M6B_L5_00282,5,overloading,A,300,0.9581510424613953,2,m6b_physics_lib_v2,0_v2,2026-04-26
M6B_L5_00283,5,overloading,A,300,0.7926549315452576,2,m6b_physics_lib_v2,0_v2,2026-04-26
M6B_L5_00284,5,overloading,A,300,0.9834735989570618,2,m6b_physics_lib_v2,0_v2,2026-04-26
M6B_L5_00285,5,overloading,A,300,0.9340086579322815,2,m6b_physics_lib_v2,0_v2,2026-04-26
M6B_L5_00286,5,overloading,A,300,0.6594492793083191,2,m6b_physics_lib_v2,0_v2,2026-04-26
M6B_L5_00287,5,overloading,A,300,0.8747981190681458,2,m6b_physics_lib_v2,0_v2,2026-04-26
M6B_L5_00288,5,overloading,A,300,0.5684158802032471,2,m6b_physics_lib_v2,0_v2,2026-04-26
M6B_L5_00289,5,overloading,A,300,0.8422757387161255,2,m6b_physics_lib_v2,0_v2,2026-04-26
M6B_L5_00290,5,overloading,A,300,0.7455409169197083,2,m6b_physics_lib_v2,0_v2,2026-04-26
M6B_L5_00291,5,overloading,A,300,0.5084129571914673,2,m6b_physics_lib_v2,0_v2,2026-04-26
M6B_L5_00292,5,overloading,A,300,0.6371148824691772,2,m6b_physics_lib_v2,0_v2,2026-04-26
M6B_L5_00293,5,overloading,A,300,0.977691113948822,2,m6b_physics_lib_v2,0_v2,2026-04-26
M6B_L5_00294,5,overloading,A,300,0.6579157710075378,2,m6b_physics_lib_v2,0_v2,2026-04-26
M6B_L5_00295,5,overloading,A,300,0.5907272100448608,2,m6b_physics_lib_v2,0_v2,2026-04-26
M6B_L5_00296,5,overloading,A,300,0.5937657356262207,2,m6b_physics_lib_v2,0_v2,2026-04-26
M6B_L5_00297,5,overloading,A,300,0.7396066188812256,2,m6b_physics_lib_v2,0_v2,2026-04-26
M6B_L5_00298,5,overloading,A,300,0.921324610710144,2,m6b_physics_lib_v2,0_v2,2026-04-26
M6B_L5_00299,5,overloading,A,300,0.8790009021759033,2,m6b_physics_lib_v2,0_v2,2026-04-26
M6B_L5_00300,5,overloading,A,300,0.718425989151001,2,m6b_physics_lib_v2,0_v2,2026-04-26
M6B_L5_00301,5,overloading,A,300,0.6043634414672852,2,m6b_physics_lib_v2,0_v2,2026-04-26
M6B_L5_00302,5,overloading,A,300,0.5230324268341064,2,m6b_physics_lib_v2,0_v2,2026-04-26
M6B_L5_00303,5,overloading,A,300,0.7313151359558105,2,m6b_physics_lib_v2,0_v2,2026-04-26
M6B_L5_00304,5,overloading,A,300,0.9073876738548279,2,m6b_physics_lib_v2,0_v2,2026-04-26
M6B_L5_00305,5,overloading,A,300,0.8648409843444824,2,m6b_physics_lib_v2,0_v2,2026-04-26
M6B_L5_00306,5,overloading,A,300,0.7043004035949707,2,m6b_physics_lib_v2,0_v2,2026-04-26
M6B_L5_00307,5,overloading,A,300,0.7973513603210449,2,m6b_physics_lib_v2,0_v2,2026-04-26
M6B_L5_00308,5,overloading,A,300,0.7181232571601868,2,m6b_physics_lib_v2,0_v2,2026-04-26
M6B_L5_00309,5,overloading,A,300,0.789508044719696,2,m6b_physics_lib_v2,0_v2,2026-04-26
M6B_L5_00310,5,overloading,A,300,0.7587526440620422,2,m6b_physics_lib_v2,0_v2,2026-04-26
M6B_L5_00311,5,overloading,A,300,0.8404833078384399,2,m6b_physics_lib_v2,0_v2,2026-04-26
M6B_L5_00312,5,overloading,A,300,0.7538543939590454,2,m6b_physics_lib_v2,0_v2,2026-04-26
M6B_L5_00313,5,overloading,A,300,0.9703055024147034,2,m6b_physics_lib_v2,0_v2,2026-04-26
M6B_L5_00314,5,overloading,A,300,0.7140141129493713,2,m6b_physics_lib_v2,0_v2,2026-04-26
M6B_L5_00315,5,overloading,A,300,0.507958173751831,2,m6b_physics_lib_v2,0_v2,2026-04-26
M6B_L5_00316,5,overloading,A,300,0.6181867718696594,2,m6b_physics_lib_v2,0_v2,2026-04-26
M6B_L5_00317,5,overloading,A,300,0.7503034472465515,2,m6b_physics_lib_v2,0_v2,2026-04-26
M6B_L5_00318,5,overloading,A,300,0.7702859044075012,2,m6b_physics_lib_v2,0_v2,2026-04-26
M6B_L5_00319,5,overloading,A,300,0.7761923670768738,2,m6b_physics_lib_v2,0_v2,2026-04-26
M6B_L5_00320,5,overloading,A,300,0.8572760224342346,2,m6b_physics_lib_v2,0_v2,2026-04-26
M6B_L5_00321,5,overloading,A,300,0.6373240947723389,2,m6b_physics_lib_v2,0_v2,2026-04-26
M6B_L5_00322,5,overloading,A,300,0.8324518203735352,2,m6b_physics_lib_v2,0_v2,2026-04-26
M6B_L5_00323,5,overloading,A,300,0.8520161509513855,2,m6b_physics_lib_v2,0_v2,2026-04-26
M6B_L5_00324,5,overloading,A,300,0.7056403756141663,2,m6b_physics_lib_v2,0_v2,2026-04-26
M6B_L5_00325,5,overloading,A,300,0.701084554195404,2,m6b_physics_lib_v2,0_v2,2026-04-26
M6B_L5_00326,5,overloading,A,300,0.589462399482727,2,m6b_physics_lib_v2,0_v2,2026-04-26
M6B_L5_00327,5,overloading,A,300,0.7069936990737915,2,m6b_physics_lib_v2,0_v2,2026-04-26
M6B_L5_00328,5,overloading,A,300,0.8934081196784973,2,m6b_physics_lib_v2,0_v2,2026-04-26
M6B_L5_00329,5,overloading,A,300,0.9544864892959595,2,m6b_physics_lib_v2,0_v2,2026-04-26
M6B_L5_00330,5,overloading,A,300,0.7968065738677979,2,m6b_physics_lib_v2,0_v2,2026-04-26
M6B_L5_00331,5,overloading,A,300,0.6496851444244385,2,m6b_physics_lib_v2,0_v2,2026-04-26
M6B_L5_00332,5,overloading,A,300,0.841144859790802,2,m6b_physics_lib_v2,0_v2,2026-04-26
M6B_L5_00333,5,overloading,A,300,0.8700730800628662,2,m6b_physics_lib_v2,0_v2,2026-04-26
M6B_L5_00334,5,overloading,A,300,0.6661064028739929,2,m6b_physics_lib_v2,0_v2,2026-04-26
M6B_L5_00335,5,overloading,A,300,0.9132739305496216,2,m6b_physics_lib_v2,0_v2,2026-04-26
M6B_L5_00336,5,overloading,A,300,0.5368478894233704,2,m6b_physics_lib_v2,0_v2,2026-04-26
M6B_L5_00337,5,overloading,A,300,0.5053768754005432,2,m6b_physics_lib_v2,0_v2,2026-04-26
M6B_L5_00338,5,overloading,A,300,0.5614854097366333,2,m6b_physics_lib_v2,0_v2,2026-04-26
M6B_L5_00339,5,overloading,A,300,0.5780041813850403,2,m6b_physics_lib_v2,0_v2,2026-04-26
M6B_L5_00340,5,overloading,A,300,0.9394645094871521,2,m6b_physics_lib_v2,0_v2,2026-04-26
M6B_L5_00341,5,overloading,A,300,0.7124908566474915,2,m6b_physics_lib_v2,0_v2,2026-04-26
M6B_L5_00342,5,overloading,A,300,0.6374658346176147,2,m6b_physics_lib_v2,0_v2,2026-04-26
M6B_L5_00343,5,overloading,A,300,0.7145375609397888,2,m6b_physics_lib_v2,0_v2,2026-04-26
M6B_L5_00344,5,overloading,A,300,0.6974204182624817,2,m6b_physics_lib_v2,0_v2,2026-04-26
M6B_L5_00345,5,overloading,A,300,0.6507308483123779,2,m6b_physics_lib_v2,0_v2,2026-04-26
M6B_L5_00346,5,overloading,A,300,0.568949818611145,2,m6b_physics_lib_v2,0_v2,2026-04-26
M6B_L5_00347,5,overloading,A,300,0.8279577493667603,2,m6b_physics_lib_v2,0_v2,2026-04-26
M6B_L5_00348,5,overloading,A,300,0.5683022141456604,2,m6b_physics_lib_v2,0_v2,2026-04-26
M6B_L5_00349,5,overloading,A,300,0.8877122402191162,2,m6b_physics_lib_v2,0_v2,2026-04-26
M6B_L5_00350,5,overloading,A,300,0.6008440256118774,2,m6b_physics_lib_v2,0_v2,2026-04-26
M6B_L5_00351,5,overloading,A,300,0.8656856417655945,2,m6b_physics_lib_v2,0_v2,2026-04-26
M6B_L5_00352,5,overloading,A,300,0.9027930498123169,2,m6b_physics_lib_v2,0_v2,2026-04-26
M6B_L5_00353,5,overloading,A,300,0.5626630187034607,2,m6b_physics_lib_v2,0_v2,2026-04-26
M6B_L5_00354,5,overloading,A,300,0.5433728694915771,2,m6b_physics_lib_v2,0_v2,2026-04-26
M6B_L5_00355,5,overloading,A,300,0.9747864007949829,2,m6b_physics_lib_v2,0_v2,2026-04-26
M6B_L5_00356,5,overloading,A,300,0.7315233945846558,2,m6b_physics_lib_v2,0_v2,2026-04-26
M6B_L5_00357,5,overloading,A,300,0.8151177763938904,2,m6b_physics_lib_v2,0_v2,2026-04-26
M6B_L5_00358,5,overloading,A,300,0.5116302371025085,2,m6b_physics_lib_v2,0_v2,2026-04-26
M6B_L5_00359,5,overloading,A,300,0.6393550634384155,2,m6b_physics_lib_v2,0_v2,2026-04-26
M6B_L5_00360,5,overloading,A,300,0.7526988387107849,2,m6b_physics_lib_v2,0_v2,2026-04-26
M6B_L5_00361,5,overloading,A,300,0.9431091547012329,2,m6b_physics_lib_v2,0_v2,2026-04-26
M6B_L5_00362,5,overloading,A,300,0.6357197165489197,2,m6b_physics_lib_v2,0_v2,2026-04-26
M6B_L5_00363,5,overloading,A,300,0.8875956535339355,2,m6b_physics_lib_v2,0_v2,2026-04-26
M6B_L5_00364,5,overloading,A,300,0.8311064839363098,2,m6b_physics_lib_v2,0_v2,2026-04-26
M6B_L5_00365,5,overloading,A,300,0.5576353669166565,2,m6b_physics_lib_v2,0_v2,2026-04-26
M6B_L5_00366,5,overloading,A,300,0.6466875672340393,2,m6b_physics_lib_v2,0_v2,2026-04-26
M6B_L5_00367,5,overloading,A,300,0.6189320087432861,2,m6b_physics_lib_v2,0_v2,2026-04-26
M6B_L5_00368,5,overloading,A,300,0.7212637662887573,2,m6b_physics_lib_v2,0_v2,2026-04-26
M6B_L5_00369,5,overloading,A,300,0.8176671266555786,2,m6b_physics_lib_v2,0_v2,2026-04-26
M6B_L5_00370,5,overloading,A,300,0.7167098522186279,2,m6b_physics_lib_v2,0_v2,2026-04-26
M6B_L5_00371,5,overloading,A,300,0.6222682595252991,2,m6b_physics_lib_v2,0_v2,2026-04-26
M6B_L5_00372,5,overloading,A,300,0.8479393720626831,2,m6b_physics_lib_v2,0_v2,2026-04-26
M6B_L5_00373,5,overloading,A,300,0.7922355532646179,2,m6b_physics_lib_v2,0_v2,2026-04-26
M6B_L5_00374,5,overloading,A,300,0.7596569657325745,2,m6b_physics_lib_v2,0_v2,2026-04-26
M6B_L5_00375,5,overloading,A,300,0.7772098183631897,2,m6b_physics_lib_v2,0_v2,2026-04-26
M6B_L5_00376,5,overloading,A,300,0.6109503507614136,2,m6b_physics_lib_v2,0_v2,2026-04-26
M6B_L5_00377,5,overloading,A,300,0.8402155041694641,2,m6b_physics_lib_v2,0_v2,2026-04-26
M6B_L5_00378,5,overloading,A,300,0.693750262260437,2,m6b_physics_lib_v2,0_v2,2026-04-26
M6B_L5_00379,5,overloading,A,300,0.6817339062690735,2,m6b_physics_lib_v2,0_v2,2026-04-26
M6B_L5_00380,5,overloading,A,300,0.5748671293258667,2,m6b_physics_lib_v2,0_v2,2026-04-26
M6B_L5_00381,5,overloading,A,300,0.7984186410903931,2,m6b_physics_lib_v2,0_v2,2026-04-26
M6B_L5_00382,5,overloading,A,300,0.8013321757316589,2,m6b_physics_lib_v2,0_v2,2026-04-26
M6B_L5_00383,5,overloading,A,300,0.6701503396034241,2,m6b_physics_lib_v2,0_v2,2026-04-26
M6B_L5_00384,5,overloading,A,300,0.9299250245094299,2,m6b_physics_lib_v2,0_v2,2026-04-26
M6B_L5_00385,5,overloading,A,300,0.922728955745697,2,m6b_physics_lib_v2,0_v2,2026-04-26
M6B_L5_00386,5,overloading,A,300,0.5545271635055542,2,m6b_physics_lib_v2,0_v2,2026-04-26
M6B_L5_00387,5,overloading,A,300,0.8475192189216614,2,m6b_physics_lib_v2,0_v2,2026-04-26
M6B_L5_00388,5,overloading,A,300,0.6969173550605774,2,m6b_physics_lib_v2,0_v2,2026-04-26
M6B_L5_00389,5,overloading,A,300,0.9998574256896973,2,m6b_physics_lib_v2,0_v2,2026-04-26
M6B_L5_00390,5,overloading,A,300,0.6125118136405945,2,m6b_physics_lib_v2,0_v2,2026-04-26
M6B_L5_00391,5,overloading,A,300,0.6402621269226074,2,m6b_physics_lib_v2,0_v2,2026-04-26
M6B_L5_00392,5,overloading,A,300,0.7210531234741211,2,m6b_physics_lib_v2,0_v2,2026-04-26
M6B_L5_00393,5,overloading,A,300,0.6343575716018677,2,m6b_physics_lib_v2,0_v2,2026-04-26
M6B_L5_00394,5,overloading,A,300,0.8459966778755188,2,m6b_physics_lib_v2,0_v2,2026-04-26
M6B_L5_00395,5,overloading,A,300,0.7404540777206421,2,m6b_physics_lib_v2,0_v2,2026-04-26
M6B_L5_00396,5,overloading,A,300,0.6104394197463989,2,m6b_physics_lib_v2,0_v2,2026-04-26
M6B_L5_00397,5,overloading,A,300,0.7531870603561401,2,m6b_physics_lib_v2,0_v2,2026-04-26
M6B_L5_00398,5,overloading,A,300,0.9443938732147217,2,m6b_physics_lib_v2,0_v2,2026-04-26
M6B_L5_00399,5,overloading,A,300,0.8961977958679199,2,m6b_physics_lib_v2,0_v2,2026-04-26
M6B_L5_00400,5,overloading,A,300,0.7494144439697266,2,m6b_physics_lib_v2,0_v2,2026-04-26
M6B_L5_00401,5,overloading,A,300,0.6442462801933289,2,m6b_physics_lib_v2,0_v2,2026-04-26
M6B_L5_00402,5,overloading,A,300,0.5899432301521301,2,m6b_physics_lib_v2,0_v2,2026-04-26
M6B_L5_00403,5,overloading,A,300,0.939191460609436,2,m6b_physics_lib_v2,0_v2,2026-04-26
M6B_L5_00404,5,overloading,A,300,0.8550834655761719,2,m6b_physics_lib_v2,0_v2,2026-04-26
M6B_L5_00405,5,overloading,A,300,0.7860816717147827,2,m6b_physics_lib_v2,0_v2,2026-04-26
M6B_L5_00406,5,overloading,A,300,0.9397173523902893,2,m6b_physics_lib_v2,0_v2,2026-04-26
M6B_L5_00407,5,overloading,A,300,0.560845136642456,2,m6b_physics_lib_v2,0_v2,2026-04-26
M6B_L5_00408,5,overloading,A,300,0.841244637966156,2,m6b_physics_lib_v2,0_v2,2026-04-26
M6B_L5_00409,5,overloading,A,300,0.6083561778068542,2,m6b_physics_lib_v2,0_v2,2026-04-26
M6B_L5_00410,5,overloading,A,300,0.5602887272834778,2,m6b_physics_lib_v2,0_v2,2026-04-26
M6B_L5_00411,5,overloading,A,300,0.7328042387962341,2,m6b_physics_lib_v2,0_v2,2026-04-26
M6B_L5_00412,5,overloading,A,300,0.6936964392662048,2,m6b_physics_lib_v2,0_v2,2026-04-26
M6B_L5_00413,5,overloading,A,300,0.9705867767333984,2,m6b_physics_lib_v2,0_v2,2026-04-26
M6B_L5_00414,5,overloading,A,300,0.6619897484779358,2,m6b_physics_lib_v2,0_v2,2026-04-26
M6B_L5_00415,5,overloading,A,300,0.9074511528015137,2,m6b_physics_lib_v2,0_v2,2026-04-26
M6B_L5_00416,5,overloading,A,300,0.8744134902954102,2,m6b_physics_lib_v2,0_v2,2026-04-26
M6B_L5_00417,5,overloading,A,300,0.8339619636535645,2,m6b_physics_lib_v2,0_v2,2026-04-26
M6B_L5_00418,5,overloading,A,300,0.9602002501487732,2,m6b_physics_lib_v2,0_v2,2026-04-26
M6B_L5_00419,5,overloading,A,300,0.7039623260498047,2,m6b_physics_lib_v2,0_v2,2026-04-26
M6B_L5_00420,5,overloading,A,300,0.6948356032371521,2,m6b_physics_lib_v2,0_v2,2026-04-26
M6B_L5_00421,5,overloading,A,300,0.5804737210273743,2,m6b_physics_lib_v2,0_v2,2026-04-26
M6B_L5_00422,5,overloading,A,300,0.6378810405731201,2,m6b_physics_lib_v2,0_v2,2026-04-26
M6B_L5_00423,5,overloading,A,300,0.9398882389068604,2,m6b_physics_lib_v2,0_v2,2026-04-26
M6B_L5_00424,5,overloading,A,300,0.7371910810470581,2,m6b_physics_lib_v2,0_v2,2026-04-26
M6B_L5_00425,5,overloading,A,300,0.6706766486167908,2,m6b_physics_lib_v2,0_v2,2026-04-26
M6B_L5_00426,5,overloading,A,300,0.6080560088157654,2,m6b_physics_lib_v2,0_v2,2026-04-26
M6B_L5_00427,5,overloading,A,300,0.7424800992012024,2,m6b_physics_lib_v2,0_v2,2026-04-26
M6B_L5_00428,5,overloading,A,300,0.8583326935768127,2,m6b_physics_lib_v2,0_v2,2026-04-26
M6B_L5_00429,5,overloading,A,300,0.6433460116386414,2,m6b_physics_lib_v2,0_v2,2026-04-26
M6B_L5_00430,5,overloading,A,300,0.8788582682609558,2,m6b_physics_lib_v2,0_v2,2026-04-26
M6B_L5_00431,5,overloading,A,300,0.814893901348114,2,m6b_physics_lib_v2,0_v2,2026-04-26
M6B_L5_00432,5,overloading,A,300,0.893781304359436,2,m6b_physics_lib_v2,0_v2,2026-04-26
M6B_L5_00433,5,overloading,A,300,0.625454843044281,2,m6b_physics_lib_v2,0_v2,2026-04-26
M6B_L5_00434,5,overloading,A,300,0.815514087677002,2,m6b_physics_lib_v2,0_v2,2026-04-26
M6B_L5_00435,5,overloading,A,300,0.5768676400184631,2,m6b_physics_lib_v2,0_v2,2026-04-26
M6B_L5_00436,5,overloading,A,300,0.6818984746932983,2,m6b_physics_lib_v2,0_v2,2026-04-26
M6B_L5_00437,5,overloading,A,300,0.8621800541877747,2,m6b_physics_lib_v2,0_v2,2026-04-26
M6B_L5_00438,5,overloading,A,300,0.8158341646194458,2,m6b_physics_lib_v2,0_v2,2026-04-26
M6B_L5_00439,5,overloading,A,300,0.5939303636550903,2,m6b_physics_lib_v2,0_v2,2026-04-26
M6B_L5_00440,5,overloading,A,300,0.9291713237762451,2,m6b_physics_lib_v2,0_v2,2026-04-26
M6B_L5_00441,5,overloading,A,300,0.5266754627227783,2,m6b_physics_lib_v2,0_v2,2026-04-26
M6B_L5_00442,5,overloading,A,300,0.7976078391075134,2,m6b_physics_lib_v2,0_v2,2026-04-26
M6B_L5_00443,5,overloading,A,300,0.9919102787971497,2,m6b_physics_lib_v2,0_v2,2026-04-26
M6B_L5_00444,5,overloading,A,300,0.765752375125885,2,m6b_physics_lib_v2,0_v2,2026-04-26
M6B_L5_00445,5,overloading,A,300,0.9003359079360962,2,m6b_physics_lib_v2,0_v2,2026-04-26
M6B_L5_00446,5,overloading,A,300,0.7975904941558838,2,m6b_physics_lib_v2,0_v2,2026-04-26
M6B_L5_00447,5,overloading,A,300,0.8915441632270813,2,m6b_physics_lib_v2,0_v2,2026-04-26
M6B_L5_00448,5,overloading,A,300,0.8277970552444458,2,m6b_physics_lib_v2,0_v2,2026-04-26
M6B_L5_00449,5,overloading,A,300,0.8455660343170166,2,m6b_physics_lib_v2,0_v2,2026-04-26
M6B_L5_00450,5,overloading,A,300,0.6139055490493774,2,m6b_physics_lib_v2,0_v2,2026-04-26
M6B_L5_00451,5,overloading,A,300,0.8709104657173157,2,m6b_physics_lib_v2,0_v2,2026-04-26
M6B_L5_00452,5,overloading,A,300,0.6189549565315247,2,m6b_physics_lib_v2,0_v2,2026-04-26
M6B_L5_00453,5,overloading,A,300,0.9903201460838318,2,m6b_physics_lib_v2,0_v2,2026-04-26
M6B_L5_00454,5,overloading,A,300,0.6138935685157776,2,m6b_physics_lib_v2,0_v2,2026-04-26
M6B_L5_00455,5,overloading,A,300,0.6183419823646545,2,m6b_physics_lib_v2,0_v2,2026-04-26
M6B_L5_00456,5,overloading,A,300,0.9293365478515625,2,m6b_physics_lib_v2,0_v2,2026-04-26
M6B_L5_00457,5,overloading,A,300,0.6214929223060608,2,m6b_physics_lib_v2,0_v2,2026-04-26
M6B_L5_00458,5,overloading,A,300,0.6804513931274414,2,m6b_physics_lib_v2,0_v2,2026-04-26
M6B_L5_00459,5,overloading,A,300,0.8573200702667236,2,m6b_physics_lib_v2,0_v2,2026-04-26
M6B_L5_00460,5,overloading,A,300,0.5793743133544922,2,m6b_physics_lib_v2,0_v2,2026-04-26
M6B_L5_00461,5,overloading,A,300,0.5795359015464783,2,m6b_physics_lib_v2,0_v2,2026-04-26
M6B_L5_00462,5,overloading,A,300,0.743179202079773,2,m6b_physics_lib_v2,0_v2,2026-04-26
M6B_L5_00463,5,overloading,A,300,0.6218484044075012,2,m6b_physics_lib_v2,0_v2,2026-04-26
M6B_L5_00464,5,overloading,A,300,0.6178289651870728,2,m6b_physics_lib_v2,0_v2,2026-04-26
M6B_L5_00465,5,overloading,A,300,0.5046194791793823,2,m6b_physics_lib_v2,0_v2,2026-04-26
M6B_L5_00466,5,overloading,A,300,0.6852247714996338,2,m6b_physics_lib_v2,0_v2,2026-04-26
M6B_L5_00467,5,overloading,A,300,0.6591252684593201,2,m6b_physics_lib_v2,0_v2,2026-04-26
M6B_L5_00468,5,overloading,A,300,0.5155779123306274,2,m6b_physics_lib_v2,0_v2,2026-04-26
M6B_L5_00469,5,overloading,A,300,0.8106166124343872,2,m6b_physics_lib_v2,0_v2,2026-04-26
M6B_L5_00470,5,overloading,A,300,0.8133276104927063,2,m6b_physics_lib_v2,0_v2,2026-04-26
M6B_L5_00471,5,overloading,A,300,0.5354002118110657,2,m6b_physics_lib_v2,0_v2,2026-04-26
M6B_L5_00472,5,overloading,A,300,0.6585207581520081,2,m6b_physics_lib_v2,0_v2,2026-04-26
M6B_L5_00473,5,overloading,A,300,0.9364027380943298,2,m6b_physics_lib_v2,0_v2,2026-04-26
M6B_L5_00474,5,overloading,A,300,0.7910835146903992,2,m6b_physics_lib_v2,0_v2,2026-04-26
M6B_L5_00475,5,overloading,A,300,0.7059873342514038,2,m6b_physics_lib_v2,0_v2,2026-04-26
M6B_L5_00476,5,overloading,A,300,0.7325509786605835,2,m6b_physics_lib_v2,0_v2,2026-04-26
M6B_L5_00477,5,overloading,A,300,0.6041399836540222,2,m6b_physics_lib_v2,0_v2,2026-04-26
M6B_L5_00478,5,overloading,A,300,0.9059407711029053,2,m6b_physics_lib_v2,0_v2,2026-04-26
M6B_L5_00479,5,overloading,A,300,0.9570023417472839,2,m6b_physics_lib_v2,0_v2,2026-04-26
M6B_L5_00480,5,overloading,A,300,0.9553320407867432,2,m6b_physics_lib_v2,0_v2,2026-04-26
M6B_L5_00481,5,overloading,A,300,0.6119672060012817,2,m6b_physics_lib_v2,0_v2,2026-04-26
M6B_L5_00482,5,overloading,A,300,0.6553701162338257,2,m6b_physics_lib_v2,0_v2,2026-04-26
M6B_L5_00483,5,overloading,A,300,0.5803113579750061,2,m6b_physics_lib_v2,0_v2,2026-04-26
M6B_L5_00484,5,overloading,A,300,0.6536005735397339,2,m6b_physics_lib_v2,0_v2,2026-04-26
M6B_L5_00485,5,overloading,A,300,0.6664026975631714,2,m6b_physics_lib_v2,0_v2,2026-04-26
M6B_L5_00486,5,overloading,A,300,0.8165528774261475,2,m6b_physics_lib_v2,0_v2,2026-04-26
M6B_L5_00487,5,overloading,A,300,0.5948231816291809,2,m6b_physics_lib_v2,0_v2,2026-04-26
M6B_L5_00488,5,overloading,A,300,0.9596984386444092,2,m6b_physics_lib_v2,0_v2,2026-04-26
M6B_L5_00489,5,overloading,A,300,0.5515497326850891,2,m6b_physics_lib_v2,0_v2,2026-04-26
M6B_L5_00490,5,overloading,A,300,0.5034390091896057,2,m6b_physics_lib_v2,0_v2,2026-04-26
M6B_L5_00491,5,overloading,A,300,0.9274725914001465,2,m6b_physics_lib_v2,0_v2,2026-04-26
M6B_L5_00492,5,overloading,A,300,0.8518849015235901,2,m6b_physics_lib_v2,0_v2,2026-04-26
M6B_L5_00493,5,overloading,A,300,0.6776799559593201,2,m6b_physics_lib_v2,0_v2,2026-04-26
M6B_L5_00494,5,overloading,A,300,0.7977498769760132,2,m6b_physics_lib_v2,0_v2,2026-04-26
M6B_L5_00495,5,overloading,A,300,0.6117720603942871,2,m6b_physics_lib_v2,0_v2,2026-04-26
M6B_L5_00496,5,overloading,A,300,0.5841948390007019,2,m6b_physics_lib_v2,0_v2,2026-04-26
M6B_L5_00497,5,overloading,A,300,0.7355745434761047,2,m6b_physics_lib_v2,0_v2,2026-04-26
M6B_L5_00498,5,overloading,A,300,0.6765938997268677,2,m6b_physics_lib_v2,0_v2,2026-04-26
M6B_L5_00499,5,overloading,A,300,0.8076150417327881,2,m6b_physics_lib_v2,0_v2,2026-04-26
M6B_L5_00500,5,overloading,A,300,0.609074592590332,2,m6b_physics_lib_v2,0_v2,2026-04-26
M6B_L5_00501,5,overloading,A,300,0.8314638733863831,2,m6b_physics_lib_v2,0_v2,2026-04-26
M6B_L5_00502,5,overloading,A,300,0.8834307789802551,2,m6b_physics_lib_v2,0_v2,2026-04-26
M6B_L5_00503,5,overloading,A,300,0.5833180546760559,2,m6b_physics_lib_v2,0_v2,2026-04-26
M6B_L5_00504,5,overloading,A,300,0.521929144859314,2,m6b_physics_lib_v2,0_v2,2026-04-26
M6B_L5_00505,5,overloading,A,300,0.7197936773300171,2,m6b_physics_lib_v2,0_v2,2026-04-26
M6B_L5_00506,5,overloading,A,300,0.8870120644569397,2,m6b_physics_lib_v2,0_v2,2026-04-26
M6B_L5_00507,5,overloading,A,300,0.8253899216651917,2,m6b_physics_lib_v2,0_v2,2026-04-26
M6B_L5_00508,5,overloading,A,300,0.8509408831596375,2,m6b_physics_lib_v2,0_v2,2026-04-26
M6B_L5_00509,5,overloading,A,300,0.7014196515083313,2,m6b_physics_lib_v2,0_v2,2026-04-26
M6B_L5_00510,5,overloading,A,300,0.617472767829895,2,m6b_physics_lib_v2,0_v2,2026-04-26
M6B_L5_00511,5,overloading,A,300,0.7658894062042236,2,m6b_physics_lib_v2,0_v2,2026-04-26
M6B_L5_00512,5,overloading,A,300,0.6021828651428223,2,m6b_physics_lib_v2,0_v2,2026-04-26
M6B_L5_00513,5,overloading,A,300,0.8631143569946289,2,m6b_physics_lib_v2,0_v2,2026-04-26
M6B_L5_00514,5,overloading,A,300,0.5984832048416138,2,m6b_physics_lib_v2,0_v2,2026-04-26
M6B_L5_00515,5,overloading,A,300,0.6456316113471985,2,m6b_physics_lib_v2,0_v2,2026-04-26
M6B_L5_00516,5,overloading,A,300,0.7532724142074585,2,m6b_physics_lib_v2,0_v2,2026-04-26
M6B_L5_00517,5,overloading,A,300,0.7433549761772156,2,m6b_physics_lib_v2,0_v2,2026-04-26
M6B_L5_00518,5,overloading,A,300,0.8004246950149536,2,m6b_physics_lib_v2,0_v2,2026-04-26
M6B_L5_00519,5,overloading,A,300,0.7187222838401794,2,m6b_physics_lib_v2,0_v2,2026-04-26
M6B_L5_00520,5,overloading,A,300,0.9597366452217102,2,m6b_physics_lib_v2,0_v2,2026-04-26
M6B_L5_00521,5,overloading,A,300,0.9199670553207397,2,m6b_physics_lib_v2,0_v2,2026-04-26
M6B_L5_00522,5,overloading,A,300,0.9395567178726196,2,m6b_physics_lib_v2,0_v2,2026-04-26
M6B_L5_00523,5,overloading,A,300,0.81475830078125,2,m6b_physics_lib_v2,0_v2,2026-04-26
M6B_L5_00524,5,overloading,A,300,0.8175039291381836,2,m6b_physics_lib_v2,0_v2,2026-04-26
M6B_L5_00525,5,overloading,A,300,0.8045993447303772,2,m6b_physics_lib_v2,0_v2,2026-04-26
M6B_L5_00526,5,overloading,A,300,0.7174420952796936,2,m6b_physics_lib_v2,0_v2,2026-04-26
M6B_L5_00527,5,overloading,A,300,0.6610530018806458,2,m6b_physics_lib_v2,0_v2,2026-04-26
M6B_L5_00528,5,overloading,A,300,0.7960014343261719,2,m6b_physics_lib_v2,0_v2,2026-04-26
M6B_L5_00529,5,overloading,A,300,0.5127659440040588,2,m6b_physics_lib_v2,0_v2,2026-04-26
M6B_L5_00530,5,overloading,A,300,0.5037282109260559,2,m6b_physics_lib_v2,0_v2,2026-04-26
M6B_L5_00531,5,overloading,A,300,0.9258208870887756,2,m6b_physics_lib_v2,0_v2,2026-04-26
M6B_L5_00532,5,overloading,A,300,0.5232120156288147,2,m6b_physics_lib_v2,0_v2,2026-04-26
M6B_L5_00533,5,overloading,A,300,0.7623975872993469,2,m6b_physics_lib_v2,0_v2,2026-04-26
M6B_L5_00534,5,overloading,A,300,0.8074938654899597,2,m6b_physics_lib_v2,0_v2,2026-04-26
M6B_L5_00535,5,overloading,A,300,0.5990856289863586,2,m6b_physics_lib_v2,0_v2,2026-04-26
M6B_L5_00536,5,overloading,A,300,0.9478654265403748,2,m6b_physics_lib_v2,0_v2,2026-04-26
M6B_L5_00537,5,overloading,A,300,0.5950478911399841,2,m6b_physics_lib_v2,0_v2,2026-04-26
M6B_L5_00538,5,overloading,A,300,0.9422574639320374,2,m6b_physics_lib_v2,0_v2,2026-04-26
M6B_L5_00539,5,overloading,A,300,0.8814951181411743,2,m6b_physics_lib_v2,0_v2,2026-04-26
M6B_L5_00540,5,overloading,A,300,0.6203714609146118,2,m6b_physics_lib_v2,0_v2,2026-04-26
M6B_L5_00541,5,overloading,A,300,0.5753720998764038,2,m6b_physics_lib_v2,0_v2,2026-04-26
M6B_L5_00542,5,overloading,A,300,0.658116340637207,2,m6b_physics_lib_v2,0_v2,2026-04-26
M6B_L5_00543,5,overloading,A,300,0.6989752650260925,2,m6b_physics_lib_v2,0_v2,2026-04-26
M6B_L5_00544,5,overloading,A,300,0.6228923201560974,2,m6b_physics_lib_v2,0_v2,2026-04-26
M6B_L5_00545,5,overloading,A,300,0.9994457960128784,2,m6b_physics_lib_v2,0_v2,2026-04-26
M6B_L5_00546,5,overloading,A,300,0.6148261427879333,2,m6b_physics_lib_v2,0_v2,2026-04-26
M6B_L5_00547,5,overloading,A,300,0.9153174161911011,2,m6b_physics_lib_v2,0_v2,2026-04-26
M6B_L5_00548,5,overloading,A,300,0.5795588493347168,2,m6b_physics_lib_v2,0_v2,2026-04-26
M6B_L5_00549,5,overloading,A,300,0.9901223182678223,2,m6b_physics_lib_v2,0_v2,2026-04-26
M6B_L5_00550,5,overloading,A,300,0.6127617359161377,2,m6b_physics_lib_v2,0_v2,2026-04-26
M6B_L5_00551,5,overloading,A,300,0.7108442783355713,2,m6b_physics_lib_v2,0_v2,2026-04-26
M6B_L5_00552,5,overloading,A,300,0.7792820334434509,2,m6b_physics_lib_v2,0_v2,2026-04-26
M6B_L5_00553,5,overloading,A,300,0.5601428747177124,2,m6b_physics_lib_v2,0_v2,2026-04-26
M6B_L5_00554,5,overloading,A,300,0.9084100127220154,2,m6b_physics_lib_v2,0_v2,2026-04-26
M6B_L5_00555,5,overloading,A,300,0.6373427510261536,2,m6b_physics_lib_v2,0_v2,2026-04-26
M6B_L5_00556,5,overloading,A,300,0.7746349573135376,2,m6b_physics_lib_v2,0_v2,2026-04-26
M6B_L5_00557,5,overloading,A,300,0.7748169302940369,2,m6b_physics_lib_v2,0_v2,2026-04-26
M6B_L5_00558,5,overloading,A,300,0.8013203144073486,2,m6b_physics_lib_v2,0_v2,2026-04-26
M6B_L5_00559,5,overloading,A,300,0.5277429819107056,2,m6b_physics_lib_v2,0_v2,2026-04-26
M6B_L5_00560,5,overloading,A,300,0.5843093991279602,2,m6b_physics_lib_v2,0_v2,2026-04-26
M6B_L5_00561,5,overloading,A,300,0.5805961489677429,2,m6b_physics_lib_v2,0_v2,2026-04-26
M6B_L5_00562,5,overloading,A,300,0.651025652885437,2,m6b_physics_lib_v2,0_v2,2026-04-26
M6B_L5_00563,5,overloading,A,300,0.5724570751190186,2,m6b_physics_lib_v2,0_v2,2026-04-26
M6B_L5_00564,5,overloading,A,300,0.9609606862068176,2,m6b_physics_lib_v2,0_v2,2026-04-26
M6B_L5_00565,5,overloading,A,300,0.7564772367477417,2,m6b_physics_lib_v2,0_v2,2026-04-26
M6B_L5_00566,5,overloading,A,300,0.8117875456809998,2,m6b_physics_lib_v2,0_v2,2026-04-26
M6B_L5_00567,5,overloading,A,300,0.6787440776824951,2,m6b_physics_lib_v2,0_v2,2026-04-26
M6B_L5_00568,5,overloading,A,300,0.638123095035553,2,m6b_physics_lib_v2,0_v2,2026-04-26
M6B_L5_00569,5,overloading,A,300,0.7515885829925537,2,m6b_physics_lib_v2,0_v2,2026-04-26
M6B_L5_00570,5,overloading,A,300,0.6471614837646484,2,m6b_physics_lib_v2,0_v2,2026-04-26
M6B_L5_00571,5,overloading,A,300,0.6718229651451111,2,m6b_physics_lib_v2,0_v2,2026-04-26
M6B_L5_00572,5,overloading,A,300,0.7263754606246948,2,m6b_physics_lib_v2,0_v2,2026-04-26
M6B_L5_00573,5,overloading,A,300,0.7528668642044067,2,m6b_physics_lib_v2,0_v2,2026-04-26
M6B_L5_00574,5,overloading,A,300,0.992156982421875,2,m6b_physics_lib_v2,0_v2,2026-04-26
M6B_L5_00575,5,overloading,A,300,0.6116613149642944,2,m6b_physics_lib_v2,0_v2,2026-04-26
M6B_L5_00576,5,overloading,A,300,0.7439880967140198,2,m6b_physics_lib_v2,0_v2,2026-04-26
M6B_L5_00577,5,overloading,A,300,0.574755847454071,2,m6b_physics_lib_v2,0_v2,2026-04-26
M6B_L5_00578,5,overloading,A,300,0.6749995946884155,2,m6b_physics_lib_v2,0_v2,2026-04-26
M6B_L5_00579,5,overloading,A,300,0.8586553335189819,2,m6b_physics_lib_v2,0_v2,2026-04-26
M6B_L5_00580,5,overloading,A,300,0.5872310996055603,2,m6b_physics_lib_v2,0_v2,2026-04-26
M6B_L5_00581,5,overloading,A,300,0.7906756401062012,2,m6b_physics_lib_v2,0_v2,2026-04-26
M6B_L5_00582,5,overloading,A,300,0.7083505392074585,2,m6b_physics_lib_v2,0_v2,2026-04-26
M6B_L5_00583,5,overloading,A,300,0.5257897973060608,2,m6b_physics_lib_v2,0_v2,2026-04-26
M6B_L5_00584,5,overloading,A,300,0.966537594795227,2,m6b_physics_lib_v2,0_v2,2026-04-26
M6B_L5_00585,5,overloading,A,300,0.7068015933036804,2,m6b_physics_lib_v2,0_v2,2026-04-26
M6B_L5_00586,5,overloading,A,300,0.8919632434844971,2,m6b_physics_lib_v2,0_v2,2026-04-26
M6B_L5_00587,5,overloading,A,300,0.7081567645072937,2,m6b_physics_lib_v2,0_v2,2026-04-26
M6B_L5_00588,5,overloading,A,300,0.9686801433563232,2,m6b_physics_lib_v2,0_v2,2026-04-26
M6B_L5_00589,5,overloading,A,300,0.6452351808547974,2,m6b_physics_lib_v2,0_v2,2026-04-26
M6B_L5_00590,5,overloading,A,300,0.7061153054237366,2,m6b_physics_lib_v2,0_v2,2026-04-26
M6B_L5_00591,5,overloading,A,300,0.8794321417808533,2,m6b_physics_lib_v2,0_v2,2026-04-26
M6B_L5_00592,5,overloading,A,300,0.6718336343765259,2,m6b_physics_lib_v2,0_v2,2026-04-26
M6B_L5_00593,5,overloading,A,300,0.6821785569190979,2,m6b_physics_lib_v2,0_v2,2026-04-26
M6B_L5_00594,5,overloading,A,300,0.9974116086959839,2,m6b_physics_lib_v2,0_v2,2026-04-26
M6B_L5_00595,5,overloading,A,300,0.7778072357177734,2,m6b_physics_lib_v2,0_v2,2026-04-26
M6B_L5_00596,5,overloading,A,300,0.844690203666687,2,m6b_physics_lib_v2,0_v2,2026-04-26
M6B_L5_00597,5,overloading,A,300,0.8217310905456543,2,m6b_physics_lib_v2,0_v2,2026-04-26
M6B_L5_00598,5,overloading,A,300,0.9139620661735535,2,m6b_physics_lib_v2,0_v2,2026-04-26
M6B_L5_00599,5,overloading,A,300,0.9309125542640686,2,m6b_physics_lib_v2,0_v2,2026-04-26
M6B_L5_00600,5,overloading,A,300,0.7816280722618103,2,m6b_physics_lib_v2,0_v2,2026-04-26
M6B_L5_00601,5,overloading,A,300,0.6472780108451843,2,m6b_physics_lib_v2,0_v2,2026-04-26
M6B_L5_00602,5,overloading,A,300,0.5114001035690308,2,m6b_physics_lib_v2,0_v2,2026-04-26
M6B_L5_00603,5,overloading,A,300,0.807201623916626,2,m6b_physics_lib_v2,0_v2,2026-04-26
M6B_L5_00604,5,overloading,A,300,0.9127343893051147,2,m6b_physics_lib_v2,0_v2,2026-04-26
M6B_L5_00605,5,overloading,A,300,0.7252699136734009,2,m6b_physics_lib_v2,0_v2,2026-04-26
M6B_L5_00606,5,overloading,A,300,0.5823530554771423,2,m6b_physics_lib_v2,0_v2,2026-04-26
M6B_L5_00607,5,overloading,A,300,0.6440410614013672,2,m6b_physics_lib_v2,0_v2,2026-04-26
M6B_L5_00608,5,overloading,A,300,0.7549944519996643,2,m6b_physics_lib_v2,0_v2,2026-04-26
M6B_L5_00609,5,overloading,A,300,0.9183406233787537,2,m6b_physics_lib_v2,0_v2,2026-04-26
M6B_L5_00610,5,overloading,A,300,0.5858765840530396,2,m6b_physics_lib_v2,0_v2,2026-04-26
M6B_L5_00611,5,overloading,A,300,0.8060749173164368,2,m6b_physics_lib_v2,0_v2,2026-04-26
M6B_L5_00612,5,overloading,A,300,0.876684308052063,2,m6b_physics_lib_v2,0_v2,2026-04-26
M6B_L5_00613,5,overloading,A,300,0.9680237770080566,2,m6b_physics_lib_v2,0_v2,2026-04-26
M6B_L5_00614,5,overloading,A,300,0.5583518743515015,2,m6b_physics_lib_v2,0_v2,2026-04-26
M6B_L5_00615,5,overloading,A,300,0.96319580078125,2,m6b_physics_lib_v2,0_v2,2026-04-26
M6B_L5_00616,5,overloading,A,300,0.800733745098114,2,m6b_physics_lib_v2,0_v2,2026-04-26
M6B_L5_00617,5,overloading,A,300,0.8833507895469666,2,m6b_physics_lib_v2,0_v2,2026-04-26
M6B_L5_00618,5,overloading,A,300,0.5268873572349548,2,m6b_physics_lib_v2,0_v2,2026-04-26
M6B_L5_00619,5,overloading,A,300,0.753074049949646,2,m6b_physics_lib_v2,0_v2,2026-04-26
M6B_L5_00620,5,overloading,A,300,0.8113148212432861,2,m6b_physics_lib_v2,0_v2,2026-04-26
M6B_L5_00621,5,overloading,A,300,0.6534169316291809,2,m6b_physics_lib_v2,0_v2,2026-04-26
M6B_L5_00622,5,overloading,A,300,0.715825080871582,2,m6b_physics_lib_v2,0_v2,2026-04-26
M6B_L5_00623,5,overloading,A,300,0.7771490812301636,2,m6b_physics_lib_v2,0_v2,2026-04-26
M6B_L5_00624,5,overloading,A,300,0.7762739658355713,2,m6b_physics_lib_v2,0_v2,2026-04-26
M6B_L5_00625,5,overloading,A,300,0.5209307670593262,2,m6b_physics_lib_v2,0_v2,2026-04-26
M6B_L5_00626,5,overloading,A,300,0.7197408676147461,2,m6b_physics_lib_v2,0_v2,2026-04-26
M6B_L5_00627,5,overloading,A,300,0.6069090962409973,2,m6b_physics_lib_v2,0_v2,2026-04-26
M6B_L5_00628,5,overloading,A,300,0.9583475589752197,2,m6b_physics_lib_v2,0_v2,2026-04-26
M6B_L5_00629,5,overloading,A,300,0.988290011882782,2,m6b_physics_lib_v2,0_v2,2026-04-26
M6B_L5_00630,5,overloading,A,300,0.6498234272003174,2,m6b_physics_lib_v2,0_v2,2026-04-26
M6B_L5_00631,5,overloading,A,300,0.5875927209854126,2,m6b_physics_lib_v2,0_v2,2026-04-26
M6B_L5_00632,5,overloading,A,300,0.6097520589828491,2,m6b_physics_lib_v2,0_v2,2026-04-26
M6B_L5_00633,5,overloading,A,300,0.7388761043548584,2,m6b_physics_lib_v2,0_v2,2026-04-26
M6B_L5_00634,5,overloading,A,300,0.9372528195381165,2,m6b_physics_lib_v2,0_v2,2026-04-26
M6B_L5_00635,5,overloading,A,300,0.7500181198120117,2,m6b_physics_lib_v2,0_v2,2026-04-26
M6B_L5_00636,5,overloading,A,300,0.5276960134506226,2,m6b_physics_lib_v2,0_v2,2026-04-26
M6B_L5_00637,5,overloading,A,300,0.5199428200721741,2,m6b_physics_lib_v2,0_v2,2026-04-26
M6B_L5_00638,5,overloading,A,300,0.613695502281189,2,m6b_physics_lib_v2,0_v2,2026-04-26
M6B_L5_00639,5,overloading,A,300,0.921385645866394,2,m6b_physics_lib_v2,0_v2,2026-04-26
M6B_L5_00640,5,overloading,A,300,0.8107402920722961,2,m6b_physics_lib_v2,0_v2,2026-04-26
M6B_L5_00641,5,overloading,A,300,0.7814789414405823,2,m6b_physics_lib_v2,0_v2,2026-04-26
M6B_L5_00642,5,overloading,A,300,0.6594848036766052,2,m6b_physics_lib_v2,0_v2,2026-04-26
M6B_L5_00643,5,overloading,A,300,0.9647126793861389,2,m6b_physics_lib_v2,0_v2,2026-04-26
M6B_L5_00644,5,overloading,A,300,0.6655890941619873,2,m6b_physics_lib_v2,0_v2,2026-04-26
M6B_L5_00645,5,overloading,A,300,0.9174721837043762,2,m6b_physics_lib_v2,0_v2,2026-04-26
M6B_L5_00646,5,overloading,A,300,0.9479517340660095,2,m6b_physics_lib_v2,0_v2,2026-04-26
M6B_L5_00647,5,overloading,A,300,0.7416675090789795,2,m6b_physics_lib_v2,0_v2,2026-04-26
M6B_L5_00648,5,overloading,A,300,0.947144627571106,2,m6b_physics_lib_v2,0_v2,2026-04-26
M6B_L5_00649,5,overloading,A,300,0.6384016275405884,2,m6b_physics_lib_v2,0_v2,2026-04-26
M6B_L5_00650,5,overloading,A,300,0.829216718673706,2,m6b_physics_lib_v2,0_v2,2026-04-26
M6B_L5_00651,5,overloading,A,300,0.5439818501472473,2,m6b_physics_lib_v2,0_v2,2026-04-26
M6B_L5_00652,5,overloading,A,300,0.7369670867919922,2,m6b_physics_lib_v2,0_v2,2026-04-26
M6B_L5_00653,5,overloading,A,300,0.6086658835411072,2,m6b_physics_lib_v2,0_v2,2026-04-26
M6B_L5_00654,5,overloading,A,300,0.5313816666603088,2,m6b_physics_lib_v2,0_v2,2026-04-26
M6B_L5_00655,5,overloading,A,300,0.5018627643585205,2,m6b_physics_lib_v2,0_v2,2026-04-26
M6B_L5_00656,5,overloading,A,300,0.6623760461807251,2,m6b_physics_lib_v2,0_v2,2026-04-26
M6B_L5_00657,5,overloading,A,300,0.794765293598175,2,m6b_physics_lib_v2,0_v2,2026-04-26
M6B_L5_00658,5,overloading,A,300,0.7276151776313782,2,m6b_physics_lib_v2,0_v2,2026-04-26
M6B_L5_00659,5,overloading,A,300,0.6508846282958984,2,m6b_physics_lib_v2,0_v2,2026-04-26
M6B_L5_00660,5,overloading,A,300,0.9956000447273254,2,m6b_physics_lib_v2,0_v2,2026-04-26
M6B_L5_00661,5,overloading,A,300,0.9697625041007996,2,m6b_physics_lib_v2,0_v2,2026-04-26
M6B_L5_00662,5,overloading,A,300,0.5628266334533691,2,m6b_physics_lib_v2,0_v2,2026-04-26
M6B_L5_00663,5,overloading,A,300,0.7075536847114563,2,m6b_physics_lib_v2,0_v2,2026-04-26
M6B_L5_00664,5,overloading,A,300,0.8244234919548035,2,m6b_physics_lib_v2,0_v2,2026-04-26
M6B_L5_00665,5,overloading,A,300,0.8667454123497009,2,m6b_physics_lib_v2,0_v2,2026-04-26
M6B_L5_00666,5,overloading,A,300,0.6831860542297363,2,m6b_physics_lib_v2,0_v2,2026-04-26
M6B_L5_00667,5,overloading,A,300,0.8731409311294556,2,m6b_physics_lib_v2,0_v2,2026-04-26
M6B_L5_00668,5,overloading,A,300,0.5620750188827515,2,m6b_physics_lib_v2,0_v2,2026-04-26
M6B_L5_00669,5,overloading,A,300,0.6659063100814819,2,m6b_physics_lib_v2,0_v2,2026-04-26
M6B_L5_00670,5,overloading,A,300,0.8582165837287903,2,m6b_physics_lib_v2,0_v2,2026-04-26
M6B_L5_00671,5,overloading,A,300,0.8128414154052734,2,m6b_physics_lib_v2,0_v2,2026-04-26
M6B_L5_00672,5,overloading,A,300,0.9186050891876221,2,m6b_physics_lib_v2,0_v2,2026-04-26
M6B_L5_00673,5,overloading,A,300,0.5234284996986389,2,m6b_physics_lib_v2,0_v2,2026-04-26
M6B_L5_00674,5,overloading,A,300,0.587195873260498,2,m6b_physics_lib_v2,0_v2,2026-04-26
M6B_L5_00675,5,overloading,A,300,0.5242472887039185,2,m6b_physics_lib_v2,0_v2,2026-04-26
M6B_L5_00676,5,overloading,A,300,0.596057116985321,2,m6b_physics_lib_v2,0_v2,2026-04-26
M6B_L5_00677,5,overloading,A,300,0.5021414160728455,2,m6b_physics_lib_v2,0_v2,2026-04-26
M6B_L5_00678,5,overloading,A,300,0.752105176448822,2,m6b_physics_lib_v2,0_v2,2026-04-26
M6B_L5_00679,5,overloading,A,300,0.7641571760177612,2,m6b_physics_lib_v2,0_v2,2026-04-26
M6B_L5_00680,5,overloading,A,300,0.8289458751678467,2,m6b_physics_lib_v2,0_v2,2026-04-26
M6B_L5_00681,5,overloading,A,300,0.6924562454223633,2,m6b_physics_lib_v2,0_v2,2026-04-26
M6B_L5_00682,5,overloading,A,300,0.5016038417816162,2,m6b_physics_lib_v2,0_v2,2026-04-26
M6B_L5_00683,5,overloading,A,300,0.8369455933570862,2,m6b_physics_lib_v2,0_v2,2026-04-26
M6B_L5_00684,5,overloading,A,300,0.5271455645561218,2,m6b_physics_lib_v2,0_v2,2026-04-26
M6B_L5_00685,5,overloading,A,300,0.9330852031707764,2,m6b_physics_lib_v2,0_v2,2026-04-26
M6B_L5_00686,5,overloading,A,300,0.5113269686698914,2,m6b_physics_lib_v2,0_v2,2026-04-26
M6B_L5_00687,5,overloading,A,300,0.76523756980896,2,m6b_physics_lib_v2,0_v2,2026-04-26
M6B_L5_00688,5,overloading,A,300,0.9474589228630066,2,m6b_physics_lib_v2,0_v2,2026-04-26
M6B_L5_00689,5,overloading,A,300,0.786244809627533,2,m6b_physics_lib_v2,0_v2,2026-04-26
M6B_L5_00690,5,overloading,A,300,0.8042083978652954,2,m6b_physics_lib_v2,0_v2,2026-04-26
M6B_L5_00691,5,overloading,A,300,0.8408054113388062,2,m6b_physics_lib_v2,0_v2,2026-04-26
M6B_L5_00692,5,overloading,A,300,0.5612044334411621,2,m6b_physics_lib_v2,0_v2,2026-04-26
M6B_L5_00693,5,overloading,A,300,0.8374635577201843,2,m6b_physics_lib_v2,0_v2,2026-04-26
M6B_L5_00694,5,overloading,A,300,0.9401774406433105,2,m6b_physics_lib_v2,0_v2,2026-04-26
M6B_L5_00695,5,overloading,A,300,0.987110435962677,2,m6b_physics_lib_v2,0_v2,2026-04-26
M6B_L5_00696,5,overloading,A,300,0.721526026725769,2,m6b_physics_lib_v2,0_v2,2026-04-26
M6B_L5_00697,5,overloading,A,300,0.6722524166107178,2,m6b_physics_lib_v2,0_v2,2026-04-26
M6B_L5_00698,5,overloading,A,300,0.8766548037528992,2,m6b_physics_lib_v2,0_v2,2026-04-26
M6B_L5_00699,5,overloading,A,300,0.7714371681213379,2,m6b_physics_lib_v2,0_v2,2026-04-26
M6B_L5_00700,5,overloading,A,300,0.6286523342132568,2,m6b_physics_lib_v2,0_v2,2026-04-26
M6B_L5_00701,5,overloading,A,300,0.586078941822052,2,m6b_physics_lib_v2,0_v2,2026-04-26
M6B_L5_00702,5,overloading,A,300,0.5851151347160339,2,m6b_physics_lib_v2,0_v2,2026-04-26
M6B_L5_00703,5,overloading,A,300,0.729588508605957,2,m6b_physics_lib_v2,0_v2,2026-04-26
M6B_L5_00704,5,overloading,A,300,0.5850622057914734,2,m6b_physics_lib_v2,0_v2,2026-04-26
M6B_L5_00705,5,overloading,A,300,0.5098594427108765,2,m6b_physics_lib_v2,0_v2,2026-04-26
M6B_L5_00706,5,overloading,A,300,0.5260443687438965,2,m6b_physics_lib_v2,0_v2,2026-04-26
M6B_L5_00707,5,overloading,A,300,0.9649422764778137,2,m6b_physics_lib_v2,0_v2,2026-04-26
M6B_L5_00708,5,overloading,A,300,0.5364806652069092,2,m6b_physics_lib_v2,0_v2,2026-04-26
M6B_L5_00709,5,overloading,A,300,0.5365903377532959,2,m6b_physics_lib_v2,0_v2,2026-04-26
M6B_L5_00710,5,overloading,A,300,0.7255942225456238,2,m6b_physics_lib_v2,0_v2,2026-04-26
M6B_L5_00711,5,overloading,A,300,0.6225501298904419,2,m6b_physics_lib_v2,0_v2,2026-04-26
M6B_L5_00712,5,overloading,A,300,0.9813469052314758,2,m6b_physics_lib_v2,0_v2,2026-04-26
M6B_L5_00713,5,overloading,A,300,0.9554929137229919,2,m6b_physics_lib_v2,0_v2,2026-04-26
M6B_L5_00714,5,overloading,A,300,0.7023715972900391,2,m6b_physics_lib_v2,0_v2,2026-04-26
M6B_L5_00715,5,overloading,A,300,0.724365770816803,2,m6b_physics_lib_v2,0_v2,2026-04-26
M6B_L5_00716,5,overloading,A,300,0.687556803226471,2,m6b_physics_lib_v2,0_v2,2026-04-26
M6B_L5_00717,5,overloading,A,300,0.5189330577850342,2,m6b_physics_lib_v2,0_v2,2026-04-26
M6B_L5_00718,5,overloading,A,300,0.6464233994483948,2,m6b_physics_lib_v2,0_v2,2026-04-26
M6B_L5_00719,5,overloading,A,300,0.5613367557525635,2,m6b_physics_lib_v2,0_v2,2026-04-26
M6B_L5_00720,5,overloading,A,300,0.5511851906776428,2,m6b_physics_lib_v2,0_v2,2026-04-26
M6B_L5_00721,5,overloading,A,300,0.780430793762207,2,m6b_physics_lib_v2,0_v2,2026-04-26
M6B_L5_00722,5,overloading,A,300,0.5493824481964111,2,m6b_physics_lib_v2,0_v2,2026-04-26
M6B_L5_00723,5,overloading,A,300,0.5514656901359558,2,m6b_physics_lib_v2,0_v2,2026-04-26
M6B_L5_00724,5,overloading,A,300,0.7402568459510803,2,m6b_physics_lib_v2,0_v2,2026-04-26
M6B_L5_00725,5,overloading,A,300,0.7211411595344543,2,m6b_physics_lib_v2,0_v2,2026-04-26
M6B_L5_00726,5,overloading,A,300,0.5688173770904541,2,m6b_physics_lib_v2,0_v2,2026-04-26
M6B_L5_00727,5,overloading,A,300,0.5022245049476624,2,m6b_physics_lib_v2,0_v2,2026-04-26
M6B_L5_00728,5,overloading,A,300,0.5964872241020203,2,m6b_physics_lib_v2,0_v2,2026-04-26
M6B_L5_00729,5,overloading,A,300,0.6179461479187012,2,m6b_physics_lib_v2,0_v2,2026-04-26
M6B_L5_00730,5,overloading,A,300,0.900124192237854,2,m6b_physics_lib_v2,0_v2,2026-04-26
M6B_L5_00731,5,overloading,A,300,0.9577191472053528,2,m6b_physics_lib_v2,0_v2,2026-04-26
M6B_L5_00732,5,overloading,A,300,0.7029721736907959,2,m6b_physics_lib_v2,0_v2,2026-04-26
M6B_L5_00733,5,overloading,A,300,0.7025133371353149,2,m6b_physics_lib_v2,0_v2,2026-04-26
M6B_L5_00734,5,overloading,A,300,0.8562406301498413,2,m6b_physics_lib_v2,0_v2,2026-04-26
M6B_L5_00735,5,overloading,A,300,0.8134610056877136,2,m6b_physics_lib_v2,0_v2,2026-04-26
M6B_L5_00736,5,overloading,A,300,0.5920701026916504,2,m6b_physics_lib_v2,0_v2,2026-04-26
M6B_L5_00737,5,overloading,A,300,0.5538445711135864,2,m6b_physics_lib_v2,0_v2,2026-04-26
M6B_L5_00738,5,overloading,A,300,0.7188059687614441,2,m6b_physics_lib_v2,0_v2,2026-04-26
M6B_L5_00739,5,overloading,A,300,0.7824141979217529,2,m6b_physics_lib_v2,0_v2,2026-04-26
M6B_L5_00740,5,overloading,A,300,0.5693538188934326,2,m6b_physics_lib_v2,0_v2,2026-04-26
M6B_L5_00741,5,overloading,A,300,0.6466367244720459,2,m6b_physics_lib_v2,0_v2,2026-04-26
M6B_L5_00742,5,overloading,A,300,0.6529715061187744,2,m6b_physics_lib_v2,0_v2,2026-04-26
M6B_L5_00743,5,overloading,A,300,0.6306490898132324,2,m6b_physics_lib_v2,0_v2,2026-04-26
M6B_L5_00744,5,overloading,A,300,0.730380654335022,2,m6b_physics_lib_v2,0_v2,2026-04-26
M6B_L5_00745,5,overloading,A,300,0.8265317678451538,2,m6b_physics_lib_v2,0_v2,2026-04-26
M6B_L5_00746,5,overloading,A,300,0.754694938659668,2,m6b_physics_lib_v2,0_v2,2026-04-26
M6B_L5_00747,5,overloading,A,300,0.6007282733917236,2,m6b_physics_lib_v2,0_v2,2026-04-26
M6B_L5_00748,5,overloading,A,300,0.5514695048332214,2,m6b_physics_lib_v2,0_v2,2026-04-26
M6B_L5_00749,5,overloading,A,300,0.9109352231025696,2,m6b_physics_lib_v2,0_v2,2026-04-26
M6B_L5_00750,5,overloading,A,300,0.7396523356437683,2,m6b_physics_lib_v2,0_v2,2026-04-26
M6B_L5_00751,5,overloading,A,300,0.5310695767402649,2,m6b_physics_lib_v2,0_v2,2026-04-26
M6B_L5_00752,5,overloading,A,300,0.6290607452392578,2,m6b_physics_lib_v2,0_v2,2026-04-26
M6B_L5_00753,5,overloading,A,300,0.9020168781280518,2,m6b_physics_lib_v2,0_v2,2026-04-26
M6B_L5_00754,5,overloading,A,300,0.8758631348609924,2,m6b_physics_lib_v2,0_v2,2026-04-26
M6B_L5_00755,5,overloading,A,300,0.9379082918167114,2,m6b_physics_lib_v2,0_v2,2026-04-26
M6B_L5_00756,5,overloading,A,300,0.8010439276695251,2,m6b_physics_lib_v2,0_v2,2026-04-26
M6B_L5_00757,5,overloading,A,300,0.7114529609680176,2,m6b_physics_lib_v2,0_v2,2026-04-26
M6B_L5_00758,5,overloading,A,300,0.7133175134658813,2,m6b_physics_lib_v2,0_v2,2026-04-26
M6B_L5_00759,5,overloading,A,300,0.597000002861023,2,m6b_physics_lib_v2,0_v2,2026-04-26
M6B_L5_00760,5,overloading,A,300,0.8253994584083557,2,m6b_physics_lib_v2,0_v2,2026-04-26
M6B_L5_00761,5,overloading,A,300,0.792534351348877,2,m6b_physics_lib_v2,0_v2,2026-04-26
M6B_L5_00762,5,overloading,A,300,0.5774322152137756,2,m6b_physics_lib_v2,0_v2,2026-04-26
M6B_L5_00763,5,overloading,A,300,0.9428314566612244,2,m6b_physics_lib_v2,0_v2,2026-04-26
M6B_L5_00764,5,overloading,A,300,0.684234082698822,2,m6b_physics_lib_v2,0_v2,2026-04-26
M6B_L5_00765,5,overloading,A,300,0.5248693823814392,2,m6b_physics_lib_v2,0_v2,2026-04-26
M6B_L5_00766,5,overloading,A,300,0.6639404892921448,2,m6b_physics_lib_v2,0_v2,2026-04-26
M6B_L5_00767,5,overloading,A,300,0.9349283576011658,2,m6b_physics_lib_v2,0_v2,2026-04-26
M6B_L5_00768,5,overloading,A,300,0.9584782719612122,2,m6b_physics_lib_v2,0_v2,2026-04-26
M6B_L5_00769,5,overloading,A,300,0.7451992034912109,2,m6b_physics_lib_v2,0_v2,2026-04-26
M6B_L5_00770,5,overloading,A,300,0.9781699776649475,2,m6b_physics_lib_v2,0_v2,2026-04-26
M6B_L5_00771,5,overloading,A,300,0.9376208782196045,2,m6b_physics_lib_v2,0_v2,2026-04-26
M6B_L5_00772,5,overloading,A,300,0.9126153588294983,2,m6b_physics_lib_v2,0_v2,2026-04-26
M6B_L5_00773,5,overloading,A,300,0.9298550486564636,2,m6b_physics_lib_v2,0_v2,2026-04-26
M6B_L5_00774,5,overloading,A,300,0.6909376978874207,2,m6b_physics_lib_v2,0_v2,2026-04-26
M6B_L5_00775,5,overloading,A,300,0.8782344460487366,2,m6b_physics_lib_v2,0_v2,2026-04-26
M6B_L5_00776,5,overloading,A,300,0.7886695265769958,2,m6b_physics_lib_v2,0_v2,2026-04-26
M6B_L5_00777,5,overloading,A,300,0.8598420023918152,2,m6b_physics_lib_v2,0_v2,2026-04-26
M6B_L5_00778,5,overloading,A,300,0.5888930559158325,2,m6b_physics_lib_v2,0_v2,2026-04-26
M6B_L5_00779,5,overloading,A,300,0.8656969666481018,2,m6b_physics_lib_v2,0_v2,2026-04-26
M6B_L5_00780,5,overloading,A,300,0.9787962436676025,2,m6b_physics_lib_v2,0_v2,2026-04-26
M6B_L5_00781,5,overloading,A,300,0.6513316631317139,2,m6b_physics_lib_v2,0_v2,2026-04-26
M6B_L5_00782,5,overloading,A,300,0.9930806756019592,2,m6b_physics_lib_v2,0_v2,2026-04-26
M6B_L5_00783,5,overloading,A,300,0.6891880035400391,2,m6b_physics_lib_v2,0_v2,2026-04-26
M6B_L5_00784,5,overloading,A,300,0.599861741065979,2,m6b_physics_lib_v2,0_v2,2026-04-26
M6B_L5_00785,5,overloading,A,300,0.5561431050300598,2,m6b_physics_lib_v2,0_v2,2026-04-26
M6B_L5_00786,5,overloading,A,300,0.8924809694290161,2,m6b_physics_lib_v2,0_v2,2026-04-26
M6B_L5_00787,5,overloading,A,300,0.7774127125740051,2,m6b_physics_lib_v2,0_v2,2026-04-26
M6B_L5_00788,5,overloading,A,300,0.6535656452178955,2,m6b_physics_lib_v2,0_v2,2026-04-26
M6B_L5_00789,5,overloading,A,300,0.8042252063751221,2,m6b_physics_lib_v2,0_v2,2026-04-26
M6B_L5_00790,5,overloading,A,300,0.6660506129264832,2,m6b_physics_lib_v2,0_v2,2026-04-26
M6B_L5_00791,5,overloading,A,300,0.7241788506507874,2,m6b_physics_lib_v2,0_v2,2026-04-26
M6B_L5_00792,5,overloading,A,300,0.9313320517539978,2,m6b_physics_lib_v2,0_v2,2026-04-26
M6B_L5_00793,5,overloading,A,300,0.8340832591056824,2,m6b_physics_lib_v2,0_v2,2026-04-26
M6B_L5_00794,5,overloading,A,300,0.881200909614563,2,m6b_physics_lib_v2,0_v2,2026-04-26
M6B_L5_00795,5,overloading,A,300,0.7917467951774597,2,m6b_physics_lib_v2,0_v2,2026-04-26
M6B_L5_00796,5,overloading,A,300,0.9956990480422974,2,m6b_physics_lib_v2,0_v2,2026-04-26
M6B_L5_00797,5,overloading,A,300,0.6207050085067749,2,m6b_physics_lib_v2,0_v2,2026-04-26
M6B_L5_00798,5,overloading,A,300,0.6311455965042114,2,m6b_physics_lib_v2,0_v2,2026-04-26
M6B_L5_00799,5,overloading,A,300,0.5462794899940491,2,m6b_physics_lib_v2,0_v2,2026-04-26
M6B_L5_00800,5,overloading,A,300,0.7770097255706787,2,m6b_physics_lib_v2,0_v2,2026-04-26
M6B_L5_00801,5,overloading,A,300,0.8066796064376831,2,m6b_physics_lib_v2,0_v2,2026-04-26
M6B_L5_00802,5,overloading,A,300,0.8629807829856873,2,m6b_physics_lib_v2,0_v2,2026-04-26
M6B_L5_00803,5,overloading,A,300,0.6677229404449463,2,m6b_physics_lib_v2,0_v2,2026-04-26
M6B_L5_00804,5,overloading,A,300,0.5061284303665161,2,m6b_physics_lib_v2,0_v2,2026-04-26
M6B_L5_00805,5,overloading,A,300,0.8161147832870483,2,m6b_physics_lib_v2,0_v2,2026-04-26
M6B_L5_00806,5,overloading,A,300,0.9993477463722229,2,m6b_physics_lib_v2,0_v2,2026-04-26
M6B_L5_00807,5,overloading,A,300,0.6472746729850769,2,m6b_physics_lib_v2,0_v2,2026-04-26
M6B_L5_00808,5,overloading,A,300,0.5919672250747681,2,m6b_physics_lib_v2,0_v2,2026-04-26
M6B_L5_00809,5,overloading,A,300,0.6408835053443909,2,m6b_physics_lib_v2,0_v2,2026-04-26
M6B_L5_00810,5,overloading,A,300,0.7127077579498291,2,m6b_physics_lib_v2,0_v2,2026-04-26
M6B_L5_00811,5,overloading,A,300,0.6254564523696899,2,m6b_physics_lib_v2,0_v2,2026-04-26
M6B_L5_00812,5,overloading,A,300,0.6734800338745117,2,m6b_physics_lib_v2,0_v2,2026-04-26
M6B_L5_00813,5,overloading,A,300,0.8191033601760864,2,m6b_physics_lib_v2,0_v2,2026-04-26
M6B_L5_00814,5,overloading,A,300,0.672514021396637,2,m6b_physics_lib_v2,0_v2,2026-04-26
M6B_L5_00815,5,overloading,A,300,0.6980294585227966,2,m6b_physics_lib_v2,0_v2,2026-04-26
M6B_L5_00816,5,overloading,A,300,0.5200156569480896,2,m6b_physics_lib_v2,0_v2,2026-04-26
M6B_L5_00817,5,overloading,A,300,0.9589712619781494,2,m6b_physics_lib_v2,0_v2,2026-04-26
M6B_L5_00818,5,overloading,A,300,0.7034429907798767,2,m6b_physics_lib_v2,0_v2,2026-04-26
M6B_L5_00819,5,overloading,A,300,0.6640717387199402,2,m6b_physics_lib_v2,0_v2,2026-04-26
M6B_L5_00820,5,overloading,A,300,0.5432420969009399,2,m6b_physics_lib_v2,0_v2,2026-04-26
M6B_L5_00821,5,overloading,A,300,0.8170915842056274,2,m6b_physics_lib_v2,0_v2,2026-04-26
M6B_L5_00822,5,overloading,A,300,0.9319124817848206,2,m6b_physics_lib_v2,0_v2,2026-04-26
M6B_L5_00823,5,overloading,A,300,0.5205765962600708,2,m6b_physics_lib_v2,0_v2,2026-04-26
M6B_L5_00824,5,overloading,A,300,0.5726362466812134,2,m6b_physics_lib_v2,0_v2,2026-04-26
M6B_L5_00825,5,overloading,A,300,0.5731949210166931,2,m6b_physics_lib_v2,0_v2,2026-04-26
M6B_L5_00826,5,overloading,A,300,0.8011374473571777,2,m6b_physics_lib_v2,0_v2,2026-04-26
M6B_L5_00827,5,overloading,A,300,0.9606152772903442,2,m6b_physics_lib_v2,0_v2,2026-04-26
M6B_L5_00828,5,overloading,A,300,0.7188841700553894,2,m6b_physics_lib_v2,0_v2,2026-04-26
M6B_L5_00829,5,overloading,A,300,0.6719032526016235,2,m6b_physics_lib_v2,0_v2,2026-04-26
M6B_L5_00830,5,overloading,A,300,0.8829203248023987,2,m6b_physics_lib_v2,0_v2,2026-04-26
M6B_L5_00831,5,overloading,A,300,0.871284544467926,2,m6b_physics_lib_v2,0_v2,2026-04-26
M6B_L5_00832,5,overloading,A,300,0.6233780980110168,2,m6b_physics_lib_v2,0_v2,2026-04-26
M6B_L5_00833,5,overloading,A,300,0.5804131627082825,2,m6b_physics_lib_v2,0_v2,2026-04-26
M6B_L5_00834,5,overloading,A,300,0.6789050102233887,2,m6b_physics_lib_v2,0_v2,2026-04-26
M6B_L5_00835,5,overloading,A,300,0.8878017067909241,2,m6b_physics_lib_v2,0_v2,2026-04-26
M6B_L5_00836,5,overloading,A,300,0.8475316762924194,2,m6b_physics_lib_v2,0_v2,2026-04-26
M6B_L5_00837,5,overloading,A,300,0.832926869392395,2,m6b_physics_lib_v2,0_v2,2026-04-26
M6B_L5_00838,5,overloading,A,300,0.9147142767906189,2,m6b_physics_lib_v2,0_v2,2026-04-26
M6B_L5_00839,5,overloading,A,300,0.638565182685852,2,m6b_physics_lib_v2,0_v2,2026-04-26
M6B_L5_00840,5,overloading,A,300,0.6698418855667114,2,m6b_physics_lib_v2,0_v2,2026-04-26
M6B_L5_00841,5,overloading,A,300,0.5211697220802307,2,m6b_physics_lib_v2,0_v2,2026-04-26
M6B_L5_00842,5,overloading,A,300,0.9343729019165039,2,m6b_physics_lib_v2,0_v2,2026-04-26
M6B_L5_00843,5,overloading,A,300,0.7912148833274841,2,m6b_physics_lib_v2,0_v2,2026-04-26
M6B_L5_00844,5,overloading,A,300,0.6490611433982849,2,m6b_physics_lib_v2,0_v2,2026-04-26
M6B_L5_00845,5,overloading,A,300,0.5347082614898682,2,m6b_physics_lib_v2,0_v2,2026-04-26
M6B_L5_00846,5,overloading,A,300,0.8617047667503357,2,m6b_physics_lib_v2,0_v2,2026-04-26
M6B_L5_00847,5,overloading,A,300,0.8743687868118286,2,m6b_physics_lib_v2,0_v2,2026-04-26
M6B_L5_00848,5,overloading,A,300,0.8330893516540527,2,m6b_physics_lib_v2,0_v2,2026-04-26
M6B_L5_00849,5,overloading,A,300,0.601890504360199,2,m6b_physics_lib_v2,0_v2,2026-04-26
M6B_L5_00850,5,overloading,A,300,0.9566080570220947,2,m6b_physics_lib_v2,0_v2,2026-04-26
M6B_L5_00851,5,overloading,A,300,0.8765789866447449,2,m6b_physics_lib_v2,0_v2,2026-04-26
M6B_L5_00852,5,overloading,A,300,0.8288781642913818,2,m6b_physics_lib_v2,0_v2,2026-04-26
M6B_L5_00853,5,overloading,A,300,0.8254719376564026,2,m6b_physics_lib_v2,0_v2,2026-04-26
M6B_L5_00854,5,overloading,A,300,0.9521788358688354,2,m6b_physics_lib_v2,0_v2,2026-04-26
M6B_L5_00855,5,overloading,A,300,0.9641535878181458,2,m6b_physics_lib_v2,0_v2,2026-04-26
M6B_L5_00856,5,overloading,A,300,0.7978187203407288,2,m6b_physics_lib_v2,0_v2,2026-04-26
M6B_L5_00857,5,overloading,A,300,0.7083346843719482,2,m6b_physics_lib_v2,0_v2,2026-04-26
M6B_L5_00858,5,overloading,A,300,0.6818670034408569,2,m6b_physics_lib_v2,0_v2,2026-04-26
M6B_L5_00859,5,overloading,A,300,0.9095394015312195,2,m6b_physics_lib_v2,0_v2,2026-04-26
M6B_L5_00860,5,overloading,A,300,0.8223026990890503,2,m6b_physics_lib_v2,0_v2,2026-04-26
M6B_L5_00861,5,overloading,A,300,0.5386329889297485,2,m6b_physics_lib_v2,0_v2,2026-04-26
M6B_L5_00862,5,overloading,A,300,0.5710930228233337,2,m6b_physics_lib_v2,0_v2,2026-04-26
M6B_L5_00863,5,overloading,A,300,0.9500929713249207,2,m6b_physics_lib_v2,0_v2,2026-04-26
M6B_L5_00864,5,overloading,A,300,0.942249059677124,2,m6b_physics_lib_v2,0_v2,2026-04-26
M6B_L5_00865,5,overloading,A,300,0.9759162068367004,2,m6b_physics_lib_v2,0_v2,2026-04-26
M6B_L5_00866,5,overloading,A,300,0.7139254808425903,2,m6b_physics_lib_v2,0_v2,2026-04-26
M6B_L5_00867,5,overloading,A,300,0.8920304775238037,2,m6b_physics_lib_v2,0_v2,2026-04-26
M6B_L5_00868,5,overloading,A,300,0.9141125082969666,2,m6b_physics_lib_v2,0_v2,2026-04-26
M6B_L5_00869,5,overloading,A,300,0.6578484773635864,2,m6b_physics_lib_v2,0_v2,2026-04-26
M6B_L5_00870,5,overloading,A,300,0.5726688504219055,2,m6b_physics_lib_v2,0_v2,2026-04-26
M6B_L5_00871,5,overloading,A,300,0.9985131621360779,2,m6b_physics_lib_v2,0_v2,2026-04-26
M6B_L5_00872,5,overloading,A,300,0.5151095986366272,2,m6b_physics_lib_v2,0_v2,2026-04-26
M6B_L5_00873,5,overloading,A,300,0.7986679673194885,2,m6b_physics_lib_v2,0_v2,2026-04-26
M6B_L5_00874,5,overloading,A,300,0.825106143951416,2,m6b_physics_lib_v2,0_v2,2026-04-26
M6B_L5_00875,5,overloading,A,300,0.8408946990966797,2,m6b_physics_lib_v2,0_v2,2026-04-26
M6B_L5_00876,5,overloading,A,300,0.6278138756752014,2,m6b_physics_lib_v2,0_v2,2026-04-26
M6B_L5_00877,5,overloading,A,300,0.8607895970344543,2,m6b_physics_lib_v2,0_v2,2026-04-26
M6B_L5_00878,5,overloading,A,300,0.6081997752189636,2,m6b_physics_lib_v2,0_v2,2026-04-26
M6B_L5_00879,5,overloading,A,300,0.9145191311836243,2,m6b_physics_lib_v2,0_v2,2026-04-26
M6B_L5_00880,5,overloading,A,300,0.6095583438873291,2,m6b_physics_lib_v2,0_v2,2026-04-26
M6B_L5_00881,5,overloading,A,300,0.8483530282974243,2,m6b_physics_lib_v2,0_v2,2026-04-26
M6B_L5_00882,5,overloading,A,300,0.8917067646980286,2,m6b_physics_lib_v2,0_v2,2026-04-26
M6B_L5_00883,5,overloading,A,300,0.5944728851318359,2,m6b_physics_lib_v2,0_v2,2026-04-26
M6B_L5_00884,5,overloading,A,300,0.6189932227134705,2,m6b_physics_lib_v2,0_v2,2026-04-26
M6B_L5_00885,5,overloading,A,300,0.8895518779754639,2,m6b_physics_lib_v2,0_v2,2026-04-26
M6B_L5_00886,5,overloading,A,300,0.5429995059967041,2,m6b_physics_lib_v2,0_v2,2026-04-26
M6B_L5_00887,5,overloading,A,300,0.5953804850578308,2,m6b_physics_lib_v2,0_v2,2026-04-26
M6B_L5_00888,5,overloading,A,300,0.7277654409408569,2,m6b_physics_lib_v2,0_v2,2026-04-26
M6B_L5_00889,5,overloading,A,300,0.9650909900665283,2,m6b_physics_lib_v2,0_v2,2026-04-26
M6B_L5_00890,5,overloading,A,300,0.7809389233589172,2,m6b_physics_lib_v2,0_v2,2026-04-26
M6B_L5_00891,5,overloading,A,300,0.693838894367218,2,m6b_physics_lib_v2,0_v2,2026-04-26
M6B_L5_00892,5,overloading,A,300,0.989185094833374,2,m6b_physics_lib_v2,0_v2,2026-04-26
M6B_L5_00893,5,overloading,A,300,0.7318556308746338,2,m6b_physics_lib_v2,0_v2,2026-04-26
M6B_L5_00894,5,overloading,A,300,0.7168675065040588,2,m6b_physics_lib_v2,0_v2,2026-04-26
M6B_L5_00895,5,overloading,A,300,0.7058221697807312,2,m6b_physics_lib_v2,0_v2,2026-04-26
M6B_L5_00896,5,overloading,A,300,0.6560900211334229,2,m6b_physics_lib_v2,0_v2,2026-04-26
M6B_L5_00897,5,overloading,A,300,0.6628473997116089,2,m6b_physics_lib_v2,0_v2,2026-04-26
M6B_L5_00898,5,overloading,A,300,0.84391850233078,2,m6b_physics_lib_v2,0_v2,2026-04-26
M6B_L5_00899,5,overloading,A,300,0.5204178094863892,2,m6b_physics_lib_v2,0_v2,2026-04-26
M6B_L5_00900,5,overloading,A,300,0.8409083485603333,2,m6b_physics_lib_v2,0_v2,2026-04-26
M6B_L5_00901,5,overloading,A,300,0.6006022691726685,2,m6b_physics_lib_v2,0_v2,2026-04-26
M6B_L5_00902,5,overloading,A,300,0.6921039819717407,2,m6b_physics_lib_v2,0_v2,2026-04-26
M6B_L5_00903,5,overloading,A,300,0.5732694864273071,2,m6b_physics_lib_v2,0_v2,2026-04-26
M6B_L5_00904,5,overloading,A,300,0.7763755321502686,2,m6b_physics_lib_v2,0_v2,2026-04-26
M6B_L5_00905,5,overloading,A,300,0.8646752238273621,2,m6b_physics_lib_v2,0_v2,2026-04-26
M6B_L5_00906,5,overloading,A,300,0.6773278117179871,2,m6b_physics_lib_v2,0_v2,2026-04-26
M6B_L5_00907,5,overloading,A,300,0.5817083120346069,2,m6b_physics_lib_v2,0_v2,2026-04-26
M6B_L5_00908,5,overloading,A,300,0.6132528185844421,2,m6b_physics_lib_v2,0_v2,2026-04-26
M6B_L5_00909,5,overloading,A,300,0.9090564846992493,2,m6b_physics_lib_v2,0_v2,2026-04-26
M6B_L5_00910,5,overloading,A,300,0.633824348449707,2,m6b_physics_lib_v2,0_v2,2026-04-26
M6B_L5_00911,5,overloading,A,300,0.8873512744903564,2,m6b_physics_lib_v2,0_v2,2026-04-26
M6B_L5_00912,5,overloading,A,300,0.6655997037887573,2,m6b_physics_lib_v2,0_v2,2026-04-26
M6B_L5_00913,5,overloading,A,300,0.5943662524223328,2,m6b_physics_lib_v2,0_v2,2026-04-26
M6B_L5_00914,5,overloading,A,300,0.8636542558670044,2,m6b_physics_lib_v2,0_v2,2026-04-26
M6B_L5_00915,5,overloading,A,300,0.7342725396156311,2,m6b_physics_lib_v2,0_v2,2026-04-26
M6B_L5_00916,5,overloading,A,300,0.5156386494636536,2,m6b_physics_lib_v2,0_v2,2026-04-26
M6B_L5_00917,5,overloading,A,300,0.9799712300300598,2,m6b_physics_lib_v2,0_v2,2026-04-26
M6B_L5_00918,5,overloading,A,300,0.5738767385482788,2,m6b_physics_lib_v2,0_v2,2026-04-26
M6B_L5_00919,5,overloading,A,300,0.6767035126686096,2,m6b_physics_lib_v2,0_v2,2026-04-26
M6B_L5_00920,5,overloading,A,300,0.6923972964286804,2,m6b_physics_lib_v2,0_v2,2026-04-26
M6B_L5_00921,5,overloading,A,300,0.7447149753570557,2,m6b_physics_lib_v2,0_v2,2026-04-26
M6B_L5_00922,5,overloading,A,300,0.8927220106124878,2,m6b_physics_lib_v2,0_v2,2026-04-26
M6B_L5_00923,5,overloading,A,300,0.5030451416969299,2,m6b_physics_lib_v2,0_v2,2026-04-26
M6B_L5_00924,5,overloading,A,300,0.9662360548973083,2,m6b_physics_lib_v2,0_v2,2026-04-26
M6B_L5_00925,5,overloading,A,300,0.8229947090148926,2,m6b_physics_lib_v2,0_v2,2026-04-26
M6B_L5_00926,5,overloading,A,300,0.9753244519233704,2,m6b_physics_lib_v2,0_v2,2026-04-26
M6B_L5_00927,5,overloading,A,300,0.9086947441101074,2,m6b_physics_lib_v2,0_v2,2026-04-26
M6B_L5_00928,5,overloading,A,300,0.9639191031455994,2,m6b_physics_lib_v2,0_v2,2026-04-26
M6B_L5_00929,5,overloading,A,300,0.8005002737045288,2,m6b_physics_lib_v2,0_v2,2026-04-26
M6B_L5_00930,5,overloading,A,300,0.6786544919013977,2,m6b_physics_lib_v2,0_v2,2026-04-26
M6B_L5_00931,5,overloading,A,300,0.7214570045471191,2,m6b_physics_lib_v2,0_v2,2026-04-26
M6B_L5_00932,5,overloading,A,300,0.8290161490440369,2,m6b_physics_lib_v2,0_v2,2026-04-26
M6B_L5_00933,5,overloading,A,300,0.7134659290313721,2,m6b_physics_lib_v2,0_v2,2026-04-26
M6B_L5_00934,5,overloading,A,300,0.8658363819122314,2,m6b_physics_lib_v2,0_v2,2026-04-26
M6B_L5_00935,5,overloading,A,300,0.5459240078926086,2,m6b_physics_lib_v2,0_v2,2026-04-26
M6B_L5_00936,5,overloading,A,300,0.9149933457374573,2,m6b_physics_lib_v2,0_v2,2026-04-26
M6B_L5_00937,5,overloading,A,300,0.602094292640686,2,m6b_physics_lib_v2,0_v2,2026-04-26
M6B_L5_00938,5,overloading,A,300,0.9719737768173218,2,m6b_physics_lib_v2,0_v2,2026-04-26
M6B_L5_00939,5,overloading,A,300,0.5777729153633118,2,m6b_physics_lib_v2,0_v2,2026-04-26
M6B_L5_00940,5,overloading,A,300,0.564582109451294,2,m6b_physics_lib_v2,0_v2,2026-04-26
M6B_L5_00941,5,overloading,A,300,0.9059380292892456,2,m6b_physics_lib_v2,0_v2,2026-04-26
M6B_L5_00942,5,overloading,A,300,0.9093509316444397,2,m6b_physics_lib_v2,0_v2,2026-04-26
M6B_L5_00943,5,overloading,A,300,0.8693796992301941,2,m6b_physics_lib_v2,0_v2,2026-04-26
M6B_L5_00944,5,overloading,A,300,0.9802652597427368,2,m6b_physics_lib_v2,0_v2,2026-04-26
M6B_L5_00945,5,overloading,A,300,0.635269820690155,2,m6b_physics_lib_v2,0_v2,2026-04-26
M6B_L5_00946,5,overloading,A,300,0.9133243560791016,2,m6b_physics_lib_v2,0_v2,2026-04-26
M6B_L5_00947,5,overloading,A,300,0.6760202646255493,2,m6b_physics_lib_v2,0_v2,2026-04-26
M6B_L5_00948,5,overloading,A,300,0.7686992883682251,2,m6b_physics_lib_v2,0_v2,2026-04-26
M6B_L5_00949,5,overloading,A,300,0.7228000164031982,2,m6b_physics_lib_v2,0_v2,2026-04-26
M6B_L5_00950,5,overloading,A,300,0.5029250383377075,2,m6b_physics_lib_v2,0_v2,2026-04-26
M6B_L5_00951,5,overloading,A,300,0.7872310876846313,2,m6b_physics_lib_v2,0_v2,2026-04-26
M6B_L5_00952,5,overloading,A,300,0.8737529516220093,2,m6b_physics_lib_v2,0_v2,2026-04-26
M6B_L5_00953,5,overloading,A,300,0.5872762203216553,2,m6b_physics_lib_v2,0_v2,2026-04-26
M6B_L5_00954,5,overloading,A,300,0.9658279418945312,2,m6b_physics_lib_v2,0_v2,2026-04-26
M6B_L5_00955,5,overloading,A,300,0.7651997804641724,2,m6b_physics_lib_v2,0_v2,2026-04-26
M6B_L5_00956,5,overloading,A,300,0.589123010635376,2,m6b_physics_lib_v2,0_v2,2026-04-26
M6B_L5_00957,5,overloading,A,300,0.8229737877845764,2,m6b_physics_lib_v2,0_v2,2026-04-26
M6B_L5_00958,5,overloading,A,300,0.595961332321167,2,m6b_physics_lib_v2,0_v2,2026-04-26
M6B_L5_00959,5,overloading,A,300,0.5317666530609131,2,m6b_physics_lib_v2,0_v2,2026-04-26
M6B_L5_00960,5,overloading,A,300,0.8426576256752014,2,m6b_physics_lib_v2,0_v2,2026-04-26
M6B_L5_00961,5,overloading,A,300,0.5553474426269531,2,m6b_physics_lib_v2,0_v2,2026-04-26
M6B_L5_00962,5,overloading,A,300,0.5531087517738342,2,m6b_physics_lib_v2,0_v2,2026-04-26
M6B_L5_00963,5,overloading,A,300,0.869971752166748,2,m6b_physics_lib_v2,0_v2,2026-04-26
M6B_L5_00964,5,overloading,A,300,0.5276011228561401,2,m6b_physics_lib_v2,0_v2,2026-04-26
M6B_L5_00965,5,overloading,A,300,0.9048845767974854,2,m6b_physics_lib_v2,0_v2,2026-04-26
M6B_L5_00966,5,overloading,A,300,0.8980743885040283,2,m6b_physics_lib_v2,0_v2,2026-04-26
M6B_L5_00967,5,overloading,A,300,0.5706967115402222,2,m6b_physics_lib_v2,0_v2,2026-04-26
M6B_L5_00968,5,overloading,A,300,0.7591903209686279,2,m6b_physics_lib_v2,0_v2,2026-04-26
M6B_L5_00969,5,overloading,A,300,0.5483127236366272,2,m6b_physics_lib_v2,0_v2,2026-04-26
M6B_L5_00970,5,overloading,A,300,0.8162856101989746,2,m6b_physics_lib_v2,0_v2,2026-04-26
M6B_L5_00971,5,overloading,A,300,0.5314649939537048,2,m6b_physics_lib_v2,0_v2,2026-04-26
M6B_L5_00972,5,overloading,A,300,0.9722404479980469,2,m6b_physics_lib_v2,0_v2,2026-04-26
M6B_L5_00973,5,overloading,A,300,0.603865385055542,2,m6b_physics_lib_v2,0_v2,2026-04-26
M6B_L5_00974,5,overloading,A,300,0.8414473533630371,2,m6b_physics_lib_v2,0_v2,2026-04-26
M6B_L5_00975,5,overloading,A,300,0.5641456842422485,2,m6b_physics_lib_v2,0_v2,2026-04-26
M6B_L5_00976,5,overloading,A,300,0.6047981977462769,2,m6b_physics_lib_v2,0_v2,2026-04-26
M6B_L5_00977,5,overloading,A,300,0.7254748344421387,2,m6b_physics_lib_v2,0_v2,2026-04-26
M6B_L5_00978,5,overloading,A,300,0.7865480780601501,2,m6b_physics_lib_v2,0_v2,2026-04-26
M6B_L5_00979,5,overloading,A,300,0.9994316101074219,2,m6b_physics_lib_v2,0_v2,2026-04-26
M6B_L5_00980,5,overloading,A,300,0.5129631161689758,2,m6b_physics_lib_v2,0_v2,2026-04-26
M6B_L5_00981,5,overloading,A,300,0.5001572370529175,2,m6b_physics_lib_v2,0_v2,2026-04-26
M6B_L5_00982,5,overloading,A,300,0.6751835346221924,2,m6b_physics_lib_v2,0_v2,2026-04-26
M6B_L5_00983,5,overloading,A,300,0.6830781698226929,2,m6b_physics_lib_v2,0_v2,2026-04-26
M6B_L5_00984,5,overloading,A,300,0.9419186115264893,2,m6b_physics_lib_v2,0_v2,2026-04-26
M6B_L5_00985,5,overloading,A,300,0.9562912583351135,2,m6b_physics_lib_v2,0_v2,2026-04-26
M6B_L5_00986,5,overloading,A,300,0.940262496471405,2,m6b_physics_lib_v2,0_v2,2026-04-26
M6B_L5_00987,5,overloading,A,300,0.5715893507003784,2,m6b_physics_lib_v2,0_v2,2026-04-26
M6B_L5_00988,5,overloading,A,300,0.7060524225234985,2,m6b_physics_lib_v2,0_v2,2026-04-26
M6B_L5_00989,5,overloading,A,300,0.8729425668716431,2,m6b_physics_lib_v2,0_v2,2026-04-26
M6B_L5_00990,5,overloading,A,300,0.6563055515289307,2,m6b_physics_lib_v2,0_v2,2026-04-26
M6B_L5_00991,5,overloading,A,300,0.8316190242767334,2,m6b_physics_lib_v2,0_v2,2026-04-26
M6B_L5_00992,5,overloading,A,300,0.6185714602470398,2,m6b_physics_lib_v2,0_v2,2026-04-26
M6B_L5_00993,5,overloading,A,300,0.6617096066474915,2,m6b_physics_lib_v2,0_v2,2026-04-26
M6B_L5_00994,5,overloading,A,300,0.9302148222923279,2,m6b_physics_lib_v2,0_v2,2026-04-26
M6B_L5_00995,5,overloading,A,300,0.6252545118331909,2,m6b_physics_lib_v2,0_v2,2026-04-26
M6B_L5_00996,5,overloading,A,300,0.9821620583534241,2,m6b_physics_lib_v2,0_v2,2026-04-26
M6B_L5_00997,5,overloading,A,300,0.6531297564506531,2,m6b_physics_lib_v2,0_v2,2026-04-26
M6B_L5_00998,5,overloading,A,300,0.5117640495300293,2,m6b_physics_lib_v2,0_v2,2026-04-26
M6B_L5_00999,5,overloading,A,300,0.6274504661560059,2,m6b_physics_lib_v2,0_v2,2026-04-26
M6B_L5_01000,5,overloading,A,300,0.5856024622917175,2,m6b_physics_lib_v2,0_v2,2026-04-26
M6B_L5_01001,5,overloading,A,300,0.7534134984016418,2,m6b_physics_lib_v2,0_v2,2026-04-26
M6B_L5_01002,5,overloading,A,300,0.5563580393791199,2,m6b_physics_lib_v2,0_v2,2026-04-26
M6B_L5_01003,5,overloading,A,300,0.8130244612693787,2,m6b_physics_lib_v2,0_v2,2026-04-26
M6B_L5_01004,5,overloading,A,300,0.9374495148658752,2,m6b_physics_lib_v2,0_v2,2026-04-26
M6B_L5_01005,5,overloading,A,300,0.6812594532966614,2,m6b_physics_lib_v2,0_v2,2026-04-26
M6B_L5_01006,5,overloading,A,300,0.5842463374137878,2,m6b_physics_lib_v2,0_v2,2026-04-26
M6B_L5_01007,5,overloading,A,300,0.7000125050544739,2,m6b_physics_lib_v2,0_v2,2026-04-26
M6B_L5_01008,5,overloading,A,300,0.8929834365844727,2,m6b_physics_lib_v2,0_v2,2026-04-26
M6B_L5_01009,5,overloading,A,300,0.7957438230514526,2,m6b_physics_lib_v2,0_v2,2026-04-26
M6B_L5_01010,5,overloading,A,300,0.550571620464325,2,m6b_physics_lib_v2,0_v2,2026-04-26
M6B_L5_01011,5,overloading,A,300,0.7685935497283936,2,m6b_physics_lib_v2,0_v2,2026-04-26
M6B_L5_01012,5,overloading,A,300,0.7340427041053772,2,m6b_physics_lib_v2,0_v2,2026-04-26
M6B_L5_01013,5,overloading,A,300,0.6635560989379883,2,m6b_physics_lib_v2,0_v2,2026-04-26
M6B_L5_01014,5,overloading,A,300,0.5550802946090698,2,m6b_physics_lib_v2,0_v2,2026-04-26
M6B_L5_01015,5,overloading,A,300,0.9905559420585632,2,m6b_physics_lib_v2,0_v2,2026-04-26
M6B_L5_01016,5,overloading,A,300,0.5880216360092163,2,m6b_physics_lib_v2,0_v2,2026-04-26
M6B_L5_01017,5,overloading,A,300,0.5963714718818665,2,m6b_physics_lib_v2,0_v2,2026-04-26
M6B_L5_01018,5,overloading,A,300,0.572791337966919,2,m6b_physics_lib_v2,0_v2,2026-04-26
M6B_L5_01019,5,overloading,A,300,0.7850965261459351,2,m6b_physics_lib_v2,0_v2,2026-04-26
M6B_L5_01020,5,overloading,A,300,0.7218347787857056,2,m6b_physics_lib_v2,0_v2,2026-04-26
M6B_L5_01021,5,overloading,A,300,0.6247785687446594,2,m6b_physics_lib_v2,0_v2,2026-04-26
M6B_L5_01022,5,overloading,A,300,0.7147116661071777,2,m6b_physics_lib_v2,0_v2,2026-04-26
M6B_L5_01023,5,overloading,A,300,0.836760938167572,2,m6b_physics_lib_v2,0_v2,2026-04-26
M6B_L5_01024,5,overloading,A,300,0.6408502459526062,2,m6b_physics_lib_v2,0_v2,2026-04-26
M6B_L5_01025,5,overloading,A,300,0.9576228857040405,2,m6b_physics_lib_v2,0_v2,2026-04-26
M6B_L5_01026,5,overloading,A,300,0.6531730890274048,2,m6b_physics_lib_v2,0_v2,2026-04-26
M6B_L5_01027,5,overloading,A,300,0.599089503288269,2,m6b_physics_lib_v2,0_v2,2026-04-26
M6B_L5_01028,5,overloading,A,300,0.9772838950157166,2,m6b_physics_lib_v2,0_v2,2026-04-26
M6B_L5_01029,5,overloading,A,300,0.9052802920341492,2,m6b_physics_lib_v2,0_v2,2026-04-26
M6B_L5_01030,5,overloading,A,300,0.6715688109397888,2,m6b_physics_lib_v2,0_v2,2026-04-26
M6B_L5_01031,5,overloading,A,300,0.9207159280776978,2,m6b_physics_lib_v2,0_v2,2026-04-26
M6B_L5_01032,5,overloading,A,300,0.759407103061676,2,m6b_physics_lib_v2,0_v2,2026-04-26
M6B_L5_01033,5,overloading,A,300,0.6733762621879578,2,m6b_physics_lib_v2,0_v2,2026-04-26
M6B_L5_01034,5,overloading,A,300,0.9198057651519775,2,m6b_physics_lib_v2,0_v2,2026-04-26
M6B_L5_01035,5,overloading,A,300,0.8760825395584106,2,m6b_physics_lib_v2,0_v2,2026-04-26
M6B_L5_01036,5,overloading,A,300,0.6489374041557312,2,m6b_physics_lib_v2,0_v2,2026-04-26
M6B_L5_01037,5,overloading,A,300,0.8033392429351807,2,m6b_physics_lib_v2,0_v2,2026-04-26
M6B_L5_01038,5,overloading,A,300,0.6846951246261597,2,m6b_physics_lib_v2,0_v2,2026-04-26
M6B_L5_01039,5,overloading,A,300,0.5005260109901428,2,m6b_physics_lib_v2,0_v2,2026-04-26
M6B_L5_01040,5,overloading,A,300,0.9809078574180603,2,m6b_physics_lib_v2,0_v2,2026-04-26
M6B_L5_01041,5,overloading,A,300,0.7748145461082458,2,m6b_physics_lib_v2,0_v2,2026-04-26
M6B_L5_01042,5,overloading,A,300,0.7992163300514221,2,m6b_physics_lib_v2,0_v2,2026-04-26
M6B_L5_01043,5,overloading,A,300,0.7999457120895386,2,m6b_physics_lib_v2,0_v2,2026-04-26
M6B_L5_01044,5,overloading,A,300,0.7753207087516785,2,m6b_physics_lib_v2,0_v2,2026-04-26
M6B_L5_01045,5,overloading,A,300,0.6450239419937134,2,m6b_physics_lib_v2,0_v2,2026-04-26
M6B_L5_01046,5,overloading,A,300,0.9857880473136902,2,m6b_physics_lib_v2,0_v2,2026-04-26
M6B_L5_01047,5,overloading,A,300,0.8108342289924622,2,m6b_physics_lib_v2,0_v2,2026-04-26
M6B_L5_01048,5,overloading,A,300,0.8354606628417969,2,m6b_physics_lib_v2,0_v2,2026-04-26
M6B_L5_01049,5,overloading,A,300,0.7273963689804077,2,m6b_physics_lib_v2,0_v2,2026-04-26
M6B_L5_01050,5,overloading,A,300,0.6439306735992432,2,m6b_physics_lib_v2,0_v2,2026-04-26
M6B_L5_01051,5,overloading,A,300,0.5321744680404663,2,m6b_physics_lib_v2,0_v2,2026-04-26
M6B_L5_01052,5,overloading,A,300,0.6751151084899902,2,m6b_physics_lib_v2,0_v2,2026-04-26
M6B_L5_01053,5,overloading,A,300,0.5880486965179443,2,m6b_physics_lib_v2,0_v2,2026-04-26
M6B_L5_01054,5,overloading,A,300,0.8310441374778748,2,m6b_physics_lib_v2,0_v2,2026-04-26
M6B_L5_01055,5,overloading,A,300,0.939501941204071,2,m6b_physics_lib_v2,0_v2,2026-04-26
M6B_L5_01056,5,overloading,A,300,0.6513774394989014,2,m6b_physics_lib_v2,0_v2,2026-04-26
M6B_L5_01057,5,overloading,A,300,0.6664413213729858,2,m6b_physics_lib_v2,0_v2,2026-04-26
M6B_L5_01058,5,overloading,A,300,0.835182249546051,2,m6b_physics_lib_v2,0_v2,2026-04-26
M6B_L5_01059,5,overloading,A,300,0.5746357440948486,2,m6b_physics_lib_v2,0_v2,2026-04-26
M6B_L5_01060,5,overloading,A,300,0.9647186994552612,2,m6b_physics_lib_v2,0_v2,2026-04-26
M6B_L5_01061,5,overloading,A,300,0.6819233894348145,2,m6b_physics_lib_v2,0_v2,2026-04-26
M6B_L5_01062,5,overloading,A,300,0.5505996942520142,2,m6b_physics_lib_v2,0_v2,2026-04-26
M6B_L5_01063,5,overloading,A,300,0.5873420238494873,2,m6b_physics_lib_v2,0_v2,2026-04-26
M6B_L5_01064,5,overloading,A,300,0.9663730263710022,2,m6b_physics_lib_v2,0_v2,2026-04-26
M6B_L5_01065,5,overloading,A,300,0.6235596537590027,2,m6b_physics_lib_v2,0_v2,2026-04-26
M6B_L5_01066,5,overloading,A,300,0.8311343789100647,2,m6b_physics_lib_v2,0_v2,2026-04-26
M6B_L5_01067,5,overloading,A,300,0.5780826210975647,2,m6b_physics_lib_v2,0_v2,2026-04-26
M6B_L5_01068,5,overloading,A,300,0.5970508456230164,2,m6b_physics_lib_v2,0_v2,2026-04-26
M6B_L5_01069,5,overloading,A,300,0.9396191239356995,2,m6b_physics_lib_v2,0_v2,2026-04-26
M6B_L5_01070,5,overloading,A,300,0.5740166306495667,2,m6b_physics_lib_v2,0_v2,2026-04-26
M6B_L5_01071,5,overloading,A,300,0.509375274181366,2,m6b_physics_lib_v2,0_v2,2026-04-26
M6B_L5_01072,5,overloading,A,300,0.7506166100502014,2,m6b_physics_lib_v2,0_v2,2026-04-26
M6B_L5_01073,5,overloading,A,300,0.9313634037971497,2,m6b_physics_lib_v2,0_v2,2026-04-26
M6B_L5_01074,5,overloading,A,300,0.6629955172538757,2,m6b_physics_lib_v2,0_v2,2026-04-26
M6B_L5_01075,5,overloading,A,300,0.5640811324119568,2,m6b_physics_lib_v2,0_v2,2026-04-26
M6B_L5_01076,5,overloading,A,300,0.991115391254425,2,m6b_physics_lib_v2,0_v2,2026-04-26
M6B_L5_01077,5,overloading,A,300,0.8383693099021912,2,m6b_physics_lib_v2,0_v2,2026-04-26
M6B_L5_01078,5,overloading,A,300,0.9253453016281128,2,m6b_physics_lib_v2,0_v2,2026-04-26
M6B_L5_01079,5,overloading,A,300,0.8760691285133362,2,m6b_physics_lib_v2,0_v2,2026-04-26
M6B_L5_01080,5,overloading,A,300,0.8491211533546448,2,m6b_physics_lib_v2,0_v2,2026-04-26
M6B_L5_01081,5,overloading,A,300,0.6922820210456848,2,m6b_physics_lib_v2,0_v2,2026-04-26
M6B_L5_01082,5,overloading,A,300,0.6621699929237366,2,m6b_physics_lib_v2,0_v2,2026-04-26
M6B_L5_01083,5,overloading,A,300,0.8584793210029602,2,m6b_physics_lib_v2,0_v2,2026-04-26
M6B_L5_01084,5,overloading,A,300,0.8583564758300781,2,m6b_physics_lib_v2,0_v2,2026-04-26
M6B_L5_01085,5,overloading,A,300,0.9752941727638245,2,m6b_physics_lib_v2,0_v2,2026-04-26
M6B_L5_01086,5,overloading,A,300,0.784329891204834,2,m6b_physics_lib_v2,0_v2,2026-04-26
M6B_L5_01087,5,overloading,A,300,0.6473105549812317,2,m6b_physics_lib_v2,0_v2,2026-04-26
M6B_L5_01088,5,overloading,A,300,0.7447643876075745,2,m6b_physics_lib_v2,0_v2,2026-04-26
M6B_L5_01089,5,overloading,A,300,0.8068569302558899,2,m6b_physics_lib_v2,0_v2,2026-04-26
M6B_L5_01090,5,overloading,A,300,0.7133648991584778,2,m6b_physics_lib_v2,0_v2,2026-04-26
M6B_L5_01091,5,overloading,A,300,0.8955665826797485,2,m6b_physics_lib_v2,0_v2,2026-04-26
M6B_L5_01092,5,overloading,A,300,0.7923066020011902,2,m6b_physics_lib_v2,0_v2,2026-04-26
M6B_L5_01093,5,overloading,A,300,0.5047178864479065,2,m6b_physics_lib_v2,0_v2,2026-04-26
M6B_L5_01094,5,overloading,A,300,0.7849199175834656,2,m6b_physics_lib_v2,0_v2,2026-04-26
M6B_L5_01095,5,overloading,A,300,0.816801905632019,2,m6b_physics_lib_v2,0_v2,2026-04-26
M6B_L5_01096,5,overloading,A,300,0.9576306343078613,2,m6b_physics_lib_v2,0_v2,2026-04-26
M6B_L5_01097,5,overloading,A,300,0.7068608403205872,2,m6b_physics_lib_v2,0_v2,2026-04-26
M6B_L5_01098,5,overloading,A,300,0.787233829498291,2,m6b_physics_lib_v2,0_v2,2026-04-26
M6B_L5_01099,5,overloading,A,300,0.7374987006187439,2,m6b_physics_lib_v2,0_v2,2026-04-26
M6B_L5_01100,5,overloading,A,300,0.7658281922340393,2,m6b_physics_lib_v2,0_v2,2026-04-26
M6B_L5_01101,5,overloading,A,300,0.5336520075798035,2,m6b_physics_lib_v2,0_v2,2026-04-26
M6B_L5_01102,5,overloading,A,300,0.948641836643219,2,m6b_physics_lib_v2,0_v2,2026-04-26
M6B_L5_01103,5,overloading,A,300,0.9552061557769775,2,m6b_physics_lib_v2,0_v2,2026-04-26
M6B_L5_01104,5,overloading,A,300,0.7740297913551331,2,m6b_physics_lib_v2,0_v2,2026-04-26
M6B_L5_01105,5,overloading,A,300,0.7782777547836304,2,m6b_physics_lib_v2,0_v2,2026-04-26
M6B_L5_01106,5,overloading,A,300,0.5287780165672302,2,m6b_physics_lib_v2,0_v2,2026-04-26
M6B_L5_01107,5,overloading,A,300,0.7989752292633057,2,m6b_physics_lib_v2,0_v2,2026-04-26
M6B_L5_01108,5,overloading,A,300,0.7145758867263794,2,m6b_physics_lib_v2,0_v2,2026-04-26
M6B_L5_01109,5,overloading,A,300,0.8545218110084534,2,m6b_physics_lib_v2,0_v2,2026-04-26
M6B_L5_01110,5,overloading,A,300,0.5235624313354492,2,m6b_physics_lib_v2,0_v2,2026-04-26
M6B_L5_01111,5,overloading,A,300,0.8554438352584839,2,m6b_physics_lib_v2,0_v2,2026-04-26
M6B_L5_01112,5,overloading,A,300,0.6434469223022461,2,m6b_physics_lib_v2,0_v2,2026-04-26
M6B_L5_01113,5,overloading,A,300,0.8258526921272278,2,m6b_physics_lib_v2,0_v2,2026-04-26
M6B_L5_01114,5,overloading,A,300,0.8135629892349243,2,m6b_physics_lib_v2,0_v2,2026-04-26
M6B_L5_01115,5,overloading,A,300,0.6134207248687744,2,m6b_physics_lib_v2,0_v2,2026-04-26
M6B_L5_01116,5,overloading,A,300,0.7202261686325073,2,m6b_physics_lib_v2,0_v2,2026-04-26
M6B_L5_01117,5,overloading,A,300,0.9178166389465332,2,m6b_physics_lib_v2,0_v2,2026-04-26
M6B_L5_01118,5,overloading,A,300,0.8027958273887634,2,m6b_physics_lib_v2,0_v2,2026-04-26
M6B_L5_01119,5,overloading,A,300,0.534369170665741,2,m6b_physics_lib_v2,0_v2,2026-04-26
M6B_L5_01120,5,overloading,A,300,0.7214544415473938,2,m6b_physics_lib_v2,0_v2,2026-04-26
M6B_L5_01121,5,overloading,A,300,0.6558857560157776,2,m6b_physics_lib_v2,0_v2,2026-04-26
M6B_L5_01122,5,overloading,A,300,0.8208228349685669,2,m6b_physics_lib_v2,0_v2,2026-04-26
M6B_L5_01123,5,overloading,A,300,0.8072819709777832,2,m6b_physics_lib_v2,0_v2,2026-04-26
M6B_L5_01124,5,overloading,A,300,0.5051990747451782,2,m6b_physics_lib_v2,0_v2,2026-04-26
M6B_L5_01125,5,overloading,A,300,0.8038477301597595,2,m6b_physics_lib_v2,0_v2,2026-04-26
M6B_L5_01126,5,overloading,A,300,0.8674248456954956,2,m6b_physics_lib_v2,0_v2,2026-04-26
M6B_L5_01127,5,overloading,A,300,0.8843650221824646,2,m6b_physics_lib_v2,0_v2,2026-04-26
M6B_L5_01128,5,overloading,A,300,0.5294879078865051,2,m6b_physics_lib_v2,0_v2,2026-04-26
M6B_L5_01129,5,overloading,A,300,0.651829183101654,2,m6b_physics_lib_v2,0_v2,2026-04-26
M6B_L5_01130,5,overloading,A,300,0.7106367945671082,2,m6b_physics_lib_v2,0_v2,2026-04-26
M6B_L5_01131,5,overloading,A,300,0.5898858308792114,2,m6b_physics_lib_v2,0_v2,2026-04-26
M6B_L5_01132,5,overloading,A,300,0.71036696434021,2,m6b_physics_lib_v2,0_v2,2026-04-26
M6B_L5_01133,5,overloading,A,300,0.5355647802352905,2,m6b_physics_lib_v2,0_v2,2026-04-26
M6B_L5_01134,5,overloading,A,300,0.5566086173057556,2,m6b_physics_lib_v2,0_v2,2026-04-26
M6B_L5_01135,5,overloading,A,300,0.8343473672866821,2,m6b_physics_lib_v2,0_v2,2026-04-26
M6B_L5_01136,5,overloading,A,300,0.6312862038612366,2,m6b_physics_lib_v2,0_v2,2026-04-26
M6B_L5_01137,5,overloading,A,300,0.8557029366493225,2,m6b_physics_lib_v2,0_v2,2026-04-26
M6B_L5_01138,5,overloading,A,300,0.5240542888641357,2,m6b_physics_lib_v2,0_v2,2026-04-26
M6B_L5_01139,5,overloading,A,300,0.7813515067100525,2,m6b_physics_lib_v2,0_v2,2026-04-26
M6B_L5_01140,5,overloading,A,300,0.6957243084907532,2,m6b_physics_lib_v2,0_v2,2026-04-26
M6B_L5_01141,5,overloading,A,300,0.8984857201576233,2,m6b_physics_lib_v2,0_v2,2026-04-26
M6B_L5_01142,5,overloading,A,300,0.8919757604598999,2,m6b_physics_lib_v2,0_v2,2026-04-26
M6B_L5_01143,5,overloading,A,300,0.6877798438072205,2,m6b_physics_lib_v2,0_v2,2026-04-26
M6B_L5_01144,5,overloading,A,300,0.8113570213317871,2,m6b_physics_lib_v2,0_v2,2026-04-26
M6B_L5_01145,5,overloading,A,300,0.6137744188308716,2,m6b_physics_lib_v2,0_v2,2026-04-26
M6B_L5_01146,5,overloading,A,300,0.7902033925056458,2,m6b_physics_lib_v2,0_v2,2026-04-26
M6B_L5_01147,5,overloading,A,300,0.5406323671340942,2,m6b_physics_lib_v2,0_v2,2026-04-26
M6B_L5_01148,5,overloading,A,300,0.717302143573761,2,m6b_physics_lib_v2,0_v2,2026-04-26
M6B_L5_01149,5,overloading,A,300,0.5913638472557068,2,m6b_physics_lib_v2,0_v2,2026-04-26
M6B_L5_01150,5,overloading,A,300,0.9416905641555786,2,m6b_physics_lib_v2,0_v2,2026-04-26
M6B_L5_01151,5,overloading,A,300,0.7224504351615906,2,m6b_physics_lib_v2,0_v2,2026-04-26
M6B_L5_01152,5,overloading,A,300,0.7953868508338928,2,m6b_physics_lib_v2,0_v2,2026-04-26
M6B_L5_01153,5,overloading,A,300,0.680190920829773,2,m6b_physics_lib_v2,0_v2,2026-04-26
M6B_L5_01154,5,overloading,A,300,0.6443704962730408,2,m6b_physics_lib_v2,0_v2,2026-04-26
M6B_L5_01155,5,overloading,A,300,0.6014599204063416,2,m6b_physics_lib_v2,0_v2,2026-04-26
M6B_L5_01156,5,overloading,A,300,0.9559357762336731,2,m6b_physics_lib_v2,0_v2,2026-04-26
M6B_L5_01157,5,overloading,A,300,0.8997328877449036,2,m6b_physics_lib_v2,0_v2,2026-04-26
M6B_L5_01158,5,overloading,A,300,0.5666306018829346,2,m6b_physics_lib_v2,0_v2,2026-04-26
M6B_L5_01159,5,overloading,A,300,0.8733624219894409,2,m6b_physics_lib_v2,0_v2,2026-04-26
M6B_L5_01160,5,overloading,A,300,0.709265410900116,2,m6b_physics_lib_v2,0_v2,2026-04-26
M6B_L5_01161,5,overloading,A,300,0.5076983571052551,2,m6b_physics_lib_v2,0_v2,2026-04-26
M6B_L5_01162,5,overloading,A,300,0.7641836404800415,2,m6b_physics_lib_v2,0_v2,2026-04-26
M6B_L5_01163,5,overloading,A,300,0.5650232434272766,2,m6b_physics_lib_v2,0_v2,2026-04-26
M6B_L5_01164,5,overloading,A,300,0.6049671769142151,2,m6b_physics_lib_v2,0_v2,2026-04-26
M6B_L5_01165,5,overloading,A,300,0.8480204939842224,2,m6b_physics_lib_v2,0_v2,2026-04-26
M6B_L5_01166,5,overloading,A,300,0.6285710334777832,2,m6b_physics_lib_v2,0_v2,2026-04-26
M6B_L5_01167,5,overloading,A,300,0.9459441304206848,2,m6b_physics_lib_v2,0_v2,2026-04-26
M6B_L5_01168,5,overloading,A,300,0.8285848498344421,2,m6b_physics_lib_v2,0_v2,2026-04-26
M6B_L5_01169,5,overloading,A,300,0.9161417484283447,2,m6b_physics_lib_v2,0_v2,2026-04-26
M6B_L5_01170,5,overloading,A,300,0.8075947761535645,2,m6b_physics_lib_v2,0_v2,2026-04-26
M6B_L5_01171,5,overloading,A,300,0.9344248175621033,2,m6b_physics_lib_v2,0_v2,2026-04-26
M6B_L5_01172,5,overloading,A,300,0.6808423399925232,2,m6b_physics_lib_v2,0_v2,2026-04-26
M6B_L5_01173,5,overloading,A,300,0.7745702862739563,2,m6b_physics_lib_v2,0_v2,2026-04-26
M6B_L5_01174,5,overloading,A,300,0.75794517993927,2,m6b_physics_lib_v2,0_v2,2026-04-26
M6B_L5_01175,5,overloading,A,300,0.9518953561782837,2,m6b_physics_lib_v2,0_v2,2026-04-26
M6B_L5_01176,5,overloading,A,300,0.5824577212333679,2,m6b_physics_lib_v2,0_v2,2026-04-26
M6B_L5_01177,5,overloading,A,300,0.7890303730964661,2,m6b_physics_lib_v2,0_v2,2026-04-26
M6B_L5_01178,5,overloading,A,300,0.8772156238555908,2,m6b_physics_lib_v2,0_v2,2026-04-26
M6B_L5_01179,5,overloading,A,300,0.6850248575210571,2,m6b_physics_lib_v2,0_v2,2026-04-26
M6B_L5_01180,5,overloading,A,300,0.9337907433509827,2,m6b_physics_lib_v2,0_v2,2026-04-26
M6B_L5_01181,5,overloading,A,300,0.6865074038505554,2,m6b_physics_lib_v2,0_v2,2026-04-26
M6B_L5_01182,5,overloading,A,300,0.5866543650627136,2,m6b_physics_lib_v2,0_v2,2026-04-26
M6B_L5_01183,5,overloading,A,300,0.7920241951942444,2,m6b_physics_lib_v2,0_v2,2026-04-26
M6B_L5_01184,5,overloading,A,300,0.7102839946746826,2,m6b_physics_lib_v2,0_v2,2026-04-26
M6B_L5_01185,5,overloading,A,300,0.5075950622558594,2,m6b_physics_lib_v2,0_v2,2026-04-26
M6B_L5_01186,5,overloading,A,300,0.5349193215370178,2,m6b_physics_lib_v2,0_v2,2026-04-26
M6B_L5_01187,5,overloading,A,300,0.5976386070251465,2,m6b_physics_lib_v2,0_v2,2026-04-26
M6B_L5_01188,5,overloading,A,300,0.8846649527549744,2,m6b_physics_lib_v2,0_v2,2026-04-26
M6B_L5_01189,5,overloading,A,300,0.9460197687149048,2,m6b_physics_lib_v2,0_v2,2026-04-26
M6B_L5_01190,5,overloading,A,300,0.7728204131126404,2,m6b_physics_lib_v2,0_v2,2026-04-26
M6B_L5_01191,5,overloading,A,300,0.5527827143669128,2,m6b_physics_lib_v2,0_v2,2026-04-26
M6B_L5_01192,5,overloading,A,300,0.7672094702720642,2,m6b_physics_lib_v2,0_v2,2026-04-26
M6B_L5_01193,5,overloading,A,300,0.9278027415275574,2,m6b_physics_lib_v2,0_v2,2026-04-26
M6B_L5_01194,5,overloading,A,300,0.8747388124465942,2,m6b_physics_lib_v2,0_v2,2026-04-26
M6B_L5_01195,5,overloading,A,300,0.6455490589141846,2,m6b_physics_lib_v2,0_v2,2026-04-26
M6B_L5_01196,5,overloading,A,300,0.5619453191757202,2,m6b_physics_lib_v2,0_v2,2026-04-26
M6B_L5_01197,5,overloading,A,300,0.9503408670425415,2,m6b_physics_lib_v2,0_v2,2026-04-26
M6B_L5_01198,5,overloading,A,300,0.9270443916320801,2,m6b_physics_lib_v2,0_v2,2026-04-26
M6B_L5_01199,5,overloading,A,300,0.5268576741218567,2,m6b_physics_lib_v2,0_v2,2026-04-26
M6B_L5_01200,5,overloading,A,300,0.9118372201919556,2,m6b_physics_lib_v2,0_v2,2026-04-26
M6B_L5_01201,5,overloading,A,300,0.5486063361167908,2,m6b_physics_lib_v2,0_v2,2026-04-26
M6B_L5_01202,5,overloading,A,300,0.5316418409347534,2,m6b_physics_lib_v2,0_v2,2026-04-26
M6B_L5_01203,5,overloading,A,300,0.8793004751205444,2,m6b_physics_lib_v2,0_v2,2026-04-26
M6B_L5_01204,5,overloading,A,300,0.7681553363800049,2,m6b_physics_lib_v2,0_v2,2026-04-26
M6B_L5_01205,5,overloading,A,300,0.7072740197181702,2,m6b_physics_lib_v2,0_v2,2026-04-26
M6B_L5_01206,5,overloading,A,300,0.9519311189651489,2,m6b_physics_lib_v2,0_v2,2026-04-26
M6B_L5_01207,5,overloading,A,300,0.9196518063545227,2,m6b_physics_lib_v2,0_v2,2026-04-26
M6B_L5_01208,5,overloading,A,300,0.5288117527961731,2,m6b_physics_lib_v2,0_v2,2026-04-26
M6B_L5_01209,5,overloading,A,300,0.8080435991287231,2,m6b_physics_lib_v2,0_v2,2026-04-26
M6B_L5_01210,5,overloading,A,300,0.8861337304115295,2,m6b_physics_lib_v2,0_v2,2026-04-26
M6B_L5_01211,5,overloading,A,300,0.7752453088760376,2,m6b_physics_lib_v2,0_v2,2026-04-26
M6B_L5_01212,5,overloading,A,300,0.9915027618408203,2,m6b_physics_lib_v2,0_v2,2026-04-26
M6B_L5_01213,5,overloading,A,300,0.8430237770080566,2,m6b_physics_lib_v2,0_v2,2026-04-26
M6B_L5_01214,5,overloading,A,300,0.5520715117454529,2,m6b_physics_lib_v2,0_v2,2026-04-26
M6B_L5_01215,5,overloading,A,300,0.5991489887237549,2,m6b_physics_lib_v2,0_v2,2026-04-26
M6B_L5_01216,5,overloading,A,300,0.913122832775116,2,m6b_physics_lib_v2,0_v2,2026-04-26
M6B_L5_01217,5,overloading,A,300,0.998378336429596,2,m6b_physics_lib_v2,0_v2,2026-04-26
M6B_L5_01218,5,overloading,A,300,0.549169659614563,2,m6b_physics_lib_v2,0_v2,2026-04-26
M6B_L5_01219,5,overloading,A,300,0.5501646399497986,2,m6b_physics_lib_v2,0_v2,2026-04-26
M6B_L5_01220,5,overloading,A,300,0.8816935420036316,2,m6b_physics_lib_v2,0_v2,2026-04-26
M6B_L5_01221,5,overloading,A,300,0.5321771502494812,2,m6b_physics_lib_v2,0_v2,2026-04-26
M6B_L5_01222,5,overloading,A,300,0.5342800617218018,2,m6b_physics_lib_v2,0_v2,2026-04-26
M6B_L5_01223,5,overloading,A,300,0.9444082379341125,2,m6b_physics_lib_v2,0_v2,2026-04-26
M6B_L5_01224,5,overloading,A,300,0.9002249240875244,2,m6b_physics_lib_v2,0_v2,2026-04-26
M6B_L5_01225,5,overloading,A,300,0.9407815933227539,2,m6b_physics_lib_v2,0_v2,2026-04-26
M6B_L5_01226,5,overloading,A,300,0.8252567052841187,2,m6b_physics_lib_v2,0_v2,2026-04-26
M6B_L5_01227,5,overloading,A,300,0.6612682342529297,2,m6b_physics_lib_v2,0_v2,2026-04-26
M6B_L5_01228,5,overloading,A,300,0.953156590461731,2,m6b_physics_lib_v2,0_v2,2026-04-26
M6B_L5_01229,5,overloading,A,300,0.649361789226532,2,m6b_physics_lib_v2,0_v2,2026-04-26
M6B_L5_01230,5,overloading,A,300,0.6377553939819336,2,m6b_physics_lib_v2,0_v2,2026-04-26
M6B_L5_01231,5,overloading,A,300,0.9432002305984497,2,m6b_physics_lib_v2,0_v2,2026-04-26
M6B_L5_01232,5,overloading,A,300,0.8404113054275513,2,m6b_physics_lib_v2,0_v2,2026-04-26
M6B_L5_01233,5,overloading,A,300,0.9478360414505005,2,m6b_physics_lib_v2,0_v2,2026-04-26
M6B_L5_01234,5,overloading,A,300,0.577950656414032,2,m6b_physics_lib_v2,0_v2,2026-04-26
M6B_L5_01235,5,overloading,A,300,0.9761484265327454,2,m6b_physics_lib_v2,0_v2,2026-04-26
M6B_L5_01236,5,overloading,A,300,0.8063710927963257,2,m6b_physics_lib_v2,0_v2,2026-04-26
M6B_L5_01237,5,overloading,A,300,0.8340175151824951,2,m6b_physics_lib_v2,0_v2,2026-04-26
M6B_L5_01238,5,overloading,A,300,0.9570302963256836,2,m6b_physics_lib_v2,0_v2,2026-04-26
M6B_L5_01239,5,overloading,A,300,0.6903764605522156,2,m6b_physics_lib_v2,0_v2,2026-04-26
M6B_L5_01240,5,overloading,A,300,0.8597875237464905,2,m6b_physics_lib_v2,0_v2,2026-04-26
M6B_L5_01241,5,overloading,A,300,0.8201702833175659,2,m6b_physics_lib_v2,0_v2,2026-04-26
M6B_L5_01242,5,overloading,A,300,0.8938763737678528,2,m6b_physics_lib_v2,0_v2,2026-04-26
M6B_L5_01243,5,overloading,A,300,0.9484713673591614,2,m6b_physics_lib_v2,0_v2,2026-04-26
M6B_L5_01244,5,overloading,A,300,0.8400304317474365,2,m6b_physics_lib_v2,0_v2,2026-04-26
M6B_L5_01245,5,overloading,A,300,0.5338197946548462,2,m6b_physics_lib_v2,0_v2,2026-04-26
M6B_L5_01246,5,overloading,A,300,0.5915701985359192,2,m6b_physics_lib_v2,0_v2,2026-04-26
M6B_L5_01247,5,overloading,A,300,0.9769890904426575,2,m6b_physics_lib_v2,0_v2,2026-04-26
M6B_L5_01248,5,overloading,A,300,0.9843252301216125,2,m6b_physics_lib_v2,0_v2,2026-04-26
M6B_L5_01249,5,overloading,A,300,0.9837066531181335,2,m6b_physics_lib_v2,0_v2,2026-04-26
M6B_L5_01250,5,overloading,A,300,0.518399715423584,2,m6b_physics_lib_v2,0_v2,2026-04-26
M6B_L5_01251,5,overloading,A,300,0.6912240982055664,2,m6b_physics_lib_v2,0_v2,2026-04-26
M6B_L5_01252,5,overloading,A,300,0.87983638048172,2,m6b_physics_lib_v2,0_v2,2026-04-26
M6B_L5_01253,5,overloading,A,300,0.8764429092407227,2,m6b_physics_lib_v2,0_v2,2026-04-26
M6B_L5_01254,5,overloading,A,300,0.5429544448852539,2,m6b_physics_lib_v2,0_v2,2026-04-26
M6B_L5_01255,5,overloading,A,300,0.8047444224357605,2,m6b_physics_lib_v2,0_v2,2026-04-26
M6B_L5_01256,5,overloading,A,300,0.5714347958564758,2,m6b_physics_lib_v2,0_v2,2026-04-26
M6B_L5_01257,5,overloading,A,300,0.7466046810150146,2,m6b_physics_lib_v2,0_v2,2026-04-26
M6B_L5_01258,5,overloading,A,300,0.6198428273200989,2,m6b_physics_lib_v2,0_v2,2026-04-26
M6B_L5_01259,5,overloading,A,300,0.5265805721282959,2,m6b_physics_lib_v2,0_v2,2026-04-26
M6B_L5_01260,5,overloading,A,300,0.5400097370147705,2,m6b_physics_lib_v2,0_v2,2026-04-26
M6B_L5_01261,5,overloading,A,300,0.9554464817047119,2,m6b_physics_lib_v2,0_v2,2026-04-26
M6B_L5_01262,5,overloading,A,300,0.8723229765892029,2,m6b_physics_lib_v2,0_v2,2026-04-26
M6B_L5_01263,5,overloading,A,300,0.9659119844436646,2,m6b_physics_lib_v2,0_v2,2026-04-26
M6B_L5_01264,5,overloading,A,300,0.7349949479103088,2,m6b_physics_lib_v2,0_v2,2026-04-26
M6B_L5_01265,5,overloading,A,300,0.7066462635993958,2,m6b_physics_lib_v2,0_v2,2026-04-26
M6B_L5_01266,5,overloading,A,300,0.6792036294937134,2,m6b_physics_lib_v2,0_v2,2026-04-26
M6B_L5_01267,5,overloading,A,300,0.8081535696983337,2,m6b_physics_lib_v2,0_v2,2026-04-26
M6B_L5_01268,5,overloading,A,300,0.6757797002792358,2,m6b_physics_lib_v2,0_v2,2026-04-26
M6B_L5_01269,5,overloading,A,300,0.8731366395950317,2,m6b_physics_lib_v2,0_v2,2026-04-26
M6B_L5_01270,5,overloading,A,300,0.9006586670875549,2,m6b_physics_lib_v2,0_v2,2026-04-26
M6B_L5_01271,5,overloading,A,300,0.9379222989082336,2,m6b_physics_lib_v2,0_v2,2026-04-26
M6B_L5_01272,5,overloading,A,300,0.6214004755020142,2,m6b_physics_lib_v2,0_v2,2026-04-26
M6B_L5_01273,5,overloading,A,300,0.7635110020637512,2,m6b_physics_lib_v2,0_v2,2026-04-26
M6B_L5_01274,5,overloading,A,300,0.6117222905158997,2,m6b_physics_lib_v2,0_v2,2026-04-26
M6B_L5_01275,5,overloading,A,300,0.5187779068946838,2,m6b_physics_lib_v2,0_v2,2026-04-26
M6B_L5_01276,5,overloading,A,300,0.8539126515388489,2,m6b_physics_lib_v2,0_v2,2026-04-26
M6B_L5_01277,5,overloading,A,300,0.7744906544685364,2,m6b_physics_lib_v2,0_v2,2026-04-26
M6B_L5_01278,5,overloading,A,300,0.8619636297225952,2,m6b_physics_lib_v2,0_v2,2026-04-26
M6B_L5_01279,5,overloading,A,300,0.5438114404678345,2,m6b_physics_lib_v2,0_v2,2026-04-26
M6B_L5_01280,5,overloading,A,300,0.9977630972862244,2,m6b_physics_lib_v2,0_v2,2026-04-26
M6B_L5_01281,5,overloading,A,300,0.9971742630004883,2,m6b_physics_lib_v2,0_v2,2026-04-26
M6B_L5_01282,5,overloading,A,300,0.732499897480011,2,m6b_physics_lib_v2,0_v2,2026-04-26
M6B_L5_01283,5,overloading,A,300,0.9330293536186218,2,m6b_physics_lib_v2,0_v2,2026-04-26
M6B_L5_01284,5,overloading,A,300,0.6217842698097229,2,m6b_physics_lib_v2,0_v2,2026-04-26
M6B_L5_01285,5,overloading,A,300,0.8687830567359924,2,m6b_physics_lib_v2,0_v2,2026-04-26
M6B_L5_01286,5,overloading,A,300,0.9396129250526428,2,m6b_physics_lib_v2,0_v2,2026-04-26
M6B_L5_01287,5,overloading,A,300,0.9073331356048584,2,m6b_physics_lib_v2,0_v2,2026-04-26
M6B_L5_01288,5,overloading,A,300,0.9058870673179626,2,m6b_physics_lib_v2,0_v2,2026-04-26
M6B_L5_01289,5,overloading,A,300,0.7315133213996887,2,m6b_physics_lib_v2,0_v2,2026-04-26
M6B_L5_01290,5,overloading,A,300,0.9099949598312378,2,m6b_physics_lib_v2,0_v2,2026-04-26
M6B_L5_01291,5,overloading,A,300,0.8453524112701416,2,m6b_physics_lib_v2,0_v2,2026-04-26
M6B_L5_01292,5,overloading,A,300,0.5662257075309753,2,m6b_physics_lib_v2,0_v2,2026-04-26
M6B_L5_01293,5,overloading,A,300,0.5570921897888184,2,m6b_physics_lib_v2,0_v2,2026-04-26
M6B_L5_01294,5,overloading,A,300,0.8859610557556152,2,m6b_physics_lib_v2,0_v2,2026-04-26
M6B_L5_01295,5,overloading,A,300,0.8127320408821106,2,m6b_physics_lib_v2,0_v2,2026-04-26
M6B_L5_01296,5,overloading,A,300,0.7596880793571472,2,m6b_physics_lib_v2,0_v2,2026-04-26
M6B_L5_01297,5,overloading,A,300,0.9536309242248535,2,m6b_physics_lib_v2,0_v2,2026-04-26
M6B_L5_01298,5,overloading,A,300,0.8297951817512512,2,m6b_physics_lib_v2,0_v2,2026-04-26
M6B_L5_01299,5,overloading,A,300,0.6980733871459961,2,m6b_physics_lib_v2,0_v2,2026-04-26
M6B_L5_01300,5,overloading,A,300,0.7069659233093262,2,m6b_physics_lib_v2,0_v2,2026-04-26
M6B_L5_01301,5,overloading,A,300,0.8026221990585327,2,m6b_physics_lib_v2,0_v2,2026-04-26
M6B_L5_01302,5,overloading,A,300,0.8801376223564148,2,m6b_physics_lib_v2,0_v2,2026-04-26
M6B_L5_01303,5,overloading,A,300,0.782176673412323,2,m6b_physics_lib_v2,0_v2,2026-04-26
M6B_L5_01304,5,overloading,A,300,0.754380464553833,2,m6b_physics_lib_v2,0_v2,2026-04-26
M6B_L5_01305,5,overloading,A,300,0.8634503483772278,2,m6b_physics_lib_v2,0_v2,2026-04-26
M6B_L5_01306,5,overloading,A,300,0.8526322841644287,2,m6b_physics_lib_v2,0_v2,2026-04-26
M6B_L5_01307,5,overloading,A,300,0.9151734113693237,2,m6b_physics_lib_v2,0_v2,2026-04-26
M6B_L5_01308,5,overloading,A,300,0.5312758684158325,2,m6b_physics_lib_v2,0_v2,2026-04-26
M6B_L5_01309,5,overloading,A,300,0.8774760365486145,2,m6b_physics_lib_v2,0_v2,2026-04-26
M6B_L5_01310,5,overloading,A,300,0.7568802237510681,2,m6b_physics_lib_v2,0_v2,2026-04-26
M6B_L5_01311,5,overloading,A,300,0.5373465418815613,2,m6b_physics_lib_v2,0_v2,2026-04-26
M6B_L5_01312,5,overloading,A,300,0.8395050168037415,2,m6b_physics_lib_v2,0_v2,2026-04-26
M6B_L5_01313,5,overloading,A,300,0.8582701086997986,2,m6b_physics_lib_v2,0_v2,2026-04-26
M6B_L5_01314,5,overloading,A,300,0.7618135809898376,2,m6b_physics_lib_v2,0_v2,2026-04-26
M6B_L5_01315,5,overloading,A,300,0.8968994617462158,2,m6b_physics_lib_v2,0_v2,2026-04-26
M6B_L5_01316,5,overloading,A,300,0.6501240730285645,2,m6b_physics_lib_v2,0_v2,2026-04-26
M6B_L5_01317,5,overloading,A,300,0.6009536385536194,2,m6b_physics_lib_v2,0_v2,2026-04-26
M6B_L5_01318,5,overloading,A,300,0.675366997718811,2,m6b_physics_lib_v2,0_v2,2026-04-26
M6B_L5_01319,5,overloading,A,300,0.7050252556800842,2,m6b_physics_lib_v2,0_v2,2026-04-26
M6B_L5_01320,5,overloading,A,300,0.8479667901992798,2,m6b_physics_lib_v2,0_v2,2026-04-26
M6B_L5_01321,5,overloading,A,300,0.9227599501609802,2,m6b_physics_lib_v2,0_v2,2026-04-26
M6B_L5_01322,5,overloading,A,300,0.8604590892791748,2,m6b_physics_lib_v2,0_v2,2026-04-26
M6B_L5_01323,5,overloading,A,300,0.5869937539100647,2,m6b_physics_lib_v2,0_v2,2026-04-26
M6B_L5_01324,5,overloading,A,300,0.6831085681915283,2,m6b_physics_lib_v2,0_v2,2026-04-26
M6B_L5_01325,5,overloading,A,300,0.5792068839073181,2,m6b_physics_lib_v2,0_v2,2026-04-26
M6B_L5_01326,5,overloading,A,300,0.8433620929718018,2,m6b_physics_lib_v2,0_v2,2026-04-26
M6B_L5_01327,5,overloading,A,300,0.6240859627723694,2,m6b_physics_lib_v2,0_v2,2026-04-26
M6B_L5_01328,5,overloading,A,300,0.762693464756012,2,m6b_physics_lib_v2,0_v2,2026-04-26
M6B_L5_01329,5,overloading,A,300,0.8959149122238159,2,m6b_physics_lib_v2,0_v2,2026-04-26
M6B_L5_01330,5,overloading,A,300,0.835469663143158,2,m6b_physics_lib_v2,0_v2,2026-04-26
M6B_L5_01331,5,overloading,A,300,0.6491869688034058,2,m6b_physics_lib_v2,0_v2,2026-04-26
M6B_L5_01332,5,overloading,A,300,0.6664333939552307,2,m6b_physics_lib_v2,0_v2,2026-04-26
M6B_L5_01333,5,overloading,A,300,0.8266821503639221,2,m6b_physics_lib_v2,0_v2,2026-04-26
M6B_L5_01334,5,overloading,A,300,0.7747339010238647,2,m6b_physics_lib_v2,0_v2,2026-04-26
M6B_L5_01335,5,overloading,A,300,0.5481967329978943,2,m6b_physics_lib_v2,0_v2,2026-04-26
M6B_L5_01336,5,overloading,A,300,0.936995804309845,2,m6b_physics_lib_v2,0_v2,2026-04-26
M6B_L5_01337,5,overloading,A,300,0.7563066482543945,2,m6b_physics_lib_v2,0_v2,2026-04-26
M6B_L5_01338,5,overloading,A,300,0.7366805076599121,2,m6b_physics_lib_v2,0_v2,2026-04-26
M6B_L5_01339,5,overloading,A,300,0.5992196798324585,2,m6b_physics_lib_v2,0_v2,2026-04-26
M6B_L5_01340,5,overloading,A,300,0.6884968876838684,2,m6b_physics_lib_v2,0_v2,2026-04-26
M6B_L5_01341,5,overloading,A,300,0.6664124131202698,2,m6b_physics_lib_v2,0_v2,2026-04-26
M6B_L5_01342,5,overloading,A,300,0.6353678703308105,2,m6b_physics_lib_v2,0_v2,2026-04-26
M6B_L5_01343,5,overloading,A,300,0.7837032675743103,2,m6b_physics_lib_v2,0_v2,2026-04-26
M6B_L5_01344,5,overloading,A,300,0.7311376929283142,2,m6b_physics_lib_v2,0_v2,2026-04-26
M6B_L5_01345,5,overloading,A,300,0.9445988535881042,2,m6b_physics_lib_v2,0_v2,2026-04-26
M6B_L5_01346,5,overloading,A,300,0.9706720113754272,2,m6b_physics_lib_v2,0_v2,2026-04-26
M6B_L5_01347,5,overloading,A,300,0.6097367405891418,2,m6b_physics_lib_v2,0_v2,2026-04-26
M6B_L5_01348,5,overloading,A,300,0.5500527024269104,2,m6b_physics_lib_v2,0_v2,2026-04-26
M6B_L5_01349,5,overloading,A,300,0.8926687836647034,2,m6b_physics_lib_v2,0_v2,2026-04-26
M6B_L5_01350,5,overloading,A,300,0.997430682182312,2,m6b_physics_lib_v2,0_v2,2026-04-26
M6B_L5_01351,5,overloading,A,300,0.9318000078201294,2,m6b_physics_lib_v2,0_v2,2026-04-26
M6B_L5_01352,5,overloading,A,300,0.5118486881256104,2,m6b_physics_lib_v2,0_v2,2026-04-26
M6B_L5_01353,5,overloading,A,300,0.6256317496299744,2,m6b_physics_lib_v2,0_v2,2026-04-26
M6B_L5_01354,5,overloading,A,300,0.5216711163520813,2,m6b_physics_lib_v2,0_v2,2026-04-26
M6B_L5_01355,5,overloading,A,300,0.9103896617889404,2,m6b_physics_lib_v2,0_v2,2026-04-26
M6B_L5_01356,5,overloading,A,300,0.7907034754753113,2,m6b_physics_lib_v2,0_v2,2026-04-26
M6B_L5_01357,5,overloading,A,300,0.7568592429161072,2,m6b_physics_lib_v2,0_v2,2026-04-26
M6B_L5_01358,5,overloading,A,300,0.7772249579429626,2,m6b_physics_lib_v2,0_v2,2026-04-26
M6B_L5_01359,5,overloading,A,300,0.6262256503105164,2,m6b_physics_lib_v2,0_v2,2026-04-26
M6B_L5_01360,5,overloading,A,300,0.8008191585540771,2,m6b_physics_lib_v2,0_v2,2026-04-26
M6B_L5_01361,5,overloading,A,300,0.5153334736824036,2,m6b_physics_lib_v2,0_v2,2026-04-26
M6B_L5_01362,5,overloading,A,300,0.8230058550834656,2,m6b_physics_lib_v2,0_v2,2026-04-26
M6B_L5_01363,5,overloading,A,300,0.867216944694519,2,m6b_physics_lib_v2,0_v2,2026-04-26
M6B_L5_01364,5,overloading,A,300,0.836513102054596,2,m6b_physics_lib_v2,0_v2,2026-04-26
M6B_L5_01365,5,overloading,A,300,0.6660587787628174,2,m6b_physics_lib_v2,0_v2,2026-04-26
M6B_L5_01366,5,overloading,A,300,0.9131314754486084,2,m6b_physics_lib_v2,0_v2,2026-04-26
M6B_L5_01367,5,overloading,A,300,0.8577719926834106,2,m6b_physics_lib_v2,0_v2,2026-04-26
M6B_L5_01368,5,overloading,A,300,0.5641486644744873,2,m6b_physics_lib_v2,0_v2,2026-04-26
M6B_L5_01369,5,overloading,A,300,0.5975720882415771,2,m6b_physics_lib_v2,0_v2,2026-04-26
M6B_L5_01370,5,overloading,A,300,0.8185542225837708,2,m6b_physics_lib_v2,0_v2,2026-04-26
M6B_L5_01371,5,overloading,A,300,0.6447080373764038,2,m6b_physics_lib_v2,0_v2,2026-04-26
M6B_L5_01372,5,overloading,A,300,0.5597164630889893,2,m6b_physics_lib_v2,0_v2,2026-04-26
M6B_L5_01373,5,overloading,A,300,0.5774844884872437,2,m6b_physics_lib_v2,0_v2,2026-04-26
M6B_L5_01374,5,overloading,A,300,0.5828086137771606,2,m6b_physics_lib_v2,0_v2,2026-04-26
M6B_L5_01375,5,overloading,A,300,0.7388954758644104,2,m6b_physics_lib_v2,0_v2,2026-04-26
M6B_L5_01376,5,overloading,A,300,0.8036926984786987,2,m6b_physics_lib_v2,0_v2,2026-04-26
M6B_L5_01377,5,overloading,A,300,0.5882011651992798,2,m6b_physics_lib_v2,0_v2,2026-04-26
M6B_L5_01378,5,overloading,A,300,0.8562483191490173,2,m6b_physics_lib_v2,0_v2,2026-04-26
M6B_L5_01379,5,overloading,A,300,0.6405063271522522,2,m6b_physics_lib_v2,0_v2,2026-04-26
M6B_L5_01380,5,overloading,A,300,0.6557790637016296,2,m6b_physics_lib_v2,0_v2,2026-04-26
M6B_L5_01381,5,overloading,A,300,0.6117492914199829,2,m6b_physics_lib_v2,0_v2,2026-04-26
M6B_L5_01382,5,overloading,A,300,0.8926030397415161,2,m6b_physics_lib_v2,0_v2,2026-04-26
M6B_L5_01383,5,overloading,A,300,0.9799069166183472,2,m6b_physics_lib_v2,0_v2,2026-04-26
M6B_L5_01384,5,overloading,A,300,0.7462499141693115,2,m6b_physics_lib_v2,0_v2,2026-04-26
M6B_L5_01385,5,overloading,A,300,0.5210153460502625,2,m6b_physics_lib_v2,0_v2,2026-04-26
M6B_L5_01386,5,overloading,A,300,0.6302846670150757,2,m6b_physics_lib_v2,0_v2,2026-04-26
M6B_L5_01387,5,overloading,A,300,0.579025149345398,2,m6b_physics_lib_v2,0_v2,2026-04-26
M6B_L5_01388,5,overloading,A,300,0.9213811159133911,2,m6b_physics_lib_v2,0_v2,2026-04-26
M6B_L5_01389,5,overloading,A,300,0.5424270033836365,2,m6b_physics_lib_v2,0_v2,2026-04-26
M6B_L5_01390,5,overloading,A,300,0.9832381010055542,2,m6b_physics_lib_v2,0_v2,2026-04-26
M6B_L5_01391,5,overloading,A,300,0.794256865978241,2,m6b_physics_lib_v2,0_v2,2026-04-26
M6B_L5_01392,5,overloading,A,300,0.7588698863983154,2,m6b_physics_lib_v2,0_v2,2026-04-26
M6B_L5_01393,5,overloading,A,300,0.9236752986907959,2,m6b_physics_lib_v2,0_v2,2026-04-26
M6B_L5_01394,5,overloading,A,300,0.5137737989425659,2,m6b_physics_lib_v2,0_v2,2026-04-26
M6B_L5_01395,5,overloading,A,300,0.8885763883590698,2,m6b_physics_lib_v2,0_v2,2026-04-26
M6B_L5_01396,5,overloading,A,300,0.5583020448684692,2,m6b_physics_lib_v2,0_v2,2026-04-26
M6B_L5_01397,5,overloading,A,300,0.9203890562057495,2,m6b_physics_lib_v2,0_v2,2026-04-26
M6B_L5_01398,5,overloading,A,300,0.7645881175994873,2,m6b_physics_lib_v2,0_v2,2026-04-26
M6B_L5_01399,5,overloading,A,300,0.5305647253990173,2,m6b_physics_lib_v2,0_v2,2026-04-26
M6B_L5_01400,5,overloading,A,300,0.916622519493103,2,m6b_physics_lib_v2,0_v2,2026-04-26
M6B_L5_01401,5,overloading,A,300,0.5136570334434509,2,m6b_physics_lib_v2,0_v2,2026-04-26
M6B_L5_01402,5,overloading,A,300,0.5691853761672974,2,m6b_physics_lib_v2,0_v2,2026-04-26
M6B_L5_01403,5,overloading,A,300,0.898912250995636,2,m6b_physics_lib_v2,0_v2,2026-04-26
M6B_L5_01404,5,overloading,A,300,0.7324355840682983,2,m6b_physics_lib_v2,0_v2,2026-04-26
M6B_L5_01405,5,overloading,A,300,0.9406943321228027,2,m6b_physics_lib_v2,0_v2,2026-04-26
M6B_L5_01406,5,overloading,A,300,0.8177146315574646,2,m6b_physics_lib_v2,0_v2,2026-04-26
M6B_L5_01407,5,overloading,A,300,0.8117643594741821,2,m6b_physics_lib_v2,0_v2,2026-04-26
M6B_L5_01408,5,overloading,A,300,0.6461175680160522,2,m6b_physics_lib_v2,0_v2,2026-04-26
M6B_L5_01409,5,overloading,A,300,0.5668402910232544,2,m6b_physics_lib_v2,0_v2,2026-04-26
M6B_L5_01410,5,overloading,A,300,0.9805861711502075,2,m6b_physics_lib_v2,0_v2,2026-04-26
M6B_L5_01411,5,overloading,A,300,0.5523988604545593,2,m6b_physics_lib_v2,0_v2,2026-04-26
M6B_L5_01412,5,overloading,A,300,0.7645053267478943,2,m6b_physics_lib_v2,0_v2,2026-04-26
M6B_L5_01413,5,overloading,A,300,0.6362842917442322,2,m6b_physics_lib_v2,0_v2,2026-04-26
M6B_L5_01414,5,overloading,A,300,0.6320703029632568,2,m6b_physics_lib_v2,0_v2,2026-04-26
M6B_L5_01415,5,overloading,A,300,0.7972931265830994,2,m6b_physics_lib_v2,0_v2,2026-04-26
M6B_L5_01416,5,overloading,A,300,0.8989670872688293,2,m6b_physics_lib_v2,0_v2,2026-04-26
M6B_L5_01417,5,overloading,A,300,0.8885897397994995,2,m6b_physics_lib_v2,0_v2,2026-04-26
M6B_L5_01418,5,overloading,A,300,0.9344008564949036,2,m6b_physics_lib_v2,0_v2,2026-04-26
M6B_L5_01419,5,overloading,A,300,0.6464513540267944,2,m6b_physics_lib_v2,0_v2,2026-04-26
M6B_L5_01420,5,overloading,A,300,0.7328757047653198,2,m6b_physics_lib_v2,0_v2,2026-04-26
M6B_L5_01421,5,overloading,A,300,0.5046672821044922,2,m6b_physics_lib_v2,0_v2,2026-04-26
M6B_L5_01422,5,overloading,A,300,0.8734288215637207,2,m6b_physics_lib_v2,0_v2,2026-04-26
M6B_L5_01423,5,overloading,A,300,0.6511715650558472,2,m6b_physics_lib_v2,0_v2,2026-04-26
M6B_L5_01424,5,overloading,A,300,0.7807467579841614,2,m6b_physics_lib_v2,0_v2,2026-04-26
M6B_L5_01425,5,overloading,A,300,0.5846501588821411,2,m6b_physics_lib_v2,0_v2,2026-04-26
M6B_L5_01426,5,overloading,A,300,0.9096997380256653,2,m6b_physics_lib_v2,0_v2,2026-04-26
M6B_L5_01427,5,overloading,A,300,0.9086360931396484,2,m6b_physics_lib_v2,0_v2,2026-04-26
M6B_L5_01428,5,overloading,A,300,0.9387264847755432,2,m6b_physics_lib_v2,0_v2,2026-04-26
M6B_L5_01429,5,overloading,A,300,0.5229684710502625,2,m6b_physics_lib_v2,0_v2,2026-04-26
M6B_L5_01430,5,overloading,A,300,0.996229350566864,2,m6b_physics_lib_v2,0_v2,2026-04-26
M6B_L5_01431,5,overloading,A,300,0.623889684677124,2,m6b_physics_lib_v2,0_v2,2026-04-26
M6B_L5_01432,5,overloading,A,300,0.6547168493270874,2,m6b_physics_lib_v2,0_v2,2026-04-26
M6B_L5_01433,5,overloading,A,300,0.6246678829193115,2,m6b_physics_lib_v2,0_v2,2026-04-26
M6B_L5_01434,5,overloading,A,300,0.6337663531303406,2,m6b_physics_lib_v2,0_v2,2026-04-26
M6B_L5_01435,5,overloading,A,300,0.7763306498527527,2,m6b_physics_lib_v2,0_v2,2026-04-26
M6B_L5_01436,5,overloading,A,300,0.6199052929878235,2,m6b_physics_lib_v2,0_v2,2026-04-26
M6B_L5_01437,5,overloading,A,300,0.6968856453895569,2,m6b_physics_lib_v2,0_v2,2026-04-26
M6B_L5_01438,5,overloading,A,300,0.8278033137321472,2,m6b_physics_lib_v2,0_v2,2026-04-26
M6B_L5_01439,5,overloading,A,300,0.9180130958557129,2,m6b_physics_lib_v2,0_v2,2026-04-26
M6B_L5_01440,5,overloading,A,300,0.8463707566261292,2,m6b_physics_lib_v2,0_v2,2026-04-26
M6B_L5_01441,5,overloading,A,300,0.7971614003181458,2,m6b_physics_lib_v2,0_v2,2026-04-26
M6B_L5_01442,5,overloading,A,300,0.5738642811775208,2,m6b_physics_lib_v2,0_v2,2026-04-26
M6B_L5_01443,5,overloading,A,300,0.9080578088760376,2,m6b_physics_lib_v2,0_v2,2026-04-26
M6B_L5_01444,5,overloading,A,300,0.5186374187469482,2,m6b_physics_lib_v2,0_v2,2026-04-26
M6B_L5_01445,5,overloading,A,300,0.6320958137512207,2,m6b_physics_lib_v2,0_v2,2026-04-26
M6B_L5_01446,5,overloading,A,300,0.5285294651985168,2,m6b_physics_lib_v2,0_v2,2026-04-26
M6B_L5_01447,5,overloading,A,300,0.833714485168457,2,m6b_physics_lib_v2,0_v2,2026-04-26
M6B_L5_01448,5,overloading,A,300,0.6841855645179749,2,m6b_physics_lib_v2,0_v2,2026-04-26
M6B_L5_01449,5,overloading,A,300,0.8260242342948914,2,m6b_physics_lib_v2,0_v2,2026-04-26
M6B_L5_01450,5,overloading,A,300,0.6735154986381531,2,m6b_physics_lib_v2,0_v2,2026-04-26
M6B_L5_01451,5,overloading,A,300,0.7278703451156616,2,m6b_physics_lib_v2,0_v2,2026-04-26
M6B_L5_01452,5,overloading,A,300,0.7289804816246033,2,m6b_physics_lib_v2,0_v2,2026-04-26
M6B_L5_01453,5,overloading,A,300,0.5227903127670288,2,m6b_physics_lib_v2,0_v2,2026-04-26
M6B_L5_01454,5,overloading,A,300,0.7151132822036743,2,m6b_physics_lib_v2,0_v2,2026-04-26
M6B_L5_01455,5,overloading,A,300,0.8205322027206421,2,m6b_physics_lib_v2,0_v2,2026-04-26
M6B_L5_01456,5,overloading,A,300,0.7730261087417603,2,m6b_physics_lib_v2,0_v2,2026-04-26
M6B_L5_01457,5,overloading,A,300,0.5376418828964233,2,m6b_physics_lib_v2,0_v2,2026-04-26
M6B_L5_01458,5,overloading,A,300,0.8340280055999756,2,m6b_physics_lib_v2,0_v2,2026-04-26
M6B_L5_01459,5,overloading,A,300,0.6544314026832581,2,m6b_physics_lib_v2,0_v2,2026-04-26
M6B_L5_01460,5,overloading,A,300,0.5072174072265625,2,m6b_physics_lib_v2,0_v2,2026-04-26
M6B_L5_01461,5,overloading,A,300,0.5777977705001831,2,m6b_physics_lib_v2,0_v2,2026-04-26
M6B_L5_01462,5,overloading,A,300,0.748779833316803,2,m6b_physics_lib_v2,0_v2,2026-04-26
M6B_L5_01463,5,overloading,A,300,0.6552008390426636,2,m6b_physics_lib_v2,0_v2,2026-04-26
M6B_L5_01464,5,overloading,A,300,0.8471915125846863,2,m6b_physics_lib_v2,0_v2,2026-04-26
M6B_L5_01465,5,overloading,A,300,0.6203267574310303,2,m6b_physics_lib_v2,0_v2,2026-04-26
M6B_L5_01466,5,overloading,A,300,0.8863980770111084,2,m6b_physics_lib_v2,0_v2,2026-04-26
M6B_L5_01467,5,overloading,A,300,0.6432386040687561,2,m6b_physics_lib_v2,0_v2,2026-04-26
M6B_L5_01468,5,overloading,A,300,0.8104318380355835,2,m6b_physics_lib_v2,0_v2,2026-04-26
M6B_L5_01469,5,overloading,A,300,0.8996081948280334,2,m6b_physics_lib_v2,0_v2,2026-04-26
M6B_L5_01470,5,overloading,A,300,0.6927780508995056,2,m6b_physics_lib_v2,0_v2,2026-04-26
M6B_L5_01471,5,overloading,A,300,0.5234024524688721,2,m6b_physics_lib_v2,0_v2,2026-04-26
M6B_L5_01472,5,overloading,A,300,0.7677227854728699,2,m6b_physics_lib_v2,0_v2,2026-04-26
M6B_L5_01473,5,overloading,A,300,0.9977045059204102,2,m6b_physics_lib_v2,0_v2,2026-04-26
M6B_L5_01474,5,overloading,A,300,0.9844959378242493,2,m6b_physics_lib_v2,0_v2,2026-04-26
M6B_L5_01475,5,overloading,A,300,0.6105111241340637,2,m6b_physics_lib_v2,0_v2,2026-04-26
M6B_L5_01476,5,overloading,A,300,0.8778482675552368,2,m6b_physics_lib_v2,0_v2,2026-04-26
M6B_L5_01477,5,overloading,A,300,0.6724759340286255,2,m6b_physics_lib_v2,0_v2,2026-04-26
M6B_L5_01478,5,overloading,A,300,0.580136239528656,2,m6b_physics_lib_v2,0_v2,2026-04-26
M6B_L5_01479,5,overloading,A,300,0.8329573273658752,2,m6b_physics_lib_v2,0_v2,2026-04-26
M6B_L5_01480,5,overloading,A,300,0.7504343390464783,2,m6b_physics_lib_v2,0_v2,2026-04-26
M6B_L5_01481,5,overloading,A,300,0.7696152925491333,2,m6b_physics_lib_v2,0_v2,2026-04-26
M6B_L5_01482,5,overloading,A,300,0.9136963486671448,2,m6b_physics_lib_v2,0_v2,2026-04-26
M6B_L5_01483,5,overloading,A,300,0.6682718396186829,2,m6b_physics_lib_v2,0_v2,2026-04-26
M6B_L5_01484,5,overloading,A,300,0.8335473537445068,2,m6b_physics_lib_v2,0_v2,2026-04-26
M6B_L5_01485,5,overloading,A,300,0.6830957531929016,2,m6b_physics_lib_v2,0_v2,2026-04-26
M6B_L5_01486,5,overloading,A,300,0.5213619470596313,2,m6b_physics_lib_v2,0_v2,2026-04-26
M6B_L5_01487,5,overloading,A,300,0.689007580280304,2,m6b_physics_lib_v2,0_v2,2026-04-26
M6B_L5_01488,5,overloading,A,300,0.975017249584198,2,m6b_physics_lib_v2,0_v2,2026-04-26
M6B_L5_01489,5,overloading,A,300,0.741631269454956,2,m6b_physics_lib_v2,0_v2,2026-04-26
M6B_L5_01490,5,overloading,A,300,0.5541152358055115,2,m6b_physics_lib_v2,0_v2,2026-04-26
M6B_L5_01491,5,overloading,A,300,0.8439134359359741,2,m6b_physics_lib_v2,0_v2,2026-04-26
M6B_L5_01492,5,overloading,A,300,0.9816896915435791,2,m6b_physics_lib_v2,0_v2,2026-04-26
M6B_L5_01493,5,overloading,A,300,0.9539726376533508,2,m6b_physics_lib_v2,0_v2,2026-04-26
M6B_L5_01494,5,overloading,A,300,0.7859804034233093,2,m6b_physics_lib_v2,0_v2,2026-04-26
M6B_L5_01495,5,overloading,A,300,0.6881403923034668,2,m6b_physics_lib_v2,0_v2,2026-04-26
M6B_L5_01496,5,overloading,A,300,0.7903388142585754,2,m6b_physics_lib_v2,0_v2,2026-04-26
M6B_L5_01497,5,overloading,A,300,0.9079655408859253,2,m6b_physics_lib_v2,0_v2,2026-04-26
M6B_L5_01498,5,overloading,A,300,0.9306186437606812,2,m6b_physics_lib_v2,0_v2,2026-04-26
M6B_L5_01499,5,overloading,A,300,0.9094219207763672,2,m6b_physics_lib_v2,0_v2,2026-04-26
