seq_id,label,label_name,group,steps,severity,cluster_id,source,seed_idx,m6b_step,generated,fail_type,fail_channel
M6B_L0_00000,0,normal,A,200,0.0,0,real_cira,-1,0b_v2,2026-04-26,,
M6B_L0_00001,0,normal,A,200,0.0,0,real_cira,-1,0b_v2,2026-04-26,,
M6B_L0_00002,0,normal,A,200,0.0,0,real_cira,-1,0b_v2,2026-04-26,,
M6B_L0_00003,0,normal,A,200,0.0,3,real_cira,-1,0b_v2,2026-04-26,,
M6B_L0_00004,0,normal,A,200,0.0,0,real_cira,-1,0b_v2,2026-04-26,,
M6B_L0_00005,0,normal,A,200,0.0,1,real_cira,-1,0b_v2,2026-04-26,,
M6B_L0_00006,0,normal,A,200,0.0,0,real_cira,-1,0b_v2,2026-04-26,,
M6B_L0_00007,0,normal,A,200,0.0,0,real_cira,-1,0b_v2,2026-04-26,,
M6B_L0_00008,0,normal,A,200,0.0,1,real_cira,-1,0b_v2,2026-04-26,,
M6B_L0_00009,0,normal,A,200,0.0,2,real_cira,-1,0b_v2,2026-04-26,,
M6B_L0_00010,0,normal,A,200,0.0,3,real_cira,-1,0b_v2,2026-04-26,,
M6B_L0_00011,0,normal,A,200,0.0,1,real_cira,-1,0b_v2,2026-04-26,,
M6B_L0_00012,0,normal,A,200,0.0,2,real_cira,-1,0b_v2,2026-04-26,,
M6B_L0_00013,0,normal,A,200,0.0,0,real_cira,-1,0b_v2,2026-04-26,,
M6B_L0_00014,0,normal,A,200,0.0,0,real_cira,-1,0b_v2,2026-04-26,,
M6B_L0_00015,0,normal,A,200,0.0,2,real_cira,-1,0b_v2,2026-04-26,,
M6B_L0_00016,0,normal,A,200,0.0,0,real_cira,-1,0b_v2,2026-04-26,,
M6B_L0_00017,0,normal,A,200,0.0,1,real_cira,-1,0b_v2,2026-04-26,,
M6B_L0_00018,0,normal,A,200,0.0,0,real_cira,-1,0b_v2,2026-04-26,,
M6B_L0_00019,0,normal,A,200,0.0,0,real_cira,-1,0b_v2,2026-04-26,,
M6B_L0_00020,0,normal,A,200,0.0,3,real_cira,-1,0b_v2,2026-04-26,,
M6B_L0_00021,0,normal,A,200,0.0,2,real_cira,-1,0b_v2,2026-04-26,,
M6B_L0_00022,0,normal,A,200,0.0,0,real_cira,-1,0b_v2,2026-04-26,,
M6B_L0_00023,0,normal,A,200,0.0,2,real_cira,-1,0b_v2,2026-04-26,,
M6B_L0_00024,0,normal,A,200,0.0,1,real_cira,-1,0b_v2,2026-04-26,,
M6B_L0_00025,0,normal,A,200,0.0,0,real_cira,-1,0b_v2,2026-04-26,,
M6B_L0_00026,0,normal,A,200,0.0,2,real_cira,-1,0b_v2,2026-04-26,,
M6B_L0_00027,0,normal,A,200,0.0,0,real_cira,-1,0b_v2,2026-04-26,,
M6B_L0_00028,0,normal,A,200,0.0,0,real_cira,-1,0b_v2,2026-04-26,,
M6B_L0_00029,0,normal,A,200,0.0,0,real_cira,-1,0b_v2,2026-04-26,,
M6B_L0_00030,0,normal,A,200,0.0,2,real_cira,-1,0b_v2,2026-04-26,,
M6B_L0_00031,0,normal,A,200,0.0,1,real_cira,-1,0b_v2,2026-04-26,,
M6B_L0_00032,0,normal,A,200,0.0,2,real_cira,-1,0b_v2,2026-04-26,,
M6B_L0_00033,0,normal,A,200,0.0,0,real_cira,-1,0b_v2,2026-04-26,,
M6B_L0_00034,0,normal,A,200,0.0,0,real_cira,-1,0b_v2,2026-04-26,,
M6B_L0_00035,0,normal,A,200,0.0,3,real_cira,-1,0b_v2,2026-04-26,,
M6B_L0_00036,0,normal,A,200,0.0,2,real_cira,-1,0b_v2,2026-04-26,,
M6B_L0_00037,0,normal,A,200,0.0,0,real_cira,-1,0b_v2,2026-04-26,,
M6B_L0_00038,0,normal,A,200,0.0,3,real_cira,-1,0b_v2,2026-04-26,,
M6B_L0_00039,0,normal,A,200,0.0,0,real_cira,-1,0b_v2,2026-04-26,,
M6B_L0_00040,0,normal,A,200,0.0,3,real_cira,-1,0b_v2,2026-04-26,,
M6B_L0_00041,0,normal,A,200,0.0,0,real_cira,-1,0b_v2,2026-04-26,,
M6B_L0_00042,0,normal,A,200,0.0,0,real_cira,-1,0b_v2,2026-04-26,,
M6B_L0_00043,0,normal,A,200,0.0,1,real_cira,-1,0b_v2,2026-04-26,,
M6B_L0_00044,0,normal,A,200,0.0,2,real_cira,-1,0b_v2,2026-04-26,,
M6B_L0_00045,0,normal,A,200,0.0,0,real_cira,-1,0b_v2,2026-04-26,,
M6B_L0_00046,0,normal,A,200,0.0,3,real_cira,-1,0b_v2,2026-04-26,,
M6B_L0_00047,0,normal,A,200,0.0,0,real_cira,-1,0b_v2,2026-04-26,,
M6B_L0_00048,0,normal,A,200,0.0,0,real_cira,-1,0b_v2,2026-04-26,,
M6B_L0_00049,0,normal,A,200,0.0,2,real_cira,-1,0b_v2,2026-04-26,,
M6B_L0_00050,0,normal,A,200,0.0,0,real_cira,-1,0b_v2,2026-04-26,,
M6B_L0_00051,0,normal,A,200,0.0,0,real_cira,-1,0b_v2,2026-04-26,,
M6B_L0_00052,0,normal,A,200,0.0,0,real_cira,-1,0b_v2,2026-04-26,,
M6B_L0_00053,0,normal,A,200,0.0,0,real_cira,-1,0b_v2,2026-04-26,,
M6B_L0_00054,0,normal,A,200,0.0,3,real_cira,-1,0b_v2,2026-04-26,,
M6B_L0_00055,0,normal,A,200,0.0,3,real_cira,-1,0b_v2,2026-04-26,,
M6B_L0_00056,0,normal,A,200,0.0,0,real_cira,-1,0b_v2,2026-04-26,,
M6B_L0_00057,0,normal,A,200,0.0,1,real_cira,-1,0b_v2,2026-04-26,,
M6B_L0_00058,0,normal,A,200,0.0,0,real_cira,-1,0b_v2,2026-04-26,,
M6B_L0_00059,0,normal,A,200,0.0,2,real_cira,-1,0b_v2,2026-04-26,,
M6B_L0_00060,0,normal,A,200,0.0,0,real_cira,-1,0b_v2,2026-04-26,,
M6B_L0_00061,0,normal,A,200,0.0,3,real_cira,-1,0b_v2,2026-04-26,,
M6B_L0_00062,0,normal,A,200,0.0,2,real_cira,-1,0b_v2,2026-04-26,,
M6B_L0_00063,0,normal,A,200,0.0,0,real_cira,-1,0b_v2,2026-04-26,,
M6B_L0_00064,0,normal,A,200,0.0,3,real_cira,-1,0b_v2,2026-04-26,,
M6B_L0_00065,0,normal,A,200,0.0,0,real_cira,-1,0b_v2,2026-04-26,,
M6B_L0_00066,0,normal,A,200,0.0,0,real_cira,-1,0b_v2,2026-04-26,,
M6B_L0_00067,0,normal,A,200,0.0,0,real_cira,-1,0b_v2,2026-04-26,,
M6B_L0_00068,0,normal,A,200,0.0,3,real_cira,-1,0b_v2,2026-04-26,,
M6B_L0_00069,0,normal,A,200,0.0,2,real_cira,-1,0b_v2,2026-04-26,,
M6B_L0_00070,0,normal,A,200,0.0,1,real_cira,-1,0b_v2,2026-04-26,,
M6B_L0_00071,0,normal,A,200,0.0,0,real_cira,-1,0b_v2,2026-04-26,,
M6B_L0_00072,0,normal,A,200,0.0,0,real_cira,-1,0b_v2,2026-04-26,,
M6B_L0_00073,0,normal,A,200,0.0,0,real_cira,-1,0b_v2,2026-04-26,,
M6B_L0_00074,0,normal,A,200,0.0,3,real_cira,-1,0b_v2,2026-04-26,,
M6B_L0_00075,0,normal,A,200,0.0,1,real_cira,-1,0b_v2,2026-04-26,,
M6B_L0_00076,0,normal,A,200,0.0,0,real_cira,-1,0b_v2,2026-04-26,,
M6B_L0_00077,0,normal,A,200,0.0,0,real_cira,-1,0b_v2,2026-04-26,,
M6B_L0_00078,0,normal,A,200,0.0,0,real_cira,-1,0b_v2,2026-04-26,,
M6B_L0_00079,0,normal,A,200,0.0,2,real_cira,-1,0b_v2,2026-04-26,,
M6B_L0_00080,0,normal,A,200,0.0,2,real_cira,-1,0b_v2,2026-04-26,,
M6B_L0_00081,0,normal,A,200,0.0,2,real_cira,-1,0b_v2,2026-04-26,,
M6B_L0_00082,0,normal,A,200,0.0,0,real_cira,-1,0b_v2,2026-04-26,,
M6B_L0_00083,0,normal,A,200,0.0,2,real_cira,-1,0b_v2,2026-04-26,,
M6B_L0_00084,0,normal,A,200,0.0,0,real_cira,-1,0b_v2,2026-04-26,,
M6B_L0_00085,0,normal,A,200,0.0,0,real_cira,-1,0b_v2,2026-04-26,,
M6B_L0_00086,0,normal,A,200,0.0,1,real_cira,-1,0b_v2,2026-04-26,,
M6B_L0_00087,0,normal,A,200,0.0,1,real_cira,-1,0b_v2,2026-04-26,,
M6B_L0_00088,0,normal,A,200,0.0,1,real_cira,-1,0b_v2,2026-04-26,,
M6B_L0_00089,0,normal,A,200,0.0,0,real_cira,-1,0b_v2,2026-04-26,,
M6B_L0_00090,0,normal,A,200,0.0,3,real_cira,-1,0b_v2,2026-04-26,,
M6B_L0_00091,0,normal,A,200,0.0,3,real_cira,-1,0b_v2,2026-04-26,,
M6B_L0_00092,0,normal,A,200,0.0,3,real_cira,-1,0b_v2,2026-04-26,,
M6B_L0_00093,0,normal,A,200,0.0,0,real_cira,-1,0b_v2,2026-04-26,,
M6B_L0_00094,0,normal,A,200,0.0,0,real_cira,-1,0b_v2,2026-04-26,,
M6B_L0_00095,0,normal,A,200,0.0,0,real_cira,-1,0b_v2,2026-04-26,,
M6B_L0_00096,0,normal,A,200,0.0,0,real_cira,-1,0b_v2,2026-04-26,,
M6B_L0_00097,0,normal,A,200,0.0,3,real_cira,-1,0b_v2,2026-04-26,,
M6B_L0_00098,0,normal,A,200,0.0,0,real_cira,-1,0b_v2,2026-04-26,,
M6B_L0_00099,0,normal,A,200,0.0,3,real_cira,-1,0b_v2,2026-04-26,,
M6B_L0_00100,0,normal,A,200,0.0,0,real_cira,-1,0b_v2,2026-04-26,,
M6B_L0_00101,0,normal,A,200,0.0,0,real_cira,-1,0b_v2,2026-04-26,,
M6B_L0_00102,0,normal,A,200,0.0,0,real_cira,-1,0b_v2,2026-04-26,,
M6B_L0_00103,0,normal,A,200,0.0,0,real_cira,-1,0b_v2,2026-04-26,,
M6B_L0_00104,0,normal,A,200,0.0,0,real_cira,-1,0b_v2,2026-04-26,,
M6B_L0_00105,0,normal,A,200,0.0,1,real_cira,-1,0b_v2,2026-04-26,,
M6B_L0_00106,0,normal,A,200,0.0,2,real_cira,-1,0b_v2,2026-04-26,,
M6B_L0_00107,0,normal,A,200,0.0,0,real_cira,-1,0b_v2,2026-04-26,,
M6B_L0_00108,0,normal,A,200,0.0,0,real_cira,-1,0b_v2,2026-04-26,,
M6B_L0_00109,0,normal,A,200,0.0,1,real_cira,-1,0b_v2,2026-04-26,,
M6B_L0_00110,0,normal,A,200,0.0,0,real_cira,-1,0b_v2,2026-04-26,,
M6B_L0_00111,0,normal,A,200,0.0,0,real_cira,-1,0b_v2,2026-04-26,,
M6B_L0_00112,0,normal,A,200,0.0,0,real_cira,-1,0b_v2,2026-04-26,,
M6B_L0_00113,0,normal,A,200,0.0,2,real_cira,-1,0b_v2,2026-04-26,,
M6B_L0_00114,0,normal,A,200,0.0,3,real_cira,-1,0b_v2,2026-04-26,,
M6B_L0_00115,0,normal,A,200,0.0,0,real_cira,-1,0b_v2,2026-04-26,,
M6B_L0_00116,0,normal,A,200,0.0,0,real_cira,-1,0b_v2,2026-04-26,,
M6B_L0_00117,0,normal,A,200,0.0,2,real_cira,-1,0b_v2,2026-04-26,,
M6B_L0_00118,0,normal,A,200,0.0,1,real_cira,-1,0b_v2,2026-04-26,,
M6B_L0_00119,0,normal,A,200,0.0,2,real_cira,-1,0b_v2,2026-04-26,,
M6B_L0_00120,0,normal,A,200,0.0,2,real_cira,-1,0b_v2,2026-04-26,,
M6B_L0_00121,0,normal,A,200,0.0,3,real_cira,-1,0b_v2,2026-04-26,,
M6B_L0_00122,0,normal,A,200,0.0,2,real_cira,-1,0b_v2,2026-04-26,,
M6B_L0_00123,0,normal,A,200,0.0,2,real_cira,-1,0b_v2,2026-04-26,,
M6B_L0_00124,0,normal,A,200,0.0,3,real_cira,-1,0b_v2,2026-04-26,,
M6B_L0_00125,0,normal,A,200,0.0,0,real_cira,-1,0b_v2,2026-04-26,,
M6B_L0_00126,0,normal,A,200,0.0,0,real_cira,-1,0b_v2,2026-04-26,,
M6B_L0_00127,0,normal,A,200,0.0,0,real_cira,-1,0b_v2,2026-04-26,,
M6B_L0_00128,0,normal,A,200,0.0,0,real_cira,-1,0b_v2,2026-04-26,,
M6B_L0_00129,0,normal,A,200,0.0,0,real_cira,-1,0b_v2,2026-04-26,,
M6B_L0_00130,0,normal,A,200,0.0,0,real_cira,-1,0b_v2,2026-04-26,,
M6B_L0_00131,0,normal,A,200,0.0,0,real_cira,-1,0b_v2,2026-04-26,,
M6B_L0_00132,0,normal,A,200,0.0,2,real_cira,-1,0b_v2,2026-04-26,,
M6B_L0_00133,0,normal,A,200,0.0,0,real_cira,-1,0b_v2,2026-04-26,,
M6B_L0_00134,0,normal,A,200,0.0,0,real_cira,-1,0b_v2,2026-04-26,,
M6B_L0_00135,0,normal,A,200,0.0,0,real_cira,-1,0b_v2,2026-04-26,,
M6B_L0_00136,0,normal,A,200,0.0,3,real_cira,-1,0b_v2,2026-04-26,,
M6B_L0_00137,0,normal,A,200,0.0,2,real_cira,-1,0b_v2,2026-04-26,,
M6B_L0_00138,0,normal,A,200,0.0,2,real_cira,-1,0b_v2,2026-04-26,,
M6B_L0_00139,0,normal,A,200,0.0,2,real_cira,-1,0b_v2,2026-04-26,,
M6B_L0_00140,0,normal,A,200,0.0,0,real_cira,-1,0b_v2,2026-04-26,,
M6B_L0_00141,0,normal,A,200,0.0,0,real_cira,-1,0b_v2,2026-04-26,,
M6B_L0_00142,0,normal,A,200,0.0,1,real_cira,-1,0b_v2,2026-04-26,,
M6B_L0_00143,0,normal,A,200,0.0,0,real_cira,-1,0b_v2,2026-04-26,,
M6B_L0_00144,0,normal,A,200,0.0,0,real_cira,-1,0b_v2,2026-04-26,,
M6B_L0_00145,0,normal,A,200,0.0,0,real_cira,-1,0b_v2,2026-04-26,,
M6B_L0_00146,0,normal,A,200,0.0,0,real_cira,-1,0b_v2,2026-04-26,,
M6B_L0_00147,0,normal,A,200,0.0,1,real_cira,-1,0b_v2,2026-04-26,,
M6B_L0_00148,0,normal,A,200,0.0,1,real_cira,-1,0b_v2,2026-04-26,,
M6B_L0_00149,0,normal,A,200,0.0,0,real_cira,-1,0b_v2,2026-04-26,,
M6B_L0_00150,0,normal,A,200,0.0,0,real_cira,-1,0b_v2,2026-04-26,,
M6B_L0_00151,0,normal,A,200,0.0,0,real_cira,-1,0b_v2,2026-04-26,,
M6B_L0_00152,0,normal,A,200,0.0,0,real_cira,-1,0b_v2,2026-04-26,,
M6B_L0_00153,0,normal,A,200,0.0,0,real_cira,-1,0b_v2,2026-04-26,,
M6B_L0_00154,0,normal,A,200,0.0,0,real_cira,-1,0b_v2,2026-04-26,,
M6B_L0_00155,0,normal,A,200,0.0,1,real_cira,-1,0b_v2,2026-04-26,,
M6B_L0_00156,0,normal,A,200,0.0,1,real_cira,-1,0b_v2,2026-04-26,,
M6B_L0_00157,0,normal,A,200,0.0,0,real_cira,-1,0b_v2,2026-04-26,,
M6B_L0_00158,0,normal,A,200,0.0,2,real_cira,-1,0b_v2,2026-04-26,,
M6B_L0_00159,0,normal,A,200,0.0,0,real_cira,-1,0b_v2,2026-04-26,,
M6B_L0_00160,0,normal,A,200,0.0,1,real_cira,-1,0b_v2,2026-04-26,,
M6B_L0_00161,0,normal,A,200,0.0,2,real_cira,-1,0b_v2,2026-04-26,,
M6B_L0_00162,0,normal,A,200,0.0,0,real_cira,-1,0b_v2,2026-04-26,,
M6B_L0_00163,0,normal,A,200,0.0,0,real_cira,-1,0b_v2,2026-04-26,,
M6B_L0_00164,0,normal,A,200,0.0,1,real_cira,-1,0b_v2,2026-04-26,,
M6B_L0_00165,0,normal,A,200,0.0,0,real_cira,-1,0b_v2,2026-04-26,,
M6B_L0_00166,0,normal,A,200,0.0,0,real_cira,-1,0b_v2,2026-04-26,,
M6B_L0_00167,0,normal,A,200,0.0,0,real_cira,-1,0b_v2,2026-04-26,,
M6B_L0_00168,0,normal,A,200,0.0,0,real_cira,-1,0b_v2,2026-04-26,,
M6B_L0_00169,0,normal,A,200,0.0,3,real_cira,-1,0b_v2,2026-04-26,,
M6B_L0_00170,0,normal,A,200,0.0,0,real_cira,-1,0b_v2,2026-04-26,,
M6B_L0_00171,0,normal,A,200,0.0,1,real_cira,-1,0b_v2,2026-04-26,,
M6B_L0_00172,0,normal,A,200,0.0,2,real_cira,-1,0b_v2,2026-04-26,,
M6B_L0_00173,0,normal,A,200,0.0,0,real_cira,-1,0b_v2,2026-04-26,,
M6B_L0_00174,0,normal,A,200,0.0,3,real_cira,-1,0b_v2,2026-04-26,,
M6B_L0_00175,0,normal,A,200,0.0,0,real_cira,-1,0b_v2,2026-04-26,,
M6B_L0_00176,0,normal,A,200,0.0,0,real_cira,-1,0b_v2,2026-04-26,,
M6B_L0_00177,0,normal,A,200,0.0,1,real_cira,-1,0b_v2,2026-04-26,,
M6B_L0_00178,0,normal,A,200,0.0,0,real_cira,-1,0b_v2,2026-04-26,,
M6B_L0_00179,0,normal,A,200,0.0,3,real_cira,-1,0b_v2,2026-04-26,,
M6B_L0_00180,0,normal,A,200,0.0,0,real_cira,-1,0b_v2,2026-04-26,,
M6B_L0_00181,0,normal,A,200,0.0,0,real_cira,-1,0b_v2,2026-04-26,,
M6B_L0_00182,0,normal,A,200,0.0,0,real_cira,-1,0b_v2,2026-04-26,,
M6B_L0_00183,0,normal,A,200,0.0,3,real_cira,-1,0b_v2,2026-04-26,,
M6B_L0_00184,0,normal,A,200,0.0,3,real_cira,-1,0b_v2,2026-04-26,,
M6B_L0_00185,0,normal,A,200,0.0,0,real_cira,-1,0b_v2,2026-04-26,,
M6B_L0_00186,0,normal,A,200,0.0,0,real_cira,-1,0b_v2,2026-04-26,,
M6B_L0_00187,0,normal,A,200,0.0,0,real_cira,-1,0b_v2,2026-04-26,,
M6B_L0_00188,0,normal,A,200,0.0,3,real_cira,-1,0b_v2,2026-04-26,,
M6B_L0_00189,0,normal,A,200,0.0,0,real_cira,-1,0b_v2,2026-04-26,,
M6B_L0_00190,0,normal,A,200,0.0,2,real_cira,-1,0b_v2,2026-04-26,,
M6B_L0_00191,0,normal,A,200,0.0,0,real_cira,-1,0b_v2,2026-04-26,,
M6B_L0_00192,0,normal,A,200,0.0,0,real_cira,-1,0b_v2,2026-04-26,,
M6B_L0_00193,0,normal,A,200,0.0,0,real_cira,-1,0b_v2,2026-04-26,,
M6B_L0_00194,0,normal,A,200,0.0,0,real_cira,-1,0b_v2,2026-04-26,,
M6B_L0_00195,0,normal,A,200,0.0,3,real_cira,-1,0b_v2,2026-04-26,,
M6B_L0_00196,0,normal,A,200,0.0,0,real_cira,-1,0b_v2,2026-04-26,,
M6B_L0_00197,0,normal,A,200,0.0,0,real_cira,-1,0b_v2,2026-04-26,,
M6B_L0_00198,0,normal,A,200,0.0,1,real_cira,-1,0b_v2,2026-04-26,,
M6B_L0_00199,0,normal,A,200,0.0,0,real_cira,-1,0b_v2,2026-04-26,,
M6B_L0_00200,0,normal,A,200,0.0,0,real_cira,-1,0b_v2,2026-04-26,,
M6B_L0_00201,0,normal,A,200,0.0,0,real_cira,-1,0b_v2,2026-04-26,,
M6B_L0_00202,0,normal,A,200,0.0,0,real_cira,-1,0b_v2,2026-04-26,,
M6B_L0_00203,0,normal,A,200,0.0,0,real_cira,-1,0b_v2,2026-04-26,,
M6B_L0_00204,0,normal,A,200,0.0,0,real_cira,-1,0b_v2,2026-04-26,,
M6B_L0_00205,0,normal,A,200,0.0,3,real_cira,-1,0b_v2,2026-04-26,,
M6B_L0_00206,0,normal,A,200,0.0,0,real_cira,-1,0b_v2,2026-04-26,,
M6B_L0_00207,0,normal,A,200,0.0,0,real_cira,-1,0b_v2,2026-04-26,,
M6B_L0_00208,0,normal,A,200,0.0,3,real_cira,-1,0b_v2,2026-04-26,,
M6B_L0_00209,0,normal,A,200,0.0,0,real_cira,-1,0b_v2,2026-04-26,,
M6B_L0_00210,0,normal,A,200,0.0,0,real_cira,-1,0b_v2,2026-04-26,,
M6B_L0_00211,0,normal,A,200,0.0,2,real_cira,-1,0b_v2,2026-04-26,,
M6B_L0_00212,0,normal,A,200,0.0,3,real_cira,-1,0b_v2,2026-04-26,,
M6B_L0_00213,0,normal,A,200,0.0,0,real_cira,-1,0b_v2,2026-04-26,,
M6B_L0_00214,0,normal,A,200,0.0,0,real_cira,-1,0b_v2,2026-04-26,,
M6B_L0_00215,0,normal,A,200,0.0,3,real_cira,-1,0b_v2,2026-04-26,,
M6B_L0_00216,0,normal,A,200,0.0,0,real_cira,-1,0b_v2,2026-04-26,,
M6B_L0_00217,0,normal,A,200,0.0,0,real_cira,-1,0b_v2,2026-04-26,,
M6B_L0_00218,0,normal,A,200,0.0,0,real_cira,-1,0b_v2,2026-04-26,,
M6B_L0_00219,0,normal,A,200,0.0,3,real_cira,-1,0b_v2,2026-04-26,,
M6B_L0_00220,0,normal,A,200,0.0,2,real_cira,-1,0b_v2,2026-04-26,,
M6B_L0_00221,0,normal,A,200,0.0,3,real_cira,-1,0b_v2,2026-04-26,,
M6B_L0_00222,0,normal,A,200,0.0,1,real_cira,-1,0b_v2,2026-04-26,,
M6B_L0_00223,0,normal,A,200,0.0,0,real_cira,-1,0b_v2,2026-04-26,,
M6B_L0_00224,0,normal,A,200,0.0,0,real_cira,-1,0b_v2,2026-04-26,,
M6B_L0_00225,0,normal,A,200,0.0,0,real_cira,-1,0b_v2,2026-04-26,,
M6B_L0_00226,0,normal,A,200,0.0,2,real_cira,-1,0b_v2,2026-04-26,,
M6B_L0_00227,0,normal,A,200,0.0,0,real_cira,-1,0b_v2,2026-04-26,,
M6B_L0_00228,0,normal,A,200,0.0,2,real_cira,-1,0b_v2,2026-04-26,,
M6B_L0_00229,0,normal,A,200,0.0,0,real_cira,-1,0b_v2,2026-04-26,,
M6B_L0_00230,0,normal,A,200,0.0,0,real_cira,-1,0b_v2,2026-04-26,,
M6B_L0_00231,0,normal,A,200,0.0,3,real_cira,-1,0b_v2,2026-04-26,,
M6B_L0_00232,0,normal,A,200,0.0,0,real_cira,-1,0b_v2,2026-04-26,,
M6B_L0_00233,0,normal,A,200,0.0,0,real_cira,-1,0b_v2,2026-04-26,,
M6B_L0_00234,0,normal,A,200,0.0,0,real_cira,-1,0b_v2,2026-04-26,,
M6B_L0_00235,0,normal,A,200,0.0,3,real_cira,-1,0b_v2,2026-04-26,,
M6B_L0_00236,0,normal,A,200,0.0,0,real_cira,-1,0b_v2,2026-04-26,,
M6B_L0_00237,0,normal,A,200,0.0,0,real_cira,-1,0b_v2,2026-04-26,,
M6B_L0_00238,0,normal,A,200,0.0,0,real_cira,-1,0b_v2,2026-04-26,,
M6B_L0_00239,0,normal,A,200,0.0,0,real_cira,-1,0b_v2,2026-04-26,,
M6B_L0_00240,0,normal,A,200,0.0,2,real_cira,-1,0b_v2,2026-04-26,,
M6B_L0_00241,0,normal,A,200,0.0,1,real_cira,-1,0b_v2,2026-04-26,,
M6B_L0_00242,0,normal,A,200,0.0,0,real_cira,-1,0b_v2,2026-04-26,,
M6B_L0_00243,0,normal,A,200,0.0,1,real_cira,-1,0b_v2,2026-04-26,,
M6B_L0_00244,0,normal,A,200,0.0,0,real_cira,-1,0b_v2,2026-04-26,,
M6B_L0_00245,0,normal,A,200,0.0,0,real_cira,-1,0b_v2,2026-04-26,,
M6B_L0_00246,0,normal,A,200,0.0,0,real_cira,-1,0b_v2,2026-04-26,,
M6B_L0_00247,0,normal,A,200,0.0,0,real_cira,-1,0b_v2,2026-04-26,,
M6B_L0_00248,0,normal,A,200,0.0,0,real_cira,-1,0b_v2,2026-04-26,,
M6B_L0_00249,0,normal,A,200,0.0,2,real_cira,-1,0b_v2,2026-04-26,,
M6B_L0_00250,0,normal,A,200,0.0,3,real_cira,-1,0b_v2,2026-04-26,,
M6B_L0_00251,0,normal,A,200,0.0,0,real_cira,-1,0b_v2,2026-04-26,,
M6B_L0_00252,0,normal,A,200,0.0,2,real_cira,-1,0b_v2,2026-04-26,,
M6B_L0_00253,0,normal,A,200,0.0,2,real_cira,-1,0b_v2,2026-04-26,,
M6B_L0_00254,0,normal,A,200,0.0,0,real_cira,-1,0b_v2,2026-04-26,,
M6B_L0_00255,0,normal,A,200,0.0,0,real_cira,-1,0b_v2,2026-04-26,,
M6B_L0_00256,0,normal,A,200,0.0,2,real_cira,-1,0b_v2,2026-04-26,,
M6B_L0_00257,0,normal,A,200,0.0,3,real_cira,-1,0b_v2,2026-04-26,,
M6B_L0_00258,0,normal,A,200,0.0,2,real_cira,-1,0b_v2,2026-04-26,,
M6B_L0_00259,0,normal,A,200,0.0,0,real_cira,-1,0b_v2,2026-04-26,,
M6B_L0_00260,0,normal,A,200,0.0,0,real_cira,-1,0b_v2,2026-04-26,,
M6B_L0_00261,0,normal,A,200,0.0,3,real_cira,-1,0b_v2,2026-04-26,,
M6B_L0_00262,0,normal,A,200,0.0,3,real_cira,-1,0b_v2,2026-04-26,,
M6B_L0_00263,0,normal,A,200,0.0,2,real_cira,-1,0b_v2,2026-04-26,,
M6B_L0_00264,0,normal,A,200,0.0,2,real_cira,-1,0b_v2,2026-04-26,,
M6B_L0_00265,0,normal,A,200,0.0,3,real_cira,-1,0b_v2,2026-04-26,,
M6B_L0_00266,0,normal,A,200,0.0,0,real_cira,-1,0b_v2,2026-04-26,,
M6B_L0_00267,0,normal,A,200,0.0,2,real_cira,-1,0b_v2,2026-04-26,,
M6B_L0_00268,0,normal,A,200,0.0,3,real_cira,-1,0b_v2,2026-04-26,,
M6B_L0_00269,0,normal,A,200,0.0,1,real_cira,-1,0b_v2,2026-04-26,,
M6B_L0_00270,0,normal,A,200,0.0,3,real_cira,-1,0b_v2,2026-04-26,,
M6B_L0_00271,0,normal,A,200,0.0,3,real_cira,-1,0b_v2,2026-04-26,,
M6B_L0_00272,0,normal,A,200,0.0,0,real_cira,-1,0b_v2,2026-04-26,,
M6B_L0_00273,0,normal,A,200,0.0,0,real_cira,-1,0b_v2,2026-04-26,,
M6B_L0_00274,0,normal,A,200,0.0,0,real_cira,-1,0b_v2,2026-04-26,,
M6B_L0_00275,0,normal,A,200,0.0,0,real_cira,-1,0b_v2,2026-04-26,,
M6B_L0_00276,0,normal,A,200,0.0,0,real_cira,-1,0b_v2,2026-04-26,,
M6B_L0_00277,0,normal,A,200,0.0,2,real_cira,-1,0b_v2,2026-04-26,,
M6B_L0_00278,0,normal,A,200,0.0,0,real_cira,-1,0b_v2,2026-04-26,,
M6B_L0_00279,0,normal,A,200,0.0,0,real_cira,-1,0b_v2,2026-04-26,,
M6B_L0_00280,0,normal,A,200,0.0,0,real_cira,-1,0b_v2,2026-04-26,,
M6B_L0_00281,0,normal,A,200,0.0,0,real_cira,-1,0b_v2,2026-04-26,,
M6B_L0_00282,0,normal,A,200,0.0,2,real_cira,-1,0b_v2,2026-04-26,,
M6B_L0_00283,0,normal,A,200,0.0,0,real_cira,-1,0b_v2,2026-04-26,,
M6B_L0_00284,0,normal,A,200,0.0,0,real_cira,-1,0b_v2,2026-04-26,,
M6B_L0_00285,0,normal,A,200,0.0,0,real_cira,-1,0b_v2,2026-04-26,,
M6B_L0_00286,0,normal,A,200,0.0,1,real_cira,-1,0b_v2,2026-04-26,,
M6B_L0_00287,0,normal,A,200,0.0,2,real_cira,-1,0b_v2,2026-04-26,,
M6B_L0_00288,0,normal,A,200,0.0,0,real_cira,-1,0b_v2,2026-04-26,,
M6B_L0_00289,0,normal,A,200,0.0,0,real_cira,-1,0b_v2,2026-04-26,,
M6B_L0_00290,0,normal,A,200,0.0,0,real_cira,-1,0b_v2,2026-04-26,,
M6B_L0_00291,0,normal,A,200,0.0,2,real_cira,-1,0b_v2,2026-04-26,,
M6B_L0_00292,0,normal,A,200,0.0,2,real_cira,-1,0b_v2,2026-04-26,,
M6B_L0_00293,0,normal,A,200,0.0,3,real_cira,-1,0b_v2,2026-04-26,,
M6B_L0_00294,0,normal,A,200,0.0,0,real_cira,-1,0b_v2,2026-04-26,,
M6B_L0_00295,0,normal,A,200,0.0,3,real_cira,-1,0b_v2,2026-04-26,,
M6B_L0_00296,0,normal,A,200,0.0,3,real_cira,-1,0b_v2,2026-04-26,,
M6B_L0_00297,0,normal,A,200,0.0,3,real_cira,-1,0b_v2,2026-04-26,,
M6B_L0_00298,0,normal,A,200,0.0,0,real_cira,-1,0b_v2,2026-04-26,,
M6B_L0_00299,0,normal,A,200,0.0,3,real_cira,-1,0b_v2,2026-04-26,,
M6B_L0_00300,0,normal,A,200,0.0,0,real_cira,-1,0b_v2,2026-04-26,,
M6B_L0_00301,0,normal,A,200,0.0,0,real_cira,-1,0b_v2,2026-04-26,,
M6B_L0_00302,0,normal,A,200,0.0,2,real_cira,-1,0b_v2,2026-04-26,,
M6B_L0_00303,0,normal,A,200,0.0,0,real_cira,-1,0b_v2,2026-04-26,,
M6B_L0_00304,0,normal,A,200,0.0,0,real_cira,-1,0b_v2,2026-04-26,,
M6B_L0_00305,0,normal,A,200,0.0,1,real_cira,-1,0b_v2,2026-04-26,,
M6B_L0_00306,0,normal,A,200,0.0,0,real_cira,-1,0b_v2,2026-04-26,,
M6B_L0_00307,0,normal,A,200,0.0,0,real_cira,-1,0b_v2,2026-04-26,,
M6B_L0_00308,0,normal,A,200,0.0,2,real_cira,-1,0b_v2,2026-04-26,,
M6B_L0_00309,0,normal,A,200,0.0,0,real_cira,-1,0b_v2,2026-04-26,,
M6B_L0_00310,0,normal,A,200,0.0,0,real_cira,-1,0b_v2,2026-04-26,,
M6B_L0_00311,0,normal,A,200,0.0,0,real_cira,-1,0b_v2,2026-04-26,,
M6B_L0_00312,0,normal,A,200,0.0,0,real_cira,-1,0b_v2,2026-04-26,,
M6B_L0_00313,0,normal,A,200,0.0,0,real_cira,-1,0b_v2,2026-04-26,,
M6B_L0_00314,0,normal,A,200,0.0,0,real_cira,-1,0b_v2,2026-04-26,,
M6B_L0_00315,0,normal,A,200,0.0,0,real_cira,-1,0b_v2,2026-04-26,,
M6B_L0_00316,0,normal,A,200,0.0,1,real_cira,-1,0b_v2,2026-04-26,,
M6B_L0_00317,0,normal,A,200,0.0,0,real_cira,-1,0b_v2,2026-04-26,,
M6B_L0_00318,0,normal,A,200,0.0,1,real_cira,-1,0b_v2,2026-04-26,,
M6B_L0_00319,0,normal,A,200,0.0,2,real_cira,-1,0b_v2,2026-04-26,,
M6B_L0_00320,0,normal,A,200,0.0,1,real_cira,-1,0b_v2,2026-04-26,,
M6B_L0_00321,0,normal,A,200,0.0,2,real_cira,-1,0b_v2,2026-04-26,,
M6B_L0_00322,0,normal,A,200,0.0,2,real_cira,-1,0b_v2,2026-04-26,,
M6B_L0_00323,0,normal,A,200,0.0,0,real_cira,-1,0b_v2,2026-04-26,,
M6B_L0_00324,0,normal,A,200,0.0,0,real_cira,-1,0b_v2,2026-04-26,,
M6B_L0_00325,0,normal,A,200,0.0,3,real_cira,-1,0b_v2,2026-04-26,,
M6B_L0_00326,0,normal,A,200,0.0,1,real_cira,-1,0b_v2,2026-04-26,,
M6B_L0_00327,0,normal,A,200,0.0,0,real_cira,-1,0b_v2,2026-04-26,,
M6B_L0_00328,0,normal,A,200,0.0,0,real_cira,-1,0b_v2,2026-04-26,,
M6B_L0_00329,0,normal,A,200,0.0,1,real_cira,-1,0b_v2,2026-04-26,,
M6B_L0_00330,0,normal,A,200,0.0,0,real_cira,-1,0b_v2,2026-04-26,,
M6B_L0_00331,0,normal,A,200,0.0,0,real_cira,-1,0b_v2,2026-04-26,,
M6B_L0_00332,0,normal,A,200,0.0,0,real_cira,-1,0b_v2,2026-04-26,,
M6B_L0_00333,0,normal,A,200,0.0,0,real_cira,-1,0b_v2,2026-04-26,,
M6B_L0_00334,0,normal,A,200,0.0,3,real_cira,-1,0b_v2,2026-04-26,,
M6B_L0_00335,0,normal,A,200,0.0,2,real_cira,-1,0b_v2,2026-04-26,,
M6B_L0_00336,0,normal,A,200,0.0,0,real_cira,-1,0b_v2,2026-04-26,,
M6B_L0_00337,0,normal,A,200,0.0,2,real_cira,-1,0b_v2,2026-04-26,,
M6B_L0_00338,0,normal,A,200,0.0,1,real_cira,-1,0b_v2,2026-04-26,,
M6B_L0_00339,0,normal,A,200,0.0,0,real_cira,-1,0b_v2,2026-04-26,,
M6B_L0_00340,0,normal,A,200,0.0,1,real_cira,-1,0b_v2,2026-04-26,,
M6B_L0_00341,0,normal,A,200,0.0,0,real_cira,-1,0b_v2,2026-04-26,,
M6B_L0_00342,0,normal,A,200,0.0,3,real_cira,-1,0b_v2,2026-04-26,,
M6B_L0_00343,0,normal,A,200,0.0,0,real_cira,-1,0b_v2,2026-04-26,,
M6B_L0_00344,0,normal,A,200,0.0,1,real_cira,-1,0b_v2,2026-04-26,,
M6B_L0_00345,0,normal,A,200,0.0,0,real_cira,-1,0b_v2,2026-04-26,,
M6B_L0_00346,0,normal,A,200,0.0,0,real_cira,-1,0b_v2,2026-04-26,,
M6B_L0_00347,0,normal,A,200,0.0,3,real_cira,-1,0b_v2,2026-04-26,,
M6B_L0_00348,0,normal,A,200,0.0,0,real_cira,-1,0b_v2,2026-04-26,,
M6B_L0_00349,0,normal,A,200,0.0,0,real_cira,-1,0b_v2,2026-04-26,,
M6B_L0_00350,0,normal,A,200,0.0,0,real_cira,-1,0b_v2,2026-04-26,,
M6B_L0_00351,0,normal,A,200,0.0,0,real_cira,-1,0b_v2,2026-04-26,,
M6B_L0_00352,0,normal,A,200,0.0,0,real_cira,-1,0b_v2,2026-04-26,,
M6B_L0_00353,0,normal,A,200,0.0,0,real_cira,-1,0b_v2,2026-04-26,,
M6B_L0_00354,0,normal,A,200,0.0,3,real_cira,-1,0b_v2,2026-04-26,,
M6B_L0_00355,0,normal,A,200,0.0,0,real_cira,-1,0b_v2,2026-04-26,,
M6B_L0_00356,0,normal,A,200,0.0,0,real_cira,-1,0b_v2,2026-04-26,,
M6B_L0_00357,0,normal,A,200,0.0,0,real_cira,-1,0b_v2,2026-04-26,,
M6B_L0_00358,0,normal,A,200,0.0,0,real_cira,-1,0b_v2,2026-04-26,,
M6B_L0_00359,0,normal,A,200,0.0,0,real_cira,-1,0b_v2,2026-04-26,,
M6B_L0_00360,0,normal,A,200,0.0,2,real_cira,-1,0b_v2,2026-04-26,,
M6B_L0_00361,0,normal,A,200,0.0,2,real_cira,-1,0b_v2,2026-04-26,,
M6B_L0_00362,0,normal,A,200,0.0,0,real_cira,-1,0b_v2,2026-04-26,,
M6B_L0_00363,0,normal,A,200,0.0,0,real_cira,-1,0b_v2,2026-04-26,,
M6B_L0_00364,0,normal,A,200,0.0,0,real_cira,-1,0b_v2,2026-04-26,,
M6B_L0_00365,0,normal,A,200,0.0,0,real_cira,-1,0b_v2,2026-04-26,,
M6B_L0_00366,0,normal,A,200,0.0,3,real_cira,-1,0b_v2,2026-04-26,,
M6B_L0_00367,0,normal,A,200,0.0,0,real_cira,-1,0b_v2,2026-04-26,,
M6B_L0_00368,0,normal,A,200,0.0,0,real_cira,-1,0b_v2,2026-04-26,,
M6B_L0_00369,0,normal,A,200,0.0,0,real_cira,-1,0b_v2,2026-04-26,,
M6B_L0_00370,0,normal,A,200,0.0,1,real_cira,-1,0b_v2,2026-04-26,,
M6B_L0_00371,0,normal,A,200,0.0,1,real_cira,-1,0b_v2,2026-04-26,,
M6B_L0_00372,0,normal,A,200,0.0,0,real_cira,-1,0b_v2,2026-04-26,,
M6B_L0_00373,0,normal,A,200,0.0,1,real_cira,-1,0b_v2,2026-04-26,,
M6B_L0_00374,0,normal,A,200,0.0,0,real_cira,-1,0b_v2,2026-04-26,,
M6B_L0_00375,0,normal,A,200,0.0,1,real_cira,-1,0b_v2,2026-04-26,,
M6B_L0_00376,0,normal,A,200,0.0,0,real_cira,-1,0b_v2,2026-04-26,,
M6B_L0_00377,0,normal,A,200,0.0,3,real_cira,-1,0b_v2,2026-04-26,,
M6B_L0_00378,0,normal,A,200,0.0,0,real_cira,-1,0b_v2,2026-04-26,,
M6B_L0_00379,0,normal,A,200,0.0,1,real_cira,-1,0b_v2,2026-04-26,,
M6B_L0_00380,0,normal,A,200,0.0,1,real_cira,-1,0b_v2,2026-04-26,,
M6B_L0_00381,0,normal,A,200,0.0,2,real_cira,-1,0b_v2,2026-04-26,,
M6B_L0_00382,0,normal,A,200,0.0,1,real_cira,-1,0b_v2,2026-04-26,,
M6B_L0_00383,0,normal,A,200,0.0,0,real_cira,-1,0b_v2,2026-04-26,,
M6B_L0_00384,0,normal,A,200,0.0,0,real_cira,-1,0b_v2,2026-04-26,,
M6B_L0_00385,0,normal,A,200,0.0,2,real_cira,-1,0b_v2,2026-04-26,,
M6B_L0_00386,0,normal,A,200,0.0,0,real_cira,-1,0b_v2,2026-04-26,,
M6B_L0_00387,0,normal,A,200,0.0,0,real_cira,-1,0b_v2,2026-04-26,,
M6B_L0_00388,0,normal,A,200,0.0,0,real_cira,-1,0b_v2,2026-04-26,,
M6B_L0_00389,0,normal,A,200,0.0,0,real_cira,-1,0b_v2,2026-04-26,,
M6B_L0_00390,0,normal,A,200,0.0,0,real_cira,-1,0b_v2,2026-04-26,,
M6B_L0_00391,0,normal,A,200,0.0,1,real_cira,-1,0b_v2,2026-04-26,,
M6B_L0_00392,0,normal,A,200,0.0,0,real_cira,-1,0b_v2,2026-04-26,,
M6B_L0_00393,0,normal,A,200,0.0,0,real_cira,-1,0b_v2,2026-04-26,,
M6B_L0_00394,0,normal,A,200,0.0,3,real_cira,-1,0b_v2,2026-04-26,,
M6B_L0_00395,0,normal,A,200,0.0,1,real_cira,-1,0b_v2,2026-04-26,,
M6B_L0_00396,0,normal,A,200,0.0,3,real_cira,-1,0b_v2,2026-04-26,,
M6B_L0_00397,0,normal,A,200,0.0,1,real_cira,-1,0b_v2,2026-04-26,,
M6B_L0_00398,0,normal,A,200,0.0,3,real_cira,-1,0b_v2,2026-04-26,,
M6B_L0_00399,0,normal,A,200,0.0,3,real_cira,-1,0b_v2,2026-04-26,,
M6B_L0_00400,0,normal,A,200,0.0,0,real_cira,-1,0b_v2,2026-04-26,,
M6B_L0_00401,0,normal,A,200,0.0,0,real_cira,-1,0b_v2,2026-04-26,,
M6B_L0_00402,0,normal,A,200,0.0,0,real_cira,-1,0b_v2,2026-04-26,,
M6B_L0_00403,0,normal,A,200,0.0,1,real_cira,-1,0b_v2,2026-04-26,,
M6B_L0_00404,0,normal,A,200,0.0,0,real_cira,-1,0b_v2,2026-04-26,,
M6B_L0_00405,0,normal,A,200,0.0,1,real_cira,-1,0b_v2,2026-04-26,,
M6B_L0_00406,0,normal,A,200,0.0,0,real_cira,-1,0b_v2,2026-04-26,,
M6B_L0_00407,0,normal,A,200,0.0,1,real_cira,-1,0b_v2,2026-04-26,,
M6B_L0_00408,0,normal,A,200,0.0,1,real_cira,-1,0b_v2,2026-04-26,,
M6B_L0_00409,0,normal,A,200,0.0,0,real_cira,-1,0b_v2,2026-04-26,,
M6B_L0_00410,0,normal,A,200,0.0,1,real_cira,-1,0b_v2,2026-04-26,,
M6B_L0_00411,0,normal,A,200,0.0,2,real_cira,-1,0b_v2,2026-04-26,,
M6B_L0_00412,0,normal,A,200,0.0,0,real_cira,-1,0b_v2,2026-04-26,,
M6B_L0_00413,0,normal,A,200,0.0,0,real_cira,-1,0b_v2,2026-04-26,,
M6B_L0_00414,0,normal,A,200,0.0,1,real_cira,-1,0b_v2,2026-04-26,,
M6B_L0_00415,0,normal,A,200,0.0,3,real_cira,-1,0b_v2,2026-04-26,,
M6B_L0_00416,0,normal,A,200,0.0,1,real_cira,-1,0b_v2,2026-04-26,,
M6B_L0_00417,0,normal,A,200,0.0,0,real_cira,-1,0b_v2,2026-04-26,,
M6B_L0_00418,0,normal,A,200,0.0,2,real_cira,-1,0b_v2,2026-04-26,,
M6B_L0_00419,0,normal,A,200,0.0,0,real_cira,-1,0b_v2,2026-04-26,,
M6B_L0_00420,0,normal,A,200,0.0,0,real_cira,-1,0b_v2,2026-04-26,,
M6B_L0_00421,0,normal,A,200,0.0,0,real_cira,-1,0b_v2,2026-04-26,,
M6B_L0_00422,0,normal,A,200,0.0,0,real_cira,-1,0b_v2,2026-04-26,,
M6B_L0_00423,0,normal,A,200,0.0,0,real_cira,-1,0b_v2,2026-04-26,,
M6B_L0_00424,0,normal,A,200,0.0,0,real_cira,-1,0b_v2,2026-04-26,,
M6B_L0_00425,0,normal,A,200,0.0,0,real_cira,-1,0b_v2,2026-04-26,,
M6B_L0_00426,0,normal,A,200,0.0,3,real_cira,-1,0b_v2,2026-04-26,,
M6B_L0_00427,0,normal,A,200,0.0,0,real_cira,-1,0b_v2,2026-04-26,,
M6B_L0_00428,0,normal,A,200,0.0,2,real_cira,-1,0b_v2,2026-04-26,,
M6B_L0_00429,0,normal,A,200,0.0,0,real_cira,-1,0b_v2,2026-04-26,,
M6B_L0_00430,0,normal,A,200,0.0,0,real_cira,-1,0b_v2,2026-04-26,,
M6B_L0_00431,0,normal,A,200,0.0,0,real_cira,-1,0b_v2,2026-04-26,,
M6B_L0_00432,0,normal,A,200,0.0,0,real_cira,-1,0b_v2,2026-04-26,,
M6B_L0_00433,0,normal,A,200,0.0,1,real_cira,-1,0b_v2,2026-04-26,,
M6B_L0_00434,0,normal,A,200,0.0,0,real_cira,-1,0b_v2,2026-04-26,,
M6B_L0_00435,0,normal,A,200,0.0,0,real_cira,-1,0b_v2,2026-04-26,,
M6B_L0_00436,0,normal,A,200,0.0,3,real_cira,-1,0b_v2,2026-04-26,,
M6B_L0_00437,0,normal,A,200,0.0,0,real_cira,-1,0b_v2,2026-04-26,,
M6B_L0_00438,0,normal,A,200,0.0,0,real_cira,-1,0b_v2,2026-04-26,,
M6B_L0_00439,0,normal,A,200,0.0,2,real_cira,-1,0b_v2,2026-04-26,,
M6B_L0_00440,0,normal,A,200,0.0,0,real_cira,-1,0b_v2,2026-04-26,,
M6B_L0_00441,0,normal,A,200,0.0,1,real_cira,-1,0b_v2,2026-04-26,,
M6B_L0_00442,0,normal,A,200,0.0,0,real_cira,-1,0b_v2,2026-04-26,,
M6B_L0_00443,0,normal,A,200,0.0,3,real_cira,-1,0b_v2,2026-04-26,,
M6B_L0_00444,0,normal,A,200,0.0,2,real_cira,-1,0b_v2,2026-04-26,,
M6B_L0_00445,0,normal,A,200,0.0,1,real_cira,-1,0b_v2,2026-04-26,,
M6B_L0_00446,0,normal,A,200,0.0,0,real_cira,-1,0b_v2,2026-04-26,,
M6B_L0_00447,0,normal,A,200,0.0,0,real_cira,-1,0b_v2,2026-04-26,,
M6B_L0_00448,0,normal,A,200,0.0,0,real_cira,-1,0b_v2,2026-04-26,,
M6B_L0_00449,0,normal,A,200,0.0,2,real_cira,-1,0b_v2,2026-04-26,,
M6B_L0_00450,0,normal,A,200,0.0,3,real_cira,-1,0b_v2,2026-04-26,,
M6B_L0_00451,0,normal,A,200,0.0,0,real_cira,-1,0b_v2,2026-04-26,,
M6B_L0_00452,0,normal,A,200,0.0,0,real_cira,-1,0b_v2,2026-04-26,,
M6B_L0_00453,0,normal,A,200,0.0,0,real_cira,-1,0b_v2,2026-04-26,,
M6B_L0_00454,0,normal,A,200,0.0,0,real_cira,-1,0b_v2,2026-04-26,,
M6B_L0_00455,0,normal,A,200,0.0,0,real_cira,-1,0b_v2,2026-04-26,,
M6B_L0_00456,0,normal,A,200,0.0,3,real_cira,-1,0b_v2,2026-04-26,,
M6B_L0_00457,0,normal,A,200,0.0,3,real_cira,-1,0b_v2,2026-04-26,,
M6B_L0_00458,0,normal,A,200,0.0,0,real_cira,-1,0b_v2,2026-04-26,,
M6B_L0_00459,0,normal,A,200,0.0,0,real_cira,-1,0b_v2,2026-04-26,,
M6B_L0_00460,0,normal,A,200,0.0,2,real_cira,-1,0b_v2,2026-04-26,,
M6B_L0_00461,0,normal,A,200,0.0,1,real_cira,-1,0b_v2,2026-04-26,,
M6B_L0_00462,0,normal,A,200,0.0,1,real_cira,-1,0b_v2,2026-04-26,,
M6B_L0_00463,0,normal,A,200,0.0,2,real_cira,-1,0b_v2,2026-04-26,,
M6B_L0_00464,0,normal,A,200,0.0,1,real_cira,-1,0b_v2,2026-04-26,,
M6B_L0_00465,0,normal,A,200,0.0,0,real_cira,-1,0b_v2,2026-04-26,,
M6B_L0_00466,0,normal,A,200,0.0,0,real_cira,-1,0b_v2,2026-04-26,,
M6B_L0_00467,0,normal,A,200,0.0,1,real_cira,-1,0b_v2,2026-04-26,,
M6B_L0_00468,0,normal,A,200,0.0,3,real_cira,-1,0b_v2,2026-04-26,,
M6B_L0_00469,0,normal,A,200,0.0,2,real_cira,-1,0b_v2,2026-04-26,,
M6B_L0_00470,0,normal,A,200,0.0,0,real_cira,-1,0b_v2,2026-04-26,,
M6B_L0_00471,0,normal,A,200,0.0,3,real_cira,-1,0b_v2,2026-04-26,,
M6B_L0_00472,0,normal,A,200,0.0,0,real_cira,-1,0b_v2,2026-04-26,,
M6B_L0_00473,0,normal,A,200,0.0,2,real_cira,-1,0b_v2,2026-04-26,,
M6B_L0_00474,0,normal,A,200,0.0,0,real_cira,-1,0b_v2,2026-04-26,,
M6B_L0_00475,0,normal,A,200,0.0,1,real_cira,-1,0b_v2,2026-04-26,,
M6B_L0_00476,0,normal,A,200,0.0,0,real_cira,-1,0b_v2,2026-04-26,,
M6B_L0_00477,0,normal,A,200,0.0,3,real_cira,-1,0b_v2,2026-04-26,,
M6B_L0_00478,0,normal,A,200,0.0,0,real_cira,-1,0b_v2,2026-04-26,,
M6B_L0_00479,0,normal,A,200,0.0,3,real_cira,-1,0b_v2,2026-04-26,,
M6B_L0_00480,0,normal,A,200,0.0,0,real_cira,-1,0b_v2,2026-04-26,,
M6B_L0_00481,0,normal,A,200,0.0,0,real_cira,-1,0b_v2,2026-04-26,,
M6B_L0_00482,0,normal,A,200,0.0,3,real_cira,-1,0b_v2,2026-04-26,,
M6B_L0_00483,0,normal,A,200,0.0,0,real_cira,-1,0b_v2,2026-04-26,,
M6B_L0_00484,0,normal,A,200,0.0,0,real_cira,-1,0b_v2,2026-04-26,,
M6B_L0_00485,0,normal,A,200,0.0,0,real_cira,-1,0b_v2,2026-04-26,,
M6B_L0_00486,0,normal,A,200,0.0,2,real_cira,-1,0b_v2,2026-04-26,,
M6B_L0_00487,0,normal,A,200,0.0,2,real_cira,-1,0b_v2,2026-04-26,,
M6B_L0_00488,0,normal,A,200,0.0,2,real_cira,-1,0b_v2,2026-04-26,,
M6B_L0_00489,0,normal,A,200,0.0,0,real_cira,-1,0b_v2,2026-04-26,,
M6B_L0_00490,0,normal,A,200,0.0,0,real_cira,-1,0b_v2,2026-04-26,,
M6B_L0_00491,0,normal,A,200,0.0,0,real_cira,-1,0b_v2,2026-04-26,,
M6B_L0_00492,0,normal,A,200,0.0,1,real_cira,-1,0b_v2,2026-04-26,,
M6B_L0_00493,0,normal,A,200,0.0,0,real_cira,-1,0b_v2,2026-04-26,,
M6B_L0_00494,0,normal,A,200,0.0,3,real_cira,-1,0b_v2,2026-04-26,,
M6B_L0_00495,0,normal,A,200,0.0,0,real_cira,-1,0b_v2,2026-04-26,,
M6B_L0_00496,0,normal,A,200,0.0,3,real_cira,-1,0b_v2,2026-04-26,,
M6B_L0_00497,0,normal,A,200,0.0,1,real_cira,-1,0b_v2,2026-04-26,,
M6B_L0_00498,0,normal,A,200,0.0,1,real_cira,-1,0b_v2,2026-04-26,,
M6B_L0_00499,0,normal,A,200,0.0,3,real_cira,-1,0b_v2,2026-04-26,,
M6B_L0_00500,0,normal,A,200,0.0,0,real_cira,-1,0b_v2,2026-04-26,,
M6B_L0_00501,0,normal,A,200,0.0,0,real_cira,-1,0b_v2,2026-04-26,,
M6B_L0_00502,0,normal,A,200,0.0,1,real_cira,-1,0b_v2,2026-04-26,,
M6B_L0_00503,0,normal,A,200,0.0,1,real_cira,-1,0b_v2,2026-04-26,,
M6B_L0_00504,0,normal,A,200,0.0,2,real_cira,-1,0b_v2,2026-04-26,,
M6B_L0_00505,0,normal,A,200,0.0,0,real_cira,-1,0b_v2,2026-04-26,,
M6B_L0_00506,0,normal,A,200,0.0,0,real_cira,-1,0b_v2,2026-04-26,,
M6B_L0_00507,0,normal,A,200,0.0,0,real_cira,-1,0b_v2,2026-04-26,,
M6B_L0_00508,0,normal,A,200,0.0,0,real_cira,-1,0b_v2,2026-04-26,,
M6B_L0_00509,0,normal,A,200,0.0,2,real_cira,-1,0b_v2,2026-04-26,,
M6B_L0_00510,0,normal,A,200,0.0,0,real_cira,-1,0b_v2,2026-04-26,,
M6B_L0_00511,0,normal,A,200,0.0,0,real_cira,-1,0b_v2,2026-04-26,,
M6B_L0_00512,0,normal,A,200,0.0,0,real_cira,-1,0b_v2,2026-04-26,,
M6B_L0_00513,0,normal,A,200,0.0,0,real_cira,-1,0b_v2,2026-04-26,,
M6B_L0_00514,0,normal,A,200,0.0,0,real_cira,-1,0b_v2,2026-04-26,,
M6B_L0_00515,0,normal,A,200,0.0,2,real_cira,-1,0b_v2,2026-04-26,,
M6B_L0_00516,0,normal,A,200,0.0,3,real_cira,-1,0b_v2,2026-04-26,,
M6B_L0_00517,0,normal,A,200,0.0,0,real_cira,-1,0b_v2,2026-04-26,,
M6B_L0_00518,0,normal,A,200,0.0,2,real_cira,-1,0b_v2,2026-04-26,,
M6B_L0_00519,0,normal,A,200,0.0,1,real_cira,-1,0b_v2,2026-04-26,,
M6B_L0_00520,0,normal,A,200,0.0,0,real_cira,-1,0b_v2,2026-04-26,,
M6B_L0_00521,0,normal,A,200,0.0,1,real_cira,-1,0b_v2,2026-04-26,,
M6B_L0_00522,0,normal,A,200,0.0,2,real_cira,-1,0b_v2,2026-04-26,,
M6B_L0_00523,0,normal,A,200,0.0,0,real_cira,-1,0b_v2,2026-04-26,,
M6B_L0_00524,0,normal,A,200,0.0,0,real_cira,-1,0b_v2,2026-04-26,,
M6B_L0_00525,0,normal,A,200,0.0,1,real_cira,-1,0b_v2,2026-04-26,,
M6B_L0_00526,0,normal,A,200,0.0,0,real_cira,-1,0b_v2,2026-04-26,,
M6B_L0_00527,0,normal,A,200,0.0,1,real_cira,-1,0b_v2,2026-04-26,,
M6B_L0_00528,0,normal,A,200,0.0,0,real_cira,-1,0b_v2,2026-04-26,,
M6B_L0_00529,0,normal,A,200,0.0,0,real_cira,-1,0b_v2,2026-04-26,,
M6B_L0_00530,0,normal,A,200,0.0,2,real_cira,-1,0b_v2,2026-04-26,,
M6B_L0_00531,0,normal,A,200,0.0,0,real_cira,-1,0b_v2,2026-04-26,,
M6B_L0_00532,0,normal,A,200,0.0,3,real_cira,-1,0b_v2,2026-04-26,,
M6B_L0_00533,0,normal,A,200,0.0,0,real_cira,-1,0b_v2,2026-04-26,,
M6B_L0_00534,0,normal,A,200,0.0,0,real_cira,-1,0b_v2,2026-04-26,,
M6B_L0_00535,0,normal,A,200,0.0,3,real_cira,-1,0b_v2,2026-04-26,,
M6B_L0_00536,0,normal,A,200,0.0,0,real_cira,-1,0b_v2,2026-04-26,,
M6B_L0_00537,0,normal,A,200,0.0,0,real_cira,-1,0b_v2,2026-04-26,,
M6B_L0_00538,0,normal,A,200,0.0,0,real_cira,-1,0b_v2,2026-04-26,,
M6B_L0_00539,0,normal,A,200,0.0,3,real_cira,-1,0b_v2,2026-04-26,,
M6B_L0_00540,0,normal,A,200,0.0,2,real_cira,-1,0b_v2,2026-04-26,,
M6B_L0_00541,0,normal,A,200,0.0,0,real_cira,-1,0b_v2,2026-04-26,,
M6B_L0_00542,0,normal,A,200,0.0,0,real_cira,-1,0b_v2,2026-04-26,,
M6B_L0_00543,0,normal,A,200,0.0,2,real_cira,-1,0b_v2,2026-04-26,,
M6B_L0_00544,0,normal,A,200,0.0,0,real_cira,-1,0b_v2,2026-04-26,,
M6B_L0_00545,0,normal,A,200,0.0,0,real_cira,-1,0b_v2,2026-04-26,,
M6B_L0_00546,0,normal,A,200,0.0,3,real_cira,-1,0b_v2,2026-04-26,,
M6B_L0_00547,0,normal,A,200,0.0,2,real_cira,-1,0b_v2,2026-04-26,,
M6B_L0_00548,0,normal,A,200,0.0,2,real_cira,-1,0b_v2,2026-04-26,,
M6B_L0_00549,0,normal,A,200,0.0,0,real_cira,-1,0b_v2,2026-04-26,,
M6B_L0_00550,0,normal,A,200,0.0,0,real_cira,-1,0b_v2,2026-04-26,,
M6B_L0_00551,0,normal,A,200,0.0,3,real_cira,-1,0b_v2,2026-04-26,,
M6B_L0_00552,0,normal,A,200,0.0,0,real_cira,-1,0b_v2,2026-04-26,,
M6B_L0_00553,0,normal,A,200,0.0,2,real_cira,-1,0b_v2,2026-04-26,,
M6B_L0_00554,0,normal,A,200,0.0,3,real_cira,-1,0b_v2,2026-04-26,,
M6B_L0_00555,0,normal,A,200,0.0,0,real_cira,-1,0b_v2,2026-04-26,,
M6B_L0_00556,0,normal,A,200,0.0,1,real_cira,-1,0b_v2,2026-04-26,,
M6B_L0_00557,0,normal,A,200,0.0,1,real_cira,-1,0b_v2,2026-04-26,,
M6B_L0_00558,0,normal,A,200,0.0,0,real_cira,-1,0b_v2,2026-04-26,,
M6B_L0_00559,0,normal,A,200,0.0,1,real_cira,-1,0b_v2,2026-04-26,,
M6B_L0_00560,0,normal,A,200,0.0,0,real_cira,-1,0b_v2,2026-04-26,,
M6B_L0_00561,0,normal,A,200,0.0,0,real_cira,-1,0b_v2,2026-04-26,,
M6B_L0_00562,0,normal,A,200,0.0,1,real_cira,-1,0b_v2,2026-04-26,,
M6B_L0_00563,0,normal,A,200,0.0,1,real_cira,-1,0b_v2,2026-04-26,,
M6B_L0_00564,0,normal,A,200,0.0,2,real_cira,-1,0b_v2,2026-04-26,,
M6B_L0_00565,0,normal,A,200,0.0,0,real_cira,-1,0b_v2,2026-04-26,,
M6B_L0_00566,0,normal,A,200,0.0,2,real_cira,-1,0b_v2,2026-04-26,,
M6B_L0_00567,0,normal,A,200,0.0,3,real_cira,-1,0b_v2,2026-04-26,,
M6B_L0_00568,0,normal,A,200,0.0,1,real_cira,-1,0b_v2,2026-04-26,,
M6B_L0_00569,0,normal,A,200,0.0,3,real_cira,-1,0b_v2,2026-04-26,,
M6B_L0_00570,0,normal,A,200,0.0,0,real_cira,-1,0b_v2,2026-04-26,,
M6B_L0_00571,0,normal,A,200,0.0,3,real_cira,-1,0b_v2,2026-04-26,,
M6B_L0_00572,0,normal,A,200,0.0,0,real_cira,-1,0b_v2,2026-04-26,,
M6B_L0_00573,0,normal,A,200,0.0,0,real_cira,-1,0b_v2,2026-04-26,,
M6B_L0_00574,0,normal,A,200,0.0,0,real_cira,-1,0b_v2,2026-04-26,,
M6B_L0_00575,0,normal,A,200,0.0,2,real_cira,-1,0b_v2,2026-04-26,,
M6B_L0_00576,0,normal,A,200,0.0,0,real_cira,-1,0b_v2,2026-04-26,,
M6B_L0_00577,0,normal,A,200,0.0,1,real_cira,-1,0b_v2,2026-04-26,,
M6B_L0_00578,0,normal,A,200,0.0,0,real_cira,-1,0b_v2,2026-04-26,,
M6B_L0_00579,0,normal,A,200,0.0,3,real_cira,-1,0b_v2,2026-04-26,,
M6B_L0_00580,0,normal,A,200,0.0,0,real_cira,-1,0b_v2,2026-04-26,,
M6B_L0_00581,0,normal,A,200,0.0,0,real_cira,-1,0b_v2,2026-04-26,,
M6B_L0_00582,0,normal,A,200,0.0,0,real_cira,-1,0b_v2,2026-04-26,,
M6B_L0_00583,0,normal,A,200,0.0,3,real_cira,-1,0b_v2,2026-04-26,,
M6B_L0_00584,0,normal,A,200,0.0,1,real_cira,-1,0b_v2,2026-04-26,,
M6B_L0_00585,0,normal,A,200,0.0,0,real_cira,-1,0b_v2,2026-04-26,,
M6B_L0_00586,0,normal,A,200,0.0,1,real_cira,-1,0b_v2,2026-04-26,,
M6B_L0_00587,0,normal,A,200,0.0,0,real_cira,-1,0b_v2,2026-04-26,,
M6B_L0_00588,0,normal,A,200,0.0,0,real_cira,-1,0b_v2,2026-04-26,,
M6B_L0_00589,0,normal,A,200,0.0,2,real_cira,-1,0b_v2,2026-04-26,,
M6B_L0_00590,0,normal,A,200,0.0,0,real_cira,-1,0b_v2,2026-04-26,,
M6B_L0_00591,0,normal,A,200,0.0,0,real_cira,-1,0b_v2,2026-04-26,,
M6B_L0_00592,0,normal,A,200,0.0,0,real_cira,-1,0b_v2,2026-04-26,,
M6B_L0_00593,0,normal,A,200,0.0,3,real_cira,-1,0b_v2,2026-04-26,,
M6B_L0_00594,0,normal,A,200,0.0,0,real_cira,-1,0b_v2,2026-04-26,,
M6B_L0_00595,0,normal,A,200,0.0,0,real_cira,-1,0b_v2,2026-04-26,,
M6B_L0_00596,0,normal,A,200,0.0,3,real_cira,-1,0b_v2,2026-04-26,,
M6B_L0_00597,0,normal,A,200,0.0,2,real_cira,-1,0b_v2,2026-04-26,,
M6B_L0_00598,0,normal,A,200,0.0,0,real_cira,-1,0b_v2,2026-04-26,,
M6B_L0_00599,0,normal,A,200,0.0,3,real_cira,-1,0b_v2,2026-04-26,,
M6B_L0_00600,0,normal,A,200,0.0,1,real_cira,-1,0b_v2,2026-04-26,,
M6B_L0_00601,0,normal,A,200,0.0,0,real_cira,-1,0b_v2,2026-04-26,,
M6B_L0_00602,0,normal,A,200,0.0,0,real_cira,-1,0b_v2,2026-04-26,,
M6B_L0_00603,0,normal,A,200,0.0,0,real_cira,-1,0b_v2,2026-04-26,,
M6B_L0_00604,0,normal,A,200,0.0,0,real_cira,-1,0b_v2,2026-04-26,,
M6B_L0_00605,0,normal,A,200,0.0,3,real_cira,-1,0b_v2,2026-04-26,,
M6B_L0_00606,0,normal,A,200,0.0,0,real_cira,-1,0b_v2,2026-04-26,,
M6B_L0_00607,0,normal,A,200,0.0,0,real_cira,-1,0b_v2,2026-04-26,,
M6B_L0_00608,0,normal,A,200,0.0,3,real_cira,-1,0b_v2,2026-04-26,,
M6B_L0_00609,0,normal,A,200,0.0,0,real_cira,-1,0b_v2,2026-04-26,,
M6B_L0_00610,0,normal,A,200,0.0,3,real_cira,-1,0b_v2,2026-04-26,,
M6B_L0_00611,0,normal,A,200,0.0,2,real_cira,-1,0b_v2,2026-04-26,,
M6B_L0_00612,0,normal,A,200,0.0,2,real_cira,-1,0b_v2,2026-04-26,,
M6B_L0_00613,0,normal,A,200,0.0,0,real_cira,-1,0b_v2,2026-04-26,,
M6B_L0_00614,0,normal,A,200,0.0,3,real_cira,-1,0b_v2,2026-04-26,,
M6B_L0_00615,0,normal,A,200,0.0,0,real_cira,-1,0b_v2,2026-04-26,,
M6B_L0_00616,0,normal,A,200,0.0,3,real_cira,-1,0b_v2,2026-04-26,,
M6B_L0_00617,0,normal,A,200,0.0,0,real_cira,-1,0b_v2,2026-04-26,,
M6B_L0_00618,0,normal,A,200,0.0,0,real_cira,-1,0b_v2,2026-04-26,,
M6B_L0_00619,0,normal,A,200,0.0,0,real_cira,-1,0b_v2,2026-04-26,,
M6B_L0_00620,0,normal,A,200,0.0,0,real_cira,-1,0b_v2,2026-04-26,,
M6B_L0_00621,0,normal,A,200,0.0,2,real_cira,-1,0b_v2,2026-04-26,,
M6B_L0_00622,0,normal,A,200,0.0,0,real_cira,-1,0b_v2,2026-04-26,,
M6B_L0_00623,0,normal,A,200,0.0,0,real_cira,-1,0b_v2,2026-04-26,,
M6B_L0_00624,0,normal,A,200,0.0,0,real_cira,-1,0b_v2,2026-04-26,,
M6B_L0_00625,0,normal,A,200,0.0,0,real_cira,-1,0b_v2,2026-04-26,,
M6B_L0_00626,0,normal,A,200,0.0,0,real_cira,-1,0b_v2,2026-04-26,,
M6B_L0_00627,0,normal,A,200,0.0,0,real_cira,-1,0b_v2,2026-04-26,,
M6B_L0_00628,0,normal,A,200,0.0,0,real_cira,-1,0b_v2,2026-04-26,,
M6B_L0_00629,0,normal,A,200,0.0,0,real_cira,-1,0b_v2,2026-04-26,,
M6B_L0_00630,0,normal,A,200,0.0,3,real_cira,-1,0b_v2,2026-04-26,,
M6B_L0_00631,0,normal,A,200,0.0,3,real_cira,-1,0b_v2,2026-04-26,,
M6B_L0_00632,0,normal,A,200,0.0,2,real_cira,-1,0b_v2,2026-04-26,,
M6B_L0_00633,0,normal,A,200,0.0,3,real_cira,-1,0b_v2,2026-04-26,,
M6B_L0_00634,0,normal,A,200,0.0,0,real_cira,-1,0b_v2,2026-04-26,,
M6B_L0_00635,0,normal,A,200,0.0,0,real_cira,-1,0b_v2,2026-04-26,,
M6B_L0_00636,0,normal,A,200,0.0,0,real_cira,-1,0b_v2,2026-04-26,,
M6B_L0_00637,0,normal,A,200,0.0,0,real_cira,-1,0b_v2,2026-04-26,,
M6B_L0_00638,0,normal,A,200,0.0,2,real_cira,-1,0b_v2,2026-04-26,,
M6B_L0_00639,0,normal,A,200,0.0,0,real_cira,-1,0b_v2,2026-04-26,,
M6B_L0_00640,0,normal,A,200,0.0,0,real_cira,-1,0b_v2,2026-04-26,,
M6B_L0_00641,0,normal,A,200,0.0,3,real_cira,-1,0b_v2,2026-04-26,,
M6B_L0_00642,0,normal,A,200,0.0,0,real_cira,-1,0b_v2,2026-04-26,,
M6B_L0_00643,0,normal,A,200,0.0,0,real_cira,-1,0b_v2,2026-04-26,,
M6B_L0_00644,0,normal,A,200,0.0,2,real_cira,-1,0b_v2,2026-04-26,,
M6B_L0_00645,0,normal,A,200,0.0,2,real_cira,-1,0b_v2,2026-04-26,,
M6B_L0_00646,0,normal,A,200,0.0,0,real_cira,-1,0b_v2,2026-04-26,,
M6B_L0_00647,0,normal,A,200,0.0,1,real_cira,-1,0b_v2,2026-04-26,,
M6B_L0_00648,0,normal,A,200,0.0,0,real_cira,-1,0b_v2,2026-04-26,,
M6B_L0_00649,0,normal,A,200,0.0,3,real_cira,-1,0b_v2,2026-04-26,,
M6B_L0_00650,0,normal,A,200,0.0,0,real_cira,-1,0b_v2,2026-04-26,,
M6B_L0_00651,0,normal,A,200,0.0,1,real_cira,-1,0b_v2,2026-04-26,,
M6B_L0_00652,0,normal,A,200,0.0,3,real_cira,-1,0b_v2,2026-04-26,,
M6B_L0_00653,0,normal,A,200,0.0,0,real_cira,-1,0b_v2,2026-04-26,,
M6B_L0_00654,0,normal,A,200,0.0,0,real_cira,-1,0b_v2,2026-04-26,,
M6B_L0_00655,0,normal,A,200,0.0,0,real_cira,-1,0b_v2,2026-04-26,,
M6B_L0_00656,0,normal,A,200,0.0,0,real_cira,-1,0b_v2,2026-04-26,,
M6B_L0_00657,0,normal,A,200,0.0,2,real_cira,-1,0b_v2,2026-04-26,,
M6B_L0_00658,0,normal,A,200,0.0,0,real_cira,-1,0b_v2,2026-04-26,,
M6B_L0_00659,0,normal,A,200,0.0,0,real_cira,-1,0b_v2,2026-04-26,,
M6B_L0_00660,0,normal,A,200,0.0,3,real_cira,-1,0b_v2,2026-04-26,,
M6B_L0_00661,0,normal,A,200,0.0,0,real_cira,-1,0b_v2,2026-04-26,,
M6B_L0_00662,0,normal,A,200,0.0,0,real_cira,-1,0b_v2,2026-04-26,,
M6B_L0_00663,0,normal,A,200,0.0,0,real_cira,-1,0b_v2,2026-04-26,,
M6B_L0_00664,0,normal,A,200,0.0,0,real_cira,-1,0b_v2,2026-04-26,,
M6B_L0_00665,0,normal,A,200,0.0,0,real_cira,-1,0b_v2,2026-04-26,,
M6B_L0_00666,0,normal,A,200,0.0,0,real_cira,-1,0b_v2,2026-04-26,,
M6B_L0_00667,0,normal,A,200,0.0,0,real_cira,-1,0b_v2,2026-04-26,,
M6B_L0_00668,0,normal,A,200,0.0,0,real_cira,-1,0b_v2,2026-04-26,,
M6B_L0_00669,0,normal,A,200,0.0,2,real_cira,-1,0b_v2,2026-04-26,,
M6B_L0_00670,0,normal,A,200,0.0,3,real_cira,-1,0b_v2,2026-04-26,,
M6B_L0_00671,0,normal,A,200,0.0,0,real_cira,-1,0b_v2,2026-04-26,,
M6B_L0_00672,0,normal,A,200,0.0,0,real_cira,-1,0b_v2,2026-04-26,,
M6B_L0_00673,0,normal,A,200,0.0,0,real_cira,-1,0b_v2,2026-04-26,,
M6B_L0_00674,0,normal,A,200,0.0,0,real_cira,-1,0b_v2,2026-04-26,,
M6B_L0_00675,0,normal,A,200,0.0,2,real_cira,-1,0b_v2,2026-04-26,,
M6B_L0_00676,0,normal,A,200,0.0,0,real_cira,-1,0b_v2,2026-04-26,,
M6B_L0_00677,0,normal,A,200,0.0,0,real_cira,-1,0b_v2,2026-04-26,,
M6B_L0_00678,0,normal,A,200,0.0,0,real_cira,-1,0b_v2,2026-04-26,,
M6B_L0_00679,0,normal,A,200,0.0,3,real_cira,-1,0b_v2,2026-04-26,,
M6B_L0_00680,0,normal,A,200,0.0,0,real_cira,-1,0b_v2,2026-04-26,,
M6B_L0_00681,0,normal,A,200,0.0,0,real_cira,-1,0b_v2,2026-04-26,,
M6B_L0_00682,0,normal,A,200,0.0,0,real_cira,-1,0b_v2,2026-04-26,,
M6B_L0_00683,0,normal,A,200,0.0,0,real_cira,-1,0b_v2,2026-04-26,,
M6B_L0_00684,0,normal,A,200,0.0,2,real_cira,-1,0b_v2,2026-04-26,,
M6B_L0_00685,0,normal,A,200,0.0,0,real_cira,-1,0b_v2,2026-04-26,,
M6B_L0_00686,0,normal,A,200,0.0,3,real_cira,-1,0b_v2,2026-04-26,,
M6B_L0_00687,0,normal,A,200,0.0,3,real_cira,-1,0b_v2,2026-04-26,,
M6B_L0_00688,0,normal,A,200,0.0,0,real_cira,-1,0b_v2,2026-04-26,,
M6B_L0_00689,0,normal,A,200,0.0,0,real_cira,-1,0b_v2,2026-04-26,,
M6B_L0_00690,0,normal,A,200,0.0,0,real_cira,-1,0b_v2,2026-04-26,,
M6B_L0_00691,0,normal,A,200,0.0,2,real_cira,-1,0b_v2,2026-04-26,,
M6B_L0_00692,0,normal,A,200,0.0,2,real_cira,-1,0b_v2,2026-04-26,,
M6B_L0_00693,0,normal,A,200,0.0,3,real_cira,-1,0b_v2,2026-04-26,,
M6B_L0_00694,0,normal,A,200,0.0,2,real_cira,-1,0b_v2,2026-04-26,,
M6B_L0_00695,0,normal,A,200,0.0,3,real_cira,-1,0b_v2,2026-04-26,,
M6B_L0_00696,0,normal,A,200,0.0,2,real_cira,-1,0b_v2,2026-04-26,,
M6B_L0_00697,0,normal,A,200,0.0,0,real_cira,-1,0b_v2,2026-04-26,,
M6B_L0_00698,0,normal,A,200,0.0,2,real_cira,-1,0b_v2,2026-04-26,,
M6B_L0_00699,0,normal,A,200,0.0,3,real_cira,-1,0b_v2,2026-04-26,,
M6B_L0_00700,0,normal,A,200,0.0,0,real_cira,-1,0b_v2,2026-04-26,,
M6B_L0_00701,0,normal,A,200,0.0,3,real_cira,-1,0b_v2,2026-04-26,,
M6B_L0_00702,0,normal,A,200,0.0,0,real_cira,-1,0b_v2,2026-04-26,,
M6B_L0_00703,0,normal,A,200,0.0,0,real_cira,-1,0b_v2,2026-04-26,,
M6B_L0_00704,0,normal,A,200,0.0,2,real_cira,-1,0b_v2,2026-04-26,,
M6B_L0_00705,0,normal,A,200,0.0,2,real_cira,-1,0b_v2,2026-04-26,,
M6B_L0_00706,0,normal,A,200,0.0,0,real_cira,-1,0b_v2,2026-04-26,,
M6B_L0_00707,0,normal,A,200,0.0,0,real_cira,-1,0b_v2,2026-04-26,,
M6B_L0_00708,0,normal,A,200,0.0,1,real_cira,-1,0b_v2,2026-04-26,,
M6B_L0_00709,0,normal,A,200,0.0,1,real_cira,-1,0b_v2,2026-04-26,,
M6B_L0_00710,0,normal,A,200,0.0,0,real_cira,-1,0b_v2,2026-04-26,,
M6B_L0_00711,0,normal,A,200,0.0,3,real_cira,-1,0b_v2,2026-04-26,,
M6B_L0_00712,0,normal,A,200,0.0,0,real_cira,-1,0b_v2,2026-04-26,,
M6B_L0_00713,0,normal,A,200,0.0,0,real_cira,-1,0b_v2,2026-04-26,,
M6B_L0_00714,0,normal,A,200,0.0,0,real_cira,-1,0b_v2,2026-04-26,,
M6B_L0_00715,0,normal,A,200,0.0,0,real_cira,-1,0b_v2,2026-04-26,,
M6B_L0_00716,0,normal,A,200,0.0,0,real_cira,-1,0b_v2,2026-04-26,,
M6B_L0_00717,0,normal,A,200,0.0,1,real_cira,-1,0b_v2,2026-04-26,,
M6B_L0_00718,0,normal,A,200,0.0,1,real_cira,-1,0b_v2,2026-04-26,,
M6B_L0_00719,0,normal,A,200,0.0,2,real_cira,-1,0b_v2,2026-04-26,,
M6B_L0_00720,0,normal,A,200,0.0,3,real_cira,-1,0b_v2,2026-04-26,,
M6B_L0_00721,0,normal,A,200,0.0,0,real_cira,-1,0b_v2,2026-04-26,,
M6B_L0_00722,0,normal,A,200,0.0,3,real_cira,-1,0b_v2,2026-04-26,,
M6B_L0_00723,0,normal,A,200,0.0,1,real_cira,-1,0b_v2,2026-04-26,,
M6B_L0_00724,0,normal,A,200,0.0,0,real_cira,-1,0b_v2,2026-04-26,,
M6B_L0_00725,0,normal,A,200,0.0,0,real_cira,-1,0b_v2,2026-04-26,,
M6B_L0_00726,0,normal,A,200,0.0,0,real_cira,-1,0b_v2,2026-04-26,,
M6B_L0_00727,0,normal,A,200,0.0,1,real_cira,-1,0b_v2,2026-04-26,,
M6B_L0_00728,0,normal,A,200,0.0,0,real_cira,-1,0b_v2,2026-04-26,,
M6B_L0_00729,0,normal,A,200,0.0,0,real_cira,-1,0b_v2,2026-04-26,,
M6B_L0_00730,0,normal,A,200,0.0,1,real_cira,-1,0b_v2,2026-04-26,,
M6B_L0_00731,0,normal,A,200,0.0,0,real_cira,-1,0b_v2,2026-04-26,,
M6B_L0_00732,0,normal,A,200,0.0,0,real_cira,-1,0b_v2,2026-04-26,,
M6B_L0_00733,0,normal,A,200,0.0,0,real_cira,-1,0b_v2,2026-04-26,,
M6B_L0_00734,0,normal,A,200,0.0,0,real_cira,-1,0b_v2,2026-04-26,,
M6B_L0_00735,0,normal,A,200,0.0,1,real_cira,-1,0b_v2,2026-04-26,,
M6B_L0_00736,0,normal,A,200,0.0,0,real_cira,-1,0b_v2,2026-04-26,,
M6B_L0_00737,0,normal,A,200,0.0,2,real_cira,-1,0b_v2,2026-04-26,,
M6B_L0_00738,0,normal,A,200,0.0,0,real_cira,-1,0b_v2,2026-04-26,,
M6B_L0_00739,0,normal,A,200,0.0,2,real_cira,-1,0b_v2,2026-04-26,,
M6B_L0_00740,0,normal,A,200,0.0,1,real_cira,-1,0b_v2,2026-04-26,,
M6B_L0_00741,0,normal,A,200,0.0,0,real_cira,-1,0b_v2,2026-04-26,,
M6B_L0_00742,0,normal,A,200,0.0,0,real_cira,-1,0b_v2,2026-04-26,,
M6B_L0_00743,0,normal,A,200,0.0,2,real_cira,-1,0b_v2,2026-04-26,,
M6B_L0_00744,0,normal,A,200,0.0,2,real_cira,-1,0b_v2,2026-04-26,,
M6B_L0_00745,0,normal,A,200,0.0,0,real_cira,-1,0b_v2,2026-04-26,,
M6B_L0_00746,0,normal,A,200,0.0,0,real_cira,-1,0b_v2,2026-04-26,,
M6B_L0_00747,0,normal,A,200,0.0,0,real_cira,-1,0b_v2,2026-04-26,,
M6B_L0_00748,0,normal,A,200,0.0,3,real_cira,-1,0b_v2,2026-04-26,,
M6B_L0_00749,0,normal,A,200,0.0,0,real_cira,-1,0b_v2,2026-04-26,,
M6B_L0_00750,0,normal,A,200,0.0,0,real_cira,-1,0b_v2,2026-04-26,,
M6B_L0_00751,0,normal,A,200,0.0,2,real_cira,-1,0b_v2,2026-04-26,,
M6B_L0_00752,0,normal,A,200,0.0,2,real_cira,-1,0b_v2,2026-04-26,,
M6B_L0_00753,0,normal,A,200,0.0,0,real_cira,-1,0b_v2,2026-04-26,,
M6B_L0_00754,0,normal,A,200,0.0,0,real_cira,-1,0b_v2,2026-04-26,,
M6B_L0_00755,0,normal,A,200,0.0,0,real_cira,-1,0b_v2,2026-04-26,,
M6B_L0_00756,0,normal,A,200,0.0,0,real_cira,-1,0b_v2,2026-04-26,,
M6B_L0_00757,0,normal,A,200,0.0,0,real_cira,-1,0b_v2,2026-04-26,,
M6B_L0_00758,0,normal,A,200,0.0,1,real_cira,-1,0b_v2,2026-04-26,,
M6B_L0_00759,0,normal,A,200,0.0,0,real_cira,-1,0b_v2,2026-04-26,,
M6B_L0_00760,0,normal,A,200,0.0,3,real_cira,-1,0b_v2,2026-04-26,,
M6B_L0_00761,0,normal,A,200,0.0,0,real_cira,-1,0b_v2,2026-04-26,,
M6B_L0_00762,0,normal,A,200,0.0,0,real_cira,-1,0b_v2,2026-04-26,,
M6B_L0_00763,0,normal,A,200,0.0,2,real_cira,-1,0b_v2,2026-04-26,,
M6B_L0_00764,0,normal,A,200,0.0,3,real_cira,-1,0b_v2,2026-04-26,,
M6B_L0_00765,0,normal,A,200,0.0,2,real_cira,-1,0b_v2,2026-04-26,,
M6B_L0_00766,0,normal,A,200,0.0,0,real_cira,-1,0b_v2,2026-04-26,,
M6B_L0_00767,0,normal,A,200,0.0,3,real_cira,-1,0b_v2,2026-04-26,,
M6B_L0_00768,0,normal,A,200,0.0,2,real_cira,-1,0b_v2,2026-04-26,,
M6B_L0_00769,0,normal,A,200,0.0,0,real_cira,-1,0b_v2,2026-04-26,,
M6B_L0_00770,0,normal,A,200,0.0,0,real_cira,-1,0b_v2,2026-04-26,,
M6B_L0_00771,0,normal,A,200,0.0,0,real_cira,-1,0b_v2,2026-04-26,,
M6B_L0_00772,0,normal,A,200,0.0,0,real_cira,-1,0b_v2,2026-04-26,,
M6B_L0_00773,0,normal,A,200,0.0,3,real_cira,-1,0b_v2,2026-04-26,,
M6B_L0_00774,0,normal,A,200,0.0,0,real_cira,-1,0b_v2,2026-04-26,,
M6B_L0_00775,0,normal,A,200,0.0,0,real_cira,-1,0b_v2,2026-04-26,,
M6B_L0_00776,0,normal,A,200,0.0,0,real_cira,-1,0b_v2,2026-04-26,,
M6B_L0_00777,0,normal,A,200,0.0,0,real_cira,-1,0b_v2,2026-04-26,,
M6B_L0_00778,0,normal,A,200,0.0,2,real_cira,-1,0b_v2,2026-04-26,,
M6B_L0_00779,0,normal,A,200,0.0,3,real_cira,-1,0b_v2,2026-04-26,,
M6B_L0_00780,0,normal,A,200,0.0,0,real_cira,-1,0b_v2,2026-04-26,,
M6B_L0_00781,0,normal,A,200,0.0,2,real_cira,-1,0b_v2,2026-04-26,,
M6B_L0_00782,0,normal,A,200,0.0,0,real_cira,-1,0b_v2,2026-04-26,,
M6B_L0_00783,0,normal,A,200,0.0,0,real_cira,-1,0b_v2,2026-04-26,,
M6B_L0_00784,0,normal,A,200,0.0,3,real_cira,-1,0b_v2,2026-04-26,,
M6B_L0_00785,0,normal,A,200,0.0,3,real_cira,-1,0b_v2,2026-04-26,,
M6B_L0_00786,0,normal,A,200,0.0,0,real_cira,-1,0b_v2,2026-04-26,,
M6B_L0_00787,0,normal,A,200,0.0,0,real_cira,-1,0b_v2,2026-04-26,,
M6B_L0_00788,0,normal,A,200,0.0,1,real_cira,-1,0b_v2,2026-04-26,,
M6B_L0_00789,0,normal,A,200,0.0,0,real_cira,-1,0b_v2,2026-04-26,,
M6B_L0_00790,0,normal,A,200,0.0,0,real_cira,-1,0b_v2,2026-04-26,,
M6B_L0_00791,0,normal,A,200,0.0,1,real_cira,-1,0b_v2,2026-04-26,,
M6B_L0_00792,0,normal,A,200,0.0,2,real_cira,-1,0b_v2,2026-04-26,,
M6B_L0_00793,0,normal,A,200,0.0,2,real_cira,-1,0b_v2,2026-04-26,,
M6B_L0_00794,0,normal,A,200,0.0,0,real_cira,-1,0b_v2,2026-04-26,,
M6B_L0_00795,0,normal,A,200,0.0,0,real_cira,-1,0b_v2,2026-04-26,,
M6B_L0_00796,0,normal,A,200,0.0,1,real_cira,-1,0b_v2,2026-04-26,,
M6B_L0_00797,0,normal,A,200,0.0,0,real_cira,-1,0b_v2,2026-04-26,,
M6B_L0_00798,0,normal,A,200,0.0,0,real_cira,-1,0b_v2,2026-04-26,,
M6B_L0_00799,0,normal,A,200,0.0,0,real_cira,-1,0b_v2,2026-04-26,,
M6B_L0_00800,0,normal,A,200,0.0,0,real_cira,-1,0b_v2,2026-04-26,,
M6B_L0_00801,0,normal,A,200,0.0,0,real_cira,-1,0b_v2,2026-04-26,,
M6B_L0_00802,0,normal,A,200,0.0,0,real_cira,-1,0b_v2,2026-04-26,,
M6B_L0_00803,0,normal,A,200,0.0,0,real_cira,-1,0b_v2,2026-04-26,,
M6B_L0_00804,0,normal,A,200,0.0,1,real_cira,-1,0b_v2,2026-04-26,,
M6B_L0_00805,0,normal,A,200,0.0,0,real_cira,-1,0b_v2,2026-04-26,,
M6B_L0_00806,0,normal,A,200,0.0,0,real_cira,-1,0b_v2,2026-04-26,,
M6B_L0_00807,0,normal,A,200,0.0,0,real_cira,-1,0b_v2,2026-04-26,,
M6B_L0_00808,0,normal,A,200,0.0,3,real_cira,-1,0b_v2,2026-04-26,,
M6B_L0_00809,0,normal,A,200,0.0,0,real_cira,-1,0b_v2,2026-04-26,,
M6B_L0_00810,0,normal,A,200,0.0,1,real_cira,-1,0b_v2,2026-04-26,,
M6B_L0_00811,0,normal,A,200,0.0,0,real_cira,-1,0b_v2,2026-04-26,,
M6B_L0_00812,0,normal,A,200,0.0,2,real_cira,-1,0b_v2,2026-04-26,,
M6B_L0_00813,0,normal,A,200,0.0,0,real_cira,-1,0b_v2,2026-04-26,,
M6B_L0_00814,0,normal,A,200,0.0,0,real_cira,-1,0b_v2,2026-04-26,,
M6B_L0_00815,0,normal,A,200,0.0,0,real_cira,-1,0b_v2,2026-04-26,,
M6B_L0_00816,0,normal,A,200,0.0,0,real_cira,-1,0b_v2,2026-04-26,,
M6B_L0_00817,0,normal,A,200,0.0,0,real_cira,-1,0b_v2,2026-04-26,,
M6B_L0_00818,0,normal,A,200,0.0,2,real_cira,-1,0b_v2,2026-04-26,,
M6B_L0_00819,0,normal,A,200,0.0,1,real_cira,-1,0b_v2,2026-04-26,,
M6B_L0_00820,0,normal,A,200,0.0,0,real_cira,-1,0b_v2,2026-04-26,,
M6B_L0_00821,0,normal,A,200,0.0,0,real_cira,-1,0b_v2,2026-04-26,,
M6B_L0_00822,0,normal,A,200,0.0,2,real_cira,-1,0b_v2,2026-04-26,,
M6B_L0_00823,0,normal,A,200,0.0,2,real_cira,-1,0b_v2,2026-04-26,,
M6B_L0_00824,0,normal,A,200,0.0,2,real_cira,-1,0b_v2,2026-04-26,,
M6B_L0_00825,0,normal,A,200,0.0,0,real_cira,-1,0b_v2,2026-04-26,,
M6B_L0_00826,0,normal,A,200,0.0,0,real_cira,-1,0b_v2,2026-04-26,,
M6B_L0_00827,0,normal,A,200,0.0,0,real_cira,-1,0b_v2,2026-04-26,,
M6B_L0_00828,0,normal,A,200,0.0,0,real_cira,-1,0b_v2,2026-04-26,,
M6B_L0_00829,0,normal,A,200,0.0,0,real_cira,-1,0b_v2,2026-04-26,,
M6B_L0_00830,0,normal,A,200,0.0,0,real_cira,-1,0b_v2,2026-04-26,,
M6B_L0_00831,0,normal,A,200,0.0,2,real_cira,-1,0b_v2,2026-04-26,,
M6B_L0_00832,0,normal,A,200,0.0,0,real_cira,-1,0b_v2,2026-04-26,,
M6B_L0_00833,0,normal,A,200,0.0,2,real_cira,-1,0b_v2,2026-04-26,,
M6B_L0_00834,0,normal,A,200,0.0,0,real_cira,-1,0b_v2,2026-04-26,,
M6B_L0_00835,0,normal,A,200,0.0,0,real_cira,-1,0b_v2,2026-04-26,,
M6B_L0_00836,0,normal,A,200,0.0,2,real_cira,-1,0b_v2,2026-04-26,,
M6B_L0_00837,0,normal,A,200,0.0,0,real_cira,-1,0b_v2,2026-04-26,,
M6B_L0_00838,0,normal,A,200,0.0,0,real_cira,-1,0b_v2,2026-04-26,,
M6B_L0_00839,0,normal,A,200,0.0,0,real_cira,-1,0b_v2,2026-04-26,,
M6B_L0_00840,0,normal,A,200,0.0,1,real_cira,-1,0b_v2,2026-04-26,,
M6B_L0_00841,0,normal,A,200,0.0,3,real_cira,-1,0b_v2,2026-04-26,,
M6B_L0_00842,0,normal,A,200,0.0,1,real_cira,-1,0b_v2,2026-04-26,,
M6B_L0_00843,0,normal,A,200,0.0,2,real_cira,-1,0b_v2,2026-04-26,,
M6B_L0_00844,0,normal,A,200,0.0,0,real_cira,-1,0b_v2,2026-04-26,,
M6B_L0_00845,0,normal,A,200,0.0,0,real_cira,-1,0b_v2,2026-04-26,,
M6B_L0_00846,0,normal,A,200,0.0,0,real_cira,-1,0b_v2,2026-04-26,,
M6B_L0_00847,0,normal,A,200,0.0,0,real_cira,-1,0b_v2,2026-04-26,,
M6B_L0_00848,0,normal,A,200,0.0,0,real_cira,-1,0b_v2,2026-04-26,,
M6B_L0_00849,0,normal,A,200,0.0,1,real_cira,-1,0b_v2,2026-04-26,,
M6B_L0_00850,0,normal,A,200,0.0,3,real_cira,-1,0b_v2,2026-04-26,,
M6B_L0_00851,0,normal,A,200,0.0,0,real_cira,-1,0b_v2,2026-04-26,,
M6B_L0_00852,0,normal,A,200,0.0,2,real_cira,-1,0b_v2,2026-04-26,,
M6B_L0_00853,0,normal,A,200,0.0,1,real_cira,-1,0b_v2,2026-04-26,,
M6B_L0_00854,0,normal,A,200,0.0,2,real_cira,-1,0b_v2,2026-04-26,,
M6B_L0_00855,0,normal,A,200,0.0,0,real_cira,-1,0b_v2,2026-04-26,,
M6B_L0_00856,0,normal,A,200,0.0,2,real_cira,-1,0b_v2,2026-04-26,,
M6B_L0_00857,0,normal,A,200,0.0,0,real_cira,-1,0b_v2,2026-04-26,,
M6B_L0_00858,0,normal,A,200,0.0,0,real_cira,-1,0b_v2,2026-04-26,,
M6B_L0_00859,0,normal,A,200,0.0,0,real_cira,-1,0b_v2,2026-04-26,,
M6B_L0_00860,0,normal,A,200,0.0,0,real_cira,-1,0b_v2,2026-04-26,,
M6B_L0_00861,0,normal,A,200,0.0,0,real_cira,-1,0b_v2,2026-04-26,,
M6B_L0_00862,0,normal,A,200,0.0,0,real_cira,-1,0b_v2,2026-04-26,,
M6B_L0_00863,0,normal,A,200,0.0,0,real_cira,-1,0b_v2,2026-04-26,,
M6B_L0_00864,0,normal,A,200,0.0,2,real_cira,-1,0b_v2,2026-04-26,,
M6B_L0_00865,0,normal,A,200,0.0,0,real_cira,-1,0b_v2,2026-04-26,,
M6B_L0_00866,0,normal,A,200,0.0,0,real_cira,-1,0b_v2,2026-04-26,,
M6B_L0_00867,0,normal,A,200,0.0,3,real_cira,-1,0b_v2,2026-04-26,,
M6B_L0_00868,0,normal,A,200,0.0,2,real_cira,-1,0b_v2,2026-04-26,,
M6B_L0_00869,0,normal,A,200,0.0,2,real_cira,-1,0b_v2,2026-04-26,,
M6B_L0_00870,0,normal,A,200,0.0,2,real_cira,-1,0b_v2,2026-04-26,,
M6B_L0_00871,0,normal,A,200,0.0,0,real_cira,-1,0b_v2,2026-04-26,,
M6B_L0_00872,0,normal,A,200,0.0,0,real_cira,-1,0b_v2,2026-04-26,,
M6B_L0_00873,0,normal,A,200,0.0,3,real_cira,-1,0b_v2,2026-04-26,,
M6B_L0_00874,0,normal,A,200,0.0,0,real_cira,-1,0b_v2,2026-04-26,,
M6B_L0_00875,0,normal,A,200,0.0,0,real_cira,-1,0b_v2,2026-04-26,,
M6B_L0_00876,0,normal,A,200,0.0,2,real_cira,-1,0b_v2,2026-04-26,,
M6B_L0_00877,0,normal,A,200,0.0,0,real_cira,-1,0b_v2,2026-04-26,,
M6B_L0_00878,0,normal,A,200,0.0,0,real_cira,-1,0b_v2,2026-04-26,,
M6B_L0_00879,0,normal,A,200,0.0,0,real_cira,-1,0b_v2,2026-04-26,,
M6B_L0_00880,0,normal,A,200,0.0,0,real_cira,-1,0b_v2,2026-04-26,,
M6B_L0_00881,0,normal,A,200,0.0,3,real_cira,-1,0b_v2,2026-04-26,,
M6B_L0_00882,0,normal,A,200,0.0,0,real_cira,-1,0b_v2,2026-04-26,,
M6B_L0_00883,0,normal,A,200,0.0,0,real_cira,-1,0b_v2,2026-04-26,,
M6B_L0_00884,0,normal,A,200,0.0,0,real_cira,-1,0b_v2,2026-04-26,,
M6B_L0_00885,0,normal,A,200,0.0,3,real_cira,-1,0b_v2,2026-04-26,,
M6B_L0_00886,0,normal,A,200,0.0,0,real_cira,-1,0b_v2,2026-04-26,,
M6B_L0_00887,0,normal,A,200,0.0,3,real_cira,-1,0b_v2,2026-04-26,,
M6B_L0_00888,0,normal,A,200,0.0,0,real_cira,-1,0b_v2,2026-04-26,,
M6B_L0_00889,0,normal,A,200,0.0,2,real_cira,-1,0b_v2,2026-04-26,,
M6B_L0_00890,0,normal,A,200,0.0,0,real_cira,-1,0b_v2,2026-04-26,,
M6B_L0_00891,0,normal,A,200,0.0,0,real_cira,-1,0b_v2,2026-04-26,,
M6B_L0_00892,0,normal,A,200,0.0,0,real_cira,-1,0b_v2,2026-04-26,,
M6B_L0_00893,0,normal,A,200,0.0,3,real_cira,-1,0b_v2,2026-04-26,,
M6B_L0_00894,0,normal,A,200,0.0,0,real_cira,-1,0b_v2,2026-04-26,,
M6B_L0_00895,0,normal,A,200,0.0,2,real_cira,-1,0b_v2,2026-04-26,,
M6B_L0_00896,0,normal,A,200,0.0,2,real_cira,-1,0b_v2,2026-04-26,,
M6B_L0_00897,0,normal,A,200,0.0,0,real_cira,-1,0b_v2,2026-04-26,,
M6B_L0_00898,0,normal,A,200,0.0,0,real_cira,-1,0b_v2,2026-04-26,,
M6B_L0_00899,0,normal,A,200,0.0,0,real_cira,-1,0b_v2,2026-04-26,,
M6B_L0_00900,0,normal,A,200,0.0,0,real_cira,-1,0b_v2,2026-04-26,,
M6B_L0_00901,0,normal,A,200,0.0,0,real_cira,-1,0b_v2,2026-04-26,,
M6B_L0_00902,0,normal,A,200,0.0,3,real_cira,-1,0b_v2,2026-04-26,,
M6B_L0_00903,0,normal,A,200,0.0,2,real_cira,-1,0b_v2,2026-04-26,,
M6B_L0_00904,0,normal,A,200,0.0,0,real_cira,-1,0b_v2,2026-04-26,,
M6B_L0_00905,0,normal,A,200,0.0,2,real_cira,-1,0b_v2,2026-04-26,,
M6B_L0_00906,0,normal,A,200,0.0,2,real_cira,-1,0b_v2,2026-04-26,,
M6B_L0_00907,0,normal,A,200,0.0,0,real_cira,-1,0b_v2,2026-04-26,,
M6B_L0_00908,0,normal,A,200,0.0,0,real_cira,-1,0b_v2,2026-04-26,,
M6B_L0_00909,0,normal,A,200,0.0,2,real_cira,-1,0b_v2,2026-04-26,,
M6B_L0_00910,0,normal,A,200,0.0,0,real_cira,-1,0b_v2,2026-04-26,,
M6B_L0_00911,0,normal,A,200,0.0,2,real_cira,-1,0b_v2,2026-04-26,,
M6B_L0_00912,0,normal,A,200,0.0,0,real_cira,-1,0b_v2,2026-04-26,,
M6B_L0_00913,0,normal,A,200,0.0,0,real_cira,-1,0b_v2,2026-04-26,,
M6B_L0_00914,0,normal,A,200,0.0,0,real_cira,-1,0b_v2,2026-04-26,,
M6B_L0_00915,0,normal,A,200,0.0,0,real_cira,-1,0b_v2,2026-04-26,,
M6B_L0_00916,0,normal,A,200,0.0,1,real_cira,-1,0b_v2,2026-04-26,,
M6B_L0_00917,0,normal,A,200,0.0,0,real_cira,-1,0b_v2,2026-04-26,,
M6B_L0_00918,0,normal,A,200,0.0,1,real_cira,-1,0b_v2,2026-04-26,,
M6B_L0_00919,0,normal,A,200,0.0,0,real_cira,-1,0b_v2,2026-04-26,,
M6B_L0_00920,0,normal,A,200,0.0,3,real_cira,-1,0b_v2,2026-04-26,,
M6B_L0_00921,0,normal,A,200,0.0,0,real_cira,-1,0b_v2,2026-04-26,,
M6B_L0_00922,0,normal,A,200,0.0,0,real_cira,-1,0b_v2,2026-04-26,,
M6B_L0_00923,0,normal,A,200,0.0,3,real_cira,-1,0b_v2,2026-04-26,,
M6B_L0_00924,0,normal,A,200,0.0,3,real_cira,-1,0b_v2,2026-04-26,,
M6B_L0_00925,0,normal,A,200,0.0,0,real_cira,-1,0b_v2,2026-04-26,,
M6B_L0_00926,0,normal,A,200,0.0,1,real_cira,-1,0b_v2,2026-04-26,,
M6B_L0_00927,0,normal,A,200,0.0,0,real_cira,-1,0b_v2,2026-04-26,,
M6B_L0_00928,0,normal,A,200,0.0,2,real_cira,-1,0b_v2,2026-04-26,,
M6B_L0_00929,0,normal,A,200,0.0,2,real_cira,-1,0b_v2,2026-04-26,,
M6B_L0_00930,0,normal,A,200,0.0,0,real_cira,-1,0b_v2,2026-04-26,,
M6B_L0_00931,0,normal,A,200,0.0,0,real_cira,-1,0b_v2,2026-04-26,,
M6B_L0_00932,0,normal,A,200,0.0,1,real_cira,-1,0b_v2,2026-04-26,,
M6B_L0_00933,0,normal,A,200,0.0,0,real_cira,-1,0b_v2,2026-04-26,,
M6B_L0_00934,0,normal,A,200,0.0,3,real_cira,-1,0b_v2,2026-04-26,,
M6B_L0_00935,0,normal,A,200,0.0,0,real_cira,-1,0b_v2,2026-04-26,,
M6B_L0_00936,0,normal,A,200,0.0,0,real_cira,-1,0b_v2,2026-04-26,,
M6B_L0_00937,0,normal,A,200,0.0,3,real_cira,-1,0b_v2,2026-04-26,,
M6B_L0_00938,0,normal,A,200,0.0,0,real_cira,-1,0b_v2,2026-04-26,,
M6B_L0_00939,0,normal,A,200,0.0,0,real_cira,-1,0b_v2,2026-04-26,,
M6B_L0_00940,0,normal,A,200,0.0,3,real_cira,-1,0b_v2,2026-04-26,,
M6B_L0_00941,0,normal,A,200,0.0,3,real_cira,-1,0b_v2,2026-04-26,,
M6B_L0_00942,0,normal,A,200,0.0,2,real_cira,-1,0b_v2,2026-04-26,,
M6B_L0_00943,0,normal,A,200,0.0,0,real_cira,-1,0b_v2,2026-04-26,,
M6B_L0_00944,0,normal,A,200,0.0,0,real_cira,-1,0b_v2,2026-04-26,,
M6B_L0_00945,0,normal,A,200,0.0,0,real_cira,-1,0b_v2,2026-04-26,,
M6B_L0_00946,0,normal,A,200,0.0,3,real_cira,-1,0b_v2,2026-04-26,,
M6B_L0_00947,0,normal,A,200,0.0,0,real_cira,-1,0b_v2,2026-04-26,,
M6B_L0_00948,0,normal,A,200,0.0,3,real_cira,-1,0b_v2,2026-04-26,,
M6B_L0_00949,0,normal,A,200,0.0,0,real_cira,-1,0b_v2,2026-04-26,,
M6B_L0_00950,0,normal,A,200,0.0,3,real_cira,-1,0b_v2,2026-04-26,,
M6B_L0_00951,0,normal,A,200,0.0,2,real_cira,-1,0b_v2,2026-04-26,,
M6B_L0_00952,0,normal,A,200,0.0,1,real_cira,-1,0b_v2,2026-04-26,,
M6B_L0_00953,0,normal,A,200,0.0,0,real_cira,-1,0b_v2,2026-04-26,,
M6B_L0_00954,0,normal,A,200,0.0,0,real_cira,-1,0b_v2,2026-04-26,,
M6B_L0_00955,0,normal,A,200,0.0,2,real_cira,-1,0b_v2,2026-04-26,,
M6B_L0_00956,0,normal,A,200,0.0,0,real_cira,-1,0b_v2,2026-04-26,,
M6B_L0_00957,0,normal,A,200,0.0,3,real_cira,-1,0b_v2,2026-04-26,,
M6B_L0_00958,0,normal,A,200,0.0,3,real_cira,-1,0b_v2,2026-04-26,,
M6B_L0_00959,0,normal,A,200,0.0,3,real_cira,-1,0b_v2,2026-04-26,,
M6B_L0_00960,0,normal,A,200,0.0,1,real_cira,-1,0b_v2,2026-04-26,,
M6B_L0_00961,0,normal,A,200,0.0,0,real_cira,-1,0b_v2,2026-04-26,,
M6B_L0_00962,0,normal,A,200,0.0,3,real_cira,-1,0b_v2,2026-04-26,,
M6B_L0_00963,0,normal,A,200,0.0,3,real_cira,-1,0b_v2,2026-04-26,,
M6B_L0_00964,0,normal,A,200,0.0,0,real_cira,-1,0b_v2,2026-04-26,,
M6B_L0_00965,0,normal,A,200,0.0,1,real_cira,-1,0b_v2,2026-04-26,,
M6B_L0_00966,0,normal,A,200,0.0,0,real_cira,-1,0b_v2,2026-04-26,,
M6B_L0_00967,0,normal,A,200,0.0,3,real_cira,-1,0b_v2,2026-04-26,,
M6B_L0_00968,0,normal,A,200,0.0,2,real_cira,-1,0b_v2,2026-04-26,,
M6B_L0_00969,0,normal,A,200,0.0,0,real_cira,-1,0b_v2,2026-04-26,,
M6B_L0_00970,0,normal,A,200,0.0,0,real_cira,-1,0b_v2,2026-04-26,,
M6B_L0_00971,0,normal,A,200,0.0,2,real_cira,-1,0b_v2,2026-04-26,,
M6B_L0_00972,0,normal,A,200,0.0,0,real_cira,-1,0b_v2,2026-04-26,,
M6B_L0_00973,0,normal,A,200,0.0,3,real_cira,-1,0b_v2,2026-04-26,,
M6B_L0_00974,0,normal,A,200,0.0,1,real_cira,-1,0b_v2,2026-04-26,,
M6B_L0_00975,0,normal,A,200,0.0,0,real_cira,-1,0b_v2,2026-04-26,,
M6B_L0_00976,0,normal,A,200,0.0,0,real_cira,-1,0b_v2,2026-04-26,,
M6B_L0_00977,0,normal,A,200,0.0,0,real_cira,-1,0b_v2,2026-04-26,,
M6B_L0_00978,0,normal,A,200,0.0,3,real_cira,-1,0b_v2,2026-04-26,,
M6B_L0_00979,0,normal,A,200,0.0,3,real_cira,-1,0b_v2,2026-04-26,,
M6B_L0_00980,0,normal,A,200,0.0,0,real_cira,-1,0b_v2,2026-04-26,,
M6B_L0_00981,0,normal,A,200,0.0,2,real_cira,-1,0b_v2,2026-04-26,,
M6B_L0_00982,0,normal,A,200,0.0,2,real_cira,-1,0b_v2,2026-04-26,,
M6B_L0_00983,0,normal,A,200,0.0,0,real_cira,-1,0b_v2,2026-04-26,,
M6B_L0_00984,0,normal,A,200,0.0,1,real_cira,-1,0b_v2,2026-04-26,,
M6B_L0_00985,0,normal,A,200,0.0,2,real_cira,-1,0b_v2,2026-04-26,,
M6B_L0_00986,0,normal,A,200,0.0,0,real_cira,-1,0b_v2,2026-04-26,,
M6B_L0_00987,0,normal,A,200,0.0,0,real_cira,-1,0b_v2,2026-04-26,,
M6B_L0_00988,0,normal,A,200,0.0,0,real_cira,-1,0b_v2,2026-04-26,,
M6B_L0_00989,0,normal,A,200,0.0,0,real_cira,-1,0b_v2,2026-04-26,,
M6B_L0_00990,0,normal,A,200,0.0,0,real_cira,-1,0b_v2,2026-04-26,,
M6B_L0_00991,0,normal,A,200,0.0,2,real_cira,-1,0b_v2,2026-04-26,,
M6B_L0_00992,0,normal,A,200,0.0,0,real_cira,-1,0b_v2,2026-04-26,,
M6B_L0_00993,0,normal,A,200,0.0,0,real_cira,-1,0b_v2,2026-04-26,,
M6B_L0_00994,0,normal,A,200,0.0,0,real_cira,-1,0b_v2,2026-04-26,,
M6B_L0_00995,0,normal,A,200,0.0,3,real_cira,-1,0b_v2,2026-04-26,,
M6B_L0_00996,0,normal,A,200,0.0,0,real_cira,-1,0b_v2,2026-04-26,,
M6B_L0_00997,0,normal,A,200,0.0,3,real_cira,-1,0b_v2,2026-04-26,,
M6B_L0_00998,0,normal,A,200,0.0,0,real_cira,-1,0b_v2,2026-04-26,,
M6B_L0_00999,0,normal,A,200,0.0,3,real_cira,-1,0b_v2,2026-04-26,,
M6B_L0_01000,0,normal,A,200,0.0,0,real_cira,-1,0b_v2,2026-04-26,,
M6B_L0_01001,0,normal,A,200,0.0,0,real_cira,-1,0b_v2,2026-04-26,,
M6B_L0_01002,0,normal,A,200,0.0,3,real_cira,-1,0b_v2,2026-04-26,,
M6B_L0_01003,0,normal,A,200,0.0,3,real_cira,-1,0b_v2,2026-04-26,,
M6B_L0_01004,0,normal,A,200,0.0,0,real_cira,-1,0b_v2,2026-04-26,,
M6B_L0_01005,0,normal,A,200,0.0,0,real_cira,-1,0b_v2,2026-04-26,,
M6B_L0_01006,0,normal,A,200,0.0,0,real_cira,-1,0b_v2,2026-04-26,,
M6B_L0_01007,0,normal,A,200,0.0,0,real_cira,-1,0b_v2,2026-04-26,,
M6B_L0_01008,0,normal,A,200,0.0,3,real_cira,-1,0b_v2,2026-04-26,,
M6B_L0_01009,0,normal,A,200,0.0,0,real_cira,-1,0b_v2,2026-04-26,,
M6B_L0_01010,0,normal,A,200,0.0,0,real_cira,-1,0b_v2,2026-04-26,,
M6B_L0_01011,0,normal,A,200,0.0,1,real_cira,-1,0b_v2,2026-04-26,,
M6B_L0_01012,0,normal,A,200,0.0,0,real_cira,-1,0b_v2,2026-04-26,,
M6B_L0_01013,0,normal,A,200,0.0,2,real_cira,-1,0b_v2,2026-04-26,,
M6B_L0_01014,0,normal,A,200,0.0,2,real_cira,-1,0b_v2,2026-04-26,,
M6B_L0_01015,0,normal,A,200,0.0,0,real_cira,-1,0b_v2,2026-04-26,,
M6B_L0_01016,0,normal,A,200,0.0,3,real_cira,-1,0b_v2,2026-04-26,,
M6B_L0_01017,0,normal,A,200,0.0,0,real_cira,-1,0b_v2,2026-04-26,,
M6B_L0_01018,0,normal,A,200,0.0,1,real_cira,-1,0b_v2,2026-04-26,,
M6B_L0_01019,0,normal,A,200,0.0,3,real_cira,-1,0b_v2,2026-04-26,,
M6B_L0_01020,0,normal,A,200,0.0,2,real_cira,-1,0b_v2,2026-04-26,,
M6B_L0_01021,0,normal,A,200,0.0,3,real_cira,-1,0b_v2,2026-04-26,,
M6B_L0_01022,0,normal,A,200,0.0,3,real_cira,-1,0b_v2,2026-04-26,,
M6B_L0_01023,0,normal,A,200,0.0,3,real_cira,-1,0b_v2,2026-04-26,,
M6B_L0_01024,0,normal,A,200,0.0,0,real_cira,-1,0b_v2,2026-04-26,,
M6B_L0_01025,0,normal,A,200,0.0,0,real_cira,-1,0b_v2,2026-04-26,,
M6B_L0_01026,0,normal,A,200,0.0,2,real_cira,-1,0b_v2,2026-04-26,,
M6B_L0_01027,0,normal,A,200,0.0,0,real_cira,-1,0b_v2,2026-04-26,,
M6B_L0_01028,0,normal,A,200,0.0,2,real_cira,-1,0b_v2,2026-04-26,,
M6B_L0_01029,0,normal,A,200,0.0,0,real_cira,-1,0b_v2,2026-04-26,,
M6B_L0_01030,0,normal,A,200,0.0,2,real_cira,-1,0b_v2,2026-04-26,,
M6B_L0_01031,0,normal,A,200,0.0,0,real_cira,-1,0b_v2,2026-04-26,,
M6B_L0_01032,0,normal,A,200,0.0,3,real_cira,-1,0b_v2,2026-04-26,,
M6B_L0_01033,0,normal,A,200,0.0,0,real_cira,-1,0b_v2,2026-04-26,,
M6B_L0_01034,0,normal,A,200,0.0,0,real_cira,-1,0b_v2,2026-04-26,,
M6B_L0_01035,0,normal,A,200,0.0,0,real_cira,-1,0b_v2,2026-04-26,,
M6B_L0_01036,0,normal,A,200,0.0,0,real_cira,-1,0b_v2,2026-04-26,,
M6B_L0_01037,0,normal,A,200,0.0,0,real_cira,-1,0b_v2,2026-04-26,,
M6B_L0_01038,0,normal,A,200,0.0,2,real_cira,-1,0b_v2,2026-04-26,,
M6B_L0_01039,0,normal,A,200,0.0,0,real_cira,-1,0b_v2,2026-04-26,,
M6B_L0_01040,0,normal,A,200,0.0,0,real_cira,-1,0b_v2,2026-04-26,,
M6B_L0_01041,0,normal,A,200,0.0,2,real_cira,-1,0b_v2,2026-04-26,,
M6B_L0_01042,0,normal,A,200,0.0,0,real_cira,-1,0b_v2,2026-04-26,,
M6B_L0_01043,0,normal,A,200,0.0,0,real_cira,-1,0b_v2,2026-04-26,,
M6B_L0_01044,0,normal,A,200,0.0,3,real_cira,-1,0b_v2,2026-04-26,,
M6B_L0_01045,0,normal,A,200,0.0,1,real_cira,-1,0b_v2,2026-04-26,,
M6B_L0_01046,0,normal,A,200,0.0,0,real_cira,-1,0b_v2,2026-04-26,,
M6B_L0_01047,0,normal,A,200,0.0,0,real_cira,-1,0b_v2,2026-04-26,,
M6B_L0_01048,0,normal,A,200,0.0,0,real_cira,-1,0b_v2,2026-04-26,,
M6B_L0_01049,0,normal,A,200,0.0,2,real_cira,-1,0b_v2,2026-04-26,,
M6B_L0_01050,0,normal,A,200,0.0,0,real_cira,-1,0b_v2,2026-04-26,,
M6B_L0_01051,0,normal,A,200,0.0,0,real_cira,-1,0b_v2,2026-04-26,,
M6B_L0_01052,0,normal,A,200,0.0,2,real_cira,-1,0b_v2,2026-04-26,,
M6B_L0_01053,0,normal,A,200,0.0,3,real_cira,-1,0b_v2,2026-04-26,,
M6B_L0_01054,0,normal,A,200,0.0,0,real_cira,-1,0b_v2,2026-04-26,,
M6B_L0_01055,0,normal,A,200,0.0,0,real_cira,-1,0b_v2,2026-04-26,,
M6B_L0_01056,0,normal,A,200,0.0,3,real_cira,-1,0b_v2,2026-04-26,,
M6B_L0_01057,0,normal,A,200,0.0,2,real_cira,-1,0b_v2,2026-04-26,,
M6B_L0_01058,0,normal,A,200,0.0,1,real_cira,-1,0b_v2,2026-04-26,,
M6B_L0_01059,0,normal,A,200,0.0,0,real_cira,-1,0b_v2,2026-04-26,,
M6B_L0_01060,0,normal,A,200,0.0,1,real_cira,-1,0b_v2,2026-04-26,,
M6B_L0_01061,0,normal,A,200,0.0,0,real_cira,-1,0b_v2,2026-04-26,,
M6B_L0_01062,0,normal,A,200,0.0,0,real_cira,-1,0b_v2,2026-04-26,,
M6B_L0_01063,0,normal,A,200,0.0,0,real_cira,-1,0b_v2,2026-04-26,,
M6B_L0_01064,0,normal,A,200,0.0,0,real_cira,-1,0b_v2,2026-04-26,,
M6B_L0_01065,0,normal,A,200,0.0,0,real_cira,-1,0b_v2,2026-04-26,,
M6B_L0_01066,0,normal,A,200,0.0,0,real_cira,-1,0b_v2,2026-04-26,,
M6B_L0_01067,0,normal,A,200,0.0,0,real_cira,-1,0b_v2,2026-04-26,,
M6B_L0_01068,0,normal,A,200,0.0,3,real_cira,-1,0b_v2,2026-04-26,,
M6B_L0_01069,0,normal,A,200,0.0,3,real_cira,-1,0b_v2,2026-04-26,,
M6B_L0_01070,0,normal,A,200,0.0,2,real_cira,-1,0b_v2,2026-04-26,,
M6B_L0_01071,0,normal,A,200,0.0,2,real_cira,-1,0b_v2,2026-04-26,,
M6B_L0_01072,0,normal,A,200,0.0,0,real_cira,-1,0b_v2,2026-04-26,,
M6B_L0_01073,0,normal,A,200,0.0,0,real_cira,-1,0b_v2,2026-04-26,,
M6B_L0_01074,0,normal,A,200,0.0,0,real_cira,-1,0b_v2,2026-04-26,,
M6B_L0_01075,0,normal,A,200,0.0,2,real_cira,-1,0b_v2,2026-04-26,,
M6B_L0_01076,0,normal,A,200,0.0,0,real_cira,-1,0b_v2,2026-04-26,,
M6B_L0_01077,0,normal,A,200,0.0,2,real_cira,-1,0b_v2,2026-04-26,,
M6B_L0_01078,0,normal,A,200,0.0,1,real_cira,-1,0b_v2,2026-04-26,,
M6B_L0_01079,0,normal,A,200,0.0,0,real_cira,-1,0b_v2,2026-04-26,,
M6B_L0_01080,0,normal,A,200,0.0,3,real_cira,-1,0b_v2,2026-04-26,,
M6B_L0_01081,0,normal,A,200,0.0,1,real_cira,-1,0b_v2,2026-04-26,,
M6B_L0_01082,0,normal,A,200,0.0,0,real_cira,-1,0b_v2,2026-04-26,,
M6B_L0_01083,0,normal,A,200,0.0,0,real_cira,-1,0b_v2,2026-04-26,,
M6B_L0_01084,0,normal,A,200,0.0,0,real_cira,-1,0b_v2,2026-04-26,,
M6B_L0_01085,0,normal,A,200,0.0,2,real_cira,-1,0b_v2,2026-04-26,,
M6B_L0_01086,0,normal,A,200,0.0,2,real_cira,-1,0b_v2,2026-04-26,,
M6B_L0_01087,0,normal,A,200,0.0,3,real_cira,-1,0b_v2,2026-04-26,,
M6B_L0_01088,0,normal,A,200,0.0,1,real_cira,-1,0b_v2,2026-04-26,,
M6B_L0_01089,0,normal,A,200,0.0,2,real_cira,-1,0b_v2,2026-04-26,,
M6B_L0_01090,0,normal,A,200,0.0,3,real_cira,-1,0b_v2,2026-04-26,,
M6B_L0_01091,0,normal,A,200,0.0,1,real_cira,-1,0b_v2,2026-04-26,,
M6B_L0_01092,0,normal,A,200,0.0,0,real_cira,-1,0b_v2,2026-04-26,,
M6B_L0_01093,0,normal,A,200,0.0,0,real_cira,-1,0b_v2,2026-04-26,,
M6B_L0_01094,0,normal,A,200,0.0,1,real_cira,-1,0b_v2,2026-04-26,,
M6B_L0_01095,0,normal,A,200,0.0,0,real_cira,-1,0b_v2,2026-04-26,,
M6B_L0_01096,0,normal,A,200,0.0,3,real_cira,-1,0b_v2,2026-04-26,,
M6B_L0_01097,0,normal,A,200,0.0,2,real_cira,-1,0b_v2,2026-04-26,,
M6B_L0_01098,0,normal,A,200,0.0,0,real_cira,-1,0b_v2,2026-04-26,,
M6B_L0_01099,0,normal,A,200,0.0,3,real_cira,-1,0b_v2,2026-04-26,,
M6B_L0_01100,0,normal,A,200,0.0,0,real_cira,-1,0b_v2,2026-04-26,,
M6B_L0_01101,0,normal,A,200,0.0,0,real_cira,-1,0b_v2,2026-04-26,,
M6B_L0_01102,0,normal,A,200,0.0,2,real_cira,-1,0b_v2,2026-04-26,,
M6B_L0_01103,0,normal,A,200,0.0,0,real_cira,-1,0b_v2,2026-04-26,,
M6B_L0_01104,0,normal,A,200,0.0,0,real_cira,-1,0b_v2,2026-04-26,,
M6B_L0_01105,0,normal,A,200,0.0,0,real_cira,-1,0b_v2,2026-04-26,,
M6B_L0_01106,0,normal,A,200,0.0,0,real_cira,-1,0b_v2,2026-04-26,,
M6B_L0_01107,0,normal,A,200,0.0,0,real_cira,-1,0b_v2,2026-04-26,,
M6B_L0_01108,0,normal,A,200,0.0,0,real_cira,-1,0b_v2,2026-04-26,,
M6B_L0_01109,0,normal,A,200,0.0,0,real_cira,-1,0b_v2,2026-04-26,,
M6B_L0_01110,0,normal,A,200,0.0,3,real_cira,-1,0b_v2,2026-04-26,,
M6B_L0_01111,0,normal,A,200,0.0,0,real_cira,-1,0b_v2,2026-04-26,,
M6B_L0_01112,0,normal,A,200,0.0,0,real_cira,-1,0b_v2,2026-04-26,,
M6B_L0_01113,0,normal,A,200,0.0,0,real_cira,-1,0b_v2,2026-04-26,,
M6B_L0_01114,0,normal,A,200,0.0,0,real_cira,-1,0b_v2,2026-04-26,,
M6B_L0_01115,0,normal,A,200,0.0,2,real_cira,-1,0b_v2,2026-04-26,,
M6B_L0_01116,0,normal,A,200,0.0,2,real_cira,-1,0b_v2,2026-04-26,,
M6B_L0_01117,0,normal,A,200,0.0,0,real_cira,-1,0b_v2,2026-04-26,,
M6B_L0_01118,0,normal,A,200,0.0,2,real_cira,-1,0b_v2,2026-04-26,,
M6B_L0_01119,0,normal,A,200,0.0,0,real_cira,-1,0b_v2,2026-04-26,,
M6B_L0_01120,0,normal,A,200,0.0,0,real_cira,-1,0b_v2,2026-04-26,,
M6B_L0_01121,0,normal,A,200,0.0,0,real_cira,-1,0b_v2,2026-04-26,,
M6B_L0_01122,0,normal,A,200,0.0,2,real_cira,-1,0b_v2,2026-04-26,,
M6B_L0_01123,0,normal,A,200,0.0,2,real_cira,-1,0b_v2,2026-04-26,,
M6B_L0_01124,0,normal,A,200,0.0,3,real_cira,-1,0b_v2,2026-04-26,,
M6B_L0_01125,0,normal,A,200,0.0,3,real_cira,-1,0b_v2,2026-04-26,,
M6B_L0_01126,0,normal,A,200,0.0,0,real_cira,-1,0b_v2,2026-04-26,,
M6B_L0_01127,0,normal,A,200,0.0,1,real_cira,-1,0b_v2,2026-04-26,,
M6B_L0_01128,0,normal,A,200,0.0,0,real_cira,-1,0b_v2,2026-04-26,,
M6B_L0_01129,0,normal,A,200,0.0,2,real_cira,-1,0b_v2,2026-04-26,,
M6B_L0_01130,0,normal,A,200,0.0,1,real_cira,-1,0b_v2,2026-04-26,,
M6B_L0_01131,0,normal,A,200,0.0,0,real_cira,-1,0b_v2,2026-04-26,,
M6B_L0_01132,0,normal,A,200,0.0,0,real_cira,-1,0b_v2,2026-04-26,,
M6B_L0_01133,0,normal,A,200,0.0,0,real_cira,-1,0b_v2,2026-04-26,,
M6B_L0_01134,0,normal,A,200,0.0,0,real_cira,-1,0b_v2,2026-04-26,,
M6B_L0_01135,0,normal,A,200,0.0,3,real_cira,-1,0b_v2,2026-04-26,,
M6B_L0_01136,0,normal,A,200,0.0,0,real_cira,-1,0b_v2,2026-04-26,,
M6B_L0_01137,0,normal,A,200,0.0,3,real_cira,-1,0b_v2,2026-04-26,,
M6B_L0_01138,0,normal,A,200,0.0,0,real_cira,-1,0b_v2,2026-04-26,,
M6B_L0_01139,0,normal,A,200,0.0,0,real_cira,-1,0b_v2,2026-04-26,,
M6B_L0_01140,0,normal,A,200,0.0,0,real_cira,-1,0b_v2,2026-04-26,,
M6B_L0_01141,0,normal,A,200,0.0,3,real_cira,-1,0b_v2,2026-04-26,,
M6B_L0_01142,0,normal,A,200,0.0,0,real_cira,-1,0b_v2,2026-04-26,,
M6B_L0_01143,0,normal,A,200,0.0,0,real_cira,-1,0b_v2,2026-04-26,,
M6B_L0_01144,0,normal,A,200,0.0,0,real_cira,-1,0b_v2,2026-04-26,,
M6B_L0_01145,0,normal,A,200,0.0,0,real_cira,-1,0b_v2,2026-04-26,,
M6B_L0_01146,0,normal,A,200,0.0,0,real_cira,-1,0b_v2,2026-04-26,,
M6B_L0_01147,0,normal,A,200,0.0,0,real_cira,-1,0b_v2,2026-04-26,,
M6B_L0_01148,0,normal,A,200,0.0,0,real_cira,-1,0b_v2,2026-04-26,,
M6B_L0_01149,0,normal,A,200,0.0,3,real_cira,-1,0b_v2,2026-04-26,,
M6B_L0_01150,0,normal,A,200,0.0,0,real_cira,-1,0b_v2,2026-04-26,,
M6B_L0_01151,0,normal,A,200,0.0,0,real_cira,-1,0b_v2,2026-04-26,,
M6B_L0_01152,0,normal,A,200,0.0,2,real_cira,-1,0b_v2,2026-04-26,,
M6B_L0_01153,0,normal,A,200,0.0,0,real_cira,-1,0b_v2,2026-04-26,,
M6B_L0_01154,0,normal,A,200,0.0,1,real_cira,-1,0b_v2,2026-04-26,,
M6B_L0_01155,0,normal,A,200,0.0,0,real_cira,-1,0b_v2,2026-04-26,,
M6B_L0_01156,0,normal,A,200,0.0,1,real_cira,-1,0b_v2,2026-04-26,,
M6B_L0_01157,0,normal,A,200,0.0,0,real_cira,-1,0b_v2,2026-04-26,,
M6B_L0_01158,0,normal,A,200,0.0,0,real_cira,-1,0b_v2,2026-04-26,,
M6B_L0_01159,0,normal,A,200,0.0,2,real_cira,-1,0b_v2,2026-04-26,,
M6B_L0_01160,0,normal,A,200,0.0,0,real_cira,-1,0b_v2,2026-04-26,,
M6B_L0_01161,0,normal,A,200,0.0,3,real_cira,-1,0b_v2,2026-04-26,,
M6B_L0_01162,0,normal,A,200,0.0,0,real_cira,-1,0b_v2,2026-04-26,,
M6B_L0_01163,0,normal,A,200,0.0,0,real_cira,-1,0b_v2,2026-04-26,,
M6B_L0_01164,0,normal,A,200,0.0,0,real_cira,-1,0b_v2,2026-04-26,,
M6B_L0_01165,0,normal,A,200,0.0,3,real_cira,-1,0b_v2,2026-04-26,,
M6B_L0_01166,0,normal,A,200,0.0,0,real_cira,-1,0b_v2,2026-04-26,,
M6B_L0_01167,0,normal,A,200,0.0,0,real_cira,-1,0b_v2,2026-04-26,,
M6B_L0_01168,0,normal,A,200,0.0,0,real_cira,-1,0b_v2,2026-04-26,,
M6B_L0_01169,0,normal,A,200,0.0,3,real_cira,-1,0b_v2,2026-04-26,,
M6B_L0_01170,0,normal,A,200,0.0,0,real_cira,-1,0b_v2,2026-04-26,,
M6B_L0_01171,0,normal,A,200,0.0,0,real_cira,-1,0b_v2,2026-04-26,,
M6B_L0_01172,0,normal,A,200,0.0,0,real_cira,-1,0b_v2,2026-04-26,,
M6B_L0_01173,0,normal,A,200,0.0,2,real_cira,-1,0b_v2,2026-04-26,,
M6B_L0_01174,0,normal,A,200,0.0,0,real_cira,-1,0b_v2,2026-04-26,,
M6B_L0_01175,0,normal,A,200,0.0,2,real_cira,-1,0b_v2,2026-04-26,,
M6B_L0_01176,0,normal,A,200,0.0,2,real_cira,-1,0b_v2,2026-04-26,,
M6B_L0_01177,0,normal,A,200,0.0,0,real_cira,-1,0b_v2,2026-04-26,,
M6B_L0_01178,0,normal,A,200,0.0,0,real_cira,-1,0b_v2,2026-04-26,,
M6B_L0_01179,0,normal,A,200,0.0,2,real_cira,-1,0b_v2,2026-04-26,,
M6B_L0_01180,0,normal,A,200,0.0,2,real_cira,-1,0b_v2,2026-04-26,,
M6B_L0_01181,0,normal,A,200,0.0,0,real_cira,-1,0b_v2,2026-04-26,,
M6B_L0_01182,0,normal,A,200,0.0,0,real_cira,-1,0b_v2,2026-04-26,,
M6B_L0_01183,0,normal,A,200,0.0,0,real_cira,-1,0b_v2,2026-04-26,,
M6B_L0_01184,0,normal,A,200,0.0,0,real_cira,-1,0b_v2,2026-04-26,,
M6B_L0_01185,0,normal,A,200,0.0,3,real_cira,-1,0b_v2,2026-04-26,,
M6B_L0_01186,0,normal,A,200,0.0,3,real_cira,-1,0b_v2,2026-04-26,,
M6B_L0_01187,0,normal,A,200,0.0,0,real_cira,-1,0b_v2,2026-04-26,,
M6B_L0_01188,0,normal,A,200,0.0,3,real_cira,-1,0b_v2,2026-04-26,,
M6B_L0_01189,0,normal,A,200,0.0,0,real_cira,-1,0b_v2,2026-04-26,,
M6B_L0_01190,0,normal,A,200,0.0,3,real_cira,-1,0b_v2,2026-04-26,,
M6B_L0_01191,0,normal,A,200,0.0,3,real_cira,-1,0b_v2,2026-04-26,,
M6B_L0_01192,0,normal,A,200,0.0,3,real_cira,-1,0b_v2,2026-04-26,,
M6B_L0_01193,0,normal,A,200,0.0,0,real_cira,-1,0b_v2,2026-04-26,,
M6B_L0_01194,0,normal,A,200,0.0,3,real_cira,-1,0b_v2,2026-04-26,,
M6B_L0_01195,0,normal,A,200,0.0,0,real_cira,-1,0b_v2,2026-04-26,,
M6B_L0_01196,0,normal,A,200,0.0,0,real_cira,-1,0b_v2,2026-04-26,,
M6B_L0_01197,0,normal,A,200,0.0,0,real_cira,-1,0b_v2,2026-04-26,,
M6B_L0_01198,0,normal,A,200,0.0,3,real_cira,-1,0b_v2,2026-04-26,,
M6B_L0_01199,0,normal,A,200,0.0,1,real_cira,-1,0b_v2,2026-04-26,,
M6B_L0_01200,0,normal,A,200,0.0,2,real_cira,-1,0b_v2,2026-04-26,,
M6B_L0_01201,0,normal,A,200,0.0,1,real_cira,-1,0b_v2,2026-04-26,,
M6B_L0_01202,0,normal,A,200,0.0,3,real_cira,-1,0b_v2,2026-04-26,,
M6B_L0_01203,0,normal,A,200,0.0,2,real_cira,-1,0b_v2,2026-04-26,,
M6B_L0_01204,0,normal,A,200,0.0,0,real_cira,-1,0b_v2,2026-04-26,,
M6B_L0_01205,0,normal,A,200,0.0,0,real_cira,-1,0b_v2,2026-04-26,,
M6B_L0_01206,0,normal,A,200,0.0,0,real_cira,-1,0b_v2,2026-04-26,,
M6B_L0_01207,0,normal,A,200,0.0,0,real_cira,-1,0b_v2,2026-04-26,,
M6B_L0_01208,0,normal,A,200,0.0,2,real_cira,-1,0b_v2,2026-04-26,,
M6B_L0_01209,0,normal,A,200,0.0,0,real_cira,-1,0b_v2,2026-04-26,,
M6B_L0_01210,0,normal,A,200,0.0,0,real_cira,-1,0b_v2,2026-04-26,,
M6B_L0_01211,0,normal,A,200,0.0,0,real_cira,-1,0b_v2,2026-04-26,,
M6B_L0_01212,0,normal,A,200,0.0,0,real_cira,-1,0b_v2,2026-04-26,,
M6B_L0_01213,0,normal,A,200,0.0,1,real_cira,-1,0b_v2,2026-04-26,,
M6B_L0_01214,0,normal,A,200,0.0,3,real_cira,-1,0b_v2,2026-04-26,,
M6B_L0_01215,0,normal,A,200,0.0,0,real_cira,-1,0b_v2,2026-04-26,,
M6B_L0_01216,0,normal,A,200,0.0,0,real_cira,-1,0b_v2,2026-04-26,,
M6B_L0_01217,0,normal,A,200,0.0,3,real_cira,-1,0b_v2,2026-04-26,,
M6B_L0_01218,0,normal,A,200,0.0,0,real_cira,-1,0b_v2,2026-04-26,,
M6B_L0_01219,0,normal,A,200,0.0,1,real_cira,-1,0b_v2,2026-04-26,,
M6B_L0_01220,0,normal,A,200,0.0,3,real_cira,-1,0b_v2,2026-04-26,,
M6B_L0_01221,0,normal,A,200,0.0,0,real_cira,-1,0b_v2,2026-04-26,,
M6B_L0_01222,0,normal,A,200,0.0,2,real_cira,-1,0b_v2,2026-04-26,,
M6B_L0_01223,0,normal,A,200,0.0,2,real_cira,-1,0b_v2,2026-04-26,,
M6B_L0_01224,0,normal,A,200,0.0,0,real_cira,-1,0b_v2,2026-04-26,,
M6B_L0_01225,0,normal,A,200,0.0,0,real_cira,-1,0b_v2,2026-04-26,,
M6B_L0_01226,0,normal,A,200,0.0,2,real_cira,-1,0b_v2,2026-04-26,,
M6B_L0_01227,0,normal,A,200,0.0,3,real_cira,-1,0b_v2,2026-04-26,,
M6B_L0_01228,0,normal,A,200,0.0,0,real_cira,-1,0b_v2,2026-04-26,,
M6B_L0_01229,0,normal,A,200,0.0,3,real_cira,-1,0b_v2,2026-04-26,,
M6B_L0_01230,0,normal,A,200,0.0,0,real_cira,-1,0b_v2,2026-04-26,,
M6B_L0_01231,0,normal,A,200,0.0,3,real_cira,-1,0b_v2,2026-04-26,,
M6B_L0_01232,0,normal,A,200,0.0,3,real_cira,-1,0b_v2,2026-04-26,,
M6B_L0_01233,0,normal,A,200,0.0,2,real_cira,-1,0b_v2,2026-04-26,,
M6B_L0_01234,0,normal,A,200,0.0,0,real_cira,-1,0b_v2,2026-04-26,,
M6B_L0_01235,0,normal,A,200,0.0,0,real_cira,-1,0b_v2,2026-04-26,,
M6B_L0_01236,0,normal,A,200,0.0,2,real_cira,-1,0b_v2,2026-04-26,,
M6B_L0_01237,0,normal,A,200,0.0,0,real_cira,-1,0b_v2,2026-04-26,,
M6B_L0_01238,0,normal,A,200,0.0,0,real_cira,-1,0b_v2,2026-04-26,,
M6B_L0_01239,0,normal,A,200,0.0,3,real_cira,-1,0b_v2,2026-04-26,,
M6B_L0_01240,0,normal,A,200,0.0,0,real_cira,-1,0b_v2,2026-04-26,,
M6B_L0_01241,0,normal,A,200,0.0,0,real_cira,-1,0b_v2,2026-04-26,,
M6B_L0_01242,0,normal,A,200,0.0,0,real_cira,-1,0b_v2,2026-04-26,,
M6B_L0_01243,0,normal,A,200,0.0,3,real_cira,-1,0b_v2,2026-04-26,,
M6B_L0_01244,0,normal,A,200,0.0,0,real_cira,-1,0b_v2,2026-04-26,,
M6B_L0_01245,0,normal,A,200,0.0,0,real_cira,-1,0b_v2,2026-04-26,,
M6B_L0_01246,0,normal,A,200,0.0,3,real_cira,-1,0b_v2,2026-04-26,,
M6B_L0_01247,0,normal,A,200,0.0,0,real_cira,-1,0b_v2,2026-04-26,,
M6B_L0_01248,0,normal,A,200,0.0,0,real_cira,-1,0b_v2,2026-04-26,,
M6B_L0_01249,0,normal,A,200,0.0,2,real_cira,-1,0b_v2,2026-04-26,,
M6B_L0_01250,0,normal,A,200,0.0,1,real_cira,-1,0b_v2,2026-04-26,,
M6B_L0_01251,0,normal,A,200,0.0,0,real_cira,-1,0b_v2,2026-04-26,,
M6B_L0_01252,0,normal,A,200,0.0,0,real_cira,-1,0b_v2,2026-04-26,,
M6B_L0_01253,0,normal,A,200,0.0,0,real_cira,-1,0b_v2,2026-04-26,,
M6B_L0_01254,0,normal,A,200,0.0,3,real_cira,-1,0b_v2,2026-04-26,,
M6B_L0_01255,0,normal,A,200,0.0,0,real_cira,-1,0b_v2,2026-04-26,,
M6B_L0_01256,0,normal,A,200,0.0,2,real_cira,-1,0b_v2,2026-04-26,,
M6B_L0_01257,0,normal,A,200,0.0,0,real_cira,-1,0b_v2,2026-04-26,,
M6B_L0_01258,0,normal,A,200,0.0,2,real_cira,-1,0b_v2,2026-04-26,,
M6B_L0_01259,0,normal,A,200,0.0,1,real_cira,-1,0b_v2,2026-04-26,,
M6B_L0_01260,0,normal,A,200,0.0,0,real_cira,-1,0b_v2,2026-04-26,,
M6B_L0_01261,0,normal,A,200,0.0,0,real_cira,-1,0b_v2,2026-04-26,,
M6B_L0_01262,0,normal,A,200,0.0,3,real_cira,-1,0b_v2,2026-04-26,,
M6B_L0_01263,0,normal,A,200,0.0,0,real_cira,-1,0b_v2,2026-04-26,,
M6B_L0_01264,0,normal,A,200,0.0,0,real_cira,-1,0b_v2,2026-04-26,,
M6B_L0_01265,0,normal,A,200,0.0,1,real_cira,-1,0b_v2,2026-04-26,,
M6B_L0_01266,0,normal,A,200,0.0,0,real_cira,-1,0b_v2,2026-04-26,,
M6B_L0_01267,0,normal,A,200,0.0,0,real_cira,-1,0b_v2,2026-04-26,,
M6B_L0_01268,0,normal,A,200,0.0,3,real_cira,-1,0b_v2,2026-04-26,,
M6B_L0_01269,0,normal,A,200,0.0,0,real_cira,-1,0b_v2,2026-04-26,,
M6B_L0_01270,0,normal,A,200,0.0,1,real_cira,-1,0b_v2,2026-04-26,,
M6B_L0_01271,0,normal,A,200,0.0,2,real_cira,-1,0b_v2,2026-04-26,,
M6B_L0_01272,0,normal,A,200,0.0,3,real_cira,-1,0b_v2,2026-04-26,,
M6B_L0_01273,0,normal,A,200,0.0,0,real_cira,-1,0b_v2,2026-04-26,,
M6B_L0_01274,0,normal,A,200,0.0,0,real_cira,-1,0b_v2,2026-04-26,,
M6B_L0_01275,0,normal,A,200,0.0,0,real_cira,-1,0b_v2,2026-04-26,,
M6B_L0_01276,0,normal,A,200,0.0,2,real_cira,-1,0b_v2,2026-04-26,,
M6B_L0_01277,0,normal,A,200,0.0,0,real_cira,-1,0b_v2,2026-04-26,,
M6B_L0_01278,0,normal,A,200,0.0,2,real_cira,-1,0b_v2,2026-04-26,,
M6B_L0_01279,0,normal,A,200,0.0,0,real_cira,-1,0b_v2,2026-04-26,,
M6B_L0_01280,0,normal,A,200,0.0,0,real_cira,-1,0b_v2,2026-04-26,,
M6B_L0_01281,0,normal,A,200,0.0,2,real_cira,-1,0b_v2,2026-04-26,,
M6B_L0_01282,0,normal,A,200,0.0,0,real_cira,-1,0b_v2,2026-04-26,,
M6B_L0_01283,0,normal,A,200,0.0,3,real_cira,-1,0b_v2,2026-04-26,,
M6B_L0_01284,0,normal,A,200,0.0,3,real_cira,-1,0b_v2,2026-04-26,,
M6B_L0_01285,0,normal,A,200,0.0,0,real_cira,-1,0b_v2,2026-04-26,,
M6B_L0_01286,0,normal,A,200,0.0,2,real_cira,-1,0b_v2,2026-04-26,,
M6B_L0_01287,0,normal,A,200,0.0,0,real_cira,-1,0b_v2,2026-04-26,,
M6B_L0_01288,0,normal,A,200,0.0,0,real_cira,-1,0b_v2,2026-04-26,,
M6B_L0_01289,0,normal,A,200,0.0,0,real_cira,-1,0b_v2,2026-04-26,,
M6B_L0_01290,0,normal,A,200,0.0,0,real_cira,-1,0b_v2,2026-04-26,,
M6B_L0_01291,0,normal,A,200,0.0,0,real_cira,-1,0b_v2,2026-04-26,,
M6B_L0_01292,0,normal,A,200,0.0,2,real_cira,-1,0b_v2,2026-04-26,,
M6B_L0_01293,0,normal,A,200,0.0,0,real_cira,-1,0b_v2,2026-04-26,,
M6B_L0_01294,0,normal,A,200,0.0,0,real_cira,-1,0b_v2,2026-04-26,,
M6B_L0_01295,0,normal,A,200,0.0,1,real_cira,-1,0b_v2,2026-04-26,,
M6B_L0_01296,0,normal,A,200,0.0,0,real_cira,-1,0b_v2,2026-04-26,,
M6B_L0_01297,0,normal,A,200,0.0,0,real_cira,-1,0b_v2,2026-04-26,,
M6B_L0_01298,0,normal,A,200,0.0,0,real_cira,-1,0b_v2,2026-04-26,,
M6B_L0_01299,0,normal,A,200,0.0,1,real_cira,-1,0b_v2,2026-04-26,,
M6B_L0_01300,0,normal,A,200,0.0,0,real_cira,-1,0b_v2,2026-04-26,,
M6B_L0_01301,0,normal,A,200,0.0,1,real_cira,-1,0b_v2,2026-04-26,,
M6B_L0_01302,0,normal,A,200,0.0,0,real_cira,-1,0b_v2,2026-04-26,,
M6B_L0_01303,0,normal,A,200,0.0,0,real_cira,-1,0b_v2,2026-04-26,,
M6B_L0_01304,0,normal,A,200,0.0,0,real_cira,-1,0b_v2,2026-04-26,,
M6B_L0_01305,0,normal,A,200,0.0,3,real_cira,-1,0b_v2,2026-04-26,,
M6B_L0_01306,0,normal,A,200,0.0,0,real_cira,-1,0b_v2,2026-04-26,,
M6B_L0_01307,0,normal,A,200,0.0,1,real_cira,-1,0b_v2,2026-04-26,,
M6B_L0_01308,0,normal,A,200,0.0,0,real_cira,-1,0b_v2,2026-04-26,,
M6B_L0_01309,0,normal,A,200,0.0,0,real_cira,-1,0b_v2,2026-04-26,,
M6B_L0_01310,0,normal,A,200,0.0,1,real_cira,-1,0b_v2,2026-04-26,,
M6B_L0_01311,0,normal,A,200,0.0,2,real_cira,-1,0b_v2,2026-04-26,,
M6B_L0_01312,0,normal,A,200,0.0,0,real_cira,-1,0b_v2,2026-04-26,,
M6B_L0_01313,0,normal,A,200,0.0,0,real_cira,-1,0b_v2,2026-04-26,,
M6B_L0_01314,0,normal,A,200,0.0,3,real_cira,-1,0b_v2,2026-04-26,,
M6B_L0_01315,0,normal,A,200,0.0,0,real_cira,-1,0b_v2,2026-04-26,,
M6B_L0_01316,0,normal,A,200,0.0,0,real_cira,-1,0b_v2,2026-04-26,,
M6B_L0_01317,0,normal,A,200,0.0,0,real_cira,-1,0b_v2,2026-04-26,,
M6B_L0_01318,0,normal,A,200,0.0,1,real_cira,-1,0b_v2,2026-04-26,,
M6B_L0_01319,0,normal,A,200,0.0,3,real_cira,-1,0b_v2,2026-04-26,,
M6B_L0_01320,0,normal,A,200,0.0,2,real_cira,-1,0b_v2,2026-04-26,,
M6B_L0_01321,0,normal,A,200,0.0,0,real_cira,-1,0b_v2,2026-04-26,,
M6B_L0_01322,0,normal,A,200,0.0,2,real_cira,-1,0b_v2,2026-04-26,,
M6B_L0_01323,0,normal,A,200,0.0,0,real_cira,-1,0b_v2,2026-04-26,,
M6B_L0_01324,0,normal,A,200,0.0,3,real_cira,-1,0b_v2,2026-04-26,,
M6B_L0_01325,0,normal,A,200,0.0,0,real_cira,-1,0b_v2,2026-04-26,,
M6B_L0_01326,0,normal,A,200,0.0,0,real_cira,-1,0b_v2,2026-04-26,,
M6B_L0_01327,0,normal,A,200,0.0,2,real_cira,-1,0b_v2,2026-04-26,,
M6B_L0_01328,0,normal,A,200,0.0,0,real_cira,-1,0b_v2,2026-04-26,,
M6B_L0_01329,0,normal,A,200,0.0,0,real_cira,-1,0b_v2,2026-04-26,,
M6B_L0_01330,0,normal,A,200,0.0,0,real_cira,-1,0b_v2,2026-04-26,,
M6B_L0_01331,0,normal,A,200,0.0,2,real_cira,-1,0b_v2,2026-04-26,,
M6B_L0_01332,0,normal,A,200,0.0,2,real_cira,-1,0b_v2,2026-04-26,,
M6B_L0_01333,0,normal,A,200,0.0,3,real_cira,-1,0b_v2,2026-04-26,,
M6B_L0_01334,0,normal,A,200,0.0,0,real_cira,-1,0b_v2,2026-04-26,,
M6B_L0_01335,0,normal,A,200,0.0,2,real_cira,-1,0b_v2,2026-04-26,,
M6B_L0_01336,0,normal,A,200,0.0,0,real_cira,-1,0b_v2,2026-04-26,,
M6B_L0_01337,0,normal,A,200,0.0,2,real_cira,-1,0b_v2,2026-04-26,,
M6B_L0_01338,0,normal,A,200,0.0,0,real_cira,-1,0b_v2,2026-04-26,,
M6B_L0_01339,0,normal,A,200,0.0,3,real_cira,-1,0b_v2,2026-04-26,,
M6B_L0_01340,0,normal,A,200,0.0,0,real_cira,-1,0b_v2,2026-04-26,,
M6B_L0_01341,0,normal,A,200,0.0,3,real_cira,-1,0b_v2,2026-04-26,,
M6B_L0_01342,0,normal,A,200,0.0,1,real_cira,-1,0b_v2,2026-04-26,,
M6B_L0_01343,0,normal,A,200,0.0,0,real_cira,-1,0b_v2,2026-04-26,,
M6B_L0_01344,0,normal,A,200,0.0,0,real_cira,-1,0b_v2,2026-04-26,,
M6B_L0_01345,0,normal,A,200,0.0,1,real_cira,-1,0b_v2,2026-04-26,,
M6B_L0_01346,0,normal,A,200,0.0,0,real_cira,-1,0b_v2,2026-04-26,,
M6B_L0_01347,0,normal,A,200,0.0,0,real_cira,-1,0b_v2,2026-04-26,,
M6B_L0_01348,0,normal,A,200,0.0,3,real_cira,-1,0b_v2,2026-04-26,,
M6B_L0_01349,0,normal,A,200,0.0,3,real_cira,-1,0b_v2,2026-04-26,,
M6B_L0_01350,0,normal,A,200,0.0,1,real_cira,-1,0b_v2,2026-04-26,,
M6B_L0_01351,0,normal,A,200,0.0,0,real_cira,-1,0b_v2,2026-04-26,,
M6B_L0_01352,0,normal,A,200,0.0,0,real_cira,-1,0b_v2,2026-04-26,,
M6B_L0_01353,0,normal,A,200,0.0,3,real_cira,-1,0b_v2,2026-04-26,,
M6B_L0_01354,0,normal,A,200,0.0,0,real_cira,-1,0b_v2,2026-04-26,,
M6B_L0_01355,0,normal,A,200,0.0,3,real_cira,-1,0b_v2,2026-04-26,,
M6B_L0_01356,0,normal,A,200,0.0,1,real_cira,-1,0b_v2,2026-04-26,,
M6B_L0_01357,0,normal,A,200,0.0,1,real_cira,-1,0b_v2,2026-04-26,,
M6B_L0_01358,0,normal,A,200,0.0,0,real_cira,-1,0b_v2,2026-04-26,,
M6B_L0_01359,0,normal,A,200,0.0,2,real_cira,-1,0b_v2,2026-04-26,,
M6B_L0_01360,0,normal,A,200,0.0,0,real_cira,-1,0b_v2,2026-04-26,,
M6B_L0_01361,0,normal,A,200,0.0,0,real_cira,-1,0b_v2,2026-04-26,,
M6B_L0_01362,0,normal,A,200,0.0,0,real_cira,-1,0b_v2,2026-04-26,,
M6B_L0_01363,0,normal,A,200,0.0,2,real_cira,-1,0b_v2,2026-04-26,,
M6B_L0_01364,0,normal,A,200,0.0,0,real_cira,-1,0b_v2,2026-04-26,,
M6B_L0_01365,0,normal,A,200,0.0,0,real_cira,-1,0b_v2,2026-04-26,,
M6B_L0_01366,0,normal,A,200,0.0,3,real_cira,-1,0b_v2,2026-04-26,,
M6B_L0_01367,0,normal,A,200,0.0,0,real_cira,-1,0b_v2,2026-04-26,,
M6B_L0_01368,0,normal,A,200,0.0,2,real_cira,-1,0b_v2,2026-04-26,,
M6B_L0_01369,0,normal,A,200,0.0,0,real_cira,-1,0b_v2,2026-04-26,,
M6B_L0_01370,0,normal,A,200,0.0,2,real_cira,-1,0b_v2,2026-04-26,,
M6B_L0_01371,0,normal,A,200,0.0,0,real_cira,-1,0b_v2,2026-04-26,,
M6B_L0_01372,0,normal,A,200,0.0,3,real_cira,-1,0b_v2,2026-04-26,,
M6B_L0_01373,0,normal,A,200,0.0,0,real_cira,-1,0b_v2,2026-04-26,,
M6B_L0_01374,0,normal,A,200,0.0,3,real_cira,-1,0b_v2,2026-04-26,,
M6B_L0_01375,0,normal,A,200,0.0,0,real_cira,-1,0b_v2,2026-04-26,,
M6B_L0_01376,0,normal,A,200,0.0,0,real_cira,-1,0b_v2,2026-04-26,,
M6B_L0_01377,0,normal,A,200,0.0,0,real_cira,-1,0b_v2,2026-04-26,,
M6B_L0_01378,0,normal,A,200,0.0,1,real_cira,-1,0b_v2,2026-04-26,,
M6B_L0_01379,0,normal,A,200,0.0,0,real_cira,-1,0b_v2,2026-04-26,,
M6B_L0_01380,0,normal,A,200,0.0,0,real_cira,-1,0b_v2,2026-04-26,,
M6B_L0_01381,0,normal,A,200,0.0,0,real_cira,-1,0b_v2,2026-04-26,,
M6B_L0_01382,0,normal,A,200,0.0,1,real_cira,-1,0b_v2,2026-04-26,,
M6B_L0_01383,0,normal,A,200,0.0,1,real_cira,-1,0b_v2,2026-04-26,,
M6B_L0_01384,0,normal,A,200,0.0,3,real_cira,-1,0b_v2,2026-04-26,,
M6B_L0_01385,0,normal,A,200,0.0,2,real_cira,-1,0b_v2,2026-04-26,,
M6B_L0_01386,0,normal,A,200,0.0,0,real_cira,-1,0b_v2,2026-04-26,,
M6B_L0_01387,0,normal,A,200,0.0,0,real_cira,-1,0b_v2,2026-04-26,,
M6B_L0_01388,0,normal,A,200,0.0,0,real_cira,-1,0b_v2,2026-04-26,,
M6B_L0_01389,0,normal,A,200,0.0,0,real_cira,-1,0b_v2,2026-04-26,,
M6B_L0_01390,0,normal,A,200,0.0,0,real_cira,-1,0b_v2,2026-04-26,,
M6B_L0_01391,0,normal,A,200,0.0,0,real_cira,-1,0b_v2,2026-04-26,,
M6B_L0_01392,0,normal,A,200,0.0,0,real_cira,-1,0b_v2,2026-04-26,,
M6B_L0_01393,0,normal,A,200,0.0,0,real_cira,-1,0b_v2,2026-04-26,,
M6B_L0_01394,0,normal,A,200,0.0,0,real_cira,-1,0b_v2,2026-04-26,,
M6B_L0_01395,0,normal,A,200,0.0,3,real_cira,-1,0b_v2,2026-04-26,,
M6B_L0_01396,0,normal,A,200,0.0,2,real_cira,-1,0b_v2,2026-04-26,,
M6B_L0_01397,0,normal,A,200,0.0,0,real_cira,-1,0b_v2,2026-04-26,,
M6B_L0_01398,0,normal,A,200,0.0,3,real_cira,-1,0b_v2,2026-04-26,,
M6B_L0_01399,0,normal,A,200,0.0,2,real_cira,-1,0b_v2,2026-04-26,,
M6B_L0_01400,0,normal,A,200,0.0,3,real_cira,-1,0b_v2,2026-04-26,,
M6B_L0_01401,0,normal,A,200,0.0,0,real_cira,-1,0b_v2,2026-04-26,,
M6B_L0_01402,0,normal,A,200,0.0,0,real_cira,-1,0b_v2,2026-04-26,,
M6B_L0_01403,0,normal,A,200,0.0,3,real_cira,-1,0b_v2,2026-04-26,,
M6B_L0_01404,0,normal,A,200,0.0,0,real_cira,-1,0b_v2,2026-04-26,,
M6B_L0_01405,0,normal,A,200,0.0,3,real_cira,-1,0b_v2,2026-04-26,,
M6B_L0_01406,0,normal,A,200,0.0,2,real_cira,-1,0b_v2,2026-04-26,,
M6B_L0_01407,0,normal,A,200,0.0,2,real_cira,-1,0b_v2,2026-04-26,,
M6B_L0_01408,0,normal,A,200,0.0,3,real_cira,-1,0b_v2,2026-04-26,,
M6B_L0_01409,0,normal,A,200,0.0,3,real_cira,-1,0b_v2,2026-04-26,,
M6B_L0_01410,0,normal,A,200,0.0,3,real_cira,-1,0b_v2,2026-04-26,,
M6B_L0_01411,0,normal,A,200,0.0,2,real_cira,-1,0b_v2,2026-04-26,,
M6B_L0_01412,0,normal,A,200,0.0,3,real_cira,-1,0b_v2,2026-04-26,,
M6B_L0_01413,0,normal,A,200,0.0,2,real_cira,-1,0b_v2,2026-04-26,,
M6B_L0_01414,0,normal,A,200,0.0,1,real_cira,-1,0b_v2,2026-04-26,,
M6B_L0_01415,0,normal,A,200,0.0,0,real_cira,-1,0b_v2,2026-04-26,,
M6B_L0_01416,0,normal,A,200,0.0,0,real_cira,-1,0b_v2,2026-04-26,,
M6B_L0_01417,0,normal,A,200,0.0,3,real_cira,-1,0b_v2,2026-04-26,,
M6B_L0_01418,0,normal,A,200,0.0,0,real_cira,-1,0b_v2,2026-04-26,,
M6B_L0_01419,0,normal,A,200,0.0,0,real_cira,-1,0b_v2,2026-04-26,,
M6B_L0_01420,0,normal,A,200,0.0,0,real_cira,-1,0b_v2,2026-04-26,,
M6B_L0_01421,0,normal,A,200,0.0,3,real_cira,-1,0b_v2,2026-04-26,,
M6B_L0_01422,0,normal,A,200,0.0,3,real_cira,-1,0b_v2,2026-04-26,,
M6B_L0_01423,0,normal,A,200,0.0,0,real_cira,-1,0b_v2,2026-04-26,,
M6B_L0_01424,0,normal,A,200,0.0,2,real_cira,-1,0b_v2,2026-04-26,,
M6B_L0_01425,0,normal,A,200,0.0,0,real_cira,-1,0b_v2,2026-04-26,,
M6B_L0_01426,0,normal,A,200,0.0,3,real_cira,-1,0b_v2,2026-04-26,,
M6B_L0_01427,0,normal,A,200,0.0,0,real_cira,-1,0b_v2,2026-04-26,,
M6B_L0_01428,0,normal,A,200,0.0,3,real_cira,-1,0b_v2,2026-04-26,,
M6B_L0_01429,0,normal,A,200,0.0,0,real_cira,-1,0b_v2,2026-04-26,,
M6B_L0_01430,0,normal,A,200,0.0,0,real_cira,-1,0b_v2,2026-04-26,,
M6B_L0_01431,0,normal,A,200,0.0,1,real_cira,-1,0b_v2,2026-04-26,,
M6B_L0_01432,0,normal,A,200,0.0,2,real_cira,-1,0b_v2,2026-04-26,,
M6B_L0_01433,0,normal,A,200,0.0,3,real_cira,-1,0b_v2,2026-04-26,,
M6B_L0_01434,0,normal,A,200,0.0,0,real_cira,-1,0b_v2,2026-04-26,,
M6B_L0_01435,0,normal,A,200,0.0,0,real_cira,-1,0b_v2,2026-04-26,,
M6B_L0_01436,0,normal,A,200,0.0,0,real_cira,-1,0b_v2,2026-04-26,,
M6B_L0_01437,0,normal,A,200,0.0,0,real_cira,-1,0b_v2,2026-04-26,,
M6B_L0_01438,0,normal,A,200,0.0,1,real_cira,-1,0b_v2,2026-04-26,,
M6B_L0_01439,0,normal,A,200,0.0,0,real_cira,-1,0b_v2,2026-04-26,,
M6B_L0_01440,0,normal,A,200,0.0,3,real_cira,-1,0b_v2,2026-04-26,,
M6B_L0_01441,0,normal,A,200,0.0,1,real_cira,-1,0b_v2,2026-04-26,,
M6B_L0_01442,0,normal,A,200,0.0,0,real_cira,-1,0b_v2,2026-04-26,,
M6B_L0_01443,0,normal,A,200,0.0,0,real_cira,-1,0b_v2,2026-04-26,,
M6B_L0_01444,0,normal,A,200,0.0,2,real_cira,-1,0b_v2,2026-04-26,,
M6B_L0_01445,0,normal,A,200,0.0,0,real_cira,-1,0b_v2,2026-04-26,,
M6B_L0_01446,0,normal,A,200,0.0,0,real_cira,-1,0b_v2,2026-04-26,,
M6B_L0_01447,0,normal,A,200,0.0,1,real_cira,-1,0b_v2,2026-04-26,,
M6B_L0_01448,0,normal,A,200,0.0,0,real_cira,-1,0b_v2,2026-04-26,,
M6B_L0_01449,0,normal,A,200,0.0,0,real_cira,-1,0b_v2,2026-04-26,,
M6B_L0_01450,0,normal,A,200,0.0,2,real_cira,-1,0b_v2,2026-04-26,,
M6B_L0_01451,0,normal,A,200,0.0,0,real_cira,-1,0b_v2,2026-04-26,,
M6B_L0_01452,0,normal,A,200,0.0,0,real_cira,-1,0b_v2,2026-04-26,,
M6B_L0_01453,0,normal,A,200,0.0,3,real_cira,-1,0b_v2,2026-04-26,,
M6B_L0_01454,0,normal,A,200,0.0,0,real_cira,-1,0b_v2,2026-04-26,,
M6B_L0_01455,0,normal,A,200,0.0,1,real_cira,-1,0b_v2,2026-04-26,,
M6B_L0_01456,0,normal,A,200,0.0,3,real_cira,-1,0b_v2,2026-04-26,,
M6B_L0_01457,0,normal,A,200,0.0,1,real_cira,-1,0b_v2,2026-04-26,,
M6B_L0_01458,0,normal,A,200,0.0,0,real_cira,-1,0b_v2,2026-04-26,,
M6B_L0_01459,0,normal,A,200,0.0,1,real_cira,-1,0b_v2,2026-04-26,,
M6B_L0_01460,0,normal,A,200,0.0,0,real_cira,-1,0b_v2,2026-04-26,,
M6B_L0_01461,0,normal,A,200,0.0,0,real_cira,-1,0b_v2,2026-04-26,,
M6B_L0_01462,0,normal,A,200,0.0,0,real_cira,-1,0b_v2,2026-04-26,,
M6B_L0_01463,0,normal,A,200,0.0,0,real_cira,-1,0b_v2,2026-04-26,,
M6B_L0_01464,0,normal,A,200,0.0,0,real_cira,-1,0b_v2,2026-04-26,,
M6B_L0_01465,0,normal,A,200,0.0,0,real_cira,-1,0b_v2,2026-04-26,,
M6B_L0_01466,0,normal,A,200,0.0,0,real_cira,-1,0b_v2,2026-04-26,,
M6B_L0_01467,0,normal,A,200,0.0,2,real_cira,-1,0b_v2,2026-04-26,,
M6B_L0_01468,0,normal,A,200,0.0,2,real_cira,-1,0b_v2,2026-04-26,,
M6B_L0_01469,0,normal,A,200,0.0,2,real_cira,-1,0b_v2,2026-04-26,,
M6B_L0_01470,0,normal,A,200,0.0,0,real_cira,-1,0b_v2,2026-04-26,,
M6B_L0_01471,0,normal,A,200,0.0,1,real_cira,-1,0b_v2,2026-04-26,,
M6B_L0_01472,0,normal,A,200,0.0,0,real_cira,-1,0b_v2,2026-04-26,,
M6B_L0_01473,0,normal,A,200,0.0,0,real_cira,-1,0b_v2,2026-04-26,,
M6B_L0_01474,0,normal,A,200,0.0,3,real_cira,-1,0b_v2,2026-04-26,,
M6B_L0_01475,0,normal,A,200,0.0,3,real_cira,-1,0b_v2,2026-04-26,,
M6B_L0_01476,0,normal,A,200,0.0,0,real_cira,-1,0b_v2,2026-04-26,,
M6B_L0_01477,0,normal,A,200,0.0,0,real_cira,-1,0b_v2,2026-04-26,,
M6B_L0_01478,0,normal,A,200,0.0,1,real_cira,-1,0b_v2,2026-04-26,,
M6B_L0_01479,0,normal,A,200,0.0,2,real_cira,-1,0b_v2,2026-04-26,,
M6B_L0_01480,0,normal,A,200,0.0,0,real_cira,-1,0b_v2,2026-04-26,,
M6B_L0_01481,0,normal,A,200,0.0,0,real_cira,-1,0b_v2,2026-04-26,,
M6B_L0_01482,0,normal,A,200,0.0,0,real_cira,-1,0b_v2,2026-04-26,,
M6B_L0_01483,0,normal,A,200,0.0,2,real_cira,-1,0b_v2,2026-04-26,,
M6B_L0_01484,0,normal,A,200,0.0,0,real_cira,-1,0b_v2,2026-04-26,,
M6B_L0_01485,0,normal,A,200,0.0,0,real_cira,-1,0b_v2,2026-04-26,,
M6B_L0_01486,0,normal,A,200,0.0,3,real_cira,-1,0b_v2,2026-04-26,,
M6B_L0_01487,0,normal,A,200,0.0,0,real_cira,-1,0b_v2,2026-04-26,,
M6B_L0_01488,0,normal,A,200,0.0,0,real_cira,-1,0b_v2,2026-04-26,,
M6B_L0_01489,0,normal,A,200,0.0,0,real_cira,-1,0b_v2,2026-04-26,,
M6B_L0_01490,0,normal,A,200,0.0,0,real_cira,-1,0b_v2,2026-04-26,,
M6B_L0_01491,0,normal,A,200,0.0,0,real_cira,-1,0b_v2,2026-04-26,,
M6B_L0_01492,0,normal,A,200,0.0,2,real_cira,-1,0b_v2,2026-04-26,,
M6B_L0_01493,0,normal,A,200,0.0,0,real_cira,-1,0b_v2,2026-04-26,,
M6B_L0_01494,0,normal,A,200,0.0,0,real_cira,-1,0b_v2,2026-04-26,,
M6B_L0_01495,0,normal,A,200,0.0,0,real_cira,-1,0b_v2,2026-04-26,,
M6B_L0_01496,0,normal,A,200,0.0,3,real_cira,-1,0b_v2,2026-04-26,,
M6B_L0_01497,0,normal,A,200,0.0,2,real_cira,-1,0b_v2,2026-04-26,,
M6B_L0_01498,0,normal,A,200,0.0,0,real_cira,-1,0b_v2,2026-04-26,,
M6B_L0_01499,0,normal,A,200,0.0,2,real_cira,-1,0b_v2,2026-04-26,,
M6B_L0_01500,0,normal,A,200,0.0,3,real_cira,-1,0b_v2,2026-04-26,,
M6B_L0_01501,0,normal,A,200,0.0,2,real_cira,-1,0b_v2,2026-04-26,,
M6B_L0_01502,0,normal,A,200,0.0,0,real_cira,-1,0b_v2,2026-04-26,,
M6B_L0_01503,0,normal,A,200,0.0,0,real_cira,-1,0b_v2,2026-04-26,,
M6B_L0_01504,0,normal,A,200,0.0,0,real_cira,-1,0b_v2,2026-04-26,,
M6B_L0_01505,0,normal,A,200,0.0,3,real_cira,-1,0b_v2,2026-04-26,,
M6B_L0_01506,0,normal,A,200,0.0,0,real_cira,-1,0b_v2,2026-04-26,,
M6B_L0_01507,0,normal,A,200,0.0,0,real_cira,-1,0b_v2,2026-04-26,,
M6B_L0_01508,0,normal,A,200,0.0,0,real_cira,-1,0b_v2,2026-04-26,,
M6B_L0_01509,0,normal,A,200,0.0,0,real_cira,-1,0b_v2,2026-04-26,,
M6B_L0_01510,0,normal,A,200,0.0,0,real_cira,-1,0b_v2,2026-04-26,,
M6B_L0_01511,0,normal,A,200,0.0,0,real_cira,-1,0b_v2,2026-04-26,,
M6B_L0_01512,0,normal,A,200,0.0,0,real_cira,-1,0b_v2,2026-04-26,,
M6B_L0_01513,0,normal,A,200,0.0,0,real_cira,-1,0b_v2,2026-04-26,,
M6B_L0_01514,0,normal,A,200,0.0,3,real_cira,-1,0b_v2,2026-04-26,,
M6B_L0_01515,0,normal,A,200,0.0,0,real_cira,-1,0b_v2,2026-04-26,,
M6B_L0_01516,0,normal,A,200,0.0,2,real_cira,-1,0b_v2,2026-04-26,,
M6B_L0_01517,0,normal,A,200,0.0,0,real_cira,-1,0b_v2,2026-04-26,,
M6B_L0_01518,0,normal,A,200,0.0,0,real_cira,-1,0b_v2,2026-04-26,,
M6B_L0_01519,0,normal,A,200,0.0,3,real_cira,-1,0b_v2,2026-04-26,,
M6B_L0_01520,0,normal,A,200,0.0,0,real_cira,-1,0b_v2,2026-04-26,,
M6B_L0_01521,0,normal,A,200,0.0,0,real_cira,-1,0b_v2,2026-04-26,,
M6B_L0_01522,0,normal,A,200,0.0,3,real_cira,-1,0b_v2,2026-04-26,,
M6B_L0_01523,0,normal,A,200,0.0,3,real_cira,-1,0b_v2,2026-04-26,,
M6B_L0_01524,0,normal,A,200,0.0,0,real_cira,-1,0b_v2,2026-04-26,,
M6B_L0_01525,0,normal,A,200,0.0,0,real_cira,-1,0b_v2,2026-04-26,,
M6B_L0_01526,0,normal,A,200,0.0,0,real_cira,-1,0b_v2,2026-04-26,,
M6B_L0_01527,0,normal,A,200,0.0,3,real_cira,-1,0b_v2,2026-04-26,,
M6B_L0_01528,0,normal,A,200,0.0,0,real_cira,-1,0b_v2,2026-04-26,,
M6B_L0_01529,0,normal,A,200,0.0,0,real_cira,-1,0b_v2,2026-04-26,,
M6B_L0_01530,0,normal,A,200,0.0,2,real_cira,-1,0b_v2,2026-04-26,,
M6B_L0_01531,0,normal,A,200,0.0,1,real_cira,-1,0b_v2,2026-04-26,,
M6B_L0_01532,0,normal,A,200,0.0,2,real_cira,-1,0b_v2,2026-04-26,,
M6B_L0_01533,0,normal,A,200,0.0,3,real_cira,-1,0b_v2,2026-04-26,,
M6B_L0_01534,0,normal,A,200,0.0,0,real_cira,-1,0b_v2,2026-04-26,,
M6B_L0_01535,0,normal,A,200,0.0,3,real_cira,-1,0b_v2,2026-04-26,,
M6B_L0_01536,0,normal,A,200,0.0,0,real_cira,-1,0b_v2,2026-04-26,,
M6B_L0_01537,0,normal,A,200,0.0,0,real_cira,-1,0b_v2,2026-04-26,,
M6B_L0_01538,0,normal,A,200,0.0,3,real_cira,-1,0b_v2,2026-04-26,,
M6B_L0_01539,0,normal,A,200,0.0,1,real_cira,-1,0b_v2,2026-04-26,,
M6B_L0_01540,0,normal,A,200,0.0,0,real_cira,-1,0b_v2,2026-04-26,,
M6B_L0_01541,0,normal,A,200,0.0,2,real_cira,-1,0b_v2,2026-04-26,,
M6B_L0_01542,0,normal,A,200,0.0,0,real_cira,-1,0b_v2,2026-04-26,,
M6B_L0_01543,0,normal,A,200,0.0,2,real_cira,-1,0b_v2,2026-04-26,,
M6B_L0_01544,0,normal,A,200,0.0,0,real_cira,-1,0b_v2,2026-04-26,,
M6B_L0_01545,0,normal,A,200,0.0,0,real_cira,-1,0b_v2,2026-04-26,,
M6B_L0_01546,0,normal,A,200,0.0,0,real_cira,-1,0b_v2,2026-04-26,,
M6B_L0_01547,0,normal,A,200,0.0,3,real_cira,-1,0b_v2,2026-04-26,,
M6B_L0_01548,0,normal,A,200,0.0,1,real_cira,-1,0b_v2,2026-04-26,,
M6B_L0_01549,0,normal,A,200,0.0,2,real_cira,-1,0b_v2,2026-04-26,,
M6B_L0_01550,0,normal,A,200,0.0,0,real_cira,-1,0b_v2,2026-04-26,,
M6B_L0_01551,0,normal,A,200,0.0,0,real_cira,-1,0b_v2,2026-04-26,,
M6B_L0_01552,0,normal,A,200,0.0,1,real_cira,-1,0b_v2,2026-04-26,,
M6B_L0_01553,0,normal,A,200,0.0,3,real_cira,-1,0b_v2,2026-04-26,,
M6B_L0_01554,0,normal,A,200,0.0,0,real_cira,-1,0b_v2,2026-04-26,,
M6B_L0_01555,0,normal,A,200,0.0,2,real_cira,-1,0b_v2,2026-04-26,,
M6B_L0_01556,0,normal,A,200,0.0,0,real_cira,-1,0b_v2,2026-04-26,,
M6B_L0_01557,0,normal,A,200,0.0,0,real_cira,-1,0b_v2,2026-04-26,,
M6B_L0_01558,0,normal,A,200,0.0,2,real_cira,-1,0b_v2,2026-04-26,,
M6B_L0_01559,0,normal,A,200,0.0,3,real_cira,-1,0b_v2,2026-04-26,,
M6B_L0_01560,0,normal,A,200,0.0,1,real_cira,-1,0b_v2,2026-04-26,,
M6B_L0_01561,0,normal,A,200,0.0,0,real_cira,-1,0b_v2,2026-04-26,,
M6B_L0_01562,0,normal,A,200,0.0,0,real_cira,-1,0b_v2,2026-04-26,,
M6B_L0_01563,0,normal,A,200,0.0,3,real_cira,-1,0b_v2,2026-04-26,,
M6B_L0_01564,0,normal,A,200,0.0,0,real_cira,-1,0b_v2,2026-04-26,,
M6B_L0_01565,0,normal,A,200,0.0,0,real_cira,-1,0b_v2,2026-04-26,,
M6B_L0_01566,0,normal,A,200,0.0,0,real_cira,-1,0b_v2,2026-04-26,,
M6B_L0_01567,0,normal,A,200,0.0,3,real_cira,-1,0b_v2,2026-04-26,,
M6B_L0_01568,0,normal,A,200,0.0,0,real_cira,-1,0b_v2,2026-04-26,,
M6B_L0_01569,0,normal,A,200,0.0,3,real_cira,-1,0b_v2,2026-04-26,,
M6B_L0_01570,0,normal,A,200,0.0,1,real_cira,-1,0b_v2,2026-04-26,,
M6B_L0_01571,0,normal,A,200,0.0,3,real_cira,-1,0b_v2,2026-04-26,,
M6B_L0_01572,0,normal,A,200,0.0,0,real_cira,-1,0b_v2,2026-04-26,,
M6B_L0_01573,0,normal,A,200,0.0,0,real_cira,-1,0b_v2,2026-04-26,,
M6B_L0_01574,0,normal,A,200,0.0,0,real_cira,-1,0b_v2,2026-04-26,,
M6B_L0_01575,0,normal,A,200,0.0,0,real_cira,-1,0b_v2,2026-04-26,,
M6B_L0_01576,0,normal,A,200,0.0,2,real_cira,-1,0b_v2,2026-04-26,,
M6B_L0_01577,0,normal,A,200,0.0,0,real_cira,-1,0b_v2,2026-04-26,,
M6B_L0_01578,0,normal,A,200,0.0,2,real_cira,-1,0b_v2,2026-04-26,,
M6B_L0_01579,0,normal,A,200,0.0,0,real_cira,-1,0b_v2,2026-04-26,,
M6B_L0_01580,0,normal,A,200,0.0,1,real_cira,-1,0b_v2,2026-04-26,,
M6B_L0_01581,0,normal,A,200,0.0,0,real_cira,-1,0b_v2,2026-04-26,,
M6B_L0_01582,0,normal,A,200,0.0,0,real_cira,-1,0b_v2,2026-04-26,,
M6B_L0_01583,0,normal,A,200,0.0,0,real_cira,-1,0b_v2,2026-04-26,,
M6B_L0_01584,0,normal,A,200,0.0,2,real_cira,-1,0b_v2,2026-04-26,,
M6B_L0_01585,0,normal,A,200,0.0,0,real_cira,-1,0b_v2,2026-04-26,,
M6B_L0_01586,0,normal,A,200,0.0,3,real_cira,-1,0b_v2,2026-04-26,,
M6B_L0_01587,0,normal,A,200,0.0,2,real_cira,-1,0b_v2,2026-04-26,,
M6B_L0_01588,0,normal,A,200,0.0,3,real_cira,-1,0b_v2,2026-04-26,,
M6B_L0_01589,0,normal,A,200,0.0,1,real_cira,-1,0b_v2,2026-04-26,,
M6B_L0_01590,0,normal,A,200,0.0,0,real_cira,-1,0b_v2,2026-04-26,,
M6B_L0_01591,0,normal,A,200,0.0,0,real_cira,-1,0b_v2,2026-04-26,,
M6B_L0_01592,0,normal,A,200,0.0,0,real_cira,-1,0b_v2,2026-04-26,,
M6B_L0_01593,0,normal,A,200,0.0,0,real_cira,-1,0b_v2,2026-04-26,,
M6B_L0_01594,0,normal,A,200,0.0,0,real_cira,-1,0b_v2,2026-04-26,,
M6B_L0_01595,0,normal,A,200,0.0,0,real_cira,-1,0b_v2,2026-04-26,,
M6B_L0_01596,0,normal,A,200,0.0,0,real_cira,-1,0b_v2,2026-04-26,,
M6B_L0_01597,0,normal,A,200,0.0,0,real_cira,-1,0b_v2,2026-04-26,,
M6B_L0_01598,0,normal,A,200,0.0,0,real_cira,-1,0b_v2,2026-04-26,,
M6B_L0_01599,0,normal,A,200,0.0,0,real_cira,-1,0b_v2,2026-04-26,,
M6B_L0_01600,0,normal,A,200,0.0,2,real_cira,-1,0b_v2,2026-04-26,,
M6B_L0_01601,0,normal,A,200,0.0,0,real_cira,-1,0b_v2,2026-04-26,,
M6B_L0_01602,0,normal,A,200,0.0,2,real_cira,-1,0b_v2,2026-04-26,,
M6B_L0_01603,0,normal,A,200,0.0,2,real_cira,-1,0b_v2,2026-04-26,,
M6B_L0_01604,0,normal,A,200,0.0,0,real_cira,-1,0b_v2,2026-04-26,,
M6B_L0_01605,0,normal,A,200,0.0,0,real_cira,-1,0b_v2,2026-04-26,,
M6B_L0_01606,0,normal,A,200,0.0,2,real_cira,-1,0b_v2,2026-04-26,,
M6B_L0_01607,0,normal,A,200,0.0,3,real_cira,-1,0b_v2,2026-04-26,,
M6B_L0_01608,0,normal,A,200,0.0,0,real_cira,-1,0b_v2,2026-04-26,,
M6B_L0_01609,0,normal,A,200,0.0,0,real_cira,-1,0b_v2,2026-04-26,,
M6B_L0_01610,0,normal,A,200,0.0,0,real_cira,-1,0b_v2,2026-04-26,,
M6B_L0_01611,0,normal,A,200,0.0,1,real_cira,-1,0b_v2,2026-04-26,,
M6B_L0_01612,0,normal,A,200,0.0,0,real_cira,-1,0b_v2,2026-04-26,,
M6B_L0_01613,0,normal,A,200,0.0,0,real_cira,-1,0b_v2,2026-04-26,,
M6B_L0_01614,0,normal,A,200,0.0,3,real_cira,-1,0b_v2,2026-04-26,,
M6B_L0_01615,0,normal,A,200,0.0,0,real_cira,-1,0b_v2,2026-04-26,,
M6B_L0_01616,0,normal,A,200,0.0,3,real_cira,-1,0b_v2,2026-04-26,,
M6B_L0_01617,0,normal,A,200,0.0,1,real_cira,-1,0b_v2,2026-04-26,,
M6B_L0_01618,0,normal,A,200,0.0,3,real_cira,-1,0b_v2,2026-04-26,,
M6B_L0_01619,0,normal,A,200,0.0,3,real_cira,-1,0b_v2,2026-04-26,,
M6B_L0_01620,0,normal,A,200,0.0,0,real_cira,-1,0b_v2,2026-04-26,,
M6B_L0_01621,0,normal,A,200,0.0,2,real_cira,-1,0b_v2,2026-04-26,,
M6B_L0_01622,0,normal,A,200,0.0,0,real_cira,-1,0b_v2,2026-04-26,,
M6B_L0_01623,0,normal,A,200,0.0,3,real_cira,-1,0b_v2,2026-04-26,,
M6B_L0_01624,0,normal,A,200,0.0,0,real_cira,-1,0b_v2,2026-04-26,,
M6B_L0_01625,0,normal,A,200,0.0,0,real_cira,-1,0b_v2,2026-04-26,,
M6B_L0_01626,0,normal,A,200,0.0,3,real_cira,-1,0b_v2,2026-04-26,,
M6B_L0_01627,0,normal,A,200,0.0,3,real_cira,-1,0b_v2,2026-04-26,,
M6B_L0_01628,0,normal,A,200,0.0,0,real_cira,-1,0b_v2,2026-04-26,,
M6B_L0_01629,0,normal,A,200,0.0,0,real_cira,-1,0b_v2,2026-04-26,,
M6B_L0_01630,0,normal,A,200,0.0,0,real_cira,-1,0b_v2,2026-04-26,,
M6B_L0_01631,0,normal,A,200,0.0,0,real_cira,-1,0b_v2,2026-04-26,,
M6B_L0_01632,0,normal,A,200,0.0,0,real_cira,-1,0b_v2,2026-04-26,,
M6B_L0_01633,0,normal,A,200,0.0,2,real_cira,-1,0b_v2,2026-04-26,,
M6B_L0_01634,0,normal,A,200,0.0,0,real_cira,-1,0b_v2,2026-04-26,,
M6B_L0_01635,0,normal,A,200,0.0,0,real_cira,-1,0b_v2,2026-04-26,,
M6B_L0_01636,0,normal,A,200,0.0,0,real_cira,-1,0b_v2,2026-04-26,,
M6B_L0_01637,0,normal,A,200,0.0,0,real_cira,-1,0b_v2,2026-04-26,,
M6B_L0_01638,0,normal,A,200,0.0,0,real_cira,-1,0b_v2,2026-04-26,,
M6B_L0_01639,0,normal,A,200,0.0,0,real_cira,-1,0b_v2,2026-04-26,,
M6B_L0_01640,0,normal,A,200,0.0,1,real_cira,-1,0b_v2,2026-04-26,,
M6B_L0_01641,0,normal,A,200,0.0,0,real_cira,-1,0b_v2,2026-04-26,,
M6B_L0_01642,0,normal,A,200,0.0,2,real_cira,-1,0b_v2,2026-04-26,,
M6B_L0_01643,0,normal,A,200,0.0,0,real_cira,-1,0b_v2,2026-04-26,,
M6B_L0_01644,0,normal,A,200,0.0,0,real_cira,-1,0b_v2,2026-04-26,,
M6B_L0_01645,0,normal,A,200,0.0,1,real_cira,-1,0b_v2,2026-04-26,,
M6B_L0_01646,0,normal,A,200,0.0,0,real_cira,-1,0b_v2,2026-04-26,,
M6B_L0_01647,0,normal,A,200,0.0,2,real_cira,-1,0b_v2,2026-04-26,,
M6B_L0_01648,0,normal,A,200,0.0,2,real_cira,-1,0b_v2,2026-04-26,,
M6B_L0_01649,0,normal,A,200,0.0,0,real_cira,-1,0b_v2,2026-04-26,,
M6B_L0_01650,0,normal,A,200,0.0,0,real_cira,-1,0b_v2,2026-04-26,,
M6B_L0_01651,0,normal,A,200,0.0,0,real_cira,-1,0b_v2,2026-04-26,,
M6B_L0_01652,0,normal,A,200,0.0,2,real_cira,-1,0b_v2,2026-04-26,,
M6B_L0_01653,0,normal,A,200,0.0,0,real_cira,-1,0b_v2,2026-04-26,,
M6B_L0_01654,0,normal,A,200,0.0,0,real_cira,-1,0b_v2,2026-04-26,,
M6B_L0_01655,0,normal,A,200,0.0,3,real_cira,-1,0b_v2,2026-04-26,,
M6B_L0_01656,0,normal,A,200,0.0,3,real_cira,-1,0b_v2,2026-04-26,,
M6B_L0_01657,0,normal,A,200,0.0,0,real_cira,-1,0b_v2,2026-04-26,,
M6B_L0_01658,0,normal,A,200,0.0,1,real_cira,-1,0b_v2,2026-04-26,,
M6B_L0_01659,0,normal,A,200,0.0,3,real_cira,-1,0b_v2,2026-04-26,,
M6B_L0_01660,0,normal,A,200,0.0,1,real_cira,-1,0b_v2,2026-04-26,,
M6B_L0_01661,0,normal,A,200,0.0,0,real_cira,-1,0b_v2,2026-04-26,,
M6B_L0_01662,0,normal,A,200,0.0,1,real_cira,-1,0b_v2,2026-04-26,,
M6B_L0_01663,0,normal,A,200,0.0,0,real_cira,-1,0b_v2,2026-04-26,,
M6B_L0_01664,0,normal,A,200,0.0,0,real_cira,-1,0b_v2,2026-04-26,,
M6B_L0_01665,0,normal,A,200,0.0,3,real_cira,-1,0b_v2,2026-04-26,,
M6B_L0_01666,0,normal,A,200,0.0,1,real_cira,-1,0b_v2,2026-04-26,,
M6B_L0_01667,0,normal,A,200,0.0,3,real_cira,-1,0b_v2,2026-04-26,,
M6B_L0_01668,0,normal,A,200,0.0,0,real_cira,-1,0b_v2,2026-04-26,,
M6B_L0_01669,0,normal,A,200,0.0,2,real_cira,-1,0b_v2,2026-04-26,,
M6B_L0_01670,0,normal,A,200,0.0,0,real_cira,-1,0b_v2,2026-04-26,,
M6B_L0_01671,0,normal,A,200,0.0,2,real_cira,-1,0b_v2,2026-04-26,,
M6B_L0_01672,0,normal,A,200,0.0,1,real_cira,-1,0b_v2,2026-04-26,,
M6B_L0_01673,0,normal,A,200,0.0,3,real_cira,-1,0b_v2,2026-04-26,,
M6B_L0_01674,0,normal,A,200,0.0,0,real_cira,-1,0b_v2,2026-04-26,,
M6B_L0_01675,0,normal,A,200,0.0,0,real_cira,-1,0b_v2,2026-04-26,,
M6B_L0_01676,0,normal,A,200,0.0,0,real_cira,-1,0b_v2,2026-04-26,,
M6B_L0_01677,0,normal,A,200,0.0,0,real_cira,-1,0b_v2,2026-04-26,,
M6B_L0_01678,0,normal,A,200,0.0,2,real_cira,-1,0b_v2,2026-04-26,,
M6B_L0_01679,0,normal,A,200,0.0,3,real_cira,-1,0b_v2,2026-04-26,,
M6B_L0_01680,0,normal,A,200,0.0,3,real_cira,-1,0b_v2,2026-04-26,,
M6B_L0_01681,0,normal,A,200,0.0,0,real_cira,-1,0b_v2,2026-04-26,,
M6B_L0_01682,0,normal,A,200,0.0,0,real_cira,-1,0b_v2,2026-04-26,,
M6B_L0_01683,0,normal,A,200,0.0,0,real_cira,-1,0b_v2,2026-04-26,,
M6B_L0_01684,0,normal,A,200,0.0,0,real_cira,-1,0b_v2,2026-04-26,,
M6B_L0_01685,0,normal,A,200,0.0,2,real_cira,-1,0b_v2,2026-04-26,,
M6B_L0_01686,0,normal,A,200,0.0,0,real_cira,-1,0b_v2,2026-04-26,,
M6B_L0_01687,0,normal,A,200,0.0,3,real_cira,-1,0b_v2,2026-04-26,,
M6B_L0_01688,0,normal,A,200,0.0,0,real_cira,-1,0b_v2,2026-04-26,,
M6B_L0_01689,0,normal,A,200,0.0,0,real_cira,-1,0b_v2,2026-04-26,,
M6B_L0_01690,0,normal,A,200,0.0,0,real_cira,-1,0b_v2,2026-04-26,,
M6B_L0_01691,0,normal,A,200,0.0,3,real_cira,-1,0b_v2,2026-04-26,,
M6B_L0_01692,0,normal,A,200,0.0,2,real_cira,-1,0b_v2,2026-04-26,,
M6B_L0_01693,0,normal,A,200,0.0,0,real_cira,-1,0b_v2,2026-04-26,,
M6B_L0_01694,0,normal,A,200,0.0,0,real_cira,-1,0b_v2,2026-04-26,,
M6B_L0_01695,0,normal,A,200,0.0,1,real_cira,-1,0b_v2,2026-04-26,,
M6B_L0_01696,0,normal,A,200,0.0,0,real_cira,-1,0b_v2,2026-04-26,,
M6B_L0_01697,0,normal,A,200,0.0,1,real_cira,-1,0b_v2,2026-04-26,,
M6B_L0_01698,0,normal,A,200,0.0,3,real_cira,-1,0b_v2,2026-04-26,,
M6B_L0_01699,0,normal,A,200,0.0,0,real_cira,-1,0b_v2,2026-04-26,,
M6B_L0_01700,0,normal,A,200,0.0,0,real_cira,-1,0b_v2,2026-04-26,,
M6B_L0_01701,0,normal,A,200,0.0,0,real_cira,-1,0b_v2,2026-04-26,,
M6B_L0_01702,0,normal,A,200,0.0,3,real_cira,-1,0b_v2,2026-04-26,,
M6B_L0_01703,0,normal,A,200,0.0,3,real_cira,-1,0b_v2,2026-04-26,,
M6B_L0_01704,0,normal,A,200,0.0,0,real_cira,-1,0b_v2,2026-04-26,,
M6B_L0_01705,0,normal,A,200,0.0,3,real_cira,-1,0b_v2,2026-04-26,,
M6B_L0_01706,0,normal,A,200,0.0,0,real_cira,-1,0b_v2,2026-04-26,,
M6B_L0_01707,0,normal,A,200,0.0,0,real_cira,-1,0b_v2,2026-04-26,,
M6B_L0_01708,0,normal,A,200,0.0,2,real_cira,-1,0b_v2,2026-04-26,,
M6B_L0_01709,0,normal,A,200,0.0,0,real_cira,-1,0b_v2,2026-04-26,,
M6B_L0_01710,0,normal,A,200,0.0,0,real_cira,-1,0b_v2,2026-04-26,,
M6B_L0_01711,0,normal,A,200,0.0,1,real_cira,-1,0b_v2,2026-04-26,,
M6B_L0_01712,0,normal,A,200,0.0,0,real_cira,-1,0b_v2,2026-04-26,,
M6B_L0_01713,0,normal,A,200,0.0,0,real_cira,-1,0b_v2,2026-04-26,,
M6B_L0_01714,0,normal,A,200,0.0,3,real_cira,-1,0b_v2,2026-04-26,,
M6B_L0_01715,0,normal,A,200,0.0,0,real_cira,-1,0b_v2,2026-04-26,,
M6B_L0_01716,0,normal,A,200,0.0,3,real_cira,-1,0b_v2,2026-04-26,,
M6B_L0_01717,0,normal,A,200,0.0,0,real_cira,-1,0b_v2,2026-04-26,,
M6B_L0_01718,0,normal,A,200,0.0,0,real_cira,-1,0b_v2,2026-04-26,,
M6B_L0_01719,0,normal,A,200,0.0,0,real_cira,-1,0b_v2,2026-04-26,,
M6B_L0_01720,0,normal,A,200,0.0,2,real_cira,-1,0b_v2,2026-04-26,,
M6B_L0_01721,0,normal,A,200,0.0,0,real_cira,-1,0b_v2,2026-04-26,,
M6B_L0_01722,0,normal,A,200,0.0,0,real_cira,-1,0b_v2,2026-04-26,,
M6B_L0_01723,0,normal,A,200,0.0,0,real_cira,-1,0b_v2,2026-04-26,,
M6B_L0_01724,0,normal,A,200,0.0,3,real_cira,-1,0b_v2,2026-04-26,,
M6B_L0_01725,0,normal,A,200,0.0,2,real_cira,-1,0b_v2,2026-04-26,,
M6B_L0_01726,0,normal,A,200,0.0,0,real_cira,-1,0b_v2,2026-04-26,,
M6B_L0_01727,0,normal,A,200,0.0,0,real_cira,-1,0b_v2,2026-04-26,,
M6B_L0_01728,0,normal,A,200,0.0,0,real_cira,-1,0b_v2,2026-04-26,,
M6B_L0_01729,0,normal,A,200,0.0,3,real_cira,-1,0b_v2,2026-04-26,,
M6B_L0_01730,0,normal,A,200,0.0,3,real_cira,-1,0b_v2,2026-04-26,,
M6B_L0_01731,0,normal,A,200,0.0,0,real_cira,-1,0b_v2,2026-04-26,,
M6B_L0_01732,0,normal,A,200,0.0,1,real_cira,-1,0b_v2,2026-04-26,,
M6B_L0_01733,0,normal,A,200,0.0,2,real_cira,-1,0b_v2,2026-04-26,,
M6B_L0_01734,0,normal,A,200,0.0,0,real_cira,-1,0b_v2,2026-04-26,,
M6B_L0_01735,0,normal,A,200,0.0,3,real_cira,-1,0b_v2,2026-04-26,,
M6B_L0_01736,0,normal,A,200,0.0,0,real_cira,-1,0b_v2,2026-04-26,,
M6B_L0_01737,0,normal,A,200,0.0,3,real_cira,-1,0b_v2,2026-04-26,,
M6B_L0_01738,0,normal,A,200,0.0,2,real_cira,-1,0b_v2,2026-04-26,,
M6B_L0_01739,0,normal,A,200,0.0,0,real_cira,-1,0b_v2,2026-04-26,,
M6B_L0_01740,0,normal,A,200,0.0,0,real_cira,-1,0b_v2,2026-04-26,,
M6B_L0_01741,0,normal,A,200,0.0,2,real_cira,-1,0b_v2,2026-04-26,,
M6B_L0_01742,0,normal,A,200,0.0,1,real_cira,-1,0b_v2,2026-04-26,,
M6B_L0_01743,0,normal,A,200,0.0,0,real_cira,-1,0b_v2,2026-04-26,,
M6B_L0_01744,0,normal,A,200,0.0,1,real_cira,-1,0b_v2,2026-04-26,,
M6B_L0_01745,0,normal,A,200,0.0,0,real_cira,-1,0b_v2,2026-04-26,,
M6B_L0_01746,0,normal,A,200,0.0,0,real_cira,-1,0b_v2,2026-04-26,,
M6B_L0_01747,0,normal,A,200,0.0,2,real_cira,-1,0b_v2,2026-04-26,,
M6B_L0_01748,0,normal,A,200,0.0,2,real_cira,-1,0b_v2,2026-04-26,,
M6B_L0_01749,0,normal,A,200,0.0,2,real_cira,-1,0b_v2,2026-04-26,,
M6B_L0_01750,0,normal,A,200,0.0,2,real_cira,-1,0b_v2,2026-04-26,,
M6B_L0_01751,0,normal,A,200,0.0,1,real_cira,-1,0b_v2,2026-04-26,,
M6B_L0_01752,0,normal,A,200,0.0,0,real_cira,-1,0b_v2,2026-04-26,,
M6B_L0_01753,0,normal,A,200,0.0,0,real_cira,-1,0b_v2,2026-04-26,,
M6B_L0_01754,0,normal,A,200,0.0,2,real_cira,-1,0b_v2,2026-04-26,,
M6B_L0_01755,0,normal,A,200,0.0,0,real_cira,-1,0b_v2,2026-04-26,,
M6B_L0_01756,0,normal,A,200,0.0,0,real_cira,-1,0b_v2,2026-04-26,,
M6B_L0_01757,0,normal,A,200,0.0,0,real_cira,-1,0b_v2,2026-04-26,,
M6B_L0_01758,0,normal,A,200,0.0,3,real_cira,-1,0b_v2,2026-04-26,,
M6B_L0_01759,0,normal,A,200,0.0,0,real_cira,-1,0b_v2,2026-04-26,,
M6B_L0_01760,0,normal,A,200,0.0,2,real_cira,-1,0b_v2,2026-04-26,,
M6B_L0_01761,0,normal,A,200,0.0,3,real_cira,-1,0b_v2,2026-04-26,,
M6B_L0_01762,0,normal,A,200,0.0,0,real_cira,-1,0b_v2,2026-04-26,,
M6B_L0_01763,0,normal,A,200,0.0,2,real_cira,-1,0b_v2,2026-04-26,,
M6B_L0_01764,0,normal,A,200,0.0,0,real_cira,-1,0b_v2,2026-04-26,,
M6B_L0_01765,0,normal,A,200,0.0,3,real_cira,-1,0b_v2,2026-04-26,,
M6B_L0_01766,0,normal,A,200,0.0,0,real_cira,-1,0b_v2,2026-04-26,,
M6B_L0_01767,0,normal,A,200,0.0,0,real_cira,-1,0b_v2,2026-04-26,,
M6B_L0_01768,0,normal,A,200,0.0,0,real_cira,-1,0b_v2,2026-04-26,,
M6B_L0_01769,0,normal,A,200,0.0,0,real_cira,-1,0b_v2,2026-04-26,,
M6B_L0_01770,0,normal,A,200,0.0,0,real_cira,-1,0b_v2,2026-04-26,,
M6B_L0_01771,0,normal,A,200,0.0,0,real_cira,-1,0b_v2,2026-04-26,,
M6B_L0_01772,0,normal,A,200,0.0,0,real_cira,-1,0b_v2,2026-04-26,,
M6B_L0_01773,0,normal,A,200,0.0,0,real_cira,-1,0b_v2,2026-04-26,,
M6B_L0_01774,0,normal,A,200,0.0,0,real_cira,-1,0b_v2,2026-04-26,,
M6B_L0_01775,0,normal,A,200,0.0,3,real_cira,-1,0b_v2,2026-04-26,,
M6B_L0_01776,0,normal,A,200,0.0,2,real_cira,-1,0b_v2,2026-04-26,,
M6B_L0_01777,0,normal,A,200,0.0,3,real_cira,-1,0b_v2,2026-04-26,,
M6B_L0_01778,0,normal,A,200,0.0,0,real_cira,-1,0b_v2,2026-04-26,,
M6B_L0_01779,0,normal,A,200,0.0,3,real_cira,-1,0b_v2,2026-04-26,,
M6B_L0_01780,0,normal,A,200,0.0,2,real_cira,-1,0b_v2,2026-04-26,,
M6B_L0_01781,0,normal,A,200,0.0,0,real_cira,-1,0b_v2,2026-04-26,,
M6B_L0_01782,0,normal,A,200,0.0,3,real_cira,-1,0b_v2,2026-04-26,,
M6B_L0_01783,0,normal,A,200,0.0,1,real_cira,-1,0b_v2,2026-04-26,,
M6B_L0_01784,0,normal,A,200,0.0,3,real_cira,-1,0b_v2,2026-04-26,,
M6B_L0_01785,0,normal,A,200,0.0,0,real_cira,-1,0b_v2,2026-04-26,,
M6B_L0_01786,0,normal,A,200,0.0,0,real_cira,-1,0b_v2,2026-04-26,,
M6B_L0_01787,0,normal,A,200,0.0,0,real_cira,-1,0b_v2,2026-04-26,,
M6B_L0_01788,0,normal,A,200,0.0,0,real_cira,-1,0b_v2,2026-04-26,,
M6B_L0_01789,0,normal,A,200,0.0,0,real_cira,-1,0b_v2,2026-04-26,,
M6B_L0_01790,0,normal,A,200,0.0,0,real_cira,-1,0b_v2,2026-04-26,,
M6B_L0_01791,0,normal,A,200,0.0,0,real_cira,-1,0b_v2,2026-04-26,,
M6B_L0_01792,0,normal,A,200,0.0,2,real_cira,-1,0b_v2,2026-04-26,,
M6B_L0_01793,0,normal,A,200,0.0,0,real_cira,-1,0b_v2,2026-04-26,,
M6B_L0_01794,0,normal,A,200,0.0,2,real_cira,-1,0b_v2,2026-04-26,,
M6B_L0_01795,0,normal,A,200,0.0,0,real_cira,-1,0b_v2,2026-04-26,,
M6B_L0_01796,0,normal,A,200,0.0,1,real_cira,-1,0b_v2,2026-04-26,,
M6B_L0_01797,0,normal,A,200,0.0,0,real_cira,-1,0b_v2,2026-04-26,,
M6B_L0_01798,0,normal,A,200,0.0,2,real_cira,-1,0b_v2,2026-04-26,,
M6B_L0_01799,0,normal,A,200,0.0,3,real_cira,-1,0b_v2,2026-04-26,,
M6B_L0_01800,0,normal,A,200,0.0,0,real_cira,-1,0b_v2,2026-04-26,,
M6B_L0_01801,0,normal,A,200,0.0,3,real_cira,-1,0b_v2,2026-04-26,,
M6B_L0_01802,0,normal,A,200,0.0,2,real_cira,-1,0b_v2,2026-04-26,,
M6B_L0_01803,0,normal,A,200,0.0,3,real_cira,-1,0b_v2,2026-04-26,,
M6B_L0_01804,0,normal,A,200,0.0,0,real_cira,-1,0b_v2,2026-04-26,,
M6B_L0_01805,0,normal,A,200,0.0,1,real_cira,-1,0b_v2,2026-04-26,,
M6B_L0_01806,0,normal,A,200,0.0,0,real_cira,-1,0b_v2,2026-04-26,,
M6B_L0_01807,0,normal,A,200,0.0,0,real_cira,-1,0b_v2,2026-04-26,,
M6B_L0_01808,0,normal,A,200,0.0,0,real_cira,-1,0b_v2,2026-04-26,,
M6B_L0_01809,0,normal,A,200,0.0,0,real_cira,-1,0b_v2,2026-04-26,,
M6B_L0_01810,0,normal,A,200,0.0,3,real_cira,-1,0b_v2,2026-04-26,,
M6B_L0_01811,0,normal,A,200,0.0,2,real_cira,-1,0b_v2,2026-04-26,,
M6B_L0_01812,0,normal,A,200,0.0,1,real_cira,-1,0b_v2,2026-04-26,,
M6B_L0_01813,0,normal,A,200,0.0,0,real_cira,-1,0b_v2,2026-04-26,,
M6B_L0_01814,0,normal,A,200,0.0,0,real_cira,-1,0b_v2,2026-04-26,,
M6B_L0_01815,0,normal,A,200,0.0,3,real_cira,-1,0b_v2,2026-04-26,,
M6B_L0_01816,0,normal,A,200,0.0,0,real_cira,-1,0b_v2,2026-04-26,,
M6B_L0_01817,0,normal,A,200,0.0,0,real_cira,-1,0b_v2,2026-04-26,,
M6B_L0_01818,0,normal,A,200,0.0,1,real_cira,-1,0b_v2,2026-04-26,,
M6B_L0_01819,0,normal,A,200,0.0,0,real_cira,-1,0b_v2,2026-04-26,,
M6B_L0_01820,0,normal,A,200,0.0,0,real_cira,-1,0b_v2,2026-04-26,,
M6B_L0_01821,0,normal,A,200,0.0,0,real_cira,-1,0b_v2,2026-04-26,,
M6B_L0_01822,0,normal,A,200,0.0,0,real_cira,-1,0b_v2,2026-04-26,,
M6B_L0_01823,0,normal,A,200,0.0,2,real_cira,-1,0b_v2,2026-04-26,,
M6B_L0_01824,0,normal,A,200,0.0,2,real_cira,-1,0b_v2,2026-04-26,,
M6B_L0_01825,0,normal,A,200,0.0,0,real_cira,-1,0b_v2,2026-04-26,,
M6B_L0_01826,0,normal,A,200,0.0,0,real_cira,-1,0b_v2,2026-04-26,,
M6B_L0_01827,0,normal,A,200,0.0,0,real_cira,-1,0b_v2,2026-04-26,,
M6B_L0_01828,0,normal,A,200,0.0,0,real_cira,-1,0b_v2,2026-04-26,,
M6B_L0_01829,0,normal,A,200,0.0,2,real_cira,-1,0b_v2,2026-04-26,,
M6B_L0_01830,0,normal,A,200,0.0,2,real_cira,-1,0b_v2,2026-04-26,,
M6B_L0_01831,0,normal,A,200,0.0,2,real_cira,-1,0b_v2,2026-04-26,,
M6B_L0_01832,0,normal,A,200,0.0,2,real_cira,-1,0b_v2,2026-04-26,,
M6B_L0_01833,0,normal,A,200,0.0,0,real_cira,-1,0b_v2,2026-04-26,,
M6B_L0_01834,0,normal,A,200,0.0,0,real_cira,-1,0b_v2,2026-04-26,,
M6B_L0_01835,0,normal,A,200,0.0,0,real_cira,-1,0b_v2,2026-04-26,,
M6B_L0_01836,0,normal,A,200,0.0,0,real_cira,-1,0b_v2,2026-04-26,,
M6B_L0_01837,0,normal,A,200,0.0,0,real_cira,-1,0b_v2,2026-04-26,,
M6B_L0_01838,0,normal,A,200,0.0,3,real_cira,-1,0b_v2,2026-04-26,,
M6B_L0_01839,0,normal,A,200,0.0,1,real_cira,-1,0b_v2,2026-04-26,,
M6B_L0_01840,0,normal,A,200,0.0,0,real_cira,-1,0b_v2,2026-04-26,,
M6B_L0_01841,0,normal,A,200,0.0,0,real_cira,-1,0b_v2,2026-04-26,,
M6B_L0_01842,0,normal,A,200,0.0,2,real_cira,-1,0b_v2,2026-04-26,,
M6B_L0_01843,0,normal,A,200,0.0,2,real_cira,-1,0b_v2,2026-04-26,,
M6B_L0_01844,0,normal,A,200,0.0,0,real_cira,-1,0b_v2,2026-04-26,,
M6B_L0_01845,0,normal,A,200,0.0,0,real_cira,-1,0b_v2,2026-04-26,,
M6B_L0_01846,0,normal,A,200,0.0,1,real_cira,-1,0b_v2,2026-04-26,,
M6B_L0_01847,0,normal,A,200,0.0,0,real_cira,-1,0b_v2,2026-04-26,,
M6B_L0_01848,0,normal,A,200,0.0,1,real_cira,-1,0b_v2,2026-04-26,,
M6B_L0_01849,0,normal,A,200,0.0,0,real_cira,-1,0b_v2,2026-04-26,,
M6B_L0_01850,0,normal,A,200,0.0,0,real_cira,-1,0b_v2,2026-04-26,,
M6B_L0_01851,0,normal,A,200,0.0,2,real_cira,-1,0b_v2,2026-04-26,,
M6B_L0_01852,0,normal,A,200,0.0,2,real_cira,-1,0b_v2,2026-04-26,,
M6B_L0_01853,0,normal,A,200,0.0,0,real_cira,-1,0b_v2,2026-04-26,,
M6B_L0_01854,0,normal,A,200,0.0,3,real_cira,-1,0b_v2,2026-04-26,,
M6B_L0_01855,0,normal,A,200,0.0,2,real_cira,-1,0b_v2,2026-04-26,,
M6B_L0_01856,0,normal,A,200,0.0,0,real_cira,-1,0b_v2,2026-04-26,,
M6B_L0_01857,0,normal,A,200,0.0,0,real_cira,-1,0b_v2,2026-04-26,,
M6B_L0_01858,0,normal,A,200,0.0,2,real_cira,-1,0b_v2,2026-04-26,,
M6B_L0_01859,0,normal,A,200,0.0,0,real_cira,-1,0b_v2,2026-04-26,,
M6B_L0_01860,0,normal,A,200,0.0,3,real_cira,-1,0b_v2,2026-04-26,,
M6B_L0_01861,0,normal,A,200,0.0,2,real_cira,-1,0b_v2,2026-04-26,,
M6B_L0_01862,0,normal,A,200,0.0,0,real_cira,-1,0b_v2,2026-04-26,,
M6B_L0_01863,0,normal,A,200,0.0,3,real_cira,-1,0b_v2,2026-04-26,,
M6B_L0_01864,0,normal,A,200,0.0,0,real_cira,-1,0b_v2,2026-04-26,,
M6B_L0_01865,0,normal,A,200,0.0,0,real_cira,-1,0b_v2,2026-04-26,,
M6B_L0_01866,0,normal,A,200,0.0,0,real_cira,-1,0b_v2,2026-04-26,,
M6B_L0_01867,0,normal,A,200,0.0,3,real_cira,-1,0b_v2,2026-04-26,,
M6B_L0_01868,0,normal,A,200,0.0,0,real_cira,-1,0b_v2,2026-04-26,,
M6B_L0_01869,0,normal,A,200,0.0,0,real_cira,-1,0b_v2,2026-04-26,,
M6B_L0_01870,0,normal,A,200,0.0,3,real_cira,-1,0b_v2,2026-04-26,,
M6B_L0_01871,0,normal,A,200,0.0,3,real_cira,-1,0b_v2,2026-04-26,,
M6B_L0_01872,0,normal,A,200,0.0,3,real_cira,-1,0b_v2,2026-04-26,,
M6B_L0_01873,0,normal,A,200,0.0,0,real_cira,-1,0b_v2,2026-04-26,,
M6B_L0_01874,0,normal,A,200,0.0,0,real_cira,-1,0b_v2,2026-04-26,,
M6B_L0_01875,0,normal,A,200,0.0,0,real_cira,-1,0b_v2,2026-04-26,,
M6B_L0_01876,0,normal,A,200,0.0,2,real_cira,-1,0b_v2,2026-04-26,,
M6B_L0_01877,0,normal,A,200,0.0,0,real_cira,-1,0b_v2,2026-04-26,,
M6B_L0_01878,0,normal,A,200,0.0,0,real_cira,-1,0b_v2,2026-04-26,,
M6B_L0_01879,0,normal,A,200,0.0,0,real_cira,-1,0b_v2,2026-04-26,,
M6B_L0_01880,0,normal,A,200,0.0,3,real_cira,-1,0b_v2,2026-04-26,,
M6B_L0_01881,0,normal,A,200,0.0,2,real_cira,-1,0b_v2,2026-04-26,,
M6B_L0_01882,0,normal,A,200,0.0,2,real_cira,-1,0b_v2,2026-04-26,,
M6B_L0_01883,0,normal,A,200,0.0,0,real_cira,-1,0b_v2,2026-04-26,,
M6B_L0_01884,0,normal,A,200,0.0,2,real_cira,-1,0b_v2,2026-04-26,,
M6B_L0_01885,0,normal,A,200,0.0,2,real_cira,-1,0b_v2,2026-04-26,,
M6B_L0_01886,0,normal,A,200,0.0,0,real_cira,-1,0b_v2,2026-04-26,,
M6B_L0_01887,0,normal,A,200,0.0,0,real_cira,-1,0b_v2,2026-04-26,,
M6B_L0_01888,0,normal,A,200,0.0,0,real_cira,-1,0b_v2,2026-04-26,,
M6B_L0_01889,0,normal,A,200,0.0,0,real_cira,-1,0b_v2,2026-04-26,,
M6B_L0_01890,0,normal,A,200,0.0,2,real_cira,-1,0b_v2,2026-04-26,,
M6B_L0_01891,0,normal,A,200,0.0,0,real_cira,-1,0b_v2,2026-04-26,,
M6B_L0_01892,0,normal,A,200,0.0,3,real_cira,-1,0b_v2,2026-04-26,,
M6B_L0_01893,0,normal,A,200,0.0,3,real_cira,-1,0b_v2,2026-04-26,,
M6B_L0_01894,0,normal,A,200,0.0,0,real_cira,-1,0b_v2,2026-04-26,,
M6B_L0_01895,0,normal,A,200,0.0,0,real_cira,-1,0b_v2,2026-04-26,,
M6B_L0_01896,0,normal,A,200,0.0,2,real_cira,-1,0b_v2,2026-04-26,,
M6B_L0_01897,0,normal,A,200,0.0,1,real_cira,-1,0b_v2,2026-04-26,,
M6B_L0_01898,0,normal,A,200,0.0,0,real_cira,-1,0b_v2,2026-04-26,,
M6B_L0_01899,0,normal,A,200,0.0,1,real_cira,-1,0b_v2,2026-04-26,,
M6B_L0_01900,0,normal,A,200,0.0,1,real_cira,-1,0b_v2,2026-04-26,,
M6B_L0_01901,0,normal,A,200,0.0,0,real_cira,-1,0b_v2,2026-04-26,,
M6B_L0_01902,0,normal,A,200,0.0,3,real_cira,-1,0b_v2,2026-04-26,,
M6B_L0_01903,0,normal,A,200,0.0,3,real_cira,-1,0b_v2,2026-04-26,,
M6B_L0_01904,0,normal,A,200,0.0,1,real_cira,-1,0b_v2,2026-04-26,,
M6B_L0_01905,0,normal,A,200,0.0,0,real_cira,-1,0b_v2,2026-04-26,,
M6B_L0_01906,0,normal,A,200,0.0,0,real_cira,-1,0b_v2,2026-04-26,,
M6B_L0_01907,0,normal,A,200,0.0,2,real_cira,-1,0b_v2,2026-04-26,,
M6B_L0_01908,0,normal,A,200,0.0,0,real_cira,-1,0b_v2,2026-04-26,,
M6B_L0_01909,0,normal,A,200,0.0,2,real_cira,-1,0b_v2,2026-04-26,,
M6B_L0_01910,0,normal,A,200,0.0,0,real_cira,-1,0b_v2,2026-04-26,,
M6B_L0_01911,0,normal,A,200,0.0,0,real_cira,-1,0b_v2,2026-04-26,,
M6B_L0_01912,0,normal,A,200,0.0,0,real_cira,-1,0b_v2,2026-04-26,,
M6B_L0_01913,0,normal,A,200,0.0,0,real_cira,-1,0b_v2,2026-04-26,,
M6B_L0_01914,0,normal,A,200,0.0,0,real_cira,-1,0b_v2,2026-04-26,,
M6B_L0_01915,0,normal,A,200,0.0,0,real_cira,-1,0b_v2,2026-04-26,,
M6B_L0_01916,0,normal,A,200,0.0,0,real_cira,-1,0b_v2,2026-04-26,,
M6B_L0_01917,0,normal,A,200,0.0,3,real_cira,-1,0b_v2,2026-04-26,,
M6B_L0_01918,0,normal,A,200,0.0,0,real_cira,-1,0b_v2,2026-04-26,,
M6B_L0_01919,0,normal,A,200,0.0,2,real_cira,-1,0b_v2,2026-04-26,,
M6B_L0_01920,0,normal,A,200,0.0,2,real_cira,-1,0b_v2,2026-04-26,,
M6B_L0_01921,0,normal,A,200,0.0,0,real_cira,-1,0b_v2,2026-04-26,,
M6B_L0_01922,0,normal,A,200,0.0,2,real_cira,-1,0b_v2,2026-04-26,,
M6B_L0_01923,0,normal,A,200,0.0,0,real_cira,-1,0b_v2,2026-04-26,,
M6B_L0_01924,0,normal,A,200,0.0,0,real_cira,-1,0b_v2,2026-04-26,,
M6B_L0_01925,0,normal,A,200,0.0,2,real_cira,-1,0b_v2,2026-04-26,,
M6B_L0_01926,0,normal,A,200,0.0,0,real_cira,-1,0b_v2,2026-04-26,,
M6B_L0_01927,0,normal,A,200,0.0,3,real_cira,-1,0b_v2,2026-04-26,,
M6B_L0_01928,0,normal,A,200,0.0,2,real_cira,-1,0b_v2,2026-04-26,,
M6B_L0_01929,0,normal,A,200,0.0,2,real_cira,-1,0b_v2,2026-04-26,,
M6B_L0_01930,0,normal,A,200,0.0,0,real_cira,-1,0b_v2,2026-04-26,,
M6B_L0_01931,0,normal,A,200,0.0,0,real_cira,-1,0b_v2,2026-04-26,,
M6B_L0_01932,0,normal,A,200,0.0,0,real_cira,-1,0b_v2,2026-04-26,,
M6B_L0_01933,0,normal,A,200,0.0,2,real_cira,-1,0b_v2,2026-04-26,,
M6B_L0_01934,0,normal,A,200,0.0,0,real_cira,-1,0b_v2,2026-04-26,,
M6B_L0_01935,0,normal,A,200,0.0,3,real_cira,-1,0b_v2,2026-04-26,,
M6B_L0_01936,0,normal,A,200,0.0,0,real_cira,-1,0b_v2,2026-04-26,,
M6B_L0_01937,0,normal,A,200,0.0,0,real_cira,-1,0b_v2,2026-04-26,,
M6B_L0_01938,0,normal,A,200,0.0,2,real_cira,-1,0b_v2,2026-04-26,,
M6B_L0_01939,0,normal,A,200,0.0,3,real_cira,-1,0b_v2,2026-04-26,,
M6B_L0_01940,0,normal,A,200,0.0,0,real_cira,-1,0b_v2,2026-04-26,,
M6B_L0_01941,0,normal,A,200,0.0,0,real_cira,-1,0b_v2,2026-04-26,,
M6B_L0_01942,0,normal,A,200,0.0,0,real_cira,-1,0b_v2,2026-04-26,,
M6B_L0_01943,0,normal,A,200,0.0,0,real_cira,-1,0b_v2,2026-04-26,,
M6B_L0_01944,0,normal,A,200,0.0,2,real_cira,-1,0b_v2,2026-04-26,,
M6B_L0_01945,0,normal,A,200,0.0,0,real_cira,-1,0b_v2,2026-04-26,,
M6B_L0_01946,0,normal,A,200,0.0,2,real_cira,-1,0b_v2,2026-04-26,,
M6B_L0_01947,0,normal,A,200,0.0,2,real_cira,-1,0b_v2,2026-04-26,,
M6B_L0_01948,0,normal,A,200,0.0,0,real_cira,-1,0b_v2,2026-04-26,,
M6B_L0_01949,0,normal,A,200,0.0,3,real_cira,-1,0b_v2,2026-04-26,,
M6B_L0_01950,0,normal,A,200,0.0,0,real_cira,-1,0b_v2,2026-04-26,,
M6B_L0_01951,0,normal,A,200,0.0,0,real_cira,-1,0b_v2,2026-04-26,,
M6B_L0_01952,0,normal,A,200,0.0,0,real_cira,-1,0b_v2,2026-04-26,,
M6B_L0_01953,0,normal,A,200,0.0,1,real_cira,-1,0b_v2,2026-04-26,,
M6B_L0_01954,0,normal,A,200,0.0,0,real_cira,-1,0b_v2,2026-04-26,,
M6B_L0_01955,0,normal,A,200,0.0,0,real_cira,-1,0b_v2,2026-04-26,,
M6B_L0_01956,0,normal,A,200,0.0,1,real_cira,-1,0b_v2,2026-04-26,,
M6B_L0_01957,0,normal,A,200,0.0,0,real_cira,-1,0b_v2,2026-04-26,,
M6B_L0_01958,0,normal,A,200,0.0,2,real_cira,-1,0b_v2,2026-04-26,,
M6B_L0_01959,0,normal,A,200,0.0,3,real_cira,-1,0b_v2,2026-04-26,,
M6B_L0_01960,0,normal,A,200,0.0,0,real_cira,-1,0b_v2,2026-04-26,,
M6B_L0_01961,0,normal,A,200,0.0,0,real_cira,-1,0b_v2,2026-04-26,,
M6B_L0_01962,0,normal,A,200,0.0,2,real_cira,-1,0b_v2,2026-04-26,,
M6B_L0_01963,0,normal,A,200,0.0,2,real_cira,-1,0b_v2,2026-04-26,,
M6B_L0_01964,0,normal,A,200,0.0,2,real_cira,-1,0b_v2,2026-04-26,,
M6B_L0_01965,0,normal,A,200,0.0,0,real_cira,-1,0b_v2,2026-04-26,,
M6B_L0_01966,0,normal,A,200,0.0,3,real_cira,-1,0b_v2,2026-04-26,,
M6B_L0_01967,0,normal,A,200,0.0,3,real_cira,-1,0b_v2,2026-04-26,,
M6B_L0_01968,0,normal,A,200,0.0,0,real_cira,-1,0b_v2,2026-04-26,,
M6B_L0_01969,0,normal,A,200,0.0,0,real_cira,-1,0b_v2,2026-04-26,,
M6B_L0_01970,0,normal,A,200,0.0,0,real_cira,-1,0b_v2,2026-04-26,,
M6B_L0_01971,0,normal,A,200,0.0,0,real_cira,-1,0b_v2,2026-04-26,,
M6B_L0_01972,0,normal,A,200,0.0,3,real_cira,-1,0b_v2,2026-04-26,,
M6B_L0_01973,0,normal,A,200,0.0,0,real_cira,-1,0b_v2,2026-04-26,,
M6B_L0_01974,0,normal,A,200,0.0,0,real_cira,-1,0b_v2,2026-04-26,,
M6B_L0_01975,0,normal,A,200,0.0,1,real_cira,-1,0b_v2,2026-04-26,,
M6B_L0_01976,0,normal,A,200,0.0,0,real_cira,-1,0b_v2,2026-04-26,,
M6B_L0_01977,0,normal,A,200,0.0,2,real_cira,-1,0b_v2,2026-04-26,,
M6B_L0_01978,0,normal,A,200,0.0,0,real_cira,-1,0b_v2,2026-04-26,,
M6B_L0_01979,0,normal,A,200,0.0,2,real_cira,-1,0b_v2,2026-04-26,,
M6B_L0_01980,0,normal,A,200,0.0,0,real_cira,-1,0b_v2,2026-04-26,,
M6B_L0_01981,0,normal,A,200,0.0,3,real_cira,-1,0b_v2,2026-04-26,,
M6B_L0_01982,0,normal,A,200,0.0,0,real_cira,-1,0b_v2,2026-04-26,,
M6B_L0_01983,0,normal,A,200,0.0,3,real_cira,-1,0b_v2,2026-04-26,,
M6B_L0_01984,0,normal,A,200,0.0,0,real_cira,-1,0b_v2,2026-04-26,,
M6B_L0_01985,0,normal,A,200,0.0,3,real_cira,-1,0b_v2,2026-04-26,,
M6B_L0_01986,0,normal,A,200,0.0,3,real_cira,-1,0b_v2,2026-04-26,,
M6B_L0_01987,0,normal,A,200,0.0,3,real_cira,-1,0b_v2,2026-04-26,,
M6B_L0_01988,0,normal,A,200,0.0,2,real_cira,-1,0b_v2,2026-04-26,,
M6B_L0_01989,0,normal,A,200,0.0,0,real_cira,-1,0b_v2,2026-04-26,,
M6B_L0_01990,0,normal,A,200,0.0,0,real_cira,-1,0b_v2,2026-04-26,,
M6B_L0_01991,0,normal,A,200,0.0,2,real_cira,-1,0b_v2,2026-04-26,,
M6B_L0_01992,0,normal,A,200,0.0,2,real_cira,-1,0b_v2,2026-04-26,,
M6B_L0_01993,0,normal,A,200,0.0,0,real_cira,-1,0b_v2,2026-04-26,,
M6B_L0_01994,0,normal,A,200,0.0,2,real_cira,-1,0b_v2,2026-04-26,,
M6B_L0_01995,0,normal,A,200,0.0,0,real_cira,-1,0b_v2,2026-04-26,,
M6B_L0_01996,0,normal,A,200,0.0,0,real_cira,-1,0b_v2,2026-04-26,,
M6B_L0_01997,0,normal,A,200,0.0,0,real_cira,-1,0b_v2,2026-04-26,,
M6B_L0_01998,0,normal,A,200,0.0,0,real_cira,-1,0b_v2,2026-04-26,,
M6B_L0_01999,0,normal,A,200,0.0,0,real_cira,-1,0b_v2,2026-04-26,,
M6B_L2_00000,2,impeller_imbalance,A,200,0.721839427947998,3,m6b_physics_lib_v2,-1,0b_v2,2026-04-26,,
M6B_L2_00001,2,impeller_imbalance,A,200,0.23502026498317719,3,m6b_physics_lib_v2,-1,0b_v2,2026-04-26,,
M6B_L2_00002,2,impeller_imbalance,A,200,0.21602366864681244,1,m6b_physics_lib_v2,-1,0b_v2,2026-04-26,,
M6B_L2_00003,2,impeller_imbalance,A,200,0.8713700771331787,3,m6b_physics_lib_v2,-1,0b_v2,2026-04-26,,
M6B_L2_00004,2,impeller_imbalance,A,200,0.6697144508361816,1,m6b_physics_lib_v2,-1,0b_v2,2026-04-26,,
M6B_L2_00005,2,impeller_imbalance,A,200,0.3797641694545746,3,m6b_physics_lib_v2,-1,0b_v2,2026-04-26,,
M6B_L2_00006,2,impeller_imbalance,A,200,0.801433801651001,1,m6b_physics_lib_v2,-1,0b_v2,2026-04-26,,
M6B_L2_00007,2,impeller_imbalance,A,200,0.4109537601470947,3,m6b_physics_lib_v2,-1,0b_v2,2026-04-26,,
M6B_L2_00008,2,impeller_imbalance,A,200,0.5359823107719421,1,m6b_physics_lib_v2,-1,0b_v2,2026-04-26,,
M6B_L2_00009,2,impeller_imbalance,A,200,0.5608251094818115,1,m6b_physics_lib_v2,-1,0b_v2,2026-04-26,,
M6B_L2_00010,2,impeller_imbalance,A,200,0.9642516374588013,3,m6b_physics_lib_v2,-1,0b_v2,2026-04-26,,
M6B_L2_00011,2,impeller_imbalance,A,200,0.9135213494300842,3,m6b_physics_lib_v2,-1,0b_v2,2026-04-26,,
M6B_L2_00012,2,impeller_imbalance,A,200,0.42290642857551575,1,m6b_physics_lib_v2,-1,0b_v2,2026-04-26,,
M6B_L2_00013,2,impeller_imbalance,A,200,0.42282745242118835,3,m6b_physics_lib_v2,-1,0b_v2,2026-04-26,,
M6B_L2_00014,2,impeller_imbalance,A,200,0.5375996828079224,3,m6b_physics_lib_v2,-1,0b_v2,2026-04-26,,
M6B_L2_00015,2,impeller_imbalance,A,200,0.20326218008995056,3,m6b_physics_lib_v2,-1,0b_v2,2026-04-26,,
M6B_L2_00016,2,impeller_imbalance,A,200,0.44713902473449707,1,m6b_physics_lib_v2,-1,0b_v2,2026-04-26,,
M6B_L2_00017,2,impeller_imbalance,A,200,0.9614031910896301,1,m6b_physics_lib_v2,-1,0b_v2,2026-04-26,,
M6B_L2_00018,2,impeller_imbalance,A,200,0.870563805103302,3,m6b_physics_lib_v2,-1,0b_v2,2026-04-26,,
M6B_L2_00019,2,impeller_imbalance,A,200,0.6281026005744934,1,m6b_physics_lib_v2,-1,0b_v2,2026-04-26,,
M6B_L2_00020,2,impeller_imbalance,A,200,0.5883908271789551,3,m6b_physics_lib_v2,-1,0b_v2,2026-04-26,,
M6B_L2_00021,2,impeller_imbalance,A,200,0.9561013579368591,3,m6b_physics_lib_v2,-1,0b_v2,2026-04-26,,
M6B_L2_00022,2,impeller_imbalance,A,200,0.67453932762146,3,m6b_physics_lib_v2,-1,0b_v2,2026-04-26,,
M6B_L2_00023,2,impeller_imbalance,A,200,0.9542943239212036,1,m6b_physics_lib_v2,-1,0b_v2,2026-04-26,,
M6B_L2_00024,2,impeller_imbalance,A,200,0.9983053803443909,3,m6b_physics_lib_v2,-1,0b_v2,2026-04-26,,
M6B_L2_00025,2,impeller_imbalance,A,200,0.22701172530651093,3,m6b_physics_lib_v2,-1,0b_v2,2026-04-26,,
M6B_L2_00026,2,impeller_imbalance,A,200,0.2948484718799591,3,m6b_physics_lib_v2,-1,0b_v2,2026-04-26,,
M6B_L2_00027,2,impeller_imbalance,A,200,0.8089590668678284,1,m6b_physics_lib_v2,-1,0b_v2,2026-04-26,,
M6B_L2_00028,2,impeller_imbalance,A,200,0.30090996623039246,3,m6b_physics_lib_v2,-1,0b_v2,2026-04-26,,
M6B_L2_00029,2,impeller_imbalance,A,200,0.47347429394721985,1,m6b_physics_lib_v2,-1,0b_v2,2026-04-26,,
M6B_L2_00030,2,impeller_imbalance,A,200,0.44001543521881104,1,m6b_physics_lib_v2,-1,0b_v2,2026-04-26,,
M6B_L2_00031,2,impeller_imbalance,A,200,0.6408360600471497,1,m6b_physics_lib_v2,-1,0b_v2,2026-04-26,,
M6B_L2_00032,2,impeller_imbalance,A,200,0.24049581587314606,1,m6b_physics_lib_v2,-1,0b_v2,2026-04-26,,
M6B_L2_00033,2,impeller_imbalance,A,200,0.5607762932777405,3,m6b_physics_lib_v2,-1,0b_v2,2026-04-26,,
M6B_L2_00034,2,impeller_imbalance,A,200,0.6443332433700562,1,m6b_physics_lib_v2,-1,0b_v2,2026-04-26,,
M6B_L2_00035,2,impeller_imbalance,A,200,0.29533642530441284,3,m6b_physics_lib_v2,-1,0b_v2,2026-04-26,,
M6B_L2_00036,2,impeller_imbalance,A,200,0.47314006090164185,3,m6b_physics_lib_v2,-1,0b_v2,2026-04-26,,
M6B_L2_00037,2,impeller_imbalance,A,200,0.6036413908004761,1,m6b_physics_lib_v2,-1,0b_v2,2026-04-26,,
M6B_L2_00038,2,impeller_imbalance,A,200,0.4431720972061157,3,m6b_physics_lib_v2,-1,0b_v2,2026-04-26,,
M6B_L2_00039,2,impeller_imbalance,A,200,0.5342690944671631,1,m6b_physics_lib_v2,-1,0b_v2,2026-04-26,,
M6B_L2_00040,2,impeller_imbalance,A,200,0.5316488146781921,1,m6b_physics_lib_v2,-1,0b_v2,2026-04-26,,
M6B_L2_00041,2,impeller_imbalance,A,200,0.27465108036994934,1,m6b_physics_lib_v2,-1,0b_v2,2026-04-26,,
M6B_L2_00042,2,impeller_imbalance,A,200,0.6703971028327942,1,m6b_physics_lib_v2,-1,0b_v2,2026-04-26,,
M6B_L2_00043,2,impeller_imbalance,A,200,0.2592446804046631,3,m6b_physics_lib_v2,-1,0b_v2,2026-04-26,,
M6B_L2_00044,2,impeller_imbalance,A,200,0.6644155383110046,1,m6b_physics_lib_v2,-1,0b_v2,2026-04-26,,
M6B_L2_00045,2,impeller_imbalance,A,200,0.26629722118377686,3,m6b_physics_lib_v2,-1,0b_v2,2026-04-26,,
M6B_L2_00046,2,impeller_imbalance,A,200,0.6312990784645081,1,m6b_physics_lib_v2,-1,0b_v2,2026-04-26,,
M6B_L2_00047,2,impeller_imbalance,A,200,0.8806151747703552,1,m6b_physics_lib_v2,-1,0b_v2,2026-04-26,,
M6B_L2_00048,2,impeller_imbalance,A,200,0.4310370087623596,3,m6b_physics_lib_v2,-1,0b_v2,2026-04-26,,
M6B_L2_00049,2,impeller_imbalance,A,200,0.2661958932876587,1,m6b_physics_lib_v2,-1,0b_v2,2026-04-26,,
M6B_L2_00050,2,impeller_imbalance,A,200,0.4563840627670288,1,m6b_physics_lib_v2,-1,0b_v2,2026-04-26,,
M6B_L2_00051,2,impeller_imbalance,A,200,0.5395993590354919,1,m6b_physics_lib_v2,-1,0b_v2,2026-04-26,,
M6B_L2_00052,2,impeller_imbalance,A,200,0.6897324919700623,3,m6b_physics_lib_v2,-1,0b_v2,2026-04-26,,
M6B_L2_00053,2,impeller_imbalance,A,200,0.32122546434402466,1,m6b_physics_lib_v2,-1,0b_v2,2026-04-26,,
M6B_L2_00054,2,impeller_imbalance,A,200,0.2031690925359726,3,m6b_physics_lib_v2,-1,0b_v2,2026-04-26,,
M6B_L2_00055,2,impeller_imbalance,A,200,0.874465823173523,1,m6b_physics_lib_v2,-1,0b_v2,2026-04-26,,
M6B_L2_00056,2,impeller_imbalance,A,200,0.5640714764595032,3,m6b_physics_lib_v2,-1,0b_v2,2026-04-26,,
M6B_L2_00057,2,impeller_imbalance,A,200,0.658904492855072,3,m6b_physics_lib_v2,-1,0b_v2,2026-04-26,,
M6B_L2_00058,2,impeller_imbalance,A,200,0.8410625457763672,1,m6b_physics_lib_v2,-1,0b_v2,2026-04-26,,
M6B_L2_00059,2,impeller_imbalance,A,200,0.8105976581573486,3,m6b_physics_lib_v2,-1,0b_v2,2026-04-26,,
M6B_L2_00060,2,impeller_imbalance,A,200,0.8895472288131714,1,m6b_physics_lib_v2,-1,0b_v2,2026-04-26,,
M6B_L2_00061,2,impeller_imbalance,A,200,0.45756083726882935,3,m6b_physics_lib_v2,-1,0b_v2,2026-04-26,,
M6B_L2_00062,2,impeller_imbalance,A,200,0.3550356328487396,1,m6b_physics_lib_v2,-1,0b_v2,2026-04-26,,
M6B_L2_00063,2,impeller_imbalance,A,200,0.21016286313533783,3,m6b_physics_lib_v2,-1,0b_v2,2026-04-26,,
M6B_L2_00064,2,impeller_imbalance,A,200,0.5168456435203552,1,m6b_physics_lib_v2,-1,0b_v2,2026-04-26,,
M6B_L2_00065,2,impeller_imbalance,A,200,0.6852040886878967,1,m6b_physics_lib_v2,-1,0b_v2,2026-04-26,,
M6B_L2_00066,2,impeller_imbalance,A,200,0.6532140970230103,3,m6b_physics_lib_v2,-1,0b_v2,2026-04-26,,
M6B_L2_00067,2,impeller_imbalance,A,200,0.9030529856681824,1,m6b_physics_lib_v2,-1,0b_v2,2026-04-26,,
M6B_L2_00068,2,impeller_imbalance,A,200,0.8622226715087891,1,m6b_physics_lib_v2,-1,0b_v2,2026-04-26,,
M6B_L2_00069,2,impeller_imbalance,A,200,0.5972282290458679,3,m6b_physics_lib_v2,-1,0b_v2,2026-04-26,,
M6B_L2_00070,2,impeller_imbalance,A,200,0.2981528341770172,3,m6b_physics_lib_v2,-1,0b_v2,2026-04-26,,
M6B_L2_00071,2,impeller_imbalance,A,200,0.6004613041877747,1,m6b_physics_lib_v2,-1,0b_v2,2026-04-26,,
M6B_L2_00072,2,impeller_imbalance,A,200,0.9355888962745667,1,m6b_physics_lib_v2,-1,0b_v2,2026-04-26,,
M6B_L2_00073,2,impeller_imbalance,A,200,0.9046846628189087,1,m6b_physics_lib_v2,-1,0b_v2,2026-04-26,,
M6B_L2_00074,2,impeller_imbalance,A,200,0.7392604947090149,1,m6b_physics_lib_v2,-1,0b_v2,2026-04-26,,
M6B_L2_00075,2,impeller_imbalance,A,200,0.7271245718002319,1,m6b_physics_lib_v2,-1,0b_v2,2026-04-26,,
M6B_L2_00076,2,impeller_imbalance,A,200,0.8632256984710693,3,m6b_physics_lib_v2,-1,0b_v2,2026-04-26,,
M6B_L2_00077,2,impeller_imbalance,A,200,0.7496307492256165,3,m6b_physics_lib_v2,-1,0b_v2,2026-04-26,,
M6B_L2_00078,2,impeller_imbalance,A,200,0.6993542909622192,1,m6b_physics_lib_v2,-1,0b_v2,2026-04-26,,
M6B_L2_00079,2,impeller_imbalance,A,200,0.521409273147583,3,m6b_physics_lib_v2,-1,0b_v2,2026-04-26,,
M6B_L2_00080,2,impeller_imbalance,A,200,0.5196053981781006,1,m6b_physics_lib_v2,-1,0b_v2,2026-04-26,,
M6B_L2_00081,2,impeller_imbalance,A,200,0.5890748500823975,3,m6b_physics_lib_v2,-1,0b_v2,2026-04-26,,
M6B_L2_00082,2,impeller_imbalance,A,200,0.9053839445114136,3,m6b_physics_lib_v2,-1,0b_v2,2026-04-26,,
M6B_L2_00083,2,impeller_imbalance,A,200,0.7132214903831482,1,m6b_physics_lib_v2,-1,0b_v2,2026-04-26,,
M6B_L2_00084,2,impeller_imbalance,A,200,0.8603719472885132,1,m6b_physics_lib_v2,-1,0b_v2,2026-04-26,,
M6B_L2_00085,2,impeller_imbalance,A,200,0.602144718170166,3,m6b_physics_lib_v2,-1,0b_v2,2026-04-26,,
M6B_L2_00086,2,impeller_imbalance,A,200,0.6291723251342773,1,m6b_physics_lib_v2,-1,0b_v2,2026-04-26,,
M6B_L2_00087,2,impeller_imbalance,A,200,0.7590343356132507,1,m6b_physics_lib_v2,-1,0b_v2,2026-04-26,,
M6B_L2_00088,2,impeller_imbalance,A,200,0.7556610107421875,1,m6b_physics_lib_v2,-1,0b_v2,2026-04-26,,
M6B_L2_00089,2,impeller_imbalance,A,200,0.37557876110076904,3,m6b_physics_lib_v2,-1,0b_v2,2026-04-26,,
M6B_L2_00090,2,impeller_imbalance,A,200,0.9415478110313416,3,m6b_physics_lib_v2,-1,0b_v2,2026-04-26,,
M6B_L2_00091,2,impeller_imbalance,A,200,0.3797389566898346,3,m6b_physics_lib_v2,-1,0b_v2,2026-04-26,,
M6B_L2_00092,2,impeller_imbalance,A,200,0.7265394330024719,1,m6b_physics_lib_v2,-1,0b_v2,2026-04-26,,
M6B_L2_00093,2,impeller_imbalance,A,200,0.48988404870033264,1,m6b_physics_lib_v2,-1,0b_v2,2026-04-26,,
M6B_L2_00094,2,impeller_imbalance,A,200,0.42520105838775635,3,m6b_physics_lib_v2,-1,0b_v2,2026-04-26,,
M6B_L2_00095,2,impeller_imbalance,A,200,0.9945808053016663,1,m6b_physics_lib_v2,-1,0b_v2,2026-04-26,,
M6B_L2_00096,2,impeller_imbalance,A,200,0.7436246871948242,1,m6b_physics_lib_v2,-1,0b_v2,2026-04-26,,
M6B_L2_00097,2,impeller_imbalance,A,200,0.42668744921684265,1,m6b_physics_lib_v2,-1,0b_v2,2026-04-26,,
M6B_L2_00098,2,impeller_imbalance,A,200,0.7817512154579163,3,m6b_physics_lib_v2,-1,0b_v2,2026-04-26,,
M6B_L2_00099,2,impeller_imbalance,A,200,0.8021208643913269,3,m6b_physics_lib_v2,-1,0b_v2,2026-04-26,,
M6B_L2_00100,2,impeller_imbalance,A,200,0.49029481410980225,1,m6b_physics_lib_v2,-1,0b_v2,2026-04-26,,
M6B_L2_00101,2,impeller_imbalance,A,200,0.9465317130088806,1,m6b_physics_lib_v2,-1,0b_v2,2026-04-26,,
M6B_L2_00102,2,impeller_imbalance,A,200,0.9755880832672119,3,m6b_physics_lib_v2,-1,0b_v2,2026-04-26,,
M6B_L2_00103,2,impeller_imbalance,A,200,0.412337988615036,1,m6b_physics_lib_v2,-1,0b_v2,2026-04-26,,
M6B_L2_00104,2,impeller_imbalance,A,200,0.7845509648323059,3,m6b_physics_lib_v2,-1,0b_v2,2026-04-26,,
M6B_L2_00105,2,impeller_imbalance,A,200,0.36152032017707825,1,m6b_physics_lib_v2,-1,0b_v2,2026-04-26,,
M6B_L2_00106,2,impeller_imbalance,A,200,0.37473538517951965,1,m6b_physics_lib_v2,-1,0b_v2,2026-04-26,,
M6B_L2_00107,2,impeller_imbalance,A,200,0.8181159496307373,3,m6b_physics_lib_v2,-1,0b_v2,2026-04-26,,
M6B_L2_00108,2,impeller_imbalance,A,200,0.9561725854873657,3,m6b_physics_lib_v2,-1,0b_v2,2026-04-26,,
M6B_L2_00109,2,impeller_imbalance,A,200,0.5967766046524048,3,m6b_physics_lib_v2,-1,0b_v2,2026-04-26,,
M6B_L2_00110,2,impeller_imbalance,A,200,0.45122504234313965,3,m6b_physics_lib_v2,-1,0b_v2,2026-04-26,,
M6B_L2_00111,2,impeller_imbalance,A,200,0.42584550380706787,1,m6b_physics_lib_v2,-1,0b_v2,2026-04-26,,
M6B_L2_00112,2,impeller_imbalance,A,200,0.563033938407898,1,m6b_physics_lib_v2,-1,0b_v2,2026-04-26,,
M6B_L2_00113,2,impeller_imbalance,A,200,0.712224543094635,1,m6b_physics_lib_v2,-1,0b_v2,2026-04-26,,
M6B_L2_00114,2,impeller_imbalance,A,200,0.9351916313171387,3,m6b_physics_lib_v2,-1,0b_v2,2026-04-26,,
M6B_L2_00115,2,impeller_imbalance,A,200,0.798015296459198,1,m6b_physics_lib_v2,-1,0b_v2,2026-04-26,,
M6B_L2_00116,2,impeller_imbalance,A,200,0.9036484956741333,3,m6b_physics_lib_v2,-1,0b_v2,2026-04-26,,
M6B_L2_00117,2,impeller_imbalance,A,200,0.8070682287216187,3,m6b_physics_lib_v2,-1,0b_v2,2026-04-26,,
M6B_L2_00118,2,impeller_imbalance,A,200,0.544313907623291,1,m6b_physics_lib_v2,-1,0b_v2,2026-04-26,,
M6B_L2_00119,2,impeller_imbalance,A,200,0.9627624154090881,1,m6b_physics_lib_v2,-1,0b_v2,2026-04-26,,
M6B_L2_00120,2,impeller_imbalance,A,200,0.6856203675270081,1,m6b_physics_lib_v2,-1,0b_v2,2026-04-26,,
M6B_L2_00121,2,impeller_imbalance,A,200,0.5625624060630798,1,m6b_physics_lib_v2,-1,0b_v2,2026-04-26,,
M6B_L2_00122,2,impeller_imbalance,A,200,0.7428781390190125,1,m6b_physics_lib_v2,-1,0b_v2,2026-04-26,,
M6B_L2_00123,2,impeller_imbalance,A,200,0.8027601838111877,1,m6b_physics_lib_v2,-1,0b_v2,2026-04-26,,
M6B_L2_00124,2,impeller_imbalance,A,200,0.657076358795166,1,m6b_physics_lib_v2,-1,0b_v2,2026-04-26,,
M6B_L2_00125,2,impeller_imbalance,A,200,0.5866796970367432,1,m6b_physics_lib_v2,-1,0b_v2,2026-04-26,,
M6B_L2_00126,2,impeller_imbalance,A,200,0.9311070442199707,3,m6b_physics_lib_v2,-1,0b_v2,2026-04-26,,
M6B_L2_00127,2,impeller_imbalance,A,200,0.6063270568847656,1,m6b_physics_lib_v2,-1,0b_v2,2026-04-26,,
M6B_L2_00128,2,impeller_imbalance,A,200,0.6304405331611633,1,m6b_physics_lib_v2,-1,0b_v2,2026-04-26,,
M6B_L2_00129,2,impeller_imbalance,A,200,0.9493135213851929,1,m6b_physics_lib_v2,-1,0b_v2,2026-04-26,,
M6B_L2_00130,2,impeller_imbalance,A,200,0.9689190983772278,3,m6b_physics_lib_v2,-1,0b_v2,2026-04-26,,
M6B_L2_00131,2,impeller_imbalance,A,200,0.7214468717575073,1,m6b_physics_lib_v2,-1,0b_v2,2026-04-26,,
M6B_L2_00132,2,impeller_imbalance,A,200,0.542569100856781,3,m6b_physics_lib_v2,-1,0b_v2,2026-04-26,,
M6B_L2_00133,2,impeller_imbalance,A,200,0.31577008962631226,1,m6b_physics_lib_v2,-1,0b_v2,2026-04-26,,
M6B_L2_00134,2,impeller_imbalance,A,200,0.279596209526062,1,m6b_physics_lib_v2,-1,0b_v2,2026-04-26,,
M6B_L2_00135,2,impeller_imbalance,A,200,0.4435077905654907,1,m6b_physics_lib_v2,-1,0b_v2,2026-04-26,,
M6B_L2_00136,2,impeller_imbalance,A,200,0.20797018706798553,3,m6b_physics_lib_v2,-1,0b_v2,2026-04-26,,
M6B_L2_00137,2,impeller_imbalance,A,200,0.8785102367401123,1,m6b_physics_lib_v2,-1,0b_v2,2026-04-26,,
M6B_L2_00138,2,impeller_imbalance,A,200,0.37896448373794556,3,m6b_physics_lib_v2,-1,0b_v2,2026-04-26,,
M6B_L2_00139,2,impeller_imbalance,A,200,0.32753992080688477,1,m6b_physics_lib_v2,-1,0b_v2,2026-04-26,,
M6B_L2_00140,2,impeller_imbalance,A,200,0.5936112403869629,1,m6b_physics_lib_v2,-1,0b_v2,2026-04-26,,
M6B_L2_00141,2,impeller_imbalance,A,200,0.7113869190216064,1,m6b_physics_lib_v2,-1,0b_v2,2026-04-26,,
M6B_L2_00142,2,impeller_imbalance,A,200,0.23227261006832123,1,m6b_physics_lib_v2,-1,0b_v2,2026-04-26,,
M6B_L2_00143,2,impeller_imbalance,A,200,0.30191460251808167,1,m6b_physics_lib_v2,-1,0b_v2,2026-04-26,,
M6B_L2_00144,2,impeller_imbalance,A,200,0.9678492546081543,1,m6b_physics_lib_v2,-1,0b_v2,2026-04-26,,
M6B_L2_00145,2,impeller_imbalance,A,200,0.6880370378494263,3,m6b_physics_lib_v2,-1,0b_v2,2026-04-26,,
M6B_L2_00146,2,impeller_imbalance,A,200,0.9463619589805603,1,m6b_physics_lib_v2,-1,0b_v2,2026-04-26,,
M6B_L2_00147,2,impeller_imbalance,A,200,0.3687058091163635,3,m6b_physics_lib_v2,-1,0b_v2,2026-04-26,,
M6B_L2_00148,2,impeller_imbalance,A,200,0.8402632474899292,1,m6b_physics_lib_v2,-1,0b_v2,2026-04-26,,
M6B_L2_00149,2,impeller_imbalance,A,200,0.3170585632324219,3,m6b_physics_lib_v2,-1,0b_v2,2026-04-26,,
M6B_L2_00150,2,impeller_imbalance,A,200,0.6967098712921143,1,m6b_physics_lib_v2,-1,0b_v2,2026-04-26,,
M6B_L2_00151,2,impeller_imbalance,A,200,0.8434374332427979,1,m6b_physics_lib_v2,-1,0b_v2,2026-04-26,,
M6B_L2_00152,2,impeller_imbalance,A,200,0.33441635966300964,1,m6b_physics_lib_v2,-1,0b_v2,2026-04-26,,
M6B_L2_00153,2,impeller_imbalance,A,200,0.2729596495628357,3,m6b_physics_lib_v2,-1,0b_v2,2026-04-26,,
M6B_L2_00154,2,impeller_imbalance,A,200,0.7171832323074341,1,m6b_physics_lib_v2,-1,0b_v2,2026-04-26,,
M6B_L2_00155,2,impeller_imbalance,A,200,0.583234429359436,1,m6b_physics_lib_v2,-1,0b_v2,2026-04-26,,
M6B_L2_00156,2,impeller_imbalance,A,200,0.6304340958595276,1,m6b_physics_lib_v2,-1,0b_v2,2026-04-26,,
M6B_L2_00157,2,impeller_imbalance,A,200,0.7551666498184204,3,m6b_physics_lib_v2,-1,0b_v2,2026-04-26,,
M6B_L2_00158,2,impeller_imbalance,A,200,0.8776894807815552,3,m6b_physics_lib_v2,-1,0b_v2,2026-04-26,,
M6B_L2_00159,2,impeller_imbalance,A,200,0.7096098065376282,1,m6b_physics_lib_v2,-1,0b_v2,2026-04-26,,
M6B_L2_00160,2,impeller_imbalance,A,200,0.8648090958595276,1,m6b_physics_lib_v2,-1,0b_v2,2026-04-26,,
M6B_L2_00161,2,impeller_imbalance,A,200,0.9789969325065613,3,m6b_physics_lib_v2,-1,0b_v2,2026-04-26,,
M6B_L2_00162,2,impeller_imbalance,A,200,0.9911606907844543,3,m6b_physics_lib_v2,-1,0b_v2,2026-04-26,,
M6B_L2_00163,2,impeller_imbalance,A,200,0.5141544342041016,1,m6b_physics_lib_v2,-1,0b_v2,2026-04-26,,
M6B_L2_00164,2,impeller_imbalance,A,200,0.3934229910373688,3,m6b_physics_lib_v2,-1,0b_v2,2026-04-26,,
M6B_L2_00165,2,impeller_imbalance,A,200,0.8902119398117065,1,m6b_physics_lib_v2,-1,0b_v2,2026-04-26,,
M6B_L2_00166,2,impeller_imbalance,A,200,0.4642946124076843,3,m6b_physics_lib_v2,-1,0b_v2,2026-04-26,,
M6B_L2_00167,2,impeller_imbalance,A,200,0.8449937105178833,1,m6b_physics_lib_v2,-1,0b_v2,2026-04-26,,
M6B_L2_00168,2,impeller_imbalance,A,200,0.36132481694221497,3,m6b_physics_lib_v2,-1,0b_v2,2026-04-26,,
M6B_L2_00169,2,impeller_imbalance,A,200,0.33991387486457825,1,m6b_physics_lib_v2,-1,0b_v2,2026-04-26,,
M6B_L2_00170,2,impeller_imbalance,A,200,0.5470889210700989,1,m6b_physics_lib_v2,-1,0b_v2,2026-04-26,,
M6B_L2_00171,2,impeller_imbalance,A,200,0.5134308338165283,3,m6b_physics_lib_v2,-1,0b_v2,2026-04-26,,
M6B_L2_00172,2,impeller_imbalance,A,200,0.2652589976787567,3,m6b_physics_lib_v2,-1,0b_v2,2026-04-26,,
M6B_L2_00173,2,impeller_imbalance,A,200,0.9668527245521545,3,m6b_physics_lib_v2,-1,0b_v2,2026-04-26,,
M6B_L2_00174,2,impeller_imbalance,A,200,0.45934048295021057,3,m6b_physics_lib_v2,-1,0b_v2,2026-04-26,,
M6B_L2_00175,2,impeller_imbalance,A,200,0.29258158802986145,1,m6b_physics_lib_v2,-1,0b_v2,2026-04-26,,
M6B_L2_00176,2,impeller_imbalance,A,200,0.3975473642349243,3,m6b_physics_lib_v2,-1,0b_v2,2026-04-26,,
M6B_L2_00177,2,impeller_imbalance,A,200,0.258491188287735,3,m6b_physics_lib_v2,-1,0b_v2,2026-04-26,,
M6B_L2_00178,2,impeller_imbalance,A,200,0.6488347053527832,1,m6b_physics_lib_v2,-1,0b_v2,2026-04-26,,
M6B_L2_00179,2,impeller_imbalance,A,200,0.8351460099220276,3,m6b_physics_lib_v2,-1,0b_v2,2026-04-26,,
M6B_L2_00180,2,impeller_imbalance,A,200,0.7360542416572571,3,m6b_physics_lib_v2,-1,0b_v2,2026-04-26,,
M6B_L2_00181,2,impeller_imbalance,A,200,0.5194281935691833,3,m6b_physics_lib_v2,-1,0b_v2,2026-04-26,,
M6B_L2_00182,2,impeller_imbalance,A,200,0.8278025388717651,3,m6b_physics_lib_v2,-1,0b_v2,2026-04-26,,
M6B_L2_00183,2,impeller_imbalance,A,200,0.535992443561554,3,m6b_physics_lib_v2,-1,0b_v2,2026-04-26,,
M6B_L2_00184,2,impeller_imbalance,A,200,0.20553988218307495,3,m6b_physics_lib_v2,-1,0b_v2,2026-04-26,,
M6B_L2_00185,2,impeller_imbalance,A,200,0.5260190963745117,3,m6b_physics_lib_v2,-1,0b_v2,2026-04-26,,
M6B_L2_00186,2,impeller_imbalance,A,200,0.29266688227653503,1,m6b_physics_lib_v2,-1,0b_v2,2026-04-26,,
M6B_L2_00187,2,impeller_imbalance,A,200,0.31801894307136536,1,m6b_physics_lib_v2,-1,0b_v2,2026-04-26,,
M6B_L2_00188,2,impeller_imbalance,A,200,0.31344977021217346,1,m6b_physics_lib_v2,-1,0b_v2,2026-04-26,,
M6B_L2_00189,2,impeller_imbalance,A,200,0.4393985867500305,1,m6b_physics_lib_v2,-1,0b_v2,2026-04-26,,
M6B_L2_00190,2,impeller_imbalance,A,200,0.4641234874725342,3,m6b_physics_lib_v2,-1,0b_v2,2026-04-26,,
M6B_L2_00191,2,impeller_imbalance,A,200,0.6645061373710632,1,m6b_physics_lib_v2,-1,0b_v2,2026-04-26,,
M6B_L2_00192,2,impeller_imbalance,A,200,0.9472522735595703,3,m6b_physics_lib_v2,-1,0b_v2,2026-04-26,,
M6B_L2_00193,2,impeller_imbalance,A,200,0.6701651215553284,1,m6b_physics_lib_v2,-1,0b_v2,2026-04-26,,
M6B_L2_00194,2,impeller_imbalance,A,200,0.8748078346252441,3,m6b_physics_lib_v2,-1,0b_v2,2026-04-26,,
M6B_L2_00195,2,impeller_imbalance,A,200,0.9828532934188843,3,m6b_physics_lib_v2,-1,0b_v2,2026-04-26,,
M6B_L2_00196,2,impeller_imbalance,A,200,0.6214725971221924,3,m6b_physics_lib_v2,-1,0b_v2,2026-04-26,,
M6B_L2_00197,2,impeller_imbalance,A,200,0.2819107174873352,3,m6b_physics_lib_v2,-1,0b_v2,2026-04-26,,
M6B_L2_00198,2,impeller_imbalance,A,200,0.23912271857261658,3,m6b_physics_lib_v2,-1,0b_v2,2026-04-26,,
M6B_L2_00199,2,impeller_imbalance,A,200,0.8744035363197327,1,m6b_physics_lib_v2,-1,0b_v2,2026-04-26,,
M6B_L2_00200,2,impeller_imbalance,A,200,0.7064799666404724,3,m6b_physics_lib_v2,-1,0b_v2,2026-04-26,,
M6B_L2_00201,2,impeller_imbalance,A,200,0.5950530171394348,3,m6b_physics_lib_v2,-1,0b_v2,2026-04-26,,
M6B_L2_00202,2,impeller_imbalance,A,200,0.7838475704193115,1,m6b_physics_lib_v2,-1,0b_v2,2026-04-26,,
M6B_L2_00203,2,impeller_imbalance,A,200,0.20252011716365814,1,m6b_physics_lib_v2,-1,0b_v2,2026-04-26,,
M6B_L2_00204,2,impeller_imbalance,A,200,0.8833605051040649,3,m6b_physics_lib_v2,-1,0b_v2,2026-04-26,,
M6B_L2_00205,2,impeller_imbalance,A,200,0.7766584157943726,3,m6b_physics_lib_v2,-1,0b_v2,2026-04-26,,
M6B_L2_00206,2,impeller_imbalance,A,200,0.6318705081939697,1,m6b_physics_lib_v2,-1,0b_v2,2026-04-26,,
M6B_L2_00207,2,impeller_imbalance,A,200,0.7452487945556641,3,m6b_physics_lib_v2,-1,0b_v2,2026-04-26,,
M6B_L2_00208,2,impeller_imbalance,A,200,0.6748291850090027,1,m6b_physics_lib_v2,-1,0b_v2,2026-04-26,,
M6B_L2_00209,2,impeller_imbalance,A,200,0.5566738247871399,1,m6b_physics_lib_v2,-1,0b_v2,2026-04-26,,
M6B_L2_00210,2,impeller_imbalance,A,200,0.5990438461303711,3,m6b_physics_lib_v2,-1,0b_v2,2026-04-26,,
M6B_L2_00211,2,impeller_imbalance,A,200,0.2051451951265335,3,m6b_physics_lib_v2,-1,0b_v2,2026-04-26,,
M6B_L2_00212,2,impeller_imbalance,A,200,0.7242031693458557,3,m6b_physics_lib_v2,-1,0b_v2,2026-04-26,,
M6B_L2_00213,2,impeller_imbalance,A,200,0.986483633518219,3,m6b_physics_lib_v2,-1,0b_v2,2026-04-26,,
M6B_L2_00214,2,impeller_imbalance,A,200,0.5481495261192322,3,m6b_physics_lib_v2,-1,0b_v2,2026-04-26,,
M6B_L2_00215,2,impeller_imbalance,A,200,0.30146607756614685,1,m6b_physics_lib_v2,-1,0b_v2,2026-04-26,,
M6B_L2_00216,2,impeller_imbalance,A,200,0.7095612287521362,1,m6b_physics_lib_v2,-1,0b_v2,2026-04-26,,
M6B_L2_00217,2,impeller_imbalance,A,200,0.5543110370635986,3,m6b_physics_lib_v2,-1,0b_v2,2026-04-26,,
M6B_L2_00218,2,impeller_imbalance,A,200,0.33213475346565247,1,m6b_physics_lib_v2,-1,0b_v2,2026-04-26,,
M6B_L2_00219,2,impeller_imbalance,A,200,0.5759932994842529,1,m6b_physics_lib_v2,-1,0b_v2,2026-04-26,,
M6B_L2_00220,2,impeller_imbalance,A,200,0.3164866268634796,3,m6b_physics_lib_v2,-1,0b_v2,2026-04-26,,
M6B_L2_00221,2,impeller_imbalance,A,200,0.8555015325546265,1,m6b_physics_lib_v2,-1,0b_v2,2026-04-26,,
M6B_L2_00222,2,impeller_imbalance,A,200,0.5867671370506287,1,m6b_physics_lib_v2,-1,0b_v2,2026-04-26,,
M6B_L2_00223,2,impeller_imbalance,A,200,0.8021977543830872,3,m6b_physics_lib_v2,-1,0b_v2,2026-04-26,,
M6B_L2_00224,2,impeller_imbalance,A,200,0.2953217327594757,1,m6b_physics_lib_v2,-1,0b_v2,2026-04-26,,
M6B_L2_00225,2,impeller_imbalance,A,200,0.26728424429893494,3,m6b_physics_lib_v2,-1,0b_v2,2026-04-26,,
M6B_L2_00226,2,impeller_imbalance,A,200,0.8795806765556335,3,m6b_physics_lib_v2,-1,0b_v2,2026-04-26,,
M6B_L2_00227,2,impeller_imbalance,A,200,0.5480002164840698,3,m6b_physics_lib_v2,-1,0b_v2,2026-04-26,,
M6B_L2_00228,2,impeller_imbalance,A,200,0.8203924894332886,3,m6b_physics_lib_v2,-1,0b_v2,2026-04-26,,
M6B_L2_00229,2,impeller_imbalance,A,200,0.2790854275226593,3,m6b_physics_lib_v2,-1,0b_v2,2026-04-26,,
M6B_L2_00230,2,impeller_imbalance,A,200,0.38942858576774597,3,m6b_physics_lib_v2,-1,0b_v2,2026-04-26,,
M6B_L2_00231,2,impeller_imbalance,A,200,0.9283800721168518,1,m6b_physics_lib_v2,-1,0b_v2,2026-04-26,,
M6B_L2_00232,2,impeller_imbalance,A,200,0.2930188477039337,1,m6b_physics_lib_v2,-1,0b_v2,2026-04-26,,
M6B_L2_00233,2,impeller_imbalance,A,200,0.6301124691963196,3,m6b_physics_lib_v2,-1,0b_v2,2026-04-26,,
M6B_L2_00234,2,impeller_imbalance,A,200,0.4221377670764923,1,m6b_physics_lib_v2,-1,0b_v2,2026-04-26,,
M6B_L2_00235,2,impeller_imbalance,A,200,0.44075217843055725,1,m6b_physics_lib_v2,-1,0b_v2,2026-04-26,,
M6B_L2_00236,2,impeller_imbalance,A,200,0.23981626331806183,3,m6b_physics_lib_v2,-1,0b_v2,2026-04-26,,
M6B_L2_00237,2,impeller_imbalance,A,200,0.7441579699516296,3,m6b_physics_lib_v2,-1,0b_v2,2026-04-26,,
M6B_L2_00238,2,impeller_imbalance,A,200,0.23855316638946533,1,m6b_physics_lib_v2,-1,0b_v2,2026-04-26,,
M6B_L2_00239,2,impeller_imbalance,A,200,0.46866610646247864,3,m6b_physics_lib_v2,-1,0b_v2,2026-04-26,,
M6B_L2_00240,2,impeller_imbalance,A,200,0.6279122829437256,3,m6b_physics_lib_v2,-1,0b_v2,2026-04-26,,
M6B_L2_00241,2,impeller_imbalance,A,200,0.9780393242835999,1,m6b_physics_lib_v2,-1,0b_v2,2026-04-26,,
M6B_L2_00242,2,impeller_imbalance,A,200,0.8818274140357971,1,m6b_physics_lib_v2,-1,0b_v2,2026-04-26,,
M6B_L2_00243,2,impeller_imbalance,A,200,0.5893762111663818,3,m6b_physics_lib_v2,-1,0b_v2,2026-04-26,,
M6B_L2_00244,2,impeller_imbalance,A,200,0.8511385321617126,3,m6b_physics_lib_v2,-1,0b_v2,2026-04-26,,
M6B_L2_00245,2,impeller_imbalance,A,200,0.4784596860408783,3,m6b_physics_lib_v2,-1,0b_v2,2026-04-26,,
M6B_L2_00246,2,impeller_imbalance,A,200,0.2266821265220642,3,m6b_physics_lib_v2,-1,0b_v2,2026-04-26,,
M6B_L2_00247,2,impeller_imbalance,A,200,0.36557045578956604,1,m6b_physics_lib_v2,-1,0b_v2,2026-04-26,,
M6B_L2_00248,2,impeller_imbalance,A,200,0.2452685832977295,1,m6b_physics_lib_v2,-1,0b_v2,2026-04-26,,
M6B_L2_00249,2,impeller_imbalance,A,200,0.45755329728126526,3,m6b_physics_lib_v2,-1,0b_v2,2026-04-26,,
M6B_L2_00250,2,impeller_imbalance,A,200,0.6257534027099609,1,m6b_physics_lib_v2,-1,0b_v2,2026-04-26,,
M6B_L2_00251,2,impeller_imbalance,A,200,0.47555506229400635,3,m6b_physics_lib_v2,-1,0b_v2,2026-04-26,,
M6B_L2_00252,2,impeller_imbalance,A,200,0.621789813041687,3,m6b_physics_lib_v2,-1,0b_v2,2026-04-26,,
M6B_L2_00253,2,impeller_imbalance,A,200,0.6058368682861328,3,m6b_physics_lib_v2,-1,0b_v2,2026-04-26,,
M6B_L2_00254,2,impeller_imbalance,A,200,0.40896737575531006,3,m6b_physics_lib_v2,-1,0b_v2,2026-04-26,,
M6B_L2_00255,2,impeller_imbalance,A,200,0.8819007873535156,1,m6b_physics_lib_v2,-1,0b_v2,2026-04-26,,
M6B_L2_00256,2,impeller_imbalance,A,200,0.5272711515426636,3,m6b_physics_lib_v2,-1,0b_v2,2026-04-26,,
M6B_L2_00257,2,impeller_imbalance,A,200,0.3629552721977234,1,m6b_physics_lib_v2,-1,0b_v2,2026-04-26,,
M6B_L2_00258,2,impeller_imbalance,A,200,0.6455118656158447,3,m6b_physics_lib_v2,-1,0b_v2,2026-04-26,,
M6B_L2_00259,2,impeller_imbalance,A,200,0.6707253456115723,3,m6b_physics_lib_v2,-1,0b_v2,2026-04-26,,
M6B_L2_00260,2,impeller_imbalance,A,200,0.6803979873657227,1,m6b_physics_lib_v2,-1,0b_v2,2026-04-26,,
M6B_L2_00261,2,impeller_imbalance,A,200,0.7767672538757324,3,m6b_physics_lib_v2,-1,0b_v2,2026-04-26,,
M6B_L2_00262,2,impeller_imbalance,A,200,0.5347042083740234,1,m6b_physics_lib_v2,-1,0b_v2,2026-04-26,,
M6B_L2_00263,2,impeller_imbalance,A,200,0.34300798177719116,1,m6b_physics_lib_v2,-1,0b_v2,2026-04-26,,
M6B_L2_00264,2,impeller_imbalance,A,200,0.9458143711090088,3,m6b_physics_lib_v2,-1,0b_v2,2026-04-26,,
M6B_L2_00265,2,impeller_imbalance,A,200,0.7185543775558472,3,m6b_physics_lib_v2,-1,0b_v2,2026-04-26,,
M6B_L2_00266,2,impeller_imbalance,A,200,0.3050185441970825,1,m6b_physics_lib_v2,-1,0b_v2,2026-04-26,,
M6B_L2_00267,2,impeller_imbalance,A,200,0.3629465401172638,1,m6b_physics_lib_v2,-1,0b_v2,2026-04-26,,
M6B_L2_00268,2,impeller_imbalance,A,200,0.5251057744026184,3,m6b_physics_lib_v2,-1,0b_v2,2026-04-26,,
M6B_L2_00269,2,impeller_imbalance,A,200,0.683648943901062,3,m6b_physics_lib_v2,-1,0b_v2,2026-04-26,,
M6B_L2_00270,2,impeller_imbalance,A,200,0.990070104598999,3,m6b_physics_lib_v2,-1,0b_v2,2026-04-26,,
M6B_L2_00271,2,impeller_imbalance,A,200,0.391562819480896,3,m6b_physics_lib_v2,-1,0b_v2,2026-04-26,,
M6B_L2_00272,2,impeller_imbalance,A,200,0.7675350904464722,1,m6b_physics_lib_v2,-1,0b_v2,2026-04-26,,
M6B_L2_00273,2,impeller_imbalance,A,200,0.9437861442565918,3,m6b_physics_lib_v2,-1,0b_v2,2026-04-26,,
M6B_L2_00274,2,impeller_imbalance,A,200,0.5080856084823608,3,m6b_physics_lib_v2,-1,0b_v2,2026-04-26,,
M6B_L2_00275,2,impeller_imbalance,A,200,0.7653207182884216,1,m6b_physics_lib_v2,-1,0b_v2,2026-04-26,,
M6B_L2_00276,2,impeller_imbalance,A,200,0.3270108699798584,3,m6b_physics_lib_v2,-1,0b_v2,2026-04-26,,
M6B_L2_00277,2,impeller_imbalance,A,200,0.5352492928504944,1,m6b_physics_lib_v2,-1,0b_v2,2026-04-26,,
M6B_L2_00278,2,impeller_imbalance,A,200,0.43639788031578064,1,m6b_physics_lib_v2,-1,0b_v2,2026-04-26,,
M6B_L2_00279,2,impeller_imbalance,A,200,0.5016911625862122,1,m6b_physics_lib_v2,-1,0b_v2,2026-04-26,,
M6B_L2_00280,2,impeller_imbalance,A,200,0.42948246002197266,3,m6b_physics_lib_v2,-1,0b_v2,2026-04-26,,
M6B_L2_00281,2,impeller_imbalance,A,200,0.8239662647247314,1,m6b_physics_lib_v2,-1,0b_v2,2026-04-26,,
M6B_L2_00282,2,impeller_imbalance,A,200,0.6509517431259155,1,m6b_physics_lib_v2,-1,0b_v2,2026-04-26,,
M6B_L2_00283,2,impeller_imbalance,A,200,0.8378158807754517,1,m6b_physics_lib_v2,-1,0b_v2,2026-04-26,,
M6B_L2_00284,2,impeller_imbalance,A,200,0.49506816267967224,1,m6b_physics_lib_v2,-1,0b_v2,2026-04-26,,
M6B_L2_00285,2,impeller_imbalance,A,200,0.46487459540367126,3,m6b_physics_lib_v2,-1,0b_v2,2026-04-26,,
M6B_L2_00286,2,impeller_imbalance,A,200,0.45992201566696167,3,m6b_physics_lib_v2,-1,0b_v2,2026-04-26,,
M6B_L2_00287,2,impeller_imbalance,A,200,0.3953601121902466,3,m6b_physics_lib_v2,-1,0b_v2,2026-04-26,,
M6B_L2_00288,2,impeller_imbalance,A,200,0.764419674873352,3,m6b_physics_lib_v2,-1,0b_v2,2026-04-26,,
M6B_L2_00289,2,impeller_imbalance,A,200,0.9083142280578613,3,m6b_physics_lib_v2,-1,0b_v2,2026-04-26,,
M6B_L2_00290,2,impeller_imbalance,A,200,0.3442995548248291,3,m6b_physics_lib_v2,-1,0b_v2,2026-04-26,,
M6B_L2_00291,2,impeller_imbalance,A,200,0.22947654128074646,1,m6b_physics_lib_v2,-1,0b_v2,2026-04-26,,
M6B_L2_00292,2,impeller_imbalance,A,200,0.24612729251384735,1,m6b_physics_lib_v2,-1,0b_v2,2026-04-26,,
M6B_L2_00293,2,impeller_imbalance,A,200,0.23422999680042267,3,m6b_physics_lib_v2,-1,0b_v2,2026-04-26,,
M6B_L2_00294,2,impeller_imbalance,A,200,0.5913712978363037,3,m6b_physics_lib_v2,-1,0b_v2,2026-04-26,,
M6B_L2_00295,2,impeller_imbalance,A,200,0.8143002986907959,1,m6b_physics_lib_v2,-1,0b_v2,2026-04-26,,
M6B_L2_00296,2,impeller_imbalance,A,200,0.4732798635959625,3,m6b_physics_lib_v2,-1,0b_v2,2026-04-26,,
M6B_L2_00297,2,impeller_imbalance,A,200,0.5231053233146667,3,m6b_physics_lib_v2,-1,0b_v2,2026-04-26,,
M6B_L2_00298,2,impeller_imbalance,A,200,0.9141159057617188,3,m6b_physics_lib_v2,-1,0b_v2,2026-04-26,,
M6B_L2_00299,2,impeller_imbalance,A,200,0.9337031841278076,3,m6b_physics_lib_v2,-1,0b_v2,2026-04-26,,
M6B_L2_00300,2,impeller_imbalance,A,200,0.26798316836357117,3,m6b_physics_lib_v2,-1,0b_v2,2026-04-26,,
M6B_L2_00301,2,impeller_imbalance,A,200,0.40205323696136475,1,m6b_physics_lib_v2,-1,0b_v2,2026-04-26,,
M6B_L2_00302,2,impeller_imbalance,A,200,0.9875150322914124,1,m6b_physics_lib_v2,-1,0b_v2,2026-04-26,,
M6B_L2_00303,2,impeller_imbalance,A,200,0.8369370102882385,1,m6b_physics_lib_v2,-1,0b_v2,2026-04-26,,
M6B_L2_00304,2,impeller_imbalance,A,200,0.9268826842308044,1,m6b_physics_lib_v2,-1,0b_v2,2026-04-26,,
M6B_L2_00305,2,impeller_imbalance,A,200,0.842891275882721,3,m6b_physics_lib_v2,-1,0b_v2,2026-04-26,,
M6B_L2_00306,2,impeller_imbalance,A,200,0.5342136025428772,1,m6b_physics_lib_v2,-1,0b_v2,2026-04-26,,
M6B_L2_00307,2,impeller_imbalance,A,200,0.6204097867012024,1,m6b_physics_lib_v2,-1,0b_v2,2026-04-26,,
M6B_L2_00308,2,impeller_imbalance,A,200,0.7625998258590698,1,m6b_physics_lib_v2,-1,0b_v2,2026-04-26,,
M6B_L2_00309,2,impeller_imbalance,A,200,0.7614738941192627,3,m6b_physics_lib_v2,-1,0b_v2,2026-04-26,,
M6B_L2_00310,2,impeller_imbalance,A,200,0.6486470103263855,3,m6b_physics_lib_v2,-1,0b_v2,2026-04-26,,
M6B_L2_00311,2,impeller_imbalance,A,200,0.20597544312477112,3,m6b_physics_lib_v2,-1,0b_v2,2026-04-26,,
M6B_L2_00312,2,impeller_imbalance,A,200,0.9752309918403625,1,m6b_physics_lib_v2,-1,0b_v2,2026-04-26,,
M6B_L2_00313,2,impeller_imbalance,A,200,0.4763626456260681,1,m6b_physics_lib_v2,-1,0b_v2,2026-04-26,,
M6B_L2_00314,2,impeller_imbalance,A,200,0.2425280064344406,1,m6b_physics_lib_v2,-1,0b_v2,2026-04-26,,
M6B_L2_00315,2,impeller_imbalance,A,200,0.7105382084846497,3,m6b_physics_lib_v2,-1,0b_v2,2026-04-26,,
M6B_L2_00316,2,impeller_imbalance,A,200,0.6423478722572327,3,m6b_physics_lib_v2,-1,0b_v2,2026-04-26,,
M6B_L2_00317,2,impeller_imbalance,A,200,0.685347855091095,1,m6b_physics_lib_v2,-1,0b_v2,2026-04-26,,
M6B_L2_00318,2,impeller_imbalance,A,200,0.8308098316192627,3,m6b_physics_lib_v2,-1,0b_v2,2026-04-26,,
M6B_L2_00319,2,impeller_imbalance,A,200,0.2812539041042328,1,m6b_physics_lib_v2,-1,0b_v2,2026-04-26,,
M6B_L2_00320,2,impeller_imbalance,A,200,0.9282244443893433,3,m6b_physics_lib_v2,-1,0b_v2,2026-04-26,,
M6B_L2_00321,2,impeller_imbalance,A,200,0.7945840954780579,3,m6b_physics_lib_v2,-1,0b_v2,2026-04-26,,
M6B_L2_00322,2,impeller_imbalance,A,200,0.3932954967021942,3,m6b_physics_lib_v2,-1,0b_v2,2026-04-26,,
M6B_L2_00323,2,impeller_imbalance,A,200,0.6615480780601501,1,m6b_physics_lib_v2,-1,0b_v2,2026-04-26,,
M6B_L2_00324,2,impeller_imbalance,A,200,0.9303514361381531,3,m6b_physics_lib_v2,-1,0b_v2,2026-04-26,,
M6B_L2_00325,2,impeller_imbalance,A,200,0.5421987175941467,1,m6b_physics_lib_v2,-1,0b_v2,2026-04-26,,
M6B_L2_00326,2,impeller_imbalance,A,200,0.7572970390319824,3,m6b_physics_lib_v2,-1,0b_v2,2026-04-26,,
M6B_L2_00327,2,impeller_imbalance,A,200,0.7885027527809143,1,m6b_physics_lib_v2,-1,0b_v2,2026-04-26,,
M6B_L2_00328,2,impeller_imbalance,A,200,0.8611173629760742,3,m6b_physics_lib_v2,-1,0b_v2,2026-04-26,,
M6B_L2_00329,2,impeller_imbalance,A,200,0.5878794193267822,3,m6b_physics_lib_v2,-1,0b_v2,2026-04-26,,
M6B_L2_00330,2,impeller_imbalance,A,200,0.7022684812545776,1,m6b_physics_lib_v2,-1,0b_v2,2026-04-26,,
M6B_L2_00331,2,impeller_imbalance,A,200,0.6392666101455688,1,m6b_physics_lib_v2,-1,0b_v2,2026-04-26,,
M6B_L2_00332,2,impeller_imbalance,A,200,0.56504887342453,3,m6b_physics_lib_v2,-1,0b_v2,2026-04-26,,
M6B_L2_00333,2,impeller_imbalance,A,200,0.3621407747268677,1,m6b_physics_lib_v2,-1,0b_v2,2026-04-26,,
M6B_L2_00334,2,impeller_imbalance,A,200,0.5526300072669983,3,m6b_physics_lib_v2,-1,0b_v2,2026-04-26,,
M6B_L2_00335,2,impeller_imbalance,A,200,0.5252107977867126,3,m6b_physics_lib_v2,-1,0b_v2,2026-04-26,,
M6B_L2_00336,2,impeller_imbalance,A,200,0.36968231201171875,3,m6b_physics_lib_v2,-1,0b_v2,2026-04-26,,
M6B_L2_00337,2,impeller_imbalance,A,200,0.22549086809158325,3,m6b_physics_lib_v2,-1,0b_v2,2026-04-26,,
M6B_L2_00338,2,impeller_imbalance,A,200,0.601150631904602,1,m6b_physics_lib_v2,-1,0b_v2,2026-04-26,,
M6B_L2_00339,2,impeller_imbalance,A,200,0.6728764176368713,3,m6b_physics_lib_v2,-1,0b_v2,2026-04-26,,
M6B_L2_00340,2,impeller_imbalance,A,200,0.9378856420516968,1,m6b_physics_lib_v2,-1,0b_v2,2026-04-26,,
M6B_L2_00341,2,impeller_imbalance,A,200,0.6502909064292908,3,m6b_physics_lib_v2,-1,0b_v2,2026-04-26,,
M6B_L2_00342,2,impeller_imbalance,A,200,0.5100000500679016,1,m6b_physics_lib_v2,-1,0b_v2,2026-04-26,,
M6B_L2_00343,2,impeller_imbalance,A,200,0.2017764002084732,3,m6b_physics_lib_v2,-1,0b_v2,2026-04-26,,
M6B_L2_00344,2,impeller_imbalance,A,200,0.2701350450515747,1,m6b_physics_lib_v2,-1,0b_v2,2026-04-26,,
M6B_L2_00345,2,impeller_imbalance,A,200,0.4008558690547943,3,m6b_physics_lib_v2,-1,0b_v2,2026-04-26,,
M6B_L2_00346,2,impeller_imbalance,A,200,0.5454628467559814,1,m6b_physics_lib_v2,-1,0b_v2,2026-04-26,,
M6B_L2_00347,2,impeller_imbalance,A,200,0.33677491545677185,3,m6b_physics_lib_v2,-1,0b_v2,2026-04-26,,
M6B_L2_00348,2,impeller_imbalance,A,200,0.8929598331451416,3,m6b_physics_lib_v2,-1,0b_v2,2026-04-26,,
M6B_L2_00349,2,impeller_imbalance,A,200,0.21922436356544495,1,m6b_physics_lib_v2,-1,0b_v2,2026-04-26,,
M6B_L2_00350,2,impeller_imbalance,A,200,0.6723661422729492,3,m6b_physics_lib_v2,-1,0b_v2,2026-04-26,,
M6B_L2_00351,2,impeller_imbalance,A,200,0.7555849552154541,1,m6b_physics_lib_v2,-1,0b_v2,2026-04-26,,
M6B_L2_00352,2,impeller_imbalance,A,200,0.4483855664730072,1,m6b_physics_lib_v2,-1,0b_v2,2026-04-26,,
M6B_L2_00353,2,impeller_imbalance,A,200,0.6517764329910278,1,m6b_physics_lib_v2,-1,0b_v2,2026-04-26,,
M6B_L2_00354,2,impeller_imbalance,A,200,0.8137176632881165,3,m6b_physics_lib_v2,-1,0b_v2,2026-04-26,,
M6B_L2_00355,2,impeller_imbalance,A,200,0.8273069262504578,3,m6b_physics_lib_v2,-1,0b_v2,2026-04-26,,
M6B_L2_00356,2,impeller_imbalance,A,200,0.34311750531196594,3,m6b_physics_lib_v2,-1,0b_v2,2026-04-26,,
M6B_L2_00357,2,impeller_imbalance,A,200,0.7824193239212036,3,m6b_physics_lib_v2,-1,0b_v2,2026-04-26,,
M6B_L2_00358,2,impeller_imbalance,A,200,0.9298689365386963,3,m6b_physics_lib_v2,-1,0b_v2,2026-04-26,,
M6B_L2_00359,2,impeller_imbalance,A,200,0.2749539315700531,1,m6b_physics_lib_v2,-1,0b_v2,2026-04-26,,
M6B_L2_00360,2,impeller_imbalance,A,200,0.4764009714126587,3,m6b_physics_lib_v2,-1,0b_v2,2026-04-26,,
M6B_L2_00361,2,impeller_imbalance,A,200,0.9030860662460327,3,m6b_physics_lib_v2,-1,0b_v2,2026-04-26,,
M6B_L2_00362,2,impeller_imbalance,A,200,0.38092896342277527,3,m6b_physics_lib_v2,-1,0b_v2,2026-04-26,,
M6B_L2_00363,2,impeller_imbalance,A,200,0.35190778970718384,1,m6b_physics_lib_v2,-1,0b_v2,2026-04-26,,
M6B_L2_00364,2,impeller_imbalance,A,200,0.930237352848053,3,m6b_physics_lib_v2,-1,0b_v2,2026-04-26,,
M6B_L2_00365,2,impeller_imbalance,A,200,0.757917582988739,3,m6b_physics_lib_v2,-1,0b_v2,2026-04-26,,
M6B_L2_00366,2,impeller_imbalance,A,200,0.4975983500480652,3,m6b_physics_lib_v2,-1,0b_v2,2026-04-26,,
M6B_L2_00367,2,impeller_imbalance,A,200,0.9535261392593384,3,m6b_physics_lib_v2,-1,0b_v2,2026-04-26,,
M6B_L2_00368,2,impeller_imbalance,A,200,0.8690834045410156,3,m6b_physics_lib_v2,-1,0b_v2,2026-04-26,,
M6B_L2_00369,2,impeller_imbalance,A,200,0.6520590782165527,3,m6b_physics_lib_v2,-1,0b_v2,2026-04-26,,
M6B_L2_00370,2,impeller_imbalance,A,200,0.8524428606033325,3,m6b_physics_lib_v2,-1,0b_v2,2026-04-26,,
M6B_L2_00371,2,impeller_imbalance,A,200,0.6733856201171875,3,m6b_physics_lib_v2,-1,0b_v2,2026-04-26,,
M6B_L2_00372,2,impeller_imbalance,A,200,0.6608241200447083,3,m6b_physics_lib_v2,-1,0b_v2,2026-04-26,,
M6B_L2_00373,2,impeller_imbalance,A,200,0.4367285966873169,3,m6b_physics_lib_v2,-1,0b_v2,2026-04-26,,
M6B_L2_00374,2,impeller_imbalance,A,200,0.6851717233657837,3,m6b_physics_lib_v2,-1,0b_v2,2026-04-26,,
M6B_L2_00375,2,impeller_imbalance,A,200,0.21375466883182526,1,m6b_physics_lib_v2,-1,0b_v2,2026-04-26,,
M6B_L2_00376,2,impeller_imbalance,A,200,0.7909194827079773,3,m6b_physics_lib_v2,-1,0b_v2,2026-04-26,,
M6B_L2_00377,2,impeller_imbalance,A,200,0.8437085747718811,3,m6b_physics_lib_v2,-1,0b_v2,2026-04-26,,
M6B_L2_00378,2,impeller_imbalance,A,200,0.3461962044239044,3,m6b_physics_lib_v2,-1,0b_v2,2026-04-26,,
M6B_L2_00379,2,impeller_imbalance,A,200,0.4418390095233917,1,m6b_physics_lib_v2,-1,0b_v2,2026-04-26,,
M6B_L2_00380,2,impeller_imbalance,A,200,0.3765694797039032,1,m6b_physics_lib_v2,-1,0b_v2,2026-04-26,,
M6B_L2_00381,2,impeller_imbalance,A,200,0.22397848963737488,1,m6b_physics_lib_v2,-1,0b_v2,2026-04-26,,
M6B_L2_00382,2,impeller_imbalance,A,200,0.4725263714790344,3,m6b_physics_lib_v2,-1,0b_v2,2026-04-26,,
M6B_L2_00383,2,impeller_imbalance,A,200,0.5425074100494385,3,m6b_physics_lib_v2,-1,0b_v2,2026-04-26,,
M6B_L2_00384,2,impeller_imbalance,A,200,0.8346275091171265,3,m6b_physics_lib_v2,-1,0b_v2,2026-04-26,,
M6B_L2_00385,2,impeller_imbalance,A,200,0.8420930504798889,3,m6b_physics_lib_v2,-1,0b_v2,2026-04-26,,
M6B_L2_00386,2,impeller_imbalance,A,200,0.6593049764633179,1,m6b_physics_lib_v2,-1,0b_v2,2026-04-26,,
M6B_L2_00387,2,impeller_imbalance,A,200,0.3855932354927063,3,m6b_physics_lib_v2,-1,0b_v2,2026-04-26,,
M6B_L2_00388,2,impeller_imbalance,A,200,0.7974151372909546,1,m6b_physics_lib_v2,-1,0b_v2,2026-04-26,,
M6B_L2_00389,2,impeller_imbalance,A,200,0.25776758790016174,3,m6b_physics_lib_v2,-1,0b_v2,2026-04-26,,
M6B_L2_00390,2,impeller_imbalance,A,200,0.81121826171875,1,m6b_physics_lib_v2,-1,0b_v2,2026-04-26,,
M6B_L2_00391,2,impeller_imbalance,A,200,0.4455944001674652,3,m6b_physics_lib_v2,-1,0b_v2,2026-04-26,,
M6B_L2_00392,2,impeller_imbalance,A,200,0.9872315526008606,3,m6b_physics_lib_v2,-1,0b_v2,2026-04-26,,
M6B_L2_00393,2,impeller_imbalance,A,200,0.4248196482658386,3,m6b_physics_lib_v2,-1,0b_v2,2026-04-26,,
M6B_L2_00394,2,impeller_imbalance,A,200,0.4434032738208771,1,m6b_physics_lib_v2,-1,0b_v2,2026-04-26,,
M6B_L2_00395,2,impeller_imbalance,A,200,0.8995698094367981,3,m6b_physics_lib_v2,-1,0b_v2,2026-04-26,,
M6B_L2_00396,2,impeller_imbalance,A,200,0.41017258167266846,1,m6b_physics_lib_v2,-1,0b_v2,2026-04-26,,
M6B_L2_00397,2,impeller_imbalance,A,200,0.9176430702209473,3,m6b_physics_lib_v2,-1,0b_v2,2026-04-26,,
M6B_L2_00398,2,impeller_imbalance,A,200,0.2169647365808487,3,m6b_physics_lib_v2,-1,0b_v2,2026-04-26,,
M6B_L2_00399,2,impeller_imbalance,A,200,0.9812831282615662,1,m6b_physics_lib_v2,-1,0b_v2,2026-04-26,,
M6B_L2_00400,2,impeller_imbalance,A,200,0.8734918832778931,3,m6b_physics_lib_v2,-1,0b_v2,2026-04-26,,
M6B_L2_00401,2,impeller_imbalance,A,200,0.5271868109703064,3,m6b_physics_lib_v2,-1,0b_v2,2026-04-26,,
M6B_L2_00402,2,impeller_imbalance,A,200,0.8616846799850464,3,m6b_physics_lib_v2,-1,0b_v2,2026-04-26,,
M6B_L2_00403,2,impeller_imbalance,A,200,0.9226836562156677,3,m6b_physics_lib_v2,-1,0b_v2,2026-04-26,,
M6B_L2_00404,2,impeller_imbalance,A,200,0.8899629712104797,1,m6b_physics_lib_v2,-1,0b_v2,2026-04-26,,
M6B_L2_00405,2,impeller_imbalance,A,200,0.35695400834083557,3,m6b_physics_lib_v2,-1,0b_v2,2026-04-26,,
M6B_L2_00406,2,impeller_imbalance,A,200,0.22523929178714752,1,m6b_physics_lib_v2,-1,0b_v2,2026-04-26,,
M6B_L2_00407,2,impeller_imbalance,A,200,0.5570870041847229,3,m6b_physics_lib_v2,-1,0b_v2,2026-04-26,,
M6B_L2_00408,2,impeller_imbalance,A,200,0.9834334254264832,3,m6b_physics_lib_v2,-1,0b_v2,2026-04-26,,
M6B_L2_00409,2,impeller_imbalance,A,200,0.578719973564148,1,m6b_physics_lib_v2,-1,0b_v2,2026-04-26,,
M6B_L2_00410,2,impeller_imbalance,A,200,0.5323836207389832,3,m6b_physics_lib_v2,-1,0b_v2,2026-04-26,,
M6B_L2_00411,2,impeller_imbalance,A,200,0.5021209120750427,1,m6b_physics_lib_v2,-1,0b_v2,2026-04-26,,
M6B_L2_00412,2,impeller_imbalance,A,200,0.6861279010772705,3,m6b_physics_lib_v2,-1,0b_v2,2026-04-26,,
M6B_L2_00413,2,impeller_imbalance,A,200,0.9013078212738037,1,m6b_physics_lib_v2,-1,0b_v2,2026-04-26,,
M6B_L2_00414,2,impeller_imbalance,A,200,0.8726561069488525,3,m6b_physics_lib_v2,-1,0b_v2,2026-04-26,,
M6B_L2_00415,2,impeller_imbalance,A,200,0.2112591564655304,1,m6b_physics_lib_v2,-1,0b_v2,2026-04-26,,
M6B_L2_00416,2,impeller_imbalance,A,200,0.5123226642608643,1,m6b_physics_lib_v2,-1,0b_v2,2026-04-26,,
M6B_L2_00417,2,impeller_imbalance,A,200,0.23290744423866272,3,m6b_physics_lib_v2,-1,0b_v2,2026-04-26,,
M6B_L2_00418,2,impeller_imbalance,A,200,0.4804729223251343,3,m6b_physics_lib_v2,-1,0b_v2,2026-04-26,,
M6B_L2_00419,2,impeller_imbalance,A,200,0.2995316684246063,1,m6b_physics_lib_v2,-1,0b_v2,2026-04-26,,
M6B_L2_00420,2,impeller_imbalance,A,200,0.3055393695831299,3,m6b_physics_lib_v2,-1,0b_v2,2026-04-26,,
M6B_L2_00421,2,impeller_imbalance,A,200,0.7619895339012146,3,m6b_physics_lib_v2,-1,0b_v2,2026-04-26,,
M6B_L2_00422,2,impeller_imbalance,A,200,0.4361460208892822,1,m6b_physics_lib_v2,-1,0b_v2,2026-04-26,,
M6B_L2_00423,2,impeller_imbalance,A,200,0.4402649998664856,1,m6b_physics_lib_v2,-1,0b_v2,2026-04-26,,
M6B_L2_00424,2,impeller_imbalance,A,200,0.6850515604019165,1,m6b_physics_lib_v2,-1,0b_v2,2026-04-26,,
M6B_L2_00425,2,impeller_imbalance,A,200,0.5664618015289307,3,m6b_physics_lib_v2,-1,0b_v2,2026-04-26,,
M6B_L2_00426,2,impeller_imbalance,A,200,0.3736986517906189,1,m6b_physics_lib_v2,-1,0b_v2,2026-04-26,,
M6B_L2_00427,2,impeller_imbalance,A,200,0.31655505299568176,1,m6b_physics_lib_v2,-1,0b_v2,2026-04-26,,
M6B_L2_00428,2,impeller_imbalance,A,200,0.24230514466762543,1,m6b_physics_lib_v2,-1,0b_v2,2026-04-26,,
M6B_L2_00429,2,impeller_imbalance,A,200,0.9701162576675415,3,m6b_physics_lib_v2,-1,0b_v2,2026-04-26,,
M6B_L2_00430,2,impeller_imbalance,A,200,0.5950945019721985,1,m6b_physics_lib_v2,-1,0b_v2,2026-04-26,,
M6B_L2_00431,2,impeller_imbalance,A,200,0.6037880182266235,1,m6b_physics_lib_v2,-1,0b_v2,2026-04-26,,
M6B_L2_00432,2,impeller_imbalance,A,200,0.6139569878578186,1,m6b_physics_lib_v2,-1,0b_v2,2026-04-26,,
M6B_L2_00433,2,impeller_imbalance,A,200,0.7786815166473389,1,m6b_physics_lib_v2,-1,0b_v2,2026-04-26,,
M6B_L2_00434,2,impeller_imbalance,A,200,0.9743369817733765,1,m6b_physics_lib_v2,-1,0b_v2,2026-04-26,,
M6B_L2_00435,2,impeller_imbalance,A,200,0.39935624599456787,3,m6b_physics_lib_v2,-1,0b_v2,2026-04-26,,
M6B_L2_00436,2,impeller_imbalance,A,200,0.20565883815288544,1,m6b_physics_lib_v2,-1,0b_v2,2026-04-26,,
M6B_L2_00437,2,impeller_imbalance,A,200,0.6265401244163513,3,m6b_physics_lib_v2,-1,0b_v2,2026-04-26,,
M6B_L2_00438,2,impeller_imbalance,A,200,0.7662228941917419,3,m6b_physics_lib_v2,-1,0b_v2,2026-04-26,,
M6B_L2_00439,2,impeller_imbalance,A,200,0.5452826619148254,1,m6b_physics_lib_v2,-1,0b_v2,2026-04-26,,
M6B_L2_00440,2,impeller_imbalance,A,200,0.4041363298892975,1,m6b_physics_lib_v2,-1,0b_v2,2026-04-26,,
M6B_L2_00441,2,impeller_imbalance,A,200,0.6215958595275879,3,m6b_physics_lib_v2,-1,0b_v2,2026-04-26,,
M6B_L2_00442,2,impeller_imbalance,A,200,0.7952325344085693,3,m6b_physics_lib_v2,-1,0b_v2,2026-04-26,,
M6B_L2_00443,2,impeller_imbalance,A,200,0.5617092251777649,1,m6b_physics_lib_v2,-1,0b_v2,2026-04-26,,
M6B_L2_00444,2,impeller_imbalance,A,200,0.9741302728652954,3,m6b_physics_lib_v2,-1,0b_v2,2026-04-26,,
M6B_L2_00445,2,impeller_imbalance,A,200,0.6789698600769043,3,m6b_physics_lib_v2,-1,0b_v2,2026-04-26,,
M6B_L2_00446,2,impeller_imbalance,A,200,0.6128419637680054,3,m6b_physics_lib_v2,-1,0b_v2,2026-04-26,,
M6B_L2_00447,2,impeller_imbalance,A,200,0.26971501111984253,1,m6b_physics_lib_v2,-1,0b_v2,2026-04-26,,
M6B_L2_00448,2,impeller_imbalance,A,200,0.63839191198349,3,m6b_physics_lib_v2,-1,0b_v2,2026-04-26,,
M6B_L2_00449,2,impeller_imbalance,A,200,0.27441832423210144,1,m6b_physics_lib_v2,-1,0b_v2,2026-04-26,,
M6B_L2_00450,2,impeller_imbalance,A,200,0.2549598217010498,3,m6b_physics_lib_v2,-1,0b_v2,2026-04-26,,
M6B_L2_00451,2,impeller_imbalance,A,200,0.8506508469581604,1,m6b_physics_lib_v2,-1,0b_v2,2026-04-26,,
M6B_L2_00452,2,impeller_imbalance,A,200,0.8920186758041382,3,m6b_physics_lib_v2,-1,0b_v2,2026-04-26,,
M6B_L2_00453,2,impeller_imbalance,A,200,0.5974710583686829,3,m6b_physics_lib_v2,-1,0b_v2,2026-04-26,,
M6B_L2_00454,2,impeller_imbalance,A,200,0.40917152166366577,3,m6b_physics_lib_v2,-1,0b_v2,2026-04-26,,
M6B_L2_00455,2,impeller_imbalance,A,200,0.3937074840068817,3,m6b_physics_lib_v2,-1,0b_v2,2026-04-26,,
M6B_L2_00456,2,impeller_imbalance,A,200,0.7761396169662476,1,m6b_physics_lib_v2,-1,0b_v2,2026-04-26,,
M6B_L2_00457,2,impeller_imbalance,A,200,0.2070341855287552,3,m6b_physics_lib_v2,-1,0b_v2,2026-04-26,,
M6B_L2_00458,2,impeller_imbalance,A,200,0.7035366892814636,3,m6b_physics_lib_v2,-1,0b_v2,2026-04-26,,
M6B_L2_00459,2,impeller_imbalance,A,200,0.5586549043655396,1,m6b_physics_lib_v2,-1,0b_v2,2026-04-26,,
M6B_L2_00460,2,impeller_imbalance,A,200,0.9406630992889404,3,m6b_physics_lib_v2,-1,0b_v2,2026-04-26,,
M6B_L2_00461,2,impeller_imbalance,A,200,0.8034405708312988,1,m6b_physics_lib_v2,-1,0b_v2,2026-04-26,,
M6B_L2_00462,2,impeller_imbalance,A,200,0.5030233860015869,3,m6b_physics_lib_v2,-1,0b_v2,2026-04-26,,
M6B_L2_00463,2,impeller_imbalance,A,200,0.7219031453132629,1,m6b_physics_lib_v2,-1,0b_v2,2026-04-26,,
M6B_L2_00464,2,impeller_imbalance,A,200,0.2986350357532501,3,m6b_physics_lib_v2,-1,0b_v2,2026-04-26,,
M6B_L2_00465,2,impeller_imbalance,A,200,0.251106321811676,1,m6b_physics_lib_v2,-1,0b_v2,2026-04-26,,
M6B_L2_00466,2,impeller_imbalance,A,200,0.8064291477203369,1,m6b_physics_lib_v2,-1,0b_v2,2026-04-26,,
M6B_L2_00467,2,impeller_imbalance,A,200,0.6881849765777588,1,m6b_physics_lib_v2,-1,0b_v2,2026-04-26,,
M6B_L2_00468,2,impeller_imbalance,A,200,0.46670791506767273,3,m6b_physics_lib_v2,-1,0b_v2,2026-04-26,,
M6B_L2_00469,2,impeller_imbalance,A,200,0.7532362937927246,3,m6b_physics_lib_v2,-1,0b_v2,2026-04-26,,
M6B_L2_00470,2,impeller_imbalance,A,200,0.904714822769165,1,m6b_physics_lib_v2,-1,0b_v2,2026-04-26,,
M6B_L2_00471,2,impeller_imbalance,A,200,0.360133558511734,1,m6b_physics_lib_v2,-1,0b_v2,2026-04-26,,
M6B_L2_00472,2,impeller_imbalance,A,200,0.5957387685775757,3,m6b_physics_lib_v2,-1,0b_v2,2026-04-26,,
M6B_L2_00473,2,impeller_imbalance,A,200,0.28450876474380493,1,m6b_physics_lib_v2,-1,0b_v2,2026-04-26,,
M6B_L2_00474,2,impeller_imbalance,A,200,0.43604135513305664,1,m6b_physics_lib_v2,-1,0b_v2,2026-04-26,,
M6B_L2_00475,2,impeller_imbalance,A,200,0.4178764820098877,1,m6b_physics_lib_v2,-1,0b_v2,2026-04-26,,
M6B_L2_00476,2,impeller_imbalance,A,200,0.6410213112831116,3,m6b_physics_lib_v2,-1,0b_v2,2026-04-26,,
M6B_L2_00477,2,impeller_imbalance,A,200,0.8584649562835693,1,m6b_physics_lib_v2,-1,0b_v2,2026-04-26,,
M6B_L2_00478,2,impeller_imbalance,A,200,0.25240659713745117,1,m6b_physics_lib_v2,-1,0b_v2,2026-04-26,,
M6B_L2_00479,2,impeller_imbalance,A,200,0.45140013098716736,3,m6b_physics_lib_v2,-1,0b_v2,2026-04-26,,
M6B_L2_00480,2,impeller_imbalance,A,200,0.2799012362957001,3,m6b_physics_lib_v2,-1,0b_v2,2026-04-26,,
M6B_L2_00481,2,impeller_imbalance,A,200,0.26488196849823,3,m6b_physics_lib_v2,-1,0b_v2,2026-04-26,,
M6B_L2_00482,2,impeller_imbalance,A,200,0.5275543332099915,3,m6b_physics_lib_v2,-1,0b_v2,2026-04-26,,
M6B_L2_00483,2,impeller_imbalance,A,200,0.4032902121543884,1,m6b_physics_lib_v2,-1,0b_v2,2026-04-26,,
M6B_L2_00484,2,impeller_imbalance,A,200,0.8894446492195129,3,m6b_physics_lib_v2,-1,0b_v2,2026-04-26,,
M6B_L2_00485,2,impeller_imbalance,A,200,0.5870431661605835,1,m6b_physics_lib_v2,-1,0b_v2,2026-04-26,,
M6B_L2_00486,2,impeller_imbalance,A,200,0.4378803074359894,3,m6b_physics_lib_v2,-1,0b_v2,2026-04-26,,
M6B_L2_00487,2,impeller_imbalance,A,200,0.6067438721656799,1,m6b_physics_lib_v2,-1,0b_v2,2026-04-26,,
M6B_L2_00488,2,impeller_imbalance,A,200,0.44672831892967224,1,m6b_physics_lib_v2,-1,0b_v2,2026-04-26,,
M6B_L2_00489,2,impeller_imbalance,A,200,0.8405745625495911,3,m6b_physics_lib_v2,-1,0b_v2,2026-04-26,,
M6B_L2_00490,2,impeller_imbalance,A,200,0.22858910262584686,1,m6b_physics_lib_v2,-1,0b_v2,2026-04-26,,
M6B_L2_00491,2,impeller_imbalance,A,200,0.6939485669136047,3,m6b_physics_lib_v2,-1,0b_v2,2026-04-26,,
M6B_L2_00492,2,impeller_imbalance,A,200,0.2170141339302063,3,m6b_physics_lib_v2,-1,0b_v2,2026-04-26,,
M6B_L2_00493,2,impeller_imbalance,A,200,0.5339675545692444,1,m6b_physics_lib_v2,-1,0b_v2,2026-04-26,,
M6B_L2_00494,2,impeller_imbalance,A,200,0.6152178049087524,1,m6b_physics_lib_v2,-1,0b_v2,2026-04-26,,
M6B_L2_00495,2,impeller_imbalance,A,200,0.29125580191612244,3,m6b_physics_lib_v2,-1,0b_v2,2026-04-26,,
M6B_L2_00496,2,impeller_imbalance,A,200,0.8356136679649353,1,m6b_physics_lib_v2,-1,0b_v2,2026-04-26,,
M6B_L2_00497,2,impeller_imbalance,A,200,0.5558778643608093,3,m6b_physics_lib_v2,-1,0b_v2,2026-04-26,,
M6B_L2_00498,2,impeller_imbalance,A,200,0.823600709438324,3,m6b_physics_lib_v2,-1,0b_v2,2026-04-26,,
M6B_L2_00499,2,impeller_imbalance,A,200,0.4242168962955475,1,m6b_physics_lib_v2,-1,0b_v2,2026-04-26,,
M6B_L2_00500,2,impeller_imbalance,A,200,0.5822623372077942,3,m6b_physics_lib_v2,-1,0b_v2,2026-04-26,,
M6B_L2_00501,2,impeller_imbalance,A,200,0.31409549713134766,1,m6b_physics_lib_v2,-1,0b_v2,2026-04-26,,
M6B_L2_00502,2,impeller_imbalance,A,200,0.732390820980072,1,m6b_physics_lib_v2,-1,0b_v2,2026-04-26,,
M6B_L2_00503,2,impeller_imbalance,A,200,0.3235439360141754,3,m6b_physics_lib_v2,-1,0b_v2,2026-04-26,,
M6B_L2_00504,2,impeller_imbalance,A,200,0.6549872756004333,1,m6b_physics_lib_v2,-1,0b_v2,2026-04-26,,
M6B_L2_00505,2,impeller_imbalance,A,200,0.722718358039856,3,m6b_physics_lib_v2,-1,0b_v2,2026-04-26,,
M6B_L2_00506,2,impeller_imbalance,A,200,0.5363733768463135,3,m6b_physics_lib_v2,-1,0b_v2,2026-04-26,,
M6B_L2_00507,2,impeller_imbalance,A,200,0.8618664741516113,1,m6b_physics_lib_v2,-1,0b_v2,2026-04-26,,
M6B_L2_00508,2,impeller_imbalance,A,200,0.9927161931991577,1,m6b_physics_lib_v2,-1,0b_v2,2026-04-26,,
M6B_L2_00509,2,impeller_imbalance,A,200,0.811151385307312,3,m6b_physics_lib_v2,-1,0b_v2,2026-04-26,,
M6B_L2_00510,2,impeller_imbalance,A,200,0.3279147744178772,3,m6b_physics_lib_v2,-1,0b_v2,2026-04-26,,
M6B_L2_00511,2,impeller_imbalance,A,200,0.3182637691497803,3,m6b_physics_lib_v2,-1,0b_v2,2026-04-26,,
M6B_L2_00512,2,impeller_imbalance,A,200,0.3923124670982361,1,m6b_physics_lib_v2,-1,0b_v2,2026-04-26,,
M6B_L2_00513,2,impeller_imbalance,A,200,0.48996782302856445,3,m6b_physics_lib_v2,-1,0b_v2,2026-04-26,,
M6B_L2_00514,2,impeller_imbalance,A,200,0.7410240769386292,3,m6b_physics_lib_v2,-1,0b_v2,2026-04-26,,
M6B_L2_00515,2,impeller_imbalance,A,200,0.935886561870575,3,m6b_physics_lib_v2,-1,0b_v2,2026-04-26,,
M6B_L2_00516,2,impeller_imbalance,A,200,0.7032133936882019,3,m6b_physics_lib_v2,-1,0b_v2,2026-04-26,,
M6B_L2_00517,2,impeller_imbalance,A,200,0.9964661002159119,3,m6b_physics_lib_v2,-1,0b_v2,2026-04-26,,
M6B_L2_00518,2,impeller_imbalance,A,200,0.8178174495697021,3,m6b_physics_lib_v2,-1,0b_v2,2026-04-26,,
M6B_L2_00519,2,impeller_imbalance,A,200,0.5393662452697754,1,m6b_physics_lib_v2,-1,0b_v2,2026-04-26,,
M6B_L2_00520,2,impeller_imbalance,A,200,0.21793368458747864,1,m6b_physics_lib_v2,-1,0b_v2,2026-04-26,,
M6B_L2_00521,2,impeller_imbalance,A,200,0.9196432828903198,1,m6b_physics_lib_v2,-1,0b_v2,2026-04-26,,
M6B_L2_00522,2,impeller_imbalance,A,200,0.7819867134094238,1,m6b_physics_lib_v2,-1,0b_v2,2026-04-26,,
M6B_L2_00523,2,impeller_imbalance,A,200,0.34990155696868896,3,m6b_physics_lib_v2,-1,0b_v2,2026-04-26,,
M6B_L2_00524,2,impeller_imbalance,A,200,0.34760579466819763,3,m6b_physics_lib_v2,-1,0b_v2,2026-04-26,,
M6B_L2_00525,2,impeller_imbalance,A,200,0.5240195989608765,1,m6b_physics_lib_v2,-1,0b_v2,2026-04-26,,
M6B_L2_00526,2,impeller_imbalance,A,200,0.44203680753707886,1,m6b_physics_lib_v2,-1,0b_v2,2026-04-26,,
M6B_L2_00527,2,impeller_imbalance,A,200,0.570125937461853,1,m6b_physics_lib_v2,-1,0b_v2,2026-04-26,,
M6B_L2_00528,2,impeller_imbalance,A,200,0.8046497702598572,3,m6b_physics_lib_v2,-1,0b_v2,2026-04-26,,
M6B_L2_00529,2,impeller_imbalance,A,200,0.49850523471832275,1,m6b_physics_lib_v2,-1,0b_v2,2026-04-26,,
M6B_L2_00530,2,impeller_imbalance,A,200,0.425642192363739,3,m6b_physics_lib_v2,-1,0b_v2,2026-04-26,,
M6B_L2_00531,2,impeller_imbalance,A,200,0.3019098937511444,1,m6b_physics_lib_v2,-1,0b_v2,2026-04-26,,
M6B_L2_00532,2,impeller_imbalance,A,200,0.624931275844574,1,m6b_physics_lib_v2,-1,0b_v2,2026-04-26,,
M6B_L2_00533,2,impeller_imbalance,A,200,0.42430633306503296,3,m6b_physics_lib_v2,-1,0b_v2,2026-04-26,,
M6B_L2_00534,2,impeller_imbalance,A,200,0.3029850721359253,1,m6b_physics_lib_v2,-1,0b_v2,2026-04-26,,
M6B_L2_00535,2,impeller_imbalance,A,200,0.41383668780326843,3,m6b_physics_lib_v2,-1,0b_v2,2026-04-26,,
M6B_L2_00536,2,impeller_imbalance,A,200,0.3487253785133362,1,m6b_physics_lib_v2,-1,0b_v2,2026-04-26,,
M6B_L2_00537,2,impeller_imbalance,A,200,0.7499752044677734,3,m6b_physics_lib_v2,-1,0b_v2,2026-04-26,,
M6B_L2_00538,2,impeller_imbalance,A,200,0.5745654702186584,3,m6b_physics_lib_v2,-1,0b_v2,2026-04-26,,
M6B_L2_00539,2,impeller_imbalance,A,200,0.3797207772731781,1,m6b_physics_lib_v2,-1,0b_v2,2026-04-26,,
M6B_L2_00540,2,impeller_imbalance,A,200,0.973905622959137,1,m6b_physics_lib_v2,-1,0b_v2,2026-04-26,,
M6B_L2_00541,2,impeller_imbalance,A,200,0.8664800524711609,3,m6b_physics_lib_v2,-1,0b_v2,2026-04-26,,
M6B_L2_00542,2,impeller_imbalance,A,200,0.6326630115509033,1,m6b_physics_lib_v2,-1,0b_v2,2026-04-26,,
M6B_L2_00543,2,impeller_imbalance,A,200,0.8269590139389038,3,m6b_physics_lib_v2,-1,0b_v2,2026-04-26,,
M6B_L2_00544,2,impeller_imbalance,A,200,0.873863935470581,1,m6b_physics_lib_v2,-1,0b_v2,2026-04-26,,
M6B_L2_00545,2,impeller_imbalance,A,200,0.37810689210891724,1,m6b_physics_lib_v2,-1,0b_v2,2026-04-26,,
M6B_L2_00546,2,impeller_imbalance,A,200,0.8318110108375549,1,m6b_physics_lib_v2,-1,0b_v2,2026-04-26,,
M6B_L2_00547,2,impeller_imbalance,A,200,0.6687217354774475,1,m6b_physics_lib_v2,-1,0b_v2,2026-04-26,,
M6B_L2_00548,2,impeller_imbalance,A,200,0.26534295082092285,3,m6b_physics_lib_v2,-1,0b_v2,2026-04-26,,
M6B_L2_00549,2,impeller_imbalance,A,200,0.2612993121147156,1,m6b_physics_lib_v2,-1,0b_v2,2026-04-26,,
M6B_L2_00550,2,impeller_imbalance,A,200,0.8037949204444885,3,m6b_physics_lib_v2,-1,0b_v2,2026-04-26,,
M6B_L2_00551,2,impeller_imbalance,A,200,0.44600746035575867,1,m6b_physics_lib_v2,-1,0b_v2,2026-04-26,,
M6B_L2_00552,2,impeller_imbalance,A,200,0.8875128626823425,1,m6b_physics_lib_v2,-1,0b_v2,2026-04-26,,
M6B_L2_00553,2,impeller_imbalance,A,200,0.752845287322998,3,m6b_physics_lib_v2,-1,0b_v2,2026-04-26,,
M6B_L2_00554,2,impeller_imbalance,A,200,0.9359105229377747,1,m6b_physics_lib_v2,-1,0b_v2,2026-04-26,,
M6B_L2_00555,2,impeller_imbalance,A,200,0.6371054649353027,3,m6b_physics_lib_v2,-1,0b_v2,2026-04-26,,
M6B_L2_00556,2,impeller_imbalance,A,200,0.9604408740997314,1,m6b_physics_lib_v2,-1,0b_v2,2026-04-26,,
M6B_L2_00557,2,impeller_imbalance,A,200,0.21155570447444916,3,m6b_physics_lib_v2,-1,0b_v2,2026-04-26,,
M6B_L2_00558,2,impeller_imbalance,A,200,0.7504904866218567,3,m6b_physics_lib_v2,-1,0b_v2,2026-04-26,,
M6B_L2_00559,2,impeller_imbalance,A,200,0.48617830872535706,1,m6b_physics_lib_v2,-1,0b_v2,2026-04-26,,
M6B_L2_00560,2,impeller_imbalance,A,200,0.5863849520683289,1,m6b_physics_lib_v2,-1,0b_v2,2026-04-26,,
M6B_L2_00561,2,impeller_imbalance,A,200,0.6397656798362732,3,m6b_physics_lib_v2,-1,0b_v2,2026-04-26,,
M6B_L2_00562,2,impeller_imbalance,A,200,0.719984769821167,3,m6b_physics_lib_v2,-1,0b_v2,2026-04-26,,
M6B_L2_00563,2,impeller_imbalance,A,200,0.3252395987510681,3,m6b_physics_lib_v2,-1,0b_v2,2026-04-26,,
M6B_L2_00564,2,impeller_imbalance,A,200,0.5982784628868103,1,m6b_physics_lib_v2,-1,0b_v2,2026-04-26,,
M6B_L2_00565,2,impeller_imbalance,A,200,0.7640916705131531,3,m6b_physics_lib_v2,-1,0b_v2,2026-04-26,,
M6B_L2_00566,2,impeller_imbalance,A,200,0.3360004425048828,3,m6b_physics_lib_v2,-1,0b_v2,2026-04-26,,
M6B_L2_00567,2,impeller_imbalance,A,200,0.2486300766468048,1,m6b_physics_lib_v2,-1,0b_v2,2026-04-26,,
M6B_L2_00568,2,impeller_imbalance,A,200,0.8600379228591919,3,m6b_physics_lib_v2,-1,0b_v2,2026-04-26,,
M6B_L2_00569,2,impeller_imbalance,A,200,0.4584546983242035,1,m6b_physics_lib_v2,-1,0b_v2,2026-04-26,,
M6B_L2_00570,2,impeller_imbalance,A,200,0.39225953817367554,3,m6b_physics_lib_v2,-1,0b_v2,2026-04-26,,
M6B_L2_00571,2,impeller_imbalance,A,200,0.42091262340545654,3,m6b_physics_lib_v2,-1,0b_v2,2026-04-26,,
M6B_L2_00572,2,impeller_imbalance,A,200,0.9453442096710205,1,m6b_physics_lib_v2,-1,0b_v2,2026-04-26,,
M6B_L2_00573,2,impeller_imbalance,A,200,0.7098371386528015,1,m6b_physics_lib_v2,-1,0b_v2,2026-04-26,,
M6B_L2_00574,2,impeller_imbalance,A,200,0.9449312090873718,3,m6b_physics_lib_v2,-1,0b_v2,2026-04-26,,
M6B_L2_00575,2,impeller_imbalance,A,200,0.8378123044967651,3,m6b_physics_lib_v2,-1,0b_v2,2026-04-26,,
M6B_L2_00576,2,impeller_imbalance,A,200,0.8964275121688843,1,m6b_physics_lib_v2,-1,0b_v2,2026-04-26,,
M6B_L2_00577,2,impeller_imbalance,A,200,0.27074286341667175,1,m6b_physics_lib_v2,-1,0b_v2,2026-04-26,,
M6B_L2_00578,2,impeller_imbalance,A,200,0.28972601890563965,3,m6b_physics_lib_v2,-1,0b_v2,2026-04-26,,
M6B_L2_00579,2,impeller_imbalance,A,200,0.9206347465515137,3,m6b_physics_lib_v2,-1,0b_v2,2026-04-26,,
M6B_L2_00580,2,impeller_imbalance,A,200,0.7732959389686584,1,m6b_physics_lib_v2,-1,0b_v2,2026-04-26,,
M6B_L2_00581,2,impeller_imbalance,A,200,0.8210664987564087,1,m6b_physics_lib_v2,-1,0b_v2,2026-04-26,,
M6B_L2_00582,2,impeller_imbalance,A,200,0.6233271360397339,1,m6b_physics_lib_v2,-1,0b_v2,2026-04-26,,
M6B_L2_00583,2,impeller_imbalance,A,200,0.41973307728767395,3,m6b_physics_lib_v2,-1,0b_v2,2026-04-26,,
M6B_L2_00584,2,impeller_imbalance,A,200,0.5545594096183777,1,m6b_physics_lib_v2,-1,0b_v2,2026-04-26,,
M6B_L2_00585,2,impeller_imbalance,A,200,0.966812014579773,1,m6b_physics_lib_v2,-1,0b_v2,2026-04-26,,
M6B_L2_00586,2,impeller_imbalance,A,200,0.874962329864502,1,m6b_physics_lib_v2,-1,0b_v2,2026-04-26,,
M6B_L2_00587,2,impeller_imbalance,A,200,0.4856015145778656,3,m6b_physics_lib_v2,-1,0b_v2,2026-04-26,,
M6B_L2_00588,2,impeller_imbalance,A,200,0.6078639030456543,3,m6b_physics_lib_v2,-1,0b_v2,2026-04-26,,
M6B_L2_00589,2,impeller_imbalance,A,200,0.700594425201416,1,m6b_physics_lib_v2,-1,0b_v2,2026-04-26,,
M6B_L2_00590,2,impeller_imbalance,A,200,0.6115577220916748,1,m6b_physics_lib_v2,-1,0b_v2,2026-04-26,,
M6B_L2_00591,2,impeller_imbalance,A,200,0.4982394278049469,1,m6b_physics_lib_v2,-1,0b_v2,2026-04-26,,
M6B_L2_00592,2,impeller_imbalance,A,200,0.6541454792022705,1,m6b_physics_lib_v2,-1,0b_v2,2026-04-26,,
M6B_L2_00593,2,impeller_imbalance,A,200,0.667446494102478,1,m6b_physics_lib_v2,-1,0b_v2,2026-04-26,,
M6B_L2_00594,2,impeller_imbalance,A,200,0.5420718789100647,3,m6b_physics_lib_v2,-1,0b_v2,2026-04-26,,
M6B_L2_00595,2,impeller_imbalance,A,200,0.2819114625453949,3,m6b_physics_lib_v2,-1,0b_v2,2026-04-26,,
M6B_L2_00596,2,impeller_imbalance,A,200,0.730233371257782,1,m6b_physics_lib_v2,-1,0b_v2,2026-04-26,,
M6B_L2_00597,2,impeller_imbalance,A,200,0.8788518905639648,3,m6b_physics_lib_v2,-1,0b_v2,2026-04-26,,
M6B_L2_00598,2,impeller_imbalance,A,200,0.33827176690101624,3,m6b_physics_lib_v2,-1,0b_v2,2026-04-26,,
M6B_L2_00599,2,impeller_imbalance,A,200,0.7052822709083557,1,m6b_physics_lib_v2,-1,0b_v2,2026-04-26,,
M6B_L2_00600,2,impeller_imbalance,A,200,0.5125849843025208,1,m6b_physics_lib_v2,-1,0b_v2,2026-04-26,,
M6B_L2_00601,2,impeller_imbalance,A,200,0.5934687852859497,3,m6b_physics_lib_v2,-1,0b_v2,2026-04-26,,
M6B_L2_00602,2,impeller_imbalance,A,200,0.7101288437843323,1,m6b_physics_lib_v2,-1,0b_v2,2026-04-26,,
M6B_L2_00603,2,impeller_imbalance,A,200,0.37645959854125977,1,m6b_physics_lib_v2,-1,0b_v2,2026-04-26,,
M6B_L2_00604,2,impeller_imbalance,A,200,0.4656480848789215,1,m6b_physics_lib_v2,-1,0b_v2,2026-04-26,,
M6B_L2_00605,2,impeller_imbalance,A,200,0.6455314755439758,1,m6b_physics_lib_v2,-1,0b_v2,2026-04-26,,
M6B_L2_00606,2,impeller_imbalance,A,200,0.7943586707115173,3,m6b_physics_lib_v2,-1,0b_v2,2026-04-26,,
M6B_L2_00607,2,impeller_imbalance,A,200,0.42549067735671997,1,m6b_physics_lib_v2,-1,0b_v2,2026-04-26,,
M6B_L2_00608,2,impeller_imbalance,A,200,0.544446587562561,3,m6b_physics_lib_v2,-1,0b_v2,2026-04-26,,
M6B_L2_00609,2,impeller_imbalance,A,200,0.39691510796546936,1,m6b_physics_lib_v2,-1,0b_v2,2026-04-26,,
M6B_L2_00610,2,impeller_imbalance,A,200,0.4526216983795166,3,m6b_physics_lib_v2,-1,0b_v2,2026-04-26,,
M6B_L2_00611,2,impeller_imbalance,A,200,0.49221140146255493,1,m6b_physics_lib_v2,-1,0b_v2,2026-04-26,,
M6B_L2_00612,2,impeller_imbalance,A,200,0.5734071135520935,1,m6b_physics_lib_v2,-1,0b_v2,2026-04-26,,
M6B_L2_00613,2,impeller_imbalance,A,200,0.23281104862689972,1,m6b_physics_lib_v2,-1,0b_v2,2026-04-26,,
M6B_L2_00614,2,impeller_imbalance,A,200,0.485392689704895,1,m6b_physics_lib_v2,-1,0b_v2,2026-04-26,,
M6B_L2_00615,2,impeller_imbalance,A,200,0.8230910897254944,3,m6b_physics_lib_v2,-1,0b_v2,2026-04-26,,
M6B_L2_00616,2,impeller_imbalance,A,200,0.44660529494285583,3,m6b_physics_lib_v2,-1,0b_v2,2026-04-26,,
M6B_L2_00617,2,impeller_imbalance,A,200,0.8729044198989868,1,m6b_physics_lib_v2,-1,0b_v2,2026-04-26,,
M6B_L2_00618,2,impeller_imbalance,A,200,0.45766523480415344,3,m6b_physics_lib_v2,-1,0b_v2,2026-04-26,,
M6B_L2_00619,2,impeller_imbalance,A,200,0.7799472808837891,1,m6b_physics_lib_v2,-1,0b_v2,2026-04-26,,
M6B_L2_00620,2,impeller_imbalance,A,200,0.866213321685791,3,m6b_physics_lib_v2,-1,0b_v2,2026-04-26,,
M6B_L2_00621,2,impeller_imbalance,A,200,0.8223455548286438,3,m6b_physics_lib_v2,-1,0b_v2,2026-04-26,,
M6B_L2_00622,2,impeller_imbalance,A,200,0.9730309247970581,3,m6b_physics_lib_v2,-1,0b_v2,2026-04-26,,
M6B_L2_00623,2,impeller_imbalance,A,200,0.7709970474243164,1,m6b_physics_lib_v2,-1,0b_v2,2026-04-26,,
M6B_L2_00624,2,impeller_imbalance,A,200,0.9081166982650757,3,m6b_physics_lib_v2,-1,0b_v2,2026-04-26,,
M6B_L2_00625,2,impeller_imbalance,A,200,0.3591859042644501,3,m6b_physics_lib_v2,-1,0b_v2,2026-04-26,,
M6B_L2_00626,2,impeller_imbalance,A,200,0.9982736110687256,3,m6b_physics_lib_v2,-1,0b_v2,2026-04-26,,
M6B_L2_00627,2,impeller_imbalance,A,200,0.9069414138793945,3,m6b_physics_lib_v2,-1,0b_v2,2026-04-26,,
M6B_L2_00628,2,impeller_imbalance,A,200,0.31127601861953735,1,m6b_physics_lib_v2,-1,0b_v2,2026-04-26,,
M6B_L2_00629,2,impeller_imbalance,A,200,0.5981401205062866,3,m6b_physics_lib_v2,-1,0b_v2,2026-04-26,,
M6B_L2_00630,2,impeller_imbalance,A,200,0.724497377872467,3,m6b_physics_lib_v2,-1,0b_v2,2026-04-26,,
M6B_L2_00631,2,impeller_imbalance,A,200,0.7577837705612183,1,m6b_physics_lib_v2,-1,0b_v2,2026-04-26,,
M6B_L2_00632,2,impeller_imbalance,A,200,0.24991606175899506,3,m6b_physics_lib_v2,-1,0b_v2,2026-04-26,,
M6B_L2_00633,2,impeller_imbalance,A,200,0.6513150930404663,3,m6b_physics_lib_v2,-1,0b_v2,2026-04-26,,
M6B_L2_00634,2,impeller_imbalance,A,200,0.5317809581756592,1,m6b_physics_lib_v2,-1,0b_v2,2026-04-26,,
M6B_L2_00635,2,impeller_imbalance,A,200,0.23939543962478638,3,m6b_physics_lib_v2,-1,0b_v2,2026-04-26,,
M6B_L2_00636,2,impeller_imbalance,A,200,0.5363749861717224,3,m6b_physics_lib_v2,-1,0b_v2,2026-04-26,,
M6B_L2_00637,2,impeller_imbalance,A,200,0.8288935422897339,3,m6b_physics_lib_v2,-1,0b_v2,2026-04-26,,
M6B_L2_00638,2,impeller_imbalance,A,200,0.866992175579071,1,m6b_physics_lib_v2,-1,0b_v2,2026-04-26,,
M6B_L2_00639,2,impeller_imbalance,A,200,0.9889277815818787,1,m6b_physics_lib_v2,-1,0b_v2,2026-04-26,,
M6B_L2_00640,2,impeller_imbalance,A,200,0.44656944274902344,3,m6b_physics_lib_v2,-1,0b_v2,2026-04-26,,
M6B_L2_00641,2,impeller_imbalance,A,200,0.22914794087409973,1,m6b_physics_lib_v2,-1,0b_v2,2026-04-26,,
M6B_L2_00642,2,impeller_imbalance,A,200,0.7414796352386475,3,m6b_physics_lib_v2,-1,0b_v2,2026-04-26,,
M6B_L2_00643,2,impeller_imbalance,A,200,0.6868734955787659,3,m6b_physics_lib_v2,-1,0b_v2,2026-04-26,,
M6B_L2_00644,2,impeller_imbalance,A,200,0.3190501928329468,1,m6b_physics_lib_v2,-1,0b_v2,2026-04-26,,
M6B_L2_00645,2,impeller_imbalance,A,200,0.7234897017478943,1,m6b_physics_lib_v2,-1,0b_v2,2026-04-26,,
M6B_L2_00646,2,impeller_imbalance,A,200,0.6421349048614502,1,m6b_physics_lib_v2,-1,0b_v2,2026-04-26,,
M6B_L2_00647,2,impeller_imbalance,A,200,0.5562796592712402,3,m6b_physics_lib_v2,-1,0b_v2,2026-04-26,,
M6B_L2_00648,2,impeller_imbalance,A,200,0.45076748728752136,1,m6b_physics_lib_v2,-1,0b_v2,2026-04-26,,
M6B_L2_00649,2,impeller_imbalance,A,200,0.698406994342804,3,m6b_physics_lib_v2,-1,0b_v2,2026-04-26,,
M6B_L2_00650,2,impeller_imbalance,A,200,0.4704592525959015,3,m6b_physics_lib_v2,-1,0b_v2,2026-04-26,,
M6B_L2_00651,2,impeller_imbalance,A,200,0.28047144412994385,1,m6b_physics_lib_v2,-1,0b_v2,2026-04-26,,
M6B_L2_00652,2,impeller_imbalance,A,200,0.8558758497238159,3,m6b_physics_lib_v2,-1,0b_v2,2026-04-26,,
M6B_L2_00653,2,impeller_imbalance,A,200,0.2529873847961426,3,m6b_physics_lib_v2,-1,0b_v2,2026-04-26,,
M6B_L2_00654,2,impeller_imbalance,A,200,0.9209418892860413,1,m6b_physics_lib_v2,-1,0b_v2,2026-04-26,,
M6B_L2_00655,2,impeller_imbalance,A,200,0.41097626090049744,3,m6b_physics_lib_v2,-1,0b_v2,2026-04-26,,
M6B_L2_00656,2,impeller_imbalance,A,200,0.7968008518218994,1,m6b_physics_lib_v2,-1,0b_v2,2026-04-26,,
M6B_L2_00657,2,impeller_imbalance,A,200,0.7077382206916809,1,m6b_physics_lib_v2,-1,0b_v2,2026-04-26,,
M6B_L2_00658,2,impeller_imbalance,A,200,0.24766841530799866,1,m6b_physics_lib_v2,-1,0b_v2,2026-04-26,,
M6B_L2_00659,2,impeller_imbalance,A,200,0.5156914591789246,3,m6b_physics_lib_v2,-1,0b_v2,2026-04-26,,
M6B_L2_00660,2,impeller_imbalance,A,200,0.6999282240867615,3,m6b_physics_lib_v2,-1,0b_v2,2026-04-26,,
M6B_L2_00661,2,impeller_imbalance,A,200,0.8641850352287292,1,m6b_physics_lib_v2,-1,0b_v2,2026-04-26,,
M6B_L2_00662,2,impeller_imbalance,A,200,0.3592144548892975,3,m6b_physics_lib_v2,-1,0b_v2,2026-04-26,,
M6B_L2_00663,2,impeller_imbalance,A,200,0.9292248487472534,3,m6b_physics_lib_v2,-1,0b_v2,2026-04-26,,
M6B_L2_00664,2,impeller_imbalance,A,200,0.48992228507995605,3,m6b_physics_lib_v2,-1,0b_v2,2026-04-26,,
M6B_L2_00665,2,impeller_imbalance,A,200,0.8065454959869385,3,m6b_physics_lib_v2,-1,0b_v2,2026-04-26,,
M6B_L2_00666,2,impeller_imbalance,A,200,0.2840472161769867,3,m6b_physics_lib_v2,-1,0b_v2,2026-04-26,,
M6B_L2_00667,2,impeller_imbalance,A,200,0.5166159868240356,3,m6b_physics_lib_v2,-1,0b_v2,2026-04-26,,
M6B_L2_00668,2,impeller_imbalance,A,200,0.878095805644989,1,m6b_physics_lib_v2,-1,0b_v2,2026-04-26,,
M6B_L2_00669,2,impeller_imbalance,A,200,0.6189425587654114,3,m6b_physics_lib_v2,-1,0b_v2,2026-04-26,,
M6B_L2_00670,2,impeller_imbalance,A,200,0.8112457990646362,1,m6b_physics_lib_v2,-1,0b_v2,2026-04-26,,
M6B_L2_00671,2,impeller_imbalance,A,200,0.21537092328071594,3,m6b_physics_lib_v2,-1,0b_v2,2026-04-26,,
M6B_L2_00672,2,impeller_imbalance,A,200,0.2990295886993408,1,m6b_physics_lib_v2,-1,0b_v2,2026-04-26,,
M6B_L2_00673,2,impeller_imbalance,A,200,0.296091765165329,3,m6b_physics_lib_v2,-1,0b_v2,2026-04-26,,
M6B_L2_00674,2,impeller_imbalance,A,200,0.7869561910629272,3,m6b_physics_lib_v2,-1,0b_v2,2026-04-26,,
M6B_L2_00675,2,impeller_imbalance,A,200,0.8918452262878418,3,m6b_physics_lib_v2,-1,0b_v2,2026-04-26,,
M6B_L2_00676,2,impeller_imbalance,A,200,0.7207912802696228,1,m6b_physics_lib_v2,-1,0b_v2,2026-04-26,,
M6B_L2_00677,2,impeller_imbalance,A,200,0.40813666582107544,1,m6b_physics_lib_v2,-1,0b_v2,2026-04-26,,
M6B_L2_00678,2,impeller_imbalance,A,200,0.5387144088745117,1,m6b_physics_lib_v2,-1,0b_v2,2026-04-26,,
M6B_L2_00679,2,impeller_imbalance,A,200,0.3778708279132843,3,m6b_physics_lib_v2,-1,0b_v2,2026-04-26,,
M6B_L2_00680,2,impeller_imbalance,A,200,0.8377708196640015,1,m6b_physics_lib_v2,-1,0b_v2,2026-04-26,,
M6B_L2_00681,2,impeller_imbalance,A,200,0.5830062031745911,3,m6b_physics_lib_v2,-1,0b_v2,2026-04-26,,
M6B_L2_00682,2,impeller_imbalance,A,200,0.9815458059310913,1,m6b_physics_lib_v2,-1,0b_v2,2026-04-26,,
M6B_L2_00683,2,impeller_imbalance,A,200,0.5304375290870667,1,m6b_physics_lib_v2,-1,0b_v2,2026-04-26,,
M6B_L2_00684,2,impeller_imbalance,A,200,0.5186825394630432,3,m6b_physics_lib_v2,-1,0b_v2,2026-04-26,,
M6B_L2_00685,2,impeller_imbalance,A,200,0.9626730680465698,1,m6b_physics_lib_v2,-1,0b_v2,2026-04-26,,
M6B_L2_00686,2,impeller_imbalance,A,200,0.7869383096694946,1,m6b_physics_lib_v2,-1,0b_v2,2026-04-26,,
M6B_L2_00687,2,impeller_imbalance,A,200,0.3873485028743744,1,m6b_physics_lib_v2,-1,0b_v2,2026-04-26,,
M6B_L2_00688,2,impeller_imbalance,A,200,0.6512030363082886,1,m6b_physics_lib_v2,-1,0b_v2,2026-04-26,,
M6B_L2_00689,2,impeller_imbalance,A,200,0.34296488761901855,1,m6b_physics_lib_v2,-1,0b_v2,2026-04-26,,
M6B_L2_00690,2,impeller_imbalance,A,200,0.49542421102523804,3,m6b_physics_lib_v2,-1,0b_v2,2026-04-26,,
M6B_L2_00691,2,impeller_imbalance,A,200,0.44952133297920227,1,m6b_physics_lib_v2,-1,0b_v2,2026-04-26,,
M6B_L2_00692,2,impeller_imbalance,A,200,0.26765647530555725,1,m6b_physics_lib_v2,-1,0b_v2,2026-04-26,,
M6B_L2_00693,2,impeller_imbalance,A,200,0.3353046178817749,3,m6b_physics_lib_v2,-1,0b_v2,2026-04-26,,
M6B_L2_00694,2,impeller_imbalance,A,200,0.7114380598068237,1,m6b_physics_lib_v2,-1,0b_v2,2026-04-26,,
M6B_L2_00695,2,impeller_imbalance,A,200,0.7218307852745056,3,m6b_physics_lib_v2,-1,0b_v2,2026-04-26,,
M6B_L2_00696,2,impeller_imbalance,A,200,0.6955766677856445,3,m6b_physics_lib_v2,-1,0b_v2,2026-04-26,,
M6B_L2_00697,2,impeller_imbalance,A,200,0.32586273550987244,1,m6b_physics_lib_v2,-1,0b_v2,2026-04-26,,
M6B_L2_00698,2,impeller_imbalance,A,200,0.7727568745613098,1,m6b_physics_lib_v2,-1,0b_v2,2026-04-26,,
M6B_L2_00699,2,impeller_imbalance,A,200,0.330487996339798,3,m6b_physics_lib_v2,-1,0b_v2,2026-04-26,,
M6B_L2_00700,2,impeller_imbalance,A,200,0.26479485630989075,1,m6b_physics_lib_v2,-1,0b_v2,2026-04-26,,
M6B_L2_00701,2,impeller_imbalance,A,200,0.7910420298576355,3,m6b_physics_lib_v2,-1,0b_v2,2026-04-26,,
M6B_L2_00702,2,impeller_imbalance,A,200,0.7804498672485352,1,m6b_physics_lib_v2,-1,0b_v2,2026-04-26,,
M6B_L2_00703,2,impeller_imbalance,A,200,0.4158276617527008,3,m6b_physics_lib_v2,-1,0b_v2,2026-04-26,,
M6B_L2_00704,2,impeller_imbalance,A,200,0.7518611550331116,1,m6b_physics_lib_v2,-1,0b_v2,2026-04-26,,
M6B_L2_00705,2,impeller_imbalance,A,200,0.4483228325843811,3,m6b_physics_lib_v2,-1,0b_v2,2026-04-26,,
M6B_L2_00706,2,impeller_imbalance,A,200,0.583687961101532,1,m6b_physics_lib_v2,-1,0b_v2,2026-04-26,,
M6B_L2_00707,2,impeller_imbalance,A,200,0.25437498092651367,3,m6b_physics_lib_v2,-1,0b_v2,2026-04-26,,
M6B_L2_00708,2,impeller_imbalance,A,200,0.6812956929206848,3,m6b_physics_lib_v2,-1,0b_v2,2026-04-26,,
M6B_L2_00709,2,impeller_imbalance,A,200,0.41450488567352295,3,m6b_physics_lib_v2,-1,0b_v2,2026-04-26,,
M6B_L2_00710,2,impeller_imbalance,A,200,0.5799842476844788,1,m6b_physics_lib_v2,-1,0b_v2,2026-04-26,,
M6B_L2_00711,2,impeller_imbalance,A,200,0.9635167717933655,3,m6b_physics_lib_v2,-1,0b_v2,2026-04-26,,
M6B_L2_00712,2,impeller_imbalance,A,200,0.47188159823417664,3,m6b_physics_lib_v2,-1,0b_v2,2026-04-26,,
M6B_L2_00713,2,impeller_imbalance,A,200,0.9571000337600708,1,m6b_physics_lib_v2,-1,0b_v2,2026-04-26,,
M6B_L2_00714,2,impeller_imbalance,A,200,0.9947347640991211,1,m6b_physics_lib_v2,-1,0b_v2,2026-04-26,,
M6B_L2_00715,2,impeller_imbalance,A,200,0.4820137619972229,3,m6b_physics_lib_v2,-1,0b_v2,2026-04-26,,
M6B_L2_00716,2,impeller_imbalance,A,200,0.9397100210189819,3,m6b_physics_lib_v2,-1,0b_v2,2026-04-26,,
M6B_L2_00717,2,impeller_imbalance,A,200,0.6073842644691467,1,m6b_physics_lib_v2,-1,0b_v2,2026-04-26,,
M6B_L2_00718,2,impeller_imbalance,A,200,0.7389541864395142,3,m6b_physics_lib_v2,-1,0b_v2,2026-04-26,,
M6B_L2_00719,2,impeller_imbalance,A,200,0.7768539190292358,3,m6b_physics_lib_v2,-1,0b_v2,2026-04-26,,
M6B_L2_00720,2,impeller_imbalance,A,200,0.2566324770450592,3,m6b_physics_lib_v2,-1,0b_v2,2026-04-26,,
M6B_L2_00721,2,impeller_imbalance,A,200,0.8172439336776733,1,m6b_physics_lib_v2,-1,0b_v2,2026-04-26,,
M6B_L2_00722,2,impeller_imbalance,A,200,0.4587896764278412,1,m6b_physics_lib_v2,-1,0b_v2,2026-04-26,,
M6B_L2_00723,2,impeller_imbalance,A,200,0.22512347996234894,3,m6b_physics_lib_v2,-1,0b_v2,2026-04-26,,
M6B_L2_00724,2,impeller_imbalance,A,200,0.4841294586658478,3,m6b_physics_lib_v2,-1,0b_v2,2026-04-26,,
M6B_L2_00725,2,impeller_imbalance,A,200,0.2314481884241104,1,m6b_physics_lib_v2,-1,0b_v2,2026-04-26,,
M6B_L2_00726,2,impeller_imbalance,A,200,0.5803600549697876,1,m6b_physics_lib_v2,-1,0b_v2,2026-04-26,,
M6B_L2_00727,2,impeller_imbalance,A,200,0.5013874769210815,1,m6b_physics_lib_v2,-1,0b_v2,2026-04-26,,
M6B_L2_00728,2,impeller_imbalance,A,200,0.9617786407470703,3,m6b_physics_lib_v2,-1,0b_v2,2026-04-26,,
M6B_L2_00729,2,impeller_imbalance,A,200,0.7620980143547058,1,m6b_physics_lib_v2,-1,0b_v2,2026-04-26,,
M6B_L2_00730,2,impeller_imbalance,A,200,0.8807669281959534,3,m6b_physics_lib_v2,-1,0b_v2,2026-04-26,,
M6B_L2_00731,2,impeller_imbalance,A,200,0.9879977107048035,1,m6b_physics_lib_v2,-1,0b_v2,2026-04-26,,
M6B_L2_00732,2,impeller_imbalance,A,200,0.8514320254325867,1,m6b_physics_lib_v2,-1,0b_v2,2026-04-26,,
M6B_L2_00733,2,impeller_imbalance,A,200,0.9908391237258911,1,m6b_physics_lib_v2,-1,0b_v2,2026-04-26,,
M6B_L2_00734,2,impeller_imbalance,A,200,0.24557681381702423,1,m6b_physics_lib_v2,-1,0b_v2,2026-04-26,,
M6B_L2_00735,2,impeller_imbalance,A,200,0.8336602449417114,1,m6b_physics_lib_v2,-1,0b_v2,2026-04-26,,
M6B_L2_00736,2,impeller_imbalance,A,200,0.3585367202758789,1,m6b_physics_lib_v2,-1,0b_v2,2026-04-26,,
M6B_L2_00737,2,impeller_imbalance,A,200,0.6562831997871399,1,m6b_physics_lib_v2,-1,0b_v2,2026-04-26,,
M6B_L2_00738,2,impeller_imbalance,A,200,0.6767363548278809,1,m6b_physics_lib_v2,-1,0b_v2,2026-04-26,,
M6B_L2_00739,2,impeller_imbalance,A,200,0.9026338458061218,3,m6b_physics_lib_v2,-1,0b_v2,2026-04-26,,
M6B_L2_00740,2,impeller_imbalance,A,200,0.4560839533805847,3,m6b_physics_lib_v2,-1,0b_v2,2026-04-26,,
M6B_L2_00741,2,impeller_imbalance,A,200,0.6013237237930298,3,m6b_physics_lib_v2,-1,0b_v2,2026-04-26,,
M6B_L2_00742,2,impeller_imbalance,A,200,0.7946904897689819,1,m6b_physics_lib_v2,-1,0b_v2,2026-04-26,,
M6B_L2_00743,2,impeller_imbalance,A,200,0.7347667217254639,3,m6b_physics_lib_v2,-1,0b_v2,2026-04-26,,
M6B_L2_00744,2,impeller_imbalance,A,200,0.49188166856765747,3,m6b_physics_lib_v2,-1,0b_v2,2026-04-26,,
M6B_L2_00745,2,impeller_imbalance,A,200,0.4631580710411072,3,m6b_physics_lib_v2,-1,0b_v2,2026-04-26,,
M6B_L2_00746,2,impeller_imbalance,A,200,0.5642528533935547,3,m6b_physics_lib_v2,-1,0b_v2,2026-04-26,,
M6B_L2_00747,2,impeller_imbalance,A,200,0.699281632900238,1,m6b_physics_lib_v2,-1,0b_v2,2026-04-26,,
M6B_L2_00748,2,impeller_imbalance,A,200,0.4291813373565674,1,m6b_physics_lib_v2,-1,0b_v2,2026-04-26,,
M6B_L2_00749,2,impeller_imbalance,A,200,0.5239762663841248,3,m6b_physics_lib_v2,-1,0b_v2,2026-04-26,,
M6B_L2_00750,2,impeller_imbalance,A,200,0.517316460609436,3,m6b_physics_lib_v2,-1,0b_v2,2026-04-26,,
M6B_L2_00751,2,impeller_imbalance,A,200,0.4922676086425781,3,m6b_physics_lib_v2,-1,0b_v2,2026-04-26,,
M6B_L2_00752,2,impeller_imbalance,A,200,0.4315107464790344,1,m6b_physics_lib_v2,-1,0b_v2,2026-04-26,,
M6B_L2_00753,2,impeller_imbalance,A,200,0.8718600273132324,3,m6b_physics_lib_v2,-1,0b_v2,2026-04-26,,
M6B_L2_00754,2,impeller_imbalance,A,200,0.535448431968689,1,m6b_physics_lib_v2,-1,0b_v2,2026-04-26,,
M6B_L2_00755,2,impeller_imbalance,A,200,0.5443203449249268,3,m6b_physics_lib_v2,-1,0b_v2,2026-04-26,,
M6B_L2_00756,2,impeller_imbalance,A,200,0.434736430644989,3,m6b_physics_lib_v2,-1,0b_v2,2026-04-26,,
M6B_L2_00757,2,impeller_imbalance,A,200,0.9569964408874512,1,m6b_physics_lib_v2,-1,0b_v2,2026-04-26,,
M6B_L2_00758,2,impeller_imbalance,A,200,0.8820689916610718,1,m6b_physics_lib_v2,-1,0b_v2,2026-04-26,,
M6B_L2_00759,2,impeller_imbalance,A,200,0.3224121332168579,3,m6b_physics_lib_v2,-1,0b_v2,2026-04-26,,
M6B_L2_00760,2,impeller_imbalance,A,200,0.8989052772521973,3,m6b_physics_lib_v2,-1,0b_v2,2026-04-26,,
M6B_L2_00761,2,impeller_imbalance,A,200,0.5573140382766724,1,m6b_physics_lib_v2,-1,0b_v2,2026-04-26,,
M6B_L2_00762,2,impeller_imbalance,A,200,0.3310452103614807,3,m6b_physics_lib_v2,-1,0b_v2,2026-04-26,,
M6B_L2_00763,2,impeller_imbalance,A,200,0.9280459880828857,3,m6b_physics_lib_v2,-1,0b_v2,2026-04-26,,
M6B_L2_00764,2,impeller_imbalance,A,200,0.8094632625579834,1,m6b_physics_lib_v2,-1,0b_v2,2026-04-26,,
M6B_L2_00765,2,impeller_imbalance,A,200,0.608570396900177,1,m6b_physics_lib_v2,-1,0b_v2,2026-04-26,,
M6B_L2_00766,2,impeller_imbalance,A,200,0.6457940340042114,1,m6b_physics_lib_v2,-1,0b_v2,2026-04-26,,
M6B_L2_00767,2,impeller_imbalance,A,200,0.2787054181098938,1,m6b_physics_lib_v2,-1,0b_v2,2026-04-26,,
M6B_L2_00768,2,impeller_imbalance,A,200,0.3148808181285858,1,m6b_physics_lib_v2,-1,0b_v2,2026-04-26,,
M6B_L2_00769,2,impeller_imbalance,A,200,0.498108446598053,3,m6b_physics_lib_v2,-1,0b_v2,2026-04-26,,
M6B_L2_00770,2,impeller_imbalance,A,200,0.7991142272949219,3,m6b_physics_lib_v2,-1,0b_v2,2026-04-26,,
M6B_L2_00771,2,impeller_imbalance,A,200,0.815600574016571,1,m6b_physics_lib_v2,-1,0b_v2,2026-04-26,,
M6B_L2_00772,2,impeller_imbalance,A,200,0.5966113209724426,1,m6b_physics_lib_v2,-1,0b_v2,2026-04-26,,
M6B_L2_00773,2,impeller_imbalance,A,200,0.7554421424865723,3,m6b_physics_lib_v2,-1,0b_v2,2026-04-26,,
M6B_L2_00774,2,impeller_imbalance,A,200,0.6621490716934204,3,m6b_physics_lib_v2,-1,0b_v2,2026-04-26,,
M6B_L2_00775,2,impeller_imbalance,A,200,0.23983709514141083,1,m6b_physics_lib_v2,-1,0b_v2,2026-04-26,,
M6B_L2_00776,2,impeller_imbalance,A,200,0.802250862121582,3,m6b_physics_lib_v2,-1,0b_v2,2026-04-26,,
M6B_L2_00777,2,impeller_imbalance,A,200,0.7744054198265076,3,m6b_physics_lib_v2,-1,0b_v2,2026-04-26,,
M6B_L2_00778,2,impeller_imbalance,A,200,0.491260290145874,3,m6b_physics_lib_v2,-1,0b_v2,2026-04-26,,
M6B_L2_00779,2,impeller_imbalance,A,200,0.388487309217453,3,m6b_physics_lib_v2,-1,0b_v2,2026-04-26,,
M6B_L2_00780,2,impeller_imbalance,A,200,0.9825496077537537,3,m6b_physics_lib_v2,-1,0b_v2,2026-04-26,,
M6B_L2_00781,2,impeller_imbalance,A,200,0.4775303602218628,3,m6b_physics_lib_v2,-1,0b_v2,2026-04-26,,
M6B_L2_00782,2,impeller_imbalance,A,200,0.7283971309661865,1,m6b_physics_lib_v2,-1,0b_v2,2026-04-26,,
M6B_L2_00783,2,impeller_imbalance,A,200,0.41303399205207825,3,m6b_physics_lib_v2,-1,0b_v2,2026-04-26,,
M6B_L2_00784,2,impeller_imbalance,A,200,0.7127562761306763,3,m6b_physics_lib_v2,-1,0b_v2,2026-04-26,,
M6B_L2_00785,2,impeller_imbalance,A,200,0.21346424520015717,3,m6b_physics_lib_v2,-1,0b_v2,2026-04-26,,
M6B_L2_00786,2,impeller_imbalance,A,200,0.25932878255844116,1,m6b_physics_lib_v2,-1,0b_v2,2026-04-26,,
M6B_L2_00787,2,impeller_imbalance,A,200,0.8660211563110352,3,m6b_physics_lib_v2,-1,0b_v2,2026-04-26,,
M6B_L2_00788,2,impeller_imbalance,A,200,0.9613400101661682,3,m6b_physics_lib_v2,-1,0b_v2,2026-04-26,,
M6B_L2_00789,2,impeller_imbalance,A,200,0.6275794506072998,1,m6b_physics_lib_v2,-1,0b_v2,2026-04-26,,
M6B_L2_00790,2,impeller_imbalance,A,200,0.3698946237564087,1,m6b_physics_lib_v2,-1,0b_v2,2026-04-26,,
M6B_L2_00791,2,impeller_imbalance,A,200,0.5715593695640564,1,m6b_physics_lib_v2,-1,0b_v2,2026-04-26,,
M6B_L2_00792,2,impeller_imbalance,A,200,0.29455363750457764,1,m6b_physics_lib_v2,-1,0b_v2,2026-04-26,,
M6B_L2_00793,2,impeller_imbalance,A,200,0.2142517864704132,1,m6b_physics_lib_v2,-1,0b_v2,2026-04-26,,
M6B_L2_00794,2,impeller_imbalance,A,200,0.9218381643295288,1,m6b_physics_lib_v2,-1,0b_v2,2026-04-26,,
M6B_L2_00795,2,impeller_imbalance,A,200,0.42676398158073425,1,m6b_physics_lib_v2,-1,0b_v2,2026-04-26,,
M6B_L2_00796,2,impeller_imbalance,A,200,0.7492722272872925,1,m6b_physics_lib_v2,-1,0b_v2,2026-04-26,,
M6B_L2_00797,2,impeller_imbalance,A,200,0.8456575274467468,3,m6b_physics_lib_v2,-1,0b_v2,2026-04-26,,
M6B_L2_00798,2,impeller_imbalance,A,200,0.7298300862312317,3,m6b_physics_lib_v2,-1,0b_v2,2026-04-26,,
M6B_L2_00799,2,impeller_imbalance,A,200,0.4630591571331024,3,m6b_physics_lib_v2,-1,0b_v2,2026-04-26,,
M6B_L2_00800,2,impeller_imbalance,A,200,0.4462648630142212,3,m6b_physics_lib_v2,-1,0b_v2,2026-04-26,,
M6B_L2_00801,2,impeller_imbalance,A,200,0.26624590158462524,3,m6b_physics_lib_v2,-1,0b_v2,2026-04-26,,
M6B_L2_00802,2,impeller_imbalance,A,200,0.7867792248725891,3,m6b_physics_lib_v2,-1,0b_v2,2026-04-26,,
M6B_L2_00803,2,impeller_imbalance,A,200,0.8726984858512878,3,m6b_physics_lib_v2,-1,0b_v2,2026-04-26,,
M6B_L2_00804,2,impeller_imbalance,A,200,0.9332976341247559,1,m6b_physics_lib_v2,-1,0b_v2,2026-04-26,,
M6B_L2_00805,2,impeller_imbalance,A,200,0.5354496836662292,3,m6b_physics_lib_v2,-1,0b_v2,2026-04-26,,
M6B_L2_00806,2,impeller_imbalance,A,200,0.898501992225647,3,m6b_physics_lib_v2,-1,0b_v2,2026-04-26,,
M6B_L2_00807,2,impeller_imbalance,A,200,0.900037944316864,1,m6b_physics_lib_v2,-1,0b_v2,2026-04-26,,
M6B_L2_00808,2,impeller_imbalance,A,200,0.9405574202537537,3,m6b_physics_lib_v2,-1,0b_v2,2026-04-26,,
M6B_L2_00809,2,impeller_imbalance,A,200,0.9330600500106812,1,m6b_physics_lib_v2,-1,0b_v2,2026-04-26,,
M6B_L2_00810,2,impeller_imbalance,A,200,0.6073143482208252,3,m6b_physics_lib_v2,-1,0b_v2,2026-04-26,,
M6B_L2_00811,2,impeller_imbalance,A,200,0.6533462405204773,1,m6b_physics_lib_v2,-1,0b_v2,2026-04-26,,
M6B_L2_00812,2,impeller_imbalance,A,200,0.6463457345962524,3,m6b_physics_lib_v2,-1,0b_v2,2026-04-26,,
M6B_L2_00813,2,impeller_imbalance,A,200,0.5024443864822388,3,m6b_physics_lib_v2,-1,0b_v2,2026-04-26,,
M6B_L2_00814,2,impeller_imbalance,A,200,0.9692670702934265,3,m6b_physics_lib_v2,-1,0b_v2,2026-04-26,,
M6B_L2_00815,2,impeller_imbalance,A,200,0.24141645431518555,3,m6b_physics_lib_v2,-1,0b_v2,2026-04-26,,
M6B_L2_00816,2,impeller_imbalance,A,200,0.4332520663738251,1,m6b_physics_lib_v2,-1,0b_v2,2026-04-26,,
M6B_L2_00817,2,impeller_imbalance,A,200,0.9873858094215393,1,m6b_physics_lib_v2,-1,0b_v2,2026-04-26,,
M6B_L2_00818,2,impeller_imbalance,A,200,0.22551704943180084,3,m6b_physics_lib_v2,-1,0b_v2,2026-04-26,,
M6B_L2_00819,2,impeller_imbalance,A,200,0.3561946153640747,3,m6b_physics_lib_v2,-1,0b_v2,2026-04-26,,
M6B_L2_00820,2,impeller_imbalance,A,200,0.7890194058418274,1,m6b_physics_lib_v2,-1,0b_v2,2026-04-26,,
M6B_L2_00821,2,impeller_imbalance,A,200,0.4316912591457367,1,m6b_physics_lib_v2,-1,0b_v2,2026-04-26,,
M6B_L2_00822,2,impeller_imbalance,A,200,0.3628411889076233,1,m6b_physics_lib_v2,-1,0b_v2,2026-04-26,,
M6B_L2_00823,2,impeller_imbalance,A,200,0.7318356037139893,1,m6b_physics_lib_v2,-1,0b_v2,2026-04-26,,
M6B_L2_00824,2,impeller_imbalance,A,200,0.46000388264656067,1,m6b_physics_lib_v2,-1,0b_v2,2026-04-26,,
M6B_L2_00825,2,impeller_imbalance,A,200,0.326961874961853,1,m6b_physics_lib_v2,-1,0b_v2,2026-04-26,,
M6B_L2_00826,2,impeller_imbalance,A,200,0.6493955254554749,3,m6b_physics_lib_v2,-1,0b_v2,2026-04-26,,
M6B_L2_00827,2,impeller_imbalance,A,200,0.925334632396698,1,m6b_physics_lib_v2,-1,0b_v2,2026-04-26,,
M6B_L2_00828,2,impeller_imbalance,A,200,0.954068660736084,1,m6b_physics_lib_v2,-1,0b_v2,2026-04-26,,
M6B_L2_00829,2,impeller_imbalance,A,200,0.7507845163345337,1,m6b_physics_lib_v2,-1,0b_v2,2026-04-26,,
M6B_L2_00830,2,impeller_imbalance,A,200,0.3531806468963623,1,m6b_physics_lib_v2,-1,0b_v2,2026-04-26,,
M6B_L2_00831,2,impeller_imbalance,A,200,0.6330455541610718,3,m6b_physics_lib_v2,-1,0b_v2,2026-04-26,,
M6B_L2_00832,2,impeller_imbalance,A,200,0.5546332597732544,3,m6b_physics_lib_v2,-1,0b_v2,2026-04-26,,
M6B_L2_00833,2,impeller_imbalance,A,200,0.454955518245697,1,m6b_physics_lib_v2,-1,0b_v2,2026-04-26,,
M6B_L2_00834,2,impeller_imbalance,A,200,0.2357310652732849,3,m6b_physics_lib_v2,-1,0b_v2,2026-04-26,,
M6B_L2_00835,2,impeller_imbalance,A,200,0.4835767447948456,3,m6b_physics_lib_v2,-1,0b_v2,2026-04-26,,
M6B_L2_00836,2,impeller_imbalance,A,200,0.3105524182319641,1,m6b_physics_lib_v2,-1,0b_v2,2026-04-26,,
M6B_L2_00837,2,impeller_imbalance,A,200,0.2182156890630722,3,m6b_physics_lib_v2,-1,0b_v2,2026-04-26,,
M6B_L2_00838,2,impeller_imbalance,A,200,0.9793175458908081,1,m6b_physics_lib_v2,-1,0b_v2,2026-04-26,,
M6B_L2_00839,2,impeller_imbalance,A,200,0.9976415038108826,3,m6b_physics_lib_v2,-1,0b_v2,2026-04-26,,
M6B_L2_00840,2,impeller_imbalance,A,200,0.3151494860649109,3,m6b_physics_lib_v2,-1,0b_v2,2026-04-26,,
M6B_L2_00841,2,impeller_imbalance,A,200,0.5998427271842957,3,m6b_physics_lib_v2,-1,0b_v2,2026-04-26,,
M6B_L2_00842,2,impeller_imbalance,A,200,0.7810376286506653,3,m6b_physics_lib_v2,-1,0b_v2,2026-04-26,,
M6B_L2_00843,2,impeller_imbalance,A,200,0.45124346017837524,1,m6b_physics_lib_v2,-1,0b_v2,2026-04-26,,
M6B_L2_00844,2,impeller_imbalance,A,200,0.5222693681716919,3,m6b_physics_lib_v2,-1,0b_v2,2026-04-26,,
M6B_L2_00845,2,impeller_imbalance,A,200,0.8053019046783447,1,m6b_physics_lib_v2,-1,0b_v2,2026-04-26,,
M6B_L2_00846,2,impeller_imbalance,A,200,0.9075456857681274,1,m6b_physics_lib_v2,-1,0b_v2,2026-04-26,,
M6B_L2_00847,2,impeller_imbalance,A,200,0.7015224099159241,1,m6b_physics_lib_v2,-1,0b_v2,2026-04-26,,
M6B_L2_00848,2,impeller_imbalance,A,200,0.7387878894805908,3,m6b_physics_lib_v2,-1,0b_v2,2026-04-26,,
M6B_L2_00849,2,impeller_imbalance,A,200,0.31242048740386963,1,m6b_physics_lib_v2,-1,0b_v2,2026-04-26,,
M6B_L2_00850,2,impeller_imbalance,A,200,0.619487464427948,1,m6b_physics_lib_v2,-1,0b_v2,2026-04-26,,
M6B_L2_00851,2,impeller_imbalance,A,200,0.4767986536026001,3,m6b_physics_lib_v2,-1,0b_v2,2026-04-26,,
M6B_L2_00852,2,impeller_imbalance,A,200,0.5768550634384155,3,m6b_physics_lib_v2,-1,0b_v2,2026-04-26,,
M6B_L2_00853,2,impeller_imbalance,A,200,0.38862699270248413,1,m6b_physics_lib_v2,-1,0b_v2,2026-04-26,,
M6B_L2_00854,2,impeller_imbalance,A,200,0.5778552889823914,1,m6b_physics_lib_v2,-1,0b_v2,2026-04-26,,
M6B_L2_00855,2,impeller_imbalance,A,200,0.3837348222732544,3,m6b_physics_lib_v2,-1,0b_v2,2026-04-26,,
M6B_L2_00856,2,impeller_imbalance,A,200,0.41069015860557556,1,m6b_physics_lib_v2,-1,0b_v2,2026-04-26,,
M6B_L2_00857,2,impeller_imbalance,A,200,0.7655149102210999,3,m6b_physics_lib_v2,-1,0b_v2,2026-04-26,,
M6B_L2_00858,2,impeller_imbalance,A,200,0.28438201546669006,3,m6b_physics_lib_v2,-1,0b_v2,2026-04-26,,
M6B_L2_00859,2,impeller_imbalance,A,200,0.4399130642414093,3,m6b_physics_lib_v2,-1,0b_v2,2026-04-26,,
M6B_L2_00860,2,impeller_imbalance,A,200,0.48083406686782837,3,m6b_physics_lib_v2,-1,0b_v2,2026-04-26,,
M6B_L2_00861,2,impeller_imbalance,A,200,0.3169589042663574,1,m6b_physics_lib_v2,-1,0b_v2,2026-04-26,,
M6B_L2_00862,2,impeller_imbalance,A,200,0.3349188566207886,1,m6b_physics_lib_v2,-1,0b_v2,2026-04-26,,
M6B_L2_00863,2,impeller_imbalance,A,200,0.5878986716270447,3,m6b_physics_lib_v2,-1,0b_v2,2026-04-26,,
M6B_L2_00864,2,impeller_imbalance,A,200,0.5843464732170105,1,m6b_physics_lib_v2,-1,0b_v2,2026-04-26,,
M6B_L2_00865,2,impeller_imbalance,A,200,0.21871332824230194,3,m6b_physics_lib_v2,-1,0b_v2,2026-04-26,,
M6B_L2_00866,2,impeller_imbalance,A,200,0.4404502511024475,3,m6b_physics_lib_v2,-1,0b_v2,2026-04-26,,
M6B_L2_00867,2,impeller_imbalance,A,200,0.667079746723175,1,m6b_physics_lib_v2,-1,0b_v2,2026-04-26,,
M6B_L2_00868,2,impeller_imbalance,A,200,0.8971208333969116,1,m6b_physics_lib_v2,-1,0b_v2,2026-04-26,,
M6B_L2_00869,2,impeller_imbalance,A,200,0.6433125138282776,3,m6b_physics_lib_v2,-1,0b_v2,2026-04-26,,
M6B_L2_00870,2,impeller_imbalance,A,200,0.9669458270072937,1,m6b_physics_lib_v2,-1,0b_v2,2026-04-26,,
M6B_L2_00871,2,impeller_imbalance,A,200,0.21993230283260345,1,m6b_physics_lib_v2,-1,0b_v2,2026-04-26,,
M6B_L2_00872,2,impeller_imbalance,A,200,0.5814184546470642,3,m6b_physics_lib_v2,-1,0b_v2,2026-04-26,,
M6B_L2_00873,2,impeller_imbalance,A,200,0.5074809193611145,3,m6b_physics_lib_v2,-1,0b_v2,2026-04-26,,
M6B_L2_00874,2,impeller_imbalance,A,200,0.8795482516288757,3,m6b_physics_lib_v2,-1,0b_v2,2026-04-26,,
M6B_L2_00875,2,impeller_imbalance,A,200,0.9200243949890137,1,m6b_physics_lib_v2,-1,0b_v2,2026-04-26,,
M6B_L2_00876,2,impeller_imbalance,A,200,0.5751393437385559,1,m6b_physics_lib_v2,-1,0b_v2,2026-04-26,,
M6B_L2_00877,2,impeller_imbalance,A,200,0.5194852352142334,3,m6b_physics_lib_v2,-1,0b_v2,2026-04-26,,
M6B_L2_00878,2,impeller_imbalance,A,200,0.7002997994422913,1,m6b_physics_lib_v2,-1,0b_v2,2026-04-26,,
M6B_L2_00879,2,impeller_imbalance,A,200,0.2778629958629608,1,m6b_physics_lib_v2,-1,0b_v2,2026-04-26,,
M6B_L2_00880,2,impeller_imbalance,A,200,0.23846344649791718,1,m6b_physics_lib_v2,-1,0b_v2,2026-04-26,,
M6B_L2_00881,2,impeller_imbalance,A,200,0.909561038017273,3,m6b_physics_lib_v2,-1,0b_v2,2026-04-26,,
M6B_L2_00882,2,impeller_imbalance,A,200,0.7724187970161438,3,m6b_physics_lib_v2,-1,0b_v2,2026-04-26,,
M6B_L2_00883,2,impeller_imbalance,A,200,0.3979782462120056,3,m6b_physics_lib_v2,-1,0b_v2,2026-04-26,,
M6B_L2_00884,2,impeller_imbalance,A,200,0.6750584840774536,1,m6b_physics_lib_v2,-1,0b_v2,2026-04-26,,
M6B_L2_00885,2,impeller_imbalance,A,200,0.2388484627008438,1,m6b_physics_lib_v2,-1,0b_v2,2026-04-26,,
M6B_L2_00886,2,impeller_imbalance,A,200,0.5157701969146729,3,m6b_physics_lib_v2,-1,0b_v2,2026-04-26,,
M6B_L2_00887,2,impeller_imbalance,A,200,0.6826497912406921,3,m6b_physics_lib_v2,-1,0b_v2,2026-04-26,,
M6B_L2_00888,2,impeller_imbalance,A,200,0.756075382232666,1,m6b_physics_lib_v2,-1,0b_v2,2026-04-26,,
M6B_L2_00889,2,impeller_imbalance,A,200,0.6727703213691711,3,m6b_physics_lib_v2,-1,0b_v2,2026-04-26,,
M6B_L2_00890,2,impeller_imbalance,A,200,0.31736308336257935,1,m6b_physics_lib_v2,-1,0b_v2,2026-04-26,,
M6B_L2_00891,2,impeller_imbalance,A,200,0.9440923929214478,1,m6b_physics_lib_v2,-1,0b_v2,2026-04-26,,
M6B_L2_00892,2,impeller_imbalance,A,200,0.8408545851707458,1,m6b_physics_lib_v2,-1,0b_v2,2026-04-26,,
M6B_L2_00893,2,impeller_imbalance,A,200,0.33854207396507263,3,m6b_physics_lib_v2,-1,0b_v2,2026-04-26,,
M6B_L2_00894,2,impeller_imbalance,A,200,0.3911578059196472,3,m6b_physics_lib_v2,-1,0b_v2,2026-04-26,,
M6B_L2_00895,2,impeller_imbalance,A,200,0.9295951128005981,3,m6b_physics_lib_v2,-1,0b_v2,2026-04-26,,
M6B_L2_00896,2,impeller_imbalance,A,200,0.3049333393573761,1,m6b_physics_lib_v2,-1,0b_v2,2026-04-26,,
M6B_L2_00897,2,impeller_imbalance,A,200,0.8421072959899902,3,m6b_physics_lib_v2,-1,0b_v2,2026-04-26,,
M6B_L2_00898,2,impeller_imbalance,A,200,0.9243844151496887,3,m6b_physics_lib_v2,-1,0b_v2,2026-04-26,,
M6B_L2_00899,2,impeller_imbalance,A,200,0.6649002432823181,1,m6b_physics_lib_v2,-1,0b_v2,2026-04-26,,
M6B_L2_00900,2,impeller_imbalance,A,200,0.9690731167793274,1,m6b_physics_lib_v2,-1,0b_v2,2026-04-26,,
M6B_L2_00901,2,impeller_imbalance,A,200,0.308361679315567,1,m6b_physics_lib_v2,-1,0b_v2,2026-04-26,,
M6B_L2_00902,2,impeller_imbalance,A,200,0.6856384873390198,1,m6b_physics_lib_v2,-1,0b_v2,2026-04-26,,
M6B_L2_00903,2,impeller_imbalance,A,200,0.3615511953830719,1,m6b_physics_lib_v2,-1,0b_v2,2026-04-26,,
M6B_L2_00904,2,impeller_imbalance,A,200,0.6815495491027832,3,m6b_physics_lib_v2,-1,0b_v2,2026-04-26,,
M6B_L2_00905,2,impeller_imbalance,A,200,0.8775513768196106,1,m6b_physics_lib_v2,-1,0b_v2,2026-04-26,,
M6B_L2_00906,2,impeller_imbalance,A,200,0.2189188450574875,3,m6b_physics_lib_v2,-1,0b_v2,2026-04-26,,
M6B_L2_00907,2,impeller_imbalance,A,200,0.8529044389724731,1,m6b_physics_lib_v2,-1,0b_v2,2026-04-26,,
M6B_L2_00908,2,impeller_imbalance,A,200,0.6330540180206299,3,m6b_physics_lib_v2,-1,0b_v2,2026-04-26,,
M6B_L2_00909,2,impeller_imbalance,A,200,0.5739056468009949,1,m6b_physics_lib_v2,-1,0b_v2,2026-04-26,,
M6B_L2_00910,2,impeller_imbalance,A,200,0.2378096580505371,3,m6b_physics_lib_v2,-1,0b_v2,2026-04-26,,
M6B_L2_00911,2,impeller_imbalance,A,200,0.46233460307121277,3,m6b_physics_lib_v2,-1,0b_v2,2026-04-26,,
M6B_L2_00912,2,impeller_imbalance,A,200,0.8206237554550171,1,m6b_physics_lib_v2,-1,0b_v2,2026-04-26,,
M6B_L2_00913,2,impeller_imbalance,A,200,0.290622740983963,3,m6b_physics_lib_v2,-1,0b_v2,2026-04-26,,
M6B_L2_00914,2,impeller_imbalance,A,200,0.23023539781570435,1,m6b_physics_lib_v2,-1,0b_v2,2026-04-26,,
M6B_L2_00915,2,impeller_imbalance,A,200,0.2697274386882782,1,m6b_physics_lib_v2,-1,0b_v2,2026-04-26,,
M6B_L2_00916,2,impeller_imbalance,A,200,0.5812736749649048,1,m6b_physics_lib_v2,-1,0b_v2,2026-04-26,,
M6B_L2_00917,2,impeller_imbalance,A,200,0.697436511516571,1,m6b_physics_lib_v2,-1,0b_v2,2026-04-26,,
M6B_L2_00918,2,impeller_imbalance,A,200,0.24948540329933167,1,m6b_physics_lib_v2,-1,0b_v2,2026-04-26,,
M6B_L2_00919,2,impeller_imbalance,A,200,0.8039305806159973,3,m6b_physics_lib_v2,-1,0b_v2,2026-04-26,,
M6B_L2_00920,2,impeller_imbalance,A,200,0.8086193799972534,3,m6b_physics_lib_v2,-1,0b_v2,2026-04-26,,
M6B_L2_00921,2,impeller_imbalance,A,200,0.30385884642601013,1,m6b_physics_lib_v2,-1,0b_v2,2026-04-26,,
M6B_L2_00922,2,impeller_imbalance,A,200,0.8969860076904297,3,m6b_physics_lib_v2,-1,0b_v2,2026-04-26,,
M6B_L2_00923,2,impeller_imbalance,A,200,0.6128593683242798,3,m6b_physics_lib_v2,-1,0b_v2,2026-04-26,,
M6B_L2_00924,2,impeller_imbalance,A,200,0.21520324051380157,3,m6b_physics_lib_v2,-1,0b_v2,2026-04-26,,
M6B_L2_00925,2,impeller_imbalance,A,200,0.5232300758361816,3,m6b_physics_lib_v2,-1,0b_v2,2026-04-26,,
M6B_L2_00926,2,impeller_imbalance,A,200,0.7289532423019409,3,m6b_physics_lib_v2,-1,0b_v2,2026-04-26,,
M6B_L2_00927,2,impeller_imbalance,A,200,0.6184132099151611,1,m6b_physics_lib_v2,-1,0b_v2,2026-04-26,,
M6B_L2_00928,2,impeller_imbalance,A,200,0.7285900115966797,3,m6b_physics_lib_v2,-1,0b_v2,2026-04-26,,
M6B_L2_00929,2,impeller_imbalance,A,200,0.2404593676328659,1,m6b_physics_lib_v2,-1,0b_v2,2026-04-26,,
M6B_L2_00930,2,impeller_imbalance,A,200,0.8853541612625122,1,m6b_physics_lib_v2,-1,0b_v2,2026-04-26,,
M6B_L2_00931,2,impeller_imbalance,A,200,0.7860704660415649,3,m6b_physics_lib_v2,-1,0b_v2,2026-04-26,,
M6B_L2_00932,2,impeller_imbalance,A,200,0.8037068843841553,1,m6b_physics_lib_v2,-1,0b_v2,2026-04-26,,
M6B_L2_00933,2,impeller_imbalance,A,200,0.8826747536659241,3,m6b_physics_lib_v2,-1,0b_v2,2026-04-26,,
M6B_L2_00934,2,impeller_imbalance,A,200,0.5061159729957581,1,m6b_physics_lib_v2,-1,0b_v2,2026-04-26,,
M6B_L2_00935,2,impeller_imbalance,A,200,0.584041178226471,3,m6b_physics_lib_v2,-1,0b_v2,2026-04-26,,
M6B_L2_00936,2,impeller_imbalance,A,200,0.20534661412239075,1,m6b_physics_lib_v2,-1,0b_v2,2026-04-26,,
M6B_L2_00937,2,impeller_imbalance,A,200,0.3395448625087738,1,m6b_physics_lib_v2,-1,0b_v2,2026-04-26,,
M6B_L2_00938,2,impeller_imbalance,A,200,0.7106985449790955,3,m6b_physics_lib_v2,-1,0b_v2,2026-04-26,,
M6B_L2_00939,2,impeller_imbalance,A,200,0.6587396264076233,1,m6b_physics_lib_v2,-1,0b_v2,2026-04-26,,
M6B_L2_00940,2,impeller_imbalance,A,200,0.476729154586792,1,m6b_physics_lib_v2,-1,0b_v2,2026-04-26,,
M6B_L2_00941,2,impeller_imbalance,A,200,0.5438156127929688,3,m6b_physics_lib_v2,-1,0b_v2,2026-04-26,,
M6B_L2_00942,2,impeller_imbalance,A,200,0.8150777220726013,1,m6b_physics_lib_v2,-1,0b_v2,2026-04-26,,
M6B_L2_00943,2,impeller_imbalance,A,200,0.7930929660797119,3,m6b_physics_lib_v2,-1,0b_v2,2026-04-26,,
M6B_L2_00944,2,impeller_imbalance,A,200,0.6232353448867798,3,m6b_physics_lib_v2,-1,0b_v2,2026-04-26,,
M6B_L2_00945,2,impeller_imbalance,A,200,0.6822696924209595,3,m6b_physics_lib_v2,-1,0b_v2,2026-04-26,,
M6B_L2_00946,2,impeller_imbalance,A,200,0.9207943081855774,3,m6b_physics_lib_v2,-1,0b_v2,2026-04-26,,
M6B_L2_00947,2,impeller_imbalance,A,200,0.22010111808776855,1,m6b_physics_lib_v2,-1,0b_v2,2026-04-26,,
M6B_L2_00948,2,impeller_imbalance,A,200,0.7885698676109314,1,m6b_physics_lib_v2,-1,0b_v2,2026-04-26,,
M6B_L2_00949,2,impeller_imbalance,A,200,0.8591557741165161,1,m6b_physics_lib_v2,-1,0b_v2,2026-04-26,,
M6B_L2_00950,2,impeller_imbalance,A,200,0.9416396617889404,1,m6b_physics_lib_v2,-1,0b_v2,2026-04-26,,
M6B_L2_00951,2,impeller_imbalance,A,200,0.4876124858856201,1,m6b_physics_lib_v2,-1,0b_v2,2026-04-26,,
M6B_L2_00952,2,impeller_imbalance,A,200,0.5413336157798767,1,m6b_physics_lib_v2,-1,0b_v2,2026-04-26,,
M6B_L2_00953,2,impeller_imbalance,A,200,0.6968035697937012,1,m6b_physics_lib_v2,-1,0b_v2,2026-04-26,,
M6B_L2_00954,2,impeller_imbalance,A,200,0.5701195597648621,3,m6b_physics_lib_v2,-1,0b_v2,2026-04-26,,
M6B_L2_00955,2,impeller_imbalance,A,200,0.9597047567367554,3,m6b_physics_lib_v2,-1,0b_v2,2026-04-26,,
M6B_L2_00956,2,impeller_imbalance,A,200,0.4082288444042206,1,m6b_physics_lib_v2,-1,0b_v2,2026-04-26,,
M6B_L2_00957,2,impeller_imbalance,A,200,0.21508248150348663,1,m6b_physics_lib_v2,-1,0b_v2,2026-04-26,,
M6B_L2_00958,2,impeller_imbalance,A,200,0.7309584021568298,3,m6b_physics_lib_v2,-1,0b_v2,2026-04-26,,
M6B_L2_00959,2,impeller_imbalance,A,200,0.949673056602478,3,m6b_physics_lib_v2,-1,0b_v2,2026-04-26,,
M6B_L2_00960,2,impeller_imbalance,A,200,0.9899848699569702,1,m6b_physics_lib_v2,-1,0b_v2,2026-04-26,,
M6B_L2_00961,2,impeller_imbalance,A,200,0.22724080085754395,3,m6b_physics_lib_v2,-1,0b_v2,2026-04-26,,
M6B_L2_00962,2,impeller_imbalance,A,200,0.20850981771945953,1,m6b_physics_lib_v2,-1,0b_v2,2026-04-26,,
M6B_L2_00963,2,impeller_imbalance,A,200,0.5014125108718872,1,m6b_physics_lib_v2,-1,0b_v2,2026-04-26,,
M6B_L2_00964,2,impeller_imbalance,A,200,0.6305297613143921,1,m6b_physics_lib_v2,-1,0b_v2,2026-04-26,,
M6B_L2_00965,2,impeller_imbalance,A,200,0.49796590209007263,1,m6b_physics_lib_v2,-1,0b_v2,2026-04-26,,
M6B_L2_00966,2,impeller_imbalance,A,200,0.22736190259456635,3,m6b_physics_lib_v2,-1,0b_v2,2026-04-26,,
M6B_L2_00967,2,impeller_imbalance,A,200,0.7380822896957397,3,m6b_physics_lib_v2,-1,0b_v2,2026-04-26,,
M6B_L2_00968,2,impeller_imbalance,A,200,0.5309408903121948,1,m6b_physics_lib_v2,-1,0b_v2,2026-04-26,,
M6B_L2_00969,2,impeller_imbalance,A,200,0.7351477146148682,1,m6b_physics_lib_v2,-1,0b_v2,2026-04-26,,
M6B_L2_00970,2,impeller_imbalance,A,200,0.2363230288028717,1,m6b_physics_lib_v2,-1,0b_v2,2026-04-26,,
M6B_L2_00971,2,impeller_imbalance,A,200,0.7207893133163452,1,m6b_physics_lib_v2,-1,0b_v2,2026-04-26,,
M6B_L2_00972,2,impeller_imbalance,A,200,0.7544462084770203,1,m6b_physics_lib_v2,-1,0b_v2,2026-04-26,,
M6B_L2_00973,2,impeller_imbalance,A,200,0.8957564234733582,1,m6b_physics_lib_v2,-1,0b_v2,2026-04-26,,
M6B_L2_00974,2,impeller_imbalance,A,200,0.9050171375274658,3,m6b_physics_lib_v2,-1,0b_v2,2026-04-26,,
M6B_L2_00975,2,impeller_imbalance,A,200,0.33908089995384216,3,m6b_physics_lib_v2,-1,0b_v2,2026-04-26,,
M6B_L2_00976,2,impeller_imbalance,A,200,0.46385014057159424,1,m6b_physics_lib_v2,-1,0b_v2,2026-04-26,,
M6B_L2_00977,2,impeller_imbalance,A,200,0.9094681739807129,3,m6b_physics_lib_v2,-1,0b_v2,2026-04-26,,
M6B_L2_00978,2,impeller_imbalance,A,200,0.6929540634155273,1,m6b_physics_lib_v2,-1,0b_v2,2026-04-26,,
M6B_L2_00979,2,impeller_imbalance,A,200,0.285751610994339,3,m6b_physics_lib_v2,-1,0b_v2,2026-04-26,,
M6B_L2_00980,2,impeller_imbalance,A,200,0.5464420914649963,3,m6b_physics_lib_v2,-1,0b_v2,2026-04-26,,
M6B_L2_00981,2,impeller_imbalance,A,200,0.7574732899665833,3,m6b_physics_lib_v2,-1,0b_v2,2026-04-26,,
M6B_L2_00982,2,impeller_imbalance,A,200,0.5712225437164307,1,m6b_physics_lib_v2,-1,0b_v2,2026-04-26,,
M6B_L2_00983,2,impeller_imbalance,A,200,0.8502357006072998,1,m6b_physics_lib_v2,-1,0b_v2,2026-04-26,,
M6B_L2_00984,2,impeller_imbalance,A,200,0.5718045830726624,3,m6b_physics_lib_v2,-1,0b_v2,2026-04-26,,
M6B_L2_00985,2,impeller_imbalance,A,200,0.7631045579910278,3,m6b_physics_lib_v2,-1,0b_v2,2026-04-26,,
M6B_L2_00986,2,impeller_imbalance,A,200,0.8089902997016907,3,m6b_physics_lib_v2,-1,0b_v2,2026-04-26,,
M6B_L2_00987,2,impeller_imbalance,A,200,0.5125274062156677,3,m6b_physics_lib_v2,-1,0b_v2,2026-04-26,,
M6B_L2_00988,2,impeller_imbalance,A,200,0.40500393509864807,3,m6b_physics_lib_v2,-1,0b_v2,2026-04-26,,
M6B_L2_00989,2,impeller_imbalance,A,200,0.4731154143810272,3,m6b_physics_lib_v2,-1,0b_v2,2026-04-26,,
M6B_L2_00990,2,impeller_imbalance,A,200,0.5499909520149231,3,m6b_physics_lib_v2,-1,0b_v2,2026-04-26,,
M6B_L2_00991,2,impeller_imbalance,A,200,0.9983972907066345,3,m6b_physics_lib_v2,-1,0b_v2,2026-04-26,,
M6B_L2_00992,2,impeller_imbalance,A,200,0.7783418893814087,3,m6b_physics_lib_v2,-1,0b_v2,2026-04-26,,
M6B_L2_00993,2,impeller_imbalance,A,200,0.8738588690757751,3,m6b_physics_lib_v2,-1,0b_v2,2026-04-26,,
M6B_L2_00994,2,impeller_imbalance,A,200,0.28320959210395813,3,m6b_physics_lib_v2,-1,0b_v2,2026-04-26,,
M6B_L2_00995,2,impeller_imbalance,A,200,0.9776927828788757,1,m6b_physics_lib_v2,-1,0b_v2,2026-04-26,,
M6B_L2_00996,2,impeller_imbalance,A,200,0.3110221326351166,1,m6b_physics_lib_v2,-1,0b_v2,2026-04-26,,
M6B_L2_00997,2,impeller_imbalance,A,200,0.30747511982917786,1,m6b_physics_lib_v2,-1,0b_v2,2026-04-26,,
M6B_L2_00998,2,impeller_imbalance,A,200,0.6093189120292664,1,m6b_physics_lib_v2,-1,0b_v2,2026-04-26,,
M6B_L2_00999,2,impeller_imbalance,A,200,0.6183242797851562,1,m6b_physics_lib_v2,-1,0b_v2,2026-04-26,,
M6B_L2_01000,2,impeller_imbalance,A,200,0.28673818707466125,1,m6b_physics_lib_v2,-1,0b_v2,2026-04-26,,
M6B_L2_01001,2,impeller_imbalance,A,200,0.7848634719848633,1,m6b_physics_lib_v2,-1,0b_v2,2026-04-26,,
M6B_L2_01002,2,impeller_imbalance,A,200,0.639683723449707,3,m6b_physics_lib_v2,-1,0b_v2,2026-04-26,,
M6B_L2_01003,2,impeller_imbalance,A,200,0.47061342000961304,3,m6b_physics_lib_v2,-1,0b_v2,2026-04-26,,
M6B_L2_01004,2,impeller_imbalance,A,200,0.8943877816200256,1,m6b_physics_lib_v2,-1,0b_v2,2026-04-26,,
M6B_L2_01005,2,impeller_imbalance,A,200,0.8187949061393738,1,m6b_physics_lib_v2,-1,0b_v2,2026-04-26,,
M6B_L2_01006,2,impeller_imbalance,A,200,0.9405487179756165,3,m6b_physics_lib_v2,-1,0b_v2,2026-04-26,,
M6B_L2_01007,2,impeller_imbalance,A,200,0.35190775990486145,3,m6b_physics_lib_v2,-1,0b_v2,2026-04-26,,
M6B_L2_01008,2,impeller_imbalance,A,200,0.9301345348358154,3,m6b_physics_lib_v2,-1,0b_v2,2026-04-26,,
M6B_L2_01009,2,impeller_imbalance,A,200,0.5435287356376648,3,m6b_physics_lib_v2,-1,0b_v2,2026-04-26,,
M6B_L2_01010,2,impeller_imbalance,A,200,0.4099700152873993,3,m6b_physics_lib_v2,-1,0b_v2,2026-04-26,,
M6B_L2_01011,2,impeller_imbalance,A,200,0.31898579001426697,3,m6b_physics_lib_v2,-1,0b_v2,2026-04-26,,
M6B_L2_01012,2,impeller_imbalance,A,200,0.23846003413200378,3,m6b_physics_lib_v2,-1,0b_v2,2026-04-26,,
M6B_L2_01013,2,impeller_imbalance,A,200,0.8450351357460022,1,m6b_physics_lib_v2,-1,0b_v2,2026-04-26,,
M6B_L2_01014,2,impeller_imbalance,A,200,0.9126856327056885,3,m6b_physics_lib_v2,-1,0b_v2,2026-04-26,,
M6B_L2_01015,2,impeller_imbalance,A,200,0.5266861319541931,3,m6b_physics_lib_v2,-1,0b_v2,2026-04-26,,
M6B_L2_01016,2,impeller_imbalance,A,200,0.9101216793060303,1,m6b_physics_lib_v2,-1,0b_v2,2026-04-26,,
M6B_L2_01017,2,impeller_imbalance,A,200,0.7086652517318726,3,m6b_physics_lib_v2,-1,0b_v2,2026-04-26,,
M6B_L2_01018,2,impeller_imbalance,A,200,0.7352529168128967,3,m6b_physics_lib_v2,-1,0b_v2,2026-04-26,,
M6B_L2_01019,2,impeller_imbalance,A,200,0.5431639552116394,1,m6b_physics_lib_v2,-1,0b_v2,2026-04-26,,
M6B_L2_01020,2,impeller_imbalance,A,200,0.8154601454734802,1,m6b_physics_lib_v2,-1,0b_v2,2026-04-26,,
M6B_L2_01021,2,impeller_imbalance,A,200,0.3818446099758148,1,m6b_physics_lib_v2,-1,0b_v2,2026-04-26,,
M6B_L2_01022,2,impeller_imbalance,A,200,0.700291633605957,3,m6b_physics_lib_v2,-1,0b_v2,2026-04-26,,
M6B_L2_01023,2,impeller_imbalance,A,200,0.20484399795532227,1,m6b_physics_lib_v2,-1,0b_v2,2026-04-26,,
M6B_L2_01024,2,impeller_imbalance,A,200,0.4904412031173706,1,m6b_physics_lib_v2,-1,0b_v2,2026-04-26,,
M6B_L2_01025,2,impeller_imbalance,A,200,0.3362758457660675,1,m6b_physics_lib_v2,-1,0b_v2,2026-04-26,,
M6B_L2_01026,2,impeller_imbalance,A,200,0.927956223487854,3,m6b_physics_lib_v2,-1,0b_v2,2026-04-26,,
M6B_L2_01027,2,impeller_imbalance,A,200,0.8894069194793701,1,m6b_physics_lib_v2,-1,0b_v2,2026-04-26,,
M6B_L2_01028,2,impeller_imbalance,A,200,0.6160275936126709,3,m6b_physics_lib_v2,-1,0b_v2,2026-04-26,,
M6B_L2_01029,2,impeller_imbalance,A,200,0.6329556107521057,3,m6b_physics_lib_v2,-1,0b_v2,2026-04-26,,
M6B_L2_01030,2,impeller_imbalance,A,200,0.9979442358016968,3,m6b_physics_lib_v2,-1,0b_v2,2026-04-26,,
M6B_L2_01031,2,impeller_imbalance,A,200,0.20450662076473236,1,m6b_physics_lib_v2,-1,0b_v2,2026-04-26,,
M6B_L2_01032,2,impeller_imbalance,A,200,0.5487020015716553,3,m6b_physics_lib_v2,-1,0b_v2,2026-04-26,,
M6B_L2_01033,2,impeller_imbalance,A,200,0.9148082733154297,1,m6b_physics_lib_v2,-1,0b_v2,2026-04-26,,
M6B_L2_01034,2,impeller_imbalance,A,200,0.9194435477256775,1,m6b_physics_lib_v2,-1,0b_v2,2026-04-26,,
M6B_L2_01035,2,impeller_imbalance,A,200,0.4167468845844269,1,m6b_physics_lib_v2,-1,0b_v2,2026-04-26,,
M6B_L2_01036,2,impeller_imbalance,A,200,0.7720873951911926,1,m6b_physics_lib_v2,-1,0b_v2,2026-04-26,,
M6B_L2_01037,2,impeller_imbalance,A,200,0.7136172652244568,3,m6b_physics_lib_v2,-1,0b_v2,2026-04-26,,
M6B_L2_01038,2,impeller_imbalance,A,200,0.676694929599762,3,m6b_physics_lib_v2,-1,0b_v2,2026-04-26,,
M6B_L2_01039,2,impeller_imbalance,A,200,0.5546160340309143,1,m6b_physics_lib_v2,-1,0b_v2,2026-04-26,,
M6B_L2_01040,2,impeller_imbalance,A,200,0.3805088996887207,3,m6b_physics_lib_v2,-1,0b_v2,2026-04-26,,
M6B_L2_01041,2,impeller_imbalance,A,200,0.7731510400772095,3,m6b_physics_lib_v2,-1,0b_v2,2026-04-26,,
M6B_L2_01042,2,impeller_imbalance,A,200,0.6290601491928101,3,m6b_physics_lib_v2,-1,0b_v2,2026-04-26,,
M6B_L2_01043,2,impeller_imbalance,A,200,0.21497765183448792,1,m6b_physics_lib_v2,-1,0b_v2,2026-04-26,,
M6B_L2_01044,2,impeller_imbalance,A,200,0.7345734238624573,3,m6b_physics_lib_v2,-1,0b_v2,2026-04-26,,
M6B_L2_01045,2,impeller_imbalance,A,200,0.3424856960773468,3,m6b_physics_lib_v2,-1,0b_v2,2026-04-26,,
M6B_L2_01046,2,impeller_imbalance,A,200,0.5068563222885132,3,m6b_physics_lib_v2,-1,0b_v2,2026-04-26,,
M6B_L2_01047,2,impeller_imbalance,A,200,0.3296622037887573,3,m6b_physics_lib_v2,-1,0b_v2,2026-04-26,,
M6B_L2_01048,2,impeller_imbalance,A,200,0.8411550521850586,3,m6b_physics_lib_v2,-1,0b_v2,2026-04-26,,
M6B_L2_01049,2,impeller_imbalance,A,200,0.41677922010421753,1,m6b_physics_lib_v2,-1,0b_v2,2026-04-26,,
M6B_L2_01050,2,impeller_imbalance,A,200,0.42695152759552,3,m6b_physics_lib_v2,-1,0b_v2,2026-04-26,,
M6B_L2_01051,2,impeller_imbalance,A,200,0.32433804869651794,3,m6b_physics_lib_v2,-1,0b_v2,2026-04-26,,
M6B_L2_01052,2,impeller_imbalance,A,200,0.5836820602416992,3,m6b_physics_lib_v2,-1,0b_v2,2026-04-26,,
M6B_L2_01053,2,impeller_imbalance,A,200,0.3601703643798828,1,m6b_physics_lib_v2,-1,0b_v2,2026-04-26,,
M6B_L2_01054,2,impeller_imbalance,A,200,0.716295599937439,3,m6b_physics_lib_v2,-1,0b_v2,2026-04-26,,
M6B_L2_01055,2,impeller_imbalance,A,200,0.5703582763671875,3,m6b_physics_lib_v2,-1,0b_v2,2026-04-26,,
M6B_L2_01056,2,impeller_imbalance,A,200,0.6613380908966064,3,m6b_physics_lib_v2,-1,0b_v2,2026-04-26,,
M6B_L2_01057,2,impeller_imbalance,A,200,0.9729340672492981,3,m6b_physics_lib_v2,-1,0b_v2,2026-04-26,,
M6B_L2_01058,2,impeller_imbalance,A,200,0.7562649250030518,1,m6b_physics_lib_v2,-1,0b_v2,2026-04-26,,
M6B_L2_01059,2,impeller_imbalance,A,200,0.6441148519515991,3,m6b_physics_lib_v2,-1,0b_v2,2026-04-26,,
M6B_L2_01060,2,impeller_imbalance,A,200,0.862429678440094,3,m6b_physics_lib_v2,-1,0b_v2,2026-04-26,,
M6B_L2_01061,2,impeller_imbalance,A,200,0.2646063566207886,1,m6b_physics_lib_v2,-1,0b_v2,2026-04-26,,
M6B_L2_01062,2,impeller_imbalance,A,200,0.42893365025520325,3,m6b_physics_lib_v2,-1,0b_v2,2026-04-26,,
M6B_L2_01063,2,impeller_imbalance,A,200,0.9747253656387329,1,m6b_physics_lib_v2,-1,0b_v2,2026-04-26,,
M6B_L2_01064,2,impeller_imbalance,A,200,0.4142506420612335,3,m6b_physics_lib_v2,-1,0b_v2,2026-04-26,,
M6B_L2_01065,2,impeller_imbalance,A,200,0.44864392280578613,1,m6b_physics_lib_v2,-1,0b_v2,2026-04-26,,
M6B_L2_01066,2,impeller_imbalance,A,200,0.3145589530467987,3,m6b_physics_lib_v2,-1,0b_v2,2026-04-26,,
M6B_L2_01067,2,impeller_imbalance,A,200,0.32986024022102356,3,m6b_physics_lib_v2,-1,0b_v2,2026-04-26,,
M6B_L2_01068,2,impeller_imbalance,A,200,0.2882557213306427,3,m6b_physics_lib_v2,-1,0b_v2,2026-04-26,,
M6B_L2_01069,2,impeller_imbalance,A,200,0.8990181088447571,1,m6b_physics_lib_v2,-1,0b_v2,2026-04-26,,
M6B_L2_01070,2,impeller_imbalance,A,200,0.6935479044914246,3,m6b_physics_lib_v2,-1,0b_v2,2026-04-26,,
M6B_L2_01071,2,impeller_imbalance,A,200,0.9735413789749146,1,m6b_physics_lib_v2,-1,0b_v2,2026-04-26,,
M6B_L2_01072,2,impeller_imbalance,A,200,0.5130755305290222,3,m6b_physics_lib_v2,-1,0b_v2,2026-04-26,,
M6B_L2_01073,2,impeller_imbalance,A,200,0.9323370456695557,3,m6b_physics_lib_v2,-1,0b_v2,2026-04-26,,
M6B_L2_01074,2,impeller_imbalance,A,200,0.565224289894104,3,m6b_physics_lib_v2,-1,0b_v2,2026-04-26,,
M6B_L2_01075,2,impeller_imbalance,A,200,0.38070788979530334,1,m6b_physics_lib_v2,-1,0b_v2,2026-04-26,,
M6B_L2_01076,2,impeller_imbalance,A,200,0.8106756210327148,3,m6b_physics_lib_v2,-1,0b_v2,2026-04-26,,
M6B_L2_01077,2,impeller_imbalance,A,200,0.6385550498962402,1,m6b_physics_lib_v2,-1,0b_v2,2026-04-26,,
M6B_L2_01078,2,impeller_imbalance,A,200,0.9651102423667908,1,m6b_physics_lib_v2,-1,0b_v2,2026-04-26,,
M6B_L2_01079,2,impeller_imbalance,A,200,0.5779440999031067,1,m6b_physics_lib_v2,-1,0b_v2,2026-04-26,,
M6B_L2_01080,2,impeller_imbalance,A,200,0.3051106333732605,1,m6b_physics_lib_v2,-1,0b_v2,2026-04-26,,
M6B_L2_01081,2,impeller_imbalance,A,200,0.2647792398929596,1,m6b_physics_lib_v2,-1,0b_v2,2026-04-26,,
M6B_L2_01082,2,impeller_imbalance,A,200,0.29241254925727844,3,m6b_physics_lib_v2,-1,0b_v2,2026-04-26,,
M6B_L2_01083,2,impeller_imbalance,A,200,0.7036720514297485,3,m6b_physics_lib_v2,-1,0b_v2,2026-04-26,,
M6B_L2_01084,2,impeller_imbalance,A,200,0.7677037119865417,1,m6b_physics_lib_v2,-1,0b_v2,2026-04-26,,
M6B_L2_01085,2,impeller_imbalance,A,200,0.91691654920578,3,m6b_physics_lib_v2,-1,0b_v2,2026-04-26,,
M6B_L2_01086,2,impeller_imbalance,A,200,0.7331647872924805,3,m6b_physics_lib_v2,-1,0b_v2,2026-04-26,,
M6B_L2_01087,2,impeller_imbalance,A,200,0.6295363903045654,1,m6b_physics_lib_v2,-1,0b_v2,2026-04-26,,
M6B_L2_01088,2,impeller_imbalance,A,200,0.8633751273155212,3,m6b_physics_lib_v2,-1,0b_v2,2026-04-26,,
M6B_L2_01089,2,impeller_imbalance,A,200,0.4346374273300171,3,m6b_physics_lib_v2,-1,0b_v2,2026-04-26,,
M6B_L2_01090,2,impeller_imbalance,A,200,0.7515805959701538,3,m6b_physics_lib_v2,-1,0b_v2,2026-04-26,,
M6B_L2_01091,2,impeller_imbalance,A,200,0.2591842710971832,3,m6b_physics_lib_v2,-1,0b_v2,2026-04-26,,
M6B_L2_01092,2,impeller_imbalance,A,200,0.5401793718338013,3,m6b_physics_lib_v2,-1,0b_v2,2026-04-26,,
M6B_L2_01093,2,impeller_imbalance,A,200,0.8350576162338257,1,m6b_physics_lib_v2,-1,0b_v2,2026-04-26,,
M6B_L2_01094,2,impeller_imbalance,A,200,0.2239484041929245,1,m6b_physics_lib_v2,-1,0b_v2,2026-04-26,,
M6B_L2_01095,2,impeller_imbalance,A,200,0.8289541006088257,1,m6b_physics_lib_v2,-1,0b_v2,2026-04-26,,
M6B_L2_01096,2,impeller_imbalance,A,200,0.7975320816040039,3,m6b_physics_lib_v2,-1,0b_v2,2026-04-26,,
M6B_L2_01097,2,impeller_imbalance,A,200,0.9526531100273132,3,m6b_physics_lib_v2,-1,0b_v2,2026-04-26,,
M6B_L2_01098,2,impeller_imbalance,A,200,0.9251803755760193,1,m6b_physics_lib_v2,-1,0b_v2,2026-04-26,,
M6B_L2_01099,2,impeller_imbalance,A,200,0.25767984986305237,1,m6b_physics_lib_v2,-1,0b_v2,2026-04-26,,
M6B_L2_01100,2,impeller_imbalance,A,200,0.6050595045089722,3,m6b_physics_lib_v2,-1,0b_v2,2026-04-26,,
M6B_L2_01101,2,impeller_imbalance,A,200,0.3595605790615082,1,m6b_physics_lib_v2,-1,0b_v2,2026-04-26,,
M6B_L2_01102,2,impeller_imbalance,A,200,0.8791618943214417,1,m6b_physics_lib_v2,-1,0b_v2,2026-04-26,,
M6B_L2_01103,2,impeller_imbalance,A,200,0.9788473844528198,3,m6b_physics_lib_v2,-1,0b_v2,2026-04-26,,
M6B_L2_01104,2,impeller_imbalance,A,200,0.46384814381599426,3,m6b_physics_lib_v2,-1,0b_v2,2026-04-26,,
M6B_L2_01105,2,impeller_imbalance,A,200,0.473185658454895,1,m6b_physics_lib_v2,-1,0b_v2,2026-04-26,,
M6B_L2_01106,2,impeller_imbalance,A,200,0.79324871301651,1,m6b_physics_lib_v2,-1,0b_v2,2026-04-26,,
M6B_L2_01107,2,impeller_imbalance,A,200,0.4697520434856415,3,m6b_physics_lib_v2,-1,0b_v2,2026-04-26,,
M6B_L2_01108,2,impeller_imbalance,A,200,0.23378193378448486,3,m6b_physics_lib_v2,-1,0b_v2,2026-04-26,,
M6B_L2_01109,2,impeller_imbalance,A,200,0.30173543095588684,3,m6b_physics_lib_v2,-1,0b_v2,2026-04-26,,
M6B_L2_01110,2,impeller_imbalance,A,200,0.6442432999610901,3,m6b_physics_lib_v2,-1,0b_v2,2026-04-26,,
M6B_L2_01111,2,impeller_imbalance,A,200,0.47501590847969055,3,m6b_physics_lib_v2,-1,0b_v2,2026-04-26,,
M6B_L2_01112,2,impeller_imbalance,A,200,0.5403103828430176,1,m6b_physics_lib_v2,-1,0b_v2,2026-04-26,,
M6B_L2_01113,2,impeller_imbalance,A,200,0.9088573455810547,1,m6b_physics_lib_v2,-1,0b_v2,2026-04-26,,
M6B_L2_01114,2,impeller_imbalance,A,200,0.2466561198234558,1,m6b_physics_lib_v2,-1,0b_v2,2026-04-26,,
M6B_L2_01115,2,impeller_imbalance,A,200,0.3620090186595917,3,m6b_physics_lib_v2,-1,0b_v2,2026-04-26,,
M6B_L2_01116,2,impeller_imbalance,A,200,0.7972007393836975,1,m6b_physics_lib_v2,-1,0b_v2,2026-04-26,,
M6B_L2_01117,2,impeller_imbalance,A,200,0.7983628511428833,1,m6b_physics_lib_v2,-1,0b_v2,2026-04-26,,
M6B_L2_01118,2,impeller_imbalance,A,200,0.7273862361907959,1,m6b_physics_lib_v2,-1,0b_v2,2026-04-26,,
M6B_L2_01119,2,impeller_imbalance,A,200,0.7377117872238159,3,m6b_physics_lib_v2,-1,0b_v2,2026-04-26,,
M6B_L2_01120,2,impeller_imbalance,A,200,0.32674574851989746,1,m6b_physics_lib_v2,-1,0b_v2,2026-04-26,,
M6B_L2_01121,2,impeller_imbalance,A,200,0.9623599052429199,3,m6b_physics_lib_v2,-1,0b_v2,2026-04-26,,
M6B_L2_01122,2,impeller_imbalance,A,200,0.7699452042579651,3,m6b_physics_lib_v2,-1,0b_v2,2026-04-26,,
M6B_L2_01123,2,impeller_imbalance,A,200,0.23486438393592834,1,m6b_physics_lib_v2,-1,0b_v2,2026-04-26,,
M6B_L2_01124,2,impeller_imbalance,A,200,0.9859403371810913,3,m6b_physics_lib_v2,-1,0b_v2,2026-04-26,,
M6B_L2_01125,2,impeller_imbalance,A,200,0.5578722953796387,1,m6b_physics_lib_v2,-1,0b_v2,2026-04-26,,
M6B_L2_01126,2,impeller_imbalance,A,200,0.673762321472168,3,m6b_physics_lib_v2,-1,0b_v2,2026-04-26,,
M6B_L2_01127,2,impeller_imbalance,A,200,0.4646550416946411,3,m6b_physics_lib_v2,-1,0b_v2,2026-04-26,,
M6B_L2_01128,2,impeller_imbalance,A,200,0.2861950099468231,3,m6b_physics_lib_v2,-1,0b_v2,2026-04-26,,
M6B_L2_01129,2,impeller_imbalance,A,200,0.35034841299057007,1,m6b_physics_lib_v2,-1,0b_v2,2026-04-26,,
M6B_L2_01130,2,impeller_imbalance,A,200,0.6491221189498901,3,m6b_physics_lib_v2,-1,0b_v2,2026-04-26,,
M6B_L2_01131,2,impeller_imbalance,A,200,0.7439737319946289,3,m6b_physics_lib_v2,-1,0b_v2,2026-04-26,,
M6B_L2_01132,2,impeller_imbalance,A,200,0.8185353875160217,3,m6b_physics_lib_v2,-1,0b_v2,2026-04-26,,
M6B_L2_01133,2,impeller_imbalance,A,200,0.5429359674453735,1,m6b_physics_lib_v2,-1,0b_v2,2026-04-26,,
M6B_L2_01134,2,impeller_imbalance,A,200,0.8122709393501282,1,m6b_physics_lib_v2,-1,0b_v2,2026-04-26,,
M6B_L2_01135,2,impeller_imbalance,A,200,0.5133289694786072,1,m6b_physics_lib_v2,-1,0b_v2,2026-04-26,,
M6B_L2_01136,2,impeller_imbalance,A,200,0.3359925448894501,3,m6b_physics_lib_v2,-1,0b_v2,2026-04-26,,
M6B_L2_01137,2,impeller_imbalance,A,200,0.5472538471221924,3,m6b_physics_lib_v2,-1,0b_v2,2026-04-26,,
M6B_L2_01138,2,impeller_imbalance,A,200,0.8728141188621521,1,m6b_physics_lib_v2,-1,0b_v2,2026-04-26,,
M6B_L2_01139,2,impeller_imbalance,A,200,0.4191674590110779,1,m6b_physics_lib_v2,-1,0b_v2,2026-04-26,,
M6B_L2_01140,2,impeller_imbalance,A,200,0.22820529341697693,1,m6b_physics_lib_v2,-1,0b_v2,2026-04-26,,
M6B_L2_01141,2,impeller_imbalance,A,200,0.749257504940033,3,m6b_physics_lib_v2,-1,0b_v2,2026-04-26,,
M6B_L2_01142,2,impeller_imbalance,A,200,0.9879531860351562,3,m6b_physics_lib_v2,-1,0b_v2,2026-04-26,,
M6B_L2_01143,2,impeller_imbalance,A,200,0.9778822660446167,1,m6b_physics_lib_v2,-1,0b_v2,2026-04-26,,
M6B_L2_01144,2,impeller_imbalance,A,200,0.9387801885604858,1,m6b_physics_lib_v2,-1,0b_v2,2026-04-26,,
M6B_L2_01145,2,impeller_imbalance,A,200,0.2168799638748169,1,m6b_physics_lib_v2,-1,0b_v2,2026-04-26,,
M6B_L2_01146,2,impeller_imbalance,A,200,0.29594212770462036,1,m6b_physics_lib_v2,-1,0b_v2,2026-04-26,,
M6B_L2_01147,2,impeller_imbalance,A,200,0.7684084177017212,3,m6b_physics_lib_v2,-1,0b_v2,2026-04-26,,
M6B_L2_01148,2,impeller_imbalance,A,200,0.9643763303756714,1,m6b_physics_lib_v2,-1,0b_v2,2026-04-26,,
M6B_L2_01149,2,impeller_imbalance,A,200,0.4542107880115509,3,m6b_physics_lib_v2,-1,0b_v2,2026-04-26,,
M6B_L2_01150,2,impeller_imbalance,A,200,0.38258495926856995,1,m6b_physics_lib_v2,-1,0b_v2,2026-04-26,,
M6B_L2_01151,2,impeller_imbalance,A,200,0.5676884651184082,3,m6b_physics_lib_v2,-1,0b_v2,2026-04-26,,
M6B_L2_01152,2,impeller_imbalance,A,200,0.9368354082107544,3,m6b_physics_lib_v2,-1,0b_v2,2026-04-26,,
M6B_L2_01153,2,impeller_imbalance,A,200,0.9026756286621094,1,m6b_physics_lib_v2,-1,0b_v2,2026-04-26,,
M6B_L2_01154,2,impeller_imbalance,A,200,0.592870831489563,3,m6b_physics_lib_v2,-1,0b_v2,2026-04-26,,
M6B_L2_01155,2,impeller_imbalance,A,200,0.4558764398097992,3,m6b_physics_lib_v2,-1,0b_v2,2026-04-26,,
M6B_L2_01156,2,impeller_imbalance,A,200,0.6479812264442444,1,m6b_physics_lib_v2,-1,0b_v2,2026-04-26,,
M6B_L2_01157,2,impeller_imbalance,A,200,0.5919575691223145,1,m6b_physics_lib_v2,-1,0b_v2,2026-04-26,,
M6B_L2_01158,2,impeller_imbalance,A,200,0.7857792377471924,3,m6b_physics_lib_v2,-1,0b_v2,2026-04-26,,
M6B_L2_01159,2,impeller_imbalance,A,200,0.533463180065155,3,m6b_physics_lib_v2,-1,0b_v2,2026-04-26,,
M6B_L2_01160,2,impeller_imbalance,A,200,0.7345051169395447,3,m6b_physics_lib_v2,-1,0b_v2,2026-04-26,,
M6B_L2_01161,2,impeller_imbalance,A,200,0.2576545178890228,1,m6b_physics_lib_v2,-1,0b_v2,2026-04-26,,
M6B_L2_01162,2,impeller_imbalance,A,200,0.2628692090511322,1,m6b_physics_lib_v2,-1,0b_v2,2026-04-26,,
M6B_L2_01163,2,impeller_imbalance,A,200,0.7364671230316162,1,m6b_physics_lib_v2,-1,0b_v2,2026-04-26,,
M6B_L2_01164,2,impeller_imbalance,A,200,0.26503226161003113,3,m6b_physics_lib_v2,-1,0b_v2,2026-04-26,,
M6B_L2_01165,2,impeller_imbalance,A,200,0.40893423557281494,1,m6b_physics_lib_v2,-1,0b_v2,2026-04-26,,
M6B_L2_01166,2,impeller_imbalance,A,200,0.9323926568031311,1,m6b_physics_lib_v2,-1,0b_v2,2026-04-26,,
M6B_L2_01167,2,impeller_imbalance,A,200,0.7963340282440186,1,m6b_physics_lib_v2,-1,0b_v2,2026-04-26,,
M6B_L2_01168,2,impeller_imbalance,A,200,0.8058028817176819,1,m6b_physics_lib_v2,-1,0b_v2,2026-04-26,,
M6B_L2_01169,2,impeller_imbalance,A,200,0.31467995047569275,3,m6b_physics_lib_v2,-1,0b_v2,2026-04-26,,
M6B_L2_01170,2,impeller_imbalance,A,200,0.714321494102478,1,m6b_physics_lib_v2,-1,0b_v2,2026-04-26,,
M6B_L2_01171,2,impeller_imbalance,A,200,0.6294472217559814,1,m6b_physics_lib_v2,-1,0b_v2,2026-04-26,,
M6B_L2_01172,2,impeller_imbalance,A,200,0.2797324061393738,3,m6b_physics_lib_v2,-1,0b_v2,2026-04-26,,
M6B_L2_01173,2,impeller_imbalance,A,200,0.775185763835907,1,m6b_physics_lib_v2,-1,0b_v2,2026-04-26,,
M6B_L2_01174,2,impeller_imbalance,A,200,0.9223513007164001,3,m6b_physics_lib_v2,-1,0b_v2,2026-04-26,,
M6B_L2_01175,2,impeller_imbalance,A,200,0.36273300647735596,1,m6b_physics_lib_v2,-1,0b_v2,2026-04-26,,
M6B_L2_01176,2,impeller_imbalance,A,200,0.6073888540267944,3,m6b_physics_lib_v2,-1,0b_v2,2026-04-26,,
M6B_L2_01177,2,impeller_imbalance,A,200,0.9591924548149109,3,m6b_physics_lib_v2,-1,0b_v2,2026-04-26,,
M6B_L2_01178,2,impeller_imbalance,A,200,0.33481818437576294,1,m6b_physics_lib_v2,-1,0b_v2,2026-04-26,,
M6B_L2_01179,2,impeller_imbalance,A,200,0.7131891250610352,1,m6b_physics_lib_v2,-1,0b_v2,2026-04-26,,
M6B_L2_01180,2,impeller_imbalance,A,200,0.9501462578773499,1,m6b_physics_lib_v2,-1,0b_v2,2026-04-26,,
M6B_L2_01181,2,impeller_imbalance,A,200,0.5333319902420044,3,m6b_physics_lib_v2,-1,0b_v2,2026-04-26,,
M6B_L2_01182,2,impeller_imbalance,A,200,0.9980751872062683,1,m6b_physics_lib_v2,-1,0b_v2,2026-04-26,,
M6B_L2_01183,2,impeller_imbalance,A,200,0.9388560652732849,1,m6b_physics_lib_v2,-1,0b_v2,2026-04-26,,
M6B_L2_01184,2,impeller_imbalance,A,200,0.6281466484069824,3,m6b_physics_lib_v2,-1,0b_v2,2026-04-26,,
M6B_L2_01185,2,impeller_imbalance,A,200,0.28556114435195923,3,m6b_physics_lib_v2,-1,0b_v2,2026-04-26,,
M6B_L2_01186,2,impeller_imbalance,A,200,0.3184141218662262,3,m6b_physics_lib_v2,-1,0b_v2,2026-04-26,,
M6B_L2_01187,2,impeller_imbalance,A,200,0.8797925114631653,1,m6b_physics_lib_v2,-1,0b_v2,2026-04-26,,
M6B_L2_01188,2,impeller_imbalance,A,200,0.4808797836303711,3,m6b_physics_lib_v2,-1,0b_v2,2026-04-26,,
M6B_L2_01189,2,impeller_imbalance,A,200,0.2608603537082672,3,m6b_physics_lib_v2,-1,0b_v2,2026-04-26,,
M6B_L2_01190,2,impeller_imbalance,A,200,0.8374547958374023,3,m6b_physics_lib_v2,-1,0b_v2,2026-04-26,,
M6B_L2_01191,2,impeller_imbalance,A,200,0.23001861572265625,3,m6b_physics_lib_v2,-1,0b_v2,2026-04-26,,
M6B_L2_01192,2,impeller_imbalance,A,200,0.2918613851070404,3,m6b_physics_lib_v2,-1,0b_v2,2026-04-26,,
M6B_L2_01193,2,impeller_imbalance,A,200,0.6550897359848022,3,m6b_physics_lib_v2,-1,0b_v2,2026-04-26,,
M6B_L2_01194,2,impeller_imbalance,A,200,0.653395414352417,3,m6b_physics_lib_v2,-1,0b_v2,2026-04-26,,
M6B_L2_01195,2,impeller_imbalance,A,200,0.7974556088447571,3,m6b_physics_lib_v2,-1,0b_v2,2026-04-26,,
M6B_L2_01196,2,impeller_imbalance,A,200,0.7634897828102112,1,m6b_physics_lib_v2,-1,0b_v2,2026-04-26,,
M6B_L2_01197,2,impeller_imbalance,A,200,0.4956932067871094,3,m6b_physics_lib_v2,-1,0b_v2,2026-04-26,,
M6B_L2_01198,2,impeller_imbalance,A,200,0.31827715039253235,3,m6b_physics_lib_v2,-1,0b_v2,2026-04-26,,
M6B_L2_01199,2,impeller_imbalance,A,200,0.8189871907234192,1,m6b_physics_lib_v2,-1,0b_v2,2026-04-26,,
M6B_L2_01200,2,impeller_imbalance,A,200,0.9438630938529968,1,m6b_physics_lib_v2,-1,0b_v2,2026-04-26,,
M6B_L2_01201,2,impeller_imbalance,A,200,0.9452143311500549,1,m6b_physics_lib_v2,-1,0b_v2,2026-04-26,,
M6B_L2_01202,2,impeller_imbalance,A,200,0.2409316599369049,1,m6b_physics_lib_v2,-1,0b_v2,2026-04-26,,
M6B_L2_01203,2,impeller_imbalance,A,200,0.7746787071228027,1,m6b_physics_lib_v2,-1,0b_v2,2026-04-26,,
M6B_L2_01204,2,impeller_imbalance,A,200,0.49388667941093445,1,m6b_physics_lib_v2,-1,0b_v2,2026-04-26,,
M6B_L2_01205,2,impeller_imbalance,A,200,0.721107542514801,3,m6b_physics_lib_v2,-1,0b_v2,2026-04-26,,
M6B_L2_01206,2,impeller_imbalance,A,200,0.9429548382759094,3,m6b_physics_lib_v2,-1,0b_v2,2026-04-26,,
M6B_L2_01207,2,impeller_imbalance,A,200,0.6181889176368713,1,m6b_physics_lib_v2,-1,0b_v2,2026-04-26,,
M6B_L2_01208,2,impeller_imbalance,A,200,0.9203546047210693,1,m6b_physics_lib_v2,-1,0b_v2,2026-04-26,,
M6B_L2_01209,2,impeller_imbalance,A,200,0.7773625254631042,1,m6b_physics_lib_v2,-1,0b_v2,2026-04-26,,
M6B_L2_01210,2,impeller_imbalance,A,200,0.7632492780685425,3,m6b_physics_lib_v2,-1,0b_v2,2026-04-26,,
M6B_L2_01211,2,impeller_imbalance,A,200,0.7249522805213928,1,m6b_physics_lib_v2,-1,0b_v2,2026-04-26,,
M6B_L2_01212,2,impeller_imbalance,A,200,0.9327977299690247,1,m6b_physics_lib_v2,-1,0b_v2,2026-04-26,,
M6B_L2_01213,2,impeller_imbalance,A,200,0.2046208381652832,1,m6b_physics_lib_v2,-1,0b_v2,2026-04-26,,
M6B_L2_01214,2,impeller_imbalance,A,200,0.5767605304718018,1,m6b_physics_lib_v2,-1,0b_v2,2026-04-26,,
M6B_L2_01215,2,impeller_imbalance,A,200,0.740645706653595,1,m6b_physics_lib_v2,-1,0b_v2,2026-04-26,,
M6B_L2_01216,2,impeller_imbalance,A,200,0.34424760937690735,3,m6b_physics_lib_v2,-1,0b_v2,2026-04-26,,
M6B_L2_01217,2,impeller_imbalance,A,200,0.24904462695121765,3,m6b_physics_lib_v2,-1,0b_v2,2026-04-26,,
M6B_L2_01218,2,impeller_imbalance,A,200,0.8523271679878235,3,m6b_physics_lib_v2,-1,0b_v2,2026-04-26,,
M6B_L2_01219,2,impeller_imbalance,A,200,0.9262158274650574,3,m6b_physics_lib_v2,-1,0b_v2,2026-04-26,,
M6B_L2_01220,2,impeller_imbalance,A,200,0.360257625579834,1,m6b_physics_lib_v2,-1,0b_v2,2026-04-26,,
M6B_L2_01221,2,impeller_imbalance,A,200,0.8472793102264404,3,m6b_physics_lib_v2,-1,0b_v2,2026-04-26,,
M6B_L2_01222,2,impeller_imbalance,A,200,0.8788560628890991,3,m6b_physics_lib_v2,-1,0b_v2,2026-04-26,,
M6B_L2_01223,2,impeller_imbalance,A,200,0.5771301984786987,3,m6b_physics_lib_v2,-1,0b_v2,2026-04-26,,
M6B_L2_01224,2,impeller_imbalance,A,200,0.6491924524307251,1,m6b_physics_lib_v2,-1,0b_v2,2026-04-26,,
M6B_L2_01225,2,impeller_imbalance,A,200,0.25953614711761475,3,m6b_physics_lib_v2,-1,0b_v2,2026-04-26,,
M6B_L2_01226,2,impeller_imbalance,A,200,0.40790945291519165,3,m6b_physics_lib_v2,-1,0b_v2,2026-04-26,,
M6B_L2_01227,2,impeller_imbalance,A,200,0.9916912317276001,1,m6b_physics_lib_v2,-1,0b_v2,2026-04-26,,
M6B_L2_01228,2,impeller_imbalance,A,200,0.4486774802207947,3,m6b_physics_lib_v2,-1,0b_v2,2026-04-26,,
M6B_L2_01229,2,impeller_imbalance,A,200,0.32004058361053467,1,m6b_physics_lib_v2,-1,0b_v2,2026-04-26,,
M6B_L2_01230,2,impeller_imbalance,A,200,0.3390039801597595,1,m6b_physics_lib_v2,-1,0b_v2,2026-04-26,,
M6B_L2_01231,2,impeller_imbalance,A,200,0.25426220893859863,1,m6b_physics_lib_v2,-1,0b_v2,2026-04-26,,
M6B_L2_01232,2,impeller_imbalance,A,200,0.7711804509162903,1,m6b_physics_lib_v2,-1,0b_v2,2026-04-26,,
M6B_L2_01233,2,impeller_imbalance,A,200,0.24628320336341858,3,m6b_physics_lib_v2,-1,0b_v2,2026-04-26,,
M6B_L2_01234,2,impeller_imbalance,A,200,0.6290929317474365,1,m6b_physics_lib_v2,-1,0b_v2,2026-04-26,,
M6B_L2_01235,2,impeller_imbalance,A,200,0.6591897010803223,3,m6b_physics_lib_v2,-1,0b_v2,2026-04-26,,
M6B_L2_01236,2,impeller_imbalance,A,200,0.7091479897499084,1,m6b_physics_lib_v2,-1,0b_v2,2026-04-26,,
M6B_L2_01237,2,impeller_imbalance,A,200,0.8276281952857971,3,m6b_physics_lib_v2,-1,0b_v2,2026-04-26,,
M6B_L2_01238,2,impeller_imbalance,A,200,0.3724267780780792,3,m6b_physics_lib_v2,-1,0b_v2,2026-04-26,,
M6B_L2_01239,2,impeller_imbalance,A,200,0.46072089672088623,1,m6b_physics_lib_v2,-1,0b_v2,2026-04-26,,
M6B_L2_01240,2,impeller_imbalance,A,200,0.7469894886016846,1,m6b_physics_lib_v2,-1,0b_v2,2026-04-26,,
M6B_L2_01241,2,impeller_imbalance,A,200,0.6761515736579895,3,m6b_physics_lib_v2,-1,0b_v2,2026-04-26,,
M6B_L2_01242,2,impeller_imbalance,A,200,0.44786688685417175,3,m6b_physics_lib_v2,-1,0b_v2,2026-04-26,,
M6B_L2_01243,2,impeller_imbalance,A,200,0.28862103819847107,3,m6b_physics_lib_v2,-1,0b_v2,2026-04-26,,
M6B_L2_01244,2,impeller_imbalance,A,200,0.990570068359375,1,m6b_physics_lib_v2,-1,0b_v2,2026-04-26,,
M6B_L2_01245,2,impeller_imbalance,A,200,0.3192484676837921,3,m6b_physics_lib_v2,-1,0b_v2,2026-04-26,,
M6B_L2_01246,2,impeller_imbalance,A,200,0.35963431000709534,3,m6b_physics_lib_v2,-1,0b_v2,2026-04-26,,
M6B_L2_01247,2,impeller_imbalance,A,200,0.6762925982475281,1,m6b_physics_lib_v2,-1,0b_v2,2026-04-26,,
M6B_L2_01248,2,impeller_imbalance,A,200,0.5231767296791077,3,m6b_physics_lib_v2,-1,0b_v2,2026-04-26,,
M6B_L2_01249,2,impeller_imbalance,A,200,0.7299464344978333,1,m6b_physics_lib_v2,-1,0b_v2,2026-04-26,,
M6B_L2_01250,2,impeller_imbalance,A,200,0.976280152797699,1,m6b_physics_lib_v2,-1,0b_v2,2026-04-26,,
M6B_L2_01251,2,impeller_imbalance,A,200,0.278425008058548,1,m6b_physics_lib_v2,-1,0b_v2,2026-04-26,,
M6B_L2_01252,2,impeller_imbalance,A,200,0.6625052094459534,3,m6b_physics_lib_v2,-1,0b_v2,2026-04-26,,
M6B_L2_01253,2,impeller_imbalance,A,200,0.7695179581642151,3,m6b_physics_lib_v2,-1,0b_v2,2026-04-26,,
M6B_L2_01254,2,impeller_imbalance,A,200,0.7543683648109436,3,m6b_physics_lib_v2,-1,0b_v2,2026-04-26,,
M6B_L2_01255,2,impeller_imbalance,A,200,0.4634031355381012,1,m6b_physics_lib_v2,-1,0b_v2,2026-04-26,,
M6B_L2_01256,2,impeller_imbalance,A,200,0.2498801350593567,1,m6b_physics_lib_v2,-1,0b_v2,2026-04-26,,
M6B_L2_01257,2,impeller_imbalance,A,200,0.33252689242362976,3,m6b_physics_lib_v2,-1,0b_v2,2026-04-26,,
M6B_L2_01258,2,impeller_imbalance,A,200,0.7785158157348633,3,m6b_physics_lib_v2,-1,0b_v2,2026-04-26,,
M6B_L2_01259,2,impeller_imbalance,A,200,0.738751232624054,1,m6b_physics_lib_v2,-1,0b_v2,2026-04-26,,
M6B_L2_01260,2,impeller_imbalance,A,200,0.8577020168304443,1,m6b_physics_lib_v2,-1,0b_v2,2026-04-26,,
M6B_L2_01261,2,impeller_imbalance,A,200,0.3368375599384308,3,m6b_physics_lib_v2,-1,0b_v2,2026-04-26,,
M6B_L2_01262,2,impeller_imbalance,A,200,0.6701532006263733,1,m6b_physics_lib_v2,-1,0b_v2,2026-04-26,,
M6B_L2_01263,2,impeller_imbalance,A,200,0.8240871429443359,3,m6b_physics_lib_v2,-1,0b_v2,2026-04-26,,
M6B_L2_01264,2,impeller_imbalance,A,200,0.6914477348327637,1,m6b_physics_lib_v2,-1,0b_v2,2026-04-26,,
M6B_L2_01265,2,impeller_imbalance,A,200,0.7645459771156311,3,m6b_physics_lib_v2,-1,0b_v2,2026-04-26,,
M6B_L2_01266,2,impeller_imbalance,A,200,0.21318426728248596,3,m6b_physics_lib_v2,-1,0b_v2,2026-04-26,,
M6B_L2_01267,2,impeller_imbalance,A,200,0.3397509753704071,3,m6b_physics_lib_v2,-1,0b_v2,2026-04-26,,
M6B_L2_01268,2,impeller_imbalance,A,200,0.8811507821083069,1,m6b_physics_lib_v2,-1,0b_v2,2026-04-26,,
M6B_L2_01269,2,impeller_imbalance,A,200,0.8701010346412659,3,m6b_physics_lib_v2,-1,0b_v2,2026-04-26,,
M6B_L2_01270,2,impeller_imbalance,A,200,0.6438013315200806,1,m6b_physics_lib_v2,-1,0b_v2,2026-04-26,,
M6B_L2_01271,2,impeller_imbalance,A,200,0.4185222089290619,3,m6b_physics_lib_v2,-1,0b_v2,2026-04-26,,
M6B_L2_01272,2,impeller_imbalance,A,200,0.9461337924003601,1,m6b_physics_lib_v2,-1,0b_v2,2026-04-26,,
M6B_L2_01273,2,impeller_imbalance,A,200,0.7220903635025024,3,m6b_physics_lib_v2,-1,0b_v2,2026-04-26,,
M6B_L2_01274,2,impeller_imbalance,A,200,0.4415600895881653,1,m6b_physics_lib_v2,-1,0b_v2,2026-04-26,,
M6B_L2_01275,2,impeller_imbalance,A,200,0.8745103478431702,1,m6b_physics_lib_v2,-1,0b_v2,2026-04-26,,
M6B_L2_01276,2,impeller_imbalance,A,200,0.4361342191696167,1,m6b_physics_lib_v2,-1,0b_v2,2026-04-26,,
M6B_L2_01277,2,impeller_imbalance,A,200,0.2952333986759186,3,m6b_physics_lib_v2,-1,0b_v2,2026-04-26,,
M6B_L2_01278,2,impeller_imbalance,A,200,0.7299288511276245,1,m6b_physics_lib_v2,-1,0b_v2,2026-04-26,,
M6B_L2_01279,2,impeller_imbalance,A,200,0.7239202857017517,1,m6b_physics_lib_v2,-1,0b_v2,2026-04-26,,
M6B_L2_01280,2,impeller_imbalance,A,200,0.8125508427619934,1,m6b_physics_lib_v2,-1,0b_v2,2026-04-26,,
M6B_L2_01281,2,impeller_imbalance,A,200,0.8512222170829773,3,m6b_physics_lib_v2,-1,0b_v2,2026-04-26,,
M6B_L2_01282,2,impeller_imbalance,A,200,0.6803834438323975,3,m6b_physics_lib_v2,-1,0b_v2,2026-04-26,,
M6B_L2_01283,2,impeller_imbalance,A,200,0.2965959310531616,3,m6b_physics_lib_v2,-1,0b_v2,2026-04-26,,
M6B_L2_01284,2,impeller_imbalance,A,200,0.9540635347366333,1,m6b_physics_lib_v2,-1,0b_v2,2026-04-26,,
M6B_L2_01285,2,impeller_imbalance,A,200,0.5145087242126465,1,m6b_physics_lib_v2,-1,0b_v2,2026-04-26,,
M6B_L2_01286,2,impeller_imbalance,A,200,0.9866621494293213,1,m6b_physics_lib_v2,-1,0b_v2,2026-04-26,,
M6B_L2_01287,2,impeller_imbalance,A,200,0.5285778641700745,1,m6b_physics_lib_v2,-1,0b_v2,2026-04-26,,
M6B_L2_01288,2,impeller_imbalance,A,200,0.38220205903053284,3,m6b_physics_lib_v2,-1,0b_v2,2026-04-26,,
M6B_L2_01289,2,impeller_imbalance,A,200,0.20355217158794403,1,m6b_physics_lib_v2,-1,0b_v2,2026-04-26,,
M6B_L2_01290,2,impeller_imbalance,A,200,0.984483003616333,3,m6b_physics_lib_v2,-1,0b_v2,2026-04-26,,
M6B_L2_01291,2,impeller_imbalance,A,200,0.4372261166572571,1,m6b_physics_lib_v2,-1,0b_v2,2026-04-26,,
M6B_L2_01292,2,impeller_imbalance,A,200,0.9954836368560791,1,m6b_physics_lib_v2,-1,0b_v2,2026-04-26,,
M6B_L2_01293,2,impeller_imbalance,A,200,0.22034527361392975,1,m6b_physics_lib_v2,-1,0b_v2,2026-04-26,,
M6B_L2_01294,2,impeller_imbalance,A,200,0.4601728320121765,1,m6b_physics_lib_v2,-1,0b_v2,2026-04-26,,
M6B_L2_01295,2,impeller_imbalance,A,200,0.7366520762443542,3,m6b_physics_lib_v2,-1,0b_v2,2026-04-26,,
M6B_L2_01296,2,impeller_imbalance,A,200,0.6365689635276794,1,m6b_physics_lib_v2,-1,0b_v2,2026-04-26,,
M6B_L2_01297,2,impeller_imbalance,A,200,0.32433438301086426,1,m6b_physics_lib_v2,-1,0b_v2,2026-04-26,,
M6B_L2_01298,2,impeller_imbalance,A,200,0.5422307252883911,1,m6b_physics_lib_v2,-1,0b_v2,2026-04-26,,
M6B_L2_01299,2,impeller_imbalance,A,200,0.5071948766708374,3,m6b_physics_lib_v2,-1,0b_v2,2026-04-26,,
M6B_L2_01300,2,impeller_imbalance,A,200,0.234422966837883,3,m6b_physics_lib_v2,-1,0b_v2,2026-04-26,,
M6B_L2_01301,2,impeller_imbalance,A,200,0.6146829724311829,1,m6b_physics_lib_v2,-1,0b_v2,2026-04-26,,
M6B_L2_01302,2,impeller_imbalance,A,200,0.22313743829727173,1,m6b_physics_lib_v2,-1,0b_v2,2026-04-26,,
M6B_L2_01303,2,impeller_imbalance,A,200,0.2958875894546509,1,m6b_physics_lib_v2,-1,0b_v2,2026-04-26,,
M6B_L2_01304,2,impeller_imbalance,A,200,0.5015960335731506,1,m6b_physics_lib_v2,-1,0b_v2,2026-04-26,,
M6B_L2_01305,2,impeller_imbalance,A,200,0.37963318824768066,3,m6b_physics_lib_v2,-1,0b_v2,2026-04-26,,
M6B_L2_01306,2,impeller_imbalance,A,200,0.8578835725784302,1,m6b_physics_lib_v2,-1,0b_v2,2026-04-26,,
M6B_L2_01307,2,impeller_imbalance,A,200,0.40289410948753357,1,m6b_physics_lib_v2,-1,0b_v2,2026-04-26,,
M6B_L2_01308,2,impeller_imbalance,A,200,0.9908196926116943,1,m6b_physics_lib_v2,-1,0b_v2,2026-04-26,,
M6B_L2_01309,2,impeller_imbalance,A,200,0.8935313820838928,3,m6b_physics_lib_v2,-1,0b_v2,2026-04-26,,
M6B_L2_01310,2,impeller_imbalance,A,200,0.4901609718799591,1,m6b_physics_lib_v2,-1,0b_v2,2026-04-26,,
M6B_L2_01311,2,impeller_imbalance,A,200,0.9879074096679688,1,m6b_physics_lib_v2,-1,0b_v2,2026-04-26,,
M6B_L2_01312,2,impeller_imbalance,A,200,0.7599614858627319,1,m6b_physics_lib_v2,-1,0b_v2,2026-04-26,,
M6B_L2_01313,2,impeller_imbalance,A,200,0.2076311856508255,3,m6b_physics_lib_v2,-1,0b_v2,2026-04-26,,
M6B_L2_01314,2,impeller_imbalance,A,200,0.858731210231781,1,m6b_physics_lib_v2,-1,0b_v2,2026-04-26,,
M6B_L2_01315,2,impeller_imbalance,A,200,0.8585289120674133,3,m6b_physics_lib_v2,-1,0b_v2,2026-04-26,,
M6B_L2_01316,2,impeller_imbalance,A,200,0.8999801874160767,3,m6b_physics_lib_v2,-1,0b_v2,2026-04-26,,
M6B_L2_01317,2,impeller_imbalance,A,200,0.9501659274101257,1,m6b_physics_lib_v2,-1,0b_v2,2026-04-26,,
M6B_L2_01318,2,impeller_imbalance,A,200,0.4019758999347687,3,m6b_physics_lib_v2,-1,0b_v2,2026-04-26,,
M6B_L2_01319,2,impeller_imbalance,A,200,0.3353855013847351,1,m6b_physics_lib_v2,-1,0b_v2,2026-04-26,,
M6B_L2_01320,2,impeller_imbalance,A,200,0.46389782428741455,3,m6b_physics_lib_v2,-1,0b_v2,2026-04-26,,
M6B_L2_01321,2,impeller_imbalance,A,200,0.6098507642745972,1,m6b_physics_lib_v2,-1,0b_v2,2026-04-26,,
M6B_L2_01322,2,impeller_imbalance,A,200,0.8905885219573975,3,m6b_physics_lib_v2,-1,0b_v2,2026-04-26,,
M6B_L2_01323,2,impeller_imbalance,A,200,0.28493791818618774,1,m6b_physics_lib_v2,-1,0b_v2,2026-04-26,,
M6B_L2_01324,2,impeller_imbalance,A,200,0.9516090750694275,3,m6b_physics_lib_v2,-1,0b_v2,2026-04-26,,
M6B_L2_01325,2,impeller_imbalance,A,200,0.34577926993370056,3,m6b_physics_lib_v2,-1,0b_v2,2026-04-26,,
M6B_L2_01326,2,impeller_imbalance,A,200,0.7929331064224243,1,m6b_physics_lib_v2,-1,0b_v2,2026-04-26,,
M6B_L2_01327,2,impeller_imbalance,A,200,0.9981030225753784,3,m6b_physics_lib_v2,-1,0b_v2,2026-04-26,,
M6B_L2_01328,2,impeller_imbalance,A,200,0.9141025543212891,1,m6b_physics_lib_v2,-1,0b_v2,2026-04-26,,
M6B_L2_01329,2,impeller_imbalance,A,200,0.987454891204834,3,m6b_physics_lib_v2,-1,0b_v2,2026-04-26,,
M6B_L2_01330,2,impeller_imbalance,A,200,0.6340618133544922,3,m6b_physics_lib_v2,-1,0b_v2,2026-04-26,,
M6B_L2_01331,2,impeller_imbalance,A,200,0.5772950053215027,3,m6b_physics_lib_v2,-1,0b_v2,2026-04-26,,
M6B_L2_01332,2,impeller_imbalance,A,200,0.956802487373352,3,m6b_physics_lib_v2,-1,0b_v2,2026-04-26,,
M6B_L2_01333,2,impeller_imbalance,A,200,0.8351280093193054,1,m6b_physics_lib_v2,-1,0b_v2,2026-04-26,,
M6B_L2_01334,2,impeller_imbalance,A,200,0.44059547781944275,1,m6b_physics_lib_v2,-1,0b_v2,2026-04-26,,
M6B_L2_01335,2,impeller_imbalance,A,200,0.4775271713733673,1,m6b_physics_lib_v2,-1,0b_v2,2026-04-26,,
M6B_L2_01336,2,impeller_imbalance,A,200,0.841364860534668,3,m6b_physics_lib_v2,-1,0b_v2,2026-04-26,,
M6B_L2_01337,2,impeller_imbalance,A,200,0.7789736986160278,1,m6b_physics_lib_v2,-1,0b_v2,2026-04-26,,
M6B_L2_01338,2,impeller_imbalance,A,200,0.22855035960674286,3,m6b_physics_lib_v2,-1,0b_v2,2026-04-26,,
M6B_L2_01339,2,impeller_imbalance,A,200,0.8702080845832825,1,m6b_physics_lib_v2,-1,0b_v2,2026-04-26,,
M6B_L2_01340,2,impeller_imbalance,A,200,0.62303227186203,1,m6b_physics_lib_v2,-1,0b_v2,2026-04-26,,
M6B_L2_01341,2,impeller_imbalance,A,200,0.2922784984111786,3,m6b_physics_lib_v2,-1,0b_v2,2026-04-26,,
M6B_L2_01342,2,impeller_imbalance,A,200,0.39608490467071533,3,m6b_physics_lib_v2,-1,0b_v2,2026-04-26,,
M6B_L2_01343,2,impeller_imbalance,A,200,0.4148816466331482,1,m6b_physics_lib_v2,-1,0b_v2,2026-04-26,,
M6B_L2_01344,2,impeller_imbalance,A,200,0.7244725227355957,1,m6b_physics_lib_v2,-1,0b_v2,2026-04-26,,
M6B_L2_01345,2,impeller_imbalance,A,200,0.9640291333198547,3,m6b_physics_lib_v2,-1,0b_v2,2026-04-26,,
M6B_L2_01346,2,impeller_imbalance,A,200,0.5001451373100281,3,m6b_physics_lib_v2,-1,0b_v2,2026-04-26,,
M6B_L2_01347,2,impeller_imbalance,A,200,0.4334104657173157,1,m6b_physics_lib_v2,-1,0b_v2,2026-04-26,,
M6B_L2_01348,2,impeller_imbalance,A,200,0.27505338191986084,1,m6b_physics_lib_v2,-1,0b_v2,2026-04-26,,
M6B_L2_01349,2,impeller_imbalance,A,200,0.7435229420661926,1,m6b_physics_lib_v2,-1,0b_v2,2026-04-26,,
M6B_L2_01350,2,impeller_imbalance,A,200,0.6371738314628601,3,m6b_physics_lib_v2,-1,0b_v2,2026-04-26,,
M6B_L2_01351,2,impeller_imbalance,A,200,0.32632479071617126,3,m6b_physics_lib_v2,-1,0b_v2,2026-04-26,,
M6B_L2_01352,2,impeller_imbalance,A,200,0.2372691035270691,1,m6b_physics_lib_v2,-1,0b_v2,2026-04-26,,
M6B_L2_01353,2,impeller_imbalance,A,200,0.3671323359012604,1,m6b_physics_lib_v2,-1,0b_v2,2026-04-26,,
M6B_L2_01354,2,impeller_imbalance,A,200,0.8159050345420837,1,m6b_physics_lib_v2,-1,0b_v2,2026-04-26,,
M6B_L2_01355,2,impeller_imbalance,A,200,0.7700740098953247,3,m6b_physics_lib_v2,-1,0b_v2,2026-04-26,,
M6B_L2_01356,2,impeller_imbalance,A,200,0.7063741683959961,3,m6b_physics_lib_v2,-1,0b_v2,2026-04-26,,
M6B_L2_01357,2,impeller_imbalance,A,200,0.44262605905532837,3,m6b_physics_lib_v2,-1,0b_v2,2026-04-26,,
M6B_L2_01358,2,impeller_imbalance,A,200,0.6009283661842346,3,m6b_physics_lib_v2,-1,0b_v2,2026-04-26,,
M6B_L2_01359,2,impeller_imbalance,A,200,0.6725239753723145,1,m6b_physics_lib_v2,-1,0b_v2,2026-04-26,,
M6B_L2_01360,2,impeller_imbalance,A,200,0.694480299949646,1,m6b_physics_lib_v2,-1,0b_v2,2026-04-26,,
M6B_L2_01361,2,impeller_imbalance,A,200,0.5226627588272095,1,m6b_physics_lib_v2,-1,0b_v2,2026-04-26,,
M6B_L2_01362,2,impeller_imbalance,A,200,0.25289303064346313,3,m6b_physics_lib_v2,-1,0b_v2,2026-04-26,,
M6B_L2_01363,2,impeller_imbalance,A,200,0.6413037180900574,3,m6b_physics_lib_v2,-1,0b_v2,2026-04-26,,
M6B_L2_01364,2,impeller_imbalance,A,200,0.4085136950016022,1,m6b_physics_lib_v2,-1,0b_v2,2026-04-26,,
M6B_L2_01365,2,impeller_imbalance,A,200,0.9784786701202393,3,m6b_physics_lib_v2,-1,0b_v2,2026-04-26,,
M6B_L2_01366,2,impeller_imbalance,A,200,0.8371909856796265,1,m6b_physics_lib_v2,-1,0b_v2,2026-04-26,,
M6B_L2_01367,2,impeller_imbalance,A,200,0.2902621030807495,1,m6b_physics_lib_v2,-1,0b_v2,2026-04-26,,
M6B_L2_01368,2,impeller_imbalance,A,200,0.9315186738967896,1,m6b_physics_lib_v2,-1,0b_v2,2026-04-26,,
M6B_L2_01369,2,impeller_imbalance,A,200,0.36552610993385315,1,m6b_physics_lib_v2,-1,0b_v2,2026-04-26,,
M6B_L2_01370,2,impeller_imbalance,A,200,0.6857296228408813,1,m6b_physics_lib_v2,-1,0b_v2,2026-04-26,,
M6B_L2_01371,2,impeller_imbalance,A,200,0.7278167009353638,1,m6b_physics_lib_v2,-1,0b_v2,2026-04-26,,
M6B_L2_01372,2,impeller_imbalance,A,200,0.47929835319519043,1,m6b_physics_lib_v2,-1,0b_v2,2026-04-26,,
M6B_L2_01373,2,impeller_imbalance,A,200,0.28144124150276184,1,m6b_physics_lib_v2,-1,0b_v2,2026-04-26,,
M6B_L2_01374,2,impeller_imbalance,A,200,0.5375806093215942,3,m6b_physics_lib_v2,-1,0b_v2,2026-04-26,,
M6B_L2_01375,2,impeller_imbalance,A,200,0.3085389733314514,1,m6b_physics_lib_v2,-1,0b_v2,2026-04-26,,
M6B_L2_01376,2,impeller_imbalance,A,200,0.26039525866508484,3,m6b_physics_lib_v2,-1,0b_v2,2026-04-26,,
M6B_L2_01377,2,impeller_imbalance,A,200,0.3612919747829437,3,m6b_physics_lib_v2,-1,0b_v2,2026-04-26,,
M6B_L2_01378,2,impeller_imbalance,A,200,0.3147876262664795,1,m6b_physics_lib_v2,-1,0b_v2,2026-04-26,,
M6B_L2_01379,2,impeller_imbalance,A,200,0.37579110264778137,1,m6b_physics_lib_v2,-1,0b_v2,2026-04-26,,
M6B_L2_01380,2,impeller_imbalance,A,200,0.8738337755203247,3,m6b_physics_lib_v2,-1,0b_v2,2026-04-26,,
M6B_L2_01381,2,impeller_imbalance,A,200,0.33668938279151917,3,m6b_physics_lib_v2,-1,0b_v2,2026-04-26,,
M6B_L2_01382,2,impeller_imbalance,A,200,0.3930312693119049,3,m6b_physics_lib_v2,-1,0b_v2,2026-04-26,,
M6B_L2_01383,2,impeller_imbalance,A,200,0.9868617057800293,3,m6b_physics_lib_v2,-1,0b_v2,2026-04-26,,
M6B_L2_01384,2,impeller_imbalance,A,200,0.8858017921447754,1,m6b_physics_lib_v2,-1,0b_v2,2026-04-26,,
M6B_L2_01385,2,impeller_imbalance,A,200,0.35763585567474365,1,m6b_physics_lib_v2,-1,0b_v2,2026-04-26,,
M6B_L2_01386,2,impeller_imbalance,A,200,0.48275262117385864,3,m6b_physics_lib_v2,-1,0b_v2,2026-04-26,,
M6B_L2_01387,2,impeller_imbalance,A,200,0.5630840063095093,3,m6b_physics_lib_v2,-1,0b_v2,2026-04-26,,
M6B_L2_01388,2,impeller_imbalance,A,200,0.6546046733856201,3,m6b_physics_lib_v2,-1,0b_v2,2026-04-26,,
M6B_L2_01389,2,impeller_imbalance,A,200,0.8555644750595093,3,m6b_physics_lib_v2,-1,0b_v2,2026-04-26,,
M6B_L2_01390,2,impeller_imbalance,A,200,0.4766814112663269,1,m6b_physics_lib_v2,-1,0b_v2,2026-04-26,,
M6B_L2_01391,2,impeller_imbalance,A,200,0.6960034966468811,3,m6b_physics_lib_v2,-1,0b_v2,2026-04-26,,
M6B_L2_01392,2,impeller_imbalance,A,200,0.8784418702125549,1,m6b_physics_lib_v2,-1,0b_v2,2026-04-26,,
M6B_L2_01393,2,impeller_imbalance,A,200,0.49348562955856323,1,m6b_physics_lib_v2,-1,0b_v2,2026-04-26,,
M6B_L2_01394,2,impeller_imbalance,A,200,0.552382230758667,3,m6b_physics_lib_v2,-1,0b_v2,2026-04-26,,
M6B_L2_01395,2,impeller_imbalance,A,200,0.3666980564594269,3,m6b_physics_lib_v2,-1,0b_v2,2026-04-26,,
M6B_L2_01396,2,impeller_imbalance,A,200,0.3077203631401062,1,m6b_physics_lib_v2,-1,0b_v2,2026-04-26,,
M6B_L2_01397,2,impeller_imbalance,A,200,0.39022377133369446,3,m6b_physics_lib_v2,-1,0b_v2,2026-04-26,,
M6B_L2_01398,2,impeller_imbalance,A,200,0.7265822887420654,1,m6b_physics_lib_v2,-1,0b_v2,2026-04-26,,
M6B_L2_01399,2,impeller_imbalance,A,200,0.40090441703796387,3,m6b_physics_lib_v2,-1,0b_v2,2026-04-26,,
M6B_L2_01400,2,impeller_imbalance,A,200,0.7338483333587646,3,m6b_physics_lib_v2,-1,0b_v2,2026-04-26,,
M6B_L2_01401,2,impeller_imbalance,A,200,0.3684784471988678,3,m6b_physics_lib_v2,-1,0b_v2,2026-04-26,,
M6B_L2_01402,2,impeller_imbalance,A,200,0.8397446870803833,1,m6b_physics_lib_v2,-1,0b_v2,2026-04-26,,
M6B_L2_01403,2,impeller_imbalance,A,200,0.7348216772079468,3,m6b_physics_lib_v2,-1,0b_v2,2026-04-26,,
M6B_L2_01404,2,impeller_imbalance,A,200,0.8993710279464722,3,m6b_physics_lib_v2,-1,0b_v2,2026-04-26,,
M6B_L2_01405,2,impeller_imbalance,A,200,0.768514096736908,1,m6b_physics_lib_v2,-1,0b_v2,2026-04-26,,
M6B_L2_01406,2,impeller_imbalance,A,200,0.9542074203491211,1,m6b_physics_lib_v2,-1,0b_v2,2026-04-26,,
M6B_L2_01407,2,impeller_imbalance,A,200,0.8550163507461548,1,m6b_physics_lib_v2,-1,0b_v2,2026-04-26,,
M6B_L2_01408,2,impeller_imbalance,A,200,0.4511471688747406,3,m6b_physics_lib_v2,-1,0b_v2,2026-04-26,,
M6B_L2_01409,2,impeller_imbalance,A,200,0.5011125802993774,3,m6b_physics_lib_v2,-1,0b_v2,2026-04-26,,
M6B_L2_01410,2,impeller_imbalance,A,200,0.8157891631126404,1,m6b_physics_lib_v2,-1,0b_v2,2026-04-26,,
M6B_L2_01411,2,impeller_imbalance,A,200,0.6093548536300659,3,m6b_physics_lib_v2,-1,0b_v2,2026-04-26,,
M6B_L2_01412,2,impeller_imbalance,A,200,0.9769865274429321,1,m6b_physics_lib_v2,-1,0b_v2,2026-04-26,,
M6B_L2_01413,2,impeller_imbalance,A,200,0.5275338888168335,3,m6b_physics_lib_v2,-1,0b_v2,2026-04-26,,
M6B_L2_01414,2,impeller_imbalance,A,200,0.425212562084198,1,m6b_physics_lib_v2,-1,0b_v2,2026-04-26,,
M6B_L2_01415,2,impeller_imbalance,A,200,0.7892161011695862,1,m6b_physics_lib_v2,-1,0b_v2,2026-04-26,,
M6B_L2_01416,2,impeller_imbalance,A,200,0.8747026324272156,3,m6b_physics_lib_v2,-1,0b_v2,2026-04-26,,
M6B_L2_01417,2,impeller_imbalance,A,200,0.28402626514434814,1,m6b_physics_lib_v2,-1,0b_v2,2026-04-26,,
M6B_L2_01418,2,impeller_imbalance,A,200,0.3442736566066742,1,m6b_physics_lib_v2,-1,0b_v2,2026-04-26,,
M6B_L2_01419,2,impeller_imbalance,A,200,0.3636319935321808,1,m6b_physics_lib_v2,-1,0b_v2,2026-04-26,,
M6B_L2_01420,2,impeller_imbalance,A,200,0.4326383173465729,1,m6b_physics_lib_v2,-1,0b_v2,2026-04-26,,
M6B_L2_01421,2,impeller_imbalance,A,200,0.7577235102653503,1,m6b_physics_lib_v2,-1,0b_v2,2026-04-26,,
M6B_L2_01422,2,impeller_imbalance,A,200,0.7467445731163025,3,m6b_physics_lib_v2,-1,0b_v2,2026-04-26,,
M6B_L2_01423,2,impeller_imbalance,A,200,0.3846445679664612,3,m6b_physics_lib_v2,-1,0b_v2,2026-04-26,,
M6B_L2_01424,2,impeller_imbalance,A,200,0.7797247171401978,3,m6b_physics_lib_v2,-1,0b_v2,2026-04-26,,
M6B_L2_01425,2,impeller_imbalance,A,200,0.9918636679649353,3,m6b_physics_lib_v2,-1,0b_v2,2026-04-26,,
M6B_L2_01426,2,impeller_imbalance,A,200,0.383172869682312,3,m6b_physics_lib_v2,-1,0b_v2,2026-04-26,,
M6B_L2_01427,2,impeller_imbalance,A,200,0.9013009071350098,1,m6b_physics_lib_v2,-1,0b_v2,2026-04-26,,
M6B_L2_01428,2,impeller_imbalance,A,200,0.34017595648765564,3,m6b_physics_lib_v2,-1,0b_v2,2026-04-26,,
M6B_L2_01429,2,impeller_imbalance,A,200,0.8960501551628113,3,m6b_physics_lib_v2,-1,0b_v2,2026-04-26,,
M6B_L2_01430,2,impeller_imbalance,A,200,0.8839606642723083,1,m6b_physics_lib_v2,-1,0b_v2,2026-04-26,,
M6B_L2_01431,2,impeller_imbalance,A,200,0.9108930230140686,3,m6b_physics_lib_v2,-1,0b_v2,2026-04-26,,
M6B_L2_01432,2,impeller_imbalance,A,200,0.5008045434951782,3,m6b_physics_lib_v2,-1,0b_v2,2026-04-26,,
M6B_L2_01433,2,impeller_imbalance,A,200,0.2566864788532257,3,m6b_physics_lib_v2,-1,0b_v2,2026-04-26,,
M6B_L2_01434,2,impeller_imbalance,A,200,0.6214364767074585,3,m6b_physics_lib_v2,-1,0b_v2,2026-04-26,,
M6B_L2_01435,2,impeller_imbalance,A,200,0.9073652625083923,3,m6b_physics_lib_v2,-1,0b_v2,2026-04-26,,
M6B_L2_01436,2,impeller_imbalance,A,200,0.49638304114341736,3,m6b_physics_lib_v2,-1,0b_v2,2026-04-26,,
M6B_L2_01437,2,impeller_imbalance,A,200,0.25037407875061035,1,m6b_physics_lib_v2,-1,0b_v2,2026-04-26,,
M6B_L2_01438,2,impeller_imbalance,A,200,0.3357524275779724,1,m6b_physics_lib_v2,-1,0b_v2,2026-04-26,,
M6B_L2_01439,2,impeller_imbalance,A,200,0.8941924571990967,3,m6b_physics_lib_v2,-1,0b_v2,2026-04-26,,
M6B_L2_01440,2,impeller_imbalance,A,200,0.7665185332298279,1,m6b_physics_lib_v2,-1,0b_v2,2026-04-26,,
M6B_L2_01441,2,impeller_imbalance,A,200,0.48988422751426697,1,m6b_physics_lib_v2,-1,0b_v2,2026-04-26,,
M6B_L2_01442,2,impeller_imbalance,A,200,0.46310871839523315,3,m6b_physics_lib_v2,-1,0b_v2,2026-04-26,,
M6B_L2_01443,2,impeller_imbalance,A,200,0.27101701498031616,3,m6b_physics_lib_v2,-1,0b_v2,2026-04-26,,
M6B_L2_01444,2,impeller_imbalance,A,200,0.4806528389453888,1,m6b_physics_lib_v2,-1,0b_v2,2026-04-26,,
M6B_L2_01445,2,impeller_imbalance,A,200,0.40517985820770264,3,m6b_physics_lib_v2,-1,0b_v2,2026-04-26,,
M6B_L2_01446,2,impeller_imbalance,A,200,0.687453031539917,1,m6b_physics_lib_v2,-1,0b_v2,2026-04-26,,
M6B_L2_01447,2,impeller_imbalance,A,200,0.2989155352115631,3,m6b_physics_lib_v2,-1,0b_v2,2026-04-26,,
M6B_L2_01448,2,impeller_imbalance,A,200,0.5798583626747131,1,m6b_physics_lib_v2,-1,0b_v2,2026-04-26,,
M6B_L2_01449,2,impeller_imbalance,A,200,0.5112520456314087,1,m6b_physics_lib_v2,-1,0b_v2,2026-04-26,,
M6B_L2_01450,2,impeller_imbalance,A,200,0.604411244392395,3,m6b_physics_lib_v2,-1,0b_v2,2026-04-26,,
M6B_L2_01451,2,impeller_imbalance,A,200,0.23203618824481964,1,m6b_physics_lib_v2,-1,0b_v2,2026-04-26,,
M6B_L2_01452,2,impeller_imbalance,A,200,0.7480872869491577,3,m6b_physics_lib_v2,-1,0b_v2,2026-04-26,,
M6B_L2_01453,2,impeller_imbalance,A,200,0.712910532951355,1,m6b_physics_lib_v2,-1,0b_v2,2026-04-26,,
M6B_L2_01454,2,impeller_imbalance,A,200,0.3330080509185791,3,m6b_physics_lib_v2,-1,0b_v2,2026-04-26,,
M6B_L2_01455,2,impeller_imbalance,A,200,0.4668312668800354,1,m6b_physics_lib_v2,-1,0b_v2,2026-04-26,,
M6B_L2_01456,2,impeller_imbalance,A,200,0.8141469359397888,1,m6b_physics_lib_v2,-1,0b_v2,2026-04-26,,
M6B_L2_01457,2,impeller_imbalance,A,200,0.6665452718734741,3,m6b_physics_lib_v2,-1,0b_v2,2026-04-26,,
M6B_L2_01458,2,impeller_imbalance,A,200,0.9756345152854919,1,m6b_physics_lib_v2,-1,0b_v2,2026-04-26,,
M6B_L2_01459,2,impeller_imbalance,A,200,0.49232324957847595,1,m6b_physics_lib_v2,-1,0b_v2,2026-04-26,,
M6B_L2_01460,2,impeller_imbalance,A,200,0.4770529568195343,1,m6b_physics_lib_v2,-1,0b_v2,2026-04-26,,
M6B_L2_01461,2,impeller_imbalance,A,200,0.7041066288948059,3,m6b_physics_lib_v2,-1,0b_v2,2026-04-26,,
M6B_L2_01462,2,impeller_imbalance,A,200,0.8742973208427429,3,m6b_physics_lib_v2,-1,0b_v2,2026-04-26,,
M6B_L2_01463,2,impeller_imbalance,A,200,0.5324045419692993,3,m6b_physics_lib_v2,-1,0b_v2,2026-04-26,,
M6B_L2_01464,2,impeller_imbalance,A,200,0.5071483850479126,1,m6b_physics_lib_v2,-1,0b_v2,2026-04-26,,
M6B_L2_01465,2,impeller_imbalance,A,200,0.6149524450302124,1,m6b_physics_lib_v2,-1,0b_v2,2026-04-26,,
M6B_L2_01466,2,impeller_imbalance,A,200,0.9385347366333008,1,m6b_physics_lib_v2,-1,0b_v2,2026-04-26,,
M6B_L2_01467,2,impeller_imbalance,A,200,0.2316247671842575,3,m6b_physics_lib_v2,-1,0b_v2,2026-04-26,,
M6B_L2_01468,2,impeller_imbalance,A,200,0.8122159242630005,3,m6b_physics_lib_v2,-1,0b_v2,2026-04-26,,
M6B_L2_01469,2,impeller_imbalance,A,200,0.4861791133880615,3,m6b_physics_lib_v2,-1,0b_v2,2026-04-26,,
M6B_L2_01470,2,impeller_imbalance,A,200,0.2575199604034424,3,m6b_physics_lib_v2,-1,0b_v2,2026-04-26,,
M6B_L2_01471,2,impeller_imbalance,A,200,0.2724536061286926,1,m6b_physics_lib_v2,-1,0b_v2,2026-04-26,,
M6B_L2_01472,2,impeller_imbalance,A,200,0.41259610652923584,3,m6b_physics_lib_v2,-1,0b_v2,2026-04-26,,
M6B_L2_01473,2,impeller_imbalance,A,200,0.969620406627655,3,m6b_physics_lib_v2,-1,0b_v2,2026-04-26,,
M6B_L2_01474,2,impeller_imbalance,A,200,0.9119172692298889,1,m6b_physics_lib_v2,-1,0b_v2,2026-04-26,,
M6B_L2_01475,2,impeller_imbalance,A,200,0.5674583911895752,1,m6b_physics_lib_v2,-1,0b_v2,2026-04-26,,
M6B_L2_01476,2,impeller_imbalance,A,200,0.2338302731513977,3,m6b_physics_lib_v2,-1,0b_v2,2026-04-26,,
M6B_L2_01477,2,impeller_imbalance,A,200,0.7864505052566528,3,m6b_physics_lib_v2,-1,0b_v2,2026-04-26,,
M6B_L2_01478,2,impeller_imbalance,A,200,0.5379361510276794,3,m6b_physics_lib_v2,-1,0b_v2,2026-04-26,,
M6B_L2_01479,2,impeller_imbalance,A,200,0.6873463988304138,1,m6b_physics_lib_v2,-1,0b_v2,2026-04-26,,
M6B_L2_01480,2,impeller_imbalance,A,200,0.8507471084594727,1,m6b_physics_lib_v2,-1,0b_v2,2026-04-26,,
M6B_L2_01481,2,impeller_imbalance,A,200,0.27192699909210205,3,m6b_physics_lib_v2,-1,0b_v2,2026-04-26,,
M6B_L2_01482,2,impeller_imbalance,A,200,0.2646290957927704,3,m6b_physics_lib_v2,-1,0b_v2,2026-04-26,,
M6B_L2_01483,2,impeller_imbalance,A,200,0.4709141254425049,1,m6b_physics_lib_v2,-1,0b_v2,2026-04-26,,
M6B_L2_01484,2,impeller_imbalance,A,200,0.8604695796966553,3,m6b_physics_lib_v2,-1,0b_v2,2026-04-26,,
M6B_L2_01485,2,impeller_imbalance,A,200,0.8460699319839478,1,m6b_physics_lib_v2,-1,0b_v2,2026-04-26,,
M6B_L2_01486,2,impeller_imbalance,A,200,0.9714227914810181,3,m6b_physics_lib_v2,-1,0b_v2,2026-04-26,,
M6B_L2_01487,2,impeller_imbalance,A,200,0.3759113550186157,3,m6b_physics_lib_v2,-1,0b_v2,2026-04-26,,
M6B_L2_01488,2,impeller_imbalance,A,200,0.9354349374771118,1,m6b_physics_lib_v2,-1,0b_v2,2026-04-26,,
M6B_L2_01489,2,impeller_imbalance,A,200,0.7779539823532104,3,m6b_physics_lib_v2,-1,0b_v2,2026-04-26,,
M6B_L2_01490,2,impeller_imbalance,A,200,0.6197999119758606,3,m6b_physics_lib_v2,-1,0b_v2,2026-04-26,,
M6B_L2_01491,2,impeller_imbalance,A,200,0.9582849740982056,1,m6b_physics_lib_v2,-1,0b_v2,2026-04-26,,
M6B_L2_01492,2,impeller_imbalance,A,200,0.7746292352676392,1,m6b_physics_lib_v2,-1,0b_v2,2026-04-26,,
M6B_L2_01493,2,impeller_imbalance,A,200,0.659156858921051,3,m6b_physics_lib_v2,-1,0b_v2,2026-04-26,,
M6B_L2_01494,2,impeller_imbalance,A,200,0.8436622619628906,3,m6b_physics_lib_v2,-1,0b_v2,2026-04-26,,
M6B_L2_01495,2,impeller_imbalance,A,200,0.4048007130622864,1,m6b_physics_lib_v2,-1,0b_v2,2026-04-26,,
M6B_L2_01496,2,impeller_imbalance,A,200,0.7661140561103821,3,m6b_physics_lib_v2,-1,0b_v2,2026-04-26,,
M6B_L2_01497,2,impeller_imbalance,A,200,0.9960043430328369,3,m6b_physics_lib_v2,-1,0b_v2,2026-04-26,,
M6B_L2_01498,2,impeller_imbalance,A,200,0.6485686302185059,3,m6b_physics_lib_v2,-1,0b_v2,2026-04-26,,
M6B_L2_01499,2,impeller_imbalance,A,200,0.4372696280479431,1,m6b_physics_lib_v2,-1,0b_v2,2026-04-26,,
M6B_L3_00000,3,cavitation,A,150,0.26479795575141907,2,m6b_physics_lib_v2,-1,0b_v2,2026-04-26,,
M6B_L3_00001,3,cavitation,A,150,0.24087557196617126,2,m6b_physics_lib_v2,-1,0b_v2,2026-04-26,,
M6B_L3_00002,3,cavitation,A,150,0.5165509581565857,2,m6b_physics_lib_v2,-1,0b_v2,2026-04-26,,
M6B_L3_00003,3,cavitation,A,150,0.5672182440757751,2,m6b_physics_lib_v2,-1,0b_v2,2026-04-26,,
M6B_L3_00004,3,cavitation,A,150,0.6412971019744873,2,m6b_physics_lib_v2,-1,0b_v2,2026-04-26,,
M6B_L3_00005,3,cavitation,A,150,0.23356468975543976,2,m6b_physics_lib_v2,-1,0b_v2,2026-04-26,,
M6B_L3_00006,3,cavitation,A,150,0.8503717184066772,2,m6b_physics_lib_v2,-1,0b_v2,2026-04-26,,
M6B_L3_00007,3,cavitation,A,150,0.5400398373603821,2,m6b_physics_lib_v2,-1,0b_v2,2026-04-26,,
M6B_L3_00008,3,cavitation,A,150,0.9428809285163879,2,m6b_physics_lib_v2,-1,0b_v2,2026-04-26,,
M6B_L3_00009,3,cavitation,A,150,0.9843845367431641,2,m6b_physics_lib_v2,-1,0b_v2,2026-04-26,,
M6B_L3_00010,3,cavitation,A,150,0.9040427207946777,2,m6b_physics_lib_v2,-1,0b_v2,2026-04-26,,
M6B_L3_00011,3,cavitation,A,150,0.4680243730545044,2,m6b_physics_lib_v2,-1,0b_v2,2026-04-26,,
M6B_L3_00012,3,cavitation,A,150,0.2515256404876709,2,m6b_physics_lib_v2,-1,0b_v2,2026-04-26,,
M6B_L3_00013,3,cavitation,A,150,0.2996146082878113,2,m6b_physics_lib_v2,-1,0b_v2,2026-04-26,,
M6B_L3_00014,3,cavitation,A,150,0.8043720126152039,2,m6b_physics_lib_v2,-1,0b_v2,2026-04-26,,
M6B_L3_00015,3,cavitation,A,150,0.6949495673179626,2,m6b_physics_lib_v2,-1,0b_v2,2026-04-26,,
M6B_L3_00016,3,cavitation,A,150,0.9218361973762512,2,m6b_physics_lib_v2,-1,0b_v2,2026-04-26,,
M6B_L3_00017,3,cavitation,A,150,0.4932206869125366,2,m6b_physics_lib_v2,-1,0b_v2,2026-04-26,,
M6B_L3_00018,3,cavitation,A,150,0.5691370964050293,2,m6b_physics_lib_v2,-1,0b_v2,2026-04-26,,
M6B_L3_00019,3,cavitation,A,150,0.31816431879997253,2,m6b_physics_lib_v2,-1,0b_v2,2026-04-26,,
M6B_L3_00020,3,cavitation,A,150,0.9671082496643066,2,m6b_physics_lib_v2,-1,0b_v2,2026-04-26,,
M6B_L3_00021,3,cavitation,A,150,0.9551987648010254,2,m6b_physics_lib_v2,-1,0b_v2,2026-04-26,,
M6B_L3_00022,3,cavitation,A,150,0.8596048951148987,2,m6b_physics_lib_v2,-1,0b_v2,2026-04-26,,
M6B_L3_00023,3,cavitation,A,150,0.6492798924446106,2,m6b_physics_lib_v2,-1,0b_v2,2026-04-26,,
M6B_L3_00024,3,cavitation,A,150,0.264965295791626,2,m6b_physics_lib_v2,-1,0b_v2,2026-04-26,,
M6B_L3_00025,3,cavitation,A,150,0.21480698883533478,2,m6b_physics_lib_v2,-1,0b_v2,2026-04-26,,
M6B_L3_00026,3,cavitation,A,150,0.21463333070278168,2,m6b_physics_lib_v2,-1,0b_v2,2026-04-26,,
M6B_L3_00027,3,cavitation,A,150,0.29084542393684387,2,m6b_physics_lib_v2,-1,0b_v2,2026-04-26,,
M6B_L3_00028,3,cavitation,A,150,0.5572248697280884,2,m6b_physics_lib_v2,-1,0b_v2,2026-04-26,,
M6B_L3_00029,3,cavitation,A,150,0.5352354645729065,2,m6b_physics_lib_v2,-1,0b_v2,2026-04-26,,
M6B_L3_00030,3,cavitation,A,150,0.9155141711235046,2,m6b_physics_lib_v2,-1,0b_v2,2026-04-26,,
M6B_L3_00031,3,cavitation,A,150,0.7044984698295593,2,m6b_physics_lib_v2,-1,0b_v2,2026-04-26,,
M6B_L3_00032,3,cavitation,A,150,0.5456072092056274,2,m6b_physics_lib_v2,-1,0b_v2,2026-04-26,,
M6B_L3_00033,3,cavitation,A,150,0.28971150517463684,2,m6b_physics_lib_v2,-1,0b_v2,2026-04-26,,
M6B_L3_00034,3,cavitation,A,150,0.21027956902980804,2,m6b_physics_lib_v2,-1,0b_v2,2026-04-26,,
M6B_L3_00035,3,cavitation,A,150,0.9847006797790527,2,m6b_physics_lib_v2,-1,0b_v2,2026-04-26,,
M6B_L3_00036,3,cavitation,A,150,0.5658708214759827,2,m6b_physics_lib_v2,-1,0b_v2,2026-04-26,,
M6B_L3_00037,3,cavitation,A,150,0.5780657529830933,2,m6b_physics_lib_v2,-1,0b_v2,2026-04-26,,
M6B_L3_00038,3,cavitation,A,150,0.9738692045211792,2,m6b_physics_lib_v2,-1,0b_v2,2026-04-26,,
M6B_L3_00039,3,cavitation,A,150,0.9205804467201233,2,m6b_physics_lib_v2,-1,0b_v2,2026-04-26,,
M6B_L3_00040,3,cavitation,A,150,0.8809260725975037,2,m6b_physics_lib_v2,-1,0b_v2,2026-04-26,,
M6B_L3_00041,3,cavitation,A,150,0.256469190120697,2,m6b_physics_lib_v2,-1,0b_v2,2026-04-26,,
M6B_L3_00042,3,cavitation,A,150,0.762042224407196,2,m6b_physics_lib_v2,-1,0b_v2,2026-04-26,,
M6B_L3_00043,3,cavitation,A,150,0.4428538680076599,2,m6b_physics_lib_v2,-1,0b_v2,2026-04-26,,
M6B_L3_00044,3,cavitation,A,150,0.5003870129585266,2,m6b_physics_lib_v2,-1,0b_v2,2026-04-26,,
M6B_L3_00045,3,cavitation,A,150,0.47068464756011963,2,m6b_physics_lib_v2,-1,0b_v2,2026-04-26,,
M6B_L3_00046,3,cavitation,A,150,0.21891550719738007,2,m6b_physics_lib_v2,-1,0b_v2,2026-04-26,,
M6B_L3_00047,3,cavitation,A,150,0.6539725065231323,2,m6b_physics_lib_v2,-1,0b_v2,2026-04-26,,
M6B_L3_00048,3,cavitation,A,150,0.8186256289482117,2,m6b_physics_lib_v2,-1,0b_v2,2026-04-26,,
M6B_L3_00049,3,cavitation,A,150,0.5616188049316406,2,m6b_physics_lib_v2,-1,0b_v2,2026-04-26,,
M6B_L3_00050,3,cavitation,A,150,0.5240997076034546,2,m6b_physics_lib_v2,-1,0b_v2,2026-04-26,,
M6B_L3_00051,3,cavitation,A,150,0.8575693368911743,2,m6b_physics_lib_v2,-1,0b_v2,2026-04-26,,
M6B_L3_00052,3,cavitation,A,150,0.4471011757850647,2,m6b_physics_lib_v2,-1,0b_v2,2026-04-26,,
M6B_L3_00053,3,cavitation,A,150,0.7971973419189453,2,m6b_physics_lib_v2,-1,0b_v2,2026-04-26,,
M6B_L3_00054,3,cavitation,A,150,0.4777138829231262,2,m6b_physics_lib_v2,-1,0b_v2,2026-04-26,,
M6B_L3_00055,3,cavitation,A,150,0.38520461320877075,2,m6b_physics_lib_v2,-1,0b_v2,2026-04-26,,
M6B_L3_00056,3,cavitation,A,150,0.6630678176879883,2,m6b_physics_lib_v2,-1,0b_v2,2026-04-26,,
M6B_L3_00057,3,cavitation,A,150,0.9687856435775757,2,m6b_physics_lib_v2,-1,0b_v2,2026-04-26,,
M6B_L3_00058,3,cavitation,A,150,0.645875096321106,2,m6b_physics_lib_v2,-1,0b_v2,2026-04-26,,
M6B_L3_00059,3,cavitation,A,150,0.9781438708305359,2,m6b_physics_lib_v2,-1,0b_v2,2026-04-26,,
M6B_L3_00060,3,cavitation,A,150,0.5927209854125977,2,m6b_physics_lib_v2,-1,0b_v2,2026-04-26,,
M6B_L3_00061,3,cavitation,A,150,0.480747252702713,2,m6b_physics_lib_v2,-1,0b_v2,2026-04-26,,
M6B_L3_00062,3,cavitation,A,150,0.5223520994186401,2,m6b_physics_lib_v2,-1,0b_v2,2026-04-26,,
M6B_L3_00063,3,cavitation,A,150,0.713444173336029,2,m6b_physics_lib_v2,-1,0b_v2,2026-04-26,,
M6B_L3_00064,3,cavitation,A,150,0.28653502464294434,2,m6b_physics_lib_v2,-1,0b_v2,2026-04-26,,
M6B_L3_00065,3,cavitation,A,150,0.24370276927947998,2,m6b_physics_lib_v2,-1,0b_v2,2026-04-26,,
M6B_L3_00066,3,cavitation,A,150,0.33028289675712585,2,m6b_physics_lib_v2,-1,0b_v2,2026-04-26,,
M6B_L3_00067,3,cavitation,A,150,0.8872399926185608,2,m6b_physics_lib_v2,-1,0b_v2,2026-04-26,,
M6B_L3_00068,3,cavitation,A,150,0.8579212427139282,2,m6b_physics_lib_v2,-1,0b_v2,2026-04-26,,
M6B_L3_00069,3,cavitation,A,150,0.5839928388595581,2,m6b_physics_lib_v2,-1,0b_v2,2026-04-26,,
M6B_L3_00070,3,cavitation,A,150,0.6358327269554138,2,m6b_physics_lib_v2,-1,0b_v2,2026-04-26,,
M6B_L3_00071,3,cavitation,A,150,0.6889739036560059,2,m6b_physics_lib_v2,-1,0b_v2,2026-04-26,,
M6B_L3_00072,3,cavitation,A,150,0.5641828775405884,2,m6b_physics_lib_v2,-1,0b_v2,2026-04-26,,
M6B_L3_00073,3,cavitation,A,150,0.3619822859764099,2,m6b_physics_lib_v2,-1,0b_v2,2026-04-26,,
M6B_L3_00074,3,cavitation,A,150,0.801807165145874,2,m6b_physics_lib_v2,-1,0b_v2,2026-04-26,,
M6B_L3_00075,3,cavitation,A,150,0.8546201586723328,2,m6b_physics_lib_v2,-1,0b_v2,2026-04-26,,
M6B_L3_00076,3,cavitation,A,150,0.891018807888031,2,m6b_physics_lib_v2,-1,0b_v2,2026-04-26,,
M6B_L3_00077,3,cavitation,A,150,0.22179491817951202,2,m6b_physics_lib_v2,-1,0b_v2,2026-04-26,,
M6B_L3_00078,3,cavitation,A,150,0.958884596824646,2,m6b_physics_lib_v2,-1,0b_v2,2026-04-26,,
M6B_L3_00079,3,cavitation,A,150,0.29325538873672485,2,m6b_physics_lib_v2,-1,0b_v2,2026-04-26,,
M6B_L3_00080,3,cavitation,A,150,0.766258716583252,2,m6b_physics_lib_v2,-1,0b_v2,2026-04-26,,
M6B_L3_00081,3,cavitation,A,150,0.9762648940086365,2,m6b_physics_lib_v2,-1,0b_v2,2026-04-26,,
M6B_L3_00082,3,cavitation,A,150,0.8968558311462402,2,m6b_physics_lib_v2,-1,0b_v2,2026-04-26,,
M6B_L3_00083,3,cavitation,A,150,0.6255418658256531,2,m6b_physics_lib_v2,-1,0b_v2,2026-04-26,,
M6B_L3_00084,3,cavitation,A,150,0.2530233561992645,2,m6b_physics_lib_v2,-1,0b_v2,2026-04-26,,
M6B_L3_00085,3,cavitation,A,150,0.5885778665542603,2,m6b_physics_lib_v2,-1,0b_v2,2026-04-26,,
M6B_L3_00086,3,cavitation,A,150,0.49229031801223755,2,m6b_physics_lib_v2,-1,0b_v2,2026-04-26,,
M6B_L3_00087,3,cavitation,A,150,0.32735005021095276,2,m6b_physics_lib_v2,-1,0b_v2,2026-04-26,,
M6B_L3_00088,3,cavitation,A,150,0.4864986538887024,2,m6b_physics_lib_v2,-1,0b_v2,2026-04-26,,
M6B_L3_00089,3,cavitation,A,150,0.3003712296485901,2,m6b_physics_lib_v2,-1,0b_v2,2026-04-26,,
M6B_L3_00090,3,cavitation,A,150,0.28751593828201294,2,m6b_physics_lib_v2,-1,0b_v2,2026-04-26,,
M6B_L3_00091,3,cavitation,A,150,0.5546764731407166,2,m6b_physics_lib_v2,-1,0b_v2,2026-04-26,,
M6B_L3_00092,3,cavitation,A,150,0.9449337124824524,2,m6b_physics_lib_v2,-1,0b_v2,2026-04-26,,
M6B_L3_00093,3,cavitation,A,150,0.249388188123703,2,m6b_physics_lib_v2,-1,0b_v2,2026-04-26,,
M6B_L3_00094,3,cavitation,A,150,0.41315338015556335,2,m6b_physics_lib_v2,-1,0b_v2,2026-04-26,,
M6B_L3_00095,3,cavitation,A,150,0.9336506724357605,2,m6b_physics_lib_v2,-1,0b_v2,2026-04-26,,
M6B_L3_00096,3,cavitation,A,150,0.4480411410331726,2,m6b_physics_lib_v2,-1,0b_v2,2026-04-26,,
M6B_L3_00097,3,cavitation,A,150,0.7109972238540649,2,m6b_physics_lib_v2,-1,0b_v2,2026-04-26,,
M6B_L3_00098,3,cavitation,A,150,0.8492116332054138,2,m6b_physics_lib_v2,-1,0b_v2,2026-04-26,,
M6B_L3_00099,3,cavitation,A,150,0.23814891278743744,2,m6b_physics_lib_v2,-1,0b_v2,2026-04-26,,
M6B_L3_00100,3,cavitation,A,150,0.367740660905838,2,m6b_physics_lib_v2,-1,0b_v2,2026-04-26,,
M6B_L3_00101,3,cavitation,A,150,0.7585060596466064,2,m6b_physics_lib_v2,-1,0b_v2,2026-04-26,,
M6B_L3_00102,3,cavitation,A,150,0.32540515065193176,2,m6b_physics_lib_v2,-1,0b_v2,2026-04-26,,
M6B_L3_00103,3,cavitation,A,150,0.4824316203594208,2,m6b_physics_lib_v2,-1,0b_v2,2026-04-26,,
M6B_L3_00104,3,cavitation,A,150,0.9805343151092529,2,m6b_physics_lib_v2,-1,0b_v2,2026-04-26,,
M6B_L3_00105,3,cavitation,A,150,0.26498597860336304,2,m6b_physics_lib_v2,-1,0b_v2,2026-04-26,,
M6B_L3_00106,3,cavitation,A,150,0.8968732953071594,2,m6b_physics_lib_v2,-1,0b_v2,2026-04-26,,
M6B_L3_00107,3,cavitation,A,150,0.3685828745365143,2,m6b_physics_lib_v2,-1,0b_v2,2026-04-26,,
M6B_L3_00108,3,cavitation,A,150,0.3079364597797394,2,m6b_physics_lib_v2,-1,0b_v2,2026-04-26,,
M6B_L3_00109,3,cavitation,A,150,0.9237848520278931,2,m6b_physics_lib_v2,-1,0b_v2,2026-04-26,,
M6B_L3_00110,3,cavitation,A,150,0.5554677248001099,2,m6b_physics_lib_v2,-1,0b_v2,2026-04-26,,
M6B_L3_00111,3,cavitation,A,150,0.6247252821922302,2,m6b_physics_lib_v2,-1,0b_v2,2026-04-26,,
M6B_L3_00112,3,cavitation,A,150,0.2777906656265259,2,m6b_physics_lib_v2,-1,0b_v2,2026-04-26,,
M6B_L3_00113,3,cavitation,A,150,0.4200325906276703,2,m6b_physics_lib_v2,-1,0b_v2,2026-04-26,,
M6B_L3_00114,3,cavitation,A,150,0.5581390261650085,2,m6b_physics_lib_v2,-1,0b_v2,2026-04-26,,
M6B_L3_00115,3,cavitation,A,150,0.879618763923645,2,m6b_physics_lib_v2,-1,0b_v2,2026-04-26,,
M6B_L3_00116,3,cavitation,A,150,0.2659059464931488,2,m6b_physics_lib_v2,-1,0b_v2,2026-04-26,,
M6B_L3_00117,3,cavitation,A,150,0.3616134524345398,2,m6b_physics_lib_v2,-1,0b_v2,2026-04-26,,
M6B_L3_00118,3,cavitation,A,150,0.980014979839325,2,m6b_physics_lib_v2,-1,0b_v2,2026-04-26,,
M6B_L3_00119,3,cavitation,A,150,0.9625110626220703,2,m6b_physics_lib_v2,-1,0b_v2,2026-04-26,,
M6B_L3_00120,3,cavitation,A,150,0.8975354433059692,2,m6b_physics_lib_v2,-1,0b_v2,2026-04-26,,
M6B_L3_00121,3,cavitation,A,150,0.5991353392601013,2,m6b_physics_lib_v2,-1,0b_v2,2026-04-26,,
M6B_L3_00122,3,cavitation,A,150,0.5569252967834473,2,m6b_physics_lib_v2,-1,0b_v2,2026-04-26,,
M6B_L3_00123,3,cavitation,A,150,0.3687945008277893,2,m6b_physics_lib_v2,-1,0b_v2,2026-04-26,,
M6B_L3_00124,3,cavitation,A,150,0.878542959690094,2,m6b_physics_lib_v2,-1,0b_v2,2026-04-26,,
M6B_L3_00125,3,cavitation,A,150,0.6076585650444031,2,m6b_physics_lib_v2,-1,0b_v2,2026-04-26,,
M6B_L3_00126,3,cavitation,A,150,0.3942005932331085,2,m6b_physics_lib_v2,-1,0b_v2,2026-04-26,,
M6B_L3_00127,3,cavitation,A,150,0.8031203150749207,2,m6b_physics_lib_v2,-1,0b_v2,2026-04-26,,
M6B_L3_00128,3,cavitation,A,150,0.26027682423591614,2,m6b_physics_lib_v2,-1,0b_v2,2026-04-26,,
M6B_L3_00129,3,cavitation,A,150,0.8627986907958984,2,m6b_physics_lib_v2,-1,0b_v2,2026-04-26,,
M6B_L3_00130,3,cavitation,A,150,0.384895384311676,2,m6b_physics_lib_v2,-1,0b_v2,2026-04-26,,
M6B_L3_00131,3,cavitation,A,150,0.7461338043212891,2,m6b_physics_lib_v2,-1,0b_v2,2026-04-26,,
M6B_L3_00132,3,cavitation,A,150,0.5435633659362793,2,m6b_physics_lib_v2,-1,0b_v2,2026-04-26,,
M6B_L3_00133,3,cavitation,A,150,0.5495842099189758,2,m6b_physics_lib_v2,-1,0b_v2,2026-04-26,,
M6B_L3_00134,3,cavitation,A,150,0.9469854235649109,2,m6b_physics_lib_v2,-1,0b_v2,2026-04-26,,
M6B_L3_00135,3,cavitation,A,150,0.5715407133102417,2,m6b_physics_lib_v2,-1,0b_v2,2026-04-26,,
M6B_L3_00136,3,cavitation,A,150,0.636810302734375,2,m6b_physics_lib_v2,-1,0b_v2,2026-04-26,,
M6B_L3_00137,3,cavitation,A,150,0.5088329315185547,2,m6b_physics_lib_v2,-1,0b_v2,2026-04-26,,
M6B_L3_00138,3,cavitation,A,150,0.4269535541534424,2,m6b_physics_lib_v2,-1,0b_v2,2026-04-26,,
M6B_L3_00139,3,cavitation,A,150,0.4773537814617157,2,m6b_physics_lib_v2,-1,0b_v2,2026-04-26,,
M6B_L3_00140,3,cavitation,A,150,0.7916781902313232,2,m6b_physics_lib_v2,-1,0b_v2,2026-04-26,,
M6B_L3_00141,3,cavitation,A,150,0.7207877039909363,2,m6b_physics_lib_v2,-1,0b_v2,2026-04-26,,
M6B_L3_00142,3,cavitation,A,150,0.25019896030426025,2,m6b_physics_lib_v2,-1,0b_v2,2026-04-26,,
M6B_L3_00143,3,cavitation,A,150,0.9215648174285889,2,m6b_physics_lib_v2,-1,0b_v2,2026-04-26,,
M6B_L3_00144,3,cavitation,A,150,0.27952057123184204,2,m6b_physics_lib_v2,-1,0b_v2,2026-04-26,,
M6B_L3_00145,3,cavitation,A,150,0.37186548113822937,2,m6b_physics_lib_v2,-1,0b_v2,2026-04-26,,
M6B_L3_00146,3,cavitation,A,150,0.7036049962043762,2,m6b_physics_lib_v2,-1,0b_v2,2026-04-26,,
M6B_L3_00147,3,cavitation,A,150,0.517123818397522,2,m6b_physics_lib_v2,-1,0b_v2,2026-04-26,,
M6B_L3_00148,3,cavitation,A,150,0.3438223898410797,2,m6b_physics_lib_v2,-1,0b_v2,2026-04-26,,
M6B_L3_00149,3,cavitation,A,150,0.6420270800590515,2,m6b_physics_lib_v2,-1,0b_v2,2026-04-26,,
M6B_L3_00150,3,cavitation,A,150,0.4728555679321289,2,m6b_physics_lib_v2,-1,0b_v2,2026-04-26,,
M6B_L3_00151,3,cavitation,A,150,0.8652063012123108,2,m6b_physics_lib_v2,-1,0b_v2,2026-04-26,,
M6B_L3_00152,3,cavitation,A,150,0.9719606041908264,2,m6b_physics_lib_v2,-1,0b_v2,2026-04-26,,
M6B_L3_00153,3,cavitation,A,150,0.2096513956785202,2,m6b_physics_lib_v2,-1,0b_v2,2026-04-26,,
M6B_L3_00154,3,cavitation,A,150,0.35571303963661194,2,m6b_physics_lib_v2,-1,0b_v2,2026-04-26,,
M6B_L3_00155,3,cavitation,A,150,0.21678218245506287,2,m6b_physics_lib_v2,-1,0b_v2,2026-04-26,,
M6B_L3_00156,3,cavitation,A,150,0.9396415948867798,2,m6b_physics_lib_v2,-1,0b_v2,2026-04-26,,
M6B_L3_00157,3,cavitation,A,150,0.861312210559845,2,m6b_physics_lib_v2,-1,0b_v2,2026-04-26,,
M6B_L3_00158,3,cavitation,A,150,0.7014138698577881,2,m6b_physics_lib_v2,-1,0b_v2,2026-04-26,,
M6B_L3_00159,3,cavitation,A,150,0.9050885438919067,2,m6b_physics_lib_v2,-1,0b_v2,2026-04-26,,
M6B_L3_00160,3,cavitation,A,150,0.4940444529056549,2,m6b_physics_lib_v2,-1,0b_v2,2026-04-26,,
M6B_L3_00161,3,cavitation,A,150,0.7942392826080322,2,m6b_physics_lib_v2,-1,0b_v2,2026-04-26,,
M6B_L3_00162,3,cavitation,A,150,0.578833818435669,2,m6b_physics_lib_v2,-1,0b_v2,2026-04-26,,
M6B_L3_00163,3,cavitation,A,150,0.5338550209999084,2,m6b_physics_lib_v2,-1,0b_v2,2026-04-26,,
M6B_L3_00164,3,cavitation,A,150,0.5776799321174622,2,m6b_physics_lib_v2,-1,0b_v2,2026-04-26,,
M6B_L3_00165,3,cavitation,A,150,0.6368552446365356,2,m6b_physics_lib_v2,-1,0b_v2,2026-04-26,,
M6B_L3_00166,3,cavitation,A,150,0.35159724950790405,2,m6b_physics_lib_v2,-1,0b_v2,2026-04-26,,
M6B_L3_00167,3,cavitation,A,150,0.26147255301475525,2,m6b_physics_lib_v2,-1,0b_v2,2026-04-26,,
M6B_L3_00168,3,cavitation,A,150,0.36027005314826965,2,m6b_physics_lib_v2,-1,0b_v2,2026-04-26,,
M6B_L3_00169,3,cavitation,A,150,0.8887612819671631,2,m6b_physics_lib_v2,-1,0b_v2,2026-04-26,,
M6B_L3_00170,3,cavitation,A,150,0.7766593098640442,2,m6b_physics_lib_v2,-1,0b_v2,2026-04-26,,
M6B_L3_00171,3,cavitation,A,150,0.5678178071975708,2,m6b_physics_lib_v2,-1,0b_v2,2026-04-26,,
M6B_L3_00172,3,cavitation,A,150,0.6507547497749329,2,m6b_physics_lib_v2,-1,0b_v2,2026-04-26,,
M6B_L3_00173,3,cavitation,A,150,0.5266852974891663,2,m6b_physics_lib_v2,-1,0b_v2,2026-04-26,,
M6B_L3_00174,3,cavitation,A,150,0.333353728055954,2,m6b_physics_lib_v2,-1,0b_v2,2026-04-26,,
M6B_L3_00175,3,cavitation,A,150,0.35257768630981445,2,m6b_physics_lib_v2,-1,0b_v2,2026-04-26,,
M6B_L3_00176,3,cavitation,A,150,0.6910706758499146,2,m6b_physics_lib_v2,-1,0b_v2,2026-04-26,,
M6B_L3_00177,3,cavitation,A,150,0.47173526883125305,2,m6b_physics_lib_v2,-1,0b_v2,2026-04-26,,
M6B_L3_00178,3,cavitation,A,150,0.9202442765235901,2,m6b_physics_lib_v2,-1,0b_v2,2026-04-26,,
M6B_L3_00179,3,cavitation,A,150,0.7211995124816895,2,m6b_physics_lib_v2,-1,0b_v2,2026-04-26,,
M6B_L3_00180,3,cavitation,A,150,0.7977901101112366,2,m6b_physics_lib_v2,-1,0b_v2,2026-04-26,,
M6B_L3_00181,3,cavitation,A,150,0.9435288906097412,2,m6b_physics_lib_v2,-1,0b_v2,2026-04-26,,
M6B_L3_00182,3,cavitation,A,150,0.3068036139011383,2,m6b_physics_lib_v2,-1,0b_v2,2026-04-26,,
M6B_L3_00183,3,cavitation,A,150,0.2549675703048706,2,m6b_physics_lib_v2,-1,0b_v2,2026-04-26,,
M6B_L3_00184,3,cavitation,A,150,0.7047035098075867,2,m6b_physics_lib_v2,-1,0b_v2,2026-04-26,,
M6B_L3_00185,3,cavitation,A,150,0.8847024440765381,2,m6b_physics_lib_v2,-1,0b_v2,2026-04-26,,
M6B_L3_00186,3,cavitation,A,150,0.8524960875511169,2,m6b_physics_lib_v2,-1,0b_v2,2026-04-26,,
M6B_L3_00187,3,cavitation,A,150,0.7342994809150696,2,m6b_physics_lib_v2,-1,0b_v2,2026-04-26,,
M6B_L3_00188,3,cavitation,A,150,0.36902618408203125,2,m6b_physics_lib_v2,-1,0b_v2,2026-04-26,,
M6B_L3_00189,3,cavitation,A,150,0.6618430614471436,2,m6b_physics_lib_v2,-1,0b_v2,2026-04-26,,
M6B_L3_00190,3,cavitation,A,150,0.8048511743545532,2,m6b_physics_lib_v2,-1,0b_v2,2026-04-26,,
M6B_L3_00191,3,cavitation,A,150,0.20854371786117554,2,m6b_physics_lib_v2,-1,0b_v2,2026-04-26,,
M6B_L3_00192,3,cavitation,A,150,0.7508082985877991,2,m6b_physics_lib_v2,-1,0b_v2,2026-04-26,,
M6B_L3_00193,3,cavitation,A,150,0.48536744713783264,2,m6b_physics_lib_v2,-1,0b_v2,2026-04-26,,
M6B_L3_00194,3,cavitation,A,150,0.43455415964126587,2,m6b_physics_lib_v2,-1,0b_v2,2026-04-26,,
M6B_L3_00195,3,cavitation,A,150,0.8484811782836914,2,m6b_physics_lib_v2,-1,0b_v2,2026-04-26,,
M6B_L3_00196,3,cavitation,A,150,0.41095170378685,2,m6b_physics_lib_v2,-1,0b_v2,2026-04-26,,
M6B_L3_00197,3,cavitation,A,150,0.22670209407806396,2,m6b_physics_lib_v2,-1,0b_v2,2026-04-26,,
M6B_L3_00198,3,cavitation,A,150,0.40867072343826294,2,m6b_physics_lib_v2,-1,0b_v2,2026-04-26,,
M6B_L3_00199,3,cavitation,A,150,0.49184858798980713,2,m6b_physics_lib_v2,-1,0b_v2,2026-04-26,,
M6B_L3_00200,3,cavitation,A,150,0.6481395363807678,2,m6b_physics_lib_v2,-1,0b_v2,2026-04-26,,
M6B_L3_00201,3,cavitation,A,150,0.3626130223274231,2,m6b_physics_lib_v2,-1,0b_v2,2026-04-26,,
M6B_L3_00202,3,cavitation,A,150,0.6347004175186157,2,m6b_physics_lib_v2,-1,0b_v2,2026-04-26,,
M6B_L3_00203,3,cavitation,A,150,0.530223548412323,2,m6b_physics_lib_v2,-1,0b_v2,2026-04-26,,
M6B_L3_00204,3,cavitation,A,150,0.33996203541755676,2,m6b_physics_lib_v2,-1,0b_v2,2026-04-26,,
M6B_L3_00205,3,cavitation,A,150,0.836253821849823,2,m6b_physics_lib_v2,-1,0b_v2,2026-04-26,,
M6B_L3_00206,3,cavitation,A,150,0.5656628012657166,2,m6b_physics_lib_v2,-1,0b_v2,2026-04-26,,
M6B_L3_00207,3,cavitation,A,150,0.8324413895606995,2,m6b_physics_lib_v2,-1,0b_v2,2026-04-26,,
M6B_L3_00208,3,cavitation,A,150,0.8255231380462646,2,m6b_physics_lib_v2,-1,0b_v2,2026-04-26,,
M6B_L3_00209,3,cavitation,A,150,0.9543658494949341,2,m6b_physics_lib_v2,-1,0b_v2,2026-04-26,,
M6B_L3_00210,3,cavitation,A,150,0.9328956604003906,2,m6b_physics_lib_v2,-1,0b_v2,2026-04-26,,
M6B_L3_00211,3,cavitation,A,150,0.9242023825645447,2,m6b_physics_lib_v2,-1,0b_v2,2026-04-26,,
M6B_L3_00212,3,cavitation,A,150,0.600508451461792,2,m6b_physics_lib_v2,-1,0b_v2,2026-04-26,,
M6B_L3_00213,3,cavitation,A,150,0.6925906538963318,2,m6b_physics_lib_v2,-1,0b_v2,2026-04-26,,
M6B_L3_00214,3,cavitation,A,150,0.5330023169517517,2,m6b_physics_lib_v2,-1,0b_v2,2026-04-26,,
M6B_L3_00215,3,cavitation,A,150,0.2346251755952835,2,m6b_physics_lib_v2,-1,0b_v2,2026-04-26,,
M6B_L3_00216,3,cavitation,A,150,0.5149218440055847,2,m6b_physics_lib_v2,-1,0b_v2,2026-04-26,,
M6B_L3_00217,3,cavitation,A,150,0.7951710224151611,2,m6b_physics_lib_v2,-1,0b_v2,2026-04-26,,
M6B_L3_00218,3,cavitation,A,150,0.5482760667800903,2,m6b_physics_lib_v2,-1,0b_v2,2026-04-26,,
M6B_L3_00219,3,cavitation,A,150,0.3705923855304718,2,m6b_physics_lib_v2,-1,0b_v2,2026-04-26,,
M6B_L3_00220,3,cavitation,A,150,0.9402058720588684,2,m6b_physics_lib_v2,-1,0b_v2,2026-04-26,,
M6B_L3_00221,3,cavitation,A,150,0.2693358361721039,2,m6b_physics_lib_v2,-1,0b_v2,2026-04-26,,
M6B_L3_00222,3,cavitation,A,150,0.9133666753768921,2,m6b_physics_lib_v2,-1,0b_v2,2026-04-26,,
M6B_L3_00223,3,cavitation,A,150,0.42744407057762146,2,m6b_physics_lib_v2,-1,0b_v2,2026-04-26,,
M6B_L3_00224,3,cavitation,A,150,0.4821026623249054,2,m6b_physics_lib_v2,-1,0b_v2,2026-04-26,,
M6B_L3_00225,3,cavitation,A,150,0.20840086042881012,2,m6b_physics_lib_v2,-1,0b_v2,2026-04-26,,
M6B_L3_00226,3,cavitation,A,150,0.23874618113040924,2,m6b_physics_lib_v2,-1,0b_v2,2026-04-26,,
M6B_L3_00227,3,cavitation,A,150,0.9332184791564941,2,m6b_physics_lib_v2,-1,0b_v2,2026-04-26,,
M6B_L3_00228,3,cavitation,A,150,0.291801780462265,2,m6b_physics_lib_v2,-1,0b_v2,2026-04-26,,
M6B_L3_00229,3,cavitation,A,150,0.4502546489238739,2,m6b_physics_lib_v2,-1,0b_v2,2026-04-26,,
M6B_L3_00230,3,cavitation,A,150,0.7672065496444702,2,m6b_physics_lib_v2,-1,0b_v2,2026-04-26,,
M6B_L3_00231,3,cavitation,A,150,0.461107462644577,2,m6b_physics_lib_v2,-1,0b_v2,2026-04-26,,
M6B_L3_00232,3,cavitation,A,150,0.48621949553489685,2,m6b_physics_lib_v2,-1,0b_v2,2026-04-26,,
M6B_L3_00233,3,cavitation,A,150,0.48156270384788513,2,m6b_physics_lib_v2,-1,0b_v2,2026-04-26,,
M6B_L3_00234,3,cavitation,A,150,0.6962429881095886,2,m6b_physics_lib_v2,-1,0b_v2,2026-04-26,,
M6B_L3_00235,3,cavitation,A,150,0.6473372578620911,2,m6b_physics_lib_v2,-1,0b_v2,2026-04-26,,
M6B_L3_00236,3,cavitation,A,150,0.7756393551826477,2,m6b_physics_lib_v2,-1,0b_v2,2026-04-26,,
M6B_L3_00237,3,cavitation,A,150,0.932360827922821,2,m6b_physics_lib_v2,-1,0b_v2,2026-04-26,,
M6B_L3_00238,3,cavitation,A,150,0.7111595273017883,2,m6b_physics_lib_v2,-1,0b_v2,2026-04-26,,
M6B_L3_00239,3,cavitation,A,150,0.474748820066452,2,m6b_physics_lib_v2,-1,0b_v2,2026-04-26,,
M6B_L3_00240,3,cavitation,A,150,0.5257925391197205,2,m6b_physics_lib_v2,-1,0b_v2,2026-04-26,,
M6B_L3_00241,3,cavitation,A,150,0.6396547555923462,2,m6b_physics_lib_v2,-1,0b_v2,2026-04-26,,
M6B_L3_00242,3,cavitation,A,150,0.9391278028488159,2,m6b_physics_lib_v2,-1,0b_v2,2026-04-26,,
M6B_L3_00243,3,cavitation,A,150,0.5837476849555969,2,m6b_physics_lib_v2,-1,0b_v2,2026-04-26,,
M6B_L3_00244,3,cavitation,A,150,0.28389331698417664,2,m6b_physics_lib_v2,-1,0b_v2,2026-04-26,,
M6B_L3_00245,3,cavitation,A,150,0.6031495928764343,2,m6b_physics_lib_v2,-1,0b_v2,2026-04-26,,
M6B_L3_00246,3,cavitation,A,150,0.2599412500858307,2,m6b_physics_lib_v2,-1,0b_v2,2026-04-26,,
M6B_L3_00247,3,cavitation,A,150,0.8303954601287842,2,m6b_physics_lib_v2,-1,0b_v2,2026-04-26,,
M6B_L3_00248,3,cavitation,A,150,0.26444220542907715,2,m6b_physics_lib_v2,-1,0b_v2,2026-04-26,,
M6B_L3_00249,3,cavitation,A,150,0.7772896885871887,2,m6b_physics_lib_v2,-1,0b_v2,2026-04-26,,
M6B_L3_00250,3,cavitation,A,150,0.2329263836145401,2,m6b_physics_lib_v2,-1,0b_v2,2026-04-26,,
M6B_L3_00251,3,cavitation,A,150,0.5880500078201294,2,m6b_physics_lib_v2,-1,0b_v2,2026-04-26,,
M6B_L3_00252,3,cavitation,A,150,0.3519187867641449,2,m6b_physics_lib_v2,-1,0b_v2,2026-04-26,,
M6B_L3_00253,3,cavitation,A,150,0.8743710517883301,2,m6b_physics_lib_v2,-1,0b_v2,2026-04-26,,
M6B_L3_00254,3,cavitation,A,150,0.9160476326942444,2,m6b_physics_lib_v2,-1,0b_v2,2026-04-26,,
M6B_L3_00255,3,cavitation,A,150,0.27661415934562683,2,m6b_physics_lib_v2,-1,0b_v2,2026-04-26,,
M6B_L3_00256,3,cavitation,A,150,0.5911948084831238,2,m6b_physics_lib_v2,-1,0b_v2,2026-04-26,,
M6B_L3_00257,3,cavitation,A,150,0.6641300916671753,2,m6b_physics_lib_v2,-1,0b_v2,2026-04-26,,
M6B_L3_00258,3,cavitation,A,150,0.3133404850959778,2,m6b_physics_lib_v2,-1,0b_v2,2026-04-26,,
M6B_L3_00259,3,cavitation,A,150,0.23079746961593628,2,m6b_physics_lib_v2,-1,0b_v2,2026-04-26,,
M6B_L3_00260,3,cavitation,A,150,0.49603867530822754,2,m6b_physics_lib_v2,-1,0b_v2,2026-04-26,,
M6B_L3_00261,3,cavitation,A,150,0.7077140808105469,2,m6b_physics_lib_v2,-1,0b_v2,2026-04-26,,
M6B_L3_00262,3,cavitation,A,150,0.27075108885765076,2,m6b_physics_lib_v2,-1,0b_v2,2026-04-26,,
M6B_L3_00263,3,cavitation,A,150,0.5451527833938599,2,m6b_physics_lib_v2,-1,0b_v2,2026-04-26,,
M6B_L3_00264,3,cavitation,A,150,0.22272834181785583,2,m6b_physics_lib_v2,-1,0b_v2,2026-04-26,,
M6B_L3_00265,3,cavitation,A,150,0.6706584095954895,2,m6b_physics_lib_v2,-1,0b_v2,2026-04-26,,
M6B_L3_00266,3,cavitation,A,150,0.2656479477882385,2,m6b_physics_lib_v2,-1,0b_v2,2026-04-26,,
M6B_L3_00267,3,cavitation,A,150,0.8007158041000366,2,m6b_physics_lib_v2,-1,0b_v2,2026-04-26,,
M6B_L3_00268,3,cavitation,A,150,0.7623716592788696,2,m6b_physics_lib_v2,-1,0b_v2,2026-04-26,,
M6B_L3_00269,3,cavitation,A,150,0.49892017245292664,2,m6b_physics_lib_v2,-1,0b_v2,2026-04-26,,
M6B_L3_00270,3,cavitation,A,150,0.5820404291152954,2,m6b_physics_lib_v2,-1,0b_v2,2026-04-26,,
M6B_L3_00271,3,cavitation,A,150,0.8224093317985535,2,m6b_physics_lib_v2,-1,0b_v2,2026-04-26,,
M6B_L3_00272,3,cavitation,A,150,0.5561713576316833,2,m6b_physics_lib_v2,-1,0b_v2,2026-04-26,,
M6B_L3_00273,3,cavitation,A,150,0.4547996520996094,2,m6b_physics_lib_v2,-1,0b_v2,2026-04-26,,
M6B_L3_00274,3,cavitation,A,150,0.6587889790534973,2,m6b_physics_lib_v2,-1,0b_v2,2026-04-26,,
M6B_L3_00275,3,cavitation,A,150,0.35216206312179565,2,m6b_physics_lib_v2,-1,0b_v2,2026-04-26,,
M6B_L3_00276,3,cavitation,A,150,0.3027368187904358,2,m6b_physics_lib_v2,-1,0b_v2,2026-04-26,,
M6B_L3_00277,3,cavitation,A,150,0.646183967590332,2,m6b_physics_lib_v2,-1,0b_v2,2026-04-26,,
M6B_L3_00278,3,cavitation,A,150,0.546524703502655,2,m6b_physics_lib_v2,-1,0b_v2,2026-04-26,,
M6B_L3_00279,3,cavitation,A,150,0.21289974451065063,2,m6b_physics_lib_v2,-1,0b_v2,2026-04-26,,
M6B_L3_00280,3,cavitation,A,150,0.37375834584236145,2,m6b_physics_lib_v2,-1,0b_v2,2026-04-26,,
M6B_L3_00281,3,cavitation,A,150,0.6201224327087402,2,m6b_physics_lib_v2,-1,0b_v2,2026-04-26,,
M6B_L3_00282,3,cavitation,A,150,0.9097875356674194,2,m6b_physics_lib_v2,-1,0b_v2,2026-04-26,,
M6B_L3_00283,3,cavitation,A,150,0.8733898997306824,2,m6b_physics_lib_v2,-1,0b_v2,2026-04-26,,
M6B_L3_00284,3,cavitation,A,150,0.4488600194454193,2,m6b_physics_lib_v2,-1,0b_v2,2026-04-26,,
M6B_L3_00285,3,cavitation,A,150,0.35599416494369507,2,m6b_physics_lib_v2,-1,0b_v2,2026-04-26,,
M6B_L3_00286,3,cavitation,A,150,0.6952944993972778,2,m6b_physics_lib_v2,-1,0b_v2,2026-04-26,,
M6B_L3_00287,3,cavitation,A,150,0.9517234563827515,2,m6b_physics_lib_v2,-1,0b_v2,2026-04-26,,
M6B_L3_00288,3,cavitation,A,150,0.23098376393318176,2,m6b_physics_lib_v2,-1,0b_v2,2026-04-26,,
M6B_L3_00289,3,cavitation,A,150,0.3816932439804077,2,m6b_physics_lib_v2,-1,0b_v2,2026-04-26,,
M6B_L3_00290,3,cavitation,A,150,0.3946838676929474,2,m6b_physics_lib_v2,-1,0b_v2,2026-04-26,,
M6B_L3_00291,3,cavitation,A,150,0.9588623046875,2,m6b_physics_lib_v2,-1,0b_v2,2026-04-26,,
M6B_L3_00292,3,cavitation,A,150,0.8149591684341431,2,m6b_physics_lib_v2,-1,0b_v2,2026-04-26,,
M6B_L3_00293,3,cavitation,A,150,0.8248122334480286,2,m6b_physics_lib_v2,-1,0b_v2,2026-04-26,,
M6B_L3_00294,3,cavitation,A,150,0.5686967968940735,2,m6b_physics_lib_v2,-1,0b_v2,2026-04-26,,
M6B_L3_00295,3,cavitation,A,150,0.6440806984901428,2,m6b_physics_lib_v2,-1,0b_v2,2026-04-26,,
M6B_L3_00296,3,cavitation,A,150,0.20934028923511505,2,m6b_physics_lib_v2,-1,0b_v2,2026-04-26,,
M6B_L3_00297,3,cavitation,A,150,0.596466600894928,2,m6b_physics_lib_v2,-1,0b_v2,2026-04-26,,
M6B_L3_00298,3,cavitation,A,150,0.9113786816596985,2,m6b_physics_lib_v2,-1,0b_v2,2026-04-26,,
M6B_L3_00299,3,cavitation,A,150,0.20459359884262085,2,m6b_physics_lib_v2,-1,0b_v2,2026-04-26,,
M6B_L3_00300,3,cavitation,A,150,0.2215566784143448,2,m6b_physics_lib_v2,-1,0b_v2,2026-04-26,,
M6B_L3_00301,3,cavitation,A,150,0.445147842168808,2,m6b_physics_lib_v2,-1,0b_v2,2026-04-26,,
M6B_L3_00302,3,cavitation,A,150,0.7819566130638123,2,m6b_physics_lib_v2,-1,0b_v2,2026-04-26,,
M6B_L3_00303,3,cavitation,A,150,0.954177975654602,2,m6b_physics_lib_v2,-1,0b_v2,2026-04-26,,
M6B_L3_00304,3,cavitation,A,150,0.5934444069862366,2,m6b_physics_lib_v2,-1,0b_v2,2026-04-26,,
M6B_L3_00305,3,cavitation,A,150,0.3861626982688904,2,m6b_physics_lib_v2,-1,0b_v2,2026-04-26,,
M6B_L3_00306,3,cavitation,A,150,0.8003301620483398,2,m6b_physics_lib_v2,-1,0b_v2,2026-04-26,,
M6B_L3_00307,3,cavitation,A,150,0.45291867852211,2,m6b_physics_lib_v2,-1,0b_v2,2026-04-26,,
M6B_L3_00308,3,cavitation,A,150,0.3450537323951721,2,m6b_physics_lib_v2,-1,0b_v2,2026-04-26,,
M6B_L3_00309,3,cavitation,A,150,0.20849522948265076,2,m6b_physics_lib_v2,-1,0b_v2,2026-04-26,,
M6B_L3_00310,3,cavitation,A,150,0.5229855179786682,2,m6b_physics_lib_v2,-1,0b_v2,2026-04-26,,
M6B_L3_00311,3,cavitation,A,150,0.40157461166381836,2,m6b_physics_lib_v2,-1,0b_v2,2026-04-26,,
M6B_L3_00312,3,cavitation,A,150,0.24110764265060425,2,m6b_physics_lib_v2,-1,0b_v2,2026-04-26,,
M6B_L3_00313,3,cavitation,A,150,0.9598957300186157,2,m6b_physics_lib_v2,-1,0b_v2,2026-04-26,,
M6B_L3_00314,3,cavitation,A,150,0.4460131824016571,2,m6b_physics_lib_v2,-1,0b_v2,2026-04-26,,
M6B_L3_00315,3,cavitation,A,150,0.9508838653564453,2,m6b_physics_lib_v2,-1,0b_v2,2026-04-26,,
M6B_L3_00316,3,cavitation,A,150,0.25639045238494873,2,m6b_physics_lib_v2,-1,0b_v2,2026-04-26,,
M6B_L3_00317,3,cavitation,A,150,0.5593950152397156,2,m6b_physics_lib_v2,-1,0b_v2,2026-04-26,,
M6B_L3_00318,3,cavitation,A,150,0.2760179042816162,2,m6b_physics_lib_v2,-1,0b_v2,2026-04-26,,
M6B_L3_00319,3,cavitation,A,150,0.6080780029296875,2,m6b_physics_lib_v2,-1,0b_v2,2026-04-26,,
M6B_L3_00320,3,cavitation,A,150,0.5671457648277283,2,m6b_physics_lib_v2,-1,0b_v2,2026-04-26,,
M6B_L3_00321,3,cavitation,A,150,0.5254999399185181,2,m6b_physics_lib_v2,-1,0b_v2,2026-04-26,,
M6B_L3_00322,3,cavitation,A,150,0.3406889736652374,2,m6b_physics_lib_v2,-1,0b_v2,2026-04-26,,
M6B_L3_00323,3,cavitation,A,150,0.7928512096405029,2,m6b_physics_lib_v2,-1,0b_v2,2026-04-26,,
M6B_L3_00324,3,cavitation,A,150,0.847122311592102,2,m6b_physics_lib_v2,-1,0b_v2,2026-04-26,,
M6B_L3_00325,3,cavitation,A,150,0.9319398403167725,2,m6b_physics_lib_v2,-1,0b_v2,2026-04-26,,
M6B_L3_00326,3,cavitation,A,150,0.22388936579227448,2,m6b_physics_lib_v2,-1,0b_v2,2026-04-26,,
M6B_L3_00327,3,cavitation,A,150,0.4652875065803528,2,m6b_physics_lib_v2,-1,0b_v2,2026-04-26,,
M6B_L3_00328,3,cavitation,A,150,0.6790629625320435,2,m6b_physics_lib_v2,-1,0b_v2,2026-04-26,,
M6B_L3_00329,3,cavitation,A,150,0.8749894499778748,2,m6b_physics_lib_v2,-1,0b_v2,2026-04-26,,
M6B_L3_00330,3,cavitation,A,150,0.367784321308136,2,m6b_physics_lib_v2,-1,0b_v2,2026-04-26,,
M6B_L3_00331,3,cavitation,A,150,0.5716509222984314,2,m6b_physics_lib_v2,-1,0b_v2,2026-04-26,,
M6B_L3_00332,3,cavitation,A,150,0.509671688079834,2,m6b_physics_lib_v2,-1,0b_v2,2026-04-26,,
M6B_L3_00333,3,cavitation,A,150,0.7789300680160522,2,m6b_physics_lib_v2,-1,0b_v2,2026-04-26,,
M6B_L3_00334,3,cavitation,A,150,0.7179017066955566,2,m6b_physics_lib_v2,-1,0b_v2,2026-04-26,,
M6B_L3_00335,3,cavitation,A,150,0.7344010472297668,2,m6b_physics_lib_v2,-1,0b_v2,2026-04-26,,
M6B_L3_00336,3,cavitation,A,150,0.6713645458221436,2,m6b_physics_lib_v2,-1,0b_v2,2026-04-26,,
M6B_L3_00337,3,cavitation,A,150,0.3930880129337311,2,m6b_physics_lib_v2,-1,0b_v2,2026-04-26,,
M6B_L3_00338,3,cavitation,A,150,0.2785080075263977,2,m6b_physics_lib_v2,-1,0b_v2,2026-04-26,,
M6B_L3_00339,3,cavitation,A,150,0.6962324976921082,2,m6b_physics_lib_v2,-1,0b_v2,2026-04-26,,
M6B_L3_00340,3,cavitation,A,150,0.7695940732955933,2,m6b_physics_lib_v2,-1,0b_v2,2026-04-26,,
M6B_L3_00341,3,cavitation,A,150,0.31417569518089294,2,m6b_physics_lib_v2,-1,0b_v2,2026-04-26,,
M6B_L3_00342,3,cavitation,A,150,0.5047711133956909,2,m6b_physics_lib_v2,-1,0b_v2,2026-04-26,,
M6B_L3_00343,3,cavitation,A,150,0.5949875116348267,2,m6b_physics_lib_v2,-1,0b_v2,2026-04-26,,
M6B_L3_00344,3,cavitation,A,150,0.8013244867324829,2,m6b_physics_lib_v2,-1,0b_v2,2026-04-26,,
M6B_L3_00345,3,cavitation,A,150,0.730346143245697,2,m6b_physics_lib_v2,-1,0b_v2,2026-04-26,,
M6B_L3_00346,3,cavitation,A,150,0.9542151093482971,2,m6b_physics_lib_v2,-1,0b_v2,2026-04-26,,
M6B_L3_00347,3,cavitation,A,150,0.5373734831809998,2,m6b_physics_lib_v2,-1,0b_v2,2026-04-26,,
M6B_L3_00348,3,cavitation,A,150,0.28763583302497864,2,m6b_physics_lib_v2,-1,0b_v2,2026-04-26,,
M6B_L3_00349,3,cavitation,A,150,0.6084478497505188,2,m6b_physics_lib_v2,-1,0b_v2,2026-04-26,,
M6B_L3_00350,3,cavitation,A,150,0.9500204920768738,2,m6b_physics_lib_v2,-1,0b_v2,2026-04-26,,
M6B_L3_00351,3,cavitation,A,150,0.43931540846824646,2,m6b_physics_lib_v2,-1,0b_v2,2026-04-26,,
M6B_L3_00352,3,cavitation,A,150,0.7039626836776733,2,m6b_physics_lib_v2,-1,0b_v2,2026-04-26,,
M6B_L3_00353,3,cavitation,A,150,0.9737587571144104,2,m6b_physics_lib_v2,-1,0b_v2,2026-04-26,,
M6B_L3_00354,3,cavitation,A,150,0.7919708490371704,2,m6b_physics_lib_v2,-1,0b_v2,2026-04-26,,
M6B_L3_00355,3,cavitation,A,150,0.31198737025260925,2,m6b_physics_lib_v2,-1,0b_v2,2026-04-26,,
M6B_L3_00356,3,cavitation,A,150,0.5830339193344116,2,m6b_physics_lib_v2,-1,0b_v2,2026-04-26,,
M6B_L3_00357,3,cavitation,A,150,0.894187867641449,2,m6b_physics_lib_v2,-1,0b_v2,2026-04-26,,
M6B_L3_00358,3,cavitation,A,150,0.5043084621429443,2,m6b_physics_lib_v2,-1,0b_v2,2026-04-26,,
M6B_L3_00359,3,cavitation,A,150,0.9906196594238281,2,m6b_physics_lib_v2,-1,0b_v2,2026-04-26,,
M6B_L3_00360,3,cavitation,A,150,0.3734741508960724,2,m6b_physics_lib_v2,-1,0b_v2,2026-04-26,,
M6B_L3_00361,3,cavitation,A,150,0.2085704207420349,2,m6b_physics_lib_v2,-1,0b_v2,2026-04-26,,
M6B_L3_00362,3,cavitation,A,150,0.32876038551330566,2,m6b_physics_lib_v2,-1,0b_v2,2026-04-26,,
M6B_L3_00363,3,cavitation,A,150,0.6678832173347473,2,m6b_physics_lib_v2,-1,0b_v2,2026-04-26,,
M6B_L3_00364,3,cavitation,A,150,0.4996360242366791,2,m6b_physics_lib_v2,-1,0b_v2,2026-04-26,,
M6B_L3_00365,3,cavitation,A,150,0.579404890537262,2,m6b_physics_lib_v2,-1,0b_v2,2026-04-26,,
M6B_L3_00366,3,cavitation,A,150,0.5715895295143127,2,m6b_physics_lib_v2,-1,0b_v2,2026-04-26,,
M6B_L3_00367,3,cavitation,A,150,0.8541444540023804,2,m6b_physics_lib_v2,-1,0b_v2,2026-04-26,,
M6B_L3_00368,3,cavitation,A,150,0.582755982875824,2,m6b_physics_lib_v2,-1,0b_v2,2026-04-26,,
M6B_L3_00369,3,cavitation,A,150,0.6836565136909485,2,m6b_physics_lib_v2,-1,0b_v2,2026-04-26,,
M6B_L3_00370,3,cavitation,A,150,0.5215790271759033,2,m6b_physics_lib_v2,-1,0b_v2,2026-04-26,,
M6B_L3_00371,3,cavitation,A,150,0.31427860260009766,2,m6b_physics_lib_v2,-1,0b_v2,2026-04-26,,
M6B_L3_00372,3,cavitation,A,150,0.27095335721969604,2,m6b_physics_lib_v2,-1,0b_v2,2026-04-26,,
M6B_L3_00373,3,cavitation,A,150,0.3268747925758362,2,m6b_physics_lib_v2,-1,0b_v2,2026-04-26,,
M6B_L3_00374,3,cavitation,A,150,0.7963272333145142,2,m6b_physics_lib_v2,-1,0b_v2,2026-04-26,,
M6B_L3_00375,3,cavitation,A,150,0.6025502681732178,2,m6b_physics_lib_v2,-1,0b_v2,2026-04-26,,
M6B_L3_00376,3,cavitation,A,150,0.29773077368736267,2,m6b_physics_lib_v2,-1,0b_v2,2026-04-26,,
M6B_L3_00377,3,cavitation,A,150,0.8663008213043213,2,m6b_physics_lib_v2,-1,0b_v2,2026-04-26,,
M6B_L3_00378,3,cavitation,A,150,0.8642159700393677,2,m6b_physics_lib_v2,-1,0b_v2,2026-04-26,,
M6B_L3_00379,3,cavitation,A,150,0.5186454653739929,2,m6b_physics_lib_v2,-1,0b_v2,2026-04-26,,
M6B_L3_00380,3,cavitation,A,150,0.880961537361145,2,m6b_physics_lib_v2,-1,0b_v2,2026-04-26,,
M6B_L3_00381,3,cavitation,A,150,0.48747533559799194,2,m6b_physics_lib_v2,-1,0b_v2,2026-04-26,,
M6B_L3_00382,3,cavitation,A,150,0.7776600122451782,2,m6b_physics_lib_v2,-1,0b_v2,2026-04-26,,
M6B_L3_00383,3,cavitation,A,150,0.9947993159294128,2,m6b_physics_lib_v2,-1,0b_v2,2026-04-26,,
M6B_L3_00384,3,cavitation,A,150,0.49259084463119507,2,m6b_physics_lib_v2,-1,0b_v2,2026-04-26,,
M6B_L3_00385,3,cavitation,A,150,0.2711743414402008,2,m6b_physics_lib_v2,-1,0b_v2,2026-04-26,,
M6B_L3_00386,3,cavitation,A,150,0.5016536712646484,2,m6b_physics_lib_v2,-1,0b_v2,2026-04-26,,
M6B_L3_00387,3,cavitation,A,150,0.28554683923721313,2,m6b_physics_lib_v2,-1,0b_v2,2026-04-26,,
M6B_L3_00388,3,cavitation,A,150,0.5504825115203857,2,m6b_physics_lib_v2,-1,0b_v2,2026-04-26,,
M6B_L3_00389,3,cavitation,A,150,0.9779933094978333,2,m6b_physics_lib_v2,-1,0b_v2,2026-04-26,,
M6B_L3_00390,3,cavitation,A,150,0.5923398733139038,2,m6b_physics_lib_v2,-1,0b_v2,2026-04-26,,
M6B_L3_00391,3,cavitation,A,150,0.4851665794849396,2,m6b_physics_lib_v2,-1,0b_v2,2026-04-26,,
M6B_L3_00392,3,cavitation,A,150,0.9303034543991089,2,m6b_physics_lib_v2,-1,0b_v2,2026-04-26,,
M6B_L3_00393,3,cavitation,A,150,0.23752044141292572,2,m6b_physics_lib_v2,-1,0b_v2,2026-04-26,,
M6B_L3_00394,3,cavitation,A,150,0.9884196519851685,2,m6b_physics_lib_v2,-1,0b_v2,2026-04-26,,
M6B_L3_00395,3,cavitation,A,150,0.6212300062179565,2,m6b_physics_lib_v2,-1,0b_v2,2026-04-26,,
M6B_L3_00396,3,cavitation,A,150,0.47511667013168335,2,m6b_physics_lib_v2,-1,0b_v2,2026-04-26,,
M6B_L3_00397,3,cavitation,A,150,0.8763191103935242,2,m6b_physics_lib_v2,-1,0b_v2,2026-04-26,,
M6B_L3_00398,3,cavitation,A,150,0.8584751486778259,2,m6b_physics_lib_v2,-1,0b_v2,2026-04-26,,
M6B_L3_00399,3,cavitation,A,150,0.29699984192848206,2,m6b_physics_lib_v2,-1,0b_v2,2026-04-26,,
M6B_L3_00400,3,cavitation,A,150,0.49432486295700073,2,m6b_physics_lib_v2,-1,0b_v2,2026-04-26,,
M6B_L3_00401,3,cavitation,A,150,0.7498565316200256,2,m6b_physics_lib_v2,-1,0b_v2,2026-04-26,,
M6B_L3_00402,3,cavitation,A,150,0.40102458000183105,2,m6b_physics_lib_v2,-1,0b_v2,2026-04-26,,
M6B_L3_00403,3,cavitation,A,150,0.4758426249027252,2,m6b_physics_lib_v2,-1,0b_v2,2026-04-26,,
M6B_L3_00404,3,cavitation,A,150,0.25586533546447754,2,m6b_physics_lib_v2,-1,0b_v2,2026-04-26,,
M6B_L3_00405,3,cavitation,A,150,0.9346093535423279,2,m6b_physics_lib_v2,-1,0b_v2,2026-04-26,,
M6B_L3_00406,3,cavitation,A,150,0.21181826293468475,2,m6b_physics_lib_v2,-1,0b_v2,2026-04-26,,
M6B_L3_00407,3,cavitation,A,150,0.5831201672554016,2,m6b_physics_lib_v2,-1,0b_v2,2026-04-26,,
M6B_L3_00408,3,cavitation,A,150,0.23448456823825836,2,m6b_physics_lib_v2,-1,0b_v2,2026-04-26,,
M6B_L3_00409,3,cavitation,A,150,0.4621788561344147,2,m6b_physics_lib_v2,-1,0b_v2,2026-04-26,,
M6B_L3_00410,3,cavitation,A,150,0.36817944049835205,2,m6b_physics_lib_v2,-1,0b_v2,2026-04-26,,
M6B_L3_00411,3,cavitation,A,150,0.9438866376876831,2,m6b_physics_lib_v2,-1,0b_v2,2026-04-26,,
M6B_L3_00412,3,cavitation,A,150,0.33323365449905396,2,m6b_physics_lib_v2,-1,0b_v2,2026-04-26,,
M6B_L3_00413,3,cavitation,A,150,0.6522660851478577,2,m6b_physics_lib_v2,-1,0b_v2,2026-04-26,,
M6B_L3_00414,3,cavitation,A,150,0.8794991970062256,2,m6b_physics_lib_v2,-1,0b_v2,2026-04-26,,
M6B_L3_00415,3,cavitation,A,150,0.5486668944358826,2,m6b_physics_lib_v2,-1,0b_v2,2026-04-26,,
M6B_L3_00416,3,cavitation,A,150,0.2846342623233795,2,m6b_physics_lib_v2,-1,0b_v2,2026-04-26,,
M6B_L3_00417,3,cavitation,A,150,0.6361549496650696,2,m6b_physics_lib_v2,-1,0b_v2,2026-04-26,,
M6B_L3_00418,3,cavitation,A,150,0.5699899196624756,2,m6b_physics_lib_v2,-1,0b_v2,2026-04-26,,
M6B_L3_00419,3,cavitation,A,150,0.5525497198104858,2,m6b_physics_lib_v2,-1,0b_v2,2026-04-26,,
M6B_L3_00420,3,cavitation,A,150,0.28483647108078003,2,m6b_physics_lib_v2,-1,0b_v2,2026-04-26,,
M6B_L3_00421,3,cavitation,A,150,0.3998359739780426,2,m6b_physics_lib_v2,-1,0b_v2,2026-04-26,,
M6B_L3_00422,3,cavitation,A,150,0.3686879277229309,2,m6b_physics_lib_v2,-1,0b_v2,2026-04-26,,
M6B_L3_00423,3,cavitation,A,150,0.6426085233688354,2,m6b_physics_lib_v2,-1,0b_v2,2026-04-26,,
M6B_L3_00424,3,cavitation,A,150,0.559314489364624,2,m6b_physics_lib_v2,-1,0b_v2,2026-04-26,,
M6B_L3_00425,3,cavitation,A,150,0.4251437187194824,2,m6b_physics_lib_v2,-1,0b_v2,2026-04-26,,
M6B_L3_00426,3,cavitation,A,150,0.5532684922218323,2,m6b_physics_lib_v2,-1,0b_v2,2026-04-26,,
M6B_L3_00427,3,cavitation,A,150,0.21868225932121277,2,m6b_physics_lib_v2,-1,0b_v2,2026-04-26,,
M6B_L3_00428,3,cavitation,A,150,0.6971025466918945,2,m6b_physics_lib_v2,-1,0b_v2,2026-04-26,,
M6B_L3_00429,3,cavitation,A,150,0.5630133748054504,2,m6b_physics_lib_v2,-1,0b_v2,2026-04-26,,
M6B_L3_00430,3,cavitation,A,150,0.2718416154384613,2,m6b_physics_lib_v2,-1,0b_v2,2026-04-26,,
M6B_L3_00431,3,cavitation,A,150,0.7667562365531921,2,m6b_physics_lib_v2,-1,0b_v2,2026-04-26,,
M6B_L3_00432,3,cavitation,A,150,0.34491321444511414,2,m6b_physics_lib_v2,-1,0b_v2,2026-04-26,,
M6B_L3_00433,3,cavitation,A,150,0.9471998810768127,2,m6b_physics_lib_v2,-1,0b_v2,2026-04-26,,
M6B_L3_00434,3,cavitation,A,150,0.8867002129554749,2,m6b_physics_lib_v2,-1,0b_v2,2026-04-26,,
M6B_L3_00435,3,cavitation,A,150,0.2460731714963913,2,m6b_physics_lib_v2,-1,0b_v2,2026-04-26,,
M6B_L3_00436,3,cavitation,A,150,0.7564385533332825,2,m6b_physics_lib_v2,-1,0b_v2,2026-04-26,,
M6B_L3_00437,3,cavitation,A,150,0.8030687570571899,2,m6b_physics_lib_v2,-1,0b_v2,2026-04-26,,
M6B_L3_00438,3,cavitation,A,150,0.4429491460323334,2,m6b_physics_lib_v2,-1,0b_v2,2026-04-26,,
M6B_L3_00439,3,cavitation,A,150,0.28194954991340637,2,m6b_physics_lib_v2,-1,0b_v2,2026-04-26,,
M6B_L3_00440,3,cavitation,A,150,0.8754536509513855,2,m6b_physics_lib_v2,-1,0b_v2,2026-04-26,,
M6B_L3_00441,3,cavitation,A,150,0.6189167499542236,2,m6b_physics_lib_v2,-1,0b_v2,2026-04-26,,
M6B_L3_00442,3,cavitation,A,150,0.47285085916519165,2,m6b_physics_lib_v2,-1,0b_v2,2026-04-26,,
M6B_L3_00443,3,cavitation,A,150,0.3522648513317108,2,m6b_physics_lib_v2,-1,0b_v2,2026-04-26,,
M6B_L3_00444,3,cavitation,A,150,0.3070752024650574,2,m6b_physics_lib_v2,-1,0b_v2,2026-04-26,,
M6B_L3_00445,3,cavitation,A,150,0.8373744487762451,2,m6b_physics_lib_v2,-1,0b_v2,2026-04-26,,
M6B_L3_00446,3,cavitation,A,150,0.7926735281944275,2,m6b_physics_lib_v2,-1,0b_v2,2026-04-26,,
M6B_L3_00447,3,cavitation,A,150,0.5715645551681519,2,m6b_physics_lib_v2,-1,0b_v2,2026-04-26,,
M6B_L3_00448,3,cavitation,A,150,0.24094995856285095,2,m6b_physics_lib_v2,-1,0b_v2,2026-04-26,,
M6B_L3_00449,3,cavitation,A,150,0.6688162684440613,2,m6b_physics_lib_v2,-1,0b_v2,2026-04-26,,
M6B_L3_00450,3,cavitation,A,150,0.514816164970398,2,m6b_physics_lib_v2,-1,0b_v2,2026-04-26,,
M6B_L3_00451,3,cavitation,A,150,0.7662541270256042,2,m6b_physics_lib_v2,-1,0b_v2,2026-04-26,,
M6B_L3_00452,3,cavitation,A,150,0.8268592357635498,2,m6b_physics_lib_v2,-1,0b_v2,2026-04-26,,
M6B_L3_00453,3,cavitation,A,150,0.3397192358970642,2,m6b_physics_lib_v2,-1,0b_v2,2026-04-26,,
M6B_L3_00454,3,cavitation,A,150,0.2992457449436188,2,m6b_physics_lib_v2,-1,0b_v2,2026-04-26,,
M6B_L3_00455,3,cavitation,A,150,0.991049587726593,2,m6b_physics_lib_v2,-1,0b_v2,2026-04-26,,
M6B_L3_00456,3,cavitation,A,150,0.7608044147491455,2,m6b_physics_lib_v2,-1,0b_v2,2026-04-26,,
M6B_L3_00457,3,cavitation,A,150,0.2265879511833191,2,m6b_physics_lib_v2,-1,0b_v2,2026-04-26,,
M6B_L3_00458,3,cavitation,A,150,0.7764555215835571,2,m6b_physics_lib_v2,-1,0b_v2,2026-04-26,,
M6B_L3_00459,3,cavitation,A,150,0.7352839112281799,2,m6b_physics_lib_v2,-1,0b_v2,2026-04-26,,
M6B_L3_00460,3,cavitation,A,150,0.6707057952880859,2,m6b_physics_lib_v2,-1,0b_v2,2026-04-26,,
M6B_L3_00461,3,cavitation,A,150,0.6261873245239258,2,m6b_physics_lib_v2,-1,0b_v2,2026-04-26,,
M6B_L3_00462,3,cavitation,A,150,0.9128900766372681,2,m6b_physics_lib_v2,-1,0b_v2,2026-04-26,,
M6B_L3_00463,3,cavitation,A,150,0.5360029935836792,2,m6b_physics_lib_v2,-1,0b_v2,2026-04-26,,
M6B_L3_00464,3,cavitation,A,150,0.7879056334495544,2,m6b_physics_lib_v2,-1,0b_v2,2026-04-26,,
M6B_L3_00465,3,cavitation,A,150,0.2518167197704315,2,m6b_physics_lib_v2,-1,0b_v2,2026-04-26,,
M6B_L3_00466,3,cavitation,A,150,0.8777065277099609,2,m6b_physics_lib_v2,-1,0b_v2,2026-04-26,,
M6B_L3_00467,3,cavitation,A,150,0.8818928003311157,2,m6b_physics_lib_v2,-1,0b_v2,2026-04-26,,
M6B_L3_00468,3,cavitation,A,150,0.9272164702415466,2,m6b_physics_lib_v2,-1,0b_v2,2026-04-26,,
M6B_L3_00469,3,cavitation,A,150,0.20895083248615265,2,m6b_physics_lib_v2,-1,0b_v2,2026-04-26,,
M6B_L3_00470,3,cavitation,A,150,0.6322916746139526,2,m6b_physics_lib_v2,-1,0b_v2,2026-04-26,,
M6B_L3_00471,3,cavitation,A,150,0.3495708703994751,2,m6b_physics_lib_v2,-1,0b_v2,2026-04-26,,
M6B_L3_00472,3,cavitation,A,150,0.740688145160675,2,m6b_physics_lib_v2,-1,0b_v2,2026-04-26,,
M6B_L3_00473,3,cavitation,A,150,0.34514009952545166,2,m6b_physics_lib_v2,-1,0b_v2,2026-04-26,,
M6B_L3_00474,3,cavitation,A,150,0.8871676921844482,2,m6b_physics_lib_v2,-1,0b_v2,2026-04-26,,
M6B_L3_00475,3,cavitation,A,150,0.548705518245697,2,m6b_physics_lib_v2,-1,0b_v2,2026-04-26,,
M6B_L3_00476,3,cavitation,A,150,0.44950228929519653,2,m6b_physics_lib_v2,-1,0b_v2,2026-04-26,,
M6B_L3_00477,3,cavitation,A,150,0.699298083782196,2,m6b_physics_lib_v2,-1,0b_v2,2026-04-26,,
M6B_L3_00478,3,cavitation,A,150,0.9152162075042725,2,m6b_physics_lib_v2,-1,0b_v2,2026-04-26,,
M6B_L3_00479,3,cavitation,A,150,0.7145830392837524,2,m6b_physics_lib_v2,-1,0b_v2,2026-04-26,,
M6B_L3_00480,3,cavitation,A,150,0.42772528529167175,2,m6b_physics_lib_v2,-1,0b_v2,2026-04-26,,
M6B_L3_00481,3,cavitation,A,150,0.6262309551239014,2,m6b_physics_lib_v2,-1,0b_v2,2026-04-26,,
M6B_L3_00482,3,cavitation,A,150,0.8228045701980591,2,m6b_physics_lib_v2,-1,0b_v2,2026-04-26,,
M6B_L3_00483,3,cavitation,A,150,0.4909469485282898,2,m6b_physics_lib_v2,-1,0b_v2,2026-04-26,,
M6B_L3_00484,3,cavitation,A,150,0.9571395516395569,2,m6b_physics_lib_v2,-1,0b_v2,2026-04-26,,
M6B_L3_00485,3,cavitation,A,150,0.31167706847190857,2,m6b_physics_lib_v2,-1,0b_v2,2026-04-26,,
M6B_L3_00486,3,cavitation,A,150,0.3609964847564697,2,m6b_physics_lib_v2,-1,0b_v2,2026-04-26,,
M6B_L3_00487,3,cavitation,A,150,0.48125046491622925,2,m6b_physics_lib_v2,-1,0b_v2,2026-04-26,,
M6B_L3_00488,3,cavitation,A,150,0.23072412610054016,2,m6b_physics_lib_v2,-1,0b_v2,2026-04-26,,
M6B_L3_00489,3,cavitation,A,150,0.787301778793335,2,m6b_physics_lib_v2,-1,0b_v2,2026-04-26,,
M6B_L3_00490,3,cavitation,A,150,0.8559017777442932,2,m6b_physics_lib_v2,-1,0b_v2,2026-04-26,,
M6B_L3_00491,3,cavitation,A,150,0.2924247980117798,2,m6b_physics_lib_v2,-1,0b_v2,2026-04-26,,
M6B_L3_00492,3,cavitation,A,150,0.9302254319190979,2,m6b_physics_lib_v2,-1,0b_v2,2026-04-26,,
M6B_L3_00493,3,cavitation,A,150,0.5051230788230896,2,m6b_physics_lib_v2,-1,0b_v2,2026-04-26,,
M6B_L3_00494,3,cavitation,A,150,0.9700393080711365,2,m6b_physics_lib_v2,-1,0b_v2,2026-04-26,,
M6B_L3_00495,3,cavitation,A,150,0.40092217922210693,2,m6b_physics_lib_v2,-1,0b_v2,2026-04-26,,
M6B_L3_00496,3,cavitation,A,150,0.3378967046737671,2,m6b_physics_lib_v2,-1,0b_v2,2026-04-26,,
M6B_L3_00497,3,cavitation,A,150,0.7653982639312744,2,m6b_physics_lib_v2,-1,0b_v2,2026-04-26,,
M6B_L3_00498,3,cavitation,A,150,0.23948544263839722,2,m6b_physics_lib_v2,-1,0b_v2,2026-04-26,,
M6B_L3_00499,3,cavitation,A,150,0.4801802933216095,2,m6b_physics_lib_v2,-1,0b_v2,2026-04-26,,
M6B_L3_00500,3,cavitation,A,150,0.329993337392807,2,m6b_physics_lib_v2,-1,0b_v2,2026-04-26,,
M6B_L3_00501,3,cavitation,A,150,0.9405733942985535,2,m6b_physics_lib_v2,-1,0b_v2,2026-04-26,,
M6B_L3_00502,3,cavitation,A,150,0.4491022229194641,2,m6b_physics_lib_v2,-1,0b_v2,2026-04-26,,
M6B_L3_00503,3,cavitation,A,150,0.7270693778991699,2,m6b_physics_lib_v2,-1,0b_v2,2026-04-26,,
M6B_L3_00504,3,cavitation,A,150,0.34300801157951355,2,m6b_physics_lib_v2,-1,0b_v2,2026-04-26,,
M6B_L3_00505,3,cavitation,A,150,0.6106055378913879,2,m6b_physics_lib_v2,-1,0b_v2,2026-04-26,,
M6B_L3_00506,3,cavitation,A,150,0.2971310317516327,2,m6b_physics_lib_v2,-1,0b_v2,2026-04-26,,
M6B_L3_00507,3,cavitation,A,150,0.334585040807724,2,m6b_physics_lib_v2,-1,0b_v2,2026-04-26,,
M6B_L3_00508,3,cavitation,A,150,0.22730287909507751,2,m6b_physics_lib_v2,-1,0b_v2,2026-04-26,,
M6B_L3_00509,3,cavitation,A,150,0.5922077298164368,2,m6b_physics_lib_v2,-1,0b_v2,2026-04-26,,
M6B_L3_00510,3,cavitation,A,150,0.7197917699813843,2,m6b_physics_lib_v2,-1,0b_v2,2026-04-26,,
M6B_L3_00511,3,cavitation,A,150,0.9407976269721985,2,m6b_physics_lib_v2,-1,0b_v2,2026-04-26,,
M6B_L3_00512,3,cavitation,A,150,0.9942589998245239,2,m6b_physics_lib_v2,-1,0b_v2,2026-04-26,,
M6B_L3_00513,3,cavitation,A,150,0.757075846195221,2,m6b_physics_lib_v2,-1,0b_v2,2026-04-26,,
M6B_L3_00514,3,cavitation,A,150,0.7178934216499329,2,m6b_physics_lib_v2,-1,0b_v2,2026-04-26,,
M6B_L3_00515,3,cavitation,A,150,0.25444841384887695,2,m6b_physics_lib_v2,-1,0b_v2,2026-04-26,,
M6B_L3_00516,3,cavitation,A,150,0.9858438372612,2,m6b_physics_lib_v2,-1,0b_v2,2026-04-26,,
M6B_L3_00517,3,cavitation,A,150,0.3907066583633423,2,m6b_physics_lib_v2,-1,0b_v2,2026-04-26,,
M6B_L3_00518,3,cavitation,A,150,0.47841697931289673,2,m6b_physics_lib_v2,-1,0b_v2,2026-04-26,,
M6B_L3_00519,3,cavitation,A,150,0.6934943199157715,2,m6b_physics_lib_v2,-1,0b_v2,2026-04-26,,
M6B_L3_00520,3,cavitation,A,150,0.6204114556312561,2,m6b_physics_lib_v2,-1,0b_v2,2026-04-26,,
M6B_L3_00521,3,cavitation,A,150,0.3877217173576355,2,m6b_physics_lib_v2,-1,0b_v2,2026-04-26,,
M6B_L3_00522,3,cavitation,A,150,0.5494197010993958,2,m6b_physics_lib_v2,-1,0b_v2,2026-04-26,,
M6B_L3_00523,3,cavitation,A,150,0.8336302042007446,2,m6b_physics_lib_v2,-1,0b_v2,2026-04-26,,
M6B_L3_00524,3,cavitation,A,150,0.5901975631713867,2,m6b_physics_lib_v2,-1,0b_v2,2026-04-26,,
M6B_L3_00525,3,cavitation,A,150,0.5709074139595032,2,m6b_physics_lib_v2,-1,0b_v2,2026-04-26,,
M6B_L3_00526,3,cavitation,A,150,0.9519311785697937,2,m6b_physics_lib_v2,-1,0b_v2,2026-04-26,,
M6B_L3_00527,3,cavitation,A,150,0.4775465428829193,2,m6b_physics_lib_v2,-1,0b_v2,2026-04-26,,
M6B_L3_00528,3,cavitation,A,150,0.715426504611969,2,m6b_physics_lib_v2,-1,0b_v2,2026-04-26,,
M6B_L3_00529,3,cavitation,A,150,0.5497552752494812,2,m6b_physics_lib_v2,-1,0b_v2,2026-04-26,,
M6B_L3_00530,3,cavitation,A,150,0.626423180103302,2,m6b_physics_lib_v2,-1,0b_v2,2026-04-26,,
M6B_L3_00531,3,cavitation,A,150,0.23713059723377228,2,m6b_physics_lib_v2,-1,0b_v2,2026-04-26,,
M6B_L3_00532,3,cavitation,A,150,0.7943534851074219,2,m6b_physics_lib_v2,-1,0b_v2,2026-04-26,,
M6B_L3_00533,3,cavitation,A,150,0.2242700308561325,2,m6b_physics_lib_v2,-1,0b_v2,2026-04-26,,
M6B_L3_00534,3,cavitation,A,150,0.23729422688484192,2,m6b_physics_lib_v2,-1,0b_v2,2026-04-26,,
M6B_L3_00535,3,cavitation,A,150,0.4533119797706604,2,m6b_physics_lib_v2,-1,0b_v2,2026-04-26,,
M6B_L3_00536,3,cavitation,A,150,0.8535539507865906,2,m6b_physics_lib_v2,-1,0b_v2,2026-04-26,,
M6B_L3_00537,3,cavitation,A,150,0.7717793583869934,2,m6b_physics_lib_v2,-1,0b_v2,2026-04-26,,
M6B_L3_00538,3,cavitation,A,150,0.2699218988418579,2,m6b_physics_lib_v2,-1,0b_v2,2026-04-26,,
M6B_L3_00539,3,cavitation,A,150,0.30965831875801086,2,m6b_physics_lib_v2,-1,0b_v2,2026-04-26,,
M6B_L3_00540,3,cavitation,A,150,0.2466888576745987,2,m6b_physics_lib_v2,-1,0b_v2,2026-04-26,,
M6B_L3_00541,3,cavitation,A,150,0.20371487736701965,2,m6b_physics_lib_v2,-1,0b_v2,2026-04-26,,
M6B_L3_00542,3,cavitation,A,150,0.2839260995388031,2,m6b_physics_lib_v2,-1,0b_v2,2026-04-26,,
M6B_L3_00543,3,cavitation,A,150,0.3329154849052429,2,m6b_physics_lib_v2,-1,0b_v2,2026-04-26,,
M6B_L3_00544,3,cavitation,A,150,0.6353236436843872,2,m6b_physics_lib_v2,-1,0b_v2,2026-04-26,,
M6B_L3_00545,3,cavitation,A,150,0.4143837094306946,2,m6b_physics_lib_v2,-1,0b_v2,2026-04-26,,
M6B_L3_00546,3,cavitation,A,150,0.7944473624229431,2,m6b_physics_lib_v2,-1,0b_v2,2026-04-26,,
M6B_L3_00547,3,cavitation,A,150,0.596239447593689,2,m6b_physics_lib_v2,-1,0b_v2,2026-04-26,,
M6B_L3_00548,3,cavitation,A,150,0.395259290933609,2,m6b_physics_lib_v2,-1,0b_v2,2026-04-26,,
M6B_L3_00549,3,cavitation,A,150,0.7706345915794373,2,m6b_physics_lib_v2,-1,0b_v2,2026-04-26,,
M6B_L3_00550,3,cavitation,A,150,0.3153301775455475,2,m6b_physics_lib_v2,-1,0b_v2,2026-04-26,,
M6B_L3_00551,3,cavitation,A,150,0.820216953754425,2,m6b_physics_lib_v2,-1,0b_v2,2026-04-26,,
M6B_L3_00552,3,cavitation,A,150,0.2767948508262634,2,m6b_physics_lib_v2,-1,0b_v2,2026-04-26,,
M6B_L3_00553,3,cavitation,A,150,0.6927961707115173,2,m6b_physics_lib_v2,-1,0b_v2,2026-04-26,,
M6B_L3_00554,3,cavitation,A,150,0.5228338837623596,2,m6b_physics_lib_v2,-1,0b_v2,2026-04-26,,
M6B_L3_00555,3,cavitation,A,150,0.27210479974746704,2,m6b_physics_lib_v2,-1,0b_v2,2026-04-26,,
M6B_L3_00556,3,cavitation,A,150,0.3774545192718506,2,m6b_physics_lib_v2,-1,0b_v2,2026-04-26,,
M6B_L3_00557,3,cavitation,A,150,0.8738652467727661,2,m6b_physics_lib_v2,-1,0b_v2,2026-04-26,,
M6B_L3_00558,3,cavitation,A,150,0.6982145309448242,2,m6b_physics_lib_v2,-1,0b_v2,2026-04-26,,
M6B_L3_00559,3,cavitation,A,150,0.21210287511348724,2,m6b_physics_lib_v2,-1,0b_v2,2026-04-26,,
M6B_L3_00560,3,cavitation,A,150,0.20278485119342804,2,m6b_physics_lib_v2,-1,0b_v2,2026-04-26,,
M6B_L3_00561,3,cavitation,A,150,0.8760083317756653,2,m6b_physics_lib_v2,-1,0b_v2,2026-04-26,,
M6B_L3_00562,3,cavitation,A,150,0.22382427752017975,2,m6b_physics_lib_v2,-1,0b_v2,2026-04-26,,
M6B_L3_00563,3,cavitation,A,150,0.7130714654922485,2,m6b_physics_lib_v2,-1,0b_v2,2026-04-26,,
M6B_L3_00564,3,cavitation,A,150,0.43857014179229736,2,m6b_physics_lib_v2,-1,0b_v2,2026-04-26,,
M6B_L3_00565,3,cavitation,A,150,0.6321206092834473,2,m6b_physics_lib_v2,-1,0b_v2,2026-04-26,,
M6B_L3_00566,3,cavitation,A,150,0.4047645032405853,2,m6b_physics_lib_v2,-1,0b_v2,2026-04-26,,
M6B_L3_00567,3,cavitation,A,150,0.3401685357093811,2,m6b_physics_lib_v2,-1,0b_v2,2026-04-26,,
M6B_L3_00568,3,cavitation,A,150,0.3524305820465088,2,m6b_physics_lib_v2,-1,0b_v2,2026-04-26,,
M6B_L3_00569,3,cavitation,A,150,0.34341856837272644,2,m6b_physics_lib_v2,-1,0b_v2,2026-04-26,,
M6B_L3_00570,3,cavitation,A,150,0.8836697340011597,2,m6b_physics_lib_v2,-1,0b_v2,2026-04-26,,
M6B_L3_00571,3,cavitation,A,150,0.3825798034667969,2,m6b_physics_lib_v2,-1,0b_v2,2026-04-26,,
M6B_L3_00572,3,cavitation,A,150,0.47791531682014465,2,m6b_physics_lib_v2,-1,0b_v2,2026-04-26,,
M6B_L3_00573,3,cavitation,A,150,0.896669328212738,2,m6b_physics_lib_v2,-1,0b_v2,2026-04-26,,
M6B_L3_00574,3,cavitation,A,150,0.9225786924362183,2,m6b_physics_lib_v2,-1,0b_v2,2026-04-26,,
M6B_L3_00575,3,cavitation,A,150,0.4205375015735626,2,m6b_physics_lib_v2,-1,0b_v2,2026-04-26,,
M6B_L3_00576,3,cavitation,A,150,0.2955252528190613,2,m6b_physics_lib_v2,-1,0b_v2,2026-04-26,,
M6B_L3_00577,3,cavitation,A,150,0.916593074798584,2,m6b_physics_lib_v2,-1,0b_v2,2026-04-26,,
M6B_L3_00578,3,cavitation,A,150,0.45015883445739746,2,m6b_physics_lib_v2,-1,0b_v2,2026-04-26,,
M6B_L3_00579,3,cavitation,A,150,0.7660328149795532,2,m6b_physics_lib_v2,-1,0b_v2,2026-04-26,,
M6B_L3_00580,3,cavitation,A,150,0.7945745587348938,2,m6b_physics_lib_v2,-1,0b_v2,2026-04-26,,
M6B_L3_00581,3,cavitation,A,150,0.24091829359531403,2,m6b_physics_lib_v2,-1,0b_v2,2026-04-26,,
M6B_L3_00582,3,cavitation,A,150,0.2712007462978363,2,m6b_physics_lib_v2,-1,0b_v2,2026-04-26,,
M6B_L3_00583,3,cavitation,A,150,0.9981662631034851,2,m6b_physics_lib_v2,-1,0b_v2,2026-04-26,,
M6B_L3_00584,3,cavitation,A,150,0.9379144310951233,2,m6b_physics_lib_v2,-1,0b_v2,2026-04-26,,
M6B_L3_00585,3,cavitation,A,150,0.9476583003997803,2,m6b_physics_lib_v2,-1,0b_v2,2026-04-26,,
M6B_L3_00586,3,cavitation,A,150,0.6445773243904114,2,m6b_physics_lib_v2,-1,0b_v2,2026-04-26,,
M6B_L3_00587,3,cavitation,A,150,0.5937505960464478,2,m6b_physics_lib_v2,-1,0b_v2,2026-04-26,,
M6B_L3_00588,3,cavitation,A,150,0.23269343376159668,2,m6b_physics_lib_v2,-1,0b_v2,2026-04-26,,
M6B_L3_00589,3,cavitation,A,150,0.27496153116226196,2,m6b_physics_lib_v2,-1,0b_v2,2026-04-26,,
M6B_L3_00590,3,cavitation,A,150,0.24834395945072174,2,m6b_physics_lib_v2,-1,0b_v2,2026-04-26,,
M6B_L3_00591,3,cavitation,A,150,0.2385735958814621,2,m6b_physics_lib_v2,-1,0b_v2,2026-04-26,,
M6B_L3_00592,3,cavitation,A,150,0.2861154079437256,2,m6b_physics_lib_v2,-1,0b_v2,2026-04-26,,
M6B_L3_00593,3,cavitation,A,150,0.35151296854019165,2,m6b_physics_lib_v2,-1,0b_v2,2026-04-26,,
M6B_L3_00594,3,cavitation,A,150,0.8343313932418823,2,m6b_physics_lib_v2,-1,0b_v2,2026-04-26,,
M6B_L3_00595,3,cavitation,A,150,0.5353447198867798,2,m6b_physics_lib_v2,-1,0b_v2,2026-04-26,,
M6B_L3_00596,3,cavitation,A,150,0.716058611869812,2,m6b_physics_lib_v2,-1,0b_v2,2026-04-26,,
M6B_L3_00597,3,cavitation,A,150,0.81840980052948,2,m6b_physics_lib_v2,-1,0b_v2,2026-04-26,,
M6B_L3_00598,3,cavitation,A,150,0.6038755178451538,2,m6b_physics_lib_v2,-1,0b_v2,2026-04-26,,
M6B_L3_00599,3,cavitation,A,150,0.4410797953605652,2,m6b_physics_lib_v2,-1,0b_v2,2026-04-26,,
M6B_L3_00600,3,cavitation,A,150,0.2477434128522873,2,m6b_physics_lib_v2,-1,0b_v2,2026-04-26,,
M6B_L3_00601,3,cavitation,A,150,0.7427096962928772,2,m6b_physics_lib_v2,-1,0b_v2,2026-04-26,,
M6B_L3_00602,3,cavitation,A,150,0.8641111850738525,2,m6b_physics_lib_v2,-1,0b_v2,2026-04-26,,
M6B_L3_00603,3,cavitation,A,150,0.27189669013023376,2,m6b_physics_lib_v2,-1,0b_v2,2026-04-26,,
M6B_L3_00604,3,cavitation,A,150,0.6571274399757385,2,m6b_physics_lib_v2,-1,0b_v2,2026-04-26,,
M6B_L3_00605,3,cavitation,A,150,0.4913388192653656,2,m6b_physics_lib_v2,-1,0b_v2,2026-04-26,,
M6B_L3_00606,3,cavitation,A,150,0.9625054597854614,2,m6b_physics_lib_v2,-1,0b_v2,2026-04-26,,
M6B_L3_00607,3,cavitation,A,150,0.6016443967819214,2,m6b_physics_lib_v2,-1,0b_v2,2026-04-26,,
M6B_L3_00608,3,cavitation,A,150,0.8826884031295776,2,m6b_physics_lib_v2,-1,0b_v2,2026-04-26,,
M6B_L3_00609,3,cavitation,A,150,0.4650411605834961,2,m6b_physics_lib_v2,-1,0b_v2,2026-04-26,,
M6B_L3_00610,3,cavitation,A,150,0.9399155378341675,2,m6b_physics_lib_v2,-1,0b_v2,2026-04-26,,
M6B_L3_00611,3,cavitation,A,150,0.9086608290672302,2,m6b_physics_lib_v2,-1,0b_v2,2026-04-26,,
M6B_L3_00612,3,cavitation,A,150,0.9477899670600891,2,m6b_physics_lib_v2,-1,0b_v2,2026-04-26,,
M6B_L3_00613,3,cavitation,A,150,0.4626080393791199,2,m6b_physics_lib_v2,-1,0b_v2,2026-04-26,,
M6B_L3_00614,3,cavitation,A,150,0.4434317350387573,2,m6b_physics_lib_v2,-1,0b_v2,2026-04-26,,
M6B_L3_00615,3,cavitation,A,150,0.545515775680542,2,m6b_physics_lib_v2,-1,0b_v2,2026-04-26,,
M6B_L3_00616,3,cavitation,A,150,0.6994892954826355,2,m6b_physics_lib_v2,-1,0b_v2,2026-04-26,,
M6B_L3_00617,3,cavitation,A,150,0.7755805253982544,2,m6b_physics_lib_v2,-1,0b_v2,2026-04-26,,
M6B_L3_00618,3,cavitation,A,150,0.9442135691642761,2,m6b_physics_lib_v2,-1,0b_v2,2026-04-26,,
M6B_L3_00619,3,cavitation,A,150,0.7153588533401489,2,m6b_physics_lib_v2,-1,0b_v2,2026-04-26,,
M6B_L3_00620,3,cavitation,A,150,0.6155059337615967,2,m6b_physics_lib_v2,-1,0b_v2,2026-04-26,,
M6B_L3_00621,3,cavitation,A,150,0.7084376811981201,2,m6b_physics_lib_v2,-1,0b_v2,2026-04-26,,
M6B_L3_00622,3,cavitation,A,150,0.43025070428848267,2,m6b_physics_lib_v2,-1,0b_v2,2026-04-26,,
M6B_L3_00623,3,cavitation,A,150,0.9068622589111328,2,m6b_physics_lib_v2,-1,0b_v2,2026-04-26,,
M6B_L3_00624,3,cavitation,A,150,0.8166760802268982,2,m6b_physics_lib_v2,-1,0b_v2,2026-04-26,,
M6B_L3_00625,3,cavitation,A,150,0.9199187159538269,2,m6b_physics_lib_v2,-1,0b_v2,2026-04-26,,
M6B_L3_00626,3,cavitation,A,150,0.7872304916381836,2,m6b_physics_lib_v2,-1,0b_v2,2026-04-26,,
M6B_L3_00627,3,cavitation,A,150,0.7370834350585938,2,m6b_physics_lib_v2,-1,0b_v2,2026-04-26,,
M6B_L3_00628,3,cavitation,A,150,0.6543088555335999,2,m6b_physics_lib_v2,-1,0b_v2,2026-04-26,,
M6B_L3_00629,3,cavitation,A,150,0.7338424324989319,2,m6b_physics_lib_v2,-1,0b_v2,2026-04-26,,
M6B_L3_00630,3,cavitation,A,150,0.900799572467804,2,m6b_physics_lib_v2,-1,0b_v2,2026-04-26,,
M6B_L3_00631,3,cavitation,A,150,0.5509435534477234,2,m6b_physics_lib_v2,-1,0b_v2,2026-04-26,,
M6B_L3_00632,3,cavitation,A,150,0.623026967048645,2,m6b_physics_lib_v2,-1,0b_v2,2026-04-26,,
M6B_L3_00633,3,cavitation,A,150,0.4071561396121979,2,m6b_physics_lib_v2,-1,0b_v2,2026-04-26,,
M6B_L3_00634,3,cavitation,A,150,0.8841256499290466,2,m6b_physics_lib_v2,-1,0b_v2,2026-04-26,,
M6B_L3_00635,3,cavitation,A,150,0.45861420035362244,2,m6b_physics_lib_v2,-1,0b_v2,2026-04-26,,
M6B_L3_00636,3,cavitation,A,150,0.9480568170547485,2,m6b_physics_lib_v2,-1,0b_v2,2026-04-26,,
M6B_L3_00637,3,cavitation,A,150,0.24933449923992157,2,m6b_physics_lib_v2,-1,0b_v2,2026-04-26,,
M6B_L3_00638,3,cavitation,A,150,0.5325238108634949,2,m6b_physics_lib_v2,-1,0b_v2,2026-04-26,,
M6B_L3_00639,3,cavitation,A,150,0.30440449714660645,2,m6b_physics_lib_v2,-1,0b_v2,2026-04-26,,
M6B_L3_00640,3,cavitation,A,150,0.8604209423065186,2,m6b_physics_lib_v2,-1,0b_v2,2026-04-26,,
M6B_L3_00641,3,cavitation,A,150,0.31794747710227966,2,m6b_physics_lib_v2,-1,0b_v2,2026-04-26,,
M6B_L3_00642,3,cavitation,A,150,0.4271484911441803,2,m6b_physics_lib_v2,-1,0b_v2,2026-04-26,,
M6B_L3_00643,3,cavitation,A,150,0.7419876456260681,2,m6b_physics_lib_v2,-1,0b_v2,2026-04-26,,
M6B_L3_00644,3,cavitation,A,150,0.3632141351699829,2,m6b_physics_lib_v2,-1,0b_v2,2026-04-26,,
M6B_L3_00645,3,cavitation,A,150,0.6798382997512817,2,m6b_physics_lib_v2,-1,0b_v2,2026-04-26,,
M6B_L3_00646,3,cavitation,A,150,0.8154962062835693,2,m6b_physics_lib_v2,-1,0b_v2,2026-04-26,,
M6B_L3_00647,3,cavitation,A,150,0.31111472845077515,2,m6b_physics_lib_v2,-1,0b_v2,2026-04-26,,
M6B_L3_00648,3,cavitation,A,150,0.9543706178665161,2,m6b_physics_lib_v2,-1,0b_v2,2026-04-26,,
M6B_L3_00649,3,cavitation,A,150,0.895656406879425,2,m6b_physics_lib_v2,-1,0b_v2,2026-04-26,,
M6B_L3_00650,3,cavitation,A,150,0.9852705001831055,2,m6b_physics_lib_v2,-1,0b_v2,2026-04-26,,
M6B_L3_00651,3,cavitation,A,150,0.36552244424819946,2,m6b_physics_lib_v2,-1,0b_v2,2026-04-26,,
M6B_L3_00652,3,cavitation,A,150,0.6655975580215454,2,m6b_physics_lib_v2,-1,0b_v2,2026-04-26,,
M6B_L3_00653,3,cavitation,A,150,0.3613620400428772,2,m6b_physics_lib_v2,-1,0b_v2,2026-04-26,,
M6B_L3_00654,3,cavitation,A,150,0.30725884437561035,2,m6b_physics_lib_v2,-1,0b_v2,2026-04-26,,
M6B_L3_00655,3,cavitation,A,150,0.5434911251068115,2,m6b_physics_lib_v2,-1,0b_v2,2026-04-26,,
M6B_L3_00656,3,cavitation,A,150,0.9627499580383301,2,m6b_physics_lib_v2,-1,0b_v2,2026-04-26,,
M6B_L3_00657,3,cavitation,A,150,0.7276624441146851,2,m6b_physics_lib_v2,-1,0b_v2,2026-04-26,,
M6B_L3_00658,3,cavitation,A,150,0.44408226013183594,2,m6b_physics_lib_v2,-1,0b_v2,2026-04-26,,
M6B_L3_00659,3,cavitation,A,150,0.30972573161125183,2,m6b_physics_lib_v2,-1,0b_v2,2026-04-26,,
M6B_L3_00660,3,cavitation,A,150,0.8909444212913513,2,m6b_physics_lib_v2,-1,0b_v2,2026-04-26,,
M6B_L3_00661,3,cavitation,A,150,0.7760586142539978,2,m6b_physics_lib_v2,-1,0b_v2,2026-04-26,,
M6B_L3_00662,3,cavitation,A,150,0.8927574157714844,2,m6b_physics_lib_v2,-1,0b_v2,2026-04-26,,
M6B_L3_00663,3,cavitation,A,150,0.7056121230125427,2,m6b_physics_lib_v2,-1,0b_v2,2026-04-26,,
M6B_L3_00664,3,cavitation,A,150,0.4897317886352539,2,m6b_physics_lib_v2,-1,0b_v2,2026-04-26,,
M6B_L3_00665,3,cavitation,A,150,0.31904399394989014,2,m6b_physics_lib_v2,-1,0b_v2,2026-04-26,,
M6B_L3_00666,3,cavitation,A,150,0.38918787240982056,2,m6b_physics_lib_v2,-1,0b_v2,2026-04-26,,
M6B_L3_00667,3,cavitation,A,150,0.27762511372566223,2,m6b_physics_lib_v2,-1,0b_v2,2026-04-26,,
M6B_L3_00668,3,cavitation,A,150,0.44349369406700134,2,m6b_physics_lib_v2,-1,0b_v2,2026-04-26,,
M6B_L3_00669,3,cavitation,A,150,0.359031081199646,2,m6b_physics_lib_v2,-1,0b_v2,2026-04-26,,
M6B_L3_00670,3,cavitation,A,150,0.277896523475647,2,m6b_physics_lib_v2,-1,0b_v2,2026-04-26,,
M6B_L3_00671,3,cavitation,A,150,0.9171541333198547,2,m6b_physics_lib_v2,-1,0b_v2,2026-04-26,,
M6B_L3_00672,3,cavitation,A,150,0.9630753993988037,2,m6b_physics_lib_v2,-1,0b_v2,2026-04-26,,
M6B_L3_00673,3,cavitation,A,150,0.46254274249076843,2,m6b_physics_lib_v2,-1,0b_v2,2026-04-26,,
M6B_L3_00674,3,cavitation,A,150,0.8444628715515137,2,m6b_physics_lib_v2,-1,0b_v2,2026-04-26,,
M6B_L3_00675,3,cavitation,A,150,0.6174852252006531,2,m6b_physics_lib_v2,-1,0b_v2,2026-04-26,,
M6B_L3_00676,3,cavitation,A,150,0.8487362861633301,2,m6b_physics_lib_v2,-1,0b_v2,2026-04-26,,
M6B_L3_00677,3,cavitation,A,150,0.8073761463165283,2,m6b_physics_lib_v2,-1,0b_v2,2026-04-26,,
M6B_L3_00678,3,cavitation,A,150,0.4290885627269745,2,m6b_physics_lib_v2,-1,0b_v2,2026-04-26,,
M6B_L3_00679,3,cavitation,A,150,0.6234566569328308,2,m6b_physics_lib_v2,-1,0b_v2,2026-04-26,,
M6B_L3_00680,3,cavitation,A,150,0.25367939472198486,2,m6b_physics_lib_v2,-1,0b_v2,2026-04-26,,
M6B_L3_00681,3,cavitation,A,150,0.5150358080863953,2,m6b_physics_lib_v2,-1,0b_v2,2026-04-26,,
M6B_L3_00682,3,cavitation,A,150,0.6904997229576111,2,m6b_physics_lib_v2,-1,0b_v2,2026-04-26,,
M6B_L3_00683,3,cavitation,A,150,0.4612077474594116,2,m6b_physics_lib_v2,-1,0b_v2,2026-04-26,,
M6B_L3_00684,3,cavitation,A,150,0.6185480952262878,2,m6b_physics_lib_v2,-1,0b_v2,2026-04-26,,
M6B_L3_00685,3,cavitation,A,150,0.40456312894821167,2,m6b_physics_lib_v2,-1,0b_v2,2026-04-26,,
M6B_L3_00686,3,cavitation,A,150,0.9190909266471863,2,m6b_physics_lib_v2,-1,0b_v2,2026-04-26,,
M6B_L3_00687,3,cavitation,A,150,0.4899267852306366,2,m6b_physics_lib_v2,-1,0b_v2,2026-04-26,,
M6B_L3_00688,3,cavitation,A,150,0.807320237159729,2,m6b_physics_lib_v2,-1,0b_v2,2026-04-26,,
M6B_L3_00689,3,cavitation,A,150,0.20957334339618683,2,m6b_physics_lib_v2,-1,0b_v2,2026-04-26,,
M6B_L3_00690,3,cavitation,A,150,0.6611301302909851,2,m6b_physics_lib_v2,-1,0b_v2,2026-04-26,,
M6B_L3_00691,3,cavitation,A,150,0.5142833590507507,2,m6b_physics_lib_v2,-1,0b_v2,2026-04-26,,
M6B_L3_00692,3,cavitation,A,150,0.6380448341369629,2,m6b_physics_lib_v2,-1,0b_v2,2026-04-26,,
M6B_L3_00693,3,cavitation,A,150,0.22606171667575836,2,m6b_physics_lib_v2,-1,0b_v2,2026-04-26,,
M6B_L3_00694,3,cavitation,A,150,0.7001519203186035,2,m6b_physics_lib_v2,-1,0b_v2,2026-04-26,,
M6B_L3_00695,3,cavitation,A,150,0.9771549105644226,2,m6b_physics_lib_v2,-1,0b_v2,2026-04-26,,
M6B_L3_00696,3,cavitation,A,150,0.68491530418396,2,m6b_physics_lib_v2,-1,0b_v2,2026-04-26,,
M6B_L3_00697,3,cavitation,A,150,0.5627598762512207,2,m6b_physics_lib_v2,-1,0b_v2,2026-04-26,,
M6B_L3_00698,3,cavitation,A,150,0.33455130457878113,2,m6b_physics_lib_v2,-1,0b_v2,2026-04-26,,
M6B_L3_00699,3,cavitation,A,150,0.8569799065589905,2,m6b_physics_lib_v2,-1,0b_v2,2026-04-26,,
M6B_L3_00700,3,cavitation,A,150,0.8787642121315002,2,m6b_physics_lib_v2,-1,0b_v2,2026-04-26,,
M6B_L3_00701,3,cavitation,A,150,0.6523144841194153,2,m6b_physics_lib_v2,-1,0b_v2,2026-04-26,,
M6B_L3_00702,3,cavitation,A,150,0.34849655628204346,2,m6b_physics_lib_v2,-1,0b_v2,2026-04-26,,
M6B_L3_00703,3,cavitation,A,150,0.915482223033905,2,m6b_physics_lib_v2,-1,0b_v2,2026-04-26,,
M6B_L3_00704,3,cavitation,A,150,0.6435146927833557,2,m6b_physics_lib_v2,-1,0b_v2,2026-04-26,,
M6B_L3_00705,3,cavitation,A,150,0.5876877307891846,2,m6b_physics_lib_v2,-1,0b_v2,2026-04-26,,
M6B_L3_00706,3,cavitation,A,150,0.9738472700119019,2,m6b_physics_lib_v2,-1,0b_v2,2026-04-26,,
M6B_L3_00707,3,cavitation,A,150,0.8037440776824951,2,m6b_physics_lib_v2,-1,0b_v2,2026-04-26,,
M6B_L3_00708,3,cavitation,A,150,0.6941621899604797,2,m6b_physics_lib_v2,-1,0b_v2,2026-04-26,,
M6B_L3_00709,3,cavitation,A,150,0.252255380153656,2,m6b_physics_lib_v2,-1,0b_v2,2026-04-26,,
M6B_L3_00710,3,cavitation,A,150,0.7108868956565857,2,m6b_physics_lib_v2,-1,0b_v2,2026-04-26,,
M6B_L3_00711,3,cavitation,A,150,0.21960574388504028,2,m6b_physics_lib_v2,-1,0b_v2,2026-04-26,,
M6B_L3_00712,3,cavitation,A,150,0.30306681990623474,2,m6b_physics_lib_v2,-1,0b_v2,2026-04-26,,
M6B_L3_00713,3,cavitation,A,150,0.22556576132774353,2,m6b_physics_lib_v2,-1,0b_v2,2026-04-26,,
M6B_L3_00714,3,cavitation,A,150,0.38907432556152344,2,m6b_physics_lib_v2,-1,0b_v2,2026-04-26,,
M6B_L3_00715,3,cavitation,A,150,0.5584920048713684,2,m6b_physics_lib_v2,-1,0b_v2,2026-04-26,,
M6B_L3_00716,3,cavitation,A,150,0.8439027070999146,2,m6b_physics_lib_v2,-1,0b_v2,2026-04-26,,
M6B_L3_00717,3,cavitation,A,150,0.3712550103664398,2,m6b_physics_lib_v2,-1,0b_v2,2026-04-26,,
M6B_L3_00718,3,cavitation,A,150,0.9953153729438782,2,m6b_physics_lib_v2,-1,0b_v2,2026-04-26,,
M6B_L3_00719,3,cavitation,A,150,0.47380387783050537,2,m6b_physics_lib_v2,-1,0b_v2,2026-04-26,,
M6B_L3_00720,3,cavitation,A,150,0.3452090322971344,2,m6b_physics_lib_v2,-1,0b_v2,2026-04-26,,
M6B_L3_00721,3,cavitation,A,150,0.9765594601631165,2,m6b_physics_lib_v2,-1,0b_v2,2026-04-26,,
M6B_L3_00722,3,cavitation,A,150,0.5843850374221802,2,m6b_physics_lib_v2,-1,0b_v2,2026-04-26,,
M6B_L3_00723,3,cavitation,A,150,0.4191175103187561,2,m6b_physics_lib_v2,-1,0b_v2,2026-04-26,,
M6B_L3_00724,3,cavitation,A,150,0.7161833643913269,2,m6b_physics_lib_v2,-1,0b_v2,2026-04-26,,
M6B_L3_00725,3,cavitation,A,150,0.6961944103240967,2,m6b_physics_lib_v2,-1,0b_v2,2026-04-26,,
M6B_L3_00726,3,cavitation,A,150,0.6378931403160095,2,m6b_physics_lib_v2,-1,0b_v2,2026-04-26,,
M6B_L3_00727,3,cavitation,A,150,0.603901743888855,2,m6b_physics_lib_v2,-1,0b_v2,2026-04-26,,
M6B_L3_00728,3,cavitation,A,150,0.738797128200531,2,m6b_physics_lib_v2,-1,0b_v2,2026-04-26,,
M6B_L3_00729,3,cavitation,A,150,0.5813260674476624,2,m6b_physics_lib_v2,-1,0b_v2,2026-04-26,,
M6B_L3_00730,3,cavitation,A,150,0.9008036255836487,2,m6b_physics_lib_v2,-1,0b_v2,2026-04-26,,
M6B_L3_00731,3,cavitation,A,150,0.6689420938491821,2,m6b_physics_lib_v2,-1,0b_v2,2026-04-26,,
M6B_L3_00732,3,cavitation,A,150,0.50056391954422,2,m6b_physics_lib_v2,-1,0b_v2,2026-04-26,,
M6B_L3_00733,3,cavitation,A,150,0.36074119806289673,2,m6b_physics_lib_v2,-1,0b_v2,2026-04-26,,
M6B_L3_00734,3,cavitation,A,150,0.47367143630981445,2,m6b_physics_lib_v2,-1,0b_v2,2026-04-26,,
M6B_L3_00735,3,cavitation,A,150,0.3702588677406311,2,m6b_physics_lib_v2,-1,0b_v2,2026-04-26,,
M6B_L3_00736,3,cavitation,A,150,0.43804842233657837,2,m6b_physics_lib_v2,-1,0b_v2,2026-04-26,,
M6B_L3_00737,3,cavitation,A,150,0.5586428046226501,2,m6b_physics_lib_v2,-1,0b_v2,2026-04-26,,
M6B_L3_00738,3,cavitation,A,150,0.5247775912284851,2,m6b_physics_lib_v2,-1,0b_v2,2026-04-26,,
M6B_L3_00739,3,cavitation,A,150,0.3160388171672821,2,m6b_physics_lib_v2,-1,0b_v2,2026-04-26,,
M6B_L3_00740,3,cavitation,A,150,0.5196999311447144,2,m6b_physics_lib_v2,-1,0b_v2,2026-04-26,,
M6B_L3_00741,3,cavitation,A,150,0.4503033459186554,2,m6b_physics_lib_v2,-1,0b_v2,2026-04-26,,
M6B_L3_00742,3,cavitation,A,150,0.5063707232475281,2,m6b_physics_lib_v2,-1,0b_v2,2026-04-26,,
M6B_L3_00743,3,cavitation,A,150,0.8640356063842773,2,m6b_physics_lib_v2,-1,0b_v2,2026-04-26,,
M6B_L3_00744,3,cavitation,A,150,0.5590314865112305,2,m6b_physics_lib_v2,-1,0b_v2,2026-04-26,,
M6B_L3_00745,3,cavitation,A,150,0.909521222114563,2,m6b_physics_lib_v2,-1,0b_v2,2026-04-26,,
M6B_L3_00746,3,cavitation,A,150,0.5797880291938782,2,m6b_physics_lib_v2,-1,0b_v2,2026-04-26,,
M6B_L3_00747,3,cavitation,A,150,0.9039865136146545,2,m6b_physics_lib_v2,-1,0b_v2,2026-04-26,,
M6B_L3_00748,3,cavitation,A,150,0.8997368216514587,2,m6b_physics_lib_v2,-1,0b_v2,2026-04-26,,
M6B_L3_00749,3,cavitation,A,150,0.23864281177520752,2,m6b_physics_lib_v2,-1,0b_v2,2026-04-26,,
M6B_L3_00750,3,cavitation,A,150,0.3119233548641205,2,m6b_physics_lib_v2,-1,0b_v2,2026-04-26,,
M6B_L3_00751,3,cavitation,A,150,0.21848849952220917,2,m6b_physics_lib_v2,-1,0b_v2,2026-04-26,,
M6B_L3_00752,3,cavitation,A,150,0.5484247207641602,2,m6b_physics_lib_v2,-1,0b_v2,2026-04-26,,
M6B_L3_00753,3,cavitation,A,150,0.4512854516506195,2,m6b_physics_lib_v2,-1,0b_v2,2026-04-26,,
M6B_L3_00754,3,cavitation,A,150,0.20161673426628113,2,m6b_physics_lib_v2,-1,0b_v2,2026-04-26,,
M6B_L3_00755,3,cavitation,A,150,0.5877282023429871,2,m6b_physics_lib_v2,-1,0b_v2,2026-04-26,,
M6B_L3_00756,3,cavitation,A,150,0.9574099183082581,2,m6b_physics_lib_v2,-1,0b_v2,2026-04-26,,
M6B_L3_00757,3,cavitation,A,150,0.5770611763000488,2,m6b_physics_lib_v2,-1,0b_v2,2026-04-26,,
M6B_L3_00758,3,cavitation,A,150,0.4253421425819397,2,m6b_physics_lib_v2,-1,0b_v2,2026-04-26,,
M6B_L3_00759,3,cavitation,A,150,0.8182733654975891,2,m6b_physics_lib_v2,-1,0b_v2,2026-04-26,,
M6B_L3_00760,3,cavitation,A,150,0.4845307469367981,2,m6b_physics_lib_v2,-1,0b_v2,2026-04-26,,
M6B_L3_00761,3,cavitation,A,150,0.47332412004470825,2,m6b_physics_lib_v2,-1,0b_v2,2026-04-26,,
M6B_L3_00762,3,cavitation,A,150,0.5430599451065063,2,m6b_physics_lib_v2,-1,0b_v2,2026-04-26,,
M6B_L3_00763,3,cavitation,A,150,0.9785924553871155,2,m6b_physics_lib_v2,-1,0b_v2,2026-04-26,,
M6B_L3_00764,3,cavitation,A,150,0.36491653323173523,2,m6b_physics_lib_v2,-1,0b_v2,2026-04-26,,
M6B_L3_00765,3,cavitation,A,150,0.3327568471431732,2,m6b_physics_lib_v2,-1,0b_v2,2026-04-26,,
M6B_L3_00766,3,cavitation,A,150,0.9596363306045532,2,m6b_physics_lib_v2,-1,0b_v2,2026-04-26,,
M6B_L3_00767,3,cavitation,A,150,0.3662993013858795,2,m6b_physics_lib_v2,-1,0b_v2,2026-04-26,,
M6B_L3_00768,3,cavitation,A,150,0.20499099791049957,2,m6b_physics_lib_v2,-1,0b_v2,2026-04-26,,
M6B_L3_00769,3,cavitation,A,150,0.668055534362793,2,m6b_physics_lib_v2,-1,0b_v2,2026-04-26,,
M6B_L3_00770,3,cavitation,A,150,0.4948205053806305,2,m6b_physics_lib_v2,-1,0b_v2,2026-04-26,,
M6B_L3_00771,3,cavitation,A,150,0.6831954121589661,2,m6b_physics_lib_v2,-1,0b_v2,2026-04-26,,
M6B_L3_00772,3,cavitation,A,150,0.9982172846794128,2,m6b_physics_lib_v2,-1,0b_v2,2026-04-26,,
M6B_L3_00773,3,cavitation,A,150,0.2808470129966736,2,m6b_physics_lib_v2,-1,0b_v2,2026-04-26,,
M6B_L3_00774,3,cavitation,A,150,0.6797701716423035,2,m6b_physics_lib_v2,-1,0b_v2,2026-04-26,,
M6B_L3_00775,3,cavitation,A,150,0.6178880333900452,2,m6b_physics_lib_v2,-1,0b_v2,2026-04-26,,
M6B_L3_00776,3,cavitation,A,150,0.48466336727142334,2,m6b_physics_lib_v2,-1,0b_v2,2026-04-26,,
M6B_L3_00777,3,cavitation,A,150,0.254649817943573,2,m6b_physics_lib_v2,-1,0b_v2,2026-04-26,,
M6B_L3_00778,3,cavitation,A,150,0.567433774471283,2,m6b_physics_lib_v2,-1,0b_v2,2026-04-26,,
M6B_L3_00779,3,cavitation,A,150,0.26374831795692444,2,m6b_physics_lib_v2,-1,0b_v2,2026-04-26,,
M6B_L3_00780,3,cavitation,A,150,0.24772390723228455,2,m6b_physics_lib_v2,-1,0b_v2,2026-04-26,,
M6B_L3_00781,3,cavitation,A,150,0.4642177224159241,2,m6b_physics_lib_v2,-1,0b_v2,2026-04-26,,
M6B_L3_00782,3,cavitation,A,150,0.8437421917915344,2,m6b_physics_lib_v2,-1,0b_v2,2026-04-26,,
M6B_L3_00783,3,cavitation,A,150,0.8682454228401184,2,m6b_physics_lib_v2,-1,0b_v2,2026-04-26,,
M6B_L3_00784,3,cavitation,A,150,0.40950435400009155,2,m6b_physics_lib_v2,-1,0b_v2,2026-04-26,,
M6B_L3_00785,3,cavitation,A,150,0.9752737879753113,2,m6b_physics_lib_v2,-1,0b_v2,2026-04-26,,
M6B_L3_00786,3,cavitation,A,150,0.44223299622535706,2,m6b_physics_lib_v2,-1,0b_v2,2026-04-26,,
M6B_L3_00787,3,cavitation,A,150,0.8418881297111511,2,m6b_physics_lib_v2,-1,0b_v2,2026-04-26,,
M6B_L3_00788,3,cavitation,A,150,0.789690375328064,2,m6b_physics_lib_v2,-1,0b_v2,2026-04-26,,
M6B_L3_00789,3,cavitation,A,150,0.7060179710388184,2,m6b_physics_lib_v2,-1,0b_v2,2026-04-26,,
M6B_L3_00790,3,cavitation,A,150,0.5599867105484009,2,m6b_physics_lib_v2,-1,0b_v2,2026-04-26,,
M6B_L3_00791,3,cavitation,A,150,0.6511995792388916,2,m6b_physics_lib_v2,-1,0b_v2,2026-04-26,,
M6B_L3_00792,3,cavitation,A,150,0.3274366855621338,2,m6b_physics_lib_v2,-1,0b_v2,2026-04-26,,
M6B_L3_00793,3,cavitation,A,150,0.2796463966369629,2,m6b_physics_lib_v2,-1,0b_v2,2026-04-26,,
M6B_L3_00794,3,cavitation,A,150,0.43666937947273254,2,m6b_physics_lib_v2,-1,0b_v2,2026-04-26,,
M6B_L3_00795,3,cavitation,A,150,0.8792439103126526,2,m6b_physics_lib_v2,-1,0b_v2,2026-04-26,,
M6B_L3_00796,3,cavitation,A,150,0.9261336922645569,2,m6b_physics_lib_v2,-1,0b_v2,2026-04-26,,
M6B_L3_00797,3,cavitation,A,150,0.4999707341194153,2,m6b_physics_lib_v2,-1,0b_v2,2026-04-26,,
M6B_L3_00798,3,cavitation,A,150,0.8540909886360168,2,m6b_physics_lib_v2,-1,0b_v2,2026-04-26,,
M6B_L3_00799,3,cavitation,A,150,0.6215918660163879,2,m6b_physics_lib_v2,-1,0b_v2,2026-04-26,,
M6B_L3_00800,3,cavitation,A,150,0.3203154504299164,2,m6b_physics_lib_v2,-1,0b_v2,2026-04-26,,
M6B_L3_00801,3,cavitation,A,150,0.434619665145874,2,m6b_physics_lib_v2,-1,0b_v2,2026-04-26,,
M6B_L3_00802,3,cavitation,A,150,0.5590364933013916,2,m6b_physics_lib_v2,-1,0b_v2,2026-04-26,,
M6B_L3_00803,3,cavitation,A,150,0.3499738872051239,2,m6b_physics_lib_v2,-1,0b_v2,2026-04-26,,
M6B_L3_00804,3,cavitation,A,150,0.7039252519607544,2,m6b_physics_lib_v2,-1,0b_v2,2026-04-26,,
M6B_L3_00805,3,cavitation,A,150,0.9792651534080505,2,m6b_physics_lib_v2,-1,0b_v2,2026-04-26,,
M6B_L3_00806,3,cavitation,A,150,0.63381028175354,2,m6b_physics_lib_v2,-1,0b_v2,2026-04-26,,
M6B_L3_00807,3,cavitation,A,150,0.653628408908844,2,m6b_physics_lib_v2,-1,0b_v2,2026-04-26,,
M6B_L3_00808,3,cavitation,A,150,0.3536984920501709,2,m6b_physics_lib_v2,-1,0b_v2,2026-04-26,,
M6B_L3_00809,3,cavitation,A,150,0.8881812691688538,2,m6b_physics_lib_v2,-1,0b_v2,2026-04-26,,
M6B_L3_00810,3,cavitation,A,150,0.39763790369033813,2,m6b_physics_lib_v2,-1,0b_v2,2026-04-26,,
M6B_L3_00811,3,cavitation,A,150,0.7499409914016724,2,m6b_physics_lib_v2,-1,0b_v2,2026-04-26,,
M6B_L3_00812,3,cavitation,A,150,0.28062379360198975,2,m6b_physics_lib_v2,-1,0b_v2,2026-04-26,,
M6B_L3_00813,3,cavitation,A,150,0.9013389348983765,2,m6b_physics_lib_v2,-1,0b_v2,2026-04-26,,
M6B_L3_00814,3,cavitation,A,150,0.5433294773101807,2,m6b_physics_lib_v2,-1,0b_v2,2026-04-26,,
M6B_L3_00815,3,cavitation,A,150,0.29504990577697754,2,m6b_physics_lib_v2,-1,0b_v2,2026-04-26,,
M6B_L3_00816,3,cavitation,A,150,0.4511494040489197,2,m6b_physics_lib_v2,-1,0b_v2,2026-04-26,,
M6B_L3_00817,3,cavitation,A,150,0.9051031470298767,2,m6b_physics_lib_v2,-1,0b_v2,2026-04-26,,
M6B_L3_00818,3,cavitation,A,150,0.8998022675514221,2,m6b_physics_lib_v2,-1,0b_v2,2026-04-26,,
M6B_L3_00819,3,cavitation,A,150,0.8530933856964111,2,m6b_physics_lib_v2,-1,0b_v2,2026-04-26,,
M6B_L3_00820,3,cavitation,A,150,0.7963386178016663,2,m6b_physics_lib_v2,-1,0b_v2,2026-04-26,,
M6B_L3_00821,3,cavitation,A,150,0.4053718149662018,2,m6b_physics_lib_v2,-1,0b_v2,2026-04-26,,
M6B_L3_00822,3,cavitation,A,150,0.4949711561203003,2,m6b_physics_lib_v2,-1,0b_v2,2026-04-26,,
M6B_L3_00823,3,cavitation,A,150,0.9259582161903381,2,m6b_physics_lib_v2,-1,0b_v2,2026-04-26,,
M6B_L3_00824,3,cavitation,A,150,0.8969444036483765,2,m6b_physics_lib_v2,-1,0b_v2,2026-04-26,,
M6B_L3_00825,3,cavitation,A,150,0.5184659957885742,2,m6b_physics_lib_v2,-1,0b_v2,2026-04-26,,
M6B_L3_00826,3,cavitation,A,150,0.7189474701881409,2,m6b_physics_lib_v2,-1,0b_v2,2026-04-26,,
M6B_L3_00827,3,cavitation,A,150,0.48783281445503235,2,m6b_physics_lib_v2,-1,0b_v2,2026-04-26,,
M6B_L3_00828,3,cavitation,A,150,0.21446490287780762,2,m6b_physics_lib_v2,-1,0b_v2,2026-04-26,,
M6B_L3_00829,3,cavitation,A,150,0.9342688322067261,2,m6b_physics_lib_v2,-1,0b_v2,2026-04-26,,
M6B_L3_00830,3,cavitation,A,150,0.27080318331718445,2,m6b_physics_lib_v2,-1,0b_v2,2026-04-26,,
M6B_L3_00831,3,cavitation,A,150,0.6536121368408203,2,m6b_physics_lib_v2,-1,0b_v2,2026-04-26,,
M6B_L3_00832,3,cavitation,A,150,0.6017445921897888,2,m6b_physics_lib_v2,-1,0b_v2,2026-04-26,,
M6B_L3_00833,3,cavitation,A,150,0.2881929576396942,2,m6b_physics_lib_v2,-1,0b_v2,2026-04-26,,
M6B_L3_00834,3,cavitation,A,150,0.24394290149211884,2,m6b_physics_lib_v2,-1,0b_v2,2026-04-26,,
M6B_L3_00835,3,cavitation,A,150,0.23902712762355804,2,m6b_physics_lib_v2,-1,0b_v2,2026-04-26,,
M6B_L3_00836,3,cavitation,A,150,0.5361983776092529,2,m6b_physics_lib_v2,-1,0b_v2,2026-04-26,,
M6B_L3_00837,3,cavitation,A,150,0.5220082402229309,2,m6b_physics_lib_v2,-1,0b_v2,2026-04-26,,
M6B_L3_00838,3,cavitation,A,150,0.6581445932388306,2,m6b_physics_lib_v2,-1,0b_v2,2026-04-26,,
M6B_L3_00839,3,cavitation,A,150,0.3458038568496704,2,m6b_physics_lib_v2,-1,0b_v2,2026-04-26,,
M6B_L3_00840,3,cavitation,A,150,0.5800730586051941,2,m6b_physics_lib_v2,-1,0b_v2,2026-04-26,,
M6B_L3_00841,3,cavitation,A,150,0.7697474956512451,2,m6b_physics_lib_v2,-1,0b_v2,2026-04-26,,
M6B_L3_00842,3,cavitation,A,150,0.460306316614151,2,m6b_physics_lib_v2,-1,0b_v2,2026-04-26,,
M6B_L3_00843,3,cavitation,A,150,0.49171915650367737,2,m6b_physics_lib_v2,-1,0b_v2,2026-04-26,,
M6B_L3_00844,3,cavitation,A,150,0.8423788547515869,2,m6b_physics_lib_v2,-1,0b_v2,2026-04-26,,
M6B_L3_00845,3,cavitation,A,150,0.3494807779788971,2,m6b_physics_lib_v2,-1,0b_v2,2026-04-26,,
M6B_L3_00846,3,cavitation,A,150,0.7257295250892639,2,m6b_physics_lib_v2,-1,0b_v2,2026-04-26,,
M6B_L3_00847,3,cavitation,A,150,0.27628952264785767,2,m6b_physics_lib_v2,-1,0b_v2,2026-04-26,,
M6B_L3_00848,3,cavitation,A,150,0.41051656007766724,2,m6b_physics_lib_v2,-1,0b_v2,2026-04-26,,
M6B_L3_00849,3,cavitation,A,150,0.8661489486694336,2,m6b_physics_lib_v2,-1,0b_v2,2026-04-26,,
M6B_L3_00850,3,cavitation,A,150,0.7408959865570068,2,m6b_physics_lib_v2,-1,0b_v2,2026-04-26,,
M6B_L3_00851,3,cavitation,A,150,0.34813132882118225,2,m6b_physics_lib_v2,-1,0b_v2,2026-04-26,,
M6B_L3_00852,3,cavitation,A,150,0.5122811794281006,2,m6b_physics_lib_v2,-1,0b_v2,2026-04-26,,
M6B_L3_00853,3,cavitation,A,150,0.9760772585868835,2,m6b_physics_lib_v2,-1,0b_v2,2026-04-26,,
M6B_L3_00854,3,cavitation,A,150,0.9317575693130493,2,m6b_physics_lib_v2,-1,0b_v2,2026-04-26,,
M6B_L3_00855,3,cavitation,A,150,0.8083295226097107,2,m6b_physics_lib_v2,-1,0b_v2,2026-04-26,,
M6B_L3_00856,3,cavitation,A,150,0.8903745412826538,2,m6b_physics_lib_v2,-1,0b_v2,2026-04-26,,
M6B_L3_00857,3,cavitation,A,150,0.23975913226604462,2,m6b_physics_lib_v2,-1,0b_v2,2026-04-26,,
M6B_L3_00858,3,cavitation,A,150,0.6759167313575745,2,m6b_physics_lib_v2,-1,0b_v2,2026-04-26,,
M6B_L3_00859,3,cavitation,A,150,0.29093942046165466,2,m6b_physics_lib_v2,-1,0b_v2,2026-04-26,,
M6B_L3_00860,3,cavitation,A,150,0.2928198277950287,2,m6b_physics_lib_v2,-1,0b_v2,2026-04-26,,
M6B_L3_00861,3,cavitation,A,150,0.5233641266822815,2,m6b_physics_lib_v2,-1,0b_v2,2026-04-26,,
M6B_L3_00862,3,cavitation,A,150,0.4804929196834564,2,m6b_physics_lib_v2,-1,0b_v2,2026-04-26,,
M6B_L3_00863,3,cavitation,A,150,0.2780994176864624,2,m6b_physics_lib_v2,-1,0b_v2,2026-04-26,,
M6B_L3_00864,3,cavitation,A,150,0.29265305399894714,2,m6b_physics_lib_v2,-1,0b_v2,2026-04-26,,
M6B_L3_00865,3,cavitation,A,150,0.7713115215301514,2,m6b_physics_lib_v2,-1,0b_v2,2026-04-26,,
M6B_L3_00866,3,cavitation,A,150,0.9061765670776367,2,m6b_physics_lib_v2,-1,0b_v2,2026-04-26,,
M6B_L3_00867,3,cavitation,A,150,0.6099463105201721,2,m6b_physics_lib_v2,-1,0b_v2,2026-04-26,,
M6B_L3_00868,3,cavitation,A,150,0.389519602060318,2,m6b_physics_lib_v2,-1,0b_v2,2026-04-26,,
M6B_L3_00869,3,cavitation,A,150,0.6218315362930298,2,m6b_physics_lib_v2,-1,0b_v2,2026-04-26,,
M6B_L3_00870,3,cavitation,A,150,0.8765551447868347,2,m6b_physics_lib_v2,-1,0b_v2,2026-04-26,,
M6B_L3_00871,3,cavitation,A,150,0.9559791684150696,2,m6b_physics_lib_v2,-1,0b_v2,2026-04-26,,
M6B_L3_00872,3,cavitation,A,150,0.24875593185424805,2,m6b_physics_lib_v2,-1,0b_v2,2026-04-26,,
M6B_L3_00873,3,cavitation,A,150,0.51932692527771,2,m6b_physics_lib_v2,-1,0b_v2,2026-04-26,,
M6B_L3_00874,3,cavitation,A,150,0.28814274072647095,2,m6b_physics_lib_v2,-1,0b_v2,2026-04-26,,
M6B_L3_00875,3,cavitation,A,150,0.5418768525123596,2,m6b_physics_lib_v2,-1,0b_v2,2026-04-26,,
M6B_L3_00876,3,cavitation,A,150,0.615429699420929,2,m6b_physics_lib_v2,-1,0b_v2,2026-04-26,,
M6B_L3_00877,3,cavitation,A,150,0.8447511196136475,2,m6b_physics_lib_v2,-1,0b_v2,2026-04-26,,
M6B_L3_00878,3,cavitation,A,150,0.32847583293914795,2,m6b_physics_lib_v2,-1,0b_v2,2026-04-26,,
M6B_L3_00879,3,cavitation,A,150,0.6070267558097839,2,m6b_physics_lib_v2,-1,0b_v2,2026-04-26,,
M6B_L3_00880,3,cavitation,A,150,0.5806952118873596,2,m6b_physics_lib_v2,-1,0b_v2,2026-04-26,,
M6B_L3_00881,3,cavitation,A,150,0.8420256972312927,2,m6b_physics_lib_v2,-1,0b_v2,2026-04-26,,
M6B_L3_00882,3,cavitation,A,150,0.9849957227706909,2,m6b_physics_lib_v2,-1,0b_v2,2026-04-26,,
M6B_L3_00883,3,cavitation,A,150,0.4205719232559204,2,m6b_physics_lib_v2,-1,0b_v2,2026-04-26,,
M6B_L3_00884,3,cavitation,A,150,0.42402270436286926,2,m6b_physics_lib_v2,-1,0b_v2,2026-04-26,,
M6B_L3_00885,3,cavitation,A,150,0.44292527437210083,2,m6b_physics_lib_v2,-1,0b_v2,2026-04-26,,
M6B_L3_00886,3,cavitation,A,150,0.47947415709495544,2,m6b_physics_lib_v2,-1,0b_v2,2026-04-26,,
M6B_L3_00887,3,cavitation,A,150,0.47608375549316406,2,m6b_physics_lib_v2,-1,0b_v2,2026-04-26,,
M6B_L3_00888,3,cavitation,A,150,0.4133896231651306,2,m6b_physics_lib_v2,-1,0b_v2,2026-04-26,,
M6B_L3_00889,3,cavitation,A,150,0.4435723125934601,2,m6b_physics_lib_v2,-1,0b_v2,2026-04-26,,
M6B_L3_00890,3,cavitation,A,150,0.8216113448143005,2,m6b_physics_lib_v2,-1,0b_v2,2026-04-26,,
M6B_L3_00891,3,cavitation,A,150,0.4979155659675598,2,m6b_physics_lib_v2,-1,0b_v2,2026-04-26,,
M6B_L3_00892,3,cavitation,A,150,0.3116021454334259,2,m6b_physics_lib_v2,-1,0b_v2,2026-04-26,,
M6B_L3_00893,3,cavitation,A,150,0.30891650915145874,2,m6b_physics_lib_v2,-1,0b_v2,2026-04-26,,
M6B_L3_00894,3,cavitation,A,150,0.3310944736003876,2,m6b_physics_lib_v2,-1,0b_v2,2026-04-26,,
M6B_L3_00895,3,cavitation,A,150,0.851905882358551,2,m6b_physics_lib_v2,-1,0b_v2,2026-04-26,,
M6B_L3_00896,3,cavitation,A,150,0.34502026438713074,2,m6b_physics_lib_v2,-1,0b_v2,2026-04-26,,
M6B_L3_00897,3,cavitation,A,150,0.7717260718345642,2,m6b_physics_lib_v2,-1,0b_v2,2026-04-26,,
M6B_L3_00898,3,cavitation,A,150,0.590987503528595,2,m6b_physics_lib_v2,-1,0b_v2,2026-04-26,,
M6B_L3_00899,3,cavitation,A,150,0.28090324997901917,2,m6b_physics_lib_v2,-1,0b_v2,2026-04-26,,
M6B_L3_00900,3,cavitation,A,150,0.6964073777198792,2,m6b_physics_lib_v2,-1,0b_v2,2026-04-26,,
M6B_L3_00901,3,cavitation,A,150,0.5967414975166321,2,m6b_physics_lib_v2,-1,0b_v2,2026-04-26,,
M6B_L3_00902,3,cavitation,A,150,0.720204770565033,2,m6b_physics_lib_v2,-1,0b_v2,2026-04-26,,
M6B_L3_00903,3,cavitation,A,150,0.551138162612915,2,m6b_physics_lib_v2,-1,0b_v2,2026-04-26,,
M6B_L3_00904,3,cavitation,A,150,0.9402034878730774,2,m6b_physics_lib_v2,-1,0b_v2,2026-04-26,,
M6B_L3_00905,3,cavitation,A,150,0.9521132707595825,2,m6b_physics_lib_v2,-1,0b_v2,2026-04-26,,
M6B_L3_00906,3,cavitation,A,150,0.7984848022460938,2,m6b_physics_lib_v2,-1,0b_v2,2026-04-26,,
M6B_L3_00907,3,cavitation,A,150,0.6763535141944885,2,m6b_physics_lib_v2,-1,0b_v2,2026-04-26,,
M6B_L3_00908,3,cavitation,A,150,0.4677277207374573,2,m6b_physics_lib_v2,-1,0b_v2,2026-04-26,,
M6B_L3_00909,3,cavitation,A,150,0.8392148017883301,2,m6b_physics_lib_v2,-1,0b_v2,2026-04-26,,
M6B_L3_00910,3,cavitation,A,150,0.3738199472427368,2,m6b_physics_lib_v2,-1,0b_v2,2026-04-26,,
M6B_L3_00911,3,cavitation,A,150,0.35730433464050293,2,m6b_physics_lib_v2,-1,0b_v2,2026-04-26,,
M6B_L3_00912,3,cavitation,A,150,0.42410293221473694,2,m6b_physics_lib_v2,-1,0b_v2,2026-04-26,,
M6B_L3_00913,3,cavitation,A,150,0.39202046394348145,2,m6b_physics_lib_v2,-1,0b_v2,2026-04-26,,
M6B_L3_00914,3,cavitation,A,150,0.5146774053573608,2,m6b_physics_lib_v2,-1,0b_v2,2026-04-26,,
M6B_L3_00915,3,cavitation,A,150,0.2895883619785309,2,m6b_physics_lib_v2,-1,0b_v2,2026-04-26,,
M6B_L3_00916,3,cavitation,A,150,0.6148481369018555,2,m6b_physics_lib_v2,-1,0b_v2,2026-04-26,,
M6B_L3_00917,3,cavitation,A,150,0.8651832938194275,2,m6b_physics_lib_v2,-1,0b_v2,2026-04-26,,
M6B_L3_00918,3,cavitation,A,150,0.3819088041782379,2,m6b_physics_lib_v2,-1,0b_v2,2026-04-26,,
M6B_L3_00919,3,cavitation,A,150,0.479067862033844,2,m6b_physics_lib_v2,-1,0b_v2,2026-04-26,,
M6B_L3_00920,3,cavitation,A,150,0.9877581000328064,2,m6b_physics_lib_v2,-1,0b_v2,2026-04-26,,
M6B_L3_00921,3,cavitation,A,150,0.6556901931762695,2,m6b_physics_lib_v2,-1,0b_v2,2026-04-26,,
M6B_L3_00922,3,cavitation,A,150,0.5892918109893799,2,m6b_physics_lib_v2,-1,0b_v2,2026-04-26,,
M6B_L3_00923,3,cavitation,A,150,0.5307226181030273,2,m6b_physics_lib_v2,-1,0b_v2,2026-04-26,,
M6B_L3_00924,3,cavitation,A,150,0.5823521614074707,2,m6b_physics_lib_v2,-1,0b_v2,2026-04-26,,
M6B_L3_00925,3,cavitation,A,150,0.9402483105659485,2,m6b_physics_lib_v2,-1,0b_v2,2026-04-26,,
M6B_L3_00926,3,cavitation,A,150,0.34917059540748596,2,m6b_physics_lib_v2,-1,0b_v2,2026-04-26,,
M6B_L3_00927,3,cavitation,A,150,0.670387327671051,2,m6b_physics_lib_v2,-1,0b_v2,2026-04-26,,
M6B_L3_00928,3,cavitation,A,150,0.7801497578620911,2,m6b_physics_lib_v2,-1,0b_v2,2026-04-26,,
M6B_L3_00929,3,cavitation,A,150,0.7604644894599915,2,m6b_physics_lib_v2,-1,0b_v2,2026-04-26,,
M6B_L3_00930,3,cavitation,A,150,0.3303682804107666,2,m6b_physics_lib_v2,-1,0b_v2,2026-04-26,,
M6B_L3_00931,3,cavitation,A,150,0.7846084833145142,2,m6b_physics_lib_v2,-1,0b_v2,2026-04-26,,
M6B_L3_00932,3,cavitation,A,150,0.9702109694480896,2,m6b_physics_lib_v2,-1,0b_v2,2026-04-26,,
M6B_L3_00933,3,cavitation,A,150,0.5934582948684692,2,m6b_physics_lib_v2,-1,0b_v2,2026-04-26,,
M6B_L3_00934,3,cavitation,A,150,0.5165549516677856,2,m6b_physics_lib_v2,-1,0b_v2,2026-04-26,,
M6B_L3_00935,3,cavitation,A,150,0.9894616007804871,2,m6b_physics_lib_v2,-1,0b_v2,2026-04-26,,
M6B_L3_00936,3,cavitation,A,150,0.8000916838645935,2,m6b_physics_lib_v2,-1,0b_v2,2026-04-26,,
M6B_L3_00937,3,cavitation,A,150,0.8280808329582214,2,m6b_physics_lib_v2,-1,0b_v2,2026-04-26,,
M6B_L3_00938,3,cavitation,A,150,0.32408782839775085,2,m6b_physics_lib_v2,-1,0b_v2,2026-04-26,,
M6B_L3_00939,3,cavitation,A,150,0.36514702439308167,2,m6b_physics_lib_v2,-1,0b_v2,2026-04-26,,
M6B_L3_00940,3,cavitation,A,150,0.9062738418579102,2,m6b_physics_lib_v2,-1,0b_v2,2026-04-26,,
M6B_L3_00941,3,cavitation,A,150,0.4651002883911133,2,m6b_physics_lib_v2,-1,0b_v2,2026-04-26,,
M6B_L3_00942,3,cavitation,A,150,0.525853157043457,2,m6b_physics_lib_v2,-1,0b_v2,2026-04-26,,
M6B_L3_00943,3,cavitation,A,150,0.31505444645881653,2,m6b_physics_lib_v2,-1,0b_v2,2026-04-26,,
M6B_L3_00944,3,cavitation,A,150,0.5177724361419678,2,m6b_physics_lib_v2,-1,0b_v2,2026-04-26,,
M6B_L3_00945,3,cavitation,A,150,0.504422664642334,2,m6b_physics_lib_v2,-1,0b_v2,2026-04-26,,
M6B_L3_00946,3,cavitation,A,150,0.21658678352832794,2,m6b_physics_lib_v2,-1,0b_v2,2026-04-26,,
M6B_L3_00947,3,cavitation,A,150,0.6271759271621704,2,m6b_physics_lib_v2,-1,0b_v2,2026-04-26,,
M6B_L3_00948,3,cavitation,A,150,0.949870228767395,2,m6b_physics_lib_v2,-1,0b_v2,2026-04-26,,
M6B_L3_00949,3,cavitation,A,150,0.5100321769714355,2,m6b_physics_lib_v2,-1,0b_v2,2026-04-26,,
M6B_L3_00950,3,cavitation,A,150,0.6544779539108276,2,m6b_physics_lib_v2,-1,0b_v2,2026-04-26,,
M6B_L3_00951,3,cavitation,A,150,0.7124115228652954,2,m6b_physics_lib_v2,-1,0b_v2,2026-04-26,,
M6B_L3_00952,3,cavitation,A,150,0.39621496200561523,2,m6b_physics_lib_v2,-1,0b_v2,2026-04-26,,
M6B_L3_00953,3,cavitation,A,150,0.20454135537147522,2,m6b_physics_lib_v2,-1,0b_v2,2026-04-26,,
M6B_L3_00954,3,cavitation,A,150,0.8537291288375854,2,m6b_physics_lib_v2,-1,0b_v2,2026-04-26,,
M6B_L3_00955,3,cavitation,A,150,0.7916410565376282,2,m6b_physics_lib_v2,-1,0b_v2,2026-04-26,,
M6B_L3_00956,3,cavitation,A,150,0.7094080448150635,2,m6b_physics_lib_v2,-1,0b_v2,2026-04-26,,
M6B_L3_00957,3,cavitation,A,150,0.9361975789070129,2,m6b_physics_lib_v2,-1,0b_v2,2026-04-26,,
M6B_L3_00958,3,cavitation,A,150,0.8097826838493347,2,m6b_physics_lib_v2,-1,0b_v2,2026-04-26,,
M6B_L3_00959,3,cavitation,A,150,0.44763660430908203,2,m6b_physics_lib_v2,-1,0b_v2,2026-04-26,,
M6B_L3_00960,3,cavitation,A,150,0.3993208706378937,2,m6b_physics_lib_v2,-1,0b_v2,2026-04-26,,
M6B_L3_00961,3,cavitation,A,150,0.6571558117866516,2,m6b_physics_lib_v2,-1,0b_v2,2026-04-26,,
M6B_L3_00962,3,cavitation,A,150,0.20440085232257843,2,m6b_physics_lib_v2,-1,0b_v2,2026-04-26,,
M6B_L3_00963,3,cavitation,A,150,0.38645869493484497,2,m6b_physics_lib_v2,-1,0b_v2,2026-04-26,,
M6B_L3_00964,3,cavitation,A,150,0.2666473984718323,2,m6b_physics_lib_v2,-1,0b_v2,2026-04-26,,
M6B_L3_00965,3,cavitation,A,150,0.7801620960235596,2,m6b_physics_lib_v2,-1,0b_v2,2026-04-26,,
M6B_L3_00966,3,cavitation,A,150,0.9562150239944458,2,m6b_physics_lib_v2,-1,0b_v2,2026-04-26,,
M6B_L3_00967,3,cavitation,A,150,0.3826726973056793,2,m6b_physics_lib_v2,-1,0b_v2,2026-04-26,,
M6B_L3_00968,3,cavitation,A,150,0.7717882990837097,2,m6b_physics_lib_v2,-1,0b_v2,2026-04-26,,
M6B_L3_00969,3,cavitation,A,150,0.4292912483215332,2,m6b_physics_lib_v2,-1,0b_v2,2026-04-26,,
M6B_L3_00970,3,cavitation,A,150,0.3486470580101013,2,m6b_physics_lib_v2,-1,0b_v2,2026-04-26,,
M6B_L3_00971,3,cavitation,A,150,0.4720005691051483,2,m6b_physics_lib_v2,-1,0b_v2,2026-04-26,,
M6B_L3_00972,3,cavitation,A,150,0.22055374085903168,2,m6b_physics_lib_v2,-1,0b_v2,2026-04-26,,
M6B_L3_00973,3,cavitation,A,150,0.8248807787895203,2,m6b_physics_lib_v2,-1,0b_v2,2026-04-26,,
M6B_L3_00974,3,cavitation,A,150,0.6985810399055481,2,m6b_physics_lib_v2,-1,0b_v2,2026-04-26,,
M6B_L3_00975,3,cavitation,A,150,0.6483957767486572,2,m6b_physics_lib_v2,-1,0b_v2,2026-04-26,,
M6B_L3_00976,3,cavitation,A,150,0.870112419128418,2,m6b_physics_lib_v2,-1,0b_v2,2026-04-26,,
M6B_L3_00977,3,cavitation,A,150,0.4741470217704773,2,m6b_physics_lib_v2,-1,0b_v2,2026-04-26,,
M6B_L3_00978,3,cavitation,A,150,0.8342811465263367,2,m6b_physics_lib_v2,-1,0b_v2,2026-04-26,,
M6B_L3_00979,3,cavitation,A,150,0.7942635416984558,2,m6b_physics_lib_v2,-1,0b_v2,2026-04-26,,
M6B_L3_00980,3,cavitation,A,150,0.6280449628829956,2,m6b_physics_lib_v2,-1,0b_v2,2026-04-26,,
M6B_L3_00981,3,cavitation,A,150,0.5962911248207092,2,m6b_physics_lib_v2,-1,0b_v2,2026-04-26,,
M6B_L3_00982,3,cavitation,A,150,0.6469320058822632,2,m6b_physics_lib_v2,-1,0b_v2,2026-04-26,,
M6B_L3_00983,3,cavitation,A,150,0.7280325293540955,2,m6b_physics_lib_v2,-1,0b_v2,2026-04-26,,
M6B_L3_00984,3,cavitation,A,150,0.2423955649137497,2,m6b_physics_lib_v2,-1,0b_v2,2026-04-26,,
M6B_L3_00985,3,cavitation,A,150,0.38588064908981323,2,m6b_physics_lib_v2,-1,0b_v2,2026-04-26,,
M6B_L3_00986,3,cavitation,A,150,0.8870686888694763,2,m6b_physics_lib_v2,-1,0b_v2,2026-04-26,,
M6B_L3_00987,3,cavitation,A,150,0.7687399387359619,2,m6b_physics_lib_v2,-1,0b_v2,2026-04-26,,
M6B_L3_00988,3,cavitation,A,150,0.9435429573059082,2,m6b_physics_lib_v2,-1,0b_v2,2026-04-26,,
M6B_L3_00989,3,cavitation,A,150,0.9612423777580261,2,m6b_physics_lib_v2,-1,0b_v2,2026-04-26,,
M6B_L3_00990,3,cavitation,A,150,0.25529712438583374,2,m6b_physics_lib_v2,-1,0b_v2,2026-04-26,,
M6B_L3_00991,3,cavitation,A,150,0.2891974151134491,2,m6b_physics_lib_v2,-1,0b_v2,2026-04-26,,
M6B_L3_00992,3,cavitation,A,150,0.6161397099494934,2,m6b_physics_lib_v2,-1,0b_v2,2026-04-26,,
M6B_L3_00993,3,cavitation,A,150,0.6546844840049744,2,m6b_physics_lib_v2,-1,0b_v2,2026-04-26,,
M6B_L3_00994,3,cavitation,A,150,0.4623623490333557,2,m6b_physics_lib_v2,-1,0b_v2,2026-04-26,,
M6B_L3_00995,3,cavitation,A,150,0.7715647220611572,2,m6b_physics_lib_v2,-1,0b_v2,2026-04-26,,
M6B_L3_00996,3,cavitation,A,150,0.6800891160964966,2,m6b_physics_lib_v2,-1,0b_v2,2026-04-26,,
M6B_L3_00997,3,cavitation,A,150,0.34516602754592896,2,m6b_physics_lib_v2,-1,0b_v2,2026-04-26,,
M6B_L3_00998,3,cavitation,A,150,0.34543442726135254,2,m6b_physics_lib_v2,-1,0b_v2,2026-04-26,,
M6B_L3_00999,3,cavitation,A,150,0.8276430368423462,2,m6b_physics_lib_v2,-1,0b_v2,2026-04-26,,
M6B_L3_01000,3,cavitation,A,150,0.953367292881012,2,m6b_physics_lib_v2,-1,0b_v2,2026-04-26,,
M6B_L3_01001,3,cavitation,A,150,0.7808647751808167,2,m6b_physics_lib_v2,-1,0b_v2,2026-04-26,,
M6B_L3_01002,3,cavitation,A,150,0.4356088638305664,2,m6b_physics_lib_v2,-1,0b_v2,2026-04-26,,
M6B_L3_01003,3,cavitation,A,150,0.20610304176807404,2,m6b_physics_lib_v2,-1,0b_v2,2026-04-26,,
M6B_L3_01004,3,cavitation,A,150,0.6618187427520752,2,m6b_physics_lib_v2,-1,0b_v2,2026-04-26,,
M6B_L3_01005,3,cavitation,A,150,0.653374195098877,2,m6b_physics_lib_v2,-1,0b_v2,2026-04-26,,
M6B_L3_01006,3,cavitation,A,150,0.7696119546890259,2,m6b_physics_lib_v2,-1,0b_v2,2026-04-26,,
M6B_L3_01007,3,cavitation,A,150,0.6102403402328491,2,m6b_physics_lib_v2,-1,0b_v2,2026-04-26,,
M6B_L3_01008,3,cavitation,A,150,0.9836974740028381,2,m6b_physics_lib_v2,-1,0b_v2,2026-04-26,,
M6B_L3_01009,3,cavitation,A,150,0.33295607566833496,2,m6b_physics_lib_v2,-1,0b_v2,2026-04-26,,
M6B_L3_01010,3,cavitation,A,150,0.7264003753662109,2,m6b_physics_lib_v2,-1,0b_v2,2026-04-26,,
M6B_L3_01011,3,cavitation,A,150,0.3242563009262085,2,m6b_physics_lib_v2,-1,0b_v2,2026-04-26,,
M6B_L3_01012,3,cavitation,A,150,0.20774507522583008,2,m6b_physics_lib_v2,-1,0b_v2,2026-04-26,,
M6B_L3_01013,3,cavitation,A,150,0.9586728811264038,2,m6b_physics_lib_v2,-1,0b_v2,2026-04-26,,
M6B_L3_01014,3,cavitation,A,150,0.3954409062862396,2,m6b_physics_lib_v2,-1,0b_v2,2026-04-26,,
M6B_L3_01015,3,cavitation,A,150,0.2653135061264038,2,m6b_physics_lib_v2,-1,0b_v2,2026-04-26,,
M6B_L3_01016,3,cavitation,A,150,0.8891879916191101,2,m6b_physics_lib_v2,-1,0b_v2,2026-04-26,,
M6B_L3_01017,3,cavitation,A,150,0.3471877872943878,2,m6b_physics_lib_v2,-1,0b_v2,2026-04-26,,
M6B_L3_01018,3,cavitation,A,150,0.726448655128479,2,m6b_physics_lib_v2,-1,0b_v2,2026-04-26,,
M6B_L3_01019,3,cavitation,A,150,0.6906001567840576,2,m6b_physics_lib_v2,-1,0b_v2,2026-04-26,,
M6B_L3_01020,3,cavitation,A,150,0.4750955104827881,2,m6b_physics_lib_v2,-1,0b_v2,2026-04-26,,
M6B_L3_01021,3,cavitation,A,150,0.26233339309692383,2,m6b_physics_lib_v2,-1,0b_v2,2026-04-26,,
M6B_L3_01022,3,cavitation,A,150,0.9948611855506897,2,m6b_physics_lib_v2,-1,0b_v2,2026-04-26,,
M6B_L3_01023,3,cavitation,A,150,0.2009953260421753,2,m6b_physics_lib_v2,-1,0b_v2,2026-04-26,,
M6B_L3_01024,3,cavitation,A,150,0.7744941115379333,2,m6b_physics_lib_v2,-1,0b_v2,2026-04-26,,
M6B_L3_01025,3,cavitation,A,150,0.5296944975852966,2,m6b_physics_lib_v2,-1,0b_v2,2026-04-26,,
M6B_L3_01026,3,cavitation,A,150,0.7241315841674805,2,m6b_physics_lib_v2,-1,0b_v2,2026-04-26,,
M6B_L3_01027,3,cavitation,A,150,0.6367248296737671,2,m6b_physics_lib_v2,-1,0b_v2,2026-04-26,,
M6B_L3_01028,3,cavitation,A,150,0.8237983584403992,2,m6b_physics_lib_v2,-1,0b_v2,2026-04-26,,
M6B_L3_01029,3,cavitation,A,150,0.2045912742614746,2,m6b_physics_lib_v2,-1,0b_v2,2026-04-26,,
M6B_L3_01030,3,cavitation,A,150,0.4912700057029724,2,m6b_physics_lib_v2,-1,0b_v2,2026-04-26,,
M6B_L3_01031,3,cavitation,A,150,0.2379753440618515,2,m6b_physics_lib_v2,-1,0b_v2,2026-04-26,,
M6B_L3_01032,3,cavitation,A,150,0.44067203998565674,2,m6b_physics_lib_v2,-1,0b_v2,2026-04-26,,
M6B_L3_01033,3,cavitation,A,150,0.9315945506095886,2,m6b_physics_lib_v2,-1,0b_v2,2026-04-26,,
M6B_L3_01034,3,cavitation,A,150,0.9335387349128723,2,m6b_physics_lib_v2,-1,0b_v2,2026-04-26,,
M6B_L3_01035,3,cavitation,A,150,0.5869352221488953,2,m6b_physics_lib_v2,-1,0b_v2,2026-04-26,,
M6B_L3_01036,3,cavitation,A,150,0.5711075663566589,2,m6b_physics_lib_v2,-1,0b_v2,2026-04-26,,
M6B_L3_01037,3,cavitation,A,150,0.9881187081336975,2,m6b_physics_lib_v2,-1,0b_v2,2026-04-26,,
M6B_L3_01038,3,cavitation,A,150,0.4979882836341858,2,m6b_physics_lib_v2,-1,0b_v2,2026-04-26,,
M6B_L3_01039,3,cavitation,A,150,0.4958776533603668,2,m6b_physics_lib_v2,-1,0b_v2,2026-04-26,,
M6B_L3_01040,3,cavitation,A,150,0.8423306941986084,2,m6b_physics_lib_v2,-1,0b_v2,2026-04-26,,
M6B_L3_01041,3,cavitation,A,150,0.6232035160064697,2,m6b_physics_lib_v2,-1,0b_v2,2026-04-26,,
M6B_L3_01042,3,cavitation,A,150,0.28747180104255676,2,m6b_physics_lib_v2,-1,0b_v2,2026-04-26,,
M6B_L3_01043,3,cavitation,A,150,0.5249144434928894,2,m6b_physics_lib_v2,-1,0b_v2,2026-04-26,,
M6B_L3_01044,3,cavitation,A,150,0.26876339316368103,2,m6b_physics_lib_v2,-1,0b_v2,2026-04-26,,
M6B_L3_01045,3,cavitation,A,150,0.602300763130188,2,m6b_physics_lib_v2,-1,0b_v2,2026-04-26,,
M6B_L3_01046,3,cavitation,A,150,0.21740666031837463,2,m6b_physics_lib_v2,-1,0b_v2,2026-04-26,,
M6B_L3_01047,3,cavitation,A,150,0.534358561038971,2,m6b_physics_lib_v2,-1,0b_v2,2026-04-26,,
M6B_L3_01048,3,cavitation,A,150,0.2933332026004791,2,m6b_physics_lib_v2,-1,0b_v2,2026-04-26,,
M6B_L3_01049,3,cavitation,A,150,0.2015531063079834,2,m6b_physics_lib_v2,-1,0b_v2,2026-04-26,,
M6B_L3_01050,3,cavitation,A,150,0.765532374382019,2,m6b_physics_lib_v2,-1,0b_v2,2026-04-26,,
M6B_L3_01051,3,cavitation,A,150,0.3497505187988281,2,m6b_physics_lib_v2,-1,0b_v2,2026-04-26,,
M6B_L3_01052,3,cavitation,A,150,0.3359126150608063,2,m6b_physics_lib_v2,-1,0b_v2,2026-04-26,,
M6B_L3_01053,3,cavitation,A,150,0.2591148316860199,2,m6b_physics_lib_v2,-1,0b_v2,2026-04-26,,
M6B_L3_01054,3,cavitation,A,150,0.8080185055732727,2,m6b_physics_lib_v2,-1,0b_v2,2026-04-26,,
M6B_L3_01055,3,cavitation,A,150,0.6339941620826721,2,m6b_physics_lib_v2,-1,0b_v2,2026-04-26,,
M6B_L3_01056,3,cavitation,A,150,0.8068859577178955,2,m6b_physics_lib_v2,-1,0b_v2,2026-04-26,,
M6B_L3_01057,3,cavitation,A,150,0.3645316958427429,2,m6b_physics_lib_v2,-1,0b_v2,2026-04-26,,
M6B_L3_01058,3,cavitation,A,150,0.2464323490858078,2,m6b_physics_lib_v2,-1,0b_v2,2026-04-26,,
M6B_L3_01059,3,cavitation,A,150,0.7216626405715942,2,m6b_physics_lib_v2,-1,0b_v2,2026-04-26,,
M6B_L3_01060,3,cavitation,A,150,0.722074031829834,2,m6b_physics_lib_v2,-1,0b_v2,2026-04-26,,
M6B_L3_01061,3,cavitation,A,150,0.5366066098213196,2,m6b_physics_lib_v2,-1,0b_v2,2026-04-26,,
M6B_L3_01062,3,cavitation,A,150,0.23558951914310455,2,m6b_physics_lib_v2,-1,0b_v2,2026-04-26,,
M6B_L3_01063,3,cavitation,A,150,0.8648825287818909,2,m6b_physics_lib_v2,-1,0b_v2,2026-04-26,,
M6B_L3_01064,3,cavitation,A,150,0.7356306314468384,2,m6b_physics_lib_v2,-1,0b_v2,2026-04-26,,
M6B_L3_01065,3,cavitation,A,150,0.6964118480682373,2,m6b_physics_lib_v2,-1,0b_v2,2026-04-26,,
M6B_L3_01066,3,cavitation,A,150,0.48875007033348083,2,m6b_physics_lib_v2,-1,0b_v2,2026-04-26,,
M6B_L3_01067,3,cavitation,A,150,0.6984637975692749,2,m6b_physics_lib_v2,-1,0b_v2,2026-04-26,,
M6B_L3_01068,3,cavitation,A,150,0.6524202227592468,2,m6b_physics_lib_v2,-1,0b_v2,2026-04-26,,
M6B_L3_01069,3,cavitation,A,150,0.8436858057975769,2,m6b_physics_lib_v2,-1,0b_v2,2026-04-26,,
M6B_L3_01070,3,cavitation,A,150,0.5028729438781738,2,m6b_physics_lib_v2,-1,0b_v2,2026-04-26,,
M6B_L3_01071,3,cavitation,A,150,0.7543418407440186,2,m6b_physics_lib_v2,-1,0b_v2,2026-04-26,,
M6B_L3_01072,3,cavitation,A,150,0.2122860848903656,2,m6b_physics_lib_v2,-1,0b_v2,2026-04-26,,
M6B_L3_01073,3,cavitation,A,150,0.8373241424560547,2,m6b_physics_lib_v2,-1,0b_v2,2026-04-26,,
M6B_L3_01074,3,cavitation,A,150,0.37680965662002563,2,m6b_physics_lib_v2,-1,0b_v2,2026-04-26,,
M6B_L3_01075,3,cavitation,A,150,0.8175461888313293,2,m6b_physics_lib_v2,-1,0b_v2,2026-04-26,,
M6B_L3_01076,3,cavitation,A,150,0.6143319010734558,2,m6b_physics_lib_v2,-1,0b_v2,2026-04-26,,
M6B_L3_01077,3,cavitation,A,150,0.9450696110725403,2,m6b_physics_lib_v2,-1,0b_v2,2026-04-26,,
M6B_L3_01078,3,cavitation,A,150,0.8713627457618713,2,m6b_physics_lib_v2,-1,0b_v2,2026-04-26,,
M6B_L3_01079,3,cavitation,A,150,0.9998518824577332,2,m6b_physics_lib_v2,-1,0b_v2,2026-04-26,,
M6B_L3_01080,3,cavitation,A,150,0.6053694486618042,2,m6b_physics_lib_v2,-1,0b_v2,2026-04-26,,
M6B_L3_01081,3,cavitation,A,150,0.752269446849823,2,m6b_physics_lib_v2,-1,0b_v2,2026-04-26,,
M6B_L3_01082,3,cavitation,A,150,0.42605161666870117,2,m6b_physics_lib_v2,-1,0b_v2,2026-04-26,,
M6B_L3_01083,3,cavitation,A,150,0.6466122269630432,2,m6b_physics_lib_v2,-1,0b_v2,2026-04-26,,
M6B_L3_01084,3,cavitation,A,150,0.4330196976661682,2,m6b_physics_lib_v2,-1,0b_v2,2026-04-26,,
M6B_L3_01085,3,cavitation,A,150,0.8358398079872131,2,m6b_physics_lib_v2,-1,0b_v2,2026-04-26,,
M6B_L3_01086,3,cavitation,A,150,0.8597428798675537,2,m6b_physics_lib_v2,-1,0b_v2,2026-04-26,,
M6B_L3_01087,3,cavitation,A,150,0.5785542130470276,2,m6b_physics_lib_v2,-1,0b_v2,2026-04-26,,
M6B_L3_01088,3,cavitation,A,150,0.23741772770881653,2,m6b_physics_lib_v2,-1,0b_v2,2026-04-26,,
M6B_L3_01089,3,cavitation,A,150,0.3110924959182739,2,m6b_physics_lib_v2,-1,0b_v2,2026-04-26,,
M6B_L3_01090,3,cavitation,A,150,0.980929970741272,2,m6b_physics_lib_v2,-1,0b_v2,2026-04-26,,
M6B_L3_01091,3,cavitation,A,150,0.9666845798492432,2,m6b_physics_lib_v2,-1,0b_v2,2026-04-26,,
M6B_L3_01092,3,cavitation,A,150,0.8969740867614746,2,m6b_physics_lib_v2,-1,0b_v2,2026-04-26,,
M6B_L3_01093,3,cavitation,A,150,0.8711078763008118,2,m6b_physics_lib_v2,-1,0b_v2,2026-04-26,,
M6B_L3_01094,3,cavitation,A,150,0.9912498593330383,2,m6b_physics_lib_v2,-1,0b_v2,2026-04-26,,
M6B_L3_01095,3,cavitation,A,150,0.6219376921653748,2,m6b_physics_lib_v2,-1,0b_v2,2026-04-26,,
M6B_L3_01096,3,cavitation,A,150,0.800150454044342,2,m6b_physics_lib_v2,-1,0b_v2,2026-04-26,,
M6B_L3_01097,3,cavitation,A,150,0.3614712357521057,2,m6b_physics_lib_v2,-1,0b_v2,2026-04-26,,
M6B_L3_01098,3,cavitation,A,150,0.6115753054618835,2,m6b_physics_lib_v2,-1,0b_v2,2026-04-26,,
M6B_L3_01099,3,cavitation,A,150,0.2695748209953308,2,m6b_physics_lib_v2,-1,0b_v2,2026-04-26,,
M6B_L3_01100,3,cavitation,A,150,0.3086950480937958,2,m6b_physics_lib_v2,-1,0b_v2,2026-04-26,,
M6B_L3_01101,3,cavitation,A,150,0.32512325048446655,2,m6b_physics_lib_v2,-1,0b_v2,2026-04-26,,
M6B_L3_01102,3,cavitation,A,150,0.34333398938179016,2,m6b_physics_lib_v2,-1,0b_v2,2026-04-26,,
M6B_L3_01103,3,cavitation,A,150,0.9967270493507385,2,m6b_physics_lib_v2,-1,0b_v2,2026-04-26,,
M6B_L3_01104,3,cavitation,A,150,0.29249072074890137,2,m6b_physics_lib_v2,-1,0b_v2,2026-04-26,,
M6B_L3_01105,3,cavitation,A,150,0.7980604767799377,2,m6b_physics_lib_v2,-1,0b_v2,2026-04-26,,
M6B_L3_01106,3,cavitation,A,150,0.5466808676719666,2,m6b_physics_lib_v2,-1,0b_v2,2026-04-26,,
M6B_L3_01107,3,cavitation,A,150,0.8654991388320923,2,m6b_physics_lib_v2,-1,0b_v2,2026-04-26,,
M6B_L3_01108,3,cavitation,A,150,0.625228226184845,2,m6b_physics_lib_v2,-1,0b_v2,2026-04-26,,
M6B_L3_01109,3,cavitation,A,150,0.6802008152008057,2,m6b_physics_lib_v2,-1,0b_v2,2026-04-26,,
M6B_L3_01110,3,cavitation,A,150,0.8071386814117432,2,m6b_physics_lib_v2,-1,0b_v2,2026-04-26,,
M6B_L3_01111,3,cavitation,A,150,0.6475415825843811,2,m6b_physics_lib_v2,-1,0b_v2,2026-04-26,,
M6B_L3_01112,3,cavitation,A,150,0.8512697219848633,2,m6b_physics_lib_v2,-1,0b_v2,2026-04-26,,
M6B_L3_01113,3,cavitation,A,150,0.9986246824264526,2,m6b_physics_lib_v2,-1,0b_v2,2026-04-26,,
M6B_L3_01114,3,cavitation,A,150,0.7983904480934143,2,m6b_physics_lib_v2,-1,0b_v2,2026-04-26,,
M6B_L3_01115,3,cavitation,A,150,0.9337508082389832,2,m6b_physics_lib_v2,-1,0b_v2,2026-04-26,,
M6B_L3_01116,3,cavitation,A,150,0.4869888126850128,2,m6b_physics_lib_v2,-1,0b_v2,2026-04-26,,
M6B_L3_01117,3,cavitation,A,150,0.7508523464202881,2,m6b_physics_lib_v2,-1,0b_v2,2026-04-26,,
M6B_L3_01118,3,cavitation,A,150,0.7886572480201721,2,m6b_physics_lib_v2,-1,0b_v2,2026-04-26,,
M6B_L3_01119,3,cavitation,A,150,0.2063230574131012,2,m6b_physics_lib_v2,-1,0b_v2,2026-04-26,,
M6B_L3_01120,3,cavitation,A,150,0.836090624332428,2,m6b_physics_lib_v2,-1,0b_v2,2026-04-26,,
M6B_L3_01121,3,cavitation,A,150,0.31344905495643616,2,m6b_physics_lib_v2,-1,0b_v2,2026-04-26,,
M6B_L3_01122,3,cavitation,A,150,0.7408366203308105,2,m6b_physics_lib_v2,-1,0b_v2,2026-04-26,,
M6B_L3_01123,3,cavitation,A,150,0.8147546648979187,2,m6b_physics_lib_v2,-1,0b_v2,2026-04-26,,
M6B_L3_01124,3,cavitation,A,150,0.8034099340438843,2,m6b_physics_lib_v2,-1,0b_v2,2026-04-26,,
M6B_L3_01125,3,cavitation,A,150,0.7740308046340942,2,m6b_physics_lib_v2,-1,0b_v2,2026-04-26,,
M6B_L3_01126,3,cavitation,A,150,0.4933037757873535,2,m6b_physics_lib_v2,-1,0b_v2,2026-04-26,,
M6B_L3_01127,3,cavitation,A,150,0.8866251111030579,2,m6b_physics_lib_v2,-1,0b_v2,2026-04-26,,
M6B_L3_01128,3,cavitation,A,150,0.43285927176475525,2,m6b_physics_lib_v2,-1,0b_v2,2026-04-26,,
M6B_L3_01129,3,cavitation,A,150,0.2816298007965088,2,m6b_physics_lib_v2,-1,0b_v2,2026-04-26,,
M6B_L3_01130,3,cavitation,A,150,0.9287113547325134,2,m6b_physics_lib_v2,-1,0b_v2,2026-04-26,,
M6B_L3_01131,3,cavitation,A,150,0.5952078104019165,2,m6b_physics_lib_v2,-1,0b_v2,2026-04-26,,
M6B_L3_01132,3,cavitation,A,150,0.47197380661964417,2,m6b_physics_lib_v2,-1,0b_v2,2026-04-26,,
M6B_L3_01133,3,cavitation,A,150,0.22853857278823853,2,m6b_physics_lib_v2,-1,0b_v2,2026-04-26,,
M6B_L3_01134,3,cavitation,A,150,0.259229451417923,2,m6b_physics_lib_v2,-1,0b_v2,2026-04-26,,
M6B_L3_01135,3,cavitation,A,150,0.4944778084754944,2,m6b_physics_lib_v2,-1,0b_v2,2026-04-26,,
M6B_L3_01136,3,cavitation,A,150,0.35530954599380493,2,m6b_physics_lib_v2,-1,0b_v2,2026-04-26,,
M6B_L3_01137,3,cavitation,A,150,0.8240109086036682,2,m6b_physics_lib_v2,-1,0b_v2,2026-04-26,,
M6B_L3_01138,3,cavitation,A,150,0.6443040370941162,2,m6b_physics_lib_v2,-1,0b_v2,2026-04-26,,
M6B_L3_01139,3,cavitation,A,150,0.28045523166656494,2,m6b_physics_lib_v2,-1,0b_v2,2026-04-26,,
M6B_L3_01140,3,cavitation,A,150,0.6393460631370544,2,m6b_physics_lib_v2,-1,0b_v2,2026-04-26,,
M6B_L3_01141,3,cavitation,A,150,0.40267643332481384,2,m6b_physics_lib_v2,-1,0b_v2,2026-04-26,,
M6B_L3_01142,3,cavitation,A,150,0.4904138445854187,2,m6b_physics_lib_v2,-1,0b_v2,2026-04-26,,
M6B_L3_01143,3,cavitation,A,150,0.7937558889389038,2,m6b_physics_lib_v2,-1,0b_v2,2026-04-26,,
M6B_L3_01144,3,cavitation,A,150,0.3840036988258362,2,m6b_physics_lib_v2,-1,0b_v2,2026-04-26,,
M6B_L3_01145,3,cavitation,A,150,0.35956984758377075,2,m6b_physics_lib_v2,-1,0b_v2,2026-04-26,,
M6B_L3_01146,3,cavitation,A,150,0.5596757531166077,2,m6b_physics_lib_v2,-1,0b_v2,2026-04-26,,
M6B_L3_01147,3,cavitation,A,150,0.5568584203720093,2,m6b_physics_lib_v2,-1,0b_v2,2026-04-26,,
M6B_L3_01148,3,cavitation,A,150,0.9876531958580017,2,m6b_physics_lib_v2,-1,0b_v2,2026-04-26,,
M6B_L3_01149,3,cavitation,A,150,0.3805812895298004,2,m6b_physics_lib_v2,-1,0b_v2,2026-04-26,,
M6B_L3_01150,3,cavitation,A,150,0.30483922362327576,2,m6b_physics_lib_v2,-1,0b_v2,2026-04-26,,
M6B_L3_01151,3,cavitation,A,150,0.5821864604949951,2,m6b_physics_lib_v2,-1,0b_v2,2026-04-26,,
M6B_L3_01152,3,cavitation,A,150,0.36757469177246094,2,m6b_physics_lib_v2,-1,0b_v2,2026-04-26,,
M6B_L3_01153,3,cavitation,A,150,0.8087350130081177,2,m6b_physics_lib_v2,-1,0b_v2,2026-04-26,,
M6B_L3_01154,3,cavitation,A,150,0.4740290641784668,2,m6b_physics_lib_v2,-1,0b_v2,2026-04-26,,
M6B_L3_01155,3,cavitation,A,150,0.8762659430503845,2,m6b_physics_lib_v2,-1,0b_v2,2026-04-26,,
M6B_L3_01156,3,cavitation,A,150,0.2721760869026184,2,m6b_physics_lib_v2,-1,0b_v2,2026-04-26,,
M6B_L3_01157,3,cavitation,A,150,0.4245830774307251,2,m6b_physics_lib_v2,-1,0b_v2,2026-04-26,,
M6B_L3_01158,3,cavitation,A,150,0.6446385979652405,2,m6b_physics_lib_v2,-1,0b_v2,2026-04-26,,
M6B_L3_01159,3,cavitation,A,150,0.9059205055236816,2,m6b_physics_lib_v2,-1,0b_v2,2026-04-26,,
M6B_L3_01160,3,cavitation,A,150,0.9282322525978088,2,m6b_physics_lib_v2,-1,0b_v2,2026-04-26,,
M6B_L3_01161,3,cavitation,A,150,0.8208498358726501,2,m6b_physics_lib_v2,-1,0b_v2,2026-04-26,,
M6B_L3_01162,3,cavitation,A,150,0.707764744758606,2,m6b_physics_lib_v2,-1,0b_v2,2026-04-26,,
M6B_L3_01163,3,cavitation,A,150,0.9175609946250916,2,m6b_physics_lib_v2,-1,0b_v2,2026-04-26,,
M6B_L3_01164,3,cavitation,A,150,0.6204884648323059,2,m6b_physics_lib_v2,-1,0b_v2,2026-04-26,,
M6B_L3_01165,3,cavitation,A,150,0.2412431240081787,2,m6b_physics_lib_v2,-1,0b_v2,2026-04-26,,
M6B_L3_01166,3,cavitation,A,150,0.7255139350891113,2,m6b_physics_lib_v2,-1,0b_v2,2026-04-26,,
M6B_L3_01167,3,cavitation,A,150,0.6635372638702393,2,m6b_physics_lib_v2,-1,0b_v2,2026-04-26,,
M6B_L3_01168,3,cavitation,A,150,0.4990367889404297,2,m6b_physics_lib_v2,-1,0b_v2,2026-04-26,,
M6B_L3_01169,3,cavitation,A,150,0.6945194005966187,2,m6b_physics_lib_v2,-1,0b_v2,2026-04-26,,
M6B_L3_01170,3,cavitation,A,150,0.23873847723007202,2,m6b_physics_lib_v2,-1,0b_v2,2026-04-26,,
M6B_L3_01171,3,cavitation,A,150,0.4687700867652893,2,m6b_physics_lib_v2,-1,0b_v2,2026-04-26,,
M6B_L3_01172,3,cavitation,A,150,0.3885705769062042,2,m6b_physics_lib_v2,-1,0b_v2,2026-04-26,,
M6B_L3_01173,3,cavitation,A,150,0.8145183324813843,2,m6b_physics_lib_v2,-1,0b_v2,2026-04-26,,
M6B_L3_01174,3,cavitation,A,150,0.21376937627792358,2,m6b_physics_lib_v2,-1,0b_v2,2026-04-26,,
M6B_L3_01175,3,cavitation,A,150,0.585085391998291,2,m6b_physics_lib_v2,-1,0b_v2,2026-04-26,,
M6B_L3_01176,3,cavitation,A,150,0.573341965675354,2,m6b_physics_lib_v2,-1,0b_v2,2026-04-26,,
M6B_L3_01177,3,cavitation,A,150,0.364412784576416,2,m6b_physics_lib_v2,-1,0b_v2,2026-04-26,,
M6B_L3_01178,3,cavitation,A,150,0.8805579543113708,2,m6b_physics_lib_v2,-1,0b_v2,2026-04-26,,
M6B_L3_01179,3,cavitation,A,150,0.21585939824581146,2,m6b_physics_lib_v2,-1,0b_v2,2026-04-26,,
M6B_L3_01180,3,cavitation,A,150,0.518932044506073,2,m6b_physics_lib_v2,-1,0b_v2,2026-04-26,,
M6B_L3_01181,3,cavitation,A,150,0.6875354051589966,2,m6b_physics_lib_v2,-1,0b_v2,2026-04-26,,
M6B_L3_01182,3,cavitation,A,150,0.275141179561615,2,m6b_physics_lib_v2,-1,0b_v2,2026-04-26,,
M6B_L3_01183,3,cavitation,A,150,0.45617711544036865,2,m6b_physics_lib_v2,-1,0b_v2,2026-04-26,,
M6B_L3_01184,3,cavitation,A,150,0.7238341569900513,2,m6b_physics_lib_v2,-1,0b_v2,2026-04-26,,
M6B_L3_01185,3,cavitation,A,150,0.6367911696434021,2,m6b_physics_lib_v2,-1,0b_v2,2026-04-26,,
M6B_L3_01186,3,cavitation,A,150,0.5338299870491028,2,m6b_physics_lib_v2,-1,0b_v2,2026-04-26,,
M6B_L3_01187,3,cavitation,A,150,0.9971509575843811,2,m6b_physics_lib_v2,-1,0b_v2,2026-04-26,,
M6B_L3_01188,3,cavitation,A,150,0.23252665996551514,2,m6b_physics_lib_v2,-1,0b_v2,2026-04-26,,
M6B_L3_01189,3,cavitation,A,150,0.4795630872249603,2,m6b_physics_lib_v2,-1,0b_v2,2026-04-26,,
M6B_L3_01190,3,cavitation,A,150,0.8862294554710388,2,m6b_physics_lib_v2,-1,0b_v2,2026-04-26,,
M6B_L3_01191,3,cavitation,A,150,0.47667133808135986,2,m6b_physics_lib_v2,-1,0b_v2,2026-04-26,,
M6B_L3_01192,3,cavitation,A,150,0.886570394039154,2,m6b_physics_lib_v2,-1,0b_v2,2026-04-26,,
M6B_L3_01193,3,cavitation,A,150,0.9048389792442322,2,m6b_physics_lib_v2,-1,0b_v2,2026-04-26,,
M6B_L3_01194,3,cavitation,A,150,0.7551959156990051,2,m6b_physics_lib_v2,-1,0b_v2,2026-04-26,,
M6B_L3_01195,3,cavitation,A,150,0.924873411655426,2,m6b_physics_lib_v2,-1,0b_v2,2026-04-26,,
M6B_L3_01196,3,cavitation,A,150,0.6684984564781189,2,m6b_physics_lib_v2,-1,0b_v2,2026-04-26,,
M6B_L3_01197,3,cavitation,A,150,0.5901331901550293,2,m6b_physics_lib_v2,-1,0b_v2,2026-04-26,,
M6B_L3_01198,3,cavitation,A,150,0.5464555025100708,2,m6b_physics_lib_v2,-1,0b_v2,2026-04-26,,
M6B_L3_01199,3,cavitation,A,150,0.8174198865890503,2,m6b_physics_lib_v2,-1,0b_v2,2026-04-26,,
M6B_L3_01200,3,cavitation,A,150,0.7882779240608215,2,m6b_physics_lib_v2,-1,0b_v2,2026-04-26,,
M6B_L3_01201,3,cavitation,A,150,0.6747403740882874,2,m6b_physics_lib_v2,-1,0b_v2,2026-04-26,,
M6B_L3_01202,3,cavitation,A,150,0.8942820429801941,2,m6b_physics_lib_v2,-1,0b_v2,2026-04-26,,
M6B_L3_01203,3,cavitation,A,150,0.3748690187931061,2,m6b_physics_lib_v2,-1,0b_v2,2026-04-26,,
M6B_L3_01204,3,cavitation,A,150,0.8038882613182068,2,m6b_physics_lib_v2,-1,0b_v2,2026-04-26,,
M6B_L3_01205,3,cavitation,A,150,0.39173978567123413,2,m6b_physics_lib_v2,-1,0b_v2,2026-04-26,,
M6B_L3_01206,3,cavitation,A,150,0.693021297454834,2,m6b_physics_lib_v2,-1,0b_v2,2026-04-26,,
M6B_L3_01207,3,cavitation,A,150,0.3507132828235626,2,m6b_physics_lib_v2,-1,0b_v2,2026-04-26,,
M6B_L3_01208,3,cavitation,A,150,0.8485516905784607,2,m6b_physics_lib_v2,-1,0b_v2,2026-04-26,,
M6B_L3_01209,3,cavitation,A,150,0.26369374990463257,2,m6b_physics_lib_v2,-1,0b_v2,2026-04-26,,
M6B_L3_01210,3,cavitation,A,150,0.6155646443367004,2,m6b_physics_lib_v2,-1,0b_v2,2026-04-26,,
M6B_L3_01211,3,cavitation,A,150,0.9928854703903198,2,m6b_physics_lib_v2,-1,0b_v2,2026-04-26,,
M6B_L3_01212,3,cavitation,A,150,0.9186167120933533,2,m6b_physics_lib_v2,-1,0b_v2,2026-04-26,,
M6B_L3_01213,3,cavitation,A,150,0.33428364992141724,2,m6b_physics_lib_v2,-1,0b_v2,2026-04-26,,
M6B_L3_01214,3,cavitation,A,150,0.42149171233177185,2,m6b_physics_lib_v2,-1,0b_v2,2026-04-26,,
M6B_L3_01215,3,cavitation,A,150,0.5959705114364624,2,m6b_physics_lib_v2,-1,0b_v2,2026-04-26,,
M6B_L3_01216,3,cavitation,A,150,0.256869912147522,2,m6b_physics_lib_v2,-1,0b_v2,2026-04-26,,
M6B_L3_01217,3,cavitation,A,150,0.710491418838501,2,m6b_physics_lib_v2,-1,0b_v2,2026-04-26,,
M6B_L3_01218,3,cavitation,A,150,0.5001089572906494,2,m6b_physics_lib_v2,-1,0b_v2,2026-04-26,,
M6B_L3_01219,3,cavitation,A,150,0.7895868420600891,2,m6b_physics_lib_v2,-1,0b_v2,2026-04-26,,
M6B_L3_01220,3,cavitation,A,150,0.992638111114502,2,m6b_physics_lib_v2,-1,0b_v2,2026-04-26,,
M6B_L3_01221,3,cavitation,A,150,0.618580162525177,2,m6b_physics_lib_v2,-1,0b_v2,2026-04-26,,
M6B_L3_01222,3,cavitation,A,150,0.43908190727233887,2,m6b_physics_lib_v2,-1,0b_v2,2026-04-26,,
M6B_L3_01223,3,cavitation,A,150,0.6124011874198914,2,m6b_physics_lib_v2,-1,0b_v2,2026-04-26,,
M6B_L3_01224,3,cavitation,A,150,0.8389371037483215,2,m6b_physics_lib_v2,-1,0b_v2,2026-04-26,,
M6B_L3_01225,3,cavitation,A,150,0.9450498819351196,2,m6b_physics_lib_v2,-1,0b_v2,2026-04-26,,
M6B_L3_01226,3,cavitation,A,150,0.6735405325889587,2,m6b_physics_lib_v2,-1,0b_v2,2026-04-26,,
M6B_L3_01227,3,cavitation,A,150,0.9405227899551392,2,m6b_physics_lib_v2,-1,0b_v2,2026-04-26,,
M6B_L3_01228,3,cavitation,A,150,0.9068781733512878,2,m6b_physics_lib_v2,-1,0b_v2,2026-04-26,,
M6B_L3_01229,3,cavitation,A,150,0.23178377747535706,2,m6b_physics_lib_v2,-1,0b_v2,2026-04-26,,
M6B_L3_01230,3,cavitation,A,150,0.2816443145275116,2,m6b_physics_lib_v2,-1,0b_v2,2026-04-26,,
M6B_L3_01231,3,cavitation,A,150,0.6348220109939575,2,m6b_physics_lib_v2,-1,0b_v2,2026-04-26,,
M6B_L3_01232,3,cavitation,A,150,0.23325181007385254,2,m6b_physics_lib_v2,-1,0b_v2,2026-04-26,,
M6B_L3_01233,3,cavitation,A,150,0.7035510540008545,2,m6b_physics_lib_v2,-1,0b_v2,2026-04-26,,
M6B_L3_01234,3,cavitation,A,150,0.4002216160297394,2,m6b_physics_lib_v2,-1,0b_v2,2026-04-26,,
M6B_L3_01235,3,cavitation,A,150,0.8724824786186218,2,m6b_physics_lib_v2,-1,0b_v2,2026-04-26,,
M6B_L3_01236,3,cavitation,A,150,0.972842276096344,2,m6b_physics_lib_v2,-1,0b_v2,2026-04-26,,
M6B_L3_01237,3,cavitation,A,150,0.4194774031639099,2,m6b_physics_lib_v2,-1,0b_v2,2026-04-26,,
M6B_L3_01238,3,cavitation,A,150,0.4800882041454315,2,m6b_physics_lib_v2,-1,0b_v2,2026-04-26,,
M6B_L3_01239,3,cavitation,A,150,0.24024713039398193,2,m6b_physics_lib_v2,-1,0b_v2,2026-04-26,,
M6B_L3_01240,3,cavitation,A,150,0.8547990322113037,2,m6b_physics_lib_v2,-1,0b_v2,2026-04-26,,
M6B_L3_01241,3,cavitation,A,150,0.3612973093986511,2,m6b_physics_lib_v2,-1,0b_v2,2026-04-26,,
M6B_L3_01242,3,cavitation,A,150,0.3185507357120514,2,m6b_physics_lib_v2,-1,0b_v2,2026-04-26,,
M6B_L3_01243,3,cavitation,A,150,0.853180468082428,2,m6b_physics_lib_v2,-1,0b_v2,2026-04-26,,
M6B_L3_01244,3,cavitation,A,150,0.20804603397846222,2,m6b_physics_lib_v2,-1,0b_v2,2026-04-26,,
M6B_L3_01245,3,cavitation,A,150,0.9860031604766846,2,m6b_physics_lib_v2,-1,0b_v2,2026-04-26,,
M6B_L3_01246,3,cavitation,A,150,0.5606922507286072,2,m6b_physics_lib_v2,-1,0b_v2,2026-04-26,,
M6B_L3_01247,3,cavitation,A,150,0.24329674243927002,2,m6b_physics_lib_v2,-1,0b_v2,2026-04-26,,
M6B_L3_01248,3,cavitation,A,150,0.20805948972702026,2,m6b_physics_lib_v2,-1,0b_v2,2026-04-26,,
M6B_L3_01249,3,cavitation,A,150,0.6063565015792847,2,m6b_physics_lib_v2,-1,0b_v2,2026-04-26,,
M6B_L3_01250,3,cavitation,A,150,0.7442159056663513,2,m6b_physics_lib_v2,-1,0b_v2,2026-04-26,,
M6B_L3_01251,3,cavitation,A,150,0.9882456660270691,2,m6b_physics_lib_v2,-1,0b_v2,2026-04-26,,
M6B_L3_01252,3,cavitation,A,150,0.2322356402873993,2,m6b_physics_lib_v2,-1,0b_v2,2026-04-26,,
M6B_L3_01253,3,cavitation,A,150,0.5096169114112854,2,m6b_physics_lib_v2,-1,0b_v2,2026-04-26,,
M6B_L3_01254,3,cavitation,A,150,0.9352210164070129,2,m6b_physics_lib_v2,-1,0b_v2,2026-04-26,,
M6B_L3_01255,3,cavitation,A,150,0.7535344362258911,2,m6b_physics_lib_v2,-1,0b_v2,2026-04-26,,
M6B_L3_01256,3,cavitation,A,150,0.20373140275478363,2,m6b_physics_lib_v2,-1,0b_v2,2026-04-26,,
M6B_L3_01257,3,cavitation,A,150,0.7558110952377319,2,m6b_physics_lib_v2,-1,0b_v2,2026-04-26,,
M6B_L3_01258,3,cavitation,A,150,0.5893295407295227,2,m6b_physics_lib_v2,-1,0b_v2,2026-04-26,,
M6B_L3_01259,3,cavitation,A,150,0.867920458316803,2,m6b_physics_lib_v2,-1,0b_v2,2026-04-26,,
M6B_L3_01260,3,cavitation,A,150,0.5648818016052246,2,m6b_physics_lib_v2,-1,0b_v2,2026-04-26,,
M6B_L3_01261,3,cavitation,A,150,0.243367001414299,2,m6b_physics_lib_v2,-1,0b_v2,2026-04-26,,
M6B_L3_01262,3,cavitation,A,150,0.4204299747943878,2,m6b_physics_lib_v2,-1,0b_v2,2026-04-26,,
M6B_L3_01263,3,cavitation,A,150,0.6409298777580261,2,m6b_physics_lib_v2,-1,0b_v2,2026-04-26,,
M6B_L3_01264,3,cavitation,A,150,0.4726840555667877,2,m6b_physics_lib_v2,-1,0b_v2,2026-04-26,,
M6B_L3_01265,3,cavitation,A,150,0.3896028697490692,2,m6b_physics_lib_v2,-1,0b_v2,2026-04-26,,
M6B_L3_01266,3,cavitation,A,150,0.32703515887260437,2,m6b_physics_lib_v2,-1,0b_v2,2026-04-26,,
M6B_L3_01267,3,cavitation,A,150,0.49159836769104004,2,m6b_physics_lib_v2,-1,0b_v2,2026-04-26,,
M6B_L3_01268,3,cavitation,A,150,0.5234355330467224,2,m6b_physics_lib_v2,-1,0b_v2,2026-04-26,,
M6B_L3_01269,3,cavitation,A,150,0.49624958634376526,2,m6b_physics_lib_v2,-1,0b_v2,2026-04-26,,
M6B_L3_01270,3,cavitation,A,150,0.3006913363933563,2,m6b_physics_lib_v2,-1,0b_v2,2026-04-26,,
M6B_L3_01271,3,cavitation,A,150,0.8600101470947266,2,m6b_physics_lib_v2,-1,0b_v2,2026-04-26,,
M6B_L3_01272,3,cavitation,A,150,0.9642580151557922,2,m6b_physics_lib_v2,-1,0b_v2,2026-04-26,,
M6B_L3_01273,3,cavitation,A,150,0.4639970362186432,2,m6b_physics_lib_v2,-1,0b_v2,2026-04-26,,
M6B_L3_01274,3,cavitation,A,150,0.5183776021003723,2,m6b_physics_lib_v2,-1,0b_v2,2026-04-26,,
M6B_L3_01275,3,cavitation,A,150,0.4830438792705536,2,m6b_physics_lib_v2,-1,0b_v2,2026-04-26,,
M6B_L3_01276,3,cavitation,A,150,0.8243317008018494,2,m6b_physics_lib_v2,-1,0b_v2,2026-04-26,,
M6B_L3_01277,3,cavitation,A,150,0.94693922996521,2,m6b_physics_lib_v2,-1,0b_v2,2026-04-26,,
M6B_L3_01278,3,cavitation,A,150,0.44425544142723083,2,m6b_physics_lib_v2,-1,0b_v2,2026-04-26,,
M6B_L3_01279,3,cavitation,A,150,0.8641416430473328,2,m6b_physics_lib_v2,-1,0b_v2,2026-04-26,,
M6B_L3_01280,3,cavitation,A,150,0.3864467442035675,2,m6b_physics_lib_v2,-1,0b_v2,2026-04-26,,
M6B_L3_01281,3,cavitation,A,150,0.4796657860279083,2,m6b_physics_lib_v2,-1,0b_v2,2026-04-26,,
M6B_L3_01282,3,cavitation,A,150,0.4259704351425171,2,m6b_physics_lib_v2,-1,0b_v2,2026-04-26,,
M6B_L3_01283,3,cavitation,A,150,0.26293712854385376,2,m6b_physics_lib_v2,-1,0b_v2,2026-04-26,,
M6B_L3_01284,3,cavitation,A,150,0.4487198293209076,2,m6b_physics_lib_v2,-1,0b_v2,2026-04-26,,
M6B_L3_01285,3,cavitation,A,150,0.6532131433486938,2,m6b_physics_lib_v2,-1,0b_v2,2026-04-26,,
M6B_L3_01286,3,cavitation,A,150,0.20710915327072144,2,m6b_physics_lib_v2,-1,0b_v2,2026-04-26,,
M6B_L3_01287,3,cavitation,A,150,0.4015957713127136,2,m6b_physics_lib_v2,-1,0b_v2,2026-04-26,,
M6B_L3_01288,3,cavitation,A,150,0.27901050448417664,2,m6b_physics_lib_v2,-1,0b_v2,2026-04-26,,
M6B_L3_01289,3,cavitation,A,150,0.4193464517593384,2,m6b_physics_lib_v2,-1,0b_v2,2026-04-26,,
M6B_L3_01290,3,cavitation,A,150,0.24064359068870544,2,m6b_physics_lib_v2,-1,0b_v2,2026-04-26,,
M6B_L3_01291,3,cavitation,A,150,0.48980093002319336,2,m6b_physics_lib_v2,-1,0b_v2,2026-04-26,,
M6B_L3_01292,3,cavitation,A,150,0.2391463965177536,2,m6b_physics_lib_v2,-1,0b_v2,2026-04-26,,
M6B_L3_01293,3,cavitation,A,150,0.34631913900375366,2,m6b_physics_lib_v2,-1,0b_v2,2026-04-26,,
M6B_L3_01294,3,cavitation,A,150,0.6469784379005432,2,m6b_physics_lib_v2,-1,0b_v2,2026-04-26,,
M6B_L3_01295,3,cavitation,A,150,0.4448901116847992,2,m6b_physics_lib_v2,-1,0b_v2,2026-04-26,,
M6B_L3_01296,3,cavitation,A,150,0.7418725490570068,2,m6b_physics_lib_v2,-1,0b_v2,2026-04-26,,
M6B_L3_01297,3,cavitation,A,150,0.7943098545074463,2,m6b_physics_lib_v2,-1,0b_v2,2026-04-26,,
M6B_L3_01298,3,cavitation,A,150,0.6007078886032104,2,m6b_physics_lib_v2,-1,0b_v2,2026-04-26,,
M6B_L3_01299,3,cavitation,A,150,0.21595963835716248,2,m6b_physics_lib_v2,-1,0b_v2,2026-04-26,,
M6B_L3_01300,3,cavitation,A,150,0.3991124927997589,2,m6b_physics_lib_v2,-1,0b_v2,2026-04-26,,
M6B_L3_01301,3,cavitation,A,150,0.6877502799034119,2,m6b_physics_lib_v2,-1,0b_v2,2026-04-26,,
M6B_L3_01302,3,cavitation,A,150,0.8592064380645752,2,m6b_physics_lib_v2,-1,0b_v2,2026-04-26,,
M6B_L3_01303,3,cavitation,A,150,0.8138180375099182,2,m6b_physics_lib_v2,-1,0b_v2,2026-04-26,,
M6B_L3_01304,3,cavitation,A,150,0.2204199731349945,2,m6b_physics_lib_v2,-1,0b_v2,2026-04-26,,
M6B_L3_01305,3,cavitation,A,150,0.8831242918968201,2,m6b_physics_lib_v2,-1,0b_v2,2026-04-26,,
M6B_L3_01306,3,cavitation,A,150,0.7179700136184692,2,m6b_physics_lib_v2,-1,0b_v2,2026-04-26,,
M6B_L3_01307,3,cavitation,A,150,0.9672878384590149,2,m6b_physics_lib_v2,-1,0b_v2,2026-04-26,,
M6B_L3_01308,3,cavitation,A,150,0.7954882979393005,2,m6b_physics_lib_v2,-1,0b_v2,2026-04-26,,
M6B_L3_01309,3,cavitation,A,150,0.39659422636032104,2,m6b_physics_lib_v2,-1,0b_v2,2026-04-26,,
M6B_L3_01310,3,cavitation,A,150,0.46276572346687317,2,m6b_physics_lib_v2,-1,0b_v2,2026-04-26,,
M6B_L3_01311,3,cavitation,A,150,0.8666509985923767,2,m6b_physics_lib_v2,-1,0b_v2,2026-04-26,,
M6B_L3_01312,3,cavitation,A,150,0.9959356784820557,2,m6b_physics_lib_v2,-1,0b_v2,2026-04-26,,
M6B_L3_01313,3,cavitation,A,150,0.8377964496612549,2,m6b_physics_lib_v2,-1,0b_v2,2026-04-26,,
M6B_L3_01314,3,cavitation,A,150,0.9175683259963989,2,m6b_physics_lib_v2,-1,0b_v2,2026-04-26,,
M6B_L3_01315,3,cavitation,A,150,0.5186982750892639,2,m6b_physics_lib_v2,-1,0b_v2,2026-04-26,,
M6B_L3_01316,3,cavitation,A,150,0.4152017831802368,2,m6b_physics_lib_v2,-1,0b_v2,2026-04-26,,
M6B_L3_01317,3,cavitation,A,150,0.8322587013244629,2,m6b_physics_lib_v2,-1,0b_v2,2026-04-26,,
M6B_L3_01318,3,cavitation,A,150,0.20850206911563873,2,m6b_physics_lib_v2,-1,0b_v2,2026-04-26,,
M6B_L3_01319,3,cavitation,A,150,0.47579580545425415,2,m6b_physics_lib_v2,-1,0b_v2,2026-04-26,,
M6B_L3_01320,3,cavitation,A,150,0.8637547492980957,2,m6b_physics_lib_v2,-1,0b_v2,2026-04-26,,
M6B_L3_01321,3,cavitation,A,150,0.6738466620445251,2,m6b_physics_lib_v2,-1,0b_v2,2026-04-26,,
M6B_L3_01322,3,cavitation,A,150,0.9211227297782898,2,m6b_physics_lib_v2,-1,0b_v2,2026-04-26,,
M6B_L3_01323,3,cavitation,A,150,0.2879350781440735,2,m6b_physics_lib_v2,-1,0b_v2,2026-04-26,,
M6B_L3_01324,3,cavitation,A,150,0.9460733532905579,2,m6b_physics_lib_v2,-1,0b_v2,2026-04-26,,
M6B_L3_01325,3,cavitation,A,150,0.635178804397583,2,m6b_physics_lib_v2,-1,0b_v2,2026-04-26,,
M6B_L3_01326,3,cavitation,A,150,0.9291459321975708,2,m6b_physics_lib_v2,-1,0b_v2,2026-04-26,,
M6B_L3_01327,3,cavitation,A,150,0.3169266879558563,2,m6b_physics_lib_v2,-1,0b_v2,2026-04-26,,
M6B_L3_01328,3,cavitation,A,150,0.4130619466304779,2,m6b_physics_lib_v2,-1,0b_v2,2026-04-26,,
M6B_L3_01329,3,cavitation,A,150,0.8687164187431335,2,m6b_physics_lib_v2,-1,0b_v2,2026-04-26,,
M6B_L3_01330,3,cavitation,A,150,0.43122991919517517,2,m6b_physics_lib_v2,-1,0b_v2,2026-04-26,,
M6B_L3_01331,3,cavitation,A,150,0.20579883456230164,2,m6b_physics_lib_v2,-1,0b_v2,2026-04-26,,
M6B_L3_01332,3,cavitation,A,150,0.6898152232170105,2,m6b_physics_lib_v2,-1,0b_v2,2026-04-26,,
M6B_L3_01333,3,cavitation,A,150,0.8858745098114014,2,m6b_physics_lib_v2,-1,0b_v2,2026-04-26,,
M6B_L3_01334,3,cavitation,A,150,0.2138928323984146,2,m6b_physics_lib_v2,-1,0b_v2,2026-04-26,,
M6B_L3_01335,3,cavitation,A,150,0.4290001690387726,2,m6b_physics_lib_v2,-1,0b_v2,2026-04-26,,
M6B_L3_01336,3,cavitation,A,150,0.43609803915023804,2,m6b_physics_lib_v2,-1,0b_v2,2026-04-26,,
M6B_L3_01337,3,cavitation,A,150,0.6696916818618774,2,m6b_physics_lib_v2,-1,0b_v2,2026-04-26,,
M6B_L3_01338,3,cavitation,A,150,0.612289547920227,2,m6b_physics_lib_v2,-1,0b_v2,2026-04-26,,
M6B_L3_01339,3,cavitation,A,150,0.42400550842285156,2,m6b_physics_lib_v2,-1,0b_v2,2026-04-26,,
M6B_L3_01340,3,cavitation,A,150,0.6218361854553223,2,m6b_physics_lib_v2,-1,0b_v2,2026-04-26,,
M6B_L3_01341,3,cavitation,A,150,0.5159045457839966,2,m6b_physics_lib_v2,-1,0b_v2,2026-04-26,,
M6B_L3_01342,3,cavitation,A,150,0.7581055760383606,2,m6b_physics_lib_v2,-1,0b_v2,2026-04-26,,
M6B_L3_01343,3,cavitation,A,150,0.26452183723449707,2,m6b_physics_lib_v2,-1,0b_v2,2026-04-26,,
M6B_L3_01344,3,cavitation,A,150,0.9946537017822266,2,m6b_physics_lib_v2,-1,0b_v2,2026-04-26,,
M6B_L3_01345,3,cavitation,A,150,0.35919123888015747,2,m6b_physics_lib_v2,-1,0b_v2,2026-04-26,,
M6B_L3_01346,3,cavitation,A,150,0.8251774907112122,2,m6b_physics_lib_v2,-1,0b_v2,2026-04-26,,
M6B_L3_01347,3,cavitation,A,150,0.6542905569076538,2,m6b_physics_lib_v2,-1,0b_v2,2026-04-26,,
M6B_L3_01348,3,cavitation,A,150,0.9107879400253296,2,m6b_physics_lib_v2,-1,0b_v2,2026-04-26,,
M6B_L3_01349,3,cavitation,A,150,0.6761155128479004,2,m6b_physics_lib_v2,-1,0b_v2,2026-04-26,,
M6B_L3_01350,3,cavitation,A,150,0.21141409873962402,2,m6b_physics_lib_v2,-1,0b_v2,2026-04-26,,
M6B_L3_01351,3,cavitation,A,150,0.8716189861297607,2,m6b_physics_lib_v2,-1,0b_v2,2026-04-26,,
M6B_L3_01352,3,cavitation,A,150,0.3942648470401764,2,m6b_physics_lib_v2,-1,0b_v2,2026-04-26,,
M6B_L3_01353,3,cavitation,A,150,0.29402032494544983,2,m6b_physics_lib_v2,-1,0b_v2,2026-04-26,,
M6B_L3_01354,3,cavitation,A,150,0.9677024483680725,2,m6b_physics_lib_v2,-1,0b_v2,2026-04-26,,
M6B_L3_01355,3,cavitation,A,150,0.2616293132305145,2,m6b_physics_lib_v2,-1,0b_v2,2026-04-26,,
M6B_L3_01356,3,cavitation,A,150,0.4824804961681366,2,m6b_physics_lib_v2,-1,0b_v2,2026-04-26,,
M6B_L3_01357,3,cavitation,A,150,0.4694279730319977,2,m6b_physics_lib_v2,-1,0b_v2,2026-04-26,,
M6B_L3_01358,3,cavitation,A,150,0.4208585321903229,2,m6b_physics_lib_v2,-1,0b_v2,2026-04-26,,
M6B_L3_01359,3,cavitation,A,150,0.31323230266571045,2,m6b_physics_lib_v2,-1,0b_v2,2026-04-26,,
M6B_L3_01360,3,cavitation,A,150,0.6264413595199585,2,m6b_physics_lib_v2,-1,0b_v2,2026-04-26,,
M6B_L3_01361,3,cavitation,A,150,0.7106823325157166,2,m6b_physics_lib_v2,-1,0b_v2,2026-04-26,,
M6B_L3_01362,3,cavitation,A,150,0.9325842261314392,2,m6b_physics_lib_v2,-1,0b_v2,2026-04-26,,
M6B_L3_01363,3,cavitation,A,150,0.9920879006385803,2,m6b_physics_lib_v2,-1,0b_v2,2026-04-26,,
M6B_L3_01364,3,cavitation,A,150,0.290094792842865,2,m6b_physics_lib_v2,-1,0b_v2,2026-04-26,,
M6B_L3_01365,3,cavitation,A,150,0.4465339481830597,2,m6b_physics_lib_v2,-1,0b_v2,2026-04-26,,
M6B_L3_01366,3,cavitation,A,150,0.4146849811077118,2,m6b_physics_lib_v2,-1,0b_v2,2026-04-26,,
M6B_L3_01367,3,cavitation,A,150,0.6584540009498596,2,m6b_physics_lib_v2,-1,0b_v2,2026-04-26,,
M6B_L3_01368,3,cavitation,A,150,0.6594058275222778,2,m6b_physics_lib_v2,-1,0b_v2,2026-04-26,,
M6B_L3_01369,3,cavitation,A,150,0.572294294834137,2,m6b_physics_lib_v2,-1,0b_v2,2026-04-26,,
M6B_L3_01370,3,cavitation,A,150,0.8340321779251099,2,m6b_physics_lib_v2,-1,0b_v2,2026-04-26,,
M6B_L3_01371,3,cavitation,A,150,0.4804852604866028,2,m6b_physics_lib_v2,-1,0b_v2,2026-04-26,,
M6B_L3_01372,3,cavitation,A,150,0.3161257803440094,2,m6b_physics_lib_v2,-1,0b_v2,2026-04-26,,
M6B_L3_01373,3,cavitation,A,150,0.8127462267875671,2,m6b_physics_lib_v2,-1,0b_v2,2026-04-26,,
M6B_L3_01374,3,cavitation,A,150,0.6292832493782043,2,m6b_physics_lib_v2,-1,0b_v2,2026-04-26,,
M6B_L3_01375,3,cavitation,A,150,0.6111412048339844,2,m6b_physics_lib_v2,-1,0b_v2,2026-04-26,,
M6B_L3_01376,3,cavitation,A,150,0.4396606385707855,2,m6b_physics_lib_v2,-1,0b_v2,2026-04-26,,
M6B_L3_01377,3,cavitation,A,150,0.7890682816505432,2,m6b_physics_lib_v2,-1,0b_v2,2026-04-26,,
M6B_L3_01378,3,cavitation,A,150,0.8466376662254333,2,m6b_physics_lib_v2,-1,0b_v2,2026-04-26,,
M6B_L3_01379,3,cavitation,A,150,0.32595399022102356,2,m6b_physics_lib_v2,-1,0b_v2,2026-04-26,,
M6B_L3_01380,3,cavitation,A,150,0.20745442807674408,2,m6b_physics_lib_v2,-1,0b_v2,2026-04-26,,
M6B_L3_01381,3,cavitation,A,150,0.39008811116218567,2,m6b_physics_lib_v2,-1,0b_v2,2026-04-26,,
M6B_L3_01382,3,cavitation,A,150,0.9362491965293884,2,m6b_physics_lib_v2,-1,0b_v2,2026-04-26,,
M6B_L3_01383,3,cavitation,A,150,0.2540924847126007,2,m6b_physics_lib_v2,-1,0b_v2,2026-04-26,,
M6B_L3_01384,3,cavitation,A,150,0.5416060090065002,2,m6b_physics_lib_v2,-1,0b_v2,2026-04-26,,
M6B_L3_01385,3,cavitation,A,150,0.9068787097930908,2,m6b_physics_lib_v2,-1,0b_v2,2026-04-26,,
M6B_L3_01386,3,cavitation,A,150,0.2407076358795166,2,m6b_physics_lib_v2,-1,0b_v2,2026-04-26,,
M6B_L3_01387,3,cavitation,A,150,0.8705489635467529,2,m6b_physics_lib_v2,-1,0b_v2,2026-04-26,,
M6B_L3_01388,3,cavitation,A,150,0.7793759703636169,2,m6b_physics_lib_v2,-1,0b_v2,2026-04-26,,
M6B_L3_01389,3,cavitation,A,150,0.6431259512901306,2,m6b_physics_lib_v2,-1,0b_v2,2026-04-26,,
M6B_L3_01390,3,cavitation,A,150,0.41205093264579773,2,m6b_physics_lib_v2,-1,0b_v2,2026-04-26,,
M6B_L3_01391,3,cavitation,A,150,0.7990483045578003,2,m6b_physics_lib_v2,-1,0b_v2,2026-04-26,,
M6B_L3_01392,3,cavitation,A,150,0.8201099634170532,2,m6b_physics_lib_v2,-1,0b_v2,2026-04-26,,
M6B_L3_01393,3,cavitation,A,150,0.7725826501846313,2,m6b_physics_lib_v2,-1,0b_v2,2026-04-26,,
M6B_L3_01394,3,cavitation,A,150,0.6277951002120972,2,m6b_physics_lib_v2,-1,0b_v2,2026-04-26,,
M6B_L3_01395,3,cavitation,A,150,0.43320348858833313,2,m6b_physics_lib_v2,-1,0b_v2,2026-04-26,,
M6B_L3_01396,3,cavitation,A,150,0.3131020665168762,2,m6b_physics_lib_v2,-1,0b_v2,2026-04-26,,
M6B_L3_01397,3,cavitation,A,150,0.3298829197883606,2,m6b_physics_lib_v2,-1,0b_v2,2026-04-26,,
M6B_L3_01398,3,cavitation,A,150,0.9331839084625244,2,m6b_physics_lib_v2,-1,0b_v2,2026-04-26,,
M6B_L3_01399,3,cavitation,A,150,0.30069687962532043,2,m6b_physics_lib_v2,-1,0b_v2,2026-04-26,,
M6B_L3_01400,3,cavitation,A,150,0.4654918313026428,2,m6b_physics_lib_v2,-1,0b_v2,2026-04-26,,
M6B_L3_01401,3,cavitation,A,150,0.5271729826927185,2,m6b_physics_lib_v2,-1,0b_v2,2026-04-26,,
M6B_L3_01402,3,cavitation,A,150,0.30008456110954285,2,m6b_physics_lib_v2,-1,0b_v2,2026-04-26,,
M6B_L3_01403,3,cavitation,A,150,0.3063826858997345,2,m6b_physics_lib_v2,-1,0b_v2,2026-04-26,,
M6B_L3_01404,3,cavitation,A,150,0.8846525549888611,2,m6b_physics_lib_v2,-1,0b_v2,2026-04-26,,
M6B_L3_01405,3,cavitation,A,150,0.898707926273346,2,m6b_physics_lib_v2,-1,0b_v2,2026-04-26,,
M6B_L3_01406,3,cavitation,A,150,0.8687400817871094,2,m6b_physics_lib_v2,-1,0b_v2,2026-04-26,,
M6B_L3_01407,3,cavitation,A,150,0.6830982565879822,2,m6b_physics_lib_v2,-1,0b_v2,2026-04-26,,
M6B_L3_01408,3,cavitation,A,150,0.4526524841785431,2,m6b_physics_lib_v2,-1,0b_v2,2026-04-26,,
M6B_L3_01409,3,cavitation,A,150,0.7163227796554565,2,m6b_physics_lib_v2,-1,0b_v2,2026-04-26,,
M6B_L3_01410,3,cavitation,A,150,0.9310986399650574,2,m6b_physics_lib_v2,-1,0b_v2,2026-04-26,,
M6B_L3_01411,3,cavitation,A,150,0.8514308333396912,2,m6b_physics_lib_v2,-1,0b_v2,2026-04-26,,
M6B_L3_01412,3,cavitation,A,150,0.3616718053817749,2,m6b_physics_lib_v2,-1,0b_v2,2026-04-26,,
M6B_L3_01413,3,cavitation,A,150,0.41537386178970337,2,m6b_physics_lib_v2,-1,0b_v2,2026-04-26,,
M6B_L3_01414,3,cavitation,A,150,0.3535688519477844,2,m6b_physics_lib_v2,-1,0b_v2,2026-04-26,,
M6B_L3_01415,3,cavitation,A,150,0.4394075870513916,2,m6b_physics_lib_v2,-1,0b_v2,2026-04-26,,
M6B_L3_01416,3,cavitation,A,150,0.24120298027992249,2,m6b_physics_lib_v2,-1,0b_v2,2026-04-26,,
M6B_L3_01417,3,cavitation,A,150,0.5174981355667114,2,m6b_physics_lib_v2,-1,0b_v2,2026-04-26,,
M6B_L3_01418,3,cavitation,A,150,0.7588084936141968,2,m6b_physics_lib_v2,-1,0b_v2,2026-04-26,,
M6B_L3_01419,3,cavitation,A,150,0.2083919793367386,2,m6b_physics_lib_v2,-1,0b_v2,2026-04-26,,
M6B_L3_01420,3,cavitation,A,150,0.7424120903015137,2,m6b_physics_lib_v2,-1,0b_v2,2026-04-26,,
M6B_L3_01421,3,cavitation,A,150,0.6540154218673706,2,m6b_physics_lib_v2,-1,0b_v2,2026-04-26,,
M6B_L3_01422,3,cavitation,A,150,0.5208125710487366,2,m6b_physics_lib_v2,-1,0b_v2,2026-04-26,,
M6B_L3_01423,3,cavitation,A,150,0.6068435311317444,2,m6b_physics_lib_v2,-1,0b_v2,2026-04-26,,
M6B_L3_01424,3,cavitation,A,150,0.4157504737377167,2,m6b_physics_lib_v2,-1,0b_v2,2026-04-26,,
M6B_L3_01425,3,cavitation,A,150,0.36499670147895813,2,m6b_physics_lib_v2,-1,0b_v2,2026-04-26,,
M6B_L3_01426,3,cavitation,A,150,0.7465552687644958,2,m6b_physics_lib_v2,-1,0b_v2,2026-04-26,,
M6B_L3_01427,3,cavitation,A,150,0.8064906597137451,2,m6b_physics_lib_v2,-1,0b_v2,2026-04-26,,
M6B_L3_01428,3,cavitation,A,150,0.6692898869514465,2,m6b_physics_lib_v2,-1,0b_v2,2026-04-26,,
M6B_L3_01429,3,cavitation,A,150,0.5568968653678894,2,m6b_physics_lib_v2,-1,0b_v2,2026-04-26,,
M6B_L3_01430,3,cavitation,A,150,0.6326773166656494,2,m6b_physics_lib_v2,-1,0b_v2,2026-04-26,,
M6B_L3_01431,3,cavitation,A,150,0.36621981859207153,2,m6b_physics_lib_v2,-1,0b_v2,2026-04-26,,
M6B_L3_01432,3,cavitation,A,150,0.981564998626709,2,m6b_physics_lib_v2,-1,0b_v2,2026-04-26,,
M6B_L3_01433,3,cavitation,A,150,0.31034424901008606,2,m6b_physics_lib_v2,-1,0b_v2,2026-04-26,,
M6B_L3_01434,3,cavitation,A,150,0.6839219927787781,2,m6b_physics_lib_v2,-1,0b_v2,2026-04-26,,
M6B_L3_01435,3,cavitation,A,150,0.9762805104255676,2,m6b_physics_lib_v2,-1,0b_v2,2026-04-26,,
M6B_L3_01436,3,cavitation,A,150,0.5581883788108826,2,m6b_physics_lib_v2,-1,0b_v2,2026-04-26,,
M6B_L3_01437,3,cavitation,A,150,0.5405851602554321,2,m6b_physics_lib_v2,-1,0b_v2,2026-04-26,,
M6B_L3_01438,3,cavitation,A,150,0.8507016897201538,2,m6b_physics_lib_v2,-1,0b_v2,2026-04-26,,
M6B_L3_01439,3,cavitation,A,150,0.32249125838279724,2,m6b_physics_lib_v2,-1,0b_v2,2026-04-26,,
M6B_L3_01440,3,cavitation,A,150,0.36284950375556946,2,m6b_physics_lib_v2,-1,0b_v2,2026-04-26,,
M6B_L3_01441,3,cavitation,A,150,0.8754519820213318,2,m6b_physics_lib_v2,-1,0b_v2,2026-04-26,,
M6B_L3_01442,3,cavitation,A,150,0.30687445402145386,2,m6b_physics_lib_v2,-1,0b_v2,2026-04-26,,
M6B_L3_01443,3,cavitation,A,150,0.7365402579307556,2,m6b_physics_lib_v2,-1,0b_v2,2026-04-26,,
M6B_L3_01444,3,cavitation,A,150,0.7259156107902527,2,m6b_physics_lib_v2,-1,0b_v2,2026-04-26,,
M6B_L3_01445,3,cavitation,A,150,0.9568313956260681,2,m6b_physics_lib_v2,-1,0b_v2,2026-04-26,,
M6B_L3_01446,3,cavitation,A,150,0.5923014283180237,2,m6b_physics_lib_v2,-1,0b_v2,2026-04-26,,
M6B_L3_01447,3,cavitation,A,150,0.372367262840271,2,m6b_physics_lib_v2,-1,0b_v2,2026-04-26,,
M6B_L3_01448,3,cavitation,A,150,0.6484488844871521,2,m6b_physics_lib_v2,-1,0b_v2,2026-04-26,,
M6B_L3_01449,3,cavitation,A,150,0.7894386053085327,2,m6b_physics_lib_v2,-1,0b_v2,2026-04-26,,
M6B_L3_01450,3,cavitation,A,150,0.7661343216896057,2,m6b_physics_lib_v2,-1,0b_v2,2026-04-26,,
M6B_L3_01451,3,cavitation,A,150,0.7935948967933655,2,m6b_physics_lib_v2,-1,0b_v2,2026-04-26,,
M6B_L3_01452,3,cavitation,A,150,0.7939273118972778,2,m6b_physics_lib_v2,-1,0b_v2,2026-04-26,,
M6B_L3_01453,3,cavitation,A,150,0.8217427134513855,2,m6b_physics_lib_v2,-1,0b_v2,2026-04-26,,
M6B_L3_01454,3,cavitation,A,150,0.6628897786140442,2,m6b_physics_lib_v2,-1,0b_v2,2026-04-26,,
M6B_L3_01455,3,cavitation,A,150,0.7527872323989868,2,m6b_physics_lib_v2,-1,0b_v2,2026-04-26,,
M6B_L3_01456,3,cavitation,A,150,0.49227237701416016,2,m6b_physics_lib_v2,-1,0b_v2,2026-04-26,,
M6B_L3_01457,3,cavitation,A,150,0.3577214181423187,2,m6b_physics_lib_v2,-1,0b_v2,2026-04-26,,
M6B_L3_01458,3,cavitation,A,150,0.6070016622543335,2,m6b_physics_lib_v2,-1,0b_v2,2026-04-26,,
M6B_L3_01459,3,cavitation,A,150,0.4322771728038788,2,m6b_physics_lib_v2,-1,0b_v2,2026-04-26,,
M6B_L3_01460,3,cavitation,A,150,0.7965666055679321,2,m6b_physics_lib_v2,-1,0b_v2,2026-04-26,,
M6B_L3_01461,3,cavitation,A,150,0.2848992645740509,2,m6b_physics_lib_v2,-1,0b_v2,2026-04-26,,
M6B_L3_01462,3,cavitation,A,150,0.44583994150161743,2,m6b_physics_lib_v2,-1,0b_v2,2026-04-26,,
M6B_L3_01463,3,cavitation,A,150,0.6110250949859619,2,m6b_physics_lib_v2,-1,0b_v2,2026-04-26,,
M6B_L3_01464,3,cavitation,A,150,0.38618335127830505,2,m6b_physics_lib_v2,-1,0b_v2,2026-04-26,,
M6B_L3_01465,3,cavitation,A,150,0.9273732304573059,2,m6b_physics_lib_v2,-1,0b_v2,2026-04-26,,
M6B_L3_01466,3,cavitation,A,150,0.32599496841430664,2,m6b_physics_lib_v2,-1,0b_v2,2026-04-26,,
M6B_L3_01467,3,cavitation,A,150,0.46169722080230713,2,m6b_physics_lib_v2,-1,0b_v2,2026-04-26,,
M6B_L3_01468,3,cavitation,A,150,0.9413794279098511,2,m6b_physics_lib_v2,-1,0b_v2,2026-04-26,,
M6B_L3_01469,3,cavitation,A,150,0.5775004625320435,2,m6b_physics_lib_v2,-1,0b_v2,2026-04-26,,
M6B_L3_01470,3,cavitation,A,150,0.3289377689361572,2,m6b_physics_lib_v2,-1,0b_v2,2026-04-26,,
M6B_L3_01471,3,cavitation,A,150,0.37894538044929504,2,m6b_physics_lib_v2,-1,0b_v2,2026-04-26,,
M6B_L3_01472,3,cavitation,A,150,0.768415629863739,2,m6b_physics_lib_v2,-1,0b_v2,2026-04-26,,
M6B_L3_01473,3,cavitation,A,150,0.5963746905326843,2,m6b_physics_lib_v2,-1,0b_v2,2026-04-26,,
M6B_L3_01474,3,cavitation,A,150,0.5391554832458496,2,m6b_physics_lib_v2,-1,0b_v2,2026-04-26,,
M6B_L3_01475,3,cavitation,A,150,0.9183472990989685,2,m6b_physics_lib_v2,-1,0b_v2,2026-04-26,,
M6B_L3_01476,3,cavitation,A,150,0.8884919285774231,2,m6b_physics_lib_v2,-1,0b_v2,2026-04-26,,
M6B_L3_01477,3,cavitation,A,150,0.6614497303962708,2,m6b_physics_lib_v2,-1,0b_v2,2026-04-26,,
M6B_L3_01478,3,cavitation,A,150,0.8269298076629639,2,m6b_physics_lib_v2,-1,0b_v2,2026-04-26,,
M6B_L3_01479,3,cavitation,A,150,0.22085611522197723,2,m6b_physics_lib_v2,-1,0b_v2,2026-04-26,,
M6B_L3_01480,3,cavitation,A,150,0.6569352149963379,2,m6b_physics_lib_v2,-1,0b_v2,2026-04-26,,
M6B_L3_01481,3,cavitation,A,150,0.5603628158569336,2,m6b_physics_lib_v2,-1,0b_v2,2026-04-26,,
M6B_L3_01482,3,cavitation,A,150,0.39413732290267944,2,m6b_physics_lib_v2,-1,0b_v2,2026-04-26,,
M6B_L3_01483,3,cavitation,A,150,0.36828550696372986,2,m6b_physics_lib_v2,-1,0b_v2,2026-04-26,,
M6B_L3_01484,3,cavitation,A,150,0.7789623737335205,2,m6b_physics_lib_v2,-1,0b_v2,2026-04-26,,
M6B_L3_01485,3,cavitation,A,150,0.5408810377120972,2,m6b_physics_lib_v2,-1,0b_v2,2026-04-26,,
M6B_L3_01486,3,cavitation,A,150,0.2046649008989334,2,m6b_physics_lib_v2,-1,0b_v2,2026-04-26,,
M6B_L3_01487,3,cavitation,A,150,0.3234690725803375,2,m6b_physics_lib_v2,-1,0b_v2,2026-04-26,,
M6B_L3_01488,3,cavitation,A,150,0.919908344745636,2,m6b_physics_lib_v2,-1,0b_v2,2026-04-26,,
M6B_L3_01489,3,cavitation,A,150,0.8157547116279602,2,m6b_physics_lib_v2,-1,0b_v2,2026-04-26,,
M6B_L3_01490,3,cavitation,A,150,0.3942812979221344,2,m6b_physics_lib_v2,-1,0b_v2,2026-04-26,,
M6B_L3_01491,3,cavitation,A,150,0.2413441389799118,2,m6b_physics_lib_v2,-1,0b_v2,2026-04-26,,
M6B_L3_01492,3,cavitation,A,150,0.6634237170219421,2,m6b_physics_lib_v2,-1,0b_v2,2026-04-26,,
M6B_L3_01493,3,cavitation,A,150,0.5985270738601685,2,m6b_physics_lib_v2,-1,0b_v2,2026-04-26,,
M6B_L3_01494,3,cavitation,A,150,0.49508973956108093,2,m6b_physics_lib_v2,-1,0b_v2,2026-04-26,,
M6B_L3_01495,3,cavitation,A,150,0.4237027168273926,2,m6b_physics_lib_v2,-1,0b_v2,2026-04-26,,
M6B_L3_01496,3,cavitation,A,150,0.298875629901886,2,m6b_physics_lib_v2,-1,0b_v2,2026-04-26,,
M6B_L3_01497,3,cavitation,A,150,0.7285050749778748,2,m6b_physics_lib_v2,-1,0b_v2,2026-04-26,,
M6B_L3_01498,3,cavitation,A,150,0.35042545199394226,2,m6b_physics_lib_v2,-1,0b_v2,2026-04-26,,
M6B_L3_01499,3,cavitation,A,150,0.8508232235908508,2,m6b_physics_lib_v2,-1,0b_v2,2026-04-26,,
M6B_L6_00000,6,sensor_failure,A,150,0.4100649058818817,0,m6b_physics_lib_v2,-1,0b_v2,2026-04-26,flatline,Mot.SV
M6B_L6_00001,6,sensor_failure,A,150,0.7232034206390381,1,m6b_physics_lib_v2,-1,0b_v2,2026-04-26,spike,Pmp.SV
M6B_L6_00002,6,sensor_failure,A,150,0.34185901284217834,3,m6b_physics_lib_v2,-1,0b_v2,2026-04-26,drift,Mot.TV
M6B_L6_00003,6,sensor_failure,A,150,0.9433134198188782,2,m6b_physics_lib_v2,-1,0b_v2,2026-04-26,dropout,Pmp.PV
M6B_L6_00004,6,sensor_failure,A,150,0.8511038422584534,3,m6b_physics_lib_v2,-1,0b_v2,2026-04-26,flatline,Temp.SV
M6B_L6_00005,6,sensor_failure,A,150,0.8443693518638611,3,m6b_physics_lib_v2,-1,0b_v2,2026-04-26,spike,Pres.SV
M6B_L6_00006,6,sensor_failure,A,150,0.7271995544433594,3,m6b_physics_lib_v2,-1,0b_v2,2026-04-26,drift,Pmp.TV
M6B_L6_00007,6,sensor_failure,A,150,0.45760902762413025,0,m6b_physics_lib_v2,-1,0b_v2,2026-04-26,dropout,Mot.PV
M6B_L6_00008,6,sensor_failure,A,150,0.893254280090332,2,m6b_physics_lib_v2,-1,0b_v2,2026-04-26,flatline,Mot.SV
M6B_L6_00009,6,sensor_failure,A,150,0.58803790807724,2,m6b_physics_lib_v2,-1,0b_v2,2026-04-26,spike,Pmp.SV
M6B_L6_00010,6,sensor_failure,A,150,0.4128589630126953,2,m6b_physics_lib_v2,-1,0b_v2,2026-04-26,drift,Mot.TV
M6B_L6_00011,6,sensor_failure,A,150,0.6423446536064148,3,m6b_physics_lib_v2,-1,0b_v2,2026-04-26,dropout,Pmp.PV
M6B_L6_00012,6,sensor_failure,A,150,0.37306055426597595,3,m6b_physics_lib_v2,-1,0b_v2,2026-04-26,flatline,Temp.SV
M6B_L6_00013,6,sensor_failure,A,150,0.6146003007888794,3,m6b_physics_lib_v2,-1,0b_v2,2026-04-26,spike,Pres.SV
M6B_L6_00014,6,sensor_failure,A,150,0.7249932289123535,2,m6b_physics_lib_v2,-1,0b_v2,2026-04-26,drift,Pmp.TV
M6B_L6_00015,6,sensor_failure,A,150,0.9710349440574646,1,m6b_physics_lib_v2,-1,0b_v2,2026-04-26,dropout,Mot.PV
M6B_L6_00016,6,sensor_failure,A,150,0.6564651131629944,1,m6b_physics_lib_v2,-1,0b_v2,2026-04-26,flatline,Mot.SV
M6B_L6_00017,6,sensor_failure,A,150,0.363007515668869,0,m6b_physics_lib_v2,-1,0b_v2,2026-04-26,spike,Pmp.SV
M6B_L6_00018,6,sensor_failure,A,150,0.41136565804481506,0,m6b_physics_lib_v2,-1,0b_v2,2026-04-26,drift,Mot.TV
M6B_L6_00019,6,sensor_failure,A,150,0.3049342632293701,0,m6b_physics_lib_v2,-1,0b_v2,2026-04-26,dropout,Pmp.PV
M6B_L6_00020,6,sensor_failure,A,150,0.516215980052948,1,m6b_physics_lib_v2,-1,0b_v2,2026-04-26,flatline,Temp.SV
M6B_L6_00021,6,sensor_failure,A,150,0.6318084597587585,3,m6b_physics_lib_v2,-1,0b_v2,2026-04-26,spike,Pres.SV
M6B_L6_00022,6,sensor_failure,A,150,0.545850932598114,2,m6b_physics_lib_v2,-1,0b_v2,2026-04-26,drift,Pmp.TV
M6B_L6_00023,6,sensor_failure,A,150,0.8166294693946838,0,m6b_physics_lib_v2,-1,0b_v2,2026-04-26,dropout,Mot.PV
M6B_L6_00024,6,sensor_failure,A,150,0.399657666683197,0,m6b_physics_lib_v2,-1,0b_v2,2026-04-26,flatline,Mot.SV
M6B_L6_00025,6,sensor_failure,A,150,0.6581244468688965,1,m6b_physics_lib_v2,-1,0b_v2,2026-04-26,spike,Pmp.SV
M6B_L6_00026,6,sensor_failure,A,150,0.8667569160461426,2,m6b_physics_lib_v2,-1,0b_v2,2026-04-26,drift,Mot.TV
M6B_L6_00027,6,sensor_failure,A,150,0.6091030240058899,2,m6b_physics_lib_v2,-1,0b_v2,2026-04-26,dropout,Pmp.PV
M6B_L6_00028,6,sensor_failure,A,150,0.648537814617157,2,m6b_physics_lib_v2,-1,0b_v2,2026-04-26,flatline,Temp.SV
M6B_L6_00029,6,sensor_failure,A,150,0.9687774181365967,3,m6b_physics_lib_v2,-1,0b_v2,2026-04-26,spike,Pres.SV
M6B_L6_00030,6,sensor_failure,A,150,0.6191113591194153,2,m6b_physics_lib_v2,-1,0b_v2,2026-04-26,drift,Pmp.TV
M6B_L6_00031,6,sensor_failure,A,150,0.6553438901901245,1,m6b_physics_lib_v2,-1,0b_v2,2026-04-26,dropout,Mot.PV
M6B_L6_00032,6,sensor_failure,A,150,0.9950369596481323,1,m6b_physics_lib_v2,-1,0b_v2,2026-04-26,flatline,Mot.SV
M6B_L6_00033,6,sensor_failure,A,150,0.5854055881500244,0,m6b_physics_lib_v2,-1,0b_v2,2026-04-26,spike,Pmp.SV
M6B_L6_00034,6,sensor_failure,A,150,0.5636061429977417,0,m6b_physics_lib_v2,-1,0b_v2,2026-04-26,drift,Mot.TV
M6B_L6_00035,6,sensor_failure,A,150,0.5624608993530273,2,m6b_physics_lib_v2,-1,0b_v2,2026-04-26,dropout,Pmp.PV
M6B_L6_00036,6,sensor_failure,A,150,0.5652223229408264,2,m6b_physics_lib_v2,-1,0b_v2,2026-04-26,flatline,Temp.SV
M6B_L6_00037,6,sensor_failure,A,150,0.8004797697067261,3,m6b_physics_lib_v2,-1,0b_v2,2026-04-26,spike,Pres.SV
M6B_L6_00038,6,sensor_failure,A,150,0.3427855968475342,2,m6b_physics_lib_v2,-1,0b_v2,2026-04-26,drift,Pmp.TV
M6B_L6_00039,6,sensor_failure,A,150,0.5429715514183044,0,m6b_physics_lib_v2,-1,0b_v2,2026-04-26,dropout,Mot.PV
M6B_L6_00040,6,sensor_failure,A,150,0.41486111283302307,3,m6b_physics_lib_v2,-1,0b_v2,2026-04-26,flatline,Mot.SV
M6B_L6_00041,6,sensor_failure,A,150,0.32275497913360596,1,m6b_physics_lib_v2,-1,0b_v2,2026-04-26,spike,Pmp.SV
M6B_L6_00042,6,sensor_failure,A,150,0.9999220371246338,2,m6b_physics_lib_v2,-1,0b_v2,2026-04-26,drift,Mot.TV
M6B_L6_00043,6,sensor_failure,A,150,0.9772210121154785,2,m6b_physics_lib_v2,-1,0b_v2,2026-04-26,dropout,Pmp.PV
M6B_L6_00044,6,sensor_failure,A,150,0.45319750905036926,3,m6b_physics_lib_v2,-1,0b_v2,2026-04-26,flatline,Temp.SV
M6B_L6_00045,6,sensor_failure,A,150,0.6717326045036316,1,m6b_physics_lib_v2,-1,0b_v2,2026-04-26,spike,Pres.SV
M6B_L6_00046,6,sensor_failure,A,150,0.840153694152832,2,m6b_physics_lib_v2,-1,0b_v2,2026-04-26,drift,Pmp.TV
M6B_L6_00047,6,sensor_failure,A,150,0.7495870590209961,2,m6b_physics_lib_v2,-1,0b_v2,2026-04-26,dropout,Mot.PV
M6B_L6_00048,6,sensor_failure,A,150,0.5094045996665955,2,m6b_physics_lib_v2,-1,0b_v2,2026-04-26,flatline,Mot.SV
M6B_L6_00049,6,sensor_failure,A,150,0.9883061051368713,1,m6b_physics_lib_v2,-1,0b_v2,2026-04-26,spike,Pmp.SV
M6B_L6_00050,6,sensor_failure,A,150,0.5414519309997559,2,m6b_physics_lib_v2,-1,0b_v2,2026-04-26,drift,Mot.TV
M6B_L6_00051,6,sensor_failure,A,150,0.6053962111473083,1,m6b_physics_lib_v2,-1,0b_v2,2026-04-26,dropout,Pmp.PV
M6B_L6_00052,6,sensor_failure,A,150,0.5713546872138977,0,m6b_physics_lib_v2,-1,0b_v2,2026-04-26,flatline,Temp.SV
M6B_L6_00053,6,sensor_failure,A,150,0.847580075263977,3,m6b_physics_lib_v2,-1,0b_v2,2026-04-26,spike,Pres.SV
M6B_L6_00054,6,sensor_failure,A,150,0.7929140329360962,0,m6b_physics_lib_v2,-1,0b_v2,2026-04-26,drift,Pmp.TV
M6B_L6_00055,6,sensor_failure,A,150,0.6945893168449402,1,m6b_physics_lib_v2,-1,0b_v2,2026-04-26,dropout,Mot.PV
M6B_L6_00056,6,sensor_failure,A,150,0.4731959104537964,1,m6b_physics_lib_v2,-1,0b_v2,2026-04-26,flatline,Mot.SV
M6B_L6_00057,6,sensor_failure,A,150,0.7034159302711487,1,m6b_physics_lib_v2,-1,0b_v2,2026-04-26,spike,Pmp.SV
M6B_L6_00058,6,sensor_failure,A,150,0.976371169090271,0,m6b_physics_lib_v2,-1,0b_v2,2026-04-26,drift,Mot.TV
M6B_L6_00059,6,sensor_failure,A,150,0.8614593744277954,3,m6b_physics_lib_v2,-1,0b_v2,2026-04-26,dropout,Pmp.PV
M6B_L6_00060,6,sensor_failure,A,150,0.9661548137664795,3,m6b_physics_lib_v2,-1,0b_v2,2026-04-26,flatline,Temp.SV
M6B_L6_00061,6,sensor_failure,A,150,0.395061194896698,1,m6b_physics_lib_v2,-1,0b_v2,2026-04-26,spike,Pres.SV
M6B_L6_00062,6,sensor_failure,A,150,0.9742155075073242,2,m6b_physics_lib_v2,-1,0b_v2,2026-04-26,drift,Pmp.TV
M6B_L6_00063,6,sensor_failure,A,150,0.3027232885360718,1,m6b_physics_lib_v2,-1,0b_v2,2026-04-26,dropout,Mot.PV
M6B_L6_00064,6,sensor_failure,A,150,0.3577518165111542,1,m6b_physics_lib_v2,-1,0b_v2,2026-04-26,flatline,Mot.SV
M6B_L6_00065,6,sensor_failure,A,150,0.4487488269805908,0,m6b_physics_lib_v2,-1,0b_v2,2026-04-26,spike,Pmp.SV
M6B_L6_00066,6,sensor_failure,A,150,0.8557745814323425,1,m6b_physics_lib_v2,-1,0b_v2,2026-04-26,drift,Mot.TV
M6B_L6_00067,6,sensor_failure,A,150,0.9935452938079834,2,m6b_physics_lib_v2,-1,0b_v2,2026-04-26,dropout,Pmp.PV
M6B_L6_00068,6,sensor_failure,A,150,0.9215229749679565,3,m6b_physics_lib_v2,-1,0b_v2,2026-04-26,flatline,Temp.SV
M6B_L6_00069,6,sensor_failure,A,150,0.7335067987442017,2,m6b_physics_lib_v2,-1,0b_v2,2026-04-26,spike,Pres.SV
M6B_L6_00070,6,sensor_failure,A,150,0.7318004369735718,1,m6b_physics_lib_v2,-1,0b_v2,2026-04-26,drift,Pmp.TV
M6B_L6_00071,6,sensor_failure,A,150,0.4627154767513275,2,m6b_physics_lib_v2,-1,0b_v2,2026-04-26,dropout,Mot.PV
M6B_L6_00072,6,sensor_failure,A,150,0.7873257398605347,3,m6b_physics_lib_v2,-1,0b_v2,2026-04-26,flatline,Mot.SV
M6B_L6_00073,6,sensor_failure,A,150,0.8226003050804138,3,m6b_physics_lib_v2,-1,0b_v2,2026-04-26,spike,Pmp.SV
M6B_L6_00074,6,sensor_failure,A,150,0.6691138744354248,2,m6b_physics_lib_v2,-1,0b_v2,2026-04-26,drift,Mot.TV
M6B_L6_00075,6,sensor_failure,A,150,0.5760401487350464,3,m6b_physics_lib_v2,-1,0b_v2,2026-04-26,dropout,Pmp.PV
M6B_L6_00076,6,sensor_failure,A,150,0.5454912781715393,2,m6b_physics_lib_v2,-1,0b_v2,2026-04-26,flatline,Temp.SV
M6B_L6_00077,6,sensor_failure,A,150,0.44080832600593567,1,m6b_physics_lib_v2,-1,0b_v2,2026-04-26,spike,Pres.SV
M6B_L6_00078,6,sensor_failure,A,150,0.794082760810852,3,m6b_physics_lib_v2,-1,0b_v2,2026-04-26,drift,Pmp.TV
M6B_L6_00079,6,sensor_failure,A,150,0.7119213938713074,3,m6b_physics_lib_v2,-1,0b_v2,2026-04-26,dropout,Mot.PV
M6B_L6_00080,6,sensor_failure,A,150,0.9935492873191833,2,m6b_physics_lib_v2,-1,0b_v2,2026-04-26,flatline,Mot.SV
M6B_L6_00081,6,sensor_failure,A,150,0.5151532292366028,1,m6b_physics_lib_v2,-1,0b_v2,2026-04-26,spike,Pmp.SV
M6B_L6_00082,6,sensor_failure,A,150,0.5563086271286011,2,m6b_physics_lib_v2,-1,0b_v2,2026-04-26,drift,Mot.TV
M6B_L6_00083,6,sensor_failure,A,150,0.7602734565734863,2,m6b_physics_lib_v2,-1,0b_v2,2026-04-26,dropout,Pmp.PV
M6B_L6_00084,6,sensor_failure,A,150,0.3464903235435486,1,m6b_physics_lib_v2,-1,0b_v2,2026-04-26,flatline,Temp.SV
M6B_L6_00085,6,sensor_failure,A,150,0.7432904839515686,1,m6b_physics_lib_v2,-1,0b_v2,2026-04-26,spike,Pres.SV
M6B_L6_00086,6,sensor_failure,A,150,0.9659702777862549,3,m6b_physics_lib_v2,-1,0b_v2,2026-04-26,drift,Pmp.TV
M6B_L6_00087,6,sensor_failure,A,150,0.9704752564430237,1,m6b_physics_lib_v2,-1,0b_v2,2026-04-26,dropout,Mot.PV
M6B_L6_00088,6,sensor_failure,A,150,0.4257015883922577,3,m6b_physics_lib_v2,-1,0b_v2,2026-04-26,flatline,Mot.SV
M6B_L6_00089,6,sensor_failure,A,150,0.45846304297447205,3,m6b_physics_lib_v2,-1,0b_v2,2026-04-26,spike,Pmp.SV
M6B_L6_00090,6,sensor_failure,A,150,0.7599667310714722,3,m6b_physics_lib_v2,-1,0b_v2,2026-04-26,drift,Mot.TV
M6B_L6_00091,6,sensor_failure,A,150,0.8059250712394714,3,m6b_physics_lib_v2,-1,0b_v2,2026-04-26,dropout,Pmp.PV
M6B_L6_00092,6,sensor_failure,A,150,0.9550754427909851,3,m6b_physics_lib_v2,-1,0b_v2,2026-04-26,flatline,Temp.SV
M6B_L6_00093,6,sensor_failure,A,150,0.933254599571228,2,m6b_physics_lib_v2,-1,0b_v2,2026-04-26,spike,Pres.SV
M6B_L6_00094,6,sensor_failure,A,150,0.7691347599029541,2,m6b_physics_lib_v2,-1,0b_v2,2026-04-26,drift,Pmp.TV
M6B_L6_00095,6,sensor_failure,A,150,0.70687335729599,3,m6b_physics_lib_v2,-1,0b_v2,2026-04-26,dropout,Mot.PV
M6B_L6_00096,6,sensor_failure,A,150,0.9090259075164795,2,m6b_physics_lib_v2,-1,0b_v2,2026-04-26,flatline,Mot.SV
M6B_L6_00097,6,sensor_failure,A,150,0.9885176420211792,0,m6b_physics_lib_v2,-1,0b_v2,2026-04-26,spike,Pmp.SV
M6B_L6_00098,6,sensor_failure,A,150,0.7156577110290527,0,m6b_physics_lib_v2,-1,0b_v2,2026-04-26,drift,Mot.TV
M6B_L6_00099,6,sensor_failure,A,150,0.6714423894882202,0,m6b_physics_lib_v2,-1,0b_v2,2026-04-26,dropout,Pmp.PV
M6B_L6_00100,6,sensor_failure,A,150,0.8886913657188416,1,m6b_physics_lib_v2,-1,0b_v2,2026-04-26,flatline,Temp.SV
M6B_L6_00101,6,sensor_failure,A,150,0.42010942101478577,1,m6b_physics_lib_v2,-1,0b_v2,2026-04-26,spike,Pres.SV
M6B_L6_00102,6,sensor_failure,A,150,0.7178672552108765,1,m6b_physics_lib_v2,-1,0b_v2,2026-04-26,drift,Pmp.TV
M6B_L6_00103,6,sensor_failure,A,150,0.43754783272743225,2,m6b_physics_lib_v2,-1,0b_v2,2026-04-26,dropout,Mot.PV
M6B_L6_00104,6,sensor_failure,A,150,0.7999377846717834,2,m6b_physics_lib_v2,-1,0b_v2,2026-04-26,flatline,Mot.SV
M6B_L6_00105,6,sensor_failure,A,150,0.44316327571868896,3,m6b_physics_lib_v2,-1,0b_v2,2026-04-26,spike,Pmp.SV
M6B_L6_00106,6,sensor_failure,A,150,0.6686837077140808,0,m6b_physics_lib_v2,-1,0b_v2,2026-04-26,drift,Mot.TV
M6B_L6_00107,6,sensor_failure,A,150,0.9980748891830444,0,m6b_physics_lib_v2,-1,0b_v2,2026-04-26,dropout,Pmp.PV
M6B_L6_00108,6,sensor_failure,A,150,0.7857071161270142,0,m6b_physics_lib_v2,-1,0b_v2,2026-04-26,flatline,Temp.SV
M6B_L6_00109,6,sensor_failure,A,150,0.3817385137081146,1,m6b_physics_lib_v2,-1,0b_v2,2026-04-26,spike,Pres.SV
M6B_L6_00110,6,sensor_failure,A,150,0.4327818751335144,3,m6b_physics_lib_v2,-1,0b_v2,2026-04-26,drift,Pmp.TV
M6B_L6_00111,6,sensor_failure,A,150,0.9946255683898926,2,m6b_physics_lib_v2,-1,0b_v2,2026-04-26,dropout,Mot.PV
M6B_L6_00112,6,sensor_failure,A,150,0.9327274560928345,0,m6b_physics_lib_v2,-1,0b_v2,2026-04-26,flatline,Mot.SV
M6B_L6_00113,6,sensor_failure,A,150,0.7252556085586548,2,m6b_physics_lib_v2,-1,0b_v2,2026-04-26,spike,Pmp.SV
M6B_L6_00114,6,sensor_failure,A,150,0.5521642565727234,2,m6b_physics_lib_v2,-1,0b_v2,2026-04-26,drift,Mot.TV
M6B_L6_00115,6,sensor_failure,A,150,0.7606311440467834,3,m6b_physics_lib_v2,-1,0b_v2,2026-04-26,dropout,Pmp.PV
M6B_L6_00116,6,sensor_failure,A,150,0.36275985836982727,1,m6b_physics_lib_v2,-1,0b_v2,2026-04-26,flatline,Temp.SV
M6B_L6_00117,6,sensor_failure,A,150,0.7455605864524841,3,m6b_physics_lib_v2,-1,0b_v2,2026-04-26,spike,Pres.SV
M6B_L6_00118,6,sensor_failure,A,150,0.7110868692398071,1,m6b_physics_lib_v2,-1,0b_v2,2026-04-26,drift,Pmp.TV
M6B_L6_00119,6,sensor_failure,A,150,0.7046670913696289,0,m6b_physics_lib_v2,-1,0b_v2,2026-04-26,dropout,Mot.PV
M6B_L6_00120,6,sensor_failure,A,150,0.7302656173706055,3,m6b_physics_lib_v2,-1,0b_v2,2026-04-26,flatline,Mot.SV
M6B_L6_00121,6,sensor_failure,A,150,0.35567060112953186,2,m6b_physics_lib_v2,-1,0b_v2,2026-04-26,spike,Pmp.SV
M6B_L6_00122,6,sensor_failure,A,150,0.5480898022651672,1,m6b_physics_lib_v2,-1,0b_v2,2026-04-26,drift,Mot.TV
M6B_L6_00123,6,sensor_failure,A,150,0.4483877122402191,1,m6b_physics_lib_v2,-1,0b_v2,2026-04-26,dropout,Pmp.PV
M6B_L6_00124,6,sensor_failure,A,150,0.44883108139038086,0,m6b_physics_lib_v2,-1,0b_v2,2026-04-26,flatline,Temp.SV
M6B_L6_00125,6,sensor_failure,A,150,0.5709809064865112,2,m6b_physics_lib_v2,-1,0b_v2,2026-04-26,spike,Pres.SV
M6B_L6_00126,6,sensor_failure,A,150,0.585372805595398,0,m6b_physics_lib_v2,-1,0b_v2,2026-04-26,drift,Pmp.TV
M6B_L6_00127,6,sensor_failure,A,150,0.7222713232040405,1,m6b_physics_lib_v2,-1,0b_v2,2026-04-26,dropout,Mot.PV
M6B_L6_00128,6,sensor_failure,A,150,0.675570547580719,2,m6b_physics_lib_v2,-1,0b_v2,2026-04-26,flatline,Mot.SV
M6B_L6_00129,6,sensor_failure,A,150,0.853577733039856,0,m6b_physics_lib_v2,-1,0b_v2,2026-04-26,spike,Pmp.SV
M6B_L6_00130,6,sensor_failure,A,150,0.5402611494064331,0,m6b_physics_lib_v2,-1,0b_v2,2026-04-26,drift,Mot.TV
M6B_L6_00131,6,sensor_failure,A,150,0.5952828526496887,0,m6b_physics_lib_v2,-1,0b_v2,2026-04-26,dropout,Pmp.PV
M6B_L6_00132,6,sensor_failure,A,150,0.9372948408126831,0,m6b_physics_lib_v2,-1,0b_v2,2026-04-26,flatline,Temp.SV
M6B_L6_00133,6,sensor_failure,A,150,0.6503404974937439,0,m6b_physics_lib_v2,-1,0b_v2,2026-04-26,spike,Pres.SV
M6B_L6_00134,6,sensor_failure,A,150,0.7508499622344971,1,m6b_physics_lib_v2,-1,0b_v2,2026-04-26,drift,Pmp.TV
M6B_L6_00135,6,sensor_failure,A,150,0.6672523617744446,1,m6b_physics_lib_v2,-1,0b_v2,2026-04-26,dropout,Mot.PV
M6B_L6_00136,6,sensor_failure,A,150,0.7486512064933777,3,m6b_physics_lib_v2,-1,0b_v2,2026-04-26,flatline,Mot.SV
M6B_L6_00137,6,sensor_failure,A,150,0.3850102424621582,3,m6b_physics_lib_v2,-1,0b_v2,2026-04-26,spike,Pmp.SV
M6B_L6_00138,6,sensor_failure,A,150,0.6097303628921509,0,m6b_physics_lib_v2,-1,0b_v2,2026-04-26,drift,Mot.TV
M6B_L6_00139,6,sensor_failure,A,150,0.6203981637954712,3,m6b_physics_lib_v2,-1,0b_v2,2026-04-26,dropout,Pmp.PV
M6B_L6_00140,6,sensor_failure,A,150,0.5445405840873718,2,m6b_physics_lib_v2,-1,0b_v2,2026-04-26,flatline,Temp.SV
M6B_L6_00141,6,sensor_failure,A,150,0.4496826231479645,3,m6b_physics_lib_v2,-1,0b_v2,2026-04-26,spike,Pres.SV
M6B_L6_00142,6,sensor_failure,A,150,0.8285115361213684,3,m6b_physics_lib_v2,-1,0b_v2,2026-04-26,drift,Pmp.TV
M6B_L6_00143,6,sensor_failure,A,150,0.9861483573913574,2,m6b_physics_lib_v2,-1,0b_v2,2026-04-26,dropout,Mot.PV
M6B_L6_00144,6,sensor_failure,A,150,0.5848296880722046,1,m6b_physics_lib_v2,-1,0b_v2,2026-04-26,flatline,Mot.SV
M6B_L6_00145,6,sensor_failure,A,150,0.4053664803504944,2,m6b_physics_lib_v2,-1,0b_v2,2026-04-26,spike,Pmp.SV
M6B_L6_00146,6,sensor_failure,A,150,0.7724901437759399,3,m6b_physics_lib_v2,-1,0b_v2,2026-04-26,drift,Mot.TV
M6B_L6_00147,6,sensor_failure,A,150,0.9939930438995361,0,m6b_physics_lib_v2,-1,0b_v2,2026-04-26,dropout,Pmp.PV
M6B_L6_00148,6,sensor_failure,A,150,0.9996885657310486,1,m6b_physics_lib_v2,-1,0b_v2,2026-04-26,flatline,Temp.SV
M6B_L6_00149,6,sensor_failure,A,150,0.749122142791748,1,m6b_physics_lib_v2,-1,0b_v2,2026-04-26,spike,Pres.SV
M6B_L6_00150,6,sensor_failure,A,150,0.7803572416305542,0,m6b_physics_lib_v2,-1,0b_v2,2026-04-26,drift,Pmp.TV
M6B_L6_00151,6,sensor_failure,A,150,0.7255701422691345,2,m6b_physics_lib_v2,-1,0b_v2,2026-04-26,dropout,Mot.PV
M6B_L6_00152,6,sensor_failure,A,150,0.6770790219306946,3,m6b_physics_lib_v2,-1,0b_v2,2026-04-26,flatline,Mot.SV
M6B_L6_00153,6,sensor_failure,A,150,0.9732969999313354,2,m6b_physics_lib_v2,-1,0b_v2,2026-04-26,spike,Pmp.SV
M6B_L6_00154,6,sensor_failure,A,150,0.7897796034812927,0,m6b_physics_lib_v2,-1,0b_v2,2026-04-26,drift,Mot.TV
M6B_L6_00155,6,sensor_failure,A,150,0.3977598249912262,0,m6b_physics_lib_v2,-1,0b_v2,2026-04-26,dropout,Pmp.PV
M6B_L6_00156,6,sensor_failure,A,150,0.45765891671180725,2,m6b_physics_lib_v2,-1,0b_v2,2026-04-26,flatline,Temp.SV
M6B_L6_00157,6,sensor_failure,A,150,0.9810394048690796,3,m6b_physics_lib_v2,-1,0b_v2,2026-04-26,spike,Pres.SV
M6B_L6_00158,6,sensor_failure,A,150,0.6887607574462891,2,m6b_physics_lib_v2,-1,0b_v2,2026-04-26,drift,Pmp.TV
M6B_L6_00159,6,sensor_failure,A,150,0.9952445030212402,1,m6b_physics_lib_v2,-1,0b_v2,2026-04-26,dropout,Mot.PV
M6B_L6_00160,6,sensor_failure,A,150,0.6589605808258057,3,m6b_physics_lib_v2,-1,0b_v2,2026-04-26,flatline,Mot.SV
M6B_L6_00161,6,sensor_failure,A,150,0.9349684119224548,3,m6b_physics_lib_v2,-1,0b_v2,2026-04-26,spike,Pmp.SV
M6B_L6_00162,6,sensor_failure,A,150,0.42517971992492676,1,m6b_physics_lib_v2,-1,0b_v2,2026-04-26,drift,Mot.TV
M6B_L6_00163,6,sensor_failure,A,150,0.4585869312286377,2,m6b_physics_lib_v2,-1,0b_v2,2026-04-26,dropout,Pmp.PV
M6B_L6_00164,6,sensor_failure,A,150,0.32890841364860535,3,m6b_physics_lib_v2,-1,0b_v2,2026-04-26,flatline,Temp.SV
M6B_L6_00165,6,sensor_failure,A,150,0.9338524341583252,2,m6b_physics_lib_v2,-1,0b_v2,2026-04-26,spike,Pres.SV
M6B_L6_00166,6,sensor_failure,A,150,0.31037864089012146,0,m6b_physics_lib_v2,-1,0b_v2,2026-04-26,drift,Pmp.TV
M6B_L6_00167,6,sensor_failure,A,150,0.4378081262111664,1,m6b_physics_lib_v2,-1,0b_v2,2026-04-26,dropout,Mot.PV
M6B_L6_00168,6,sensor_failure,A,150,0.6653696894645691,3,m6b_physics_lib_v2,-1,0b_v2,2026-04-26,flatline,Mot.SV
M6B_L6_00169,6,sensor_failure,A,150,0.9445087313652039,1,m6b_physics_lib_v2,-1,0b_v2,2026-04-26,spike,Pmp.SV
M6B_L6_00170,6,sensor_failure,A,150,0.9842895865440369,3,m6b_physics_lib_v2,-1,0b_v2,2026-04-26,drift,Mot.TV
M6B_L6_00171,6,sensor_failure,A,150,0.37164101004600525,3,m6b_physics_lib_v2,-1,0b_v2,2026-04-26,dropout,Pmp.PV
M6B_L6_00172,6,sensor_failure,A,150,0.8517605066299438,3,m6b_physics_lib_v2,-1,0b_v2,2026-04-26,flatline,Temp.SV
M6B_L6_00173,6,sensor_failure,A,150,0.7153257727622986,2,m6b_physics_lib_v2,-1,0b_v2,2026-04-26,spike,Pres.SV
M6B_L6_00174,6,sensor_failure,A,150,0.9621049761772156,0,m6b_physics_lib_v2,-1,0b_v2,2026-04-26,drift,Pmp.TV
M6B_L6_00175,6,sensor_failure,A,150,0.6268545389175415,3,m6b_physics_lib_v2,-1,0b_v2,2026-04-26,dropout,Mot.PV
M6B_L6_00176,6,sensor_failure,A,150,0.62312912940979,3,m6b_physics_lib_v2,-1,0b_v2,2026-04-26,flatline,Mot.SV
M6B_L6_00177,6,sensor_failure,A,150,0.7087088823318481,2,m6b_physics_lib_v2,-1,0b_v2,2026-04-26,spike,Pmp.SV
M6B_L6_00178,6,sensor_failure,A,150,0.9840179681777954,0,m6b_physics_lib_v2,-1,0b_v2,2026-04-26,drift,Mot.TV
M6B_L6_00179,6,sensor_failure,A,150,0.6811705827713013,0,m6b_physics_lib_v2,-1,0b_v2,2026-04-26,dropout,Pmp.PV
M6B_L6_00180,6,sensor_failure,A,150,0.7475630640983582,3,m6b_physics_lib_v2,-1,0b_v2,2026-04-26,flatline,Temp.SV
M6B_L6_00181,6,sensor_failure,A,150,0.5658842325210571,0,m6b_physics_lib_v2,-1,0b_v2,2026-04-26,spike,Pres.SV
M6B_L6_00182,6,sensor_failure,A,150,0.6523123383522034,1,m6b_physics_lib_v2,-1,0b_v2,2026-04-26,drift,Pmp.TV
M6B_L6_00183,6,sensor_failure,A,150,0.48922082781791687,0,m6b_physics_lib_v2,-1,0b_v2,2026-04-26,dropout,Mot.PV
M6B_L6_00184,6,sensor_failure,A,150,0.626040518283844,1,m6b_physics_lib_v2,-1,0b_v2,2026-04-26,flatline,Mot.SV
M6B_L6_00185,6,sensor_failure,A,150,0.5891470909118652,1,m6b_physics_lib_v2,-1,0b_v2,2026-04-26,spike,Pmp.SV
M6B_L6_00186,6,sensor_failure,A,150,0.944078803062439,1,m6b_physics_lib_v2,-1,0b_v2,2026-04-26,drift,Mot.TV
M6B_L6_00187,6,sensor_failure,A,150,0.7625572085380554,2,m6b_physics_lib_v2,-1,0b_v2,2026-04-26,dropout,Pmp.PV
M6B_L6_00188,6,sensor_failure,A,150,0.8480134606361389,3,m6b_physics_lib_v2,-1,0b_v2,2026-04-26,flatline,Temp.SV
M6B_L6_00189,6,sensor_failure,A,150,0.3415391445159912,2,m6b_physics_lib_v2,-1,0b_v2,2026-04-26,spike,Pres.SV
M6B_L6_00190,6,sensor_failure,A,150,0.7482802271842957,0,m6b_physics_lib_v2,-1,0b_v2,2026-04-26,drift,Pmp.TV
M6B_L6_00191,6,sensor_failure,A,150,0.9743757843971252,0,m6b_physics_lib_v2,-1,0b_v2,2026-04-26,dropout,Mot.PV
M6B_L6_00192,6,sensor_failure,A,150,0.40516242384910583,0,m6b_physics_lib_v2,-1,0b_v2,2026-04-26,flatline,Mot.SV
M6B_L6_00193,6,sensor_failure,A,150,0.4022883474826813,0,m6b_physics_lib_v2,-1,0b_v2,2026-04-26,spike,Pmp.SV
M6B_L6_00194,6,sensor_failure,A,150,0.9237181544303894,2,m6b_physics_lib_v2,-1,0b_v2,2026-04-26,drift,Mot.TV
M6B_L6_00195,6,sensor_failure,A,150,0.964155912399292,2,m6b_physics_lib_v2,-1,0b_v2,2026-04-26,dropout,Pmp.PV
M6B_L6_00196,6,sensor_failure,A,150,0.824411153793335,2,m6b_physics_lib_v2,-1,0b_v2,2026-04-26,flatline,Temp.SV
M6B_L6_00197,6,sensor_failure,A,150,0.8091641068458557,0,m6b_physics_lib_v2,-1,0b_v2,2026-04-26,spike,Pres.SV
M6B_L6_00198,6,sensor_failure,A,150,0.7737860679626465,1,m6b_physics_lib_v2,-1,0b_v2,2026-04-26,drift,Pmp.TV
M6B_L6_00199,6,sensor_failure,A,150,0.9772292375564575,1,m6b_physics_lib_v2,-1,0b_v2,2026-04-26,dropout,Mot.PV
M6B_L6_00200,6,sensor_failure,A,150,0.35281988978385925,2,m6b_physics_lib_v2,-1,0b_v2,2026-04-26,flatline,Mot.SV
M6B_L6_00201,6,sensor_failure,A,150,0.467559278011322,1,m6b_physics_lib_v2,-1,0b_v2,2026-04-26,spike,Pmp.SV
M6B_L6_00202,6,sensor_failure,A,150,0.8151888847351074,2,m6b_physics_lib_v2,-1,0b_v2,2026-04-26,drift,Mot.TV
M6B_L6_00203,6,sensor_failure,A,150,0.34168437123298645,3,m6b_physics_lib_v2,-1,0b_v2,2026-04-26,dropout,Pmp.PV
M6B_L6_00204,6,sensor_failure,A,150,0.5073474645614624,0,m6b_physics_lib_v2,-1,0b_v2,2026-04-26,flatline,Temp.SV
M6B_L6_00205,6,sensor_failure,A,150,0.788181483745575,0,m6b_physics_lib_v2,-1,0b_v2,2026-04-26,spike,Pres.SV
M6B_L6_00206,6,sensor_failure,A,150,0.8802893161773682,0,m6b_physics_lib_v2,-1,0b_v2,2026-04-26,drift,Pmp.TV
M6B_L6_00207,6,sensor_failure,A,150,0.9887666702270508,2,m6b_physics_lib_v2,-1,0b_v2,2026-04-26,dropout,Mot.PV
M6B_L6_00208,6,sensor_failure,A,150,0.6371716260910034,2,m6b_physics_lib_v2,-1,0b_v2,2026-04-26,flatline,Mot.SV
M6B_L6_00209,6,sensor_failure,A,150,0.3749006986618042,1,m6b_physics_lib_v2,-1,0b_v2,2026-04-26,spike,Pmp.SV
M6B_L6_00210,6,sensor_failure,A,150,0.963188111782074,2,m6b_physics_lib_v2,-1,0b_v2,2026-04-26,drift,Mot.TV
M6B_L6_00211,6,sensor_failure,A,150,0.9563758969306946,2,m6b_physics_lib_v2,-1,0b_v2,2026-04-26,dropout,Pmp.PV
M6B_L6_00212,6,sensor_failure,A,150,0.9171066880226135,0,m6b_physics_lib_v2,-1,0b_v2,2026-04-26,flatline,Temp.SV
M6B_L6_00213,6,sensor_failure,A,150,0.6028655171394348,1,m6b_physics_lib_v2,-1,0b_v2,2026-04-26,spike,Pres.SV
M6B_L6_00214,6,sensor_failure,A,150,0.8946491479873657,0,m6b_physics_lib_v2,-1,0b_v2,2026-04-26,drift,Pmp.TV
M6B_L6_00215,6,sensor_failure,A,150,0.7312794327735901,0,m6b_physics_lib_v2,-1,0b_v2,2026-04-26,dropout,Mot.PV
M6B_L6_00216,6,sensor_failure,A,150,0.6671724915504456,3,m6b_physics_lib_v2,-1,0b_v2,2026-04-26,flatline,Mot.SV
M6B_L6_00217,6,sensor_failure,A,150,0.5166290998458862,2,m6b_physics_lib_v2,-1,0b_v2,2026-04-26,spike,Pmp.SV
M6B_L6_00218,6,sensor_failure,A,150,0.4316326677799225,1,m6b_physics_lib_v2,-1,0b_v2,2026-04-26,drift,Mot.TV
M6B_L6_00219,6,sensor_failure,A,150,0.9811420440673828,3,m6b_physics_lib_v2,-1,0b_v2,2026-04-26,dropout,Pmp.PV
M6B_L6_00220,6,sensor_failure,A,150,0.8602891564369202,0,m6b_physics_lib_v2,-1,0b_v2,2026-04-26,flatline,Temp.SV
M6B_L6_00221,6,sensor_failure,A,150,0.5571432709693909,0,m6b_physics_lib_v2,-1,0b_v2,2026-04-26,spike,Pres.SV
M6B_L6_00222,6,sensor_failure,A,150,0.9489262700080872,0,m6b_physics_lib_v2,-1,0b_v2,2026-04-26,drift,Pmp.TV
M6B_L6_00223,6,sensor_failure,A,150,0.5434744358062744,3,m6b_physics_lib_v2,-1,0b_v2,2026-04-26,dropout,Mot.PV
M6B_L6_00224,6,sensor_failure,A,150,0.7585518956184387,2,m6b_physics_lib_v2,-1,0b_v2,2026-04-26,flatline,Mot.SV
M6B_L6_00225,6,sensor_failure,A,150,0.8220937848091125,1,m6b_physics_lib_v2,-1,0b_v2,2026-04-26,spike,Pmp.SV
M6B_L6_00226,6,sensor_failure,A,150,0.3518461287021637,3,m6b_physics_lib_v2,-1,0b_v2,2026-04-26,drift,Mot.TV
M6B_L6_00227,6,sensor_failure,A,150,0.9915606379508972,0,m6b_physics_lib_v2,-1,0b_v2,2026-04-26,dropout,Pmp.PV
M6B_L6_00228,6,sensor_failure,A,150,0.9310411214828491,2,m6b_physics_lib_v2,-1,0b_v2,2026-04-26,flatline,Temp.SV
M6B_L6_00229,6,sensor_failure,A,150,0.5371466875076294,1,m6b_physics_lib_v2,-1,0b_v2,2026-04-26,spike,Pres.SV
M6B_L6_00230,6,sensor_failure,A,150,0.4073081910610199,3,m6b_physics_lib_v2,-1,0b_v2,2026-04-26,drift,Pmp.TV
M6B_L6_00231,6,sensor_failure,A,150,0.8476235270500183,0,m6b_physics_lib_v2,-1,0b_v2,2026-04-26,dropout,Mot.PV
M6B_L6_00232,6,sensor_failure,A,150,0.7994190454483032,1,m6b_physics_lib_v2,-1,0b_v2,2026-04-26,flatline,Mot.SV
M6B_L6_00233,6,sensor_failure,A,150,0.6964793801307678,2,m6b_physics_lib_v2,-1,0b_v2,2026-04-26,spike,Pmp.SV
M6B_L6_00234,6,sensor_failure,A,150,0.4303553104400635,0,m6b_physics_lib_v2,-1,0b_v2,2026-04-26,drift,Mot.TV
M6B_L6_00235,6,sensor_failure,A,150,0.5354695916175842,2,m6b_physics_lib_v2,-1,0b_v2,2026-04-26,dropout,Pmp.PV
M6B_L6_00236,6,sensor_failure,A,150,0.4549187421798706,3,m6b_physics_lib_v2,-1,0b_v2,2026-04-26,flatline,Temp.SV
M6B_L6_00237,6,sensor_failure,A,150,0.7971966862678528,1,m6b_physics_lib_v2,-1,0b_v2,2026-04-26,spike,Pres.SV
M6B_L6_00238,6,sensor_failure,A,150,0.8802399039268494,0,m6b_physics_lib_v2,-1,0b_v2,2026-04-26,drift,Pmp.TV
M6B_L6_00239,6,sensor_failure,A,150,0.3844533860683441,3,m6b_physics_lib_v2,-1,0b_v2,2026-04-26,dropout,Mot.PV
M6B_L6_00240,6,sensor_failure,A,150,0.5077438950538635,3,m6b_physics_lib_v2,-1,0b_v2,2026-04-26,flatline,Mot.SV
M6B_L6_00241,6,sensor_failure,A,150,0.5981966257095337,2,m6b_physics_lib_v2,-1,0b_v2,2026-04-26,spike,Pmp.SV
M6B_L6_00242,6,sensor_failure,A,150,0.41775551438331604,3,m6b_physics_lib_v2,-1,0b_v2,2026-04-26,drift,Mot.TV
M6B_L6_00243,6,sensor_failure,A,150,0.7801083326339722,2,m6b_physics_lib_v2,-1,0b_v2,2026-04-26,dropout,Pmp.PV
M6B_L6_00244,6,sensor_failure,A,150,0.5630615949630737,1,m6b_physics_lib_v2,-1,0b_v2,2026-04-26,flatline,Temp.SV
M6B_L6_00245,6,sensor_failure,A,150,0.8821774125099182,0,m6b_physics_lib_v2,-1,0b_v2,2026-04-26,spike,Pres.SV
M6B_L6_00246,6,sensor_failure,A,150,0.9421769976615906,2,m6b_physics_lib_v2,-1,0b_v2,2026-04-26,drift,Pmp.TV
M6B_L6_00247,6,sensor_failure,A,150,0.6194629073143005,1,m6b_physics_lib_v2,-1,0b_v2,2026-04-26,dropout,Mot.PV
M6B_L6_00248,6,sensor_failure,A,150,0.3287716805934906,2,m6b_physics_lib_v2,-1,0b_v2,2026-04-26,flatline,Mot.SV
M6B_L6_00249,6,sensor_failure,A,150,0.9826825261116028,0,m6b_physics_lib_v2,-1,0b_v2,2026-04-26,spike,Pmp.SV
M6B_L6_00250,6,sensor_failure,A,150,0.5360660552978516,0,m6b_physics_lib_v2,-1,0b_v2,2026-04-26,drift,Mot.TV
M6B_L6_00251,6,sensor_failure,A,150,0.9978369474411011,3,m6b_physics_lib_v2,-1,0b_v2,2026-04-26,dropout,Pmp.PV
M6B_L6_00252,6,sensor_failure,A,150,0.8225063681602478,3,m6b_physics_lib_v2,-1,0b_v2,2026-04-26,flatline,Temp.SV
M6B_L6_00253,6,sensor_failure,A,150,0.7896157503128052,3,m6b_physics_lib_v2,-1,0b_v2,2026-04-26,spike,Pres.SV
M6B_L6_00254,6,sensor_failure,A,150,0.9412655830383301,3,m6b_physics_lib_v2,-1,0b_v2,2026-04-26,drift,Pmp.TV
M6B_L6_00255,6,sensor_failure,A,150,0.657805860042572,1,m6b_physics_lib_v2,-1,0b_v2,2026-04-26,dropout,Mot.PV
M6B_L6_00256,6,sensor_failure,A,150,0.7977714538574219,3,m6b_physics_lib_v2,-1,0b_v2,2026-04-26,flatline,Mot.SV
M6B_L6_00257,6,sensor_failure,A,150,0.7890093922615051,3,m6b_physics_lib_v2,-1,0b_v2,2026-04-26,spike,Pmp.SV
M6B_L6_00258,6,sensor_failure,A,150,0.5022891759872437,0,m6b_physics_lib_v2,-1,0b_v2,2026-04-26,drift,Mot.TV
M6B_L6_00259,6,sensor_failure,A,150,0.9823724627494812,3,m6b_physics_lib_v2,-1,0b_v2,2026-04-26,dropout,Pmp.PV
M6B_L6_00260,6,sensor_failure,A,150,0.33927029371261597,0,m6b_physics_lib_v2,-1,0b_v2,2026-04-26,flatline,Temp.SV
M6B_L6_00261,6,sensor_failure,A,150,0.459790974855423,1,m6b_physics_lib_v2,-1,0b_v2,2026-04-26,spike,Pres.SV
M6B_L6_00262,6,sensor_failure,A,150,0.6454694867134094,1,m6b_physics_lib_v2,-1,0b_v2,2026-04-26,drift,Pmp.TV
M6B_L6_00263,6,sensor_failure,A,150,0.7709270119667053,1,m6b_physics_lib_v2,-1,0b_v2,2026-04-26,dropout,Mot.PV
M6B_L6_00264,6,sensor_failure,A,150,0.6193817257881165,1,m6b_physics_lib_v2,-1,0b_v2,2026-04-26,flatline,Mot.SV
M6B_L6_00265,6,sensor_failure,A,150,0.8639854788780212,3,m6b_physics_lib_v2,-1,0b_v2,2026-04-26,spike,Pmp.SV
M6B_L6_00266,6,sensor_failure,A,150,0.7554331421852112,0,m6b_physics_lib_v2,-1,0b_v2,2026-04-26,drift,Mot.TV
M6B_L6_00267,6,sensor_failure,A,150,0.3406866490840912,2,m6b_physics_lib_v2,-1,0b_v2,2026-04-26,dropout,Pmp.PV
M6B_L6_00268,6,sensor_failure,A,150,0.33097752928733826,1,m6b_physics_lib_v2,-1,0b_v2,2026-04-26,flatline,Temp.SV
M6B_L6_00269,6,sensor_failure,A,150,0.6959603428840637,2,m6b_physics_lib_v2,-1,0b_v2,2026-04-26,spike,Pres.SV
M6B_L6_00270,6,sensor_failure,A,150,0.795644998550415,3,m6b_physics_lib_v2,-1,0b_v2,2026-04-26,drift,Pmp.TV
M6B_L6_00271,6,sensor_failure,A,150,0.8829668164253235,0,m6b_physics_lib_v2,-1,0b_v2,2026-04-26,dropout,Mot.PV
M6B_L6_00272,6,sensor_failure,A,150,0.4417135417461395,1,m6b_physics_lib_v2,-1,0b_v2,2026-04-26,flatline,Mot.SV
M6B_L6_00273,6,sensor_failure,A,150,0.4173930585384369,0,m6b_physics_lib_v2,-1,0b_v2,2026-04-26,spike,Pmp.SV
M6B_L6_00274,6,sensor_failure,A,150,0.5707507729530334,2,m6b_physics_lib_v2,-1,0b_v2,2026-04-26,drift,Mot.TV
M6B_L6_00275,6,sensor_failure,A,150,0.6649326086044312,1,m6b_physics_lib_v2,-1,0b_v2,2026-04-26,dropout,Pmp.PV
M6B_L6_00276,6,sensor_failure,A,150,0.6476990580558777,0,m6b_physics_lib_v2,-1,0b_v2,2026-04-26,flatline,Temp.SV
M6B_L6_00277,6,sensor_failure,A,150,0.6324746608734131,0,m6b_physics_lib_v2,-1,0b_v2,2026-04-26,spike,Pres.SV
M6B_L6_00278,6,sensor_failure,A,150,0.8833446502685547,0,m6b_physics_lib_v2,-1,0b_v2,2026-04-26,drift,Pmp.TV
M6B_L6_00279,6,sensor_failure,A,150,0.8780303001403809,2,m6b_physics_lib_v2,-1,0b_v2,2026-04-26,dropout,Mot.PV
M6B_L6_00280,6,sensor_failure,A,150,0.32129615545272827,3,m6b_physics_lib_v2,-1,0b_v2,2026-04-26,flatline,Mot.SV
M6B_L6_00281,6,sensor_failure,A,150,0.30348557233810425,2,m6b_physics_lib_v2,-1,0b_v2,2026-04-26,spike,Pmp.SV
M6B_L6_00282,6,sensor_failure,A,150,0.6375993490219116,0,m6b_physics_lib_v2,-1,0b_v2,2026-04-26,drift,Mot.TV
M6B_L6_00283,6,sensor_failure,A,150,0.8406720757484436,2,m6b_physics_lib_v2,-1,0b_v2,2026-04-26,dropout,Pmp.PV
M6B_L6_00284,6,sensor_failure,A,150,0.3711295425891876,0,m6b_physics_lib_v2,-1,0b_v2,2026-04-26,flatline,Temp.SV
M6B_L6_00285,6,sensor_failure,A,150,0.7436856031417847,2,m6b_physics_lib_v2,-1,0b_v2,2026-04-26,spike,Pres.SV
M6B_L6_00286,6,sensor_failure,A,150,0.7850629091262817,2,m6b_physics_lib_v2,-1,0b_v2,2026-04-26,drift,Pmp.TV
M6B_L6_00287,6,sensor_failure,A,150,0.7853086590766907,1,m6b_physics_lib_v2,-1,0b_v2,2026-04-26,dropout,Mot.PV
M6B_L6_00288,6,sensor_failure,A,150,0.8713722229003906,1,m6b_physics_lib_v2,-1,0b_v2,2026-04-26,flatline,Mot.SV
M6B_L6_00289,6,sensor_failure,A,150,0.4129165709018707,0,m6b_physics_lib_v2,-1,0b_v2,2026-04-26,spike,Pmp.SV
M6B_L6_00290,6,sensor_failure,A,150,0.8835891485214233,2,m6b_physics_lib_v2,-1,0b_v2,2026-04-26,drift,Mot.TV
M6B_L6_00291,6,sensor_failure,A,150,0.792496919631958,2,m6b_physics_lib_v2,-1,0b_v2,2026-04-26,dropout,Pmp.PV
M6B_L6_00292,6,sensor_failure,A,150,0.9308618307113647,3,m6b_physics_lib_v2,-1,0b_v2,2026-04-26,flatline,Temp.SV
M6B_L6_00293,6,sensor_failure,A,150,0.42807868123054504,2,m6b_physics_lib_v2,-1,0b_v2,2026-04-26,spike,Pres.SV
M6B_L6_00294,6,sensor_failure,A,150,0.7286211848258972,2,m6b_physics_lib_v2,-1,0b_v2,2026-04-26,drift,Pmp.TV
M6B_L6_00295,6,sensor_failure,A,150,0.5648961067199707,0,m6b_physics_lib_v2,-1,0b_v2,2026-04-26,dropout,Mot.PV
M6B_L6_00296,6,sensor_failure,A,150,0.6002539396286011,0,m6b_physics_lib_v2,-1,0b_v2,2026-04-26,flatline,Mot.SV
M6B_L6_00297,6,sensor_failure,A,150,0.9913009405136108,3,m6b_physics_lib_v2,-1,0b_v2,2026-04-26,spike,Pmp.SV
M6B_L6_00298,6,sensor_failure,A,150,0.446230947971344,2,m6b_physics_lib_v2,-1,0b_v2,2026-04-26,drift,Mot.TV
M6B_L6_00299,6,sensor_failure,A,150,0.9821342825889587,3,m6b_physics_lib_v2,-1,0b_v2,2026-04-26,dropout,Pmp.PV
M6B_L6_00300,6,sensor_failure,A,150,0.39940184354782104,3,m6b_physics_lib_v2,-1,0b_v2,2026-04-26,flatline,Temp.SV
M6B_L6_00301,6,sensor_failure,A,150,0.4040498733520508,3,m6b_physics_lib_v2,-1,0b_v2,2026-04-26,spike,Pres.SV
M6B_L6_00302,6,sensor_failure,A,150,0.7108088135719299,0,m6b_physics_lib_v2,-1,0b_v2,2026-04-26,drift,Pmp.TV
M6B_L6_00303,6,sensor_failure,A,150,0.6052920818328857,2,m6b_physics_lib_v2,-1,0b_v2,2026-04-26,dropout,Mot.PV
M6B_L6_00304,6,sensor_failure,A,150,0.8913497924804688,3,m6b_physics_lib_v2,-1,0b_v2,2026-04-26,flatline,Mot.SV
M6B_L6_00305,6,sensor_failure,A,150,0.6770627498626709,2,m6b_physics_lib_v2,-1,0b_v2,2026-04-26,spike,Pmp.SV
M6B_L6_00306,6,sensor_failure,A,150,0.9398444294929504,0,m6b_physics_lib_v2,-1,0b_v2,2026-04-26,drift,Mot.TV
M6B_L6_00307,6,sensor_failure,A,150,0.6254630088806152,0,m6b_physics_lib_v2,-1,0b_v2,2026-04-26,dropout,Pmp.PV
M6B_L6_00308,6,sensor_failure,A,150,0.902581512928009,1,m6b_physics_lib_v2,-1,0b_v2,2026-04-26,flatline,Temp.SV
M6B_L6_00309,6,sensor_failure,A,150,0.8886069655418396,1,m6b_physics_lib_v2,-1,0b_v2,2026-04-26,spike,Pres.SV
M6B_L6_00310,6,sensor_failure,A,150,0.5660330653190613,1,m6b_physics_lib_v2,-1,0b_v2,2026-04-26,drift,Pmp.TV
M6B_L6_00311,6,sensor_failure,A,150,0.9060433506965637,2,m6b_physics_lib_v2,-1,0b_v2,2026-04-26,dropout,Mot.PV
M6B_L6_00312,6,sensor_failure,A,150,0.7860331535339355,1,m6b_physics_lib_v2,-1,0b_v2,2026-04-26,flatline,Mot.SV
M6B_L6_00313,6,sensor_failure,A,150,0.307388037443161,2,m6b_physics_lib_v2,-1,0b_v2,2026-04-26,spike,Pmp.SV
M6B_L6_00314,6,sensor_failure,A,150,0.6533060669898987,2,m6b_physics_lib_v2,-1,0b_v2,2026-04-26,drift,Mot.TV
M6B_L6_00315,6,sensor_failure,A,150,0.3097311854362488,0,m6b_physics_lib_v2,-1,0b_v2,2026-04-26,dropout,Pmp.PV
M6B_L6_00316,6,sensor_failure,A,150,0.33977001905441284,3,m6b_physics_lib_v2,-1,0b_v2,2026-04-26,flatline,Temp.SV
M6B_L6_00317,6,sensor_failure,A,150,0.5320031046867371,2,m6b_physics_lib_v2,-1,0b_v2,2026-04-26,spike,Pres.SV
M6B_L6_00318,6,sensor_failure,A,150,0.4224717617034912,3,m6b_physics_lib_v2,-1,0b_v2,2026-04-26,drift,Pmp.TV
M6B_L6_00319,6,sensor_failure,A,150,0.6908825039863586,2,m6b_physics_lib_v2,-1,0b_v2,2026-04-26,dropout,Mot.PV
M6B_L6_00320,6,sensor_failure,A,150,0.9292247295379639,1,m6b_physics_lib_v2,-1,0b_v2,2026-04-26,flatline,Mot.SV
M6B_L6_00321,6,sensor_failure,A,150,0.39681896567344666,0,m6b_physics_lib_v2,-1,0b_v2,2026-04-26,spike,Pmp.SV
M6B_L6_00322,6,sensor_failure,A,150,0.6761149764060974,3,m6b_physics_lib_v2,-1,0b_v2,2026-04-26,drift,Mot.TV
M6B_L6_00323,6,sensor_failure,A,150,0.6315553188323975,3,m6b_physics_lib_v2,-1,0b_v2,2026-04-26,dropout,Pmp.PV
M6B_L6_00324,6,sensor_failure,A,150,0.3487204909324646,1,m6b_physics_lib_v2,-1,0b_v2,2026-04-26,flatline,Temp.SV
M6B_L6_00325,6,sensor_failure,A,150,0.7615973353385925,1,m6b_physics_lib_v2,-1,0b_v2,2026-04-26,spike,Pres.SV
M6B_L6_00326,6,sensor_failure,A,150,0.6998770833015442,3,m6b_physics_lib_v2,-1,0b_v2,2026-04-26,drift,Pmp.TV
M6B_L6_00327,6,sensor_failure,A,150,0.7982827425003052,3,m6b_physics_lib_v2,-1,0b_v2,2026-04-26,dropout,Mot.PV
M6B_L6_00328,6,sensor_failure,A,150,0.5023931264877319,3,m6b_physics_lib_v2,-1,0b_v2,2026-04-26,flatline,Mot.SV
M6B_L6_00329,6,sensor_failure,A,150,0.5068529844284058,3,m6b_physics_lib_v2,-1,0b_v2,2026-04-26,spike,Pmp.SV
M6B_L6_00330,6,sensor_failure,A,150,0.6201844811439514,1,m6b_physics_lib_v2,-1,0b_v2,2026-04-26,drift,Mot.TV
M6B_L6_00331,6,sensor_failure,A,150,0.6494246125221252,2,m6b_physics_lib_v2,-1,0b_v2,2026-04-26,dropout,Pmp.PV
M6B_L6_00332,6,sensor_failure,A,150,0.7638615369796753,3,m6b_physics_lib_v2,-1,0b_v2,2026-04-26,flatline,Temp.SV
M6B_L6_00333,6,sensor_failure,A,150,0.7244487404823303,1,m6b_physics_lib_v2,-1,0b_v2,2026-04-26,spike,Pres.SV
M6B_L6_00334,6,sensor_failure,A,150,0.5163537859916687,1,m6b_physics_lib_v2,-1,0b_v2,2026-04-26,drift,Pmp.TV
M6B_L6_00335,6,sensor_failure,A,150,0.7763357758522034,2,m6b_physics_lib_v2,-1,0b_v2,2026-04-26,dropout,Mot.PV
M6B_L6_00336,6,sensor_failure,A,150,0.6362038254737854,1,m6b_physics_lib_v2,-1,0b_v2,2026-04-26,flatline,Mot.SV
M6B_L6_00337,6,sensor_failure,A,150,0.3500205874443054,1,m6b_physics_lib_v2,-1,0b_v2,2026-04-26,spike,Pmp.SV
M6B_L6_00338,6,sensor_failure,A,150,0.7039281725883484,0,m6b_physics_lib_v2,-1,0b_v2,2026-04-26,drift,Mot.TV
M6B_L6_00339,6,sensor_failure,A,150,0.6911391019821167,2,m6b_physics_lib_v2,-1,0b_v2,2026-04-26,dropout,Pmp.PV
M6B_L6_00340,6,sensor_failure,A,150,0.6747136116027832,3,m6b_physics_lib_v2,-1,0b_v2,2026-04-26,flatline,Temp.SV
M6B_L6_00341,6,sensor_failure,A,150,0.46087777614593506,2,m6b_physics_lib_v2,-1,0b_v2,2026-04-26,spike,Pres.SV
M6B_L6_00342,6,sensor_failure,A,150,0.31603437662124634,1,m6b_physics_lib_v2,-1,0b_v2,2026-04-26,drift,Pmp.TV
M6B_L6_00343,6,sensor_failure,A,150,0.37225672602653503,2,m6b_physics_lib_v2,-1,0b_v2,2026-04-26,dropout,Mot.PV
M6B_L6_00344,6,sensor_failure,A,150,0.48634907603263855,3,m6b_physics_lib_v2,-1,0b_v2,2026-04-26,flatline,Mot.SV
M6B_L6_00345,6,sensor_failure,A,150,0.955504834651947,2,m6b_physics_lib_v2,-1,0b_v2,2026-04-26,spike,Pmp.SV
M6B_L6_00346,6,sensor_failure,A,150,0.8344171047210693,3,m6b_physics_lib_v2,-1,0b_v2,2026-04-26,drift,Mot.TV
M6B_L6_00347,6,sensor_failure,A,150,0.4067389667034149,2,m6b_physics_lib_v2,-1,0b_v2,2026-04-26,dropout,Pmp.PV
M6B_L6_00348,6,sensor_failure,A,150,0.8407987952232361,2,m6b_physics_lib_v2,-1,0b_v2,2026-04-26,flatline,Temp.SV
M6B_L6_00349,6,sensor_failure,A,150,0.4041741192340851,2,m6b_physics_lib_v2,-1,0b_v2,2026-04-26,spike,Pres.SV
M6B_L6_00350,6,sensor_failure,A,150,0.43618690967559814,2,m6b_physics_lib_v2,-1,0b_v2,2026-04-26,drift,Pmp.TV
M6B_L6_00351,6,sensor_failure,A,150,0.4676329493522644,1,m6b_physics_lib_v2,-1,0b_v2,2026-04-26,dropout,Mot.PV
M6B_L6_00352,6,sensor_failure,A,150,0.6347948312759399,3,m6b_physics_lib_v2,-1,0b_v2,2026-04-26,flatline,Mot.SV
M6B_L6_00353,6,sensor_failure,A,150,0.5779948830604553,2,m6b_physics_lib_v2,-1,0b_v2,2026-04-26,spike,Pmp.SV
M6B_L6_00354,6,sensor_failure,A,150,0.3792751431465149,3,m6b_physics_lib_v2,-1,0b_v2,2026-04-26,drift,Mot.TV
M6B_L6_00355,6,sensor_failure,A,150,0.7640143632888794,2,m6b_physics_lib_v2,-1,0b_v2,2026-04-26,dropout,Pmp.PV
M6B_L6_00356,6,sensor_failure,A,150,0.3949613571166992,0,m6b_physics_lib_v2,-1,0b_v2,2026-04-26,flatline,Temp.SV
M6B_L6_00357,6,sensor_failure,A,150,0.4491264224052429,0,m6b_physics_lib_v2,-1,0b_v2,2026-04-26,spike,Pres.SV
M6B_L6_00358,6,sensor_failure,A,150,0.5273417234420776,1,m6b_physics_lib_v2,-1,0b_v2,2026-04-26,drift,Pmp.TV
M6B_L6_00359,6,sensor_failure,A,150,0.4851687550544739,3,m6b_physics_lib_v2,-1,0b_v2,2026-04-26,dropout,Mot.PV
M6B_L6_00360,6,sensor_failure,A,150,0.9655284881591797,0,m6b_physics_lib_v2,-1,0b_v2,2026-04-26,flatline,Mot.SV
M6B_L6_00361,6,sensor_failure,A,150,0.4706863760948181,1,m6b_physics_lib_v2,-1,0b_v2,2026-04-26,spike,Pmp.SV
M6B_L6_00362,6,sensor_failure,A,150,0.5315644145011902,1,m6b_physics_lib_v2,-1,0b_v2,2026-04-26,drift,Mot.TV
M6B_L6_00363,6,sensor_failure,A,150,0.38570985198020935,2,m6b_physics_lib_v2,-1,0b_v2,2026-04-26,dropout,Pmp.PV
M6B_L6_00364,6,sensor_failure,A,150,0.9608412981033325,1,m6b_physics_lib_v2,-1,0b_v2,2026-04-26,flatline,Temp.SV
M6B_L6_00365,6,sensor_failure,A,150,0.41372033953666687,0,m6b_physics_lib_v2,-1,0b_v2,2026-04-26,spike,Pres.SV
M6B_L6_00366,6,sensor_failure,A,150,0.7437679171562195,2,m6b_physics_lib_v2,-1,0b_v2,2026-04-26,drift,Pmp.TV
M6B_L6_00367,6,sensor_failure,A,150,0.8101497888565063,1,m6b_physics_lib_v2,-1,0b_v2,2026-04-26,dropout,Mot.PV
M6B_L6_00368,6,sensor_failure,A,150,0.3552318513393402,1,m6b_physics_lib_v2,-1,0b_v2,2026-04-26,flatline,Mot.SV
M6B_L6_00369,6,sensor_failure,A,150,0.7817575931549072,2,m6b_physics_lib_v2,-1,0b_v2,2026-04-26,spike,Pmp.SV
M6B_L6_00370,6,sensor_failure,A,150,0.6791884303092957,2,m6b_physics_lib_v2,-1,0b_v2,2026-04-26,drift,Mot.TV
M6B_L6_00371,6,sensor_failure,A,150,0.8089622855186462,3,m6b_physics_lib_v2,-1,0b_v2,2026-04-26,dropout,Pmp.PV
M6B_L6_00372,6,sensor_failure,A,150,0.8083675503730774,0,m6b_physics_lib_v2,-1,0b_v2,2026-04-26,flatline,Temp.SV
M6B_L6_00373,6,sensor_failure,A,150,0.6274018287658691,0,m6b_physics_lib_v2,-1,0b_v2,2026-04-26,spike,Pres.SV
M6B_L6_00374,6,sensor_failure,A,150,0.8745802044868469,0,m6b_physics_lib_v2,-1,0b_v2,2026-04-26,drift,Pmp.TV
M6B_L6_00375,6,sensor_failure,A,150,0.3851627707481384,3,m6b_physics_lib_v2,-1,0b_v2,2026-04-26,dropout,Mot.PV
M6B_L6_00376,6,sensor_failure,A,150,0.8866272568702698,0,m6b_physics_lib_v2,-1,0b_v2,2026-04-26,flatline,Mot.SV
M6B_L6_00377,6,sensor_failure,A,150,0.7590018510818481,2,m6b_physics_lib_v2,-1,0b_v2,2026-04-26,spike,Pmp.SV
M6B_L6_00378,6,sensor_failure,A,150,0.6563416719436646,0,m6b_physics_lib_v2,-1,0b_v2,2026-04-26,drift,Mot.TV
M6B_L6_00379,6,sensor_failure,A,150,0.40884530544281006,0,m6b_physics_lib_v2,-1,0b_v2,2026-04-26,dropout,Pmp.PV
M6B_L6_00380,6,sensor_failure,A,150,0.6623998880386353,2,m6b_physics_lib_v2,-1,0b_v2,2026-04-26,flatline,Temp.SV
M6B_L6_00381,6,sensor_failure,A,150,0.45708730816841125,3,m6b_physics_lib_v2,-1,0b_v2,2026-04-26,spike,Pres.SV
M6B_L6_00382,6,sensor_failure,A,150,0.8656657934188843,1,m6b_physics_lib_v2,-1,0b_v2,2026-04-26,drift,Pmp.TV
M6B_L6_00383,6,sensor_failure,A,150,0.6556488871574402,1,m6b_physics_lib_v2,-1,0b_v2,2026-04-26,dropout,Mot.PV
M6B_L6_00384,6,sensor_failure,A,150,0.7814512848854065,0,m6b_physics_lib_v2,-1,0b_v2,2026-04-26,flatline,Mot.SV
M6B_L6_00385,6,sensor_failure,A,150,0.9589900970458984,3,m6b_physics_lib_v2,-1,0b_v2,2026-04-26,spike,Pmp.SV
M6B_L6_00386,6,sensor_failure,A,150,0.9416790008544922,3,m6b_physics_lib_v2,-1,0b_v2,2026-04-26,drift,Mot.TV
M6B_L6_00387,6,sensor_failure,A,150,0.752237856388092,1,m6b_physics_lib_v2,-1,0b_v2,2026-04-26,dropout,Pmp.PV
M6B_L6_00388,6,sensor_failure,A,150,0.8723267912864685,0,m6b_physics_lib_v2,-1,0b_v2,2026-04-26,flatline,Temp.SV
M6B_L6_00389,6,sensor_failure,A,150,0.6366753578186035,3,m6b_physics_lib_v2,-1,0b_v2,2026-04-26,spike,Pres.SV
M6B_L6_00390,6,sensor_failure,A,150,0.6677379012107849,0,m6b_physics_lib_v2,-1,0b_v2,2026-04-26,drift,Pmp.TV
M6B_L6_00391,6,sensor_failure,A,150,0.9573593735694885,3,m6b_physics_lib_v2,-1,0b_v2,2026-04-26,dropout,Mot.PV
M6B_L6_00392,6,sensor_failure,A,150,0.3210335373878479,3,m6b_physics_lib_v2,-1,0b_v2,2026-04-26,flatline,Mot.SV
M6B_L6_00393,6,sensor_failure,A,150,0.5600011944770813,1,m6b_physics_lib_v2,-1,0b_v2,2026-04-26,spike,Pmp.SV
M6B_L6_00394,6,sensor_failure,A,150,0.6063209176063538,2,m6b_physics_lib_v2,-1,0b_v2,2026-04-26,drift,Mot.TV
M6B_L6_00395,6,sensor_failure,A,150,0.40175098180770874,3,m6b_physics_lib_v2,-1,0b_v2,2026-04-26,dropout,Pmp.PV
M6B_L6_00396,6,sensor_failure,A,150,0.46209973096847534,3,m6b_physics_lib_v2,-1,0b_v2,2026-04-26,flatline,Temp.SV
M6B_L6_00397,6,sensor_failure,A,150,0.7410994172096252,1,m6b_physics_lib_v2,-1,0b_v2,2026-04-26,spike,Pres.SV
M6B_L6_00398,6,sensor_failure,A,150,0.9426191449165344,3,m6b_physics_lib_v2,-1,0b_v2,2026-04-26,drift,Pmp.TV
M6B_L6_00399,6,sensor_failure,A,150,0.6666741371154785,3,m6b_physics_lib_v2,-1,0b_v2,2026-04-26,dropout,Mot.PV
M6B_L6_00400,6,sensor_failure,A,150,0.5505725741386414,3,m6b_physics_lib_v2,-1,0b_v2,2026-04-26,flatline,Mot.SV
M6B_L6_00401,6,sensor_failure,A,150,0.32378700375556946,2,m6b_physics_lib_v2,-1,0b_v2,2026-04-26,spike,Pmp.SV
M6B_L6_00402,6,sensor_failure,A,150,0.9704560041427612,0,m6b_physics_lib_v2,-1,0b_v2,2026-04-26,drift,Mot.TV
M6B_L6_00403,6,sensor_failure,A,150,0.9742738604545593,2,m6b_physics_lib_v2,-1,0b_v2,2026-04-26,dropout,Pmp.PV
M6B_L6_00404,6,sensor_failure,A,150,0.31402578949928284,3,m6b_physics_lib_v2,-1,0b_v2,2026-04-26,flatline,Temp.SV
M6B_L6_00405,6,sensor_failure,A,150,0.6331013441085815,2,m6b_physics_lib_v2,-1,0b_v2,2026-04-26,spike,Pres.SV
M6B_L6_00406,6,sensor_failure,A,150,0.9387229681015015,3,m6b_physics_lib_v2,-1,0b_v2,2026-04-26,drift,Pmp.TV
M6B_L6_00407,6,sensor_failure,A,150,0.9922052621841431,1,m6b_physics_lib_v2,-1,0b_v2,2026-04-26,dropout,Mot.PV
M6B_L6_00408,6,sensor_failure,A,150,0.85073322057724,2,m6b_physics_lib_v2,-1,0b_v2,2026-04-26,flatline,Mot.SV
M6B_L6_00409,6,sensor_failure,A,150,0.34437093138694763,3,m6b_physics_lib_v2,-1,0b_v2,2026-04-26,spike,Pmp.SV
M6B_L6_00410,6,sensor_failure,A,150,0.6733403205871582,0,m6b_physics_lib_v2,-1,0b_v2,2026-04-26,drift,Mot.TV
M6B_L6_00411,6,sensor_failure,A,150,0.754563570022583,2,m6b_physics_lib_v2,-1,0b_v2,2026-04-26,dropout,Pmp.PV
M6B_L6_00412,6,sensor_failure,A,150,0.41923263669013977,0,m6b_physics_lib_v2,-1,0b_v2,2026-04-26,flatline,Temp.SV
M6B_L6_00413,6,sensor_failure,A,150,0.31248167157173157,3,m6b_physics_lib_v2,-1,0b_v2,2026-04-26,spike,Pres.SV
M6B_L6_00414,6,sensor_failure,A,150,0.8112694025039673,0,m6b_physics_lib_v2,-1,0b_v2,2026-04-26,drift,Pmp.TV
M6B_L6_00415,6,sensor_failure,A,150,0.37560030817985535,2,m6b_physics_lib_v2,-1,0b_v2,2026-04-26,dropout,Mot.PV
M6B_L6_00416,6,sensor_failure,A,150,0.6033291816711426,1,m6b_physics_lib_v2,-1,0b_v2,2026-04-26,flatline,Mot.SV
M6B_L6_00417,6,sensor_failure,A,150,0.8039661049842834,1,m6b_physics_lib_v2,-1,0b_v2,2026-04-26,spike,Pmp.SV
M6B_L6_00418,6,sensor_failure,A,150,0.9391477704048157,3,m6b_physics_lib_v2,-1,0b_v2,2026-04-26,drift,Mot.TV
M6B_L6_00419,6,sensor_failure,A,150,0.7451558709144592,2,m6b_physics_lib_v2,-1,0b_v2,2026-04-26,dropout,Pmp.PV
M6B_L6_00420,6,sensor_failure,A,150,0.5021454691886902,1,m6b_physics_lib_v2,-1,0b_v2,2026-04-26,flatline,Temp.SV
M6B_L6_00421,6,sensor_failure,A,150,0.6634507775306702,2,m6b_physics_lib_v2,-1,0b_v2,2026-04-26,spike,Pres.SV
M6B_L6_00422,6,sensor_failure,A,150,0.620068371295929,0,m6b_physics_lib_v2,-1,0b_v2,2026-04-26,drift,Pmp.TV
M6B_L6_00423,6,sensor_failure,A,150,0.31778809428215027,2,m6b_physics_lib_v2,-1,0b_v2,2026-04-26,dropout,Mot.PV
M6B_L6_00424,6,sensor_failure,A,150,0.939039945602417,3,m6b_physics_lib_v2,-1,0b_v2,2026-04-26,flatline,Mot.SV
M6B_L6_00425,6,sensor_failure,A,150,0.7508301734924316,3,m6b_physics_lib_v2,-1,0b_v2,2026-04-26,spike,Pmp.SV
M6B_L6_00426,6,sensor_failure,A,150,0.43796205520629883,3,m6b_physics_lib_v2,-1,0b_v2,2026-04-26,drift,Mot.TV
M6B_L6_00427,6,sensor_failure,A,150,0.40314969420433044,1,m6b_physics_lib_v2,-1,0b_v2,2026-04-26,dropout,Pmp.PV
M6B_L6_00428,6,sensor_failure,A,150,0.7332963943481445,1,m6b_physics_lib_v2,-1,0b_v2,2026-04-26,flatline,Temp.SV
M6B_L6_00429,6,sensor_failure,A,150,0.4016577899456024,3,m6b_physics_lib_v2,-1,0b_v2,2026-04-26,spike,Pres.SV
M6B_L6_00430,6,sensor_failure,A,150,0.9472946524620056,3,m6b_physics_lib_v2,-1,0b_v2,2026-04-26,drift,Pmp.TV
M6B_L6_00431,6,sensor_failure,A,150,0.310398131608963,2,m6b_physics_lib_v2,-1,0b_v2,2026-04-26,dropout,Mot.PV
M6B_L6_00432,6,sensor_failure,A,150,0.9401349425315857,3,m6b_physics_lib_v2,-1,0b_v2,2026-04-26,flatline,Mot.SV
M6B_L6_00433,6,sensor_failure,A,150,0.9918105006217957,2,m6b_physics_lib_v2,-1,0b_v2,2026-04-26,spike,Pmp.SV
M6B_L6_00434,6,sensor_failure,A,150,0.8524811863899231,3,m6b_physics_lib_v2,-1,0b_v2,2026-04-26,drift,Mot.TV
M6B_L6_00435,6,sensor_failure,A,150,0.30022352933883667,1,m6b_physics_lib_v2,-1,0b_v2,2026-04-26,dropout,Pmp.PV
M6B_L6_00436,6,sensor_failure,A,150,0.3548647463321686,1,m6b_physics_lib_v2,-1,0b_v2,2026-04-26,flatline,Temp.SV
M6B_L6_00437,6,sensor_failure,A,150,0.6000057458877563,1,m6b_physics_lib_v2,-1,0b_v2,2026-04-26,spike,Pres.SV
M6B_L6_00438,6,sensor_failure,A,150,0.820698082447052,1,m6b_physics_lib_v2,-1,0b_v2,2026-04-26,drift,Pmp.TV
M6B_L6_00439,6,sensor_failure,A,150,0.45672911405563354,0,m6b_physics_lib_v2,-1,0b_v2,2026-04-26,dropout,Mot.PV
M6B_L6_00440,6,sensor_failure,A,150,0.8361807465553284,3,m6b_physics_lib_v2,-1,0b_v2,2026-04-26,flatline,Mot.SV
M6B_L6_00441,6,sensor_failure,A,150,0.6729583144187927,0,m6b_physics_lib_v2,-1,0b_v2,2026-04-26,spike,Pmp.SV
M6B_L6_00442,6,sensor_failure,A,150,0.7874507904052734,1,m6b_physics_lib_v2,-1,0b_v2,2026-04-26,drift,Mot.TV
M6B_L6_00443,6,sensor_failure,A,150,0.9037497639656067,1,m6b_physics_lib_v2,-1,0b_v2,2026-04-26,dropout,Pmp.PV
M6B_L6_00444,6,sensor_failure,A,150,0.8502122163772583,2,m6b_physics_lib_v2,-1,0b_v2,2026-04-26,flatline,Temp.SV
M6B_L6_00445,6,sensor_failure,A,150,0.850058913230896,2,m6b_physics_lib_v2,-1,0b_v2,2026-04-26,spike,Pres.SV
M6B_L6_00446,6,sensor_failure,A,150,0.46646401286125183,2,m6b_physics_lib_v2,-1,0b_v2,2026-04-26,drift,Pmp.TV
M6B_L6_00447,6,sensor_failure,A,150,0.7624849081039429,0,m6b_physics_lib_v2,-1,0b_v2,2026-04-26,dropout,Mot.PV
M6B_L6_00448,6,sensor_failure,A,150,0.9638676643371582,1,m6b_physics_lib_v2,-1,0b_v2,2026-04-26,flatline,Mot.SV
M6B_L6_00449,6,sensor_failure,A,150,0.35172462463378906,2,m6b_physics_lib_v2,-1,0b_v2,2026-04-26,spike,Pmp.SV
M6B_L6_00450,6,sensor_failure,A,150,0.35572460293769836,3,m6b_physics_lib_v2,-1,0b_v2,2026-04-26,drift,Mot.TV
M6B_L6_00451,6,sensor_failure,A,150,0.78121417760849,2,m6b_physics_lib_v2,-1,0b_v2,2026-04-26,dropout,Pmp.PV
M6B_L6_00452,6,sensor_failure,A,150,0.8791981339454651,3,m6b_physics_lib_v2,-1,0b_v2,2026-04-26,flatline,Temp.SV
M6B_L6_00453,6,sensor_failure,A,150,0.42518141865730286,0,m6b_physics_lib_v2,-1,0b_v2,2026-04-26,spike,Pres.SV
M6B_L6_00454,6,sensor_failure,A,150,0.9878025650978088,3,m6b_physics_lib_v2,-1,0b_v2,2026-04-26,drift,Pmp.TV
M6B_L6_00455,6,sensor_failure,A,150,0.9884098768234253,3,m6b_physics_lib_v2,-1,0b_v2,2026-04-26,dropout,Mot.PV
M6B_L6_00456,6,sensor_failure,A,150,0.3895550072193146,3,m6b_physics_lib_v2,-1,0b_v2,2026-04-26,flatline,Mot.SV
M6B_L6_00457,6,sensor_failure,A,150,0.49282780289649963,1,m6b_physics_lib_v2,-1,0b_v2,2026-04-26,spike,Pmp.SV
M6B_L6_00458,6,sensor_failure,A,150,0.4814578592777252,3,m6b_physics_lib_v2,-1,0b_v2,2026-04-26,drift,Mot.TV
M6B_L6_00459,6,sensor_failure,A,150,0.6146301031112671,3,m6b_physics_lib_v2,-1,0b_v2,2026-04-26,dropout,Pmp.PV
M6B_L6_00460,6,sensor_failure,A,150,0.5529035329818726,0,m6b_physics_lib_v2,-1,0b_v2,2026-04-26,flatline,Temp.SV
M6B_L6_00461,6,sensor_failure,A,150,0.8631840944290161,3,m6b_physics_lib_v2,-1,0b_v2,2026-04-26,spike,Pres.SV
M6B_L6_00462,6,sensor_failure,A,150,0.7544835805892944,1,m6b_physics_lib_v2,-1,0b_v2,2026-04-26,drift,Pmp.TV
M6B_L6_00463,6,sensor_failure,A,150,0.3790125846862793,0,m6b_physics_lib_v2,-1,0b_v2,2026-04-26,dropout,Mot.PV
M6B_L6_00464,6,sensor_failure,A,150,0.8717072010040283,0,m6b_physics_lib_v2,-1,0b_v2,2026-04-26,flatline,Mot.SV
M6B_L6_00465,6,sensor_failure,A,150,0.4756168723106384,2,m6b_physics_lib_v2,-1,0b_v2,2026-04-26,spike,Pmp.SV
M6B_L6_00466,6,sensor_failure,A,150,0.6648479104042053,3,m6b_physics_lib_v2,-1,0b_v2,2026-04-26,drift,Mot.TV
M6B_L6_00467,6,sensor_failure,A,150,0.8304332494735718,2,m6b_physics_lib_v2,-1,0b_v2,2026-04-26,dropout,Pmp.PV
M6B_L6_00468,6,sensor_failure,A,150,0.8401175737380981,0,m6b_physics_lib_v2,-1,0b_v2,2026-04-26,flatline,Temp.SV
M6B_L6_00469,6,sensor_failure,A,150,0.5085892677307129,0,m6b_physics_lib_v2,-1,0b_v2,2026-04-26,spike,Pres.SV
M6B_L6_00470,6,sensor_failure,A,150,0.4336507022380829,3,m6b_physics_lib_v2,-1,0b_v2,2026-04-26,drift,Pmp.TV
M6B_L6_00471,6,sensor_failure,A,150,0.7302767634391785,0,m6b_physics_lib_v2,-1,0b_v2,2026-04-26,dropout,Mot.PV
M6B_L6_00472,6,sensor_failure,A,150,0.37544864416122437,0,m6b_physics_lib_v2,-1,0b_v2,2026-04-26,flatline,Mot.SV
M6B_L6_00473,6,sensor_failure,A,150,0.6245556473731995,1,m6b_physics_lib_v2,-1,0b_v2,2026-04-26,spike,Pmp.SV
M6B_L6_00474,6,sensor_failure,A,150,0.38772130012512207,0,m6b_physics_lib_v2,-1,0b_v2,2026-04-26,drift,Mot.TV
M6B_L6_00475,6,sensor_failure,A,150,0.3289186954498291,2,m6b_physics_lib_v2,-1,0b_v2,2026-04-26,dropout,Pmp.PV
M6B_L6_00476,6,sensor_failure,A,150,0.6649802923202515,1,m6b_physics_lib_v2,-1,0b_v2,2026-04-26,flatline,Temp.SV
M6B_L6_00477,6,sensor_failure,A,150,0.7777250409126282,2,m6b_physics_lib_v2,-1,0b_v2,2026-04-26,spike,Pres.SV
M6B_L6_00478,6,sensor_failure,A,150,0.9295431971549988,1,m6b_physics_lib_v2,-1,0b_v2,2026-04-26,drift,Pmp.TV
M6B_L6_00479,6,sensor_failure,A,150,0.6781965494155884,1,m6b_physics_lib_v2,-1,0b_v2,2026-04-26,dropout,Mot.PV
M6B_L6_00480,6,sensor_failure,A,150,0.300243079662323,1,m6b_physics_lib_v2,-1,0b_v2,2026-04-26,flatline,Mot.SV
M6B_L6_00481,6,sensor_failure,A,150,0.9853999018669128,0,m6b_physics_lib_v2,-1,0b_v2,2026-04-26,spike,Pmp.SV
M6B_L6_00482,6,sensor_failure,A,150,0.9086058139801025,0,m6b_physics_lib_v2,-1,0b_v2,2026-04-26,drift,Mot.TV
M6B_L6_00483,6,sensor_failure,A,150,0.828509509563446,0,m6b_physics_lib_v2,-1,0b_v2,2026-04-26,dropout,Pmp.PV
M6B_L6_00484,6,sensor_failure,A,150,0.6207473278045654,0,m6b_physics_lib_v2,-1,0b_v2,2026-04-26,flatline,Temp.SV
M6B_L6_00485,6,sensor_failure,A,150,0.4561903774738312,3,m6b_physics_lib_v2,-1,0b_v2,2026-04-26,spike,Pres.SV
M6B_L6_00486,6,sensor_failure,A,150,0.3587629199028015,1,m6b_physics_lib_v2,-1,0b_v2,2026-04-26,drift,Pmp.TV
M6B_L6_00487,6,sensor_failure,A,150,0.8657350540161133,3,m6b_physics_lib_v2,-1,0b_v2,2026-04-26,dropout,Mot.PV
M6B_L6_00488,6,sensor_failure,A,150,0.49250030517578125,1,m6b_physics_lib_v2,-1,0b_v2,2026-04-26,flatline,Mot.SV
M6B_L6_00489,6,sensor_failure,A,150,0.790537416934967,0,m6b_physics_lib_v2,-1,0b_v2,2026-04-26,spike,Pmp.SV
M6B_L6_00490,6,sensor_failure,A,150,0.9300172924995422,3,m6b_physics_lib_v2,-1,0b_v2,2026-04-26,drift,Mot.TV
M6B_L6_00491,6,sensor_failure,A,150,0.6606758236885071,3,m6b_physics_lib_v2,-1,0b_v2,2026-04-26,dropout,Pmp.PV
M6B_L6_00492,6,sensor_failure,A,150,0.43505463004112244,2,m6b_physics_lib_v2,-1,0b_v2,2026-04-26,flatline,Temp.SV
M6B_L6_00493,6,sensor_failure,A,150,0.8679622411727905,0,m6b_physics_lib_v2,-1,0b_v2,2026-04-26,spike,Pres.SV
M6B_L6_00494,6,sensor_failure,A,150,0.5108272433280945,1,m6b_physics_lib_v2,-1,0b_v2,2026-04-26,drift,Pmp.TV
M6B_L6_00495,6,sensor_failure,A,150,0.9630423188209534,3,m6b_physics_lib_v2,-1,0b_v2,2026-04-26,dropout,Mot.PV
M6B_L6_00496,6,sensor_failure,A,150,0.45522093772888184,0,m6b_physics_lib_v2,-1,0b_v2,2026-04-26,flatline,Mot.SV
M6B_L6_00497,6,sensor_failure,A,150,0.6416164636611938,3,m6b_physics_lib_v2,-1,0b_v2,2026-04-26,spike,Pmp.SV
M6B_L6_00498,6,sensor_failure,A,150,0.4491889774799347,0,m6b_physics_lib_v2,-1,0b_v2,2026-04-26,drift,Mot.TV
M6B_L6_00499,6,sensor_failure,A,150,0.7231433391571045,1,m6b_physics_lib_v2,-1,0b_v2,2026-04-26,dropout,Pmp.PV
M6B_L6_00500,6,sensor_failure,A,150,0.8266590237617493,2,m6b_physics_lib_v2,-1,0b_v2,2026-04-26,flatline,Temp.SV
M6B_L6_00501,6,sensor_failure,A,150,0.7641850709915161,2,m6b_physics_lib_v2,-1,0b_v2,2026-04-26,spike,Pres.SV
M6B_L6_00502,6,sensor_failure,A,150,0.5809305310249329,3,m6b_physics_lib_v2,-1,0b_v2,2026-04-26,drift,Pmp.TV
M6B_L6_00503,6,sensor_failure,A,150,0.7517573237419128,1,m6b_physics_lib_v2,-1,0b_v2,2026-04-26,dropout,Mot.PV
M6B_L6_00504,6,sensor_failure,A,150,0.8651846051216125,0,m6b_physics_lib_v2,-1,0b_v2,2026-04-26,flatline,Mot.SV
M6B_L6_00505,6,sensor_failure,A,150,0.45375341176986694,0,m6b_physics_lib_v2,-1,0b_v2,2026-04-26,spike,Pmp.SV
M6B_L6_00506,6,sensor_failure,A,150,0.8947429656982422,2,m6b_physics_lib_v2,-1,0b_v2,2026-04-26,drift,Mot.TV
M6B_L6_00507,6,sensor_failure,A,150,0.46875593066215515,2,m6b_physics_lib_v2,-1,0b_v2,2026-04-26,dropout,Pmp.PV
M6B_L6_00508,6,sensor_failure,A,150,0.9586838483810425,0,m6b_physics_lib_v2,-1,0b_v2,2026-04-26,flatline,Temp.SV
M6B_L6_00509,6,sensor_failure,A,150,0.8083622455596924,3,m6b_physics_lib_v2,-1,0b_v2,2026-04-26,spike,Pres.SV
M6B_L6_00510,6,sensor_failure,A,150,0.3365291655063629,0,m6b_physics_lib_v2,-1,0b_v2,2026-04-26,drift,Pmp.TV
M6B_L6_00511,6,sensor_failure,A,150,0.6430308818817139,1,m6b_physics_lib_v2,-1,0b_v2,2026-04-26,dropout,Mot.PV
M6B_L6_00512,6,sensor_failure,A,150,0.7276103496551514,1,m6b_physics_lib_v2,-1,0b_v2,2026-04-26,flatline,Mot.SV
M6B_L6_00513,6,sensor_failure,A,150,0.99040287733078,2,m6b_physics_lib_v2,-1,0b_v2,2026-04-26,spike,Pmp.SV
M6B_L6_00514,6,sensor_failure,A,150,0.46466147899627686,1,m6b_physics_lib_v2,-1,0b_v2,2026-04-26,drift,Mot.TV
M6B_L6_00515,6,sensor_failure,A,150,0.3128122091293335,3,m6b_physics_lib_v2,-1,0b_v2,2026-04-26,dropout,Pmp.PV
M6B_L6_00516,6,sensor_failure,A,150,0.9362567067146301,3,m6b_physics_lib_v2,-1,0b_v2,2026-04-26,flatline,Temp.SV
M6B_L6_00517,6,sensor_failure,A,150,0.39126601815223694,3,m6b_physics_lib_v2,-1,0b_v2,2026-04-26,spike,Pres.SV
M6B_L6_00518,6,sensor_failure,A,150,0.6373974680900574,0,m6b_physics_lib_v2,-1,0b_v2,2026-04-26,drift,Pmp.TV
M6B_L6_00519,6,sensor_failure,A,150,0.4263398349285126,3,m6b_physics_lib_v2,-1,0b_v2,2026-04-26,dropout,Mot.PV
M6B_L6_00520,6,sensor_failure,A,150,0.8384913206100464,1,m6b_physics_lib_v2,-1,0b_v2,2026-04-26,flatline,Mot.SV
M6B_L6_00521,6,sensor_failure,A,150,0.9003963470458984,1,m6b_physics_lib_v2,-1,0b_v2,2026-04-26,spike,Pmp.SV
M6B_L6_00522,6,sensor_failure,A,150,0.7273192405700684,2,m6b_physics_lib_v2,-1,0b_v2,2026-04-26,drift,Mot.TV
M6B_L6_00523,6,sensor_failure,A,150,0.4853206276893616,0,m6b_physics_lib_v2,-1,0b_v2,2026-04-26,dropout,Pmp.PV
M6B_L6_00524,6,sensor_failure,A,150,0.4541938900947571,1,m6b_physics_lib_v2,-1,0b_v2,2026-04-26,flatline,Temp.SV
M6B_L6_00525,6,sensor_failure,A,150,0.8290865421295166,1,m6b_physics_lib_v2,-1,0b_v2,2026-04-26,spike,Pres.SV
M6B_L6_00526,6,sensor_failure,A,150,0.44853994250297546,0,m6b_physics_lib_v2,-1,0b_v2,2026-04-26,drift,Pmp.TV
M6B_L6_00527,6,sensor_failure,A,150,0.9885085821151733,1,m6b_physics_lib_v2,-1,0b_v2,2026-04-26,dropout,Mot.PV
M6B_L6_00528,6,sensor_failure,A,150,0.8673609495162964,2,m6b_physics_lib_v2,-1,0b_v2,2026-04-26,flatline,Mot.SV
M6B_L6_00529,6,sensor_failure,A,150,0.57475745677948,1,m6b_physics_lib_v2,-1,0b_v2,2026-04-26,spike,Pmp.SV
M6B_L6_00530,6,sensor_failure,A,150,0.6954702138900757,3,m6b_physics_lib_v2,-1,0b_v2,2026-04-26,drift,Mot.TV
M6B_L6_00531,6,sensor_failure,A,150,0.3502438962459564,2,m6b_physics_lib_v2,-1,0b_v2,2026-04-26,dropout,Pmp.PV
M6B_L6_00532,6,sensor_failure,A,150,0.7543267607688904,2,m6b_physics_lib_v2,-1,0b_v2,2026-04-26,flatline,Temp.SV
M6B_L6_00533,6,sensor_failure,A,150,0.7907106876373291,2,m6b_physics_lib_v2,-1,0b_v2,2026-04-26,spike,Pres.SV
M6B_L6_00534,6,sensor_failure,A,150,0.7324017882347107,1,m6b_physics_lib_v2,-1,0b_v2,2026-04-26,drift,Pmp.TV
M6B_L6_00535,6,sensor_failure,A,150,0.7461544275283813,3,m6b_physics_lib_v2,-1,0b_v2,2026-04-26,dropout,Mot.PV
M6B_L6_00536,6,sensor_failure,A,150,0.311251699924469,3,m6b_physics_lib_v2,-1,0b_v2,2026-04-26,flatline,Mot.SV
M6B_L6_00537,6,sensor_failure,A,150,0.6249039769172668,0,m6b_physics_lib_v2,-1,0b_v2,2026-04-26,spike,Pmp.SV
M6B_L6_00538,6,sensor_failure,A,150,0.4002804458141327,2,m6b_physics_lib_v2,-1,0b_v2,2026-04-26,drift,Mot.TV
M6B_L6_00539,6,sensor_failure,A,150,0.5520740747451782,2,m6b_physics_lib_v2,-1,0b_v2,2026-04-26,dropout,Pmp.PV
M6B_L6_00540,6,sensor_failure,A,150,0.4522337019443512,3,m6b_physics_lib_v2,-1,0b_v2,2026-04-26,flatline,Temp.SV
M6B_L6_00541,6,sensor_failure,A,150,0.5696051716804504,0,m6b_physics_lib_v2,-1,0b_v2,2026-04-26,spike,Pres.SV
M6B_L6_00542,6,sensor_failure,A,150,0.6445730924606323,3,m6b_physics_lib_v2,-1,0b_v2,2026-04-26,drift,Pmp.TV
M6B_L6_00543,6,sensor_failure,A,150,0.38464435935020447,2,m6b_physics_lib_v2,-1,0b_v2,2026-04-26,dropout,Mot.PV
M6B_L6_00544,6,sensor_failure,A,150,0.8118098974227905,1,m6b_physics_lib_v2,-1,0b_v2,2026-04-26,flatline,Mot.SV
M6B_L6_00545,6,sensor_failure,A,150,0.7493889331817627,3,m6b_physics_lib_v2,-1,0b_v2,2026-04-26,spike,Pmp.SV
M6B_L6_00546,6,sensor_failure,A,150,0.9584247469902039,0,m6b_physics_lib_v2,-1,0b_v2,2026-04-26,drift,Mot.TV
M6B_L6_00547,6,sensor_failure,A,150,0.7947081327438354,0,m6b_physics_lib_v2,-1,0b_v2,2026-04-26,dropout,Pmp.PV
M6B_L6_00548,6,sensor_failure,A,150,0.39948809146881104,1,m6b_physics_lib_v2,-1,0b_v2,2026-04-26,flatline,Temp.SV
M6B_L6_00549,6,sensor_failure,A,150,0.32605698704719543,2,m6b_physics_lib_v2,-1,0b_v2,2026-04-26,spike,Pres.SV
M6B_L6_00550,6,sensor_failure,A,150,0.41092807054519653,3,m6b_physics_lib_v2,-1,0b_v2,2026-04-26,drift,Pmp.TV
M6B_L6_00551,6,sensor_failure,A,150,0.5445734858512878,0,m6b_physics_lib_v2,-1,0b_v2,2026-04-26,dropout,Mot.PV
M6B_L6_00552,6,sensor_failure,A,150,0.7405595779418945,1,m6b_physics_lib_v2,-1,0b_v2,2026-04-26,flatline,Mot.SV
M6B_L6_00553,6,sensor_failure,A,150,0.7802014946937561,3,m6b_physics_lib_v2,-1,0b_v2,2026-04-26,spike,Pmp.SV
M6B_L6_00554,6,sensor_failure,A,150,0.9745483994483948,3,m6b_physics_lib_v2,-1,0b_v2,2026-04-26,drift,Mot.TV
M6B_L6_00555,6,sensor_failure,A,150,0.41749855875968933,0,m6b_physics_lib_v2,-1,0b_v2,2026-04-26,dropout,Pmp.PV
M6B_L6_00556,6,sensor_failure,A,150,0.3990978002548218,0,m6b_physics_lib_v2,-1,0b_v2,2026-04-26,flatline,Temp.SV
M6B_L6_00557,6,sensor_failure,A,150,0.31729716062545776,2,m6b_physics_lib_v2,-1,0b_v2,2026-04-26,spike,Pres.SV
M6B_L6_00558,6,sensor_failure,A,150,0.5316051840782166,3,m6b_physics_lib_v2,-1,0b_v2,2026-04-26,drift,Pmp.TV
M6B_L6_00559,6,sensor_failure,A,150,0.6951026916503906,3,m6b_physics_lib_v2,-1,0b_v2,2026-04-26,dropout,Mot.PV
M6B_L6_00560,6,sensor_failure,A,150,0.3842315375804901,2,m6b_physics_lib_v2,-1,0b_v2,2026-04-26,flatline,Mot.SV
M6B_L6_00561,6,sensor_failure,A,150,0.8815001249313354,3,m6b_physics_lib_v2,-1,0b_v2,2026-04-26,spike,Pmp.SV
M6B_L6_00562,6,sensor_failure,A,150,0.9005586504936218,0,m6b_physics_lib_v2,-1,0b_v2,2026-04-26,drift,Mot.TV
M6B_L6_00563,6,sensor_failure,A,150,0.997978687286377,0,m6b_physics_lib_v2,-1,0b_v2,2026-04-26,dropout,Pmp.PV
M6B_L6_00564,6,sensor_failure,A,150,0.7561392188072205,1,m6b_physics_lib_v2,-1,0b_v2,2026-04-26,flatline,Temp.SV
M6B_L6_00565,6,sensor_failure,A,150,0.6187055110931396,2,m6b_physics_lib_v2,-1,0b_v2,2026-04-26,spike,Pres.SV
M6B_L6_00566,6,sensor_failure,A,150,0.5162610411643982,2,m6b_physics_lib_v2,-1,0b_v2,2026-04-26,drift,Pmp.TV
M6B_L6_00567,6,sensor_failure,A,150,0.7657227516174316,3,m6b_physics_lib_v2,-1,0b_v2,2026-04-26,dropout,Mot.PV
M6B_L6_00568,6,sensor_failure,A,150,0.43653470277786255,0,m6b_physics_lib_v2,-1,0b_v2,2026-04-26,flatline,Mot.SV
M6B_L6_00569,6,sensor_failure,A,150,0.4152538478374481,2,m6b_physics_lib_v2,-1,0b_v2,2026-04-26,spike,Pmp.SV
M6B_L6_00570,6,sensor_failure,A,150,0.5055510401725769,1,m6b_physics_lib_v2,-1,0b_v2,2026-04-26,drift,Mot.TV
M6B_L6_00571,6,sensor_failure,A,150,0.6887068152427673,1,m6b_physics_lib_v2,-1,0b_v2,2026-04-26,dropout,Pmp.PV
M6B_L6_00572,6,sensor_failure,A,150,0.3866918981075287,1,m6b_physics_lib_v2,-1,0b_v2,2026-04-26,flatline,Temp.SV
M6B_L6_00573,6,sensor_failure,A,150,0.43934106826782227,2,m6b_physics_lib_v2,-1,0b_v2,2026-04-26,spike,Pres.SV
M6B_L6_00574,6,sensor_failure,A,150,0.9164082407951355,2,m6b_physics_lib_v2,-1,0b_v2,2026-04-26,drift,Pmp.TV
M6B_L6_00575,6,sensor_failure,A,150,0.5459156632423401,1,m6b_physics_lib_v2,-1,0b_v2,2026-04-26,dropout,Mot.PV
M6B_L6_00576,6,sensor_failure,A,150,0.619513213634491,3,m6b_physics_lib_v2,-1,0b_v2,2026-04-26,flatline,Mot.SV
M6B_L6_00577,6,sensor_failure,A,150,0.6163996458053589,2,m6b_physics_lib_v2,-1,0b_v2,2026-04-26,spike,Pmp.SV
M6B_L6_00578,6,sensor_failure,A,150,0.3575303256511688,2,m6b_physics_lib_v2,-1,0b_v2,2026-04-26,drift,Mot.TV
M6B_L6_00579,6,sensor_failure,A,150,0.6421685218811035,3,m6b_physics_lib_v2,-1,0b_v2,2026-04-26,dropout,Pmp.PV
M6B_L6_00580,6,sensor_failure,A,150,0.8043963313102722,2,m6b_physics_lib_v2,-1,0b_v2,2026-04-26,flatline,Temp.SV
M6B_L6_00581,6,sensor_failure,A,150,0.6321582794189453,3,m6b_physics_lib_v2,-1,0b_v2,2026-04-26,spike,Pres.SV
M6B_L6_00582,6,sensor_failure,A,150,0.4319152235984802,1,m6b_physics_lib_v2,-1,0b_v2,2026-04-26,drift,Pmp.TV
M6B_L6_00583,6,sensor_failure,A,150,0.7153080701828003,1,m6b_physics_lib_v2,-1,0b_v2,2026-04-26,dropout,Mot.PV
M6B_L6_00584,6,sensor_failure,A,150,0.9312162399291992,2,m6b_physics_lib_v2,-1,0b_v2,2026-04-26,flatline,Mot.SV
M6B_L6_00585,6,sensor_failure,A,150,0.41161689162254333,1,m6b_physics_lib_v2,-1,0b_v2,2026-04-26,spike,Pmp.SV
M6B_L6_00586,6,sensor_failure,A,150,0.3342548906803131,1,m6b_physics_lib_v2,-1,0b_v2,2026-04-26,drift,Mot.TV
M6B_L6_00587,6,sensor_failure,A,150,0.7931600213050842,2,m6b_physics_lib_v2,-1,0b_v2,2026-04-26,dropout,Pmp.PV
M6B_L6_00588,6,sensor_failure,A,150,0.9230353236198425,3,m6b_physics_lib_v2,-1,0b_v2,2026-04-26,flatline,Temp.SV
M6B_L6_00589,6,sensor_failure,A,150,0.7786860466003418,3,m6b_physics_lib_v2,-1,0b_v2,2026-04-26,spike,Pres.SV
M6B_L6_00590,6,sensor_failure,A,150,0.9242779612541199,3,m6b_physics_lib_v2,-1,0b_v2,2026-04-26,drift,Pmp.TV
M6B_L6_00591,6,sensor_failure,A,150,0.7142057418823242,0,m6b_physics_lib_v2,-1,0b_v2,2026-04-26,dropout,Mot.PV
M6B_L6_00592,6,sensor_failure,A,150,0.9962106943130493,1,m6b_physics_lib_v2,-1,0b_v2,2026-04-26,flatline,Mot.SV
M6B_L6_00593,6,sensor_failure,A,150,0.7910755276679993,3,m6b_physics_lib_v2,-1,0b_v2,2026-04-26,spike,Pmp.SV
M6B_L6_00594,6,sensor_failure,A,150,0.9527783989906311,1,m6b_physics_lib_v2,-1,0b_v2,2026-04-26,drift,Mot.TV
M6B_L6_00595,6,sensor_failure,A,150,0.7795392870903015,3,m6b_physics_lib_v2,-1,0b_v2,2026-04-26,dropout,Pmp.PV
M6B_L6_00596,6,sensor_failure,A,150,0.3313869833946228,2,m6b_physics_lib_v2,-1,0b_v2,2026-04-26,flatline,Temp.SV
M6B_L6_00597,6,sensor_failure,A,150,0.6940920948982239,3,m6b_physics_lib_v2,-1,0b_v2,2026-04-26,spike,Pres.SV
M6B_L6_00598,6,sensor_failure,A,150,0.9309178590774536,1,m6b_physics_lib_v2,-1,0b_v2,2026-04-26,drift,Pmp.TV
M6B_L6_00599,6,sensor_failure,A,150,0.4351434111595154,3,m6b_physics_lib_v2,-1,0b_v2,2026-04-26,dropout,Mot.PV
M6B_L6_00600,6,sensor_failure,A,150,0.49778398871421814,3,m6b_physics_lib_v2,-1,0b_v2,2026-04-26,flatline,Mot.SV
M6B_L6_00601,6,sensor_failure,A,150,0.5873982310295105,0,m6b_physics_lib_v2,-1,0b_v2,2026-04-26,spike,Pmp.SV
M6B_L6_00602,6,sensor_failure,A,150,0.9713283181190491,3,m6b_physics_lib_v2,-1,0b_v2,2026-04-26,drift,Mot.TV
M6B_L6_00603,6,sensor_failure,A,150,0.9778867959976196,1,m6b_physics_lib_v2,-1,0b_v2,2026-04-26,dropout,Pmp.PV
M6B_L6_00604,6,sensor_failure,A,150,0.6935142278671265,0,m6b_physics_lib_v2,-1,0b_v2,2026-04-26,flatline,Temp.SV
M6B_L6_00605,6,sensor_failure,A,150,0.9451059103012085,0,m6b_physics_lib_v2,-1,0b_v2,2026-04-26,spike,Pres.SV
M6B_L6_00606,6,sensor_failure,A,150,0.5116663575172424,1,m6b_physics_lib_v2,-1,0b_v2,2026-04-26,drift,Pmp.TV
M6B_L6_00607,6,sensor_failure,A,150,0.6958659291267395,0,m6b_physics_lib_v2,-1,0b_v2,2026-04-26,dropout,Mot.PV
M6B_L6_00608,6,sensor_failure,A,150,0.6697399020195007,2,m6b_physics_lib_v2,-1,0b_v2,2026-04-26,flatline,Mot.SV
M6B_L6_00609,6,sensor_failure,A,150,0.5006309747695923,0,m6b_physics_lib_v2,-1,0b_v2,2026-04-26,spike,Pmp.SV
M6B_L6_00610,6,sensor_failure,A,150,0.8404578566551208,0,m6b_physics_lib_v2,-1,0b_v2,2026-04-26,drift,Mot.TV
M6B_L6_00611,6,sensor_failure,A,150,0.5246811509132385,1,m6b_physics_lib_v2,-1,0b_v2,2026-04-26,dropout,Pmp.PV
M6B_L6_00612,6,sensor_failure,A,150,0.9548197388648987,3,m6b_physics_lib_v2,-1,0b_v2,2026-04-26,flatline,Temp.SV
M6B_L6_00613,6,sensor_failure,A,150,0.7445906400680542,2,m6b_physics_lib_v2,-1,0b_v2,2026-04-26,spike,Pres.SV
M6B_L6_00614,6,sensor_failure,A,150,0.334870308637619,0,m6b_physics_lib_v2,-1,0b_v2,2026-04-26,drift,Pmp.TV
M6B_L6_00615,6,sensor_failure,A,150,0.474174439907074,3,m6b_physics_lib_v2,-1,0b_v2,2026-04-26,dropout,Mot.PV
M6B_L6_00616,6,sensor_failure,A,150,0.637556254863739,1,m6b_physics_lib_v2,-1,0b_v2,2026-04-26,flatline,Mot.SV
M6B_L6_00617,6,sensor_failure,A,150,0.5436474084854126,1,m6b_physics_lib_v2,-1,0b_v2,2026-04-26,spike,Pmp.SV
M6B_L6_00618,6,sensor_failure,A,150,0.7421462535858154,1,m6b_physics_lib_v2,-1,0b_v2,2026-04-26,drift,Mot.TV
M6B_L6_00619,6,sensor_failure,A,150,0.77485191822052,2,m6b_physics_lib_v2,-1,0b_v2,2026-04-26,dropout,Pmp.PV
M6B_L6_00620,6,sensor_failure,A,150,0.8182653188705444,0,m6b_physics_lib_v2,-1,0b_v2,2026-04-26,flatline,Temp.SV
M6B_L6_00621,6,sensor_failure,A,150,0.82650226354599,0,m6b_physics_lib_v2,-1,0b_v2,2026-04-26,spike,Pres.SV
M6B_L6_00622,6,sensor_failure,A,150,0.5940232872962952,0,m6b_physics_lib_v2,-1,0b_v2,2026-04-26,drift,Pmp.TV
M6B_L6_00623,6,sensor_failure,A,150,0.8935334086418152,2,m6b_physics_lib_v2,-1,0b_v2,2026-04-26,dropout,Mot.PV
M6B_L6_00624,6,sensor_failure,A,150,0.4508807063102722,2,m6b_physics_lib_v2,-1,0b_v2,2026-04-26,flatline,Mot.SV
M6B_L6_00625,6,sensor_failure,A,150,0.801886260509491,0,m6b_physics_lib_v2,-1,0b_v2,2026-04-26,spike,Pmp.SV
M6B_L6_00626,6,sensor_failure,A,150,0.3697497844696045,0,m6b_physics_lib_v2,-1,0b_v2,2026-04-26,drift,Mot.TV
M6B_L6_00627,6,sensor_failure,A,150,0.8732575178146362,2,m6b_physics_lib_v2,-1,0b_v2,2026-04-26,dropout,Pmp.PV
M6B_L6_00628,6,sensor_failure,A,150,0.4636426270008087,1,m6b_physics_lib_v2,-1,0b_v2,2026-04-26,flatline,Temp.SV
M6B_L6_00629,6,sensor_failure,A,150,0.5165106654167175,1,m6b_physics_lib_v2,-1,0b_v2,2026-04-26,spike,Pres.SV
M6B_L6_00630,6,sensor_failure,A,150,0.6839049458503723,0,m6b_physics_lib_v2,-1,0b_v2,2026-04-26,drift,Pmp.TV
M6B_L6_00631,6,sensor_failure,A,150,0.46591952443122864,2,m6b_physics_lib_v2,-1,0b_v2,2026-04-26,dropout,Mot.PV
M6B_L6_00632,6,sensor_failure,A,150,0.6985642910003662,1,m6b_physics_lib_v2,-1,0b_v2,2026-04-26,flatline,Mot.SV
M6B_L6_00633,6,sensor_failure,A,150,0.4131205976009369,2,m6b_physics_lib_v2,-1,0b_v2,2026-04-26,spike,Pmp.SV
M6B_L6_00634,6,sensor_failure,A,150,0.3177429735660553,1,m6b_physics_lib_v2,-1,0b_v2,2026-04-26,drift,Mot.TV
M6B_L6_00635,6,sensor_failure,A,150,0.7686710357666016,0,m6b_physics_lib_v2,-1,0b_v2,2026-04-26,dropout,Pmp.PV
M6B_L6_00636,6,sensor_failure,A,150,0.4503786861896515,3,m6b_physics_lib_v2,-1,0b_v2,2026-04-26,flatline,Temp.SV
M6B_L6_00637,6,sensor_failure,A,150,0.30622515082359314,3,m6b_physics_lib_v2,-1,0b_v2,2026-04-26,spike,Pres.SV
M6B_L6_00638,6,sensor_failure,A,150,0.7407946586608887,3,m6b_physics_lib_v2,-1,0b_v2,2026-04-26,drift,Pmp.TV
M6B_L6_00639,6,sensor_failure,A,150,0.6493357419967651,2,m6b_physics_lib_v2,-1,0b_v2,2026-04-26,dropout,Mot.PV
M6B_L6_00640,6,sensor_failure,A,150,0.4842306077480316,3,m6b_physics_lib_v2,-1,0b_v2,2026-04-26,flatline,Mot.SV
M6B_L6_00641,6,sensor_failure,A,150,0.7938830256462097,2,m6b_physics_lib_v2,-1,0b_v2,2026-04-26,spike,Pmp.SV
M6B_L6_00642,6,sensor_failure,A,150,0.4748437702655792,3,m6b_physics_lib_v2,-1,0b_v2,2026-04-26,drift,Mot.TV
M6B_L6_00643,6,sensor_failure,A,150,0.3488468527793884,2,m6b_physics_lib_v2,-1,0b_v2,2026-04-26,dropout,Pmp.PV
M6B_L6_00644,6,sensor_failure,A,150,0.7607982754707336,1,m6b_physics_lib_v2,-1,0b_v2,2026-04-26,flatline,Temp.SV
M6B_L6_00645,6,sensor_failure,A,150,0.5041558146476746,3,m6b_physics_lib_v2,-1,0b_v2,2026-04-26,spike,Pres.SV
M6B_L6_00646,6,sensor_failure,A,150,0.3723834156990051,3,m6b_physics_lib_v2,-1,0b_v2,2026-04-26,drift,Pmp.TV
M6B_L6_00647,6,sensor_failure,A,150,0.41278931498527527,1,m6b_physics_lib_v2,-1,0b_v2,2026-04-26,dropout,Mot.PV
M6B_L6_00648,6,sensor_failure,A,150,0.5782854557037354,1,m6b_physics_lib_v2,-1,0b_v2,2026-04-26,flatline,Mot.SV
M6B_L6_00649,6,sensor_failure,A,150,0.3828595280647278,0,m6b_physics_lib_v2,-1,0b_v2,2026-04-26,spike,Pmp.SV
M6B_L6_00650,6,sensor_failure,A,150,0.6096773147583008,1,m6b_physics_lib_v2,-1,0b_v2,2026-04-26,drift,Mot.TV
M6B_L6_00651,6,sensor_failure,A,150,0.8841359615325928,1,m6b_physics_lib_v2,-1,0b_v2,2026-04-26,dropout,Pmp.PV
M6B_L6_00652,6,sensor_failure,A,150,0.553226113319397,3,m6b_physics_lib_v2,-1,0b_v2,2026-04-26,flatline,Temp.SV
M6B_L6_00653,6,sensor_failure,A,150,0.5045907497406006,0,m6b_physics_lib_v2,-1,0b_v2,2026-04-26,spike,Pres.SV
M6B_L6_00654,6,sensor_failure,A,150,0.33553192019462585,2,m6b_physics_lib_v2,-1,0b_v2,2026-04-26,drift,Pmp.TV
M6B_L6_00655,6,sensor_failure,A,150,0.7057172656059265,0,m6b_physics_lib_v2,-1,0b_v2,2026-04-26,dropout,Mot.PV
M6B_L6_00656,6,sensor_failure,A,150,0.4718727469444275,3,m6b_physics_lib_v2,-1,0b_v2,2026-04-26,flatline,Mot.SV
M6B_L6_00657,6,sensor_failure,A,150,0.8875558376312256,2,m6b_physics_lib_v2,-1,0b_v2,2026-04-26,spike,Pmp.SV
M6B_L6_00658,6,sensor_failure,A,150,0.9713226556777954,1,m6b_physics_lib_v2,-1,0b_v2,2026-04-26,drift,Mot.TV
M6B_L6_00659,6,sensor_failure,A,150,0.3131132125854492,0,m6b_physics_lib_v2,-1,0b_v2,2026-04-26,dropout,Pmp.PV
M6B_L6_00660,6,sensor_failure,A,150,0.8017662763595581,0,m6b_physics_lib_v2,-1,0b_v2,2026-04-26,flatline,Temp.SV
M6B_L6_00661,6,sensor_failure,A,150,0.7126527428627014,0,m6b_physics_lib_v2,-1,0b_v2,2026-04-26,spike,Pres.SV
M6B_L6_00662,6,sensor_failure,A,150,0.44413989782333374,3,m6b_physics_lib_v2,-1,0b_v2,2026-04-26,drift,Pmp.TV
M6B_L6_00663,6,sensor_failure,A,150,0.4635462164878845,0,m6b_physics_lib_v2,-1,0b_v2,2026-04-26,dropout,Mot.PV
M6B_L6_00664,6,sensor_failure,A,150,0.4776478111743927,0,m6b_physics_lib_v2,-1,0b_v2,2026-04-26,flatline,Mot.SV
M6B_L6_00665,6,sensor_failure,A,150,0.8746852874755859,0,m6b_physics_lib_v2,-1,0b_v2,2026-04-26,spike,Pmp.SV
M6B_L6_00666,6,sensor_failure,A,150,0.6066771745681763,1,m6b_physics_lib_v2,-1,0b_v2,2026-04-26,drift,Mot.TV
M6B_L6_00667,6,sensor_failure,A,150,0.3618353009223938,2,m6b_physics_lib_v2,-1,0b_v2,2026-04-26,dropout,Pmp.PV
M6B_L6_00668,6,sensor_failure,A,150,0.7428841590881348,0,m6b_physics_lib_v2,-1,0b_v2,2026-04-26,flatline,Temp.SV
M6B_L6_00669,6,sensor_failure,A,150,0.38098639249801636,1,m6b_physics_lib_v2,-1,0b_v2,2026-04-26,spike,Pres.SV
M6B_L6_00670,6,sensor_failure,A,150,0.9375320672988892,1,m6b_physics_lib_v2,-1,0b_v2,2026-04-26,drift,Pmp.TV
M6B_L6_00671,6,sensor_failure,A,150,0.6022775173187256,0,m6b_physics_lib_v2,-1,0b_v2,2026-04-26,dropout,Mot.PV
M6B_L6_00672,6,sensor_failure,A,150,0.3311716318130493,2,m6b_physics_lib_v2,-1,0b_v2,2026-04-26,flatline,Mot.SV
M6B_L6_00673,6,sensor_failure,A,150,0.5531646609306335,0,m6b_physics_lib_v2,-1,0b_v2,2026-04-26,spike,Pmp.SV
M6B_L6_00674,6,sensor_failure,A,150,0.8356198668479919,1,m6b_physics_lib_v2,-1,0b_v2,2026-04-26,drift,Mot.TV
M6B_L6_00675,6,sensor_failure,A,150,0.8078356981277466,3,m6b_physics_lib_v2,-1,0b_v2,2026-04-26,dropout,Pmp.PV
M6B_L6_00676,6,sensor_failure,A,150,0.6997177600860596,0,m6b_physics_lib_v2,-1,0b_v2,2026-04-26,flatline,Temp.SV
M6B_L6_00677,6,sensor_failure,A,150,0.7059983611106873,0,m6b_physics_lib_v2,-1,0b_v2,2026-04-26,spike,Pres.SV
M6B_L6_00678,6,sensor_failure,A,150,0.49125003814697266,0,m6b_physics_lib_v2,-1,0b_v2,2026-04-26,drift,Pmp.TV
M6B_L6_00679,6,sensor_failure,A,150,0.3221759796142578,3,m6b_physics_lib_v2,-1,0b_v2,2026-04-26,dropout,Mot.PV
M6B_L6_00680,6,sensor_failure,A,150,0.45067673921585083,1,m6b_physics_lib_v2,-1,0b_v2,2026-04-26,flatline,Mot.SV
M6B_L6_00681,6,sensor_failure,A,150,0.9867969155311584,1,m6b_physics_lib_v2,-1,0b_v2,2026-04-26,spike,Pmp.SV
M6B_L6_00682,6,sensor_failure,A,150,0.8792916536331177,1,m6b_physics_lib_v2,-1,0b_v2,2026-04-26,drift,Mot.TV
M6B_L6_00683,6,sensor_failure,A,150,0.8824884295463562,3,m6b_physics_lib_v2,-1,0b_v2,2026-04-26,dropout,Pmp.PV
M6B_L6_00684,6,sensor_failure,A,150,0.6148324012756348,0,m6b_physics_lib_v2,-1,0b_v2,2026-04-26,flatline,Temp.SV
M6B_L6_00685,6,sensor_failure,A,150,0.7263541221618652,2,m6b_physics_lib_v2,-1,0b_v2,2026-04-26,spike,Pres.SV
M6B_L6_00686,6,sensor_failure,A,150,0.5383349657058716,2,m6b_physics_lib_v2,-1,0b_v2,2026-04-26,drift,Pmp.TV
M6B_L6_00687,6,sensor_failure,A,150,0.8632471561431885,2,m6b_physics_lib_v2,-1,0b_v2,2026-04-26,dropout,Mot.PV
M6B_L6_00688,6,sensor_failure,A,150,0.5471104979515076,3,m6b_physics_lib_v2,-1,0b_v2,2026-04-26,flatline,Mot.SV
M6B_L6_00689,6,sensor_failure,A,150,0.4056228697299957,3,m6b_physics_lib_v2,-1,0b_v2,2026-04-26,spike,Pmp.SV
M6B_L6_00690,6,sensor_failure,A,150,0.4829031229019165,1,m6b_physics_lib_v2,-1,0b_v2,2026-04-26,drift,Mot.TV
M6B_L6_00691,6,sensor_failure,A,150,0.7994598150253296,2,m6b_physics_lib_v2,-1,0b_v2,2026-04-26,dropout,Pmp.PV
M6B_L6_00692,6,sensor_failure,A,150,0.5701476335525513,2,m6b_physics_lib_v2,-1,0b_v2,2026-04-26,flatline,Temp.SV
M6B_L6_00693,6,sensor_failure,A,150,0.9557219743728638,0,m6b_physics_lib_v2,-1,0b_v2,2026-04-26,spike,Pres.SV
M6B_L6_00694,6,sensor_failure,A,150,0.7583094239234924,3,m6b_physics_lib_v2,-1,0b_v2,2026-04-26,drift,Pmp.TV
M6B_L6_00695,6,sensor_failure,A,150,0.8726887702941895,2,m6b_physics_lib_v2,-1,0b_v2,2026-04-26,dropout,Mot.PV
M6B_L6_00696,6,sensor_failure,A,150,0.879595935344696,1,m6b_physics_lib_v2,-1,0b_v2,2026-04-26,flatline,Mot.SV
M6B_L6_00697,6,sensor_failure,A,150,0.8285577893257141,2,m6b_physics_lib_v2,-1,0b_v2,2026-04-26,spike,Pmp.SV
M6B_L6_00698,6,sensor_failure,A,150,0.8517009019851685,3,m6b_physics_lib_v2,-1,0b_v2,2026-04-26,drift,Mot.TV
M6B_L6_00699,6,sensor_failure,A,150,0.45416828989982605,2,m6b_physics_lib_v2,-1,0b_v2,2026-04-26,dropout,Pmp.PV
M6B_L6_00700,6,sensor_failure,A,150,0.4365759491920471,1,m6b_physics_lib_v2,-1,0b_v2,2026-04-26,flatline,Temp.SV
M6B_L6_00701,6,sensor_failure,A,150,0.5090705156326294,0,m6b_physics_lib_v2,-1,0b_v2,2026-04-26,spike,Pres.SV
M6B_L6_00702,6,sensor_failure,A,150,0.32171109318733215,0,m6b_physics_lib_v2,-1,0b_v2,2026-04-26,drift,Pmp.TV
M6B_L6_00703,6,sensor_failure,A,150,0.32879066467285156,3,m6b_physics_lib_v2,-1,0b_v2,2026-04-26,dropout,Mot.PV
M6B_L6_00704,6,sensor_failure,A,150,0.6520883440971375,0,m6b_physics_lib_v2,-1,0b_v2,2026-04-26,flatline,Mot.SV
M6B_L6_00705,6,sensor_failure,A,150,0.5994361042976379,3,m6b_physics_lib_v2,-1,0b_v2,2026-04-26,spike,Pmp.SV
M6B_L6_00706,6,sensor_failure,A,150,0.8888024091720581,2,m6b_physics_lib_v2,-1,0b_v2,2026-04-26,drift,Mot.TV
M6B_L6_00707,6,sensor_failure,A,150,0.5727977752685547,3,m6b_physics_lib_v2,-1,0b_v2,2026-04-26,dropout,Pmp.PV
M6B_L6_00708,6,sensor_failure,A,150,0.6547479033470154,3,m6b_physics_lib_v2,-1,0b_v2,2026-04-26,flatline,Temp.SV
M6B_L6_00709,6,sensor_failure,A,150,0.8933334350585938,2,m6b_physics_lib_v2,-1,0b_v2,2026-04-26,spike,Pres.SV
M6B_L6_00710,6,sensor_failure,A,150,0.40151920914649963,1,m6b_physics_lib_v2,-1,0b_v2,2026-04-26,drift,Pmp.TV
M6B_L6_00711,6,sensor_failure,A,150,0.7693577408790588,3,m6b_physics_lib_v2,-1,0b_v2,2026-04-26,dropout,Mot.PV
M6B_L6_00712,6,sensor_failure,A,150,0.6516818404197693,2,m6b_physics_lib_v2,-1,0b_v2,2026-04-26,flatline,Mot.SV
M6B_L6_00713,6,sensor_failure,A,150,0.5484134554862976,3,m6b_physics_lib_v2,-1,0b_v2,2026-04-26,spike,Pmp.SV
M6B_L6_00714,6,sensor_failure,A,150,0.7299352288246155,1,m6b_physics_lib_v2,-1,0b_v2,2026-04-26,drift,Mot.TV
M6B_L6_00715,6,sensor_failure,A,150,0.8412129282951355,3,m6b_physics_lib_v2,-1,0b_v2,2026-04-26,dropout,Pmp.PV
M6B_L6_00716,6,sensor_failure,A,150,0.4126128852367401,3,m6b_physics_lib_v2,-1,0b_v2,2026-04-26,flatline,Temp.SV
M6B_L6_00717,6,sensor_failure,A,150,0.5936862826347351,0,m6b_physics_lib_v2,-1,0b_v2,2026-04-26,spike,Pres.SV
M6B_L6_00718,6,sensor_failure,A,150,0.48590371012687683,2,m6b_physics_lib_v2,-1,0b_v2,2026-04-26,drift,Pmp.TV
M6B_L6_00719,6,sensor_failure,A,150,0.31010687351226807,1,m6b_physics_lib_v2,-1,0b_v2,2026-04-26,dropout,Mot.PV
M6B_L6_00720,6,sensor_failure,A,150,0.7376680374145508,0,m6b_physics_lib_v2,-1,0b_v2,2026-04-26,flatline,Mot.SV
M6B_L6_00721,6,sensor_failure,A,150,0.40867549180984497,1,m6b_physics_lib_v2,-1,0b_v2,2026-04-26,spike,Pmp.SV
M6B_L6_00722,6,sensor_failure,A,150,0.43511468172073364,3,m6b_physics_lib_v2,-1,0b_v2,2026-04-26,drift,Mot.TV
M6B_L6_00723,6,sensor_failure,A,150,0.3447815477848053,3,m6b_physics_lib_v2,-1,0b_v2,2026-04-26,dropout,Pmp.PV
M6B_L6_00724,6,sensor_failure,A,150,0.3040524423122406,3,m6b_physics_lib_v2,-1,0b_v2,2026-04-26,flatline,Temp.SV
M6B_L6_00725,6,sensor_failure,A,150,0.772935152053833,2,m6b_physics_lib_v2,-1,0b_v2,2026-04-26,spike,Pres.SV
M6B_L6_00726,6,sensor_failure,A,150,0.8073387145996094,1,m6b_physics_lib_v2,-1,0b_v2,2026-04-26,drift,Pmp.TV
M6B_L6_00727,6,sensor_failure,A,150,0.3585266172885895,0,m6b_physics_lib_v2,-1,0b_v2,2026-04-26,dropout,Mot.PV
M6B_L6_00728,6,sensor_failure,A,150,0.4702449440956116,3,m6b_physics_lib_v2,-1,0b_v2,2026-04-26,flatline,Mot.SV
M6B_L6_00729,6,sensor_failure,A,150,0.9273509979248047,2,m6b_physics_lib_v2,-1,0b_v2,2026-04-26,spike,Pmp.SV
M6B_L6_00730,6,sensor_failure,A,150,0.7340383529663086,1,m6b_physics_lib_v2,-1,0b_v2,2026-04-26,drift,Mot.TV
M6B_L6_00731,6,sensor_failure,A,150,0.6352847218513489,0,m6b_physics_lib_v2,-1,0b_v2,2026-04-26,dropout,Pmp.PV
M6B_L6_00732,6,sensor_failure,A,150,0.40834155678749084,3,m6b_physics_lib_v2,-1,0b_v2,2026-04-26,flatline,Temp.SV
M6B_L6_00733,6,sensor_failure,A,150,0.7082334756851196,1,m6b_physics_lib_v2,-1,0b_v2,2026-04-26,spike,Pres.SV
M6B_L6_00734,6,sensor_failure,A,150,0.936124324798584,1,m6b_physics_lib_v2,-1,0b_v2,2026-04-26,drift,Pmp.TV
M6B_L6_00735,6,sensor_failure,A,150,0.7757728099822998,3,m6b_physics_lib_v2,-1,0b_v2,2026-04-26,dropout,Mot.PV
M6B_L6_00736,6,sensor_failure,A,150,0.7612920999526978,1,m6b_physics_lib_v2,-1,0b_v2,2026-04-26,flatline,Mot.SV
M6B_L6_00737,6,sensor_failure,A,150,0.38242655992507935,1,m6b_physics_lib_v2,-1,0b_v2,2026-04-26,spike,Pmp.SV
M6B_L6_00738,6,sensor_failure,A,150,0.6486102342605591,2,m6b_physics_lib_v2,-1,0b_v2,2026-04-26,drift,Mot.TV
M6B_L6_00739,6,sensor_failure,A,150,0.5455037355422974,3,m6b_physics_lib_v2,-1,0b_v2,2026-04-26,dropout,Pmp.PV
M6B_L6_00740,6,sensor_failure,A,150,0.7638043761253357,2,m6b_physics_lib_v2,-1,0b_v2,2026-04-26,flatline,Temp.SV
M6B_L6_00741,6,sensor_failure,A,150,0.9037001729011536,0,m6b_physics_lib_v2,-1,0b_v2,2026-04-26,spike,Pres.SV
M6B_L6_00742,6,sensor_failure,A,150,0.8202849626541138,1,m6b_physics_lib_v2,-1,0b_v2,2026-04-26,drift,Pmp.TV
M6B_L6_00743,6,sensor_failure,A,150,0.7859707474708557,0,m6b_physics_lib_v2,-1,0b_v2,2026-04-26,dropout,Mot.PV
M6B_L6_00744,6,sensor_failure,A,150,0.837022066116333,1,m6b_physics_lib_v2,-1,0b_v2,2026-04-26,flatline,Mot.SV
M6B_L6_00745,6,sensor_failure,A,150,0.5586389303207397,2,m6b_physics_lib_v2,-1,0b_v2,2026-04-26,spike,Pmp.SV
M6B_L6_00746,6,sensor_failure,A,150,0.6055238842964172,2,m6b_physics_lib_v2,-1,0b_v2,2026-04-26,drift,Mot.TV
M6B_L6_00747,6,sensor_failure,A,150,0.7071297764778137,3,m6b_physics_lib_v2,-1,0b_v2,2026-04-26,dropout,Pmp.PV
M6B_L6_00748,6,sensor_failure,A,150,0.4185890555381775,0,m6b_physics_lib_v2,-1,0b_v2,2026-04-26,flatline,Temp.SV
M6B_L6_00749,6,sensor_failure,A,150,0.7343036532402039,3,m6b_physics_lib_v2,-1,0b_v2,2026-04-26,spike,Pres.SV
M6B_L6_00750,6,sensor_failure,A,150,0.8256030082702637,3,m6b_physics_lib_v2,-1,0b_v2,2026-04-26,drift,Pmp.TV
M6B_L6_00751,6,sensor_failure,A,150,0.4150013327598572,2,m6b_physics_lib_v2,-1,0b_v2,2026-04-26,dropout,Mot.PV
M6B_L6_00752,6,sensor_failure,A,150,0.8395044803619385,0,m6b_physics_lib_v2,-1,0b_v2,2026-04-26,flatline,Mot.SV
M6B_L6_00753,6,sensor_failure,A,150,0.3813856542110443,1,m6b_physics_lib_v2,-1,0b_v2,2026-04-26,spike,Pmp.SV
M6B_L6_00754,6,sensor_failure,A,150,0.7197235226631165,3,m6b_physics_lib_v2,-1,0b_v2,2026-04-26,drift,Mot.TV
M6B_L6_00755,6,sensor_failure,A,150,0.9730466604232788,2,m6b_physics_lib_v2,-1,0b_v2,2026-04-26,dropout,Pmp.PV
M6B_L6_00756,6,sensor_failure,A,150,0.8947508931159973,1,m6b_physics_lib_v2,-1,0b_v2,2026-04-26,flatline,Temp.SV
M6B_L6_00757,6,sensor_failure,A,150,0.4759693145751953,2,m6b_physics_lib_v2,-1,0b_v2,2026-04-26,spike,Pres.SV
M6B_L6_00758,6,sensor_failure,A,150,0.3522801995277405,3,m6b_physics_lib_v2,-1,0b_v2,2026-04-26,drift,Pmp.TV
M6B_L6_00759,6,sensor_failure,A,150,0.9630563855171204,1,m6b_physics_lib_v2,-1,0b_v2,2026-04-26,dropout,Mot.PV
M6B_L6_00760,6,sensor_failure,A,150,0.9359051585197449,3,m6b_physics_lib_v2,-1,0b_v2,2026-04-26,flatline,Mot.SV
M6B_L6_00761,6,sensor_failure,A,150,0.7083218693733215,0,m6b_physics_lib_v2,-1,0b_v2,2026-04-26,spike,Pmp.SV
M6B_L6_00762,6,sensor_failure,A,150,0.31298336386680603,2,m6b_physics_lib_v2,-1,0b_v2,2026-04-26,drift,Mot.TV
M6B_L6_00763,6,sensor_failure,A,150,0.6679813861846924,3,m6b_physics_lib_v2,-1,0b_v2,2026-04-26,dropout,Pmp.PV
M6B_L6_00764,6,sensor_failure,A,150,0.8449114561080933,2,m6b_physics_lib_v2,-1,0b_v2,2026-04-26,flatline,Temp.SV
M6B_L6_00765,6,sensor_failure,A,150,0.7367986440658569,0,m6b_physics_lib_v2,-1,0b_v2,2026-04-26,spike,Pres.SV
M6B_L6_00766,6,sensor_failure,A,150,0.7911641597747803,1,m6b_physics_lib_v2,-1,0b_v2,2026-04-26,drift,Pmp.TV
M6B_L6_00767,6,sensor_failure,A,150,0.6053629517555237,2,m6b_physics_lib_v2,-1,0b_v2,2026-04-26,dropout,Mot.PV
M6B_L6_00768,6,sensor_failure,A,150,0.5987768769264221,2,m6b_physics_lib_v2,-1,0b_v2,2026-04-26,flatline,Mot.SV
M6B_L6_00769,6,sensor_failure,A,150,0.8267868161201477,1,m6b_physics_lib_v2,-1,0b_v2,2026-04-26,spike,Pmp.SV
M6B_L6_00770,6,sensor_failure,A,150,0.6771177053451538,2,m6b_physics_lib_v2,-1,0b_v2,2026-04-26,drift,Mot.TV
M6B_L6_00771,6,sensor_failure,A,150,0.6572256088256836,0,m6b_physics_lib_v2,-1,0b_v2,2026-04-26,dropout,Pmp.PV
M6B_L6_00772,6,sensor_failure,A,150,0.4756515622138977,1,m6b_physics_lib_v2,-1,0b_v2,2026-04-26,flatline,Temp.SV
M6B_L6_00773,6,sensor_failure,A,150,0.9826769232749939,3,m6b_physics_lib_v2,-1,0b_v2,2026-04-26,spike,Pres.SV
M6B_L6_00774,6,sensor_failure,A,150,0.3242006301879883,2,m6b_physics_lib_v2,-1,0b_v2,2026-04-26,drift,Pmp.TV
M6B_L6_00775,6,sensor_failure,A,150,0.9700882434844971,0,m6b_physics_lib_v2,-1,0b_v2,2026-04-26,dropout,Mot.PV
M6B_L6_00776,6,sensor_failure,A,150,0.4215889573097229,0,m6b_physics_lib_v2,-1,0b_v2,2026-04-26,flatline,Mot.SV
M6B_L6_00777,6,sensor_failure,A,150,0.3743259012699127,2,m6b_physics_lib_v2,-1,0b_v2,2026-04-26,spike,Pmp.SV
M6B_L6_00778,6,sensor_failure,A,150,0.3409788906574249,3,m6b_physics_lib_v2,-1,0b_v2,2026-04-26,drift,Mot.TV
M6B_L6_00779,6,sensor_failure,A,150,0.7161864638328552,0,m6b_physics_lib_v2,-1,0b_v2,2026-04-26,dropout,Pmp.PV
M6B_L6_00780,6,sensor_failure,A,150,0.3743634521961212,2,m6b_physics_lib_v2,-1,0b_v2,2026-04-26,flatline,Temp.SV
M6B_L6_00781,6,sensor_failure,A,150,0.7369847893714905,2,m6b_physics_lib_v2,-1,0b_v2,2026-04-26,spike,Pres.SV
M6B_L6_00782,6,sensor_failure,A,150,0.4522343575954437,0,m6b_physics_lib_v2,-1,0b_v2,2026-04-26,drift,Pmp.TV
M6B_L6_00783,6,sensor_failure,A,150,0.4695691168308258,1,m6b_physics_lib_v2,-1,0b_v2,2026-04-26,dropout,Mot.PV
M6B_L6_00784,6,sensor_failure,A,150,0.8640319108963013,3,m6b_physics_lib_v2,-1,0b_v2,2026-04-26,flatline,Mot.SV
M6B_L6_00785,6,sensor_failure,A,150,0.5141201019287109,3,m6b_physics_lib_v2,-1,0b_v2,2026-04-26,spike,Pmp.SV
M6B_L6_00786,6,sensor_failure,A,150,0.4362823963165283,0,m6b_physics_lib_v2,-1,0b_v2,2026-04-26,drift,Mot.TV
M6B_L6_00787,6,sensor_failure,A,150,0.9423291683197021,3,m6b_physics_lib_v2,-1,0b_v2,2026-04-26,dropout,Pmp.PV
M6B_L6_00788,6,sensor_failure,A,150,0.6456308960914612,3,m6b_physics_lib_v2,-1,0b_v2,2026-04-26,flatline,Temp.SV
M6B_L6_00789,6,sensor_failure,A,150,0.6986318826675415,0,m6b_physics_lib_v2,-1,0b_v2,2026-04-26,spike,Pres.SV
M6B_L6_00790,6,sensor_failure,A,150,0.8859810829162598,1,m6b_physics_lib_v2,-1,0b_v2,2026-04-26,drift,Pmp.TV
M6B_L6_00791,6,sensor_failure,A,150,0.4031347632408142,1,m6b_physics_lib_v2,-1,0b_v2,2026-04-26,dropout,Mot.PV
M6B_L6_00792,6,sensor_failure,A,150,0.7199912071228027,3,m6b_physics_lib_v2,-1,0b_v2,2026-04-26,flatline,Mot.SV
M6B_L6_00793,6,sensor_failure,A,150,0.5204479098320007,3,m6b_physics_lib_v2,-1,0b_v2,2026-04-26,spike,Pmp.SV
M6B_L6_00794,6,sensor_failure,A,150,0.5190625190734863,1,m6b_physics_lib_v2,-1,0b_v2,2026-04-26,drift,Mot.TV
M6B_L6_00795,6,sensor_failure,A,150,0.8953428864479065,0,m6b_physics_lib_v2,-1,0b_v2,2026-04-26,dropout,Pmp.PV
M6B_L6_00796,6,sensor_failure,A,150,0.5932629704475403,3,m6b_physics_lib_v2,-1,0b_v2,2026-04-26,flatline,Temp.SV
M6B_L6_00797,6,sensor_failure,A,150,0.7472648620605469,1,m6b_physics_lib_v2,-1,0b_v2,2026-04-26,spike,Pres.SV
M6B_L6_00798,6,sensor_failure,A,150,0.9306747913360596,1,m6b_physics_lib_v2,-1,0b_v2,2026-04-26,drift,Pmp.TV
M6B_L6_00799,6,sensor_failure,A,150,0.3307856321334839,1,m6b_physics_lib_v2,-1,0b_v2,2026-04-26,dropout,Mot.PV
M6B_L6_00800,6,sensor_failure,A,150,0.6973565816879272,0,m6b_physics_lib_v2,-1,0b_v2,2026-04-26,flatline,Mot.SV
M6B_L6_00801,6,sensor_failure,A,150,0.42775535583496094,3,m6b_physics_lib_v2,-1,0b_v2,2026-04-26,spike,Pmp.SV
M6B_L6_00802,6,sensor_failure,A,150,0.7413718700408936,0,m6b_physics_lib_v2,-1,0b_v2,2026-04-26,drift,Mot.TV
M6B_L6_00803,6,sensor_failure,A,150,0.3357855975627899,1,m6b_physics_lib_v2,-1,0b_v2,2026-04-26,dropout,Pmp.PV
M6B_L6_00804,6,sensor_failure,A,150,0.7424364686012268,0,m6b_physics_lib_v2,-1,0b_v2,2026-04-26,flatline,Temp.SV
M6B_L6_00805,6,sensor_failure,A,150,0.5041745901107788,0,m6b_physics_lib_v2,-1,0b_v2,2026-04-26,spike,Pres.SV
M6B_L6_00806,6,sensor_failure,A,150,0.6793042421340942,1,m6b_physics_lib_v2,-1,0b_v2,2026-04-26,drift,Pmp.TV
M6B_L6_00807,6,sensor_failure,A,150,0.6735416054725647,3,m6b_physics_lib_v2,-1,0b_v2,2026-04-26,dropout,Mot.PV
M6B_L6_00808,6,sensor_failure,A,150,0.5237095952033997,0,m6b_physics_lib_v2,-1,0b_v2,2026-04-26,flatline,Mot.SV
M6B_L6_00809,6,sensor_failure,A,150,0.9326465725898743,0,m6b_physics_lib_v2,-1,0b_v2,2026-04-26,spike,Pmp.SV
M6B_L6_00810,6,sensor_failure,A,150,0.7450451850891113,3,m6b_physics_lib_v2,-1,0b_v2,2026-04-26,drift,Mot.TV
M6B_L6_00811,6,sensor_failure,A,150,0.8770837187767029,0,m6b_physics_lib_v2,-1,0b_v2,2026-04-26,dropout,Pmp.PV
M6B_L6_00812,6,sensor_failure,A,150,0.765557587146759,0,m6b_physics_lib_v2,-1,0b_v2,2026-04-26,flatline,Temp.SV
M6B_L6_00813,6,sensor_failure,A,150,0.47822070121765137,1,m6b_physics_lib_v2,-1,0b_v2,2026-04-26,spike,Pres.SV
M6B_L6_00814,6,sensor_failure,A,150,0.309084415435791,3,m6b_physics_lib_v2,-1,0b_v2,2026-04-26,drift,Pmp.TV
M6B_L6_00815,6,sensor_failure,A,150,0.8972635865211487,0,m6b_physics_lib_v2,-1,0b_v2,2026-04-26,dropout,Mot.PV
M6B_L6_00816,6,sensor_failure,A,150,0.30176815390586853,2,m6b_physics_lib_v2,-1,0b_v2,2026-04-26,flatline,Mot.SV
M6B_L6_00817,6,sensor_failure,A,150,0.6466051936149597,3,m6b_physics_lib_v2,-1,0b_v2,2026-04-26,spike,Pmp.SV
M6B_L6_00818,6,sensor_failure,A,150,0.8317298293113708,1,m6b_physics_lib_v2,-1,0b_v2,2026-04-26,drift,Mot.TV
M6B_L6_00819,6,sensor_failure,A,150,0.787937343120575,3,m6b_physics_lib_v2,-1,0b_v2,2026-04-26,dropout,Pmp.PV
M6B_L6_00820,6,sensor_failure,A,150,0.9756765961647034,1,m6b_physics_lib_v2,-1,0b_v2,2026-04-26,flatline,Temp.SV
M6B_L6_00821,6,sensor_failure,A,150,0.6324697136878967,3,m6b_physics_lib_v2,-1,0b_v2,2026-04-26,spike,Pres.SV
M6B_L6_00822,6,sensor_failure,A,150,0.8068596720695496,1,m6b_physics_lib_v2,-1,0b_v2,2026-04-26,drift,Pmp.TV
M6B_L6_00823,6,sensor_failure,A,150,0.6625505089759827,0,m6b_physics_lib_v2,-1,0b_v2,2026-04-26,dropout,Mot.PV
M6B_L6_00824,6,sensor_failure,A,150,0.9508447647094727,2,m6b_physics_lib_v2,-1,0b_v2,2026-04-26,flatline,Mot.SV
M6B_L6_00825,6,sensor_failure,A,150,0.5371420383453369,3,m6b_physics_lib_v2,-1,0b_v2,2026-04-26,spike,Pmp.SV
M6B_L6_00826,6,sensor_failure,A,150,0.8616462349891663,2,m6b_physics_lib_v2,-1,0b_v2,2026-04-26,drift,Mot.TV
M6B_L6_00827,6,sensor_failure,A,150,0.5267716646194458,2,m6b_physics_lib_v2,-1,0b_v2,2026-04-26,dropout,Pmp.PV
M6B_L6_00828,6,sensor_failure,A,150,0.9802049398422241,2,m6b_physics_lib_v2,-1,0b_v2,2026-04-26,flatline,Temp.SV
M6B_L6_00829,6,sensor_failure,A,150,0.36769619584083557,1,m6b_physics_lib_v2,-1,0b_v2,2026-04-26,spike,Pres.SV
M6B_L6_00830,6,sensor_failure,A,150,0.8508803248405457,2,m6b_physics_lib_v2,-1,0b_v2,2026-04-26,drift,Pmp.TV
M6B_L6_00831,6,sensor_failure,A,150,0.588626503944397,3,m6b_physics_lib_v2,-1,0b_v2,2026-04-26,dropout,Mot.PV
M6B_L6_00832,6,sensor_failure,A,150,0.7198957204818726,1,m6b_physics_lib_v2,-1,0b_v2,2026-04-26,flatline,Mot.SV
M6B_L6_00833,6,sensor_failure,A,150,0.37674883008003235,2,m6b_physics_lib_v2,-1,0b_v2,2026-04-26,spike,Pmp.SV
M6B_L6_00834,6,sensor_failure,A,150,0.33307206630706787,2,m6b_physics_lib_v2,-1,0b_v2,2026-04-26,drift,Mot.TV
M6B_L6_00835,6,sensor_failure,A,150,0.806853175163269,3,m6b_physics_lib_v2,-1,0b_v2,2026-04-26,dropout,Pmp.PV
M6B_L6_00836,6,sensor_failure,A,150,0.42873963713645935,0,m6b_physics_lib_v2,-1,0b_v2,2026-04-26,flatline,Temp.SV
M6B_L6_00837,6,sensor_failure,A,150,0.750267744064331,3,m6b_physics_lib_v2,-1,0b_v2,2026-04-26,spike,Pres.SV
M6B_L6_00838,6,sensor_failure,A,150,0.6902117133140564,0,m6b_physics_lib_v2,-1,0b_v2,2026-04-26,drift,Pmp.TV
M6B_L6_00839,6,sensor_failure,A,150,0.49297183752059937,1,m6b_physics_lib_v2,-1,0b_v2,2026-04-26,dropout,Mot.PV
M6B_L6_00840,6,sensor_failure,A,150,0.4122016727924347,2,m6b_physics_lib_v2,-1,0b_v2,2026-04-26,flatline,Mot.SV
M6B_L6_00841,6,sensor_failure,A,150,0.7322089672088623,0,m6b_physics_lib_v2,-1,0b_v2,2026-04-26,spike,Pmp.SV
M6B_L6_00842,6,sensor_failure,A,150,0.7911170721054077,0,m6b_physics_lib_v2,-1,0b_v2,2026-04-26,drift,Mot.TV
M6B_L6_00843,6,sensor_failure,A,150,0.6119329333305359,3,m6b_physics_lib_v2,-1,0b_v2,2026-04-26,dropout,Pmp.PV
M6B_L6_00844,6,sensor_failure,A,150,0.8104099631309509,2,m6b_physics_lib_v2,-1,0b_v2,2026-04-26,flatline,Temp.SV
M6B_L6_00845,6,sensor_failure,A,150,0.7711650133132935,0,m6b_physics_lib_v2,-1,0b_v2,2026-04-26,spike,Pres.SV
M6B_L6_00846,6,sensor_failure,A,150,0.8575995564460754,1,m6b_physics_lib_v2,-1,0b_v2,2026-04-26,drift,Pmp.TV
M6B_L6_00847,6,sensor_failure,A,150,0.6955185532569885,2,m6b_physics_lib_v2,-1,0b_v2,2026-04-26,dropout,Mot.PV
M6B_L6_00848,6,sensor_failure,A,150,0.9755374193191528,2,m6b_physics_lib_v2,-1,0b_v2,2026-04-26,flatline,Mot.SV
M6B_L6_00849,6,sensor_failure,A,150,0.31579524278640747,0,m6b_physics_lib_v2,-1,0b_v2,2026-04-26,spike,Pmp.SV
M6B_L6_00850,6,sensor_failure,A,150,0.9913691878318787,3,m6b_physics_lib_v2,-1,0b_v2,2026-04-26,drift,Mot.TV
M6B_L6_00851,6,sensor_failure,A,150,0.3758033215999603,2,m6b_physics_lib_v2,-1,0b_v2,2026-04-26,dropout,Pmp.PV
M6B_L6_00852,6,sensor_failure,A,150,0.5261492133140564,0,m6b_physics_lib_v2,-1,0b_v2,2026-04-26,flatline,Temp.SV
M6B_L6_00853,6,sensor_failure,A,150,0.7135310173034668,3,m6b_physics_lib_v2,-1,0b_v2,2026-04-26,spike,Pres.SV
M6B_L6_00854,6,sensor_failure,A,150,0.5567196011543274,2,m6b_physics_lib_v2,-1,0b_v2,2026-04-26,drift,Pmp.TV
M6B_L6_00855,6,sensor_failure,A,150,0.4443034827709198,1,m6b_physics_lib_v2,-1,0b_v2,2026-04-26,dropout,Mot.PV
M6B_L6_00856,6,sensor_failure,A,150,0.6772878766059875,3,m6b_physics_lib_v2,-1,0b_v2,2026-04-26,flatline,Mot.SV
M6B_L6_00857,6,sensor_failure,A,150,0.6584458351135254,1,m6b_physics_lib_v2,-1,0b_v2,2026-04-26,spike,Pmp.SV
M6B_L6_00858,6,sensor_failure,A,150,0.9986244440078735,2,m6b_physics_lib_v2,-1,0b_v2,2026-04-26,drift,Mot.TV
M6B_L6_00859,6,sensor_failure,A,150,0.4702357351779938,1,m6b_physics_lib_v2,-1,0b_v2,2026-04-26,dropout,Pmp.PV
M6B_L6_00860,6,sensor_failure,A,150,0.6797493100166321,0,m6b_physics_lib_v2,-1,0b_v2,2026-04-26,flatline,Temp.SV
M6B_L6_00861,6,sensor_failure,A,150,0.8310602903366089,1,m6b_physics_lib_v2,-1,0b_v2,2026-04-26,spike,Pres.SV
M6B_L6_00862,6,sensor_failure,A,150,0.8938559889793396,1,m6b_physics_lib_v2,-1,0b_v2,2026-04-26,drift,Pmp.TV
M6B_L6_00863,6,sensor_failure,A,150,0.8277889490127563,2,m6b_physics_lib_v2,-1,0b_v2,2026-04-26,dropout,Mot.PV
M6B_L6_00864,6,sensor_failure,A,150,0.6492303609848022,0,m6b_physics_lib_v2,-1,0b_v2,2026-04-26,flatline,Mot.SV
M6B_L6_00865,6,sensor_failure,A,150,0.5718529224395752,0,m6b_physics_lib_v2,-1,0b_v2,2026-04-26,spike,Pmp.SV
M6B_L6_00866,6,sensor_failure,A,150,0.5755508542060852,3,m6b_physics_lib_v2,-1,0b_v2,2026-04-26,drift,Mot.TV
M6B_L6_00867,6,sensor_failure,A,150,0.626619815826416,2,m6b_physics_lib_v2,-1,0b_v2,2026-04-26,dropout,Pmp.PV
M6B_L6_00868,6,sensor_failure,A,150,0.9607535600662231,3,m6b_physics_lib_v2,-1,0b_v2,2026-04-26,flatline,Temp.SV
M6B_L6_00869,6,sensor_failure,A,150,0.9842106103897095,3,m6b_physics_lib_v2,-1,0b_v2,2026-04-26,spike,Pres.SV
M6B_L6_00870,6,sensor_failure,A,150,0.6268361210823059,1,m6b_physics_lib_v2,-1,0b_v2,2026-04-26,drift,Pmp.TV
M6B_L6_00871,6,sensor_failure,A,150,0.7083813548088074,1,m6b_physics_lib_v2,-1,0b_v2,2026-04-26,dropout,Mot.PV
M6B_L6_00872,6,sensor_failure,A,150,0.5135225653648376,3,m6b_physics_lib_v2,-1,0b_v2,2026-04-26,flatline,Mot.SV
M6B_L6_00873,6,sensor_failure,A,150,0.3073236644268036,2,m6b_physics_lib_v2,-1,0b_v2,2026-04-26,spike,Pmp.SV
M6B_L6_00874,6,sensor_failure,A,150,0.542401134967804,3,m6b_physics_lib_v2,-1,0b_v2,2026-04-26,drift,Mot.TV
M6B_L6_00875,6,sensor_failure,A,150,0.9112002849578857,2,m6b_physics_lib_v2,-1,0b_v2,2026-04-26,dropout,Pmp.PV
M6B_L6_00876,6,sensor_failure,A,150,0.360432893037796,2,m6b_physics_lib_v2,-1,0b_v2,2026-04-26,flatline,Temp.SV
M6B_L6_00877,6,sensor_failure,A,150,0.7062328457832336,3,m6b_physics_lib_v2,-1,0b_v2,2026-04-26,spike,Pres.SV
M6B_L6_00878,6,sensor_failure,A,150,0.3674732744693756,3,m6b_physics_lib_v2,-1,0b_v2,2026-04-26,drift,Pmp.TV
M6B_L6_00879,6,sensor_failure,A,150,0.6627829074859619,3,m6b_physics_lib_v2,-1,0b_v2,2026-04-26,dropout,Mot.PV
M6B_L6_00880,6,sensor_failure,A,150,0.6986790895462036,1,m6b_physics_lib_v2,-1,0b_v2,2026-04-26,flatline,Mot.SV
M6B_L6_00881,6,sensor_failure,A,150,0.9350800514221191,2,m6b_physics_lib_v2,-1,0b_v2,2026-04-26,spike,Pmp.SV
M6B_L6_00882,6,sensor_failure,A,150,0.7845839262008667,0,m6b_physics_lib_v2,-1,0b_v2,2026-04-26,drift,Mot.TV
M6B_L6_00883,6,sensor_failure,A,150,0.903124988079071,0,m6b_physics_lib_v2,-1,0b_v2,2026-04-26,dropout,Pmp.PV
M6B_L6_00884,6,sensor_failure,A,150,0.7729420065879822,0,m6b_physics_lib_v2,-1,0b_v2,2026-04-26,flatline,Temp.SV
M6B_L6_00885,6,sensor_failure,A,150,0.5126541256904602,0,m6b_physics_lib_v2,-1,0b_v2,2026-04-26,spike,Pres.SV
M6B_L6_00886,6,sensor_failure,A,150,0.6984413266181946,3,m6b_physics_lib_v2,-1,0b_v2,2026-04-26,drift,Pmp.TV
M6B_L6_00887,6,sensor_failure,A,150,0.37738800048828125,1,m6b_physics_lib_v2,-1,0b_v2,2026-04-26,dropout,Mot.PV
M6B_L6_00888,6,sensor_failure,A,150,0.7326260805130005,3,m6b_physics_lib_v2,-1,0b_v2,2026-04-26,flatline,Mot.SV
M6B_L6_00889,6,sensor_failure,A,150,0.9320765137672424,1,m6b_physics_lib_v2,-1,0b_v2,2026-04-26,spike,Pmp.SV
M6B_L6_00890,6,sensor_failure,A,150,0.9140660762786865,3,m6b_physics_lib_v2,-1,0b_v2,2026-04-26,drift,Mot.TV
M6B_L6_00891,6,sensor_failure,A,150,0.32607126235961914,0,m6b_physics_lib_v2,-1,0b_v2,2026-04-26,dropout,Pmp.PV
M6B_L6_00892,6,sensor_failure,A,150,0.30191749334335327,2,m6b_physics_lib_v2,-1,0b_v2,2026-04-26,flatline,Temp.SV
M6B_L6_00893,6,sensor_failure,A,150,0.9784870147705078,2,m6b_physics_lib_v2,-1,0b_v2,2026-04-26,spike,Pres.SV
M6B_L6_00894,6,sensor_failure,A,150,0.7971751689910889,0,m6b_physics_lib_v2,-1,0b_v2,2026-04-26,drift,Pmp.TV
M6B_L6_00895,6,sensor_failure,A,150,0.3081873655319214,3,m6b_physics_lib_v2,-1,0b_v2,2026-04-26,dropout,Mot.PV
M6B_L6_00896,6,sensor_failure,A,150,0.344486266374588,2,m6b_physics_lib_v2,-1,0b_v2,2026-04-26,flatline,Mot.SV
M6B_L6_00897,6,sensor_failure,A,150,0.7181187272071838,0,m6b_physics_lib_v2,-1,0b_v2,2026-04-26,spike,Pmp.SV
M6B_L6_00898,6,sensor_failure,A,150,0.4788188636302948,2,m6b_physics_lib_v2,-1,0b_v2,2026-04-26,drift,Mot.TV
M6B_L6_00899,6,sensor_failure,A,150,0.5583359003067017,0,m6b_physics_lib_v2,-1,0b_v2,2026-04-26,dropout,Pmp.PV
M6B_L6_00900,6,sensor_failure,A,150,0.6410923004150391,0,m6b_physics_lib_v2,-1,0b_v2,2026-04-26,flatline,Temp.SV
M6B_L6_00901,6,sensor_failure,A,150,0.880273163318634,1,m6b_physics_lib_v2,-1,0b_v2,2026-04-26,spike,Pres.SV
M6B_L6_00902,6,sensor_failure,A,150,0.5555873513221741,2,m6b_physics_lib_v2,-1,0b_v2,2026-04-26,drift,Pmp.TV
M6B_L6_00903,6,sensor_failure,A,150,0.982878565788269,1,m6b_physics_lib_v2,-1,0b_v2,2026-04-26,dropout,Mot.PV
M6B_L6_00904,6,sensor_failure,A,150,0.9644759893417358,1,m6b_physics_lib_v2,-1,0b_v2,2026-04-26,flatline,Mot.SV
M6B_L6_00905,6,sensor_failure,A,150,0.6454662680625916,3,m6b_physics_lib_v2,-1,0b_v2,2026-04-26,spike,Pmp.SV
M6B_L6_00906,6,sensor_failure,A,150,0.9396470785140991,2,m6b_physics_lib_v2,-1,0b_v2,2026-04-26,drift,Mot.TV
M6B_L6_00907,6,sensor_failure,A,150,0.312934011220932,0,m6b_physics_lib_v2,-1,0b_v2,2026-04-26,dropout,Pmp.PV
M6B_L6_00908,6,sensor_failure,A,150,0.5986359715461731,0,m6b_physics_lib_v2,-1,0b_v2,2026-04-26,flatline,Temp.SV
M6B_L6_00909,6,sensor_failure,A,150,0.9996669888496399,2,m6b_physics_lib_v2,-1,0b_v2,2026-04-26,spike,Pres.SV
M6B_L6_00910,6,sensor_failure,A,150,0.7628491520881653,1,m6b_physics_lib_v2,-1,0b_v2,2026-04-26,drift,Pmp.TV
M6B_L6_00911,6,sensor_failure,A,150,0.30008792877197266,0,m6b_physics_lib_v2,-1,0b_v2,2026-04-26,dropout,Mot.PV
M6B_L6_00912,6,sensor_failure,A,150,0.501473069190979,0,m6b_physics_lib_v2,-1,0b_v2,2026-04-26,flatline,Mot.SV
M6B_L6_00913,6,sensor_failure,A,150,0.5835988521575928,1,m6b_physics_lib_v2,-1,0b_v2,2026-04-26,spike,Pmp.SV
M6B_L6_00914,6,sensor_failure,A,150,0.5039814710617065,1,m6b_physics_lib_v2,-1,0b_v2,2026-04-26,drift,Mot.TV
M6B_L6_00915,6,sensor_failure,A,150,0.74400395154953,3,m6b_physics_lib_v2,-1,0b_v2,2026-04-26,dropout,Pmp.PV
M6B_L6_00916,6,sensor_failure,A,150,0.8215043544769287,2,m6b_physics_lib_v2,-1,0b_v2,2026-04-26,flatline,Temp.SV
M6B_L6_00917,6,sensor_failure,A,150,0.39515984058380127,0,m6b_physics_lib_v2,-1,0b_v2,2026-04-26,spike,Pres.SV
M6B_L6_00918,6,sensor_failure,A,150,0.8019092082977295,2,m6b_physics_lib_v2,-1,0b_v2,2026-04-26,drift,Pmp.TV
M6B_L6_00919,6,sensor_failure,A,150,0.9899479746818542,2,m6b_physics_lib_v2,-1,0b_v2,2026-04-26,dropout,Mot.PV
M6B_L6_00920,6,sensor_failure,A,150,0.8683945536613464,2,m6b_physics_lib_v2,-1,0b_v2,2026-04-26,flatline,Mot.SV
M6B_L6_00921,6,sensor_failure,A,150,0.3561432659626007,0,m6b_physics_lib_v2,-1,0b_v2,2026-04-26,spike,Pmp.SV
M6B_L6_00922,6,sensor_failure,A,150,0.9932578802108765,3,m6b_physics_lib_v2,-1,0b_v2,2026-04-26,drift,Mot.TV
M6B_L6_00923,6,sensor_failure,A,150,0.9001251459121704,3,m6b_physics_lib_v2,-1,0b_v2,2026-04-26,dropout,Pmp.PV
M6B_L6_00924,6,sensor_failure,A,150,0.898199200630188,0,m6b_physics_lib_v2,-1,0b_v2,2026-04-26,flatline,Temp.SV
M6B_L6_00925,6,sensor_failure,A,150,0.6426640152931213,1,m6b_physics_lib_v2,-1,0b_v2,2026-04-26,spike,Pres.SV
M6B_L6_00926,6,sensor_failure,A,150,0.5860942602157593,1,m6b_physics_lib_v2,-1,0b_v2,2026-04-26,drift,Pmp.TV
M6B_L6_00927,6,sensor_failure,A,150,0.9543667435646057,2,m6b_physics_lib_v2,-1,0b_v2,2026-04-26,dropout,Mot.PV
M6B_L6_00928,6,sensor_failure,A,150,0.6571078896522522,2,m6b_physics_lib_v2,-1,0b_v2,2026-04-26,flatline,Mot.SV
M6B_L6_00929,6,sensor_failure,A,150,0.46292662620544434,0,m6b_physics_lib_v2,-1,0b_v2,2026-04-26,spike,Pmp.SV
M6B_L6_00930,6,sensor_failure,A,150,0.5885156393051147,3,m6b_physics_lib_v2,-1,0b_v2,2026-04-26,drift,Mot.TV
M6B_L6_00931,6,sensor_failure,A,150,0.9533014893531799,1,m6b_physics_lib_v2,-1,0b_v2,2026-04-26,dropout,Pmp.PV
M6B_L6_00932,6,sensor_failure,A,150,0.8023468255996704,0,m6b_physics_lib_v2,-1,0b_v2,2026-04-26,flatline,Temp.SV
M6B_L6_00933,6,sensor_failure,A,150,0.3978649973869324,3,m6b_physics_lib_v2,-1,0b_v2,2026-04-26,spike,Pres.SV
M6B_L6_00934,6,sensor_failure,A,150,0.9075918793678284,0,m6b_physics_lib_v2,-1,0b_v2,2026-04-26,drift,Pmp.TV
M6B_L6_00935,6,sensor_failure,A,150,0.49708956480026245,0,m6b_physics_lib_v2,-1,0b_v2,2026-04-26,dropout,Mot.PV
M6B_L6_00936,6,sensor_failure,A,150,0.6667972803115845,0,m6b_physics_lib_v2,-1,0b_v2,2026-04-26,flatline,Mot.SV
M6B_L6_00937,6,sensor_failure,A,150,0.5261300802230835,1,m6b_physics_lib_v2,-1,0b_v2,2026-04-26,spike,Pmp.SV
M6B_L6_00938,6,sensor_failure,A,150,0.47852951288223267,3,m6b_physics_lib_v2,-1,0b_v2,2026-04-26,drift,Mot.TV
M6B_L6_00939,6,sensor_failure,A,150,0.8530536890029907,0,m6b_physics_lib_v2,-1,0b_v2,2026-04-26,dropout,Pmp.PV
M6B_L6_00940,6,sensor_failure,A,150,0.46564263105392456,3,m6b_physics_lib_v2,-1,0b_v2,2026-04-26,flatline,Temp.SV
M6B_L6_00941,6,sensor_failure,A,150,0.8491132855415344,1,m6b_physics_lib_v2,-1,0b_v2,2026-04-26,spike,Pres.SV
M6B_L6_00942,6,sensor_failure,A,150,0.8564378619194031,1,m6b_physics_lib_v2,-1,0b_v2,2026-04-26,drift,Pmp.TV
M6B_L6_00943,6,sensor_failure,A,150,0.522511899471283,0,m6b_physics_lib_v2,-1,0b_v2,2026-04-26,dropout,Mot.PV
M6B_L6_00944,6,sensor_failure,A,150,0.47092899680137634,0,m6b_physics_lib_v2,-1,0b_v2,2026-04-26,flatline,Mot.SV
M6B_L6_00945,6,sensor_failure,A,150,0.9921640157699585,3,m6b_physics_lib_v2,-1,0b_v2,2026-04-26,spike,Pmp.SV
M6B_L6_00946,6,sensor_failure,A,150,0.6877607703208923,3,m6b_physics_lib_v2,-1,0b_v2,2026-04-26,drift,Mot.TV
M6B_L6_00947,6,sensor_failure,A,150,0.8931368589401245,1,m6b_physics_lib_v2,-1,0b_v2,2026-04-26,dropout,Pmp.PV
M6B_L6_00948,6,sensor_failure,A,150,0.9318431615829468,2,m6b_physics_lib_v2,-1,0b_v2,2026-04-26,flatline,Temp.SV
M6B_L6_00949,6,sensor_failure,A,150,0.47665858268737793,0,m6b_physics_lib_v2,-1,0b_v2,2026-04-26,spike,Pres.SV
M6B_L6_00950,6,sensor_failure,A,150,0.8601778745651245,1,m6b_physics_lib_v2,-1,0b_v2,2026-04-26,drift,Pmp.TV
M6B_L6_00951,6,sensor_failure,A,150,0.9516565203666687,2,m6b_physics_lib_v2,-1,0b_v2,2026-04-26,dropout,Mot.PV
M6B_L6_00952,6,sensor_failure,A,150,0.4069293737411499,0,m6b_physics_lib_v2,-1,0b_v2,2026-04-26,flatline,Mot.SV
M6B_L6_00953,6,sensor_failure,A,150,0.6181656122207642,1,m6b_physics_lib_v2,-1,0b_v2,2026-04-26,spike,Pmp.SV
M6B_L6_00954,6,sensor_failure,A,150,0.8720378279685974,2,m6b_physics_lib_v2,-1,0b_v2,2026-04-26,drift,Mot.TV
M6B_L6_00955,6,sensor_failure,A,150,0.4161798059940338,3,m6b_physics_lib_v2,-1,0b_v2,2026-04-26,dropout,Pmp.PV
M6B_L6_00956,6,sensor_failure,A,150,0.7371442317962646,0,m6b_physics_lib_v2,-1,0b_v2,2026-04-26,flatline,Temp.SV
M6B_L6_00957,6,sensor_failure,A,150,0.7659401297569275,0,m6b_physics_lib_v2,-1,0b_v2,2026-04-26,spike,Pres.SV
M6B_L6_00958,6,sensor_failure,A,150,0.7211695313453674,0,m6b_physics_lib_v2,-1,0b_v2,2026-04-26,drift,Pmp.TV
M6B_L6_00959,6,sensor_failure,A,150,0.7296339273452759,1,m6b_physics_lib_v2,-1,0b_v2,2026-04-26,dropout,Mot.PV
M6B_L6_00960,6,sensor_failure,A,150,0.8311336636543274,0,m6b_physics_lib_v2,-1,0b_v2,2026-04-26,flatline,Mot.SV
M6B_L6_00961,6,sensor_failure,A,150,0.9726201891899109,3,m6b_physics_lib_v2,-1,0b_v2,2026-04-26,spike,Pmp.SV
M6B_L6_00962,6,sensor_failure,A,150,0.5384217500686646,2,m6b_physics_lib_v2,-1,0b_v2,2026-04-26,drift,Mot.TV
M6B_L6_00963,6,sensor_failure,A,150,0.5200214982032776,1,m6b_physics_lib_v2,-1,0b_v2,2026-04-26,dropout,Pmp.PV
M6B_L6_00964,6,sensor_failure,A,150,0.7333546876907349,0,m6b_physics_lib_v2,-1,0b_v2,2026-04-26,flatline,Temp.SV
M6B_L6_00965,6,sensor_failure,A,150,0.4605659544467926,0,m6b_physics_lib_v2,-1,0b_v2,2026-04-26,spike,Pres.SV
M6B_L6_00966,6,sensor_failure,A,150,0.34900176525115967,0,m6b_physics_lib_v2,-1,0b_v2,2026-04-26,drift,Pmp.TV
M6B_L6_00967,6,sensor_failure,A,150,0.8621832728385925,2,m6b_physics_lib_v2,-1,0b_v2,2026-04-26,dropout,Mot.PV
M6B_L6_00968,6,sensor_failure,A,150,0.322630912065506,2,m6b_physics_lib_v2,-1,0b_v2,2026-04-26,flatline,Mot.SV
M6B_L6_00969,6,sensor_failure,A,150,0.7204599380493164,3,m6b_physics_lib_v2,-1,0b_v2,2026-04-26,spike,Pmp.SV
M6B_L6_00970,6,sensor_failure,A,150,0.907916247844696,2,m6b_physics_lib_v2,-1,0b_v2,2026-04-26,drift,Mot.TV
M6B_L6_00971,6,sensor_failure,A,150,0.568648636341095,1,m6b_physics_lib_v2,-1,0b_v2,2026-04-26,dropout,Pmp.PV
M6B_L6_00972,6,sensor_failure,A,150,0.8318712115287781,0,m6b_physics_lib_v2,-1,0b_v2,2026-04-26,flatline,Temp.SV
M6B_L6_00973,6,sensor_failure,A,150,0.8054613471031189,1,m6b_physics_lib_v2,-1,0b_v2,2026-04-26,spike,Pres.SV
M6B_L6_00974,6,sensor_failure,A,150,0.9674662351608276,2,m6b_physics_lib_v2,-1,0b_v2,2026-04-26,drift,Pmp.TV
M6B_L6_00975,6,sensor_failure,A,150,0.3432218134403229,3,m6b_physics_lib_v2,-1,0b_v2,2026-04-26,dropout,Mot.PV
M6B_L6_00976,6,sensor_failure,A,150,0.6630212664604187,1,m6b_physics_lib_v2,-1,0b_v2,2026-04-26,flatline,Mot.SV
M6B_L6_00977,6,sensor_failure,A,150,0.6605991125106812,0,m6b_physics_lib_v2,-1,0b_v2,2026-04-26,spike,Pmp.SV
M6B_L6_00978,6,sensor_failure,A,150,0.3185148239135742,0,m6b_physics_lib_v2,-1,0b_v2,2026-04-26,drift,Mot.TV
M6B_L6_00979,6,sensor_failure,A,150,0.3082484304904938,0,m6b_physics_lib_v2,-1,0b_v2,2026-04-26,dropout,Pmp.PV
M6B_L6_00980,6,sensor_failure,A,150,0.8957184553146362,3,m6b_physics_lib_v2,-1,0b_v2,2026-04-26,flatline,Temp.SV
M6B_L6_00981,6,sensor_failure,A,150,0.9609415531158447,1,m6b_physics_lib_v2,-1,0b_v2,2026-04-26,spike,Pres.SV
M6B_L6_00982,6,sensor_failure,A,150,0.5063802003860474,2,m6b_physics_lib_v2,-1,0b_v2,2026-04-26,drift,Pmp.TV
M6B_L6_00983,6,sensor_failure,A,150,0.510891318321228,0,m6b_physics_lib_v2,-1,0b_v2,2026-04-26,dropout,Mot.PV
M6B_L6_00984,6,sensor_failure,A,150,0.8094222545623779,1,m6b_physics_lib_v2,-1,0b_v2,2026-04-26,flatline,Mot.SV
M6B_L6_00985,6,sensor_failure,A,150,0.8114891648292542,1,m6b_physics_lib_v2,-1,0b_v2,2026-04-26,spike,Pmp.SV
M6B_L6_00986,6,sensor_failure,A,150,0.4461699426174164,0,m6b_physics_lib_v2,-1,0b_v2,2026-04-26,drift,Mot.TV
M6B_L6_00987,6,sensor_failure,A,150,0.41737234592437744,0,m6b_physics_lib_v2,-1,0b_v2,2026-04-26,dropout,Pmp.PV
M6B_L6_00988,6,sensor_failure,A,150,0.41353639960289,0,m6b_physics_lib_v2,-1,0b_v2,2026-04-26,flatline,Temp.SV
M6B_L6_00989,6,sensor_failure,A,150,0.6330483555793762,1,m6b_physics_lib_v2,-1,0b_v2,2026-04-26,spike,Pres.SV
M6B_L6_00990,6,sensor_failure,A,150,0.8887385725975037,2,m6b_physics_lib_v2,-1,0b_v2,2026-04-26,drift,Pmp.TV
M6B_L6_00991,6,sensor_failure,A,150,0.9921194314956665,1,m6b_physics_lib_v2,-1,0b_v2,2026-04-26,dropout,Mot.PV
M6B_L6_00992,6,sensor_failure,A,150,0.809904932975769,3,m6b_physics_lib_v2,-1,0b_v2,2026-04-26,flatline,Mot.SV
M6B_L6_00993,6,sensor_failure,A,150,0.6804560422897339,0,m6b_physics_lib_v2,-1,0b_v2,2026-04-26,spike,Pmp.SV
M6B_L6_00994,6,sensor_failure,A,150,0.96209317445755,3,m6b_physics_lib_v2,-1,0b_v2,2026-04-26,drift,Mot.TV
M6B_L6_00995,6,sensor_failure,A,150,0.41566741466522217,3,m6b_physics_lib_v2,-1,0b_v2,2026-04-26,dropout,Pmp.PV
M6B_L6_00996,6,sensor_failure,A,150,0.3795567452907562,2,m6b_physics_lib_v2,-1,0b_v2,2026-04-26,flatline,Temp.SV
M6B_L6_00997,6,sensor_failure,A,150,0.8631078600883484,0,m6b_physics_lib_v2,-1,0b_v2,2026-04-26,spike,Pres.SV
M6B_L6_00998,6,sensor_failure,A,150,0.45667123794555664,2,m6b_physics_lib_v2,-1,0b_v2,2026-04-26,drift,Pmp.TV
M6B_L6_00999,6,sensor_failure,A,150,0.7094147205352783,0,m6b_physics_lib_v2,-1,0b_v2,2026-04-26,dropout,Mot.PV
M6B_L6_01000,6,sensor_failure,A,150,0.8043125867843628,2,m6b_physics_lib_v2,-1,0b_v2,2026-04-26,flatline,Mot.SV
M6B_L6_01001,6,sensor_failure,A,150,0.7823906540870667,0,m6b_physics_lib_v2,-1,0b_v2,2026-04-26,spike,Pmp.SV
M6B_L6_01002,6,sensor_failure,A,150,0.892167329788208,2,m6b_physics_lib_v2,-1,0b_v2,2026-04-26,drift,Mot.TV
M6B_L6_01003,6,sensor_failure,A,150,0.31745412945747375,0,m6b_physics_lib_v2,-1,0b_v2,2026-04-26,dropout,Pmp.PV
M6B_L6_01004,6,sensor_failure,A,150,0.32622796297073364,3,m6b_physics_lib_v2,-1,0b_v2,2026-04-26,flatline,Temp.SV
M6B_L6_01005,6,sensor_failure,A,150,0.6450071334838867,1,m6b_physics_lib_v2,-1,0b_v2,2026-04-26,spike,Pres.SV
M6B_L6_01006,6,sensor_failure,A,150,0.8126936554908752,2,m6b_physics_lib_v2,-1,0b_v2,2026-04-26,drift,Pmp.TV
M6B_L6_01007,6,sensor_failure,A,150,0.44571733474731445,3,m6b_physics_lib_v2,-1,0b_v2,2026-04-26,dropout,Mot.PV
M6B_L6_01008,6,sensor_failure,A,150,0.9594212770462036,3,m6b_physics_lib_v2,-1,0b_v2,2026-04-26,flatline,Mot.SV
M6B_L6_01009,6,sensor_failure,A,150,0.7215904593467712,2,m6b_physics_lib_v2,-1,0b_v2,2026-04-26,spike,Pmp.SV
M6B_L6_01010,6,sensor_failure,A,150,0.5370194315910339,3,m6b_physics_lib_v2,-1,0b_v2,2026-04-26,drift,Mot.TV
M6B_L6_01011,6,sensor_failure,A,150,0.9179788827896118,2,m6b_physics_lib_v2,-1,0b_v2,2026-04-26,dropout,Pmp.PV
M6B_L6_01012,6,sensor_failure,A,150,0.8331210017204285,3,m6b_physics_lib_v2,-1,0b_v2,2026-04-26,flatline,Temp.SV
M6B_L6_01013,6,sensor_failure,A,150,0.3104400634765625,1,m6b_physics_lib_v2,-1,0b_v2,2026-04-26,spike,Pres.SV
M6B_L6_01014,6,sensor_failure,A,150,0.6868848204612732,2,m6b_physics_lib_v2,-1,0b_v2,2026-04-26,drift,Pmp.TV
M6B_L6_01015,6,sensor_failure,A,150,0.39671075344085693,2,m6b_physics_lib_v2,-1,0b_v2,2026-04-26,dropout,Mot.PV
M6B_L6_01016,6,sensor_failure,A,150,0.5803636312484741,3,m6b_physics_lib_v2,-1,0b_v2,2026-04-26,flatline,Mot.SV
M6B_L6_01017,6,sensor_failure,A,150,0.6074172258377075,0,m6b_physics_lib_v2,-1,0b_v2,2026-04-26,spike,Pmp.SV
M6B_L6_01018,6,sensor_failure,A,150,0.5375465154647827,1,m6b_physics_lib_v2,-1,0b_v2,2026-04-26,drift,Mot.TV
M6B_L6_01019,6,sensor_failure,A,150,0.9213200807571411,0,m6b_physics_lib_v2,-1,0b_v2,2026-04-26,dropout,Pmp.PV
M6B_L6_01020,6,sensor_failure,A,150,0.7159546613693237,2,m6b_physics_lib_v2,-1,0b_v2,2026-04-26,flatline,Temp.SV
M6B_L6_01021,6,sensor_failure,A,150,0.7741289138793945,0,m6b_physics_lib_v2,-1,0b_v2,2026-04-26,spike,Pres.SV
M6B_L6_01022,6,sensor_failure,A,150,0.9555568695068359,3,m6b_physics_lib_v2,-1,0b_v2,2026-04-26,drift,Pmp.TV
M6B_L6_01023,6,sensor_failure,A,150,0.7616652250289917,2,m6b_physics_lib_v2,-1,0b_v2,2026-04-26,dropout,Mot.PV
M6B_L6_01024,6,sensor_failure,A,150,0.843489408493042,1,m6b_physics_lib_v2,-1,0b_v2,2026-04-26,flatline,Mot.SV
M6B_L6_01025,6,sensor_failure,A,150,0.8074116110801697,3,m6b_physics_lib_v2,-1,0b_v2,2026-04-26,spike,Pmp.SV
M6B_L6_01026,6,sensor_failure,A,150,0.6518210768699646,0,m6b_physics_lib_v2,-1,0b_v2,2026-04-26,drift,Mot.TV
M6B_L6_01027,6,sensor_failure,A,150,0.8112152814865112,2,m6b_physics_lib_v2,-1,0b_v2,2026-04-26,dropout,Pmp.PV
M6B_L6_01028,6,sensor_failure,A,150,0.579635500907898,3,m6b_physics_lib_v2,-1,0b_v2,2026-04-26,flatline,Temp.SV
M6B_L6_01029,6,sensor_failure,A,150,0.8605000972747803,0,m6b_physics_lib_v2,-1,0b_v2,2026-04-26,spike,Pres.SV
M6B_L6_01030,6,sensor_failure,A,150,0.9533544778823853,2,m6b_physics_lib_v2,-1,0b_v2,2026-04-26,drift,Pmp.TV
M6B_L6_01031,6,sensor_failure,A,150,0.4976918697357178,2,m6b_physics_lib_v2,-1,0b_v2,2026-04-26,dropout,Mot.PV
M6B_L6_01032,6,sensor_failure,A,150,0.6011092662811279,1,m6b_physics_lib_v2,-1,0b_v2,2026-04-26,flatline,Mot.SV
M6B_L6_01033,6,sensor_failure,A,150,0.3846113979816437,0,m6b_physics_lib_v2,-1,0b_v2,2026-04-26,spike,Pmp.SV
M6B_L6_01034,6,sensor_failure,A,150,0.8979893326759338,3,m6b_physics_lib_v2,-1,0b_v2,2026-04-26,drift,Mot.TV
M6B_L6_01035,6,sensor_failure,A,150,0.3839450180530548,0,m6b_physics_lib_v2,-1,0b_v2,2026-04-26,dropout,Pmp.PV
M6B_L6_01036,6,sensor_failure,A,150,0.9474788904190063,1,m6b_physics_lib_v2,-1,0b_v2,2026-04-26,flatline,Temp.SV
M6B_L6_01037,6,sensor_failure,A,150,0.7293950319290161,2,m6b_physics_lib_v2,-1,0b_v2,2026-04-26,spike,Pres.SV
M6B_L6_01038,6,sensor_failure,A,150,0.7629279494285583,0,m6b_physics_lib_v2,-1,0b_v2,2026-04-26,drift,Pmp.TV
M6B_L6_01039,6,sensor_failure,A,150,0.5961054563522339,3,m6b_physics_lib_v2,-1,0b_v2,2026-04-26,dropout,Mot.PV
M6B_L6_01040,6,sensor_failure,A,150,0.369489461183548,0,m6b_physics_lib_v2,-1,0b_v2,2026-04-26,flatline,Mot.SV
M6B_L6_01041,6,sensor_failure,A,150,0.9245187044143677,3,m6b_physics_lib_v2,-1,0b_v2,2026-04-26,spike,Pmp.SV
M6B_L6_01042,6,sensor_failure,A,150,0.6279219388961792,1,m6b_physics_lib_v2,-1,0b_v2,2026-04-26,drift,Mot.TV
M6B_L6_01043,6,sensor_failure,A,150,0.8480802178382874,0,m6b_physics_lib_v2,-1,0b_v2,2026-04-26,dropout,Pmp.PV
M6B_L6_01044,6,sensor_failure,A,150,0.37068644165992737,0,m6b_physics_lib_v2,-1,0b_v2,2026-04-26,flatline,Temp.SV
M6B_L6_01045,6,sensor_failure,A,150,0.4323410391807556,1,m6b_physics_lib_v2,-1,0b_v2,2026-04-26,spike,Pres.SV
M6B_L6_01046,6,sensor_failure,A,150,0.41122809052467346,2,m6b_physics_lib_v2,-1,0b_v2,2026-04-26,drift,Pmp.TV
M6B_L6_01047,6,sensor_failure,A,150,0.41894766688346863,1,m6b_physics_lib_v2,-1,0b_v2,2026-04-26,dropout,Mot.PV
M6B_L6_01048,6,sensor_failure,A,150,0.8440021872520447,0,m6b_physics_lib_v2,-1,0b_v2,2026-04-26,flatline,Mot.SV
M6B_L6_01049,6,sensor_failure,A,150,0.33641576766967773,1,m6b_physics_lib_v2,-1,0b_v2,2026-04-26,spike,Pmp.SV
M6B_L6_01050,6,sensor_failure,A,150,0.46571776270866394,0,m6b_physics_lib_v2,-1,0b_v2,2026-04-26,drift,Mot.TV
M6B_L6_01051,6,sensor_failure,A,150,0.4038311839103699,2,m6b_physics_lib_v2,-1,0b_v2,2026-04-26,dropout,Pmp.PV
M6B_L6_01052,6,sensor_failure,A,150,0.7059619426727295,2,m6b_physics_lib_v2,-1,0b_v2,2026-04-26,flatline,Temp.SV
M6B_L6_01053,6,sensor_failure,A,150,0.34089410305023193,3,m6b_physics_lib_v2,-1,0b_v2,2026-04-26,spike,Pres.SV
M6B_L6_01054,6,sensor_failure,A,150,0.8433287143707275,2,m6b_physics_lib_v2,-1,0b_v2,2026-04-26,drift,Pmp.TV
M6B_L6_01055,6,sensor_failure,A,150,0.8521960377693176,3,m6b_physics_lib_v2,-1,0b_v2,2026-04-26,dropout,Mot.PV
M6B_L6_01056,6,sensor_failure,A,150,0.726130485534668,1,m6b_physics_lib_v2,-1,0b_v2,2026-04-26,flatline,Mot.SV
M6B_L6_01057,6,sensor_failure,A,150,0.4178144335746765,0,m6b_physics_lib_v2,-1,0b_v2,2026-04-26,spike,Pmp.SV
M6B_L6_01058,6,sensor_failure,A,150,0.4095217287540436,1,m6b_physics_lib_v2,-1,0b_v2,2026-04-26,drift,Mot.TV
M6B_L6_01059,6,sensor_failure,A,150,0.4000827968120575,0,m6b_physics_lib_v2,-1,0b_v2,2026-04-26,dropout,Pmp.PV
M6B_L6_01060,6,sensor_failure,A,150,0.38340115547180176,2,m6b_physics_lib_v2,-1,0b_v2,2026-04-26,flatline,Temp.SV
M6B_L6_01061,6,sensor_failure,A,150,0.8110799789428711,3,m6b_physics_lib_v2,-1,0b_v2,2026-04-26,spike,Pres.SV
M6B_L6_01062,6,sensor_failure,A,150,0.8729499578475952,3,m6b_physics_lib_v2,-1,0b_v2,2026-04-26,drift,Pmp.TV
M6B_L6_01063,6,sensor_failure,A,150,0.618873655796051,1,m6b_physics_lib_v2,-1,0b_v2,2026-04-26,dropout,Mot.PV
M6B_L6_01064,6,sensor_failure,A,150,0.3060706555843353,0,m6b_physics_lib_v2,-1,0b_v2,2026-04-26,flatline,Mot.SV
M6B_L6_01065,6,sensor_failure,A,150,0.4695156514644623,1,m6b_physics_lib_v2,-1,0b_v2,2026-04-26,spike,Pmp.SV
M6B_L6_01066,6,sensor_failure,A,150,0.9712727665901184,2,m6b_physics_lib_v2,-1,0b_v2,2026-04-26,drift,Mot.TV
M6B_L6_01067,6,sensor_failure,A,150,0.4190117418766022,1,m6b_physics_lib_v2,-1,0b_v2,2026-04-26,dropout,Pmp.PV
M6B_L6_01068,6,sensor_failure,A,150,0.685674786567688,3,m6b_physics_lib_v2,-1,0b_v2,2026-04-26,flatline,Temp.SV
M6B_L6_01069,6,sensor_failure,A,150,0.6996425986289978,0,m6b_physics_lib_v2,-1,0b_v2,2026-04-26,spike,Pres.SV
M6B_L6_01070,6,sensor_failure,A,150,0.9200164675712585,0,m6b_physics_lib_v2,-1,0b_v2,2026-04-26,drift,Pmp.TV
M6B_L6_01071,6,sensor_failure,A,150,0.48480919003486633,0,m6b_physics_lib_v2,-1,0b_v2,2026-04-26,dropout,Mot.PV
M6B_L6_01072,6,sensor_failure,A,150,0.9573289155960083,1,m6b_physics_lib_v2,-1,0b_v2,2026-04-26,flatline,Mot.SV
M6B_L6_01073,6,sensor_failure,A,150,0.7790266275405884,0,m6b_physics_lib_v2,-1,0b_v2,2026-04-26,spike,Pmp.SV
M6B_L6_01074,6,sensor_failure,A,150,0.8264988660812378,1,m6b_physics_lib_v2,-1,0b_v2,2026-04-26,drift,Mot.TV
M6B_L6_01075,6,sensor_failure,A,150,0.3901521861553192,1,m6b_physics_lib_v2,-1,0b_v2,2026-04-26,dropout,Pmp.PV
M6B_L6_01076,6,sensor_failure,A,150,0.8887497186660767,2,m6b_physics_lib_v2,-1,0b_v2,2026-04-26,flatline,Temp.SV
M6B_L6_01077,6,sensor_failure,A,150,0.3116683065891266,0,m6b_physics_lib_v2,-1,0b_v2,2026-04-26,spike,Pres.SV
M6B_L6_01078,6,sensor_failure,A,150,0.844672441482544,3,m6b_physics_lib_v2,-1,0b_v2,2026-04-26,drift,Pmp.TV
M6B_L6_01079,6,sensor_failure,A,150,0.6481653451919556,1,m6b_physics_lib_v2,-1,0b_v2,2026-04-26,dropout,Mot.PV
M6B_L6_01080,6,sensor_failure,A,150,0.6247797012329102,2,m6b_physics_lib_v2,-1,0b_v2,2026-04-26,flatline,Mot.SV
M6B_L6_01081,6,sensor_failure,A,150,0.7444305419921875,1,m6b_physics_lib_v2,-1,0b_v2,2026-04-26,spike,Pmp.SV
M6B_L6_01082,6,sensor_failure,A,150,0.32471761107444763,3,m6b_physics_lib_v2,-1,0b_v2,2026-04-26,drift,Mot.TV
M6B_L6_01083,6,sensor_failure,A,150,0.5338113307952881,1,m6b_physics_lib_v2,-1,0b_v2,2026-04-26,dropout,Pmp.PV
M6B_L6_01084,6,sensor_failure,A,150,0.5458862781524658,0,m6b_physics_lib_v2,-1,0b_v2,2026-04-26,flatline,Temp.SV
M6B_L6_01085,6,sensor_failure,A,150,0.32180020213127136,3,m6b_physics_lib_v2,-1,0b_v2,2026-04-26,spike,Pres.SV
M6B_L6_01086,6,sensor_failure,A,150,0.6925227642059326,2,m6b_physics_lib_v2,-1,0b_v2,2026-04-26,drift,Pmp.TV
M6B_L6_01087,6,sensor_failure,A,150,0.40809619426727295,0,m6b_physics_lib_v2,-1,0b_v2,2026-04-26,dropout,Mot.PV
M6B_L6_01088,6,sensor_failure,A,150,0.3234037458896637,2,m6b_physics_lib_v2,-1,0b_v2,2026-04-26,flatline,Mot.SV
M6B_L6_01089,6,sensor_failure,A,150,0.5106626152992249,3,m6b_physics_lib_v2,-1,0b_v2,2026-04-26,spike,Pmp.SV
M6B_L6_01090,6,sensor_failure,A,150,0.6227909922599792,1,m6b_physics_lib_v2,-1,0b_v2,2026-04-26,drift,Mot.TV
M6B_L6_01091,6,sensor_failure,A,150,0.41259628534317017,1,m6b_physics_lib_v2,-1,0b_v2,2026-04-26,dropout,Pmp.PV
M6B_L6_01092,6,sensor_failure,A,150,0.872551679611206,2,m6b_physics_lib_v2,-1,0b_v2,2026-04-26,flatline,Temp.SV
M6B_L6_01093,6,sensor_failure,A,150,0.7608138918876648,0,m6b_physics_lib_v2,-1,0b_v2,2026-04-26,spike,Pres.SV
M6B_L6_01094,6,sensor_failure,A,150,0.4156700372695923,3,m6b_physics_lib_v2,-1,0b_v2,2026-04-26,drift,Pmp.TV
M6B_L6_01095,6,sensor_failure,A,150,0.43329399824142456,0,m6b_physics_lib_v2,-1,0b_v2,2026-04-26,dropout,Mot.PV
M6B_L6_01096,6,sensor_failure,A,150,0.732288658618927,1,m6b_physics_lib_v2,-1,0b_v2,2026-04-26,flatline,Mot.SV
M6B_L6_01097,6,sensor_failure,A,150,0.49243903160095215,1,m6b_physics_lib_v2,-1,0b_v2,2026-04-26,spike,Pmp.SV
M6B_L6_01098,6,sensor_failure,A,150,0.8095025420188904,3,m6b_physics_lib_v2,-1,0b_v2,2026-04-26,drift,Mot.TV
M6B_L6_01099,6,sensor_failure,A,150,0.80915766954422,3,m6b_physics_lib_v2,-1,0b_v2,2026-04-26,dropout,Pmp.PV
M6B_L6_01100,6,sensor_failure,A,150,0.3872535228729248,0,m6b_physics_lib_v2,-1,0b_v2,2026-04-26,flatline,Temp.SV
M6B_L6_01101,6,sensor_failure,A,150,0.687030017375946,1,m6b_physics_lib_v2,-1,0b_v2,2026-04-26,spike,Pres.SV
M6B_L6_01102,6,sensor_failure,A,150,0.9213398098945618,0,m6b_physics_lib_v2,-1,0b_v2,2026-04-26,drift,Pmp.TV
M6B_L6_01103,6,sensor_failure,A,150,0.8774930834770203,0,m6b_physics_lib_v2,-1,0b_v2,2026-04-26,dropout,Mot.PV
M6B_L6_01104,6,sensor_failure,A,150,0.3926991820335388,3,m6b_physics_lib_v2,-1,0b_v2,2026-04-26,flatline,Mot.SV
M6B_L6_01105,6,sensor_failure,A,150,0.7523517608642578,0,m6b_physics_lib_v2,-1,0b_v2,2026-04-26,spike,Pmp.SV
M6B_L6_01106,6,sensor_failure,A,150,0.45197322964668274,1,m6b_physics_lib_v2,-1,0b_v2,2026-04-26,drift,Mot.TV
M6B_L6_01107,6,sensor_failure,A,150,0.3332023024559021,2,m6b_physics_lib_v2,-1,0b_v2,2026-04-26,dropout,Pmp.PV
M6B_L6_01108,6,sensor_failure,A,150,0.5267204642295837,1,m6b_physics_lib_v2,-1,0b_v2,2026-04-26,flatline,Temp.SV
M6B_L6_01109,6,sensor_failure,A,150,0.4883696138858795,2,m6b_physics_lib_v2,-1,0b_v2,2026-04-26,spike,Pres.SV
M6B_L6_01110,6,sensor_failure,A,150,0.4094284474849701,0,m6b_physics_lib_v2,-1,0b_v2,2026-04-26,drift,Pmp.TV
M6B_L6_01111,6,sensor_failure,A,150,0.7541383504867554,0,m6b_physics_lib_v2,-1,0b_v2,2026-04-26,dropout,Mot.PV
M6B_L6_01112,6,sensor_failure,A,150,0.7441474795341492,2,m6b_physics_lib_v2,-1,0b_v2,2026-04-26,flatline,Mot.SV
M6B_L6_01113,6,sensor_failure,A,150,0.31545761227607727,0,m6b_physics_lib_v2,-1,0b_v2,2026-04-26,spike,Pmp.SV
M6B_L6_01114,6,sensor_failure,A,150,0.8844075798988342,1,m6b_physics_lib_v2,-1,0b_v2,2026-04-26,drift,Mot.TV
M6B_L6_01115,6,sensor_failure,A,150,0.7507143020629883,2,m6b_physics_lib_v2,-1,0b_v2,2026-04-26,dropout,Pmp.PV
M6B_L6_01116,6,sensor_failure,A,150,0.606126070022583,2,m6b_physics_lib_v2,-1,0b_v2,2026-04-26,flatline,Temp.SV
M6B_L6_01117,6,sensor_failure,A,150,0.4309541583061218,2,m6b_physics_lib_v2,-1,0b_v2,2026-04-26,spike,Pres.SV
M6B_L6_01118,6,sensor_failure,A,150,0.5029557943344116,0,m6b_physics_lib_v2,-1,0b_v2,2026-04-26,drift,Pmp.TV
M6B_L6_01119,6,sensor_failure,A,150,0.7569189667701721,3,m6b_physics_lib_v2,-1,0b_v2,2026-04-26,dropout,Mot.PV
M6B_L6_01120,6,sensor_failure,A,150,0.8897942900657654,2,m6b_physics_lib_v2,-1,0b_v2,2026-04-26,flatline,Mot.SV
M6B_L6_01121,6,sensor_failure,A,150,0.7047885060310364,3,m6b_physics_lib_v2,-1,0b_v2,2026-04-26,spike,Pmp.SV
M6B_L6_01122,6,sensor_failure,A,150,0.7850764989852905,1,m6b_physics_lib_v2,-1,0b_v2,2026-04-26,drift,Mot.TV
M6B_L6_01123,6,sensor_failure,A,150,0.44807010889053345,1,m6b_physics_lib_v2,-1,0b_v2,2026-04-26,dropout,Pmp.PV
M6B_L6_01124,6,sensor_failure,A,150,0.48736152052879333,1,m6b_physics_lib_v2,-1,0b_v2,2026-04-26,flatline,Temp.SV
M6B_L6_01125,6,sensor_failure,A,150,0.45208752155303955,2,m6b_physics_lib_v2,-1,0b_v2,2026-04-26,spike,Pres.SV
M6B_L6_01126,6,sensor_failure,A,150,0.37114328145980835,1,m6b_physics_lib_v2,-1,0b_v2,2026-04-26,drift,Pmp.TV
M6B_L6_01127,6,sensor_failure,A,150,0.6256188154220581,1,m6b_physics_lib_v2,-1,0b_v2,2026-04-26,dropout,Mot.PV
M6B_L6_01128,6,sensor_failure,A,150,0.977641761302948,3,m6b_physics_lib_v2,-1,0b_v2,2026-04-26,flatline,Mot.SV
M6B_L6_01129,6,sensor_failure,A,150,0.3167712688446045,0,m6b_physics_lib_v2,-1,0b_v2,2026-04-26,spike,Pmp.SV
M6B_L6_01130,6,sensor_failure,A,150,0.49012377858161926,3,m6b_physics_lib_v2,-1,0b_v2,2026-04-26,drift,Mot.TV
M6B_L6_01131,6,sensor_failure,A,150,0.4853985905647278,1,m6b_physics_lib_v2,-1,0b_v2,2026-04-26,dropout,Pmp.PV
M6B_L6_01132,6,sensor_failure,A,150,0.7839994430541992,0,m6b_physics_lib_v2,-1,0b_v2,2026-04-26,flatline,Temp.SV
M6B_L6_01133,6,sensor_failure,A,150,0.8825244307518005,3,m6b_physics_lib_v2,-1,0b_v2,2026-04-26,spike,Pres.SV
M6B_L6_01134,6,sensor_failure,A,150,0.46709057688713074,0,m6b_physics_lib_v2,-1,0b_v2,2026-04-26,drift,Pmp.TV
M6B_L6_01135,6,sensor_failure,A,150,0.811301589012146,2,m6b_physics_lib_v2,-1,0b_v2,2026-04-26,dropout,Mot.PV
M6B_L6_01136,6,sensor_failure,A,150,0.36717507243156433,3,m6b_physics_lib_v2,-1,0b_v2,2026-04-26,flatline,Mot.SV
M6B_L6_01137,6,sensor_failure,A,150,0.5843598246574402,0,m6b_physics_lib_v2,-1,0b_v2,2026-04-26,spike,Pmp.SV
M6B_L6_01138,6,sensor_failure,A,150,0.8800271153450012,2,m6b_physics_lib_v2,-1,0b_v2,2026-04-26,drift,Mot.TV
M6B_L6_01139,6,sensor_failure,A,150,0.5444539785385132,3,m6b_physics_lib_v2,-1,0b_v2,2026-04-26,dropout,Pmp.PV
M6B_L6_01140,6,sensor_failure,A,150,0.8962878584861755,2,m6b_physics_lib_v2,-1,0b_v2,2026-04-26,flatline,Temp.SV
M6B_L6_01141,6,sensor_failure,A,150,0.908187210559845,3,m6b_physics_lib_v2,-1,0b_v2,2026-04-26,spike,Pres.SV
M6B_L6_01142,6,sensor_failure,A,150,0.5981906056404114,0,m6b_physics_lib_v2,-1,0b_v2,2026-04-26,drift,Pmp.TV
M6B_L6_01143,6,sensor_failure,A,150,0.9332234859466553,3,m6b_physics_lib_v2,-1,0b_v2,2026-04-26,dropout,Mot.PV
M6B_L6_01144,6,sensor_failure,A,150,0.4874551594257355,0,m6b_physics_lib_v2,-1,0b_v2,2026-04-26,flatline,Mot.SV
M6B_L6_01145,6,sensor_failure,A,150,0.42954662442207336,2,m6b_physics_lib_v2,-1,0b_v2,2026-04-26,spike,Pmp.SV
M6B_L6_01146,6,sensor_failure,A,150,0.395956814289093,0,m6b_physics_lib_v2,-1,0b_v2,2026-04-26,drift,Mot.TV
M6B_L6_01147,6,sensor_failure,A,150,0.3258904218673706,0,m6b_physics_lib_v2,-1,0b_v2,2026-04-26,dropout,Pmp.PV
M6B_L6_01148,6,sensor_failure,A,150,0.8042718768119812,3,m6b_physics_lib_v2,-1,0b_v2,2026-04-26,flatline,Temp.SV
M6B_L6_01149,6,sensor_failure,A,150,0.49019625782966614,2,m6b_physics_lib_v2,-1,0b_v2,2026-04-26,spike,Pres.SV
M6B_L6_01150,6,sensor_failure,A,150,0.830665111541748,1,m6b_physics_lib_v2,-1,0b_v2,2026-04-26,drift,Pmp.TV
M6B_L6_01151,6,sensor_failure,A,150,0.6429677605628967,0,m6b_physics_lib_v2,-1,0b_v2,2026-04-26,dropout,Mot.PV
M6B_L6_01152,6,sensor_failure,A,150,0.5929884910583496,3,m6b_physics_lib_v2,-1,0b_v2,2026-04-26,flatline,Mot.SV
M6B_L6_01153,6,sensor_failure,A,150,0.92598557472229,2,m6b_physics_lib_v2,-1,0b_v2,2026-04-26,spike,Pmp.SV
M6B_L6_01154,6,sensor_failure,A,150,0.8819236755371094,2,m6b_physics_lib_v2,-1,0b_v2,2026-04-26,drift,Mot.TV
M6B_L6_01155,6,sensor_failure,A,150,0.8941224217414856,2,m6b_physics_lib_v2,-1,0b_v2,2026-04-26,dropout,Pmp.PV
M6B_L6_01156,6,sensor_failure,A,150,0.48430579900741577,1,m6b_physics_lib_v2,-1,0b_v2,2026-04-26,flatline,Temp.SV
M6B_L6_01157,6,sensor_failure,A,150,0.3703434467315674,1,m6b_physics_lib_v2,-1,0b_v2,2026-04-26,spike,Pres.SV
M6B_L6_01158,6,sensor_failure,A,150,0.6604203581809998,1,m6b_physics_lib_v2,-1,0b_v2,2026-04-26,drift,Pmp.TV
M6B_L6_01159,6,sensor_failure,A,150,0.353963166475296,2,m6b_physics_lib_v2,-1,0b_v2,2026-04-26,dropout,Mot.PV
M6B_L6_01160,6,sensor_failure,A,150,0.3366592526435852,2,m6b_physics_lib_v2,-1,0b_v2,2026-04-26,flatline,Mot.SV
M6B_L6_01161,6,sensor_failure,A,150,0.9415806531906128,3,m6b_physics_lib_v2,-1,0b_v2,2026-04-26,spike,Pmp.SV
M6B_L6_01162,6,sensor_failure,A,150,0.9899358153343201,0,m6b_physics_lib_v2,-1,0b_v2,2026-04-26,drift,Mot.TV
M6B_L6_01163,6,sensor_failure,A,150,0.3422839939594269,1,m6b_physics_lib_v2,-1,0b_v2,2026-04-26,dropout,Pmp.PV
M6B_L6_01164,6,sensor_failure,A,150,0.33433374762535095,3,m6b_physics_lib_v2,-1,0b_v2,2026-04-26,flatline,Temp.SV
M6B_L6_01165,6,sensor_failure,A,150,0.7335007786750793,2,m6b_physics_lib_v2,-1,0b_v2,2026-04-26,spike,Pres.SV
M6B_L6_01166,6,sensor_failure,A,150,0.4379553198814392,0,m6b_physics_lib_v2,-1,0b_v2,2026-04-26,drift,Pmp.TV
M6B_L6_01167,6,sensor_failure,A,150,0.9060387015342712,0,m6b_physics_lib_v2,-1,0b_v2,2026-04-26,dropout,Mot.PV
M6B_L6_01168,6,sensor_failure,A,150,0.6754777431488037,3,m6b_physics_lib_v2,-1,0b_v2,2026-04-26,flatline,Mot.SV
M6B_L6_01169,6,sensor_failure,A,150,0.4637826383113861,3,m6b_physics_lib_v2,-1,0b_v2,2026-04-26,spike,Pmp.SV
M6B_L6_01170,6,sensor_failure,A,150,0.6039208173751831,1,m6b_physics_lib_v2,-1,0b_v2,2026-04-26,drift,Mot.TV
M6B_L6_01171,6,sensor_failure,A,150,0.8682661056518555,1,m6b_physics_lib_v2,-1,0b_v2,2026-04-26,dropout,Pmp.PV
M6B_L6_01172,6,sensor_failure,A,150,0.856389582157135,2,m6b_physics_lib_v2,-1,0b_v2,2026-04-26,flatline,Temp.SV
M6B_L6_01173,6,sensor_failure,A,150,0.6471863389015198,0,m6b_physics_lib_v2,-1,0b_v2,2026-04-26,spike,Pres.SV
M6B_L6_01174,6,sensor_failure,A,150,0.9120857119560242,2,m6b_physics_lib_v2,-1,0b_v2,2026-04-26,drift,Pmp.TV
M6B_L6_01175,6,sensor_failure,A,150,0.7917570471763611,0,m6b_physics_lib_v2,-1,0b_v2,2026-04-26,dropout,Mot.PV
M6B_L6_01176,6,sensor_failure,A,150,0.34801915287971497,2,m6b_physics_lib_v2,-1,0b_v2,2026-04-26,flatline,Mot.SV
M6B_L6_01177,6,sensor_failure,A,150,0.9042068719863892,0,m6b_physics_lib_v2,-1,0b_v2,2026-04-26,spike,Pmp.SV
M6B_L6_01178,6,sensor_failure,A,150,0.894547164440155,1,m6b_physics_lib_v2,-1,0b_v2,2026-04-26,drift,Mot.TV
M6B_L6_01179,6,sensor_failure,A,150,0.7280784845352173,2,m6b_physics_lib_v2,-1,0b_v2,2026-04-26,dropout,Pmp.PV
M6B_L6_01180,6,sensor_failure,A,150,0.7973467707633972,1,m6b_physics_lib_v2,-1,0b_v2,2026-04-26,flatline,Temp.SV
M6B_L6_01181,6,sensor_failure,A,150,0.7930404543876648,2,m6b_physics_lib_v2,-1,0b_v2,2026-04-26,spike,Pres.SV
M6B_L6_01182,6,sensor_failure,A,150,0.5024845600128174,3,m6b_physics_lib_v2,-1,0b_v2,2026-04-26,drift,Pmp.TV
M6B_L6_01183,6,sensor_failure,A,150,0.33228644728660583,0,m6b_physics_lib_v2,-1,0b_v2,2026-04-26,dropout,Mot.PV
M6B_L6_01184,6,sensor_failure,A,150,0.8851268291473389,0,m6b_physics_lib_v2,-1,0b_v2,2026-04-26,flatline,Mot.SV
M6B_L6_01185,6,sensor_failure,A,150,0.4941968619823456,3,m6b_physics_lib_v2,-1,0b_v2,2026-04-26,spike,Pmp.SV
M6B_L6_01186,6,sensor_failure,A,150,0.8881655931472778,1,m6b_physics_lib_v2,-1,0b_v2,2026-04-26,drift,Mot.TV
M6B_L6_01187,6,sensor_failure,A,150,0.5543421506881714,0,m6b_physics_lib_v2,-1,0b_v2,2026-04-26,dropout,Pmp.PV
M6B_L6_01188,6,sensor_failure,A,150,0.9763004779815674,3,m6b_physics_lib_v2,-1,0b_v2,2026-04-26,flatline,Temp.SV
M6B_L6_01189,6,sensor_failure,A,150,0.38965705037117004,3,m6b_physics_lib_v2,-1,0b_v2,2026-04-26,spike,Pres.SV
M6B_L6_01190,6,sensor_failure,A,150,0.7869905829429626,3,m6b_physics_lib_v2,-1,0b_v2,2026-04-26,drift,Pmp.TV
M6B_L6_01191,6,sensor_failure,A,150,0.3308612108230591,1,m6b_physics_lib_v2,-1,0b_v2,2026-04-26,dropout,Mot.PV
M6B_L6_01192,6,sensor_failure,A,150,0.3145919144153595,3,m6b_physics_lib_v2,-1,0b_v2,2026-04-26,flatline,Mot.SV
M6B_L6_01193,6,sensor_failure,A,150,0.3763779103755951,0,m6b_physics_lib_v2,-1,0b_v2,2026-04-26,spike,Pmp.SV
M6B_L6_01194,6,sensor_failure,A,150,0.3211447298526764,3,m6b_physics_lib_v2,-1,0b_v2,2026-04-26,drift,Mot.TV
M6B_L6_01195,6,sensor_failure,A,150,0.5926048755645752,3,m6b_physics_lib_v2,-1,0b_v2,2026-04-26,dropout,Pmp.PV
M6B_L6_01196,6,sensor_failure,A,150,0.3848104774951935,1,m6b_physics_lib_v2,-1,0b_v2,2026-04-26,flatline,Temp.SV
M6B_L6_01197,6,sensor_failure,A,150,0.3915187120437622,3,m6b_physics_lib_v2,-1,0b_v2,2026-04-26,spike,Pres.SV
M6B_L6_01198,6,sensor_failure,A,150,0.9098041653633118,3,m6b_physics_lib_v2,-1,0b_v2,2026-04-26,drift,Pmp.TV
M6B_L6_01199,6,sensor_failure,A,150,0.7504469156265259,1,m6b_physics_lib_v2,-1,0b_v2,2026-04-26,dropout,Mot.PV
