Timestamp,X_ACR_Mot.PV,X_ACR_Mot.SV,X_ACR_Mot.TV,X_ACR_Pmp.PV,X_ACR_Pmp.SV,X_ACR_Pmp.TV,X_Temp.SV,X_Pres.SV,Barometer,Temperature
2024-04-10 12:00:00,0.0011838007485494,0.4267530441284179,17.9765625,0.0004643487918656,0.6072945594787598,18.21875,18.06170654296875,0.4514935612678528,1018.05326461792,20.47815704345703
2024-04-10 12:00:05,0.0011838007485494,0.4267530441284179,17.9765625,0.0004643487918656,0.6072945594787598,18.21875,18.06170654296875,0.4514935612678528,1018.05326461792,20.47815704345703
2024-04-10 12:00:10,0.0011838007485494,0.4267530441284179,17.9765625,0.0004643487918656,0.6072945594787598,18.21875,18.06170654296875,0.4514935612678528,1018.05326461792,20.47815704345703
2024-04-10 12:00:15,0.0011838007485494,0.4267530441284179,17.9765625,0.0004643487918656,0.6072945594787598,18.21875,18.06170654296875,0.4514935612678528,1018.05326461792,20.47815704345703
2024-04-10 12:00:20,0.0011838007485494,0.4267530441284179,17.9765625,0.0004643487918656,0.6072945594787598,18.21875,18.06170654296875,0.4514935612678528,1018.05326461792,20.412822723388672
2024-04-10 12:00:25,0.0011838007485494,0.4267530441284179,17.9765625,0.0004643487918656,0.6072945594787598,18.21875,18.06170654296875,0.4514935612678528,1018.05326461792,20.412822723388672
2024-04-10 12:00:30,0.0011838007485494,0.4267530441284179,17.9765625,0.0004643487918656,0.6072945594787598,18.21875,18.06170654296875,0.4514935612678528,1018.05326461792,20.412822723388672
2024-04-10 12:00:35,0.0011838007485494,0.4267530441284179,17.9765625,0.0004643487918656,0.6072945594787598,18.21875,18.06170654296875,0.4514935612678528,1018.05326461792,20.412822723388672
2024-04-10 12:00:40,0.0011838007485494,0.4267530441284179,17.9765625,0.0004643487918656,0.6072945594787598,18.21875,18.06170654296875,0.4514935612678528,1018.0424213409424,20.412822723388672
2024-04-10 12:00:45,0.0011838007485494,0.4267530441284179,17.9765625,0.0004643487918656,0.6072945594787598,18.21875,18.06170654296875,0.4514935612678528,1018.0424213409424,20.412822723388672
2024-04-10 12:00:50,0.0011838007485494,0.4267530441284179,17.9765625,0.0004643487918656,0.6072945594787598,18.21875,18.06170654296875,0.4514935612678528,1018.0424213409424,20.412822723388672
2024-04-10 12:00:55,0.0011838007485494,0.4267530441284179,17.9765625,0.0004643487918656,0.6072945594787598,18.21875,18.06170654296875,0.4514935612678528,1018.0424213409424,20.412822723388672
2024-04-10 12:01:00,0.0011838007485494,0.4267530441284179,17.9765625,0.0004643487918656,0.6072945594787598,18.21875,18.029998779296875,0.4505229592323303,1018.0424213409424,20.412822723388672
2024-04-10 12:01:05,0.0011838007485494,0.4267530441284179,17.9765625,0.0004643487918656,0.6072945594787598,18.21875,18.029998779296875,0.4505229592323303,1018.0424213409424,20.412822723388672
2024-04-10 12:01:10,0.0011838007485494,0.4267530441284179,17.9765625,0.0004643487918656,0.6072945594787598,18.21875,18.029998779296875,0.4505229592323303,1018.0424213409424,20.412822723388672
2024-04-10 12:01:15,0.0011838007485494,0.4267530441284179,17.9765625,0.0004643487918656,0.6072945594787598,18.21875,18.029998779296875,0.4505229592323303,1018.0424213409424,20.412822723388672
2024-04-10 12:01:20,0.0011838007485494,0.4267530441284179,17.9765625,0.0004643487918656,0.6072945594787598,18.21875,18.029998779296875,0.4505229592323303,1018.0424213409424,20.372957229614254
2024-04-10 12:01:25,0.0011838007485494,0.4267530441284179,17.9765625,0.0004643487918656,0.6072945594787598,18.21875,18.029998779296875,0.4505229592323303,1018.0424213409424,20.372957229614254
2024-04-10 12:01:30,0.0011838007485494,0.4267530441284179,17.9765625,0.0004643487918656,0.6072945594787598,18.21875,18.029998779296875,0.4505229592323303,1018.0424213409424,20.372957229614254
2024-04-10 12:01:35,0.0011838007485494,0.4267530441284179,17.9765625,0.0004643487918656,0.6072945594787598,18.21875,18.029998779296875,0.4505229592323303,1018.0424213409424,20.372957229614254
2024-04-10 12:01:40,0.0011838007485494,0.4267530441284179,17.9765625,0.0004643487918656,0.6072945594787598,18.21875,18.029998779296875,0.4505229592323303,1018.0412197113036,20.372957229614254
2024-04-10 12:01:45,0.0011838007485494,0.4267530441284179,17.9765625,0.0004643487918656,0.6072945594787598,18.21875,18.029998779296875,0.4505229592323303,1018.0412197113036,20.372957229614254
2024-04-10 12:01:50,0.0011838007485494,0.4267530441284179,17.9765625,0.0004643487918656,0.6072945594787598,18.21875,18.029998779296875,0.4505229592323303,1018.0412197113036,20.372957229614254
2024-04-10 12:01:55,0.0011838007485494,0.4267530441284179,17.9765625,0.0004643487918656,0.6072945594787598,18.21875,18.029998779296875,0.4525161385536194,1018.0412197113036,20.372957229614254
2024-04-10 12:02:00,0.0011838007485494,0.4267530441284179,17.9765625,0.0004643487918656,0.6072945594787598,18.21875,18.10287475585937,0.4525161385536194,1018.0412197113036,20.372957229614254
2024-04-10 12:02:05,0.0011838007485494,0.4267530441284179,17.9765625,0.0004643487918656,0.6072945594787598,18.21875,18.10287475585937,0.4525161385536194,1018.0412197113036,20.372957229614254
2024-04-10 12:02:10,0.0011838007485494,0.4267530441284179,17.9765625,0.0004643487918656,0.6072945594787598,18.21875,18.10287475585937,0.4525161385536194,1018.0412197113036,20.372957229614254
2024-04-10 12:02:15,0.0011838007485494,0.4267530441284179,17.9765625,0.0004643487918656,0.6072945594787598,18.21875,18.10287475585937,0.4525161385536194,1018.0412197113036,20.372957229614254
2024-04-10 12:02:20,0.0011838007485494,0.4267530441284179,17.9765625,0.0004643487918656,0.6072945594787598,18.21875,18.10287475585937,0.4525161385536194,1018.0412197113036,20.385831832885746
2024-04-10 12:02:25,0.0011838007485494,0.4267530441284179,17.9765625,0.0004643487918656,0.6072945594787598,18.21875,18.10287475585937,0.4525161385536194,1018.0412197113036,20.385831832885746
2024-04-10 12:02:30,0.0011838007485494,0.4267530441284179,17.9765625,0.0004643487918656,0.6072945594787598,18.21875,18.10287475585937,0.4525161385536194,1018.0412197113036,20.385831832885746
2024-04-10 12:02:35,0.0011838007485494,0.4267530441284179,17.9765625,0.0004643487918656,0.6072945594787598,18.21875,18.10287475585937,0.4525161385536194,1018.0412197113036,20.385831832885746
2024-04-10 12:02:40,0.0011838007485494,0.4267530441284179,17.9765625,0.0004643487918656,0.6072945594787598,18.21875,18.10287475585937,0.4525161385536194,1018.0788135528564,20.385831832885746
2024-04-10 12:02:45,0.0011838007485494,0.4267530441284179,17.9765625,0.0004643487918656,0.6072945594787598,18.21875,18.10287475585937,0.4525161385536194,1018.0788135528564,20.385831832885746
2024-04-10 12:02:50,0.0011838007485494,0.4267530441284179,17.9765625,0.0004643487918656,0.6072945594787598,18.21875,18.10287475585937,0.4525161385536194,1018.0788135528564,20.385831832885746
2024-04-10 12:02:55,0.0011838007485494,0.4267530441284179,17.9765625,0.0004643487918656,0.6072945594787598,18.21875,18.10287475585937,0.4534688293933868,1018.0788135528564,20.385831832885746
2024-04-10 12:03:00,0.0011838007485494,0.4267530441284179,17.9765625,0.0004643487918656,0.6072945594787598,18.21875,18.21527099609375,0.4534688293933868,1018.0788135528564,20.385831832885746
2024-04-10 12:03:05,0.0011838007485494,0.4267530441284179,17.9765625,0.0004643487918656,0.6072945594787598,18.21875,18.21527099609375,0.4534688293933868,1018.0788135528564,20.385831832885746
2024-04-10 12:03:10,0.0011838007485494,0.4267530441284179,17.9765625,0.0004643487918656,0.6072945594787598,18.21875,18.21527099609375,0.4534688293933868,1018.0788135528564,20.385831832885746
2024-04-10 12:03:15,0.0011838007485494,0.4267530441284179,17.9765625,0.0004643487918656,0.6072945594787598,18.21875,18.21527099609375,0.4534688293933868,1018.0788135528564,20.385831832885746
2024-04-10 12:03:20,0.0011838007485494,0.4267530441284179,17.9765625,0.0004643487918656,0.6072945594787598,18.21875,18.21527099609375,0.4534688293933868,1018.0788135528564,20.39333915710449
2024-04-10 12:03:25,0.0011838007485494,0.4267530441284179,17.9765625,0.0004643487918656,0.6072945594787598,18.21875,18.21527099609375,0.4534688293933868,1018.0788135528564,20.39333915710449
2024-04-10 12:03:30,0.0011838007485494,0.4267530441284179,17.9765625,0.0004643487918656,0.6072945594787598,18.21875,18.21527099609375,0.4534688293933868,1018.0788135528564,20.39333915710449
2024-04-10 12:03:35,0.0011838007485494,0.4267530441284179,17.9765625,0.0004643487918656,0.6072945594787598,18.21875,18.21527099609375,0.4534688293933868,1018.0788135528564,20.39333915710449
2024-04-10 12:03:40,0.0011838007485494,0.4267530441284179,17.9765625,0.0004643487918656,0.6072945594787598,18.21875,18.21527099609375,0.4534688293933868,1018.0287742614746,20.39333915710449
2024-04-10 12:03:45,0.0011838007485494,0.4267530441284179,17.9765625,0.0004643487918656,0.6072945594787598,18.21875,18.21527099609375,0.4534688293933868,1018.0287742614746,20.39333915710449
2024-04-10 12:03:50,0.0011838007485494,0.4267530441284179,17.9765625,0.0004643487918656,0.6072945594787598,18.21875,18.21527099609375,0.4534688293933868,1018.0287742614746,20.39333915710449
2024-04-10 12:03:55,0.0011838007485494,0.4267530441284179,17.9765625,0.0004643487918656,0.6072945594787598,18.21875,18.21527099609375,0.4534235596656799,1018.0287742614746,20.39333915710449
2024-04-10 12:04:00,0.0011838007485494,0.4267530441284179,17.9765625,0.0004643487918656,0.6072945594787598,18.21875,18.254119873046875,0.4534235596656799,1018.0287742614746,20.39333915710449
2024-04-10 12:04:05,0.0011838007485494,0.4267530441284179,17.9765625,0.0004643487918656,0.6072945594787598,18.21875,18.254119873046875,0.4534235596656799,1018.0287742614746,20.39333915710449
2024-04-10 12:04:10,0.0011838007485494,0.4267530441284179,17.9765625,0.0004643487918656,0.6072945594787598,18.21875,18.254119873046875,0.4534235596656799,1018.0287742614746,20.39333915710449
2024-04-10 12:04:15,0.0011838007485494,0.4267530441284179,17.9765625,0.0004643487918656,0.6072945594787598,18.21875,18.254119873046875,0.4534235596656799,1018.0287742614746,20.39333915710449
2024-04-10 12:04:20,0.0011838007485494,0.4267530441284179,17.9765625,0.0004643487918656,0.6072945594787598,18.21875,18.254119873046875,0.4534235596656799,1018.0287742614746,20.39333915710449
2024-04-10 12:04:25,0.0011838007485494,0.4267530441284179,17.9765625,0.0004643487918656,0.6072945594787598,18.21875,18.254119873046875,0.4534235596656799,1018.0287742614746,20.39086151123047
2024-04-10 12:04:30,0.0011838007485494,0.4267530441284179,17.9765625,0.0004643487918656,0.6072945594787598,18.21875,18.254119873046875,0.4534235596656799,1018.0287742614746,20.39086151123047
2024-04-10 12:04:35,0.0011838007485494,0.4267530441284179,17.9765625,0.0004643487918656,0.6072945594787598,18.21875,18.254119873046875,0.4534235596656799,1018.0287742614746,20.39086151123047
2024-04-10 12:04:40,0.0011838007485494,0.4267530441284179,17.9765625,0.0004643487918656,0.6072945594787598,18.21875,18.254119873046875,0.4534235596656799,1018.0287742614746,20.39086151123047
2024-04-10 12:04:45,0.0011838007485494,0.4267530441284179,17.9765625,0.0004643487918656,0.6072945594787598,18.21875,18.254119873046875,0.4534235596656799,1018.0330657958984,20.39086151123047
2024-04-10 12:04:50,0.0011838007485494,0.4267530441284179,17.9765625,0.0004643487918656,0.6072945594787598,18.21875,18.254119873046875,0.4534235596656799,1018.0330657958984,20.39086151123047
2024-04-10 12:04:55,0.0011838007485494,0.4267530441284179,17.9765625,0.0004643487918656,0.6072945594787598,18.21875,18.18756103515625,0.4534235596656799,1018.0330657958984,20.39086151123047
2024-04-10 12:05:00,0.0011838007485494,0.4267530441284179,17.9765625,0.0004643487918656,0.6072945594787598,18.21875,18.18756103515625,0.4513935446739197,1018.0330657958984,20.39086151123047
2024-04-10 12:05:05,0.0011838007485494,0.4267530441284179,17.9765625,0.0004643487918656,0.6072945594787598,18.21875,18.18756103515625,0.4513935446739197,1018.0330657958984,20.39086151123047
2024-04-10 12:05:10,0.0011838007485494,0.4267530441284179,17.9765625,0.0004643487918656,0.6072945594787598,18.21875,18.18756103515625,0.4513935446739197,1018.0330657958984,20.39086151123047
2024-04-10 12:05:15,0.0011838007485494,0.4267530441284179,17.9765625,0.0004643487918656,0.6072945594787598,18.21875,18.18756103515625,0.4513935446739197,1018.0330657958984,20.39086151123047
2024-04-10 12:05:20,0.0011838007485494,0.4267530441284179,17.9765625,0.0004643487918656,0.6072945594787598,18.21875,18.18756103515625,0.4513935446739197,1018.0330657958984,20.39086151123047
2024-04-10 12:05:25,0.0011838007485494,0.4267530441284179,17.9765625,0.0004643487918656,0.6072945594787598,18.21875,18.18756103515625,0.4513935446739197,1018.0330657958984,20.309162139892575
2024-04-10 12:05:30,0.0011838007485494,0.4267530441284179,17.9765625,0.0004643487918656,0.6072945594787598,18.21875,18.18756103515625,0.4513935446739197,1018.0330657958984,20.309162139892575
2024-04-10 12:05:35,0.0011838007485494,0.4267530441284179,17.9765625,0.0004643487918656,0.6072945594787598,18.21875,18.18756103515625,0.4513935446739197,1018.0330657958984,20.309162139892575
2024-04-10 12:05:40,0.0011838007485494,0.4267530441284179,17.9765625,0.0004643487918656,0.6072945594787598,18.21875,18.18756103515625,0.4513935446739197,1018.0165863037108,20.309162139892575
2024-04-10 12:05:45,0.0011838007485494,0.4267530441284179,17.9765625,0.0004643487918656,0.6072945594787598,18.21875,18.18756103515625,0.4513935446739197,1018.0165863037108,20.309162139892575
2024-04-10 12:05:50,0.0011838007485494,0.4267530441284179,17.9765625,0.0004643487918656,0.6072945594787598,18.21875,18.18756103515625,0.4513935446739197,1018.0165863037108,20.309162139892575
2024-04-10 12:05:55,0.0011838007485494,0.4267530441284179,17.9765625,0.0004643487918656,0.6072945594787598,18.21875,18.18756103515625,0.4513841271400451,1018.0165863037108,20.309162139892575
2024-04-10 12:06:00,0.0011838007485494,0.4267530441284179,17.9765625,0.0004643487918656,0.6072945594787598,18.21875,18.112518310546875,0.4513841271400451,1018.0165863037108,20.309162139892575
2024-04-10 12:06:05,0.0011838007485494,0.4267530441284179,17.9765625,0.0004643487918656,0.6072945594787598,18.21875,18.112518310546875,0.4513841271400451,1018.0165863037108,20.309162139892575
2024-04-10 12:06:10,0.0011838007485494,0.4267530441284179,17.9765625,0.0004643487918656,0.6072945594787598,18.21875,18.112518310546875,0.4513841271400451,1018.0165863037108,20.309162139892575
2024-04-10 12:06:15,0.0011838007485494,0.4267530441284179,17.9765625,0.0004643487918656,0.6072945594787598,18.21875,18.112518310546875,0.4513841271400451,1018.0165863037108,20.309162139892575
2024-04-10 12:06:20,0.0011838007485494,0.4267530441284179,17.9765625,0.0004643487918656,0.6072945594787598,18.21875,18.112518310546875,0.4513841271400451,1018.0165863037108,20.309162139892575
2024-04-10 12:06:25,0.0011838007485494,0.4267530441284179,17.9765625,0.0004643487918656,0.6072945594787598,18.21875,18.112518310546875,0.4513841271400451,1018.0165863037108,20.24291229248047
2024-04-10 12:06:30,0.0011838007485494,0.4267530441284179,17.9765625,0.0004643487918656,0.6072945594787598,18.21875,18.112518310546875,0.4513841271400451,1018.0165863037108,20.24291229248047
2024-04-10 12:06:35,0.0011838007485494,0.4267530441284179,17.9765625,0.0004643487918656,0.6072945594787598,18.21875,18.112518310546875,0.4513841271400451,1018.0165863037108,20.24291229248047
2024-04-10 12:06:40,0.0011838007485494,0.4267530441284179,17.9765625,0.0004643487918656,0.6072945594787598,18.21875,18.112518310546875,0.4513841271400451,1018.075008392334,20.24291229248047
2024-04-10 12:06:45,0.0011838007485494,0.4267530441284179,17.9765625,0.0004643487918656,0.6072945594787598,18.21875,18.112518310546875,0.4513841271400451,1018.075008392334,20.24291229248047
2024-04-10 12:06:50,0.0011838007485494,0.4267530441284179,17.9765625,0.0004643487918656,0.6072945594787598,18.21875,18.112518310546875,0.4513841271400451,1018.075008392334,20.24291229248047
2024-04-10 12:06:55,,,,0.0004643487918656,0.6072945594787598,18.21875,18.112518310546875,0.4513841271400451,1018.075008392334,20.24291229248047
2024-04-10 12:07:00,0.0011838007485494,0.4267530441284179,17.9765625,0.0004643487918656,0.6072945594787598,18.21875,18.09896850585937,0.4513831436634063,1018.075008392334,20.24291229248047
2024-04-10 12:07:05,0.0011838007485494,0.4267530441284179,17.9765625,0.0004643487918656,0.6072945594787598,18.21875,18.09896850585937,0.4513831436634063,1018.075008392334,20.24291229248047
2024-04-10 12:07:10,0.0011838007485494,0.4267530441284179,17.9765625,0.0004643487918656,0.6072945594787598,18.21875,18.09896850585937,0.4513831436634063,1018.075008392334,20.24291229248047
2024-04-10 12:07:15,0.0011838007485494,0.4267530441284179,17.9765625,0.0004643487918656,0.6072945594787598,18.21875,18.09896850585937,0.4513831436634063,1018.075008392334,20.24291229248047
2024-04-10 12:07:20,0.0011838007485494,0.4267530441284179,17.9765625,0.0004643487918656,0.6072945594787598,18.21875,18.09896850585937,0.4513831436634063,1018.075008392334,20.185039520263672
2024-04-10 12:07:25,0.0011838007485494,0.4267530441284179,17.9765625,0.0004643487918656,0.6072945594787598,18.21875,18.09896850585937,0.4513831436634063,1018.075008392334,20.185039520263672
2024-04-10 12:07:30,0.0011838007485494,0.4267530441284179,17.9765625,0.0004643487918656,0.6072945594787598,18.21875,18.09896850585937,0.4513831436634063,1018.075008392334,20.185039520263672
2024-04-10 12:07:35,0.0011838007485494,0.4267530441284179,17.9765625,0.0004643487918656,0.6072945594787598,18.21875,18.09896850585937,0.4513831436634063,1018.075008392334,20.185039520263672
2024-04-10 12:07:40,0.0011838007485494,0.4267530441284179,17.9765625,0.0004643487918656,0.6072945594787598,18.21875,18.09896850585937,0.4513831436634063,1018.0327224731444,20.185039520263672
2024-04-10 12:07:45,0.0011838007485494,0.4267530441284179,17.9765625,0.0004643487918656,0.6072945594787598,18.21875,18.09896850585937,0.4513831436634063,1018.0327224731444,20.185039520263672
2024-04-10 12:07:50,0.0011838007485494,0.4267530441284179,17.9765625,0.0004643487918656,0.6072945594787598,18.21875,18.09896850585937,0.4513831436634063,1018.0327224731444,20.185039520263672
2024-04-10 12:07:55,0.0011838007485494,0.4267530441284179,17.9765625,0.0004643487918656,0.6072945594787598,18.21875,18.09896850585937,0.4513831436634063,1018.0327224731444,20.185039520263672
2024-04-10 12:08:00,0.0011838007485494,0.4267530441284179,17.9765625,0.0004643487918656,0.6072945594787598,18.21875,18.12060546875,0.4543818533420563,1018.0327224731444,20.185039520263672
2024-04-10 12:08:05,0.0011838007485494,0.4267530441284179,17.9765625,0.0004643487918656,0.6072945594787598,18.21875,18.12060546875,0.4543818533420563,1018.0327224731444,20.185039520263672
2024-04-10 12:08:10,0.0011838007485494,0.4267530441284179,17.9765625,0.0004643487918656,0.6072945594787598,18.21875,18.12060546875,0.4543818533420563,1018.0327224731444,20.185039520263672
2024-04-10 12:08:15,0.0011838007485494,0.4267530441284179,17.9765625,0.0004643487918656,0.6072945594787598,18.21875,18.12060546875,0.4543818533420563,1018.0327224731444,20.185039520263672
2024-04-10 12:08:20,0.0011838007485494,0.4267530441284179,17.9765625,0.0004643487918656,0.6072945594787598,18.21875,18.12060546875,0.4543818533420563,1018.0327224731444,20.096908569335938
2024-04-10 12:08:25,0.0011838007485494,0.4267530441284179,17.9765625,0.0004643487918656,0.6072945594787598,18.21875,18.12060546875,0.4543818533420563,1018.0327224731444,20.096908569335938
2024-04-10 12:08:30,0.0011838007485494,0.4267530441284179,17.9765625,0.0004643487918656,0.6072945594787598,18.21875,18.12060546875,0.4543818533420563,1018.0327224731444,20.096908569335938
2024-04-10 12:08:35,0.0011838007485494,0.4267530441284179,17.9765625,0.0004643487918656,0.6072945594787598,18.21875,18.12060546875,0.4543818533420563,1018.0327224731444,20.096908569335938
2024-04-10 12:08:40,0.0011838007485494,0.4267530441284179,17.9765625,0.0004643487918656,0.6072945594787598,18.21875,18.12060546875,0.4543818533420563,1018.065996170044,20.096908569335938
2024-04-10 12:08:45,0.0011838007485494,0.4267530441284179,17.9765625,0.0004643487918656,0.6072945594787598,18.21875,18.12060546875,0.4543818533420563,1018.065996170044,20.096908569335938
2024-04-10 12:08:50,0.0011838007485494,0.4267530441284179,17.9765625,0.0004643487918656,0.6072945594787598,18.21875,18.12060546875,0.4543818533420563,1018.065996170044,20.096908569335938
2024-04-10 12:08:55,0.0011838007485494,0.4267530441284179,17.9765625,0.0004643487918656,0.6072945594787598,18.21875,18.12060546875,,1018.065996170044,20.096908569335938
2024-04-10 12:09:00,0.0011838007485494,0.4267530441284179,17.9765625,0.0004643487918656,0.6072945594787598,18.21875,18.15924072265625,0.4534490704536438,1018.065996170044,20.096908569335938
2024-04-10 12:09:05,0.0011838007485494,0.4267530441284179,17.9765625,0.0004643487918656,0.6072945594787598,18.21875,18.15924072265625,0.4534490704536438,1018.065996170044,20.096908569335938
2024-04-10 12:09:10,0.0011838007485494,0.4267530441284179,17.9765625,0.0004643487918656,0.6072945594787598,18.21875,18.15924072265625,0.4534490704536438,1018.065996170044,20.096908569335938
2024-04-10 12:09:15,0.0011838007485494,0.4267530441284179,17.9765625,0.0004643487918656,0.6072945594787598,18.21875,,0.4534490704536438,1018.065996170044,20.096908569335938
2024-04-10 12:09:20,0.0011838007485494,0.4267530441284179,17.9765625,0.0004643487918656,0.6072945594787598,18.21875,,0.4534490704536438,1018.065996170044,20.0406551361084
2024-04-10 12:09:25,0.0011838007485494,0.4267530441284179,17.9765625,0.0004643487918656,0.6072945594787598,18.21875,,0.4534490704536438,1018.065996170044,20.0406551361084
2024-04-10 12:09:30,0.0011838007485494,0.4267530441284179,17.9765625,0.0004643487918656,0.6072945594787598,18.21875,,0.4534490704536438,1018.065996170044,20.0406551361084
2024-04-10 12:09:35,,,,0.0004643487918656,0.6072945594787598,18.21875,,0.4534490704536438,1018.065996170044,20.0406551361084
2024-04-10 12:09:40,,,,0.0004643487918656,0.6072945594787598,18.21875,,0.4534490704536438,1018.0453968048096,20.0406551361084
2024-04-10 12:09:45,,,,0.0004643487918656,0.6072945594787598,18.21875,,0.4534490704536438,1018.0453968048096,20.0406551361084
2024-04-10 12:09:50,,,,0.0004643487918656,0.6072945594787598,18.21875,,0.4534490704536438,1018.0453968048096,20.0406551361084
2024-04-10 12:09:55,,,,0.0004643487918656,0.6072945594787598,18.21875,,0.4534603953361511,1018.0453968048096,20.0406551361084
2024-04-10 12:10:00,,,,0.0004643487918656,0.6072945594787598,18.21875,,0.4534603953361511,1018.0453968048096,20.0406551361084
2024-04-10 12:10:05,,,,0.0004643487918656,0.6072945594787598,18.21875,,0.4534603953361511,1018.0453968048096,20.0406551361084
2024-04-10 12:10:10,,,,0.0004643487918656,0.6072945594787598,18.21875,,0.4534603953361511,1018.0453968048096,20.0406551361084
2024-04-10 12:10:15,0.0011969424085691,0.4267530441284179,18.1953125,0.0004643487918656,0.6072945594787598,18.21875,,0.4534603953361511,1018.0453968048096,20.0406551361084
2024-04-10 12:10:20,0.0011969424085691,0.4267530441284179,18.1953125,0.0004643487918656,0.6072945594787598,18.21875,,0.4534603953361511,1018.0453968048096,19.952489852905277
2024-04-10 12:10:25,0.0012976927682757,1.0862804651260376,18.1953125,0.0004643487918656,0.6072945594787598,18.21875,18.02935791015625,0.4534603953361511,1018.0453968048096,19.952489852905277
2024-04-10 12:10:30,0.0015220707282423,0.4655487835407257,18.1796875,0.0004643487918656,0.6072945594787598,18.21875,18.02935791015625,0.4534603953361511,1018.0453968048096,19.952489852905277
2024-04-10 12:10:35,0.0015220707282423,0.4655487835407257,18.1796875,0.0004643487918656,0.6072945594787598,18.21875,18.04229736328125,0.4534603953361511,1018.0453968048096,19.952489852905277
2024-04-10 12:10:40,0.0007536786724813,0.4267530441284179,18.1796875,0.0004643487918656,0.6072945594787598,18.21875,17.974334716796875,0.4534603953361511,1018.133487701416,19.952489852905277
2024-04-10 12:10:45,0.0015325061976909,0.3879573345184326,18.2109375,0.0004643487918656,0.6072945594787598,18.21875,17.974334716796875,0.4534603953361511,1018.133487701416,19.952489852905277
2024-04-10 12:10:50,0.0015325061976909,0.3879573345184326,18.2109375,0.0004424815997481,0.4858356714248657,18.3828125,17.9892578125,0.4534603953361511,1018.133487701416,19.952489852905277
2024-04-10 12:10:55,0.0012384103611111,0.4267530441284179,18.1796875,0.0004161774995736,0.5263220071792603,18.3671875,17.9892578125,0.4525255560874939,1018.133487701416,19.952489852905277
2024-04-10 12:11:00,0.0012384103611111,0.4267530441284179,18.1796875,0.0004161774995736,0.5263220071792603,18.3671875,18.004486083984375,0.4525255560874939,1018.133487701416,19.952489852905277
2024-04-10 12:11:05,0.0014562581200152,0.4267530441284179,18.2109375,0.0003412069927435,0.5263220071792603,18.3359375,18.052886962890625,0.4525255560874939,1018.133487701416,19.952489852905277
2024-04-10 12:11:10,0.0014562581200152,0.4267530441284179,18.2109375,0.0004502600932028,0.4858356714248657,18.375,18.0179443359375,0.4525255560874939,1018.133487701416,19.952489852905277
2024-04-10 12:11:15,0.0017325060907751,0.4267530441284179,18.1875,0.0004502600932028,0.4858356714248657,18.375,18.0179443359375,0.4525255560874939,1018.133487701416,19.952489852905277
2024-04-10 12:11:20,0.0016918077599257,0.4655487835407257,18.2265625,0.0004630761686712,0.4858356714248657,18.34375,18.024688720703125,0.4525255560874939,1018.133487701416,19.869949340820312
2024-04-10 12:11:25,0.0014051351463422,0.4267530441284179,18.1875,0.0004618922539521,0.5263220071792603,18.3515625,18.024688720703125,0.4525255560874939,1018.133487701416,19.869949340820312
2024-04-10 12:11:30,0.0014051351463422,0.4267530441284179,18.1875,0.0004618922539521,0.5263220071792603,18.3515625,18.046783447265625,0.4525255560874939,1018.133487701416,19.869949340820312
2024-04-10 12:11:35,0.0015181862981989,0.4267530441284179,18.171875,0.0003913573164027,0.4858356714248657,18.359375,17.9600830078125,0.4525255560874939,1018.133487701416,19.869949340820312
2024-04-10 12:11:40,0.0015181862981989,0.4267530441284179,18.171875,0.0003913573164027,0.4858356714248657,18.359375,17.9600830078125,0.4525255560874939,1018.094720840454,19.869949340820312
2024-04-10 12:11:45,0.0015521375462412,0.4267530441284179,18.1875,0.0003507660003378,0.4858356714248657,18.34375,17.995330810546875,0.4525255560874939,1018.094720840454,19.869949340820312
2024-04-10 12:11:50,0.0014156863326206,0.4267530441284179,18.15625,0.0004343036271166,0.5263220071792603,18.34375,17.995330810546875,0.4525255560874939,1018.094720840454,19.869949340820312
2024-04-10 12:11:55,0.0014156863326206,0.4267530441284179,18.15625,0.0004343036271166,0.5263220071792603,18.34375,17.94378662109375,0.4535942375659942,1018.094720840454,19.869949340820312
2024-04-10 12:12:00,0.001770423608832,0.4267530441284179,18.1640625,0.0006495781126432,0.6072945594787598,18.3515625,17.972808837890625,0.4535942375659942,1018.094720840454,19.869949340820312
2024-04-10 12:12:05,0.001770423608832,0.4267530441284179,18.1640625,0.000323489686707,0.5263220071792603,18.359375,17.972808837890625,0.4535942375659942,1018.094720840454,19.869949340820312
2024-04-10 12:12:10,0.0008502271375618,0.4655487835407257,18.171875,0.000323489686707,0.5263220071792603,18.359375,17.92901611328125,0.4535942375659942,1018.094720840454,19.869949340820312
2024-04-10 12:12:15,0.0010142090031877,0.4267530441284179,18.171875,0.000499740417581,0.5263220071792603,18.375,17.936492919921875,0.4535942375659942,1018.094720840454,19.869949340820312
2024-04-10 12:12:20,0.0010142090031877,0.4267530441284179,18.171875,,,,17.936492919921875,0.4535942375659942,1018.094720840454,19.869949340820312
2024-04-10 12:12:25,0.0013537722406908,0.4267530441284179,18.171875,0.0004599173262249,0.5263220071792603,18.375,17.936492919921875,0.4535942375659942,1018.094720840454,19.864295959472656
2024-04-10 12:12:30,0.0013974992325529,0.4267530441284179,18.1484375,0.0003957625303883,0.4858356714248657,18.3359375,17.999481201171875,0.4535942375659942,1018.094720840454,19.864295959472656
2024-04-10 12:12:35,0.0013974992325529,0.4267530441284179,18.1484375,0.0003957625303883,0.4858356714248657,18.3359375,17.9810791015625,0.4535942375659942,1018.094720840454,19.864295959472656
2024-04-10 12:12:40,0.0019050950650125,0.4267530441284179,18.1796875,0.0002415301132714,0.4858356714248657,18.375,17.96697998046875,0.4535942375659942,1018.058671951294,19.864295959472656
2024-04-10 12:12:45,0.0010856161825358,0.4655487835407257,18.1640625,0.0002415301132714,0.4858356714248657,18.375,17.96697998046875,0.4535942375659942,1018.058671951294,19.864295959472656
2024-04-10 12:12:50,0.0010856161825358,0.4655487835407257,18.1640625,0.0005472781485877,0.4858356714248657,18.3359375,17.981903076171875,0.4535942375659942,1018.058671951294,19.864295959472656
2024-04-10 12:12:55,0.0026945411227643,0.4267530441284179,18.1875,0.0005617773276753,0.5263220071792603,18.375,17.981903076171875,0.4507117569446563,1018.058671951294,19.864295959472656
2024-04-10 12:13:00,0.001239825040102,0.5043445229530334,18.1640625,0.0005617773276753,0.5263220071792603,18.375,18.02734375,0.4507117569446563,1018.058671951294,19.864295959472656
2024-04-10 12:13:05,0.001239825040102,0.5043445229530334,18.1640625,0.0004055928438901,0.5263220071792603,18.359375,17.99725341796875,0.4507117569446563,1018.058671951294,19.864295959472656
2024-04-10 12:13:10,0.002031508134678,0.4655487835407257,18.1796875,0.0005656523862853,0.5263220071792603,18.34375,17.99725341796875,0.4507117569446563,1018.058671951294,19.864295959472656
2024-04-10 12:13:15,0.002031508134678,0.4655487835407257,18.1796875,0.0005656523862853,0.5263220071792603,18.34375,18.01824951171875,0.4507117569446563,1018.058671951294,19.864295959472656
2024-04-10 12:13:20,0.0009305542334914,0.4655487835407257,18.1640625,0.0009731164318509,0.56680828332901,18.34375,17.98492431640625,0.4507117569446563,,19.862625122070312
2024-04-10 12:13:25,0.0019179892260581,0.4267530441284179,18.1875,0.0005109133780933,0.5263220071792603,18.3515625,17.98492431640625,0.4507117569446563,,19.862625122070312
2024-04-10 12:13:30,0.0019179892260581,0.4267530441284179,18.1875,0.0005109133780933,0.5263220071792603,18.3515625,17.979888916015625,0.4507117569446563,,19.862625122070312
2024-04-10 12:13:35,0.0019145787227898,0.4267530441284179,18.15625,0.0004880199849139,0.4858356714248657,18.359375,17.979888916015625,0.4507117569446563,,
2024-04-10 12:13:40,0.0019145787227898,0.4267530441284179,18.15625,0.0004880199849139,0.4858356714248657,18.359375,18.06430053710937,0.4507117569446563,,
2024-04-10 12:13:45,0.0016970594879239,0.4655487835407257,18.1875,0.0002209565136581,0.5263220071792603,18.3515625,17.98773193359375,0.4507117569446563,,
2024-04-10 12:13:50,0.0009601707570254,0.4267530441284179,18.1640625,0.0011122714495286,0.56680828332901,18.3515625,17.96917724609375,0.4507117569446563,,
2024-04-10 12:13:55,0.0009601707570254,0.4267530441284179,18.1640625,0.0011122714495286,0.56680828332901,18.3515625,17.96917724609375,0.4527199268341064,,
2024-04-10 12:14:00,0.0014160965802147,0.4267530441284179,18.171875,0.0004770479281432,0.5263220071792603,18.359375,18.04327392578125,0.4527199268341064,,
2024-04-10 12:14:05,0.0009878289420157,0.4267530441284179,18.1640625,0.0011980198323726,0.56680828332901,18.3515625,18.04327392578125,0.4527199268341064,,
2024-04-10 12:14:10,0.0009878289420157,0.4267530441284179,18.1640625,0.0011980198323726,0.56680828332901,18.3515625,17.9873046875,0.4527199268341064,,
2024-04-10 12:14:15,0.0012408334296196,0.4267530441284179,18.1953125,0.0003167920804116,0.5263220071792603,18.3359375,18.0166015625,0.4527199268341064,,
2024-04-10 12:14:20,0.0012408334296196,0.4267530441284179,18.1953125,0.0003167920804116,0.5263220071792603,18.3359375,18.0166015625,0.4527199268341064,,
2024-04-10 12:14:25,0.0012487466447055,0.4267530441284179,18.1875,0.0004575315688271,0.4858356714248657,18.3515625,17.96807861328125,0.4527199268341064,,
2024-04-10 12:14:30,0.0014439460355788,0.4267530441284179,18.1875,0.0003525899373926,0.5263220071792603,18.3671875,17.96807861328125,0.4527199268341064,,
2024-04-10 12:14:35,0.0014439460355788,0.4267530441284179,18.1875,0.0003525899373926,0.5263220071792603,18.3671875,18.041046142578125,0.4527199268341064,1018.06734085083,
2024-04-10 12:14:40,0.0018636463209986,0.4267530441284179,18.1796875,0.0005187405622564,0.5263220071792603,18.3359375,18.041046142578125,0.4527199268341064,1018.10453414917,
2024-04-10 12:14:45,0.0012483512982726,0.5043445229530334,18.1640625,0.0003612033906392,0.56680828332901,18.3515625,17.962127685546875,0.4527199268341064,1018.0593585968018,19.88405418395996
2024-04-10 12:14:50,0.0012483512982726,0.5043445229530334,18.1640625,0.0003612033906392,0.56680828332901,18.3515625,17.98468017578125,0.4517898857593536,1018.0593585968018,19.885330200195312
2024-04-10 12:14:55,0.0019522329093888,0.5043445229530334,18.1796875,0.0003561527701094,0.5263220071792603,18.3515625,18.024139404296875,0.4517898857593536,1018.0690574645996,19.885330200195312
2024-04-10 12:15:00,0.0019522329093888,0.5043445229530334,18.1796875,0.0003561527701094,0.5263220071792603,18.3515625,18.024139404296875,0.4517898857593536,1018.0690574645996,19.882783889770508
2024-04-10 12:15:05,0.0011215436970815,0.4267530441284179,18.1640625,0.0004638210812117,0.5263220071792603,18.3359375,17.968597412109375,0.4517898857593536,1018.0902576446532,19.885570526123047
2024-04-10 12:15:10,0.0014820175711065,0.4267530441284179,18.15625,0.0003757387748919,0.6072945594787598,18.34375,17.968597412109375,0.4517898857593536,1018.0731201171876,19.885570526123047
2024-04-10 12:15:15,0.0014820175711065,0.4267530441284179,18.15625,0.0003757387748919,0.6072945594787598,18.34375,17.965606689453125,0.4517898857593536,1018.0731201171876,19.88189697265625
2024-04-10 12:15:20,0.001138390507549,0.4267530441284179,18.171875,0.0006216993788257,0.4858356714248657,18.359375,17.98065185546875,0.4517898857593536,1018.0685138702391,19.88189697265625
2024-04-10 12:15:25,0.0008544416050426,0.4267530441284179,18.1953125,0.0005779952625744,0.5263220071792603,18.34375,17.98065185546875,,1018.0685138702391,19.90218162536621
2024-04-10 12:15:30,0.0008544416050426,0.4267530441284179,18.1953125,0.0005779952625744,0.5263220071792603,18.34375,17.97137451171875,0.4508315026760101,1018.071517944336,19.90499687194824
2024-04-10 12:15:35,0.0012672035954892,0.4267530441284179,18.1640625,0.0004825354553759,0.5263220071792603,18.3515625,18.02325439453125,0.4508315026760101,1018.0754089355468,19.90499687194824
2024-04-10 12:15:40,0.0012672035954892,0.4267530441284179,18.1640625,0.0004825354553759,0.5263220071792603,18.3515625,18.02325439453125,0.4508315026760101,1018.0754089355468,19.914918899536133
2024-04-10 12:15:45,0.0011013428447768,0.4655487835407257,18.203125,0.0009004866587929,0.5263220071792603,18.359375,17.978240966796875,0.4508315026760101,1018.054265975952,19.914918899536133
2024-04-10 12:15:50,0.0008561499416828,0.4267530441284179,18.15625,0.0005805224063806,0.5263220071792603,18.34375,17.99029541015625,0.4508315026760101,1018.054265975952,19.924240112304688
2024-04-10 12:15:55,0.0008561499416828,0.4267530441284179,18.15625,0.0005805224063806,0.5263220071792603,18.34375,17.99029541015625,0.4508315026760101,1018.0635356903076,19.91069602966309
2024-04-10 12:16:00,0.0010408905800431,0.4267530441284179,18.1328125,0.0004426038067322,0.5263220071792603,18.34375,17.972808837890625,0.4508315026760101,1018.0520057678224,19.91069602966309
2024-04-10 12:16:05,0.0009162846254184,0.4267530441284179,18.203125,0.0002846070274244,0.5263220071792603,18.3671875,17.972808837890625,0.4508315026760101,1018.072862625122,19.91974258422852
2024-04-10 12:16:10,0.0009162846254184,0.4267530441284179,18.203125,0.0002846070274244,0.5263220071792603,18.3671875,17.972808837890625,0.4508315026760101,1018.072862625122,19.94310569763184
2024-04-10 12:16:15,0.0014474367490038,0.4267530441284179,18.171875,0.0004640257102437,0.56680828332901,18.359375,18.0267333984375,0.4508315026760101,1018.0634498596193,19.94310569763184
2024-04-10 12:16:20,0.0014474367490038,0.4267530441284179,18.171875,0.0004640257102437,0.56680828332901,18.359375,18.026519775390625,0.4508315026760101,1018.0634498596193,19.96327018737793
2024-04-10 12:16:25,0.0012042821617797,0.4655487835407257,18.1640625,0.0002958642726298,0.4858356714248657,18.359375,18.0616455078125,0.452810525894165,1018.11128616333,19.96327018737793
2024-04-10 12:16:30,0.0013650838518515,0.4267530441284179,18.1796875,0.0008240304887294,0.4858356714248657,18.3515625,18.0616455078125,0.452810525894165,1018.11128616333,19.98418426513672
2024-04-10 12:16:35,0.0013650838518515,0.4267530441284179,18.1796875,0.0008240304887294,0.4858356714248657,18.3515625,18.027130126953125,0.452810525894165,1018.0687999725342,19.997425079345703
2024-04-10 12:16:40,0.0011471428442746,0.5431402325630188,18.1640625,0.0005328984116204,0.5263220071792603,18.3515625,18.027130126953125,0.452810525894165,1018.0834484100342,19.997425079345703
2024-04-10 12:16:45,0.001972708152607,0.5043445229530334,18.1953125,0.000438232673332,0.5263220071792603,18.359375,18.033721923828125,0.452810525894165,1018.0834484100342,20.01032257080078
2024-04-10 12:16:50,0.001972708152607,0.5043445229530334,18.1953125,0.000438232673332,0.5263220071792603,18.359375,18.039703369140625,0.452810525894165,1018.0316925048828,20.020713806152344
2024-04-10 12:16:55,0.0010887084063142,0.3879573345184326,18.1875,0.0005267068045213,0.5263220071792603,18.3671875,18.04669189453125,0.452810525894165,1018.0778980255128,20.020713806152344
2024-04-10 12:17:00,0.0012732975883409,0.4267530441284179,18.1796875,0.0005267068045213,0.5263220071792603,18.3671875,18.04669189453125,0.452810525894165,1018.0778980255128,20.03278160095215
2024-04-10 12:17:05,0.0012732975883409,0.4267530441284179,18.1796875,0.0002932511852122,0.4858356714248657,18.3515625,18.061553955078125,,1018.0300903320312,20.03278160095215
2024-04-10 12:17:10,0.0011234475532546,0.4267530441284179,18.1875,0.0004278052074369,0.4858356714248657,18.3515625,18.061553955078125,0.4528350234031677,1018.0307769775392,20.05643081665039
2024-04-10 12:17:15,0.0011234475532546,0.4267530441284179,18.1875,0.0004278052074369,0.4858356714248657,18.3515625,18.08441162109375,0.4528350234031677,1018.0307769775392,20.080921173095703
2024-04-10 12:17:20,0.0006846094038337,0.4655487835407257,18.1640625,0.0006430489593185,0.4858356714248657,18.359375,18.05029296875,0.4528350234031677,1018.0373287200928,20.080921173095703
2024-04-10 12:17:25,0.0017250027740374,0.4655487835407257,18.1796875,0.0006299723754636,0.5263220071792603,18.34375,18.05029296875,0.4528350234031677,1018.0194473266602,20.089452743530277
2024-04-10 12:17:30,0.0017250027740374,0.4655487835407257,18.1796875,0.0006299723754636,0.5263220071792603,18.34375,18.097930908203125,0.4528350234031677,1018.0194473266602,20.089452743530277
2024-04-10 12:17:35,0.0014776296447962,0.4267530441284179,18.1796875,0.0003644531825557,0.5263220071792603,18.375,18.069976806640625,0.4528350234031677,1018.0178451538086,20.123470306396484
2024-04-10 12:17:40,0.0014776296447962,0.4267530441284179,18.1796875,0.0003644531825557,0.5263220071792603,18.375,18.069976806640625,0.4528350234031677,1018.0178451538086,20.15436363220215
2024-04-10 12:17:45,0.0019633925985544,0.4267530441284179,18.1953125,0.000341029750416,0.4858356714248657,18.375,18.10165405273437,0.4528350234031677,1018.0133819580078,20.16484642028809
2024-04-10 12:17:50,0.001158369355835,0.4267530441284179,18.1796875,0.0004308630304876,0.4858356714248657,18.3671875,18.10165405273437,0.4528350234031677,1018.0175018310548,20.16484642028809
2024-04-10 12:17:55,0.001158369355835,0.4267530441284179,18.1796875,0.0004308630304876,0.4858356714248657,18.3671875,18.1219482421875,0.4528350234031677,1018.0175018310548,20.183425903320312
2024-04-10 12:18:00,0.0012068661162629,0.3879573345184326,18.1796875,0.0006649183924309,0.5263220071792603,18.359375,18.17242431640625,0.4528350234031677,1018.0334377288818,20.183425903320312
2024-04-10 12:18:05,0.0012579278554767,0.4655487835407257,18.1953125,0.0006262401584535,0.5263220071792603,18.3671875,18.17242431640625,0.4528350234031677,1018.0334377288818,20.20289802551269
2024-04-10 12:18:10,0.0012579278554767,0.4655487835407257,18.1953125,0.0006262401584535,0.5263220071792603,18.3671875,18.193756103515625,0.452822744846344,1018.1078243255616,20.224384307861328
2024-04-10 12:18:15,0.0018614883301779,0.4655487835407257,18.21875,0.000675645424053,0.4858356714248657,18.3671875,18.193756103515625,0.452822744846344,1018.06396484375,20.224384307861328
2024-04-10 12:18:20,0.0018614883301779,0.4655487835407257,18.21875,0.0004613739147316,0.4858356714248657,18.375,18.1505126953125,0.452822744846344,1018.06396484375,20.234569549560547
2024-04-10 12:18:25,0.0023734907153993,0.5043445229530334,18.2109375,0.0004613739147316,0.4858356714248657,18.375,18.130767822265625,0.452822744846344,1018.0572700500488,20.234569549560547
2024-04-10 12:18:30,0.001115828519687,0.4267530441284179,18.21875,0.0005276547162793,0.4858356714248657,18.3671875,18.130767822265625,0.452822744846344,1018.0651092529296,20.252885818481445
2024-04-10 12:18:35,0.001115828519687,0.4267530441284179,18.21875,0.0005276547162793,0.4858356714248657,18.3671875,18.16949462890625,0.4537962973117828,1018.0651092529296,20.26206970214844
2024-04-10 12:18:40,0.0011005654232576,0.4655487835407257,18.1953125,0.0004506207769736,0.4858356714248657,18.3828125,18.21551513671875,0.4537962973117828,1018.0947780609132,20.26206970214844
2024-04-10 12:18:45,0.0023321732878684,0.4267530441284179,18.203125,0.0003644517855718,0.4858356714248657,18.359375,18.21551513671875,0.4537962973117828,1018.0812740325928,20.260713577270508
2024-04-10 12:18:50,0.0023321732878684,0.4267530441284179,18.203125,0.0003644517855718,0.4858356714248657,18.359375,18.213836669921875,0.4537962973117828,1018.0812740325928,20.26744270324707
2024-04-10 12:18:55,0.0013885598164051,0.4655487835407257,18.2109375,0.0007797525613568,0.5263220071792603,18.3828125,18.2117919921875,,1018.0812740325928,20.26744270324707
2024-04-10 12:19:00,0.0013885598164051,0.4655487835407257,18.2109375,0.0007797525613568,0.5263220071792603,18.3828125,18.2117919921875,0.4537735879421234,1018.0808448791504,20.276180267333984
2024-04-10 12:19:05,0.0009540228638797,0.5043445229530334,18.203125,0.0003941590839531,0.4858356714248657,18.390625,18.174774169921875,0.4537735879421234,1018.055181503296,20.291967391967773
2024-04-10 12:19:10,0.0014722892083227,0.4267530441284179,18.21875,0.0007064890814945,0.5263220071792603,18.3828125,18.128814697265625,0.4537735879421234,1018.0507469177246,20.291967391967773
2024-04-10 12:19:15,0.0014722892083227,0.4267530441284179,18.21875,0.0007064890814945,0.5263220071792603,18.3828125,18.128814697265625,0.4537735879421234,1018.0507469177246,20.2995662689209
2024-04-10 12:19:20,0.0015817937674,0.4267530441284179,18.2265625,0.0004114082257729,0.5263220071792603,18.375,18.157989501953125,0.4537735879421234,1018.064079284668,20.2995662689209
2024-04-10 12:19:25,0.0008208530489355,0.4267530441284179,18.1953125,0.0004114082257729,0.5263220071792603,18.375,18.157989501953125,0.4537735879421234,1018.064079284668,20.312034606933597
2024-04-10 12:19:30,0.0008208530489355,0.4267530441284179,18.1953125,0.0004139434895478,0.5263220071792603,18.3828125,18.165802001953125,,1018.0467987060548,20.31853485107422
2024-04-10 12:19:35,0.0013326002517715,0.4267530441284179,18.21875,0.0005122033180668,0.5263220071792603,18.375,18.165802001953125,,1018.0378723144532,20.31853485107422
2024-04-10 12:19:40,0.0011514230864122,0.5043445229530334,18.2421875,0.0005122033180668,0.5263220071792603,18.375,18.086212158203125,,1018.0378723144532,20.32351875305176
2024-04-10 12:19:45,0.0011514230864122,0.5043445229530334,18.2421875,0.0003740997344721,0.5263220071792603,18.3671875,18.13433837890625,,1018.0399894714355,20.32351875305176
2024-04-10 12:19:50,0.0013960119104012,0.4267530441284179,18.203125,0.0004300550790503,0.4858356714248657,18.3828125,18.13433837890625,,1018.069543838501,20.32829093933105
2024-04-10 12:19:55,0.0013960119104012,0.4267530441284179,18.203125,0.0004300550790503,0.4858356714248657,18.3828125,18.131561279296875,,1018.069543838501,20.33993530273437
2024-04-10 12:20:00,0.0019049481488764,0.4267530441284179,18.234375,0.0002937385870609,0.5263220071792603,18.3984375,18.114776611328125,,1018.0593299865724,20.33993530273437
2024-04-10 12:20:05,0.0011030694004148,0.4267530441284179,18.203125,0.0006819124100729,0.5263220071792603,18.3828125,18.114776611328125,,1018.0593299865724,20.346412658691406
2024-04-10 12:20:10,0.0011030694004148,0.4267530441284179,18.203125,0.0006819124100729,0.5263220071792603,18.3828125,18.1490478515625,,1018.0426216125488,20.353296279907227
2024-04-10 12:20:15,0.001187497517094,0.5043445229530334,18.2109375,0.0004486868565436,0.4858356714248657,18.3671875,18.1490478515625,,1018.0769538879396,20.353296279907227
2024-04-10 12:20:20,0.001187497517094,0.5043445229530334,18.2109375,0.0004486868565436,0.4858356714248657,18.3671875,18.160430908203125,,1018.0769538879396,20.36258888244629
2024-04-10 12:20:25,0.0010938191553577,0.4267530441284179,18.1953125,0.0004853736027143,0.5263220071792603,18.375,18.166900634765625,,1018.0433654785156,20.382444381713867
2024-04-10 12:20:30,0.001274034846574,0.4655487835407257,18.21875,0.0004853736027143,0.5263220071792603,18.375,18.166900634765625,,1018.0463123321532,20.382444381713867
2024-04-10 12:20:35,0.001274034846574,0.4655487835407257,18.21875,0.0004651741473935,0.4858356714248657,18.3828125,18.15869140625,,1018.0463123321532,20.388830184936523
2024-04-10 12:20:40,0.0015405205776914,0.4267530441284179,18.1953125,0.0004107580753043,0.5263220071792603,18.390625,18.143341064453125,0.4527313113212585,1018.0573844909668,20.388830184936523
2024-04-10 12:20:45,0.0010641884291544,0.4267530441284179,18.21875,0.0011369447456672,0.4858356714248657,18.40625,18.143341064453125,0.4527313113212585,1018.0899715423584,20.408536911010746
2024-04-10 12:20:50,0.0010641884291544,0.4267530441284179,18.21875,0.0011369447456672,0.4858356714248657,18.40625,18.16000366210937,0.4527313113212585,1018.0899715423584,20.387983322143555
2024-04-10 12:20:55,0.0007833407144062,0.4267530441284179,18.2265625,0.0002519682457204,0.4453493654727936,18.3984375,18.16000366210937,0.4527313113212585,1018.065595626831,20.387983322143555
2024-04-10 12:21:00,0.0007833407144062,0.4267530441284179,18.2265625,0.0002519682457204,0.4453493654727936,18.3984375,18.137847900390625,0.4527313113212585,1018.065595626831,20.38895606994629
2024-04-10 12:21:05,0.0011860157828778,0.4655487835407257,18.234375,0.0005272317794151,0.5263220071792603,18.40625,18.1259765625,0.4527313113212585,1018.085479736328,20.38895606994629
2024-04-10 12:21:10,0.0014194550458341,0.4655487835407257,18.234375,0.0004504453099798,0.56680828332901,18.390625,18.18194580078125,0.4527313113212585,1018.0591869354248,20.38027572631836
2024-04-10 12:21:15,0.0014194550458341,0.4655487835407257,18.234375,0.0004504453099798,0.56680828332901,18.390625,18.18194580078125,0.4527313113212585,1018.0591869354248,20.392297744750977
2024-04-10 12:21:20,0.0007145988638512,0.4267530441284179,18.2265625,0.0003975010185968,0.5263220071792603,18.3828125,18.1851806640625,0.4527313113212585,1018.0528926849364,20.392297744750977
2024-04-10 12:21:25,0.0013747160555794,0.3879573345184326,18.2421875,0.0005286832456476,0.5263220071792603,18.375,18.1851806640625,0.4527313113212585,1018.0528926849364,20.390535354614254
2024-04-10 12:21:30,0.0013747160555794,0.3879573345184326,18.2421875,0.0005286832456476,0.5263220071792603,18.375,18.172821044921875,0.4556960165500641,1018.0337238311768,20.396869659423828
2024-04-10 12:21:35,0.0011812199372798,0.4267530441284179,18.2421875,0.0004897246835753,0.5263220071792603,18.4140625,18.22137451171875,0.4556960165500641,1018.049201965332,20.396869659423828
2024-04-10 12:21:40,0.0011812199372798,0.4267530441284179,18.2421875,0.0004897246835753,0.5263220071792603,18.4140625,18.22137451171875,0.4556960165500641,1018.049201965332,20.40297508239746
2024-04-10 12:21:45,0.0018279750365763,0.3879573345184326,18.234375,0.0005395386833697,0.5263220071792603,18.40625,18.231689453125,0.4556960165500641,1018.0610752105712,20.40297508239746
2024-04-10 12:21:50,0.0010495873866602,0.4267530441284179,18.2578125,0.0008281147456727,0.4858356714248657,18.421875,18.231689453125,0.4556960165500641,1018.0610752105712,20.40876007080078
2024-04-10 12:21:55,0.0010495873866602,0.4267530441284179,18.2578125,0.0008281147456727,0.4858356714248657,18.421875,18.25473022460937,0.4556960165500641,1018.0466842651368,20.420015335083008
2024-04-10 12:22:00,0.0011833206517621,0.4267530441284179,18.25,0.0004723432066384,0.56680828332901,18.40625,18.25433349609375,0.4556960165500641,1018.0167293548584,20.420015335083008
2024-04-10 12:22:05,0.0011713927378877,0.4655487835407257,18.25,0.0004824239294975,0.56680828332901,18.390625,18.25433349609375,0.4556960165500641,1018.0412769317628,20.42796897888184
2024-04-10 12:22:10,0.0011713927378877,0.4655487835407257,18.25,0.0004824239294975,0.56680828332901,18.390625,18.22662353515625,0.4556960165500641,1018.0412769317628,20.43696975708008
2024-04-10 12:22:15,0.0012462915619835,0.4267530441284179,18.2421875,0.0005468539893627,0.4858356714248657,18.4296875,18.201812744140625,0.4556960165500641,1017.9904079437256,20.43696975708008
2024-04-10 12:22:20,0.0012462915619835,0.4267530441284179,18.2421875,0.0004840743495151,0.4858356714248657,18.40625,18.201812744140625,0.4556960165500641,1017.9904079437256,20.43290138244629
2024-04-10 12:22:25,0.0008852198952808,0.4655487835407257,18.2265625,0.0004840743495151,0.4858356714248657,18.40625,18.201812744140625,0.4556960165500641,1018.0144119262696,20.451749801635746
2024-04-10 12:22:30,0.0012939013540744,0.4267530441284179,18.234375,0.0003417395928408,0.4453493654727936,18.4375,18.229705810546875,0.4527000784873962,1018.0144119262696,20.451749801635746
2024-04-10 12:22:35,0.0012939013540744,0.4267530441284179,18.234375,0.0003417395928408,0.4453493654727936,18.4375,18.20980834960937,0.4527000784873962,1018.0227375030518,20.463777542114254
2024-04-10 12:22:40,0.0010723234154284,0.4267530441284179,18.25,0.0003375733213033,0.5263220071792603,18.421875,18.25201416015625,0.4527000784873962,1018.01438331604,20.463777542114254
2024-04-10 12:22:45,0.0012331432662904,0.4267530441284179,18.2578125,0.0003825476160272,0.4858356714248657,18.4296875,18.25201416015625,0.4527000784873962,1018.01438331604,20.49690818786621
2024-04-10 12:22:50,0.0012331432662904,0.4267530441284179,18.2578125,0.0003825476160272,0.4858356714248657,18.4296875,18.2218017578125,0.4527000784873962,1018.0178165435792,20.49690818786621
2024-04-10 12:22:55,0.0012086832430213,0.3879573345184326,18.25,0.0004292590892873,0.4858356714248657,18.3984375,18.21591186523437,0.4527000784873962,1018.0471992492676,20.507986068725582
2024-04-10 12:23:00,0.0012086832430213,0.3879573345184326,18.25,0.0004292590892873,0.4858356714248657,18.3984375,18.21591186523437,0.4527000784873962,1018.0471992492676,20.513473510742188
2024-04-10 12:23:05,0.0011392813175916,0.5043445229530334,18.2421875,0.0005321141798049,0.4858356714248657,18.421875,18.173980712890625,0.4527000784873962,1018.0480861663818,20.513473510742188
2024-04-10 12:23:10,0.0015425099991261,0.4655487835407257,18.265625,0.0004624740395229,0.5263220071792603,18.4375,18.173980712890625,0.4527000784873962,1018.0480861663818,20.524253845214844
2024-04-10 12:23:15,0.0015425099991261,0.4655487835407257,18.265625,0.0004624740395229,0.5263220071792603,18.4375,18.22613525390625,0.4527000784873962,1018.0603313446044,20.531177520751957
2024-04-10 12:23:20,0.0009932438842952,0.4267530441284179,18.25,0.0003481330059003,0.5263220071792603,18.421875,18.22613525390625,0.4527000784873962,1018.0948638916016,20.531177520751957
2024-04-10 12:23:25,0.0016599372029304,0.3879573345184326,18.2578125,0.0007490415009669,0.4858356714248657,18.4375,18.22906494140625,0.4527000784873962,1018.0982685089112,20.54993438720703
2024-04-10 12:23:30,0.0016599372029304,0.3879573345184326,18.2578125,0.0007490415009669,0.4858356714248657,18.4375,18.22906494140625,0.4535933434963226,1018.0982685089112,20.55762481689453
2024-04-10 12:23:35,0.0016612509498372,0.4267530441284179,18.265625,0.0004231639904901,0.56680828332901,18.4375,18.27011108398437,0.4535933434963226,1018.0526638031006,20.55762481689453
2024-04-10 12:23:40,0.0016612509498372,0.4267530441284179,18.265625,0.0004231639904901,0.56680828332901,18.4375,18.167144775390625,0.4535933434963226,1018.0526638031006,20.578201293945312
2024-04-10 12:23:45,0.0014081572880968,0.3879573345184326,18.25,0.0003379325789865,0.5263220071792603,18.4296875,18.27471923828125,0.4535933434963226,1018.06734085083,20.578201293945312
2024-04-10 12:23:50,0.0013642177218571,0.4267530441284179,18.2578125,0.0003928624209947,0.4858356714248657,18.421875,18.27471923828125,0.4535933434963226,1018.0578422546388,20.584535598754883
2024-04-10 12:23:55,0.0013642177218571,0.4267530441284179,18.2578125,0.0003928624209947,0.4858356714248657,18.421875,18.222900390625,0.4535933434963226,1018.0578422546388,20.611400604248047
2024-04-10 12:24:00,0.0014068082673475,0.4267530441284179,18.2421875,0.0005312226130627,0.4858356714248657,18.421875,18.2265625,0.4535933434963226,1018.0544090270996,20.611400604248047
2024-04-10 12:24:05,0.0008357872138731,0.4655487835407257,18.265625,0.0003565578372217,0.56680828332901,18.421875,18.2265625,0.4535933434963226,1018.0020809173584,20.635089874267575
2024-04-10 12:24:10,0.0008357872138731,0.4655487835407257,18.265625,0.0003565578372217,0.56680828332901,18.421875,18.240234375,0.4535933434963226,1018.0020809173584,20.631467819213867
2024-04-10 12:24:15,0.0008072630153037,0.4655487835407257,18.28125,0.0004960048245266,0.56680828332901,18.4375,18.26254272460937,0.4535933434963226,1017.9892349243164,20.631467819213867
2024-04-10 12:24:20,0.0008072630153037,0.4655487835407257,18.28125,0.0004960048245266,0.56680828332901,18.4375,18.26254272460937,0.4535933434963226,1017.9892349243164,20.64386749267578
2024-04-10 12:24:25,0.0014003267278894,0.4267530441284179,18.28125,0.0003884817124344,0.5263220071792603,18.4296875,18.28564453125,0.4535933434963226,1018.032293319702,20.64386749267578
2024-04-10 12:24:30,0.001055215485394,0.4267530441284179,18.2734375,0.0005743876099586,0.4858356714248657,18.4453125,18.28564453125,0.4535188376903534,1018.0825042724608,20.65290260314941
2024-04-10 12:24:35,0.001055215485394,0.4267530441284179,18.2734375,0.0005743876099586,0.4858356714248657,18.4453125,18.27206420898437,0.4535188376903534,1018.0825042724608,20.66666412353516
2024-04-10 12:24:40,0.0011520533589646,0.4267530441284179,18.265625,0.0005245425854809,0.6072945594787598,18.4453125,18.31317138671875,0.4535188376903534,1018.0526351928712,20.66666412353516
2024-04-10 12:24:45,0.0011520533589646,0.4267530441284179,18.265625,0.0005245425854809,0.6072945594787598,18.4453125,18.31317138671875,0.4535188376903534,1018.0526351928712,20.66214370727539
2024-04-10 12:24:50,0.0013905921950936,0.4267530441284179,18.2734375,0.000297833001241,0.5263220071792603,18.4296875,18.238433837890625,0.4535188376903534,1018.0649948120116,20.66214370727539
2024-04-10 12:24:55,0.0013285477180033,0.4267530441284179,18.2890625,0.0007589076412841,0.6072945594787598,18.453125,18.238433837890625,0.4535188376903534,1018.0687999725342,20.686811447143555
2024-04-10 12:25:00,0.0013285477180033,0.4267530441284179,18.2890625,0.0004893251461908,0.5263220071792603,18.4375,18.329254150390625,0.4535188376903534,1018.0687999725342,20.68682861328125
2024-04-10 12:25:05,0.0011058197123929,0.4267530441284179,18.3125,0.0004893251461908,0.5263220071792603,18.4375,18.27401733398437,0.4535188376903534,1018.0527210235596,20.68682861328125
2024-04-10 12:25:10,0.0011324514634907,0.4267530441284179,18.296875,0.0003025021287612,0.5263220071792603,18.4609375,18.27401733398437,0.4535188376903534,1018.095178604126,20.68861389160156
2024-04-10 12:25:15,0.0011324514634907,0.4267530441284179,18.296875,0.0003025021287612,0.5263220071792603,18.4609375,18.27401733398437,0.4535188376903534,1018.095178604126,20.690576553344727
2024-04-10 12:25:20,0.000802646507509,0.3879573345184326,18.28125,0.0004684361338149,0.5263220071792603,18.453125,18.3509521484375,0.4535188376903534,1018.0798721313477,20.690576553344727
2024-04-10 12:25:25,0.0009431490907445,0.4267530441284179,18.2890625,0.0006680525257252,0.4453493654727936,18.4609375,18.3509521484375,0.4535188376903534,1018.1027889251708,20.67145347595215
2024-04-10 12:25:30,0.0009431490907445,0.4267530441284179,18.2890625,0.0006680525257252,0.4453493654727936,18.4609375,18.313140869140625,0.4544054865837097,1018.1027889251708,20.665170669555664
2024-04-10 12:25:35,0.0008371965959668,0.3879573345184326,18.2890625,0.0003727401490323,0.5263220071792603,18.4375,18.345489501953125,0.4544054865837097,1018.120584487915,20.665170669555664
2024-04-10 12:25:40,0.0008371965959668,0.3879573345184326,18.2890625,0.0003727401490323,0.5263220071792603,18.4375,18.345489501953125,0.4544054865837097,1018.120584487915,20.67843437194824
2024-04-10 12:25:45,0.0014587789773941,0.4267530441284179,18.3203125,0.0003279488882981,0.5263220071792603,18.453125,18.329620361328125,0.4544054865837097,1018.120927810669,20.666561126708984
2024-04-10 12:25:50,0.0012041191803291,0.4267530441284179,18.296875,0.0006710600573569,0.4858356714248657,18.4609375,18.329620361328125,0.4544054865837097,1018.0446243286132,20.666561126708984
2024-04-10 12:25:55,0.0012041191803291,0.4267530441284179,18.296875,0.0006710600573569,0.4858356714248657,18.4609375,18.365936279296875,0.4544054865837097,1018.0446243286132,20.626781463623047
2024-04-10 12:26:00,0.0019679865799844,0.5043445229530334,18.3046875,0.0002939983678516,0.56680828332901,18.4765625,18.34930419921875,0.4544054865837097,1018.0827331542968,20.626781463623047
2024-04-10 12:26:05,0.0019679865799844,0.5043445229530334,18.3046875,0.0004152333422098,0.5263220071792603,18.46875,18.34930419921875,0.4544054865837097,1018.0827331542968,20.620018005371094
2024-04-10 12:26:10,0.001332644955255,0.4655487835407257,18.3203125,0.0004152333422098,0.5263220071792603,18.46875,18.32525634765625,0.4544054865837097,1018.0766105651855,20.622501373291016
2024-04-10 12:26:15,0.0008168913773261,0.4267530441284179,18.3203125,0.000450310006272,0.5263220071792603,18.4453125,18.346466064453125,0.4544054865837097,1018.0479145050048,20.622501373291016
2024-04-10 12:26:20,0.0008168913773261,0.4267530441284179,18.3203125,0.000450310006272,0.5263220071792603,18.4453125,18.346466064453125,0.4544054865837097,1018.0479145050048,20.58463287353516
2024-04-10 12:26:25,0.0016064904630184,0.4267530441284179,18.296875,0.0002969425695482,0.4858356714248657,18.46875,18.40707397460937,0.4544054865837097,1018.079071044922,20.58463287353516
2024-04-10 12:26:30,0.0010557930218055,0.4655487835407257,18.328125,0.000421905744588,0.56680828332901,18.46875,18.40707397460937,0.4544054865837097,1018.0355262756348,20.585050582885746
2024-04-10 12:26:35,0.0010557930218055,0.4655487835407257,18.328125,0.000421905744588,0.56680828332901,18.46875,18.38241577148437,0.4542790055274963,1018.0355262756348,20.56281471252441
2024-04-10 12:26:40,0.0017272095428779,0.4267530441284179,18.3125,0.0004068954440299,0.7287535667419434,18.4765625,18.38241577148437,0.4542790055274963,1018.085765838623,20.56281471252441
2024-04-10 12:26:45,0.0016336741391569,0.4267530441284179,18.3359375,0.0003447750641498,0.5263220071792603,18.4765625,18.39096069335937,0.4542790055274963,1018.085765838623,20.56415367126465
2024-04-10 12:26:50,0.0016336741391569,0.4267530441284179,18.3359375,0.0003447750641498,0.5263220071792603,18.4765625,18.356964111328125,0.4542790055274963,1018.0908012390136,20.54065322875977
2024-04-10 12:26:55,0.0021568436641246,0.4655487835407257,18.3125,0.0004830803372897,0.4858356714248657,18.46875,18.356964111328125,0.4542790055274963,1018.0354976654052,20.54065322875977
2024-04-10 12:27:00,0.0021568436641246,0.4655487835407257,18.3125,0.0004830803372897,0.4858356714248657,18.46875,18.37017822265625,0.4542790055274963,1018.0354976654052,20.53489112854004
2024-04-10 12:27:05,0.0020194551907479,0.3879573345184326,18.3203125,0.0003503219923004,0.5263220071792603,18.4765625,18.35018920898437,0.4542790055274963,1018.0918884277344,20.53489112854004
2024-04-10 12:27:10,0.0012473270762711,0.3879573345184326,18.328125,0.0004370561509858,0.5263220071792603,18.46875,18.35018920898437,0.4542790055274963,1018.074550628662,20.529346466064453
2024-04-10 12:27:15,0.0012473270762711,0.3879573345184326,18.328125,0.0004370561509858,0.5263220071792603,18.46875,18.28497314453125,0.4542790055274963,1018.074550628662,20.529346466064453
2024-04-10 12:27:20,0.0011823642998933,0.4655487835407257,18.3359375,0.0004370561509858,0.5263220071792603,18.46875,18.37127685546875,0.4542790055274963,1018.0166721343994,20.52458000183105
2024-04-10 12:27:25,0.0009442814043723,0.4267530441284179,18.3125,0.0003271308669354,0.56680828332901,18.5,18.37127685546875,0.4542790055274963,1018.0166721343994,20.48738670349121
2024-04-10 12:27:30,0.0009442814043723,0.4267530441284179,18.3125,0.0003121506306342,0.4858356714248657,18.484375,18.2991943359375,0.4531800746917724,1018.0745792388916,20.484731674194336
2024-04-10 12:27:35,0.0014355616876855,0.4655487835407257,18.34375,0.0004178116214461,0.4858356714248657,18.5078125,18.2991943359375,0.4531800746917724,1017.946605682373,20.484731674194336
2024-04-10 12:27:40,0.0009315123897977,0.4267530441284179,18.3046875,0.0004178116214461,0.4858356714248657,18.5078125,18.2593994140625,0.4531800746917724,1017.946605682373,20.48530387878418
2024-04-10 12:27:45,0.0009315123897977,0.4267530441284179,18.3046875,0.0004731788067147,0.5263220071792603,18.46875,18.2593994140625,0.4531800746917724,1018.0577278137208,20.480995178222656
2024-04-10 12:27:50,0.0010134796611964,0.4267530441284179,18.3359375,0.0003422540903557,0.5263220071792603,18.4921875,18.225341796875,0.4531800746917724,1018.0824184417723,20.480995178222656
2024-04-10 12:27:55,0.0010134796611964,0.4267530441284179,18.3359375,0.0003422540903557,0.5263220071792603,18.4921875,18.2860107421875,0.4531800746917724,1018.0824184417723,20.47442626953125
2024-04-10 12:28:00,0.0015096053248271,0.4655487835407257,18.3046875,0.0002891897747758,0.5263220071792603,18.46875,18.23883056640625,0.4531800746917724,1018.0349540710448,20.47442626953125
2024-04-10 12:28:05,0.0015096053248271,0.4655487835407257,18.3046875,0.0004475874884519,1.7409112453460691,18.5,18.23883056640625,0.4531800746917724,1018.0753803253174,20.47624015808105
2024-04-10 12:28:10,0.0017002373933792,0.5043445229530334,18.3359375,0.0004475874884519,1.7409112453460691,18.5,18.26690673828125,0.4531800746917724,1018.0753803253174,20.475078582763672
2024-04-10 12:28:15,0.0024488354101777,190.44825744628903,18.3203125,0.0024606981314718,12.591240882873535,18.4921875,18.2164306640625,0.4531800746917724,1017.8830909729004,20.475078582763672
2024-04-10 12:28:20,0.0024488354101777,190.44825744628903,18.3203125,0.0024606981314718,12.591240882873535,18.4921875,18.2164306640625,0.4531800746917724,1017.8830909729004,20.46406364440918
2024-04-10 12:28:25,0.0029403381049633,11.987881660461426,18.3515625,0.0034062252379953,21.862606048583984,18.4921875,18.26971435546875,0.4531800746917724,1018.0393886566162,20.46406364440918
2024-04-10 12:28:30,0.0030237527098506,13.656097412109377,18.34375,0.0033577922731637,25.141996383666992,18.4609375,18.26971435546875,38.58842849731445,1018.0257415771484,20.469968795776367
2024-04-10 12:28:35,0.0030237527098506,13.656097412109377,18.34375,0.0033577922731637,25.141996383666992,18.4609375,18.34014892578125,38.58842849731445,1018.0257415771484,20.47403717041016
2024-04-10 12:28:40,0.0032145953737199,12.14306354522705,18.3359375,0.0034519040491431,30.81007957458496,18.4765625,18.41888427734375,38.58842849731445,1018.075065612793,20.47403717041016
2024-04-10 12:28:45,0.0029661452863365,15.518293380737305,18.3125,0.003349634585902,37.53080749511719,18.4765625,18.41888427734375,38.58842849731445,1018.075065612793,20.474740982055664
2024-04-10 12:28:50,0.0029661452863365,15.518293380737305,18.3125,0.003349634585902,37.53080749511719,18.4765625,18.46722412109375,38.58842849731445,1018.1158638000488,20.471519470214844
2024-04-10 12:28:55,0.0029610597994178,12.298247337341309,18.3828125,0.0033362675458192,216.07540893554688,18.5078125,18.60809326171875,38.58842849731445,1018.1271934509276,20.471519470214844
2024-04-10 12:29:00,0.0029610597994178,12.298247337341309,18.3828125,0.0033362675458192,216.07540893554688,18.5078125,18.60809326171875,38.58842849731445,1018.1271934509276,20.43154525756836
2024-04-10 12:29:05,0.0018974042031913,1.5130336284637451,18.3515625,0.0003208483685739,2.6720962524414062,18.4765625,18.692108154296875,38.58842849731445,1018.124361038208,20.43154525756836
2024-04-10 12:29:10,0.0016044309595599,0.4267530441284179,18.359375,0.0003994171565864,1.2955617904663086,18.484375,18.692108154296875,38.58842849731445,1018.1082248687744,20.43060111999512
2024-04-10 12:29:15,0.0016044309595599,0.4267530441284179,18.359375,0.0003994171565864,1.2955617904663086,18.484375,18.67779541015625,38.58842849731445,1018.1082248687744,20.437164306640625
2024-04-10 12:29:20,0.0012493444373831,0.5043445229530334,18.3828125,0.0004383791238069,1.4170207977294922,18.5,18.66879272460937,38.58842849731445,1018.0891418457032,20.437164306640625
2024-04-10 12:29:25,0.0012324131093919,0.4655487835407257,18.375,0.0004978667129762,1.2955617904663086,18.4921875,18.66879272460937,38.58842849731445,1018.0706596374512,20.44105529785156
2024-04-10 12:29:30,0.0012324131093919,0.4655487835407257,18.375,0.0004978667129762,1.2955617904663086,18.4921875,18.632568359375,0.453634113073349,1018.0706596374512,20.44194221496582
2024-04-10 12:29:35,0.001069942722097,0.4267530441284179,18.3828125,0.0003102419141214,1.3765344619750977,18.5,18.657379150390625,0.453634113073349,1018.0033683776855,20.44194221496582
2024-04-10 12:29:40,0.0010614059865474,0.4655487835407257,18.390625,0.0002821873931679,1.0931302309036257,18.5234375,18.657379150390625,0.453634113073349,1018.0033683776855,20.441038131713867
2024-04-10 12:29:45,0.0010614059865474,0.4655487835407257,18.390625,0.0002821873931679,1.0931302309036257,18.5234375,18.58905029296875,0.453634113073349,1018.0568981170654,20.40624237060547
2024-04-10 12:29:50,0.0008578725391998,0.4267530441284179,18.3828125,0.0004048124537803,1.255075454711914,18.5078125,18.539794921875,0.453634113073349,1018.0568981170654,20.40624237060547
2024-04-10 12:29:55,0.0008578725391998,0.4267530441284179,18.3828125,0.0004048124537803,1.255075454711914,18.5078125,18.539794921875,0.453634113073349,1018.0641651153564,20.40884017944336
2024-04-10 12:30:00,0.0014419491635635,0.4267530441284179,18.40625,0.0008059724350459,1.2955617904663086,18.5234375,18.613525390625,0.453634113073349,1018.080759048462,20.40884017944336
2024-04-10 12:30:05,0.0019523303490132,0.4655487835407257,18.390625,0.0011018554214388,1.13361656665802,18.5234375,18.613525390625,0.453634113073349,1018.1084823608398,20.420089721679688
2024-04-10 12:30:10,0.0019523303490132,0.4655487835407257,18.390625,0.0011018554214388,1.13361656665802,18.5234375,18.580230712890625,0.453634113073349,1018.1084823608398,20.420089721679688
2024-04-10 12:30:15,0.0012256609043106,0.4267530441284179,18.421875,0.0003832615038845,1.943342685699463,18.5078125,18.580230712890625,0.453634113073349,1018.0852508544922,20.427677154541016
2024-04-10 12:30:20,0.0012256609043106,0.4267530441284179,18.421875,0.0003832615038845,1.943342685699463,18.5078125,18.5919189453125,0.453634113073349,1018.0852508544922,20.417200088500977
2024-04-10 12:30:25,0.0029994032811373,456.6257629394531,18.4140625,0.0034292384516447,44.0895881652832,18.53125,18.61578369140625,0.453634113073349,1018.1093978881836,20.414888381958008
2024-04-10 12:30:30,0.0033119597937911,12.492225646972656,18.4375,0.0034656417556107,24.899078369140625,18.5234375,18.61578369140625,37.33418273925781,1018.0996131896972,20.414888381958008
2024-04-10 12:30:35,0.0033119597937911,12.492225646972656,18.4375,0.0034656417556107,24.899078369140625,18.5234375,18.654205322265625,37.33418273925781,1018.0996131896972,20.43519592285156
2024-04-10 12:30:40,0.0030276477336883,12.14306354522705,18.4140625,0.0034050864633172,30.28375625610352,18.5234375,18.654205322265625,37.33418273925781,1018.1057929992676,20.43519592285156
2024-04-10 12:30:45,0.0028270159382373,11.48353672027588,18.4453125,0.0034153703600168,30.08132553100586,18.5390625,18.7008056640625,37.33418273925781,1018.1057929992676,20.42688751220703
2024-04-10 12:30:50,0.0028270159382373,11.48353672027588,18.4453125,0.0034153703600168,30.08132553100586,18.5390625,18.805877685546875,37.33418273925781,1018.1345176696776,20.434600830078125
2024-04-10 12:30:55,0.0030524476896971,12.68620491027832,18.421875,0.0034915262367576,20.971906661987305,18.5390625,18.805877685546875,37.33418273925781,1018.117094039917,20.434600830078125
2024-04-10 12:31:00,0.0030524476896971,12.68620491027832,18.421875,0.0034915262367576,20.971906661987305,18.5390625,18.91265869140625,37.33418273925781,1018.117094039917,20.45413017272949
2024-04-10 12:31:05,0.0029437392950057,11.405945777893066,18.4609375,0.0034703519195318,20.809961318969727,18.5234375,19.024810791015625,37.33418273925781,1018.0856513977052,20.45413017272949
2024-04-10 12:31:10,0.0031628059223294,11.444741249084473,18.4609375,0.0035445725079625,20.728988647460938,18.5546875,19.024810791015625,37.33418273925781,1018.1307411193848,20.46730232238769
2024-04-10 12:31:15,0.0031628059223294,11.444741249084473,18.4609375,0.0035445725079625,20.728988647460938,18.5546875,19.172119140625,37.33418273925781,1018.1307411193848,20.4672794342041
2024-04-10 12:31:20,0.0030123018659651,11.405945777893066,18.5,0.0035944676492363,21.862606048583984,18.5703125,19.296875,37.33418273925781,1018.1060218811036,20.4672794342041
2024-04-10 12:31:25,0.0030350699089467,11.71631145477295,18.5078125,0.0035359596367925,19.473913192749023,18.5859375,19.296875,37.33418273925781,1018.1060218811036,20.48764419555664
2024-04-10 12:31:30,0.0030350699089467,11.71631145477295,18.5078125,0.0035359596367925,19.473913192749023,18.5859375,19.47665405273437,41.83163070678711,1018.1365776062012,20.49901390075684
2024-04-10 12:31:35,0.0033423358108848,13.42332363128662,18.5234375,0.0036024679429829,20.728988647460938,18.578125,19.49981689453125,41.83163070678711,1018.1292819976808,20.49901390075684
2024-04-10 12:31:40,0.0033423358108848,13.42332363128662,18.5234375,0.0035324275959283,20.16217994689941,18.6171875,19.49981689453125,41.83163070678711,1018.1292819976808,20.502206802368164
2024-04-10 12:31:45,0.0029180401470512,13.151753425598145,18.5234375,0.0035324275959283,20.16217994689941,18.6171875,19.64825439453125,41.83163070678711,1018.1141185760498,20.512775421142575
2024-04-10 12:31:50,0.003353030886501,12.841387748718262,18.5859375,0.0035105717834085,20.56704330444336,18.6015625,19.64825439453125,41.83163070678711,1018.1141185760498,20.512775421142575
2024-04-10 12:31:55,0.003353030886501,12.841387748718262,18.5859375,0.0035105717834085,20.56704330444336,18.6015625,19.787841796875,41.83163070678711,1018.106451034546,20.524024963378903
2024-04-10 12:32:00,0.0033786771818995,13.229345321655272,18.6015625,0.0035278846044093,19.271482467651367,18.6171875,19.91595458984375,41.83163070678711,1018.0724620819092,20.524024963378903
2024-04-10 12:32:05,0.0030787212308496,11.48353672027588,18.6328125,0.0036922239232808,20.48607063293457,18.65625,19.91595458984375,41.83163070678711,1018.0724620819092,20.54433822631836
2024-04-10 12:32:10,0.0030787212308496,11.48353672027588,18.6328125,0.0036922239232808,20.48607063293457,18.65625,19.96392822265625,41.83163070678711,1018.0938911437988,20.54433822631836
2024-04-10 12:32:15,0.0029350018594413,12.569817543029783,18.671875,0.0035330476239323,22.26746940612793,18.6640625,19.96392822265625,41.83163070678711,1018.0703735351562,20.534015655517575
2024-04-10 12:32:20,0.0029350018594413,12.569817543029783,18.671875,0.0035330476239323,22.26746940612793,18.6640625,20.016082763671875,41.83163070678711,1018.0703735351562,20.535629272460938
2024-04-10 12:32:25,0.0027057197876274,12.841387748718262,18.6953125,0.0035785178188234,19.55488586425781,18.6875,20.087188720703125,41.83163070678711,1018.1028747558594,20.535629272460938
2024-04-10 12:32:30,0.0030092860106378,11.599923133850098,18.734375,0.0034995258320122,21.33628463745117,18.7109375,20.11239624023437,41.96766662597656,1018.1028747558594,20.54840087890625
2024-04-10 12:32:35,0.0030092860106378,11.599923133850098,18.734375,0.0034995258320122,21.33628463745117,18.7109375,20.11239624023437,41.96766662597656,1018.0778980255128,20.554088592529297
2024-04-10 12:32:40,0.0027676224708557,13.151753425598145,18.765625,0.0035365440417081,25.10150909423828,18.734375,20.231231689453125,41.96766662597656,1018.1037616729736,20.554088592529297
2024-04-10 12:32:45,0.0029955343343317,13.151753425598145,18.796875,0.0035563437268137,21.41725730895996,18.7421875,20.231231689453125,41.96766662597656,1018.1056213378906,20.545116424560547
2024-04-10 12:32:50,0.0029955343343317,13.151753425598145,18.796875,0.0035563437268137,21.41725730895996,18.7421875,20.2965087890625,41.96766662597656,1018.1056213378906,20.52570152282715
2024-04-10 12:32:55,0.002814290812239,12.763795852661133,18.8671875,0.0036183821503072,20.081207275390625,18.8125,20.409576416015625,41.96766662597656,1018.1020164489746,20.52570152282715
2024-04-10 12:33:00,0.002814290812239,12.763795852661133,18.8671875,0.0036183821503072,20.081207275390625,18.8125,20.409576416015625,41.96766662597656,1018.1020164489746,20.51432037353516
2024-04-10 12:33:05,0.0029643441084772,10.474847793579102,18.8828125,0.0035454139579087,21.619688034057617,18.8046875,20.510955810546875,41.96766662597656,1018.0529499053956,20.506572723388672
2024-04-10 12:33:10,0.0031365668401122,14.35442066192627,18.90625,0.0035646711476147,20.202667236328125,18.8359375,20.510955810546875,41.96766662597656,1018.0855083465576,20.506572723388672
2024-04-10 12:33:15,0.0031365668401122,14.35442066192627,18.90625,0.0035646711476147,20.202667236328125,18.8359375,20.565826416015625,41.96766662597656,1018.0855083465576,20.504621505737305
2024-04-10 12:33:20,0.0030222951900213,11.48353672027588,18.953125,0.0035545525606721,22.06503677368164,18.8671875,20.60556030273437,41.96766662597656,1018.0578994750977,20.504621505737305
2024-04-10 12:33:25,0.0030088028870522,11.793903350830078,19.015625,0.0035226384643465,19.10953712463379,18.90625,20.60556030273437,41.96766662597656,1018.0578994750977,20.502973556518555
2024-04-10 12:33:30,0.0030088028870522,11.793903350830078,19.015625,0.0035226384643465,19.10953712463379,18.90625,20.708770751953125,41.93049240112305,1018.0725479125977,20.502086639404297
2024-04-10 12:33:35,0.0027590480167418,12.065473556518556,19.0234375,0.0035051158629357,19.919261932373047,18.9375,20.782012939453125,41.93049240112305,1018.1188106536864,20.502086639404297
2024-04-10 12:33:40,0.0027590480167418,12.065473556518556,19.0234375,0.0035051158629357,19.919261932373047,18.9375,20.782012939453125,41.93049240112305,1018.1188106536864,20.51119613647461
2024-04-10 12:33:45,0.0030031187925487,9.970503807067873,19.078125,0.0035523441620171,18.98807907104492,18.953125,20.820526123046875,41.93049240112305,1018.076982498169,20.51119613647461
2024-04-10 12:33:50,0.0027759375516325,11.832697868347168,19.109375,0.0035751601681113,22.95573616027832,19.0078125,20.820526123046875,41.93049240112305,1018.04705619812,20.53588104248047
2024-04-10 12:33:55,0.0027759375516325,11.832697868347168,19.109375,0.0035751601681113,22.95573616027832,19.0078125,20.8648681640625,41.93049240112305,1018.04705619812,20.545459747314453
2024-04-10 12:34:00,0.0029896050691604,11.444741249084473,19.125,0.0035844251979142,19.59537124633789,19.03125,20.94427490234375,41.93049240112305,1018.0738925933838,20.545459747314453
2024-04-10 12:34:05,0.0029870620928704,26.61387062072754,19.2265625,0.0035401424393057,19.06905174255371,19.0703125,20.94427490234375,41.93049240112305,1018.0738925933838,20.56473159790039
2024-04-10 12:34:10,0.0029870620928704,26.61387062072754,19.2265625,0.0035401424393057,19.06905174255371,19.0703125,21.041656494140625,41.93049240112305,1018.1049346923828,20.56473159790039
2024-04-10 12:34:15,0.0026869957800954,10.979191780090332,19.2578125,0.0035454579629004,20.121694564819336,19.109375,21.041656494140625,41.93049240112305,1018.07692527771,20.56718063354492
2024-04-10 12:34:20,0.0027990348171442,11.871493339538574,19.3046875,0.0035454579629004,20.121694564819336,19.109375,21.039825439453125,41.93049240112305,1018.07692527771,20.58442687988281
2024-04-10 12:34:25,0.0027990348171442,11.871493339538574,19.3046875,0.0035039689391851,22.26746940612793,19.171875,21.111480712890625,41.93049240112305,1018.102617263794,20.58442687988281
2024-04-10 12:34:30,0.0028302550781518,11.71631145477295,19.359375,0.0034675432834774,21.012393951416016,19.203125,21.111480712890625,41.96099472045898,1018.097038269043,20.57877922058105
2024-04-10 12:34:35,0.0028302550781518,11.71631145477295,19.359375,0.0034675432834774,21.012393951416016,19.203125,21.10833740234375,41.96099472045898,1018.097038269043,20.59337615966797
2024-04-10 12:34:40,0.0033908267505466,12.68620491027832,19.3984375,0.003535064170137,20.76947593688965,19.2421875,21.116485595703125,41.96099472045898,1018.0680847167968,20.59337615966797
2024-04-10 12:34:45,0.0026976848021149,14.238033294677734,19.453125,0.003724756417796,21.052879333496094,19.2890625,21.116485595703125,41.96099472045898,1018.012809753418,20.608413696289062
2024-04-10 12:34:50,0.0026976848021149,14.238033294677734,19.453125,0.003724756417796,21.052879333496094,19.2890625,21.20175170898437,41.96099472045898,1018.012809753418,20.622426986694336
2024-04-10 12:34:55,0.0032107860315591,13.811281204223633,19.4921875,0.0035094106569886,20.40509796142578,19.3359375,21.20175170898437,41.96099472045898,1018.007116317749,20.622426986694336
2024-04-10 12:35:00,0.0032107860315591,13.811281204223633,19.4921875,0.0035094106569886,20.40509796142578,19.3359375,21.201080322265625,41.96099472045898,1018.007116317749,20.63504409790039
2024-04-10 12:35:05,0.0029338437598198,13.345731735229492,19.546875,0.0035514766350388,21.37677001953125,19.3828125,21.261016845703125,41.96099472045898,1018.0300331115724,20.642396926879883
2024-04-10 12:35:10,0.0032834229059517,12.337042808532717,19.5859375,0.0035496719647198,21.093366622924805,19.421875,21.261016845703125,41.96099472045898,1018.0300331115724,20.642396926879883
2024-04-10 12:35:15,0.0032834229059517,12.337042808532717,19.5859375,0.0035496719647198,21.093366622924805,19.421875,21.262908935546875,41.96099472045898,1018.0057430267334,20.67177391052246
2024-04-10 12:35:20,0.0027610177639871,11.250761985778809,19.6484375,0.0035459275823086,20.52655792236328,19.484375,21.31256103515625,41.96099472045898,1018.0737495422364,20.67177391052246
2024-04-10 12:35:25,0.0028364295139908,12.492225646972656,19.703125,0.0035651216749101,21.093366622924805,19.515625,21.31256103515625,41.96099472045898,1018.0737495422364,20.644954681396484
2024-04-10 12:35:30,0.0028364295139908,12.492225646972656,19.703125,0.0035651216749101,21.093366622924805,19.515625,21.400390625,41.937232971191406,1018.0759811401368,20.64903450012207
2024-04-10 12:35:35,0.0031043358612805,13.617301940917969,19.75,0.0035958385560661,19.35245513916016,19.5859375,21.435211181640625,41.937232971191406,1018.127908706665,20.64903450012207
2024-04-10 12:35:40,0.0031043358612805,13.617301940917969,19.75,0.0035958385560661,19.35245513916016,19.5859375,21.435211181640625,41.937232971191406,1018.127908706665,20.672792434692383
2024-04-10 12:35:45,0.0027784199919551,9.7377290725708,19.8046875,0.0035847425460815,19.919261932373047,19.6171875,21.48226928710937,41.937232971191406,1018.144187927246,20.672792434692383
2024-04-10 12:35:50,0.0027784199919551,9.7377290725708,19.8046875,0.0035474309697747,18.704673767089844,19.6953125,21.48226928710937,41.937232971191406,1018.0851364135742,20.671836853027344
2024-04-10 12:35:55,0.0028221649117767,10.746417999267578,19.875,0.0035474309697747,18.704673767089844,19.6953125,21.60150146484375,41.937232971191406,1018.0851364135742,20.68038558959961
2024-04-10 12:36:00,0.0029315713327378,11.095579147338867,19.9140625,0.0035934201441705,23.603515625,19.7578125,21.702301025390625,41.937232971191406,1018.1337738037108,20.68038558959961
2024-04-10 12:36:05,0.0030251173302531,11.173171043395996,19.984375,0.0035223045852035,19.919261932373047,19.8046875,21.702301025390625,41.937232971191406,1018.1337738037108,20.675636291503903
2024-04-10 12:36:10,0.0030251173302531,11.173171043395996,19.984375,0.0035223045852035,19.919261932373047,19.8046875,21.7667236328125,41.937232971191406,1018.1348609924316,20.67437744140625
2024-04-10 12:36:15,0.002941321581602,13.927667617797852,20.015625,0.0035664273891597,23.1176815032959,19.859375,21.7667236328125,41.937232971191406,1018.1359767913818,20.67437744140625
2024-04-10 12:36:20,0.002941321581602,13.927667617797852,20.015625,0.0035473511088639,20.16217994689941,19.890625,21.86260986328125,41.937232971191406,1018.1359767913818,20.683652877807617
2024-04-10 12:36:25,0.0028197653591632,14.160442352294922,20.0859375,0.0035473511088639,20.16217994689941,19.890625,21.929595947265625,41.937232971191406,1018.1100845336914,20.683652877807617
2024-04-10 12:36:30,0.0027020457200706,14.276829719543455,20.1875,0.0035943393595516,19.919261932373047,19.9609375,21.929595947265625,41.97823715209961,1018.1456756591796,20.678863525390625
2024-04-10 12:36:35,0.0027020457200706,14.276829719543455,20.1875,0.0035943393595516,19.919261932373047,19.9609375,21.962890625,41.97823715209961,1018.1456756591796,20.68023109436035
2024-04-10 12:36:40,0.0029995436780154,12.026677131652832,20.25,0.0035416113678365,19.392940521240234,20.015625,22.0047607421875,41.97823715209961,1018.1711101531982,20.68023109436035
2024-04-10 12:36:45,0.0031646627467125,13.656097412109377,20.34375,0.0035572717897593,19.6358585357666,20.0546875,22.0047607421875,41.97823715209961,1018.1711101531982,20.693981170654297
2024-04-10 12:36:50,0.0031646627467125,13.656097412109377,20.34375,0.0035572717897593,19.6358585357666,20.0546875,22.041656494140625,41.97823715209961,1018.117094039917,20.69236183166504
2024-04-10 12:36:55,0.0030098299030214,13.462119102478027,20.3828125,0.0035262976307421,23.15816879272461,20.140625,22.061981201171875,41.97823715209961,1018.0776119232178,20.69236183166504
2024-04-10 12:37:00,0.0028596159536391,11.63871955871582,20.484375,0.0035262976307421,23.15816879272461,20.140625,22.061981201171875,41.97823715209961,1018.0776119232178,20.701889038085938
2024-04-10 12:37:05,0.0028596159536391,11.63871955871582,20.484375,0.0035840210039168,22.59136009216309,20.171875,22.162353515625,41.97823715209961,1018.1036472320556,20.701889038085938
2024-04-10 12:37:10,0.0032607929315418,12.531021118164062,20.5625,0.0035580263938754,23.92740631103516,20.265625,22.1859130859375,41.97823715209961,1018.1036472320556,20.713293075561523
2024-04-10 12:37:15,0.0032607929315418,12.531021118164062,20.5625,0.0035580263938754,23.92740631103516,20.265625,22.1859130859375,41.97823715209961,1018.1862449645996,20.726402282714844
2024-04-10 12:37:20,0.00317277549766,13.26814079284668,20.609375,0.0037730697076767,20.52655792236328,20.3203125,22.192779541015625,41.97823715209961,1018.1547164916992,20.726402282714844
2024-04-10 12:37:25,0.00317277549766,13.26814079284668,20.609375,0.0038162940181791,21.660175323486328,20.359375,22.192779541015625,41.97823715209961,1018.1547164916992,20.73563766479492
2024-04-10 12:37:30,0.0028060683980584,13.617301940917969,20.6796875,0.0038162940181791,21.660175323486328,20.359375,22.192779541015625,41.95159912109375,1018.1097984313964,20.73563766479492
2024-04-10 12:37:35,0.0026131207123398,12.531021118164062,20.7265625,0.0035598140675574,19.79780387878418,20.4375,22.15997314453125,41.95159912109375,1018.1345748901368,20.74673843383789
2024-04-10 12:37:40,0.0026131207123398,12.531021118164062,20.7265625,0.0035598140675574,19.79780387878418,20.4375,22.28717041015625,41.95159912109375,1018.1345748901368,20.760574340820312
2024-04-10 12:37:45,0.0028226799331605,13.733689308166504,20.796875,0.0035684413742274,20.16217994689941,20.5078125,22.3421630859375,41.95159912109375,1018.0888557434082,20.760574340820312
2024-04-10 12:37:50,0.0030625858344137,14.35442066192627,20.859375,0.0036812303587794,20.56704330444336,20.5625,22.3421630859375,41.95159912109375,1018.152313232422,20.76033973693848
2024-04-10 12:37:55,0.0030625858344137,14.35442066192627,20.859375,0.0036812303587794,20.56704330444336,20.5625,22.359405517578125,41.95159912109375,1018.152313232422,20.770994186401367
2024-04-10 12:38:00,0.0028238261584192,14.58719539642334,20.9140625,0.0036093147937208,19.59537124633789,20.625,22.359405517578125,41.95159912109375,1018.1630420684814,20.770994186401367
2024-04-10 12:38:05,0.0028238261584192,14.58719539642334,20.9140625,0.0036129432264715,20.48607063293457,20.671875,22.337432861328125,41.95159912109375,1018.1630420684814,20.762331008911133
2024-04-10 12:38:10,0.0028192093595862,14.742379188537598,20.9765625,0.0036129432264715,20.48607063293457,20.671875,22.362823486328125,41.95159912109375,1018.1466197967528,20.76548385620117
2024-04-10 12:38:15,0.0028258780948817,11.71631145477295,21.0078125,0.0036374409683048,21.538715362548828,20.7421875,22.448028564453125,41.95159912109375,1018.1411838531494,20.76548385620117
2024-04-10 12:38:20,0.0028258780948817,11.71631145477295,21.0078125,0.0035717394202947,21.052879333496094,20.8125,22.448028564453125,41.95159912109375,1018.1411838531494,20.768573760986328
2024-04-10 12:38:25,0.0026025609113276,10.08689022064209,21.1171875,0.0035717394202947,21.052879333496094,20.8125,22.558258056640625,41.95159912109375,1018.1124591827391,20.768573760986328
2024-04-10 12:38:30,0.003217636141926,10.513643264770508,21.1328125,0.003595070214942,21.41725730895996,20.8515625,22.558258056640625,41.913536071777344,1018.1599807739258,20.75519561767578
2024-04-10 12:38:35,0.003217636141926,10.513643264770508,21.1328125,0.003595070214942,21.41725730895996,20.8515625,22.689605712890625,41.913536071777344,1018.1599807739258,20.751916885375977
2024-04-10 12:38:40,0.0027774244081228,12.608613014221191,21.21875,0.0035342732444405,20.324125289916992,20.9296875,22.766845703125,41.913536071777344,1018.1954288482666,20.751916885375977
2024-04-10 12:38:45,0.0030704534146934,12.880183219909668,21.296875,0.0035469168797135,19.87877655029297,20.9765625,22.766845703125,41.913536071777344,1018.1954288482666,20.753782272338867
2024-04-10 12:38:50,0.0030704534146934,12.880183219909668,21.296875,0.0035469168797135,19.87877655029297,20.9765625,22.81658935546875,41.913536071777344,1018.0941772460938,20.753782272338867
2024-04-10 12:38:55,0.0031087512616068,13.19054889678955,21.375,0.0035305127967149,21.33628463745117,21.0625,22.893798828125,41.913536071777344,1018.120698928833,20.75390243530273
2024-04-10 12:39:00,0.0031087512616068,13.19054889678955,21.375,0.0035305127967149,21.33628463745117,21.0625,22.893798828125,41.913536071777344,1018.120698928833,20.7514705657959
2024-04-10 12:39:05,0.0026507573202252,12.298247337341309,21.421875,0.0035022560041397,21.052879333496094,21.125,22.893798828125,41.913536071777344,1018.129653930664,20.74578857421875
2024-04-10 12:39:10,0.0028530755080282,13.19054889678955,21.4921875,0.0035313928965479,21.012393951416016,21.1875,22.934356689453125,41.913536071777344,1018.1617546081544,20.74578857421875
2024-04-10 12:39:15,0.0028530755080282,13.19054889678955,21.4921875,0.0035313928965479,21.012393951416016,21.1875,23.00228881835937,41.913536071777344,1018.1617546081544,20.745250701904297
2024-04-10 12:39:20,0.0026455586776137,11.405945777893066,21.5390625,0.0035663493908941,24.858591079711918,21.2265625,23.0115966796875,41.913536071777344,1018.1295680999756,20.745250701904297
2024-04-10 12:39:25,0.002873160643503,14.276829719543455,21.625,0.0035469643771648,20.60753059387207,21.3046875,23.0115966796875,41.913536071777344,1018.1295680999756,20.740678787231445
2024-04-10 12:39:30,0.002873160643503,14.276829719543455,21.625,0.0035469643771648,20.60753059387207,21.3046875,23.097564697265625,41.90975189208984,1018.1305694580078,20.742589950561523
2024-04-10 12:39:35,0.00278812344186,14.35442066192627,21.6640625,0.0035647461190819,20.364612579345703,21.390625,23.097564697265625,41.90975189208984,1018.0847358703612,20.742589950561523
2024-04-10 12:39:40,0.00278812344186,14.35442066192627,21.6640625,0.0035694332327693,21.862606048583984,21.4296875,23.228057861328125,41.90975189208984,1018.0847358703612,20.73956298828125
2024-04-10 12:39:45,0.0028021063189953,12.22065544128418,21.765625,0.0035694332327693,21.862606048583984,21.4296875,23.2554931640625,41.90975189208984,1018.1622123718262,20.73956298828125
2024-04-10 12:39:50,0.0028652588371187,13.966463088989258,21.8125,0.0035620897542685,21.214824676513672,21.53125,23.2554931640625,41.90975189208984,1018.1430435180664,20.735414505004883
2024-04-10 12:39:55,0.0028652588371187,13.966463088989258,21.8125,0.0035620897542685,21.214824676513672,21.53125,23.229949951171875,41.90975189208984,1018.1430435180664,20.74839782714844
2024-04-10 12:40:00,0.0027614368591457,15.1691312789917,21.90625,0.0035991996992379,24.939563751220703,21.578125,23.280975341796875,41.90975189208984,1018.1103706359864,20.74839782714844
2024-04-10 12:40:05,0.0027614368591457,15.1691312789917,21.90625,0.0035848952829837,22.307954788208008,21.6171875,23.280975341796875,41.90975189208984,1018.1103706359864,20.73915672302246
2024-04-10 12:40:10,0.0028391240630298,12.841387748718262,21.96875,0.0035848952829837,22.307954788208008,21.6171875,23.3411865234375,41.90975189208984,1018.1219291687012,20.747791290283203
2024-04-10 12:40:15,0.0029103327542543,12.414634704589844,22.0390625,0.0035776440054178,21.538715362548828,21.703125,23.354156494140625,41.90975189208984,1018.1219291687012,20.747791290283203
2024-04-10 12:40:20,0.0029103327542543,12.414634704589844,22.0390625,0.0035776440054178,21.538715362548828,21.703125,23.354156494140625,41.90975189208984,1018.135347366333,20.753358840942383
2024-04-10 12:40:25,0.0027838451787829,15.09153938293457,22.1015625,0.0035714067053049,19.87877655029297,21.78125,23.31036376953125,41.90975189208984,1018.0795860290528,20.758960723876957
2024-04-10 12:40:30,0.0031209923326969,13.539710998535156,22.171875,0.0035503460094332,20.48607063293457,21.828125,23.31036376953125,41.92979049682617,1018.14847946167,20.758960723876957
2024-04-10 12:40:35,0.0031209923326969,13.539710998535156,22.171875,0.0035503460094332,20.48607063293457,21.828125,23.3907470703125,41.92979049682617,1018.14847946167,20.7419376373291
2024-04-10 12:40:40,0.0029961238615214,13.074161529541016,22.2421875,0.0035533532500267,20.56704330444336,21.921875,23.3895263671875,41.92979049682617,1018.0893993377686,20.7419376373291
2024-04-10 12:40:45,0.0029653024394065,12.80259132385254,22.3203125,0.0035533532500267,20.56704330444336,21.921875,23.3895263671875,41.92979049682617,1018.0893993377686,20.717893600463867
2024-04-10 12:40:50,0.0029653024394065,12.80259132385254,22.3203125,0.0035253139212727,21.49822998046875,21.9375,23.4285888671875,41.92979049682617,1018.0702590942384,20.71412849426269
2024-04-10 12:40:55,0.0026332759298384,13.811281204223633,22.375,0.0035605875309556,21.49822998046875,22.015625,23.4285888671875,41.92979049682617,1018.1078243255616,20.71412849426269
2024-04-10 12:41:00,0.0027021362911909,13.345731735229492,22.4296875,0.0035605875309556,21.49822998046875,22.015625,23.512359619140625,41.92979049682617,1018.1078243255616,20.703147888183597
2024-04-10 12:41:05,0.0027021362911909,13.345731735229492,22.4296875,0.0036463821306824,22.14600944519043,22.078125,23.511871337890625,41.92979049682617,1018.0849075317384,20.703147888183597
2024-04-10 12:41:10,0.0030327520798891,12.918978691101074,22.484375,0.0035763045307248,22.99622344970703,22.140625,23.511871337890625,41.92979049682617,1018.0926036834716,20.70015525817871
2024-04-10 12:41:15,0.0030327520798891,12.918978691101074,22.484375,0.0035763045307248,22.99622344970703,22.140625,23.554718017578125,41.92979049682617,1018.0926036834716,20.68716049194336
2024-04-10 12:41:20,0.0029769979882985,15.207926750183104,22.5859375,0.0035617917310446,20.40509796142578,22.203125,23.609344482421875,41.92979049682617,1018.0691719055176,20.68716049194336
2024-04-10 12:41:25,0.0028045971412211,14.08285140991211,22.6484375,0.0035780188627541,23.360597610473636,22.2421875,23.609344482421875,41.92979049682617,1018.0691719055176,20.681306838989254
2024-04-10 12:41:30,0.0028045971412211,14.08285140991211,22.6484375,0.0035780188627541,23.360597610473636,22.2421875,23.66217041015625,41.9441032409668,1018.1058216094972,20.681306838989254
2024-04-10 12:41:35,0.003084348514676,13.733689308166504,22.6953125,0.0035479015205055,21.093366622924805,22.3125,23.66217041015625,41.9441032409668,1018.1005859375,20.676414489746094
2024-04-10 12:41:40,0.003084348514676,13.733689308166504,22.6953125,0.0035479015205055,21.093366622924805,22.3125,23.696441650390625,41.9441032409668,1018.1005859375,20.66961097717285
2024-04-10 12:41:45,0.0033328179270029,14.819969177246094,22.7265625,0.0035748286172747,21.660175323486328,22.390625,23.696441650390625,41.9441032409668,1018.1152057647704,20.66961097717285
2024-04-10 12:41:50,0.0029041985981166,13.811281204223633,22.8203125,0.0035748286172747,21.660175323486328,22.390625,23.744110107421875,41.9441032409668,1018.1152057647704,20.66481590270996
2024-04-10 12:41:55,0.0029041985981166,13.811281204223633,22.8203125,0.0035471527371555,19.230995178222656,22.4296875,23.863311767578125,41.9441032409668,1018.0766105651855,20.67411422729492
2024-04-10 12:42:00,0.0028492705896496,13.656097412109377,22.9140625,0.0035375712905079,38.94782638549805,22.4765625,23.87652587890625,41.9441032409668,1018.067626953125,20.67411422729492
2024-04-10 12:42:05,0.0025206634309142,15.1691312789917,22.9609375,0.0035597342066466,20.48607063293457,22.5546875,23.87652587890625,41.9441032409668,1018.067626953125,20.67207145690918
2024-04-10 12:42:10,0.0025206634309142,15.1691312789917,22.9609375,0.0035597342066466,20.48607063293457,22.5546875,23.905181884765625,41.9441032409668,1018.0833625793456,20.669416427612305
2024-04-10 12:42:15,0.0028349650092422,17.923627853393555,23.0234375,0.0035513255279511,21.57920265197754,22.609375,23.905181884765625,41.9441032409668,1018.061933517456,20.669416427612305
2024-04-10 12:42:20,0.0025675434153527,15.906250953674316,23.109375,0.0035513255279511,21.57920265197754,22.609375,23.911529541015625,41.9441032409668,1018.061933517456,20.660558700561523
2024-04-10 12:42:25,0.0025675434153527,15.906250953674316,23.109375,0.0034855832345783,22.91525077819824,22.703125,23.901763916015625,41.9441032409668,1018.087396621704,20.660558700561523
2024-04-10 12:42:30,0.0027101314626634,18.77713394165039,23.1953125,0.0035529716406017,20.44558525085449,22.7265625,23.95904541015625,41.97175216674805,1018.087396621704,20.64302062988281
2024-04-10 12:42:35,0.0027101314626634,18.77713394165039,23.1953125,0.0035529716406017,20.44558525085449,22.7265625,23.95904541015625,41.97175216674805,1018.0705738067628,20.64754676818848
2024-04-10 12:42:40,0.0027383717242628,13.69489288330078,23.25,0.0035438011400401,19.75731658935547,22.7890625,23.95904541015625,41.97175216674805,1018.0705738067628,20.64754676818848
2024-04-10 12:42:45,0.0027383717242628,13.69489288330078,23.25,0.0036047550383955,20.64801597595215,22.8671875,24.02182006835937,41.97175216674805,1018.0472278594972,20.649812698364254
2024-04-10 12:42:50,0.0032151653431355,13.42332363128662,23.3046875,0.0036047550383955,20.64801597595215,22.8671875,24.14178466796875,41.97175216674805,1018.0851364135742,20.649812698364254
2024-04-10 12:42:55,0.0028178482316434,13.85007667541504,23.390625,0.003535364754498,22.59136009216309,22.90625,24.19512939453125,41.97175216674805,1018.07523727417,20.65233612060547
2024-04-10 12:43:00,0.0028178482316434,13.85007667541504,23.390625,0.003535364754498,22.59136009216309,22.90625,24.19512939453125,41.97175216674805,1018.07523727417,20.65313720703125
2024-04-10 12:43:05,0.0026409609708935,13.384527206420898,23.4609375,0.0035219846758991,20.56704330444336,22.96875,24.30621337890625,41.97175216674805,1018.0994415283204,20.65313720703125
2024-04-10 12:43:10,0.0029688437934964,15.945045471191406,23.5,0.0034983556251972,22.14600944519043,23.015625,24.30621337890625,41.97175216674805,1018.1120014190674,20.664226531982425
2024-04-10 12:43:15,0.0029688437934964,15.945045471191406,23.5,0.0034983556251972,22.14600944519043,23.015625,24.32958984375,41.97175216674805,1018.1120014190674,20.66298484802246
2024-04-10 12:43:20,0.0028401403687894,14.121646881103516,23.59375,0.0035730705130845,23.603515625,23.109375,24.36944580078125,41.97175216674805,1018.1069946289062,20.66298484802246
2024-04-10 12:43:25,0.0033226024825125,15.09153938293457,23.65625,0.0035757010336965,20.52655792236328,23.15625,24.36944580078125,41.97175216674805,1018.1189823150636,20.6675968170166
2024-04-10 12:43:30,0.0033226024825125,15.09153938293457,23.65625,0.0035757010336965,20.52655792236328,23.15625,24.449859619140625,41.90890502929688,1018.1189823150636,20.678714752197266
2024-04-10 12:43:35,0.0028562825173139,12.80259132385254,23.6953125,0.0035175748635083,22.95573616027832,23.203125,24.516845703125,41.90890502929688,1018.145990371704,20.678714752197266
2024-04-10 12:43:40,0.0028905945364385,14.548398971557615,23.7734375,0.0035939163062721,25.42539978027344,23.2734375,24.516845703125,41.90890502929688,1018.145990371704,20.68821907043457
2024-04-10 12:43:45,0.0028905945364385,14.548398971557615,23.7734375,0.0035939163062721,25.42539978027344,23.2734375,24.516845703125,41.90890502929688,1018.086280822754,20.69372940063477
2024-04-10 12:43:50,0.0029733341652899,14.160442352294922,23.8515625,0.0035569386091083,21.255311965942383,23.3125,24.57550048828125,41.90890502929688,1018.086280822754,20.69372940063477
2024-04-10 12:43:55,0.0029733341652899,14.160442352294922,23.8515625,0.0035569386091083,21.255311965942383,23.3125,24.699005126953125,41.90890502929688,1018.0746364593506,20.685930252075195
2024-04-10 12:44:00,0.0026816306635737,16.02263641357422,23.9296875,0.003537512384355,22.753305435180664,23.3671875,24.72665405273437,41.90890502929688,1018.1198406219482,20.685930252075195
2024-04-10 12:44:05,0.0027175245340913,14.276829719543455,23.9765625,0.0035669023636728,22.3889274597168,23.4375,24.72665405273437,41.90890502929688,1018.1198406219482,20.689414978027344
2024-04-10 12:44:10,0.0027175245340913,14.276829719543455,23.9765625,0.0035669023636728,22.3889274597168,23.4375,24.78424072265625,41.90890502929688,1018.0797863006592,20.689414978027344
2024-04-10 12:44:15,0.0025741343852132,15.712271690368652,24.0234375,0.0034377677366137,23.1176815032959,23.5,24.7890625,41.90890502929688,1018.1187534332277,20.683984756469727
2024-04-10 12:44:20,0.0025741343852132,15.712271690368652,24.0234375,0.0034377677366137,23.1176815032959,23.5,24.7890625,41.90890502929688,1018.1187534332277,20.690135955810547
2024-04-10 12:44:25,0.0031449038069695,14.238033294677734,24.109375,0.003450684249401,21.49822998046875,23.5546875,24.775299072265625,41.90890502929688,1018.0995845794678,20.690135955810547
2024-04-10 12:44:30,0.0028102346695959,12.80259132385254,24.171875,0.0034527794923633,19.67634391784668,23.5859375,24.775299072265625,41.91275405883789,1018.0995845794678,20.697322845458984
2024-04-10 12:44:35,0.0028102346695959,12.80259132385254,24.171875,0.0034527794923633,19.67634391784668,23.5859375,24.78228759765625,41.91275405883789,1018.0401039123536,20.686885833740234
2024-04-10 12:44:40,0.0031680725514888,13.30693531036377,24.25,0.0034360983408987,21.57920265197754,23.6484375,24.78228759765625,41.91275405883789,1018.0401039123536,20.686885833740234
2024-04-10 12:44:45,0.0029021922964602,16.526981353759766,24.3125,0.0035794181749224,24.29178237915039,23.7265625,24.765380859375,41.91275405883789,1018.1291675567628,20.67647171020508
2024-04-10 12:44:50,0.0029021922964602,16.526981353759766,24.3125,0.0035794181749224,24.29178237915039,23.7265625,24.724761962890625,41.91275405883789,1018.1291675567628,20.66156005859375
2024-04-10 12:44:55,0.0031807809136807,14.432012557983398,24.3828125,0.0034616373013705,23.765460968017575,23.765625,24.724761962890625,41.91275405883789,1018.1197834014891,20.66156005859375
2024-04-10 12:45:00,0.003081923816353,15.246723175048828,24.4453125,0.0034616373013705,23.765460968017575,23.765625,24.767303466796875,41.91275405883789,1018.1197834014891,20.640308380126957
2024-04-10 12:45:05,0.003081923816353,15.246723175048828,24.4453125,0.0035267448984086,24.2108097076416,23.828125,24.8226318359375,41.91275405883789,1018.1139183044434,20.640308380126957
2024-04-10 12:45:10,0.0024627426173537,14.121646881103516,24.5,0.0037245776038616,20.16217994689941,23.875,24.8226318359375,41.91275405883789,1018.0983543395996,20.629350662231445
2024-04-10 12:45:15,0.0024627426173537,14.121646881103516,24.5,0.0037245776038616,20.16217994689941,23.875,24.846343994140625,41.91275405883789,1018.0983543395996,20.61725425720215
2024-04-10 12:45:20,0.0027459084521979,14.121646881103516,24.5859375,0.003565571969375,20.60753059387207,23.921875,24.90216064453125,41.91275405883789,1018.1190967559814,20.61725425720215
2024-04-10 12:45:25,0.0027323497924953,13.578506469726562,24.6328125,0.0035318564623594,20.16217994689941,23.96875,24.90216064453125,41.91275405883789,1018.1190967559814,20.575151443481445
2024-04-10 12:45:30,0.0027323497924953,13.578506469726562,24.6328125,0.0035318564623594,20.16217994689941,23.96875,25.009063720703125,41.93086624145508,1018.0875396728516,20.570178985595703
2024-04-10 12:45:35,0.0029665834736078,16.333003997802734,24.7109375,0.0035318564623594,20.16217994689941,23.96875,25.019012451171875,41.93086624145508,1018.1306838989258,20.570178985595703
2024-04-10 12:45:40,0.0029665834736078,16.333003997802734,24.7109375,0.0035015009343624,26.15415382385254,24.0,25.019012451171875,41.93086624145508,1018.1306838989258,20.5625
2024-04-10 12:45:45,0.0028308387845754,14.897561073303224,24.765625,0.0034556628670543,22.55087280273437,24.046875,25.113555908203125,41.93086624145508,1018.1398105621338,20.5625
2024-04-10 12:45:50,0.0025036290753632,14.819969177246094,24.8203125,0.0034452786203473,25.30394172668457,24.09375,25.113555908203125,41.93086624145508,1018.1283664703368,20.561899185180664
2024-04-10 12:45:55,0.0025036290753632,14.819969177246094,24.8203125,0.0034452786203473,25.30394172668457,24.09375,25.227081298828125,41.93086624145508,1018.1283664703368,20.552812576293945
2024-04-10 12:46:00,0.002898168284446,14.121646881103516,24.90625,0.0034511976409703,20.00023460388184,24.125,25.36090087890625,41.93086624145508,1018.069257736206,20.552812576293945
2024-04-10 12:46:05,0.002898168284446,14.121646881103516,24.90625,0.0034511976409703,20.00023460388184,24.125,25.36090087890625,41.93086624145508,1018.069257736206,20.549711227416992
2024-04-10 12:46:10,0.002983892802149,15.013948440551758,24.9765625,0.0035349559038877,23.886919021606445,24.1875,25.38623046875,41.93086624145508,1018.1153202056884,20.549711227416992
2024-04-10 12:46:15,0.0025258848909288,13.69489288330078,25.03125,0.0035553087946027,21.29579734802246,24.234375,25.38623046875,41.93086624145508,1018.1467628479004,20.5500545501709
2024-04-10 12:46:16,0.0025258848909288,13.69489288330078,25.03125,0.0035553087946027,21.29579734802246,24.234375,25.40753173828125,41.93086624145508,1018.1467628479004,20.5500545501709
2024-04-10 12:46:17,0.0025258848909288,13.69489288330078,25.03125,0.0035553087946027,21.29579734802246,24.234375,25.40753173828125,41.93086624145508,1018.1467628479004,20.5500545501709
2024-04-10 12:46:18,0.0025258848909288,13.69489288330078,25.03125,0.0035553087946027,21.29579734802246,24.234375,25.40753173828125,41.93086624145508,1018.1467628479004,20.540876388549805
2024-04-10 12:46:19,0.0025258848909288,13.69489288330078,25.03125,0.0035553087946027,21.29579734802246,24.234375,25.40753173828125,41.93086624145508,1018.1467628479004,20.540876388549805
2024-04-10 12:46:20,0.0025258848909288,13.69489288330078,25.03125,0.0035140579566359,24.45372772216797,24.265625,25.40753173828125,41.93086624145508,1018.1467628479004,20.540876388549805
2024-04-10 12:46:21,0.002956150798127,14.625990867614746,25.1171875,0.0035140579566359,24.45372772216797,24.265625,25.40753173828125,41.93086624145508,1018.159637451172,20.540876388549805
2024-04-10 12:46:22,0.002956150798127,14.625990867614746,25.1171875,0.0035140579566359,24.45372772216797,24.265625,25.40753173828125,41.93086624145508,1018.159637451172,20.540876388549805
2024-04-10 12:46:23,0.002956150798127,14.625990867614746,25.1171875,0.0035140579566359,24.45372772216797,24.265625,25.46044921875,41.93086624145508,1018.159637451172,20.540876388549805
2024-04-10 12:46:24,0.002956150798127,14.625990867614746,25.1171875,0.0035140579566359,24.45372772216797,24.265625,25.46044921875,41.93086624145508,1018.159637451172,20.540876388549805
2024-04-10 12:46:25,0.002956150798127,14.625990867614746,25.1171875,0.0035140579566359,24.45372772216797,24.265625,25.46044921875,41.93086624145508,1018.159637451172,20.540876388549805
2024-04-10 12:46:26,0.002956150798127,14.625990867614746,25.1171875,0.0035140579566359,24.45372772216797,24.265625,25.46044921875,41.93086624145508,1018.159637451172,20.537397384643555
2024-04-10 12:46:27,0.002956150798127,14.625990867614746,25.1171875,0.0035140579566359,24.45372772216797,24.265625,25.46044921875,41.93086624145508,1018.159637451172,20.537397384643555
2024-04-10 12:46:28,0.002956150798127,14.625990867614746,25.1171875,0.0035140579566359,24.45372772216797,24.265625,25.46044921875,41.93086624145508,1018.159637451172,20.537397384643555
2024-04-10 12:46:29,0.0029567047022283,15.75106716156006,25.1953125,0.0035140579566359,24.45372772216797,24.265625,25.46044921875,41.93851852416992,1018.0803871154784,20.537397384643555
2024-04-10 12:46:30,0.0029567047022283,15.75106716156006,25.1953125,0.0035617977846413,25.506372451782227,24.34375,25.46044921875,41.93851852416992,1018.0803871154784,20.537397384643555
2024-04-10 12:46:31,0.0029567047022283,15.75106716156006,25.1953125,0.0035617977846413,25.506372451782227,24.34375,25.46044921875,41.93851852416992,1018.0803871154784,20.537397384643555
2024-04-10 12:46:32,0.0029567047022283,15.75106716156006,25.1953125,0.0035617977846413,25.506372451782227,24.34375,25.46044921875,41.93851852416992,1018.0803871154784,20.537397384643555
2024-04-10 12:46:33,0.0029567047022283,15.75106716156006,25.1953125,0.0035617977846413,25.506372451782227,24.34375,25.53402709960937,41.93851852416992,1018.0803871154784,20.537397384643555
2024-04-10 12:46:34,0.0029567047022283,15.75106716156006,25.1953125,0.0035617977846413,25.506372451782227,24.34375,25.53402709960937,41.93851852416992,1018.0803871154784,20.526456832885746
2024-04-10 12:46:35,0.0029567047022283,15.75106716156006,25.1953125,0.0035617977846413,25.506372451782227,24.34375,25.53402709960937,41.93851852416992,1018.0803871154784,20.526456832885746
2024-04-10 12:46:36,0.0027821257244795,14.819969177246094,25.2265625,0.0035617977846413,25.506372451782227,24.34375,25.53402709960937,41.93851852416992,1018.0803871154784,20.526456832885746
2024-04-10 12:46:37,0.0027821257244795,14.819969177246094,25.2265625,0.0035221986472606,21.45774269104004,24.390625,25.53402709960937,41.93851852416992,1018.0803871154784,20.526456832885746
2024-04-10 12:46:38,0.0027821257244795,14.819969177246094,25.2265625,0.0035221986472606,21.45774269104004,24.390625,25.53402709960937,41.93851852416992,1018.1198978424072,20.526456832885746
2024-04-10 12:46:39,0.0027821257244795,14.819969177246094,25.2265625,0.0035221986472606,21.45774269104004,24.390625,25.475555419921875,41.93851852416992,1018.1198978424072,20.526456832885746
2024-04-10 12:46:40,0.0027821257244795,14.819969177246094,25.2265625,0.0035221986472606,21.45774269104004,24.390625,25.475555419921875,41.93851852416992,1018.1198978424072,20.526456832885746
2024-04-10 12:46:41,0.0027821257244795,14.819969177246094,25.2265625,0.0035221986472606,21.45774269104004,24.390625,25.475555419921875,41.93851852416992,1018.1198978424072,20.526456832885746
2024-04-10 12:46:42,0.0027821257244795,14.819969177246094,25.2265625,0.0035221986472606,21.45774269104004,24.390625,25.475555419921875,41.93851852416992,1018.1198978424072,20.51646041870117
2024-04-10 12:46:43,0.0027821257244795,14.819969177246094,25.2265625,0.0035221986472606,21.45774269104004,24.390625,25.475555419921875,41.93851852416992,1018.1198978424072,20.51646041870117
2024-04-10 12:46:44,0.0028276515658944,14.276829719543455,25.3203125,0.0037473835982382,21.781633377075195,24.421875,25.475555419921875,41.93851852416992,1018.1198978424072,20.51646041870117
2024-04-10 12:46:45,0.0028276515658944,14.276829719543455,25.3203125,0.0037473835982382,21.781633377075195,24.421875,25.475555419921875,41.93851852416992,1018.1198978424072,20.51646041870117
2024-04-10 12:46:46,0.0028276515658944,14.276829719543455,25.3203125,0.0037473835982382,21.781633377075195,24.421875,25.634063720703125,41.93851852416992,1018.1198978424072,20.51646041870117
2024-04-10 12:46:47,0.0028276515658944,14.276829719543455,25.3203125,0.0037473835982382,21.781633377075195,24.421875,25.634063720703125,41.93851852416992,1018.1142902374268,20.51646041870117
2024-04-10 12:46:48,0.0028276515658944,14.276829719543455,25.3203125,0.0037473835982382,21.781633377075195,24.421875,25.634063720703125,41.93851852416992,1018.1142902374268,20.51646041870117
2024-04-10 12:46:49,0.0028276515658944,14.276829719543455,25.3203125,0.0037473835982382,21.781633377075195,24.421875,25.634063720703125,41.93851852416992,1018.1142902374268,20.50891876220703
2024-04-10 12:46:50,0.0028276515658944,14.276829719543455,25.3203125,0.0037473835982382,21.781633377075195,24.421875,25.634063720703125,41.93851852416992,1018.1142902374268,20.50891876220703
2024-04-10 12:46:51,0.0028276515658944,14.276829719543455,25.3203125,0.0037473835982382,21.781633377075195,24.421875,25.634063720703125,41.93851852416992,1018.1142902374268,20.50891876220703
2024-04-10 12:46:52,0.0025640553794801,17.225305557250977,25.359375,0.003592582186684,21.174339294433597,24.4921875,25.634063720703125,41.93851852416992,1018.1142902374268,20.50891876220703
2024-04-10 12:46:53,0.0025640553794801,17.225305557250977,25.359375,0.003592582186684,21.174339294433597,24.4921875,25.634063720703125,41.93851852416992,1018.1142902374268,20.50891876220703
2024-04-10 12:46:54,0.0025640553794801,17.225305557250977,25.359375,0.003592582186684,21.174339294433597,24.4921875,25.634063720703125,41.93851852416992,1018.1142902374268,20.50891876220703
2024-04-10 12:46:55,0.0025640553794801,17.225305557250977,25.359375,0.003592582186684,21.174339294433597,24.4921875,25.634063720703125,41.93851852416992,1018.1470203399658,20.50891876220703
2024-04-10 12:46:56,0.0025640553794801,17.225305557250977,25.359375,0.003592582186684,21.174339294433597,24.4921875,25.634063720703125,41.93851852416992,1018.1470203399658,20.50891876220703
2024-04-10 12:46:57,0.0025640553794801,17.225305557250977,25.359375,0.003592582186684,21.174339294433597,24.4921875,25.629119873046875,41.93851852416992,1018.1470203399658,20.50891876220703
2024-04-10 12:46:58,0.0025640553794801,17.225305557250977,25.359375,0.003592582186684,21.174339294433597,24.4921875,25.629119873046875,41.93851852416992,1018.1470203399658,20.50891876220703
2024-04-10 12:46:59,0.0025640553794801,17.225305557250977,25.359375,0.003592582186684,21.174339294433597,24.4921875,25.629119873046875,41.93851852416992,1018.1470203399658,20.48423957824707
2024-04-10 12:47:00,0.0025640553794801,17.225305557250977,25.359375,0.003592582186684,21.174339294433597,24.4921875,25.629119873046875,41.93851852416992,1018.1470203399658,20.48423957824707
2024-04-10 12:47:01,0.0025640553794801,17.225305557250977,25.359375,0.0035597402602434,21.538715362548828,24.546875,25.629119873046875,41.93851852416992,1018.1470203399658,20.48423957824707
2024-04-10 12:47:02,0.0031944252550601,14.121646881103516,25.453125,0.0035597402602434,21.538715362548828,24.546875,25.629119873046875,41.93851852416992,1018.0911445617676,20.48423957824707
2024-04-10 12:47:03,0.0031944252550601,14.121646881103516,25.453125,0.0035597402602434,21.538715362548828,24.546875,25.629119873046875,41.93851852416992,1018.0911445617676,20.48423957824707
2024-04-10 12:47:04,0.0031944252550601,14.121646881103516,25.453125,0.0035597402602434,21.538715362548828,24.546875,25.67828369140625,41.93851852416992,1018.0911445617676,20.48423957824707
2024-04-10 12:47:05,0.0031944252550601,14.121646881103516,25.453125,0.0035597402602434,21.538715362548828,24.546875,25.67828369140625,41.93851852416992,1018.0911445617676,20.48423957824707
2024-04-10 12:47:06,0.0031944252550601,14.121646881103516,25.453125,0.0035597402602434,21.538715362548828,24.546875,25.67828369140625,41.93851852416992,1018.0911445617676,20.48423957824707
2024-04-10 12:47:07,0.0031944252550601,14.121646881103516,25.453125,0.0035597402602434,21.538715362548828,24.546875,25.67828369140625,41.93851852416992,1018.0911445617676,20.454456329345703
2024-04-10 12:47:08,0.0031944252550601,14.121646881103516,25.453125,0.0035597402602434,21.538715362548828,24.546875,25.67828369140625,41.93851852416992,1018.0911445617676,20.454456329345703
2024-04-10 12:47:09,0.0025520029012113,15.634679794311523,25.5234375,0.0034852190874516,21.052879333496094,24.5625,25.67828369140625,41.93851852416992,1018.137378692627,20.454456329345703
2024-04-10 12:47:10,0.0025520029012113,15.634679794311523,25.5234375,0.0034852190874516,21.052879333496094,24.5625,25.67828369140625,41.93851852416992,1018.137378692627,20.454456329345703
2024-04-10 12:47:11,0.0025520029012113,15.634679794311523,25.5234375,0.0034852190874516,21.052879333496094,24.5625,25.710601806640625,41.93851852416992,1018.137378692627,20.454456329345703
2024-04-10 12:47:12,0.0025520029012113,15.634679794311523,25.5234375,0.0034852190874516,21.052879333496094,24.5625,25.710601806640625,41.93851852416992,1018.137378692627,20.454456329345703
2024-04-10 12:47:13,0.0025520029012113,15.634679794311523,25.5234375,0.0034852190874516,21.052879333496094,24.5625,25.710601806640625,41.93851852416992,1018.137378692627,20.454456329345703
2024-04-10 12:47:14,0.0025520029012113,15.634679794311523,25.5234375,0.0034852190874516,21.052879333496094,24.5625,25.710601806640625,41.93851852416992,1018.137378692627,20.454456329345703
2024-04-10 12:47:15,0.0025520029012113,15.634679794311523,25.5234375,0.0034852190874516,21.052879333496094,24.5625,25.710601806640625,41.93851852416992,1018.137378692627,20.445707321166992
2024-04-10 12:47:16,0.0025520029012113,15.634679794311523,25.5234375,0.0034852190874516,21.052879333496094,24.5625,25.710601806640625,41.93851852416992,1018.137378692627,20.445707321166992
2024-04-10 12:47:17,0.0027858649846166,16.216615676879883,25.5859375,0.0035204307641834,21.093366622924805,24.6171875,25.710601806640625,41.93851852416992,1018.1223011016846,20.445707321166992
2024-04-10 12:47:18,0.0027858649846166,16.216615676879883,25.5859375,0.0035204307641834,21.093366622924805,24.6171875,25.710601806640625,41.93851852416992,1018.1223011016846,20.445707321166992
2024-04-10 12:47:19,0.0027858649846166,16.216615676879883,25.5859375,0.0035204307641834,21.093366622924805,24.6171875,25.710601806640625,41.93851852416992,1018.1223011016846,20.445707321166992
2024-04-10 12:47:20,0.0027858649846166,16.216615676879883,25.5859375,0.0035204307641834,21.093366622924805,24.6171875,25.709197998046875,41.93851852416992,1018.1223011016846,20.445707321166992
2024-04-10 12:47:21,0.0027858649846166,16.216615676879883,25.5859375,0.0035204307641834,21.093366622924805,24.6171875,25.709197998046875,41.93851852416992,1018.1223011016846,20.445707321166992
2024-04-10 12:47:22,0.0027858649846166,16.216615676879883,25.5859375,0.0035204307641834,21.093366622924805,24.6171875,25.709197998046875,41.93851852416992,1018.1223011016846,20.445707321166992
2024-04-10 12:47:23,0.0027858649846166,16.216615676879883,25.5859375,0.0035204307641834,21.093366622924805,24.6171875,25.709197998046875,41.93851852416992,1018.1223011016846,20.43315887451172
2024-04-10 12:47:24,0.0027858649846166,16.216615676879883,25.5859375,0.003515321528539,20.76947593688965,24.6875,25.709197998046875,41.93851852416992,1018.1223011016846,20.43315887451172
2024-04-10 12:47:25,0.0027858649846166,16.216615676879883,25.5859375,0.003515321528539,20.76947593688965,24.6875,25.709197998046875,41.93851852416992,1018.1223011016846,20.43315887451172
2024-04-10 12:47:26,0.0027725391555577,14.238033294677734,25.671875,0.003515321528539,20.76947593688965,24.6875,25.709197998046875,41.93851852416992,1018.0980968475342,20.43315887451172
2024-04-10 12:47:27,0.0027725391555577,14.238033294677734,25.671875,0.003515321528539,20.76947593688965,24.6875,25.69247436523437,41.93851852416992,1018.0980968475342,20.43315887451172
2024-04-10 12:47:28,0.0027725391555577,14.238033294677734,25.671875,0.003515321528539,20.76947593688965,24.6875,25.69247436523437,41.923316955566406,1018.0980968475342,20.43315887451172
2024-04-10 12:47:29,0.0027725391555577,14.238033294677734,25.671875,0.003515321528539,20.76947593688965,24.6875,25.69247436523437,41.923316955566406,1018.0980968475342,20.43315887451172
2024-04-10 12:47:30,0.0027725391555577,14.238033294677734,25.671875,0.003515321528539,20.76947593688965,24.6875,25.69247436523437,41.923316955566406,1018.0980968475342,20.42414665222168
2024-04-10 12:47:31,0.0027725391555577,14.238033294677734,25.671875,0.003515321528539,20.76947593688965,24.6875,25.69247436523437,41.923316955566406,1018.0980968475342,20.42414665222168
2024-04-10 12:47:32,0.0027725391555577,14.238033294677734,25.671875,0.003515321528539,20.76947593688965,24.6875,25.69247436523437,41.923316955566406,1018.0980968475342,20.42414665222168
2024-04-10 12:47:33,0.0025404512416571,16.798551559448242,25.734375,0.0035759864840656,20.728988647460938,24.75,25.69247436523437,41.923316955566406,1018.0980968475342,20.42414665222168
2024-04-10 12:47:34,0.0025404512416571,16.798551559448242,25.734375,0.0035759864840656,20.728988647460938,24.75,25.69247436523437,41.923316955566406,1018.0980968475342,20.42414665222168
2024-04-10 12:47:35,0.0025404512416571,16.798551559448242,25.734375,0.0035759864840656,20.728988647460938,24.75,25.78973388671875,41.923316955566406,1018.0980968475342,20.42414665222168
2024-04-10 12:47:36,0.0025404512416571,16.798551559448242,25.734375,0.0035759864840656,20.728988647460938,24.75,25.78973388671875,41.923316955566406,1018.1306552886964,20.42414665222168
2024-04-10 12:47:37,0.0025404512416571,16.798551559448242,25.734375,0.0035759864840656,20.728988647460938,24.75,25.78973388671875,41.923316955566406,1018.1306552886964,20.40218544006348
2024-04-10 12:47:38,0.0025404512416571,16.798551559448242,25.734375,0.0035759864840656,20.728988647460938,24.75,25.78973388671875,41.923316955566406,1018.1306552886964,20.40218544006348
2024-04-10 12:47:39,0.0025404512416571,16.798551559448242,25.734375,0.0035759864840656,20.728988647460938,24.75,25.78973388671875,41.923316955566406,1018.1306552886964,20.40218544006348
2024-04-10 12:47:40,0.0028047121595591,13.888871192932127,25.765625,0.0035759864840656,20.728988647460938,24.75,25.78973388671875,41.923316955566406,1018.1306552886964,20.40218544006348
2024-04-10 12:47:41,0.0028047121595591,13.888871192932127,25.765625,0.0038885774556547,22.3889274597168,24.765625,25.78973388671875,41.923316955566406,1018.1068801879884,20.40218544006348
2024-04-10 12:47:42,0.0028047121595591,13.888871192932127,25.765625,0.0038885774556547,22.3889274597168,24.765625,25.78973388671875,41.923316955566406,1018.1068801879884,20.40218544006348
2024-04-10 12:47:43,0.0028047121595591,13.888871192932127,25.765625,0.0038885774556547,22.3889274597168,24.765625,25.78973388671875,41.923316955566406,1018.1068801879884,20.40218544006348
2024-04-10 12:47:44,0.0028047121595591,13.888871192932127,25.765625,0.0038885774556547,22.3889274597168,24.765625,25.78973388671875,41.923316955566406,1018.1068801879884,20.40218544006348
2024-04-10 12:47:45,0.0028047121595591,13.888871192932127,25.765625,0.0038885774556547,22.3889274597168,24.765625,25.81259155273437,41.923316955566406,1018.1068801879884,20.40218544006348
2024-04-10 12:47:46,0.0028047121595591,13.888871192932127,25.765625,0.0038885774556547,22.3889274597168,24.765625,25.81259155273437,41.923316955566406,1018.1068801879884,20.388647079467773
2024-04-10 12:47:47,0.0028047121595591,13.888871192932127,25.765625,0.0038885774556547,22.3889274597168,24.765625,25.81259155273437,41.923316955566406,1018.1068801879884,20.388647079467773
2024-04-10 12:47:48,0.0028047121595591,13.888871192932127,25.765625,0.0038885774556547,22.3889274597168,24.765625,25.81259155273437,41.923316955566406,1018.1068801879884,20.388647079467773
2024-04-10 12:47:49,0.0027148320805281,15.634679794311523,25.8359375,0.0035149757750332,24.08935165405273,24.828125,25.81259155273437,41.923316955566406,1018.1068801879884,20.388647079467773
2024-04-10 12:47:50,0.0027148320805281,15.634679794311523,25.8359375,0.0035149757750332,24.08935165405273,24.828125,25.79296875,41.923316955566406,1018.1644153594972,20.388647079467773
2024-04-10 12:47:51,0.0027148320805281,15.634679794311523,25.8359375,0.0035149757750332,24.08935165405273,24.828125,25.79296875,41.923316955566406,1018.1644153594972,20.388647079467773
2024-04-10 12:47:52,0.0027148320805281,15.634679794311523,25.8359375,0.0035149757750332,24.08935165405273,24.828125,25.79296875,41.923316955566406,1018.1644153594972,20.388647079467773
2024-04-10 12:47:53,0.0027148320805281,15.634679794311523,25.8359375,0.0035149757750332,24.08935165405273,24.828125,25.79296875,41.923316955566406,1018.1644153594972,20.36853408813477
2024-04-10 12:47:54,0.0027148320805281,15.634679794311523,25.8359375,0.0035149757750332,24.08935165405273,24.828125,25.79296875,41.923316955566406,1018.1644153594972,20.36853408813477
2024-04-10 12:47:55,0.0027148320805281,15.634679794311523,25.8359375,0.0035149757750332,24.08935165405273,24.828125,25.79296875,41.923316955566406,1018.1644153594972,20.36853408813477
2024-04-10 12:47:56,0.0026104061398655,14.625990867614746,25.875,0.0035374157596379,20.040721893310547,24.8828125,25.79296875,41.923316955566406,1018.1644153594972,20.36853408813477
2024-04-10 12:47:57,0.0026104061398655,14.625990867614746,25.875,0.0035374157596379,20.040721893310547,24.8828125,25.79296875,41.923316955566406,1018.1644153594972,20.36853408813477
2024-04-10 12:47:58,0.0026104061398655,14.625990867614746,25.875,0.0035374157596379,20.040721893310547,24.8828125,25.79296875,41.923316955566406,1018.1644153594972,20.36853408813477
2024-04-10 12:47:59,0.0026104061398655,14.625990867614746,25.875,0.0035374157596379,20.040721893310547,24.8828125,25.79296875,41.923316955566406,1018.1644153594972,20.36853408813477
2024-04-10 12:48:00,0.0026104061398655,14.625990867614746,25.875,0.0035374157596379,20.040721893310547,24.8828125,25.79296875,41.923316955566406,1018.1453609466552,20.36853408813477
2024-04-10 12:48:01,0.0026104061398655,14.625990867614746,25.875,0.0035374157596379,20.040721893310547,24.8828125,25.7889404296875,41.923316955566406,1018.1453609466552,20.360191345214844
2024-04-10 12:48:02,0.0026104061398655,14.625990867614746,25.875,0.0035374157596379,20.040721893310547,24.8828125,25.7889404296875,41.923316955566406,1018.1453609466552,20.360191345214844
2024-04-10 12:48:03,0.0026104061398655,14.625990867614746,25.875,0.0035374157596379,20.040721893310547,24.8828125,25.7889404296875,41.923316955566406,1018.1453609466552,20.360191345214844
2024-04-10 12:48:04,0.0028417231515049,18.272789001464844,25.9609375,0.0035374157596379,20.040721893310547,24.8828125,25.7889404296875,41.923316955566406,1018.1453609466552,20.360191345214844
2024-04-10 12:48:05,0.0028417231515049,18.272789001464844,25.9609375,0.0034897802397608,25.061023712158203,24.9140625,25.7889404296875,41.923316955566406,1018.1453609466552,20.360191345214844
2024-04-10 12:48:06,0.0028417231515049,18.272789001464844,25.9609375,0.0034897802397608,25.061023712158203,24.9140625,25.7889404296875,41.923316955566406,1018.1453609466552,20.360191345214844
2024-04-10 12:48:07,0.0028417231515049,18.272789001464844,25.9609375,0.0034897802397608,25.061023712158203,24.9140625,25.7889404296875,41.923316955566406,1018.111057281494,20.360191345214844
2024-04-10 12:48:08,0.0028417231515049,18.272789001464844,25.9609375,0.0034897802397608,25.061023712158203,24.9140625,25.814697265625,41.923316955566406,1018.111057281494,20.360191345214844
2024-04-10 12:48:09,0.0028417231515049,18.272789001464844,25.9609375,0.0034897802397608,25.061023712158203,24.9140625,25.814697265625,41.923316955566406,1018.111057281494,20.360191345214844
2024-04-10 12:48:10,0.0028417231515049,18.272789001464844,25.9609375,0.0034897802397608,25.061023712158203,24.9140625,25.814697265625,41.923316955566406,1018.111057281494,20.34141731262207
2024-04-10 12:48:11,0.0028417231515049,18.272789001464844,25.9609375,0.0034897802397608,25.061023712158203,24.9140625,25.814697265625,41.923316955566406,1018.111057281494,20.34141731262207
2024-04-10 12:48:12,0.0028417231515049,18.272789001464844,25.9609375,0.0034590829163789,19.433425903320312,24.96875,25.814697265625,41.923316955566406,1018.111057281494,20.34141731262207
2024-04-10 12:48:13,0.0026575964875519,15.595885276794434,26.0234375,0.0034590829163789,19.433425903320312,24.96875,25.814697265625,41.923316955566406,1018.111057281494,20.34141731262207
2024-04-10 12:48:14,0.0026575964875519,15.595885276794434,26.0234375,0.0034590829163789,19.433425903320312,24.96875,25.814697265625,41.923316955566406,1018.1053352355956,20.34141731262207
2024-04-10 12:48:15,0.0026575964875519,15.595885276794434,26.0234375,0.0034590829163789,19.433425903320312,24.96875,25.814697265625,41.923316955566406,1018.1053352355956,20.34141731262207
2024-04-10 12:48:16,0.0026575964875519,15.595885276794434,26.0234375,0.0034590829163789,19.433425903320312,24.96875,25.902099609375,41.923316955566406,1018.1053352355956,20.34141731262207
2024-04-10 12:48:17,0.0026575964875519,15.595885276794434,26.0234375,0.0034590829163789,19.433425903320312,24.96875,25.902099609375,41.923316955566406,1018.1053352355956,20.34141731262207
2024-04-10 12:48:18,0.0026575964875519,15.595885276794434,26.0234375,0.0034590829163789,19.433425903320312,24.96875,25.902099609375,41.923316955566406,1018.1053352355956,20.33970069885254
2024-04-10 12:48:19,0.0026575964875519,15.595885276794434,26.0234375,0.0034590829163789,19.433425903320312,24.96875,25.902099609375,41.923316955566406,1018.1053352355956,20.33970069885254
2024-04-10 12:48:20,0.0026575964875519,15.595885276794434,26.0234375,0.0034590829163789,19.433425903320312,24.96875,25.902099609375,41.923316955566406,1018.1053352355956,20.33970069885254
2024-04-10 12:48:21,0.0028861162718385,14.238033294677734,26.0859375,0.0034590829163789,19.433425903320312,24.96875,25.902099609375,41.923316955566406,1018.1053352355956,20.33970069885254
2024-04-10 12:48:22,0.0028861162718385,14.238033294677734,26.0859375,0.0035201059654355,21.57920265197754,25.03125,25.902099609375,41.923316955566406,1018.1258487701416,20.33970069885254
2024-04-10 12:48:23,0.0028861162718385,14.238033294677734,26.0859375,0.0035201059654355,21.57920265197754,25.03125,26.028839111328125,41.923316955566406,1018.1258487701416,20.33970069885254
2024-04-10 12:48:24,0.0028861162718385,14.238033294677734,26.0859375,0.0035201059654355,21.57920265197754,25.03125,26.028839111328125,41.923316955566406,1018.1258487701416,20.33970069885254
2024-04-10 12:48:25,0.0028861162718385,14.238033294677734,26.0859375,0.0035201059654355,21.57920265197754,25.03125,26.028839111328125,41.923316955566406,1018.1258487701416,20.33970069885254
2024-04-10 12:48:26,0.0028861162718385,14.238033294677734,26.0859375,0.0035201059654355,21.57920265197754,25.03125,26.028839111328125,41.923316955566406,1018.1258487701416,20.33970069885254
2024-04-10 12:48:27,0.0028861162718385,14.238033294677734,26.0859375,0.0035201059654355,21.57920265197754,25.03125,26.028839111328125,41.92810821533203,1018.1258487701416,20.332839965820312
2024-04-10 12:48:28,0.0028861162718385,14.238033294677734,26.0859375,0.0035201059654355,21.57920265197754,25.03125,26.028839111328125,41.92810821533203,1018.1258487701416,20.332839965820312
2024-04-10 12:48:29,0.002930638147518,13.656097412109377,26.1484375,0.0035008743871003,22.34844207763672,25.0703125,26.028839111328125,41.92810821533203,1018.1136322021484,20.332839965820312
2024-04-10 12:48:30,0.002930638147518,13.656097412109377,26.1484375,0.0035008743871003,22.34844207763672,25.0703125,26.028839111328125,41.92810821533203,1018.1136322021484,20.332839965820312
2024-04-10 12:48:31,0.002930638147518,13.656097412109377,26.1484375,0.0035008743871003,22.34844207763672,25.0703125,26.0501708984375,41.92810821533203,1018.1136322021484,20.332839965820312
2024-04-10 12:48:32,0.002930638147518,13.656097412109377,26.1484375,0.0035008743871003,22.34844207763672,25.0703125,26.0501708984375,41.92810821533203,1018.1136322021484,20.332839965820312
2024-04-10 12:48:33,0.002930638147518,13.656097412109377,26.1484375,0.0035008743871003,22.34844207763672,25.0703125,26.0501708984375,41.92810821533203,1018.1136322021484,20.332839965820312
2024-04-10 12:48:34,0.002930638147518,13.656097412109377,26.1484375,0.0035008743871003,22.34844207763672,25.0703125,26.0501708984375,41.92810821533203,1018.1136322021484,20.308040618896484
2024-04-10 12:48:35,0.002930638147518,13.656097412109377,26.1484375,0.0035008743871003,22.34844207763672,25.0703125,26.0501708984375,41.92810821533203,1018.1136322021484,20.308040618896484
2024-04-10 12:48:36,0.002930638147518,13.656097412109377,26.1484375,0.0035008743871003,22.34844207763672,25.0703125,26.0501708984375,41.92810821533203,1018.1136322021484,20.308040618896484
2024-04-10 12:48:37,0.002930638147518,13.656097412109377,26.1484375,0.0034493734128773,19.5143985748291,25.1171875,26.0501708984375,41.92810821533203,1018.1165218353271,20.308040618896484
2024-04-10 12:48:38,0.002930638147518,13.656097412109377,26.1484375,0.0034493734128773,19.5143985748291,25.1171875,26.0501708984375,41.92810821533203,1018.1165218353271,20.308040618896484
2024-04-10 12:48:39,0.0026817615143954,14.315625190734863,26.203125,0.0034493734128773,19.5143985748291,25.1171875,26.12435913085937,41.92810821533203,1018.1165218353271,20.308040618896484
2024-04-10 12:48:40,0.0026817615143954,14.315625190734863,26.203125,0.0034493734128773,19.5143985748291,25.1171875,26.12435913085937,41.92810821533203,1018.1165218353271,20.308040618896484
2024-04-10 12:48:41,0.0026817615143954,14.315625190734863,26.203125,0.0034493734128773,19.5143985748291,25.1171875,26.12435913085937,41.92810821533203,1018.1165218353271,20.308040618896484
2024-04-10 12:48:42,0.0026817615143954,14.315625190734863,26.203125,0.0034493734128773,19.5143985748291,25.1171875,26.12435913085937,41.92810821533203,1018.1165218353271,20.302885055541992
2024-04-10 12:48:43,0.0026817615143954,14.315625190734863,26.203125,0.0034493734128773,19.5143985748291,25.1171875,26.12435913085937,41.92810821533203,1018.1165218353271,20.302885055541992
2024-04-10 12:48:44,0.0026817615143954,14.315625190734863,26.203125,0.0035450593568384,21.74114799499512,25.1640625,26.12435913085937,41.92810821533203,1018.1165218353271,20.302885055541992
2024-04-10 12:48:45,0.0028943314682692,14.58719539642334,26.28125,0.0035450593568384,21.74114799499512,25.1640625,26.12435913085937,41.92810821533203,1018.1165218353271,20.302885055541992
2024-04-10 12:48:46,0.0028943314682692,14.58719539642334,26.28125,0.0035450593568384,21.74114799499512,25.1640625,26.12435913085937,41.92810821533203,1018.1165218353271,20.302885055541992
2024-04-10 12:48:47,0.0028943314682692,14.58719539642334,26.28125,0.0035450593568384,21.74114799499512,25.1640625,26.124237060546875,41.92810821533203,1018.1165218353271,20.302885055541992
2024-04-10 12:48:48,0.0028943314682692,14.58719539642334,26.28125,0.0035450593568384,21.74114799499512,25.1640625,26.124237060546875,41.92810821533203,1018.0953788757324,20.302885055541992
2024-04-10 12:48:49,0.0028943314682692,14.58719539642334,26.28125,0.0035450593568384,21.74114799499512,25.1640625,26.124237060546875,41.92810821533203,1018.0953788757324,20.28114128112793
2024-04-10 12:48:50,0.0028943314682692,14.58719539642334,26.28125,0.0035450593568384,21.74114799499512,25.1640625,26.124237060546875,41.92810821533203,1018.0953788757324,20.28114128112793
2024-04-10 12:48:51,0.0028943314682692,14.58719539642334,26.28125,0.0035450593568384,21.74114799499512,25.1640625,26.124237060546875,41.92810821533203,1018.0953788757324,20.28114128112793
2024-04-10 12:48:52,0.0028943314682692,14.58719539642334,26.28125,0.0035450593568384,21.74114799499512,25.1640625,26.124237060546875,41.92810821533203,1018.0953788757324,20.28114128112793
2024-04-10 12:48:53,0.0028943314682692,14.58719539642334,26.28125,0.0034646866843104,19.473913192749023,25.2265625,26.124237060546875,41.92810821533203,1018.0953788757324,20.28114128112793
2024-04-10 12:48:54,0.002631776034832,16.13902473449707,26.3203125,0.0034646866843104,19.473913192749023,25.2265625,26.124237060546875,41.92810821533203,1018.0953788757324,20.28114128112793
2024-04-10 12:48:55,0.002631776034832,16.13902473449707,26.3203125,0.0034646866843104,19.473913192749023,25.2265625,26.124237060546875,41.92810821533203,1018.0726051330566,20.28114128112793
2024-04-10 12:48:56,0.002631776034832,16.13902473449707,26.3203125,0.0034646866843104,19.473913192749023,25.2265625,26.124237060546875,41.92810821533203,1018.0726051330566,20.28114128112793
2024-04-10 12:48:57,0.002631776034832,16.13902473449707,26.3203125,0.0034646866843104,19.473913192749023,25.2265625,26.27490234375,41.92810821533203,1018.0726051330566,20.269142150878903
2024-04-10 12:48:58,0.002631776034832,16.13902473449707,26.3203125,0.0034646866843104,19.473913192749023,25.2265625,26.27490234375,41.92810821533203,1018.0726051330566,20.269142150878903
2024-04-10 12:48:59,0.002631776034832,16.13902473449707,26.3203125,0.0034646866843104,19.473913192749023,25.2265625,26.27490234375,41.92810821533203,1018.0726051330566,20.269142150878903
2024-04-10 12:49:00,0.0029898714274168,13.966463088989258,26.3671875,0.0034646866843104,19.473913192749023,25.2265625,26.27490234375,41.92810821533203,1018.0726051330566,20.269142150878903
2024-04-10 12:49:01,0.0029898714274168,13.966463088989258,26.3671875,0.0034573855809867,20.60753059387207,25.2578125,26.27490234375,41.92810821533203,1018.095636367798,20.269142150878903
2024-04-10 12:49:02,0.0029898714274168,13.966463088989258,26.3671875,0.0034573855809867,20.60753059387207,25.2578125,26.27490234375,41.92810821533203,1018.095636367798,20.269142150878903
2024-04-10 12:49:03,0.0029898714274168,13.966463088989258,26.3671875,0.0034573855809867,20.60753059387207,25.2578125,26.27490234375,41.92810821533203,1018.095636367798,20.269142150878903
2024-04-10 12:49:04,0.0029898714274168,13.966463088989258,26.3671875,0.0034573855809867,20.60753059387207,25.2578125,26.265838623046875,41.92810821533203,1018.095636367798,20.269142150878903
2024-04-10 12:49:05,0.0029898714274168,13.966463088989258,26.3671875,0.0034573855809867,20.60753059387207,25.2578125,26.265838623046875,41.92810821533203,1018.095636367798,20.25895118713379
2024-04-10 12:49:06,0.0029898714274168,13.966463088989258,26.3671875,0.0034573855809867,20.60753059387207,25.2578125,26.265838623046875,41.92810821533203,1018.095636367798,20.25895118713379
2024-04-10 12:49:07,0.0029898714274168,13.966463088989258,26.3671875,0.0034573855809867,20.60753059387207,25.2578125,26.265838623046875,41.92810821533203,1018.095636367798,20.25895118713379
2024-04-10 12:49:08,0.0029898714274168,13.966463088989258,26.3671875,0.0034245434217154,21.33628463745117,25.296875,26.265838623046875,41.92810821533203,1018.095636367798,20.25895118713379
2024-04-10 12:49:09,0.0033240460325032,13.539710998535156,26.46875,0.0034245434217154,21.33628463745117,25.296875,26.265838623046875,41.92810821533203,1018.095636367798,20.25895118713379
2024-04-10 12:49:10,0.0033240460325032,13.539710998535156,26.46875,0.0034245434217154,21.33628463745117,25.296875,26.265838623046875,41.92810821533203,1018.0835342407228,20.25895118713379
2024-04-10 12:49:11,0.0033240460325032,13.539710998535156,26.46875,0.0034245434217154,21.33628463745117,25.296875,26.265838623046875,41.92810821533203,1018.0835342407228,20.25895118713379
2024-04-10 12:49:12,0.0033240460325032,13.539710998535156,26.46875,0.0034245434217154,21.33628463745117,25.296875,26.32479858398437,41.92810821533203,1018.0835342407228,20.25895118713379
2024-04-10 12:49:13,0.0033240460325032,13.539710998535156,26.46875,0.0034245434217154,21.33628463745117,25.296875,26.32479858398437,41.92810821533203,1018.0835342407228,20.25895118713379
2024-04-10 12:49:14,0.0033240460325032,13.539710998535156,26.46875,0.0034245434217154,21.33628463745117,25.296875,26.32479858398437,41.92810821533203,1018.0835342407228,20.25895118713379
2024-04-10 12:49:15,0.0033240460325032,13.539710998535156,26.46875,0.0034245434217154,21.33628463745117,25.296875,26.32479858398437,41.92810821533203,1018.0835342407228,20.243919372558597
2024-04-10 12:49:16,0.002594640944153,13.966463088989258,26.515625,0.0033973043318837,21.660175323486328,25.3671875,26.32479858398437,41.92810821533203,1018.0835342407228,20.243919372558597
2024-04-10 12:49:17,0.002594640944153,13.966463088989258,26.515625,0.0033973043318837,21.660175323486328,25.3671875,26.32479858398437,41.92810821533203,1018.0835342407228,20.243919372558597
2024-04-10 12:49:18,0.002594640944153,13.966463088989258,26.515625,0.0033973043318837,21.660175323486328,25.3671875,26.32479858398437,41.92810821533203,1018.0429649353028,20.243919372558597
2024-04-10 12:49:19,0.002594640944153,13.966463088989258,26.515625,0.0033973043318837,21.660175323486328,25.3671875,26.32479858398437,41.92810821533203,1018.0429649353028,20.243919372558597
2024-04-10 12:49:20,0.002594640944153,13.966463088989258,26.515625,0.0033973043318837,21.660175323486328,25.3671875,26.4493408203125,41.92810821533203,1018.0429649353028,20.243919372558597
2024-04-10 12:49:21,0.002594640944153,13.966463088989258,26.515625,0.0033973043318837,21.660175323486328,25.3671875,26.4493408203125,41.92810821533203,1018.0429649353028,20.243919372558597
2024-04-10 12:49:22,0.002594640944153,13.966463088989258,26.515625,0.0033973043318837,21.660175323486328,25.3671875,26.4493408203125,41.92810821533203,1018.0429649353028,20.238941192626957
2024-04-10 12:49:23,0.002594640944153,13.966463088989258,26.515625,0.0033973043318837,21.660175323486328,25.3671875,26.4493408203125,41.92810821533203,1018.0429649353028,20.238941192626957
2024-04-10 12:49:24,0.002594640944153,13.966463088989258,26.515625,0.0033973043318837,21.660175323486328,25.3671875,26.4493408203125,41.92810821533203,1018.0429649353028,20.238941192626957
2024-04-10 12:49:25,0.0027243068907409,17.30289649963379,26.5546875,0.0034704902209341,291.62286376953125,25.3671875,26.4493408203125,41.92810821533203,1018.0634784698486,20.238941192626957
2024-04-10 12:49:26,0.0027243068907409,17.30289649963379,26.5546875,0.0034704902209341,291.62286376953125,25.3671875,26.4493408203125,41.92810821533203,1018.0634784698486,20.238941192626957
2024-04-10 12:49:27,0.0027243068907409,17.30289649963379,26.5546875,0.0034704902209341,291.62286376953125,25.3671875,26.4493408203125,41.92810821533203,1018.0634784698486,20.238941192626957
2024-04-10 12:49:28,0.0027243068907409,17.30289649963379,26.5546875,0.0034704902209341,291.62286376953125,25.3671875,26.489990234375,41.92810821533203,1018.0634784698486,20.238941192626957
2024-04-10 12:49:29,0.0027243068907409,17.30289649963379,26.5546875,0.0034704902209341,291.62286376953125,25.3671875,26.489990234375,2.122988700866699,1018.0634784698486,20.238941192626957
2024-04-10 12:49:30,0.0027243068907409,17.30289649963379,26.5546875,0.0034704902209341,291.62286376953125,25.3671875,26.489990234375,2.122988700866699,1018.0634784698486,20.223445892333984
2024-04-10 12:49:31,0.0027243068907409,17.30289649963379,26.5546875,0.0034704902209341,291.62286376953125,25.3671875,26.489990234375,2.122988700866699,1018.0634784698486,20.223445892333984
2024-04-10 12:49:32,0.001229845220223,2.444131135940552,26.6484375,0.0034704902209341,291.62286376953125,25.3671875,26.489990234375,2.122988700866699,1018.0634784698486,20.223445892333984
2024-04-10 12:49:33,0.001229845220223,2.444131135940552,26.6484375,0.000610108661931,3.360363483428955,25.40625,26.489990234375,2.122988700866699,1018.0634784698486,20.223445892333984
2024-04-10 12:49:34,0.001229845220223,2.444131135940552,26.6484375,0.000610108661931,3.360363483428955,25.40625,26.69183349609375,2.122988700866699,1018.0663681030272,20.223445892333984
2024-04-10 12:49:35,0.001229845220223,2.444131135940552,26.6484375,0.000610108661931,3.360363483428955,25.40625,26.69183349609375,2.122988700866699,1018.0663681030272,20.223445892333984
2024-04-10 12:49:36,0.001229845220223,2.444131135940552,26.6484375,0.000610108661931,3.360363483428955,25.40625,26.69183349609375,2.122988700866699,1018.0663681030272,20.223445892333984
2024-04-10 12:49:37,0.001229845220223,2.444131135940552,26.6484375,0.000610108661931,3.360363483428955,25.40625,26.69183349609375,2.122988700866699,1018.0663681030272,20.223445892333984
2024-04-10 12:49:38,0.001229845220223,2.444131135940552,26.6484375,0.000610108661931,3.360363483428955,25.40625,26.69183349609375,2.122988700866699,1018.0663681030272,20.223445892333984
2024-04-10 12:49:39,0.001229845220223,2.444131135940552,26.6484375,0.000610108661931,3.360363483428955,25.40625,26.69183349609375,2.122988700866699,1018.0663681030272,20.223445892333984
2024-04-10 12:49:40,0.001229845220223,2.444131135940552,26.6484375,0.000610108661931,3.360363483428955,25.40625,26.69183349609375,2.122988700866699,1018.0663681030272,20.19998550415039
2024-04-10 12:49:41,0.0012492599198594,0.5043445229530334,26.734375,0.0005711400299333,0.8906987309455872,25.453125,26.69183349609375,2.122988700866699,1018.0663681030272,20.19998550415039
2024-04-10 12:49:42,0.0012492599198594,0.5043445229530334,26.734375,0.0005711400299333,0.8906987309455872,25.453125,26.69183349609375,2.122988700866699,1018.1071376800536,20.19998550415039
2024-04-10 12:49:43,0.0012492599198594,0.5043445229530334,26.734375,0.0005711400299333,0.8906987309455872,25.453125,27.056365966796875,2.122988700866699,1018.1071376800536,20.19998550415039
2024-04-10 12:49:44,0.0012492599198594,0.5043445229530334,26.734375,0.0005711400299333,0.8906987309455872,25.453125,27.056365966796875,2.122988700866699,1018.1071376800536,20.19998550415039
2024-04-10 12:49:45,0.0012492599198594,0.5043445229530334,26.734375,0.0005711400299333,0.8906987309455872,25.453125,27.056365966796875,2.122988700866699,1018.1071376800536,20.19998550415039
2024-04-10 12:49:46,0.0012492599198594,0.5043445229530334,26.734375,0.0005711400299333,0.8906987309455872,25.453125,27.056365966796875,2.122988700866699,1018.1071376800536,20.194263458251957
2024-04-10 12:49:47,0.0012492599198594,0.5043445229530334,26.734375,0.0005711400299333,0.8906987309455872,25.453125,27.056365966796875,2.122988700866699,1018.1071376800536,20.194263458251957
2024-04-10 12:49:48,0.0009358786628581,0.4267530441284179,26.78125,0.000359281868441,0.4858356714248657,25.5,27.056365966796875,2.122988700866699,1018.1071376800536,20.194263458251957
2024-04-10 12:49:49,0.0009358786628581,0.4267530441284179,26.78125,0.000359281868441,0.4858356714248657,25.5,27.056365966796875,2.122988700866699,1018.045482635498,20.194263458251957
2024-04-10 12:49:50,0.0009358786628581,0.4267530441284179,26.78125,0.000359281868441,0.4858356714248657,25.5,27.056365966796875,2.122988700866699,1018.045482635498,20.194263458251957
2024-04-10 12:49:51,0.0009358786628581,0.4267530441284179,26.78125,0.000359281868441,0.4858356714248657,25.5,27.32772827148437,2.122988700866699,1018.045482635498,20.194263458251957
2024-04-10 12:49:52,0.0009358786628581,0.4267530441284179,26.78125,0.000359281868441,0.4858356714248657,25.5,27.32772827148437,2.122988700866699,1018.045482635498,20.194263458251957
2024-04-10 12:49:53,0.0009358786628581,0.4267530441284179,26.78125,0.000359281868441,0.4858356714248657,25.5,27.32772827148437,2.122988700866699,1018.045482635498,20.194263458251957
2024-04-10 12:49:54,0.0009358786628581,0.4267530441284179,26.78125,0.000359281868441,0.4858356714248657,25.5,27.32772827148437,2.122988700866699,1018.045482635498,20.17266845703125
2024-04-10 12:49:55,0.0009358786628581,0.4267530441284179,26.78125,0.000359281868441,0.4858356714248657,25.5,27.32772827148437,2.122988700866699,1018.045482635498,20.17266845703125
2024-04-10 12:49:56,0.0009358786628581,0.4267530441284179,26.78125,0.000359281868441,0.4858356714248657,25.5,27.32772827148437,2.122988700866699,1018.045482635498,20.17266845703125
2024-04-10 12:49:57,0.0009358786628581,0.4267530441284179,26.78125,0.0005514420918188,0.4858356714248657,25.546875,27.32772827148437,2.122988700866699,1018.045482635498,20.17266845703125
2024-04-10 12:49:58,0.0014733154093846,0.4267530441284179,26.828125,0.0005514420918188,0.4858356714248657,25.546875,27.32772827148437,2.122988700866699,1018.045482635498,20.17266845703125
2024-04-10 12:49:59,0.0014733154093846,0.4267530441284179,26.828125,0.0005514420918188,0.4858356714248657,25.546875,27.32772827148437,2.122988700866699,1018.0865383148192,20.17266845703125
2024-04-10 12:50:00,0.0014733154093846,0.4267530441284179,26.828125,0.0005514420918188,0.4858356714248657,25.546875,27.32772827148437,2.122988700866699,1018.0865383148192,20.17266845703125
2024-04-10 12:50:01,0.0014733154093846,0.4267530441284179,26.828125,0.0005514420918188,0.4858356714248657,25.546875,27.508941650390625,2.122988700866699,1018.0865383148192,20.17266845703125
2024-04-10 12:50:02,0.0014733154093846,0.4267530441284179,26.828125,0.0005514420918188,0.4858356714248657,25.546875,27.508941650390625,2.122988700866699,1018.0865383148192,20.17266845703125
2024-04-10 12:50:03,0.0014733154093846,0.4267530441284179,26.828125,0.0005514420918188,0.4858356714248657,25.546875,27.508941650390625,2.122988700866699,1018.0865383148192,20.149150848388672
2024-04-10 12:50:04,0.0014733154093846,0.4267530441284179,26.828125,0.0005514420918188,0.4858356714248657,25.546875,27.508941650390625,2.122988700866699,1018.0865383148192,20.149150848388672
2024-04-10 12:50:05,0.0009405570453964,0.4655487835407257,26.921875,0.0006759384996257,0.4858356714248657,25.6015625,27.508941650390625,2.122988700866699,1018.0865383148192,20.149150848388672
2024-04-10 12:50:06,0.0009405570453964,0.4655487835407257,26.921875,0.0006759384996257,0.4858356714248657,25.6015625,27.508941650390625,2.122988700866699,1018.0095195770264,20.149150848388672
2024-04-10 12:50:07,0.0009405570453964,0.4655487835407257,26.921875,0.0006759384996257,0.4858356714248657,25.6015625,27.508941650390625,2.122988700866699,1018.0095195770264,20.149150848388672
2024-04-10 12:50:08,0.0009405570453964,0.4655487835407257,26.921875,0.0006759384996257,0.4858356714248657,25.6015625,27.508941650390625,2.122988700866699,1018.0095195770264,20.149150848388672
2024-04-10 12:50:09,0.0009405570453964,0.4655487835407257,26.921875,0.0006759384996257,0.4858356714248657,25.6015625,27.67303466796875,2.122988700866699,1018.0095195770264,20.118423461914062
2024-04-10 12:50:10,0.0009405570453964,0.4655487835407257,26.921875,0.0006759384996257,0.4858356714248657,25.6015625,27.67303466796875,2.122988700866699,1018.0095195770264,20.118423461914062
2024-04-10 12:50:11,0.0009405570453964,0.4655487835407257,26.921875,0.0006759384996257,0.4858356714248657,25.6015625,27.67303466796875,2.122988700866699,1018.0095195770264,20.118423461914062
2024-04-10 12:50:12,0.0009405570453964,0.4655487835407257,26.921875,0.0006759384996257,0.4858356714248657,25.6015625,27.67303466796875,2.122988700866699,1018.0095195770264,20.118423461914062
2024-04-10 12:50:13,0.0010573009494692,0.3879573345184326,27.0078125,0.0005594561225734,0.4858356714248657,25.625,27.67303466796875,2.122988700866699,1018.0095195770264,20.118423461914062
2024-04-10 12:50:14,0.0010573009494692,0.3879573345184326,27.0078125,0.0005594561225734,0.4858356714248657,25.625,27.67303466796875,2.122988700866699,1018.0095195770264,20.118423461914062
2024-04-10 12:50:15,0.0010573009494692,0.3879573345184326,27.0078125,0.0005594561225734,0.4858356714248657,25.625,27.843048095703125,2.122988700866699,1018.078155517578,20.118423461914062
2024-04-10 12:50:16,0.0010573009494692,0.3879573345184326,27.0078125,0.0005594561225734,0.4858356714248657,25.625,27.843048095703125,2.122988700866699,1018.078155517578,20.118423461914062
2024-04-10 12:50:17,0.0010573009494692,0.3879573345184326,27.0078125,0.0005594561225734,0.4858356714248657,25.625,27.843048095703125,2.122988700866699,1018.078155517578,20.118423461914062
2024-04-10 12:50:18,0.0010573009494692,0.3879573345184326,27.0078125,0.0005594561225734,0.4858356714248657,25.625,27.843048095703125,2.122988700866699,1018.078155517578,20.118423461914062
2024-04-10 12:50:19,0.0010573009494692,0.3879573345184326,27.0078125,0.0005594561225734,0.4858356714248657,25.625,27.843048095703125,2.122988700866699,1018.078155517578,20.09760093688965
2024-04-10 12:50:20,0.0010573009494692,0.3879573345184326,27.0078125,0.0005594561225734,0.4858356714248657,25.625,27.843048095703125,2.122988700866699,1018.078155517578,20.09760093688965
2024-04-10 12:50:21,0.0017852204618975,0.6595274806022644,27.0703125,0.0005594561225734,0.4858356714248657,25.625,27.843048095703125,2.122988700866699,1018.078155517578,20.09760093688965
2024-04-10 12:50:22,0.0017852204618975,0.6595274806022644,27.0703125,0.0005594561225734,0.4858356714248657,25.625,27.843048095703125,2.122988700866699,1018.0196189880372,20.09760093688965
2024-04-10 12:50:23,0.0017852204618975,0.6595274806022644,27.0703125,0.0004687297914642,2.388692140579224,25.6875,27.843048095703125,2.122988700866699,1018.0196189880372,20.09760093688965
2024-04-10 12:50:24,0.0017852204618975,0.6595274806022644,27.0703125,0.0004687297914642,2.388692140579224,25.6875,28.02276611328125,2.122988700866699,1018.0196189880372,20.09760093688965
2024-04-10 12:50:25,0.0017852204618975,0.6595274806022644,27.0703125,0.0004687297914642,2.388692140579224,25.6875,28.02276611328125,2.122988700866699,1018.0196189880372,20.09760093688965
2024-04-10 12:50:26,0.0017852204618975,0.6595274806022644,27.0703125,0.0004687297914642,2.388692140579224,25.6875,28.02276611328125,2.122988700866699,1018.0196189880372,20.09760093688965
2024-04-10 12:50:27,0.0017852204618975,0.6595274806022644,27.0703125,0.0004687297914642,2.388692140579224,25.6875,28.02276611328125,0.4517708420753479,1018.0196189880372,20.09423065185547
2024-04-10 12:50:28,0.0015712645836174,0.4267530441284179,27.2109375,0.0004687297914642,2.388692140579224,25.6875,28.02276611328125,0.4517708420753479,1018.0196189880372,20.09423065185547
2024-04-10 12:50:29,0.0015712645836174,0.4267530441284179,27.2109375,0.0003171017451677,0.4858356714248657,25.7265625,28.02276611328125,0.4517708420753479,1018.0196189880372,20.09423065185547
2024-04-10 12:50:30,0.0015712645836174,0.4267530441284179,27.2109375,0.0003171017451677,0.4858356714248657,25.7265625,28.02276611328125,0.4517708420753479,1018.042049407959,20.09423065185547
2024-04-10 12:50:31,0.0015712645836174,0.4267530441284179,27.2109375,0.0003171017451677,0.4858356714248657,25.7265625,28.02276611328125,0.4517708420753479,1018.042049407959,20.09423065185547
2024-04-10 12:50:32,0.0015712645836174,0.4267530441284179,27.2109375,0.0003171017451677,0.4858356714248657,25.7265625,28.13973999023437,0.4517708420753479,1018.042049407959,20.09423065185547
2024-04-10 12:50:33,0.0015712645836174,0.4267530441284179,27.2109375,0.0003171017451677,0.4858356714248657,25.7265625,28.13973999023437,0.4517708420753479,1018.042049407959,20.09423065185547
2024-04-10 12:50:34,0.0015712645836174,0.4267530441284179,27.2109375,0.0003171017451677,0.4858356714248657,25.7265625,28.13973999023437,0.4517708420753479,1018.042049407959,20.08279800415039
2024-04-10 12:50:35,0.0015712645836174,0.4267530441284179,27.2109375,0.0003171017451677,0.4858356714248657,25.7265625,28.13973999023437,0.4517708420753479,1018.042049407959,20.08279800415039
2024-04-10 12:50:36,0.0015712645836174,0.4267530441284179,27.2109375,0.0005509281763806,0.4858356714248657,25.765625,28.13973999023437,0.4517708420753479,1018.042049407959,20.08279800415039
2024-04-10 12:50:37,0.0017673532711341,0.3879573345184326,27.28125,0.0005509281763806,0.4858356714248657,25.765625,28.13973999023437,0.4517708420753479,1018.0809307098388,20.08279800415039
2024-04-10 12:50:38,0.0017673532711341,0.3879573345184326,27.28125,0.0005509281763806,0.4858356714248657,25.765625,28.13973999023437,0.4517708420753479,1018.0809307098388,20.08279800415039
2024-04-10 12:50:39,0.0017673532711341,0.3879573345184326,27.28125,0.0005509281763806,0.4858356714248657,25.765625,28.24667358398437,0.4517708420753479,1018.0809307098388,20.08279800415039
2024-04-10 12:50:40,0.0017673532711341,0.3879573345184326,27.28125,0.0005509281763806,0.4858356714248657,25.765625,28.24667358398437,0.4517708420753479,1018.0809307098388,20.08279800415039
2024-04-10 12:50:41,0.0017673532711341,0.3879573345184326,27.28125,0.0005509281763806,0.4858356714248657,25.765625,28.24667358398437,0.4517708420753479,1018.0809307098388,20.08279800415039
2024-04-10 12:50:42,0.0017673532711341,0.3879573345184326,27.28125,0.0005509281763806,0.4858356714248657,25.765625,28.24667358398437,0.4517708420753479,1018.0809307098388,20.07189178466797
2024-04-10 12:50:43,0.0017673532711341,0.3879573345184326,27.28125,0.0005509281763806,0.4858356714248657,25.765625,28.24667358398437,0.4517708420753479,1018.0809307098388,20.07189178466797
2024-04-10 12:50:44,0.0017673532711341,0.3879573345184326,27.28125,0.0005509281763806,0.4858356714248657,25.765625,28.24667358398437,0.4517708420753479,1018.0809307098388,20.07189178466797
2024-04-10 12:50:45,0.0013194741914048,0.4267530441284179,27.375,0.0003930183884222,0.5263220071792603,25.8359375,28.24667358398437,0.4517708420753479,1018.0951499938964,20.07189178466797
2024-04-10 12:50:46,0.0013194741914048,0.4267530441284179,27.375,0.0003930183884222,0.5263220071792603,25.8359375,28.24667358398437,0.4517708420753479,1018.0951499938964,20.07189178466797
2024-04-10 12:50:47,0.0013194741914048,0.4267530441284179,27.375,0.0003930183884222,0.5263220071792603,25.8359375,28.24667358398437,0.4517708420753479,1018.0951499938964,20.07189178466797
2024-04-10 12:50:48,0.0013194741914048,0.4267530441284179,27.375,0.0003930183884222,0.5263220071792603,25.8359375,28.24667358398437,0.4517708420753479,1018.0951499938964,20.07189178466797
2024-04-10 12:50:49,0.0013194741914048,0.4267530441284179,27.375,0.0003930183884222,0.5263220071792603,25.8359375,28.35955810546875,0.4517708420753479,1018.0951499938964,20.07189178466797
2024-04-10 12:50:50,0.0013194741914048,0.4267530441284179,27.375,0.0003930183884222,0.5263220071792603,25.8359375,28.35955810546875,0.4517708420753479,1018.0951499938964,20.048099517822266
2024-04-10 12:50:51,0.0013194741914048,0.4267530441284179,27.375,0.0003930183884222,0.5263220071792603,25.8359375,28.35955810546875,0.4517708420753479,1018.0951499938964,20.048099517822266
2024-04-10 12:50:52,0.0013545071706175,0.4655487835407257,27.46875,0.0003930183884222,0.5263220071792603,25.8359375,28.35955810546875,0.4517708420753479,1018.0951499938964,20.048099517822266
2024-04-10 12:50:53,0.0013545071706175,0.4655487835407257,27.46875,0.0007294343085959,0.56680828332901,25.8828125,28.35955810546875,0.4517708420753479,1018.0951499938964,20.048099517822266
2024-04-10 12:50:54,0.0013545071706175,0.4655487835407257,27.46875,0.0007294343085959,0.56680828332901,25.8828125,28.35955810546875,0.4517708420753479,1018.0861377716064,20.048099517822266
2024-04-10 12:50:55,0.0013545071706175,0.4655487835407257,27.46875,0.0007294343085959,0.56680828332901,25.8828125,28.359375,0.4517708420753479,1018.0861377716064,20.048099517822266
2024-04-10 12:50:56,0.0013545071706175,0.4655487835407257,27.46875,0.0007294343085959,0.56680828332901,25.8828125,28.359375,0.4517708420753479,1018.0861377716064,20.048099517822266
2024-04-10 12:50:57,0.0013545071706175,0.4655487835407257,27.46875,0.0007294343085959,0.56680828332901,25.8828125,28.359375,0.4517708420753479,1018.0861377716064,20.048099517822266
2024-04-10 12:50:58,0.0013545071706175,0.4655487835407257,27.46875,0.0007294343085959,0.56680828332901,25.8828125,28.359375,0.4517708420753479,1018.0861377716064,20.02435302734375
2024-04-10 12:50:59,0.0013545071706175,0.4655487835407257,27.46875,0.0007294343085959,0.56680828332901,25.8828125,28.359375,0.4517708420753479,1018.0861377716064,20.02435302734375
2024-04-10 12:51:00,0.0016570976004004,0.4655487835407257,27.5546875,0.000477643799968,0.4858356714248657,25.921875,28.359375,0.4517708420753479,1018.0861377716064,20.02435302734375
2024-04-10 12:51:01,0.0016570976004004,0.4655487835407257,27.5546875,0.000477643799968,0.4858356714248657,25.921875,28.359375,0.4517708420753479,1018.0861377716064,20.02435302734375
2024-04-10 12:51:02,0.0016570976004004,0.4655487835407257,27.5546875,0.000477643799968,0.4858356714248657,25.921875,28.32537841796875,0.4517708420753479,1018.0861377716064,20.02435302734375
2024-04-10 12:51:03,0.0016570976004004,0.4655487835407257,27.5546875,0.000477643799968,0.4858356714248657,25.921875,28.32537841796875,0.4517708420753479,1018.0856513977052,20.02435302734375
2024-04-10 12:51:04,0.0016570976004004,0.4655487835407257,27.5546875,0.000477643799968,0.4858356714248657,25.921875,28.32537841796875,0.4517708420753479,1018.0856513977052,20.02435302734375
2024-04-10 12:51:05,0.0016570976004004,0.4655487835407257,27.5546875,0.000477643799968,0.4858356714248657,25.921875,28.32537841796875,0.4517708420753479,1018.0856513977052,20.002534866333008
2024-04-10 12:51:06,0.0016570976004004,0.4655487835407257,27.5546875,0.000477643799968,0.4858356714248657,25.921875,28.32537841796875,0.4517708420753479,1018.0856513977052,20.002534866333008
2024-04-10 12:51:07,0.0016570976004004,0.4655487835407257,27.5546875,0.000477643799968,0.4858356714248657,25.921875,28.32537841796875,0.4517708420753479,1018.0856513977052,20.002534866333008
2024-04-10 12:51:08,0.0014488430460914,0.5431402325630188,27.609375,0.0006012052181176,0.5263220071792603,25.953125,28.32537841796875,0.4517708420753479,1018.0856513977052,20.002534866333008
2024-04-10 12:51:09,0.0014488430460914,0.5431402325630188,27.609375,0.0006012052181176,0.5263220071792603,25.953125,28.32537841796875,0.4517708420753479,1018.0856513977052,20.002534866333008
2024-04-10 12:51:10,0.0014488430460914,0.5431402325630188,27.609375,0.0006012052181176,0.5263220071792603,25.953125,28.32537841796875,0.4517708420753479,1018.0856513977052,20.002534866333008
2024-04-10 12:51:11,0.0014488430460914,0.5431402325630188,27.609375,0.0006012052181176,0.5263220071792603,25.953125,28.32537841796875,0.4517708420753479,1018.0387878417968,20.002534866333008
2024-04-10 12:51:12,0.0014488430460914,0.5431402325630188,27.609375,0.0006012052181176,0.5263220071792603,25.953125,28.32537841796875,0.4517708420753479,1018.0387878417968,20.002534866333008
2024-04-10 12:51:13,0.0014488430460914,0.5431402325630188,27.609375,0.0006012052181176,0.5263220071792603,25.953125,28.29815673828125,0.4517708420753479,1018.0387878417968,20.002534866333008
2024-04-10 12:51:14,0.0014488430460914,0.5431402325630188,27.609375,0.0006012052181176,0.5263220071792603,25.953125,28.29815673828125,0.4517708420753479,1018.0387878417968,20.002534866333008
2024-04-10 12:51:15,0.0014488430460914,0.5431402325630188,27.609375,0.0006012052181176,0.5263220071792603,25.953125,28.29815673828125,0.4517708420753479,1018.0387878417968,19.98820686340332
2024-04-10 12:51:16,0.0014488430460914,0.5431402325630188,27.609375,0.0006012052181176,0.5263220071792603,25.953125,28.29815673828125,0.4517708420753479,1018.0387878417968,19.98820686340332
2024-04-10 12:51:17,0.0014488430460914,0.5431402325630188,27.609375,0.0005184818292036,0.56680828332901,26.0234375,28.29815673828125,0.4517708420753479,1018.0387878417968,19.98820686340332
2024-04-10 12:51:18,0.0022809114307165,0.5043445229530334,27.7265625,0.0005184818292036,0.56680828332901,26.0234375,28.29815673828125,0.4517708420753479,1018.0598163604736,19.98820686340332
2024-04-10 12:51:19,0.0022809114307165,0.5043445229530334,27.7265625,0.0005184818292036,0.56680828332901,26.0234375,28.29815673828125,0.4517708420753479,1018.0598163604736,19.98820686340332
2024-04-10 12:51:20,0.0022809114307165,0.5043445229530334,27.7265625,0.0005184818292036,0.56680828332901,26.0234375,28.23394775390625,0.4517708420753479,1018.0598163604736,19.98820686340332
2024-04-10 12:51:21,0.0022809114307165,0.5043445229530334,27.7265625,0.0005184818292036,0.56680828332901,26.0234375,28.23394775390625,0.4517708420753479,1018.0598163604736,19.98820686340332
2024-04-10 12:51:22,0.0022809114307165,0.5043445229530334,27.7265625,0.0005184818292036,0.56680828332901,26.0234375,28.23394775390625,0.4517708420753479,1018.0598163604736,19.98820686340332
2024-04-10 12:51:23,0.0022809114307165,0.5043445229530334,27.7265625,0.0005184818292036,0.56680828332901,26.0234375,28.23394775390625,0.4517708420753479,1018.0598163604736,19.976327896118164
2024-04-10 12:51:24,0.0017819972708821,0.5819360017776489,27.734375,0.0005184818292036,0.56680828332901,26.0234375,28.23394775390625,0.4517708420753479,1018.0598163604736,19.976327896118164
2024-04-10 12:51:25,0.0017819972708821,0.5819360017776489,27.734375,0.0005366459372453,0.8097261190414429,26.046875,28.23394775390625,0.4517708420753479,1018.08931350708,19.976327896118164
2024-04-10 12:51:26,0.0017819972708821,0.5819360017776489,27.734375,0.0005366459372453,0.8097261190414429,26.046875,28.23394775390625,0.4517708420753479,1018.08931350708,19.976327896118164
2024-04-10 12:51:27,0.0017819972708821,0.5819360017776489,27.734375,0.0005366459372453,0.8097261190414429,26.046875,28.303985595703125,0.4517708420753479,1018.08931350708,19.976327896118164
2024-04-10 12:51:28,0.0017819972708821,0.5819360017776489,27.734375,0.0005366459372453,0.8097261190414429,26.046875,28.303985595703125,0.4517708420753479,1018.08931350708,19.976327896118164
2024-04-10 12:51:29,0.0017819972708821,0.5819360017776489,27.734375,0.0005366459372453,0.8097261190414429,26.046875,28.303985595703125,0.4613853096961975,1018.08931350708,19.976327896118164
2024-04-10 12:51:30,0.0017819972708821,0.5819360017776489,27.734375,0.0005366459372453,0.8097261190414429,26.046875,28.303985595703125,0.4613853096961975,1018.08931350708,19.976327896118164
2024-04-10 12:51:31,0.0017819972708821,0.5819360017776489,27.734375,0.0005366459372453,0.8097261190414429,26.046875,28.303985595703125,0.4613853096961975,1018.08931350708,19.96339607238769
2024-04-10 12:51:32,0.0017819972708821,0.5819360017776489,27.734375,0.0005366459372453,0.8097261190414429,26.046875,28.303985595703125,0.4613853096961975,1018.08931350708,19.96339607238769
2024-04-10 12:51:33,0.0013604027917608,0.5043445229530334,27.84375,0.0005914124194532,0.6477808952331543,26.078125,28.303985595703125,0.4613853096961975,1018.1113147735596,19.96339607238769
2024-04-10 12:51:34,0.0013604027917608,0.5043445229530334,27.84375,0.0005914124194532,0.6477808952331543,26.078125,28.303985595703125,0.4613853096961975,1018.1113147735596,19.96339607238769
2024-04-10 12:51:35,0.0013604027917608,0.5043445229530334,27.84375,0.0005914124194532,0.6477808952331543,26.078125,28.303985595703125,0.4613853096961975,1018.1113147735596,19.96339607238769
2024-04-10 12:51:36,0.0013604027917608,0.5043445229530334,27.84375,0.0005914124194532,0.6477808952331543,26.078125,28.383697509765625,0.4613853096961975,1018.1113147735596,19.96339607238769
2024-04-10 12:51:37,0.0013604027917608,0.5043445229530334,27.84375,0.0005914124194532,0.6477808952331543,26.078125,28.383697509765625,0.4613853096961975,1018.1113147735596,19.96339607238769
2024-04-10 12:51:38,0.0013604027917608,0.5043445229530334,27.84375,0.0005914124194532,0.6477808952331543,26.078125,28.383697509765625,0.4613853096961975,1018.1113147735596,19.96339607238769
2024-04-10 12:51:39,0.0013604027917608,0.5043445229530334,27.84375,0.0005914124194532,0.6477808952331543,26.078125,28.383697509765625,0.4613853096961975,1018.1113147735596,19.93856239318848
2024-04-10 12:51:40,0.0013604027917608,0.5043445229530334,27.84375,0.0005615582922473,0.6072945594787598,26.125,28.383697509765625,0.4613853096961975,1018.1113147735596,19.93856239318848
2024-04-10 12:51:41,0.0012133924756199,0.5043445229530334,27.90625,0.0005615582922473,0.6072945594787598,26.125,28.383697509765625,0.4613853096961975,1018.1113147735596,19.93856239318848
2024-04-10 12:51:42,0.0012133924756199,0.5043445229530334,27.90625,0.0005615582922473,0.6072945594787598,26.125,28.383697509765625,0.4613853096961975,1018.1295680999756,19.93856239318848
2024-04-10 12:51:43,0.0012133924756199,0.5043445229530334,27.90625,0.0005615582922473,0.6072945594787598,26.125,28.46160888671875,0.4613853096961975,1018.1295680999756,19.93856239318848
2024-04-10 12:51:44,0.0012133924756199,0.5043445229530334,27.90625,0.0005615582922473,0.6072945594787598,26.125,28.46160888671875,0.4613853096961975,1018.1295680999756,19.93856239318848
2024-04-10 12:51:45,0.0012133924756199,0.5043445229530334,27.90625,0.0005615582922473,0.6072945594787598,26.125,28.46160888671875,0.4613853096961975,1018.1295680999756,19.93856239318848
2024-04-10 12:51:46,0.0012133924756199,0.5043445229530334,27.90625,0.0005615582922473,0.6072945594787598,26.125,28.46160888671875,0.4613853096961975,1018.1295680999756,19.91807746887207
2024-04-10 12:51:47,0.0012133924756199,0.5043445229530334,27.90625,0.0005615582922473,0.6072945594787598,26.125,28.46160888671875,0.4613853096961975,1018.1295680999756,19.91807746887207
2024-04-10 12:51:48,0.0012133924756199,0.5043445229530334,27.90625,0.0005615582922473,0.6072945594787598,26.125,28.46160888671875,0.4613853096961975,1018.1295680999756,19.91807746887207
2024-04-10 12:51:49,0.0010838799644261,0.4655487835407257,27.9921875,0.0005836075288243,0.56680828332901,26.15625,28.46160888671875,0.4613853096961975,1018.070945739746,19.91807746887207
2024-04-10 12:51:50,0.0010838799644261,0.4655487835407257,27.9921875,0.0005836075288243,0.56680828332901,26.15625,28.46160888671875,0.4613853096961975,1018.070945739746,19.91807746887207
2024-04-10 12:51:51,0.0010838799644261,0.4655487835407257,27.9921875,0.0005836075288243,0.56680828332901,26.15625,28.61962890625,0.4613853096961975,1018.070945739746,19.91807746887207
2024-04-10 12:51:52,0.0010838799644261,0.4655487835407257,27.9921875,0.0005836075288243,0.56680828332901,26.15625,28.61962890625,0.4613853096961975,1018.070945739746,19.91807746887207
2024-04-10 12:51:53,0.0010838799644261,0.4655487835407257,27.9921875,0.0005836075288243,0.56680828332901,26.15625,28.61962890625,0.4613853096961975,1018.070945739746,19.90636444091797
2024-04-10 12:51:54,0.0010838799644261,0.4655487835407257,27.9921875,0.0005836075288243,0.56680828332901,26.15625,28.61962890625,0.4613853096961975,1018.070945739746,19.90636444091797
2024-04-10 12:51:55,0.0010838799644261,0.4655487835407257,27.9921875,0.0005836075288243,0.56680828332901,26.15625,28.61962890625,0.4613853096961975,1018.070945739746,19.90636444091797
2024-04-10 12:51:56,0.0016429064562544,0.5043445229530334,28.0390625,0.0005836075288243,0.56680828332901,26.15625,28.61962890625,0.4613853096961975,1018.070945739746,19.90636444091797
2024-04-10 12:51:57,0.0016429064562544,0.5043445229530334,28.0390625,0.0005075695225968,0.56680828332901,26.1796875,28.61962890625,0.4613853096961975,1018.047571182251,19.90636444091797
2024-04-10 12:51:58,0.0016429064562544,0.5043445229530334,28.0390625,0.0005075695225968,0.56680828332901,26.1796875,28.61962890625,0.4613853096961975,1018.047571182251,19.90636444091797
2024-04-10 12:51:59,0.0016429064562544,0.5043445229530334,28.0390625,0.0005075695225968,0.56680828332901,26.1796875,28.61962890625,0.4613853096961975,1018.047571182251,19.90636444091797
2024-04-10 12:52:00,0.0016429064562544,0.5043445229530334,28.0390625,0.0005075695225968,0.56680828332901,26.1796875,28.61962890625,0.4613853096961975,1018.047571182251,19.90636444091797
2024-04-10 12:52:01,0.0016429064562544,0.5043445229530334,28.0390625,0.0005075695225968,0.56680828332901,26.1796875,28.72332763671875,0.4613853096961975,1018.047571182251,19.90636444091797
2024-04-10 12:52:02,0.0016429064562544,0.5043445229530334,28.0390625,0.0005075695225968,0.56680828332901,26.1796875,28.72332763671875,0.4613853096961975,1018.047571182251,19.886669158935547
2024-04-10 12:52:03,0.0016429064562544,0.5043445229530334,28.0390625,0.0005075695225968,0.56680828332901,26.1796875,28.72332763671875,0.4613853096961975,1018.047571182251,19.886669158935547
2024-04-10 12:52:04,0.0016429064562544,0.5043445229530334,28.0390625,0.0005075695225968,0.56680828332901,26.1796875,28.72332763671875,0.4613853096961975,1018.047571182251,19.886669158935547
2024-04-10 12:52:05,0.0013023283099755,0.5043445229530334,28.15625,0.0005983375594951,0.6477808952331543,26.21875,28.72332763671875,0.4613853096961975,1018.047571182251,19.886669158935547
2024-04-10 12:52:06,0.0013023283099755,0.5043445229530334,28.15625,0.0005983375594951,0.6477808952331543,26.21875,28.791259765625,0.4613853096961975,1018.0869388580322,19.886669158935547
2024-04-10 12:52:07,0.0013023283099755,0.5043445229530334,28.15625,0.0005983375594951,0.6477808952331543,26.21875,28.791259765625,0.4613853096961975,1018.0869388580322,19.886669158935547
2024-04-10 12:52:08,0.0013023283099755,0.5043445229530334,28.15625,0.0005983375594951,0.6477808952331543,26.21875,28.791259765625,0.4613853096961975,1018.0869388580322,19.886669158935547
2024-04-10 12:52:09,0.0013023283099755,0.5043445229530334,28.15625,0.0005983375594951,0.6477808952331543,26.21875,28.791259765625,0.4613853096961975,1018.0869388580322,19.862293243408203
2024-04-10 12:52:10,0.0013023283099755,0.5043445229530334,28.15625,0.0005983375594951,0.6477808952331543,26.21875,28.791259765625,0.4613853096961975,1018.0869388580322,19.862293243408203
2024-04-10 12:52:11,0.0013023283099755,0.5043445229530334,28.15625,0.0005983375594951,0.6477808952331543,26.21875,28.791259765625,0.4613853096961975,1018.0869388580322,19.862293243408203
2024-04-10 12:52:12,0.0011942787095904,0.5043445229530334,28.2109375,0.0009521325118839,0.5263220071792603,26.21875,28.791259765625,0.4613853096961975,1018.0869388580322,19.862293243408203
2024-04-10 12:52:13,0.0011942787095904,0.5043445229530334,28.2109375,0.0009521325118839,0.5263220071792603,26.21875,28.791259765625,0.4613853096961975,1018.0869388580322,19.862293243408203
2024-04-10 12:52:14,0.0011942787095904,0.5043445229530334,28.2109375,0.0009521325118839,0.5263220071792603,26.21875,28.791259765625,0.4613853096961975,1018.0869388580322,19.862293243408203
2024-04-10 12:52:15,0.0011942787095904,0.5043445229530334,28.2109375,0.0009521325118839,0.5263220071792603,26.21875,28.791259765625,0.4613853096961975,1018.0869388580322,19.862293243408203
2024-04-10 12:52:16,0.0011942787095904,0.5043445229530334,28.2109375,0.0009521325118839,0.5263220071792603,26.21875,28.791259765625,0.4613853096961975,1018.0892276763916,19.862293243408203
2024-04-10 12:52:17,0.0011942787095904,0.5043445229530334,28.2109375,0.0009521325118839,0.5263220071792603,26.21875,28.8072509765625,0.4613853096961975,1018.0892276763916,19.84160804748535
2024-04-10 12:52:18,0.0011942787095904,0.5043445229530334,28.2109375,0.0009521325118839,0.5263220071792603,26.21875,28.8072509765625,0.4613853096961975,1018.0892276763916,19.84160804748535
2024-04-10 12:52:19,0.0011942787095904,0.5043445229530334,28.2109375,0.0009521325118839,0.5263220071792603,26.21875,28.8072509765625,0.4613853096961975,1018.0892276763916,19.84160804748535
2024-04-10 12:52:20,0.0013602913822978,0.5043445229530334,28.2734375,0.0009521325118839,0.5263220071792603,26.21875,28.8072509765625,0.4613853096961975,1018.0892276763916,19.84160804748535
2024-04-10 12:52:21,0.0013602913822978,0.5043445229530334,28.2734375,0.0005256068543531,0.6072945594787598,26.265625,28.8072509765625,0.4613853096961975,1018.0892276763916,19.84160804748535
2024-04-10 12:52:22,0.0013602913822978,0.5043445229530334,28.2734375,0.0005256068543531,0.6072945594787598,26.265625,28.8072509765625,0.4613853096961975,1018.0892276763916,19.84160804748535
2024-04-10 12:52:23,0.0013602913822978,0.5043445229530334,28.2734375,0.0005256068543531,0.6072945594787598,26.265625,28.8072509765625,0.4613853096961975,1018.0802726745604,19.84160804748535
2024-04-10 12:52:24,0.0013602913822978,0.5043445229530334,28.2734375,0.0005256068543531,0.6072945594787598,26.265625,28.93341064453125,0.4613853096961975,1018.0802726745604,19.84160804748535
2024-04-10 12:52:25,0.0013602913822978,0.5043445229530334,28.2734375,0.0005256068543531,0.6072945594787598,26.265625,28.93341064453125,0.4613853096961975,1018.0802726745604,19.84160804748535
2024-04-10 12:52:26,0.0013602913822978,0.5043445229530334,28.2734375,0.0005256068543531,0.6072945594787598,26.265625,28.93341064453125,0.4613853096961975,1018.0802726745604,19.84007453918457
2024-04-10 12:52:27,0.0013602913822978,0.5043445229530334,28.2734375,0.0005256068543531,0.6072945594787598,26.265625,28.93341064453125,0.4613853096961975,1018.0802726745604,19.84007453918457
2024-04-10 12:52:28,0.0013602913822978,0.5043445229530334,28.2734375,0.0006054885452613,0.56680828332901,26.2890625,28.93341064453125,0.4613853096961975,1018.0802726745604,19.84007453918457
2024-04-10 12:52:29,0.0012776036746799,0.4655487835407257,28.359375,0.0006054885452613,0.56680828332901,26.2890625,28.93341064453125,0.4613853096961975,1018.0802726745604,19.84007453918457
2024-04-10 12:52:30,0.0012776036746799,0.4655487835407257,28.359375,0.0006054885452613,0.56680828332901,26.2890625,28.93341064453125,0.4482033252716064,1018.0942344665528,19.84007453918457
2024-04-10 12:52:31,0.0012776036746799,0.4655487835407257,28.359375,0.0006054885452613,0.56680828332901,26.2890625,28.93341064453125,0.4482033252716064,1018.0942344665528,19.84007453918457
2024-04-10 12:52:32,0.0012776036746799,0.4655487835407257,28.359375,0.0006054885452613,0.56680828332901,26.2890625,28.97833251953125,0.4482033252716064,1018.0942344665528,19.84007453918457
2024-04-10 12:52:33,0.0012776036746799,0.4655487835407257,28.359375,0.0006054885452613,0.56680828332901,26.2890625,28.97833251953125,0.4482033252716064,1018.0942344665528,19.84007453918457
2024-04-10 12:52:34,0.0012776036746799,0.4655487835407257,28.359375,0.0006054885452613,0.56680828332901,26.2890625,28.97833251953125,0.4482033252716064,1018.0942344665528,19.82963180541992
2024-04-10 12:52:35,0.0012776036746799,0.4655487835407257,28.359375,0.0006054885452613,0.56680828332901,26.2890625,28.97833251953125,0.4482033252716064,1018.0942344665528,19.82963180541992
2024-04-10 12:52:36,0.0012776036746799,0.4655487835407257,28.359375,0.0006054885452613,0.56680828332901,26.2890625,28.97833251953125,0.4482033252716064,1018.0942344665528,19.82963180541992
2024-04-10 12:52:37,0.0012776036746799,0.4655487835407257,28.359375,0.0006054885452613,0.56680828332901,26.2890625,28.97833251953125,0.4482033252716064,1018.0942344665528,19.82963180541992
2024-04-10 12:52:38,0.0013668264728039,0.5043445229530334,28.3984375,0.0004795894783455,0.56680828332901,26.296875,28.97833251953125,0.4482033252716064,1018.0910587310792,19.82963180541992
2024-04-10 12:52:39,0.0013668264728039,0.5043445229530334,28.3984375,0.0004795894783455,0.56680828332901,26.296875,29.116424560546875,0.4482033252716064,1018.0910587310792,19.82963180541992
2024-04-10 12:52:40,0.0013668264728039,0.5043445229530334,28.3984375,0.0004795894783455,0.56680828332901,26.296875,29.116424560546875,0.4482033252716064,1018.0910587310792,19.82963180541992
2024-04-10 12:52:41,0.0013668264728039,0.5043445229530334,28.3984375,0.0004795894783455,0.56680828332901,26.296875,29.116424560546875,0.4482033252716064,1018.0910587310792,19.82963180541992
2024-04-10 12:52:42,0.0013668264728039,0.5043445229530334,28.3984375,0.0004795894783455,0.56680828332901,26.296875,29.116424560546875,0.4482033252716064,1018.0910587310792,19.82963180541992
2024-04-10 12:52:43,0.0013668264728039,0.5043445229530334,28.3984375,0.0004795894783455,0.56680828332901,26.296875,29.116424560546875,0.4482033252716064,1018.0910587310792,19.81278610229492
2024-04-10 12:52:44,0.0013668264728039,0.5043445229530334,28.3984375,0.0004795894783455,0.56680828332901,26.296875,29.116424560546875,0.4482033252716064,1018.0910587310792,19.81278610229492
2024-04-10 12:52:45,0.0013343491591513,0.5431402325630188,28.4921875,0.0005413457984104,0.6072945594787598,26.3359375,29.116424560546875,0.4482033252716064,1018.102445602417,19.81278610229492
2024-04-10 12:52:46,0.0013343491591513,0.5431402325630188,28.4921875,0.0005413457984104,0.6072945594787598,26.3359375,29.116424560546875,0.4482033252716064,1018.102445602417,19.81278610229492
2024-04-10 12:52:47,0.0013343491591513,0.5431402325630188,28.4921875,0.0005413457984104,0.6072945594787598,26.3359375,29.120849609375,0.4482033252716064,1018.102445602417,19.81278610229492
2024-04-10 12:52:48,0.0013343491591513,0.5431402325630188,28.4921875,0.0005413457984104,0.6072945594787598,26.3359375,29.120849609375,0.4482033252716064,1018.102445602417,19.81278610229492
2024-04-10 12:52:49,0.0013343491591513,0.5431402325630188,28.4921875,0.0005413457984104,0.6072945594787598,26.3359375,29.120849609375,0.4482033252716064,1018.102445602417,19.81278610229492
2024-04-10 12:52:50,0.0013343491591513,0.5431402325630188,28.4921875,0.0005413457984104,0.6072945594787598,26.3359375,29.120849609375,0.4482033252716064,1018.102445602417,19.80195999145508
2024-04-10 12:52:51,0.0013343491591513,0.5431402325630188,28.4921875,0.0005413457984104,0.6072945594787598,26.3359375,29.120849609375,0.4482033252716064,1018.102445602417,19.80195999145508
2024-04-10 12:52:52,0.0013343491591513,0.5431402325630188,28.4921875,0.0005413457984104,0.6072945594787598,26.3359375,29.120849609375,0.4482033252716064,1018.102445602417,19.80195999145508
2024-04-10 12:52:53,0.001785350497812,0.5043445229530334,28.5859375,0.0006393801886588,0.5263220071792603,26.375,29.120849609375,0.4482033252716064,1018.102445602417,19.80195999145508
2024-04-10 12:52:54,0.001785350497812,0.5043445229530334,28.5859375,0.0006393801886588,0.5263220071792603,26.375,29.120849609375,0.4482033252716064,1018.102445602417,19.80195999145508
2024-04-10 12:52:55,0.001785350497812,0.5043445229530334,28.5859375,0.0006393801886588,0.5263220071792603,26.375,29.176666259765625,0.4482033252716064,1018.102445602417,19.80195999145508
2024-04-10 12:52:56,0.001785350497812,0.5043445229530334,28.5859375,0.0006393801886588,0.5263220071792603,26.375,29.176666259765625,0.4482033252716064,1018.102445602417,19.80195999145508
2024-04-10 12:52:57,0.001785350497812,0.5043445229530334,28.5859375,0.0006393801886588,0.5263220071792603,26.375,29.176666259765625,0.4482033252716064,1018.0851078033448,19.80195999145508
2024-04-10 12:52:58,0.001785350497812,0.5043445229530334,28.5859375,0.0006393801886588,0.5263220071792603,26.375,29.176666259765625,0.4482033252716064,1018.0851078033448,19.786865234375
2024-04-10 12:52:59,0.001785350497812,0.5043445229530334,28.5859375,0.0006393801886588,0.5263220071792603,26.375,29.176666259765625,0.4482033252716064,1018.0851078033448,19.786865234375
2024-04-10 12:53:00,0.001785350497812,0.5043445229530334,28.5859375,0.0006393801886588,0.5263220071792603,26.375,29.176666259765625,0.4482033252716064,1018.0851078033448,19.786865234375
2024-04-10 12:53:01,0.001785350497812,0.5043445229530334,28.5859375,0.0006393801886588,0.5263220071792603,26.375,29.176666259765625,0.4482033252716064,1018.0851078033448,19.786865234375
2024-04-10 12:53:02,0.001785350497812,0.5043445229530334,28.5859375,0.0004744489851873,0.6477808952331543,26.3828125,29.176666259765625,0.4482033252716064,1018.0851078033448,19.786865234375
2024-04-10 12:53:03,0.0018163337372243,0.4655487835407257,28.6015625,0.0004744489851873,0.6477808952331543,26.3828125,29.31231689453125,0.4482033252716064,1018.0851078033448,19.786865234375
2024-04-10 12:53:04,0.0018163337372243,0.4655487835407257,28.6015625,0.0004744489851873,0.6477808952331543,26.3828125,29.31231689453125,0.4482033252716064,1018.0889129638672,19.786865234375
2024-04-10 12:53:05,0.0018163337372243,0.4655487835407257,28.6015625,0.0004744489851873,0.6477808952331543,26.3828125,29.31231689453125,0.4482033252716064,1018.0889129638672,19.778133392333984
2024-04-10 12:53:06,0.0018163337372243,0.4655487835407257,28.6015625,0.0004744489851873,0.6477808952331543,26.3828125,29.31231689453125,0.4482033252716064,1018.0889129638672,19.778133392333984
2024-04-10 12:53:07,0.0018163337372243,0.4655487835407257,28.6015625,0.0004744489851873,0.6477808952331543,26.3828125,29.31231689453125,0.4482033252716064,1018.0889129638672,19.778133392333984
2024-04-10 12:53:08,0.0018163337372243,0.4655487835407257,28.6015625,0.0004744489851873,0.6477808952331543,26.3828125,29.31231689453125,0.4482033252716064,1018.0889129638672,19.778133392333984
2024-04-10 12:53:09,0.0018163337372243,0.4655487835407257,28.6015625,0.0004744489851873,0.6477808952331543,26.3828125,29.31231689453125,0.4482033252716064,1018.0889129638672,19.778133392333984
2024-04-10 12:53:10,0.0018163337372243,0.4655487835407257,28.6015625,0.0004744489851873,0.6477808952331543,26.3828125,29.31231689453125,0.4482033252716064,1018.0889129638672,19.778133392333984
2024-04-10 12:53:11,0.0018487152410671,0.5043445229530334,28.671875,0.000972245063167,0.56680828332901,26.3984375,29.31231689453125,0.4482033252716064,1018.0598735809326,19.778133392333984
2024-04-10 12:53:12,0.0018487152410671,0.5043445229530334,28.671875,0.000972245063167,0.56680828332901,26.3984375,29.31231689453125,0.4482033252716064,1018.0598735809326,19.778133392333984
2024-04-10 12:53:13,0.0018487152410671,0.5043445229530334,28.671875,0.000972245063167,0.56680828332901,26.3984375,29.3719482421875,0.4482033252716064,1018.0598735809326,19.766786575317383
2024-04-10 12:53:14,0.0018487152410671,0.5043445229530334,28.671875,0.000972245063167,0.56680828332901,26.3984375,29.3719482421875,0.4482033252716064,1018.0598735809326,19.766786575317383
2024-04-10 12:53:15,0.0018487152410671,0.5043445229530334,28.671875,0.000972245063167,0.56680828332901,26.3984375,29.3719482421875,0.4482033252716064,1018.0598735809326,19.766786575317383
2024-04-10 12:53:16,0.0008686299552209,0.5043445229530334,28.765625,0.000972245063167,0.56680828332901,26.3984375,29.3719482421875,0.4482033252716064,1018.0598735809326,19.766786575317383
2024-04-10 12:53:17,0.0008686299552209,0.5043445229530334,28.765625,0.0006501271273009,0.6072945594787598,26.453125,29.3719482421875,0.4482033252716064,1018.0728912353516,19.766786575317383
2024-04-10 12:53:18,0.0008686299552209,0.5043445229530334,28.765625,0.0006501271273009,0.6072945594787598,26.453125,29.3719482421875,0.4482033252716064,1018.0728912353516,19.766786575317383
2024-04-10 12:53:19,0.0008686299552209,0.5043445229530334,28.765625,0.0006501271273009,0.6072945594787598,26.453125,29.3719482421875,0.4482033252716064,1018.0728912353516,19.766786575317383
2024-04-10 12:53:20,0.0008686299552209,0.5043445229530334,28.765625,0.0006501271273009,0.6072945594787598,26.453125,29.424957275390625,0.4482033252716064,1018.0728912353516,19.766786575317383
2024-04-10 12:53:21,0.0008686299552209,0.5043445229530334,28.765625,0.0006501271273009,0.6072945594787598,26.453125,29.424957275390625,0.4482033252716064,1018.0728912353516,19.76175117492676
2024-04-10 12:53:22,0.0008686299552209,0.5043445229530334,28.765625,0.0006501271273009,0.6072945594787598,26.453125,29.424957275390625,0.4482033252716064,1018.0728912353516,19.76175117492676
2024-04-10 12:53:23,0.0008686299552209,0.5043445229530334,28.765625,0.0006501271273009,0.6072945594787598,26.453125,29.424957275390625,0.4482033252716064,1018.0728912353516,19.76175117492676
2024-04-10 12:53:24,0.0008686299552209,0.5043445229530334,28.765625,0.0006188419647514,0.6072945594787598,26.4609375,29.424957275390625,0.4482033252716064,1018.0728912353516,19.76175117492676
2024-04-10 12:53:25,0.0009300641249865,0.5431402325630188,28.84375,0.0006188419647514,0.6072945594787598,26.4609375,29.424957275390625,0.4482033252716064,1018.0728912353516,19.76175117492676
2024-04-10 12:53:26,0.0009300641249865,0.5431402325630188,28.84375,0.0006188419647514,0.6072945594787598,26.4609375,29.424957275390625,0.4482033252716064,1018.0728912353516,19.76175117492676
2024-04-10 12:53:27,0.0009300641249865,0.5431402325630188,28.84375,0.0006188419647514,0.6072945594787598,26.4609375,29.424957275390625,0.4482033252716064,1018.0728912353516,19.76175117492676
2024-04-10 12:53:28,0.0009300641249865,0.5431402325630188,28.84375,0.0006188419647514,0.6072945594787598,26.4609375,29.481109619140625,0.4482033252716064,1018.083791732788,19.76175117492676
2024-04-10 12:53:29,0.0009300641249865,0.5431402325630188,28.84375,0.0006188419647514,0.6072945594787598,26.4609375,29.481109619140625,0.4431532919406891,1018.083791732788,19.76175117492676
2024-04-10 12:53:30,0.0009300641249865,0.5431402325630188,28.84375,0.0006188419647514,0.6072945594787598,26.4609375,29.481109619140625,0.4431532919406891,1018.083791732788,19.76175117492676
2024-04-10 12:53:31,0.0009300641249865,0.5431402325630188,28.84375,0.0006188419647514,0.6072945594787598,26.4609375,29.481109619140625,0.4431532919406891,1018.083791732788,19.741329193115234
2024-04-10 12:53:32,0.0013454020954668,0.5431402325630188,28.90625,0.0005571543588303,0.6072945594787598,26.4609375,29.481109619140625,0.4431532919406891,1018.083791732788,19.741329193115234
2024-04-10 12:53:33,0.0013454020954668,0.5431402325630188,28.90625,0.0005571543588303,0.6072945594787598,26.4609375,29.481109619140625,0.4431532919406891,1018.083791732788,19.741329193115234
2024-04-10 12:53:34,0.0013454020954668,0.5431402325630188,28.90625,0.0005571543588303,0.6072945594787598,26.4609375,29.481109619140625,0.4431532919406891,1018.078842163086,19.741329193115234
2024-04-10 12:53:35,0.0013454020954668,0.5431402325630188,28.90625,0.0005571543588303,0.6072945594787598,26.4609375,29.481109619140625,0.4431532919406891,1018.078842163086,19.741329193115234
2024-04-10 12:53:36,0.0013454020954668,0.5431402325630188,28.90625,0.0005571543588303,0.6072945594787598,26.4609375,29.51373291015625,0.4431532919406891,1018.078842163086,19.741329193115234
2024-04-10 12:53:37,0.0013454020954668,0.5431402325630188,28.90625,0.0005571543588303,0.6072945594787598,26.4609375,29.51373291015625,0.4431532919406891,1018.078842163086,19.741329193115234
2024-04-10 12:53:38,0.0013454020954668,0.5431402325630188,28.90625,0.0005571543588303,0.6072945594787598,26.4609375,29.51373291015625,0.4431532919406891,1018.078842163086,19.727144241333008
2024-04-10 12:53:39,0.0013454020954668,0.5431402325630188,28.90625,0.0005571543588303,0.6072945594787598,26.4609375,29.51373291015625,0.4431532919406891,1018.078842163086,19.727144241333008
2024-04-10 12:53:40,0.0013454020954668,0.5431402325630188,28.90625,0.0005571543588303,0.6072945594787598,26.4609375,29.51373291015625,0.4431532919406891,1018.078842163086,19.727144241333008
2024-04-10 12:53:41,0.0020379640627652,0.5043445229530334,28.984375,0.0007085456163622,0.5263220071792603,26.515625,29.51373291015625,0.4431532919406891,1018.0491733551024,19.727144241333008
2024-04-10 12:53:42,0.0020379640627652,0.5043445229530334,28.984375,0.0007085456163622,0.5263220071792603,26.515625,29.51373291015625,0.4431532919406891,1018.0491733551024,19.727144241333008
2024-04-10 12:53:43,0.0020379640627652,0.5043445229530334,28.984375,0.0007085456163622,0.5263220071792603,26.515625,29.51373291015625,0.4431532919406891,1018.0491733551024,19.727144241333008
2024-04-10 12:53:44,0.0020379640627652,0.5043445229530334,28.984375,0.0007085456163622,0.5263220071792603,26.515625,29.557098388671875,0.4431532919406891,1018.0491733551024,19.727144241333008
2024-04-10 12:53:45,0.0020379640627652,0.5043445229530334,28.984375,0.0007085456163622,0.5263220071792603,26.515625,29.557098388671875,0.4431532919406891,1018.0491733551024,19.727144241333008
2024-04-10 12:53:46,0.0020379640627652,0.5043445229530334,28.984375,0.0007085456163622,0.5263220071792603,26.515625,29.557098388671875,0.4431532919406891,1018.0491733551024,19.72491836547852
2024-04-10 12:53:47,0.0020379640627652,0.5043445229530334,28.984375,0.0007085456163622,0.5263220071792603,26.515625,29.557098388671875,0.4431532919406891,1018.0491733551024,19.72491836547852
2024-04-10 12:53:48,0.0010632547782734,0.4655487835407257,29.03125,0.0007085456163622,0.5263220071792603,26.515625,29.557098388671875,0.4431532919406891,1018.0491733551024,19.72491836547852
2024-04-10 12:53:49,0.0010632547782734,0.4655487835407257,29.03125,0.0006267774733714,0.56680828332901,26.515625,29.557098388671875,0.4431532919406891,1018.0491733551024,19.72491836547852
2024-04-10 12:53:50,0.0010632547782734,0.4655487835407257,29.03125,0.0006267774733714,0.56680828332901,26.515625,29.658233642578125,0.4431532919406891,1018.0893421173096,19.72491836547852
2024-04-10 12:53:51,0.0010632547782734,0.4655487835407257,29.03125,0.0006267774733714,0.56680828332901,26.515625,29.658233642578125,0.4431532919406891,1018.0893421173096,19.72491836547852
2024-04-10 12:53:52,0.0010632547782734,0.4655487835407257,29.03125,0.0006267774733714,0.56680828332901,26.515625,29.658233642578125,0.4431532919406891,1018.0893421173096,19.72491836547852
2024-04-10 12:53:53,0.0010632547782734,0.4655487835407257,29.03125,0.0006267774733714,0.56680828332901,26.515625,29.658233642578125,0.4431532919406891,1018.0893421173096,19.72491836547852
2024-04-10 12:53:54,0.0010632547782734,0.4655487835407257,29.03125,0.0006267774733714,0.56680828332901,26.515625,29.658233642578125,0.4431532919406891,1018.0893421173096,19.70498275756836
2024-04-10 12:53:55,0.0010632547782734,0.4655487835407257,29.03125,0.0006267774733714,0.56680828332901,26.515625,29.658233642578125,0.4431532919406891,1018.0893421173096,19.70498275756836
2024-04-10 12:53:56,0.0010632547782734,0.4655487835407257,29.03125,0.0006267774733714,0.56680828332901,26.515625,29.658233642578125,0.4431532919406891,1018.0893421173096,19.70498275756836
2024-04-10 12:53:57,0.0019821883179247,0.5043445229530334,29.09375,0.0004725106700789,0.6072945594787598,26.5078125,29.658233642578125,0.4431532919406891,1018.0893421173096,19.70498275756836
2024-04-10 12:53:58,0.0019821883179247,0.5043445229530334,29.09375,0.0004725106700789,0.6072945594787598,26.5078125,29.658233642578125,0.4431532919406891,1018.0776691436768,19.70498275756836
2024-04-10 12:53:59,0.0019821883179247,0.5043445229530334,29.09375,0.0004725106700789,0.6072945594787598,26.5078125,29.755096435546875,0.4431532919406891,1018.0776691436768,19.70498275756836
2024-04-10 12:54:00,0.0019821883179247,0.5043445229530334,29.09375,0.0004725106700789,0.6072945594787598,26.5078125,29.755096435546875,0.4431532919406891,1018.0776691436768,19.70498275756836
2024-04-10 12:54:01,0.0019821883179247,0.5043445229530334,29.09375,0.0004725106700789,0.6072945594787598,26.5078125,29.755096435546875,0.4431532919406891,1018.0776691436768,19.70498275756836
2024-04-10 12:54:02,0.0019821883179247,0.5043445229530334,29.09375,0.0004725106700789,0.6072945594787598,26.5078125,29.755096435546875,0.4431532919406891,1018.0776691436768,19.71614646911621
2024-04-10 12:54:03,0.0019821883179247,0.5043445229530334,29.09375,0.0004725106700789,0.6072945594787598,26.5078125,29.755096435546875,0.4431532919406891,1018.0776691436768,19.71614646911621
2024-04-10 12:54:04,0.001793444622308,0.4655487835407257,29.1640625,0.0010998948710039,0.56680828332901,26.5234375,29.755096435546875,0.4431532919406891,1018.0776691436768,19.71614646911621
2024-04-10 12:54:05,0.001793444622308,0.4655487835407257,29.1640625,0.0010998948710039,0.56680828332901,26.5234375,29.755096435546875,0.4431532919406891,1018.0199337005616,19.71614646911621
2024-04-10 12:54:06,0.001793444622308,0.4655487835407257,29.1640625,0.0010998948710039,0.56680828332901,26.5234375,29.755096435546875,0.4431532919406891,1018.0199337005616,19.71614646911621
2024-04-10 12:54:07,0.001793444622308,0.4655487835407257,29.1640625,0.0010998948710039,0.56680828332901,26.5234375,29.780670166015625,0.4431532919406891,1018.0199337005616,19.71614646911621
2024-04-10 12:54:08,0.001793444622308,0.4655487835407257,29.1640625,0.0010998948710039,0.56680828332901,26.5234375,29.780670166015625,0.4431532919406891,1018.0199337005616,19.71614646911621
2024-04-10 12:54:09,0.001793444622308,0.4655487835407257,29.1640625,0.0010998948710039,0.56680828332901,26.5234375,29.780670166015625,0.4431532919406891,1018.0199337005616,19.71614646911621
2024-04-10 12:54:10,0.001793444622308,0.4655487835407257,29.1640625,0.0010998948710039,0.56680828332901,26.5234375,29.780670166015625,0.4431532919406891,1018.0199337005616,19.70982360839844
2024-04-10 12:54:11,0.001793444622308,0.4655487835407257,29.1640625,0.0010998948710039,0.56680828332901,26.5234375,29.780670166015625,0.4431532919406891,1018.0199337005616,19.70982360839844
2024-04-10 12:54:12,0.001793444622308,0.4655487835407257,29.1640625,0.0010998948710039,0.56680828332901,26.5234375,29.780670166015625,0.4431532919406891,1018.0199337005616,19.70982360839844
2024-04-10 12:54:13,0.0013304043095558,0.4655487835407257,29.21875,0.000500472204294,0.6072945594787598,26.546875,29.780670166015625,0.4431532919406891,1018.0199337005616,19.70982360839844
2024-04-10 12:54:14,0.0013304043095558,0.4655487835407257,29.21875,0.000500472204294,0.6072945594787598,26.546875,29.74642944335937,0.4431532919406891,1018.0199337005616,19.70982360839844
2024-04-10 12:54:15,0.0013304043095558,0.4655487835407257,29.21875,0.000500472204294,0.6072945594787598,26.546875,29.74642944335937,0.4431532919406891,1018.0443096160888,19.70982360839844
2024-04-10 12:54:16,0.0013304043095558,0.4655487835407257,29.21875,0.000500472204294,0.6072945594787598,26.546875,29.74642944335937,0.4431532919406891,1018.0443096160888,19.70982360839844
2024-04-10 12:54:17,0.0013304043095558,0.4655487835407257,29.21875,0.000500472204294,0.6072945594787598,26.546875,29.74642944335937,0.4431532919406891,1018.0443096160888,19.70982360839844
2024-04-10 12:54:18,0.0013304043095558,0.4655487835407257,29.21875,0.000500472204294,0.6072945594787598,26.546875,29.74642944335937,0.4431532919406891,1018.0443096160888,19.70982360839844
2024-04-10 12:54:19,0.0013304043095558,0.4655487835407257,29.21875,0.000500472204294,0.6072945594787598,26.546875,29.74642944335937,0.4431532919406891,1018.0443096160888,19.70273971557617
2024-04-10 12:54:20,0.0013304043095558,0.4655487835407257,29.21875,0.000500472204294,0.6072945594787598,26.546875,29.74642944335937,0.4431532919406891,1018.0443096160888,19.70273971557617
2024-04-10 12:54:21,0.0016806256026029,0.4655487835407257,29.265625,0.0005672647384926,0.56680828332901,26.53125,29.74642944335937,0.4431532919406891,1018.0443096160888,19.70273971557617
2024-04-10 12:54:22,0.0016806256026029,0.4655487835407257,29.265625,0.0005672647384926,0.56680828332901,26.53125,29.74642944335937,0.4431532919406891,1018.0563259124756,19.70273971557617
2024-04-10 12:54:23,0.0016806256026029,0.4655487835407257,29.265625,0.0005672647384926,0.56680828332901,26.53125,29.74642944335937,0.4431532919406891,1018.0563259124756,19.70273971557617
2024-04-10 12:54:24,0.0016806256026029,0.4655487835407257,29.265625,0.0005672647384926,0.56680828332901,26.53125,29.74642944335937,0.4431532919406891,1018.0563259124756,19.70273971557617
2024-04-10 12:54:25,0.0016806256026029,0.4655487835407257,29.265625,0.0005672647384926,0.56680828332901,26.53125,29.699462890625,0.4431532919406891,1018.0563259124756,19.68179702758789
2024-04-10 12:54:26,0.0016806256026029,0.4655487835407257,29.265625,0.0005672647384926,0.56680828332901,26.53125,29.699462890625,0.4431532919406891,1018.0563259124756,19.68179702758789
2024-04-10 12:54:27,0.0016806256026029,0.4655487835407257,29.265625,0.0005672647384926,0.56680828332901,26.53125,29.699462890625,0.4431532919406891,1018.0563259124756,19.68179702758789
2024-04-10 12:54:28,0.0016806256026029,0.4655487835407257,29.265625,0.0005672647384926,0.56680828332901,26.53125,29.699462890625,0.4509917795658111,1018.0563259124756,19.68179702758789
2024-04-10 12:54:29,0.0027228002436459,0.4655487835407257,29.3359375,0.0005672647384926,0.56680828332901,26.53125,29.699462890625,0.4509917795658111,1018.0716609954834,19.68179702758789
2024-04-10 12:54:30,0.0027228002436459,0.4655487835407257,29.3359375,0.0009313207701779,0.6477808952331543,26.53125,29.699462890625,0.4509917795658111,1018.0716609954834,19.68179702758789
2024-04-10 12:54:31,0.0027228002436459,0.4655487835407257,29.3359375,0.0009313207701779,0.6477808952331543,26.53125,29.716064453125,0.4509917795658111,1018.0716609954834,19.68179702758789
2024-04-10 12:54:32,0.0027228002436459,0.4655487835407257,29.3359375,0.0009313207701779,0.6477808952331543,26.53125,29.716064453125,0.4509917795658111,1018.0716609954834,19.68179702758789
2024-04-10 12:54:33,0.0027228002436459,0.4655487835407257,29.3359375,0.0009313207701779,0.6477808952331543,26.53125,29.716064453125,0.4509917795658111,1018.0716609954834,19.68179702758789
2024-04-10 12:54:34,0.0027228002436459,0.4655487835407257,29.3359375,0.0009313207701779,0.6477808952331543,26.53125,29.716064453125,0.4509917795658111,1018.0716609954834,19.68179702758789
2024-04-10 12:54:35,0.0027228002436459,0.4655487835407257,29.3359375,0.0009313207701779,0.6477808952331543,26.53125,29.716064453125,0.4509917795658111,1018.0716609954834,19.69701766967773
2024-04-10 12:54:36,0.0027228002436459,0.4655487835407257,29.3359375,0.0009313207701779,0.6477808952331543,26.53125,29.716064453125,0.4509917795658111,1018.0716609954834,19.69701766967773
2024-04-10 12:54:37,0.0013905501691624,0.5043445229530334,29.3828125,0.0009313207701779,0.6477808952331543,26.53125,29.716064453125,0.4509917795658111,1018.0716609954834,19.69701766967773
2024-04-10 12:54:38,0.0013905501691624,0.5043445229530334,29.3828125,0.0009313207701779,0.6477808952331543,26.53125,29.716064453125,0.4509917795658111,1018.0556392669678,19.69701766967773
2024-04-10 12:54:39,0.0013905501691624,0.5043445229530334,29.3828125,0.0006055529811419,0.56680828332901,26.5546875,29.716064453125,0.4509917795658111,1018.0556392669678,19.69701766967773
2024-04-10 12:54:40,0.0013905501691624,0.5043445229530334,29.3828125,0.0006055529811419,0.56680828332901,26.5546875,29.460968017578125,0.4509917795658111,1018.0556392669678,19.69701766967773
2024-04-10 12:54:41,0.0013905501691624,0.5043445229530334,29.3828125,0.0006055529811419,0.56680828332901,26.5546875,29.460968017578125,0.4509917795658111,1018.0556392669678,19.69701766967773
2024-04-10 12:54:42,0.0013905501691624,0.5043445229530334,29.3828125,0.0006055529811419,0.56680828332901,26.5546875,29.460968017578125,0.4509917795658111,1018.0556392669678,19.69701766967773
2024-04-10 12:54:43,0.0013905501691624,0.5043445229530334,29.3828125,0.0006055529811419,0.56680828332901,26.5546875,29.460968017578125,0.4509917795658111,1018.0556392669678,19.68707847595215
2024-04-10 12:54:44,0.0010062417713925,0.5043445229530334,29.4140625,0.0006055529811419,0.56680828332901,26.5546875,29.460968017578125,0.4509917795658111,1018.0556392669678,19.68707847595215
2024-04-10 12:54:45,0.0010062417713925,0.5043445229530334,29.4140625,0.0007581710815429,0.6072945594787598,26.578125,29.460968017578125,0.4509917795658111,1018.0556392669678,19.68707847595215
2024-04-10 12:54:46,0.0010062417713925,0.5043445229530334,29.4140625,0.0007581710815429,0.6072945594787598,26.578125,29.460968017578125,0.4509917795658111,1018.0632781982422,19.68707847595215
2024-04-10 12:54:47,0.0010062417713925,0.5043445229530334,29.4140625,0.0007581710815429,0.6072945594787598,26.578125,29.460968017578125,0.4509917795658111,1018.0632781982422,19.68707847595215
2024-04-10 12:54:48,0.0010062417713925,0.5043445229530334,29.4140625,0.0007581710815429,0.6072945594787598,26.578125,29.45135498046875,0.4509917795658111,1018.0632781982422,19.68707847595215
2024-04-10 12:54:49,0.0010062417713925,0.5043445229530334,29.4140625,0.0007581710815429,0.6072945594787598,26.578125,29.45135498046875,0.4509917795658111,1018.0632781982422,19.68707847595215
2024-04-10 12:54:50,0.0010062417713925,0.5043445229530334,29.4140625,0.0007581710815429,0.6072945594787598,26.578125,29.45135498046875,0.4509917795658111,1018.0632781982422,19.70164680480957
2024-04-10 12:54:51,0.0010062417713925,0.5043445229530334,29.4140625,0.0007581710815429,0.6072945594787598,26.578125,29.45135498046875,0.4509917795658111,1018.0632781982422,19.70164680480957
2024-04-10 12:54:52,0.0010062417713925,0.5043445229530334,29.4140625,0.00057506817393,0.6477808952331543,26.5703125,29.45135498046875,0.4509917795658111,1018.0632781982422,19.70164680480957
2024-04-10 12:54:53,0.0011051488108932,0.5043445229530334,29.453125,0.00057506817393,0.6477808952331543,26.5703125,29.45135498046875,0.4509917795658111,1018.0632781982422,19.70164680480957
2024-04-10 12:54:54,0.0011051488108932,0.5043445229530334,29.453125,0.00057506817393,0.6477808952331543,26.5703125,29.45135498046875,0.4509917795658111,1018.0632781982422,19.70164680480957
2024-04-10 12:54:55,0.0011051488108932,0.5043445229530334,29.453125,0.00057506817393,0.6477808952331543,26.5703125,29.529205322265625,0.4509917795658111,1018.0632781982422,19.70164680480957
2024-04-10 12:54:56,0.0011051488108932,0.5043445229530334,29.453125,0.00057506817393,0.6477808952331543,26.5703125,29.529205322265625,0.4509917795658111,1018.05890083313,19.70164680480957
2024-04-10 12:54:57,0.0011051488108932,0.5043445229530334,29.453125,0.00057506817393,0.6477808952331543,26.5703125,29.529205322265625,0.4509917795658111,1018.05890083313,19.70164680480957
2024-04-10 12:54:58,0.0011051488108932,0.5043445229530334,29.453125,0.00057506817393,0.6477808952331543,26.5703125,29.529205322265625,0.4509917795658111,1018.05890083313,19.689922332763672
2024-04-10 12:54:59,0.0011051488108932,0.5043445229530334,29.453125,0.00057506817393,0.6477808952331543,26.5703125,29.529205322265625,0.4509917795658111,1018.05890083313,19.689922332763672
2024-04-10 12:55:00,0.0011051488108932,0.5043445229530334,29.453125,0.00057506817393,0.6477808952331543,26.5703125,29.529205322265625,0.4509917795658111,1018.05890083313,19.689922332763672
2024-04-10 12:55:01,0.0016743614105507,0.5043445229530334,29.484375,0.0005074951332062,0.6072945594787598,26.578125,29.529205322265625,0.4509917795658111,1018.0557250976562,19.689922332763672
2024-04-10 12:55:02,0.0016743614105507,0.5043445229530334,29.484375,0.0005074951332062,0.6072945594787598,26.578125,29.529205322265625,0.4509917795658111,1018.0557250976562,19.689922332763672
2024-04-10 12:55:03,0.0016743614105507,0.5043445229530334,29.484375,0.0005074951332062,0.6072945594787598,26.578125,29.529205322265625,0.4509917795658111,1018.0557250976562,19.689922332763672
2024-04-10 12:55:04,0.0016743614105507,0.5043445229530334,29.484375,0.0005074951332062,0.6072945594787598,26.578125,29.529205322265625,0.4509917795658111,1018.0557250976562,19.689922332763672
2024-04-10 12:55:05,0.0016743614105507,0.5043445229530334,29.484375,0.0005074951332062,0.6072945594787598,26.578125,29.508331298828125,0.4509917795658111,1018.0557250976562,19.689922332763672
2024-04-10 12:55:06,0.0016743614105507,0.5043445229530334,29.484375,0.0005074951332062,0.6072945594787598,26.578125,29.508331298828125,0.4509917795658111,1018.0557250976562,19.703672409057617
2024-04-10 12:55:07,0.0016743614105507,0.5043445229530334,29.484375,0.0005074951332062,0.6072945594787598,26.578125,29.508331298828125,0.4509917795658111,1018.0557250976562,19.703672409057617
2024-04-10 12:55:08,0.0012564908247441,0.5819360017776489,29.5546875,0.0005074951332062,0.6072945594787598,26.578125,29.508331298828125,0.4509917795658111,1018.0557250976562,19.703672409057617
2024-04-10 12:55:09,0.0012564908247441,0.5819360017776489,29.5546875,0.0005497391684912,0.5263220071792603,26.5625,29.508331298828125,0.4509917795658111,1018.0557250976562,19.703672409057617
2024-04-10 12:55:10,0.0012564908247441,0.5819360017776489,29.5546875,0.0005497391684912,0.5263220071792603,26.5625,29.508331298828125,0.4509917795658111,1018.0567836761476,19.703672409057617
2024-04-10 12:55:11,0.0012564908247441,0.5819360017776489,29.5546875,0.0005497391684912,0.5263220071792603,26.5625,29.572906494140625,0.4509917795658111,1018.0567836761476,19.703672409057617
2024-04-10 12:55:12,0.0012564908247441,0.5819360017776489,29.5546875,0.0005497391684912,0.5263220071792603,26.5625,29.572906494140625,0.4509917795658111,1018.0567836761476,19.703672409057617
2024-04-10 12:55:13,0.0012564908247441,0.5819360017776489,29.5546875,0.0005497391684912,0.5263220071792603,26.5625,29.572906494140625,0.4509917795658111,1018.0567836761476,19.703672409057617
2024-04-10 12:55:14,0.0012564908247441,0.5819360017776489,29.5546875,0.0005497391684912,0.5263220071792603,26.5625,29.572906494140625,0.4509917795658111,1018.0567836761476,19.687931060791016
2024-04-10 12:55:15,0.0012564908247441,0.5819360017776489,29.5546875,0.0005497391684912,0.5263220071792603,26.5625,29.572906494140625,0.4509917795658111,1018.0567836761476,19.687931060791016
2024-04-10 12:55:16,0.0014967401511967,0.5043445229530334,29.5703125,0.0004942286177538,0.5263220071792603,26.578125,29.572906494140625,0.4509917795658111,1018.0567836761476,19.687931060791016
2024-04-10 12:55:17,0.0014967401511967,0.5043445229530334,29.5703125,0.0004942286177538,0.5263220071792603,26.578125,29.572906494140625,0.4509917795658111,1018.0567836761476,19.687931060791016
2024-04-10 12:55:18,0.0014967401511967,0.5043445229530334,29.5703125,0.0004942286177538,0.5263220071792603,26.578125,29.60748291015625,0.4509917795658111,1018.0567836761476,19.687931060791016
2024-04-10 12:55:19,0.0014967401511967,0.5043445229530334,29.5703125,0.0004942286177538,0.5263220071792603,26.578125,29.60748291015625,0.4509917795658111,1018.051176071167,19.687931060791016
2024-04-10 12:55:20,0.0014967401511967,0.5043445229530334,29.5703125,0.0004942286177538,0.5263220071792603,26.578125,29.60748291015625,0.4509917795658111,1018.051176071167,19.687931060791016
2024-04-10 12:55:21,0.0014967401511967,0.5043445229530334,29.5703125,0.0004942286177538,0.5263220071792603,26.578125,29.60748291015625,0.4509917795658111,1018.051176071167,19.69179344177246
2024-04-10 12:55:22,0.0014967401511967,0.5043445229530334,29.5703125,0.0004942286177538,0.5263220071792603,26.578125,29.60748291015625,0.4509917795658111,1018.051176071167,19.69179344177246
2024-04-10 12:55:23,0.0014967401511967,0.5043445229530334,29.5703125,0.0004942286177538,0.5263220071792603,26.578125,29.60748291015625,0.4509917795658111,1018.051176071167,19.69179344177246
2024-04-10 12:55:24,0.0013940697535872,0.4655487835407257,29.6328125,0.0005499446415342,0.56680828332901,26.5625,29.60748291015625,0.4509917795658111,1018.051176071167,19.69179344177246
2024-04-10 12:55:25,0.0013940697535872,0.4655487835407257,29.6328125,0.0005499446415342,0.56680828332901,26.5625,29.60748291015625,0.4509917795658111,1018.051176071167,19.69179344177246
2024-04-10 12:55:26,0.0013940697535872,0.4655487835407257,29.6328125,0.0005499446415342,0.56680828332901,26.5625,29.60748291015625,0.4509917795658111,1018.051176071167,19.69179344177246
2024-04-10 12:55:27,0.0013940697535872,0.4655487835407257,29.6328125,0.0005499446415342,0.56680828332901,26.5625,29.60748291015625,0.4509917795658111,1018.051176071167,19.69179344177246
2024-04-10 12:55:28,0.0013940697535872,0.4655487835407257,29.6328125,0.0005499446415342,0.56680828332901,26.5625,29.60748291015625,0.4509917795658111,1018.051176071167,19.69179344177246
2024-04-10 12:55:29,0.0013940697535872,0.4655487835407257,29.6328125,0.0005499446415342,0.56680828332901,26.5625,29.500152587890625,0.4401741027832031,1018.0517482757568,19.69179344177246
2024-04-10 12:55:30,0.0013940697535872,0.4655487835407257,29.6328125,0.0005499446415342,0.56680828332901,26.5625,29.500152587890625,0.4401741027832031,1018.0517482757568,19.69179344177246
2024-04-10 12:55:31,0.0013940697535872,0.4655487835407257,29.6328125,0.0005499446415342,0.56680828332901,26.5625,29.500152587890625,0.4401741027832031,1018.0517482757568,19.69179344177246
2024-04-10 12:55:32,0.0013940697535872,0.4655487835407257,29.6328125,0.0005499446415342,0.56680828332901,26.5625,29.500152587890625,0.4401741027832031,1018.0517482757568,19.69179344177246
2024-04-10 12:55:33,0.0013940697535872,0.4655487835407257,29.6328125,0.000795038358774,0.56680828332901,26.546875,29.500152587890625,0.4401741027832031,1018.0517482757568,19.69179344177246
2024-04-10 12:55:34,0.0018768762238323,0.6207317113876343,29.65625,0.000795038358774,0.56680828332901,26.546875,29.500152587890625,0.4401741027832031,1018.0517482757568,19.6876163482666
2024-04-10 12:55:35,0.0018768762238323,0.6207317113876343,29.65625,0.000795038358774,0.56680828332901,26.546875,29.500152587890625,0.4401741027832031,1018.0517482757568,19.6876163482666
2024-04-10 12:55:36,0.0018768762238323,0.6207317113876343,29.65625,0.000795038358774,0.56680828332901,26.546875,29.54501342773437,0.4401741027832031,1018.0517482757568,19.6876163482666
2024-04-10 12:55:37,0.0018768762238323,0.6207317113876343,29.65625,0.000795038358774,0.56680828332901,26.546875,29.54501342773437,0.4401741027832031,1018.0394458770752,19.6876163482666
2024-04-10 12:55:38,0.0018768762238323,0.6207317113876343,29.65625,0.000795038358774,0.56680828332901,26.546875,29.54501342773437,0.4401741027832031,1018.0394458770752,19.6876163482666
2024-04-10 12:55:39,0.0018768762238323,0.6207317113876343,29.65625,0.000795038358774,0.56680828332901,26.546875,29.54501342773437,0.4401741027832031,1018.0394458770752,19.709211349487305
2024-04-10 12:55:40,0.0013017249293625,0.4655487835407257,29.671875,0.000795038358774,0.56680828332901,26.546875,29.54501342773437,0.4401741027832031,1018.0394458770752,19.709211349487305
2024-04-10 12:55:41,0.0013017249293625,0.4655487835407257,29.671875,0.0005495442892424,0.6882672309875488,26.5625,29.54501342773437,0.4401741027832031,1018.0323791503906,19.709211349487305
2024-04-10 12:55:42,0.0013017249293625,0.4655487835407257,29.671875,0.0005495442892424,0.6882672309875488,26.5625,29.54501342773437,0.4401741027832031,1018.0323791503906,19.709211349487305
2024-04-10 12:55:43,0.0013017249293625,0.4655487835407257,29.671875,0.0005495442892424,0.6882672309875488,26.5625,29.54501342773437,0.4401741027832031,1018.0323791503906,19.709211349487305
2024-04-10 12:55:44,0.0013017249293625,0.4655487835407257,29.671875,0.0005495442892424,0.6882672309875488,26.5625,29.54501342773437,0.4401741027832031,1018.0323791503906,19.709211349487305
2024-04-10 12:55:45,0.0013017249293625,0.4655487835407257,29.671875,0.0005495442892424,0.6882672309875488,26.5625,29.54501342773437,0.4401741027832031,1018.0323791503906,19.709211349487305
2024-04-10 12:55:46,0.0013017249293625,0.4655487835407257,29.671875,0.0005495442892424,0.6882672309875488,26.5625,29.53948974609375,0.4401741027832031,1018.0323791503906,19.709211349487305
2024-04-10 12:55:47,0.0013017249293625,0.4655487835407257,29.671875,0.0005495442892424,0.6882672309875488,26.5625,29.53948974609375,0.4401741027832031,1018.0323791503906,19.71832656860352
2024-04-10 12:55:48,0.0013017249293625,0.4655487835407257,29.671875,0.0005495442892424,0.6882672309875488,26.5625,29.53948974609375,0.4401741027832031,1018.0323791503906,19.71832656860352
2024-04-10 12:55:49,0.0011011578608304,0.5043445229530334,29.703125,0.0005495442892424,0.6882672309875488,26.5625,29.53948974609375,0.4401741027832031,1018.009033203125,19.71832656860352
2024-04-10 12:55:50,0.0011011578608304,0.5043445229530334,29.703125,0.0006709680892527,0.6072945594787598,26.5546875,29.53948974609375,0.4401741027832031,1018.009033203125,19.71832656860352
2024-04-10 12:55:51,0.0011011578608304,0.5043445229530334,29.703125,0.0006709680892527,0.6072945594787598,26.5546875,29.53948974609375,0.4401741027832031,1018.009033203125,19.71832656860352
2024-04-10 12:55:52,0.0011011578608304,0.5043445229530334,29.703125,0.0006709680892527,0.6072945594787598,26.5546875,29.6116943359375,0.4401741027832031,1018.009033203125,19.71832656860352
2024-04-10 12:55:53,0.0011011578608304,0.5043445229530334,29.703125,0.0006709680892527,0.6072945594787598,26.5546875,29.6116943359375,0.4401741027832031,1018.009033203125,19.71832656860352
2024-04-10 12:55:54,0.0011011578608304,0.5043445229530334,29.703125,0.0006709680892527,0.6072945594787598,26.5546875,29.6116943359375,0.4401741027832031,1018.009033203125,19.71832656860352
2024-04-10 12:55:55,0.0011011578608304,0.5043445229530334,29.703125,0.0006709680892527,0.6072945594787598,26.5546875,29.6116943359375,0.4401741027832031,1018.009033203125,19.712495803833008
2024-04-10 12:55:56,0.0014058834640309,0.4655487835407257,29.7578125,0.0004924387903884,0.6072945594787598,26.5625,29.6116943359375,0.4401741027832031,1018.009033203125,19.712495803833008
2024-04-10 12:55:57,0.0014058834640309,0.4655487835407257,29.7578125,0.0004924387903884,0.6072945594787598,26.5625,29.6116943359375,0.4401741027832031,1018.009033203125,19.712495803833008
2024-04-10 12:55:58,0.0014058834640309,0.4655487835407257,29.7578125,0.0004924387903884,0.6072945594787598,26.5625,29.6116943359375,0.4401741027832031,1018.086109161377,19.712495803833008
2024-04-10 12:55:59,0.0014058834640309,0.4655487835407257,29.7578125,0.0004924387903884,0.6072945594787598,26.5625,29.6116943359375,0.4401741027832031,1018.086109161377,19.712495803833008
2024-04-10 12:56:00,0.0014058834640309,0.4655487835407257,29.7578125,0.0004924387903884,0.6072945594787598,26.5625,29.6116943359375,0.4401741027832031,1018.086109161377,19.712495803833008
2024-04-10 12:56:01,0.0014058834640309,0.4655487835407257,29.7578125,0.0004924387903884,0.6072945594787598,26.5625,29.6116943359375,0.4401741027832031,1018.086109161377,19.712495803833008
2024-04-10 12:56:02,0.0014058834640309,0.4655487835407257,29.7578125,0.0004924387903884,0.6072945594787598,26.5625,29.7047119140625,0.4401741027832031,1018.086109161377,19.714418411254883
2024-04-10 12:56:03,0.0014058834640309,0.4655487835407257,29.7578125,0.0004924387903884,0.6072945594787598,26.5625,29.7047119140625,0.4401741027832031,1018.086109161377,19.714418411254883
2024-04-10 12:56:04,0.0014058834640309,0.4655487835407257,29.7578125,0.0004924387903884,0.6072945594787598,26.5625,29.7047119140625,0.4401741027832031,1018.086109161377,19.714418411254883
2024-04-10 12:56:05,0.0009437029948458,0.5043445229530334,29.796875,0.0005588695639744,0.6477808952331543,26.5546875,29.7047119140625,0.4401741027832031,1018.0092620849608,19.714418411254883
2024-04-10 12:56:06,0.0009437029948458,0.5043445229530334,29.796875,0.0005588695639744,0.6477808952331543,26.5546875,29.7047119140625,0.4401741027832031,1018.0092620849608,19.714418411254883
2024-04-10 12:56:07,0.0009437029948458,0.5043445229530334,29.796875,0.0005588695639744,0.6477808952331543,26.5546875,29.75653076171875,0.4401741027832031,1018.0092620849608,19.714418411254883
2024-04-10 12:56:08,0.0009437029948458,0.5043445229530334,29.796875,0.0005588695639744,0.6477808952331543,26.5546875,29.75653076171875,0.4401741027832031,1018.0092620849608,19.714418411254883
2024-04-10 12:56:09,0.0009437029948458,0.5043445229530334,29.796875,0.0005588695639744,0.6477808952331543,26.5546875,29.75653076171875,0.4401741027832031,1018.0092620849608,19.725244522094727
2024-04-10 12:56:10,0.0009437029948458,0.5043445229530334,29.796875,0.0005588695639744,0.6477808952331543,26.5546875,29.75653076171875,0.4401741027832031,1018.0092620849608,19.725244522094727
2024-04-10 12:56:11,0.0009437029948458,0.5043445229530334,29.796875,0.0005588695639744,0.6477808952331543,26.5546875,29.75653076171875,0.4401741027832031,1018.0092620849608,19.725244522094727
2024-04-10 12:56:12,0.0015876620309427,0.5043445229530334,29.84375,0.0005588695639744,0.6477808952331543,26.5546875,29.75653076171875,0.4401741027832031,1018.0092620849608,19.725244522094727
2024-04-10 12:56:13,0.0015876620309427,0.5043445229530334,29.84375,0.0004070078139193,0.6882672309875488,26.5703125,29.75653076171875,0.4401741027832031,1017.963171005249,19.725244522094727
2024-04-10 12:56:14,0.0015876620309427,0.5043445229530334,29.84375,0.0004070078139193,0.6882672309875488,26.5703125,29.75653076171875,0.4401741027832031,1017.963171005249,19.725244522094727
2024-04-10 12:56:15,0.0015876620309427,0.5043445229530334,29.84375,0.0004070078139193,0.6882672309875488,26.5703125,29.75653076171875,0.4401741027832031,1017.963171005249,19.725244522094727
2024-04-10 12:56:16,0.0015876620309427,0.5043445229530334,29.84375,0.0004070078139193,0.6882672309875488,26.5703125,29.75653076171875,0.4401741027832031,1017.963171005249,19.725244522094727
2024-04-10 12:56:17,0.0015876620309427,0.5043445229530334,29.84375,0.0004070078139193,0.6882672309875488,26.5703125,29.867431640625,0.4401741027832031,1017.963171005249,19.725244522094727
2024-04-10 12:56:18,0.0015876620309427,0.5043445229530334,29.84375,0.0004070078139193,0.6882672309875488,26.5703125,29.867431640625,0.4401741027832031,1017.963171005249,19.72958755493164
2024-04-10 12:56:19,0.0015876620309427,0.5043445229530334,29.84375,0.0004070078139193,0.6882672309875488,26.5703125,29.867431640625,0.4401741027832031,1017.963171005249,19.72958755493164
2024-04-10 12:56:20,0.0015876620309427,0.5043445229530334,29.84375,0.0004070078139193,0.6882672309875488,26.5703125,29.867431640625,0.4401741027832031,1017.963171005249,19.72958755493164
2024-04-10 12:56:21,0.0013358889846131,0.5043445229530334,29.90625,0.0005836293566972,0.6477808952331543,26.546875,29.867431640625,0.4401741027832031,1017.963171005249,19.72958755493164
2024-04-10 12:56:22,0.0013358889846131,0.5043445229530334,29.90625,0.0005836293566972,0.6477808952331543,26.546875,29.83404541015625,0.4401741027832031,1017.9877185821532,19.72958755493164
2024-04-10 12:56:23,0.0013358889846131,0.5043445229530334,29.90625,0.0005836293566972,0.6477808952331543,26.546875,29.83404541015625,0.4401741027832031,1017.9877185821532,19.72958755493164
2024-04-10 12:56:24,0.0013358889846131,0.5043445229530334,29.90625,0.0005836293566972,0.6477808952331543,26.546875,29.83404541015625,0.4401741027832031,1017.9877185821532,19.72958755493164
2024-04-10 12:56:25,0.0013358889846131,0.5043445229530334,29.90625,0.0005836293566972,0.6477808952331543,26.546875,29.83404541015625,0.4401741027832031,1017.9877185821532,19.73774719238281
2024-04-10 12:56:26,0.0013358889846131,0.5043445229530334,29.90625,0.0005836293566972,0.6477808952331543,26.546875,29.83404541015625,0.4401741027832031,1017.9877185821532,19.73774719238281
2024-04-10 12:56:27,0.0013358889846131,0.5043445229530334,29.90625,0.0005836293566972,0.6477808952331543,26.546875,29.83404541015625,0.4401741027832031,1017.9877185821532,19.73774719238281
2024-04-10 12:56:28,0.0013358889846131,0.5043445229530334,29.90625,0.0005780649371445,0.5263220071792603,26.5234375,29.83404541015625,0.5131210088729858,1017.9877185821532,19.73774719238281
2024-04-10 12:56:29,0.0018988191150128,0.4655487835407257,29.953125,0.0005780649371445,0.5263220071792603,26.5234375,29.83404541015625,0.5131210088729858,1017.9877185821532,19.73774719238281
2024-04-10 12:56:30,0.0018988191150128,0.4655487835407257,29.953125,0.0005780649371445,0.5263220071792603,26.5234375,29.83404541015625,0.5131210088729858,1017.9608249664308,19.73774719238281
2024-04-10 12:56:31,0.0018988191150128,0.4655487835407257,29.953125,0.0005780649371445,0.5263220071792603,26.5234375,29.83404541015625,0.5131210088729858,1017.9608249664308,19.73774719238281
2024-04-10 12:56:32,0.0018988191150128,0.4655487835407257,29.953125,0.0005780649371445,0.5263220071792603,26.5234375,29.83404541015625,0.5131210088729858,1017.9608249664308,19.73774719238281
2024-04-10 12:56:33,0.0018988191150128,0.4655487835407257,29.953125,0.0005780649371445,0.5263220071792603,26.5234375,29.83404541015625,0.5131210088729858,1017.9608249664308,19.734960556030277
2024-04-10 12:56:34,0.0018988191150128,0.4655487835407257,29.953125,0.0005780649371445,0.5263220071792603,26.5234375,29.905792236328125,0.5131210088729858,1017.9608249664308,19.734960556030277
2024-04-10 12:56:35,0.0018988191150128,0.4655487835407257,29.953125,0.0005780649371445,0.5263220071792603,26.5234375,29.905792236328125,0.5131210088729858,1017.9608249664308,19.734960556030277
2024-04-10 12:56:36,0.0011125832097604,0.4655487835407257,30.0234375,0.0005780649371445,0.5263220071792603,26.5234375,29.905792236328125,0.5131210088729858,1017.9608249664308,19.734960556030277
2024-04-10 12:56:37,0.0011125832097604,0.4655487835407257,30.0234375,0.0004285219183657,0.5263220071792603,26.5390625,29.905792236328125,0.5131210088729858,1017.9608249664308,19.734960556030277
2024-04-10 12:56:38,0.0011125832097604,0.4655487835407257,30.0234375,0.0004285219183657,0.5263220071792603,26.5390625,29.905792236328125,0.5131210088729858,1017.9608249664308,19.734960556030277
2024-04-10 12:56:39,0.0011125832097604,0.4655487835407257,30.0234375,0.0004285219183657,0.5263220071792603,26.5390625,29.905792236328125,0.5131210088729858,1017.9862022399902,19.734960556030277
2024-04-10 12:56:40,0.0011125832097604,0.4655487835407257,30.0234375,0.0004285219183657,0.5263220071792603,26.5390625,29.936920166015625,0.5131210088729858,1017.9862022399902,19.734960556030277
2024-04-10 12:56:41,0.0011125832097604,0.4655487835407257,30.0234375,0.0004285219183657,0.5263220071792603,26.5390625,29.936920166015625,0.5131210088729858,1017.9862022399902,19.734960556030277
2024-04-10 12:56:42,0.0011125832097604,0.4655487835407257,30.0234375,0.0004285219183657,0.5263220071792603,26.5390625,29.936920166015625,0.5131210088729858,1017.9862022399902,19.725364685058597
2024-04-10 12:56:43,0.0011125832097604,0.4655487835407257,30.0234375,0.0004285219183657,0.5263220071792603,26.5390625,29.936920166015625,0.5131210088729858,1017.9862022399902,19.725364685058597
2024-04-10 12:56:44,0.0011125832097604,0.4655487835407257,30.0234375,0.0006045764894224,0.5263220071792603,26.5390625,29.936920166015625,0.5131210088729858,1017.9862022399902,19.725364685058597
2024-04-10 12:56:45,0.0022981544025242,0.4267530441284179,30.0078125,0.0006045764894224,0.5263220071792603,26.5390625,29.936920166015625,0.5131210088729858,1017.9862022399902,19.725364685058597
2024-04-10 12:56:46,0.0022981544025242,0.4267530441284179,30.0078125,0.0006045764894224,0.5263220071792603,26.5390625,29.936920166015625,0.5131210088729858,1017.981595993042,19.725364685058597
2024-04-10 12:56:47,0.0022981544025242,0.4267530441284179,30.0078125,0.0006045764894224,0.5263220071792603,26.5390625,29.936920166015625,0.5131210088729858,1017.981595993042,19.725364685058597
2024-04-10 12:56:48,0.0022981544025242,0.4267530441284179,30.0078125,0.0006045764894224,0.5263220071792603,26.5390625,29.88482666015625,0.5131210088729858,1017.981595993042,19.725364685058597
2024-04-10 12:56:49,0.0022981544025242,0.4267530441284179,30.0078125,0.0006045764894224,0.5263220071792603,26.5390625,29.88482666015625,0.5131210088729858,1017.981595993042,19.725364685058597
2024-04-10 12:56:50,0.0022981544025242,0.4267530441284179,30.0078125,0.0006045764894224,0.5263220071792603,26.5390625,29.88482666015625,0.5131210088729858,1017.981595993042,19.735979080200195
2024-04-10 12:56:51,0.0022981544025242,0.4267530441284179,30.0078125,0.0006045764894224,0.5263220071792603,26.5390625,29.88482666015625,0.5131210088729858,1017.981595993042,19.735979080200195
2024-04-10 12:56:52,0.0022981544025242,0.4267530441284179,30.0078125,0.0006045764894224,0.5263220071792603,26.5390625,29.88482666015625,0.5131210088729858,1017.981595993042,19.735979080200195
2024-04-10 12:56:53,0.0023273914121091,0.4267530441284179,30.09375,0.0006045764894224,0.5263220071792603,26.5390625,29.88482666015625,0.5131210088729858,1017.981595993042,19.735979080200195
2024-04-10 12:56:54,0.0023273914121091,0.4267530441284179,30.09375,0.0003317488881293,0.4858356714248657,26.5390625,29.88482666015625,0.5131210088729858,1017.9520988464355,19.735979080200195
2024-04-10 12:56:55,0.0023273914121091,0.4267530441284179,30.09375,0.0003317488881293,0.4858356714248657,26.5390625,29.8131103515625,0.5131210088729858,1017.9520988464355,19.735979080200195
2024-04-10 12:56:56,0.0023273914121091,0.4267530441284179,30.09375,0.0003317488881293,0.4858356714248657,26.5390625,29.8131103515625,0.5131210088729858,1017.9520988464355,19.735979080200195
2024-04-10 12:56:57,0.0023273914121091,0.4267530441284179,30.09375,0.0003317488881293,0.4858356714248657,26.5390625,29.8131103515625,0.5131210088729858,1017.9520988464355,19.735979080200195
2024-04-10 12:56:58,0.0023273914121091,0.4267530441284179,30.09375,0.0003317488881293,0.4858356714248657,26.5390625,29.8131103515625,0.5131210088729858,1017.9520988464355,19.735979080200195
2024-04-10 12:56:59,0.0023273914121091,0.4267530441284179,30.09375,0.0003317488881293,0.4858356714248657,26.5390625,29.8131103515625,0.5131210088729858,1017.9520988464355,19.736167907714844
2024-04-10 12:57:00,0.0012958712177351,0.4655487835407257,30.1015625,0.0003317488881293,0.4858356714248657,26.5390625,29.8131103515625,0.5131210088729858,1017.9520988464355,19.736167907714844
2024-04-10 12:57:01,0.0012958712177351,0.4655487835407257,30.1015625,0.0003969510144088,0.4858356714248657,26.546875,29.8131103515625,0.5131210088729858,1017.956247329712,19.736167907714844
2024-04-10 12:57:02,0.0012958712177351,0.4655487835407257,30.1015625,0.0003969510144088,0.4858356714248657,26.546875,29.8131103515625,0.5131210088729858,1017.956247329712,19.736167907714844
2024-04-10 12:57:03,0.0012958712177351,0.4655487835407257,30.1015625,0.0003969510144088,0.4858356714248657,26.546875,29.7490234375,0.5131210088729858,1017.956247329712,19.736167907714844
2024-04-10 12:57:04,0.0012958712177351,0.4655487835407257,30.1015625,0.0003969510144088,0.4858356714248657,26.546875,29.7490234375,0.5131210088729858,1017.956247329712,19.736167907714844
2024-04-10 12:57:05,0.0012958712177351,0.4655487835407257,30.1015625,0.0003969510144088,0.4858356714248657,26.546875,29.7490234375,0.5131210088729858,1017.956247329712,19.736167907714844
2024-04-10 12:57:06,0.0012958712177351,0.4655487835407257,30.1015625,0.0003969510144088,0.4858356714248657,26.546875,29.7490234375,0.5131210088729858,1017.956247329712,19.741792678833008
2024-04-10 12:57:07,0.0012958712177351,0.4655487835407257,30.1015625,0.0003969510144088,0.4858356714248657,26.546875,29.7490234375,0.5131210088729858,1017.956247329712,19.741792678833008
2024-04-10 12:57:08,0.0012958712177351,0.4655487835407257,30.1015625,0.0003969510144088,0.4858356714248657,26.546875,29.7490234375,0.5131210088729858,1017.956247329712,19.741792678833008
2024-04-10 12:57:09,0.0012958712177351,0.4655487835407257,30.1015625,0.000366522494005,0.5263220071792603,26.546875,29.7490234375,0.5131210088729858,1017.974271774292,19.741792678833008
2024-04-10 12:57:10,0.0012958712177351,0.4655487835407257,30.1015625,0.000366522494005,0.5263220071792603,26.546875,29.7490234375,0.5131210088729858,1017.974271774292,19.741792678833008
2024-04-10 12:57:11,0.0010396068682894,0.4267530441284179,30.140625,0.000366522494005,0.5263220071792603,26.546875,29.7490234375,0.5131210088729858,1017.974271774292,19.741792678833008
2024-04-10 12:57:12,0.0010396068682894,0.4267530441284179,30.140625,0.000366522494005,0.5263220071792603,26.546875,29.7490234375,0.5131210088729858,1017.974271774292,19.741792678833008
2024-04-10 12:57:13,0.0010396068682894,0.4267530441284179,30.140625,0.000366522494005,0.5263220071792603,26.546875,29.7490234375,0.5131210088729858,1017.974271774292,19.741792678833008
2024-04-10 12:57:14,0.0010396068682894,0.4267530441284179,30.140625,0.000366522494005,0.5263220071792603,26.546875,29.714324951171875,0.5131210088729858,1017.974271774292,19.719865798950195
2024-04-10 12:57:15,0.0010396068682894,0.4267530441284179,30.140625,0.000366522494005,0.5263220071792603,26.546875,29.714324951171875,0.5131210088729858,1017.974271774292,19.719865798950195
2024-04-10 12:57:16,0.0010396068682894,0.4267530441284179,30.140625,0.0002930031914729,0.5263220071792603,26.5234375,29.714324951171875,0.5131210088729858,1017.974271774292,19.719865798950195
2024-04-10 12:57:17,0.0011107602622359,0.3879573345184326,30.1796875,0.0002930031914729,0.5263220071792603,26.5234375,29.714324951171875,0.5131210088729858,1017.974271774292,19.719865798950195
2024-04-10 12:57:18,0.0011107602622359,0.3879573345184326,30.1796875,0.0002930031914729,0.5263220071792603,26.5234375,29.714324951171875,0.5131210088729858,1017.974271774292,19.719865798950195
2024-04-10 12:57:19,0.0011107602622359,0.3879573345184326,30.1796875,0.0002930031914729,0.5263220071792603,26.5234375,29.777618408203125,0.5131210088729858,1017.974271774292,19.719865798950195
2024-04-10 12:57:20,0.0011107602622359,0.3879573345184326,30.1796875,0.0002930031914729,0.5263220071792603,26.5234375,29.777618408203125,0.5131210088729858,1017.9714393615724,19.719865798950195
2024-04-10 12:57:21,0.0011107602622359,0.3879573345184326,30.1796875,0.0002930031914729,0.5263220071792603,26.5234375,29.777618408203125,0.5131210088729858,1017.9714393615724,19.73004531860352
2024-04-10 12:57:22,0.0011107602622359,0.3879573345184326,30.1796875,0.0002930031914729,0.5263220071792603,26.5234375,29.777618408203125,0.5131210088729858,1017.9714393615724,19.73004531860352
2024-04-10 12:57:23,0.0011107602622359,0.3879573345184326,30.1796875,0.0002930031914729,0.5263220071792603,26.5234375,29.777618408203125,0.5131210088729858,1017.9714393615724,19.73004531860352
2024-04-10 12:57:24,0.0011107602622359,0.3879573345184326,30.1796875,0.0002930031914729,0.5263220071792603,26.5234375,29.777618408203125,0.5131210088729858,1017.9714393615724,19.73004531860352
2024-04-10 12:57:25,0.0013359036529436,0.4655487835407257,30.171875,0.0010972460731863,0.5263220071792603,26.5,29.777618408203125,0.5131210088729858,1017.9714393615724,19.73004531860352
2024-04-10 12:57:26,0.0013359036529436,0.4655487835407257,30.171875,0.0010972460731863,0.5263220071792603,26.5,29.777618408203125,0.5131210088729858,1017.9714393615724,19.73004531860352
2024-04-10 12:57:27,0.0013359036529436,0.4655487835407257,30.171875,0.0010972460731863,0.5263220071792603,26.5,29.777618408203125,0.4511211216449737,1017.9714393615724,19.73004531860352
2024-04-10 12:57:28,0.0013359036529436,0.4655487835407257,30.171875,0.0010972460731863,0.5263220071792603,26.5,29.777618408203125,0.4511211216449737,1017.9714393615724,19.73004531860352
2024-04-10 12:57:29,0.0013359036529436,0.4655487835407257,30.171875,0.0010972460731863,0.5263220071792603,26.5,29.8388671875,0.4511211216449737,1017.9714393615724,19.720117568969727
2024-04-10 12:57:30,0.0013359036529436,0.4655487835407257,30.171875,0.0010972460731863,0.5263220071792603,26.5,29.8388671875,0.4511211216449737,1017.9714393615724,19.720117568969727
2024-04-10 12:57:31,0.0013359036529436,0.4655487835407257,30.171875,0.0010972460731863,0.5263220071792603,26.5,29.8388671875,0.4511211216449737,1017.9714393615724,19.720117568969727
2024-04-10 12:57:32,0.0010898737236857,0.4267530441284179,30.234375,0.0010972460731863,0.5263220071792603,26.5,29.8388671875,0.4511211216449737,1017.9714393615724,19.720117568969727
2024-04-10 12:57:33,0.0010898737236857,0.4267530441284179,30.234375,0.0005177158745937,0.5263220071792603,26.515625,29.8388671875,0.4511211216449737,1017.9486656188964,19.720117568969727
2024-04-10 12:57:34,0.0010898737236857,0.4267530441284179,30.234375,0.0005177158745937,0.5263220071792603,26.515625,29.8388671875,0.4511211216449737,1017.9486656188964,19.720117568969727
2024-04-10 12:57:35,0.0010898737236857,0.4267530441284179,30.234375,0.0005177158745937,0.5263220071792603,26.515625,29.8388671875,0.4511211216449737,1018.000020980835,19.720117568969727
2024-04-10 12:57:36,0.0010898737236857,0.4267530441284179,30.234375,0.0005177158745937,0.5263220071792603,26.515625,29.893035888671875,0.4511211216449737,1018.000020980835,19.720117568969727
2024-04-10 12:57:37,0.0010898737236857,0.4267530441284179,30.234375,0.0005177158745937,0.5263220071792603,26.515625,29.893035888671875,0.4511211216449737,1018.000020980835,19.722137451171875
2024-04-10 12:57:38,0.0010898737236857,0.4267530441284179,30.234375,0.0005177158745937,0.5263220071792603,26.515625,29.893035888671875,0.4511211216449737,1018.000020980835,19.722137451171875
2024-04-10 12:57:39,0.0010898737236857,0.4267530441284179,30.234375,0.0005177158745937,0.5263220071792603,26.515625,29.893035888671875,0.4511211216449737,1018.000020980835,19.722137451171875
2024-04-10 12:57:40,0.0010898737236857,0.4267530441284179,30.234375,0.0008138476987369,0.56680828332901,26.4921875,29.893035888671875,0.4511211216449737,1018.000020980835,19.722137451171875
2024-04-10 12:57:41,0.0012535691494122,0.4655487835407257,30.25,0.0008138476987369,0.56680828332901,26.4921875,29.893035888671875,0.4511211216449737,1018.000020980835,19.722137451171875
2024-04-10 12:57:42,0.0012535691494122,0.4655487835407257,30.25,0.0008138476987369,0.56680828332901,26.4921875,29.893035888671875,0.4511211216449737,1017.9765033721924,19.722137451171875
2024-04-10 12:57:43,0.0012535691494122,0.4655487835407257,30.25,0.0008138476987369,0.56680828332901,26.4921875,29.893035888671875,0.4511211216449737,1017.9765033721924,19.722137451171875
2024-04-10 12:57:44,0.0012535691494122,0.4655487835407257,30.25,0.0008138476987369,0.56680828332901,26.4921875,29.87335205078125,0.4511211216449737,1017.9765033721924,19.722137451171875
2024-04-10 12:57:45,0.0012535691494122,0.4655487835407257,30.25,0.0008138476987369,0.56680828332901,26.4921875,29.87335205078125,0.4511211216449737,1017.9765033721924,19.722137451171875
2024-04-10 12:57:46,0.0012535691494122,0.4655487835407257,30.25,0.0008138476987369,0.56680828332901,26.4921875,29.87335205078125,0.4511211216449737,1017.9765033721924,19.722137451171875
2024-04-10 12:57:47,0.0012535691494122,0.4655487835407257,30.25,0.0008138476987369,0.56680828332901,26.4921875,29.87335205078125,0.4511211216449737,1017.9765033721924,19.72867202758789
2024-04-10 12:57:48,0.0019803550094366,0.4267530441284179,30.296875,0.0010653368663042,0.5263220071792603,26.5,29.87335205078125,0.4511211216449737,1017.9765033721924,19.72867202758789
2024-04-10 12:57:49,0.0019803550094366,0.4267530441284179,30.296875,0.0010653368663042,0.5263220071792603,26.5,29.87335205078125,0.4511211216449737,1017.9765033721924,19.72867202758789
2024-04-10 12:57:50,0.0019803550094366,0.4267530441284179,30.296875,0.0010653368663042,0.5263220071792603,26.5,29.87335205078125,0.4511211216449737,1017.9934692382812,19.72867202758789
2024-04-10 12:57:51,0.0019803550094366,0.4267530441284179,30.296875,0.0010653368663042,0.5263220071792603,26.5,29.87335205078125,0.4511211216449737,1017.9934692382812,19.72867202758789
2024-04-10 12:57:52,0.0019803550094366,0.4267530441284179,30.296875,0.0010653368663042,0.5263220071792603,26.5,29.87335205078125,0.4511211216449737,1017.9934692382812,19.72867202758789
2024-04-10 12:57:53,0.0019803550094366,0.4267530441284179,30.296875,0.0010653368663042,0.5263220071792603,26.5,29.87335205078125,0.4511211216449737,1017.9934692382812,19.72867202758789
2024-04-10 12:57:54,0.0019803550094366,0.4267530441284179,30.296875,0.0010653368663042,0.5263220071792603,26.5,29.87335205078125,0.4511211216449737,1017.9934692382812,19.72867202758789
2024-04-10 12:57:55,0.0019803550094366,0.4267530441284179,30.296875,0.0010653368663042,0.5263220071792603,26.5,29.78353881835937,0.4511211216449737,1017.9934692382812,19.73768424987793
2024-04-10 12:57:56,0.0019803550094366,0.4267530441284179,30.296875,0.0010653368663042,0.5263220071792603,26.5,29.78353881835937,0.4511211216449737,1017.9934692382812,19.73768424987793
2024-04-10 12:57:57,0.0015180245973169,0.4267530441284179,30.3359375,0.0004641614796128,0.4858356714248657,26.4765625,29.78353881835937,0.4511211216449737,1017.9838275909424,19.73768424987793
2024-04-10 12:57:58,0.0015180245973169,0.4267530441284179,30.3359375,0.0004641614796128,0.4858356714248657,26.4765625,29.78353881835937,0.4511211216449737,1017.9838275909424,19.73768424987793
2024-04-10 12:57:59,0.0015180245973169,0.4267530441284179,30.3359375,0.0004641614796128,0.4858356714248657,26.4765625,29.78353881835937,0.4511211216449737,1017.9838275909424,19.73768424987793
2024-04-10 12:58:00,0.0015180245973169,0.4267530441284179,30.3359375,0.0004641614796128,0.4858356714248657,26.4765625,29.548309326171875,0.4511211216449737,1017.9838275909424,19.73768424987793
2024-04-10 12:58:01,0.0015180245973169,0.4267530441284179,30.3359375,0.0004641614796128,0.4858356714248657,26.4765625,29.548309326171875,0.4511211216449737,1017.9838275909424,19.73768424987793
2024-04-10 12:58:02,0.0015180245973169,0.4267530441284179,30.3359375,0.0004641614796128,0.4858356714248657,26.4765625,29.548309326171875,0.4511211216449737,1017.9838275909424,19.747657775878903
2024-04-10 12:58:03,0.0015180245973169,0.4267530441284179,30.3359375,0.0004641614796128,0.4858356714248657,26.4765625,29.548309326171875,0.4511211216449737,1017.9838275909424,19.747657775878903
2024-04-10 12:58:04,0.000977840507403,0.4267530441284179,30.359375,0.0004641614796128,0.4858356714248657,26.4765625,29.548309326171875,0.4511211216449737,1017.9838275909424,19.747657775878903
2024-04-10 12:58:05,0.000977840507403,0.4267530441284179,30.359375,0.0005705300136469,0.4858356714248657,26.4921875,29.548309326171875,0.4511211216449737,1017.9838275909424,19.747657775878903
2024-04-10 12:58:06,0.000977840507403,0.4267530441284179,30.359375,0.0005705300136469,0.4858356714248657,26.4921875,29.548309326171875,0.4511211216449737,1017.985200881958,19.747657775878903
2024-04-10 12:58:07,0.000977840507403,0.4267530441284179,30.359375,0.0005705300136469,0.4858356714248657,26.4921875,29.548309326171875,0.4511211216449737,1017.985200881958,19.747657775878903
2024-04-10 12:58:08,0.000977840507403,0.4267530441284179,30.359375,0.0005705300136469,0.4858356714248657,26.4921875,29.548309326171875,0.4511211216449737,1017.985200881958,19.747657775878903
2024-04-10 12:58:09,0.000977840507403,0.4267530441284179,30.359375,0.0005705300136469,0.4858356714248657,26.4921875,29.548309326171875,0.4511211216449737,1017.985200881958,19.747657775878903
2024-04-10 12:58:10,0.000977840507403,0.4267530441284179,30.359375,0.0005705300136469,0.4858356714248657,26.4921875,29.495330810546875,0.4511211216449737,1017.985200881958,19.759445190429688
2024-04-10 12:58:11,0.000977840507403,0.4267530441284179,30.359375,0.0005705300136469,0.4858356714248657,26.4921875,29.495330810546875,0.4511211216449737,1017.985200881958,19.759445190429688
2024-04-10 12:58:12,0.000977840507403,0.4267530441284179,30.359375,0.0005705300136469,0.4858356714248657,26.4921875,29.495330810546875,0.4511211216449737,1017.985200881958,19.759445190429688
2024-04-10 12:58:13,0.0009230757714249,0.4655487835407257,30.359375,0.00080941489432,0.5263220071792603,26.46875,29.495330810546875,0.4511211216449737,1017.985200881958,19.759445190429688
2024-04-10 12:58:14,0.0009230757714249,0.4655487835407257,30.359375,0.00080941489432,0.5263220071792603,26.46875,29.495330810546875,0.4511211216449737,1018.0105781555176,19.759445190429688
2024-04-10 12:58:15,0.0009230757714249,0.4655487835407257,30.359375,0.00080941489432,0.5263220071792603,26.46875,29.3199462890625,0.4511211216449737,1018.0105781555176,19.759445190429688
2024-04-10 12:58:16,0.0009230757714249,0.4655487835407257,30.359375,0.00080941489432,0.5263220071792603,26.46875,29.3199462890625,0.4511211216449737,1018.0105781555176,19.759445190429688
2024-04-10 12:58:17,0.0009230757714249,0.4655487835407257,30.359375,0.00080941489432,0.5263220071792603,26.46875,29.3199462890625,0.4511211216449737,1018.0105781555176,19.759445190429688
2024-04-10 12:58:18,0.0009230757714249,0.4655487835407257,30.359375,0.00080941489432,0.5263220071792603,26.46875,29.3199462890625,0.4511211216449737,1018.0105781555176,19.77743530273437
2024-04-10 12:58:19,0.0009230757714249,0.4655487835407257,30.359375,0.00080941489432,0.5263220071792603,26.46875,29.3199462890625,0.4511211216449737,1018.0105781555176,19.77743530273437
2024-04-10 12:58:20,0.0010846743825823,0.4267530441284179,30.3671875,0.00063644698821,0.5263220071792603,26.4609375,29.3199462890625,0.4511211216449737,1018.0105781555176,19.77743530273437
2024-04-10 12:58:21,0.0010846743825823,0.4267530441284179,30.3671875,0.00063644698821,0.5263220071792603,26.4609375,29.3199462890625,0.4511211216449737,1018.0360412597656,19.77743530273437
2024-04-10 12:58:22,0.0010846743825823,0.4267530441284179,30.3671875,0.00063644698821,0.5263220071792603,26.4609375,29.3199462890625,0.4511211216449737,1018.0360412597656,19.77743530273437
2024-04-10 12:58:23,0.0010846743825823,0.4267530441284179,30.3671875,0.00063644698821,0.5263220071792603,26.4609375,29.23193359375,0.4511211216449737,1018.0360412597656,19.77743530273437
2024-04-10 12:58:24,0.0010846743825823,0.4267530441284179,30.3671875,0.00063644698821,0.5263220071792603,26.4609375,29.23193359375,0.4511211216449737,1018.0360412597656,19.77743530273437
2024-04-10 12:58:25,0.0010846743825823,0.4267530441284179,30.3671875,0.00063644698821,0.5263220071792603,26.4609375,29.23193359375,0.4511211216449737,1018.0360412597656,19.77743530273437
2024-04-10 12:58:26,0.0010846743825823,0.4267530441284179,30.3671875,0.00063644698821,0.5263220071792603,26.4609375,29.23193359375,0.4511211216449737,1018.0360412597656,19.786630630493164
2024-04-10 12:58:27,0.0010846743825823,0.4267530441284179,30.3671875,0.00063644698821,0.5263220071792603,26.4609375,29.23193359375,0.4511211216449737,1018.0360412597656,19.786630630493164
2024-04-10 12:58:28,0.0009722082759253,0.4267530441284179,30.40625,0.00063644698821,0.5263220071792603,26.4609375,29.23193359375,0.4511211216449737,1018.0360412597656,19.786630630493164
2024-04-10 12:58:29,0.0009722082759253,0.4267530441284179,30.40625,0.0004943363601341,0.4858356714248657,26.4453125,29.23193359375,0.4511759281158447,1018.0360412597656,19.786630630493164
2024-04-10 12:58:30,0.0009722082759253,0.4267530441284179,30.40625,0.0004943363601341,0.4858356714248657,26.4453125,29.12359619140625,0.4511759281158447,1018.0360412597656,19.786630630493164
2024-04-10 12:58:31,0.0009722082759253,0.4267530441284179,30.40625,0.0004943363601341,0.4858356714248657,26.4453125,29.12359619140625,0.4511759281158447,1018.0106067657472,19.786630630493164
2024-04-10 12:58:32,0.0009722082759253,0.4267530441284179,30.40625,0.0004943363601341,0.4858356714248657,26.4453125,29.12359619140625,0.4511759281158447,1018.0106067657472,19.786630630493164
2024-04-10 12:58:33,0.0009722082759253,0.4267530441284179,30.40625,0.0004943363601341,0.4858356714248657,26.4453125,29.12359619140625,0.4511759281158447,1018.0106067657472,19.786630630493164
2024-04-10 12:58:34,0.0009722082759253,0.4267530441284179,30.40625,0.0004943363601341,0.4858356714248657,26.4453125,29.12359619140625,0.4511759281158447,1018.0106067657472,19.786630630493164
2024-04-10 12:58:35,0.0009722082759253,0.4267530441284179,30.40625,0.0004943363601341,0.4858356714248657,26.4453125,29.12359619140625,0.4511759281158447,1018.0106067657472,19.805896759033203
2024-04-10 12:58:36,0.0009722082759253,0.4267530441284179,30.40625,0.0004943363601341,0.4858356714248657,26.4453125,29.12359619140625,0.4511759281158447,1018.0106067657472,19.805896759033203
2024-04-10 12:58:37,0.0010191370965912,0.3879573345184326,30.390625,0.0008610374643467,0.56680828332901,26.4296875,29.12359619140625,0.4511759281158447,1018.0106067657472,19.805896759033203
2024-04-10 12:58:38,0.0010191370965912,0.3879573345184326,30.390625,0.0008610374643467,0.56680828332901,26.4296875,29.12359619140625,0.4511759281158447,1018.0553817749023,19.805896759033203
2024-04-10 12:58:39,0.0010191370965912,0.3879573345184326,30.390625,0.0008610374643467,0.56680828332901,26.4296875,29.12359619140625,0.4511759281158447,1018.0553817749023,19.805896759033203
2024-04-10 12:58:40,0.0010191370965912,0.3879573345184326,30.390625,0.0008610374643467,0.56680828332901,26.4296875,29.12359619140625,0.4511759281158447,1018.0553817749023,19.805896759033203
2024-04-10 12:58:41,0.0010191370965912,0.3879573345184326,30.390625,0.0008610374643467,0.56680828332901,26.4296875,29.02645874023437,0.4511759281158447,1018.0553817749023,19.83011245727539
2024-04-10 12:58:42,0.0010191370965912,0.3879573345184326,30.390625,0.0008610374643467,0.56680828332901,26.4296875,29.02645874023437,0.4511759281158447,1018.0553817749023,19.83011245727539
2024-04-10 12:58:43,0.0010191370965912,0.3879573345184326,30.390625,0.0008610374643467,0.56680828332901,26.4296875,29.02645874023437,0.4511759281158447,1018.0553817749023,19.83011245727539
2024-04-10 12:58:44,0.0010191370965912,0.3879573345184326,30.390625,0.0008610374643467,0.56680828332901,26.4296875,29.02645874023437,0.4511759281158447,1018.0553817749023,19.83011245727539
2024-04-10 12:58:45,0.0015677846968173,0.4267530441284179,30.3515625,0.0008610374643467,0.56680828332901,26.4296875,29.02645874023437,0.4511759281158447,1018.0384159088136,19.83011245727539
2024-04-10 12:58:46,0.0015677846968173,0.4267530441284179,30.3515625,0.0004551437450572,0.4858356714248657,26.40625,29.02645874023437,0.4511759281158447,1018.0384159088136,19.83011245727539
2024-04-10 12:58:47,0.0015677846968173,0.4267530441284179,30.3515625,0.0004551437450572,0.4858356714248657,26.40625,29.066162109375,0.4511759281158447,1018.0384159088136,19.83011245727539
2024-04-10 12:58:48,0.0015677846968173,0.4267530441284179,30.3515625,0.0004551437450572,0.4858356714248657,26.40625,29.066162109375,0.4511759281158447,1018.0384159088136,19.83011245727539
2024-04-10 12:58:49,0.0015677846968173,0.4267530441284179,30.3515625,0.0004551437450572,0.4858356714248657,26.40625,29.066162109375,0.4511759281158447,1018.0384159088136,19.83011245727539
2024-04-10 12:58:50,0.0015677846968173,0.4267530441284179,30.3515625,0.0004551437450572,0.4858356714248657,26.40625,29.066162109375,0.4511759281158447,1018.0384159088136,19.83011245727539
2024-04-10 12:58:51,0.0015677846968173,0.4267530441284179,30.3515625,0.0004551437450572,0.4858356714248657,26.40625,29.066162109375,0.4511759281158447,1018.0384159088136,19.83440971374512
2024-04-10 12:58:52,0.0015677846968173,0.4267530441284179,30.3515625,0.0004551437450572,0.4858356714248657,26.40625,29.066162109375,0.4511759281158447,1018.0384159088136,19.83440971374512
2024-04-10 12:58:53,0.0016820216551423,0.4267530441284179,30.375,0.0004551437450572,0.4858356714248657,26.40625,29.066162109375,0.4511759281158447,1018.0384159088136,19.83440971374512
2024-04-10 12:58:54,0.0016820216551423,0.4267530441284179,30.375,0.0004551437450572,0.4858356714248657,26.40625,29.066162109375,0.4511759281158447,1018.0116653442384,19.83440971374512
2024-04-10 12:58:55,0.0016820216551423,0.4267530441284179,30.375,0.000644979358185,0.5263220071792603,26.40625,29.066162109375,0.4511759281158447,1018.0116653442384,19.83440971374512
2024-04-10 12:58:56,0.0016820216551423,0.4267530441284179,30.375,0.000644979358185,0.5263220071792603,26.40625,28.913055419921875,0.4511759281158447,1018.0116653442384,19.83440971374512
2024-04-10 12:58:57,0.0016820216551423,0.4267530441284179,30.375,0.000644979358185,0.5263220071792603,26.40625,28.913055419921875,0.4511759281158447,1018.0116653442384,19.83440971374512
2024-04-10 12:58:58,0.0016820216551423,0.4267530441284179,30.375,0.000644979358185,0.5263220071792603,26.40625,28.913055419921875,0.4511759281158447,1018.0116653442384,19.83440971374512
2024-04-10 12:58:59,0.0016820216551423,0.4267530441284179,30.375,0.000644979358185,0.5263220071792603,26.40625,28.913055419921875,0.4511759281158447,1018.0116653442384,19.841785430908203
2024-04-10 12:59:00,0.001097523025237,0.3879573345184326,30.40625,0.000644979358185,0.5263220071792603,26.40625,28.913055419921875,0.4511759281158447,1018.0116653442384,19.841785430908203
2024-04-10 12:59:01,0.001097523025237,0.3879573345184326,30.40625,0.0003725068527273,0.5263220071792603,26.3828125,28.913055419921875,0.4511759281158447,1018.0116653442384,19.841785430908203
2024-04-10 12:59:02,0.001097523025237,0.3879573345184326,30.40625,0.0003725068527273,0.5263220071792603,26.3828125,28.913055419921875,0.4511759281158447,1018.0082035064696,19.841785430908203
2024-04-10 12:59:03,0.001097523025237,0.3879573345184326,30.40625,0.0003725068527273,0.5263220071792603,26.3828125,28.913055419921875,0.4511759281158447,1018.0082035064696,19.841785430908203
2024-04-10 12:59:04,0.001097523025237,0.3879573345184326,30.40625,0.0003725068527273,0.5263220071792603,26.3828125,28.756378173828125,0.4511759281158447,1018.0082035064696,19.841785430908203
2024-04-10 12:59:05,0.001097523025237,0.3879573345184326,30.40625,0.0003725068527273,0.5263220071792603,26.3828125,28.756378173828125,0.4511759281158447,1018.0082035064696,19.841785430908203
2024-04-10 12:59:06,0.001097523025237,0.3879573345184326,30.40625,0.0003725068527273,0.5263220071792603,26.3828125,28.756378173828125,0.4511759281158447,1018.0082035064696,19.860496520996094
2024-04-10 12:59:07,0.001097523025237,0.3879573345184326,30.40625,0.0003725068527273,0.5263220071792603,26.3828125,28.756378173828125,0.4511759281158447,1018.0082035064696,19.860496520996094
2024-04-10 12:59:08,0.001097523025237,0.3879573345184326,30.40625,0.000396671181079,0.6072945594787598,26.375,28.756378173828125,0.4511759281158447,1018.0082035064696,19.860496520996094
2024-04-10 12:59:09,0.0012968186056241,0.4267530441284179,30.390625,0.000396671181079,0.6072945594787598,26.375,28.756378173828125,0.4511759281158447,1018.0028533935548,19.860496520996094
2024-04-10 12:59:10,0.0012968186056241,0.4267530441284179,30.390625,0.000396671181079,0.6072945594787598,26.375,28.756378173828125,0.4511759281158447,1018.0028533935548,19.860496520996094
2024-04-10 12:59:11,0.0012968186056241,0.4267530441284179,30.390625,0.000396671181079,0.6072945594787598,26.375,28.72015380859375,0.4511759281158447,1018.0028533935548,19.860496520996094
2024-04-10 12:59:12,0.0012968186056241,0.4267530441284179,30.390625,0.000396671181079,0.6072945594787598,26.375,28.72015380859375,0.4511759281158447,1018.0028533935548,19.860496520996094
2024-04-10 12:59:13,0.0012968186056241,0.4267530441284179,30.390625,0.000396671181079,0.6072945594787598,26.375,28.72015380859375,0.4511759281158447,1018.0028533935548,19.860496520996094
2024-04-10 12:59:14,0.0012968186056241,0.4267530441284179,30.390625,0.000396671181079,0.6072945594787598,26.375,28.72015380859375,0.4511759281158447,1018.0028533935548,19.86644172668457
2024-04-10 12:59:15,0.0012968186056241,0.4267530441284179,30.390625,0.000396671181079,0.6072945594787598,26.375,28.72015380859375,0.4511759281158447,1018.0028533935548,19.86644172668457
2024-04-10 12:59:16,0.0012968186056241,0.4267530441284179,30.390625,0.000396671181079,0.6072945594787598,26.375,28.72015380859375,0.4511759281158447,1018.0028533935548,19.86644172668457
2024-04-10 12:59:17,0.0011346375104039,0.5043445229530334,30.421875,0.0003139432519674,0.4858356714248657,26.3671875,28.72015380859375,0.4511759281158447,1018.0250549316406,19.86644172668457
2024-04-10 12:59:18,0.0011346375104039,0.5043445229530334,30.421875,0.0003139432519674,0.4858356714248657,26.3671875,28.72015380859375,0.4511759281158447,1018.0250549316406,19.86644172668457
2024-04-10 12:59:19,0.0011346375104039,0.5043445229530334,30.421875,0.0003139432519674,0.4858356714248657,26.3671875,28.72015380859375,0.4511759281158447,1018.0250549316406,19.86644172668457
2024-04-10 12:59:20,0.0011346375104039,0.5043445229530334,30.421875,0.0003139432519674,0.4858356714248657,26.3671875,28.72015380859375,0.4511759281158447,1018.0250549316406,19.86644172668457
2024-04-10 12:59:21,0.0011346375104039,0.5043445229530334,30.421875,0.0003139432519674,0.4858356714248657,26.3671875,28.74871826171875,0.4511759281158447,1018.0250549316406,19.86644172668457
2024-04-10 12:59:22,0.0011346375104039,0.5043445229530334,30.421875,0.0003139432519674,0.4858356714248657,26.3671875,28.74871826171875,0.4511759281158447,1018.0250549316406,19.87938499450684
2024-04-10 12:59:23,0.0011346375104039,0.5043445229530334,30.421875,0.0003139432519674,0.4858356714248657,26.3671875,28.74871826171875,0.4511759281158447,1018.0250549316406,19.87938499450684
2024-04-10 12:59:24,0.0013309550704434,0.4655487835407257,30.40625,0.0003139432519674,0.4858356714248657,26.3671875,28.74871826171875,0.4511759281158447,1018.0250549316406,19.87938499450684
2024-04-10 12:59:25,0.0013309550704434,0.4655487835407257,30.40625,0.0004659183323383,0.5263220071792603,26.3046875,28.74871826171875,0.4511759281158447,1018.0250549316406,19.87938499450684
2024-04-10 12:59:26,0.0013309550704434,0.4655487835407257,30.40625,0.0004659183323383,0.5263220071792603,26.3046875,28.74871826171875,0.4511759281158447,1018.029718399048,19.87938499450684
2024-04-10 12:59:27,0.0013309550704434,0.4655487835407257,30.40625,0.0004659183323383,0.5263220071792603,26.3046875,28.868072509765625,0.4511759281158447,1018.029718399048,19.87938499450684
2024-04-10 12:59:28,0.0013309550704434,0.4655487835407257,30.40625,0.0004659183323383,0.5263220071792603,26.3046875,28.868072509765625,0.4511759281158447,1018.029718399048,19.87938499450684
2024-04-10 12:59:29,0.0013309550704434,0.4655487835407257,30.40625,0.0004659183323383,0.5263220071792603,26.3046875,28.868072509765625,0.4511759281158447,1018.029718399048,19.87938499450684
2024-04-10 12:59:30,0.0013309550704434,0.4655487835407257,30.40625,0.0004659183323383,0.5263220071792603,26.3046875,28.868072509765625,0.4462893009185791,1018.029718399048,19.888872146606445
2024-04-10 12:59:31,0.0013309550704434,0.4655487835407257,30.40625,0.0004659183323383,0.5263220071792603,26.3046875,28.868072509765625,0.4462893009185791,1018.029718399048,19.888872146606445
2024-04-10 12:59:32,0.001104490365833,0.4655487835407257,30.4453125,0.0003420800203457,0.56680828332901,26.3046875,28.868072509765625,0.4462893009185791,1018.029718399048,19.888872146606445
2024-04-10 12:59:33,0.001104490365833,0.4655487835407257,30.4453125,0.0003420800203457,0.56680828332901,26.3046875,28.868072509765625,0.4462893009185791,1018.029718399048,19.888872146606445
2024-04-10 12:59:34,0.001104490365833,0.4655487835407257,30.4453125,0.0003420800203457,0.56680828332901,26.3046875,28.95849609375,0.4462893009185791,1018.029718399048,19.888872146606445
2024-04-10 12:59:35,0.001104490365833,0.4655487835407257,30.4453125,0.0003420800203457,0.56680828332901,26.3046875,28.95849609375,0.4462893009185791,1018.0380153656006,19.888872146606445
2024-04-10 12:59:36,0.001104490365833,0.4655487835407257,30.4453125,0.0003420800203457,0.56680828332901,26.3046875,28.95849609375,0.4462893009185791,1018.0380153656006,19.888872146606445
2024-04-10 12:59:37,0.001104490365833,0.4655487835407257,30.4453125,0.0003420800203457,0.56680828332901,26.3046875,28.95849609375,0.4462893009185791,1018.0380153656006,19.895000457763672
2024-04-10 12:59:38,0.001104490365833,0.4655487835407257,30.4453125,0.0003420800203457,0.56680828332901,26.3046875,28.95849609375,0.4462893009185791,1018.0380153656006,19.895000457763672
2024-04-10 12:59:39,0.001104490365833,0.4655487835407257,30.4453125,0.0003420800203457,0.56680828332901,26.3046875,28.95849609375,0.4462893009185791,1018.0380153656006,19.895000457763672
2024-04-10 12:59:40,0.0010654312791302,0.4267530441284179,30.4375,0.0004623134154826,0.4858356714248657,26.3046875,28.95849609375,0.4462893009185791,1018.0380153656006,19.895000457763672
2024-04-10 12:59:41,0.0010654312791302,0.4267530441284179,30.4375,0.0004623134154826,0.4858356714248657,26.3046875,28.95849609375,0.4462893009185791,1018.0380153656006,19.895000457763672
2024-04-10 12:59:42,0.0010654312791302,0.4267530441284179,30.4375,0.0004623134154826,0.4858356714248657,26.3046875,28.95849609375,0.4462893009185791,1018.0380153656006,19.895000457763672
2024-04-10 12:59:43,0.0010654312791302,0.4267530441284179,30.4375,0.0004623134154826,0.4858356714248657,26.3046875,28.95849609375,0.4462893009185791,1018.0222225189208,19.895000457763672
2024-04-10 12:59:44,0.0010654312791302,0.4267530441284179,30.4375,0.0004623134154826,0.4858356714248657,26.3046875,28.95849609375,0.4462893009185791,1018.0222225189208,19.895000457763672
2024-04-10 12:59:45,0.0010654312791302,0.4267530441284179,30.4375,0.0004623134154826,0.4858356714248657,26.3046875,29.0540771484375,0.4462893009185791,1018.0222225189208,19.895000457763672
2024-04-10 12:59:46,0.0010654312791302,0.4267530441284179,30.4375,0.0004623134154826,0.4858356714248657,26.3046875,29.0540771484375,0.4462893009185791,1018.0222225189208,19.895000457763672
2024-04-10 12:59:47,0.0010654312791302,0.4267530441284179,30.4375,0.0004623134154826,0.4858356714248657,26.3046875,29.0540771484375,0.4462893009185791,1018.0222225189208,19.90972328186035
2024-04-10 12:59:48,0.0010654312791302,0.4267530441284179,30.4375,0.0004623134154826,0.4858356714248657,26.3046875,29.0540771484375,0.4462893009185791,1018.0222225189208,19.90972328186035
2024-04-10 12:59:49,0.001065622549504,0.4267530441284179,30.4609375,0.0003849256027024,0.5263220071792603,26.2734375,29.0540771484375,0.4462893009185791,1018.0222225189208,19.90972328186035
2024-04-10 12:59:50,0.001065622549504,0.4267530441284179,30.4609375,0.0003849256027024,0.5263220071792603,26.2734375,29.0540771484375,0.4462893009185791,1017.8833770751952,19.90972328186035
2024-04-10 12:59:51,0.001065622549504,0.4267530441284179,30.4609375,0.0003849256027024,0.5263220071792603,26.2734375,29.0540771484375,0.4462893009185791,1017.8833770751952,19.90972328186035
2024-04-10 12:59:52,0.001065622549504,0.4267530441284179,30.4609375,0.0003849256027024,0.5263220071792603,26.2734375,28.998443603515625,0.4462893009185791,1017.8833770751952,19.90972328186035
2024-04-10 12:59:53,0.001065622549504,0.4267530441284179,30.4609375,0.0003849256027024,0.5263220071792603,26.2734375,28.998443603515625,0.4462893009185791,1017.8833770751952,19.90972328186035
2024-04-10 12:59:54,0.001065622549504,0.4267530441284179,30.4609375,0.0003849256027024,0.5263220071792603,26.2734375,28.998443603515625,0.4462893009185791,1017.8833770751952,19.90972328186035
2024-04-10 12:59:55,0.001065622549504,0.4267530441284179,30.4609375,0.0003849256027024,0.5263220071792603,26.2734375,28.998443603515625,0.4462893009185791,1017.8833770751952,19.910409927368164
2024-04-10 12:59:56,0.0007444497314281,0.4655487835407257,30.4609375,0.0003849256027024,0.5263220071792603,26.2734375,28.998443603515625,0.4462893009185791,1017.8833770751952,19.910409927368164
2024-04-10 12:59:57,0.0007444497314281,0.4655487835407257,30.4609375,0.0005656498251482,0.4858356714248657,26.2578125,28.998443603515625,0.4462893009185791,1017.8833770751952,19.910409927368164
2024-04-10 12:59:58,0.0007444497314281,0.4655487835407257,30.4609375,0.0005656498251482,0.4858356714248657,26.2578125,28.998443603515625,0.4462893009185791,1018.0544090270996,19.910409927368164
2024-04-10 12:59:59,0.0007444497314281,0.4655487835407257,30.4609375,0.0005656498251482,0.4858356714248657,26.2578125,28.793182373046875,0.4462893009185791,1018.0544090270996,19.910409927368164
2024-04-10 13:00:00,0.0007444497314281,0.4655487835407257,30.4609375,0.0005656498251482,0.4858356714248657,26.2578125,28.793182373046875,0.4462893009185791,1018.0544090270996,19.910409927368164
2024-04-10 13:00:01,0.0007444497314281,0.4655487835407257,30.4609375,0.0005656498251482,0.4858356714248657,26.2578125,28.793182373046875,0.4462893009185791,1018.0544090270996,19.910409927368164
2024-04-10 13:00:02,0.0007444497314281,0.4655487835407257,30.4609375,0.0005656498251482,0.4858356714248657,26.2578125,28.793182373046875,0.4462893009185791,1018.0544090270996,19.910409927368164
2024-04-10 13:00:03,0.0007444497314281,0.4655487835407257,30.4609375,0.0005656498251482,0.4858356714248657,26.2578125,28.793182373046875,0.4462893009185791,1018.0544090270996,19.910409927368164
2024-04-10 13:00:04,0.0007444497314281,0.4655487835407257,30.4609375,0.0005656498251482,0.4858356714248657,26.2578125,28.793182373046875,0.4462893009185791,1018.0544090270996,19.910409927368164
2024-04-10 13:00:05,0.0015813189093023,0.3879573345184326,30.5078125,0.0005656498251482,0.4858356714248657,26.2578125,28.793182373046875,0.4462893009185791,1018.0866241455078,19.903772354125977
2024-04-10 13:00:06,0.0015813189093023,0.3879573345184326,30.5078125,0.0003539739409461,0.5263220071792603,26.2578125,28.793182373046875,0.4462893009185791,1018.0866241455078,19.903772354125977
2024-04-10 13:00:07,0.0015813189093023,0.3879573345184326,30.5078125,0.0003539739409461,0.5263220071792603,26.2578125,28.793182373046875,0.4462893009185791,1018.0866241455078,19.903772354125977
2024-04-10 13:00:08,0.0015813189093023,0.3879573345184326,30.5078125,0.0003539739409461,0.5263220071792603,26.2578125,28.7733154296875,0.4462893009185791,1018.0866241455078,19.903772354125977
2024-04-10 13:00:09,0.0015813189093023,0.3879573345184326,30.5078125,0.0003539739409461,0.5263220071792603,26.2578125,28.7733154296875,0.4462893009185791,1018.0866241455078,19.903772354125977
2024-04-10 13:00:10,0.0015813189093023,0.3879573345184326,30.5078125,0.0003539739409461,0.5263220071792603,26.2578125,28.7733154296875,0.4462893009185791,1018.0866241455078,19.903772354125977
2024-04-10 13:00:11,0.0015813189093023,0.3879573345184326,30.5078125,0.0003539739409461,0.5263220071792603,26.2578125,28.7733154296875,0.4462893009185791,1018.0866241455078,19.9051513671875
2024-04-10 13:00:12,0.0013192811748012,0.3879573345184326,30.4921875,0.0007323663448914,0.4858356714248657,26.21875,28.7733154296875,0.4462893009185791,1018.0866241455078,19.9051513671875
2024-04-10 13:00:13,0.0013192811748012,0.3879573345184326,30.4921875,0.0007323663448914,0.4858356714248657,26.21875,28.7733154296875,0.4462893009185791,1018.0866241455078,19.9051513671875
2024-04-10 13:00:14,0.0013192811748012,0.3879573345184326,30.4921875,0.0007323663448914,0.4858356714248657,26.21875,28.7733154296875,0.4462893009185791,1018.0630207061768,19.9051513671875
2024-04-10 13:00:15,0.0013192811748012,0.3879573345184326,30.4921875,0.0007323663448914,0.4858356714248657,26.21875,28.94061279296875,0.4462893009185791,1018.0630207061768,19.9051513671875
2024-04-10 13:00:16,0.0013192811748012,0.3879573345184326,30.4921875,0.0007323663448914,0.4858356714248657,26.21875,28.94061279296875,0.4462893009185791,1018.0630207061768,19.9051513671875
2024-04-10 13:00:17,0.0013192811748012,0.3879573345184326,30.4921875,0.0007323663448914,0.4858356714248657,26.21875,28.94061279296875,0.4462893009185791,1018.0630207061768,19.9051513671875
2024-04-10 13:00:18,0.0013192811748012,0.3879573345184326,30.4921875,0.0007323663448914,0.4858356714248657,26.21875,28.94061279296875,0.4462893009185791,1018.0630207061768,19.908710479736328
2024-04-10 13:00:19,0.0013192811748012,0.3879573345184326,30.4921875,0.0007323663448914,0.4858356714248657,26.21875,28.94061279296875,0.4462893009185791,1018.0630207061768,19.908710479736328
2024-04-10 13:00:20,0.0013192811748012,0.3879573345184326,30.4921875,0.0007323663448914,0.4858356714248657,26.21875,28.94061279296875,0.4462893009185791,1018.0630207061768,19.908710479736328
2024-04-10 13:00:21,0.0011095762019976,0.4267530441284179,30.5,0.0004046013345941,0.4858356714248657,26.234375,28.94061279296875,0.4462893009185791,1018.0946350097656,19.908710479736328
2024-04-10 13:00:22,0.0011095762019976,0.4267530441284179,30.5,0.0004046013345941,0.4858356714248657,26.234375,28.94061279296875,0.4462893009185791,1018.0946350097656,19.908710479736328
2024-04-10 13:00:23,0.0011095762019976,0.4267530441284179,30.5,0.0004046013345941,0.4858356714248657,26.234375,29.109283447265625,0.4462893009185791,1018.0946350097656,19.908710479736328
2024-04-10 13:00:24,0.0011095762019976,0.4267530441284179,30.5,0.0004046013345941,0.4858356714248657,26.234375,29.109283447265625,0.4462893009185791,1018.0946350097656,19.908710479736328
2024-04-10 13:00:25,0.0011095762019976,0.4267530441284179,30.5,0.0004046013345941,0.4858356714248657,26.234375,29.109283447265625,0.4462893009185791,1018.0946350097656,19.910587310791016
2024-04-10 13:00:26,0.0011095762019976,0.4267530441284179,30.5,0.0004046013345941,0.4858356714248657,26.234375,29.109283447265625,0.4462893009185791,1018.0946350097656,19.910587310791016
2024-04-10 13:00:27,0.0011095762019976,0.4267530441284179,30.5,0.0004046013345941,0.4858356714248657,26.234375,29.109283447265625,0.4462893009185791,1018.0946350097656,19.910587310791016
2024-04-10 13:00:28,0.0008812072919681,0.4267530441284179,30.578125,0.0004046013345941,0.4858356714248657,26.234375,29.109283447265625,0.451276034116745,1018.0946350097656,19.910587310791016
2024-04-10 13:00:29,0.0008812072919681,0.4267530441284179,30.578125,0.0004047302063554,0.6072945594787598,26.203125,29.109283447265625,0.451276034116745,1017.9958438873292,19.910587310791016
2024-04-10 13:00:30,0.0008812072919681,0.4267530441284179,30.578125,0.0004047302063554,0.6072945594787598,26.203125,29.109283447265625,0.451276034116745,1017.9958438873292,19.910587310791016
2024-04-10 13:00:31,0.0008812072919681,0.4267530441284179,30.578125,0.0004047302063554,0.6072945594787598,26.203125,29.109283447265625,0.451276034116745,1017.9958438873292,19.910587310791016
2024-04-10 13:00:32,0.0008812072919681,0.4267530441284179,30.578125,0.0004047302063554,0.6072945594787598,26.203125,29.109283447265625,0.451276034116745,1017.9958438873292,19.910587310791016
2024-04-10 13:00:33,0.0008812072919681,0.4267530441284179,30.578125,0.0004047302063554,0.6072945594787598,26.203125,29.27398681640625,0.451276034116745,1017.9958438873292,19.910587310791016
2024-04-10 13:00:34,0.0008812072919681,0.4267530441284179,30.578125,0.0004047302063554,0.6072945594787598,26.203125,29.27398681640625,0.451276034116745,1017.9958438873292,19.915159225463867
2024-04-10 13:00:35,0.0008812072919681,0.4267530441284179,30.578125,0.0004047302063554,0.6072945594787598,26.203125,29.27398681640625,0.451276034116745,1017.9958438873292,19.915159225463867
2024-04-10 13:00:36,0.0008812072919681,0.4267530441284179,30.578125,0.0004047302063554,0.6072945594787598,26.203125,29.27398681640625,0.451276034116745,1017.9958438873292,19.915159225463867
2024-04-10 13:00:37,0.0020788551773875,0.4267530441284179,30.5390625,0.0004047302063554,0.6072945594787598,26.203125,29.27398681640625,0.451276034116745,1017.9958438873292,19.915159225463867
2024-04-10 13:00:38,0.0020788551773875,0.4267530441284179,30.5390625,0.0004673078656196,0.5263220071792603,26.1796875,29.408172607421875,0.451276034116745,1018.0343818664552,19.915159225463867
2024-04-10 13:00:39,0.0020788551773875,0.4267530441284179,30.5390625,0.0004673078656196,0.5263220071792603,26.1796875,29.408172607421875,0.451276034116745,1018.0343818664552,19.915159225463867
2024-04-10 13:00:40,0.0020788551773875,0.4267530441284179,30.5390625,0.0004673078656196,0.5263220071792603,26.1796875,29.408172607421875,0.451276034116745,1018.0343818664552,19.915159225463867
2024-04-10 13:00:41,0.0020788551773875,0.4267530441284179,30.5390625,0.0004673078656196,0.5263220071792603,26.1796875,29.408172607421875,0.451276034116745,1018.0343818664552,19.916961669921875
2024-04-10 13:00:42,0.0020788551773875,0.4267530441284179,30.5390625,0.0004673078656196,0.5263220071792603,26.1796875,29.408172607421875,0.451276034116745,1018.0343818664552,19.916961669921875
2024-04-10 13:00:43,0.0020788551773875,0.4267530441284179,30.5390625,0.0004673078656196,0.5263220071792603,26.1796875,29.408172607421875,0.451276034116745,1018.0343818664552,19.916961669921875
2024-04-10 13:00:44,0.0014194016112014,0.4267530441284179,30.578125,0.0004025265516247,0.56680828332901,26.15625,29.408172607421875,0.451276034116745,1018.0343818664552,19.916961669921875
2024-04-10 13:00:45,0.0014194016112014,0.4267530441284179,30.578125,0.0004025265516247,0.56680828332901,26.15625,29.408172607421875,0.451276034116745,1018.0343818664552,19.916961669921875
2024-04-10 13:00:46,0.0014194016112014,0.4267530441284179,30.578125,0.0004025265516247,0.56680828332901,26.15625,29.408172607421875,0.451276034116745,1018.0343818664552,19.916961669921875
2024-04-10 13:00:47,0.0014194016112014,0.4267530441284179,30.578125,0.0004025265516247,0.56680828332901,26.15625,29.408172607421875,0.451276034116745,1018.0343818664552,19.916961669921875
2024-04-10 13:00:48,0.0014194016112014,0.4267530441284179,30.578125,0.0004025265516247,0.56680828332901,26.15625,29.408172607421875,0.451276034116745,1018.0139541625977,19.916961669921875
2024-04-10 13:00:49,0.0014194016112014,0.4267530441284179,30.578125,0.0004025265516247,0.56680828332901,26.15625,29.58432006835937,0.451276034116745,1018.0139541625977,19.917654037475582
2024-04-10 13:00:50,0.0014194016112014,0.4267530441284179,30.578125,0.0004025265516247,0.56680828332901,26.15625,29.58432006835937,0.451276034116745,1018.0139541625977,19.917654037475582
2024-04-10 13:00:51,0.0014194016112014,0.4267530441284179,30.578125,0.0004025265516247,0.56680828332901,26.15625,29.58432006835937,0.451276034116745,1018.0139541625977,19.917654037475582
2024-04-10 13:00:52,0.0019611765164881,0.4655487835407257,30.625,0.0004025265516247,0.56680828332901,26.15625,29.58432006835937,0.451276034116745,1018.0139541625977,19.917654037475582
2024-04-10 13:00:53,0.0019611765164881,0.4655487835407257,30.625,0.000483129202621,0.5263220071792603,26.140625,29.58432006835937,0.451276034116745,1018.0139541625977,19.917654037475582
2024-04-10 13:00:54,0.0019611765164881,0.4655487835407257,30.625,0.000483129202621,0.5263220071792603,26.140625,29.58432006835937,0.451276034116745,1018.0139541625977,19.917654037475582
2024-04-10 13:00:55,0.0019611765164881,0.4655487835407257,30.625,0.000483129202621,0.5263220071792603,26.140625,29.58432006835937,0.451276034116745,1018.0696868896484,19.917654037475582
2024-04-10 13:00:56,0.0019611765164881,0.4655487835407257,30.625,0.000483129202621,0.5263220071792603,26.140625,29.6968994140625,0.451276034116745,1018.0696868896484,19.917654037475582
2024-04-10 13:00:57,0.0019611765164881,0.4655487835407257,30.625,0.000483129202621,0.5263220071792603,26.140625,29.6968994140625,0.451276034116745,1018.0696868896484,19.917654037475582
2024-04-10 13:00:58,0.0019611765164881,0.4655487835407257,30.625,0.000483129202621,0.5263220071792603,26.140625,29.6968994140625,0.451276034116745,1018.0696868896484,19.914775848388672
2024-04-10 13:00:59,0.0019611765164881,0.4655487835407257,30.625,0.000483129202621,0.5263220071792603,26.140625,29.6968994140625,0.451276034116745,1018.0696868896484,19.914775848388672
2024-04-10 13:01:00,0.0019611765164881,0.4655487835407257,30.625,0.000483129202621,0.5263220071792603,26.140625,29.6968994140625,0.451276034116745,1018.0696868896484,19.914775848388672
2024-04-10 13:01:01,0.001211033668369,0.4267530441284179,30.6640625,0.0004568699805531,0.4858356714248657,26.1171875,29.6968994140625,0.451276034116745,1018.0696868896484,19.914775848388672
2024-04-10 13:01:02,0.001211033668369,0.4267530441284179,30.6640625,0.0004568699805531,0.4858356714248657,26.1171875,29.6968994140625,0.451276034116745,1018.081760406494,19.914775848388672
2024-04-10 13:01:03,0.001211033668369,0.4267530441284179,30.6640625,0.0004568699805531,0.4858356714248657,26.1171875,29.6968994140625,0.451276034116745,1018.081760406494,19.914775848388672
2024-04-10 13:01:04,0.001211033668369,0.4267530441284179,30.6640625,0.0004568699805531,0.4858356714248657,26.1171875,29.8175048828125,0.451276034116745,1018.081760406494,19.914775848388672
2024-04-10 13:01:05,0.001211033668369,0.4267530441284179,30.6640625,0.0004568699805531,0.4858356714248657,26.1171875,29.8175048828125,0.451276034116745,1018.081760406494,19.914775848388672
2024-04-10 13:01:06,0.001211033668369,0.4267530441284179,30.6640625,0.0004568699805531,0.4858356714248657,26.1171875,29.8175048828125,0.451276034116745,1018.081760406494,19.914461135864254
2024-04-10 13:01:07,0.001211033668369,0.4267530441284179,30.6640625,0.0004568699805531,0.4858356714248657,26.1171875,29.8175048828125,0.451276034116745,1018.081760406494,19.914461135864254
2024-04-10 13:01:08,0.001211033668369,0.4267530441284179,30.6640625,0.0004568699805531,0.4858356714248657,26.1171875,29.8175048828125,0.451276034116745,1018.081760406494,19.914461135864254
2024-04-10 13:01:09,0.0016997915226966,0.4267530441284179,30.75,0.0004568699805531,0.4858356714248657,26.1171875,29.8175048828125,0.451276034116745,1018.081760406494,19.914461135864254
2024-04-10 13:01:10,0.0016997915226966,0.4267530441284179,30.75,0.0005183883477002,0.5263220071792603,26.1328125,29.8175048828125,0.451276034116745,1018.0885696411132,19.914461135864254
2024-04-10 13:01:11,0.0016997915226966,0.4267530441284179,30.75,0.0005183883477002,0.5263220071792603,26.1328125,29.977203369140625,0.451276034116745,1018.0885696411132,19.914461135864254
2024-04-10 13:01:12,0.0016997915226966,0.4267530441284179,30.75,0.0005183883477002,0.5263220071792603,26.1328125,29.977203369140625,0.451276034116745,1018.0885696411132,19.914461135864254
2024-04-10 13:01:13,0.0016997915226966,0.4267530441284179,30.75,0.0005183883477002,0.5263220071792603,26.1328125,29.977203369140625,0.451276034116745,1018.0885696411132,19.914461135864254
2024-04-10 13:01:14,0.0016997915226966,0.4267530441284179,30.75,0.0005183883477002,0.5263220071792603,26.1328125,29.977203369140625,0.451276034116745,1018.0885696411132,19.914461135864254
2024-04-10 13:01:15,0.0016997915226966,0.4267530441284179,30.75,0.0005183883477002,0.5263220071792603,26.1328125,29.977203369140625,0.451276034116745,1018.0885696411132,19.90390396118164
2024-04-10 13:01:16,0.0015751011669635,0.4267530441284179,30.734375,0.0005183883477002,0.5263220071792603,26.1328125,29.977203369140625,0.451276034116745,1018.0885696411132,19.90390396118164
2024-04-10 13:01:17,0.0015751011669635,0.4267530441284179,30.734375,0.0004458624753169,0.56680828332901,26.1015625,29.977203369140625,0.451276034116745,1018.063907623291,19.90390396118164
2024-04-10 13:01:18,0.0015751011669635,0.4267530441284179,30.734375,0.0004458624753169,0.56680828332901,26.1015625,29.977203369140625,0.451276034116745,1018.063907623291,19.90390396118164
2024-04-10 13:01:19,0.0015751011669635,0.4267530441284179,30.734375,0.0004458624753169,0.56680828332901,26.1015625,30.06817626953125,0.451276034116745,1018.063907623291,19.90390396118164
2024-04-10 13:01:20,0.0015751011669635,0.4267530441284179,30.734375,0.0004458624753169,0.56680828332901,26.1015625,30.06817626953125,0.451276034116745,1018.063907623291,19.90390396118164
2024-04-10 13:01:21,0.0015751011669635,0.4267530441284179,30.734375,0.0004458624753169,0.56680828332901,26.1015625,30.06817626953125,0.451276034116745,1018.063907623291,19.90390396118164
2024-04-10 13:01:22,0.0015751011669635,0.4267530441284179,30.734375,0.0004458624753169,0.56680828332901,26.1015625,30.06817626953125,0.451276034116745,1018.063907623291,19.903823852539062
2024-04-10 13:01:23,0.0015751011669635,0.4267530441284179,30.734375,0.0004458624753169,0.56680828332901,26.1015625,30.06817626953125,0.451276034116745,1018.063907623291,19.903823852539062
2024-04-10 13:01:24,0.0015751011669635,0.4267530441284179,30.734375,0.0004458624753169,0.56680828332901,26.1015625,30.06817626953125,0.451276034116745,1018.063907623291,19.903823852539062
2024-04-10 13:01:25,0.0015751011669635,0.4267530441284179,30.734375,0.0003953949490096,0.4858356714248657,26.0859375,30.06817626953125,0.451276034116745,1018.0522346496582,19.903823852539062
2024-04-10 13:01:26,0.0015751011669635,0.4267530441284179,30.734375,0.0003953949490096,0.4858356714248657,26.0859375,30.06817626953125,0.451276034116745,1018.0522346496582,19.903823852539062
2024-04-10 13:01:27,0.0011952753411605,0.4655487835407257,30.7890625,0.0003953949490096,0.4858356714248657,26.0859375,30.18710327148437,0.451276034116745,1018.0522346496582,19.903823852539062
2024-04-10 13:01:28,0.0011952753411605,0.4655487835407257,30.7890625,0.0003953949490096,0.4858356714248657,26.0859375,30.18710327148437,0.451276034116745,1018.0522346496582,19.903823852539062
2024-04-10 13:01:29,0.0011952753411605,0.4655487835407257,30.7890625,0.0003953949490096,0.4858356714248657,26.0859375,30.18710327148437,0.451276034116745,1018.0522346496582,19.903823852539062
2024-04-10 13:01:30,0.0011952753411605,0.4655487835407257,30.7890625,0.0003953949490096,0.4858356714248657,26.0859375,30.18710327148437,0.4454046189785003,1018.0522346496582,19.909934997558597
2024-04-10 13:01:31,0.0011952753411605,0.4655487835407257,30.7890625,0.0003953949490096,0.4858356714248657,26.0859375,30.18710327148437,0.4454046189785003,1018.0522346496582,19.909934997558597
2024-04-10 13:01:32,0.0011952753411605,0.4655487835407257,30.7890625,0.0012055045226588,0.5263220071792603,26.0703125,30.18710327148437,0.4454046189785003,1018.0522346496582,19.909934997558597
2024-04-10 13:01:33,0.0015432718209922,0.4267530441284179,30.796875,0.0012055045226588,0.5263220071792603,26.0703125,30.18710327148437,0.4454046189785003,1018.0522346496582,19.909934997558597
2024-04-10 13:01:34,0.0015432718209922,0.4267530441284179,30.796875,0.0012055045226588,0.5263220071792603,26.0703125,30.18710327148437,0.4454046189785003,1018.0522346496582,19.909934997558597
2024-04-10 13:01:35,0.0015432718209922,0.4267530441284179,30.796875,0.0012055045226588,0.5263220071792603,26.0703125,30.19781494140625,0.4454046189785003,1018.0263710021972,19.909934997558597
2024-04-10 13:01:36,0.0015432718209922,0.4267530441284179,30.796875,0.0012055045226588,0.5263220071792603,26.0703125,30.19781494140625,0.4454046189785003,1018.0263710021972,19.909934997558597
2024-04-10 13:01:37,0.0015432718209922,0.4267530441284179,30.796875,0.0012055045226588,0.5263220071792603,26.0703125,30.19781494140625,0.4454046189785003,1018.0263710021972,19.91423225402832
2024-04-10 13:01:38,0.0015432718209922,0.4267530441284179,30.796875,0.0012055045226588,0.5263220071792603,26.0703125,30.19781494140625,0.4454046189785003,1018.0263710021972,19.91423225402832
2024-04-10 13:01:39,0.0015432718209922,0.4267530441284179,30.796875,0.0012055045226588,0.5263220071792603,26.0703125,30.19781494140625,0.4454046189785003,1018.0263710021972,19.91423225402832
2024-04-10 13:01:40,0.0015432718209922,0.4267530441284179,30.796875,0.0012055045226588,0.5263220071792603,26.0703125,30.19781494140625,0.4454046189785003,1018.0263710021972,19.91423225402832
2024-04-10 13:01:41,0.0011887165019288,0.4267530441284179,30.84375,0.0006285674171522,0.4858356714248657,26.0625,30.19781494140625,0.4454046189785003,1018.0263710021972,19.91423225402832
2024-04-10 13:01:42,0.0011887165019288,0.4267530441284179,30.84375,0.0006285674171522,0.4858356714248657,26.0625,30.19781494140625,0.4454046189785003,1018.0263710021972,19.91423225402832
2024-04-10 13:01:43,0.0011887165019288,0.4267530441284179,30.84375,0.0006285674171522,0.4858356714248657,26.0625,30.19781494140625,0.4454046189785003,1018.0008792877196,19.91423225402832
2024-04-10 13:01:44,0.0011887165019288,0.4267530441284179,30.84375,0.0006285674171522,0.4858356714248657,26.0625,30.19781494140625,0.4454046189785003,1018.0008792877196,19.91423225402832
2024-04-10 13:01:45,0.0011887165019288,0.4267530441284179,30.84375,0.0006285674171522,0.4858356714248657,26.0625,30.19781494140625,0.4454046189785003,1018.0008792877196,19.931781768798828
2024-04-10 13:01:46,0.0011887165019288,0.4267530441284179,30.84375,0.0006285674171522,0.4858356714248657,26.0625,30.19781494140625,0.4454046189785003,1018.0008792877196,19.931781768798828
2024-04-10 13:01:47,0.0011887165019288,0.4267530441284179,30.84375,0.0006285674171522,0.4858356714248657,26.0625,30.19781494140625,0.4454046189785003,1018.0008792877196,19.931781768798828
2024-04-10 13:01:48,0.0017792406724765,0.4655487835407257,30.8828125,0.0006285674171522,0.4858356714248657,26.0625,30.29315185546875,0.4454046189785003,1018.0008792877196,19.931781768798828
2024-04-10 13:01:49,0.0017792406724765,0.4655487835407257,30.8828125,0.0007094836910255,0.6477808952331543,26.0546875,30.29315185546875,0.4454046189785003,1018.0598449707032,19.931781768798828
2024-04-10 13:01:50,0.0017792406724765,0.4655487835407257,30.8828125,0.0007094836910255,0.6477808952331543,26.0546875,30.29315185546875,0.4454046189785003,1018.0598449707032,19.931781768798828
2024-04-10 13:01:51,0.0017792406724765,0.4655487835407257,30.8828125,0.0007094836910255,0.6477808952331543,26.0546875,30.29315185546875,0.4454046189785003,1018.0598449707032,19.931781768798828
2024-04-10 13:01:52,0.0017792406724765,0.4655487835407257,30.8828125,0.0007094836910255,0.6477808952331543,26.0546875,30.36944580078125,0.4454046189785003,1018.0598449707032,19.931781768798828
2024-04-10 13:01:53,0.0017792406724765,0.4655487835407257,30.8828125,0.0007094836910255,0.6477808952331543,26.0546875,30.36944580078125,0.4454046189785003,1018.0598449707032,19.93865966796875
2024-04-10 13:01:54,0.0017792406724765,0.4655487835407257,30.8828125,0.0007094836910255,0.6477808952331543,26.0546875,30.36944580078125,0.4454046189785003,1018.0598449707032,19.93865966796875
2024-04-10 13:01:55,0.0017792406724765,0.4655487835407257,30.8828125,0.0007094836910255,0.6477808952331543,26.0546875,30.36944580078125,0.4454046189785003,1018.0598449707032,19.93865966796875
2024-04-10 13:01:56,0.0017792406724765,0.4655487835407257,30.8828125,0.0004794374981429,0.5263220071792603,26.0546875,30.36944580078125,0.4454046189785003,1018.0598449707032,19.93865966796875
2024-04-10 13:01:57,0.0018320676172152,0.4267530441284179,30.921875,0.0004794374981429,0.5263220071792603,26.0546875,30.36944580078125,0.4454046189785003,1018.0598449707032,19.93865966796875
2024-04-10 13:01:58,0.0018320676172152,0.4267530441284179,30.921875,0.0004794374981429,0.5263220071792603,26.0546875,30.36944580078125,0.4454046189785003,1018.0234813690186,19.93865966796875
2024-04-10 13:01:59,0.0018320676172152,0.4267530441284179,30.921875,0.0004794374981429,0.5263220071792603,26.0546875,30.36944580078125,0.4454046189785003,1018.0234813690186,19.93865966796875
2024-04-10 13:02:00,0.0018320676172152,0.4267530441284179,30.921875,0.0004794374981429,0.5263220071792603,26.0546875,30.4921875,0.4454046189785003,1018.0234813690186,19.93865966796875
2024-04-10 13:02:01,0.0018320676172152,0.4267530441284179,30.921875,0.0004794374981429,0.5263220071792603,26.0546875,30.4921875,0.4454046189785003,1018.0234813690186,19.93865966796875
2024-04-10 13:02:02,0.0018320676172152,0.4267530441284179,30.921875,0.0004794374981429,0.5263220071792603,26.0546875,30.4921875,0.4454046189785003,1018.0234813690186,19.93865966796875
2024-04-10 13:02:03,0.0018320676172152,0.4267530441284179,30.921875,0.0004794374981429,0.5263220071792603,26.0546875,30.4921875,0.4454046189785003,1018.0234813690186,19.94254493713379
2024-04-10 13:02:04,0.0013098231283947,0.4267530441284179,30.9375,0.0004731266817543,0.5263220071792603,26.03125,30.4921875,0.4454046189785003,1018.0234813690186,19.94254493713379
2024-04-10 13:02:05,0.0013098231283947,0.4267530441284179,30.9375,0.0004731266817543,0.5263220071792603,26.03125,30.4921875,0.4454046189785003,1018.0234813690186,19.94254493713379
2024-04-10 13:02:06,0.0013098231283947,0.4267530441284179,30.9375,0.0004731266817543,0.5263220071792603,26.03125,30.4921875,0.4454046189785003,1018.0820751190186,19.94254493713379
2024-04-10 13:02:07,0.0013098231283947,0.4267530441284179,30.9375,0.0004731266817543,0.5263220071792603,26.03125,30.4921875,0.4454046189785003,1018.0820751190186,19.94254493713379
2024-04-10 13:02:08,0.0013098231283947,0.4267530441284179,30.9375,0.0004731266817543,0.5263220071792603,26.03125,30.49896240234375,0.4454046189785003,1018.0820751190186,19.94254493713379
2024-04-10 13:02:09,0.0013098231283947,0.4267530441284179,30.9375,0.0004731266817543,0.5263220071792603,26.03125,30.49896240234375,0.4454046189785003,1018.0820751190186,19.94254493713379
2024-04-10 13:02:10,0.0013098231283947,0.4267530441284179,30.9375,0.0004731266817543,0.5263220071792603,26.03125,30.49896240234375,0.4454046189785003,1018.0820751190186,19.942705154418945
2024-04-10 13:02:11,0.0013098231283947,0.4267530441284179,30.9375,0.0004731266817543,0.5263220071792603,26.03125,30.49896240234375,0.4454046189785003,1018.0820751190186,19.942705154418945
2024-04-10 13:02:12,0.0013098231283947,0.4267530441284179,30.9375,0.0004731266817543,0.5263220071792603,26.03125,30.49896240234375,0.4454046189785003,1018.0820751190186,19.942705154418945
2024-04-10 13:02:13,0.0011608423665165,0.5431402325630188,30.984375,0.0003959003952331,0.4858356714248657,26.0078125,30.49896240234375,0.4454046189785003,1018.029146194458,19.942705154418945
2024-04-10 13:02:14,0.0011608423665165,0.5431402325630188,30.984375,0.0003959003952331,0.4858356714248657,26.0078125,30.49896240234375,0.4454046189785003,1018.029146194458,19.942705154418945
2024-04-10 13:02:15,0.0011608423665165,0.5431402325630188,30.984375,0.0003959003952331,0.4858356714248657,26.0078125,30.49896240234375,0.4454046189785003,1018.029146194458,19.942705154418945
2024-04-10 13:02:16,0.0011608423665165,0.5431402325630188,30.984375,0.0003959003952331,0.4858356714248657,26.0078125,30.431793212890625,0.4454046189785003,1018.029146194458,19.942705154418945
2024-04-10 13:02:17,0.0011608423665165,0.5431402325630188,30.984375,0.0003959003952331,0.4858356714248657,26.0078125,30.431793212890625,0.4454046189785003,1018.029146194458,19.942705154418945
2024-04-10 13:02:18,0.0011608423665165,0.5431402325630188,30.984375,0.0003959003952331,0.4858356714248657,26.0078125,30.431793212890625,0.4454046189785003,1018.029146194458,19.95316505432129
2024-04-10 13:02:19,0.0011608423665165,0.5431402325630188,30.984375,0.0003959003952331,0.4858356714248657,26.0078125,30.431793212890625,0.4454046189785003,1018.029146194458,19.95316505432129
2024-04-10 13:02:20,0.001678901608102,0.4655487835407257,31.015625,0.0003959003952331,0.4858356714248657,26.0078125,30.431793212890625,0.4454046189785003,1018.029146194458,19.95316505432129
2024-04-10 13:02:21,0.001678901608102,0.4655487835407257,31.015625,0.0005807444103993,0.5263220071792603,25.984375,30.431793212890625,0.4454046189785003,1018.029146194458,19.95316505432129
2024-04-10 13:02:22,0.001678901608102,0.4655487835407257,31.015625,0.0005807444103993,0.5263220071792603,25.984375,30.431793212890625,0.4454046189785003,1018.0578136444092,19.95316505432129
2024-04-10 13:02:23,0.001678901608102,0.4655487835407257,31.015625,0.0005807444103993,0.5263220071792603,25.984375,30.431793212890625,0.4454046189785003,1018.0578136444092,19.95316505432129
2024-04-10 13:02:24,0.001678901608102,0.4655487835407257,31.015625,0.0005807444103993,0.5263220071792603,25.984375,30.431793212890625,0.4454046189785003,1018.0578136444092,19.95316505432129
2024-04-10 13:02:25,0.001678901608102,0.4655487835407257,31.015625,0.0005807444103993,0.5263220071792603,25.984375,30.431793212890625,0.4454046189785003,1018.0578136444092,19.95316505432129
2024-04-10 13:02:26,0.001678901608102,0.4655487835407257,31.015625,0.0005807444103993,0.5263220071792603,25.984375,30.262115478515625,0.4454046189785003,1018.0578136444092,19.95265007019043
2024-04-10 13:02:27,0.001678901608102,0.4655487835407257,31.015625,0.0005807444103993,0.5263220071792603,25.984375,30.262115478515625,0.4454046189785003,1018.0578136444092,19.95265007019043
2024-04-10 13:02:28,0.001678901608102,0.4655487835407257,31.015625,0.0005807444103993,0.5263220071792603,25.984375,30.262115478515625,0.4454046189785003,1018.0578136444092,19.95265007019043
2024-04-10 13:02:29,0.0013704550219699,0.4267530441284179,31.046875,0.0005050917970947,0.4858356714248657,25.9921875,30.262115478515625,0.4502995908260345,1018.0578136444092,19.95265007019043
2024-04-10 13:02:30,0.0013704550219699,0.4267530441284179,31.046875,0.0005050917970947,0.4858356714248657,25.9921875,30.262115478515625,0.4502995908260345,1018.0690002441406,19.95265007019043
2024-04-10 13:02:31,0.0013704550219699,0.4267530441284179,31.046875,0.0005050917970947,0.4858356714248657,25.9921875,30.22592163085937,0.4502995908260345,1018.0690002441406,19.95265007019043
2024-04-10 13:02:32,0.0013704550219699,0.4267530441284179,31.046875,0.0005050917970947,0.4858356714248657,25.9921875,30.22592163085937,0.4502995908260345,1018.0690002441406,19.95265007019043
2024-04-10 13:02:33,0.0013704550219699,0.4267530441284179,31.046875,0.0005050917970947,0.4858356714248657,25.9921875,30.22592163085937,0.4502995908260345,1018.0690002441406,19.95265007019043
2024-04-10 13:02:34,0.0013704550219699,0.4267530441284179,31.046875,0.0005050917970947,0.4858356714248657,25.9921875,30.22592163085937,0.4502995908260345,1018.0690002441406,19.9534854888916
2024-04-10 13:02:35,0.0013704550219699,0.4267530441284179,31.046875,0.0005050917970947,0.4858356714248657,25.9921875,30.22592163085937,0.4502995908260345,1018.0690002441406,19.9534854888916
2024-04-10 13:02:36,0.0010732569498941,0.4267530441284179,31.03125,0.0004534178588073,0.4858356714248657,25.9609375,30.22592163085937,0.4502995908260345,1018.0690002441406,19.9534854888916
2024-04-10 13:02:37,0.0010732569498941,0.4267530441284179,31.03125,0.0004534178588073,0.4858356714248657,25.9609375,30.22592163085937,0.4502995908260345,1018.0432224273682,19.9534854888916
2024-04-10 13:02:38,0.0010732569498941,0.4267530441284179,31.03125,0.0004534178588073,0.4858356714248657,25.9609375,30.22592163085937,0.4502995908260345,1018.0432224273682,19.9534854888916
2024-04-10 13:02:39,0.0010732569498941,0.4267530441284179,31.03125,0.0004534178588073,0.4858356714248657,25.9609375,30.1826171875,0.4502995908260345,1018.0432224273682,19.9534854888916
2024-04-10 13:02:40,0.0010732569498941,0.4267530441284179,31.03125,0.0004534178588073,0.4858356714248657,25.9609375,30.1826171875,0.4502995908260345,1018.0432224273682,19.9534854888916
2024-04-10 13:02:41,0.0010732569498941,0.4267530441284179,31.03125,0.0004534178588073,0.4858356714248657,25.9609375,30.1826171875,0.4502995908260345,1018.0432224273682,19.9534854888916
2024-04-10 13:02:42,0.0010732569498941,0.4267530441284179,31.03125,0.0004534178588073,0.4858356714248657,25.9609375,30.1826171875,0.4502995908260345,1018.0432224273682,19.95216941833496
2024-04-10 13:02:43,0.0010732569498941,0.4267530441284179,31.03125,0.0004534178588073,0.4858356714248657,25.9609375,30.1826171875,0.4502995908260345,1018.0432224273682,19.95216941833496
2024-04-10 13:02:44,0.0010062968358397,0.4655487835407257,31.0625,0.0004534178588073,0.4858356714248657,25.9609375,30.1826171875,0.4502995908260345,1018.0432224273682,19.95216941833496
2024-04-10 13:02:45,0.0010062968358397,0.4655487835407257,31.0625,0.000407541549066,0.4858356714248657,25.9453125,30.1826171875,0.4502995908260345,1018.0432224273682,19.95216941833496
2024-04-10 13:02:46,0.0010062968358397,0.4655487835407257,31.0625,0.000407541549066,0.4858356714248657,25.9453125,30.1396484375,0.4502995908260345,1018.0432224273682,19.95216941833496
2024-04-10 13:02:47,0.0010062968358397,0.4655487835407257,31.0625,0.000407541549066,0.4858356714248657,25.9453125,30.1396484375,0.4502995908260345,1018.0593013763428,19.95216941833496
2024-04-10 13:02:48,0.0010062968358397,0.4655487835407257,31.0625,0.000407541549066,0.4858356714248657,25.9453125,30.1396484375,0.4502995908260345,1018.0593013763428,19.95216941833496
2024-04-10 13:02:49,0.0010062968358397,0.4655487835407257,31.0625,0.000407541549066,0.4858356714248657,25.9453125,30.1396484375,0.4502995908260345,1018.0593013763428,19.95216941833496
2024-04-10 13:02:50,0.0010062968358397,0.4655487835407257,31.0625,0.000407541549066,0.4858356714248657,25.9453125,30.1396484375,0.4502995908260345,1018.0593013763428,19.95216941833496
2024-04-10 13:02:51,0.0010062968358397,0.4655487835407257,31.0625,0.000407541549066,0.4858356714248657,25.9453125,30.1396484375,0.4502995908260345,1018.0593013763428,19.9527530670166
2024-04-10 13:02:52,0.0010062968358397,0.4655487835407257,31.0625,0.000407541549066,0.4858356714248657,25.9453125,30.1396484375,0.4502995908260345,1018.0593013763428,19.9527530670166
2024-04-10 13:02:53,0.001443344168365,0.5043445229530334,31.09375,0.0005890700267627,0.5263220071792603,25.9375,30.1396484375,0.4502995908260345,1018.0593013763428,19.9527530670166
2024-04-10 13:02:54,0.001443344168365,0.5043445229530334,31.09375,0.0005890700267627,0.5263220071792603,25.9375,30.1396484375,0.4502995908260345,1018.02339553833,19.9527530670166
2024-04-10 13:02:55,0.001443344168365,0.5043445229530334,31.09375,0.0005890700267627,0.5263220071792603,25.9375,30.1396484375,0.4502995908260345,1018.02339553833,19.9527530670166
2024-04-10 13:02:56,0.001443344168365,0.5043445229530334,31.09375,0.0005890700267627,0.5263220071792603,25.9375,30.1396484375,0.4502995908260345,1018.02339553833,19.9527530670166
2024-04-10 13:02:57,0.001443344168365,0.5043445229530334,31.09375,0.0005890700267627,0.5263220071792603,25.9375,30.23251342773437,0.4502995908260345,1018.02339553833,19.96803092956543
2024-04-10 13:02:58,0.001443344168365,0.5043445229530334,31.09375,0.0005890700267627,0.5263220071792603,25.9375,30.23251342773437,0.4502995908260345,1018.02339553833,19.96803092956543
2024-04-10 13:02:59,0.001443344168365,0.5043445229530334,31.09375,0.0005890700267627,0.5263220071792603,25.9375,30.23251342773437,0.4502995908260345,1018.02339553833,19.96803092956543
2024-04-10 13:03:00,0.001443344168365,0.5043445229530334,31.09375,0.0005890700267627,0.5263220071792603,25.9375,30.23251342773437,0.4502995908260345,1018.02339553833,19.96803092956543
2024-04-10 13:03:01,0.0014344088267534,0.4655487835407257,31.1015625,0.0005890700267627,0.5263220071792603,25.9375,30.23251342773437,0.4502995908260345,1018.02339553833,19.96803092956543
2024-04-10 13:03:02,0.0014344088267534,0.4655487835407257,31.1015625,0.0004747280618175,0.5263220071792603,25.921875,30.23251342773437,0.4502995908260345,1018.02339553833,19.96803092956543
2024-04-10 13:03:03,0.0014344088267534,0.4655487835407257,31.1015625,0.0004747280618175,0.5263220071792603,25.921875,30.18661499023437,0.4502995908260345,1018.032808303833,19.96803092956543
2024-04-10 13:03:04,0.0014344088267534,0.4655487835407257,31.1015625,0.0004747280618175,0.5263220071792603,25.921875,30.18661499023437,0.4502995908260345,1018.032808303833,19.96803092956543
2024-04-10 13:03:05,0.0014344088267534,0.4655487835407257,31.1015625,0.0004747280618175,0.5263220071792603,25.921875,30.18661499023437,0.4502995908260345,1018.032808303833,19.96803092956543
2024-04-10 13:03:06,0.0014344088267534,0.4655487835407257,31.1015625,0.0004747280618175,0.5263220071792603,25.921875,30.18661499023437,0.4502995908260345,1018.032808303833,19.96803092956543
2024-04-10 13:03:07,0.0014344088267534,0.4655487835407257,31.1015625,0.0004747280618175,0.5263220071792603,25.921875,30.18661499023437,0.4502995908260345,1018.032808303833,19.961009979248047
2024-04-10 13:03:08,0.0014344088267534,0.4655487835407257,31.1015625,0.0004747280618175,0.5263220071792603,25.921875,30.18661499023437,0.4502995908260345,1018.032808303833,19.961009979248047
2024-04-10 13:03:09,0.0014344088267534,0.4655487835407257,31.1015625,0.0004747280618175,0.5263220071792603,25.921875,30.18661499023437,0.4502995908260345,1018.032808303833,19.961009979248047
2024-04-10 13:03:10,0.0014344088267534,0.4655487835407257,31.1015625,0.0004747280618175,0.5263220071792603,25.921875,30.18661499023437,0.4502995908260345,1018.032808303833,19.961009979248047
2024-04-10 13:03:11,0.0014344088267534,0.4655487835407257,31.1015625,0.0005939620314165,0.56680828332901,25.8984375,30.18661499023437,0.4502995908260345,1018.0105781555176,19.961009979248047
2024-04-10 13:03:12,0.0013844498898833,0.5431402325630188,31.125,0.0005939620314165,0.56680828332901,25.8984375,30.238983154296875,0.4502995908260345,1018.0105781555176,19.961009979248047
2024-04-10 13:03:13,0.0013844498898833,0.5431402325630188,31.125,0.0005939620314165,0.56680828332901,25.8984375,30.238983154296875,0.4502995908260345,1018.0105781555176,19.961009979248047
2024-04-10 13:03:14,0.0013844498898833,0.5431402325630188,31.125,0.0005939620314165,0.56680828332901,25.8984375,30.238983154296875,0.4502995908260345,1018.0105781555176,19.961009979248047
2024-04-10 13:03:15,0.0013844498898833,0.5431402325630188,31.125,0.0005939620314165,0.56680828332901,25.8984375,30.238983154296875,0.4502995908260345,1018.0105781555176,19.954795837402344
2024-04-10 13:03:16,0.0013844498898833,0.5431402325630188,31.125,0.0005939620314165,0.56680828332901,25.8984375,30.238983154296875,0.4502995908260345,1018.0105781555176,19.954795837402344
2024-04-10 13:03:17,0.0013844498898833,0.5431402325630188,31.125,0.0003386997268535,0.56680828332901,25.8828125,30.238983154296875,0.4502995908260345,1018.0105781555176,19.954795837402344
2024-04-10 13:03:18,0.001564152771607,0.4267530441284179,31.1875,0.0003386997268535,0.56680828332901,25.8828125,30.238983154296875,0.4502995908260345,1018.041820526123,19.954795837402344
2024-04-10 13:03:19,0.001564152771607,0.4267530441284179,31.1875,0.0003386997268535,0.56680828332901,25.8828125,30.238983154296875,0.4502995908260345,1018.041820526123,19.954795837402344
2024-04-10 13:03:20,0.001564152771607,0.4267530441284179,31.1875,0.0003386997268535,0.56680828332901,25.8828125,30.1072998046875,0.4502995908260345,1018.041820526123,19.954795837402344
2024-04-10 13:03:21,0.001564152771607,0.4267530441284179,31.1875,0.0003386997268535,0.56680828332901,25.8828125,30.1072998046875,0.4502995908260345,1018.041820526123,19.954795837402344
2024-04-10 13:03:22,0.001564152771607,0.4267530441284179,31.1875,0.0003386997268535,0.56680828332901,25.8828125,30.1072998046875,0.4502995908260345,1018.041820526123,19.954795837402344
2024-04-10 13:03:23,0.001564152771607,0.4267530441284179,31.1875,0.0003386997268535,0.56680828332901,25.8828125,30.1072998046875,0.4502995908260345,1018.041820526123,19.939254760742188
2024-04-10 13:03:24,0.001564152771607,0.4267530441284179,31.1875,0.000456100970041,0.5263220071792603,25.8671875,30.1072998046875,0.4502995908260345,1018.041820526123,19.939254760742188
2024-04-10 13:03:25,0.0011842765379697,0.4655487835407257,31.1875,0.000456100970041,0.5263220071792603,25.8671875,30.1072998046875,0.4502995908260345,1018.0237674713136,19.939254760742188
2024-04-10 13:03:26,0.0011842765379697,0.4655487835407257,31.1875,0.000456100970041,0.5263220071792603,25.8671875,30.1072998046875,0.4502995908260345,1018.0237674713136,19.939254760742188
2024-04-10 13:03:27,0.0011842765379697,0.4655487835407257,31.1875,0.000456100970041,0.5263220071792603,25.8671875,30.016082763671875,0.4502995908260345,1018.0237674713136,19.939254760742188
2024-04-10 13:03:28,0.0011842765379697,0.4655487835407257,31.1875,0.000456100970041,0.5263220071792603,25.8671875,30.016082763671875,0.4502155780792236,1018.0237674713136,19.939254760742188
2024-04-10 13:03:29,0.0011842765379697,0.4655487835407257,31.1875,0.000456100970041,0.5263220071792603,25.8671875,30.016082763671875,0.4502155780792236,1018.0237674713136,19.939254760742188
2024-04-10 13:03:30,0.0011842765379697,0.4655487835407257,31.1875,0.000456100970041,0.5263220071792603,25.8671875,30.016082763671875,0.4502155780792236,1018.0237674713136,19.929933547973636
2024-04-10 13:03:31,0.0011842765379697,0.4655487835407257,31.1875,0.000456100970041,0.5263220071792603,25.8671875,30.016082763671875,0.4502155780792236,1018.0237674713136,19.929933547973636
2024-04-10 13:03:32,0.0011842765379697,0.4655487835407257,31.1875,0.000456100970041,0.5263220071792603,25.8671875,30.016082763671875,0.4502155780792236,1018.0237674713136,19.929933547973636
2024-04-10 13:03:33,0.0011708954116329,0.4267530441284179,31.203125,0.0006838284316472,0.4858356714248657,25.859375,30.016082763671875,0.4502155780792236,1018.0340385437012,19.929933547973636
2024-04-10 13:03:34,0.0011708954116329,0.4267530441284179,31.203125,0.0006838284316472,0.4858356714248657,25.859375,30.016082763671875,0.4502155780792236,1018.0340385437012,19.929933547973636
2024-04-10 13:03:35,0.0011708954116329,0.4267530441284179,31.203125,0.0006838284316472,0.4858356714248657,25.859375,30.016082763671875,0.4502155780792236,1018.0340385437012,19.929933547973636
2024-04-10 13:03:36,0.0011708954116329,0.4267530441284179,31.203125,0.0006838284316472,0.4858356714248657,25.859375,30.016082763671875,0.4502155780792236,1018.0340385437012,19.929933547973636
2024-04-10 13:03:37,0.0011708954116329,0.4267530441284179,31.203125,0.0006838284316472,0.4858356714248657,25.859375,30.0028076171875,0.4502155780792236,1018.0340385437012,19.929933547973636
2024-04-10 13:03:38,0.0011708954116329,0.4267530441284179,31.203125,0.0006838284316472,0.4858356714248657,25.859375,30.0028076171875,0.4502155780792236,1018.0340385437012,19.92098426818848
2024-04-10 13:03:39,0.0011708954116329,0.4267530441284179,31.203125,0.0006838284316472,0.4858356714248657,25.859375,30.0028076171875,0.4502155780792236,1018.0340385437012,19.92098426818848
2024-04-10 13:03:40,0.0014338433975353,0.4267530441284179,31.234375,0.0005114166997373,0.4858356714248657,25.859375,30.0028076171875,0.4502155780792236,1018.0340385437012,19.92098426818848
2024-04-10 13:03:41,0.0014338433975353,0.4267530441284179,31.234375,0.0005114166997373,0.5263220071792603,25.8515625,30.0028076171875,0.4502155780792236,1018.0340385437012,19.92098426818848
2024-04-10 13:03:42,0.0014338433975353,0.4267530441284179,31.234375,0.0005114166997373,0.5263220071792603,25.8515625,30.0028076171875,0.4502155780792236,1018.0247402191162,19.92098426818848
2024-04-10 13:03:43,0.0014338433975353,0.4267530441284179,31.234375,0.0005114166997373,0.5263220071792603,25.8515625,29.942169189453125,0.4502155780792236,1018.0247402191162,19.92098426818848
2024-04-10 13:03:44,0.0014338433975353,0.4267530441284179,31.234375,0.0005114166997373,0.5263220071792603,25.8515625,29.942169189453125,0.4502155780792236,1018.0247402191162,19.92098426818848
2024-04-10 13:03:45,0.0014338433975353,0.4267530441284179,31.234375,0.0005114166997373,0.5263220071792603,25.8515625,29.942169189453125,0.4502155780792236,1018.0247402191162,19.92098426818848
2024-04-10 13:03:46,0.0014338433975353,0.4267530441284179,31.234375,0.0005114166997373,0.5263220071792603,25.8515625,29.942169189453125,0.4502155780792236,1018.0247402191162,19.92536163330078
2024-04-10 13:03:47,0.0014338433975353,0.4267530441284179,31.234375,0.0005114166997373,0.5263220071792603,25.8515625,29.942169189453125,0.4502155780792236,1018.0247402191162,19.92536163330078
2024-04-10 13:03:48,0.0016354790423065,0.4267530441284179,31.2109375,0.0003683158720377,0.4858356714248657,25.796875,29.942169189453125,0.4502155780792236,1018.0247402191162,19.92536163330078
2024-04-10 13:03:49,0.0016354790423065,0.4267530441284179,31.2109375,0.0003683158720377,0.4858356714248657,25.796875,29.942169189453125,0.4502155780792236,1018.0247402191162,19.92536163330078
2024-04-10 13:03:50,0.0016354790423065,0.4267530441284179,31.2109375,0.0003683158720377,0.4858356714248657,25.796875,29.948638916015625,0.4502155780792236,1018.0247402191162,19.92536163330078
2024-04-10 13:03:51,0.0016354790423065,0.4267530441284179,31.2109375,0.0003683158720377,0.4858356714248657,25.796875,29.948638916015625,0.4502155780792236,1018.0099773406982,19.92536163330078
2024-04-10 13:03:52,0.0016354790423065,0.4267530441284179,31.2109375,0.0003683158720377,0.4858356714248657,25.796875,29.948638916015625,0.4502155780792236,1018.0099773406982,19.92536163330078
2024-04-10 13:03:53,0.0016354790423065,0.4267530441284179,31.2109375,0.0003683158720377,0.4858356714248657,25.796875,29.948638916015625,0.4502155780792236,1018.0099773406982,19.906736373901367
2024-04-10 13:03:54,0.0016354790423065,0.4267530441284179,31.2109375,0.0003683158720377,0.4858356714248657,25.796875,29.948638916015625,0.4502155780792236,1018.0099773406982,19.906736373901367
2024-04-10 13:03:55,0.0016354790423065,0.4267530441284179,31.2109375,0.0003683158720377,0.4858356714248657,25.796875,29.948638916015625,0.4502155780792236,1018.0099773406982,19.906736373901367
2024-04-10 13:03:56,0.0013212021440267,0.4655487835407257,31.203125,0.0003741509572137,0.5263220071792603,25.7734375,29.948638916015625,0.4502155780792236,1018.0099773406982,19.906736373901367
2024-04-10 13:03:57,0.0013212021440267,0.4655487835407257,31.203125,0.0003741509572137,0.5263220071792603,25.7734375,29.948638916015625,0.4502155780792236,1018.0099773406982,19.906736373901367
2024-04-10 13:03:58,0.0013212021440267,0.4655487835407257,31.203125,0.0003741509572137,0.5263220071792603,25.7734375,29.948638916015625,0.4502155780792236,1018.0099773406982,19.906736373901367
2024-04-10 13:03:59,0.0013212021440267,0.4655487835407257,31.203125,0.0003741509572137,0.5263220071792603,25.7734375,29.948638916015625,0.4502155780792236,1018.0245399475098,19.906736373901367
2024-04-10 13:04:00,0.0013212021440267,0.4655487835407257,31.203125,0.0003741509572137,0.5263220071792603,25.7734375,29.948638916015625,0.4502155780792236,1018.0245399475098,19.906736373901367
2024-04-10 13:04:01,0.0013212021440267,0.4655487835407257,31.203125,0.0003741509572137,0.5263220071792603,25.7734375,29.75311279296875,0.4502155780792236,1018.0245399475098,19.906736373901367
2024-04-10 13:04:02,0.0013212021440267,0.4655487835407257,31.203125,0.0003741509572137,0.5263220071792603,25.7734375,29.75311279296875,0.4502155780792236,1018.0245399475098,19.904848098754883
2024-04-10 13:04:03,0.0013212021440267,0.4655487835407257,31.203125,0.0003741509572137,0.5263220071792603,25.7734375,29.75311279296875,0.4502155780792236,1018.0245399475098,19.904848098754883
2024-04-10 13:04:04,0.0013212021440267,0.4655487835407257,31.203125,0.0003741509572137,0.5263220071792603,25.7734375,29.75311279296875,0.4502155780792236,1018.0245399475098,19.904848098754883
2024-04-10 13:04:05,0.0010900079505518,0.4655487835407257,31.2265625,0.0005308531108312,0.5263220071792603,25.75,29.75311279296875,0.4502155780792236,1018.0245399475098,19.904848098754883
2024-04-10 13:04:06,0.0010900079505518,0.4655487835407257,31.2265625,0.0005308531108312,0.5263220071792603,25.75,29.75311279296875,0.4502155780792236,1018.0543231964112,19.904848098754883
2024-04-10 13:04:07,0.0010900079505518,0.4655487835407257,31.2265625,0.0005308531108312,0.5263220071792603,25.75,29.75311279296875,0.4502155780792236,1018.0543231964112,19.904848098754883
2024-04-10 13:04:08,0.0010900079505518,0.4655487835407257,31.2265625,0.0005308531108312,0.5263220071792603,25.75,29.56234741210937,0.4502155780792236,1018.0543231964112,19.904848098754883
2024-04-10 13:04:09,0.0010900079505518,0.4655487835407257,31.2265625,0.0005308531108312,0.5263220071792603,25.75,29.56234741210937,0.4502155780792236,1018.0543231964112,19.904848098754883
2024-04-10 13:04:10,0.0010900079505518,0.4655487835407257,31.2265625,0.0005308531108312,0.5263220071792603,25.75,29.56234741210937,0.4502155780792236,1018.0543231964112,19.904848098754883
2024-04-10 13:04:11,0.0010900079505518,0.4655487835407257,31.2265625,0.0005308531108312,0.5263220071792603,25.75,29.56234741210937,0.4502155780792236,1018.0543231964112,19.88732147216797
2024-04-10 13:04:12,0.0017104587750509,0.5043445229530334,31.234375,0.0005308531108312,0.5263220071792603,25.75,29.56234741210937,0.4502155780792236,1018.0543231964112,19.88732147216797
2024-04-10 13:04:13,0.0017104587750509,0.5043445229530334,31.234375,0.0005010821041651,0.5263220071792603,25.734375,29.56234741210937,0.4502155780792236,1018.0543231964112,19.88732147216797
2024-04-10 13:04:14,0.0017104587750509,0.5043445229530334,31.234375,0.0005010821041651,0.5263220071792603,25.734375,29.56234741210937,0.4502155780792236,1018.0543231964112,19.88732147216797
2024-04-10 13:04:15,0.0017104587750509,0.5043445229530334,31.234375,0.0005010821041651,0.5263220071792603,25.734375,29.52850341796875,0.4502155780792236,1018.0543231964112,19.88732147216797
2024-04-10 13:04:16,0.0017104587750509,0.5043445229530334,31.234375,0.0005010821041651,0.5263220071792603,25.734375,29.52850341796875,0.4502155780792236,1018.0448818206788,19.88732147216797
2024-04-10 13:04:17,0.0017104587750509,0.5043445229530334,31.234375,0.0005010821041651,0.5263220071792603,25.734375,29.52850341796875,0.4502155780792236,1018.0448818206788,19.88732147216797
2024-04-10 13:04:18,0.0017104587750509,0.5043445229530334,31.234375,0.0005010821041651,0.5263220071792603,25.734375,29.52850341796875,0.4502155780792236,1018.0448818206788,19.88732147216797
2024-04-10 13:04:19,0.0017104587750509,0.5043445229530334,31.234375,0.0005010821041651,0.5263220071792603,25.734375,29.52850341796875,0.4502155780792236,1018.0448818206788,19.870967864990234
2024-04-10 13:04:20,0.0017104587750509,0.5043445229530334,31.234375,0.0005010821041651,0.5263220071792603,25.734375,29.52850341796875,0.4502155780792236,1018.0448818206788,19.870967864990234
2024-04-10 13:04:21,0.0013440405018627,0.5043445229530334,31.2265625,0.0003763318818528,0.56680828332901,25.703125,29.52850341796875,0.4502155780792236,1018.0448818206788,19.870967864990234
2024-04-10 13:04:22,0.0013440405018627,0.5043445229530334,31.2265625,0.0003763318818528,0.56680828332901,25.703125,29.52850341796875,0.4502155780792236,1018.0448818206788,19.870967864990234
2024-04-10 13:04:23,0.0013440405018627,0.5043445229530334,31.2265625,0.0003763318818528,0.56680828332901,25.703125,29.52850341796875,0.4502155780792236,1018.0544376373292,19.870967864990234
2024-04-10 13:04:24,0.0013440405018627,0.5043445229530334,31.2265625,0.0003763318818528,0.56680828332901,25.703125,29.65325927734375,0.4502155780792236,1018.0544376373292,19.870967864990234
2024-04-10 13:04:25,0.0013440405018627,0.5043445229530334,31.2265625,0.0003763318818528,0.56680828332901,25.703125,29.65325927734375,0.4502155780792236,1018.0544376373292,19.870967864990234
2024-04-10 13:04:26,0.0013440405018627,0.5043445229530334,31.2265625,0.0003763318818528,0.56680828332901,25.703125,29.65325927734375,0.4502155780792236,1018.0544376373292,19.870967864990234
2024-04-10 13:04:27,0.0013440405018627,0.5043445229530334,31.2265625,0.0003763318818528,0.56680828332901,25.703125,29.65325927734375,0.4461542963981628,1018.0544376373292,19.86153793334961
2024-04-10 13:04:28,0.0010455918963998,0.4655487835407257,31.2109375,0.0005066355806775,0.6072945594787598,25.6953125,29.65325927734375,0.4461542963981628,1018.0544376373292,19.86153793334961
2024-04-10 13:04:29,0.0010455918963998,0.4655487835407257,31.2109375,0.0005066355806775,0.6072945594787598,25.6953125,29.65325927734375,0.4461542963981628,1018.0544376373292,19.86153793334961
2024-04-10 13:04:30,0.0010455918963998,0.4655487835407257,31.2109375,0.0005066355806775,0.6072945594787598,25.6953125,29.65325927734375,0.4461542963981628,1018.063907623291,19.86153793334961
2024-04-10 13:04:31,0.0010455918963998,0.4655487835407257,31.2109375,0.0005066355806775,0.6072945594787598,25.6953125,29.771392822265625,0.4461542963981628,1018.063907623291,19.86153793334961
2024-04-10 13:04:32,0.0010455918963998,0.4655487835407257,31.2109375,0.0005066355806775,0.6072945594787598,25.6953125,29.771392822265625,0.4461542963981628,1018.063907623291,19.86153793334961
2024-04-10 13:04:33,0.0010455918963998,0.4655487835407257,31.2109375,0.0005066355806775,0.6072945594787598,25.6953125,29.771392822265625,0.4461542963981628,1018.063907623291,19.86153793334961
2024-04-10 13:04:34,0.0010455918963998,0.4655487835407257,31.2109375,0.0005066355806775,0.6072945594787598,25.6953125,29.771392822265625,0.4461542963981628,1018.063907623291,19.8557243347168
2024-04-10 13:04:35,0.0010455918963998,0.4655487835407257,31.2109375,0.0005066355806775,0.6072945594787598,25.6953125,29.771392822265625,0.4461542963981628,1018.063907623291,19.8557243347168
2024-04-10 13:04:36,0.0013777640415355,0.4655487835407257,31.2421875,0.0005066355806775,0.6072945594787598,25.6953125,29.771392822265625,0.4461542963981628,1018.063907623291,19.8557243347168
2024-04-10 13:04:37,0.0013777640415355,0.4655487835407257,31.2421875,0.0006109905662015,0.4858356714248657,25.671875,29.771392822265625,0.4461542963981628,1018.063907623291,19.8557243347168
2024-04-10 13:04:38,0.0013777640415355,0.4655487835407257,31.2421875,0.0006109905662015,0.4858356714248657,25.671875,29.771392822265625,0.4461542963981628,1018.063907623291,19.8557243347168
2024-04-10 13:04:39,0.0013777640415355,0.4655487835407257,31.2421875,0.0006109905662015,0.4858356714248657,25.671875,29.84967041015625,0.4461542963981628,1018.063907623291,19.8557243347168
2024-04-10 13:04:40,0.0013777640415355,0.4655487835407257,31.2421875,0.0006109905662015,0.4858356714248657,25.671875,29.84967041015625,0.4461542963981628,1018.113431930542,19.8557243347168
2024-04-10 13:04:41,0.0013777640415355,0.4655487835407257,31.2421875,0.0006109905662015,0.4858356714248657,25.671875,29.84967041015625,0.4461542963981628,1018.113431930542,19.841476440429688
2024-04-10 13:04:42,0.0013777640415355,0.4655487835407257,31.2421875,0.0006109905662015,0.4858356714248657,25.671875,29.84967041015625,0.4461542963981628,1018.113431930542,19.841476440429688
2024-04-10 13:04:43,0.0013777640415355,0.4655487835407257,31.2421875,0.0006109905662015,0.4858356714248657,25.671875,29.84967041015625,0.4461542963981628,1018.113431930542,19.841476440429688
2024-04-10 13:04:44,0.0010253898799419,0.4655487835407257,31.28125,0.0006109905662015,0.4858356714248657,25.671875,29.84967041015625,0.4461542963981628,1018.113431930542,19.841476440429688
2024-04-10 13:04:45,0.0010253898799419,0.4655487835407257,31.28125,0.0003491250972729,0.4858356714248657,25.671875,29.84967041015625,0.4461542963981628,1018.0535507202148,19.841476440429688
2024-04-10 13:04:46,0.0010253898799419,0.4655487835407257,31.28125,0.0003491250972729,0.4858356714248657,25.671875,29.84967041015625,0.4461542963981628,1018.0535507202148,19.841476440429688
2024-04-10 13:04:47,0.0010253898799419,0.4655487835407257,31.28125,0.0003491250972729,0.4858356714248657,25.671875,29.84967041015625,0.4461542963981628,1018.0535507202148,19.841476440429688
2024-04-10 13:04:48,0.0010253898799419,0.4655487835407257,31.28125,0.0003491250972729,0.4858356714248657,25.671875,29.84967041015625,0.4461542963981628,1018.0535507202148,19.841476440429688
2024-04-10 13:04:49,0.0010253898799419,0.4655487835407257,31.28125,0.0003491250972729,0.4858356714248657,25.671875,29.9677734375,0.4461542963981628,1018.0535507202148,19.841476440429688
2024-04-10 13:04:50,0.0010253898799419,0.4655487835407257,31.28125,0.0003491250972729,0.4858356714248657,25.671875,29.9677734375,0.4461542963981628,1018.0535507202148,19.83036994934082
2024-04-10 13:04:51,0.0010253898799419,0.4655487835407257,31.28125,0.0003491250972729,0.4858356714248657,25.671875,29.9677734375,0.4461542963981628,1018.0535507202148,19.83036994934082
2024-04-10 13:04:52,0.0010253898799419,0.4655487835407257,31.28125,0.0003491250972729,0.4858356714248657,25.671875,29.9677734375,0.4461542963981628,1018.0535507202148,19.83036994934082
2024-04-10 13:04:53,0.0012080868473276,0.4267530441284179,31.2578125,0.0005706980591639,0.4858356714248657,25.671875,29.9677734375,0.4461542963981628,1018.0535507202148,19.83036994934082
2024-04-10 13:04:54,0.0012080868473276,0.4267530441284179,31.2578125,0.0005706980591639,0.5263220071792603,25.6484375,29.9906005859375,0.4461542963981628,1018.0756664276124,19.83036994934082
2024-04-10 13:04:55,0.0012080868473276,0.4267530441284179,31.2578125,0.0005706980591639,0.5263220071792603,25.6484375,29.9906005859375,0.4461542963981628,1018.0756664276124,19.83036994934082
2024-04-10 13:04:56,0.0012080868473276,0.4267530441284179,31.2578125,0.0005706980591639,0.5263220071792603,25.6484375,29.9906005859375,0.4461542963981628,1018.0756664276124,19.83036994934082
2024-04-10 13:04:57,0.0012080868473276,0.4267530441284179,31.2578125,0.0005706980591639,0.5263220071792603,25.6484375,29.9906005859375,0.4461542963981628,1018.0756664276124,19.82275390625
2024-04-10 13:04:58,0.0012080868473276,0.4267530441284179,31.2578125,0.0005706980591639,0.5263220071792603,25.6484375,29.9906005859375,0.4461542963981628,1018.0756664276124,19.82275390625
2024-04-10 13:04:59,0.0012080868473276,0.4267530441284179,31.2578125,0.0005706980591639,0.5263220071792603,25.6484375,29.9906005859375,0.4461542963981628,1018.0756664276124,19.82275390625
2024-04-10 13:05:00,0.001211852999404,0.3879573345184326,31.2578125,0.0004895664751529,0.4858356714248657,25.6328125,29.9906005859375,0.4461542963981628,1018.0756664276124,19.82275390625
2024-04-10 13:05:01,0.001211852999404,0.3879573345184326,31.2578125,0.0004895664751529,0.4858356714248657,25.6328125,29.9906005859375,0.4461542963981628,1018.0756664276124,19.82275390625
2024-04-10 13:05:02,0.001211852999404,0.3879573345184326,31.2578125,0.0004895664751529,0.4858356714248657,25.6328125,29.9906005859375,0.4461542963981628,1018.0216217041016,19.82275390625
2024-04-10 13:05:03,0.001211852999404,0.3879573345184326,31.2578125,0.0004895664751529,0.4858356714248657,25.6328125,29.9906005859375,0.4461542963981628,1018.0216217041016,19.82275390625
2024-04-10 13:05:04,0.001211852999404,0.3879573345184326,31.2578125,0.0004895664751529,0.4858356714248657,25.6328125,29.9906005859375,0.4461542963981628,1018.0216217041016,19.82275390625
2024-04-10 13:05:05,0.001211852999404,0.3879573345184326,31.2578125,0.0004895664751529,0.4858356714248657,25.6328125,30.03915405273437,0.4461542963981628,1018.0216217041016,19.818416595458984
2024-04-10 13:05:06,0.001211852999404,0.3879573345184326,31.2578125,0.0004895664751529,0.4858356714248657,25.6328125,30.03915405273437,0.4461542963981628,1018.0216217041016,19.818416595458984
2024-04-10 13:05:07,0.001211852999404,0.3879573345184326,31.2578125,0.0004895664751529,0.4858356714248657,25.6328125,30.03915405273437,0.4461542963981628,1018.0216217041016,19.818416595458984
2024-04-10 13:05:08,0.0014098532265052,0.5043445229530334,31.328125,0.0004895664751529,0.4858356714248657,25.6328125,30.03915405273437,0.4461542963981628,1018.0216217041016,19.818416595458984
2024-04-10 13:05:09,0.0014098532265052,0.5043445229530334,31.328125,0.0004664299485739,0.56680828332901,25.6015625,30.03915405273437,0.4461542963981628,1018.0216217041016,19.818416595458984
2024-04-10 13:05:10,0.0014098532265052,0.5043445229530334,31.328125,0.0004664299485739,0.56680828332901,25.6015625,30.03915405273437,0.4461542963981628,1018.0216217041016,19.818416595458984
2024-04-10 13:05:11,0.0014098532265052,0.5043445229530334,31.328125,0.0004664299485739,0.56680828332901,25.6015625,30.03915405273437,0.4461542963981628,1018.0016231536864,19.818416595458984
2024-04-10 13:05:12,0.0014098532265052,0.5043445229530334,31.328125,0.0004664299485739,0.56680828332901,25.6015625,29.939666748046875,0.4461542963981628,1018.0016231536864,19.818416595458984
2024-04-10 13:05:13,0.0014098532265052,0.5043445229530334,31.328125,0.0004664299485739,0.56680828332901,25.6015625,29.939666748046875,0.4461542963981628,1018.0016231536864,19.818416595458984
2024-04-10 13:05:14,0.0014098532265052,0.5043445229530334,31.328125,0.0004664299485739,0.56680828332901,25.6015625,29.939666748046875,0.4461542963981628,1018.0016231536864,19.80561637878418
2024-04-10 13:05:15,0.0014098532265052,0.5043445229530334,31.328125,0.0004664299485739,0.56680828332901,25.6015625,29.939666748046875,0.4461542963981628,1018.0016231536864,19.80561637878418
2024-04-10 13:05:16,0.0014098532265052,0.5043445229530334,31.328125,0.0006195829482749,0.4858356714248657,25.5859375,29.939666748046875,0.4461542963981628,1018.0016231536864,19.80561637878418
2024-04-10 13:05:17,0.0010103239910677,0.4267530441284179,31.3046875,0.0006195829482749,0.4858356714248657,25.5859375,29.939666748046875,0.4461542963981628,1018.0016231536864,19.80561637878418
2024-04-10 13:05:18,0.0010103239910677,0.4267530441284179,31.3046875,0.0006195829482749,0.4858356714248657,25.5859375,29.939666748046875,0.4461542963981628,1017.921028137207,19.80561637878418
2024-04-10 13:05:19,0.0010103239910677,0.4267530441284179,31.3046875,0.0006195829482749,0.4858356714248657,25.5859375,29.939666748046875,0.4461542963981628,1017.921028137207,19.80561637878418
2024-04-10 13:05:20,0.0010103239910677,0.4267530441284179,31.3046875,0.0006195829482749,0.4858356714248657,25.5859375,29.824615478515625,0.4461542963981628,1017.921028137207,19.80561637878418
2024-04-10 13:05:21,0.0010103239910677,0.4267530441284179,31.3046875,0.0006195829482749,0.4858356714248657,25.5859375,29.824615478515625,0.4461542963981628,1017.921028137207,19.80561637878418
2024-04-10 13:05:22,0.0010103239910677,0.4267530441284179,31.3046875,0.0006195829482749,0.4858356714248657,25.5859375,29.824615478515625,0.4461542963981628,1017.921028137207,19.793045043945312
2024-04-10 13:05:23,0.0010103239910677,0.4267530441284179,31.3046875,0.0006195829482749,0.4858356714248657,25.5859375,29.824615478515625,0.4461542963981628,1017.921028137207,19.793045043945312
2024-04-10 13:05:24,0.0010103239910677,0.4267530441284179,31.3046875,0.0006195829482749,0.4858356714248657,25.5859375,29.824615478515625,0.4461542963981628,1017.921028137207,19.793045043945312
2024-04-10 13:05:25,0.0013636781368404,0.4655487835407257,31.3203125,0.0002978695847559,0.4858356714248657,25.5703125,29.824615478515625,0.4461542963981628,1017.921028137207,19.793045043945312
2024-04-10 13:05:26,0.0013636781368404,0.4655487835407257,31.3203125,0.0002978695847559,0.4858356714248657,25.5703125,29.824615478515625,0.4461542963981628,1018.0286026000977,19.793045043945312
2024-04-10 13:05:27,0.0013636781368404,0.4655487835407257,31.3203125,0.0002978695847559,0.4858356714248657,25.5703125,29.709747314453125,0.4461542963981628,1018.0286026000977,19.793045043945312
2024-04-10 13:05:28,0.0013636781368404,0.4655487835407257,31.3203125,0.0002978695847559,0.4858356714248657,25.5703125,29.709747314453125,0.4489822685718536,1018.0286026000977,19.793045043945312
2024-04-10 13:05:29,0.0013636781368404,0.4655487835407257,31.3203125,0.0002978695847559,0.4858356714248657,25.5703125,29.709747314453125,0.4489822685718536,1018.0286026000977,19.793045043945312
2024-04-10 13:05:30,0.0013636781368404,0.4655487835407257,31.3203125,0.0002978695847559,0.4858356714248657,25.5703125,29.709747314453125,0.4489822685718536,1018.0286026000977,19.793045043945312
2024-04-10 13:05:31,0.0013636781368404,0.4655487835407257,31.3203125,0.0002978695847559,0.4858356714248657,25.5703125,29.709747314453125,0.4489822685718536,1018.0286026000977,19.7897891998291
2024-04-10 13:05:32,0.0013635531067848,0.4267530441284179,31.3515625,0.0002978695847559,0.4858356714248657,25.5703125,29.709747314453125,0.4489822685718536,1018.0286026000977,19.7897891998291
2024-04-10 13:05:33,0.0013635531067848,0.4267530441284179,31.3515625,0.0003981103363912,0.5263220071792603,25.5859375,29.709747314453125,0.4489822685718536,1018.0527210235596,19.7897891998291
2024-04-10 13:05:34,0.0013635531067848,0.4267530441284179,31.3515625,0.0003981103363912,0.5263220071792603,25.5859375,29.709747314453125,0.4489822685718536,1018.0527210235596,19.7897891998291
2024-04-10 13:05:35,0.0013635531067848,0.4267530441284179,31.3515625,0.0003981103363912,0.5263220071792603,25.5859375,29.729888916015625,0.4489822685718536,1018.0527210235596,19.7897891998291
2024-04-10 13:05:36,0.0013635531067848,0.4267530441284179,31.3515625,0.0003981103363912,0.5263220071792603,25.5859375,29.729888916015625,0.4489822685718536,1018.0527210235596,19.7897891998291
2024-04-10 13:05:37,0.0013635531067848,0.4267530441284179,31.3515625,0.0003981103363912,0.5263220071792603,25.5859375,29.729888916015625,0.4489822685718536,1018.0527210235596,19.7897891998291
2024-04-10 13:05:38,0.0013635531067848,0.4267530441284179,31.3515625,0.0003981103363912,0.5263220071792603,25.5859375,29.729888916015625,0.4489822685718536,1018.0527210235596,19.777063369750977
2024-04-10 13:05:39,0.0013635531067848,0.4267530441284179,31.3515625,0.0003981103363912,0.5263220071792603,25.5859375,29.729888916015625,0.4489822685718536,1018.0527210235596,19.777063369750977
2024-04-10 13:05:40,0.0013635531067848,0.4267530441284179,31.3515625,0.0003981103363912,0.5263220071792603,25.5859375,29.729888916015625,0.4489822685718536,1018.0527210235596,19.777063369750977
2024-04-10 13:05:41,0.0013635531067848,0.4267530441284179,31.3515625,0.0004925489192828,0.5263220071792603,25.546875,29.729888916015625,0.4489822685718536,1018.0527210235596,19.777063369750977
2024-04-10 13:05:42,0.0013635531067848,0.4267530441284179,31.3515625,0.0004925489192828,0.5263220071792603,25.546875,29.729888916015625,0.4489822685718536,1018.0527210235596,19.777063369750977
2024-04-10 13:05:43,0.0009537904988974,0.4655487835407257,31.3359375,0.0004925489192828,0.5263220071792603,25.546875,29.70721435546875,0.4489822685718536,1018.0664253234864,19.777063369750977
2024-04-10 13:05:44,0.0009537904988974,0.4655487835407257,31.3359375,0.0004925489192828,0.5263220071792603,25.546875,29.70721435546875,0.4489822685718536,1018.0664253234864,19.777063369750977
2024-04-10 13:05:45,0.0009537904988974,0.4655487835407257,31.3359375,0.0004925489192828,0.5263220071792603,25.546875,29.70721435546875,0.4489822685718536,1018.0664253234864,19.777063369750977
2024-04-10 13:05:46,0.0009537904988974,0.4655487835407257,31.3359375,0.0004925489192828,0.5263220071792603,25.546875,29.70721435546875,0.4489822685718536,1018.0664253234864,19.74002456665039
2024-04-10 13:05:47,0.0009537904988974,0.4655487835407257,31.3359375,0.0004925489192828,0.5263220071792603,25.546875,29.70721435546875,0.4489822685718536,1018.0664253234864,19.74002456665039
2024-04-10 13:05:48,0.0009537904988974,0.4655487835407257,31.3359375,0.0004372942785266,0.5263220071792603,25.515625,29.70721435546875,0.4489822685718536,1018.0664253234864,19.74002456665039
2024-04-10 13:05:49,0.001436342834495,0.4655487835407257,31.328125,0.0004372942785266,0.5263220071792603,25.515625,29.70721435546875,0.4489822685718536,1018.0664253234864,19.74002456665039
2024-04-10 13:05:50,0.001436342834495,0.4655487835407257,31.328125,0.0004372942785266,0.5263220071792603,25.515625,29.70721435546875,0.4489822685718536,1018.0664253234864,19.74002456665039
2024-04-10 13:05:51,0.001436342834495,0.4655487835407257,31.328125,0.0004372942785266,0.5263220071792603,25.515625,29.7022705078125,0.4489822685718536,1018.0561256408693,19.74002456665039
2024-04-10 13:05:52,0.001436342834495,0.4655487835407257,31.328125,0.0004372942785266,0.5263220071792603,25.515625,29.7022705078125,0.4489822685718536,1018.0561256408693,19.74002456665039
2024-04-10 13:05:53,0.001436342834495,0.4655487835407257,31.328125,0.0004372942785266,0.5263220071792603,25.515625,29.7022705078125,0.4489822685718536,1018.0561256408693,19.71511650085449
2024-04-10 13:05:54,0.001436342834495,0.4655487835407257,31.328125,0.0004372942785266,0.5263220071792603,25.515625,29.7022705078125,0.4489822685718536,1018.0561256408693,19.71511650085449
2024-04-10 13:05:55,0.001436342834495,0.4655487835407257,31.328125,0.0004372942785266,0.5263220071792603,25.515625,29.7022705078125,0.4489822685718536,1018.0561256408693,19.71511650085449
2024-04-10 13:05:56,0.001436342834495,0.4655487835407257,31.328125,0.0004372942785266,0.5263220071792603,25.515625,29.7022705078125,0.4489822685718536,1018.0561256408693,19.71511650085449
2024-04-10 13:05:57,0.0017875718185678,0.4267530441284179,31.3203125,0.0004286080366,0.4858356714248657,25.484375,29.7022705078125,0.4489822685718536,1018.0561256408693,19.71511650085449
2024-04-10 13:05:58,0.0017875718185678,0.4267530441284179,31.3203125,0.0004286080366,0.4858356714248657,25.484375,29.7022705078125,0.4489822685718536,1018.0561256408693,19.71511650085449
2024-04-10 13:05:59,0.0017875718185678,0.4267530441284179,31.3203125,0.0004286080366,0.4858356714248657,25.484375,29.7022705078125,0.4489822685718536,1018.0345821380616,19.71511650085449
2024-04-10 13:06:00,0.0017875718185678,0.4267530441284179,31.3203125,0.0004286080366,0.4858356714248657,25.484375,29.7022705078125,0.4489822685718536,1018.0345821380616,19.71511650085449
2024-04-10 13:06:01,0.0017875718185678,0.4267530441284179,31.3203125,0.0004286080366,0.4858356714248657,25.484375,29.685791015625,0.4489822685718536,1018.0345821380616,19.696325302124023
2024-04-10 13:06:02,0.0017875718185678,0.4267530441284179,31.3203125,0.0004286080366,0.4858356714248657,25.484375,29.685791015625,0.4489822685718536,1018.0345821380616,19.696325302124023
2024-04-10 13:06:03,0.0017875718185678,0.4267530441284179,31.3203125,0.0004286080366,0.4858356714248657,25.484375,29.685791015625,0.4489822685718536,1018.0345821380616,19.696325302124023
2024-04-10 13:06:04,0.0013996153138577,0.4655487835407257,31.3671875,0.0004286080366,0.4858356714248657,25.484375,29.685791015625,0.4489822685718536,1018.0345821380616,19.696325302124023
2024-04-10 13:06:05,0.0013996153138577,0.4655487835407257,31.3671875,0.0012090873206034,0.6072945594787598,25.4765625,29.685791015625,0.4489822685718536,1018.0348110198976,19.696325302124023
2024-04-10 13:06:06,0.0013996153138577,0.4655487835407257,31.3671875,0.0012090873206034,0.6072945594787598,25.4765625,29.685791015625,0.4489822685718536,1018.0348110198976,19.696325302124023
2024-04-10 13:06:07,0.0013996153138577,0.4655487835407257,31.3671875,0.0012090873206034,0.6072945594787598,25.4765625,29.685791015625,0.4489822685718536,1018.0348110198976,19.696325302124023
2024-04-10 13:06:08,0.0013996153138577,0.4655487835407257,31.3671875,0.0012090873206034,0.6072945594787598,25.4765625,29.604705810546875,0.4489822685718536,1018.0348110198976,19.696325302124023
2024-04-10 13:06:09,0.0013996153138577,0.4655487835407257,31.3671875,0.0012090873206034,0.6072945594787598,25.4765625,29.604705810546875,0.4489822685718536,1018.0348110198976,19.6806697845459
2024-04-10 13:06:10,0.0013996153138577,0.4655487835407257,31.3671875,0.0012090873206034,0.6072945594787598,25.4765625,29.604705810546875,0.4489822685718536,1018.0348110198976,19.6806697845459
2024-04-10 13:06:11,0.0013996153138577,0.4655487835407257,31.3671875,0.0012090873206034,0.6072945594787598,25.4765625,29.604705810546875,0.4489822685718536,1018.0348110198976,19.6806697845459
2024-04-10 13:06:12,0.0013996153138577,0.4655487835407257,31.3671875,0.0003877317067235,0.56680828332901,25.4609375,29.604705810546875,0.4489822685718536,1018.0348110198976,19.6806697845459
2024-04-10 13:06:13,0.0018160796025767,0.4655487835407257,31.359375,0.0003877317067235,0.56680828332901,25.4609375,29.604705810546875,0.4489822685718536,1018.0348110198976,19.6806697845459
2024-04-10 13:06:14,0.0018160796025767,0.4655487835407257,31.359375,0.0003877317067235,0.56680828332901,25.4609375,29.604705810546875,0.4489822685718536,1018.0059146881104,19.6806697845459
2024-04-10 13:06:15,0.0018160796025767,0.4655487835407257,31.359375,0.0003877317067235,0.56680828332901,25.4609375,29.604705810546875,0.4489822685718536,1018.0059146881104,19.6806697845459
2024-04-10 13:06:16,0.0018160796025767,0.4655487835407257,31.359375,0.0003877317067235,0.56680828332901,25.4609375,29.355987548828125,0.4489822685718536,1018.0059146881104,19.6806697845459
2024-04-10 13:06:17,0.0018160796025767,0.4655487835407257,31.359375,0.0003877317067235,0.56680828332901,25.4609375,29.355987548828125,0.4489822685718536,1018.0059146881104,19.6806697845459
2024-04-10 13:06:18,0.0018160796025767,0.4655487835407257,31.359375,0.0003877317067235,0.56680828332901,25.4609375,29.355987548828125,0.4489822685718536,1018.0059146881104,19.6806697845459
2024-04-10 13:06:19,0.0018160796025767,0.4655487835407257,31.359375,0.0003877317067235,0.56680828332901,25.4609375,29.355987548828125,0.4489822685718536,1018.0059146881104,19.659469604492188
2024-04-10 13:06:20,0.0015094064874574,0.4655487835407257,31.3203125,0.000514417188242,0.5263220071792603,25.4453125,29.355987548828125,0.4489822685718536,1018.0059146881104,19.659469604492188
2024-04-10 13:06:21,0.0015094064874574,0.4655487835407257,31.3203125,0.000514417188242,0.5263220071792603,25.4453125,29.355987548828125,0.4489822685718536,1018.0059146881104,19.659469604492188
2024-04-10 13:06:22,0.0015094064874574,0.4655487835407257,31.3203125,0.000514417188242,0.5263220071792603,25.4453125,29.355987548828125,0.4489822685718536,1018.050947189331,19.659469604492188
2024-04-10 13:06:23,0.0015094064874574,0.4655487835407257,31.3203125,0.000514417188242,0.5263220071792603,25.4453125,29.355987548828125,0.4489822685718536,1018.050947189331,19.659469604492188
2024-04-10 13:06:24,0.0015094064874574,0.4655487835407257,31.3203125,0.000514417188242,0.5263220071792603,25.4453125,29.26727294921875,0.4489822685718536,1018.050947189331,19.659469604492188
2024-04-10 13:06:25,0.0015094064874574,0.4655487835407257,31.3203125,0.000514417188242,0.5263220071792603,25.4453125,29.26727294921875,0.4489822685718536,1018.050947189331,19.659469604492188
2024-04-10 13:06:26,0.0015094064874574,0.4655487835407257,31.3203125,0.000514417188242,0.5263220071792603,25.4453125,29.26727294921875,0.4489822685718536,1018.050947189331,19.635093688964844
2024-04-10 13:06:27,0.0015094064874574,0.4655487835407257,31.3203125,0.000514417188242,0.5263220071792603,25.4453125,29.26727294921875,0.4489822685718536,1018.050947189331,19.635093688964844
2024-04-10 13:06:28,0.0015094064874574,0.4655487835407257,31.3203125,0.000514417188242,0.5263220071792603,25.4453125,29.26727294921875,0.4489822685718536,1018.050947189331,19.635093688964844
2024-04-10 13:06:29,0.0014042180264368,0.5043445229530334,31.3671875,0.000416271504946,0.5263220071792603,25.3984375,29.26727294921875,0.4489822685718536,1018.0137252807616,19.635093688964844
2024-04-10 13:06:30,0.0014042180264368,0.5043445229530334,31.3671875,0.000416271504946,0.5263220071792603,25.3984375,29.26727294921875,0.4459294080734253,1018.0137252807616,19.635093688964844
2024-04-10 13:06:31,0.0014042180264368,0.5043445229530334,31.3671875,0.000416271504946,0.5263220071792603,25.3984375,29.26727294921875,0.4459294080734253,1018.0137252807616,19.635093688964844
2024-04-10 13:06:32,0.0014042180264368,0.5043445229530334,31.3671875,0.000416271504946,0.5263220071792603,25.3984375,29.34457397460937,0.4459294080734253,1018.0137252807616,19.635093688964844
2024-04-10 13:06:33,0.0014042180264368,0.5043445229530334,31.3671875,0.000416271504946,0.5263220071792603,25.3984375,29.34457397460937,0.4459294080734253,1018.0137252807616,19.635093688964844
2024-04-10 13:06:34,0.0014042180264368,0.5043445229530334,31.3671875,0.000416271504946,0.5263220071792603,25.3984375,29.34457397460937,0.4459294080734253,1018.0137252807616,19.62362098693848
2024-04-10 13:06:35,0.0014042180264368,0.5043445229530334,31.3671875,0.000416271504946,0.5263220071792603,25.3984375,29.34457397460937,0.4459294080734253,1018.0137252807616,19.62362098693848
2024-04-10 13:06:36,0.0016321766888722,0.3879573345184326,31.3046875,0.000416271504946,0.5263220071792603,25.3984375,29.34457397460937,0.4459294080734253,1018.0137252807616,19.62362098693848
2024-04-10 13:06:37,0.0016321766888722,0.3879573345184326,31.3046875,0.0003389439370948,0.5263220071792603,25.390625,29.34457397460937,0.4459294080734253,1018.0137252807616,19.62362098693848
2024-04-10 13:06:38,0.0016321766888722,0.3879573345184326,31.3046875,0.0003389439370948,0.5263220071792603,25.390625,29.34457397460937,0.4459294080734253,1018.0492877960204,19.62362098693848
2024-04-10 13:06:39,0.0016321766888722,0.3879573345184326,31.3046875,0.0003389439370948,0.5263220071792603,25.390625,29.34457397460937,0.4459294080734253,1018.0492877960204,19.62362098693848
2024-04-10 13:06:40,0.0016321766888722,0.3879573345184326,31.3046875,0.0003389439370948,0.5263220071792603,25.390625,29.34457397460937,0.4459294080734253,1018.0492877960204,19.62362098693848
2024-04-10 13:06:41,0.0016321766888722,0.3879573345184326,31.3046875,0.0003389439370948,0.5263220071792603,25.390625,29.34457397460937,0.4459294080734253,1018.0492877960204,19.62362098693848
2024-04-10 13:06:42,0.0016321766888722,0.3879573345184326,31.3046875,0.0003389439370948,0.5263220071792603,25.390625,29.499420166015625,0.4459294080734253,1018.0492877960204,19.60621452331543
2024-04-10 13:06:43,0.0016321766888722,0.3879573345184326,31.3046875,0.0003389439370948,0.5263220071792603,25.390625,29.499420166015625,0.4459294080734253,1018.0492877960204,19.60621452331543
2024-04-10 13:06:44,0.0016321766888722,0.3879573345184326,31.3046875,0.0003389439370948,0.5263220071792603,25.390625,29.499420166015625,0.4459294080734253,1018.0492877960204,19.60621452331543
2024-04-10 13:06:45,0.0022012013942003,0.4655487835407257,31.3203125,0.000626886030659,0.5263220071792603,25.3671875,29.499420166015625,0.4459294080734253,1018.0492877960204,19.60621452331543
2024-04-10 13:06:46,0.0022012013942003,0.4655487835407257,31.3203125,0.000626886030659,0.5263220071792603,25.3671875,29.499420166015625,0.4459294080734253,1018.0704021453856,19.60621452331543
2024-04-10 13:06:47,0.0022012013942003,0.4655487835407257,31.3203125,0.000626886030659,0.5263220071792603,25.3671875,29.49237060546875,0.4459294080734253,1018.0704021453856,19.60621452331543
2024-04-10 13:06:48,0.0022012013942003,0.4655487835407257,31.3203125,0.000626886030659,0.5263220071792603,25.3671875,29.49237060546875,0.4459294080734253,1018.0704021453856,19.60621452331543
2024-04-10 13:06:49,0.0022012013942003,0.4655487835407257,31.3203125,0.000626886030659,0.5263220071792603,25.3671875,29.49237060546875,0.4459294080734253,1018.0704021453856,19.60621452331543
2024-04-10 13:06:50,0.0022012013942003,0.4655487835407257,31.3203125,0.000626886030659,0.5263220071792603,25.3671875,29.49237060546875,0.4459294080734253,1018.0704021453856,19.611387252807617
2024-04-10 13:06:51,0.0022012013942003,0.4655487835407257,31.3203125,0.000626886030659,0.5263220071792603,25.3671875,29.49237060546875,0.4459294080734253,1018.0704021453856,19.611387252807617
2024-04-10 13:06:52,0.0014978511026129,0.4267530441284179,31.296875,0.0004368946829345,0.56680828332901,25.34375,29.49237060546875,0.4459294080734253,1018.0704021453856,19.611387252807617
2024-04-10 13:06:53,0.0014978511026129,0.4267530441284179,31.296875,0.0004368946829345,0.56680828332901,25.34375,29.49237060546875,0.4459294080734253,1018.0482578277588,19.611387252807617
2024-04-10 13:06:54,0.0014978511026129,0.4267530441284179,31.296875,0.0004368946829345,0.56680828332901,25.34375,29.49237060546875,0.4459294080734253,1018.0482578277588,19.611387252807617
2024-04-10 13:06:55,0.0014978511026129,0.4267530441284179,31.296875,0.0004368946829345,0.56680828332901,25.34375,29.471435546875,0.4459294080734253,1018.0482578277588,19.611387252807617
2024-04-10 13:06:56,0.0014978511026129,0.4267530441284179,31.296875,0.0004368946829345,0.56680828332901,25.34375,29.471435546875,0.4459294080734253,1018.0482578277588,19.611387252807617
2024-04-10 13:06:57,0.0014978511026129,0.4267530441284179,31.296875,0.0004368946829345,0.56680828332901,25.34375,29.471435546875,0.4459294080734253,1018.0482578277588,19.611387252807617
2024-04-10 13:06:58,0.0014978511026129,0.4267530441284179,31.296875,0.0004368946829345,0.56680828332901,25.34375,29.471435546875,0.4459294080734253,1018.0482578277588,19.611387252807617
2024-04-10 13:06:59,0.0014978511026129,0.4267530441284179,31.296875,0.0004368946829345,0.56680828332901,25.34375,29.471435546875,0.4459294080734253,1018.0482578277588,19.611387252807617
2024-04-10 13:07:00,0.0008691546390764,0.4655487835407257,31.3203125,0.0004368946829345,0.56680828332901,25.34375,29.471435546875,0.4459294080734253,1018.0482578277588,19.58921432495117
2024-04-10 13:07:01,0.0008691546390764,0.4655487835407257,31.3203125,0.0004678596451412,0.4858356714248657,25.328125,29.471435546875,0.4459294080734253,1018.0482578277588,19.58921432495117
2024-04-10 13:07:02,0.0008691546390764,0.4655487835407257,31.3203125,0.0004678596451412,0.4858356714248657,25.328125,29.282928466796875,0.4459294080734253,1018.0482578277588,19.58921432495117
2024-04-10 13:07:03,0.0008691546390764,0.4655487835407257,31.3203125,0.0004678596451412,0.4858356714248657,25.328125,29.282928466796875,0.4459294080734253,1018.0843925476074,19.58921432495117
2024-04-10 13:07:04,0.0008691546390764,0.4655487835407257,31.3203125,0.0004678596451412,0.4858356714248657,25.328125,29.282928466796875,0.4459294080734253,1018.0843925476074,19.58921432495117
2024-04-10 13:07:05,0.0008691546390764,0.4655487835407257,31.3203125,0.0004678596451412,0.4858356714248657,25.328125,29.282928466796875,0.4459294080734253,1018.0843925476074,19.58921432495117
2024-04-10 13:07:06,0.0008691546390764,0.4655487835407257,31.3203125,0.0004678596451412,0.4858356714248657,25.328125,29.282928466796875,0.4459294080734253,1018.0843925476074,19.58921432495117
2024-04-10 13:07:07,0.0008691546390764,0.4655487835407257,31.3203125,0.0004678596451412,0.4858356714248657,25.328125,29.282928466796875,0.4459294080734253,1018.0843925476074,19.56592559814453
2024-04-10 13:07:08,0.0008691546390764,0.4655487835407257,31.3203125,0.0004678596451412,0.4858356714248657,25.328125,29.282928466796875,0.4459294080734253,1018.0843925476074,19.56592559814453
2024-04-10 13:07:09,0.0020928794983774,0.4267530441284179,31.2890625,0.0004561480600386,0.4858356714248657,25.3203125,29.282928466796875,0.4459294080734253,1018.0843925476074,19.56592559814453
2024-04-10 13:07:10,0.0020928794983774,0.4267530441284179,31.2890625,0.0004561480600386,0.4858356714248657,25.3203125,29.282928466796875,0.4459294080734253,1018.0763244628906,19.56592559814453
2024-04-10 13:07:11,0.0020928794983774,0.4267530441284179,31.2890625,0.0004561480600386,0.4858356714248657,25.3203125,29.282928466796875,0.4459294080734253,1018.0763244628906,19.56592559814453
2024-04-10 13:07:12,0.0020928794983774,0.4267530441284179,31.2890625,0.0004561480600386,0.4858356714248657,25.3203125,29.282928466796875,0.4459294080734253,1018.0763244628906,19.56592559814453
2024-04-10 13:07:13,0.0020928794983774,0.4267530441284179,31.2890625,0.0004561480600386,0.4858356714248657,25.3203125,29.210845947265625,0.4459294080734253,1018.0763244628906,19.548885345458984
2024-04-10 13:07:14,0.0020928794983774,0.4267530441284179,31.2890625,0.0004561480600386,0.4858356714248657,25.3203125,29.210845947265625,0.4459294080734253,1018.0763244628906,19.548885345458984
2024-04-10 13:07:15,0.0020928794983774,0.4267530441284179,31.2890625,0.0004561480600386,0.4858356714248657,25.3203125,29.210845947265625,0.4459294080734253,1018.0763244628906,19.548885345458984
2024-04-10 13:07:16,0.0020928794983774,0.4267530441284179,31.2890625,0.0004561480600386,0.4858356714248657,25.3203125,29.210845947265625,0.4459294080734253,1018.0763244628906,19.548885345458984
2024-04-10 13:07:17,0.0014912070473656,0.4655487835407257,31.3046875,0.0004561480600386,0.4858356714248657,25.3203125,29.210845947265625,0.4459294080734253,1018.1050777435304,19.548885345458984
2024-04-10 13:07:18,0.0014912070473656,0.4655487835407257,31.3046875,0.0004683534789364,0.56680828332901,25.2734375,29.210845947265625,0.4459294080734253,1018.1050777435304,19.548885345458984
2024-04-10 13:07:19,0.0014912070473656,0.4655487835407257,31.3046875,0.0004683534789364,0.56680828332901,25.2734375,29.119781494140625,0.4459294080734253,1018.1050777435304,19.548885345458984
2024-04-10 13:07:20,0.0014912070473656,0.4655487835407257,31.3046875,0.0004683534789364,0.56680828332901,25.2734375,29.119781494140625,0.4459294080734253,1018.1050777435304,19.548885345458984
2024-04-10 13:07:21,0.0014912070473656,0.4655487835407257,31.3046875,0.0004683534789364,0.56680828332901,25.2734375,29.119781494140625,0.4459294080734253,1018.1050777435304,19.548885345458984
2024-04-10 13:07:22,0.0014912070473656,0.4655487835407257,31.3046875,0.0004683534789364,0.56680828332901,25.2734375,29.119781494140625,0.4459294080734253,1018.1050777435304,19.548885345458984
2024-04-10 13:07:23,0.0014912070473656,0.4655487835407257,31.3046875,0.0004683534789364,0.56680828332901,25.2734375,29.119781494140625,0.4459294080734253,1018.1050777435304,19.540267944335938
2024-04-10 13:07:24,0.0014912070473656,0.4655487835407257,31.3046875,0.0004683534789364,0.56680828332901,25.2734375,29.119781494140625,0.4459294080734253,1018.1050777435304,19.540267944335938
2024-04-10 13:07:25,0.0012000433634966,0.4655487835407257,31.2890625,0.0004683534789364,0.56680828332901,25.2734375,29.119781494140625,0.4459294080734253,1018.1050777435304,19.540267944335938
2024-04-10 13:07:26,0.0012000433634966,0.4655487835407257,31.2890625,0.0004683534789364,0.56680828332901,25.2734375,29.119781494140625,0.4459294080734253,1018.149480819702,19.540267944335938
2024-04-10 13:07:27,0.0012000433634966,0.4655487835407257,31.2890625,0.000486922886921,0.4858356714248657,25.25,29.119781494140625,0.4459294080734253,1018.149480819702,19.540267944335938
2024-04-10 13:07:28,0.0012000433634966,0.4655487835407257,31.2890625,0.000486922886921,0.4858356714248657,25.25,29.192138671875,0.4459294080734253,1018.149480819702,19.540267944335938
2024-04-10 13:07:29,0.0012000433634966,0.4655487835407257,31.2890625,0.000486922886921,0.4858356714248657,25.25,29.192138671875,0.4498122334480285,1018.149480819702,19.540267944335938
2024-04-10 13:07:30,0.0012000433634966,0.4655487835407257,31.2890625,0.000486922886921,0.4858356714248657,25.25,29.192138671875,0.4498122334480285,1018.149480819702,19.540267944335938
2024-04-10 13:07:31,0.0012000433634966,0.4655487835407257,31.2890625,0.000486922886921,0.4858356714248657,25.25,29.192138671875,0.4498122334480285,1018.149480819702,19.52011489868164
2024-04-10 13:07:32,0.0016197701916098,0.4267530441284179,31.28125,0.000486922886921,0.4858356714248657,25.25,29.192138671875,0.4498122334480285,1018.149480819702,19.52011489868164
2024-04-10 13:07:33,0.0016197701916098,0.4267530441284179,31.28125,0.0018209940753877,0.56680828332901,25.2578125,29.192138671875,0.4498122334480285,1018.149480819702,19.52011489868164
2024-04-10 13:07:34,0.0016197701916098,0.4267530441284179,31.28125,0.0018209940753877,0.56680828332901,25.2578125,29.192138671875,0.4498122334480285,1018.083906173706,19.52011489868164
2024-04-10 13:07:35,0.0016197701916098,0.4267530441284179,31.28125,0.0018209940753877,0.56680828332901,25.2578125,29.192138671875,0.4498122334480285,1018.083906173706,19.52011489868164
2024-04-10 13:07:36,0.0016197701916098,0.4267530441284179,31.28125,0.0018209940753877,0.56680828332901,25.2578125,29.286102294921875,0.4498122334480285,1018.083906173706,19.52011489868164
2024-04-10 13:07:37,0.0016197701916098,0.4267530441284179,31.28125,0.0018209940753877,0.56680828332901,25.2578125,29.286102294921875,0.4498122334480285,1018.083906173706,19.52011489868164
2024-04-10 13:07:38,0.0016197701916098,0.4267530441284179,31.28125,0.0018209940753877,0.56680828332901,25.2578125,29.286102294921875,0.4498122334480285,1018.083906173706,19.513511657714844
2024-04-10 13:07:39,0.0016197701916098,0.4267530441284179,31.28125,0.0018209940753877,0.56680828332901,25.2578125,29.286102294921875,0.4498122334480285,1018.083906173706,19.513511657714844
2024-04-10 13:07:40,0.0016197701916098,0.4267530441284179,31.28125,0.0005166124901734,0.5263220071792603,25.2265625,29.286102294921875,0.4498122334480285,1018.083906173706,19.513511657714844
2024-04-10 13:07:41,0.0012038161512464,0.4655487835407257,31.3046875,0.0005166124901734,0.5263220071792603,25.2265625,29.286102294921875,0.4498122334480285,1018.083906173706,19.513511657714844
2024-04-10 13:07:42,0.0012038161512464,0.4655487835407257,31.3046875,0.0005166124901734,0.5263220071792603,25.2265625,29.286102294921875,0.4498122334480285,1018.083906173706,19.513511657714844
2024-04-10 13:07:43,0.0012038161512464,0.4655487835407257,31.3046875,0.0005166124901734,0.5263220071792603,25.2265625,29.300506591796875,0.4498122334480285,1018.083906173706,19.513511657714844
2024-04-10 13:07:44,0.0012038161512464,0.4655487835407257,31.3046875,0.0005166124901734,0.5263220071792603,25.2265625,29.300506591796875,0.4498122334480285,1018.0543518066406,19.513511657714844
2024-04-10 13:07:45,0.0012038161512464,0.4655487835407257,31.3046875,0.0005166124901734,0.5263220071792603,25.2265625,29.300506591796875,0.4498122334480285,1018.0543518066406,19.513511657714844
2024-04-10 13:07:46,0.0012038161512464,0.4655487835407257,31.3046875,0.0005166124901734,0.5263220071792603,25.2265625,29.300506591796875,0.4498122334480285,1018.0543518066406,19.46727180480957
2024-04-10 13:07:47,0.0012038161512464,0.4655487835407257,31.3046875,0.0005166124901734,0.5263220071792603,25.2265625,29.300506591796875,0.4498122334480285,1018.0543518066406,19.46727180480957
2024-04-10 13:07:48,0.0012038161512464,0.4655487835407257,31.3046875,0.0005166124901734,0.5263220071792603,25.2265625,29.300506591796875,0.4498122334480285,1018.0543518066406,19.46727180480957
2024-04-10 13:07:49,0.0011629312066361,0.4267530441284179,31.296875,0.0004721298755612,0.5263220071792603,25.2265625,29.300506591796875,0.4498122334480285,1018.0955505371094,19.46727180480957
2024-04-10 13:07:50,0.0011629312066361,0.4267530441284179,31.296875,0.0004721298755612,0.5263220071792603,25.2265625,29.300506591796875,0.4498122334480285,1018.0955505371094,19.46727180480957
2024-04-10 13:07:51,0.0011629312066361,0.4267530441284179,31.296875,0.0004721298755612,0.5263220071792603,25.2265625,29.300506591796875,0.4498122334480285,1018.0955505371094,19.46727180480957
2024-04-10 13:07:52,0.0011629312066361,0.4267530441284179,31.296875,0.0004721298755612,0.5263220071792603,25.2265625,29.300506591796875,0.4498122334480285,1018.0955505371094,19.46727180480957
2024-04-10 13:07:53,0.0011629312066361,0.4267530441284179,31.296875,0.0004721298755612,0.5263220071792603,25.2265625,29.359832763671875,0.4498122334480285,1018.0955505371094,19.46727180480957
2024-04-10 13:07:54,0.0011629312066361,0.4267530441284179,31.296875,0.0004721298755612,0.5263220071792603,25.2265625,29.359832763671875,0.4498122334480285,1018.0955505371094,19.45922088623047
2024-04-10 13:07:55,0.0011629312066361,0.4267530441284179,31.296875,0.0004721298755612,0.5263220071792603,25.2265625,29.359832763671875,0.4498122334480285,1018.0955505371094,19.45922088623047
2024-04-10 13:07:56,0.0009106991929002,0.4655487835407257,31.28125,0.0004721298755612,0.5263220071792603,25.2265625,29.359832763671875,0.4498122334480285,1018.0955505371094,19.45922088623047
2024-04-10 13:07:57,0.0009106991929002,0.4655487835407257,31.28125,0.0005280713085085,0.4858356714248657,25.1875,29.359832763671875,0.4498122334480285,1018.0955505371094,19.45922088623047
2024-04-10 13:07:58,0.0009106991929002,0.4655487835407257,31.28125,0.0005280713085085,0.4858356714248657,25.1875,29.359832763671875,0.4498122334480285,1018.085823059082,19.45922088623047
2024-04-10 13:07:59,0.0009106991929002,0.4655487835407257,31.28125,0.0005280713085085,0.4858356714248657,25.1875,29.432647705078125,0.4498122334480285,1018.085823059082,19.45922088623047
2024-04-10 13:08:00,0.0009106991929002,0.4655487835407257,31.28125,0.0005280713085085,0.4858356714248657,25.1875,29.432647705078125,0.4498122334480285,1018.085823059082,19.45922088623047
2024-04-10 13:08:01,0.0009106991929002,0.4655487835407257,31.28125,0.0005280713085085,0.4858356714248657,25.1875,29.432647705078125,0.4498122334480285,1018.085823059082,19.45922088623047
2024-04-10 13:08:02,0.0009106991929002,0.4655487835407257,31.28125,0.0005280713085085,0.4858356714248657,25.1875,29.432647705078125,0.4498122334480285,1018.085823059082,19.42194175720215
2024-04-10 13:08:03,0.0009106991929002,0.4655487835407257,31.28125,0.0005280713085085,0.4858356714248657,25.1875,29.432647705078125,0.4498122334480285,1018.085823059082,19.42194175720215
2024-04-10 13:08:04,0.0011389780556783,0.4267530441284179,31.2578125,0.0004429471155162,0.4858356714248657,25.1640625,29.432647705078125,0.4498122334480285,1018.085823059082,19.42194175720215
2024-04-10 13:08:05,0.0011389780556783,0.4267530441284179,31.2578125,0.0004429471155162,0.4858356714248657,25.1640625,29.432647705078125,0.4498122334480285,1018.085823059082,19.42194175720215
2024-04-10 13:08:06,0.0011389780556783,0.4267530441284179,31.2578125,0.0004429471155162,0.4858356714248657,25.1640625,29.41146850585937,0.4498122334480285,1018.085823059082,19.42194175720215
2024-04-10 13:08:07,0.0011389780556783,0.4267530441284179,31.2578125,0.0004429471155162,0.4858356714248657,25.1640625,29.41146850585937,0.4498122334480285,1018.0453109741212,19.42194175720215
2024-04-10 13:08:08,0.0011389780556783,0.4267530441284179,31.2578125,0.0004429471155162,0.4858356714248657,25.1640625,29.41146850585937,0.4498122334480285,1018.0453109741212,19.42194175720215
2024-04-10 13:08:09,0.0011389780556783,0.4267530441284179,31.2578125,0.0004429471155162,0.4858356714248657,25.1640625,29.41146850585937,0.4498122334480285,1018.0453109741212,19.398944854736328
2024-04-10 13:08:10,0.0011389780556783,0.4267530441284179,31.2578125,0.0004429471155162,0.4858356714248657,25.1640625,29.41146850585937,0.4498122334480285,1018.0453109741212,19.398944854736328
2024-04-10 13:08:11,0.0011389780556783,0.4267530441284179,31.2578125,0.0004429471155162,0.4858356714248657,25.1640625,29.41146850585937,0.4498122334480285,1018.0453109741212,19.398944854736328
2024-04-10 13:08:12,0.0021721280645579,0.4655487835407257,31.2890625,0.0008040439570322,0.5263220071792603,25.15625,29.41146850585937,0.4498122334480285,1018.0453109741212,19.398944854736328
2024-04-10 13:08:13,0.0021721280645579,0.4655487835407257,31.2890625,0.0008040439570322,0.5263220071792603,25.15625,29.41146850585937,0.4498122334480285,1018.0453109741212,19.398944854736328
2024-04-10 13:08:14,0.0021721280645579,0.4655487835407257,31.2890625,0.0008040439570322,0.5263220071792603,25.15625,29.41146850585937,0.4498122334480285,1018.0453109741212,19.398944854736328
2024-04-10 13:08:15,0.0021721280645579,0.4655487835407257,31.2890625,0.0008040439570322,0.5263220071792603,25.15625,29.41146850585937,0.4498122334480285,1018.0453109741212,19.398944854736328
2024-04-10 13:08:16,0.0021721280645579,0.4655487835407257,31.2890625,0.0008040439570322,0.5263220071792603,25.15625,29.41146850585937,0.4498122334480285,1018.0453109741212,19.398944854736328
2024-04-10 13:08:17,0.0021721280645579,0.4655487835407257,31.2890625,0.0008040439570322,0.5263220071792603,25.15625,29.0963134765625,0.4498122334480285,1018.0583000183104,19.398944854736328
2024-04-10 13:08:18,0.0021721280645579,0.4655487835407257,31.2890625,0.0008040439570322,0.5263220071792603,25.15625,29.0963134765625,0.4498122334480285,1018.0583000183104,19.398944854736328
2024-04-10 13:08:19,0.0021721280645579,0.4655487835407257,31.2890625,0.0008040439570322,0.5263220071792603,25.15625,29.0963134765625,0.4498122334480285,1018.0583000183104,19.40178871154785
2024-04-10 13:08:20,0.0021721280645579,0.4655487835407257,31.2890625,0.0008040439570322,0.5263220071792603,25.15625,29.0963134765625,0.4498122334480285,1018.0583000183104,19.40178871154785
2024-04-10 13:08:21,0.0013105879770591,0.4655487835407257,31.2890625,0.0005967561737634,0.4858356714248657,25.1328125,29.0963134765625,0.4498122334480285,1018.0583000183104,19.40178871154785
2024-04-10 13:08:22,0.0013105879770591,0.4655487835407257,31.2890625,0.0005967561737634,0.4858356714248657,25.1328125,29.0963134765625,0.4498122334480285,1018.0879402160645,19.40178871154785
2024-04-10 13:08:23,0.0013105879770591,0.4655487835407257,31.2890625,0.0005967561737634,0.4858356714248657,25.1328125,29.0963134765625,0.4498122334480285,1018.0879402160645,19.40178871154785
2024-04-10 13:08:24,0.0013105879770591,0.4655487835407257,31.2890625,0.0005967561737634,0.4858356714248657,25.1328125,28.93511962890625,0.4498122334480285,1018.0879402160645,19.40178871154785
2024-04-10 13:08:25,0.0013105879770591,0.4655487835407257,31.2890625,0.0005967561737634,0.4858356714248657,25.1328125,28.93511962890625,0.4498122334480285,1018.0879402160645,19.40178871154785
2024-04-10 13:08:26,0.0013105879770591,0.4655487835407257,31.2890625,0.0005967561737634,0.4858356714248657,25.1328125,28.93511962890625,0.4498122334480285,1018.0879402160645,19.40178871154785
2024-04-10 13:08:27,0.0013105879770591,0.4655487835407257,31.2890625,0.0005967561737634,0.4858356714248657,25.1328125,28.93511962890625,0.4498122334480285,1018.0879402160645,19.36586570739746
2024-04-10 13:08:28,0.0013915682211518,0.4267530441284179,31.265625,0.0005967561737634,0.4858356714248657,25.1328125,28.93511962890625,0.4507423937320709,1018.0879402160645,19.36586570739746
2024-04-10 13:08:29,0.0013915682211518,0.4267530441284179,31.265625,0.000392263114918,0.4858356714248657,25.109375,28.93511962890625,0.4507423937320709,1018.0879402160645,19.36586570739746
2024-04-10 13:08:30,0.0013915682211518,0.4267530441284179,31.265625,0.000392263114918,0.4858356714248657,25.109375,28.93511962890625,0.4507423937320709,1018.0662822723388,19.36586570739746
2024-04-10 13:08:31,0.0013915682211518,0.4267530441284179,31.265625,0.000392263114918,0.4858356714248657,25.109375,28.848846435546875,0.4507423937320709,1018.0662822723388,19.36586570739746
2024-04-10 13:08:32,0.0013915682211518,0.4267530441284179,31.265625,0.000392263114918,0.4858356714248657,25.109375,28.848846435546875,0.4507423937320709,1018.0662822723388,19.36586570739746
2024-04-10 13:08:33,0.0013915682211518,0.4267530441284179,31.265625,0.000392263114918,0.4858356714248657,25.109375,28.848846435546875,0.4507423937320709,1018.0662822723388,19.36586570739746
2024-04-10 13:08:34,0.0013915682211518,0.4267530441284179,31.265625,0.000392263114918,0.4858356714248657,25.109375,28.848846435546875,0.4507423937320709,1018.0662822723388,19.36586570739746
2024-04-10 13:08:35,0.0013915682211518,0.4267530441284179,31.265625,0.000392263114918,0.4858356714248657,25.109375,28.848846435546875,0.4507423937320709,1018.0662822723388,19.36769676208496
2024-04-10 13:08:36,0.0013915682211518,0.4267530441284179,31.265625,0.000392263114918,0.4858356714248657,25.109375,28.848846435546875,0.4507423937320709,1018.0662822723388,19.36769676208496
2024-04-10 13:08:37,0.0021308285649865,0.4267530441284179,31.2578125,0.000392263114918,0.4858356714248657,25.109375,28.848846435546875,0.4507423937320709,1018.0940914154052,19.36769676208496
2024-04-10 13:08:38,0.0021308285649865,0.4267530441284179,31.2578125,0.000422343466198,0.4858356714248657,25.1015625,28.848846435546875,0.4507423937320709,1018.0940914154052,19.36769676208496
2024-04-10 13:08:39,0.0021308285649865,0.4267530441284179,31.2578125,0.000422343466198,0.4858356714248657,25.1015625,28.848846435546875,0.4507423937320709,1018.0940914154052,19.36769676208496
2024-04-10 13:08:40,0.0021308285649865,0.4267530441284179,31.2578125,0.000422343466198,0.4858356714248657,25.1015625,28.83892822265625,0.4507423937320709,1018.0940914154052,19.36769676208496
2024-04-10 13:08:41,0.0021308285649865,0.4267530441284179,31.2578125,0.000422343466198,0.4858356714248657,25.1015625,28.83892822265625,0.4507423937320709,1018.0940914154052,19.36769676208496
2024-04-10 13:08:42,0.0021308285649865,0.4267530441284179,31.2578125,0.000422343466198,0.4858356714248657,25.1015625,28.83892822265625,0.4507423937320709,1018.0940914154052,19.36769676208496
2024-04-10 13:08:43,0.0021308285649865,0.4267530441284179,31.2578125,0.000422343466198,0.4858356714248657,25.1015625,28.83892822265625,0.4507423937320709,1018.0940914154052,19.343595504760746
2024-04-10 13:08:44,0.0012564541539177,0.4267530441284179,31.25,0.0005069230101071,0.5263220071792603,25.0703125,28.83892822265625,0.4507423937320709,1018.0940914154052,19.343595504760746
2024-04-10 13:08:45,0.0012564541539177,0.4267530441284179,31.25,0.0005069230101071,0.5263220071792603,25.0703125,28.83892822265625,0.4507423937320709,1018.0940914154052,19.343595504760746
2024-04-10 13:08:46,0.0012564541539177,0.4267530441284179,31.25,0.0005069230101071,0.5263220071792603,25.0703125,28.83892822265625,0.4507423937320709,1018.0940914154052,19.343595504760746
2024-04-10 13:08:47,0.0012564541539177,0.4267530441284179,31.25,0.0005069230101071,0.5263220071792603,25.0703125,28.75537109375,0.4507423937320709,1018.0940914154052,19.343595504760746
2024-04-10 13:08:48,0.0012564541539177,0.4267530441284179,31.25,0.0005069230101071,0.5263220071792603,25.0703125,28.75537109375,0.4507423937320709,1018.0644512176514,19.343595504760746
2024-04-10 13:08:49,0.0012564541539177,0.4267530441284179,31.25,0.0005069230101071,0.5263220071792603,25.0703125,28.75537109375,0.4507423937320709,1018.0644512176514,19.343595504760746
2024-04-10 13:08:50,0.0012564541539177,0.4267530441284179,31.25,0.0005069230101071,0.5263220071792603,25.0703125,28.75537109375,0.4507423937320709,1018.0644512176514,19.341232299804688
2024-04-10 13:08:51,0.0012564541539177,0.4267530441284179,31.25,0.0005069230101071,0.5263220071792603,25.0703125,28.75537109375,0.4507423937320709,1018.0644512176514,19.341232299804688
2024-04-10 13:08:52,0.0012868209742009,0.4267530441284179,31.21875,0.0005069230101071,0.5263220071792603,25.0703125,28.75537109375,0.4507423937320709,1018.0644512176514,19.341232299804688
2024-04-10 13:08:53,0.0012868209742009,0.4267530441284179,31.21875,0.0005734697333537,0.56680828332901,25.015625,28.75537109375,0.4507423937320709,1018.0644512176514,19.341232299804688
2024-04-10 13:08:54,0.0012868209742009,0.4267530441284179,31.21875,0.0005734697333537,0.56680828332901,25.015625,28.75537109375,0.4507423937320709,1018.0644512176514,19.341232299804688
2024-04-10 13:08:55,0.0012868209742009,0.4267530441284179,31.21875,0.0005734697333537,0.56680828332901,25.015625,28.7694091796875,0.4507423937320709,1018.0644512176514,19.341232299804688
2024-04-10 13:08:56,0.0012868209742009,0.4267530441284179,31.21875,0.0005734697333537,0.56680828332901,25.015625,28.7694091796875,0.4507423937320709,1018.096866607666,19.341232299804688
2024-04-10 13:08:57,0.0012868209742009,0.4267530441284179,31.21875,0.0005734697333537,0.56680828332901,25.015625,28.7694091796875,0.4507423937320709,1018.096866607666,19.32438087463379
2024-04-10 13:08:58,0.0012868209742009,0.4267530441284179,31.21875,0.0005734697333537,0.56680828332901,25.015625,28.7694091796875,0.4507423937320709,1018.096866607666,19.32438087463379
2024-04-10 13:08:59,0.0012868209742009,0.4267530441284179,31.21875,0.0005734697333537,0.56680828332901,25.015625,28.7694091796875,0.4507423937320709,1018.096866607666,19.32438087463379
2024-04-10 13:09:00,0.0019705991726368,0.5043445229530334,31.2109375,0.0005734697333537,0.56680828332901,25.015625,28.7694091796875,0.4507423937320709,1018.096866607666,19.32438087463379
2024-04-10 13:09:01,0.0019705991726368,0.5043445229530334,31.2109375,0.0004429958935361,0.5263220071792603,25.0,28.7694091796875,0.4507423937320709,1018.0922889709472,19.32438087463379
2024-04-10 13:09:02,0.0019705991726368,0.5043445229530334,31.2109375,0.0004429958935361,0.5263220071792603,25.0,28.7694091796875,0.4507423937320709,1018.0922889709472,19.32438087463379
2024-04-10 13:09:03,0.0019705991726368,0.5043445229530334,31.2109375,0.0004429958935361,0.5263220071792603,25.0,28.7694091796875,0.4507423937320709,1018.0922889709472,19.32438087463379
2024-04-10 13:09:04,0.0019705991726368,0.5043445229530334,31.2109375,0.0004429958935361,0.5263220071792603,25.0,28.7694091796875,0.4507423937320709,1018.0922889709472,19.32438087463379
2024-04-10 13:09:05,0.0019705991726368,0.5043445229530334,31.2109375,0.0004429958935361,0.5263220071792603,25.0,28.8497314453125,0.4507423937320709,1018.0922889709472,19.32438087463379
2024-04-10 13:09:06,0.0019705991726368,0.5043445229530334,31.2109375,0.0004429958935361,0.5263220071792603,25.0,28.8497314453125,0.4507423937320709,1018.0922889709472,19.305309295654297
2024-04-10 13:09:07,0.0019705991726368,0.5043445229530334,31.2109375,0.0004429958935361,0.5263220071792603,25.0,28.8497314453125,0.4507423937320709,1018.0922889709472,19.305309295654297
2024-04-10 13:09:08,0.0019705991726368,0.5043445229530334,31.2109375,0.0004429958935361,0.5263220071792603,25.0,28.8497314453125,0.4507423937320709,1018.0922889709472,19.305309295654297
2024-04-10 13:09:09,0.0012481864541769,0.4655487835407257,31.171875,0.0004257484397385,0.56680828332901,25.0078125,28.8497314453125,0.4507423937320709,1018.0922889709472,19.305309295654297
2024-04-10 13:09:10,0.0012481864541769,0.4655487835407257,31.171875,0.0004257484397385,0.56680828332901,25.0078125,28.84625244140625,0.4507423937320709,1018.1067657470704,19.305309295654297
2024-04-10 13:09:11,0.0012481864541769,0.4655487835407257,31.171875,0.0004257484397385,0.56680828332901,25.0078125,28.84625244140625,0.4507423937320709,1018.1067657470704,19.305309295654297
2024-04-10 13:09:12,0.0012481864541769,0.4655487835407257,31.171875,0.0004257484397385,0.56680828332901,25.0078125,28.84625244140625,0.4507423937320709,1018.1067657470704,19.305309295654297
2024-04-10 13:09:13,0.0012481864541769,0.4655487835407257,31.171875,0.0004257484397385,0.56680828332901,25.0078125,28.84625244140625,0.4507423937320709,1018.1067657470704,19.300159454345703
2024-04-10 13:09:14,0.0012481864541769,0.4655487835407257,31.171875,0.0004257484397385,0.56680828332901,25.0078125,28.84625244140625,0.4507423937320709,1018.1067657470704,19.300159454345703
2024-04-10 13:09:15,0.0012481864541769,0.4655487835407257,31.171875,0.0004257484397385,0.56680828332901,25.0078125,28.84625244140625,0.4507423937320709,1018.1067657470704,19.300159454345703
2024-04-10 13:09:16,0.0017045815475285,0.4267530441284179,31.1640625,0.000631827453617,0.5263220071792603,25.0,28.84625244140625,0.4507423937320709,1018.1067657470704,19.300159454345703
2024-04-10 13:09:17,0.0017045815475285,0.4267530441284179,31.1640625,0.000631827453617,0.5263220071792603,25.0,28.84625244140625,0.4507423937320709,1018.1067657470704,19.300159454345703
2024-04-10 13:09:18,0.0017045815475285,0.4267530441284179,31.1640625,0.000631827453617,0.5263220071792603,25.0,28.84625244140625,0.4507423937320709,1018.073663711548,19.300159454345703
2024-04-10 13:09:19,0.0017045815475285,0.4267530441284179,31.1640625,0.000631827453617,0.5263220071792603,25.0,28.84625244140625,0.4507423937320709,1018.073663711548,19.300159454345703
2024-04-10 13:09:20,0.0017045815475285,0.4267530441284179,31.1640625,0.000631827453617,0.5263220071792603,25.0,28.84625244140625,0.4507423937320709,1018.073663711548,19.300159454345703
2024-04-10 13:09:21,0.0017045815475285,0.4267530441284179,31.1640625,0.000631827453617,0.5263220071792603,25.0,28.8323974609375,0.4507423937320709,1018.073663711548,19.293704986572266
2024-04-10 13:09:22,0.0017045815475285,0.4267530441284179,31.1640625,0.000631827453617,0.5263220071792603,25.0,28.8323974609375,0.4507423937320709,1018.073663711548,19.293704986572266
2024-04-10 13:09:23,0.0017045815475285,0.4267530441284179,31.1640625,0.000631827453617,0.5263220071792603,25.0,28.8323974609375,0.4507423937320709,1018.073663711548,19.293704986572266
2024-04-10 13:09:24,0.0016500612255185,0.4267530441284179,31.1796875,0.000631827453617,0.5263220071792603,25.0,28.8323974609375,0.4507423937320709,1018.073663711548,19.293704986572266
2024-04-10 13:09:25,0.0016500612255185,0.4267530441284179,31.1796875,0.0003812993236351,0.5263220071792603,24.984375,28.8323974609375,0.4507423937320709,1018.073663711548,19.293704986572266
2024-04-10 13:09:26,0.0016500612255185,0.4267530441284179,31.1796875,0.0003812993236351,0.5263220071792603,24.984375,28.8323974609375,0.4507423937320709,1018.073663711548,19.293704986572266
2024-04-10 13:09:27,0.0016500612255185,0.4267530441284179,31.1796875,0.0003812993236351,0.5263220071792603,24.984375,28.8323974609375,0.4507423937320709,1018.0576705932616,19.293704986572266
2024-04-10 13:09:28,0.0016500612255185,0.4267530441284179,31.1796875,0.0003812993236351,0.5263220071792603,24.984375,28.7843017578125,0.4507423937320709,1018.0576705932616,19.293704986572266
2024-04-10 13:09:29,0.0016500612255185,0.4267530441284179,31.1796875,0.0003812993236351,0.5263220071792603,24.984375,28.7843017578125,0.4447527825832367,1018.0576705932616,19.293704986572266
2024-04-10 13:09:30,0.0016500612255185,0.4267530441284179,31.1796875,0.0003812993236351,0.5263220071792603,24.984375,28.7843017578125,0.4447527825832367,1018.0576705932616,19.256237030029297
2024-04-10 13:09:31,0.0016500612255185,0.4267530441284179,31.1796875,0.0003812993236351,0.5263220071792603,24.984375,28.7843017578125,0.4447527825832367,1018.0576705932616,19.256237030029297
2024-04-10 13:09:32,0.0016500612255185,0.4267530441284179,31.1796875,0.0003812993236351,0.5263220071792603,24.984375,28.7843017578125,0.4447527825832367,1018.0576705932616,19.256237030029297
2024-04-10 13:09:33,0.001217542681843,0.4267530441284179,31.171875,0.0010223004501312,0.4858356714248657,24.9375,28.7843017578125,0.4447527825832367,1018.0576705932616,19.256237030029297
2024-04-10 13:09:34,0.001217542681843,0.4267530441284179,31.171875,0.0010223004501312,0.4858356714248657,24.9375,28.7843017578125,0.4447527825832367,1018.0430507659912,19.256237030029297
2024-04-10 13:09:35,0.001217542681843,0.4267530441284179,31.171875,0.0010223004501312,0.4858356714248657,24.9375,28.7843017578125,0.4447527825832367,1018.0430507659912,19.256237030029297
2024-04-10 13:09:36,0.001217542681843,0.4267530441284179,31.171875,0.0010223004501312,0.4858356714248657,24.9375,28.820098876953125,0.4447527825832367,1018.0430507659912,19.256237030029297
2024-04-10 13:09:37,0.001217542681843,0.4267530441284179,31.171875,0.0010223004501312,0.4858356714248657,24.9375,28.820098876953125,0.4447527825832367,1018.0430507659912,19.256237030029297
2024-04-10 13:09:38,0.001217542681843,0.4267530441284179,31.171875,0.0010223004501312,0.4858356714248657,24.9375,28.820098876953125,0.4447527825832367,1018.0430507659912,19.244712829589844
2024-04-10 13:09:39,0.001217542681843,0.4267530441284179,31.171875,0.0010223004501312,0.4858356714248657,24.9375,28.820098876953125,0.4447527825832367,1018.0430507659912,19.244712829589844
2024-04-10 13:09:40,0.001217542681843,0.4267530441284179,31.171875,0.0010223004501312,0.4858356714248657,24.9375,28.820098876953125,0.4447527825832367,1018.0430507659912,19.244712829589844
2024-04-10 13:09:41,0.0018460836727172,0.4267530441284179,31.171875,0.0006909596850164,0.6072945594787598,24.921875,28.820098876953125,0.4447527825832367,1018.0430507659912,19.244712829589844
2024-04-10 13:09:42,0.0018460836727172,0.4267530441284179,31.171875,0.0006909596850164,0.6072945594787598,24.921875,28.820098876953125,0.4447527825832367,1018.0909156799316,19.244712829589844
2024-04-10 13:09:43,0.0018460836727172,0.4267530441284179,31.171875,0.0006909596850164,0.6072945594787598,24.921875,28.820098876953125,0.4447527825832367,1018.0909156799316,19.244712829589844
2024-04-10 13:09:44,0.0018460836727172,0.4267530441284179,31.171875,0.0006909596850164,0.6072945594787598,24.921875,28.820098876953125,0.4447527825832367,1018.0909156799316,19.244712829589844
2024-04-10 13:09:45,0.0018460836727172,0.4267530441284179,31.171875,0.0006909596850164,0.6072945594787598,24.921875,28.820098876953125,0.4447527825832367,1018.0909156799316,19.244712829589844
2024-04-10 13:09:46,0.0018460836727172,0.4267530441284179,31.171875,0.0006909596850164,0.6072945594787598,24.921875,28.81591796875,0.4447527825832367,1018.0909156799316,19.244712829589844
2024-04-10 13:09:47,0.0018460836727172,0.4267530441284179,31.171875,0.0006909596850164,0.6072945594787598,24.921875,28.81591796875,0.4447527825832367,1018.0909156799316,19.243751525878903
2024-04-10 13:09:48,0.0016173983458429,0.4267530441284179,31.1484375,0.0006909596850164,0.6072945594787598,24.921875,28.81591796875,0.4447527825832367,1018.0909156799316,19.243751525878903
2024-04-10 13:09:49,0.0016173983458429,0.4267530441284179,31.1484375,0.0003093892300967,0.9311850070953368,24.90625,28.81591796875,0.4447527825832367,1018.0403900146484,19.243751525878903
2024-04-10 13:09:50,0.0016173983458429,0.4267530441284179,31.1484375,0.0003093892300967,0.9311850070953368,24.90625,28.81591796875,0.4447527825832367,1018.0403900146484,19.243751525878903
2024-04-10 13:09:51,0.0016173983458429,0.4267530441284179,31.1484375,0.0003093892300967,0.9311850070953368,24.90625,28.742431640625,0.4447527825832367,1018.0403900146484,19.243751525878903
2024-04-10 13:09:52,0.0016173983458429,0.4267530441284179,31.1484375,0.0003093892300967,0.9311850070953368,24.90625,28.742431640625,0.4447527825832367,1018.0403900146484,19.243751525878903
2024-04-10 13:09:53,0.0016173983458429,0.4267530441284179,31.1484375,0.0003093892300967,0.9311850070953368,24.90625,28.742431640625,0.4447527825832367,1018.0403900146484,19.243751525878903
2024-04-10 13:09:54,0.0016173983458429,0.4267530441284179,31.1484375,0.0003093892300967,0.9311850070953368,24.90625,28.742431640625,0.4447527825832367,1018.0403900146484,19.23769760131836
2024-04-10 13:09:55,0.0016173983458429,0.4267530441284179,31.1484375,0.0003093892300967,0.9311850070953368,24.90625,28.742431640625,0.4447527825832367,1018.0403900146484,19.23769760131836
2024-04-10 13:09:56,0.0016173983458429,0.4267530441284179,31.1484375,0.0003093892300967,0.9311850070953368,24.90625,28.742431640625,0.4447527825832367,1018.0403900146484,19.23769760131836
2024-04-10 13:09:57,0.0016173983458429,0.4267530441284179,31.1484375,0.0008565938915126,0.4858356714248657,24.875,28.742431640625,0.4447527825832367,1018.047285079956,19.23769760131836
2024-04-10 13:09:58,0.0016173983458429,0.4267530441284179,31.1484375,0.0008565938915126,0.4858356714248657,24.875,28.742431640625,0.4447527825832367,1018.047285079956,19.23769760131836
2024-04-10 13:09:59,0.0009307209984399,0.4267530441284179,31.15625,0.0008565938915126,0.4858356714248657,24.875,28.7393798828125,0.4447527825832367,1018.047285079956,19.23769760131836
2024-04-10 13:10:00,0.0009307209984399,0.4267530441284179,31.15625,0.0008565938915126,0.4858356714248657,24.875,28.7393798828125,0.4447527825832367,1018.047285079956,19.23769760131836
2024-04-10 13:10:01,0.0009307209984399,0.4267530441284179,31.15625,0.0008565938915126,0.4858356714248657,24.875,28.7393798828125,0.4447527825832367,1018.047285079956,19.23769760131836
2024-04-10 13:10:02,0.0009307209984399,0.4267530441284179,31.15625,0.0008565938915126,0.4858356714248657,24.875,28.7393798828125,0.4447527825832367,1018.047285079956,19.22513198852539
2024-04-10 13:10:03,0.0009307209984399,0.4267530441284179,31.15625,0.0008565938915126,0.4858356714248657,24.875,28.7393798828125,0.4447527825832367,1018.047285079956,19.22513198852539
2024-04-10 13:10:04,0.0009307209984399,0.4267530441284179,31.15625,0.000642301980406,0.5263220071792603,24.8828125,28.7393798828125,0.4447527825832367,1018.047285079956,19.22513198852539
2024-04-10 13:10:05,0.0018757001962512,0.4267530441284179,31.140625,0.000642301980406,0.5263220071792603,24.8828125,28.7393798828125,0.4447527825832367,1018.047285079956,19.22513198852539
2024-04-10 13:10:06,0.0018757001962512,0.4267530441284179,31.140625,0.000642301980406,0.5263220071792603,24.8828125,28.7393798828125,0.4447527825832367,1018.047285079956,19.22513198852539
2024-04-10 13:10:07,0.0018757001962512,0.4267530441284179,31.140625,0.000642301980406,0.5263220071792603,24.8828125,28.719757080078125,0.4447527825832367,1018.0277442932128,19.22513198852539
2024-04-10 13:10:08,0.0018757001962512,0.4267530441284179,31.140625,0.000642301980406,0.5263220071792603,24.8828125,28.719757080078125,0.4447527825832367,1018.0277442932128,19.22513198852539
2024-04-10 13:10:09,0.0018757001962512,0.4267530441284179,31.140625,0.000642301980406,0.5263220071792603,24.8828125,28.719757080078125,0.4447527825832367,1018.0277442932128,19.21499252319336
2024-04-10 13:10:10,0.0018757001962512,0.4267530441284179,31.140625,0.000642301980406,0.5263220071792603,24.8828125,28.719757080078125,0.4447527825832367,1018.0277442932128,19.21499252319336
2024-04-10 13:10:11,0.0018757001962512,0.4267530441284179,31.140625,0.000642301980406,0.5263220071792603,24.8828125,28.719757080078125,0.4447527825832367,1018.0277442932128,19.21499252319336
2024-04-10 13:10:12,0.0018757001962512,0.4267530441284179,31.140625,0.000642301980406,0.5263220071792603,24.8828125,28.719757080078125,0.4447527825832367,1018.0277442932128,19.21499252319336
2024-04-10 13:10:13,0.0015972572145983,0.4655487835407257,31.125,0.0003727358707692,0.4858356714248657,24.859375,28.719757080078125,0.4447527825832367,1018.0277442932128,19.21499252319336
2024-04-10 13:10:14,0.0015972572145983,0.4655487835407257,31.125,0.0003727358707692,0.4858356714248657,24.859375,28.719757080078125,0.4447527825832367,1018.0277442932128,19.21499252319336
2024-04-10 13:10:15,0.0015972572145983,0.4655487835407257,31.125,0.0003727358707692,0.4858356714248657,24.859375,28.719757080078125,0.4447527825832367,1018.0277442932128,19.21499252319336
2024-04-10 13:10:16,0.0015972572145983,0.4655487835407257,31.125,0.0003727358707692,0.4858356714248657,24.859375,28.719757080078125,0.4447527825832367,1018.0277442932128,19.21499252319336
2024-04-10 13:10:17,0.0015972572145983,0.4655487835407257,31.125,0.0003727358707692,0.4858356714248657,24.859375,28.498046875,0.4447527825832367,1018.0277442932128,19.21572494506836
2024-04-10 13:10:18,0.0015972572145983,0.4655487835407257,31.125,0.0003727358707692,0.4858356714248657,24.859375,28.498046875,0.4447527825832367,1018.0449962615968,19.21572494506836
2024-04-10 13:10:19,0.0015972572145983,0.4655487835407257,31.125,0.0003727358707692,0.4858356714248657,24.859375,28.498046875,0.4447527825832367,1018.0449962615968,19.21572494506836
2024-04-10 13:10:20,0.0011864455882459,0.4267530441284179,31.1171875,0.0003727358707692,0.4858356714248657,24.859375,28.498046875,0.4447527825832367,1018.0449962615968,19.21572494506836
2024-04-10 13:10:21,0.0011864455882459,0.4267530441284179,31.1171875,0.0002630383823998,0.5263220071792603,24.8203125,28.498046875,0.4447527825832367,1018.0989265441896,19.21572494506836
2024-04-10 13:10:22,0.0011864455882459,0.4267530441284179,31.1171875,0.0002630383823998,0.5263220071792603,24.8203125,28.498046875,0.4447527825832367,1018.0989265441896,19.21572494506836
2024-04-10 13:10:23,0.0011864455882459,0.4267530441284179,31.1171875,0.0002630383823998,0.5263220071792603,24.8203125,28.498046875,0.4447527825832367,1018.0989265441896,19.21572494506836
2024-04-10 13:10:24,0.0011864455882459,0.4267530441284179,31.1171875,0.0002630383823998,0.5263220071792603,24.8203125,28.288787841796875,0.4447527825832367,1018.0989265441896,19.21572494506836
2024-04-10 13:10:25,0.0011864455882459,0.4267530441284179,31.1171875,0.0002630383823998,0.5263220071792603,24.8203125,28.288787841796875,0.4447527825832367,1018.0989265441896,19.215930938720703
2024-04-10 13:10:26,0.0011864455882459,0.4267530441284179,31.1171875,0.0002630383823998,0.5263220071792603,24.8203125,28.288787841796875,0.4447527825832367,1018.0989265441896,19.215930938720703
2024-04-10 13:10:27,0.0011864455882459,0.4267530441284179,31.1171875,0.0002630383823998,0.5263220071792603,24.8203125,28.288787841796875,0.4447527825832367,1018.0989265441896,19.215930938720703
2024-04-10 13:10:28,0.0011864455882459,0.4267530441284179,31.1171875,0.0006066815112717,0.4858356714248657,24.78125,28.288787841796875,0.449588418006897,1018.0989265441896,19.215930938720703
2024-04-10 13:10:29,0.000951264752075,0.4655487835407257,31.078125,0.0006066815112717,0.4858356714248657,24.78125,28.288787841796875,0.449588418006897,1018.0989265441896,19.215930938720703
2024-04-10 13:10:30,0.000951264752075,0.4655487835407257,31.078125,0.0006066815112717,0.4858356714248657,24.78125,28.288787841796875,0.449588418006897,1018.0386734008788,19.215930938720703
2024-04-10 13:10:31,0.000951264752075,0.4655487835407257,31.078125,0.0006066815112717,0.4858356714248657,24.78125,28.288787841796875,0.449588418006897,1018.0386734008788,19.215930938720703
2024-04-10 13:10:32,0.000951264752075,0.4655487835407257,31.078125,0.0006066815112717,0.4858356714248657,24.78125,28.049530029296875,0.449588418006897,1018.0386734008788,19.215930938720703
2024-04-10 13:10:33,0.000951264752075,0.4655487835407257,31.078125,0.0006066815112717,0.4858356714248657,24.78125,28.049530029296875,0.449588418006897,1018.0386734008788,19.215930938720703
2024-04-10 13:10:34,0.000951264752075,0.4655487835407257,31.078125,0.0006066815112717,0.4858356714248657,24.78125,28.049530029296875,0.449588418006897,1018.0386734008788,19.215930938720703
2024-04-10 13:10:35,0.000951264752075,0.4655487835407257,31.078125,0.0006066815112717,0.4858356714248657,24.78125,28.049530029296875,0.449588418006897,1018.0386734008788,19.21713256835937
2024-04-10 13:10:36,0.0010936013422906,0.4267530441284179,31.0390625,0.0003292850160505,0.56680828332901,24.765625,28.049530029296875,0.449588418006897,1018.0386734008788,19.21713256835937
2024-04-10 13:10:37,0.0010936013422906,0.4267530441284179,31.0390625,0.0003292850160505,0.56680828332901,24.765625,28.049530029296875,0.449588418006897,1018.0386734008788,19.21713256835937
2024-04-10 13:10:38,0.0010936013422906,0.4267530441284179,31.0390625,0.0003292850160505,0.56680828332901,24.765625,28.049530029296875,0.449588418006897,1018.0720615386964,19.21713256835937
2024-04-10 13:10:39,0.0010936013422906,0.4267530441284179,31.0390625,0.0003292850160505,0.56680828332901,24.765625,28.049530029296875,0.449588418006897,1018.0720615386964,19.21713256835937
2024-04-10 13:10:40,0.0010936013422906,0.4267530441284179,31.0390625,0.0003292850160505,0.56680828332901,24.765625,27.92071533203125,0.449588418006897,1018.0720615386964,19.21713256835937
2024-04-10 13:10:41,0.0010936013422906,0.4267530441284179,31.0390625,0.0003292850160505,0.56680828332901,24.765625,27.92071533203125,0.449588418006897,1018.0720615386964,19.21713256835937
2024-04-10 13:10:42,0.0010936013422906,0.4267530441284179,31.0390625,0.0003292850160505,0.56680828332901,24.765625,27.92071533203125,0.449588418006897,1018.0720615386964,19.21713256835937
2024-04-10 13:10:43,0.0010936013422906,0.4267530441284179,31.0390625,0.0003292850160505,0.56680828332901,24.765625,27.92071533203125,0.449588418006897,1018.0720615386964,19.21435165405273
2024-04-10 13:10:44,0.0012794327922165,0.4267530441284179,30.9921875,0.0003292850160505,0.56680828332901,24.765625,27.92071533203125,0.449588418006897,1018.0720615386964,19.21435165405273
2024-04-10 13:10:45,0.0012794327922165,0.4267530441284179,30.9921875,0.0004846891970373,0.5263220071792603,24.7421875,27.92071533203125,0.449588418006897,1018.012351989746,19.21435165405273
2024-04-10 13:10:46,0.0012794327922165,0.4267530441284179,30.9921875,0.0004846891970373,0.5263220071792603,24.7421875,27.92071533203125,0.449588418006897,1018.012351989746,19.21435165405273
2024-04-10 13:10:47,0.0012794327922165,0.4267530441284179,30.9921875,0.0004846891970373,0.5263220071792603,24.7421875,27.92071533203125,0.449588418006897,1018.012351989746,19.21435165405273
2024-04-10 13:10:48,0.0012794327922165,0.4267530441284179,30.9921875,0.0004846891970373,0.5263220071792603,24.7421875,27.9205322265625,0.449588418006897,1018.012351989746,19.21435165405273
2024-04-10 13:10:49,0.0012794327922165,0.4267530441284179,30.9921875,0.0004846891970373,0.5263220071792603,24.7421875,27.9205322265625,0.449588418006897,1018.012351989746,19.21435165405273
2024-04-10 13:10:50,0.0012794327922165,0.4267530441284179,30.9921875,0.0004846891970373,0.5263220071792603,24.7421875,27.9205322265625,0.449588418006897,1018.012351989746,19.188465118408203
2024-04-10 13:10:51,0.0012794327922165,0.4267530441284179,30.9921875,0.0004846891970373,0.5263220071792603,24.7421875,27.9205322265625,0.449588418006897,1018.012351989746,19.188465118408203
2024-04-10 13:10:52,0.001320072915405,0.4655487835407257,30.96875,0.0004846891970373,0.5263220071792603,24.7421875,27.9205322265625,0.449588418006897,1018.012351989746,19.188465118408203
2024-04-10 13:10:53,0.001320072915405,0.4655487835407257,30.96875,0.0004419597098603,0.4858356714248657,24.7265625,27.9205322265625,0.449588418006897,1018.012351989746,19.188465118408203
2024-04-10 13:10:54,0.001320072915405,0.4655487835407257,30.96875,0.0004419597098603,0.4858356714248657,24.7265625,27.9205322265625,0.449588418006897,1018.012351989746,19.188465118408203
2024-04-10 13:10:55,0.001320072915405,0.4655487835407257,30.96875,0.0004419597098603,0.4858356714248657,24.7265625,27.9205322265625,0.449588418006897,1018.012351989746,19.188465118408203
2024-04-10 13:10:56,0.001320072915405,0.4655487835407257,30.96875,0.0004419597098603,0.4858356714248657,24.7265625,27.9205322265625,0.449588418006897,1018.030605316162,19.188465118408203
2024-04-10 13:10:57,0.001320072915405,0.4655487835407257,30.96875,0.0004419597098603,0.4858356714248657,24.7265625,27.9205322265625,0.449588418006897,1018.030605316162,19.188465118408203
2024-04-10 13:10:58,0.001320072915405,0.4655487835407257,30.96875,0.0004419597098603,0.4858356714248657,24.7265625,27.83358764648437,0.449588418006897,1018.030605316162,19.179859161376957
2024-04-10 13:10:59,0.001320072915405,0.4655487835407257,30.96875,0.0004419597098603,0.4858356714248657,24.7265625,27.83358764648437,0.449588418006897,1018.030605316162,19.179859161376957
2024-04-10 13:11:00,0.001320072915405,0.4655487835407257,30.96875,0.0004419597098603,0.4858356714248657,24.7265625,27.83358764648437,0.449588418006897,1018.030605316162,19.179859161376957
2024-04-10 13:11:01,0.0011972284410148,0.4655487835407257,30.953125,0.0003015464462805,0.4858356714248657,24.703125,27.83358764648437,0.449588418006897,1018.030605316162,19.179859161376957
2024-04-10 13:11:02,0.0011972284410148,0.4655487835407257,30.953125,0.0003015464462805,0.4858356714248657,24.703125,27.83358764648437,0.449588418006897,1018.0305480957032,19.179859161376957
2024-04-10 13:11:03,0.0011972284410148,0.4655487835407257,30.953125,0.0003015464462805,0.4858356714248657,24.703125,27.75836181640625,0.449588418006897,1018.0305480957032,19.179859161376957
2024-04-10 13:11:04,0.0011972284410148,0.4655487835407257,30.953125,0.0003015464462805,0.4858356714248657,24.703125,27.75836181640625,0.449588418006897,1018.0305480957032,19.179859161376957
2024-04-10 13:11:05,0.0011972284410148,0.4655487835407257,30.953125,0.0003015464462805,0.4858356714248657,24.703125,27.75836181640625,0.449588418006897,1018.0305480957032,19.179859161376957
2024-04-10 13:11:06,0.0011972284410148,0.4655487835407257,30.953125,0.0003015464462805,0.4858356714248657,24.703125,27.75836181640625,0.449588418006897,1018.0305480957032,19.17624282836914
2024-04-10 13:11:07,0.0011972284410148,0.4655487835407257,30.953125,0.0003015464462805,0.4858356714248657,24.703125,27.75836181640625,0.449588418006897,1018.0305480957032,19.17624282836914
2024-04-10 13:11:08,0.0010872037382796,0.3879573345184326,30.9296875,0.0004539233050309,0.5263220071792603,24.6796875,27.75836181640625,0.449588418006897,1018.0305480957032,19.17624282836914
2024-04-10 13:11:09,0.0010872037382796,0.3879573345184326,30.9296875,0.0004539233050309,0.5263220071792603,24.6796875,27.75836181640625,0.449588418006897,1018.0673694610596,19.17624282836914
2024-04-10 13:11:10,0.0010872037382796,0.3879573345184326,30.9296875,0.0004539233050309,0.5263220071792603,24.6796875,27.75836181640625,0.449588418006897,1018.0673694610596,19.17624282836914
2024-04-10 13:11:11,0.0010872037382796,0.3879573345184326,30.9296875,0.0004539233050309,0.5263220071792603,24.6796875,27.618896484375,0.449588418006897,1018.0673694610596,19.17624282836914
2024-04-10 13:11:12,0.0010872037382796,0.3879573345184326,30.9296875,0.0004539233050309,0.5263220071792603,24.6796875,27.618896484375,0.449588418006897,1018.0673694610596,19.17624282836914
2024-04-10 13:11:13,0.0010872037382796,0.3879573345184326,30.9296875,0.0004539233050309,0.5263220071792603,24.6796875,27.618896484375,0.449588418006897,1018.0673694610596,19.17624282836914
2024-04-10 13:11:14,0.0010872037382796,0.3879573345184326,30.9296875,0.0004539233050309,0.5263220071792603,24.6796875,27.618896484375,0.449588418006897,1018.0673694610596,19.17290687561035
2024-04-10 13:11:15,0.0010872037382796,0.3879573345184326,30.9296875,0.0004539233050309,0.5263220071792603,24.6796875,27.618896484375,0.449588418006897,1018.0673694610596,19.17290687561035
2024-04-10 13:11:16,0.0016269319457933,0.4267530441284179,30.921875,0.0004539233050309,0.5263220071792603,24.6796875,27.618896484375,0.449588418006897,1018.0673694610596,19.17290687561035
2024-04-10 13:11:17,0.0016269319457933,0.4267530441284179,30.921875,0.00047872698633,0.5263220071792603,24.6796875,27.618896484375,0.449588418006897,1018.0673694610596,19.17290687561035
2024-04-10 13:11:18,0.0016269319457933,0.4267530441284179,30.921875,0.00047872698633,0.5263220071792603,24.6796875,27.50750732421875,0.449588418006897,1018.0673694610596,19.17290687561035
2024-04-10 13:11:19,0.0016269319457933,0.4267530441284179,30.921875,0.00047872698633,0.5263220071792603,24.6796875,27.50750732421875,0.449588418006897,1018.0311489105223,19.17290687561035
2024-04-10 13:11:20,0.0016269319457933,0.4267530441284179,30.921875,0.00047872698633,0.5263220071792603,24.6796875,27.50750732421875,0.449588418006897,1018.0311489105223,19.17290687561035
2024-04-10 13:11:21,0.0016269319457933,0.4267530441284179,30.921875,0.00047872698633,0.5263220071792603,24.6796875,27.50750732421875,0.449588418006897,1018.0311489105223,19.17290687561035
2024-04-10 13:11:22,0.0016269319457933,0.4267530441284179,30.921875,0.00047872698633,0.5263220071792603,24.6796875,27.50750732421875,0.449588418006897,1018.0311489105223,19.17290687561035
2024-04-10 13:11:23,0.0016269319457933,0.4267530441284179,30.921875,0.00047872698633,0.5263220071792603,24.6796875,27.50750732421875,0.449588418006897,1018.0311489105223,19.172019958496094
2024-04-10 13:11:24,0.0016269319457933,0.4267530441284179,30.921875,0.00047872698633,0.5263220071792603,24.6796875,27.50750732421875,0.449588418006897,1018.0311489105223,19.172019958496094
2024-04-10 13:11:25,0.0011062514968216,0.4267530441284179,30.859375,0.0002458011149428,0.5263220071792603,24.625,27.50750732421875,0.449588418006897,1018.0311489105223,19.172019958496094
2024-04-10 13:11:26,0.0011062514968216,0.4267530441284179,30.859375,0.0002458011149428,0.5263220071792603,24.625,27.50750732421875,0.449588418006897,1018.0352115631104,19.172019958496094
2024-04-10 13:11:27,0.0011062514968216,0.4267530441284179,30.859375,0.0002458011149428,0.5263220071792603,24.625,27.50750732421875,0.4515403509140014,1018.0352115631104,19.172019958496094
2024-04-10 13:11:28,0.0011062514968216,0.4267530441284179,30.859375,0.0002458011149428,0.5263220071792603,24.625,27.50750732421875,0.4515403509140014,1018.0352115631104,19.172019958496094
2024-04-10 13:11:29,0.0011062514968216,0.4267530441284179,30.859375,0.0002458011149428,0.5263220071792603,24.625,27.37802124023437,0.4515403509140014,1018.0352115631104,19.171247482299805
2024-04-10 13:11:30,0.0011062514968216,0.4267530441284179,30.859375,0.0002458011149428,0.5263220071792603,24.625,27.37802124023437,0.4515403509140014,1018.0352115631104,19.171247482299805
2024-04-10 13:11:31,0.0011062514968216,0.4267530441284179,30.859375,0.0002458011149428,0.5263220071792603,24.625,27.37802124023437,0.4515403509140014,1018.0352115631104,19.171247482299805
2024-04-10 13:11:32,0.0011062514968216,0.4267530441284179,30.859375,0.0002458011149428,0.5263220071792603,24.625,27.37802124023437,0.4515403509140014,1018.0352115631104,19.171247482299805
2024-04-10 13:11:33,0.0011062514968216,0.4267530441284179,30.859375,0.0003275581111665,0.4858356714248657,24.6171875,27.37802124023437,0.4515403509140014,1018.0522346496582,19.171247482299805
2024-04-10 13:11:34,0.0011062514968216,0.4267530441284179,30.859375,0.0003275581111665,0.4858356714248657,24.6171875,27.37802124023437,0.4515403509140014,1018.0522346496582,19.171247482299805
2024-04-10 13:11:35,0.0010812765685841,0.4267530441284179,30.8203125,0.0003275581111665,0.4858356714248657,24.6171875,27.311920166015625,0.4515403509140014,1018.0522346496582,19.171247482299805
2024-04-10 13:11:36,0.0010812765685841,0.4267530441284179,30.8203125,0.0003275581111665,0.4858356714248657,24.6171875,27.311920166015625,0.4515403509140014,1018.0522346496582,19.171247482299805
2024-04-10 13:11:37,0.0010812765685841,0.4267530441284179,30.8203125,0.0003275581111665,0.4858356714248657,24.6171875,27.311920166015625,0.4515403509140014,1018.0522346496582,19.171247482299805
2024-04-10 13:11:38,0.0010812765685841,0.4267530441284179,30.8203125,0.0003275581111665,0.4858356714248657,24.6171875,27.311920166015625,0.4515403509140014,1018.0522346496582,19.171247482299805
2024-04-10 13:11:39,0.0010812765685841,0.4267530441284179,30.8203125,0.0003275581111665,0.4858356714248657,24.6171875,27.311920166015625,0.4515403509140014,1018.0522346496582,19.186817169189453
2024-04-10 13:11:40,0.0010812765685841,0.4267530441284179,30.8203125,0.0003275581111665,0.4858356714248657,24.6171875,27.311920166015625,0.4515403509140014,1018.0522346496582,19.186817169189453
2024-04-10 13:11:41,0.0016366058262065,0.4267530441284179,30.7890625,0.0004566431744024,0.56680828332901,24.5703125,27.311920166015625,0.4515403509140014,1018.0522346496582,19.186817169189453
2024-04-10 13:11:42,0.0016366058262065,0.4267530441284179,30.7890625,0.0004566431744024,0.56680828332901,24.5703125,27.311920166015625,0.4515403509140014,1018.0195045471193,19.186817169189453
2024-04-10 13:11:43,0.0016366058262065,0.4267530441284179,30.7890625,0.0004566431744024,0.56680828332901,24.5703125,27.311920166015625,0.4515403509140014,1018.0195045471193,19.186817169189453
2024-04-10 13:11:44,0.0016366058262065,0.4267530441284179,30.7890625,0.0004566431744024,0.56680828332901,24.5703125,27.300018310546875,0.4515403509140014,1018.0195045471193,19.186817169189453
2024-04-10 13:11:45,0.0016366058262065,0.4267530441284179,30.7890625,0.0004566431744024,0.56680828332901,24.5703125,27.300018310546875,0.4515403509140014,1018.0195045471193,19.186817169189453
2024-04-10 13:11:46,0.0016366058262065,0.4267530441284179,30.7890625,0.0004566431744024,0.56680828332901,24.5703125,27.300018310546875,0.4515403509140014,1018.0195045471193,19.186817169189453
2024-04-10 13:11:47,0.0016366058262065,0.4267530441284179,30.7890625,0.0004566431744024,0.56680828332901,24.5703125,27.300018310546875,0.4515403509140014,1018.0195045471193,19.193151473999023
2024-04-10 13:11:48,0.0016366058262065,0.4267530441284179,30.7890625,0.0004566431744024,0.56680828332901,24.5703125,27.300018310546875,0.4515403509140014,1018.0195045471193,19.193151473999023
2024-04-10 13:11:49,0.0016366058262065,0.4267530441284179,30.7890625,0.0004753180837724,0.56680828332901,24.546875,27.300018310546875,0.4515403509140014,1018.0195045471193,19.193151473999023
2024-04-10 13:11:50,0.0016366058262065,0.4267530441284179,30.7890625,0.0004753180837724,0.56680828332901,24.546875,27.300018310546875,0.4515403509140014,1018.0195045471193,19.193151473999023
2024-04-10 13:11:51,0.0016854481073096,0.4267530441284179,30.7578125,0.0004753180837724,0.56680828332901,24.546875,27.300018310546875,0.4515403509140014,1018.0195045471193,19.193151473999023
2024-04-10 13:11:52,0.0016854481073096,0.4267530441284179,30.7578125,0.0004753180837724,0.56680828332901,24.546875,27.263458251953125,0.4515403509140014,1018.046169281006,19.193151473999023
2024-04-10 13:11:53,0.0016854481073096,0.4267530441284179,30.7578125,0.0004753180837724,0.56680828332901,24.546875,27.263458251953125,0.4515403509140014,1018.046169281006,19.193151473999023
2024-04-10 13:11:54,0.0016854481073096,0.4267530441284179,30.7578125,0.0004753180837724,0.56680828332901,24.546875,27.263458251953125,0.4515403509140014,1018.046169281006,19.194490432739254
2024-04-10 13:11:55,0.0016854481073096,0.4267530441284179,30.7578125,0.0004753180837724,0.56680828332901,24.546875,27.263458251953125,0.4515403509140014,1018.046169281006,19.194490432739254
2024-04-10 13:11:56,0.0016854481073096,0.4267530441284179,30.7578125,0.0003667041892185,0.4858356714248657,24.515625,27.263458251953125,0.4515403509140014,1018.046169281006,19.194490432739254
2024-04-10 13:11:57,0.0012608875986188,0.3879573345184326,30.734375,0.0003667041892185,0.4858356714248657,24.515625,27.263458251953125,0.4515403509140014,1018.0921459197998,19.194490432739254
2024-04-10 13:11:58,0.0012608875986188,0.3879573345184326,30.734375,0.0003667041892185,0.4858356714248657,24.515625,27.263458251953125,0.4515403509140014,1018.0921459197998,19.194490432739254
2024-04-10 13:11:59,0.0012608875986188,0.3879573345184326,30.734375,0.0003667041892185,0.4858356714248657,24.515625,27.252349853515625,0.4515403509140014,1018.0921459197998,19.194490432739254
2024-04-10 13:12:00,0.0012608875986188,0.3879573345184326,30.734375,0.0003667041892185,0.4858356714248657,24.515625,27.252349853515625,0.4515403509140014,1018.0921459197998,19.194490432739254
2024-04-10 13:12:01,0.0012608875986188,0.3879573345184326,30.734375,0.0003667041892185,0.4858356714248657,24.515625,27.252349853515625,0.4515403509140014,1018.0921459197998,19.194490432739254
2024-04-10 13:12:02,0.0012608875986188,0.3879573345184326,30.734375,0.0003667041892185,0.4858356714248657,24.515625,27.252349853515625,0.4515403509140014,1018.0921459197998,19.187349319458008
2024-04-10 13:12:03,0.0012608875986188,0.3879573345184326,30.734375,0.0003667041892185,0.4858356714248657,24.515625,27.252349853515625,0.4515403509140014,1018.0921459197998,19.187349319458008
2024-04-10 13:12:04,0.0012608875986188,0.3879573345184326,30.734375,0.0003667041892185,0.4858356714248657,24.515625,27.252349853515625,0.4515403509140014,1018.0921459197998,19.187349319458008
2024-04-10 13:12:05,0.0010956746991723,0.5043445229530334,30.7265625,0.0007691374630667,0.4858356714248657,24.4921875,27.252349853515625,0.4515403509140014,1018.0625343322754,19.187349319458008
2024-04-10 13:12:06,0.0010956746991723,0.5043445229530334,30.7265625,0.0007691374630667,0.4858356714248657,24.4921875,27.252349853515625,0.4515403509140014,1018.0625343322754,19.187349319458008
2024-04-10 13:12:07,0.0010956746991723,0.5043445229530334,30.7265625,0.0007691374630667,0.4858356714248657,24.4921875,27.252349853515625,0.4515403509140014,1018.0625343322754,19.187349319458008
2024-04-10 13:12:08,0.0010956746991723,0.5043445229530334,30.7265625,0.0007691374630667,0.4858356714248657,24.4921875,27.252349853515625,0.4515403509140014,1018.0625343322754,19.187349319458008
2024-04-10 13:12:09,0.0010956746991723,0.5043445229530334,30.7265625,0.0007691374630667,0.4858356714248657,24.4921875,27.252349853515625,0.4515403509140014,1018.0625343322754,19.187349319458008
2024-04-10 13:12:10,0.0010956746991723,0.5043445229530334,30.7265625,0.0007691374630667,0.4858356714248657,24.4921875,27.252349853515625,0.4515403509140014,1018.0625343322754,19.19684219360352
2024-04-10 13:12:11,0.0010956746991723,0.5043445229530334,30.7265625,0.0007691374630667,0.4858356714248657,24.4921875,27.252349853515625,0.4515403509140014,1018.0625343322754,19.19684219360352
2024-04-10 13:12:12,0.0016266267048195,0.4655487835407257,30.6640625,0.0007691374630667,0.4858356714248657,24.4921875,27.252349853515625,0.4515403509140014,1018.0625343322754,19.19684219360352
2024-04-10 13:12:13,0.0016266267048195,0.4655487835407257,30.6640625,0.00053561036475,0.4858356714248657,24.4765625,27.17413330078125,0.4515403509140014,1018.0625343322754,19.19684219360352
2024-04-10 13:12:14,0.0016266267048195,0.4655487835407257,30.6640625,0.00053561036475,0.4858356714248657,24.4765625,27.17413330078125,0.4515403509140014,1018.0698871612548,19.19684219360352
2024-04-10 13:12:15,0.0016266267048195,0.4655487835407257,30.6640625,0.00053561036475,0.4858356714248657,24.4765625,27.1768798828125,0.4515403509140014,1018.0698871612548,19.19684219360352
2024-04-10 13:12:16,0.0016266267048195,0.4655487835407257,30.6640625,0.00053561036475,0.4858356714248657,24.4765625,27.1768798828125,0.4515403509140014,1018.0698871612548,19.19684219360352
2024-04-10 13:12:17,0.0016266267048195,0.4655487835407257,30.6640625,0.00053561036475,0.4858356714248657,24.4765625,27.1768798828125,0.4515403509140014,1018.0698871612548,19.19684219360352
2024-04-10 13:12:18,0.0016266267048195,0.4655487835407257,30.6640625,0.00053561036475,0.4858356714248657,24.4765625,27.1768798828125,0.4515403509140014,1018.0698871612548,19.207067489624023
2024-04-10 13:12:19,0.0016266267048195,0.4655487835407257,30.6640625,0.00053561036475,0.4858356714248657,24.4765625,27.1768798828125,0.4515403509140014,1018.0698871612548,19.207067489624023
2024-04-10 13:12:20,0.0013649109750986,0.4267530441284179,30.6953125,0.0004227820900268,0.4858356714248657,24.4453125,27.1768798828125,0.4515403509140014,1018.0698871612548,19.207067489624023
2024-04-10 13:12:21,0.0013649109750986,0.4267530441284179,30.6953125,0.0004227820900268,0.4858356714248657,24.4453125,27.1768798828125,0.4515403509140014,1018.0698871612548,19.207067489624023
2024-04-10 13:12:22,0.0013649109750986,0.4267530441284179,30.6953125,0.0004227820900268,0.4858356714248657,24.4453125,27.1768798828125,0.4515403509140014,1018.0698871612548,19.207067489624023
2024-04-10 13:12:23,0.0013649109750986,0.4267530441284179,30.6953125,0.0004227820900268,0.4858356714248657,24.4453125,27.1768798828125,0.4515403509140014,1018.0698871612548,19.207067489624023
2024-04-10 13:12:24,0.0013649109750986,0.4267530441284179,30.6953125,0.0004227820900268,0.4858356714248657,24.4453125,27.1768798828125,0.4515403509140014,1018.0648803710938,19.207067489624023
2024-04-10 13:12:25,0.0013649109750986,0.4267530441284179,30.6953125,0.0004227820900268,0.4858356714248657,24.4453125,27.106201171875,0.4515403509140014,1018.0648803710938,19.210512161254883
2024-04-10 13:12:26,0.0013649109750986,0.4267530441284179,30.6953125,0.0004227820900268,0.4858356714248657,24.4453125,27.106201171875,0.4515403509140014,1018.0648803710938,19.210512161254883
2024-04-10 13:12:27,0.0013649109750986,0.4267530441284179,30.6953125,0.0004227820900268,0.4858356714248657,24.4453125,27.106201171875,0.4515403509140014,1018.0648803710938,19.210512161254883
2024-04-10 13:12:28,0.0013832261320203,0.4267530441284179,30.6640625,0.0004839315952267,0.4453493654727936,24.421875,27.106201171875,0.4525779485702514,1018.0648803710938,19.210512161254883
2024-04-10 13:12:29,0.0013832261320203,0.4267530441284179,30.6640625,0.0004839315952267,0.4453493654727936,24.421875,27.106201171875,0.4525779485702514,1018.0648803710938,19.210512161254883
2024-04-10 13:12:30,0.0013832261320203,0.4267530441284179,30.6640625,0.0004839315952267,0.4453493654727936,24.421875,27.106201171875,0.4525779485702514,1018.0648803710938,19.210512161254883
2024-04-10 13:12:31,0.0013832261320203,0.4267530441284179,30.6640625,0.0004839315952267,0.4453493654727936,24.421875,27.106201171875,0.4525779485702514,1018.0648803710938,19.210512161254883
2024-04-10 13:12:32,0.0013832261320203,0.4267530441284179,30.6640625,0.0004839315952267,0.4453493654727936,24.421875,27.106201171875,0.4525779485702514,1018.0648803710938,19.210512161254883
2024-04-10 13:12:33,0.0013832261320203,0.4267530441284179,30.6640625,0.0004839315952267,0.4453493654727936,24.421875,26.95404052734375,0.4525779485702514,1018.0393886566162,19.210512161254883
2024-04-10 13:12:34,0.0013832261320203,0.4267530441284179,30.6640625,0.0004839315952267,0.4453493654727936,24.421875,26.95404052734375,0.4525779485702514,1018.0393886566162,19.210512161254883
2024-04-10 13:12:35,0.0013832261320203,0.4267530441284179,30.6640625,0.0004839315952267,0.4453493654727936,24.421875,26.95404052734375,0.4525779485702514,1018.0393886566162,19.222522735595703
2024-04-10 13:12:36,0.0013832261320203,0.4267530441284179,30.6640625,0.0006867772899568,0.4858356714248657,24.40625,26.95404052734375,0.4525779485702514,1018.0393886566162,19.222522735595703
2024-04-10 13:12:37,0.0013866369845345,0.4267530441284179,30.5859375,0.0006867772899568,0.4858356714248657,24.40625,26.95404052734375,0.4525779485702514,1018.0393886566162,19.222522735595703
2024-04-10 13:12:38,0.0013866369845345,0.4267530441284179,30.5859375,0.0006867772899568,0.4858356714248657,24.40625,26.95404052734375,0.4525779485702514,1018.0682849884032,19.222522735595703
2024-04-10 13:12:39,0.0013866369845345,0.4267530441284179,30.5859375,0.0006867772899568,0.4858356714248657,24.40625,26.95404052734375,0.4525779485702514,1018.0682849884032,19.222522735595703
2024-04-10 13:12:40,0.0013866369845345,0.4267530441284179,30.5859375,0.0006867772899568,0.4858356714248657,24.40625,26.89471435546875,0.4525779485702514,1018.0682849884032,19.222522735595703
2024-04-10 13:12:41,0.0013866369845345,0.4267530441284179,30.5859375,0.0006867772899568,0.4858356714248657,24.40625,26.89471435546875,0.4525779485702514,1018.0682849884032,19.222522735595703
2024-04-10 13:12:42,0.0013866369845345,0.4267530441284179,30.5859375,0.0006867772899568,0.4858356714248657,24.40625,26.89471435546875,0.4525779485702514,1018.0682849884032,19.222522735595703
2024-04-10 13:12:43,0.0013866369845345,0.4267530441284179,30.5859375,0.0006867772899568,0.4858356714248657,24.40625,26.89471435546875,0.4525779485702514,1018.0682849884032,19.230344772338867
2024-04-10 13:12:44,0.0012005411554127,0.4655487835407257,30.5625,0.0006867772899568,0.4858356714248657,24.40625,26.89471435546875,0.4525779485702514,1018.0682849884032,19.230344772338867
2024-04-10 13:12:45,0.0012005411554127,0.4655487835407257,30.5625,0.0006099567981436,0.5263220071792603,24.3671875,26.89471435546875,0.4525779485702514,1018.0682849884032,19.230344772338867
2024-04-10 13:12:46,0.0012005411554127,0.4655487835407257,30.5625,0.0006099567981436,0.5263220071792603,24.3671875,26.89471435546875,0.4525779485702514,1018.0786991119384,19.230344772338867
2024-04-10 13:12:47,0.0012005411554127,0.4655487835407257,30.5625,0.0006099567981436,0.5263220071792603,24.3671875,26.86383056640625,0.4525779485702514,1018.0786991119384,19.230344772338867
2024-04-10 13:12:48,0.0012005411554127,0.4655487835407257,30.5625,0.0006099567981436,0.5263220071792603,24.3671875,26.86383056640625,0.4525779485702514,1018.0786991119384,19.230344772338867
2024-04-10 13:12:49,0.0012005411554127,0.4655487835407257,30.5625,0.0006099567981436,0.5263220071792603,24.3671875,26.86383056640625,0.4525779485702514,1018.0786991119384,19.230344772338867
2024-04-10 13:12:50,0.0012005411554127,0.4655487835407257,30.5625,0.0006099567981436,0.5263220071792603,24.3671875,26.86383056640625,0.4525779485702514,1018.0786991119384,19.230344772338867
2024-04-10 13:12:51,0.0012005411554127,0.4655487835407257,30.5625,0.0006099567981436,0.5263220071792603,24.3671875,26.86383056640625,0.4525779485702514,1018.0786991119384,19.238916397094727
2024-04-10 13:12:52,0.0012005411554127,0.4655487835407257,30.5625,0.0006099567981436,0.5263220071792603,24.3671875,26.86383056640625,0.4525779485702514,1018.0786991119384,19.238916397094727
2024-04-10 13:12:53,0.0008031405741348,0.4267530441284179,30.5390625,0.0006099567981436,0.5263220071792603,24.3671875,26.86383056640625,0.4525779485702514,1018.06791305542,19.238916397094727
2024-04-10 13:12:54,0.0008031405741348,0.4267530441284179,30.5390625,0.0005037076189182,0.56680828332901,24.34375,26.86383056640625,0.4525779485702514,1018.06791305542,19.238916397094727
2024-04-10 13:12:55,0.0008031405741348,0.4267530441284179,30.5390625,0.0005037076189182,0.56680828332901,24.34375,26.86383056640625,0.4525779485702514,1018.06791305542,19.238916397094727
2024-04-10 13:12:56,0.0008031405741348,0.4267530441284179,30.5390625,0.0005037076189182,0.56680828332901,24.34375,26.82818603515625,0.4525779485702514,1018.06791305542,19.238916397094727
2024-04-10 13:12:57,0.0008031405741348,0.4267530441284179,30.5390625,0.0005037076189182,0.56680828332901,24.34375,26.82818603515625,0.4525779485702514,1018.06791305542,19.238916397094727
2024-04-10 13:12:58,0.0008031405741348,0.4267530441284179,30.5390625,0.0005037076189182,0.56680828332901,24.34375,26.82818603515625,0.4525779485702514,1018.06791305542,19.238916397094727
2024-04-10 13:12:59,0.0008031405741348,0.4267530441284179,30.5390625,0.0005037076189182,0.56680828332901,24.34375,26.82818603515625,0.4525779485702514,1018.06791305542,19.252614974975582
2024-04-10 13:13:00,0.0015836410457268,0.4267530441284179,30.4921875,0.0003377657558303,0.4858356714248657,24.3125,26.82818603515625,0.4525779485702514,1018.06791305542,19.252614974975582
2024-04-10 13:13:01,0.0015836410457268,0.4267530441284179,30.4921875,0.0003377657558303,0.4858356714248657,24.3125,26.82818603515625,0.4525779485702514,1018.06791305542,19.252614974975582
2024-04-10 13:13:02,0.0015836410457268,0.4267530441284179,30.4921875,0.0003377657558303,0.4858356714248657,24.3125,26.82818603515625,0.4525779485702514,1018.06791305542,19.252614974975582
2024-04-10 13:13:03,0.0015836410457268,0.4267530441284179,30.4921875,0.0003377657558303,0.4858356714248657,24.3125,26.879852294921875,0.4525779485702514,1018.06791305542,19.252614974975582
2024-04-10 13:13:04,0.0015836410457268,0.4267530441284179,30.4921875,0.0003377657558303,0.4858356714248657,24.3125,26.879852294921875,0.4525779485702514,1018.0764389038086,19.252614974975582
2024-04-10 13:13:05,0.0015836410457268,0.4267530441284179,30.4921875,0.0003377657558303,0.4858356714248657,24.3125,26.879852294921875,0.4525779485702514,1018.0764389038086,19.252614974975582
2024-04-10 13:13:06,0.0015836410457268,0.4267530441284179,30.4921875,0.0003377657558303,0.4858356714248657,24.3125,26.879852294921875,0.4525779485702514,1018.0764389038086,19.26701164245605
2024-04-10 13:13:07,0.0015836410457268,0.4267530441284179,30.4921875,0.0003377657558303,0.4858356714248657,24.3125,26.879852294921875,0.4525779485702514,1018.0764389038086,19.26701164245605
2024-04-10 13:13:08,0.0011173735838383,0.3879573345184326,30.4921875,0.0003377657558303,0.4858356714248657,24.3125,26.879852294921875,0.4525779485702514,1018.0764389038086,19.26701164245605
2024-04-10 13:13:09,0.0011173735838383,0.3879573345184326,30.4921875,0.0009179675253108,0.4858356714248657,24.296875,26.879852294921875,0.4525779485702514,1018.0764389038086,19.26701164245605
2024-04-10 13:13:10,0.0011173735838383,0.3879573345184326,30.4921875,0.0009179675253108,0.4858356714248657,24.296875,26.879852294921875,0.4525779485702514,1018.0764389038086,19.26701164245605
2024-04-10 13:13:11,0.0011173735838383,0.3879573345184326,30.4921875,0.0009179675253108,0.4858356714248657,24.296875,26.82015991210937,0.4525779485702514,1018.0764389038086,19.26701164245605
2024-04-10 13:13:12,0.0011173735838383,0.3879573345184326,30.4921875,0.0009179675253108,0.4858356714248657,24.296875,26.82015991210937,0.4525779485702514,1018.1035041809082,19.26701164245605
2024-04-10 13:13:13,0.0011173735838383,0.3879573345184326,30.4921875,0.0009179675253108,0.4858356714248657,24.296875,26.82015991210937,0.4525779485702514,1018.1035041809082,19.281328201293945
2024-04-10 13:13:14,0.0011173735838383,0.3879573345184326,30.4921875,0.0009179675253108,0.4858356714248657,24.296875,26.82015991210937,0.4525779485702514,1018.1035041809082,19.281328201293945
2024-04-10 13:13:15,0.0011173735838383,0.3879573345184326,30.4921875,0.0009179675253108,0.4858356714248657,24.296875,26.82015991210937,0.4525779485702514,1018.1035041809082,19.281328201293945
2024-04-10 13:13:16,0.0014929339522495,0.3879573345184326,30.453125,0.0009179675253108,0.4858356714248657,24.296875,26.82015991210937,0.4525779485702514,1018.1035041809082,19.281328201293945
2024-04-10 13:13:17,0.0014929339522495,0.3879573345184326,30.453125,0.000277720275335,0.5263220071792603,24.265625,26.82015991210937,0.4525779485702514,1018.0648231506348,19.281328201293945
2024-04-10 13:13:18,0.0014929339522495,0.3879573345184326,30.453125,0.000277720275335,0.5263220071792603,24.265625,26.82015991210937,0.4525779485702514,1018.0648231506348,19.281328201293945
2024-04-10 13:13:19,0.0014929339522495,0.3879573345184326,30.453125,0.000277720275335,0.5263220071792603,24.265625,26.82015991210937,0.4525779485702514,1018.0648231506348,19.281328201293945
2024-04-10 13:13:20,0.0014929339522495,0.3879573345184326,30.453125,0.000277720275335,0.5263220071792603,24.265625,26.82015991210937,0.4525779485702514,1018.0648231506348,19.281328201293945
2024-04-10 13:13:21,0.0014929339522495,0.3879573345184326,30.453125,0.000277720275335,0.5263220071792603,24.265625,26.74383544921875,0.4525779485702514,1018.0648231506348,19.281328201293945
2024-04-10 13:13:22,0.0014929339522495,0.3879573345184326,30.453125,0.000277720275335,0.5263220071792603,24.265625,26.74383544921875,0.4525779485702514,1018.0648231506348,19.28529930114746
2024-04-10 13:13:23,0.0014929339522495,0.3879573345184326,30.453125,0.000277720275335,0.5263220071792603,24.265625,26.74383544921875,0.4525779485702514,1018.0648231506348,19.28529930114746
2024-04-10 13:13:24,0.0014929339522495,0.3879573345184326,30.453125,0.000277720275335,0.5263220071792603,24.265625,26.74383544921875,0.4525779485702514,1018.0648231506348,19.28529930114746
2024-04-10 13:13:25,0.0017826601397246,0.3879573345184326,30.40625,0.0005858842632733,0.5263220071792603,24.234375,26.74383544921875,0.4525779485702514,1018.0648231506348,19.28529930114746
2024-04-10 13:13:26,0.0017826601397246,0.3879573345184326,30.40625,0.0005858842632733,0.5263220071792603,24.234375,26.74383544921875,0.4525779485702514,1018.0021667480468,19.28529930114746
2024-04-10 13:13:27,0.0017826601397246,0.3879573345184326,30.40625,0.0005858842632733,0.5263220071792603,24.234375,26.74383544921875,0.4525779485702514,1018.0021667480468,19.28529930114746
2024-04-10 13:13:28,0.0017826601397246,0.3879573345184326,30.40625,0.0005858842632733,0.5263220071792603,24.234375,26.7196044921875,0.4525779485702514,1018.0021667480468,19.28529930114746
2024-04-10 13:13:29,0.0017826601397246,0.3879573345184326,30.40625,0.0005858842632733,0.5263220071792603,24.234375,26.7196044921875,0.4525779485702514,1018.0021667480468,19.30152702331543
2024-04-10 13:13:30,0.0017826601397246,0.3879573345184326,30.40625,0.0005858842632733,0.5263220071792603,24.234375,26.7196044921875,0.453485369682312,1018.0021667480468,19.30152702331543
2024-04-10 13:13:31,0.0017826601397246,0.3879573345184326,30.40625,0.0005858842632733,0.5263220071792603,24.234375,26.7196044921875,0.453485369682312,1018.0021667480468,19.30152702331543
2024-04-10 13:13:32,0.0011155736865475,0.4267530441284179,30.40625,0.0003185837413184,0.4858356714248657,24.2265625,26.7196044921875,0.453485369682312,1018.0021667480468,19.30152702331543
2024-04-10 13:13:33,0.0011155736865475,0.4267530441284179,30.40625,0.0003185837413184,0.4858356714248657,24.2265625,26.7196044921875,0.453485369682312,1018.0021667480468,19.30152702331543
2024-04-10 13:13:34,0.0011155736865475,0.4267530441284179,30.40625,0.0003185837413184,0.4858356714248657,24.2265625,26.7196044921875,0.453485369682312,1018.0021667480468,19.30152702331543
2024-04-10 13:13:35,0.0011155736865475,0.4267530441284179,30.40625,0.0003185837413184,0.4858356714248657,24.2265625,26.7196044921875,0.453485369682312,1018.0021667480468,19.30152702331543
2024-04-10 13:13:36,0.0011155736865475,0.4267530441284179,30.40625,0.0003185837413184,0.4858356714248657,24.2265625,26.7196044921875,0.453485369682312,1018.06396484375,19.30152702331543
2024-04-10 13:13:37,0.0011155736865475,0.4267530441284179,30.40625,0.0003185837413184,0.4858356714248657,24.2265625,26.57196044921875,0.453485369682312,1018.06396484375,19.29669761657715
2024-04-10 13:13:38,0.0011155736865475,0.4267530441284179,30.40625,0.0003185837413184,0.4858356714248657,24.2265625,26.57196044921875,0.453485369682312,1018.06396484375,19.29669761657715
2024-04-10 13:13:39,0.0011155736865475,0.4267530441284179,30.40625,0.0003185837413184,0.4858356714248657,24.2265625,26.57196044921875,0.453485369682312,1018.06396484375,19.29669761657715
2024-04-10 13:13:40,0.0014110098127275,0.4267530441284179,30.375,0.0003185837413184,0.4858356714248657,24.2265625,26.57196044921875,0.453485369682312,1018.06396484375,19.29669761657715
2024-04-10 13:13:41,0.0014110098127275,0.4267530441284179,30.375,0.000462775118649,0.4858356714248657,24.203125,26.57196044921875,0.453485369682312,1018.06396484375,19.29669761657715
2024-04-10 13:13:42,0.0014110098127275,0.4267530441284179,30.375,0.000462775118649,0.4858356714248657,24.203125,26.57196044921875,0.453485369682312,1018.06396484375,19.29669761657715
2024-04-10 13:13:43,0.0014110098127275,0.4267530441284179,30.375,0.000462775118649,0.4858356714248657,24.203125,26.57196044921875,0.453485369682312,1018.0425643920898,19.29669761657715
2024-04-10 13:13:44,0.0014110098127275,0.4267530441284179,30.375,0.000462775118649,0.4858356714248657,24.203125,26.507232666015625,0.453485369682312,1018.0425643920898,19.29669761657715
2024-04-10 13:13:45,0.0014110098127275,0.4267530441284179,30.375,0.000462775118649,0.4858356714248657,24.203125,26.507232666015625,0.453485369682312,1018.0425643920898,19.29669761657715
2024-04-10 13:13:46,0.0014110098127275,0.4267530441284179,30.375,0.000462775118649,0.4858356714248657,24.203125,26.507232666015625,0.453485369682312,1018.0425643920898,19.298311233520508
2024-04-10 13:13:47,0.0014110098127275,0.4267530441284179,30.375,0.000462775118649,0.4858356714248657,24.203125,26.507232666015625,0.453485369682312,1018.0425643920898,19.298311233520508
2024-04-10 13:13:48,0.0014110098127275,0.4267530441284179,30.375,0.0006968206726014,0.5263220071792603,24.1796875,26.507232666015625,0.453485369682312,1018.0425643920898,19.298311233520508
2024-04-10 13:13:49,0.001012280350551,0.4267530441284179,30.34375,0.0006968206726014,0.5263220071792603,24.1796875,26.507232666015625,0.453485369682312,1018.0425643920898,19.298311233520508
2024-04-10 13:13:50,0.001012280350551,0.4267530441284179,30.34375,0.0006968206726014,0.5263220071792603,24.1796875,26.507232666015625,0.453485369682312,1018.0893993377686,19.298311233520508
2024-04-10 13:13:51,0.001012280350551,0.4267530441284179,30.34375,0.0006968206726014,0.5263220071792603,24.1796875,26.507232666015625,0.453485369682312,1018.0893993377686,19.298311233520508
2024-04-10 13:13:52,0.001012280350551,0.4267530441284179,30.34375,0.0006968206726014,0.5263220071792603,24.1796875,26.480438232421875,0.453485369682312,1018.0893993377686,19.298311233520508
2024-04-10 13:13:53,0.001012280350551,0.4267530441284179,30.34375,0.0006968206726014,0.5263220071792603,24.1796875,26.480438232421875,0.453485369682312,1018.0893993377686,19.298311233520508
2024-04-10 13:13:54,0.001012280350551,0.4267530441284179,30.34375,0.0006968206726014,0.5263220071792603,24.1796875,26.480438232421875,0.453485369682312,1018.0893993377686,19.29863739013672
2024-04-10 13:13:55,0.001012280350551,0.4267530441284179,30.34375,0.0006968206726014,0.5263220071792603,24.1796875,26.480438232421875,0.453485369682312,1018.0893993377686,19.29863739013672
2024-04-10 13:13:56,0.001012280350551,0.4267530441284179,30.34375,0.0006968206726014,0.5263220071792603,24.1796875,26.480438232421875,0.453485369682312,1018.0893993377686,19.29863739013672
2024-04-10 13:13:57,0.0015759425004944,0.4267530441284179,30.3515625,0.0004320502921473,0.4858356714248657,24.15625,26.480438232421875,0.453485369682312,1018.0893993377686,19.29863739013672
2024-04-10 13:13:58,0.0015759425004944,0.4267530441284179,30.3515625,0.0004320502921473,0.4858356714248657,24.15625,26.480438232421875,0.453485369682312,1018.0705738067628,19.29863739013672
2024-04-10 13:13:59,0.0015759425004944,0.4267530441284179,30.3515625,0.0004320502921473,0.4858356714248657,24.15625,26.39788818359375,0.453485369682312,1018.0705738067628,19.29863739013672
2024-04-10 13:14:00,0.0015759425004944,0.4267530441284179,30.3515625,0.0004320502921473,0.4858356714248657,24.15625,26.39788818359375,0.453485369682312,1018.0705738067628,19.29863739013672
2024-04-10 13:14:01,0.0015759425004944,0.4267530441284179,30.3515625,0.0004320502921473,0.4858356714248657,24.15625,26.39788818359375,0.453485369682312,1018.0705738067628,19.29863739013672
2024-04-10 13:14:02,0.0015759425004944,0.4267530441284179,30.3515625,0.0004320502921473,0.4858356714248657,24.15625,26.39788818359375,0.453485369682312,1018.0705738067628,19.29863739013672
2024-04-10 13:14:03,0.0015759425004944,0.4267530441284179,30.3515625,0.0004320502921473,0.4858356714248657,24.15625,26.39788818359375,0.453485369682312,1018.0705738067628,19.29718399047852
2024-04-10 13:14:04,0.0009992074919864,0.4267530441284179,30.2734375,0.0004320502921473,0.4858356714248657,24.15625,26.39788818359375,0.453485369682312,1018.0705738067628,19.29718399047852
2024-04-10 13:14:05,0.0009992074919864,0.4267530441284179,30.2734375,0.0004350141971372,0.5263220071792603,24.125,26.39788818359375,0.453485369682312,1018.1273078918456,19.29718399047852
2024-04-10 13:14:06,0.0009992074919864,0.4267530441284179,30.2734375,0.0004350141971372,0.5263220071792603,24.125,26.39788818359375,0.453485369682312,1018.1273078918456,19.29718399047852
2024-04-10 13:14:07,0.0009992074919864,0.4267530441284179,30.2734375,0.0004350141971372,0.5263220071792603,24.125,26.323150634765625,0.453485369682312,1018.1273078918456,19.29718399047852
2024-04-10 13:14:08,0.0009992074919864,0.4267530441284179,30.2734375,0.0004350141971372,0.5263220071792603,24.125,26.323150634765625,0.453485369682312,1018.1273078918456,19.29718399047852
2024-04-10 13:14:09,0.0009992074919864,0.4267530441284179,30.2734375,0.0004350141971372,0.5263220071792603,24.125,26.323150634765625,0.453485369682312,1018.1273078918456,19.29718399047852
2024-04-10 13:14:10,0.0009992074919864,0.4267530441284179,30.2734375,0.0004350141971372,0.5263220071792603,24.125,26.323150634765625,0.453485369682312,1018.1273078918456,19.289453506469727
2024-04-10 13:14:11,0.0009992074919864,0.4267530441284179,30.2734375,0.0004350141971372,0.5263220071792603,24.125,26.323150634765625,0.453485369682312,1018.1273078918456,19.289453506469727
2024-04-10 13:14:12,0.0009992074919864,0.4267530441284179,30.2734375,0.0004350141971372,0.5263220071792603,24.125,26.323150634765625,0.453485369682312,1018.1273078918456,19.289453506469727
2024-04-10 13:14:13,0.0009992074919864,0.4267530441284179,30.2734375,0.0005132764345034,0.5263220071792603,24.0859375,26.323150634765625,0.453485369682312,1018.1169509887696,19.289453506469727
2024-04-10 13:14:14,0.0009992074919864,0.4267530441284179,30.2734375,0.0005132764345034,0.5263220071792603,24.0859375,26.323150634765625,0.453485369682312,1018.1169509887696,19.289453506469727
2024-04-10 13:14:15,0.0015050511574372,0.4267530441284179,30.25,0.0005132764345034,0.5263220071792603,24.0859375,26.388702392578125,0.453485369682312,1018.1169509887696,19.289453506469727
2024-04-10 13:14:16,0.0015050511574372,0.4267530441284179,30.25,0.0005132764345034,0.5263220071792603,24.0859375,26.388702392578125,0.453485369682312,1018.1169509887696,19.289453506469727
2024-04-10 13:14:17,0.0015050511574372,0.4267530441284179,30.25,0.0005132764345034,0.5263220071792603,24.0859375,26.388702392578125,0.453485369682312,1018.1169509887696,19.289453506469727
2024-04-10 13:14:18,0.0015050511574372,0.4267530441284179,30.25,0.0005132764345034,0.5263220071792603,24.0859375,26.388702392578125,0.453485369682312,1018.1169509887696,19.29450035095215
2024-04-10 13:14:19,0.0015050511574372,0.4267530441284179,30.25,0.0005132764345034,0.5263220071792603,24.0859375,26.388702392578125,0.453485369682312,1018.1169509887696,19.29450035095215
2024-04-10 13:14:20,0.0015050511574372,0.4267530441284179,30.25,0.0004817275621462,0.4858356714248657,24.0703125,26.388702392578125,0.453485369682312,1018.1169509887696,19.29450035095215
2024-04-10 13:14:21,0.0011862011160701,0.3879573345184326,30.2109375,0.0004817275621462,0.4858356714248657,24.0703125,26.388702392578125,0.453485369682312,1018.1169509887696,19.29450035095215
2024-04-10 13:14:22,0.0011862011160701,0.3879573345184326,30.2109375,0.0004817275621462,0.4858356714248657,24.0703125,26.388702392578125,0.453485369682312,1018.1169509887696,19.29450035095215
2024-04-10 13:14:23,0.0011862011160701,0.3879573345184326,30.2109375,0.0004817275621462,0.4858356714248657,24.0703125,26.38949584960937,0.453485369682312,1018.1169509887696,19.29450035095215
2024-04-10 13:14:24,0.0011862011160701,0.3879573345184326,30.2109375,0.0004817275621462,0.4858356714248657,24.0703125,26.38949584960937,0.453485369682312,1018.1169509887696,19.29450035095215
2024-04-10 13:14:25,0.0011862011160701,0.3879573345184326,30.2109375,0.0004817275621462,0.4858356714248657,24.0703125,26.38949584960937,0.453485369682312,1018.1169509887696,19.30042266845703
2024-04-10 13:14:26,0.0011862011160701,0.3879573345184326,30.2109375,0.0004817275621462,0.4858356714248657,24.0703125,26.38949584960937,0.453485369682312,1018.0523777008056,19.30042266845703
2024-04-10 13:14:27,0.0011862011160701,0.3879573345184326,30.2109375,0.0004817275621462,0.4858356714248657,24.0703125,26.38949584960937,0.453485369682312,1018.0523777008056,19.30042266845703
2024-04-10 13:14:28,0.0011862011160701,0.3879573345184326,30.2109375,0.0003195748431608,0.4858356714248657,24.046875,26.38949584960937,0.4524033069610595,1018.0523777008056,19.30042266845703
2024-04-10 13:14:29,0.0009489321964792,0.4267530441284179,30.1875,0.0003195748431608,0.4858356714248657,24.046875,26.38949584960937,0.4524033069610595,1018.0523777008056,19.30042266845703
2024-04-10 13:14:30,0.0009489321964792,0.4267530441284179,30.1875,0.0003195748431608,0.4858356714248657,24.046875,26.38949584960937,0.4524033069610595,1018.0523777008056,19.30042266845703
2024-04-10 13:14:31,0.0009489321964792,0.4267530441284179,30.1875,0.0003195748431608,0.4858356714248657,24.046875,26.38949584960937,0.4524033069610595,1018.0825901031494,19.30042266845703
2024-04-10 13:14:32,0.0009489321964792,0.4267530441284179,30.1875,0.0003195748431608,0.4858356714248657,24.046875,26.38949584960937,0.4524033069610595,1018.0825901031494,19.30042266845703
2024-04-10 13:14:33,0.0009489321964792,0.4267530441284179,30.1875,0.0003195748431608,0.4858356714248657,24.046875,26.34310913085937,0.4524033069610595,1018.0825901031494,19.309497833251957
2024-04-10 13:14:34,0.0009489321964792,0.4267530441284179,30.1875,0.0003195748431608,0.4858356714248657,24.046875,26.34310913085937,0.4524033069610595,1018.0825901031494,19.309497833251957
2024-04-10 13:14:35,0.0009489321964792,0.4267530441284179,30.1875,0.0003195748431608,0.4858356714248657,24.046875,26.34310913085937,0.4524033069610595,1018.0825901031494,19.309497833251957
2024-04-10 13:14:36,0.0021307135466486,0.4267530441284179,30.171875,0.0003195748431608,0.4858356714248657,24.046875,26.34310913085937,0.4524033069610595,1018.0825901031494,19.309497833251957
2024-04-10 13:14:37,0.0021307135466486,0.4267530441284179,30.171875,0.0004179722454864,0.4858356714248657,24.0078125,26.34310913085937,0.4524033069610595,1018.0812740325928,19.309497833251957
2024-04-10 13:14:38,0.0021307135466486,0.4267530441284179,30.171875,0.0004179722454864,0.4858356714248657,24.0078125,26.34310913085937,0.4524033069610595,1018.0812740325928,19.309497833251957
2024-04-10 13:14:39,0.0021307135466486,0.4267530441284179,30.171875,0.0004179722454864,0.4858356714248657,24.0078125,26.34310913085937,0.4524033069610595,1018.0812740325928,19.309497833251957
2024-04-10 13:14:40,0.0021307135466486,0.4267530441284179,30.171875,0.0004179722454864,0.4858356714248657,24.0078125,26.3045654296875,0.4524033069610595,1018.0812740325928,19.309497833251957
2024-04-10 13:14:41,0.0021307135466486,0.4267530441284179,30.171875,0.0004179722454864,0.4858356714248657,24.0078125,26.3045654296875,0.4524033069610595,1018.0812740325928,19.320261001586918
2024-04-10 13:14:42,0.0021307135466486,0.4267530441284179,30.171875,0.0004179722454864,0.4858356714248657,24.0078125,26.3045654296875,0.4524033069610595,1018.0812740325928,19.320261001586918
2024-04-10 13:14:43,0.0021307135466486,0.4267530441284179,30.171875,0.0004179722454864,0.4858356714248657,24.0078125,26.3045654296875,0.4524033069610595,1018.0812740325928,19.320261001586918
2024-04-10 13:14:44,0.0021307135466486,0.4267530441284179,30.171875,0.0003956448927056,0.5263220071792603,23.9921875,26.3045654296875,0.4524033069610595,1018.0812740325928,19.320261001586918
2024-04-10 13:14:45,0.0015541089233011,0.4267530441284179,30.140625,0.0003956448927056,0.5263220071792603,23.9921875,26.3045654296875,0.4524033069610595,1018.0812740325928,19.320261001586918
2024-04-10 13:14:46,0.0015541089233011,0.4267530441284179,30.140625,0.0003956448927056,0.5263220071792603,23.9921875,26.3045654296875,0.4524033069610595,1018.0799293518066,19.320261001586918
2024-04-10 13:14:47,0.0015541089233011,0.4267530441284179,30.140625,0.0003956448927056,0.5263220071792603,23.9921875,26.3045654296875,0.4524033069610595,1018.0799293518066,19.320261001586918
2024-04-10 13:14:48,0.0015541089233011,0.4267530441284179,30.140625,0.0003956448927056,0.5263220071792603,23.9921875,26.37713623046875,0.4524033069610595,1018.0799293518066,19.320261001586918
2024-04-10 13:14:49,0.0015541089233011,0.4267530441284179,30.140625,0.0003956448927056,0.5263220071792603,23.9921875,26.37713623046875,0.4524033069610595,1018.0799293518066,19.320261001586918
2024-04-10 13:14:50,0.0015541089233011,0.4267530441284179,30.140625,0.0003956448927056,0.5263220071792603,23.9921875,26.37713623046875,0.4524033069610595,1018.0799293518066,19.320261001586918
2024-04-10 13:14:51,0.0015541089233011,0.4267530441284179,30.140625,0.0003956448927056,0.5263220071792603,23.9921875,26.37713623046875,0.4524033069610595,1018.0799293518066,19.31935691833496
2024-04-10 13:14:52,0.0013062596553936,0.4267530441284179,30.109375,0.0004198719689156,0.5263220071792603,23.9609375,26.37713623046875,0.4524033069610595,1018.0799293518066,19.31935691833496
2024-04-10 13:14:53,0.0013062596553936,0.4267530441284179,30.109375,0.0004198719689156,0.5263220071792603,23.9609375,26.37713623046875,0.4524033069610595,1018.0799293518066,19.31935691833496
2024-04-10 13:14:54,0.0013062596553936,0.4267530441284179,30.109375,0.0004198719689156,0.5263220071792603,23.9609375,26.37713623046875,0.4524033069610595,1018.0811309814452,19.31935691833496
2024-04-10 13:14:55,0.0013062596553936,0.4267530441284179,30.109375,0.0004198719689156,0.5263220071792603,23.9609375,26.37713623046875,0.4524033069610595,1018.0811309814452,19.31935691833496
2024-04-10 13:14:56,0.0013062596553936,0.4267530441284179,30.109375,0.0004198719689156,0.5263220071792603,23.9609375,26.360504150390625,0.4524033069610595,1018.0811309814452,19.31935691833496
2024-04-10 13:14:57,0.0013062596553936,0.4267530441284179,30.109375,0.0004198719689156,0.5263220071792603,23.9609375,26.360504150390625,0.4524033069610595,1018.0811309814452,19.31935691833496
2024-04-10 13:14:58,0.0013062596553936,0.4267530441284179,30.109375,0.0004198719689156,0.5263220071792603,23.9609375,26.360504150390625,0.4524033069610595,1018.0811309814452,19.316238403320312
2024-04-10 13:14:59,0.0013062596553936,0.4267530441284179,30.109375,0.0004198719689156,0.5263220071792603,23.9609375,26.360504150390625,0.4524033069610595,1018.0811309814452,19.316238403320312
2024-04-10 13:15:00,0.0017619170248508,0.3879573345184326,30.0859375,0.0004198719689156,0.5263220071792603,23.9609375,26.360504150390625,0.4524033069610595,1018.0811309814452,19.316238403320312
2024-04-10 13:15:01,0.0017619170248508,0.3879573345184326,30.0859375,0.000611221184954,0.56680828332901,23.921875,26.360504150390625,0.4524033069610595,1018.0741214752196,19.316238403320312
2024-04-10 13:15:02,0.0017619170248508,0.3879573345184326,30.0859375,0.000611221184954,0.56680828332901,23.921875,26.360504150390625,0.4524033069610595,1018.0741214752196,19.316238403320312
2024-04-10 13:15:03,0.0017619170248508,0.3879573345184326,30.0859375,0.000611221184954,0.56680828332901,23.921875,26.360504150390625,0.4524033069610595,1018.0741214752196,19.316238403320312
2024-04-10 13:15:04,0.0017619170248508,0.3879573345184326,30.0859375,0.000611221184954,0.56680828332901,23.921875,26.4217529296875,0.4524033069610595,1018.0741214752196,19.316238403320312
2024-04-10 13:15:05,0.0017619170248508,0.3879573345184326,30.0859375,0.000611221184954,0.56680828332901,23.921875,26.4217529296875,0.4524033069610595,1018.0741214752196,19.316238403320312
2024-04-10 13:15:06,0.0017619170248508,0.3879573345184326,30.0859375,0.000611221184954,0.56680828332901,23.921875,26.4217529296875,0.4524033069610595,1018.0741214752196,19.327035903930664
2024-04-10 13:15:07,0.0017619170248508,0.3879573345184326,30.0859375,0.000611221184954,0.56680828332901,23.921875,26.4217529296875,0.4524033069610595,1018.0741214752196,19.327035903930664
2024-04-10 13:15:08,0.0010560096707195,0.4267530441284179,30.0859375,0.000611221184954,0.56680828332901,23.921875,26.4217529296875,0.4524033069610595,1018.0741214752196,19.327035903930664
2024-04-10 13:15:09,0.0010560096707195,0.4267530441284179,30.0859375,0.0003265784180257,0.4858356714248657,23.90625,26.4217529296875,0.4524033069610595,1018.0741214752196,19.327035903930664
2024-04-10 13:15:10,0.0010560096707195,0.4267530441284179,30.0859375,0.0003265784180257,0.4858356714248657,23.90625,26.4217529296875,0.4524033069610595,1018.0889701843262,19.327035903930664
2024-04-10 13:15:11,0.0010560096707195,0.4267530441284179,30.0859375,0.0003265784180257,0.4858356714248657,23.90625,26.4217529296875,0.4524033069610595,1018.0889701843262,19.327035903930664
2024-04-10 13:15:12,0.0010560096707195,0.4267530441284179,30.0859375,0.0003265784180257,0.4858356714248657,23.90625,26.4217529296875,0.4524033069610595,1018.0889701843262,19.327035903930664
2024-04-10 13:15:13,0.0010560096707195,0.4267530441284179,30.0859375,0.0003265784180257,0.4858356714248657,23.90625,26.4217529296875,0.4524033069610595,1018.0889701843262,19.327035903930664
2024-04-10 13:15:14,0.0010560096707195,0.4267530441284179,30.0859375,0.0003265784180257,0.4858356714248657,23.90625,26.36483764648437,0.4524033069610595,1018.0889701843262,19.330446243286133
2024-04-10 13:15:15,0.0010560096707195,0.4267530441284179,30.0859375,0.0003265784180257,0.4858356714248657,23.90625,26.36483764648437,0.4524033069610595,1018.0889701843262,19.330446243286133
2024-04-10 13:15:16,0.0010560096707195,0.4267530441284179,30.0859375,0.0007285512401722,1.012157678604126,23.921875,26.36483764648437,0.4524033069610595,1018.0889701843262,19.330446243286133
2024-04-10 13:15:17,0.0022086999379098,0.3879573345184326,30.0546875,0.0007285512401722,1.012157678604126,23.921875,26.36483764648437,0.4524033069610595,1018.0889701843262,19.330446243286133
2024-04-10 13:15:18,0.0022086999379098,0.3879573345184326,30.0546875,0.0007285512401722,1.012157678604126,23.921875,26.36483764648437,0.4524033069610595,1018.1219291687012,19.330446243286133
2024-04-10 13:15:19,0.0022086999379098,0.3879573345184326,30.0546875,0.0007285512401722,1.012157678604126,23.921875,26.41903686523437,0.4524033069610595,1018.1219291687012,19.330446243286133
2024-04-10 13:15:20,0.0022086999379098,0.3879573345184326,30.0546875,0.0007285512401722,1.012157678604126,23.921875,26.41903686523437,0.4524033069610595,1018.1219291687012,19.330446243286133
2024-04-10 13:15:21,0.0022086999379098,0.3879573345184326,30.0546875,0.0007285512401722,1.012157678604126,23.921875,26.41903686523437,0.4524033069610595,1018.1219291687012,19.330446243286133
2024-04-10 13:15:22,0.0022086999379098,0.3879573345184326,30.0546875,0.0007285512401722,1.012157678604126,23.921875,26.41903686523437,0.4524033069610595,1018.1219291687012,19.317073822021484
2024-04-10 13:15:23,0.0022086999379098,0.3879573345184326,30.0546875,0.0007285512401722,1.012157678604126,23.921875,26.41903686523437,0.4524033069610595,1018.1219291687012,19.317073822021484
2024-04-10 13:15:24,0.0010683166328817,0.4267530441284179,30.0390625,0.0004418693133629,0.5263220071792603,23.8828125,26.41903686523437,0.4524033069610595,1018.1219291687012,19.317073822021484
2024-04-10 13:15:25,0.0010683166328817,0.4267530441284179,30.0390625,0.0004418693133629,0.5263220071792603,23.8828125,26.41903686523437,0.4524033069610595,1018.0759811401368,19.317073822021484
2024-04-10 13:15:26,0.0010683166328817,0.4267530441284179,30.0390625,0.0004418693133629,0.5263220071792603,23.8828125,26.41903686523437,0.4524033069610595,1018.0759811401368,19.317073822021484
2024-04-10 13:15:27,0.0010683166328817,0.4267530441284179,30.0390625,0.0004418693133629,0.5263220071792603,23.8828125,26.268585205078125,0.4504561722278595,1018.0759811401368,19.317073822021484
2024-04-10 13:15:28,0.0010683166328817,0.4267530441284179,30.0390625,0.0004418693133629,0.5263220071792603,23.8828125,26.268585205078125,0.4504561722278595,1018.0759811401368,19.317073822021484
2024-04-10 13:15:29,0.0010683166328817,0.4267530441284179,30.0390625,0.0004418693133629,0.5263220071792603,23.8828125,26.268585205078125,0.4504561722278595,1018.0759811401368,19.317073822021484
2024-04-10 13:15:30,0.0010683166328817,0.4267530441284179,30.0390625,0.0004418693133629,0.5263220071792603,23.8828125,26.268585205078125,0.4504561722278595,1018.0759811401368,19.31715965270996
2024-04-10 13:15:31,0.0010683166328817,0.4267530441284179,30.0390625,0.0004418693133629,0.5263220071792603,23.8828125,26.268585205078125,0.4504561722278595,1018.0759811401368,19.31715965270996
2024-04-10 13:15:32,0.0015727014979347,0.4267530441284179,30.015625,0.0004418693133629,0.5263220071792603,23.8828125,26.268585205078125,0.4504561722278595,1018.0759811401368,19.31715965270996
2024-04-10 13:15:33,0.0015727014979347,0.4267530441284179,30.015625,0.0006253641913644,0.4858356714248657,23.8359375,26.268585205078125,0.4504561722278595,1018.0759811401368,19.31715965270996
2024-04-10 13:15:34,0.0015727014979347,0.4267530441284179,30.015625,0.0006253641913644,0.4858356714248657,23.8359375,26.17431640625,0.4504561722278595,1018.0759811401368,19.31715965270996
2024-04-10 13:15:35,0.0015727014979347,0.4267530441284179,30.015625,0.0006253641913644,0.4858356714248657,23.8359375,26.17431640625,0.4504561722278595,1018.0759811401368,19.31715965270996
2024-04-10 13:15:36,0.0015727014979347,0.4267530441284179,30.015625,0.0006253641913644,0.4858356714248657,23.8359375,26.17431640625,0.4504561722278595,1018.0759811401368,19.31715965270996
2024-04-10 13:15:37,0.0015727014979347,0.4267530441284179,30.015625,0.0006253641913644,0.4858356714248657,23.8359375,26.17431640625,0.4504561722278595,1018.0474853515624,19.31715965270996
2024-04-10 13:15:38,0.0015727014979347,0.4267530441284179,30.015625,0.0006253641913644,0.4858356714248657,23.8359375,26.17431640625,0.4504561722278595,1018.0474853515624,19.31715965270996
2024-04-10 13:15:39,0.0015727014979347,0.4267530441284179,30.015625,0.0006253641913644,0.4858356714248657,23.8359375,26.17431640625,0.4504561722278595,1018.0474853515624,19.327259063720703
2024-04-10 13:15:40,0.0015727014979347,0.4267530441284179,30.015625,0.0006253641913644,0.4858356714248657,23.8359375,26.17431640625,0.4504561722278595,1018.0474853515624,19.327259063720703
2024-04-10 13:15:41,0.0011787506518885,0.4267530441284179,30.015625,0.0004157465882599,0.4858356714248657,23.84375,26.17431640625,0.4504561722278595,1018.0474853515624,19.327259063720703
2024-04-10 13:15:42,0.0011787506518885,0.4267530441284179,30.015625,0.0004157465882599,0.4858356714248657,23.84375,26.17431640625,0.4504561722278595,1018.0924320220948,19.327259063720703
2024-04-10 13:15:43,0.0011787506518885,0.4267530441284179,30.015625,0.0004157465882599,0.4858356714248657,23.84375,26.17431640625,0.4504561722278595,1018.0924320220948,19.327259063720703
2024-04-10 13:15:44,0.0011787506518885,0.4267530441284179,30.015625,0.0004157465882599,0.4858356714248657,23.84375,26.17431640625,0.4504561722278595,1018.0924320220948,19.327259063720703
2024-04-10 13:15:45,0.0011787506518885,0.4267530441284179,30.015625,0.0004157465882599,0.4858356714248657,23.84375,26.2156982421875,0.4504561722278595,1018.0924320220948,19.32672119140625
2024-04-10 13:15:46,0.0011787506518885,0.4267530441284179,30.015625,0.0004157465882599,0.4858356714248657,23.84375,26.2156982421875,0.4504561722278595,1018.0924320220948,19.32672119140625
2024-04-10 13:15:47,0.0011787506518885,0.4267530441284179,30.015625,0.0004157465882599,0.4858356714248657,23.84375,26.2156982421875,0.4504561722278595,1018.0924320220948,19.32672119140625
2024-04-10 13:15:48,0.0011787506518885,0.4267530441284179,30.015625,0.0004157465882599,0.4858356714248657,23.84375,26.2156982421875,0.4504561722278595,1018.0924320220948,19.32672119140625
2024-04-10 13:15:49,0.0013032279675826,0.4267530441284179,29.9765625,0.0007600969402119,0.5263220071792603,23.8125,26.2156982421875,0.4504561722278595,1018.0924320220948,19.32672119140625
2024-04-10 13:15:50,0.0013032279675826,0.4267530441284179,29.9765625,0.0007600969402119,0.5263220071792603,23.8125,26.2156982421875,0.4504561722278595,1018.0924320220948,19.32672119140625
2024-04-10 13:15:51,0.0013032279675826,0.4267530441284179,29.9765625,0.0007600969402119,0.5263220071792603,23.8125,26.250030517578125,0.4504561722278595,1018.1057357788086,19.32672119140625
2024-04-10 13:15:52,0.0013032279675826,0.4267530441284179,29.9765625,0.0007600969402119,0.5263220071792603,23.8125,26.250030517578125,0.4504561722278595,1018.1057357788086,19.32672119140625
2024-04-10 13:15:53,0.0013032279675826,0.4267530441284179,29.9765625,0.0007600969402119,0.5263220071792603,23.8125,26.250030517578125,0.4504561722278595,1018.1057357788086,19.32672119140625
2024-04-10 13:15:54,0.0013032279675826,0.4267530441284179,29.9765625,0.0007600969402119,0.5263220071792603,23.8125,26.250030517578125,0.4504561722278595,1018.1057357788086,19.32672119140625
2024-04-10 13:15:55,0.0013032279675826,0.4267530441284179,29.9765625,0.0007600969402119,0.5263220071792603,23.8125,26.250030517578125,0.4504561722278595,1018.1057357788086,19.32613754272461
2024-04-10 13:15:56,0.0013032279675826,0.4267530441284179,29.9765625,0.0007600969402119,0.5263220071792603,23.8125,26.250030517578125,0.4504561722278595,1018.1057357788086,19.32613754272461
2024-04-10 13:15:57,0.0008718227036297,0.4267530441284179,29.953125,0.0007600969402119,0.5263220071792603,23.8125,26.250030517578125,0.4504561722278595,1018.1057357788086,19.32613754272461
2024-04-10 13:15:58,0.0008718227036297,0.4267530441284179,29.953125,0.0007600969402119,0.5263220071792603,23.8125,26.250030517578125,0.4504561722278595,1018.041820526123,19.32613754272461
2024-04-10 13:15:59,0.0008718227036297,0.4267530441284179,29.953125,0.0004410943947732,0.5263220071792603,23.796875,26.250030517578125,0.4504561722278595,1018.041820526123,19.32613754272461
2024-04-10 13:16:00,0.0008718227036297,0.4267530441284179,29.953125,0.0004410943947732,0.5263220071792603,23.796875,26.214996337890625,0.4504561722278595,1018.041820526123,19.32613754272461
2024-04-10 13:16:01,0.0008718227036297,0.4267530441284179,29.953125,0.0004410943947732,0.5263220071792603,23.796875,26.214996337890625,0.4504561722278595,1018.041820526123,19.32613754272461
2024-04-10 13:16:02,0.0008718227036297,0.4267530441284179,29.953125,0.0004410943947732,0.5263220071792603,23.796875,26.214996337890625,0.4504561722278595,1018.041820526123,19.32613754272461
2024-04-10 13:16:03,0.0008718227036297,0.4267530441284179,29.953125,0.0004410943947732,0.5263220071792603,23.796875,26.214996337890625,0.4504561722278595,1018.041820526123,19.32452392578125
2024-04-10 13:16:04,0.0008718227036297,0.4267530441284179,29.953125,0.0004410943947732,0.5263220071792603,23.796875,26.214996337890625,0.4504561722278595,1018.041820526123,19.32452392578125
2024-04-10 13:16:05,0.0008718227036297,0.4267530441284179,29.953125,0.0008101520943455,0.56680828332901,23.765625,26.214996337890625,0.4504561722278595,1018.041820526123,19.32452392578125
2024-04-10 13:16:06,0.0013073590816929,0.4267530441284179,29.953125,0.0008101520943455,0.56680828332901,23.765625,26.214996337890625,0.4504561722278595,1018.08030128479,19.32452392578125
2024-04-10 13:16:07,0.0013073590816929,0.4267530441284179,29.953125,0.0008101520943455,0.56680828332901,23.765625,26.214996337890625,0.4504561722278595,1018.08030128479,19.32452392578125
2024-04-10 13:16:08,0.0013073590816929,0.4267530441284179,29.953125,0.0008101520943455,0.56680828332901,23.765625,26.2884521484375,0.4504561722278595,1018.08030128479,19.32452392578125
2024-04-10 13:16:09,0.0013073590816929,0.4267530441284179,29.953125,0.0008101520943455,0.56680828332901,23.765625,26.2884521484375,0.4504561722278595,1018.08030128479,19.32452392578125
2024-04-10 13:16:10,0.0013073590816929,0.4267530441284179,29.953125,0.0008101520943455,0.56680828332901,23.765625,26.2884521484375,0.4504561722278595,1018.08030128479,19.33491516113281
2024-04-10 13:16:11,0.0013073590816929,0.4267530441284179,29.953125,0.0008101520943455,0.56680828332901,23.765625,26.2884521484375,0.4504561722278595,1018.08030128479,19.33491516113281
2024-04-10 13:16:12,0.0013073590816929,0.4267530441284179,29.953125,0.0006558742024935,0.5263220071792603,23.75,26.2884521484375,0.4504561722278595,1018.08030128479,19.33491516113281
2024-04-10 13:16:13,0.0017149648629128,0.4655487835407257,29.9375,0.0006558742024935,0.5263220071792603,23.75,26.2884521484375,0.4504561722278595,1018.0584144592284,19.33491516113281
2024-04-10 13:16:14,0.0017149648629128,0.4655487835407257,29.9375,0.0006558742024935,0.5263220071792603,23.75,26.2884521484375,0.4504561722278595,1018.0584144592284,19.33491516113281
2024-04-10 13:16:15,0.0017149648629128,0.4655487835407257,29.9375,0.0006558742024935,0.5263220071792603,23.75,26.274444580078125,0.4504561722278595,1018.0584144592284,19.33491516113281
2024-04-10 13:16:16,0.0017149648629128,0.4655487835407257,29.9375,0.0006558742024935,0.5263220071792603,23.75,26.274444580078125,0.4504561722278595,1018.0584144592284,19.33491516113281
2024-04-10 13:16:17,0.0017149648629128,0.4655487835407257,29.9375,0.0006558742024935,0.5263220071792603,23.75,26.274444580078125,0.4504561722278595,1018.0584144592284,19.33491516113281
2024-04-10 13:16:18,0.0017149648629128,0.4655487835407257,29.9375,0.0006558742024935,0.5263220071792603,23.75,26.274444580078125,0.4504561722278595,1018.0584144592284,19.34534072875977
2024-04-10 13:16:19,0.0017149648629128,0.4655487835407257,29.9375,0.0006558742024935,0.5263220071792603,23.75,26.274444580078125,0.4504561722278595,1018.0584144592284,19.34534072875977
2024-04-10 13:16:20,0.0017149648629128,0.4655487835407257,29.9375,0.0006558742024935,0.5263220071792603,23.75,26.274444580078125,0.4504561722278595,1018.0584144592284,19.34534072875977
2024-04-10 13:16:21,0.0010433332063257,0.4267530441284179,29.921875,0.0004381113685667,0.4858356714248657,23.7265625,26.274444580078125,0.4504561722278595,1018.0795001983644,19.34534072875977
2024-04-10 13:16:22,0.0010433332063257,0.4267530441284179,29.921875,0.0004381113685667,0.4858356714248657,23.7265625,26.274444580078125,0.4504561722278595,1018.0795001983644,19.34534072875977
2024-04-10 13:16:23,0.0010433332063257,0.4267530441284179,29.921875,0.0004381113685667,0.4858356714248657,23.7265625,26.274444580078125,0.4504561722278595,1018.0795001983644,19.34534072875977
2024-04-10 13:16:24,0.0010433332063257,0.4267530441284179,29.921875,0.0004381113685667,0.4858356714248657,23.7265625,26.274444580078125,0.4504561722278595,1018.0795001983644,19.34534072875977
2024-04-10 13:16:25,0.0010433332063257,0.4267530441284179,29.921875,0.0004381113685667,0.4858356714248657,23.7265625,26.20013427734375,0.4504561722278595,1018.0795001983644,19.34534072875977
2024-04-10 13:16:26,0.0010433332063257,0.4267530441284179,29.921875,0.0004381113685667,0.4858356714248657,23.7265625,26.20013427734375,0.4504561722278595,1018.0795001983644,19.351131439208984
2024-04-10 13:16:27,0.0010433332063257,0.4267530441284179,29.921875,0.0004381113685667,0.4858356714248657,23.7265625,26.20013427734375,0.4504561722278595,1018.0795001983644,19.351131439208984
2024-04-10 13:16:28,0.0009716062922962,0.4267530441284179,29.9296875,0.0005284867947921,0.4858356714248657,23.71875,26.20013427734375,0.4504561722278595,1018.0795001983644,19.351131439208984
2024-04-10 13:16:29,0.0009716062922962,0.4267530441284179,29.9296875,0.0005284867947921,0.4858356714248657,23.71875,26.20013427734375,0.450465589761734,1018.0795001983644,19.351131439208984
2024-04-10 13:16:30,0.0009716062922962,0.4267530441284179,29.9296875,0.0005284867947921,0.4858356714248657,23.71875,26.20013427734375,0.450465589761734,1018.0882549285888,19.351131439208984
2024-04-10 13:16:31,0.0009716062922962,0.4267530441284179,29.9296875,0.0005284867947921,0.4858356714248657,23.71875,26.24127197265625,0.450465589761734,1018.0882549285888,19.351131439208984
2024-04-10 13:16:32,0.0009716062922962,0.4267530441284179,29.9296875,0.0005284867947921,0.4858356714248657,23.71875,26.24127197265625,0.450465589761734,1018.0882549285888,19.351131439208984
2024-04-10 13:16:33,0.0009716062922962,0.4267530441284179,29.9296875,0.0005284867947921,0.4858356714248657,23.71875,26.24127197265625,0.450465589761734,1018.0882549285888,19.351131439208984
2024-04-10 13:16:34,0.0009716062922962,0.4267530441284179,29.9296875,0.0005284867947921,0.4858356714248657,23.71875,26.24127197265625,0.450465589761734,1018.0882549285888,19.33730125427246
2024-04-10 13:16:35,0.0009716062922962,0.4267530441284179,29.9296875,0.0005284867947921,0.4858356714248657,23.71875,26.24127197265625,0.450465589761734,1018.0882549285888,19.33730125427246
2024-04-10 13:16:36,0.0011367470724508,0.3879573345184326,29.890625,0.000364869396435,0.4858356714248657,23.6796875,26.24127197265625,0.450465589761734,1018.0882549285888,19.33730125427246
2024-04-10 13:16:37,0.0011367470724508,0.3879573345184326,29.890625,0.000364869396435,0.4858356714248657,23.6796875,26.24127197265625,0.450465589761734,1018.0882549285888,19.33730125427246
2024-04-10 13:16:38,0.0011367470724508,0.3879573345184326,29.890625,0.000364869396435,0.4858356714248657,23.6796875,26.24127197265625,0.450465589761734,1018.0882549285888,19.33730125427246
2024-04-10 13:16:39,0.0011367470724508,0.3879573345184326,29.890625,0.000364869396435,0.4858356714248657,23.6796875,26.24127197265625,0.450465589761734,1018.0466842651368,19.33730125427246
2024-04-10 13:16:40,0.0011367470724508,0.3879573345184326,29.890625,0.000364869396435,0.4858356714248657,23.6796875,26.24127197265625,0.450465589761734,1018.0466842651368,19.33730125427246
2024-04-10 13:16:41,0.0011367470724508,0.3879573345184326,29.890625,0.000364869396435,0.4858356714248657,23.6796875,26.3238525390625,0.450465589761734,1018.0466842651368,19.346479415893555
2024-04-10 13:16:42,0.0011367470724508,0.3879573345184326,29.890625,0.000364869396435,0.4858356714248657,23.6796875,26.3238525390625,0.450465589761734,1018.0466842651368,19.346479415893555
2024-04-10 13:16:43,0.0011367470724508,0.3879573345184326,29.890625,0.000364869396435,0.4858356714248657,23.6796875,26.3238525390625,0.450465589761734,1018.0466842651368,19.346479415893555
2024-04-10 13:16:44,0.0011321537895128,0.4267530441284179,29.859375,0.000364869396435,0.4858356714248657,23.6796875,26.3238525390625,0.450465589761734,1018.0466842651368,19.346479415893555
2024-04-10 13:16:45,0.0011321537895128,0.4267530441284179,29.859375,0.0003979374014306,0.4858356714248657,23.671875,26.3238525390625,0.450465589761734,1018.0466842651368,19.346479415893555
2024-04-10 13:16:46,0.0011321537895128,0.4267530441284179,29.859375,0.0003979374014306,0.4858356714248657,23.671875,26.3238525390625,0.450465589761734,1018.0466842651368,19.346479415893555
2024-04-10 13:16:47,0.0011321537895128,0.4267530441284179,29.859375,0.0003979374014306,0.4858356714248657,23.671875,26.3238525390625,0.450465589761734,1018.0643367767334,19.346479415893555
2024-04-10 13:16:48,0.0011321537895128,0.4267530441284179,29.859375,0.0003979374014306,0.4858356714248657,23.671875,26.3238525390625,0.450465589761734,1018.0643367767334,19.346479415893555
2024-04-10 13:16:49,0.0011321537895128,0.4267530441284179,29.859375,0.0003979374014306,0.4858356714248657,23.671875,26.347076416015625,0.450465589761734,1018.0643367767334,19.346479415893555
2024-04-10 13:16:50,0.0011321537895128,0.4267530441284179,29.859375,0.0003979374014306,0.4858356714248657,23.671875,26.347076416015625,0.450465589761734,1018.0643367767334,19.342267990112305
2024-04-10 13:16:51,0.0011321537895128,0.4267530441284179,29.859375,0.0003979374014306,0.4858356714248657,23.671875,26.347076416015625,0.450465589761734,1018.0643367767334,19.342267990112305
2024-04-10 13:16:52,0.0011321537895128,0.4267530441284179,29.859375,0.0007314053364098,0.5263220071792603,23.6796875,26.347076416015625,0.450465589761734,1018.0643367767334,19.342267990112305
2024-04-10 13:16:53,0.0016578880604356,0.4655487835407257,29.875,0.0007314053364098,0.5263220071792603,23.6796875,26.347076416015625,0.450465589761734,1018.0643367767334,19.342267990112305
2024-04-10 13:16:54,0.0016578880604356,0.4655487835407257,29.875,0.0007314053364098,0.5263220071792603,23.6796875,26.347076416015625,0.450465589761734,1018.0712890625,19.342267990112305
2024-04-10 13:16:55,0.0016578880604356,0.4655487835407257,29.875,0.0007314053364098,0.5263220071792603,23.6796875,26.347076416015625,0.450465589761734,1018.0712890625,19.342267990112305
2024-04-10 13:16:56,0.0016578880604356,0.4655487835407257,29.875,0.0007314053364098,0.5263220071792603,23.6796875,26.377410888671875,0.450465589761734,1018.0712890625,19.342267990112305
2024-04-10 13:16:57,0.0016578880604356,0.4655487835407257,29.875,0.0007314053364098,0.5263220071792603,23.6796875,26.377410888671875,0.450465589761734,1018.0712890625,19.342267990112305
2024-04-10 13:16:58,0.0016578880604356,0.4655487835407257,29.875,0.0007314053364098,0.5263220071792603,23.6796875,26.377410888671875,0.450465589761734,1018.0712890625,19.342267990112305
2024-04-10 13:16:59,0.0016578880604356,0.4655487835407257,29.875,0.0007314053364098,0.5263220071792603,23.6796875,26.377410888671875,0.450465589761734,1018.0712890625,19.33288955688477
2024-04-10 13:17:00,0.0018210669513791,0.4267530441284179,29.8515625,0.0007314053364098,0.5263220071792603,23.6796875,26.377410888671875,0.450465589761734,1018.0712890625,19.33288955688477
2024-04-10 13:17:01,0.0018210669513791,0.4267530441284179,29.8515625,0.0004791302781086,0.4858356714248657,23.6484375,26.377410888671875,0.450465589761734,1018.0712890625,19.33288955688477
2024-04-10 13:17:02,0.0018210669513791,0.4267530441284179,29.8515625,0.0004791302781086,0.4858356714248657,23.6484375,26.377410888671875,0.450465589761734,1018.0946636199952,19.33288955688477
2024-04-10 13:17:03,0.0018210669513791,0.4267530441284179,29.8515625,0.0004791302781086,0.4858356714248657,23.6484375,26.3433837890625,0.450465589761734,1018.0946636199952,19.33288955688477
2024-04-10 13:17:04,0.0018210669513791,0.4267530441284179,29.8515625,0.0004791302781086,0.4858356714248657,23.6484375,26.3433837890625,0.450465589761734,1018.0946636199952,19.33288955688477
2024-04-10 13:17:05,0.0018210669513791,0.4267530441284179,29.8515625,0.0004791302781086,0.4858356714248657,23.6484375,26.3433837890625,0.450465589761734,1018.0946636199952,19.33288955688477
2024-04-10 13:17:06,0.0018210669513791,0.4267530441284179,29.8515625,0.0004791302781086,0.4858356714248657,23.6484375,26.3433837890625,0.450465589761734,1018.0946636199952,19.33288955688477
2024-04-10 13:17:07,0.0018210669513791,0.4267530441284179,29.8515625,0.0004791302781086,0.4858356714248657,23.6484375,26.3433837890625,0.450465589761734,1018.0946636199952,19.33747291564941
2024-04-10 13:17:08,0.0018210669513791,0.4267530441284179,29.8515625,0.0004791302781086,0.4858356714248657,23.6484375,26.3433837890625,0.450465589761734,1018.0946636199952,19.33747291564941
2024-04-10 13:17:09,0.0016621121903881,0.4267530441284179,29.8515625,0.00054604455363,0.5263220071792603,23.6171875,26.3433837890625,0.450465589761734,1018.0946636199952,19.33747291564941
2024-04-10 13:17:10,0.0016621121903881,0.4267530441284179,29.8515625,0.00054604455363,0.5263220071792603,23.6171875,26.3433837890625,0.450465589761734,1018.0946636199952,19.33747291564941
2024-04-10 13:17:11,0.0016621121903881,0.4267530441284179,29.8515625,0.00054604455363,0.5263220071792603,23.6171875,26.3433837890625,0.450465589761734,1018.0678844451904,19.33747291564941
2024-04-10 13:17:12,0.0016621121903881,0.4267530441284179,29.8515625,0.00054604455363,0.5263220071792603,23.6171875,26.423583984375,0.450465589761734,1018.0678844451904,19.33747291564941
2024-04-10 13:17:13,0.0016621121903881,0.4267530441284179,29.8515625,0.00054604455363,0.5263220071792603,23.6171875,26.423583984375,0.450465589761734,1018.0678844451904,19.33747291564941
2024-04-10 13:17:14,0.0016621121903881,0.4267530441284179,29.8515625,0.00054604455363,0.5263220071792603,23.6171875,26.423583984375,0.450465589761734,1018.0678844451904,19.33747291564941
2024-04-10 13:17:15,0.0016621121903881,0.4267530441284179,29.8515625,0.00054604455363,0.5263220071792603,23.6171875,26.423583984375,0.450465589761734,1018.0678844451904,19.350187301635746
2024-04-10 13:17:16,0.0010962712112814,0.4267530441284179,29.8515625,0.0003596280294004,0.4858356714248657,23.609375,26.423583984375,0.450465589761734,1018.0678844451904,19.350187301635746
2024-04-10 13:17:17,0.0010962712112814,0.4267530441284179,29.8515625,0.0003596280294004,0.4858356714248657,23.609375,26.423583984375,0.450465589761734,1018.0678844451904,19.350187301635746
2024-04-10 13:17:18,0.0010962712112814,0.4267530441284179,29.8515625,0.0003596280294004,0.4858356714248657,23.609375,26.423583984375,0.450465589761734,1018.0559825897216,19.350187301635746
2024-04-10 13:17:19,0.0010962712112814,0.4267530441284179,29.8515625,0.0003596280294004,0.4858356714248657,23.609375,26.423583984375,0.450465589761734,1018.0559825897216,19.350187301635746
2024-04-10 13:17:20,0.0010962712112814,0.4267530441284179,29.8515625,0.0003596280294004,0.4858356714248657,23.609375,26.423583984375,0.450465589761734,1018.0559825897216,19.350187301635746
2024-04-10 13:17:21,0.0010962712112814,0.4267530441284179,29.8515625,0.0003596280294004,0.4858356714248657,23.609375,26.423583984375,0.450465589761734,1018.0559825897216,19.350187301635746
2024-04-10 13:17:22,0.0010962712112814,0.4267530441284179,29.8515625,0.0003596280294004,0.4858356714248657,23.609375,26.550750732421875,0.450465589761734,1018.0559825897216,19.350250244140625
2024-04-10 13:17:23,0.0010962712112814,0.4267530441284179,29.8515625,0.0003596280294004,0.4858356714248657,23.609375,26.550750732421875,0.450465589761734,1018.0559825897216,19.350250244140625
2024-04-10 13:17:24,0.0010962712112814,0.4267530441284179,29.8515625,0.0003596280294004,0.4858356714248657,23.609375,26.550750732421875,0.450465589761734,1018.0559825897216,19.350250244140625
2024-04-10 13:17:25,0.0019419748568907,0.4267530441284179,29.859375,0.0004543554387055,0.4858356714248657,23.609375,26.550750732421875,0.450465589761734,1018.0559825897216,19.350250244140625
2024-04-10 13:17:26,0.0019419748568907,0.4267530441284179,29.859375,0.0004543554387055,0.4858356714248657,23.609375,26.550750732421875,0.450465589761734,1018.0559825897216,19.350250244140625
2024-04-10 13:17:27,0.0019419748568907,0.4267530441284179,29.859375,0.0004543554387055,0.4858356714248657,23.609375,26.630889892578125,0.450465589761734,1018.0559825897216,19.350250244140625
2024-04-10 13:17:28,0.0019419748568907,0.4267530441284179,29.859375,0.0004543554387055,0.4858356714248657,23.609375,26.630889892578125,0.4544013440608978,1018.0797863006592,19.350250244140625
2024-04-10 13:17:29,0.0019419748568907,0.4267530441284179,29.859375,0.0004543554387055,0.4858356714248657,23.609375,26.630889892578125,0.4544013440608978,1018.0797863006592,19.353071212768555
2024-04-10 13:17:30,0.0019419748568907,0.4267530441284179,29.859375,0.0004543554387055,0.4858356714248657,23.609375,26.630889892578125,0.4544013440608978,1018.0797863006592,19.353071212768555
2024-04-10 13:17:31,0.0019419748568907,0.4267530441284179,29.859375,0.0004543554387055,0.4858356714248657,23.609375,26.630889892578125,0.4544013440608978,1018.0797863006592,19.353071212768555
2024-04-10 13:17:32,0.0014188655186444,0.4267530441284179,29.8515625,0.0004543554387055,0.4858356714248657,23.609375,26.630889892578125,0.4544013440608978,1018.0797863006592,19.353071212768555
2024-04-10 13:17:33,0.0014188655186444,0.4267530441284179,29.8515625,0.0004062933148816,0.5263220071792603,23.578125,26.630889892578125,0.4544013440608978,1018.0344676971436,19.353071212768555
2024-04-10 13:17:34,0.0014188655186444,0.4267530441284179,29.8515625,0.0004062933148816,0.5263220071792603,23.578125,26.630889892578125,0.4544013440608978,1018.0344676971436,19.353071212768555
2024-04-10 13:17:35,0.0014188655186444,0.4267530441284179,29.8515625,0.0004062933148816,0.5263220071792603,23.578125,26.630889892578125,0.4544013440608978,1018.0344676971436,19.353071212768555
2024-04-10 13:17:36,0.0014188655186444,0.4267530441284179,29.8515625,0.0004062933148816,0.5263220071792603,23.578125,26.630889892578125,0.4544013440608978,1018.0344676971436,19.353071212768555
2024-04-10 13:17:37,0.0014188655186444,0.4267530441284179,29.8515625,0.0004062933148816,0.5263220071792603,23.578125,26.8355712890625,0.4544013440608978,1018.0344676971436,19.353071212768555
2024-04-10 13:17:38,0.0014188655186444,0.4267530441284179,29.8515625,0.0004062933148816,0.5263220071792603,23.578125,26.8355712890625,0.4544013440608978,1018.0344676971436,19.359479904174805
2024-04-10 13:17:39,0.0014188655186444,0.4267530441284179,29.8515625,0.0004062933148816,0.5263220071792603,23.578125,26.8355712890625,0.4544013440608978,1018.0344676971436,19.359479904174805
2024-04-10 13:17:40,0.0014188655186444,0.4267530441284179,29.8515625,0.0004062933148816,0.5263220071792603,23.578125,26.8355712890625,0.4544013440608978,1018.0344676971436,19.359479904174805
2024-04-10 13:17:41,0.0013291380601003,0.3879573345184326,29.8828125,0.0003272503963671,0.4858356714248657,23.5703125,26.8355712890625,0.4544013440608978,1018.0344676971436,19.359479904174805
2024-04-10 13:17:42,0.0013291380601003,0.3879573345184326,29.8828125,0.0003272503963671,0.4858356714248657,23.5703125,26.8355712890625,0.4544013440608978,1018.0526351928712,19.359479904174805
2024-04-10 13:17:43,0.0013291380601003,0.3879573345184326,29.8828125,0.0003272503963671,0.4858356714248657,23.5703125,26.8355712890625,0.4544013440608978,1018.0526351928712,19.359479904174805
2024-04-10 13:17:44,0.0013291380601003,0.3879573345184326,29.8828125,0.0003272503963671,0.4858356714248657,23.5703125,26.88311767578125,0.4544013440608978,1018.0526351928712,19.359479904174805
2024-04-10 13:17:45,0.0013291380601003,0.3879573345184326,29.8828125,0.0003272503963671,0.4858356714248657,23.5703125,26.88311767578125,0.4544013440608978,1018.0526351928712,19.372737884521484
2024-04-10 13:17:46,0.0013291380601003,0.3879573345184326,29.8828125,0.0003272503963671,0.4858356714248657,23.5703125,26.88311767578125,0.4544013440608978,1018.0526351928712,19.372737884521484
2024-04-10 13:17:47,0.0013291380601003,0.3879573345184326,29.8828125,0.0003272503963671,0.4858356714248657,23.5703125,26.88311767578125,0.4544013440608978,1018.0526351928712,19.372737884521484
2024-04-10 13:17:48,0.0008724866202101,0.4267530441284179,29.90625,0.0005258381715975,0.4858356714248657,23.578125,26.88311767578125,0.4544013440608978,1018.0526351928712,19.372737884521484
2024-04-10 13:17:49,0.0008724866202101,0.4267530441284179,29.90625,0.0005258381715975,0.4858356714248657,23.578125,26.88311767578125,0.4544013440608978,1018.0526351928712,19.372737884521484
2024-04-10 13:17:50,0.0008724866202101,0.4267530441284179,29.90625,0.0005258381715975,0.4858356714248657,23.578125,26.88311767578125,0.4544013440608978,1018.029489517212,19.372737884521484
2024-04-10 13:17:51,0.0008724866202101,0.4267530441284179,29.90625,0.0005258381715975,0.4858356714248657,23.578125,26.88311767578125,0.4544013440608978,1018.029489517212,19.372737884521484
2024-04-10 13:17:52,0.0008724866202101,0.4267530441284179,29.90625,0.0005258381715975,0.4858356714248657,23.578125,26.88311767578125,0.4544013440608978,1018.029489517212,19.372737884521484
2024-04-10 13:17:53,0.0008724866202101,0.4267530441284179,29.90625,0.0005258381715975,0.4858356714248657,23.578125,26.982391357421875,0.4544013440608978,1018.029489517212,19.371450424194336
2024-04-10 13:17:54,0.0008724866202101,0.4267530441284179,29.90625,0.0005258381715975,0.4858356714248657,23.578125,26.982391357421875,0.4544013440608978,1018.029489517212,19.371450424194336
2024-04-10 13:17:55,0.0008724866202101,0.4267530441284179,29.90625,0.0005258381715975,0.4858356714248657,23.578125,26.982391357421875,0.4544013440608978,1018.029489517212,19.371450424194336
2024-04-10 13:17:56,0.0009447295451536,0.3879573345184326,29.890625,0.0005258381715975,0.4858356714248657,23.578125,26.982391357421875,0.4544013440608978,1018.029489517212,19.371450424194336
2024-04-10 13:17:57,0.0009447295451536,0.3879573345184326,29.890625,0.0003816813987214,0.5263220071792603,23.5546875,26.982391357421875,0.4544013440608978,1018.029489517212,19.371450424194336
2024-04-10 13:17:58,0.0009447295451536,0.3879573345184326,29.890625,0.0003816813987214,0.5263220071792603,23.5546875,26.982391357421875,0.4544013440608978,1018.029489517212,19.371450424194336
2024-04-10 13:17:59,0.0009447295451536,0.3879573345184326,29.890625,0.0003816813987214,0.5263220071792603,23.5546875,26.982391357421875,0.4544013440608978,1018.0121231079102,19.371450424194336
2024-04-10 13:18:00,0.0009447295451536,0.3879573345184326,29.890625,0.0003816813987214,0.5263220071792603,23.5546875,27.02471923828125,0.4544013440608978,1018.0121231079102,19.371450424194336
2024-04-10 13:18:01,0.0009447295451536,0.3879573345184326,29.890625,0.0003816813987214,0.5263220071792603,23.5546875,27.02471923828125,0.4544013440608978,1018.0121231079102,19.371450424194336
2024-04-10 13:18:02,0.0009447295451536,0.3879573345184326,29.890625,0.0003816813987214,0.5263220071792603,23.5546875,27.02471923828125,0.4544013440608978,1018.0121231079102,19.371450424194336
2024-04-10 13:18:03,0.0009447295451536,0.3879573345184326,29.890625,0.0003816813987214,0.5263220071792603,23.5546875,27.02471923828125,0.4544013440608978,1018.0121231079102,19.371450424194336
2024-04-10 13:18:04,0.0009447295451536,0.3879573345184326,29.890625,0.0005335625028237,0.4858356714248657,23.53125,27.02471923828125,0.4544013440608978,1018.0121231079102,19.38318634033203
2024-04-10 13:18:05,0.0013117670314386,0.4267530441284179,29.8984375,0.0005335625028237,0.4858356714248657,23.53125,27.02471923828125,0.4544013440608978,1018.0121231079102,19.38318634033203
2024-04-10 13:18:06,0.0013117670314386,0.4267530441284179,29.8984375,0.0005335625028237,0.4858356714248657,23.53125,27.02471923828125,0.4544013440608978,1018.0208206176758,19.38318634033203
2024-04-10 13:18:07,0.0013117670314386,0.4267530441284179,29.8984375,0.0005335625028237,0.4858356714248657,23.53125,27.02471923828125,0.4544013440608978,1018.0208206176758,19.38318634033203
2024-04-10 13:18:08,0.0013117670314386,0.4267530441284179,29.8984375,0.0005335625028237,0.4858356714248657,23.53125,27.04501342773437,0.4544013440608978,1018.0208206176758,19.38318634033203
2024-04-10 13:18:09,0.0013117670314386,0.4267530441284179,29.8984375,0.0005335625028237,0.4858356714248657,23.53125,27.04501342773437,0.4544013440608978,1018.0208206176758,19.38318634033203
2024-04-10 13:18:10,0.0013117670314386,0.4267530441284179,29.8984375,0.0005335625028237,0.4858356714248657,23.53125,27.04501342773437,0.4544013440608978,1018.0208206176758,19.394052505493164
2024-04-10 13:18:11,0.0013117670314386,0.4267530441284179,29.8984375,0.0005335625028237,0.4858356714248657,23.53125,27.04501342773437,0.4544013440608978,1018.0208206176758,19.394052505493164
2024-04-10 13:18:12,0.0013117670314386,0.4267530441284179,29.8984375,0.0005335625028237,0.4858356714248657,23.53125,27.04501342773437,0.4544013440608978,1018.0208206176758,19.394052505493164
2024-04-10 13:18:13,0.0013715495588257,0.4267530441284179,29.9140625,0.0004511696461122,0.5263220071792603,23.5234375,27.04501342773437,0.4544013440608978,1018.0208206176758,19.394052505493164
2024-04-10 13:18:14,0.0013715495588257,0.4267530441284179,29.9140625,0.0004511696461122,0.5263220071792603,23.5234375,27.04501342773437,0.4544013440608978,1017.9934406280518,19.394052505493164
2024-04-10 13:18:15,0.0013715495588257,0.4267530441284179,29.9140625,0.0004511696461122,0.5263220071792603,23.5234375,27.10272216796875,0.4544013440608978,1017.9934406280518,19.394052505493164
2024-04-10 13:18:16,0.0013715495588257,0.4267530441284179,29.9140625,0.0004511696461122,0.5263220071792603,23.5234375,27.10272216796875,0.4544013440608978,1017.9934406280518,19.394052505493164
2024-04-10 13:18:17,0.0013715495588257,0.4267530441284179,29.9140625,0.0004511696461122,0.5263220071792603,23.5234375,27.10272216796875,0.4544013440608978,1017.9934406280518,19.394052505493164
2024-04-10 13:18:18,0.0013715495588257,0.4267530441284179,29.9140625,0.0004511696461122,0.5263220071792603,23.5234375,27.10272216796875,0.4544013440608978,1017.9934406280518,19.394052505493164
2024-04-10 13:18:19,0.0013715495588257,0.4267530441284179,29.9140625,0.0004511696461122,0.5263220071792603,23.5234375,27.10272216796875,0.4544013440608978,1017.9934406280518,19.400718688964844
2024-04-10 13:18:20,0.0014653067337349,0.4267530441284179,29.9140625,0.0004511696461122,0.5263220071792603,23.5234375,27.10272216796875,0.4544013440608978,1017.9934406280518,19.400718688964844
2024-04-10 13:18:21,0.0014653067337349,0.4267530441284179,29.9140625,0.0002243402268504,0.5263220071792603,23.53125,27.10272216796875,0.4544013440608978,1018.00931930542,19.400718688964844
2024-04-10 13:18:22,0.0014653067337349,0.4267530441284179,29.9140625,0.0002243402268504,0.5263220071792603,23.53125,27.10272216796875,0.4544013440608978,1018.00931930542,19.400718688964844
2024-04-10 13:18:23,0.0014653067337349,0.4267530441284179,29.9140625,0.0002243402268504,0.5263220071792603,23.53125,27.15191650390625,0.4544013440608978,1018.00931930542,19.400718688964844
2024-04-10 13:18:24,0.0014653067337349,0.4267530441284179,29.9140625,0.0002243402268504,0.5263220071792603,23.53125,27.15191650390625,0.4544013440608978,1018.00931930542,19.400718688964844
2024-04-10 13:18:25,0.0014653067337349,0.4267530441284179,29.9140625,0.0002243402268504,0.5263220071792603,23.53125,27.15191650390625,0.4544013440608978,1018.00931930542,19.400718688964844
2024-04-10 13:18:26,0.0014653067337349,0.4267530441284179,29.9140625,0.0002243402268504,0.5263220071792603,23.53125,27.15191650390625,0.4544013440608978,1018.00931930542,19.42560386657715
2024-04-10 13:18:27,0.0014653067337349,0.4267530441284179,29.9140625,0.0002243402268504,0.5263220071792603,23.53125,27.15191650390625,0.4544013440608978,1018.00931930542,19.42560386657715
2024-04-10 13:18:28,0.0014653067337349,0.4267530441284179,29.9140625,0.0002243402268504,0.5263220071792603,23.53125,27.15191650390625,0.4544013440608978,1018.00931930542,19.42560386657715
2024-04-10 13:18:29,0.0014653067337349,0.4267530441284179,29.9140625,0.000340967439115,0.5263220071792603,23.5078125,27.15191650390625,0.4534721970558166,1018.00931930542,19.42560386657715
2024-04-10 13:18:30,0.0014653067337349,0.4267530441284179,29.9140625,0.000340967439115,0.5263220071792603,23.5078125,27.15191650390625,0.4534721970558166,1018.00931930542,19.42560386657715
2024-04-10 13:18:31,0.0008650752715766,0.4267530441284179,29.90625,0.000340967439115,0.5263220071792603,23.5078125,27.20013427734375,0.4534721970558166,1018.0455684661864,19.42560386657715
2024-04-10 13:18:32,0.0008650752715766,0.4267530441284179,29.90625,0.000340967439115,0.5263220071792603,23.5078125,27.20013427734375,0.4534721970558166,1018.0455684661864,19.42560386657715
2024-04-10 13:18:33,0.0008650752715766,0.4267530441284179,29.90625,0.000340967439115,0.5263220071792603,23.5078125,27.20013427734375,0.4534721970558166,1018.0455684661864,19.42560386657715
2024-04-10 13:18:34,0.0008650752715766,0.4267530441284179,29.90625,0.000340967439115,0.5263220071792603,23.5078125,27.20013427734375,0.4534721970558166,1018.0455684661864,19.42329788208008
2024-04-10 13:18:35,0.0008650752715766,0.4267530441284179,29.90625,0.000340967439115,0.5263220071792603,23.5078125,27.20013427734375,0.4534721970558166,1018.0455684661864,19.42329788208008
2024-04-10 13:18:36,0.0008650752715766,0.4267530441284179,29.90625,0.000340967439115,0.5263220071792603,23.5078125,27.20013427734375,0.4534721970558166,1018.0455684661864,19.42329788208008
2024-04-10 13:18:37,0.0015570191899314,0.4655487835407257,29.953125,0.0002673419949132,0.5263220071792603,23.4921875,27.20013427734375,0.4534721970558166,1018.0455684661864,19.42329788208008
2024-04-10 13:18:38,0.0015570191899314,0.4655487835407257,29.953125,0.0002673419949132,0.5263220071792603,23.4921875,27.20013427734375,0.4534721970558166,1018.0455684661864,19.42329788208008
2024-04-10 13:18:39,0.0015570191899314,0.4655487835407257,29.953125,0.0002673419949132,0.5263220071792603,23.4921875,27.219879150390625,0.4534721970558166,1018.0221366882324,19.42329788208008
2024-04-10 13:18:40,0.0015570191899314,0.4655487835407257,29.953125,0.0002673419949132,0.5263220071792603,23.4921875,27.219879150390625,0.4534721970558166,1018.0221366882324,19.42329788208008
2024-04-10 13:18:41,0.0015570191899314,0.4655487835407257,29.953125,0.0002673419949132,0.5263220071792603,23.4921875,27.219879150390625,0.4534721970558166,1018.0221366882324,19.43214988708496
2024-04-10 13:18:42,0.0015570191899314,0.4655487835407257,29.953125,0.0002673419949132,0.5263220071792603,23.4921875,27.219879150390625,0.4534721970558166,1018.0221366882324,19.43214988708496
2024-04-10 13:18:43,0.0015570191899314,0.4655487835407257,29.953125,0.0002673419949132,0.5263220071792603,23.4921875,27.219879150390625,0.4534721970558166,1018.0221366882324,19.43214988708496
2024-04-10 13:18:44,0.0015570191899314,0.4655487835407257,29.953125,0.0005278197932057,0.5263220071792603,23.4921875,27.219879150390625,0.4534721970558166,1018.0221366882324,19.43214988708496
2024-04-10 13:18:45,0.0014243823243305,0.4267530441284179,29.9453125,0.0005278197932057,0.5263220071792603,23.4921875,27.219879150390625,0.4534721970558166,1018.0221366882324,19.43214988708496
2024-04-10 13:18:46,0.0014243823243305,0.4267530441284179,29.9453125,0.0005278197932057,0.5263220071792603,23.4921875,27.219879150390625,0.4534721970558166,1018.0221366882324,19.43214988708496
2024-04-10 13:18:47,0.0014243823243305,0.4267530441284179,29.9453125,0.0005278197932057,0.5263220071792603,23.4921875,27.219879150390625,0.4534721970558166,1018.0135536193848,19.43214988708496
2024-04-10 13:18:48,0.0014243823243305,0.4267530441284179,29.9453125,0.0005278197932057,0.5263220071792603,23.4921875,27.219879150390625,0.4534721970558166,1018.0135536193848,19.43214988708496
2024-04-10 13:18:49,0.0014243823243305,0.4267530441284179,29.9453125,0.0005278197932057,0.5263220071792603,23.4921875,27.221099853515625,0.4534721970558166,1018.0135536193848,19.445241928100582
2024-04-10 13:18:50,0.0014243823243305,0.4267530441284179,29.9453125,0.0005278197932057,0.5263220071792603,23.4921875,27.221099853515625,0.4534721970558166,1018.0135536193848,19.445241928100582
2024-04-10 13:18:51,0.0014243823243305,0.4267530441284179,29.9453125,0.0005278197932057,0.5263220071792603,23.4921875,27.221099853515625,0.4534721970558166,1018.0135536193848,19.445241928100582
2024-04-10 13:18:52,0.001027247402817,0.4267530441284179,29.9453125,0.0005278197932057,0.5263220071792603,23.4921875,27.221099853515625,0.4534721970558166,1018.0135536193848,19.445241928100582
2024-04-10 13:18:53,0.001027247402817,0.4267530441284179,29.9453125,0.0004259431443642,0.5263220071792603,23.5,27.221099853515625,0.4534721970558166,1018.0182456970216,19.445241928100582
2024-04-10 13:18:54,0.001027247402817,0.4267530441284179,29.9453125,0.0004259431443642,0.5263220071792603,23.5,27.221099853515625,0.4534721970558166,1018.0182456970216,19.445241928100582
2024-04-10 13:18:55,0.001027247402817,0.4267530441284179,29.9453125,0.0004259431443642,0.5263220071792603,23.5,27.221099853515625,0.4534721970558166,1018.0182456970216,19.445241928100582
2024-04-10 13:18:56,0.001027247402817,0.4267530441284179,29.9453125,0.0004259431443642,0.5263220071792603,23.5,27.22796630859375,0.4534721970558166,1018.0182456970216,19.445241928100582
2024-04-10 13:18:57,0.001027247402817,0.4267530441284179,29.9453125,0.0004259431443642,0.5263220071792603,23.5,27.22796630859375,0.4534721970558166,1018.0182456970216,19.45814514160156
2024-04-10 13:18:58,0.001027247402817,0.4267530441284179,29.9453125,0.0004259431443642,0.5263220071792603,23.5,27.22796630859375,0.4534721970558166,1018.0182456970216,19.45814514160156
2024-04-10 13:18:59,0.001027247402817,0.4267530441284179,29.9453125,0.0004259431443642,0.5263220071792603,23.5,27.22796630859375,0.4534721970558166,1018.0182456970216,19.45814514160156
2024-04-10 13:19:00,0.001027247402817,0.4267530441284179,29.9453125,0.0004332146781962,0.5263220071792603,23.484375,27.22796630859375,0.4534721970558166,1018.0182456970216,19.45814514160156
2024-04-10 13:19:01,0.001027247402817,0.4267530441284179,29.9453125,0.0004332146781962,0.5263220071792603,23.484375,27.22796630859375,0.4534721970558166,1018.0182456970216,19.45814514160156
2024-04-10 13:19:02,0.0009850421920418,0.4655487835407257,29.953125,0.0004332146781962,0.5263220071792603,23.484375,27.22796630859375,0.4534721970558166,1018.0327224731444,19.45814514160156
2024-04-10 13:19:03,0.0009850421920418,0.4655487835407257,29.953125,0.0004332146781962,0.5263220071792603,23.484375,27.22796630859375,0.4534721970558166,1018.0327224731444,19.45814514160156
2024-04-10 13:19:04,0.0009850421920418,0.4655487835407257,29.953125,0.0004332146781962,0.5263220071792603,23.484375,27.241363525390625,0.4534721970558166,1018.0327224731444,19.45814514160156
2024-04-10 13:19:05,0.0009850421920418,0.4655487835407257,29.953125,0.0004332146781962,0.5263220071792603,23.484375,27.241363525390625,0.4534721970558166,1018.0327224731444,19.45814514160156
2024-04-10 13:19:06,0.0009850421920418,0.4655487835407257,29.953125,0.0004332146781962,0.5263220071792603,23.484375,27.241363525390625,0.4534721970558166,1018.0327224731444,19.45814514160156
2024-04-10 13:19:07,0.0009850421920418,0.4655487835407257,29.953125,0.0004332146781962,0.5263220071792603,23.484375,27.241363525390625,0.4534721970558166,1018.0327224731444,19.463924407958984
2024-04-10 13:19:08,0.0011851597810164,0.4655487835407257,29.96875,0.0004330026276875,0.5263220071792603,23.484375,27.241363525390625,0.4534721970558166,1018.0327224731444,19.463924407958984
2024-04-10 13:19:09,0.0011851597810164,0.4655487835407257,29.96875,0.0004330026276875,0.5263220071792603,23.484375,27.241363525390625,0.4534721970558166,1018.0327224731444,19.463924407958984
2024-04-10 13:19:10,0.0011851597810164,0.4655487835407257,29.96875,0.0004330026276875,0.5263220071792603,23.484375,27.241363525390625,0.4534721970558166,1018.0292892456056,19.463924407958984
2024-04-10 13:19:11,0.0011851597810164,0.4655487835407257,29.96875,0.0004330026276875,0.5263220071792603,23.484375,27.241363525390625,0.4534721970558166,1018.0292892456056,19.463924407958984
2024-04-10 13:19:12,0.0011851597810164,0.4655487835407257,29.96875,0.0004330026276875,0.5263220071792603,23.484375,27.334869384765625,0.4534721970558166,1018.0292892456056,19.463924407958984
2024-04-10 13:19:13,0.0011851597810164,0.4655487835407257,29.96875,0.0004330026276875,0.5263220071792603,23.484375,27.334869384765625,0.4534721970558166,1018.0292892456056,19.463924407958984
2024-04-10 13:19:14,0.0011851597810164,0.4655487835407257,29.96875,0.0004330026276875,0.5263220071792603,23.484375,27.334869384765625,0.4534721970558166,1018.0292892456056,19.480981826782227
2024-04-10 13:19:15,0.0011851597810164,0.4655487835407257,29.96875,0.0004330026276875,0.5263220071792603,23.484375,27.334869384765625,0.4534721970558166,1018.0292892456056,19.480981826782227
2024-04-10 13:19:16,0.0012867335462942,0.4267530441284179,29.9765625,0.0004330026276875,0.5263220071792603,23.484375,27.334869384765625,0.4534721970558166,1018.0292892456056,19.480981826782227
2024-04-10 13:19:17,0.0012867335462942,0.4267530441284179,29.9765625,0.0002324818633496,0.5263220071792603,23.453125,27.334869384765625,0.4534721970558166,1018.0172443389891,19.480981826782227
2024-04-10 13:19:18,0.0012867335462942,0.4267530441284179,29.9765625,0.0002324818633496,0.5263220071792603,23.453125,27.334869384765625,0.4534721970558166,1018.0172443389891,19.480981826782227
2024-04-10 13:19:19,0.0012867335462942,0.4267530441284179,29.9765625,0.0002324818633496,0.5263220071792603,23.453125,27.334869384765625,0.4534721970558166,1018.0172443389891,19.480981826782227
2024-04-10 13:19:20,0.0012867335462942,0.4267530441284179,29.9765625,0.0002324818633496,0.5263220071792603,23.453125,27.37554931640625,0.4534721970558166,1018.0172443389891,19.480981826782227
2024-04-10 13:19:21,0.0012867335462942,0.4267530441284179,29.9765625,0.0002324818633496,0.5263220071792603,23.453125,27.37554931640625,0.4534721970558166,1018.0172443389891,19.480981826782227
2024-04-10 13:19:22,0.0012867335462942,0.4267530441284179,29.9765625,0.0002324818633496,0.5263220071792603,23.453125,27.37554931640625,0.4534721970558166,1018.0172443389891,19.480981826782227
2024-04-10 13:19:23,0.0012867335462942,0.4267530441284179,29.9765625,0.0002324818633496,0.5263220071792603,23.453125,27.37554931640625,0.4534721970558166,1018.0172443389891,19.480981826782227
2024-04-10 13:19:24,0.001343727344647,0.4267530441284179,30.0,0.0002324818633496,0.5263220071792603,23.453125,27.37554931640625,0.4534721970558166,1018.0172443389891,19.486400604248047
2024-04-10 13:19:25,0.001343727344647,0.4267530441284179,30.0,0.0002118395059369,0.4858356714248657,23.4453125,27.37554931640625,0.4534721970558166,1018.0172443389891,19.486400604248047
2024-04-10 13:19:26,0.001343727344647,0.4267530441284179,30.0,0.0002118395059369,0.4858356714248657,23.4453125,27.37554931640625,0.4534721970558166,1018.035125732422,19.486400604248047
2024-04-10 13:19:27,0.001343727344647,0.4267530441284179,30.0,0.0002118395059369,0.4858356714248657,23.4453125,27.37554931640625,0.4534721970558166,1018.035125732422,19.486400604248047
2024-04-10 13:19:28,0.001343727344647,0.4267530441284179,30.0,0.0002118395059369,0.4858356714248657,23.4453125,27.37554931640625,0.450583666563034,1018.035125732422,19.486400604248047
2024-04-10 13:19:29,0.001343727344647,0.4267530441284179,30.0,0.0002118395059369,0.4858356714248657,23.4453125,27.37554931640625,0.450583666563034,1018.035125732422,19.486400604248047
2024-04-10 13:19:30,0.001343727344647,0.4267530441284179,30.0,0.0002118395059369,0.4858356714248657,23.4453125,27.363494873046875,0.450583666563034,1018.035125732422,19.511005401611328
2024-04-10 13:19:31,0.001343727344647,0.4267530441284179,30.0,0.0002118395059369,0.4858356714248657,23.4453125,27.363494873046875,0.450583666563034,1018.035125732422,19.511005401611328
2024-04-10 13:19:32,0.001343727344647,0.4267530441284179,30.0,0.0005215799901634,0.4858356714248657,23.40625,27.363494873046875,0.450583666563034,1018.035125732422,19.511005401611328
2024-04-10 13:19:33,0.0012476374395191,0.3879573345184326,30.0234375,0.0005215799901634,0.4858356714248657,23.40625,27.363494873046875,0.450583666563034,1018.035125732422,19.511005401611328
2024-04-10 13:19:34,0.0012476374395191,0.3879573345184326,30.0234375,0.0005215799901634,0.4858356714248657,23.40625,27.363494873046875,0.450583666563034,1018.0446243286132,19.511005401611328
2024-04-10 13:19:35,0.0012476374395191,0.3879573345184326,30.0234375,0.0005215799901634,0.4858356714248657,23.40625,27.3525390625,0.450583666563034,1018.0446243286132,19.511005401611328
2024-04-10 13:19:36,0.0012476374395191,0.3879573345184326,30.0234375,0.0005215799901634,0.4858356714248657,23.40625,27.3525390625,0.450583666563034,1018.0446243286132,19.511005401611328
2024-04-10 13:19:37,0.0012476374395191,0.3879573345184326,30.0234375,0.0005215799901634,0.4858356714248657,23.40625,27.3525390625,0.450583666563034,1018.0446243286132,19.511005401611328
2024-04-10 13:19:38,0.0012476374395191,0.3879573345184326,30.0234375,0.0005215799901634,0.4858356714248657,23.40625,27.3525390625,0.450583666563034,1018.0446243286132,19.511005401611328
2024-04-10 13:19:39,0.0012476374395191,0.3879573345184326,30.0234375,0.0005215799901634,0.4858356714248657,23.40625,27.3525390625,0.450583666563034,1018.0446243286132,19.511005401611328
2024-04-10 13:19:40,0.0014684635680168,0.3879573345184326,30.0390625,0.0003579063923098,0.56680828332901,23.4375,27.3525390625,0.450583666563034,1018.0446243286132,19.511005401611328
2024-04-10 13:19:41,0.0014684635680168,0.3879573345184326,30.0390625,0.0003579063923098,0.56680828332901,23.4375,27.3525390625,0.450583666563034,1018.0358409881592,19.523393630981445
2024-04-10 13:19:42,0.0014684635680168,0.3879573345184326,30.0390625,0.0003579063923098,0.56680828332901,23.4375,27.3525390625,0.450583666563034,1018.0358409881592,19.523393630981445
2024-04-10 13:19:43,0.0014684635680168,0.3879573345184326,30.0390625,0.0003579063923098,0.56680828332901,23.4375,27.2359619140625,0.450583666563034,1018.0358409881592,19.523393630981445
2024-04-10 13:19:44,0.0014684635680168,0.3879573345184326,30.0390625,0.0003579063923098,0.56680828332901,23.4375,27.2359619140625,0.450583666563034,1018.0358409881592,19.523393630981445
2024-04-10 13:19:45,0.0014684635680168,0.3879573345184326,30.0390625,0.0003579063923098,0.56680828332901,23.4375,27.2359619140625,0.450583666563034,1018.0358409881592,19.523393630981445
2024-04-10 13:19:46,0.0014684635680168,0.3879573345184326,30.0390625,0.0003579063923098,0.56680828332901,23.4375,27.2359619140625,0.450583666563034,1018.0358409881592,19.537921905517575
2024-04-10 13:19:47,0.0014684635680168,0.3879573345184326,30.0390625,0.0003579063923098,0.56680828332901,23.4375,27.2359619140625,0.450583666563034,1018.0358409881592,19.537921905517575
2024-04-10 13:19:48,0.0014684635680168,0.3879573345184326,30.0390625,0.0003579063923098,0.56680828332901,23.4375,27.2359619140625,0.450583666563034,1018.0358409881592,19.537921905517575
2024-04-10 13:19:49,0.0010036990279331,0.4267530441284179,30.015625,0.0004449089174158,0.4858356714248657,23.421875,27.2359619140625,0.450583666563034,1018.0358409881592,19.537921905517575
2024-04-10 13:19:50,0.0010036990279331,0.4267530441284179,30.015625,0.0004449089174158,0.4858356714248657,23.421875,27.27587890625,0.450583666563034,1018.0358409881592,19.537921905517575
2024-04-10 13:19:51,0.0010036990279331,0.4267530441284179,30.015625,0.0004449089174158,0.4858356714248657,23.421875,27.27587890625,0.450583666563034,1017.9558181762696,19.537921905517575
2024-04-10 13:19:52,0.0010036990279331,0.4267530441284179,30.015625,0.0004449089174158,0.4858356714248657,23.421875,27.27587890625,0.450583666563034,1017.9558181762696,19.537921905517575
2024-04-10 13:19:53,0.0010036990279331,0.4267530441284179,30.015625,0.0004449089174158,0.4858356714248657,23.421875,27.27587890625,0.450583666563034,1017.9558181762696,19.537921905517575
2024-04-10 13:19:54,0.0010036990279331,0.4267530441284179,30.015625,0.0004449089174158,0.4858356714248657,23.421875,27.27587890625,0.450583666563034,1017.9558181762696,19.537921905517575
2024-04-10 13:19:55,0.0010036990279331,0.4267530441284179,30.015625,0.0004449089174158,0.4858356714248657,23.421875,27.27587890625,0.450583666563034,1017.9558181762696,19.54867935180664
2024-04-10 13:19:56,0.0010036990279331,0.4267530441284179,30.015625,0.0004449089174158,0.4858356714248657,23.421875,27.27587890625,0.450583666563034,1017.9558181762696,19.54867935180664
2024-04-10 13:19:57,0.0013405851786956,0.4267530441284179,30.0234375,0.000624525360763,0.56680828332901,23.3984375,27.27587890625,0.450583666563034,1017.9558181762696,19.54867935180664
2024-04-10 13:19:58,0.0013405851786956,0.4267530441284179,30.0234375,0.000624525360763,0.56680828332901,23.3984375,27.27587890625,0.450583666563034,1018.0444526672364,19.54867935180664
2024-04-10 13:19:59,0.0013405851786956,0.4267530441284179,30.0234375,0.000624525360763,0.56680828332901,23.3984375,27.27587890625,0.450583666563034,1018.0444526672364,19.54867935180664
2024-04-10 13:20:00,0.0013405851786956,0.4267530441284179,30.0234375,0.000624525360763,0.56680828332901,23.3984375,27.27587890625,0.450583666563034,1018.0444526672364,19.54867935180664
2024-04-10 13:20:01,0.0013405851786956,0.4267530441284179,30.0234375,0.000624525360763,0.56680828332901,23.3984375,27.224365234375,0.450583666563034,1018.0444526672364,19.555110931396484
2024-04-10 13:20:02,0.0013405851786956,0.4267530441284179,30.0234375,0.000624525360763,0.56680828332901,23.3984375,27.224365234375,0.450583666563034,1018.0444526672364,19.555110931396484
2024-04-10 13:20:03,0.0013405851786956,0.4267530441284179,30.0234375,0.000624525360763,0.56680828332901,23.3984375,27.224365234375,0.450583666563034,1018.0444526672364,19.555110931396484
2024-04-10 13:20:04,0.0013405851786956,0.4267530441284179,30.0234375,0.000624525360763,0.56680828332901,23.3984375,27.224365234375,0.450583666563034,1018.0444526672364,19.555110931396484
2024-04-10 13:20:05,0.0011812347220256,0.4267530441284179,30.0234375,0.0003566255618352,0.5263220071792603,23.3984375,27.224365234375,0.450583666563034,1018.0014514923096,19.555110931396484
2024-04-10 13:20:06,0.0011812347220256,0.4267530441284179,30.0234375,0.0003566255618352,0.5263220071792603,23.3984375,27.224365234375,0.450583666563034,1018.0014514923096,19.555110931396484
2024-04-10 13:20:07,0.0011812347220256,0.4267530441284179,30.0234375,0.0003566255618352,0.5263220071792603,23.3984375,27.182586669921875,0.450583666563034,1018.0014514923096,19.555110931396484
2024-04-10 13:20:08,0.0011812347220256,0.4267530441284179,30.0234375,0.0003566255618352,0.5263220071792603,23.3984375,27.182586669921875,0.450583666563034,1018.0014514923096,19.555110931396484
2024-04-10 13:20:09,0.0011812347220256,0.4267530441284179,30.0234375,0.0003566255618352,0.5263220071792603,23.3984375,27.182586669921875,0.450583666563034,1018.0014514923096,19.555110931396484
2024-04-10 13:20:10,0.0011812347220256,0.4267530441284179,30.0234375,0.0003566255618352,0.5263220071792603,23.3984375,27.182586669921875,0.450583666563034,1018.0014514923096,19.555110931396484
2024-04-10 13:20:11,0.0011812347220256,0.4267530441284179,30.0234375,0.0003566255618352,0.5263220071792603,23.3984375,27.182586669921875,0.450583666563034,1018.0014514923096,19.55916786193848
2024-04-10 13:20:12,0.0011812347220256,0.4267530441284179,30.0234375,0.0003566255618352,0.5263220071792603,23.3984375,27.182586669921875,0.450583666563034,1018.0014514923096,19.55916786193848
2024-04-10 13:20:13,0.0013782307505607,0.4267530441284179,30.0078125,0.0003566255618352,0.5263220071792603,23.3984375,27.182586669921875,0.450583666563034,1018.0014514923096,19.55916786193848
2024-04-10 13:20:14,0.0013782307505607,0.4267530441284179,30.0078125,0.0003566255618352,0.5263220071792603,23.3984375,27.182586669921875,0.450583666563034,1018.0091190338136,19.55916786193848
2024-04-10 13:20:15,0.0013782307505607,0.4267530441284179,30.0078125,0.0003566255618352,0.5263220071792603,23.3984375,27.182586669921875,0.450583666563034,1018.0091190338136,19.55916786193848
2024-04-10 13:20:16,0.0013782307505607,0.4267530441284179,30.0078125,0.0003566255618352,0.5263220071792603,23.3984375,27.046295166015625,0.450583666563034,1018.0091190338136,19.55916786193848
2024-04-10 13:20:17,0.0013782307505607,0.4267530441284179,30.0078125,0.0002884736168198,0.5263220071792603,23.3828125,27.046295166015625,0.450583666563034,1018.0091190338136,19.55916786193848
2024-04-10 13:20:18,0.0013782307505607,0.4267530441284179,30.0078125,0.0002884736168198,0.5263220071792603,23.3828125,27.046295166015625,0.450583666563034,1018.0091190338136,19.55916786193848
2024-04-10 13:20:19,0.0013782307505607,0.4267530441284179,30.0078125,0.0002884736168198,0.5263220071792603,23.3828125,27.046295166015625,0.450583666563034,1018.0091190338136,19.57930374145508
2024-04-10 13:20:20,0.0013782307505607,0.4267530441284179,30.0078125,0.0002884736168198,0.5263220071792603,23.3828125,27.046295166015625,0.450583666563034,1018.0091190338136,19.57930374145508
2024-04-10 13:20:21,0.0013782307505607,0.4267530441284179,30.0078125,0.0006079379818402,0.5263220071792603,23.359375,27.046295166015625,0.450583666563034,1018.0091190338136,19.57930374145508
2024-04-10 13:20:22,0.0019924731459468,0.4267530441284179,29.984375,0.0006079379818402,0.5263220071792603,23.359375,27.046295166015625,0.450583666563034,1018.0155277252196,19.57930374145508
2024-04-10 13:20:23,0.0019924731459468,0.4267530441284179,29.984375,0.0006079379818402,0.5263220071792603,23.359375,27.046295166015625,0.450583666563034,1018.0155277252196,19.57930374145508
2024-04-10 13:20:24,0.0019924731459468,0.4267530441284179,29.984375,0.0006079379818402,0.5263220071792603,23.359375,26.92315673828125,0.450583666563034,1018.0155277252196,19.57930374145508
2024-04-10 13:20:25,0.0019924731459468,0.4267530441284179,29.984375,0.0006079379818402,0.5263220071792603,23.359375,26.92315673828125,0.450583666563034,1018.0155277252196,19.57930374145508
2024-04-10 13:20:26,0.0019924731459468,0.4267530441284179,29.984375,0.0006079379818402,0.5263220071792603,23.359375,26.92315673828125,0.450583666563034,1018.0155277252196,19.58003616333008
2024-04-10 13:20:27,0.0019924731459468,0.4267530441284179,29.984375,0.0006079379818402,0.5263220071792603,23.359375,26.92315673828125,0.450583666563034,1018.0155277252196,19.58003616333008
2024-04-10 13:20:28,0.0019924731459468,0.4267530441284179,29.984375,0.0004206952289678,0.5263220071792603,23.3515625,26.92315673828125,0.450583666563034,1018.0155277252196,19.58003616333008
2024-04-10 13:20:29,0.0016202856786549,0.4267530441284179,29.9921875,0.0004206952289678,0.5263220071792603,23.3515625,26.92315673828125,0.450583666563034,1018.0155277252196,19.58003616333008
2024-04-10 13:20:30,0.0016202856786549,0.4267530441284179,29.9921875,0.0004206952289678,0.5263220071792603,23.3515625,26.92315673828125,0.4526300132274627,1018.0155277252196,19.58003616333008
2024-04-10 13:20:31,0.0016202856786549,0.4267530441284179,29.9921875,0.0004206952289678,0.5263220071792603,23.3515625,26.67706298828125,0.4526300132274627,1018.0155277252196,19.58003616333008
2024-04-10 13:20:32,0.0016202856786549,0.4267530441284179,29.9921875,0.0004206952289678,0.5263220071792603,23.3515625,26.67706298828125,0.4526300132274627,1018.0110931396484,19.58003616333008
2024-04-10 13:20:33,0.0016202856786549,0.4267530441284179,29.9921875,0.0004206952289678,0.5263220071792603,23.3515625,26.67706298828125,0.4526300132274627,1018.0110931396484,19.58003616333008
2024-04-10 13:20:34,0.0016202856786549,0.4267530441284179,29.9921875,0.0004206952289678,0.5263220071792603,23.3515625,26.67706298828125,0.4526300132274627,1018.0110931396484,19.59514808654785
2024-04-10 13:20:35,0.0016202856786549,0.4267530441284179,29.9921875,0.0004206952289678,0.5263220071792603,23.3515625,26.67706298828125,0.4526300132274627,1018.0110931396484,19.59514808654785
2024-04-10 13:20:36,0.0016202856786549,0.4267530441284179,29.9921875,0.0004027670947834,0.4858356714248657,23.3515625,26.67706298828125,0.4526300132274627,1018.0110931396484,19.59514808654785
2024-04-10 13:20:37,0.0013080000644549,0.4267530441284179,29.9296875,0.0004027670947834,0.4858356714248657,23.3515625,26.67706298828125,0.4526300132274627,1018.0225372314452,19.59514808654785
2024-04-10 13:20:38,0.0013080000644549,0.4267530441284179,29.9296875,0.0004027670947834,0.4858356714248657,23.3515625,26.67706298828125,0.4526300132274627,1018.0225372314452,19.59514808654785
2024-04-10 13:20:39,0.0013080000644549,0.4267530441284179,29.9296875,0.0004027670947834,0.4858356714248657,23.3515625,26.67706298828125,0.4526300132274627,1018.0225372314452,19.59514808654785
2024-04-10 13:20:40,0.0013080000644549,0.4267530441284179,29.9296875,0.0004027670947834,0.4858356714248657,23.3515625,26.67706298828125,0.4526300132274627,1018.0225372314452,19.59514808654785
2024-04-10 13:20:41,0.0013080000644549,0.4267530441284179,29.9296875,0.0004027670947834,0.4858356714248657,23.3515625,26.566192626953125,0.4526300132274627,1018.0225372314452,19.59514808654785
2024-04-10 13:20:42,0.0013080000644549,0.4267530441284179,29.9296875,0.0004027670947834,0.4858356714248657,23.3515625,26.566192626953125,0.4526300132274627,1018.0225372314452,19.602191925048828
2024-04-10 13:20:43,0.0013080000644549,0.4267530441284179,29.9296875,0.0004027670947834,0.4858356714248657,23.3515625,26.566192626953125,0.4526300132274627,1018.0225372314452,19.602191925048828
2024-04-10 13:20:44,0.0021441846620291,0.4267530441284179,29.8984375,0.0009169147233478,0.4858356714248657,23.3359375,26.566192626953125,0.4526300132274627,1018.0225372314452,19.602191925048828
2024-04-10 13:20:45,0.0021441846620291,0.4267530441284179,29.8984375,0.0009169147233478,0.4858356714248657,23.3359375,26.566192626953125,0.4526300132274627,1018.0225372314452,19.602191925048828
2024-04-10 13:20:46,0.0021441846620291,0.4267530441284179,29.8984375,0.0009169147233478,0.4858356714248657,23.3359375,26.566192626953125,0.4526300132274627,1017.9531002044678,19.602191925048828
2024-04-10 13:20:47,0.0021441846620291,0.4267530441284179,29.8984375,0.0009169147233478,0.4858356714248657,23.3359375,26.46142578125,0.4526300132274627,1017.9531002044678,19.602191925048828
2024-04-10 13:20:48,0.0021441846620291,0.4267530441284179,29.8984375,0.0009169147233478,0.4858356714248657,23.3359375,26.46142578125,0.4526300132274627,1017.9531002044678,19.602191925048828
2024-04-10 13:20:49,0.0021441846620291,0.4267530441284179,29.8984375,0.0009169147233478,0.4858356714248657,23.3359375,26.46142578125,0.4526300132274627,1017.9531002044678,19.602191925048828
2024-04-10 13:20:50,0.0021441846620291,0.4267530441284179,29.8984375,0.0009169147233478,0.4858356714248657,23.3359375,26.46142578125,0.4526300132274627,1017.9531002044678,19.612972259521484
2024-04-10 13:20:51,0.0021441846620291,0.4267530441284179,29.8984375,0.0009169147233478,0.4858356714248657,23.3359375,26.46142578125,0.4526300132274627,1017.9531002044678,19.612972259521484
2024-04-10 13:20:52,0.0012753348564729,0.4655487835407257,29.875,0.0005155894323252,0.5263220071792603,23.2890625,26.46142578125,0.4526300132274627,1017.9531002044678,19.612972259521484
2024-04-10 13:20:53,0.0012753348564729,0.4655487835407257,29.875,0.0005155894323252,0.5263220071792603,23.2890625,26.46142578125,0.4526300132274627,1017.9531002044678,19.612972259521484
2024-04-10 13:20:54,0.0012753348564729,0.4655487835407257,29.875,0.0005155894323252,0.5263220071792603,23.2890625,26.46142578125,0.4526300132274627,1017.9531002044678,19.612972259521484
2024-04-10 13:20:55,0.0012753348564729,0.4655487835407257,29.875,0.0005155894323252,0.5263220071792603,23.2890625,26.46142578125,0.4526300132274627,1017.9925537109376,19.612972259521484
2024-04-10 13:20:56,0.0012753348564729,0.4655487835407257,29.875,0.0005155894323252,0.5263220071792603,23.2890625,26.46142578125,0.4526300132274627,1017.9925537109376,19.612972259521484
2024-04-10 13:20:57,0.0012753348564729,0.4655487835407257,29.875,0.0005155894323252,0.5263220071792603,23.2890625,26.346588134765625,0.4526300132274627,1017.9925537109376,19.622339248657227
2024-04-10 13:20:58,0.0012753348564729,0.4655487835407257,29.875,0.0005155894323252,0.5263220071792603,23.2890625,26.346588134765625,0.4526300132274627,1017.9925537109376,19.622339248657227
2024-04-10 13:20:59,0.0012753348564729,0.4655487835407257,29.875,0.0005155894323252,0.5263220071792603,23.2890625,26.346588134765625,0.4526300132274627,1017.9925537109376,19.622339248657227
2024-04-10 13:21:00,0.0012089435476809,0.3879573345184326,29.828125,0.0005939523689448,0.5263220071792603,23.265625,26.346588134765625,0.4526300132274627,1017.9925537109376,19.622339248657227
2024-04-10 13:21:01,0.0012089435476809,0.3879573345184326,29.828125,0.0005939523689448,0.5263220071792603,23.265625,26.346588134765625,0.4526300132274627,1017.9925537109376,19.622339248657227
2024-04-10 13:21:02,0.0012089435476809,0.3879573345184326,29.828125,0.0005939523689448,0.5263220071792603,23.265625,26.346588134765625,0.4526300132274627,1017.9925537109376,19.622339248657227
2024-04-10 13:21:03,0.0012089435476809,0.3879573345184326,29.828125,0.0005939523689448,0.5263220071792603,23.265625,26.346588134765625,0.4526300132274627,1017.9925537109376,19.622339248657227
2024-04-10 13:21:04,0.0012089435476809,0.3879573345184326,29.828125,0.0005939523689448,0.5263220071792603,23.265625,26.346588134765625,0.4526300132274627,1017.9925537109376,19.622339248657227
2024-04-10 13:21:05,0.0012089435476809,0.3879573345184326,29.828125,0.0005939523689448,0.5263220071792603,23.265625,26.21685791015625,0.4526300132274627,1017.987003326416,19.622339248657227
2024-04-10 13:21:06,0.0012089435476809,0.3879573345184326,29.828125,0.0005939523689448,0.5263220071792603,23.265625,26.21685791015625,0.4526300132274627,1017.987003326416,19.64946174621582
2024-04-10 13:21:07,0.0012089435476809,0.3879573345184326,29.828125,0.0005939523689448,0.5263220071792603,23.265625,26.21685791015625,0.4526300132274627,1017.987003326416,19.64946174621582
2024-04-10 13:21:08,0.0013168136356398,0.4267530441284179,29.8125,0.0002306850656168,0.5263220071792603,23.265625,26.21685791015625,0.4526300132274627,1017.987003326416,19.64946174621582
2024-04-10 13:21:09,0.0013168136356398,0.4267530441284179,29.8125,0.0002306850656168,0.5263220071792603,23.265625,26.21685791015625,0.4526300132274627,1017.987003326416,19.64946174621582
2024-04-10 13:21:10,0.0013168136356398,0.4267530441284179,29.8125,0.0002306850656168,0.5263220071792603,23.265625,26.21685791015625,0.4526300132274627,1018.0207633972168,19.64946174621582
2024-04-10 13:21:11,0.0013168136356398,0.4267530441284179,29.8125,0.0002306850656168,0.5263220071792603,23.265625,26.21685791015625,0.4526300132274627,1018.0207633972168,19.64946174621582
2024-04-10 13:21:12,0.0013168136356398,0.4267530441284179,29.8125,0.0002306850656168,0.5263220071792603,23.265625,26.22128295898437,0.4526300132274627,1018.0207633972168,19.64946174621582
2024-04-10 13:21:13,0.0013168136356398,0.4267530441284179,29.8125,0.0002306850656168,0.5263220071792603,23.265625,26.22128295898437,0.4526300132274627,1018.0207633972168,19.64946174621582
2024-04-10 13:21:14,0.0013168136356398,0.4267530441284179,29.8125,0.0002306850656168,0.5263220071792603,23.265625,26.22128295898437,0.4526300132274627,1018.0207633972168,19.64946174621582
2024-04-10 13:21:15,0.0013168136356398,0.4267530441284179,29.8125,0.0002306850656168,0.5263220071792603,23.265625,26.22128295898437,0.4526300132274627,1018.0207633972168,19.66244506835937
2024-04-10 13:21:16,0.0020457757636904,0.3879573345184326,29.7734375,0.0002306850656168,0.5263220071792603,23.265625,26.22128295898437,0.4526300132274627,1018.0207633972168,19.66244506835937
2024-04-10 13:21:17,0.0020457757636904,0.3879573345184326,29.7734375,0.0006762183620594,0.5263220071792603,23.234375,26.22128295898437,0.4526300132274627,1018.0207633972168,19.66244506835937
2024-04-10 13:21:18,0.0020457757636904,0.3879573345184326,29.7734375,0.0006762183620594,0.5263220071792603,23.234375,26.22128295898437,0.4526300132274627,1017.9765033721924,19.66244506835937
2024-04-10 13:21:19,0.0020457757636904,0.3879573345184326,29.7734375,0.0006762183620594,0.5263220071792603,23.234375,26.218017578125,0.4526300132274627,1017.9765033721924,19.66244506835937
2024-04-10 13:21:20,0.0020457757636904,0.3879573345184326,29.7734375,0.0006762183620594,0.5263220071792603,23.234375,26.218017578125,0.4526300132274627,1017.9765033721924,19.66244506835937
2024-04-10 13:21:21,0.0020457757636904,0.3879573345184326,29.7734375,0.0006762183620594,0.5263220071792603,23.234375,26.218017578125,0.4526300132274627,1017.9765033721924,19.66244506835937
2024-04-10 13:21:22,0.0020457757636904,0.3879573345184326,29.7734375,0.0006762183620594,0.5263220071792603,23.234375,26.218017578125,0.4526300132274627,1017.9765033721924,19.66244506835937
2024-04-10 13:21:23,0.0020457757636904,0.3879573345184326,29.7734375,0.0006762183620594,0.5263220071792603,23.234375,26.218017578125,0.4526300132274627,1017.9765033721924,19.669546127319336
2024-04-10 13:21:24,0.0020457757636904,0.3879573345184326,29.7734375,0.0006762183620594,0.5263220071792603,23.234375,26.218017578125,0.4526300132274627,1017.9765033721924,19.669546127319336
2024-04-10 13:21:25,0.0011300037149339,0.4655487835407257,29.7421875,0.0005451801116578,0.4453493654727936,23.25,26.218017578125,0.4526300132274627,1017.9871463775636,19.669546127319336
2024-04-10 13:21:26,0.0011300037149339,0.4655487835407257,29.7421875,0.0005451801116578,0.4453493654727936,23.25,26.218017578125,0.4526300132274627,1017.9871463775636,19.669546127319336
2024-04-10 13:21:27,0.0011300037149339,0.4655487835407257,29.7421875,0.0005451801116578,0.4453493654727936,23.25,26.218017578125,0.4526300132274627,1017.9871463775636,19.669546127319336
2024-04-10 13:21:28,0.0011300037149339,0.4655487835407257,29.7421875,0.0005451801116578,0.4453493654727936,23.25,26.13339233398437,0.4507602155208587,1017.9871463775636,19.669546127319336
2024-04-10 13:21:29,0.0011300037149339,0.4655487835407257,29.7421875,0.0005451801116578,0.4453493654727936,23.25,26.13339233398437,0.4507602155208587,1017.9871463775636,19.669546127319336
2024-04-10 13:21:30,0.0011300037149339,0.4655487835407257,29.7421875,0.0005451801116578,0.4453493654727936,23.25,26.13339233398437,0.4507602155208587,1017.9871463775636,19.669546127319336
2024-04-10 13:21:31,0.0011300037149339,0.4655487835407257,29.7421875,0.0005451801116578,0.4453493654727936,23.25,26.13339233398437,0.4507602155208587,1017.9871463775636,19.68517303466797
2024-04-10 13:21:32,0.0012193022994324,0.3879573345184326,29.75,0.0005007855943404,0.5263220071792603,23.2109375,26.13339233398437,0.4507602155208587,1017.9871463775636,19.68517303466797
2024-04-10 13:21:33,0.0012193022994324,0.3879573345184326,29.75,0.0005007855943404,0.5263220071792603,23.2109375,26.13339233398437,0.4507602155208587,1017.9871463775636,19.68517303466797
2024-04-10 13:21:34,0.0012193022994324,0.3879573345184326,29.75,0.0005007855943404,0.5263220071792603,23.2109375,26.13339233398437,0.4507602155208587,1017.9770469665528,19.68517303466797
2024-04-10 13:21:35,0.0012193022994324,0.3879573345184326,29.75,0.0005007855943404,0.5263220071792603,23.2109375,26.08050537109375,0.4507602155208587,1017.9770469665528,19.68517303466797
2024-04-10 13:21:36,0.0012193022994324,0.3879573345184326,29.75,0.0005007855943404,0.5263220071792603,23.2109375,26.08050537109375,0.4507602155208587,1017.9770469665528,19.68517303466797
2024-04-10 13:21:37,0.0012193022994324,0.3879573345184326,29.75,0.0005007855943404,0.5263220071792603,23.2109375,26.08050537109375,0.4507602155208587,1017.9770469665528,19.68517303466797
2024-04-10 13:21:38,0.0012193022994324,0.3879573345184326,29.75,0.0005007855943404,0.5263220071792603,23.2109375,26.08050537109375,0.4507602155208587,1017.9770469665528,19.69085502624512
2024-04-10 13:21:39,0.0012193022994324,0.3879573345184326,29.75,0.0005007855943404,0.5263220071792603,23.2109375,26.08050537109375,0.4507602155208587,1017.9770469665528,19.69085502624512
2024-04-10 13:21:40,0.0013453311985358,0.4267530441284179,29.6640625,0.0005007855943404,0.5263220071792603,23.2109375,26.08050537109375,0.4507602155208587,1017.9770469665528,19.69085502624512
2024-04-10 13:21:41,0.0013453311985358,0.4267530441284179,29.6640625,0.0003392086364328,0.4858356714248657,23.203125,26.08050537109375,0.4507602155208587,1017.9770469665528,19.69085502624512
2024-04-10 13:21:42,0.0013453311985358,0.4267530441284179,29.6640625,0.0003392086364328,0.4858356714248657,23.203125,26.08050537109375,0.4507602155208587,1017.9770469665528,19.69085502624512
2024-04-10 13:21:43,0.0013453311985358,0.4267530441284179,29.6640625,0.0003392086364328,0.4858356714248657,23.203125,25.937408447265625,0.4507602155208587,1017.9770469665528,19.69085502624512
2024-04-10 13:21:44,0.0013453311985358,0.4267530441284179,29.6640625,0.0003392086364328,0.4858356714248657,23.203125,25.937408447265625,0.4507602155208587,1017.965602874756,19.69085502624512
2024-04-10 13:21:45,0.0013453311985358,0.4267530441284179,29.6640625,0.0003392086364328,0.4858356714248657,23.203125,25.937408447265625,0.4507602155208587,1017.965602874756,19.70553207397461
2024-04-10 13:21:46,0.0013453311985358,0.4267530441284179,29.6640625,0.0003392086364328,0.4858356714248657,23.203125,25.937408447265625,0.4507602155208587,1017.965602874756,19.70553207397461
2024-04-10 13:21:47,0.0013453311985358,0.4267530441284179,29.6640625,0.0003392086364328,0.4858356714248657,23.203125,25.937408447265625,0.4507602155208587,1017.965602874756,19.70553207397461
2024-04-10 13:21:48,0.0009115805733017,0.4267530441284179,29.65625,0.0003392086364328,0.4858356714248657,23.203125,25.937408447265625,0.4507602155208587,1017.965602874756,19.70553207397461
2024-04-10 13:21:49,0.0009115805733017,0.4267530441284179,29.65625,0.0007415122236125,0.5263220071792603,23.1796875,25.937408447265625,0.4507602155208587,1018.0014801025392,19.70553207397461
2024-04-10 13:21:50,0.0009115805733017,0.4267530441284179,29.65625,0.0007415122236125,0.5263220071792603,23.1796875,25.937408447265625,0.4507602155208587,1018.0014801025392,19.70553207397461
2024-04-10 13:21:51,0.0009115805733017,0.4267530441284179,29.65625,0.0007415122236125,0.5263220071792603,23.1796875,25.937408447265625,0.4507602155208587,1018.0014801025392,19.70553207397461
2024-04-10 13:21:52,0.0009115805733017,0.4267530441284179,29.65625,0.0007415122236125,0.5263220071792603,23.1796875,25.937408447265625,0.4507602155208587,1018.0014801025392,19.70553207397461
2024-04-10 13:21:53,0.0009115805733017,0.4267530441284179,29.65625,0.0007415122236125,0.5263220071792603,23.1796875,25.89801025390625,0.4507602155208587,1018.0014801025392,19.70553207397461
2024-04-10 13:21:54,0.0009115805733017,0.4267530441284179,29.65625,0.0007415122236125,0.5263220071792603,23.1796875,25.89801025390625,0.4507602155208587,1018.0014801025392,19.710596084594727
2024-04-10 13:21:55,0.0009115805733017,0.4267530441284179,29.65625,0.0007415122236125,0.5263220071792603,23.1796875,25.89801025390625,0.4507602155208587,1018.0014801025392,19.710596084594727
2024-04-10 13:21:56,0.0009115805733017,0.4267530441284179,29.65625,0.0007415122236125,0.5263220071792603,23.1796875,25.89801025390625,0.4507602155208587,1018.0014801025392,19.710596084594727
2024-04-10 13:21:57,0.0010978253558278,0.4267530441284179,29.6171875,0.000875589903444,0.5263220071792603,23.1484375,25.89801025390625,0.4507602155208587,1018.0014801025392,19.710596084594727
2024-04-10 13:21:58,0.0010978253558278,0.4267530441284179,29.6171875,0.000875589903444,0.5263220071792603,23.1484375,25.89801025390625,0.4507602155208587,1018.0044841766356,19.710596084594727
2024-04-10 13:21:59,0.0010978253558278,0.4267530441284179,29.6171875,0.000875589903444,0.5263220071792603,23.1484375,25.89801025390625,0.4507602155208587,1018.0044841766356,19.710596084594727
2024-04-10 13:22:00,0.0010978253558278,0.4267530441284179,29.6171875,0.000875589903444,0.5263220071792603,23.1484375,25.818115234375,0.4507602155208587,1018.0044841766356,19.710596084594727
2024-04-10 13:22:01,0.0010978253558278,0.4267530441284179,29.6171875,0.000875589903444,0.5263220071792603,23.1484375,25.818115234375,0.4507602155208587,1018.0044841766356,19.719173431396484
2024-04-10 13:22:02,0.0010978253558278,0.4267530441284179,29.6171875,0.000875589903444,0.5263220071792603,23.1484375,25.818115234375,0.4507602155208587,1018.0044841766356,19.719173431396484
2024-04-10 13:22:03,0.0010978253558278,0.4267530441284179,29.6171875,0.000875589903444,0.5263220071792603,23.1484375,25.818115234375,0.4507602155208587,1018.0044841766356,19.719173431396484
2024-04-10 13:22:04,0.0014112549833953,0.4267530441284179,29.5703125,0.0008352601435035,0.5263220071792603,23.140625,25.818115234375,0.4507602155208587,1018.0044841766356,19.719173431396484
2024-04-10 13:22:05,0.0014112549833953,0.4267530441284179,29.5703125,0.0008352601435035,0.5263220071792603,23.140625,25.818115234375,0.4507602155208587,1018.0044841766356,19.719173431396484
2024-04-10 13:22:06,0.0014112549833953,0.4267530441284179,29.5703125,0.0008352601435035,0.5263220071792603,23.140625,25.818115234375,0.4507602155208587,1018.0045986175536,19.719173431396484
2024-04-10 13:22:07,0.0014112549833953,0.4267530441284179,29.5703125,0.0008352601435035,0.5263220071792603,23.140625,25.818115234375,0.4507602155208587,1018.0045986175536,19.719173431396484
2024-04-10 13:22:08,0.0014112549833953,0.4267530441284179,29.5703125,0.0008352601435035,0.5263220071792603,23.140625,25.818115234375,0.4507602155208587,1018.0045986175536,19.719173431396484
2024-04-10 13:22:09,0.0014112549833953,0.4267530441284179,29.5703125,0.0008352601435035,0.5263220071792603,23.140625,25.7440185546875,0.4507602155208587,1018.0045986175536,19.719173431396484
2024-04-10 13:22:10,0.0014112549833953,0.4267530441284179,29.5703125,0.0008352601435035,0.5263220071792603,23.140625,25.7440185546875,0.4507602155208587,1018.0045986175536,19.719173431396484
2024-04-10 13:22:11,0.0014112549833953,0.4267530441284179,29.5703125,0.0008352601435035,0.5263220071792603,23.140625,25.7440185546875,0.4507602155208587,1018.0045986175536,19.719173431396484
2024-04-10 13:22:12,0.0015776150394231,0.4267530441284179,29.5546875,0.0008352601435035,0.5263220071792603,23.140625,25.7440185546875,0.4507602155208587,1018.0045986175536,19.734405517578125
2024-04-10 13:22:13,0.0015776150394231,0.4267530441284179,29.5546875,0.0004599944513756,0.4858356714248657,23.09375,25.7440185546875,0.4507602155208587,1018.0045986175536,19.734405517578125
2024-04-10 13:22:14,0.0015776150394231,0.4267530441284179,29.5546875,0.0004599944513756,0.4858356714248657,23.09375,25.7440185546875,0.4507602155208587,1018.0045986175536,19.734405517578125
2024-04-10 13:22:15,0.0015776150394231,0.4267530441284179,29.5546875,0.0004599944513756,0.4858356714248657,23.09375,25.7440185546875,0.4507602155208587,1017.9748153686523,19.734405517578125
2024-04-10 13:22:16,0.0015776150394231,0.4267530441284179,29.5546875,0.0004599944513756,0.4858356714248657,23.09375,25.87652587890625,0.4507602155208587,1017.9748153686523,19.734405517578125
2024-04-10 13:22:17,0.0015776150394231,0.4267530441284179,29.5546875,0.0004599944513756,0.4858356714248657,23.09375,25.87652587890625,0.4507602155208587,1017.9748153686523,19.734405517578125
2024-04-10 13:22:18,0.0015776150394231,0.4267530441284179,29.5546875,0.0004599944513756,0.4858356714248657,23.09375,25.87652587890625,0.4507602155208587,1017.9748153686523,19.751296997070312
2024-04-10 13:22:19,0.0015776150394231,0.4267530441284179,29.5546875,0.0004599944513756,0.4858356714248657,23.09375,25.87652587890625,0.4507602155208587,1017.9748153686523,19.751296997070312
2024-04-10 13:22:20,0.0015776150394231,0.4267530441284179,29.5546875,0.0004599944513756,0.4858356714248657,23.09375,25.87652587890625,0.4507602155208587,1017.9748153686523,19.751296997070312
2024-04-10 13:22:21,0.001973288366571,0.3879573345184326,29.515625,0.0004242493305355,0.5263220071792603,23.0546875,25.87652587890625,0.4507602155208587,1017.9748153686523,19.751296997070312
2024-04-10 13:22:22,0.001973288366571,0.3879573345184326,29.515625,0.0004242493305355,0.5263220071792603,23.0546875,25.87652587890625,0.4507602155208587,1018.0124950408936,19.751296997070312
2024-04-10 13:22:23,0.001973288366571,0.3879573345184326,29.515625,0.0004242493305355,0.5263220071792603,23.0546875,25.87652587890625,0.4507602155208587,1018.0124950408936,19.751296997070312
2024-04-10 13:22:24,0.001973288366571,0.3879573345184326,29.515625,0.0004242493305355,0.5263220071792603,23.0546875,25.9564208984375,0.4507602155208587,1018.0124950408936,19.751296997070312
2024-04-10 13:22:25,0.001973288366571,0.3879573345184326,29.515625,0.0004242493305355,0.5263220071792603,23.0546875,25.9564208984375,0.4507602155208587,1018.0124950408936,19.751296997070312
2024-04-10 13:22:26,0.001973288366571,0.3879573345184326,29.515625,0.0004242493305355,0.5263220071792603,23.0546875,25.9564208984375,0.4507602155208587,1018.0124950408936,19.770042419433597
2024-04-10 13:22:27,0.001973288366571,0.3879573345184326,29.515625,0.0004242493305355,0.5263220071792603,23.0546875,25.9564208984375,0.450006902217865,1018.0124950408936,19.770042419433597
2024-04-10 13:22:28,0.001973288366571,0.3879573345184326,29.515625,0.0004242493305355,0.5263220071792603,23.0546875,25.9564208984375,0.450006902217865,1018.0124950408936,19.770042419433597
2024-04-10 13:22:29,0.001048972713761,0.4267530441284179,29.5,0.0004853970604017,0.56680828332901,23.0625,25.9564208984375,0.450006902217865,1018.0124950408936,19.770042419433597
2024-04-10 13:22:30,0.001048972713761,0.4267530441284179,29.5,0.0004853970604017,0.56680828332901,23.0625,25.9564208984375,0.450006902217865,1017.999963760376,19.770042419433597
2024-04-10 13:22:31,0.001048972713761,0.4267530441284179,29.5,0.0004853970604017,0.56680828332901,23.0625,26.03759765625,0.450006902217865,1017.999963760376,19.770042419433597
2024-04-10 13:22:32,0.001048972713761,0.4267530441284179,29.5,0.0004853970604017,0.56680828332901,23.0625,26.03759765625,0.450006902217865,1017.999963760376,19.770042419433597
2024-04-10 13:22:33,0.001048972713761,0.4267530441284179,29.5,0.0004853970604017,0.56680828332901,23.0625,26.03759765625,0.450006902217865,1017.999963760376,19.770042419433597
2024-04-10 13:22:34,0.001048972713761,0.4267530441284179,29.5,0.0004853970604017,0.56680828332901,23.0625,26.03759765625,0.450006902217865,1017.999963760376,19.770042419433597
2024-04-10 13:22:35,0.001048972713761,0.4267530441284179,29.5,0.0004853970604017,0.56680828332901,23.0625,26.03759765625,0.450006902217865,1017.999963760376,19.781068801879883
2024-04-10 13:22:36,0.0016715938691049,0.3879573345184326,29.515625,0.0004853970604017,0.56680828332901,23.0625,26.03759765625,0.450006902217865,1017.999963760376,19.781068801879883
2024-04-10 13:22:37,0.0016715938691049,0.3879573345184326,29.515625,0.0003733925987035,0.5263220071792603,23.0625,26.03759765625,0.450006902217865,1018.0084896087646,19.781068801879883
2024-04-10 13:22:38,0.0016715938691049,0.3879573345184326,29.515625,0.0003733925987035,0.5263220071792603,23.0625,26.03759765625,0.450006902217865,1018.0084896087646,19.781068801879883
2024-04-10 13:22:39,0.0016715938691049,0.3879573345184326,29.515625,0.0003733925987035,0.5263220071792603,23.0625,26.05792236328125,0.450006902217865,1018.0084896087646,19.781068801879883
2024-04-10 13:22:40,0.0016715938691049,0.3879573345184326,29.515625,0.0003733925987035,0.5263220071792603,23.0625,26.05792236328125,0.450006902217865,1018.0084896087646,19.781068801879883
2024-04-10 13:22:41,0.0016715938691049,0.3879573345184326,29.515625,0.0003733925987035,0.5263220071792603,23.0625,26.05792236328125,0.450006902217865,1018.0084896087646,19.781068801879883
2024-04-10 13:22:42,0.0016715938691049,0.3879573345184326,29.515625,0.0003733925987035,0.5263220071792603,23.0625,26.05792236328125,0.450006902217865,1018.0084896087646,19.79924774169922
2024-04-10 13:22:43,0.0016715938691049,0.3879573345184326,29.515625,0.0003733925987035,0.5263220071792603,23.0625,26.05792236328125,0.450006902217865,1018.0084896087646,19.79924774169922
2024-04-10 13:22:44,0.0016715938691049,0.3879573345184326,29.515625,0.0003733925987035,0.5263220071792603,23.0625,26.05792236328125,0.450006902217865,1018.0084896087646,19.79924774169922
2024-04-10 13:22:45,0.0016715938691049,0.3879573345184326,29.515625,0.0004668227047659,0.5263220071792603,23.03125,26.05792236328125,0.450006902217865,1017.979736328125,19.79924774169922
2024-04-10 13:22:46,0.0016715938691049,0.3879573345184326,29.515625,0.0004668227047659,0.5263220071792603,23.03125,26.05792236328125,0.450006902217865,1017.979736328125,19.79924774169922
2024-04-10 13:22:47,0.0016715938691049,0.3879573345184326,29.515625,0.0004668227047659,0.5263220071792603,23.03125,26.05792236328125,0.450006902217865,1017.979736328125,19.79924774169922
2024-04-10 13:22:48,0.0011874587507918,0.4267530441284179,29.4765625,0.0004668227047659,0.5263220071792603,23.03125,26.05792236328125,0.450006902217865,1017.979736328125,19.79924774169922
2024-04-10 13:22:49,0.0011874587507918,0.4267530441284179,29.4765625,0.0004668227047659,0.5263220071792603,23.03125,26.05792236328125,0.450006902217865,1017.979736328125,19.79924774169922
2024-04-10 13:22:50,0.0011874587507918,0.4267530441284179,29.4765625,0.0004668227047659,0.5263220071792603,23.03125,26.105987548828125,0.450006902217865,1017.979736328125,19.789691925048828
2024-04-10 13:22:51,0.0011874587507918,0.4267530441284179,29.4765625,0.0004668227047659,0.5263220071792603,23.03125,26.105987548828125,0.450006902217865,1017.979736328125,19.789691925048828
2024-04-10 13:22:52,0.0011874587507918,0.4267530441284179,29.4765625,0.0004015026788692,0.5263220071792603,23.0234375,26.105987548828125,0.450006902217865,1017.979736328125,19.789691925048828
2024-04-10 13:22:53,0.0011016071075573,0.4267530441284179,29.4609375,0.0004015026788692,0.5263220071792603,23.0234375,26.105987548828125,0.450006902217865,1017.979736328125,19.789691925048828
2024-04-10 13:22:54,0.0011016071075573,0.4267530441284179,29.4609375,0.0004015026788692,0.5263220071792603,23.0234375,26.105987548828125,0.450006902217865,1017.979736328125,19.789691925048828
2024-04-10 13:22:55,0.0011016071075573,0.4267530441284179,29.4609375,0.0004015026788692,0.5263220071792603,23.0234375,26.225067138671875,0.450006902217865,1018.0201625823976,19.789691925048828
2024-04-10 13:22:56,0.0011016071075573,0.4267530441284179,29.4609375,0.0004015026788692,0.5263220071792603,23.0234375,26.225067138671875,0.450006902217865,1018.0201625823976,19.789691925048828
2024-04-10 13:22:57,0.0011016071075573,0.4267530441284179,29.4609375,0.0004015026788692,0.5263220071792603,23.0234375,26.225067138671875,0.450006902217865,1018.0201625823976,19.787792205810547
2024-04-10 13:22:58,0.0011016071075573,0.4267530441284179,29.4609375,0.0004015026788692,0.5263220071792603,23.0234375,26.225067138671875,0.450006902217865,1018.0201625823976,19.787792205810547
2024-04-10 13:22:59,0.0011016071075573,0.4267530441284179,29.4609375,0.0004015026788692,0.5263220071792603,23.0234375,26.225067138671875,0.450006902217865,1018.0201625823976,19.787792205810547
2024-04-10 13:23:00,0.0011016071075573,0.4267530441284179,29.4609375,0.0004013526777271,0.5263220071792603,23.0078125,26.225067138671875,0.450006902217865,1018.0201625823976,19.787792205810547
2024-04-10 13:23:01,0.0014710522955283,0.4267530441284179,29.4609375,0.0004013526777271,0.5263220071792603,23.0078125,26.225067138671875,0.450006902217865,1018.0201625823976,19.787792205810547
2024-04-10 13:23:02,0.0014710522955283,0.4267530441284179,29.4609375,0.0004013526777271,0.5263220071792603,23.0078125,26.225067138671875,0.450006902217865,1018.0201625823976,19.787792205810547
2024-04-10 13:23:03,0.0014710522955283,0.4267530441284179,29.4609375,0.0004013526777271,0.5263220071792603,23.0078125,26.225067138671875,0.450006902217865,1018.0201625823976,19.787792205810547
2024-04-10 13:23:04,0.0014710522955283,0.4267530441284179,29.4609375,0.0004013526777271,0.5263220071792603,23.0078125,26.225067138671875,0.450006902217865,1018.0201625823976,19.787792205810547
2024-04-10 13:23:05,0.0014710522955283,0.4267530441284179,29.4609375,0.0004013526777271,0.5263220071792603,23.0078125,26.25204467773437,0.450006902217865,1018.0201625823976,19.796884536743164
2024-04-10 13:23:06,0.0014710522955283,0.4267530441284179,29.4609375,0.0004013526777271,0.5263220071792603,23.0078125,26.25204467773437,0.450006902217865,1018.018388748169,19.796884536743164
2024-04-10 13:23:07,0.0014710522955283,0.4267530441284179,29.4609375,0.0004013526777271,0.5263220071792603,23.0078125,26.25204467773437,0.450006902217865,1018.018388748169,19.796884536743164
2024-04-10 13:23:08,0.0016526656690984,0.4267530441284179,29.453125,0.0004013526777271,0.5263220071792603,23.0078125,26.25204467773437,0.450006902217865,1018.018388748169,19.796884536743164
2024-04-10 13:23:09,0.0016526656690984,0.4267530441284179,29.453125,0.0010337182320654,0.5263220071792603,22.9921875,26.25204467773437,0.450006902217865,1018.03240776062,19.796884536743164
2024-04-10 13:23:10,0.0016526656690984,0.4267530441284179,29.453125,0.0010337182320654,0.5263220071792603,22.9921875,26.25204467773437,0.450006902217865,1018.03240776062,19.796884536743164
2024-04-10 13:23:11,0.0016526656690984,0.4267530441284179,29.453125,0.0010337182320654,0.5263220071792603,22.9921875,26.25204467773437,0.450006902217865,1018.03240776062,19.796884536743164
2024-04-10 13:23:12,0.0016526656690984,0.4267530441284179,29.453125,0.0010337182320654,0.5263220071792603,22.9921875,26.16448974609375,0.450006902217865,1018.03240776062,19.796884536743164
2024-04-10 13:23:13,0.0016526656690984,0.4267530441284179,29.453125,0.0010337182320654,0.5263220071792603,22.9921875,26.16448974609375,0.450006902217865,1018.03240776062,19.796884536743164
2024-04-10 13:23:14,0.0016526656690984,0.4267530441284179,29.453125,0.0010337182320654,0.5263220071792603,22.9921875,26.16448974609375,0.450006902217865,1018.03240776062,19.796884536743164
2024-04-10 13:23:15,0.0016526656690984,0.4267530441284179,29.453125,0.0010337182320654,0.5263220071792603,22.9921875,26.16448974609375,0.450006902217865,1018.03240776062,19.796884536743164
2024-04-10 13:23:16,0.0016526656690984,0.4267530441284179,29.453125,0.0002906203444581,0.5263220071792603,22.9765625,26.16448974609375,0.450006902217865,1018.03240776062,19.793851852416992
2024-04-10 13:23:17,0.0013719565467908,0.4267530441284179,29.4453125,0.0002906203444581,0.5263220071792603,22.9765625,26.16448974609375,0.450006902217865,1018.03240776062,19.793851852416992
2024-04-10 13:23:18,0.0013719565467908,0.4267530441284179,29.4453125,0.0002906203444581,0.5263220071792603,22.9765625,26.16448974609375,0.450006902217865,1018.0064296722412,19.793851852416992
2024-04-10 13:23:19,0.0013719565467908,0.4267530441284179,29.4453125,0.0002906203444581,0.5263220071792603,22.9765625,26.16448974609375,0.450006902217865,1018.0064296722412,19.793851852416992
2024-04-10 13:23:20,0.0013719565467908,0.4267530441284179,29.4453125,0.0002906203444581,0.5263220071792603,22.9765625,26.146240234375,0.450006902217865,1018.0064296722412,19.793851852416992
2024-04-10 13:23:21,0.0013719565467908,0.4267530441284179,29.4453125,0.0002906203444581,0.5263220071792603,22.9765625,26.146240234375,0.450006902217865,1018.0064296722412,19.793851852416992
2024-04-10 13:23:22,0.0013719565467908,0.4267530441284179,29.4453125,0.0002906203444581,0.5263220071792603,22.9765625,26.146240234375,0.450006902217865,1018.0064296722412,19.793851852416992
2024-04-10 13:23:23,0.0013719565467908,0.4267530441284179,29.4453125,0.0002906203444581,0.5263220071792603,22.9765625,26.146240234375,0.450006902217865,1018.0064296722412,19.793851852416992
2024-04-10 13:23:24,0.0019771300721913,0.4267530441284179,29.4453125,0.0004679285048041,0.5263220071792603,22.96875,26.146240234375,0.450006902217865,1018.0064296722412,19.793851852416992
2024-04-10 13:23:25,0.0019771300721913,0.4267530441284179,29.4453125,0.0004679285048041,0.5263220071792603,22.96875,26.146240234375,0.450006902217865,1018.0064296722412,19.793851852416992
2024-04-10 13:23:26,0.0019771300721913,0.4267530441284179,29.4453125,0.0004679285048041,0.5263220071792603,22.96875,26.146240234375,0.450006902217865,1018.045539855957,19.80452919006348
2024-04-10 13:23:27,0.0019771300721913,0.4267530441284179,29.4453125,0.0004679285048041,0.5263220071792603,22.96875,26.146240234375,0.450006902217865,1018.045539855957,19.80452919006348
2024-04-10 13:23:28,0.0019771300721913,0.4267530441284179,29.4453125,0.0004679285048041,0.5263220071792603,22.96875,26.19366455078125,0.450006902217865,1018.045539855957,19.80452919006348
2024-04-10 13:23:29,0.0019771300721913,0.4267530441284179,29.4453125,0.0004679285048041,0.5263220071792603,22.96875,26.19366455078125,0.4531636536121368,1018.045539855957,19.80452919006348
2024-04-10 13:23:30,0.0019771300721913,0.4267530441284179,29.4453125,0.0004679285048041,0.5263220071792603,22.96875,26.19366455078125,0.4531636536121368,1018.045539855957,19.80452919006348
2024-04-10 13:23:31,0.0019771300721913,0.4267530441284179,29.4453125,0.0004679285048041,0.5263220071792603,22.96875,26.19366455078125,0.4531636536121368,1018.045539855957,19.793657302856445
2024-04-10 13:23:32,0.0013084112433716,0.4267530441284179,29.4375,0.0004809777310583,0.4858356714248657,22.9453125,26.19366455078125,0.4531636536121368,1018.045539855957,19.793657302856445
2024-04-10 13:23:33,0.0013084112433716,0.4267530441284179,29.4375,0.0004809777310583,0.4858356714248657,22.9453125,26.19366455078125,0.4531636536121368,1018.012351989746,19.793657302856445
2024-04-10 13:23:34,0.0013084112433716,0.4267530441284179,29.4375,0.0004809777310583,0.4858356714248657,22.9453125,26.19366455078125,0.4531636536121368,1018.012351989746,19.793657302856445
2024-04-10 13:23:35,0.0013084112433716,0.4267530441284179,29.4375,0.0004809777310583,0.4858356714248657,22.9453125,26.19366455078125,0.4531636536121368,1018.012351989746,19.793657302856445
2024-04-10 13:23:36,0.0013084112433716,0.4267530441284179,29.4375,0.0004809777310583,0.4858356714248657,22.9453125,26.25570678710937,0.4531636536121368,1018.012351989746,19.793657302856445
2024-04-10 13:23:37,0.0013084112433716,0.4267530441284179,29.4375,0.0004809777310583,0.4858356714248657,22.9453125,26.25570678710937,0.4531636536121368,1018.012351989746,19.793657302856445
2024-04-10 13:23:38,0.0013084112433716,0.4267530441284179,29.4375,0.0004809777310583,0.4858356714248657,22.9453125,26.25570678710937,0.4531636536121368,1018.012351989746,19.78679084777832
2024-04-10 13:23:39,0.0013084112433716,0.4267530441284179,29.4375,0.0004809777310583,0.4858356714248657,22.9453125,26.25570678710937,0.4531636536121368,1018.012351989746,19.78679084777832
2024-04-10 13:23:40,0.0017453959444537,0.4267530441284179,29.4609375,0.0004809777310583,0.4858356714248657,22.9453125,26.25570678710937,0.4531636536121368,1018.012351989746,19.78679084777832
2024-04-10 13:23:41,0.0017453959444537,0.4267530441284179,29.4609375,0.0005335317691788,0.4453493654727936,22.9453125,26.25570678710937,0.4531636536121368,1018.012351989746,19.78679084777832
2024-04-10 13:23:42,0.0017453959444537,0.4267530441284179,29.4609375,0.0005335317691788,0.4453493654727936,22.9453125,26.25570678710937,0.4531636536121368,1018.012351989746,19.78679084777832
2024-04-10 13:23:43,0.0017453959444537,0.4267530441284179,29.4609375,0.0005335317691788,0.4453493654727936,22.9453125,26.25570678710937,0.4531636536121368,1018.012351989746,19.78679084777832
2024-04-10 13:23:44,0.0017453959444537,0.4267530441284179,29.4609375,0.0005335317691788,0.4453493654727936,22.9453125,26.25570678710937,0.4531636536121368,1018.012351989746,19.78679084777832
2024-04-10 13:23:45,0.0017453959444537,0.4267530441284179,29.4609375,0.0005335317691788,0.4453493654727936,22.9453125,26.25570678710937,0.4531636536121368,1018.012351989746,19.78679084777832
2024-04-10 13:23:46,0.0017453959444537,0.4267530441284179,29.4609375,0.0005335317691788,0.4453493654727936,22.9453125,26.300567626953125,0.4531636536121368,1018.012351989746,19.777332305908203
2024-04-10 13:23:47,0.0017453959444537,0.4267530441284179,29.4609375,0.0005335317691788,0.4453493654727936,22.9453125,26.300567626953125,0.4531636536121368,1018.0212783813477,19.777332305908203
2024-04-10 13:23:48,0.0017453959444537,0.4267530441284179,29.4609375,0.0004363834450487,0.5263220071792603,22.921875,26.300567626953125,0.4531636536121368,1018.0212783813477,19.777332305908203
2024-04-10 13:23:49,0.0012828545877709,0.3879573345184326,29.4453125,0.0004363834450487,0.5263220071792603,22.921875,26.300567626953125,0.4531636536121368,1018.0212783813477,19.777332305908203
2024-04-10 13:23:50,0.0012828545877709,0.3879573345184326,29.4453125,0.0004363834450487,0.5263220071792603,22.921875,26.300567626953125,0.4531636536121368,1018.0472564697266,19.777332305908203
2024-04-10 13:23:51,0.0012828545877709,0.3879573345184326,29.4453125,0.0004363834450487,0.5263220071792603,22.921875,26.294464111328125,0.4531636536121368,1018.0472564697266,19.777332305908203
2024-04-10 13:23:52,0.0012828545877709,0.3879573345184326,29.4453125,0.0004363834450487,0.5263220071792603,22.921875,26.294464111328125,0.4531636536121368,1018.0472564697266,19.777332305908203
2024-04-10 13:23:53,0.0012828545877709,0.3879573345184326,29.4453125,0.0004363834450487,0.5263220071792603,22.921875,26.294464111328125,0.4531636536121368,1018.0472564697266,19.777332305908203
2024-04-10 13:23:54,0.0012828545877709,0.3879573345184326,29.4453125,0.0004363834450487,0.5263220071792603,22.921875,26.294464111328125,0.4531636536121368,1018.0472564697266,19.772846221923828
2024-04-10 13:23:55,0.0012828545877709,0.3879573345184326,29.4453125,0.0004363834450487,0.5263220071792603,22.921875,26.294464111328125,0.4531636536121368,1018.0472564697266,19.772846221923828
2024-04-10 13:23:56,0.0020751801785081,0.4655487835407257,29.453125,0.0004579738306347,0.56680828332901,22.9140625,26.294464111328125,0.4531636536121368,1018.0472564697266,19.772846221923828
2024-04-10 13:23:57,0.0020751801785081,0.4655487835407257,29.453125,0.0004579738306347,0.56680828332901,22.9140625,26.294464111328125,0.4531636536121368,1018.0090618133544,19.772846221923828
2024-04-10 13:23:58,0.0020751801785081,0.4655487835407257,29.453125,0.0004579738306347,0.56680828332901,22.9140625,26.294464111328125,0.4531636536121368,1018.0090618133544,19.772846221923828
2024-04-10 13:23:59,0.0020751801785081,0.4655487835407257,29.453125,0.0004579738306347,0.56680828332901,22.9140625,26.22955322265625,0.4531636536121368,1018.0090618133544,19.772846221923828
2024-04-10 13:24:00,0.0020751801785081,0.4655487835407257,29.453125,0.0004579738306347,0.56680828332901,22.9140625,26.22955322265625,0.4531636536121368,1018.0090618133544,19.772846221923828
2024-04-10 13:24:01,0.0020751801785081,0.4655487835407257,29.453125,0.0004579738306347,0.56680828332901,22.9140625,26.22955322265625,0.4531636536121368,1018.0090618133544,19.772846221923828
2024-04-10 13:24:02,0.0020751801785081,0.4655487835407257,29.453125,0.0004579738306347,0.56680828332901,22.9140625,26.22955322265625,0.4531636536121368,1018.0090618133544,19.77079200744629
2024-04-10 13:24:03,0.0020751801785081,0.4655487835407257,29.453125,0.0004579738306347,0.56680828332901,22.9140625,26.22955322265625,0.4531636536121368,1018.0090618133544,19.77079200744629
2024-04-10 13:24:04,0.0020751801785081,0.4655487835407257,29.453125,0.0004579738306347,0.56680828332901,22.9140625,26.22955322265625,0.4531636536121368,1018.0090618133544,19.77079200744629
2024-04-10 13:24:05,0.0010567452991381,0.4267530441284179,29.453125,0.0005507348687388,0.5263220071792603,22.890625,26.22955322265625,0.4531636536121368,1018.0090618133544,19.77079200744629
2024-04-10 13:24:06,0.0010567452991381,0.4267530441284179,29.453125,0.0005507348687388,0.5263220071792603,22.890625,26.060791015625,0.4531636536121368,1018.0090618133544,19.77079200744629
2024-04-10 13:24:07,0.0010567452991381,0.4267530441284179,29.453125,0.0005507348687388,0.5263220071792603,22.890625,26.060791015625,0.4531636536121368,1017.9882335662842,19.77079200744629
2024-04-10 13:24:08,0.0010567452991381,0.4267530441284179,29.453125,0.0005507348687388,0.5263220071792603,22.890625,26.060791015625,0.4531636536121368,1017.9882335662842,19.77079200744629
2024-04-10 13:24:09,0.0010567452991381,0.4267530441284179,29.453125,0.0005507348687388,0.5263220071792603,22.890625,26.060791015625,0.4531636536121368,1017.9882335662842,19.77079200744629
2024-04-10 13:24:10,0.0010567452991381,0.4267530441284179,29.453125,0.0005507348687388,0.5263220071792603,22.890625,26.060791015625,0.4531636536121368,1017.9882335662842,19.77079200744629
2024-04-10 13:24:11,0.0010567452991381,0.4267530441284179,29.453125,0.0005507348687388,0.5263220071792603,22.890625,26.060791015625,0.4531636536121368,1017.9882335662842,19.75568008422852
2024-04-10 13:24:12,0.0010567452991381,0.4267530441284179,29.453125,0.0005507348687388,0.5263220071792603,22.890625,26.060791015625,0.4531636536121368,1017.9882335662842,19.75568008422852
2024-04-10 13:24:13,0.0009132503764703,0.4267530441284179,29.4296875,0.0006329016177915,0.5263220071792603,22.875,26.060791015625,0.4531636536121368,1017.9882335662842,19.75568008422852
2024-04-10 13:24:14,0.0009132503764703,0.4267530441284179,29.4296875,0.0006329016177915,0.5263220071792603,22.875,26.060791015625,0.4531636536121368,1017.9749870300292,19.75568008422852
2024-04-10 13:24:15,0.0009132503764703,0.4267530441284179,29.4296875,0.0006329016177915,0.5263220071792603,22.875,26.060791015625,0.4531636536121368,1017.9749870300292,19.75568008422852
2024-04-10 13:24:16,0.0009132503764703,0.4267530441284179,29.4296875,0.0006329016177915,0.5263220071792603,22.875,26.060791015625,0.4531636536121368,1017.9749870300292,19.75568008422852
2024-04-10 13:24:17,0.0009132503764703,0.4267530441284179,29.4296875,0.0006329016177915,0.5263220071792603,22.875,25.9210205078125,0.4531636536121368,1017.9749870300292,19.747068405151367
2024-04-10 13:24:18,0.0009132503764703,0.4267530441284179,29.4296875,0.0006329016177915,0.5263220071792603,22.875,25.9210205078125,0.4531636536121368,1017.9749870300292,19.747068405151367
2024-04-10 13:24:19,0.0009132503764703,0.4267530441284179,29.4296875,0.0006329016177915,0.5263220071792603,22.875,25.9210205078125,0.4531636536121368,1017.9749870300292,19.747068405151367
2024-04-10 13:24:20,0.0009132503764703,0.4267530441284179,29.4296875,0.0006329016177915,0.5263220071792603,22.875,25.9210205078125,0.4531636536121368,1017.9749870300292,19.747068405151367
2024-04-10 13:24:21,0.0012853107182309,0.4267530441284179,29.3828125,0.0005191686213947,0.5263220071792603,22.875,25.9210205078125,0.4531636536121368,1017.9786205291748,19.747068405151367
2024-04-10 13:24:22,0.0012853107182309,0.4267530441284179,29.3828125,0.0005191686213947,0.5263220071792603,22.875,25.9210205078125,0.4531636536121368,1017.9786205291748,19.747068405151367
2024-04-10 13:24:23,0.0012853107182309,0.4267530441284179,29.3828125,0.0005191686213947,0.5263220071792603,22.875,25.866851806640625,0.4531636536121368,1017.9786205291748,19.747068405151367
2024-04-10 13:24:24,0.0012853107182309,0.4267530441284179,29.3828125,0.0005191686213947,0.5263220071792603,22.875,25.866851806640625,0.4531636536121368,1017.9786205291748,19.747068405151367
2024-04-10 13:24:25,0.0012853107182309,0.4267530441284179,29.3828125,0.0005191686213947,0.5263220071792603,22.875,25.866851806640625,0.4531636536121368,1017.9786205291748,19.747068405151367
2024-04-10 13:24:26,0.0012853107182309,0.4267530441284179,29.3828125,0.0005191686213947,0.5263220071792603,22.875,25.866851806640625,0.4531636536121368,1017.9786205291748,19.747068405151367
2024-04-10 13:24:27,0.0012853107182309,0.4267530441284179,29.3828125,0.0005191686213947,0.5263220071792603,22.875,25.866851806640625,0.4531636536121368,1017.9786205291748,19.73604202270508
2024-04-10 13:24:28,0.0012853107182309,0.4267530441284179,29.3828125,0.0005191686213947,0.5263220071792603,22.875,25.866851806640625,0.449434757232666,1017.9786205291748,19.73604202270508
2024-04-10 13:24:29,0.0013813625555485,0.3879573345184326,29.390625,0.0005191686213947,0.5263220071792603,22.875,25.866851806640625,0.449434757232666,1017.9786205291748,19.73604202270508
2024-04-10 13:24:30,0.0013813625555485,0.3879573345184326,29.390625,0.0005191686213947,0.5263220071792603,22.875,25.866851806640625,0.449434757232666,1017.9856300354004,19.73604202270508
2024-04-10 13:24:31,0.0013813625555485,0.3879573345184326,29.390625,0.0005616506095975,0.5263220071792603,22.8359375,25.866851806640625,0.449434757232666,1017.9856300354004,19.73604202270508
2024-04-10 13:24:32,0.0013813625555485,0.3879573345184326,29.390625,0.0005616506095975,0.5263220071792603,22.8359375,25.81771850585937,0.449434757232666,1017.9856300354004,19.73604202270508
2024-04-10 13:24:33,0.0013813625555485,0.3879573345184326,29.390625,0.0005616506095975,0.5263220071792603,22.8359375,25.81771850585937,0.449434757232666,1017.9856300354004,19.73604202270508
2024-04-10 13:24:34,0.0013813625555485,0.3879573345184326,29.390625,0.0005616506095975,0.5263220071792603,22.8359375,25.81771850585937,0.449434757232666,1017.9856300354004,19.73604202270508
2024-04-10 13:24:35,0.0013813625555485,0.3879573345184326,29.390625,0.0005616506095975,0.5263220071792603,22.8359375,25.81771850585937,0.449434757232666,1017.9856300354004,19.71860694885254
2024-04-10 13:24:36,0.0012460214784368,0.4267530441284179,29.3125,0.0005616506095975,0.5263220071792603,22.8359375,25.81771850585937,0.449434757232666,1017.9856300354004,19.71860694885254
2024-04-10 13:24:37,0.0012460214784368,0.4267530441284179,29.3125,0.0003928162623196,0.5263220071792603,22.859375,25.81771850585937,0.449434757232666,1017.9856300354004,19.71860694885254
2024-04-10 13:24:38,0.0012460214784368,0.4267530441284179,29.3125,0.0003928162623196,0.5263220071792603,22.859375,25.81771850585937,0.449434757232666,1017.9880619049072,19.71860694885254
2024-04-10 13:24:39,0.0012460214784368,0.4267530441284179,29.3125,0.0003928162623196,0.5263220071792603,22.859375,25.81771850585937,0.449434757232666,1017.9880619049072,19.71860694885254
2024-04-10 13:24:40,0.0012460214784368,0.4267530441284179,29.3125,0.0003928162623196,0.5263220071792603,22.859375,25.755126953125,0.449434757232666,1017.9880619049072,19.71860694885254
2024-04-10 13:24:41,0.0012460214784368,0.4267530441284179,29.3125,0.0003928162623196,0.5263220071792603,22.859375,25.755126953125,0.449434757232666,1017.9880619049072,19.71860694885254
2024-04-10 13:24:42,0.0012460214784368,0.4267530441284179,29.3125,0.0003928162623196,0.5263220071792603,22.859375,25.755126953125,0.449434757232666,1017.9880619049072,19.719236373901367
2024-04-10 13:24:43,0.0012460214784368,0.4267530441284179,29.3125,0.0003928162623196,0.5263220071792603,22.859375,25.755126953125,0.449434757232666,1017.9880619049072,19.719236373901367
2024-04-10 13:24:44,0.0012460214784368,0.4267530441284179,29.3125,0.0004161184479016,0.5263220071792603,22.8203125,25.755126953125,0.449434757232666,1017.9880619049072,19.719236373901367
2024-04-10 13:24:45,0.0013089475687593,0.4267530441284179,29.3203125,0.0004161184479016,0.5263220071792603,22.8203125,25.755126953125,0.449434757232666,1017.9765892028807,19.719236373901367
2024-04-10 13:24:46,0.0013089475687593,0.4267530441284179,29.3203125,0.0004161184479016,0.5263220071792603,22.8203125,25.755126953125,0.449434757232666,1017.9765892028807,19.719236373901367
2024-04-10 13:24:47,0.0013089475687593,0.4267530441284179,29.3203125,0.0004161184479016,0.5263220071792603,22.8203125,25.81161499023437,0.449434757232666,1017.9765892028807,19.719236373901367
2024-04-10 13:24:48,0.0013089475687593,0.4267530441284179,29.3203125,0.0004161184479016,0.5263220071792603,22.8203125,25.81161499023437,0.449434757232666,1017.9765892028807,19.719236373901367
2024-04-10 13:24:49,0.0013089475687593,0.4267530441284179,29.3203125,0.0004161184479016,0.5263220071792603,22.8203125,25.81161499023437,0.449434757232666,1017.9765892028807,19.719236373901367
2024-04-10 13:24:50,0.0013089475687593,0.4267530441284179,29.3203125,0.0004161184479016,0.5263220071792603,22.8203125,25.81161499023437,0.449434757232666,1017.9765892028807,19.70475959777832
2024-04-10 13:24:51,0.0013089475687593,0.4267530441284179,29.3203125,0.0004161184479016,0.5263220071792603,22.8203125,25.81161499023437,0.449434757232666,1017.9765892028807,19.70475959777832
2024-04-10 13:24:52,0.0013089475687593,0.4267530441284179,29.3203125,0.0004161184479016,0.5263220071792603,22.8203125,25.81161499023437,0.449434757232666,1017.9765892028807,19.70475959777832
2024-04-10 13:24:53,0.0014318450121209,0.4267530441284179,29.296875,0.0004626542795449,0.5263220071792603,22.8046875,25.81161499023437,0.449434757232666,1017.9559326171876,19.70475959777832
2024-04-10 13:24:54,0.0014318450121209,0.4267530441284179,29.296875,0.0004626542795449,0.5263220071792603,22.8046875,25.81161499023437,0.449434757232666,1017.9559326171876,19.70475959777832
2024-04-10 13:24:55,0.0014318450121209,0.4267530441284179,29.296875,0.0004626542795449,0.5263220071792603,22.8046875,25.81161499023437,0.449434757232666,1017.9559326171876,19.70475959777832
2024-04-10 13:24:56,0.0014318450121209,0.4267530441284179,29.296875,0.0004626542795449,0.5263220071792603,22.8046875,25.81161499023437,0.449434757232666,1017.9559326171876,19.70475959777832
2024-04-10 13:24:57,0.0014318450121209,0.4267530441284179,29.296875,0.0004626542795449,0.5263220071792603,22.8046875,25.79522705078125,0.449434757232666,1017.9559326171876,19.70475959777832
2024-04-10 13:24:58,0.0014318450121209,0.4267530441284179,29.296875,0.0004626542795449,0.5263220071792603,22.8046875,25.79522705078125,0.449434757232666,1017.9559326171876,19.69973564147949
2024-04-10 13:24:59,0.0014318450121209,0.4267530441284179,29.296875,0.0004626542795449,0.5263220071792603,22.8046875,25.79522705078125,0.449434757232666,1017.9559326171876,19.69973564147949
2024-04-10 13:25:00,0.0011284407228231,0.4267530441284179,29.25,0.0004198409733362,0.56680828332901,22.796875,25.79522705078125,0.449434757232666,1017.9559326171876,19.69973564147949
2024-04-10 13:25:01,0.0011284407228231,0.4267530441284179,29.25,0.0004198409733362,0.56680828332901,22.796875,25.79522705078125,0.449434757232666,1017.9559326171876,19.69973564147949
2024-04-10 13:25:02,0.0011284407228231,0.4267530441284179,29.25,0.0004198409733362,0.56680828332901,22.796875,25.79522705078125,0.449434757232666,1017.956075668335,19.69973564147949
2024-04-10 13:25:03,0.0011284407228231,0.4267530441284179,29.25,0.0004198409733362,0.56680828332901,22.796875,25.819122314453125,0.449434757232666,1017.956075668335,19.69973564147949
2024-04-10 13:25:04,0.0011284407228231,0.4267530441284179,29.25,0.0004198409733362,0.56680828332901,22.796875,25.819122314453125,0.449434757232666,1017.956075668335,19.69973564147949
2024-04-10 13:25:05,0.0011284407228231,0.4267530441284179,29.25,0.0004198409733362,0.56680828332901,22.796875,25.819122314453125,0.449434757232666,1017.956075668335,19.69973564147949
2024-04-10 13:25:06,0.0011284407228231,0.4267530441284179,29.25,0.0004198409733362,0.56680828332901,22.796875,25.819122314453125,0.449434757232666,1017.956075668335,19.6846866607666
2024-04-10 13:25:07,0.0011284407228231,0.4267530441284179,29.25,0.0004198409733362,0.56680828332901,22.796875,25.819122314453125,0.449434757232666,1017.956075668335,19.6846866607666
2024-04-10 13:25:08,0.0009251844603568,0.4655487835407257,29.25,0.0003613646549638,0.5263220071792603,22.7734375,25.819122314453125,0.449434757232666,1017.956075668335,19.6846866607666
2024-04-10 13:25:09,0.0009251844603568,0.4655487835407257,29.25,0.0003613646549638,0.5263220071792603,22.7734375,25.819122314453125,0.449434757232666,1017.956075668335,19.6846866607666
2024-04-10 13:25:10,0.0009251844603568,0.4655487835407257,29.25,0.0003613646549638,0.5263220071792603,22.7734375,25.819122314453125,0.449434757232666,1017.956075668335,19.6846866607666
2024-04-10 13:25:11,0.0009251844603568,0.4655487835407257,29.25,0.0003613646549638,0.5263220071792603,22.7734375,25.819122314453125,0.449434757232666,1018.0061721801758,19.6846866607666
2024-04-10 13:25:12,0.0009251844603568,0.4655487835407257,29.25,0.0003613646549638,0.5263220071792603,22.7734375,25.819122314453125,0.449434757232666,1018.0061721801758,19.6846866607666
2024-04-10 13:25:13,0.0009251844603568,0.4655487835407257,29.25,0.0003613646549638,0.5263220071792603,22.7734375,25.70654296875,0.449434757232666,1018.0061721801758,19.702150344848636
2024-04-10 13:25:14,0.0009251844603568,0.4655487835407257,29.25,0.0003613646549638,0.5263220071792603,22.7734375,25.70654296875,0.449434757232666,1018.0061721801758,19.702150344848636
2024-04-10 13:25:15,0.0009251844603568,0.4655487835407257,29.25,0.0003613646549638,0.5263220071792603,22.7734375,25.70654296875,0.449434757232666,1018.0061721801758,19.702150344848636
2024-04-10 13:25:16,0.0017849263967946,0.4655487835407257,29.2265625,0.0004285335598979,0.5263220071792603,22.765625,25.70654296875,0.449434757232666,1018.0061721801758,19.702150344848636
2024-04-10 13:25:17,0.0017849263967946,0.4655487835407257,29.2265625,0.0004285335598979,0.5263220071792603,22.765625,25.70654296875,0.449434757232666,1018.0061721801758,19.702150344848636
2024-04-10 13:25:18,0.0017849263967946,0.4655487835407257,29.2265625,0.0004285335598979,0.5263220071792603,22.765625,25.70654296875,0.449434757232666,1018.0061721801758,19.702150344848636
2024-04-10 13:25:19,0.0017849263967946,0.4655487835407257,29.2265625,0.0004285335598979,0.5263220071792603,22.765625,25.70654296875,0.449434757232666,1018.0020236968994,19.702150344848636
2024-04-10 13:25:20,0.0017849263967946,0.4655487835407257,29.2265625,0.0004285335598979,0.5263220071792603,22.765625,25.70654296875,0.449434757232666,1018.0020236968994,19.702150344848636
2024-04-10 13:25:21,0.0017849263967946,0.4655487835407257,29.2265625,0.0004285335598979,0.5263220071792603,22.765625,25.70654296875,0.449434757232666,1018.0020236968994,19.702150344848636
2024-04-10 13:25:22,0.0017849263967946,0.4655487835407257,29.2265625,0.0004285335598979,0.5263220071792603,22.765625,25.70654296875,0.449434757232666,1018.0020236968994,19.7070426940918
2024-04-10 13:25:23,0.0017849263967946,0.4655487835407257,29.2265625,0.0004285335598979,0.5263220071792603,22.765625,25.67462158203125,0.449434757232666,1018.0020236968994,19.7070426940918
2024-04-10 13:25:24,0.0018794279312714,0.5043445229530334,29.1953125,0.0004432755231391,0.5263220071792603,22.75,25.67462158203125,0.449434757232666,1018.0020236968994,19.7070426940918
2024-04-10 13:25:25,0.0018794279312714,0.5043445229530334,29.1953125,0.0004432755231391,0.5263220071792603,22.75,25.67462158203125,0.449434757232666,1018.0020236968994,19.7070426940918
2024-04-10 13:25:26,0.0018794279312714,0.5043445229530334,29.1953125,0.0004432755231391,0.5263220071792603,22.75,25.67462158203125,0.449434757232666,1017.9808235168456,19.7070426940918
2024-04-10 13:25:27,0.0018794279312714,0.5043445229530334,29.1953125,0.0004432755231391,0.5263220071792603,22.75,25.67462158203125,0.449434757232666,1017.9808235168456,19.7070426940918
2024-04-10 13:25:28,0.0018794279312714,0.5043445229530334,29.1953125,0.0004432755231391,0.5263220071792603,22.75,25.56591796875,0.449434757232666,1017.9808235168456,19.7070426940918
2024-04-10 13:25:29,0.0018794279312714,0.5043445229530334,29.1953125,0.0004432755231391,0.5263220071792603,22.75,25.56591796875,0.4535735249519348,1017.9808235168456,19.7070426940918
2024-04-10 13:25:30,0.0018794279312714,0.5043445229530334,29.1953125,0.0004432755231391,0.5263220071792603,22.75,25.56591796875,0.4535735249519348,1017.9808235168456,19.7070426940918
2024-04-10 13:25:31,0.0018794279312714,0.5043445229530334,29.1953125,0.0004432755231391,0.5263220071792603,22.75,25.56591796875,0.4535735249519348,1017.9808235168456,19.72256088256836
2024-04-10 13:25:32,0.0012101902393624,0.5431402325630188,29.2109375,0.0004432755231391,0.5263220071792603,22.75,25.56591796875,0.4535735249519348,1017.9808235168456,19.72256088256836
2024-04-10 13:25:33,0.0012101902393624,0.5431402325630188,29.2109375,0.0004654309013858,0.5263220071792603,22.7421875,25.56591796875,0.4535735249519348,1017.9808235168456,19.72256088256836
2024-04-10 13:25:34,0.0012101902393624,0.5431402325630188,29.2109375,0.0004654309013858,0.5263220071792603,22.7421875,25.56591796875,0.4535735249519348,1018.0244827270508,19.72256088256836
2024-04-10 13:25:35,0.0012101902393624,0.5431402325630188,29.2109375,0.0004654309013858,0.5263220071792603,22.7421875,25.584869384765625,0.4535735249519348,1018.0244827270508,19.72256088256836
2024-04-10 13:25:36,0.0012101902393624,0.5431402325630188,29.2109375,0.0004654309013858,0.5263220071792603,22.7421875,25.584869384765625,0.4535735249519348,1018.0244827270508,19.72256088256836
2024-04-10 13:25:37,0.0012101902393624,0.5431402325630188,29.2109375,0.0004654309013858,0.5263220071792603,22.7421875,25.584869384765625,0.4535735249519348,1018.0244827270508,19.72256088256836
2024-04-10 13:25:38,0.0012101902393624,0.5431402325630188,29.2109375,0.0004654309013858,0.5263220071792603,22.7421875,25.584869384765625,0.4535735249519348,1018.0244827270508,19.72256088256836
2024-04-10 13:25:39,0.0012101902393624,0.5431402325630188,29.2109375,0.0004654309013858,0.5263220071792603,22.7421875,25.584869384765625,0.4535735249519348,1018.0244827270508,19.71923065185547
2024-04-10 13:25:40,0.0012101902393624,0.5431402325630188,29.2109375,0.0004654309013858,0.5263220071792603,22.7421875,25.584869384765625,0.4535735249519348,1018.0244827270508,19.71923065185547
2024-04-10 13:25:41,0.0009111789986491,0.4267530441284179,29.125,0.0004740061995107,0.5263220071792603,22.703125,25.584869384765625,0.4535735249519348,1018.0110931396484,19.71923065185547
2024-04-10 13:25:42,0.0009111789986491,0.4267530441284179,29.125,0.0004740061995107,0.5263220071792603,22.703125,25.584869384765625,0.4535735249519348,1018.0110931396484,19.71923065185547
2024-04-10 13:25:43,0.0009111789986491,0.4267530441284179,29.125,0.0004740061995107,0.5263220071792603,22.703125,25.584869384765625,0.4535735249519348,1018.0110931396484,19.71923065185547
2024-04-10 13:25:44,0.0009111789986491,0.4267530441284179,29.125,0.0004740061995107,0.5263220071792603,22.703125,25.583709716796875,0.4535735249519348,1018.0110931396484,19.71923065185547
2024-04-10 13:25:45,0.0009111789986491,0.4267530441284179,29.125,0.0004740061995107,0.5263220071792603,22.703125,25.583709716796875,0.4535735249519348,1018.0110931396484,19.71923065185547
2024-04-10 13:25:46,0.0009111789986491,0.4267530441284179,29.125,0.0004740061995107,0.5263220071792603,22.703125,25.583709716796875,0.4535735249519348,1018.0110931396484,19.71923065185547
2024-04-10 13:25:47,0.0009111789986491,0.4267530441284179,29.125,0.0004740061995107,0.5263220071792603,22.703125,25.583709716796875,0.4535735249519348,1018.0110931396484,19.733043670654297
2024-04-10 13:25:48,0.0018571985419839,0.4267530441284179,29.109375,0.000422769022407,0.5263220071792603,22.71875,25.583709716796875,0.4535735249519348,1018.0110931396484,19.733043670654297
2024-04-10 13:25:49,0.0018571985419839,0.4267530441284179,29.109375,0.000422769022407,0.5263220071792603,22.71875,25.583709716796875,0.4535735249519348,1018.0110931396484,19.733043670654297
2024-04-10 13:25:50,0.0018571985419839,0.4267530441284179,29.109375,0.000422769022407,0.5263220071792603,22.71875,25.583709716796875,0.4535735249519348,1018.00030708313,19.733043670654297
2024-04-10 13:25:51,0.0018571985419839,0.4267530441284179,29.109375,0.000422769022407,0.5263220071792603,22.71875,25.6240234375,0.4535735249519348,1018.00030708313,19.733043670654297
2024-04-10 13:25:52,0.0018571985419839,0.4267530441284179,29.109375,0.000422769022407,0.5263220071792603,22.71875,25.6240234375,0.4535735249519348,1018.00030708313,19.733043670654297
2024-04-10 13:25:53,0.0018571985419839,0.4267530441284179,29.109375,0.000422769022407,0.5263220071792603,22.71875,25.6240234375,0.4535735249519348,1018.00030708313,19.733043670654297
2024-04-10 13:25:54,0.0018571985419839,0.4267530441284179,29.109375,0.000422769022407,0.5263220071792603,22.71875,25.6240234375,0.4535735249519348,1018.00030708313,19.72805976867676
2024-04-10 13:25:55,0.0018571985419839,0.4267530441284179,29.109375,0.000422769022407,0.5263220071792603,22.71875,25.6240234375,0.4535735249519348,1018.00030708313,19.72805976867676
2024-04-10 13:25:56,0.0015896225813776,0.5043445229530334,29.1015625,0.000422769022407,0.5263220071792603,22.71875,25.6240234375,0.4535735249519348,1018.00030708313,19.72805976867676
2024-04-10 13:25:57,0.0015896225813776,0.5043445229530334,29.1015625,0.0003305589489173,0.56680828332901,22.6875,25.6240234375,0.4535735249519348,1018.00030708313,19.72805976867676
2024-04-10 13:25:58,0.0015896225813776,0.5043445229530334,29.1015625,0.0003305589489173,0.56680828332901,22.6875,25.6240234375,0.4535735249519348,1018.00030708313,19.72805976867676
2024-04-10 13:25:59,0.0015896225813776,0.5043445229530334,29.1015625,0.0003305589489173,0.56680828332901,22.6875,25.62289428710937,0.4535735249519348,1018.00030708313,19.72805976867676
2024-04-10 13:26:00,0.0015896225813776,0.5043445229530334,29.1015625,0.0003305589489173,0.56680828332901,22.6875,25.62289428710937,0.4535735249519348,1018.0224227905272,19.72805976867676
2024-04-10 13:26:01,0.0015896225813776,0.5043445229530334,29.1015625,0.0003305589489173,0.56680828332901,22.6875,25.62289428710937,0.4535735249519348,1018.0224227905272,19.756452560424805
2024-04-10 13:26:02,0.0015896225813776,0.5043445229530334,29.1015625,0.0003305589489173,0.56680828332901,22.6875,25.62289428710937,0.4535735249519348,1018.0224227905272,19.756452560424805
2024-04-10 13:26:03,0.0015896225813776,0.5043445229530334,29.1015625,0.0003305589489173,0.56680828332901,22.6875,25.62289428710937,0.4535735249519348,1018.0224227905272,19.756452560424805
2024-04-10 13:26:04,0.0015896225813776,0.5043445229530334,29.1015625,0.0003305589489173,0.56680828332901,22.6875,25.62289428710937,0.4535735249519348,1018.0224227905272,19.756452560424805
2024-04-10 13:26:05,0.0014834724133834,0.4267530441284179,29.0625,0.0005587737541645,0.4858356714248657,22.671875,25.62289428710937,0.4535735249519348,1018.0285167694092,19.756452560424805
2024-04-10 13:26:06,0.0014834724133834,0.4267530441284179,29.0625,0.0005587737541645,0.4858356714248657,22.671875,25.62289428710937,0.4535735249519348,1018.0285167694092,19.756452560424805
2024-04-10 13:26:07,0.0014834724133834,0.4267530441284179,29.0625,0.0005587737541645,0.4858356714248657,22.671875,25.62289428710937,0.4535735249519348,1018.0285167694092,19.756452560424805
2024-04-10 13:26:08,0.0014834724133834,0.4267530441284179,29.0625,0.0005587737541645,0.4858356714248657,22.671875,25.62289428710937,0.4535735249519348,1018.0285167694092,19.756452560424805
2024-04-10 13:26:09,0.0014834724133834,0.4267530441284179,29.0625,0.0005587737541645,0.4858356714248657,22.671875,25.609588623046875,0.4535735249519348,1018.0285167694092,19.756452560424805
2024-04-10 13:26:10,0.0014834724133834,0.4267530441284179,29.0625,0.0005587737541645,0.4858356714248657,22.671875,25.609588623046875,0.4535735249519348,1018.0285167694092,19.765316009521484
2024-04-10 13:26:11,0.0014834724133834,0.4267530441284179,29.0625,0.0005587737541645,0.4858356714248657,22.671875,25.609588623046875,0.4535735249519348,1018.0285167694092,19.765316009521484
2024-04-10 13:26:12,0.0014834724133834,0.4267530441284179,29.0625,0.0005256740259937,0.56680828332901,22.6484375,25.609588623046875,0.4535735249519348,1018.0285167694092,19.765316009521484
2024-04-10 13:26:13,0.0013381709577515,0.4267530441284179,29.078125,0.0005256740259937,0.56680828332901,22.6484375,25.609588623046875,0.4535735249519348,1018.0285167694092,19.765316009521484
2024-04-10 13:26:14,0.0013381709577515,0.4267530441284179,29.078125,0.0005256740259937,0.56680828332901,22.6484375,25.609588623046875,0.4535735249519348,1018.0342388153076,19.765316009521484
2024-04-10 13:26:15,0.0013381709577515,0.4267530441284179,29.078125,0.0005256740259937,0.56680828332901,22.6484375,25.609588623046875,0.4535735249519348,1018.0342388153076,19.765316009521484
2024-04-10 13:26:16,0.0013381709577515,0.4267530441284179,29.078125,0.0005256740259937,0.56680828332901,22.6484375,25.587646484375,0.4535735249519348,1018.0342388153076,19.765316009521484
2024-04-10 13:26:17,0.0013381709577515,0.4267530441284179,29.078125,0.0005256740259937,0.56680828332901,22.6484375,25.587646484375,0.4535735249519348,1018.0342388153076,19.775278091430664
2024-04-10 13:26:18,0.0013381709577515,0.4267530441284179,29.078125,0.0005256740259937,0.56680828332901,22.6484375,25.587646484375,0.4535735249519348,1018.0342388153076,19.775278091430664
2024-04-10 13:26:19,0.0013381709577515,0.4267530441284179,29.078125,0.0005256740259937,0.56680828332901,22.6484375,25.587646484375,0.4535735249519348,1018.0342388153076,19.775278091430664
2024-04-10 13:26:20,0.0013539968058466,0.4267530441284179,29.046875,0.0005473892088048,0.4858356714248657,22.6484375,25.587646484375,0.4535735249519348,1018.0342388153076,19.775278091430664
2024-04-10 13:26:21,0.0013539968058466,0.4267530441284179,29.046875,0.0005473892088048,0.4858356714248657,22.6484375,25.587646484375,0.4535735249519348,1018.0342388153076,19.775278091430664
2024-04-10 13:26:22,0.0013539968058466,0.4267530441284179,29.046875,0.0005473892088048,0.4858356714248657,22.6484375,25.587646484375,0.4535735249519348,1018.0342388153076,19.775278091430664
2024-04-10 13:26:23,0.0013539968058466,0.4267530441284179,29.046875,0.0005473892088048,0.4858356714248657,22.6484375,25.587646484375,0.4535735249519348,1018.0342388153076,19.775278091430664
2024-04-10 13:26:24,0.0013539968058466,0.4267530441284179,29.046875,0.0005473892088048,0.4858356714248657,22.6484375,25.587646484375,0.4535735249519348,1017.996187210083,19.775278091430664
2024-04-10 13:26:25,0.0013539968058466,0.4267530441284179,29.046875,0.0005473892088048,0.4858356714248657,22.6484375,25.5562744140625,0.4535735249519348,1017.996187210083,19.775278091430664
2024-04-10 13:26:26,0.0013539968058466,0.4267530441284179,29.046875,0.0005473892088048,0.4858356714248657,22.6484375,25.5562744140625,0.4535735249519348,1017.996187210083,19.775278091430664
2024-04-10 13:26:27,0.0013539968058466,0.4267530441284179,29.046875,0.0005473892088048,0.4858356714248657,22.6484375,25.5562744140625,0.4535735249519348,1017.996187210083,19.775278091430664
2024-04-10 13:26:28,0.0014753171708434,0.4655487835407257,29.0,0.0005473892088048,0.4858356714248657,22.6484375,25.5562744140625,0.4508238434791565,1017.996187210083,19.78895378112793
2024-04-10 13:26:29,0.0014753171708434,0.4655487835407257,29.0,0.0002845885755959,0.4858356714248657,22.625,25.5562744140625,0.4508238434791565,1017.996187210083,19.78895378112793
2024-04-10 13:26:30,0.0014753171708434,0.4655487835407257,29.0,0.0002845885755959,0.4858356714248657,22.625,25.5562744140625,0.4508238434791565,1017.996187210083,19.78895378112793
2024-04-10 13:26:31,0.0014753171708434,0.4655487835407257,29.0,0.0002845885755959,0.4858356714248657,22.625,25.5562744140625,0.4508238434791565,1017.9404258728028,19.78895378112793
2024-04-10 13:26:32,0.0014753171708434,0.4655487835407257,29.0,0.0002845885755959,0.4858356714248657,22.625,25.60540771484375,0.4508238434791565,1017.9404258728028,19.78895378112793
2024-04-10 13:26:33,0.0014753171708434,0.4655487835407257,29.0,0.0002845885755959,0.4858356714248657,22.625,25.60540771484375,0.4508238434791565,1017.9404258728028,19.78895378112793
2024-04-10 13:26:34,0.0014753171708434,0.4655487835407257,29.0,0.0002845885755959,0.4858356714248657,22.625,25.60540771484375,0.4508238434791565,1017.9404258728028,19.793434143066406
2024-04-10 13:26:35,0.0014753171708434,0.4655487835407257,29.0,0.0002845885755959,0.4858356714248657,22.625,25.60540771484375,0.4508238434791565,1017.9404258728028,19.793434143066406
2024-04-10 13:26:36,0.0014753171708434,0.4655487835407257,29.0,0.0008636165293864,0.5263220071792603,22.6328125,25.60540771484375,0.4508238434791565,1017.9404258728028,19.793434143066406
2024-04-10 13:26:37,0.0016460778424516,0.4267530441284179,28.9921875,0.0008636165293864,0.5263220071792603,22.6328125,25.60540771484375,0.4508238434791565,1017.9404258728028,19.793434143066406
2024-04-10 13:26:38,0.0016460778424516,0.4267530441284179,28.9921875,0.0008636165293864,0.5263220071792603,22.6328125,25.60540771484375,0.4508238434791565,1018.0016231536864,19.793434143066406
2024-04-10 13:26:39,0.0016460778424516,0.4267530441284179,28.9921875,0.0008636165293864,0.5263220071792603,22.6328125,25.60540771484375,0.4508238434791565,1018.0016231536864,19.793434143066406
2024-04-10 13:26:40,0.0016460778424516,0.4267530441284179,28.9921875,0.0008636165293864,0.5263220071792603,22.6328125,25.580474853515625,0.4508238434791565,1018.0016231536864,19.793434143066406
2024-04-10 13:26:41,0.0016460778424516,0.4267530441284179,28.9921875,0.0008636165293864,0.5263220071792603,22.6328125,25.580474853515625,0.4508238434791565,1018.0016231536864,19.793434143066406
2024-04-10 13:26:42,0.0016460778424516,0.4267530441284179,28.9921875,0.0008636165293864,0.5263220071792603,22.6328125,25.580474853515625,0.4508238434791565,1018.0016231536864,19.80242919921875
2024-04-10 13:26:43,0.0016460778424516,0.4267530441284179,28.9921875,0.0008636165293864,0.5263220071792603,22.6328125,25.580474853515625,0.4508238434791565,1018.0016231536864,19.80242919921875
2024-04-10 13:26:44,0.0016460778424516,0.4267530441284179,28.9921875,0.0006201612995937,0.56680828332901,22.6015625,25.580474853515625,0.4508238434791565,1018.0016231536864,19.80242919921875
2024-04-10 13:26:45,0.0011803414672613,0.4267530441284179,28.9609375,0.0006201612995937,0.56680828332901,22.6015625,25.580474853515625,0.4508238434791565,1018.0016231536864,19.80242919921875
2024-04-10 13:26:46,0.0011803414672613,0.4267530441284179,28.9609375,0.0006201612995937,0.56680828332901,22.6015625,25.580474853515625,0.4508238434791565,1018.0120944976808,19.80242919921875
2024-04-10 13:26:47,0.0011803414672613,0.4267530441284179,28.9609375,0.0006201612995937,0.56680828332901,22.6015625,25.48992919921875,0.4508238434791565,1018.0120944976808,19.80242919921875
2024-04-10 13:26:48,0.0011803414672613,0.4267530441284179,28.9609375,0.0006201612995937,0.56680828332901,22.6015625,25.48992919921875,0.4508238434791565,1018.0120944976808,19.80242919921875
2024-04-10 13:26:49,0.0011803414672613,0.4267530441284179,28.9609375,0.0006201612995937,0.56680828332901,22.6015625,25.48992919921875,0.4508238434791565,1018.0120944976808,19.80242919921875
2024-04-10 13:26:50,0.0011803414672613,0.4267530441284179,28.9609375,0.0006201612995937,0.56680828332901,22.6015625,25.48992919921875,0.4508238434791565,1018.0120944976808,19.80242919921875
2024-04-10 13:26:51,0.0011803414672613,0.4267530441284179,28.9609375,0.0006201612995937,0.56680828332901,22.6015625,25.48992919921875,0.4508238434791565,1018.0120944976808,19.80242919921875
2024-04-10 13:26:52,0.0011874623596668,0.4267530441284179,28.96875,0.0006201612995937,0.56680828332901,22.6015625,25.48992919921875,0.4508238434791565,1018.0120944976808,19.80242919921875
2024-04-10 13:26:53,0.0011874623596668,0.4267530441284179,28.96875,0.0003442551242187,0.56680828332901,22.5859375,25.48992919921875,0.4508238434791565,1018.0687141418456,19.81198501586914
2024-04-10 13:26:54,0.0011874623596668,0.4267530441284179,28.96875,0.0003442551242187,0.56680828332901,22.5859375,25.48992919921875,0.4508238434791565,1018.0687141418456,19.81198501586914
2024-04-10 13:26:55,0.0011874623596668,0.4267530441284179,28.96875,0.0003442551242187,0.56680828332901,22.5859375,25.3558349609375,0.4508238434791565,1018.0687141418456,19.81198501586914
2024-04-10 13:26:56,0.0011874623596668,0.4267530441284179,28.96875,0.0003442551242187,0.56680828332901,22.5859375,25.3558349609375,0.4508238434791565,1018.0687141418456,19.81198501586914
2024-04-10 13:26:57,0.0011874623596668,0.4267530441284179,28.96875,0.0003442551242187,0.56680828332901,22.5859375,25.3558349609375,0.4508238434791565,1018.0687141418456,19.81198501586914
2024-04-10 13:26:58,0.0011874623596668,0.4267530441284179,28.96875,0.0003442551242187,0.56680828332901,22.5859375,25.3558349609375,0.4508238434791565,1018.0687141418456,19.82519149780273
2024-04-10 13:26:59,0.0011874623596668,0.4267530441284179,28.96875,0.0003442551242187,0.56680828332901,22.5859375,25.3558349609375,0.4508238434791565,1018.0687141418456,19.82519149780273
2024-04-10 13:27:00,0.0011874623596668,0.4267530441284179,28.96875,0.0003442551242187,0.56680828332901,22.5859375,25.3558349609375,0.4508238434791565,1018.0687141418456,19.82519149780273
2024-04-10 13:27:01,0.0011874623596668,0.4267530441284179,28.96875,0.0007249417831189,0.5263220071792603,22.5703125,25.3558349609375,0.4508238434791565,1018.0714321136476,19.82519149780273
2024-04-10 13:27:02,0.0011874623596668,0.4267530441284179,28.96875,0.0007249417831189,0.5263220071792603,22.5703125,25.3558349609375,0.4508238434791565,1018.0714321136476,19.82519149780273
2024-04-10 13:27:03,0.0027374455239623,0.4267530441284179,28.9453125,0.0007249417831189,0.5263220071792603,22.5703125,25.301239013671875,0.4508238434791565,1018.0714321136476,19.82519149780273
2024-04-10 13:27:04,0.0027374455239623,0.4267530441284179,28.9453125,0.0007249417831189,0.5263220071792603,22.5703125,25.301239013671875,0.4508238434791565,1018.0714321136476,19.82519149780273
2024-04-10 13:27:05,0.0027374455239623,0.4267530441284179,28.9453125,0.0007249417831189,0.5263220071792603,22.5703125,25.301239013671875,0.4508238434791565,1018.0714321136476,19.82519149780273
2024-04-10 13:27:06,0.0027374455239623,0.4267530441284179,28.9453125,0.0007249417831189,0.5263220071792603,22.5703125,25.301239013671875,0.4508238434791565,1018.0714321136476,19.825294494628903
2024-04-10 13:27:07,0.0027374455239623,0.4267530441284179,28.9453125,0.0007249417831189,0.5263220071792603,22.5703125,25.301239013671875,0.4508238434791565,1018.0714321136476,19.825294494628903
2024-04-10 13:27:08,0.0027374455239623,0.4267530441284179,28.9453125,0.000533660815563,0.5263220071792603,22.578125,25.301239013671875,0.4508238434791565,1018.0714321136476,19.825294494628903
2024-04-10 13:27:09,0.0012541041942313,0.4655487835407257,28.90625,0.000533660815563,0.5263220071792603,22.578125,25.301239013671875,0.4508238434791565,1018.0714321136476,19.825294494628903
2024-04-10 13:27:10,0.0012541041942313,0.4655487835407257,28.90625,0.000533660815563,0.5263220071792603,22.578125,25.301239013671875,0.4508238434791565,1018.0714321136476,19.825294494628903
2024-04-10 13:27:11,0.0012541041942313,0.4655487835407257,28.90625,0.000533660815563,0.5263220071792603,22.578125,25.40463256835937,0.4508238434791565,1018.0714321136476,19.825294494628903
2024-04-10 13:27:12,0.0012541041942313,0.4655487835407257,28.90625,0.000533660815563,0.5263220071792603,22.578125,25.40463256835937,0.4508238434791565,1018.0882549285888,19.825294494628903
2024-04-10 13:27:13,0.0012541041942313,0.4655487835407257,28.90625,0.000533660815563,0.5263220071792603,22.578125,25.40463256835937,0.4508238434791565,1018.0882549285888,19.825294494628903
2024-04-10 13:27:14,0.0012541041942313,0.4655487835407257,28.90625,0.000533660815563,0.5263220071792603,22.578125,25.40463256835937,0.4508238434791565,1018.0882549285888,19.825294494628903
2024-04-10 13:27:15,0.0012541041942313,0.4655487835407257,28.90625,0.000533660815563,0.5263220071792603,22.578125,25.40463256835937,0.4508238434791565,1018.0882549285888,19.829551696777344
2024-04-10 13:27:16,0.0012609568657353,0.4267530441284179,28.8828125,0.0005054983776062,0.4858356714248657,22.5546875,25.40463256835937,0.4508238434791565,1018.0882549285888,19.829551696777344
2024-04-10 13:27:17,0.0012609568657353,0.4267530441284179,28.8828125,0.0005054983776062,0.4858356714248657,22.5546875,25.40463256835937,0.4508238434791565,1018.0882549285888,19.829551696777344
2024-04-10 13:27:18,0.0012609568657353,0.4267530441284179,28.8828125,0.0005054983776062,0.4858356714248657,22.5546875,25.40463256835937,0.4508238434791565,1018.0882549285888,19.829551696777344
2024-04-10 13:27:19,0.0012609568657353,0.4267530441284179,28.8828125,0.0005054983776062,0.4858356714248657,22.5546875,25.40463256835937,0.4508238434791565,1018.0686283111572,19.829551696777344
2024-04-10 13:27:20,0.0012609568657353,0.4267530441284179,28.8828125,0.0005054983776062,0.4858356714248657,22.5546875,25.40463256835937,0.4508238434791565,1018.0686283111572,19.829551696777344
2024-04-10 13:27:21,0.0012609568657353,0.4267530441284179,28.8828125,0.0005054983776062,0.4858356714248657,22.5546875,25.50399780273437,0.4508238434791565,1018.0686283111572,19.848520278930664
2024-04-10 13:27:22,0.0012609568657353,0.4267530441284179,28.8828125,0.0005054983776062,0.4858356714248657,22.5546875,25.50399780273437,0.4508238434791565,1018.0686283111572,19.848520278930664
2024-04-10 13:27:23,0.0012609568657353,0.4267530441284179,28.8828125,0.0005054983776062,0.4858356714248657,22.5546875,25.50399780273437,0.4508238434791565,1018.0686283111572,19.848520278930664
2024-04-10 13:27:24,0.0012609568657353,0.4267530441284179,28.8828125,0.0005054983776062,0.4858356714248657,22.5546875,25.50399780273437,0.4508238434791565,1018.0686283111572,19.848520278930664
2024-04-10 13:27:25,0.0009584446670487,0.4267530441284179,28.890625,0.0004398199671413,0.4858356714248657,22.5546875,25.50399780273437,0.4508238434791565,1018.0260276794434,19.848520278930664
2024-04-10 13:27:26,0.0009584446670487,0.4267530441284179,28.890625,0.0004398199671413,0.4858356714248657,22.5546875,25.50399780273437,0.4508238434791565,1018.0260276794434,19.848520278930664
2024-04-10 13:27:27,0.0009584446670487,0.4267530441284179,28.890625,0.0004398199671413,0.4858356714248657,22.5546875,25.50399780273437,0.4508238434791565,1018.0260276794434,19.848520278930664
2024-04-10 13:27:28,0.0009584446670487,0.4267530441284179,28.890625,0.0004398199671413,0.4858356714248657,22.5546875,25.50399780273437,0.4508238434791565,1018.0260276794434,19.848520278930664
2024-04-10 13:27:29,0.0009584446670487,0.4267530441284179,28.890625,0.0004398199671413,0.4858356714248657,22.5546875,25.50399780273437,0.4520201385021209,1018.0260276794434,19.848520278930664
2024-04-10 13:27:30,0.0009584446670487,0.4267530441284179,28.890625,0.0004398199671413,0.4858356714248657,22.5546875,25.50399780273437,0.4520201385021209,1018.0260276794434,19.848520278930664
2024-04-10 13:27:31,0.0009584446670487,0.4267530441284179,28.890625,0.0004398199671413,0.4858356714248657,22.5546875,25.60382080078125,0.4520201385021209,1018.0260276794434,19.848520278930664
2024-04-10 13:27:32,0.0009584446670487,0.4267530441284179,28.890625,0.0003764582506846,0.4858356714248657,22.53125,25.60382080078125,0.4520201385021209,1018.0260276794434,19.84666633605957
2024-04-10 13:27:33,0.00143743888475,0.3879573345184326,28.8984375,0.0003764582506846,0.4858356714248657,22.53125,25.60382080078125,0.4520201385021209,1018.0260276794434,19.84666633605957
2024-04-10 13:27:34,0.00143743888475,0.3879573345184326,28.8984375,0.0003764582506846,0.4858356714248657,22.53125,25.60382080078125,0.4520201385021209,1018.0673694610596,19.84666633605957
2024-04-10 13:27:35,0.00143743888475,0.3879573345184326,28.8984375,0.0003764582506846,0.4858356714248657,22.53125,25.60382080078125,0.4520201385021209,1018.0673694610596,19.84666633605957
2024-04-10 13:27:36,0.00143743888475,0.3879573345184326,28.8984375,0.0003764582506846,0.4858356714248657,22.53125,25.735504150390625,0.4520201385021209,1018.0673694610596,19.84666633605957
2024-04-10 13:27:37,0.00143743888475,0.3879573345184326,28.8984375,0.0003764582506846,0.4858356714248657,22.53125,25.735504150390625,0.4520201385021209,1018.0673694610596,19.84666633605957
2024-04-10 13:27:38,0.00143743888475,0.3879573345184326,28.8984375,0.0003764582506846,0.4858356714248657,22.53125,25.735504150390625,0.4520201385021209,1018.0673694610596,19.84666633605957
2024-04-10 13:27:39,0.00143743888475,0.3879573345184326,28.8984375,0.0003764582506846,0.4858356714248657,22.53125,25.735504150390625,0.4520201385021209,1018.0673694610596,19.859695434570312
2024-04-10 13:27:40,0.0012296637287363,0.4267530441284179,28.875,0.0003581517376005,0.5263220071792603,22.515625,25.735504150390625,0.4520201385021209,1018.0673694610596,19.859695434570312
2024-04-10 13:27:41,0.0012296637287363,0.4267530441284179,28.875,0.0003581517376005,0.5263220071792603,22.515625,25.735504150390625,0.4520201385021209,1018.0673694610596,19.859695434570312
2024-04-10 13:27:42,0.0012296637287363,0.4267530441284179,28.875,0.0003581517376005,0.5263220071792603,22.515625,25.735504150390625,0.4520201385021209,1018.0497455596924,19.859695434570312
2024-04-10 13:27:43,0.0012296637287363,0.4267530441284179,28.875,0.0003581517376005,0.5263220071792603,22.515625,25.735504150390625,0.4520201385021209,1018.0497455596924,19.859695434570312
2024-04-10 13:27:44,0.0012296637287363,0.4267530441284179,28.875,0.0003581517376005,0.5263220071792603,22.515625,25.84710693359375,0.4520201385021209,1018.0497455596924,19.859695434570312
2024-04-10 13:27:45,0.0012296637287363,0.4267530441284179,28.875,0.0003581517376005,0.5263220071792603,22.515625,25.84710693359375,0.4520201385021209,1018.0497455596924,19.859695434570312
2024-04-10 13:27:46,0.0012296637287363,0.4267530441284179,28.875,0.0003581517376005,0.5263220071792603,22.515625,25.84710693359375,0.4520201385021209,1018.0497455596924,19.86006164550781
2024-04-10 13:27:47,0.0012296637287363,0.4267530441284179,28.875,0.0003581517376005,0.5263220071792603,22.515625,25.84710693359375,0.4520201385021209,1018.0497455596924,19.86006164550781
2024-04-10 13:27:48,0.0015949187800288,0.4655487835407257,28.8984375,0.000293289165711,0.5263220071792603,22.484375,25.84710693359375,0.4520201385021209,1018.0497455596924,19.86006164550781
2024-04-10 13:27:49,0.0015949187800288,0.4655487835407257,28.8984375,0.000293289165711,0.5263220071792603,22.484375,25.84710693359375,0.4520201385021209,1018.0497455596924,19.86006164550781
2024-04-10 13:27:50,0.0015949187800288,0.4655487835407257,28.8984375,0.000293289165711,0.5263220071792603,22.484375,25.84710693359375,0.4520201385021209,1018.0497455596924,19.86006164550781
2024-04-10 13:27:51,0.0015949187800288,0.4655487835407257,28.8984375,0.000293289165711,0.5263220071792603,22.484375,25.84710693359375,0.4520201385021209,1018.0497455596924,19.86006164550781
2024-04-10 13:27:52,0.0015949187800288,0.4655487835407257,28.8984375,0.000293289165711,0.5263220071792603,22.484375,26.05718994140625,0.4520201385021209,1018.0301761627196,19.86006164550781
2024-04-10 13:27:53,0.0015949187800288,0.4655487835407257,28.8984375,0.000293289165711,0.5263220071792603,22.484375,26.05718994140625,0.4520201385021209,1018.0301761627196,19.86006164550781
2024-04-10 13:27:54,0.0015949187800288,0.4655487835407257,28.8984375,0.000293289165711,0.5263220071792603,22.484375,26.05718994140625,0.4520201385021209,1018.0301761627196,19.88321304321289
2024-04-10 13:27:55,0.0015949187800288,0.4655487835407257,28.8984375,0.000293289165711,0.5263220071792603,22.484375,26.05718994140625,0.4520201385021209,1018.0301761627196,19.88321304321289
2024-04-10 13:27:56,0.0008583811577409,0.5043445229530334,28.8984375,0.000293289165711,0.5263220071792603,22.484375,26.05718994140625,0.4520201385021209,1018.0301761627196,19.88321304321289
2024-04-10 13:27:57,0.0008583811577409,0.5043445229530334,28.8984375,0.0004811083490494,0.5263220071792603,22.4765625,26.05718994140625,0.4520201385021209,1018.0301761627196,19.88321304321289
2024-04-10 13:27:58,0.0008583811577409,0.5043445229530334,28.8984375,0.0004811083490494,0.5263220071792603,22.4765625,26.05718994140625,0.4520201385021209,1018.0919456481934,19.88321304321289
2024-04-10 13:27:59,0.0008583811577409,0.5043445229530334,28.8984375,0.0004811083490494,0.5263220071792603,22.4765625,26.05718994140625,0.4520201385021209,1018.0919456481934,19.88321304321289
2024-04-10 13:28:00,0.0008583811577409,0.5043445229530334,28.8984375,0.0004811083490494,0.5263220071792603,22.4765625,26.05718994140625,0.4520201385021209,1018.0919456481934,19.88321304321289
2024-04-10 13:28:01,0.0008583811577409,0.5043445229530334,28.8984375,0.0004811083490494,0.5263220071792603,22.4765625,26.05718994140625,0.4520201385021209,1018.0919456481934,19.88321304321289
2024-04-10 13:28:02,0.0008583811577409,0.5043445229530334,28.8984375,0.0004811083490494,0.5263220071792603,22.4765625,26.161529541015625,0.4520201385021209,1018.0919456481934,19.86980628967285
2024-04-10 13:28:03,0.0008583811577409,0.5043445229530334,28.8984375,0.0004811083490494,0.5263220071792603,22.4765625,26.161529541015625,0.4520201385021209,1018.0919456481934,19.86980628967285
2024-04-10 13:28:04,0.0008583811577409,0.5043445229530334,28.8984375,0.000640238285996,0.4858356714248657,22.4765625,26.161529541015625,0.4520201385021209,1018.0919456481934,19.86980628967285
2024-04-10 13:28:05,0.0019451504340395,0.4267530441284179,28.9375,0.000640238285996,0.4858356714248657,22.4765625,26.161529541015625,0.4520201385021209,1018.0919456481934,19.86980628967285
2024-04-10 13:28:06,0.0019451504340395,0.4267530441284179,28.9375,0.000640238285996,0.4858356714248657,22.4765625,26.161529541015625,0.4520201385021209,1018.0180740356444,19.86980628967285
2024-04-10 13:28:07,0.0019451504340395,0.4267530441284179,28.9375,0.000640238285996,0.4858356714248657,22.4765625,26.314697265625,0.4520201385021209,1018.0180740356444,19.86980628967285
2024-04-10 13:28:08,0.0019451504340395,0.4267530441284179,28.9375,0.000640238285996,0.4858356714248657,22.4765625,26.314697265625,0.4520201385021209,1018.0180740356444,19.86980628967285
2024-04-10 13:28:09,0.0019451504340395,0.4267530441284179,28.9375,0.000640238285996,0.4858356714248657,22.4765625,26.314697265625,0.4520201385021209,1018.0180740356444,19.86980628967285
2024-04-10 13:28:10,0.0019451504340395,0.4267530441284179,28.9375,0.000640238285996,0.4858356714248657,22.4765625,26.314697265625,0.4520201385021209,1018.0180740356444,19.854019165039062
2024-04-10 13:28:11,0.0019451504340395,0.4267530441284179,28.9375,0.000640238285996,0.4858356714248657,22.4765625,26.314697265625,0.4520201385021209,1018.0180740356444,19.854019165039062
2024-04-10 13:28:12,0.001177363214083,0.4267530441284179,28.921875,0.000675132672768,0.4858356714248657,22.484375,26.314697265625,0.4520201385021209,1018.0180740356444,19.854019165039062
2024-04-10 13:28:13,0.001177363214083,0.4267530441284179,28.921875,0.000675132672768,0.4858356714248657,22.484375,26.314697265625,0.4520201385021209,1018.054838180542,19.854019165039062
2024-04-10 13:28:14,0.001177363214083,0.4267530441284179,28.921875,0.000675132672768,0.4858356714248657,22.484375,26.314697265625,0.4520201385021209,1018.054838180542,19.854019165039062
2024-04-10 13:28:15,0.001177363214083,0.4267530441284179,28.921875,0.000675132672768,0.4858356714248657,22.484375,26.491851806640625,0.4520201385021209,1018.054838180542,19.854019165039062
2024-04-10 13:28:16,0.001177363214083,0.4267530441284179,28.921875,0.000675132672768,0.4858356714248657,22.484375,26.491851806640625,0.4520201385021209,1018.054838180542,19.854019165039062
2024-04-10 13:28:17,0.001177363214083,0.4267530441284179,28.921875,0.000675132672768,0.4858356714248657,22.484375,26.491851806640625,0.4520201385021209,1018.054838180542,19.854019165039062
2024-04-10 13:28:18,0.001177363214083,0.4267530441284179,28.921875,0.000675132672768,0.4858356714248657,22.484375,26.491851806640625,0.4520201385021209,1018.054838180542,19.859764099121094
2024-04-10 13:28:19,0.001177363214083,0.4267530441284179,28.921875,0.000675132672768,0.4858356714248657,22.484375,26.491851806640625,0.4520201385021209,1018.054838180542,19.859764099121094
2024-04-10 13:28:20,0.0022130643483251,0.4267530441284179,28.9296875,0.000675132672768,0.4858356714248657,22.484375,26.491851806640625,0.4520201385021209,1018.054838180542,19.859764099121094
2024-04-10 13:28:21,0.0022130643483251,0.4267530441284179,28.9296875,0.0005119172274135,0.5263220071792603,22.484375,26.491851806640625,0.4520201385021209,1018.054838180542,19.859764099121094
2024-04-10 13:28:22,0.0022130643483251,0.4267530441284179,28.9296875,0.0005119172274135,0.5263220071792603,22.484375,26.491851806640625,0.4520201385021209,1018.054838180542,19.859764099121094
2024-04-10 13:28:23,0.0022130643483251,0.4267530441284179,28.9296875,0.0005119172274135,0.5263220071792603,22.484375,26.491851806640625,0.4520201385021209,1018.054838180542,19.859764099121094
2024-04-10 13:28:24,0.0022130643483251,0.4267530441284179,28.9296875,0.0005119172274135,0.5263220071792603,22.484375,26.491851806640625,0.4520201385021209,1018.054838180542,19.859764099121094
2024-04-10 13:28:25,0.0022130643483251,0.4267530441284179,28.9296875,0.0005119172274135,0.5263220071792603,22.484375,26.56674194335937,0.4520201385021209,1018.0409622192384,19.859764099121094
2024-04-10 13:28:26,0.0022130643483251,0.4267530441284179,28.9296875,0.0005119172274135,0.5263220071792603,22.484375,26.56674194335937,0.4520201385021209,1018.0409622192384,19.859764099121094
2024-04-10 13:28:27,0.0022130643483251,0.4267530441284179,28.9296875,0.0005119172274135,0.5263220071792603,22.484375,26.56674194335937,0.4520201385021209,1018.0409622192384,19.86885643005371
2024-04-10 13:28:28,0.0017803744412958,0.4655487835407257,28.9453125,0.0005119172274135,0.5263220071792603,22.484375,26.56674194335937,0.4512354731559753,1018.0409622192384,19.86885643005371
2024-04-10 13:28:29,0.0017803744412958,0.4655487835407257,28.9453125,0.0006439889548346,0.4858356714248657,22.46875,26.56674194335937,0.4512354731559753,1018.0409622192384,19.86885643005371
2024-04-10 13:28:30,0.0017803744412958,0.4655487835407257,28.9453125,0.0006439889548346,0.4858356714248657,22.46875,26.56674194335937,0.4512354731559753,1018.0446529388428,19.86885643005371
2024-04-10 13:28:31,0.0017803744412958,0.4655487835407257,28.9453125,0.0006439889548346,0.4858356714248657,22.46875,26.56674194335937,0.4512354731559753,1018.0446529388428,19.86885643005371
2024-04-10 13:28:32,0.0017803744412958,0.4655487835407257,28.9453125,0.0006439889548346,0.4858356714248657,22.46875,26.56674194335937,0.4512354731559753,1018.0446529388428,19.86885643005371
2024-04-10 13:28:33,0.0017803744412958,0.4655487835407257,28.9453125,0.0006439889548346,0.4858356714248657,22.46875,26.693084716796875,0.4512354731559753,1018.0446529388428,19.86885643005371
2024-04-10 13:28:34,0.0017803744412958,0.4655487835407257,28.9453125,0.0006439889548346,0.4858356714248657,22.46875,26.693084716796875,0.4512354731559753,1018.0446529388428,19.86885643005371
2024-04-10 13:28:35,0.0017803744412958,0.4655487835407257,28.9453125,0.0006439889548346,0.4858356714248657,22.46875,26.693084716796875,0.4512354731559753,1018.0446529388428,19.87571144104004
2024-04-10 13:28:36,0.0017803744412958,0.4655487835407257,28.9453125,0.0003897090791724,0.4858356714248657,22.453125,26.693084716796875,0.4512354731559753,1018.0446529388428,19.87571144104004
2024-04-10 13:28:37,0.0012672753073275,0.4267530441284179,28.96875,0.0003897090791724,0.4858356714248657,22.453125,26.693084716796875,0.4512354731559753,1018.0446529388428,19.87571144104004
2024-04-10 13:28:38,0.0012672753073275,0.4267530441284179,28.96875,0.0003897090791724,0.4858356714248657,22.453125,26.693084716796875,0.4512354731559753,1018.0446529388428,19.87571144104004
2024-04-10 13:28:39,0.0012672753073275,0.4267530441284179,28.96875,0.0003897090791724,0.4858356714248657,22.453125,26.766082763671875,0.4512354731559753,1018.080186843872,19.87571144104004
2024-04-10 13:28:40,0.0012672753073275,0.4267530441284179,28.96875,0.0003897090791724,0.4858356714248657,22.453125,26.766082763671875,0.4512354731559753,1018.080186843872,19.87571144104004
2024-04-10 13:28:41,0.0012672753073275,0.4267530441284179,28.96875,0.0003897090791724,0.4858356714248657,22.453125,26.766082763671875,0.4512354731559753,1018.080186843872,19.87571144104004
2024-04-10 13:28:42,0.0012672753073275,0.4267530441284179,28.96875,0.0003897090791724,0.4858356714248657,22.453125,26.766082763671875,0.4512354731559753,1018.080186843872,19.87571144104004
2024-04-10 13:28:43,0.0012672753073275,0.4267530441284179,28.96875,0.0003897090791724,0.4858356714248657,22.453125,26.766082763671875,0.4512354731559753,1018.080186843872,19.88167381286621
2024-04-10 13:28:44,0.0012672753073275,0.4267530441284179,28.96875,0.0003897090791724,0.4858356714248657,22.453125,26.766082763671875,0.4512354731559753,1018.080186843872,19.88167381286621
2024-04-10 13:28:45,0.0013739273417741,0.3879573345184326,29.0078125,0.0003897090791724,0.4858356714248657,22.453125,26.766082763671875,0.4512354731559753,1018.080186843872,19.88167381286621
2024-04-10 13:28:46,0.0013739273417741,0.3879573345184326,29.0078125,0.0003897090791724,0.4858356714248657,22.453125,26.766082763671875,0.4512354731559753,1018.0350399017334,19.88167381286621
2024-04-10 13:28:47,0.0013739273417741,0.3879573345184326,29.0078125,0.0004335081030149,0.4858356714248657,22.4609375,26.766082763671875,0.4512354731559753,1018.0350399017334,19.88167381286621
2024-04-10 13:28:48,0.0013739273417741,0.3879573345184326,29.0078125,0.0004335081030149,0.4858356714248657,22.4609375,26.87811279296875,0.4512354731559753,1018.0350399017334,19.88167381286621
2024-04-10 13:28:49,0.0013739273417741,0.3879573345184326,29.0078125,0.0004335081030149,0.4858356714248657,22.4609375,26.87811279296875,0.4512354731559753,1018.0350399017334,19.88167381286621
2024-04-10 13:28:50,0.0013739273417741,0.3879573345184326,29.0078125,0.0004335081030149,0.4858356714248657,22.4609375,26.87811279296875,0.4512354731559753,1018.0350399017334,19.88167381286621
2024-04-10 13:28:51,0.0013739273417741,0.3879573345184326,29.0078125,0.0004335081030149,0.4858356714248657,22.4609375,26.87811279296875,0.4512354731559753,1018.0350399017334,19.88692092895508
2024-04-10 13:28:52,0.0013349935179576,0.4267530441284179,28.9921875,0.0004335081030149,0.4858356714248657,22.4609375,26.87811279296875,0.4512354731559753,1018.0350399017334,19.88692092895508
2024-04-10 13:28:53,0.0013349935179576,0.4267530441284179,28.9921875,0.0003544271166902,0.4858356714248657,22.4765625,26.87811279296875,0.4512354731559753,1018.0350399017334,19.88692092895508
2024-04-10 13:28:54,0.0013349935179576,0.4267530441284179,28.9921875,0.0003544271166902,0.4858356714248657,22.4765625,26.87811279296875,0.4512354731559753,1018.052921295166,19.88692092895508
2024-04-10 13:28:55,0.0013349935179576,0.4267530441284179,28.9921875,0.0003544271166902,0.4858356714248657,22.4765625,26.87811279296875,0.4512354731559753,1018.052921295166,19.88692092895508
2024-04-10 13:28:56,0.0013349935179576,0.4267530441284179,28.9921875,0.0003544271166902,0.4858356714248657,22.4765625,26.927032470703125,0.4512354731559753,1018.052921295166,19.88692092895508
2024-04-10 13:28:57,0.0013349935179576,0.4267530441284179,28.9921875,0.0003544271166902,0.4858356714248657,22.4765625,26.927032470703125,0.4512354731559753,1018.052921295166,19.88692092895508
2024-04-10 13:28:58,0.0013349935179576,0.4267530441284179,28.9921875,0.0003544271166902,0.4858356714248657,22.4765625,26.927032470703125,0.4512354731559753,1018.052921295166,19.88150787353516
2024-04-10 13:28:59,0.0013349935179576,0.4267530441284179,28.9921875,0.0003544271166902,0.4858356714248657,22.4765625,26.927032470703125,0.4512354731559753,1018.052921295166,19.88150787353516
2024-04-10 13:29:00,0.0013349935179576,0.4267530441284179,28.9921875,0.0006021400913596,0.5263220071792603,22.4375,26.927032470703125,0.4512354731559753,1018.052921295166,19.88150787353516
2024-04-10 13:29:01,0.0013190436875447,0.4267530441284179,29.03125,0.0006021400913596,0.5263220071792603,22.4375,26.927032470703125,0.4512354731559753,1018.0526065826416,19.88150787353516
2024-04-10 13:29:02,0.0013190436875447,0.4267530441284179,29.03125,0.0006021400913596,0.5263220071792603,22.4375,26.927032470703125,0.4512354731559753,1018.0526065826416,19.88150787353516
2024-04-10 13:29:03,0.0013190436875447,0.4267530441284179,29.03125,0.0006021400913596,0.5263220071792603,22.4375,26.96221923828125,0.4512354731559753,1018.0526065826416,19.88150787353516
2024-04-10 13:29:04,0.0013190436875447,0.4267530441284179,29.03125,0.0006021400913596,0.5263220071792603,22.4375,26.96221923828125,0.4512354731559753,1018.0526065826416,19.88150787353516
2024-04-10 13:29:05,0.0013190436875447,0.4267530441284179,29.03125,0.0006021400913596,0.5263220071792603,22.4375,26.96221923828125,0.4512354731559753,1018.0526065826416,19.88150787353516
2024-04-10 13:29:06,0.0013190436875447,0.4267530441284179,29.03125,0.0006021400913596,0.5263220071792603,22.4375,26.96221923828125,0.4512354731559753,1018.0526065826416,19.892391204833984
2024-04-10 13:29:07,0.0013190436875447,0.4267530441284179,29.03125,0.0006021400913596,0.5263220071792603,22.4375,26.96221923828125,0.4512354731559753,1018.0526065826416,19.892391204833984
2024-04-10 13:29:08,0.0013190436875447,0.4267530441284179,29.03125,0.000277801300399,0.4858356714248657,22.4453125,26.96221923828125,0.4512354731559753,1018.0526065826416,19.892391204833984
2024-04-10 13:29:09,0.0021641291677951,0.4267530441284179,29.0390625,0.000277801300399,0.4858356714248657,22.4453125,26.96221923828125,0.4512354731559753,1018.0428218841552,19.892391204833984
2024-04-10 13:29:10,0.0021641291677951,0.4267530441284179,29.0390625,0.000277801300399,0.4858356714248657,22.4453125,26.96221923828125,0.4512354731559753,1018.0428218841552,19.892391204833984
2024-04-10 13:29:11,0.0021641291677951,0.4267530441284179,29.0390625,0.000277801300399,0.4858356714248657,22.4453125,26.96221923828125,0.4512354731559753,1018.0428218841552,19.892391204833984
2024-04-10 13:29:12,0.0021641291677951,0.4267530441284179,29.0390625,0.000277801300399,0.4858356714248657,22.4453125,26.96221923828125,0.4512354731559753,1018.0428218841552,19.892391204833984
2024-04-10 13:29:13,0.0021641291677951,0.4267530441284179,29.0390625,0.000277801300399,0.4858356714248657,22.4453125,27.0057373046875,0.4512354731559753,1018.0428218841552,19.892391204833984
2024-04-10 13:29:14,0.0021641291677951,0.4267530441284179,29.0390625,0.000277801300399,0.4858356714248657,22.4453125,27.0057373046875,0.4512354731559753,1018.0428218841552,19.890336990356445
2024-04-10 13:29:15,0.0021641291677951,0.4267530441284179,29.0390625,0.000277801300399,0.4858356714248657,22.4453125,27.0057373046875,0.4512354731559753,1018.0428218841552,19.890336990356445
2024-04-10 13:29:16,0.0007217834936454,0.4267530441284179,29.0625,0.000277801300399,0.4858356714248657,22.4453125,27.0057373046875,0.4512354731559753,1018.0428218841552,19.890336990356445
2024-04-10 13:29:17,0.0007217834936454,0.4267530441284179,29.0625,0.0004016507300548,0.5263220071792603,22.4375,27.0057373046875,0.4512354731559753,1018.0428218841552,19.890336990356445
2024-04-10 13:29:18,0.0007217834936454,0.4267530441284179,29.0625,0.0004016507300548,0.5263220071792603,22.4375,27.0057373046875,0.4512354731559753,1018.0748081207277,19.890336990356445
2024-04-10 13:29:19,0.0007217834936454,0.4267530441284179,29.0625,0.0004016507300548,0.5263220071792603,22.4375,26.979522705078125,0.4512354731559753,1018.0748081207277,19.890336990356445
2024-04-10 13:29:20,0.0007217834936454,0.4267530441284179,29.0625,0.0004016507300548,0.5263220071792603,22.4375,26.979522705078125,0.4512354731559753,1018.0748081207277,19.890336990356445
2024-04-10 13:29:21,0.0007217834936454,0.4267530441284179,29.0625,0.0004016507300548,0.5263220071792603,22.4375,26.979522705078125,0.4512354731559753,1018.0748081207277,19.890336990356445
2024-04-10 13:29:22,0.0007217834936454,0.4267530441284179,29.0625,0.0004016507300548,0.5263220071792603,22.4375,26.979522705078125,0.4512354731559753,1018.0748081207277,19.894508361816406
2024-04-10 13:29:23,0.0007217834936454,0.4267530441284179,29.0625,0.0004016507300548,0.5263220071792603,22.4375,26.979522705078125,0.4512354731559753,1018.0748081207277,19.894508361816406
2024-04-10 13:29:24,0.0014337262837216,0.4267530441284179,29.0703125,0.0003139019827358,0.4858356714248657,22.421875,26.979522705078125,0.4512354731559753,1018.0748081207277,19.894508361816406
2024-04-10 13:29:25,0.0014337262837216,0.4267530441284179,29.0703125,0.0003139019827358,0.4858356714248657,22.421875,26.979522705078125,0.4512354731559753,1018.0748081207277,19.894508361816406
2024-04-10 13:29:26,0.0014337262837216,0.4267530441284179,29.0703125,0.0003139019827358,0.4858356714248657,22.421875,26.979522705078125,0.4512354731559753,1018.0748081207277,19.894508361816406
2024-04-10 13:29:27,0.0014337262837216,0.4267530441284179,29.0703125,0.0003139019827358,0.4858356714248657,22.421875,26.979522705078125,0.4512354731559753,1018.053035736084,19.894508361816406
2024-04-10 13:29:28,0.0014337262837216,0.4267530441284179,29.0703125,0.0003139019827358,0.4858356714248657,22.421875,26.979522705078125,0.4512354731559753,1018.053035736084,19.894508361816406
2024-04-10 13:29:29,0.0014337262837216,0.4267530441284179,29.0703125,0.0003139019827358,0.4858356714248657,22.421875,26.9473876953125,0.4523506760597229,1018.053035736084,19.893798828125
2024-04-10 13:29:30,0.0014337262837216,0.4267530441284179,29.0703125,0.0003139019827358,0.4858356714248657,22.421875,26.9473876953125,0.4523506760597229,1018.053035736084,19.893798828125
2024-04-10 13:29:31,0.0014337262837216,0.4267530441284179,29.0703125,0.0003139019827358,0.4858356714248657,22.421875,26.9473876953125,0.4523506760597229,1018.053035736084,19.893798828125
2024-04-10 13:29:32,0.0017128289910033,0.4267530441284179,29.1015625,0.0004210591432638,0.5263220071792603,22.421875,26.9473876953125,0.4523506760597229,1018.053035736084,19.893798828125
2024-04-10 13:29:33,0.0017128289910033,0.4267530441284179,29.1015625,0.0004210591432638,0.5263220071792603,22.421875,26.9473876953125,0.4523506760597229,1018.053035736084,19.893798828125
2024-04-10 13:29:34,0.0017128289910033,0.4267530441284179,29.1015625,0.0004210591432638,0.5263220071792603,22.421875,26.9473876953125,0.4523506760597229,1018.053035736084,19.893798828125
2024-04-10 13:29:35,0.0017128289910033,0.4267530441284179,29.1015625,0.0004210591432638,0.5263220071792603,22.421875,26.9473876953125,0.4523506760597229,1018.0887413024902,19.893798828125
2024-04-10 13:29:36,0.0017128289910033,0.4267530441284179,29.1015625,0.0004210591432638,0.5263220071792603,22.421875,26.9473876953125,0.4523506760597229,1018.0887413024902,19.893798828125
2024-04-10 13:29:37,0.0017128289910033,0.4267530441284179,29.1015625,0.0004210591432638,0.5263220071792603,22.421875,26.9473876953125,0.4523506760597229,1018.0887413024902,19.893798828125
2024-04-10 13:29:38,0.0017128289910033,0.4267530441284179,29.1015625,0.0004210591432638,0.5263220071792603,22.421875,26.9473876953125,0.4523506760597229,1018.0887413024902,19.892608642578125
2024-04-10 13:29:39,0.0017128289910033,0.4267530441284179,29.1015625,0.0004210591432638,0.5263220071792603,22.421875,26.920623779296875,0.4523506760597229,1018.0887413024902,19.892608642578125
2024-04-10 13:29:40,0.0018774541094899,0.4267530441284179,29.078125,0.0003261433157604,0.5263220071792603,22.421875,26.920623779296875,0.4523506760597229,1018.0887413024902,19.892608642578125
2024-04-10 13:29:41,0.0018774541094899,0.4267530441284179,29.078125,0.0003261433157604,0.5263220071792603,22.421875,26.920623779296875,0.4523506760597229,1018.0887413024902,19.892608642578125
2024-04-10 13:29:42,0.0018774541094899,0.4267530441284179,29.078125,0.0003261433157604,0.5263220071792603,22.421875,26.920623779296875,0.4523506760597229,1018.0400466918944,19.892608642578125
2024-04-10 13:29:43,0.0018774541094899,0.4267530441284179,29.078125,0.0003261433157604,0.5263220071792603,22.421875,26.920623779296875,0.4523506760597229,1018.0400466918944,19.892608642578125
2024-04-10 13:29:44,0.0018774541094899,0.4267530441284179,29.078125,0.0003261433157604,0.5263220071792603,22.421875,26.929412841796875,0.4523506760597229,1018.0400466918944,19.892608642578125
2024-04-10 13:29:45,0.0018774541094899,0.4267530441284179,29.078125,0.0003261433157604,0.5263220071792603,22.421875,26.929412841796875,0.4523506760597229,1018.0400466918944,19.892608642578125
2024-04-10 13:29:46,0.0018774541094899,0.4267530441284179,29.078125,0.0003261433157604,0.5263220071792603,22.421875,26.929412841796875,0.4523506760597229,1018.0400466918944,19.892608642578125
2024-04-10 13:29:47,0.0018774541094899,0.4267530441284179,29.078125,0.0003261433157604,0.5263220071792603,22.421875,26.929412841796875,0.4523506760597229,1018.0400466918944,19.89808464050293
2024-04-10 13:29:48,0.001491246279329,0.3879573345184326,29.09375,0.0003261433157604,0.5263220071792603,22.421875,26.929412841796875,0.4523506760597229,1018.0400466918944,19.89808464050293
2024-04-10 13:29:49,0.001491246279329,0.3879573345184326,29.09375,0.0003329936007503,0.5263220071792603,22.4140625,26.929412841796875,0.4523506760597229,1018.0400466918944,19.89808464050293
2024-04-10 13:29:50,0.001491246279329,0.3879573345184326,29.09375,0.0003329936007503,0.5263220071792603,22.4140625,26.929412841796875,0.4523506760597229,1018.0312633514404,19.89808464050293
2024-04-10 13:29:51,0.001491246279329,0.3879573345184326,29.09375,0.0003329936007503,0.5263220071792603,22.4140625,26.856109619140625,0.4523506760597229,1018.0312633514404,19.89808464050293
2024-04-10 13:29:52,0.001491246279329,0.3879573345184326,29.09375,0.0003329936007503,0.5263220071792603,22.4140625,26.856109619140625,0.4523506760597229,1018.0312633514404,19.89808464050293
2024-04-10 13:29:53,0.001491246279329,0.3879573345184326,29.09375,0.0003329936007503,0.5263220071792603,22.4140625,26.856109619140625,0.4523506760597229,1018.0312633514404,19.89808464050293
2024-04-10 13:29:54,0.001491246279329,0.3879573345184326,29.09375,0.0003329936007503,0.5263220071792603,22.4140625,26.856109619140625,0.4523506760597229,1018.0312633514404,19.89808464050293
2024-04-10 13:29:55,0.001491246279329,0.3879573345184326,29.09375,0.0003329936007503,0.5263220071792603,22.4140625,26.856109619140625,0.4523506760597229,1018.0312633514404,19.886371612548828
2024-04-10 13:29:56,0.001491246279329,0.3879573345184326,29.09375,0.0003329936007503,0.5263220071792603,22.4140625,26.856109619140625,0.4523506760597229,1018.0312633514404,19.886371612548828
2024-04-10 13:29:57,0.0007755666738376,0.4267530441284179,29.125,0.0005249268142506,0.4858356714248657,22.3984375,26.856109619140625,0.4523506760597229,1018.0247116088868,19.886371612548828
2024-04-10 13:29:58,0.0007755666738376,0.4267530441284179,29.125,0.0005249268142506,0.4858356714248657,22.3984375,26.856109619140625,0.4523506760597229,1018.0247116088868,19.886371612548828
2024-04-10 13:29:59,0.0007755666738376,0.4267530441284179,29.125,0.0005249268142506,0.4858356714248657,22.3984375,26.856109619140625,0.4523506760597229,1018.0247116088868,19.886371612548828
2024-04-10 13:30:00,0.0007755666738376,0.4267530441284179,29.125,0.0005249268142506,0.4858356714248657,22.3984375,26.79058837890625,0.4523506760597229,1018.0247116088868,19.886371612548828
2024-04-10 13:30:01,0.0007755666738376,0.4267530441284179,29.125,0.0005249268142506,0.4858356714248657,22.3984375,26.79058837890625,0.4523506760597229,1018.0247116088868,19.886371612548828
2024-04-10 13:30:02,0.0007755666738376,0.4267530441284179,29.125,0.0005249268142506,0.4858356714248657,22.3984375,26.79058837890625,0.4523506760597229,1018.0247116088868,19.886371612548828
2024-04-10 13:30:03,0.0007755666738376,0.4267530441284179,29.125,0.0005249268142506,0.4858356714248657,22.3984375,26.79058837890625,0.4523506760597229,1018.0247116088868,19.895069122314453
2024-04-10 13:30:04,0.0007755666738376,0.4267530441284179,29.125,0.0005267091328278,0.5263220071792603,22.40625,26.79058837890625,0.4523506760597229,1018.0247116088868,19.895069122314453
2024-04-10 13:30:05,0.0012499466538429,0.4267530441284179,29.109375,0.0005267091328278,0.5263220071792603,22.40625,26.79058837890625,0.4523506760597229,1018.0247116088868,19.895069122314453
2024-04-10 13:30:06,0.0012499466538429,0.4267530441284179,29.109375,0.0005267091328278,0.5263220071792603,22.40625,26.79058837890625,0.4523506760597229,1018.0298614501952,19.895069122314453
2024-04-10 13:30:07,0.0012499466538429,0.4267530441284179,29.109375,0.0005267091328278,0.5263220071792603,22.40625,26.8297119140625,0.4523506760597229,1018.0298614501952,19.895069122314453
2024-04-10 13:30:08,,,,0.0005267091328278,0.5263220071792603,22.40625,26.8297119140625,0.4523506760597229,1018.0298614501952,19.895069122314453
2024-04-10 13:30:09,,,,0.0005267091328278,0.5263220071792603,22.40625,26.8297119140625,0.4523506760597229,1018.0298614501952,19.895069122314453
2024-04-10 13:30:10,,,,0.0005267091328278,0.5263220071792603,22.40625,26.8297119140625,0.4523506760597229,1018.0298614501952,19.88999938964844
2024-04-10 13:30:11,,,,0.0005267091328278,0.5263220071792603,22.40625,26.8297119140625,0.4523506760597229,1018.0298614501952,19.88999938964844
2024-04-10 13:30:12,0.0012499466538429,0.4267530441284179,29.109375,0.0005267091328278,0.5263220071792603,22.40625,26.8297119140625,0.4523506760597229,1018.0298614501952,19.88999938964844
2024-04-10 13:30:13,0.0012499466538429,0.4267530441284179,29.109375,0.0005089574260637,0.4858356714248657,22.3828125,26.8297119140625,0.4523506760597229,1018.0298614501952,19.88999938964844
2024-04-10 13:30:14,0.0012499466538429,0.4267530441284179,29.109375,0.0005089574260637,0.4858356714248657,22.3828125,26.8297119140625,0.4523506760597229,1018.0298614501952,19.88999938964844
2024-04-10 13:30:15,0.0012499466538429,0.4267530441284179,29.109375,0.0005089574260637,0.4858356714248657,22.3828125,26.77719116210937,0.4523506760597229,1018.0298614501952,19.88999938964844
2024-04-10 13:30:16,0.0012499466538429,0.4267530441284179,29.109375,0.0005089574260637,0.4858356714248657,22.3828125,26.77719116210937,0.4523506760597229,1018.0503749847412,19.88999938964844
2024-04-10 13:30:17,0.0012499466538429,0.4267530441284179,29.109375,0.0005089574260637,0.4858356714248657,22.3828125,26.77719116210937,0.4523506760597229,1018.0503749847412,19.886268615722656
2024-04-10 13:30:18,0.0012499466538429,0.4267530441284179,29.109375,0.0005089574260637,0.4858356714248657,22.3828125,26.77719116210937,0.4523506760597229,1018.0503749847412,19.886268615722656
2024-04-10 13:30:19,0.0012499466538429,0.4267530441284179,29.109375,0.0005089574260637,0.4858356714248657,22.3828125,26.77719116210937,0.4523506760597229,1018.0503749847412,19.886268615722656
2024-04-10 13:30:20,0.0012499466538429,0.4267530441284179,29.109375,0.0005089574260637,0.4858356714248657,22.3828125,26.77719116210937,0.4523506760597229,1018.0503749847412,19.886268615722656
2024-04-10 13:30:21,0.0012499466538429,0.4267530441284179,29.109375,0.0010132436873391,0.4858356714248657,22.390625,26.77719116210937,0.4523506760597229,1018.0503749847412,19.886268615722656
2024-04-10 13:30:22,0.0012499466538429,0.4267530441284179,29.109375,0.0010132436873391,0.4858356714248657,22.390625,26.77719116210937,0.4523506760597229,1018.0503749847412,19.886268615722656
2024-04-10 13:30:23,0.0012499466538429,0.4267530441284179,29.109375,0.0010132436873391,0.4858356714248657,22.390625,26.77719116210937,0.4523506760597229,1018.0375862121582,19.886268615722656
2024-04-10 13:30:24,0.0012499466538429,0.4267530441284179,29.109375,0.0010132436873391,0.4858356714248657,22.390625,26.77719116210937,0.4523506760597229,1018.0375862121582,19.886268615722656
2024-04-10 13:30:25,0.0012499466538429,0.4267530441284179,29.109375,0.0010132436873391,0.4858356714248657,22.390625,26.7786865234375,0.4523506760597229,1018.0375862121582,19.886268615722656
2024-04-10 13:30:26,0.0012499466538429,0.4267530441284179,29.109375,0.0010132436873391,0.4858356714248657,22.390625,26.7786865234375,0.4523506760597229,1018.0375862121582,19.89917755126953
2024-04-10 13:30:27,0.000942675571423,0.4267530441284179,29.0859375,0.0010132436873391,0.4858356714248657,22.390625,26.7786865234375,0.4523506760597229,1018.0375862121582,19.89917755126953
2024-04-10 13:30:28,0.000942675571423,0.4267530441284179,29.0859375,0.0003249239234719,0.5263220071792603,22.3828125,26.7786865234375,0.4523506760597229,1018.0375862121582,19.89917755126953
2024-04-10 13:30:29,0.000942675571423,0.4267530441284179,29.0859375,0.0003249239234719,0.5263220071792603,22.3828125,26.7786865234375,0.4504526853561401,1018.0375862121582,19.89917755126953
2024-04-10 13:30:30,0.000942675571423,0.4267530441284179,29.0859375,0.0003249239234719,0.5263220071792603,22.3828125,26.7786865234375,0.4504526853561401,1018.0163860321044,19.89917755126953
2024-04-10 13:30:31,0.000942675571423,0.4267530441284179,29.0859375,0.0003249239234719,0.5263220071792603,22.3828125,26.7786865234375,0.4504526853561401,1018.0163860321044,19.89917755126953
2024-04-10 13:30:32,0.000942675571423,0.4267530441284179,29.0859375,0.0003249239234719,0.5263220071792603,22.3828125,26.765838623046875,0.4504526853561401,1018.0163860321044,19.89917755126953
2024-04-10 13:30:33,0.000942675571423,0.4267530441284179,29.0859375,0.0003249239234719,0.5263220071792603,22.3828125,26.765838623046875,0.4504526853561401,1018.0163860321044,19.91730499267578
2024-04-10 13:30:34,0.000942675571423,0.4267530441284179,29.0859375,0.0003249239234719,0.5263220071792603,22.3828125,26.765838623046875,0.4504526853561401,1018.0163860321044,19.91730499267578
2024-04-10 13:30:35,0.000942675571423,0.4267530441284179,29.0859375,0.0003249239234719,0.5263220071792603,22.3828125,26.765838623046875,0.4504526853561401,1018.0163860321044,19.91730499267578
2024-04-10 13:30:36,0.000942675571423,0.4267530441284179,29.0859375,0.0004460617492441,0.5263220071792603,22.375,26.765838623046875,0.4504526853561401,1018.0163860321044,19.91730499267578
2024-04-10 13:30:37,0.000942675571423,0.4267530441284179,29.0859375,0.0004460617492441,0.5263220071792603,22.375,26.765838623046875,0.4504526853561401,1018.0163860321044,19.91730499267578
2024-04-10 13:30:38,0.000942675571423,0.4267530441284179,29.0859375,0.0004460617492441,0.5263220071792603,22.375,26.765838623046875,0.4504526853561401,1018.0447959899902,19.91730499267578
2024-04-10 13:30:39,0.000942675571423,0.4267530441284179,29.0859375,0.0004460617492441,0.5263220071792603,22.375,26.765838623046875,0.4504526853561401,1018.0447959899902,19.91730499267578
2024-04-10 13:30:40,0.000942675571423,0.4267530441284179,29.0859375,,,,26.765838623046875,0.4504526853561401,1018.0447959899902,19.91730499267578
2024-04-10 13:30:41,0.000942675571423,0.4267530441284179,29.0859375,,,,26.59881591796875,0.4504526853561401,1018.0447959899902,19.91730499267578
2024-04-10 13:30:42,0.000942675571423,0.4267530441284179,29.0859375,,,,26.59881591796875,0.4504526853561401,1018.0447959899902,19.91730499267578
2024-04-10 13:30:43,0.000942675571423,0.4267530441284179,29.0859375,,,,26.59881591796875,0.4504526853561401,1018.0447959899902,19.91730499267578
2024-04-10 13:30:44,0.000942675571423,0.4267530441284179,29.0859375,,,,26.59881591796875,0.4504526853561401,1018.0447959899902,19.918363571166992
2024-04-10 13:30:45,0.000942675571423,0.4267530441284179,29.0859375,0.0004035543533973,0.5263220071792603,22.3828125,26.59881591796875,0.4504526853561401,1018.0447959899902,19.918363571166992
2024-04-10 13:30:46,0.000942675571423,0.4267530441284179,29.0859375,0.0004035543533973,0.5263220071792603,22.3828125,26.59881591796875,0.4504526853561401,1018.0447959899902,19.918363571166992
2024-04-10 13:30:47,0.000942675571423,0.4267530441284179,29.0859375,0.0004035543533973,0.5263220071792603,22.3828125,26.59881591796875,0.4504526853561401,1018.0131816864014,19.918363571166992
2024-04-10 13:30:48,0.000942675571423,0.4267530441284179,29.0859375,0.0004035543533973,0.5263220071792603,22.3828125,26.4923095703125,0.4504526853561401,1018.0131816864014,19.918363571166992
2024-04-10 13:30:49,0.000942675571423,0.4267530441284179,29.0859375,0.0004035543533973,0.5263220071792603,22.3828125,26.4923095703125,0.4504526853561401,1018.0131816864014,19.918363571166992
2024-04-10 13:30:50,0.000942675571423,0.4267530441284179,29.0859375,0.0004035543533973,0.5263220071792603,22.3828125,26.4923095703125,0.4504526853561401,1018.0131816864014,19.92172241210937
2024-04-10 13:30:51,0.000942675571423,0.4267530441284179,29.0859375,0.0004035543533973,0.5263220071792603,22.3828125,26.4923095703125,0.4504526853561401,1018.0131816864014,19.92172241210937
2024-04-10 13:30:52,0.000942675571423,0.4267530441284179,29.0859375,0.0004035543533973,0.5263220071792603,22.3828125,26.4923095703125,0.4504526853561401,1018.0131816864014,19.92172241210937
2024-04-10 13:30:53,0.000942675571423,0.4267530441284179,29.0859375,0.0004035543533973,0.5263220071792603,22.3828125,26.4923095703125,0.4504526853561401,1018.0131816864014,19.92172241210937
2024-04-10 13:30:54,0.000942675571423,0.4267530441284179,29.0859375,0.0004035543533973,0.5263220071792603,22.3828125,26.4923095703125,0.4504526853561401,1018.019790649414,19.92172241210937
2024-04-10 13:30:55,0.000942675571423,0.4267530441284179,29.0859375,0.0004035543533973,0.5263220071792603,22.3828125,26.4923095703125,0.4504526853561401,1018.019790649414,19.92172241210937
2024-04-10 13:30:56,0.000942675571423,0.4267530441284179,29.0859375,0.0004035543533973,0.5263220071792603,22.3828125,26.518524169921875,0.4504526853561401,1018.019790649414,19.92172241210937
2024-04-10 13:30:57,0.000942675571423,0.4267530441284179,29.0859375,0.0004035543533973,0.5263220071792603,22.3828125,26.518524169921875,0.4504526853561401,1018.019790649414,19.92172241210937
2024-04-10 13:30:58,0.000942675571423,0.4267530441284179,29.0859375,0.0004035543533973,0.5263220071792603,22.3828125,26.518524169921875,0.4504526853561401,1018.019790649414,19.910799026489254
2024-04-10 13:30:59,0.000942675571423,0.4267530441284179,29.0859375,0.0004035543533973,0.5263220071792603,22.3828125,26.518524169921875,0.4504526853561401,1018.019790649414,19.910799026489254
2024-04-10 13:31:00,0.000942675571423,0.4267530441284179,29.0859375,0.0004035543533973,0.5263220071792603,22.3828125,26.518524169921875,0.4504526853561401,1018.019790649414,19.910799026489254
2024-04-10 13:31:01,0.000942675571423,0.4267530441284179,29.0859375,0.0004035543533973,0.5263220071792603,22.3828125,26.518524169921875,0.4504526853561401,1018.019790649414,19.910799026489254
2024-04-10 13:31:02,0.000942675571423,0.4267530441284179,29.0859375,0.0004035543533973,0.5263220071792603,22.3828125,26.518524169921875,0.4504526853561401,1018.0527210235596,19.910799026489254
2024-04-10 13:31:03,0.000942675571423,0.4267530441284179,29.0859375,0.0004035543533973,0.5263220071792603,22.3828125,26.55828857421875,0.4504526853561401,1018.0527210235596,19.910799026489254
2024-04-10 13:31:04,0.000942675571423,0.4267530441284179,29.0859375,0.0004035543533973,0.5263220071792603,22.3828125,26.55828857421875,0.4504526853561401,1018.0527210235596,19.910799026489254
2024-04-10 13:31:05,0.000942675571423,0.4267530441284179,29.0859375,0.0004035543533973,0.5263220071792603,22.3828125,26.55828857421875,0.4504526853561401,1018.0527210235596,19.910799026489254
2024-04-10 13:31:06,0.000942675571423,0.4267530441284179,29.0859375,0.0004035543533973,0.5263220071792603,22.3828125,26.55828857421875,0.4504526853561401,1018.0527210235596,19.910799026489254
2024-04-10 13:31:07,0.000942675571423,0.4267530441284179,29.0859375,0.0004035543533973,0.5263220071792603,22.3828125,26.55828857421875,0.4504526853561401,1018.0527210235596,19.92862892150879
2024-04-10 13:31:08,0.000942675571423,0.4267530441284179,29.0859375,0.0004035543533973,0.5263220071792603,22.3828125,26.55828857421875,0.4504526853561401,1018.0527210235596,19.92862892150879
2024-04-10 13:31:09,0.000942675571423,0.4267530441284179,29.0859375,0.0004035543533973,0.5263220071792603,22.3828125,26.55828857421875,0.4504526853561401,1018.0527210235596,19.92862892150879
2024-04-10 13:31:10,0.000942675571423,0.4267530441284179,29.0859375,0.0004035543533973,0.5263220071792603,22.3828125,26.55828857421875,0.4504526853561401,1018.0489158630372,19.92862892150879
2024-04-10 13:31:11,0.000942675571423,0.4267530441284179,29.0859375,0.0004035543533973,0.5263220071792603,22.3828125,26.49496459960937,0.4504526853561401,1018.0489158630372,19.92862892150879
2024-04-10 13:31:12,0.000942675571423,0.4267530441284179,29.0859375,0.0004035543533973,0.5263220071792603,22.3828125,26.49496459960937,0.4504526853561401,1018.0489158630372,19.92862892150879
2024-04-10 13:31:13,0.000942675571423,0.4267530441284179,29.0859375,0.0004035543533973,0.5263220071792603,22.3828125,26.49496459960937,0.4504526853561401,1018.0489158630372,19.92862892150879
2024-04-10 13:31:14,0.000942675571423,0.4267530441284179,29.0859375,0.0004035543533973,0.5263220071792603,22.3828125,26.49496459960937,0.4504526853561401,1018.0489158630372,19.93197631835937
2024-04-10 13:31:15,0.000942675571423,0.4267530441284179,29.0859375,0.0004035543533973,0.5263220071792603,22.3828125,26.49496459960937,0.4504526853561401,1018.0489158630372,19.93197631835937
2024-04-10 13:31:16,0.000942675571423,0.4267530441284179,29.0859375,0.0004035543533973,0.5263220071792603,22.3828125,26.49496459960937,0.4504526853561401,1018.0489158630372,19.93197631835937
2024-04-10 13:31:17,0.000942675571423,0.4267530441284179,29.0859375,0.0004035543533973,0.5263220071792603,22.3828125,,0.4504526853561401,1018.0489158630372,19.93197631835937
2024-04-10 13:31:18,0.000942675571423,0.4267530441284179,29.0859375,0.0004035543533973,0.5263220071792603,22.3828125,,0.4504526853561401,1018.0489158630372,19.93197631835937
2024-04-10 13:31:19,0.000942675571423,0.4267530441284179,29.0859375,0.0004035543533973,0.5263220071792603,22.3828125,,0.4504526853561401,1018.0489158630372,19.93197631835937
2024-04-10 13:31:20,0.000942675571423,0.4267530441284179,29.0859375,0.0004035543533973,0.5263220071792603,22.3828125,,0.4504526853561401,1018.0489158630372,19.93197631835937
2024-04-10 13:31:21,0.000942675571423,0.4267530441284179,29.0859375,0.0004035543533973,0.5263220071792603,22.3828125,,0.4504526853561401,1018.0489158630372,19.93197631835937
2024-04-10 13:31:22,0.000942675571423,0.4267530441284179,29.0859375,0.0004035543533973,0.5263220071792603,22.3828125,,0.4504526853561401,1018.0489158630372,19.92943000793457
2024-04-10 13:31:23,0.000942675571423,0.4267530441284179,29.0859375,0.0004035543533973,0.5263220071792603,22.3828125,,0.4504526853561401,1018.0489158630372,19.92943000793457
2024-04-10 13:31:24,0.000942675571423,0.4267530441284179,29.0859375,0.0004035543533973,0.5263220071792603,22.3828125,,0.4504526853561401,1017.9841136932372,19.92943000793457
2024-04-10 13:31:25,0.000942675571423,0.4267530441284179,29.0859375,0.0004035543533973,0.5263220071792603,22.3828125,,0.4504526853561401,1017.9841136932372,19.92943000793457
2024-04-10 13:31:26,0.000942675571423,0.4267530441284179,29.0859375,0.0004035543533973,0.5263220071792603,22.3828125,,0.4504526853561401,1017.9841136932372,19.92943000793457
2024-04-10 13:31:27,0.000942675571423,0.4267530441284179,29.0859375,0.0004035543533973,0.5263220071792603,22.3828125,,0.4504526853561401,1017.9957580566406,19.92943000793457
2024-04-10 13:31:28,0.000942675571423,0.4267530441284179,29.0859375,0.0004035543533973,0.5263220071792603,22.3828125,,0.4505037665367126,1017.9957580566406,19.92943000793457
2024-04-10 13:31:29,0.000942675571423,0.4267530441284179,29.0859375,0.0004035543533973,0.5263220071792603,22.3828125,,0.4505037665367126,1017.9957580566406,19.92943000793457
2024-04-10 13:31:30,0.000942675571423,0.4267530441284179,29.0859375,0.0004035543533973,0.5263220071792603,22.3828125,,0.4505037665367126,1017.9957580566406,19.92943000793457
2024-04-10 13:31:31,0.000942675571423,0.4267530441284179,29.0859375,,,,,0.4505037665367126,1017.9957580566406,19.931415557861328
2024-04-10 13:31:32,0.000942675571423,0.4267530441284179,29.0859375,,,,,0.4505037665367126,1017.9957580566406,19.931415557861328
2024-04-10 13:31:33,0.000942675571423,0.4267530441284179,29.0859375,,,,,0.4505037665367126,1017.9957580566406,19.931415557861328
2024-04-10 13:31:34,0.000942675571423,0.4267530441284179,29.0859375,,,,,0.4505037665367126,1017.9957580566406,19.931415557861328
2024-04-10 13:31:35,0.000942675571423,0.4267530441284179,29.0859375,,,,,0.4505037665367126,1017.9971313476562,19.931415557861328
2024-04-10 13:31:36,0.000942675571423,0.4267530441284179,29.0859375,,,,,0.4505037665367126,1017.9971313476562,19.931415557861328
2024-04-10 13:31:37,0.000942675571423,0.4267530441284179,29.0859375,,,,,0.4505037665367126,1017.9971313476562,19.931415557861328
2024-04-10 13:31:38,0.0017365416279062,0.4267530441284179,29.0625,,,,,0.4505037665367126,1017.9971313476562,19.931415557861328
2024-04-10 13:31:39,0.0017365416279062,0.4267530441284179,29.0625,,,,,0.4505037665367126,1017.9971313476562,19.949817657470703
2024-04-10 13:31:40,0.0017365416279062,0.4267530441284179,29.0625,,,,,0.4505037665367126,1017.9971313476562,19.949817657470703
2024-04-10 13:31:41,0.0017365416279062,0.4267530441284179,29.0625,,,,,0.4505037665367126,1018.014039993286,19.949817657470703
2024-04-10 13:31:42,0.0017365416279062,0.4267530441284179,29.0625,,,,,0.4505037665367126,1018.014039993286,19.949817657470703
2024-04-10 13:31:43,0.0017365416279062,0.4267530441284179,29.0625,,,,,0.4505037665367126,1018.014039993286,19.949817657470703
2024-04-10 13:31:44,0.0017365416279062,0.4267530441284179,29.0625,,,,,0.4505037665367126,1018.014039993286,19.949817657470703
2024-04-10 13:31:45,0.0017365416279062,0.4267530441284179,29.0625,,,,,0.4505037665367126,1018.014039993286,19.949817657470703
2024-04-10 13:31:46,0.0017365416279062,0.4267530441284179,29.0625,,,,,0.4505037665367126,1018.014039993286,19.949817657470703
2024-04-10 13:31:47,0.0017365416279062,0.4267530441284179,29.0625,,,,,0.4505037665367126,1018.014039993286,19.949817657470703
2024-04-10 13:31:48,0.0017365416279062,0.4267530441284179,29.0625,,,,,0.4505037665367126,1018.014039993286,19.943340301513672
2024-04-10 13:31:49,0.0017365416279062,0.4267530441284179,29.0625,,,,,0.4505037665367126,1018.014039993286,19.943340301513672
2024-04-10 13:31:50,0.0017365416279062,0.4267530441284179,29.0625,,,,,0.4505037665367126,1018.014039993286,19.943340301513672
2024-04-10 13:31:51,0.0017365416279062,0.4267530441284179,29.0625,,,,,0.4505037665367126,1018.0707168579102,19.943340301513672
2024-04-10 13:31:52,0.0017365416279062,0.4267530441284179,29.0625,,,,,0.4505037665367126,1018.0707168579102,19.943340301513672
2024-04-10 13:31:53,0.0017365416279062,0.4267530441284179,29.0625,,,,,0.4505037665367126,1018.0707168579102,19.943340301513672
2024-04-10 13:31:54,0.0017365416279062,0.4267530441284179,29.0625,,,,,0.4505037665367126,1018.0707168579102,19.943340301513672
2024-04-10 13:31:55,0.0017365416279062,0.4267530441284179,29.0625,,,,,0.4505037665367126,1018.0707168579102,19.944061279296875
2024-04-10 13:31:56,0.0017365416279062,0.4267530441284179,29.0625,,,,,0.4505037665367126,1018.0707168579102,19.944061279296875
2024-04-10 13:31:57,0.0017365416279062,0.4267530441284179,29.0625,,,,,0.4505037665367126,1018.0707168579102,19.944061279296875
2024-04-10 13:31:58,0.0017365416279062,0.4267530441284179,29.0625,0.0004035543533973,0.5263220071792603,22.3828125,,0.4505037665367126,1018.049488067627,19.944061279296875
2024-04-10 13:31:59,0.0017365416279062,0.4267530441284179,29.0625,0.0004035543533973,0.5263220071792603,22.3828125,,0.4505037665367126,1018.049488067627,19.944061279296875
2024-04-10 13:32:00,0.0017365416279062,0.4267530441284179,29.0625,0.0004035543533973,0.5263220071792603,22.3828125,,0.4505037665367126,1018.049488067627,19.944061279296875
2024-04-10 13:32:01,0.0017365416279062,0.4267530441284179,29.0625,0.0004035543533973,0.5263220071792603,22.3828125,,0.4505037665367126,1018.049488067627,19.944061279296875
2024-04-10 13:32:02,0.0017365416279062,0.4267530441284179,29.0625,0.0004035543533973,0.5263220071792603,22.3828125,,0.4505037665367126,1018.049488067627,19.949989318847656
2024-04-10 13:32:03,0.0017365416279062,0.4267530441284179,29.0625,0.0004035543533973,0.5263220071792603,22.3828125,,0.4505037665367126,1018.049488067627,19.949989318847656
2024-04-10 13:32:04,0.0017365416279062,0.4267530441284179,29.0625,0.0004035543533973,0.5263220071792603,22.3828125,,0.4505037665367126,1018.049488067627,19.949989318847656
2024-04-10 13:32:05,0.0017365416279062,0.4267530441284179,29.0625,0.0004035543533973,0.5263220071792603,22.3828125,,0.4505037665367126,1018.065767288208,19.949989318847656
2024-04-10 13:32:06,0.0017365416279062,0.4267530441284179,29.0625,0.0004035543533973,0.5263220071792603,22.3828125,,0.4505037665367126,1018.065767288208,19.949989318847656
2024-04-10 13:32:07,0.0017365416279062,0.4267530441284179,29.0625,0.0004035543533973,0.5263220071792603,22.3828125,,0.4505037665367126,1018.065767288208,19.949989318847656
2024-04-10 13:32:08,0.0017365416279062,0.4267530441284179,29.0625,0.0004035543533973,0.5263220071792603,22.3828125,,0.4505037665367126,1018.065767288208,19.949989318847656
2024-04-10 13:32:09,0.0017365416279062,0.4267530441284179,29.0625,0.0004035543533973,0.5263220071792603,22.3828125,,0.4505037665367126,1018.065767288208,19.949989318847656
2024-04-10 13:32:10,0.0017365416279062,0.4267530441284179,29.0625,0.0004035543533973,0.5263220071792603,22.3828125,,0.4505037665367126,1018.065767288208,19.94916534423828
2024-04-10 13:32:11,0.0017365416279062,0.4267530441284179,29.0625,0.0004035543533973,0.5263220071792603,22.3828125,,0.4505037665367126,1018.065767288208,19.94916534423828
2024-04-10 13:32:12,0.0017365416279062,0.4267530441284179,29.0625,0.0004035543533973,0.5263220071792603,22.3828125,,0.4505037665367126,1018.065767288208,19.94916534423828
2024-04-10 13:32:13,0.0017365416279062,0.4267530441284179,29.0625,0.0004035543533973,0.5263220071792603,22.3828125,,0.4505037665367126,1018.065767288208,19.94916534423828
2024-04-10 13:32:14,0.0017365416279062,0.4267530441284179,29.0625,0.0004035543533973,0.5263220071792603,22.3828125,,0.4505037665367126,1018.0909442901612,19.94916534423828
2024-04-10 13:32:15,0.0017365416279062,0.4267530441284179,29.0625,0.0004035543533973,0.5263220071792603,22.3828125,,0.4505037665367126,1018.0909442901612,19.94916534423828
2024-04-10 13:32:16,0.0017365416279062,0.4267530441284179,29.0625,0.0004035543533973,0.5263220071792603,22.3828125,,0.4505037665367126,1018.0909442901612,19.94916534423828
2024-04-10 13:32:17,0.0017365416279062,0.4267530441284179,29.0625,0.0004035543533973,0.5263220071792603,22.3828125,,0.4505037665367126,1018.0909442901612,19.94916534423828
2024-04-10 13:32:18,0.0017365416279062,0.4267530441284179,29.0625,0.0005087681347504,0.5263220071792603,22.3359375,26.03155517578125,0.4505037665367126,1018.0909442901612,19.941452026367188
2024-04-10 13:32:19,0.0017365416279062,0.4267530441284179,29.0625,0.0005087681347504,0.5263220071792603,22.3359375,26.03155517578125,0.4505037665367126,1018.0909442901612,19.941452026367188
2024-04-10 13:32:20,0.0017365416279062,0.4267530441284179,29.0625,0.0005087681347504,0.5263220071792603,22.3359375,26.03155517578125,0.4505037665367126,1018.0909442901612,19.941452026367188
2024-04-10 13:32:21,0.0017365416279062,0.4267530441284179,29.0625,0.0005087681347504,0.5263220071792603,22.3359375,26.03155517578125,0.4505037665367126,1018.0909442901612,19.941452026367188
2024-04-10 13:32:22,0.0017365416279062,0.4267530441284179,29.0625,0.0005087681347504,0.5263220071792603,22.3359375,26.03155517578125,0.4505037665367126,1018.0637073516846,19.941452026367188
2024-04-10 13:32:23,0.0017365416279062,0.4267530441284179,29.0625,0.0005087681347504,0.5263220071792603,22.3359375,26.03155517578125,0.4505037665367126,1018.0637073516846,19.941452026367188
2024-04-10 13:32:24,0.0017365416279062,0.4267530441284179,29.0625,0.0005087681347504,0.5263220071792603,22.3359375,26.03155517578125,0.4505037665367126,1018.0637073516846,19.941452026367188
2024-04-10 13:32:25,0.0017365416279062,0.4267530441284179,29.0625,0.0005087681347504,0.5263220071792603,22.3359375,26.03155517578125,0.4505037665367126,1018.0637073516846,19.941452026367188
2024-04-10 13:32:26,0.0017365416279062,0.4267530441284179,29.0625,0.0005087681347504,0.5263220071792603,22.3359375,26.03155517578125,0.4505037665367126,1018.0637073516846,19.95144844055176
2024-04-10 13:32:27,0.0017365416279062,0.4267530441284179,29.0625,0.0005087681347504,0.5263220071792603,22.3359375,26.03155517578125,0.4505037665367126,1018.0637073516846,19.95144844055176
2024-04-10 13:32:28,0.0017365416279062,0.4267530441284179,29.0625,0.0005087681347504,0.5263220071792603,22.3359375,26.03155517578125,0.4505037665367126,1018.0637073516846,19.95144844055176
2024-04-10 13:32:29,0.0017365416279062,0.4267530441284179,29.0625,0.0005087681347504,0.5263220071792603,22.3359375,26.03155517578125,0.4525026977062225,1018.0637073516846,19.95144844055176
2024-04-10 13:32:30,0.0017365416279062,0.4267530441284179,29.0625,0.0005087681347504,0.5263220071792603,22.3359375,26.03155517578125,0.4525026977062225,1018.0637073516846,19.95144844055176
2024-04-10 13:32:31,0.0017365416279062,0.4267530441284179,29.0625,0.0005087681347504,0.5263220071792603,22.3359375,26.03155517578125,0.4525026977062225,1018.0637073516846,19.95144844055176
2024-04-10 13:32:32,0.0017365416279062,0.4267530441284179,29.0625,0.0005087681347504,0.5263220071792603,22.3359375,26.03155517578125,0.4525026977062225,1018.0871963500977,19.95144844055176
2024-04-10 13:32:33,0.0017365416279062,0.4267530441284179,29.0625,0.0005087681347504,0.5263220071792603,22.3359375,26.03155517578125,0.4525026977062225,1018.0871963500977,19.95144844055176
2024-04-10 13:32:34,0.0017365416279062,0.4267530441284179,29.0625,0.0005087681347504,0.5263220071792603,22.3359375,26.03155517578125,0.4525026977062225,1018.0871963500977,19.950756072998047
2024-04-10 13:32:35,0.0017365416279062,0.4267530441284179,29.0625,0.0005087681347504,0.5263220071792603,22.3359375,26.03155517578125,0.4525026977062225,1018.0871963500977,19.950756072998047
2024-04-10 13:32:36,0.0017365416279062,0.4267530441284179,29.0625,0.0005087681347504,0.5263220071792603,22.3359375,26.03155517578125,0.4525026977062225,1018.0871963500977,19.950756072998047
2024-04-10 13:32:37,0.0017365416279062,0.4267530441284179,29.0625,0.0005087681347504,0.5263220071792603,22.3359375,26.03155517578125,0.4525026977062225,1018.0871963500977,19.950756072998047
2024-04-10 13:32:38,0.0017365416279062,0.4267530441284179,29.0625,0.0005087681347504,0.5263220071792603,22.3359375,26.03155517578125,0.4525026977062225,1018.0871963500977,19.950756072998047
2024-04-10 13:32:39,0.0017365416279062,0.4267530441284179,29.0625,0.0005087681347504,0.5263220071792603,22.3359375,26.03155517578125,0.4525026977062225,1018.0708026885986,19.950756072998047
2024-04-10 13:32:40,0.0017365416279062,0.4267530441284179,29.0625,0.0005087681347504,0.5263220071792603,22.3359375,26.03155517578125,0.4525026977062225,1018.0708026885986,19.950756072998047
2024-04-10 13:32:41,0.0017365416279062,0.4267530441284179,29.0625,0.0005087681347504,0.5263220071792603,22.3359375,26.03155517578125,0.4525026977062225,1018.0708026885986,19.950756072998047
2024-04-10 13:32:42,0.0017365416279062,0.4267530441284179,29.0625,0.0005087681347504,0.5263220071792603,22.3359375,26.03155517578125,0.4525026977062225,1018.0708026885986,19.950756072998047
2024-04-10 13:32:43,0.0017365416279062,0.4267530441284179,29.0625,0.0005087681347504,0.5263220071792603,22.3359375,26.03155517578125,0.4525026977062225,1018.0708026885986,19.94268798828125
2024-04-10 13:32:44,0.0017365416279062,0.4267530441284179,29.0625,0.0005087681347504,0.5263220071792603,22.3359375,26.03155517578125,0.4525026977062225,1018.0708026885986,19.94268798828125
2024-04-10 13:32:45,0.0017365416279062,0.4267530441284179,29.0625,0.0005087681347504,0.5263220071792603,22.3359375,26.03155517578125,0.4525026977062225,1018.0708026885986,19.94268798828125
2024-04-10 13:32:46,0.0017365416279062,0.4267530441284179,29.0625,0.0005087681347504,0.5263220071792603,22.3359375,26.03155517578125,0.4525026977062225,1018.1013011932372,19.94268798828125
2024-04-10 13:32:47,0.0017365416279062,0.4267530441284179,29.0625,0.0005087681347504,0.5263220071792603,22.3359375,26.03155517578125,0.4525026977062225,1018.1013011932372,19.94268798828125
2024-04-10 13:32:48,0.0017365416279062,0.4267530441284179,29.0625,0.0005087681347504,0.5263220071792603,22.3359375,26.03155517578125,0.4525026977062225,1018.1013011932372,19.94268798828125
2024-04-10 13:32:49,0.0017365416279062,0.4267530441284179,29.0625,0.0005087681347504,0.5263220071792603,22.3359375,26.03155517578125,0.4525026977062225,1018.1013011932372,19.94268798828125
2024-04-10 13:32:50,0.0017365416279062,0.4267530441284179,29.0625,0.0005087681347504,0.5263220071792603,22.3359375,26.03155517578125,0.4525026977062225,1018.1013011932372,19.94268798828125
2024-04-10 13:32:51,0.0017365416279062,0.4267530441284179,29.0625,0.0005087681347504,0.5263220071792603,22.3359375,26.03155517578125,0.4525026977062225,1018.1013011932372,19.950572967529297
2024-04-10 13:32:52,0.0017365416279062,0.4267530441284179,29.0625,0.0005087681347504,0.5263220071792603,22.3359375,26.03155517578125,0.4525026977062225,1018.1013011932372,19.950572967529297
2024-04-10 13:32:53,0.0017365416279062,0.4267530441284179,29.0625,0.0005087681347504,0.5263220071792603,22.3359375,26.03155517578125,0.4525026977062225,1018.1013011932372,19.950572967529297
2024-04-10 13:32:54,0.0017365416279062,0.4267530441284179,29.0625,0.0005087681347504,0.5263220071792603,22.3359375,26.03155517578125,0.4525026977062225,1018.1013011932372,19.950572967529297
2024-04-10 13:32:55,0.0017365416279062,0.4267530441284179,29.0625,0.0005087681347504,0.5263220071792603,22.3359375,26.03155517578125,0.4525026977062225,1018.0772399902344,19.950572967529297
2024-04-10 13:32:56,0.0017365416279062,0.4267530441284179,29.0625,0.0005087681347504,0.5263220071792603,22.3359375,26.03155517578125,0.4525026977062225,1018.0772399902344,19.950572967529297
2024-04-10 13:32:57,0.0017365416279062,0.4267530441284179,29.0625,0.0005087681347504,0.5263220071792603,22.3359375,26.03155517578125,0.4525026977062225,1018.0772399902344,19.950572967529297
2024-04-10 13:32:58,0.0017365416279062,0.4267530441284179,29.0625,0.0005087681347504,0.5263220071792603,22.3359375,26.03155517578125,0.4525026977062225,1018.0772399902344,19.950572967529297
2024-04-10 13:32:59,0.0017365416279062,0.4267530441284179,29.0625,0.0005087681347504,0.5263220071792603,22.3359375,26.03155517578125,0.4525026977062225,1018.0772399902344,19.950916290283203
2024-04-10 13:33:00,0.0017365416279062,0.4267530441284179,29.0625,0.0005087681347504,0.5263220071792603,22.3359375,26.03155517578125,0.4525026977062225,1018.0772399902344,19.950916290283203
2024-04-10 13:33:01,0.0017365416279062,0.4267530441284179,29.0625,0.0005087681347504,0.5263220071792603,22.3359375,26.03155517578125,0.4525026977062225,1018.0772399902344,19.950916290283203
2024-04-10 13:33:02,0.0017365416279062,0.4267530441284179,29.0625,0.0005087681347504,0.5263220071792603,22.3359375,26.03155517578125,0.4525026977062225,1018.0772399902344,19.950916290283203
2024-04-10 13:33:03,0.0017365416279062,0.4267530441284179,29.0625,0.0005087681347504,0.5263220071792603,22.3359375,26.03155517578125,0.4525026977062225,1018.0554962158204,19.950916290283203
2024-04-10 13:33:04,0.0017365416279062,0.4267530441284179,29.0625,0.0005087681347504,0.5263220071792603,22.3359375,26.03155517578125,0.4525026977062225,1018.0554962158204,19.950916290283203
2024-04-10 13:33:05,0.0017365416279062,0.4267530441284179,29.0625,0.0005087681347504,0.5263220071792603,22.3359375,26.03155517578125,0.4525026977062225,1018.0554962158204,19.950916290283203
2024-04-10 13:33:06,0.0017365416279062,0.4267530441284179,29.0625,0.0005087681347504,0.5263220071792603,22.3359375,26.03155517578125,0.4525026977062225,1018.0554962158204,19.950916290283203
2024-04-10 13:33:07,0.0017365416279062,0.4267530441284179,29.0625,0.0005087681347504,0.5263220071792603,22.3359375,26.03155517578125,0.4525026977062225,1018.0554962158204,19.948410034179688
2024-04-10 13:33:08,0.0017365416279062,0.4267530441284179,29.0625,0.0005087681347504,0.5263220071792603,22.3359375,26.03155517578125,0.4525026977062225,1018.0554962158204,19.948410034179688
2024-04-10 13:33:09,0.0017365416279062,0.4267530441284179,29.0625,0.0005087681347504,0.5263220071792603,22.3359375,26.03155517578125,0.4525026977062225,1018.0554962158204,19.948410034179688
2024-04-10 13:33:10,0.0017365416279062,0.4267530441284179,29.0625,0.0005087681347504,0.5263220071792603,22.3359375,26.03155517578125,0.4525026977062225,1018.0549812316896,19.948410034179688
2024-04-10 13:33:11,0.0017365416279062,0.4267530441284179,29.0625,0.0005087681347504,0.5263220071792603,22.3359375,26.03155517578125,0.4525026977062225,1018.0549812316896,19.948410034179688
2024-04-10 13:33:12,0.0017365416279062,0.4267530441284179,29.0625,0.0005087681347504,0.5263220071792603,22.3359375,26.03155517578125,0.4525026977062225,1018.0549812316896,19.948410034179688
2024-04-10 13:33:13,0.0017365416279062,0.4267530441284179,29.0625,0.0005087681347504,0.5263220071792603,22.3359375,26.03155517578125,0.4525026977062225,1018.0549812316896,19.948410034179688
2024-04-10 13:33:14,0.0017365416279062,0.4267530441284179,29.0625,0.0005087681347504,0.5263220071792603,22.3359375,26.03155517578125,0.4525026977062225,1018.0549812316896,19.948410034179688
2024-04-10 13:33:15,0.0017365416279062,0.4267530441284179,29.0625,0.0005087681347504,0.5263220071792603,22.3359375,26.03155517578125,0.4525026977062225,1018.0549812316896,19.9487247467041
2024-04-10 13:33:16,0.0017365416279062,0.4267530441284179,29.0625,0.0005087681347504,0.5263220071792603,22.3359375,26.03155517578125,0.4525026977062225,1018.0549812316896,19.9487247467041
2024-04-10 13:33:17,0.0017365416279062,0.4267530441284179,29.0625,0.0005087681347504,0.5263220071792603,22.3359375,26.03155517578125,0.4525026977062225,1018.0549812316896,19.9487247467041
2024-04-10 13:33:18,0.0017365416279062,0.4267530441284179,29.0625,0.0005087681347504,0.5263220071792603,22.3359375,26.03155517578125,0.4525026977062225,1018.0549812316896,19.9487247467041
2024-04-10 13:33:19,0.0017365416279062,0.4267530441284179,29.0625,0.0005087681347504,0.5263220071792603,22.3359375,26.75927734375,0.4525026977062225,1018.0549812316896,19.9487247467041
2024-04-10 13:33:20,0.0017365416279062,0.4267530441284179,29.0625,0.0005087681347504,0.5263220071792603,22.3359375,26.75927734375,0.4525026977062225,1018.0819034576416,19.9487247467041
2024-04-10 13:33:21,0.0017365416279062,0.4267530441284179,29.0625,0.0005087681347504,0.5263220071792603,22.3359375,26.75927734375,0.4525026977062225,1018.0819034576416,19.9487247467041
2024-04-10 13:33:22,0.0017365416279062,0.4267530441284179,29.0625,0.0005087681347504,0.5263220071792603,22.3359375,26.75927734375,0.4525026977062225,1018.0819034576416,19.95355987548828
2024-04-10 13:33:23,0.0017365416279062,0.4267530441284179,29.0625,0.0005087681347504,0.5263220071792603,22.3359375,26.75927734375,0.4525026977062225,1018.0819034576416,19.95355987548828
2024-04-10 13:33:24,0.0017365416279062,0.4267530441284179,29.0625,0.0005087681347504,0.5263220071792603,22.3359375,26.75927734375,0.4525026977062225,1018.0819034576416,19.95355987548828
2024-04-10 13:33:25,0.0017365416279062,0.4267530441284179,29.0625,0.0005087681347504,0.5263220071792603,22.3359375,26.75927734375,0.4525026977062225,1018.0888557434082,19.95355987548828
2024-04-10 13:33:26,0.0017365416279062,0.4267530441284179,29.0625,0.0005087681347504,0.5263220071792603,22.3359375,26.75927734375,0.4525026977062225,1018.0888557434082,19.95355987548828
2024-04-10 13:33:27,0.0017365416279062,0.4267530441284179,29.0625,0.0005087681347504,0.5263220071792603,22.3359375,26.75927734375,0.4525026977062225,1018.0888557434082,19.95355987548828
2024-04-10 13:33:28,0.0017365416279062,0.4267530441284179,29.0625,0.0005087681347504,0.5263220071792603,22.3359375,26.75927734375,0.4535517692565918,1018.0888557434082,19.95355987548828
2024-04-10 13:33:29,0.0017365416279062,0.4267530441284179,29.0625,0.0005087681347504,0.5263220071792603,22.3359375,26.75927734375,0.4535517692565918,1018.0888557434082,19.95355987548828
2024-04-10 13:33:30,0.0017365416279062,0.4267530441284179,29.0625,0.0005087681347504,0.5263220071792603,22.3359375,26.75927734375,0.4535517692565918,1018.0888557434082,19.95564842224121
2024-04-10 13:33:31,0.0017365416279062,0.4267530441284179,29.0625,0.0005087681347504,0.5263220071792603,22.3359375,26.75927734375,0.4535517692565918,1018.0888557434082,19.95564842224121
2024-04-10 13:33:32,0.0017365416279062,0.4267530441284179,29.0625,0.0005087681347504,0.5263220071792603,22.3359375,26.75927734375,0.4535517692565918,1018.0888557434082,19.95564842224121
2024-04-10 13:33:33,0.0017365416279062,0.4267530441284179,29.0625,0.0005087681347504,0.5263220071792603,22.3359375,26.75927734375,0.4535517692565918,1018.0888557434082,19.95564842224121
2024-04-10 13:33:34,0.0017365416279062,0.4267530441284179,29.0625,0.0005087681347504,0.5263220071792603,22.3359375,26.75927734375,0.4535517692565918,1018.0940055847168,19.95564842224121
2024-04-10 13:33:35,0.0017365416279062,0.4267530441284179,29.0625,0.0005087681347504,0.5263220071792603,22.3359375,26.75927734375,0.4535517692565918,1018.0940055847168,19.95564842224121
2024-04-10 13:33:36,0.0017365416279062,0.4267530441284179,29.0625,0.0005087681347504,0.5263220071792603,22.3359375,26.75927734375,0.4535517692565918,1018.0940055847168,19.95564842224121
2024-04-10 13:33:37,0.0017365416279062,0.4267530441284179,29.0625,0.0005087681347504,0.5263220071792603,22.3359375,26.75927734375,0.4535517692565918,1018.0940055847168,19.95564842224121
2024-04-10 13:33:38,0.0017365416279062,0.4267530441284179,29.0625,0.0005087681347504,0.5263220071792603,22.3359375,26.75927734375,0.4535517692565918,1018.0940055847168,19.960941314697266
2024-04-10 13:33:39,0.0017365416279062,0.4267530441284179,29.0625,0.0005087681347504,0.5263220071792603,22.3359375,26.75927734375,0.4535517692565918,1018.0940055847168,19.960941314697266
2024-04-10 13:33:40,0.0017365416279062,0.4267530441284179,29.0625,0.0005087681347504,0.5263220071792603,22.3359375,26.75927734375,0.4535517692565918,1018.0940055847168,19.960941314697266
2024-04-10 13:33:41,0.0017365416279062,0.4267530441284179,29.0625,0.0005087681347504,0.5263220071792603,22.3359375,26.75927734375,0.4535517692565918,1018.0940055847168,19.960941314697266
2024-04-10 13:33:42,0.0017365416279062,0.4267530441284179,29.0625,0.0005087681347504,0.5263220071792603,22.3359375,26.75927734375,0.4535517692565918,1018.0940055847168,19.960941314697266
2024-04-10 13:33:43,0.0017365416279062,0.4267530441284179,29.0625,0.0005087681347504,0.5263220071792603,22.3359375,26.75927734375,0.4535517692565918,1018.0940055847168,19.960941314697266
2024-04-10 13:33:44,0.0017365416279062,0.4267530441284179,29.0625,0.0005087681347504,0.5263220071792603,22.3359375,26.75927734375,0.4535517692565918,1018.0960655212402,19.960941314697266
2024-04-10 13:33:45,0.0017365416279062,0.4267530441284179,29.0625,0.0005087681347504,0.5263220071792603,22.3359375,26.75927734375,0.4535517692565918,1018.0960655212402,19.96579933166504
2024-04-10 13:33:46,0.0017365416279062,0.4267530441284179,29.0625,0.0005087681347504,0.5263220071792603,22.3359375,26.75927734375,0.4535517692565918,1018.0960655212402,19.96579933166504
2024-04-10 13:33:47,0.0017365416279062,0.4267530441284179,29.0625,0.0005087681347504,0.5263220071792603,22.3359375,26.75927734375,0.4535517692565918,1018.0960655212402,19.96579933166504
2024-04-10 13:33:48,0.0017365416279062,0.4267530441284179,29.0625,0.0005087681347504,0.5263220071792603,22.3359375,26.75927734375,0.4535517692565918,1018.0960655212402,19.96579933166504
2024-04-10 13:33:49,0.0017365416279062,0.4267530441284179,29.0625,0.0005087681347504,0.5263220071792603,22.3359375,26.75927734375,0.4535517692565918,1018.0960655212402,19.96579933166504
2024-04-10 13:33:50,0.0017365416279062,0.4267530441284179,29.0625,0.0005087681347504,0.5263220071792603,22.3359375,26.75927734375,0.4535517692565918,1018.0960655212402,19.96579933166504
2024-04-10 13:33:51,0.0017365416279062,0.4267530441284179,29.0625,0.0005087681347504,0.5263220071792603,22.3359375,26.75927734375,0.4535517692565918,1018.0960655212402,19.96579933166504
2024-04-10 13:33:52,0.0017365416279062,0.4267530441284179,29.0625,0.0005087681347504,0.5263220071792603,22.3359375,26.75927734375,0.4535517692565918,1018.0960655212402,19.96579933166504
2024-04-10 13:33:53,0.0017365416279062,0.4267530441284179,29.0625,0.0005087681347504,0.5263220071792603,22.3359375,26.75927734375,0.4535517692565918,1018.0960655212402,19.96579933166504
2024-04-10 13:33:54,0.0017365416279062,0.4267530441284179,29.0625,0.0005087681347504,0.5263220071792603,22.3359375,26.75927734375,0.4535517692565918,1018.087396621704,19.96143913269043
2024-04-10 13:33:55,0.0017365416279062,0.4267530441284179,29.0625,0.0005087681347504,0.5263220071792603,22.3359375,26.75927734375,0.4535517692565918,1018.087396621704,19.96143913269043
2024-04-10 13:33:56,0.0017365416279062,0.4267530441284179,29.0625,0.0005087681347504,0.5263220071792603,22.3359375,26.75927734375,0.4535517692565918,1018.087396621704,19.96143913269043
2024-04-10 13:33:57,0.0017365416279062,0.4267530441284179,29.0625,0.0005087681347504,0.5263220071792603,22.3359375,26.75927734375,0.4535517692565918,1018.087396621704,19.96143913269043
2024-04-10 13:33:58,0.0017365416279062,0.4267530441284179,29.0625,0.0005087681347504,0.5263220071792603,22.3359375,26.75927734375,0.4535517692565918,1018.1120586395264,19.96143913269043
2024-04-10 13:33:59,0.0017365416279062,0.4267530441284179,29.0625,0.0005087681347504,0.5263220071792603,22.3359375,26.75927734375,0.4535517692565918,1018.1120586395264,19.96143913269043
2024-04-10 13:34:00,0.0017365416279062,0.4267530441284179,29.0625,0.0005087681347504,0.5263220071792603,22.3359375,26.75927734375,0.4535517692565918,1018.1120586395264,19.96143913269043
2024-04-10 13:34:01,0.0017365416279062,0.4267530441284179,29.0625,0.0005087681347504,0.5263220071792603,22.3359375,26.75927734375,0.4535517692565918,1018.1120586395264,19.96143913269043
2024-04-10 13:34:02,0.0017365416279062,0.4267530441284179,29.0625,0.0005087681347504,0.5263220071792603,22.3359375,26.75927734375,0.4535517692565918,1018.1120586395264,19.96143913269043
2024-04-10 13:34:03,0.0017365416279062,0.4267530441284179,29.0625,0.0005087681347504,0.5263220071792603,22.3359375,26.75927734375,0.4535517692565918,1018.1120586395264,19.97959518432617
2024-04-10 13:34:04,0.0017365416279062,0.4267530441284179,29.0625,0.0005087681347504,0.5263220071792603,22.3359375,26.75927734375,0.4535517692565918,1018.1120586395264,19.97959518432617
2024-04-10 13:34:05,0.0017365416279062,0.4267530441284179,29.0625,0.0005087681347504,0.5263220071792603,22.3359375,26.75927734375,0.4535517692565918,1018.1120586395264,19.97959518432617
2024-04-10 13:34:06,0.0017365416279062,0.4267530441284179,29.0625,0.0005087681347504,0.5263220071792603,22.3359375,26.75927734375,0.4535517692565918,1018.1184387207032,19.97959518432617
2024-04-10 13:34:07,0.0017365416279062,0.4267530441284179,29.0625,0.0005087681347504,0.5263220071792603,22.3359375,26.75927734375,0.4535517692565918,1018.1184387207032,19.97959518432617
2024-04-10 13:34:08,0.0017365416279062,0.4267530441284179,29.0625,0.0005087681347504,0.5263220071792603,22.3359375,26.75927734375,0.4535517692565918,1018.1184387207032,19.97959518432617
2024-04-10 13:34:09,0.0017365416279062,0.4267530441284179,29.0625,0.0005087681347504,0.5263220071792603,22.3359375,26.75927734375,0.4535517692565918,1018.1184387207032,19.97959518432617
2024-04-10 13:34:10,0.0017365416279062,0.4267530441284179,29.0625,0.0005087681347504,0.5263220071792603,22.3359375,26.75927734375,0.4535517692565918,1018.1184387207032,19.97959518432617
2024-04-10 13:34:11,0.0017365416279062,0.4267530441284179,29.0625,0.0005087681347504,0.5263220071792603,22.3359375,26.75927734375,0.4535517692565918,1018.1184387207032,19.98809242248535
2024-04-10 13:34:12,0.0017365416279062,0.4267530441284179,29.0625,0.0005087681347504,0.5263220071792603,22.3359375,26.75927734375,0.4535517692565918,1018.1184387207032,19.98809242248535
2024-04-10 13:34:13,0.0017365416279062,0.4267530441284179,29.0625,0.0005087681347504,0.5263220071792603,22.3359375,26.75927734375,0.4535517692565918,1018.1184387207032,19.98809242248535
2024-04-10 13:34:14,0.0017365416279062,0.4267530441284179,29.0625,0.0005087681347504,0.5263220071792603,22.3359375,26.75927734375,0.4535517692565918,1018.1184387207032,19.98809242248535
2024-04-10 13:34:15,0.0017365416279062,0.4267530441284179,29.0625,0.0005087681347504,0.5263220071792603,22.3359375,26.75927734375,0.4535517692565918,1018.1184387207032,19.98809242248535
2024-04-10 13:34:16,0.0017365416279062,0.4267530441284179,29.0625,0.0005087681347504,0.5263220071792603,22.3359375,27.05038452148437,0.4535517692565918,1018.1184387207032,19.98809242248535
2024-04-10 13:34:17,0.0017365416279062,0.4267530441284179,29.0625,0.0005087681347504,0.5263220071792603,22.3359375,27.05038452148437,0.4535517692565918,1018.1184387207032,19.98809242248535
2024-04-10 13:34:18,0.0017365416279062,0.4267530441284179,29.0625,0.0005087681347504,0.5263220071792603,22.3359375,27.05038452148437,0.4535517692565918,1018.0884838104248,19.98809242248535
2024-04-10 13:34:19,0.0017365416279062,0.4267530441284179,29.0625,0.0005087681347504,0.5263220071792603,22.3359375,27.05038452148437,0.4535517692565918,1018.0884838104248,19.98859596252441
2024-04-10 13:34:20,0.0017365416279062,0.4267530441284179,29.0625,0.0005087681347504,0.5263220071792603,22.3359375,27.05038452148437,0.4535517692565918,1018.0884838104248,19.98859596252441
2024-04-10 13:34:21,0.0017365416279062,0.4267530441284179,29.0625,0.0005087681347504,0.5263220071792603,22.3359375,27.05038452148437,0.4535517692565918,1018.0884838104248,19.98859596252441
2024-04-10 13:34:22,0.0017365416279062,0.4267530441284179,29.0625,0.0005087681347504,0.5263220071792603,22.3359375,27.05038452148437,0.4535517692565918,1018.1107711791992,19.98859596252441
2024-04-10 13:34:23,0.0017365416279062,0.4267530441284179,29.0625,0.0005087681347504,0.5263220071792603,22.3359375,27.05038452148437,0.4535517692565918,1018.1107711791992,19.98859596252441
2024-04-10 13:34:24,0.0017365416279062,0.4267530441284179,29.0625,0.0005087681347504,0.5263220071792603,22.3359375,27.05038452148437,0.4535517692565918,1018.1107711791992,19.98859596252441
2024-04-10 13:34:25,0.0017365416279062,0.4267530441284179,29.0625,0.0005087681347504,0.5263220071792603,22.3359375,27.05038452148437,0.4535517692565918,1018.1107711791992,19.98859596252441
2024-04-10 13:34:26,0.0017365416279062,0.4267530441284179,29.0625,0.0005087681347504,0.5263220071792603,22.3359375,27.05038452148437,0.4535517692565918,1018.1107711791992,19.981637954711918
2024-04-10 13:34:27,0.0017365416279062,0.4267530441284179,29.0625,0.0005087681347504,0.5263220071792603,22.3359375,27.05038452148437,0.4535517692565918,1018.1107711791992,19.981637954711918
2024-04-10 13:34:28,0.0017365416279062,0.4267530441284179,29.0625,0.0005087681347504,0.5263220071792603,22.3359375,27.05038452148437,0.4535517692565918,1018.1107711791992,19.981637954711918
2024-04-10 13:34:29,0.0017365416279062,0.4267530441284179,29.0625,0.0005087681347504,0.5263220071792603,22.3359375,27.05038452148437,0.4535734355449676,1018.1107711791992,19.981637954711918
2024-04-10 13:34:30,0.0017365416279062,0.4267530441284179,29.0625,0.0005087681347504,0.5263220071792603,22.3359375,27.05038452148437,0.4535734355449676,1018.1107711791992,19.981637954711918
2024-04-10 13:34:31,0.0017365416279062,0.4267530441284179,29.0625,0.0005087681347504,0.5263220071792603,22.3359375,27.05038452148437,0.4535734355449676,1018.1107711791992,19.981637954711918
2024-04-10 13:34:32,0.0017365416279062,0.4267530441284179,29.0625,0.0005087681347504,0.5263220071792603,22.3359375,27.05038452148437,0.4535734355449676,1018.1109142303468,19.981637954711918
2024-04-10 13:34:33,0.0017365416279062,0.4267530441284179,29.0625,0.0005087681347504,0.5263220071792603,22.3359375,27.05038452148437,0.4535734355449676,1018.1109142303468,19.99127960205078
2024-04-10 13:34:34,0.0017365416279062,0.4267530441284179,29.0625,0.0005087681347504,0.5263220071792603,22.3359375,27.05038452148437,0.4535734355449676,1018.1109142303468,19.99127960205078
2024-04-10 13:34:35,0.0017365416279062,0.4267530441284179,29.0625,0.0005087681347504,0.5263220071792603,22.3359375,27.05038452148437,0.4535734355449676,1018.1109142303468,19.99127960205078
2024-04-10 13:34:36,0.0017365416279062,0.4267530441284179,29.0625,0.0005087681347504,0.5263220071792603,22.3359375,27.05038452148437,0.4535734355449676,1018.1109142303468,19.99127960205078
2024-04-10 13:34:37,0.0017365416279062,0.4267530441284179,29.0625,0.0005087681347504,0.5263220071792603,22.3359375,27.05038452148437,0.4535734355449676,1018.1109142303468,19.99127960205078
2024-04-10 13:34:38,0.0017365416279062,0.4267530441284179,29.0625,0.0005087681347504,0.5263220071792603,22.3359375,27.05038452148437,0.4535734355449676,1018.1109142303468,19.99127960205078
2024-04-10 13:34:39,0.0017365416279062,0.4267530441284179,29.0625,0.0005087681347504,0.5263220071792603,22.3359375,27.05038452148437,0.4535734355449676,1018.0788993835448,19.99127960205078
2024-04-10 13:34:40,0.0017365416279062,0.4267530441284179,29.0625,0.0005087681347504,0.5263220071792603,22.3359375,27.05038452148437,0.4535734355449676,1018.0788993835448,19.99127960205078
2024-04-10 13:34:41,0.0017365416279062,0.4267530441284179,29.0625,0.0005087681347504,0.5263220071792603,22.3359375,27.05038452148437,0.4535734355449676,1018.0788993835448,19.99127960205078
2024-04-10 13:34:42,0.0017365416279062,0.4267530441284179,29.0625,0.0005087681347504,0.5263220071792603,22.3359375,27.05038452148437,0.4535734355449676,1018.0788993835448,19.990421295166016
2024-04-10 13:34:43,0.0017365416279062,0.4267530441284179,29.0625,0.0005087681347504,0.5263220071792603,22.3359375,27.05038452148437,0.4535734355449676,1018.0788993835448,19.990421295166016
2024-04-10 13:34:44,0.0017365416279062,0.4267530441284179,29.0625,0.0005087681347504,0.5263220071792603,22.3359375,27.05038452148437,0.4535734355449676,1018.0788993835448,19.990421295166016
2024-04-10 13:34:45,0.0017365416279062,0.4267530441284179,29.0625,0.0005087681347504,0.5263220071792603,22.3359375,27.05038452148437,0.4535734355449676,1018.0788993835448,19.990421295166016
2024-04-10 13:34:46,0.0017365416279062,0.4267530441284179,29.0625,0.0005087681347504,0.5263220071792603,22.3359375,27.05038452148437,0.4535734355449676,1018.0568981170654,19.990421295166016
2024-04-10 13:34:47,0.0017365416279062,0.4267530441284179,29.0625,0.0005087681347504,0.5263220071792603,22.3359375,27.05038452148437,0.4535734355449676,1018.0568981170654,19.990421295166016
2024-04-10 13:34:48,0.0017365416279062,0.4267530441284179,29.0625,0.0005087681347504,0.5263220071792603,22.3359375,27.05038452148437,0.4535734355449676,1018.0568981170654,19.990421295166016
2024-04-10 13:34:49,0.0017365416279062,0.4267530441284179,29.0625,0.0005087681347504,0.5263220071792603,22.3359375,27.05038452148437,0.4535734355449676,1018.0568981170654,19.990421295166016
2024-04-10 13:34:50,0.0017365416279062,0.4267530441284179,29.0625,0.0005087681347504,0.5263220071792603,22.3359375,27.05038452148437,0.4535734355449676,1018.0568981170654,19.993865966796875
2024-04-10 13:34:51,0.0017365416279062,0.4267530441284179,29.0625,0.0005087681347504,0.5263220071792603,22.3359375,27.05038452148437,0.4535734355449676,1018.0568981170654,19.993865966796875
2024-04-10 13:34:52,0.0017365416279062,0.4267530441284179,29.0625,0.0005087681347504,0.5263220071792603,22.3359375,27.05038452148437,0.4535734355449676,1018.0568981170654,19.993865966796875
2024-04-10 13:34:53,0.0017365416279062,0.4267530441284179,29.0625,0.0005087681347504,0.5263220071792603,22.3359375,27.05038452148437,0.4535734355449676,1018.0568981170654,19.993865966796875
2024-04-10 13:34:54,0.0017365416279062,0.4267530441284179,29.0625,0.0005087681347504,0.5263220071792603,22.3359375,27.05038452148437,0.4535734355449676,1018.0568981170654,19.993865966796875
2024-04-10 13:34:55,0.0017365416279062,0.4267530441284179,29.0625,0.0005087681347504,0.5263220071792603,22.3359375,27.05038452148437,0.4535734355449676,1018.0568981170654,19.993865966796875
2024-04-10 13:34:56,0.0017365416279062,0.4267530441284179,29.0625,0.0005087681347504,0.5263220071792603,22.3359375,27.05038452148437,0.4535734355449676,1018.0788993835448,19.993865966796875
2024-04-10 13:34:57,0.0017365416279062,0.4267530441284179,29.0625,0.0005087681347504,0.5263220071792603,22.3359375,27.05038452148437,0.4535734355449676,1018.0788993835448,19.993865966796875
2024-04-10 13:34:58,0.0017365416279062,0.4267530441284179,29.0625,0.0005087681347504,0.5263220071792603,22.3359375,27.05038452148437,0.4535734355449676,1018.0788993835448,19.993865966796875
2024-04-10 13:34:59,0.0017365416279062,0.4267530441284179,29.0625,0.0005087681347504,0.5263220071792603,22.3359375,27.05038452148437,0.4535734355449676,1018.0788993835448,19.993865966796875
2024-04-10 13:35:00,0.0017365416279062,0.4267530441284179,29.0625,0.0005087681347504,0.5263220071792603,22.3359375,27.05038452148437,0.4535734355449676,1018.0788993835448,19.9824275970459
2024-04-10 13:35:01,0.0017365416279062,0.4267530441284179,29.0625,0.0005087681347504,0.5263220071792603,22.3359375,27.05038452148437,0.4535734355449676,1018.0788993835448,19.9824275970459
2024-04-10 13:35:02,0.0017365416279062,0.4267530441284179,29.0625,0.0005087681347504,0.5263220071792603,22.3359375,27.05038452148437,0.4535734355449676,1018.0788993835448,19.9824275970459
2024-04-10 13:35:03,0.0017365416279062,0.4267530441284179,29.0625,0.0005087681347504,0.5263220071792603,22.3359375,27.05038452148437,0.4535734355449676,1018.063793182373,19.9824275970459
2024-04-10 13:35:04,0.0017365416279062,0.4267530441284179,29.0625,0.0005087681347504,0.5263220071792603,22.3359375,27.05038452148437,0.4535734355449676,1018.063793182373,19.9824275970459
2024-04-10 13:35:05,0.0017365416279062,0.4267530441284179,29.0625,0.0005087681347504,0.5263220071792603,22.3359375,27.05038452148437,0.4535734355449676,1018.063793182373,19.9824275970459
2024-04-10 13:35:06,0.0017365416279062,0.4267530441284179,29.0625,0.0005087681347504,0.5263220071792603,22.3359375,27.05038452148437,0.4535734355449676,1018.063793182373,19.98209571838379
2024-04-10 13:35:07,0.0017365416279062,0.4267530441284179,29.0625,0.0005087681347504,0.5263220071792603,22.3359375,27.05038452148437,0.4535734355449676,1018.063793182373,19.98209571838379
2024-04-10 13:35:08,0.0017365416279062,0.4267530441284179,29.0625,0.0005087681347504,0.5263220071792603,22.3359375,27.05038452148437,0.4535734355449676,1018.063793182373,19.98209571838379
2024-04-10 13:35:09,0.0017365416279062,0.4267530441284179,29.0625,0.0005087681347504,0.5263220071792603,22.3359375,27.05038452148437,0.4535734355449676,1018.063793182373,19.98209571838379
2024-04-10 13:35:10,0.0017365416279062,0.4267530441284179,29.0625,0.0005087681347504,0.5263220071792603,22.3359375,27.05038452148437,0.4535734355449676,1018.074836730957,19.98209571838379
2024-04-10 13:35:11,0.0017365416279062,0.4267530441284179,29.0625,0.0005087681347504,0.5263220071792603,22.3359375,27.05038452148437,0.4535734355449676,1018.074836730957,19.98209571838379
2024-04-10 13:35:12,0.0017365416279062,0.4267530441284179,29.0625,0.0005087681347504,0.5263220071792603,22.3359375,27.05038452148437,0.4535734355449676,1018.074836730957,19.98209571838379
2024-04-10 13:35:13,0.0017365416279062,0.4267530441284179,29.0625,0.0005087681347504,0.5263220071792603,22.3359375,27.05038452148437,0.4535734355449676,1018.074836730957,19.98209571838379
2024-04-10 13:35:14,0.0017365416279062,0.4267530441284179,29.0625,0.0005087681347504,0.5263220071792603,22.3359375,27.05038452148437,0.4535734355449676,1018.074836730957,19.99180603027344
2024-04-10 13:35:15,0.0017365416279062,0.4267530441284179,29.0625,0.0005087681347504,0.5263220071792603,22.3359375,27.05038452148437,0.4535734355449676,1018.074836730957,19.99180603027344
2024-04-10 13:35:16,0.0017365416279062,0.4267530441284179,29.0625,0.0005087681347504,0.5263220071792603,22.3359375,27.05038452148437,0.4535734355449676,1018.074836730957,19.99180603027344
2024-04-10 13:35:17,0.0017365416279062,0.4267530441284179,29.0625,0.0005087681347504,0.5263220071792603,22.3359375,27.4019775390625,0.4535734355449676,1018.074836730957,19.99180603027344
2024-04-10 13:35:18,0.0017365416279062,0.4267530441284179,29.0625,0.0005087681347504,0.5263220071792603,22.3359375,27.4019775390625,0.4535734355449676,1018.1226444244384,19.99180603027344
2024-04-10 13:35:19,0.0017365416279062,0.4267530441284179,29.0625,0.0005087681347504,0.5263220071792603,22.3359375,27.4019775390625,0.4535734355449676,1018.1226444244384,19.99180603027344
2024-04-10 13:35:20,0.0017365416279062,0.4267530441284179,29.0625,0.0005087681347504,0.5263220071792603,22.3359375,27.4019775390625,0.4535734355449676,1018.1226444244384,19.99180603027344
2024-04-10 13:35:21,0.0017365416279062,0.4267530441284179,29.0625,0.0005087681347504,0.5263220071792603,22.3359375,27.4019775390625,0.4535734355449676,1018.1226444244384,19.99180603027344
2024-04-10 13:35:22,0.0017365416279062,0.4267530441284179,29.0625,0.0005087681347504,0.5263220071792603,22.3359375,27.4019775390625,0.4535734355449676,1018.1226444244384,19.99180603027344
2024-04-10 13:35:23,0.0017365416279062,0.4267530441284179,29.0625,0.0005087681347504,0.5263220071792603,22.3359375,27.4019775390625,0.4535734355449676,1018.1226444244384,19.99180603027344
2024-04-10 13:35:24,0.0017365416279062,0.4267530441284179,29.0625,0.0005087681347504,0.5263220071792603,22.3359375,27.4019775390625,0.4535734355449676,1018.1226444244384,19.99180603027344
2024-04-10 13:35:25,0.0017365416279062,0.4267530441284179,29.0625,0.0005087681347504,0.5263220071792603,22.3359375,27.4019775390625,0.4535734355449676,1018.1226444244384,19.99180603027344
2024-04-10 13:35:26,0.0017365416279062,0.4267530441284179,29.0625,0.0005087681347504,0.5263220071792603,22.3359375,27.4019775390625,0.4535734355449676,1018.1226444244384,19.99180603027344
2024-04-10 13:35:27,0.0017365416279062,0.4267530441284179,29.0625,0.0005087681347504,0.5263220071792603,22.3359375,27.4019775390625,0.4535734355449676,1018.1855583190918,19.99180603027344
2024-04-10 13:35:28,0.0017365416279062,0.4267530441284179,29.0625,0.0005087681347504,0.5263220071792603,22.3359375,27.4019775390625,0.4535318911075592,1018.1855583190918,19.99180603027344
2024-04-10 13:35:29,0.0017365416279062,0.4267530441284179,29.0625,0.0005087681347504,0.5263220071792603,22.3359375,27.4019775390625,0.4535318911075592,1018.1855583190918,19.99180603027344
2024-04-10 13:35:30,0.0017365416279062,0.4267530441284179,29.0625,0.0005087681347504,0.5263220071792603,22.3359375,27.4019775390625,0.4535318911075592,1018.1855583190918,19.984968185424805
2024-04-10 13:35:31,0.0017365416279062,0.4267530441284179,29.0625,0.0005087681347504,0.5263220071792603,22.3359375,27.4019775390625,0.4535318911075592,1018.1855583190918,19.984968185424805
2024-04-10 13:35:32,0.0017365416279062,0.4267530441284179,29.0625,0.0005087681347504,0.5263220071792603,22.3359375,27.4019775390625,0.4535318911075592,1018.1855583190918,19.984968185424805
2024-04-10 13:35:33,0.0017365416279062,0.4267530441284179,29.0625,0.0005087681347504,0.5263220071792603,22.3359375,27.4019775390625,0.4535318911075592,1018.0902004241944,19.984968185424805
2024-04-10 13:35:34,0.0017365416279062,0.4267530441284179,29.0625,0.0005087681347504,0.5263220071792603,22.3359375,27.4019775390625,0.4535318911075592,1018.0902004241944,19.984968185424805
2024-04-10 13:35:35,0.0017365416279062,0.4267530441284179,29.0625,0.0005087681347504,0.5263220071792603,22.3359375,27.4019775390625,0.4535318911075592,1018.0902004241944,19.984968185424805
2024-04-10 13:35:36,0.0017365416279062,0.4267530441284179,29.0625,0.0005087681347504,0.5263220071792603,22.3359375,27.4019775390625,0.4535318911075592,1018.0902004241944,19.984968185424805
2024-04-10 13:35:37,0.0017365416279062,0.4267530441284179,29.0625,0.0005087681347504,0.5263220071792603,22.3359375,27.4019775390625,0.4535318911075592,1018.0902004241944,19.984968185424805
2024-04-10 13:35:38,0.0017365416279062,0.4267530441284179,29.0625,0.0005087681347504,0.5263220071792603,22.3359375,27.4019775390625,0.4535318911075592,1018.0902004241944,19.97467422485352
2024-04-10 13:35:39,0.0017365416279062,0.4267530441284179,29.0625,0.0005087681347504,0.5263220071792603,22.3359375,27.4019775390625,0.4535318911075592,1018.0902004241944,19.97467422485352
2024-04-10 13:35:40,0.0017365416279062,0.4267530441284179,29.0625,0.0005087681347504,0.5263220071792603,22.3359375,27.4019775390625,0.4535318911075592,1018.0902004241944,19.97467422485352
2024-04-10 13:35:41,0.0017365416279062,0.4267530441284179,29.0625,0.0005087681347504,0.5263220071792603,22.3359375,27.4019775390625,0.4535318911075592,1018.0902004241944,19.97467422485352
2024-04-10 13:35:42,0.0017365416279062,0.4267530441284179,29.0625,0.0005087681347504,0.5263220071792603,22.3359375,27.4019775390625,0.4535318911075592,1018.0902004241944,19.97467422485352
2024-04-10 13:35:43,0.0017365416279062,0.4267530441284179,29.0625,0.0005087681347504,0.5263220071792603,22.3359375,27.4019775390625,0.4535318911075592,1018.0902004241944,19.97467422485352
2024-04-10 13:35:44,0.0017365416279062,0.4267530441284179,29.0625,0.0005087681347504,0.5263220071792603,22.3359375,27.4019775390625,0.4535318911075592,1018.0943489074708,19.97467422485352
2024-04-10 13:35:45,0.0017365416279062,0.4267530441284179,29.0625,0.0005087681347504,0.5263220071792603,22.3359375,27.4019775390625,0.4535318911075592,1018.0943489074708,19.97467422485352
2024-04-10 13:35:46,0.0017365416279062,0.4267530441284179,29.0625,0.0005087681347504,0.5263220071792603,22.3359375,27.4019775390625,0.4535318911075592,1018.0943489074708,19.97467422485352
2024-04-10 13:35:47,0.0017365416279062,0.4267530441284179,29.0625,0.0005087681347504,0.5263220071792603,22.3359375,27.4019775390625,0.4535318911075592,1018.0943489074708,19.970348358154297
2024-04-10 13:35:48,0.0017365416279062,0.4267530441284179,29.0625,0.0005087681347504,0.5263220071792603,22.3359375,27.4019775390625,0.4535318911075592,1018.0943489074708,19.970348358154297
2024-04-10 13:35:49,0.0017365416279062,0.4267530441284179,29.0625,0.0005087681347504,0.5263220071792603,22.3359375,27.4019775390625,0.4535318911075592,1018.0943489074708,19.970348358154297
2024-04-10 13:35:50,0.0017365416279062,0.4267530441284179,29.0625,0.0005087681347504,0.5263220071792603,22.3359375,27.4019775390625,0.4535318911075592,1018.0943489074708,19.970348358154297
2024-04-10 13:35:51,0.0017365416279062,0.4267530441284179,29.0625,0.0005087681347504,0.5263220071792603,22.3359375,27.4019775390625,0.4535318911075592,1018.0943489074708,19.970348358154297
2024-04-10 13:35:52,0.0017365416279062,0.4267530441284179,29.0625,0.0005087681347504,0.5263220071792603,22.3359375,27.4019775390625,0.4535318911075592,1018.0943489074708,19.970348358154297
2024-04-10 13:35:53,0.0017365416279062,0.4267530441284179,29.0625,0.0005087681347504,0.5263220071792603,22.3359375,27.4019775390625,0.4535318911075592,1018.0943489074708,19.96078109741211
2024-04-10 13:35:54,0.0017365416279062,0.4267530441284179,29.0625,0.0005087681347504,0.5263220071792603,22.3359375,27.4019775390625,0.4535318911075592,1018.0736923217772,19.96078109741211
2024-04-10 13:35:55,0.0017365416279062,0.4267530441284179,29.0625,0.0005087681347504,0.5263220071792603,22.3359375,27.4019775390625,0.4535318911075592,1018.0736923217772,19.96078109741211
2024-04-10 13:35:56,0.0017365416279062,0.4267530441284179,29.0625,0.0005087681347504,0.5263220071792603,22.3359375,27.4019775390625,0.4535318911075592,1018.0736923217772,19.96078109741211
2024-04-10 13:35:57,0.0017365416279062,0.4267530441284179,29.0625,0.0005087681347504,0.5263220071792603,22.3359375,27.4019775390625,0.4535318911075592,1018.1047344207764,19.96078109741211
2024-04-10 13:35:58,0.0017365416279062,0.4267530441284179,29.0625,0.0005087681347504,0.5263220071792603,22.3359375,27.4019775390625,0.4535318911075592,1018.1047344207764,19.96078109741211
2024-04-10 13:35:59,0.0017365416279062,0.4267530441284179,29.0625,0.0005087681347504,0.5263220071792603,22.3359375,27.4019775390625,0.4535318911075592,1018.1047344207764,19.96078109741211
2024-04-10 13:36:00,0.0017365416279062,0.4267530441284179,29.0625,0.0005087681347504,0.5263220071792603,22.3359375,27.4019775390625,0.4535318911075592,1018.1047344207764,19.96078109741211
2024-04-10 13:36:01,0.0017365416279062,0.4267530441284179,29.0625,0.0005087681347504,0.5263220071792603,22.3359375,27.4019775390625,0.4535318911075592,1018.1047344207764,19.96078109741211
2024-04-10 13:36:02,0.0017365416279062,0.4267530441284179,29.0625,0.0005087681347504,0.5263220071792603,22.3359375,27.4019775390625,0.4535318911075592,1018.1047344207764,19.96078109741211
2024-04-10 13:36:03,0.0017365416279062,0.4267530441284179,29.0625,0.0005087681347504,0.5263220071792603,22.3359375,27.4019775390625,0.4535318911075592,1018.1047344207764,19.96078109741211
2024-04-10 13:36:04,0.0017365416279062,0.4267530441284179,29.0625,0.0005087681347504,0.5263220071792603,22.3359375,27.4019775390625,0.4535318911075592,1018.1047344207764,19.96454620361328
2024-04-10 13:36:05,0.0017365416279062,0.4267530441284179,29.0625,0.0005087681347504,0.5263220071792603,22.3359375,27.4019775390625,0.4535318911075592,1018.1047344207764,19.96454620361328
2024-04-10 13:36:06,0.0017365416279062,0.4267530441284179,29.0625,0.0005087681347504,0.5263220071792603,22.3359375,27.4019775390625,0.4535318911075592,1018.1047344207764,19.96454620361328
2024-04-10 13:36:07,0.0017365416279062,0.4267530441284179,29.0625,0.0005087681347504,0.5263220071792603,22.3359375,27.4019775390625,0.4535318911075592,1018.094835281372,19.96454620361328
2024-04-10 13:36:08,0.0017365416279062,0.4267530441284179,29.0625,0.0005087681347504,0.5263220071792603,22.3359375,27.4019775390625,0.4535318911075592,1018.094835281372,19.96454620361328
2024-04-10 13:36:09,0.0017365416279062,0.4267530441284179,29.0625,0.0005087681347504,0.5263220071792603,22.3359375,27.4019775390625,0.4535318911075592,1018.094835281372,19.96454620361328
2024-04-10 13:36:10,0.0017365416279062,0.4267530441284179,29.0625,0.0005087681347504,0.5263220071792603,22.3359375,27.4019775390625,0.4535318911075592,1018.094835281372,19.96454620361328
2024-04-10 13:36:11,0.0017365416279062,0.4267530441284179,29.0625,0.0005087681347504,0.5263220071792603,22.3359375,27.4019775390625,0.4535318911075592,1018.094835281372,19.97414207458496
2024-04-10 13:36:12,0.0017365416279062,0.4267530441284179,29.0625,0.0005087681347504,0.5263220071792603,22.3359375,27.4019775390625,0.4535318911075592,1018.094835281372,19.97414207458496
2024-04-10 13:36:13,0.0017365416279062,0.4267530441284179,29.0625,0.0005087681347504,0.5263220071792603,22.3359375,27.4019775390625,0.4535318911075592,1018.094835281372,19.97414207458496
2024-04-10 13:36:14,0.0017365416279062,0.4267530441284179,29.0625,0.0005087681347504,0.5263220071792603,22.3359375,27.4019775390625,0.4535318911075592,1018.1477069854736,19.97414207458496
2024-04-10 13:36:15,0.0017365416279062,0.4267530441284179,29.0625,0.0005087681347504,0.5263220071792603,22.3359375,27.4019775390625,0.4535318911075592,1018.1477069854736,19.97414207458496
2024-04-10 13:36:16,0.0017365416279062,0.4267530441284179,29.0625,0.0005087681347504,0.5263220071792603,22.3359375,27.644317626953125,0.4535318911075592,1018.1477069854736,19.97414207458496
2024-04-10 13:36:17,0.0017365416279062,0.4267530441284179,29.0625,0.0005087681347504,0.5263220071792603,22.3359375,27.644317626953125,0.4535318911075592,1018.1477069854736,19.97414207458496
2024-04-10 13:36:18,0.0017365416279062,0.4267530441284179,29.0625,0.0005087681347504,0.5263220071792603,22.3359375,27.644317626953125,0.4535318911075592,1018.1477069854736,19.97414207458496
2024-04-10 13:36:19,0.0017365416279062,0.4267530441284179,29.0625,0.0005087681347504,0.5263220071792603,22.3359375,27.644317626953125,0.4535318911075592,1018.1477069854736,19.95557975769043
2024-04-10 13:36:20,0.0017365416279062,0.4267530441284179,29.0625,0.0005087681347504,0.5263220071792603,22.3359375,27.644317626953125,0.4535318911075592,1018.1477069854736,19.95557975769043
2024-04-10 13:36:21,0.0017365416279062,0.4267530441284179,29.0625,0.0005087681347504,0.5263220071792603,22.3359375,27.644317626953125,0.4535318911075592,1018.1024742126464,19.95557975769043
2024-04-10 13:36:22,0.0017365416279062,0.4267530441284179,29.0625,0.0005087681347504,0.5263220071792603,22.3359375,27.644317626953125,0.4535318911075592,1018.1024742126464,19.95557975769043
2024-04-10 13:36:23,0.0017365416279062,0.4267530441284179,29.0625,0.0005087681347504,0.5263220071792603,22.3359375,27.644317626953125,0.4535318911075592,1018.1024742126464,19.95557975769043
2024-04-10 13:36:24,0.0017365416279062,0.4267530441284179,29.0625,0.0005087681347504,0.5263220071792603,22.3359375,27.644317626953125,0.4535318911075592,1018.1024742126464,19.95557975769043
2024-04-10 13:36:25,0.0017365416279062,0.4267530441284179,29.0625,0.0005087681347504,0.5263220071792603,22.3359375,27.644317626953125,0.4535318911075592,1018.1024742126464,19.95557975769043
2024-04-10 13:36:26,0.0017365416279062,0.4267530441284179,29.0625,0.0005087681347504,0.5263220071792603,22.3359375,27.644317626953125,0.4535318911075592,1018.1024742126464,19.944656372070312
2024-04-10 13:36:27,0.0017365416279062,0.4267530441284179,29.0625,0.0005087681347504,0.5263220071792603,22.3359375,27.644317626953125,0.4524677097797394,1018.1024742126464,19.944656372070312
2024-04-10 13:36:28,0.0017365416279062,0.4267530441284179,29.0625,0.0005087681347504,0.5263220071792603,22.3359375,27.644317626953125,0.4524677097797394,1018.1024742126464,19.944656372070312
2024-04-10 13:36:29,0.0017365416279062,0.4267530441284179,29.0625,0.0005087681347504,0.5263220071792603,22.3359375,27.644317626953125,0.4524677097797394,1018.1024742126464,19.944656372070312
2024-04-10 13:36:30,0.0017365416279062,0.4267530441284179,29.0625,0.0005087681347504,0.5263220071792603,22.3359375,27.644317626953125,0.4524677097797394,1018.1024742126464,19.944656372070312
2024-04-10 13:36:31,0.0017365416279062,0.4267530441284179,29.0625,0.0005087681347504,0.5263220071792603,22.3359375,27.644317626953125,0.4524677097797394,1018.1024742126464,19.944656372070312
2024-04-10 13:36:32,0.0017365416279062,0.4267530441284179,29.0625,0.0005087681347504,0.5263220071792603,22.3359375,27.644317626953125,0.4524677097797394,1018.1198120117188,19.944656372070312
2024-04-10 13:36:33,0.0017365416279062,0.4267530441284179,29.0625,0.0005087681347504,0.5263220071792603,22.3359375,27.644317626953125,0.4524677097797394,1018.1198120117188,19.944656372070312
2024-04-10 13:36:34,0.0017365416279062,0.4267530441284179,29.0625,0.0005087681347504,0.5263220071792603,22.3359375,27.644317626953125,0.4524677097797394,1018.1198120117188,19.958126068115234
2024-04-10 13:36:35,0.0017365416279062,0.4267530441284179,29.0625,0.0005087681347504,0.5263220071792603,22.3359375,27.644317626953125,0.4524677097797394,1018.1198120117188,19.958126068115234
2024-04-10 13:36:36,0.0017365416279062,0.4267530441284179,29.0625,0.0005087681347504,0.5263220071792603,22.3359375,27.644317626953125,0.4524677097797394,1018.1198120117188,19.958126068115234
2024-04-10 13:36:37,0.0017365416279062,0.4267530441284179,29.0625,0.0005087681347504,0.5263220071792603,22.3359375,27.644317626953125,0.4524677097797394,1018.1198120117188,19.958126068115234
2024-04-10 13:36:38,0.0017365416279062,0.4267530441284179,29.0625,0.0005087681347504,0.5263220071792603,22.3359375,27.644317626953125,0.4524677097797394,1018.0887413024902,19.958126068115234
2024-04-10 13:36:39,0.0017365416279062,0.4267530441284179,29.0625,0.0005087681347504,0.5263220071792603,22.3359375,27.644317626953125,0.4524677097797394,1018.0887413024902,19.958126068115234
2024-04-10 13:36:40,0.0017365416279062,0.4267530441284179,29.0625,0.0005087681347504,0.5263220071792603,22.3359375,27.644317626953125,0.4524677097797394,1018.0887413024902,19.958126068115234
2024-04-10 13:36:41,0.0017365416279062,0.4267530441284179,29.0625,0.0005087681347504,0.5263220071792603,22.3359375,27.644317626953125,0.4524677097797394,1018.0887413024902,19.958126068115234
2024-04-10 13:36:42,0.0017365416279062,0.4267530441284179,29.0625,0.0005087681347504,0.5263220071792603,22.3359375,27.644317626953125,0.4524677097797394,1018.0887413024902,19.964786529541016
2024-04-10 13:36:43,0.0017365416279062,0.4267530441284179,29.0625,0.0005087681347504,0.5263220071792603,22.3359375,27.644317626953125,0.4524677097797394,1018.0887413024902,19.964786529541016
2024-04-10 13:36:44,0.0017365416279062,0.4267530441284179,29.0625,0.0005087681347504,0.5263220071792603,22.3359375,27.644317626953125,0.4524677097797394,1018.0887413024902,19.964786529541016
2024-04-10 13:36:45,0.0017365416279062,0.4267530441284179,29.0625,0.0005087681347504,0.5263220071792603,22.3359375,27.644317626953125,0.4524677097797394,1018.0887413024902,19.964786529541016
2024-04-10 13:36:46,0.0017365416279062,0.4267530441284179,29.0625,0.0005087681347504,0.5263220071792603,22.3359375,27.644317626953125,0.4524677097797394,1018.0887413024902,19.964786529541016
2024-04-10 13:36:47,0.0017365416279062,0.4267530441284179,29.0625,0.0005087681347504,0.5263220071792603,22.3359375,27.644317626953125,0.4524677097797394,1018.0887413024902,19.964786529541016
2024-04-10 13:36:48,0.0017365416279062,0.4267530441284179,29.0625,0.0005087681347504,0.5263220071792603,22.3359375,27.644317626953125,0.4524677097797394,1018.1117153167723,19.964786529541016
2024-04-10 13:36:49,0.0017365416279062,0.4267530441284179,29.0625,0.0005087681347504,0.5263220071792603,22.3359375,27.644317626953125,0.4524677097797394,1018.1117153167723,19.964786529541016
2024-04-10 13:36:50,0.0017365416279062,0.4267530441284179,29.0625,0.0005087681347504,0.5263220071792603,22.3359375,27.644317626953125,0.4524677097797394,1018.1117153167723,19.979211807250977
2024-04-10 13:36:51,0.0017365416279062,0.4267530441284179,29.0625,0.0005087681347504,0.5263220071792603,22.3359375,27.644317626953125,0.4524677097797394,1018.1117153167723,19.979211807250977
2024-04-10 13:36:52,0.0017365416279062,0.4267530441284179,29.0625,0.0005087681347504,0.5263220071792603,22.3359375,27.644317626953125,0.4524677097797394,1018.1117153167723,19.979211807250977
2024-04-10 13:36:53,0.0017365416279062,0.4267530441284179,29.0625,0.0005087681347504,0.5263220071792603,22.3359375,27.644317626953125,0.4524677097797394,1018.1117153167723,19.979211807250977
2024-04-10 13:36:54,0.0017365416279062,0.4267530441284179,29.0625,0.0005087681347504,0.5263220071792603,22.3359375,27.644317626953125,0.4524677097797394,1018.1117153167723,19.979211807250977
2024-04-10 13:36:55,0.0017365416279062,0.4267530441284179,29.0625,0.0005087681347504,0.5263220071792603,22.3359375,27.644317626953125,0.4524677097797394,1018.094892501831,19.979211807250977
2024-04-10 13:36:56,0.0017365416279062,0.4267530441284179,29.0625,0.0005087681347504,0.5263220071792603,22.3359375,27.644317626953125,0.4524677097797394,1018.094892501831,19.979211807250977
2024-04-10 13:36:57,0.0017365416279062,0.4267530441284179,29.0625,0.0005087681347504,0.5263220071792603,22.3359375,27.644317626953125,0.4524677097797394,1018.094892501831,19.979211807250977
2024-04-10 13:36:58,0.0017365416279062,0.4267530441284179,29.0625,0.0005087681347504,0.5263220071792603,22.3359375,27.644317626953125,0.4524677097797394,1018.094892501831,19.979211807250977
2024-04-10 13:36:59,0.0017365416279062,0.4267530441284179,29.0625,0.0005087681347504,0.5263220071792603,22.3359375,27.644317626953125,0.4524677097797394,1018.094892501831,19.980104446411133
2024-04-10 13:37:00,0.0017365416279062,0.4267530441284179,29.0625,0.0005087681347504,0.5263220071792603,22.3359375,27.644317626953125,0.4524677097797394,1018.094892501831,19.980104446411133
2024-04-10 13:37:01,0.0017365416279062,0.4267530441284179,29.0625,0.0005087681347504,0.5263220071792603,22.3359375,27.644317626953125,0.4524677097797394,1018.094892501831,19.980104446411133
2024-04-10 13:37:02,0.0017365416279062,0.4267530441284179,29.0625,0.0005087681347504,0.5263220071792603,22.3359375,27.644317626953125,0.4524677097797394,1018.0777835845948,19.980104446411133
2024-04-10 13:37:03,0.0017365416279062,0.4267530441284179,29.0625,0.0005087681347504,0.5263220071792603,22.3359375,27.644317626953125,0.4524677097797394,1018.0777835845948,19.980104446411133
2024-04-10 13:37:04,0.0017365416279062,0.4267530441284179,29.0625,0.0005087681347504,0.5263220071792603,22.3359375,27.644317626953125,0.4524677097797394,1018.0777835845948,19.980104446411133
2024-04-10 13:37:05,0.0017365416279062,0.4267530441284179,29.0625,0.0005087681347504,0.5263220071792603,22.3359375,27.644317626953125,0.4524677097797394,1018.0777835845948,19.980104446411133
2024-04-10 13:37:06,0.0017365416279062,0.4267530441284179,29.0625,0.0005087681347504,0.5263220071792603,22.3359375,27.644317626953125,0.4524677097797394,1018.0777835845948,19.980104446411133
2024-04-10 13:37:07,0.0017365416279062,0.4267530441284179,29.0625,0.0005087681347504,0.5263220071792603,22.3359375,27.644317626953125,0.4524677097797394,1018.0777835845948,19.998952865600582
2024-04-10 13:37:08,0.0017365416279062,0.4267530441284179,29.0625,0.0005087681347504,0.5263220071792603,22.3359375,27.644317626953125,0.4524677097797394,1018.0777835845948,19.998952865600582
2024-04-10 13:37:09,0.0017365416279062,0.4267530441284179,29.0625,0.0005087681347504,0.5263220071792603,22.3359375,27.644317626953125,0.4524677097797394,1018.0726909637452,19.998952865600582
2024-04-10 13:37:10,0.0017365416279062,0.4267530441284179,29.0625,0.0005087681347504,0.5263220071792603,22.3359375,27.644317626953125,0.4524677097797394,1018.0726909637452,19.998952865600582
2024-04-10 13:37:11,0.0017365416279062,0.4267530441284179,29.0625,0.0005087681347504,0.5263220071792603,22.3359375,27.644317626953125,0.4524677097797394,1018.0726909637452,19.998952865600582
2024-04-10 13:37:12,0.0017365416279062,0.4267530441284179,29.0625,0.0005087681347504,0.5263220071792603,22.3359375,27.644317626953125,0.4524677097797394,1018.0726909637452,19.998952865600582
2024-04-10 13:37:13,0.0017365416279062,0.4267530441284179,29.0625,0.0005087681347504,0.5263220071792603,22.3359375,27.644317626953125,0.4524677097797394,1018.0726909637452,19.998952865600582
2024-04-10 13:37:14,0.0017365416279062,0.4267530441284179,29.0625,0.0005087681347504,0.5263220071792603,22.3359375,27.644317626953125,0.4524677097797394,1018.0726909637452,19.998952865600582
2024-04-10 13:37:15,0.0017365416279062,0.4267530441284179,29.0625,0.0005087681347504,0.5263220071792603,22.3359375,27.765777587890625,0.4524677097797394,1018.0726909637452,20.00286674499512
2024-04-10 13:37:16,0.0017365416279062,0.4267530441284179,29.0625,0.0005087681347504,0.5263220071792603,22.3359375,27.765777587890625,0.4524677097797394,1018.0726909637452,20.00286674499512
2024-04-10 13:37:17,0.0017365416279062,0.4267530441284179,29.0625,0.0005087681347504,0.5263220071792603,22.3359375,27.765777587890625,0.4524677097797394,1018.0726909637452,20.00286674499512
2024-04-10 13:37:18,0.0017365416279062,0.4267530441284179,29.0625,0.0005087681347504,0.5263220071792603,22.3359375,27.765777587890625,0.4524677097797394,1018.0726909637452,20.00286674499512
2024-04-10 13:37:19,0.0017365416279062,0.4267530441284179,29.0625,0.0005087681347504,0.5263220071792603,22.3359375,27.765777587890625,0.4524677097797394,1018.1292533874512,20.00286674499512
2024-04-10 13:37:20,0.0017365416279062,0.4267530441284179,29.0625,0.0005087681347504,0.5263220071792603,22.3359375,27.765777587890625,0.4524677097797394,1018.1292533874512,20.00286674499512
2024-04-10 13:37:21,0.0017365416279062,0.4267530441284179,29.0625,0.0005087681347504,0.5263220071792603,22.3359375,27.765777587890625,0.4524677097797394,1018.1292533874512,20.00286674499512
2024-04-10 13:37:22,0.0017365416279062,0.4267530441284179,29.0625,0.0005087681347504,0.5263220071792603,22.3359375,27.765777587890625,0.4524677097797394,1018.1292533874512,20.00286674499512
2024-04-10 13:37:23,0.0017365416279062,0.4267530441284179,29.0625,0.0005087681347504,0.5263220071792603,22.3359375,27.765777587890625,0.4524677097797394,1018.1292533874512,20.01760673522949
2024-04-10 13:37:24,0.0017365416279062,0.4267530441284179,29.0625,0.0005087681347504,0.5263220071792603,22.3359375,27.765777587890625,0.4524677097797394,1018.1292533874512,20.01760673522949
2024-04-10 13:37:25,0.0017365416279062,0.4267530441284179,29.0625,0.0005087681347504,0.5263220071792603,22.3359375,27.765777587890625,0.4524677097797394,1018.1292533874512,20.01760673522949
2024-04-10 13:37:26,0.0017365416279062,0.4267530441284179,29.0625,0.0005087681347504,0.5263220071792603,22.3359375,27.765777587890625,0.4524677097797394,1018.1175518035888,20.01760673522949
2024-04-10 13:37:27,0.0017365416279062,0.4267530441284179,29.0625,0.0005087681347504,0.5263220071792603,22.3359375,27.765777587890625,0.4524677097797394,1018.1175518035888,20.01760673522949
2024-04-10 13:37:28,0.0017365416279062,0.4267530441284179,29.0625,0.0005087681347504,0.5263220071792603,22.3359375,27.765777587890625,0.4514082968235016,1018.1175518035888,20.01760673522949
2024-04-10 13:37:29,0.0017365416279062,0.4267530441284179,29.0625,0.0005087681347504,0.5263220071792603,22.3359375,27.765777587890625,0.4514082968235016,1018.1175518035888,20.01760673522949
2024-04-10 13:37:30,0.0017365416279062,0.4267530441284179,29.0625,0.0005087681347504,0.5263220071792603,22.3359375,27.765777587890625,0.4514082968235016,1018.1175518035888,20.01760673522949
2024-04-10 13:37:31,0.0017365416279062,0.4267530441284179,29.0625,0.0005087681347504,0.5263220071792603,22.3359375,27.765777587890625,0.4514082968235016,1018.1175518035888,20.02586936950684
2024-04-10 13:37:32,0.0017365416279062,0.4267530441284179,29.0625,0.0005087681347504,0.5263220071792603,22.3359375,27.765777587890625,0.4514082968235016,1018.1175518035888,20.02586936950684
2024-04-10 13:37:33,0.0017365416279062,0.4267530441284179,29.0625,0.0005087681347504,0.5263220071792603,22.3359375,27.765777587890625,0.4514082968235016,1018.1544589996338,20.02586936950684
2024-04-10 13:37:34,0.0017365416279062,0.4267530441284179,29.0625,0.0005087681347504,0.5263220071792603,22.3359375,27.765777587890625,0.4514082968235016,1018.1544589996338,20.02586936950684
2024-04-10 13:37:35,0.0017365416279062,0.4267530441284179,29.0625,0.0005087681347504,0.5263220071792603,22.3359375,27.765777587890625,0.4514082968235016,1018.1544589996338,20.02586936950684
2024-04-10 13:37:36,0.0017365416279062,0.4267530441284179,29.0625,0.0005087681347504,0.5263220071792603,22.3359375,27.765777587890625,0.4514082968235016,1018.1544589996338,20.02586936950684
2024-04-10 13:37:37,0.0017365416279062,0.4267530441284179,29.0625,0.0005087681347504,0.5263220071792603,22.3359375,27.765777587890625,0.4514082968235016,1018.1544589996338,20.02586936950684
2024-04-10 13:37:38,0.0017365416279062,0.4267530441284179,29.0625,0.0005087681347504,0.5263220071792603,22.3359375,27.765777587890625,0.4514082968235016,1018.1544589996338,20.03231811523437
2024-04-10 13:37:39,0.0017365416279062,0.4267530441284179,29.0625,0.0005087681347504,0.5263220071792603,22.3359375,27.765777587890625,0.4514082968235016,1018.1544589996338,20.03231811523437
2024-04-10 13:37:40,0.0017365416279062,0.4267530441284179,29.0625,0.0005087681347504,0.5263220071792603,22.3359375,27.765777587890625,0.4514082968235016,1018.1544589996338,20.03231811523437
2024-04-10 13:37:41,0.0017365416279062,0.4267530441284179,29.0625,0.0005087681347504,0.5263220071792603,22.3359375,27.765777587890625,0.4514082968235016,1018.1634712219238,20.03231811523437
2024-04-10 13:37:42,0.0017365416279062,0.4267530441284179,29.0625,0.0005087681347504,0.5263220071792603,22.3359375,27.765777587890625,0.4514082968235016,1018.1634712219238,20.03231811523437
2024-04-10 13:37:43,0.0017365416279062,0.4267530441284179,29.0625,0.0005087681347504,0.5263220071792603,22.3359375,27.765777587890625,0.4514082968235016,1018.1634712219238,20.03231811523437
2024-04-10 13:37:44,0.0017365416279062,0.4267530441284179,29.0625,0.0005087681347504,0.5263220071792603,22.3359375,27.765777587890625,0.4514082968235016,1018.1634712219238,20.03231811523437
2024-04-10 13:37:45,0.0017365416279062,0.4267530441284179,29.0625,0.0005087681347504,0.5263220071792603,22.3359375,27.765777587890625,0.4514082968235016,1018.1634712219238,20.03231811523437
2024-04-10 13:37:46,0.0017365416279062,0.4267530441284179,29.0625,0.0005087681347504,0.5263220071792603,22.3359375,27.765777587890625,0.4514082968235016,1018.1634712219238,20.03263282775879
2024-04-10 13:37:47,0.0017365416279062,0.4267530441284179,29.0625,0.0005087681347504,0.5263220071792603,22.3359375,27.765777587890625,0.4514082968235016,1018.1634712219238,20.03263282775879
2024-04-10 13:37:48,0.0017365416279062,0.4267530441284179,29.0625,0.0005087681347504,0.5263220071792603,22.3359375,27.765777587890625,0.4514082968235016,1018.1634712219238,20.03263282775879
2024-04-10 13:37:49,0.0017365416279062,0.4267530441284179,29.0625,0.0005087681347504,0.5263220071792603,22.3359375,27.765777587890625,0.4514082968235016,1018.1634712219238,20.03263282775879
2024-04-10 13:37:50,0.0017365416279062,0.4267530441284179,29.0625,0.0005087681347504,0.5263220071792603,22.3359375,27.765777587890625,0.4514082968235016,1018.1576347351074,20.03263282775879
2024-04-10 13:37:51,0.0017365416279062,0.4267530441284179,29.0625,0.0005087681347504,0.5263220071792603,22.3359375,27.765777587890625,0.4514082968235016,1018.1576347351074,20.03263282775879
2024-04-10 13:37:52,0.0017365416279062,0.4267530441284179,29.0625,0.0005087681347504,0.5263220071792603,22.3359375,27.765777587890625,0.4514082968235016,1018.1576347351074,20.03263282775879
2024-04-10 13:37:53,0.0017365416279062,0.4267530441284179,29.0625,0.0005087681347504,0.5263220071792603,22.3359375,27.765777587890625,0.4514082968235016,1018.1576347351074,20.03263282775879
2024-04-10 13:37:54,0.0017365416279062,0.4267530441284179,29.0625,0.0005087681347504,0.5263220071792603,22.3359375,27.765777587890625,0.4514082968235016,1018.1576347351074,20.04929542541504
2024-04-10 13:37:55,0.0017365416279062,0.4267530441284179,29.0625,0.0005087681347504,0.5263220071792603,22.3359375,27.765777587890625,0.4514082968235016,1018.1576347351074,20.04929542541504
2024-04-10 13:37:56,0.0017365416279062,0.4267530441284179,29.0625,0.0005087681347504,0.5263220071792603,22.3359375,27.765777587890625,0.4514082968235016,1018.1576347351074,20.04929542541504
2024-04-10 13:37:57,0.0017365416279062,0.4267530441284179,29.0625,0.0005087681347504,0.5263220071792603,22.3359375,27.765777587890625,0.4514082968235016,1018.1576347351074,20.04929542541504
2024-04-10 13:37:58,0.0017365416279062,0.4267530441284179,29.0625,0.0005087681347504,0.5263220071792603,22.3359375,27.765777587890625,0.4514082968235016,1018.1576347351074,20.04929542541504
2024-04-10 13:37:59,0.0017365416279062,0.4267530441284179,29.0625,0.0005087681347504,0.5263220071792603,22.3359375,27.765777587890625,0.4514082968235016,1018.1576347351074,20.04929542541504
2024-04-10 13:38:00,0.0017365416279062,0.4267530441284179,29.0625,0.0005087681347504,0.5263220071792603,22.3359375,27.765777587890625,0.4514082968235016,1018.1104278564452,20.04929542541504
2024-04-10 13:38:01,0.0017365416279062,0.4267530441284179,29.0625,0.0005087681347504,0.5263220071792603,22.3359375,27.765777587890625,0.4514082968235016,1018.1104278564452,20.059669494628903
2024-04-10 13:38:02,0.0017365416279062,0.4267530441284179,29.0625,0.0005087681347504,0.5263220071792603,22.3359375,27.765777587890625,0.4514082968235016,1018.1104278564452,20.059669494628903
2024-04-10 13:38:03,0.0017365416279062,0.4267530441284179,29.0625,0.0005087681347504,0.5263220071792603,22.3359375,27.765777587890625,0.4514082968235016,1018.1104278564452,20.059669494628903
2024-04-10 13:38:04,0.0017365416279062,0.4267530441284179,29.0625,0.0005087681347504,0.5263220071792603,22.3359375,27.765777587890625,0.4514082968235016,1018.1104278564452,20.059669494628903
2024-04-10 13:38:05,0.0017365416279062,0.4267530441284179,29.0625,0.0005087681347504,0.5263220071792603,22.3359375,27.765777587890625,0.4514082968235016,1018.1104278564452,20.059669494628903
2024-04-10 13:38:06,0.0017365416279062,0.4267530441284179,29.0625,0.0005087681347504,0.5263220071792603,22.3359375,27.765777587890625,0.4514082968235016,1018.1104278564452,20.059669494628903
2024-04-10 13:38:07,0.0017365416279062,0.4267530441284179,29.0625,0.0005087681347504,0.5263220071792603,22.3359375,27.765777587890625,0.4514082968235016,1018.122615814209,20.059669494628903
2024-04-10 13:38:08,0.0017365416279062,0.4267530441284179,29.0625,0.0005087681347504,0.5263220071792603,22.3359375,27.765777587890625,0.4514082968235016,1018.122615814209,20.059669494628903
2024-04-10 13:38:09,0.0017365416279062,0.4267530441284179,29.0625,0.0005087681347504,0.5263220071792603,22.3359375,27.765777587890625,0.4514082968235016,1018.122615814209,20.059669494628903
2024-04-10 13:38:10,0.0017365416279062,0.4267530441284179,29.0625,0.0005087681347504,0.5263220071792603,22.3359375,27.765777587890625,0.4514082968235016,1018.122615814209,20.073522567749023
2024-04-10 13:38:11,0.0017365416279062,0.4267530441284179,29.0625,0.0005087681347504,0.5263220071792603,22.3359375,27.765777587890625,0.4514082968235016,1018.122615814209,20.073522567749023
2024-04-10 13:38:12,0.0017365416279062,0.4267530441284179,29.0625,0.0005087681347504,0.5263220071792603,22.3359375,27.765777587890625,0.4514082968235016,1018.122615814209,20.073522567749023
2024-04-10 13:38:13,0.0017365416279062,0.4267530441284179,29.0625,0.0005087681347504,0.5263220071792603,22.3359375,27.765777587890625,0.4514082968235016,1018.122615814209,20.073522567749023
2024-04-10 13:38:14,0.0017365416279062,0.4267530441284179,29.0625,0.0005087681347504,0.5263220071792603,22.3359375,27.765777587890625,0.4514082968235016,1018.0818462371826,20.073522567749023
2024-04-10 13:38:15,0.0017365416279062,0.4267530441284179,29.0625,0.0005087681347504,0.5263220071792603,22.3359375,27.765777587890625,0.4514082968235016,1018.0818462371826,20.073522567749023
2024-04-10 13:38:16,0.0017365416279062,0.4267530441284179,29.0625,0.0005087681347504,0.5263220071792603,22.3359375,27.765533447265625,0.4514082968235016,1018.0818462371826,20.073522567749023
2024-04-10 13:38:17,0.0017365416279062,0.4267530441284179,29.0625,0.0005087681347504,0.5263220071792603,22.3359375,27.765533447265625,0.4514082968235016,1018.0818462371826,20.073522567749023
2024-04-10 13:38:18,0.0017365416279062,0.4267530441284179,29.0625,0.0005087681347504,0.5263220071792603,22.3359375,27.765533447265625,0.4514082968235016,1018.0818462371826,20.073522567749023
2024-04-10 13:38:19,0.0017365416279062,0.4267530441284179,29.0625,0.0005087681347504,0.5263220071792603,22.3359375,27.765533447265625,0.4514082968235016,1018.0818462371826,20.09297752380371
2024-04-10 13:38:20,0.0017365416279062,0.4267530441284179,29.0625,0.0005087681347504,0.5263220071792603,22.3359375,27.765533447265625,0.4514082968235016,1018.0818462371826,20.09297752380371
2024-04-10 13:38:21,0.0017365416279062,0.4267530441284179,29.0625,0.0005087681347504,0.5263220071792603,22.3359375,27.765533447265625,0.4514082968235016,1018.0818462371826,20.09297752380371
2024-04-10 13:38:22,0.0017365416279062,0.4267530441284179,29.0625,0.0005087681347504,0.5263220071792603,22.3359375,27.765533447265625,0.4514082968235016,1018.0858516693116,20.09297752380371
2024-04-10 13:38:23,0.0017365416279062,0.4267530441284179,29.0625,0.0005087681347504,0.5263220071792603,22.3359375,27.765533447265625,0.4514082968235016,1018.0858516693116,20.09297752380371
2024-04-10 13:38:24,0.0017365416279062,0.4267530441284179,29.0625,0.0005087681347504,0.5263220071792603,22.3359375,27.765533447265625,0.4514082968235016,1018.0858516693116,20.09297752380371
2024-04-10 13:38:25,0.0017365416279062,0.4267530441284179,29.0625,0.0005087681347504,0.5263220071792603,22.3359375,27.765533447265625,0.4514082968235016,1018.0858516693116,20.09297752380371
2024-04-10 13:38:26,0.0017365416279062,0.4267530441284179,29.0625,0.0005087681347504,0.5263220071792603,22.3359375,27.765533447265625,0.4514082968235016,1018.0858516693116,20.09297752380371
2024-04-10 13:38:27,0.0017365416279062,0.4267530441284179,29.0625,0.0005087681347504,0.5263220071792603,22.3359375,27.765533447265625,0.4532883465290069,1018.0858516693116,20.103757858276367
2024-04-10 13:38:28,0.0017365416279062,0.4267530441284179,29.0625,0.0005087681347504,0.5263220071792603,22.3359375,27.765533447265625,0.4532883465290069,1018.0858516693116,20.103757858276367
2024-04-10 13:38:29,0.0017365416279062,0.4267530441284179,29.0625,0.0005087681347504,0.5263220071792603,22.3359375,27.765533447265625,0.4532883465290069,1018.0858516693116,20.103757858276367
2024-04-10 13:38:30,0.0017365416279062,0.4267530441284179,29.0625,0.0005087681347504,0.5263220071792603,22.3359375,27.765533447265625,0.4532883465290069,1018.0858516693116,20.103757858276367
2024-04-10 13:38:31,0.0017365416279062,0.4267530441284179,29.0625,0.0005087681347504,0.5263220071792603,22.3359375,27.765533447265625,0.4532883465290069,1018.124361038208,20.103757858276367
2024-04-10 13:38:32,0.0017365416279062,0.4267530441284179,29.0625,0.0005087681347504,0.5263220071792603,22.3359375,27.765533447265625,0.4532883465290069,1018.124361038208,20.103757858276367
2024-04-10 13:38:33,0.0017365416279062,0.4267530441284179,29.0625,0.0005087681347504,0.5263220071792603,22.3359375,27.765533447265625,0.4532883465290069,1018.124361038208,20.103757858276367
2024-04-10 13:38:34,0.0017365416279062,0.4267530441284179,29.0625,0.0005087681347504,0.5263220071792603,22.3359375,27.765533447265625,0.4532883465290069,1018.124361038208,20.103757858276367
2024-04-10 13:38:35,0.0017365416279062,0.4267530441284179,29.0625,0.0005087681347504,0.5263220071792603,22.3359375,27.765533447265625,0.4532883465290069,1018.124361038208,20.119104385375977
2024-04-10 13:38:36,0.0017365416279062,0.4267530441284179,29.0625,0.0005087681347504,0.5263220071792603,22.3359375,27.765533447265625,0.4532883465290069,1018.124361038208,20.119104385375977
2024-04-10 13:38:37,0.0017365416279062,0.4267530441284179,29.0625,0.0005087681347504,0.5263220071792603,22.3359375,27.765533447265625,0.4532883465290069,1018.124361038208,20.119104385375977
2024-04-10 13:38:38,0.0017365416279062,0.4267530441284179,29.0625,0.0005087681347504,0.5263220071792603,22.3359375,27.765533447265625,0.4532883465290069,1018.106050491333,20.119104385375977
2024-04-10 13:38:39,0.0017365416279062,0.4267530441284179,29.0625,0.0005087681347504,0.5263220071792603,22.3359375,27.765533447265625,0.4532883465290069,1018.106050491333,20.119104385375977
2024-04-10 13:38:40,0.0017365416279062,0.4267530441284179,29.0625,0.0005087681347504,0.5263220071792603,22.3359375,27.765533447265625,0.4532883465290069,1018.106050491333,20.119104385375977
2024-04-10 13:38:41,0.0017365416279062,0.4267530441284179,29.0625,0.0005087681347504,0.5263220071792603,22.3359375,27.765533447265625,0.4532883465290069,1018.106050491333,20.119104385375977
2024-04-10 13:38:42,0.0017365416279062,0.4267530441284179,29.0625,0.0005087681347504,0.5263220071792603,22.3359375,27.765533447265625,0.4532883465290069,1018.106050491333,20.109600067138672
2024-04-10 13:38:43,0.0017365416279062,0.4267530441284179,29.0625,0.0005087681347504,0.5263220071792603,22.3359375,27.765533447265625,0.4532883465290069,1018.106050491333,20.109600067138672
2024-04-10 13:38:44,0.0017365416279062,0.4267530441284179,29.0625,0.0005087681347504,0.5263220071792603,22.3359375,27.765533447265625,0.4532883465290069,1018.106050491333,20.109600067138672
2024-04-10 13:38:45,0.0017365416279062,0.4267530441284179,29.0625,0.0005087681347504,0.5263220071792603,22.3359375,27.765533447265625,0.4532883465290069,1018.106050491333,20.109600067138672
2024-04-10 13:38:46,0.0017365416279062,0.4267530441284179,29.0625,0.0005087681347504,0.5263220071792603,22.3359375,27.765533447265625,0.4532883465290069,1018.106050491333,20.109600067138672
2024-04-10 13:38:47,0.0017365416279062,0.4267530441284179,29.0625,0.0005087681347504,0.5263220071792603,22.3359375,27.765533447265625,0.4532883465290069,1018.106050491333,20.109600067138672
2024-04-10 13:38:48,0.0017365416279062,0.4267530441284179,29.0625,0.0005087681347504,0.5263220071792603,22.3359375,27.765533447265625,0.4532883465290069,1018.1211566925048,20.109600067138672
2024-04-10 13:38:49,0.0017365416279062,0.4267530441284179,29.0625,0.0005087681347504,0.5263220071792603,22.3359375,27.765533447265625,0.4532883465290069,1018.1211566925048,20.14004135131836
2024-04-10 13:38:50,0.0017365416279062,0.4267530441284179,29.0625,0.0005087681347504,0.5263220071792603,22.3359375,27.765533447265625,0.4532883465290069,1018.1211566925048,20.14004135131836
2024-04-10 13:38:51,0.0017365416279062,0.4267530441284179,29.0625,0.0005087681347504,0.5263220071792603,22.3359375,27.765533447265625,0.4532883465290069,1018.1211566925048,20.14004135131836
2024-04-10 13:38:52,0.0017365416279062,0.4267530441284179,29.0625,0.0005087681347504,0.5263220071792603,22.3359375,27.765533447265625,0.4532883465290069,1018.1211566925048,20.14004135131836
2024-04-10 13:38:53,0.0017365416279062,0.4267530441284179,29.0625,0.0005087681347504,0.5263220071792603,22.3359375,27.765533447265625,0.4532883465290069,1018.1211566925048,20.14004135131836
2024-04-10 13:38:54,0.0017365416279062,0.4267530441284179,29.0625,0.0005087681347504,0.5263220071792603,22.3359375,27.765533447265625,0.4532883465290069,1018.1211566925048,20.14004135131836
2024-04-10 13:38:55,0.0017365416279062,0.4267530441284179,29.0625,0.0005087681347504,0.5263220071792603,22.3359375,27.765533447265625,0.4532883465290069,1018.1559753417968,20.14004135131836
2024-04-10 13:38:56,0.0017365416279062,0.4267530441284179,29.0625,0.0005087681347504,0.5263220071792603,22.3359375,27.765533447265625,0.4532883465290069,1018.1559753417968,20.14004135131836
2024-04-10 13:38:57,0.0017365416279062,0.4267530441284179,29.0625,0.0005087681347504,0.5263220071792603,22.3359375,27.765533447265625,0.4532883465290069,1018.1559753417968,20.14004135131836
2024-04-10 13:38:58,0.0017365416279062,0.4267530441284179,29.0625,0.0005087681347504,0.5263220071792603,22.3359375,27.765533447265625,0.4532883465290069,1018.1559753417968,20.135108947753903
2024-04-10 13:38:59,0.0017365416279062,0.4267530441284179,29.0625,0.0005087681347504,0.5263220071792603,22.3359375,27.765533447265625,0.4532883465290069,1018.1559753417968,20.135108947753903
2024-04-10 13:39:00,0.0017365416279062,0.4267530441284179,29.0625,0.0005087681347504,0.5263220071792603,22.3359375,27.765533447265625,0.4532883465290069,1018.1559753417968,20.135108947753903
2024-04-10 13:39:01,0.0017365416279062,0.4267530441284179,29.0625,0.0005087681347504,0.5263220071792603,22.3359375,27.765533447265625,0.4532883465290069,1018.1559753417968,20.135108947753903
2024-04-10 13:39:02,0.0017365416279062,0.4267530441284179,29.0625,0.0005087681347504,0.5263220071792603,22.3359375,27.765533447265625,0.4532883465290069,1018.0904006958008,20.135108947753903
2024-04-10 13:39:03,0.0017365416279062,0.4267530441284179,29.0625,0.0005087681347504,0.5263220071792603,22.3359375,27.765533447265625,0.4532883465290069,1018.0904006958008,20.135108947753903
2024-04-10 13:39:04,0.0017365416279062,0.4267530441284179,29.0625,0.0005087681347504,0.5263220071792603,22.3359375,27.765533447265625,0.4532883465290069,1018.0904006958008,20.135108947753903
2024-04-10 13:39:05,0.0017365416279062,0.4267530441284179,29.0625,0.0005087681347504,0.5263220071792603,22.3359375,27.765533447265625,0.4532883465290069,1018.0904006958008,20.1490421295166
2024-04-10 13:39:06,0.0017365416279062,0.4267530441284179,29.0625,0.0005087681347504,0.5263220071792603,22.3359375,27.765533447265625,0.4532883465290069,1018.0904006958008,20.1490421295166
2024-04-10 13:39:07,0.0017365416279062,0.4267530441284179,29.0625,0.0005087681347504,0.5263220071792603,22.3359375,27.765533447265625,0.4532883465290069,1018.0904006958008,20.1490421295166
2024-04-10 13:39:08,0.0017365416279062,0.4267530441284179,29.0625,0.0005087681347504,0.5263220071792603,22.3359375,27.765533447265625,0.4532883465290069,1018.0904006958008,20.1490421295166
2024-04-10 13:39:09,0.0017365416279062,0.4267530441284179,29.0625,0.0005087681347504,0.5263220071792603,22.3359375,27.765533447265625,0.4532883465290069,1018.0904006958008,20.1490421295166
2024-04-10 13:39:10,0.0017365416279062,0.4267530441284179,29.0625,0.0005087681347504,0.5263220071792603,22.3359375,27.765533447265625,0.4532883465290069,1018.0904006958008,20.1490421295166
2024-04-10 13:39:11,0.0017365416279062,0.4267530441284179,29.0625,0.0005087681347504,0.5263220071792603,22.3359375,27.765533447265625,0.4532883465290069,1018.0904006958008,20.1490421295166
2024-04-10 13:39:12,0.0017365416279062,0.4267530441284179,29.0625,0.0005087681347504,0.5263220071792603,22.3359375,27.765533447265625,0.4532883465290069,1018.1293678283693,20.1490421295166
2024-04-10 13:39:13,0.0017365416279062,0.4267530441284179,29.0625,0.0005087681347504,0.5263220071792603,22.3359375,27.765533447265625,0.4532883465290069,1018.1293678283693,20.1490421295166
2024-04-10 13:39:14,0.0017365416279062,0.4267530441284179,29.0625,0.0005087681347504,0.5263220071792603,22.3359375,27.765533447265625,0.4532883465290069,1018.1293678283693,20.1490421295166
2024-04-10 13:39:15,0.0017365416279062,0.4267530441284179,29.0625,0.0005087681347504,0.5263220071792603,22.3359375,27.765533447265625,0.4532883465290069,1018.1293678283693,20.1490421295166
2024-04-10 13:39:16,0.0017365416279062,0.4267530441284179,29.0625,0.0005087681347504,0.5263220071792603,22.3359375,27.765533447265625,0.4532883465290069,1018.1293678283693,20.154935836791992
2024-04-10 13:39:17,0.0017365416279062,0.4267530441284179,29.0625,0.0005087681347504,0.5263220071792603,22.3359375,27.765533447265625,0.4532883465290069,1018.1293678283693,20.154935836791992
2024-04-10 13:39:18,0.0017365416279062,0.4267530441284179,29.0625,0.0005087681347504,0.5263220071792603,22.3359375,27.46420288085937,0.4532883465290069,1018.1293678283693,20.154935836791992
2024-04-10 13:39:19,0.0017365416279062,0.4267530441284179,29.0625,0.0005087681347504,0.5263220071792603,22.3359375,27.46420288085937,0.4532883465290069,1018.1623840332032,20.154935836791992
2024-04-10 13:39:20,0.0017365416279062,0.4267530441284179,29.0625,0.0005087681347504,0.5263220071792603,22.3359375,27.46420288085937,0.4532883465290069,1018.1623840332032,20.154935836791992
2024-04-10 13:39:21,0.0017365416279062,0.4267530441284179,29.0625,0.0005087681347504,0.5263220071792603,22.3359375,27.46420288085937,0.4532883465290069,1018.1623840332032,20.154935836791992
2024-04-10 13:39:22,0.0017365416279062,0.4267530441284179,29.0625,0.0005087681347504,0.5263220071792603,22.3359375,27.46420288085937,0.4532883465290069,1018.1623840332032,20.155948638916016
2024-04-10 13:39:23,0.0017365416279062,0.4267530441284179,29.0625,0.0005087681347504,0.5263220071792603,22.3359375,27.46420288085937,0.4532883465290069,1018.1623840332032,20.155948638916016
2024-04-10 13:39:24,0.0017365416279062,0.4267530441284179,29.0625,0.0005087681347504,0.5263220071792603,22.3359375,27.46420288085937,0.4532883465290069,1018.1623840332032,20.155948638916016
2024-04-10 13:39:25,0.0017365416279062,0.4267530441284179,29.0625,0.0005087681347504,0.5263220071792603,22.3359375,27.46420288085937,0.4532883465290069,1018.1623840332032,20.155948638916016
2024-04-10 13:39:26,0.0017365416279062,0.4267530441284179,29.0625,0.0005087681347504,0.5263220071792603,22.3359375,27.46420288085937,0.4532883465290069,1018.116865158081,20.155948638916016
2024-04-10 13:39:27,0.0017365416279062,0.4267530441284179,29.0625,0.0005087681347504,0.5263220071792603,22.3359375,27.46420288085937,0.4532883465290069,1018.116865158081,20.155948638916016
2024-04-10 13:39:28,0.0017365416279062,0.4267530441284179,29.0625,0.0005087681347504,0.5263220071792603,22.3359375,27.46420288085937,0.4532883465290069,1018.116865158081,20.155948638916016
2024-04-10 13:39:29,0.0017365416279062,0.4267530441284179,29.0625,0.0005087681347504,0.5263220071792603,22.3359375,27.46420288085937,0.4522185027599334,1018.116865158081,20.155948638916016
2024-04-10 13:39:30,0.0017365416279062,0.4267530441284179,29.0625,0.0005087681347504,0.5263220071792603,22.3359375,27.46420288085937,0.4522185027599334,1018.116865158081,20.163061141967773
2024-04-10 13:39:31,0.0017365416279062,0.4267530441284179,29.0625,0.0005087681347504,0.5263220071792603,22.3359375,27.46420288085937,0.4522185027599334,1018.116865158081,20.163061141967773
2024-04-10 13:39:32,0.0017365416279062,0.4267530441284179,29.0625,0.0005087681347504,0.5263220071792603,22.3359375,27.46420288085937,0.4522185027599334,1018.116865158081,20.163061141967773
2024-04-10 13:39:33,0.0017365416279062,0.4267530441284179,29.0625,0.0005087681347504,0.5263220071792603,22.3359375,27.46420288085937,0.4522185027599334,1018.116865158081,20.163061141967773
2024-04-10 13:39:34,0.0017365416279062,0.4267530441284179,29.0625,0.0005087681347504,0.5263220071792603,22.3359375,27.46420288085937,0.4522185027599334,1018.1703090667723,20.163061141967773
2024-04-10 13:39:35,0.0017365416279062,0.4267530441284179,29.0625,0.0005087681347504,0.5263220071792603,22.3359375,27.46420288085937,0.4522185027599334,1018.1703090667723,20.163061141967773
2024-04-10 13:39:36,0.0017365416279062,0.4267530441284179,29.0625,0.0005087681347504,0.5263220071792603,22.3359375,27.46420288085937,0.4522185027599334,1018.1703090667723,20.163061141967773
2024-04-10 13:39:37,0.0017365416279062,0.4267530441284179,29.0625,0.0005087681347504,0.5263220071792603,22.3359375,27.46420288085937,0.4522185027599334,1018.1703090667723,20.163061141967773
2024-04-10 13:39:38,0.0017365416279062,0.4267530441284179,29.0625,0.0005087681347504,0.5263220071792603,22.3359375,27.46420288085937,0.4522185027599334,1018.1703090667723,20.163061141967773
2024-04-10 13:39:39,0.0017365416279062,0.4267530441284179,29.0625,0.0005087681347504,0.5263220071792603,22.3359375,27.46420288085937,0.4522185027599334,1018.1703090667723,20.1874942779541
2024-04-10 13:39:40,0.0017365416279062,0.4267530441284179,29.0625,0.0005087681347504,0.5263220071792603,22.3359375,27.46420288085937,0.4522185027599334,1018.1703090667723,20.1874942779541
2024-04-10 13:39:41,0.0017365416279062,0.4267530441284179,29.0625,0.0005087681347504,0.5263220071792603,22.3359375,27.46420288085937,0.4522185027599334,1018.1703090667723,20.1874942779541
2024-04-10 13:39:42,0.0017365416279062,0.4267530441284179,29.0625,0.0005087681347504,0.5263220071792603,22.3359375,27.46420288085937,0.4522185027599334,1018.1703090667723,20.1874942779541
2024-04-10 13:39:43,0.0017365416279062,0.4267530441284179,29.0625,0.0005087681347504,0.5263220071792603,22.3359375,27.46420288085937,0.4522185027599334,1018.1047344207764,20.1874942779541
2024-04-10 13:39:44,0.0017365416279062,0.4267530441284179,29.0625,0.0005087681347504,0.5263220071792603,22.3359375,27.46420288085937,0.4522185027599334,1018.1047344207764,20.1874942779541
2024-04-10 13:39:45,0.0017365416279062,0.4267530441284179,29.0625,0.0005087681347504,0.5263220071792603,22.3359375,27.46420288085937,0.4522185027599334,1018.1047344207764,20.1874942779541
2024-04-10 13:39:46,0.0017365416279062,0.4267530441284179,29.0625,0.0005087681347504,0.5263220071792603,22.3359375,27.46420288085937,0.4522185027599334,1018.1047344207764,20.18416976928711
2024-04-10 13:39:47,0.0017365416279062,0.4267530441284179,29.0625,0.0005087681347504,0.5263220071792603,22.3359375,27.46420288085937,0.4522185027599334,1018.1047344207764,20.18416976928711
2024-04-10 13:39:48,0.0017365416279062,0.4267530441284179,29.0625,0.0005087681347504,0.5263220071792603,22.3359375,27.46420288085937,0.4522185027599334,1018.1047344207764,20.18416976928711
2024-04-10 13:39:49,0.0017365416279062,0.4267530441284179,29.0625,0.0005087681347504,0.5263220071792603,22.3359375,27.46420288085937,0.4522185027599334,1018.1073665618896,20.18416976928711
2024-04-10 13:39:50,0.0017365416279062,0.4267530441284179,29.0625,0.0005087681347504,0.5263220071792603,22.3359375,27.46420288085937,0.4522185027599334,1018.1073665618896,20.18416976928711
2024-04-10 13:39:51,0.0017365416279062,0.4267530441284179,29.0625,0.0005087681347504,0.5263220071792603,22.3359375,27.46420288085937,0.4522185027599334,1018.1073665618896,20.18416976928711
2024-04-10 13:39:52,0.0017365416279062,0.4267530441284179,29.0625,0.0005087681347504,0.5263220071792603,22.3359375,27.46420288085937,0.4522185027599334,1018.1073665618896,20.18416976928711
2024-04-10 13:39:53,0.0017365416279062,0.4267530441284179,29.0625,0.0005087681347504,0.5263220071792603,22.3359375,27.46420288085937,0.4522185027599334,1018.1073665618896,20.18416976928711
2024-04-10 13:39:54,0.0017365416279062,0.4267530441284179,29.0625,0.0005087681347504,0.5263220071792603,22.3359375,27.46420288085937,0.4522185027599334,1018.1073665618896,20.20146751403809
2024-04-10 13:39:55,0.0017365416279062,0.4267530441284179,29.0625,0.0005087681347504,0.5263220071792603,22.3359375,27.46420288085937,0.4522185027599334,1018.1073665618896,20.20146751403809
2024-04-10 13:39:56,0.0017365416279062,0.4267530441284179,29.0625,0.0005087681347504,0.5263220071792603,22.3359375,27.46420288085937,0.4522185027599334,1018.1073665618896,20.20146751403809
2024-04-10 13:39:57,0.0017365416279062,0.4267530441284179,29.0625,0.0005087681347504,0.5263220071792603,22.3359375,27.46420288085937,0.4522185027599334,1018.1073665618896,20.20146751403809
2024-04-10 13:39:58,0.0017365416279062,0.4267530441284179,29.0625,0.0005087681347504,0.5263220071792603,22.3359375,27.46420288085937,0.4522185027599334,1018.1073665618896,20.20146751403809
2024-04-10 13:39:59,0.0017365416279062,0.4267530441284179,29.0625,0.0005087681347504,0.5263220071792603,22.3359375,27.46420288085937,0.4522185027599334,1018.1111431121826,20.20146751403809
2024-04-10 13:40:00,0.0017365416279062,0.4267530441284179,29.0625,0.0005087681347504,0.5263220071792603,22.3359375,27.46420288085937,0.4522185027599334,1018.1111431121826,20.20146751403809
2024-04-10 13:40:01,0.0017365416279062,0.4267530441284179,29.0625,0.0005087681347504,0.5263220071792603,22.3359375,27.46420288085937,0.4522185027599334,1018.1111431121826,20.20146751403809
2024-04-10 13:40:02,0.0017365416279062,0.4267530441284179,29.0625,0.0005087681347504,0.5263220071792603,22.3359375,27.46420288085937,0.4522185027599334,1018.1111431121826,20.20146751403809
2024-04-10 13:40:03,0.0017365416279062,0.4267530441284179,29.0625,0.0005087681347504,0.5263220071792603,22.3359375,27.46420288085937,0.4522185027599334,1018.1111431121826,20.21776962280273
2024-04-10 13:40:04,0.0017365416279062,0.4267530441284179,29.0625,0.0005087681347504,0.5263220071792603,22.3359375,27.46420288085937,0.4522185027599334,1018.1111431121826,20.21776962280273
2024-04-10 13:40:05,0.0017365416279062,0.4267530441284179,29.0625,0.0005087681347504,0.5263220071792603,22.3359375,27.46420288085937,0.4522185027599334,1018.1111431121826,20.21776962280273
2024-04-10 13:40:06,0.0017365416279062,0.4267530441284179,29.0625,0.0005087681347504,0.5263220071792603,22.3359375,27.46420288085937,0.4522185027599334,1018.1111431121826,20.21776962280273
2024-04-10 13:40:07,0.0017365416279062,0.4267530441284179,29.0625,0.0005087681347504,0.5263220071792603,22.3359375,27.46420288085937,0.4522185027599334,1018.1167221069336,20.21776962280273
2024-04-10 13:40:08,0.0017365416279062,0.4267530441284179,29.0625,0.0005087681347504,0.5263220071792603,22.3359375,27.46420288085937,0.4522185027599334,1018.1167221069336,20.21776962280273
2024-04-10 13:40:09,0.0017365416279062,0.4267530441284179,29.0625,0.0005087681347504,0.5263220071792603,22.3359375,27.46420288085937,0.4522185027599334,1018.1167221069336,20.21478843688965
2024-04-10 13:40:10,0.0017365416279062,0.4267530441284179,29.0625,0.0005087681347504,0.5263220071792603,22.3359375,27.46420288085937,0.4522185027599334,1018.1167221069336,20.21478843688965
2024-04-10 13:40:11,0.0017365416279062,0.4267530441284179,29.0625,0.0005087681347504,0.5263220071792603,22.3359375,27.46420288085937,0.4522185027599334,1018.1167221069336,20.21478843688965
2024-04-10 13:40:12,0.0017365416279062,0.4267530441284179,29.0625,0.0005087681347504,0.5263220071792603,22.3359375,27.46420288085937,0.4522185027599334,1018.1167221069336,20.21478843688965
2024-04-10 13:40:13,0.0017365416279062,0.4267530441284179,29.0625,0.0005087681347504,0.5263220071792603,22.3359375,27.46420288085937,0.4522185027599334,1018.1224727630616,20.21478843688965
2024-04-10 13:40:14,0.0017365416279062,0.4267530441284179,29.0625,0.0005087681347504,0.5263220071792603,22.3359375,27.46420288085937,0.4522185027599334,1018.1224727630616,20.21478843688965
2024-04-10 13:40:15,0.0017365416279062,0.4267530441284179,29.0625,0.0005087681347504,0.5263220071792603,22.3359375,27.46420288085937,0.4522185027599334,1018.1224727630616,20.21478843688965
2024-04-10 13:40:16,0.0017365416279062,0.4267530441284179,29.0625,0.0005087681347504,0.5263220071792603,22.3359375,27.46420288085937,0.4522185027599334,1018.1224727630616,20.21478843688965
2024-04-10 13:40:17,0.0017365416279062,0.4267530441284179,29.0625,0.0005087681347504,0.5263220071792603,22.3359375,27.46420288085937,0.4522185027599334,1018.1224727630616,20.21478843688965
2024-04-10 13:40:18,0.0017365416279062,0.4267530441284179,29.0625,0.0005087681347504,0.5263220071792603,22.3359375,27.46420288085937,0.4522185027599334,1018.1224727630616,20.21478843688965
2024-04-10 13:40:19,0.0017365416279062,0.4267530441284179,29.0625,0.0005087681347504,0.5263220071792603,22.3359375,27.10888671875,0.4522185027599334,1018.1224727630616,20.21478843688965
2024-04-10 13:40:20,0.0017365416279062,0.4267530441284179,29.0625,0.0005087681347504,0.5263220071792603,22.3359375,27.10888671875,0.4522185027599334,1018.1224727630616,20.23321914672852
2024-04-10 13:40:21,0.0017365416279062,0.4267530441284179,29.0625,0.0005087681347504,0.5263220071792603,22.3359375,27.10888671875,0.4522185027599334,1018.1224727630616,20.23321914672852
2024-04-10 13:40:22,0.0017365416279062,0.4267530441284179,29.0625,0.0005087681347504,0.5263220071792603,22.3359375,27.10888671875,0.4522185027599334,1018.1224727630616,20.23321914672852
2024-04-10 13:40:23,0.0017365416279062,0.4267530441284179,29.0625,0.0005087681347504,0.5263220071792603,22.3359375,27.10888671875,0.4522185027599334,1018.112859725952,20.23321914672852
2024-04-10 13:40:24,0.0017365416279062,0.4267530441284179,29.0625,0.0005087681347504,0.5263220071792603,22.3359375,27.10888671875,0.4522185027599334,1018.112859725952,20.23321914672852
2024-04-10 13:40:25,0.0017365416279062,0.4267530441284179,29.0625,0.0005087681347504,0.5263220071792603,22.3359375,27.10888671875,0.4522185027599334,1018.112859725952,20.23321914672852
2024-04-10 13:40:26,0.0017365416279062,0.4267530441284179,29.0625,0.0005087681347504,0.5263220071792603,22.3359375,27.10888671875,0.4522185027599334,1018.112859725952,20.23321914672852
2024-04-10 13:40:27,0.0017365416279062,0.4267530441284179,29.0625,0.0005087681347504,0.5263220071792603,22.3359375,27.10888671875,0.4522185027599334,1018.112859725952,20.233814239501957
2024-04-10 13:40:28,0.0017365416279062,0.4267530441284179,29.0625,0.0005087681347504,0.5263220071792603,22.3359375,27.10888671875,0.4531117677688598,1018.112859725952,20.233814239501957
2024-04-10 13:40:29,0.0017365416279062,0.4267530441284179,29.0625,0.0005087681347504,0.5263220071792603,22.3359375,27.10888671875,0.4531117677688598,1018.112859725952,20.233814239501957
2024-04-10 13:40:30,0.0017365416279062,0.4267530441284179,29.0625,0.0005087681347504,0.5263220071792603,22.3359375,27.10888671875,0.4531117677688598,1018.1130313873292,20.233814239501957
2024-04-10 13:40:31,0.0017365416279062,0.4267530441284179,29.0625,0.0005087681347504,0.5263220071792603,22.3359375,27.10888671875,0.4531117677688598,1018.1130313873292,20.233814239501957
2024-04-10 13:40:32,0.0017365416279062,0.4267530441284179,29.0625,0.0005087681347504,0.5263220071792603,22.3359375,27.10888671875,0.4531117677688598,1018.1130313873292,20.233814239501957
2024-04-10 13:40:33,0.0017365416279062,0.4267530441284179,29.0625,0.0005087681347504,0.5263220071792603,22.3359375,27.10888671875,0.4531117677688598,1018.1130313873292,20.233814239501957
2024-04-10 13:40:34,0.0017365416279062,0.4267530441284179,29.0625,0.0005087681347504,0.5263220071792603,22.3359375,27.10888671875,0.4531117677688598,1018.1130313873292,20.22496223449707
2024-04-10 13:40:35,0.0017365416279062,0.4267530441284179,29.0625,0.0005087681347504,0.5263220071792603,22.3359375,27.10888671875,0.4531117677688598,1018.1130313873292,20.22496223449707
2024-04-10 13:40:36,0.0017365416279062,0.4267530441284179,29.0625,0.0005087681347504,0.5263220071792603,22.3359375,27.10888671875,0.4531117677688598,1018.1130313873292,20.22496223449707
2024-04-10 13:40:37,0.0017365416279062,0.4267530441284179,29.0625,0.0005087681347504,0.5263220071792603,22.3359375,27.10888671875,0.4531117677688598,1018.1387233734132,20.22496223449707
2024-04-10 13:40:38,0.0017365416279062,0.4267530441284179,29.0625,0.0005087681347504,0.5263220071792603,22.3359375,27.10888671875,0.4531117677688598,1018.1387233734132,20.22496223449707
2024-04-10 13:40:39,0.0017365416279062,0.4267530441284179,29.0625,0.0005087681347504,0.5263220071792603,22.3359375,27.10888671875,0.4531117677688598,1018.1387233734132,20.22496223449707
2024-04-10 13:40:40,0.0017365416279062,0.4267530441284179,29.0625,0.0005087681347504,0.5263220071792603,22.3359375,27.10888671875,0.4531117677688598,1018.1387233734132,20.22496223449707
2024-04-10 13:40:41,0.0017365416279062,0.4267530441284179,29.0625,0.0005087681347504,0.5263220071792603,22.3359375,27.10888671875,0.4531117677688598,1018.1387233734132,20.22496223449707
2024-04-10 13:40:42,0.0017365416279062,0.4267530441284179,29.0625,0.0005087681347504,0.5263220071792603,22.3359375,27.10888671875,0.4531117677688598,1018.1387233734132,20.245859146118164
2024-04-10 13:40:43,0.0017365416279062,0.4267530441284179,29.0625,0.0005087681347504,0.5263220071792603,22.3359375,27.10888671875,0.4531117677688598,1018.1387233734132,20.245859146118164
2024-04-10 13:40:44,0.0017365416279062,0.4267530441284179,29.0625,0.0005087681347504,0.5263220071792603,22.3359375,27.10888671875,0.4531117677688598,1018.1387233734132,20.245859146118164
2024-04-10 13:40:45,0.0017365416279062,0.4267530441284179,29.0625,0.0005087681347504,0.5263220071792603,22.3359375,27.10888671875,0.4531117677688598,1018.1387233734132,20.245859146118164
2024-04-10 13:40:46,0.0017365416279062,0.4267530441284179,29.0625,0.0005087681347504,0.5263220071792603,22.3359375,27.10888671875,0.4531117677688598,1018.092803955078,20.245859146118164
2024-04-10 13:40:47,0.0017365416279062,0.4267530441284179,29.0625,0.0005087681347504,0.5263220071792603,22.3359375,27.10888671875,0.4531117677688598,1018.092803955078,20.245859146118164
2024-04-10 13:40:48,0.0017365416279062,0.4267530441284179,29.0625,0.0005087681347504,0.5263220071792603,22.3359375,27.10888671875,0.4531117677688598,1018.092803955078,20.245859146118164
2024-04-10 13:40:49,0.0017365416279062,0.4267530441284179,29.0625,0.0005087681347504,0.5263220071792603,22.3359375,27.10888671875,0.4531117677688598,1018.092803955078,20.245859146118164
2024-04-10 13:40:50,0.0017365416279062,0.4267530441284179,29.0625,0.0005087681347504,0.5263220071792603,22.3359375,27.10888671875,0.4531117677688598,1018.092803955078,20.243764877319336
2024-04-10 13:40:51,0.0017365416279062,0.4267530441284179,29.0625,0.0005087681347504,0.5263220071792603,22.3359375,27.10888671875,0.4531117677688598,1018.092803955078,20.243764877319336
2024-04-10 13:40:52,0.0017365416279062,0.4267530441284179,29.0625,0.0005087681347504,0.5263220071792603,22.3359375,27.10888671875,0.4531117677688598,1018.092803955078,20.243764877319336
2024-04-10 13:40:53,0.0017365416279062,0.4267530441284179,29.0625,0.0005087681347504,0.5263220071792603,22.3359375,27.10888671875,0.4531117677688598,1018.092803955078,20.243764877319336
2024-04-10 13:40:54,0.0017365416279062,0.4267530441284179,29.0625,0.0005087681347504,0.5263220071792603,22.3359375,27.10888671875,0.4531117677688598,1018.0904006958008,20.243764877319336
2024-04-10 13:40:55,0.0017365416279062,0.4267530441284179,29.0625,0.0005087681347504,0.5263220071792603,22.3359375,27.10888671875,0.4531117677688598,1018.0904006958008,20.243764877319336
2024-04-10 13:40:56,0.0017365416279062,0.4267530441284179,29.0625,0.0005087681347504,0.5263220071792603,22.3359375,27.10888671875,0.4531117677688598,1018.0904006958008,20.243764877319336
2024-04-10 13:40:57,0.0017365416279062,0.4267530441284179,29.0625,0.0005087681347504,0.5263220071792603,22.3359375,27.10888671875,0.4531117677688598,1018.0904006958008,20.243764877319336
2024-04-10 13:40:58,0.0017365416279062,0.4267530441284179,29.0625,0.0005087681347504,0.5263220071792603,22.3359375,27.10888671875,0.4531117677688598,1018.0904006958008,20.24540138244629
2024-04-10 13:40:59,0.0017365416279062,0.4267530441284179,29.0625,0.0005087681347504,0.5263220071792603,22.3359375,27.10888671875,0.4531117677688598,1018.0904006958008,20.24540138244629
2024-04-10 13:41:00,0.0017365416279062,0.4267530441284179,29.0625,0.0005087681347504,0.5263220071792603,22.3359375,27.10888671875,0.4531117677688598,1018.0904006958008,20.24540138244629
2024-04-10 13:41:01,0.0017365416279062,0.4267530441284179,29.0625,0.0005087681347504,0.5263220071792603,22.3359375,27.10888671875,0.4531117677688598,1018.0904006958008,20.24540138244629
2024-04-10 13:41:02,0.0017365416279062,0.4267530441284179,29.0625,0.0005087681347504,0.5263220071792603,22.3359375,27.10888671875,0.4531117677688598,1018.0904006958008,20.24540138244629
2024-04-10 13:41:03,0.0017365416279062,0.4267530441284179,29.0625,0.0005087681347504,0.5263220071792603,22.3359375,27.10888671875,0.4531117677688598,1018.0904006958008,20.24540138244629
2024-04-10 13:41:04,0.0017365416279062,0.4267530441284179,29.0625,0.0005087681347504,0.5263220071792603,22.3359375,27.10888671875,0.4531117677688598,1018.1071376800536,20.24540138244629
2024-04-10 13:41:05,0.0017365416279062,0.4267530441284179,29.0625,0.0005087681347504,0.5263220071792603,22.3359375,27.10888671875,0.4531117677688598,1018.1071376800536,20.24540138244629
2024-04-10 13:41:06,0.0017365416279062,0.4267530441284179,29.0625,0.0005087681347504,0.5263220071792603,22.3359375,27.10888671875,0.4531117677688598,1018.1071376800536,20.23688697814941
2024-04-10 13:41:07,0.0017365416279062,0.4267530441284179,29.0625,0.0005087681347504,0.5263220071792603,22.3359375,27.10888671875,0.4531117677688598,1018.1071376800536,20.23688697814941
2024-04-10 13:41:08,0.0017365416279062,0.4267530441284179,29.0625,0.0005087681347504,0.5263220071792603,22.3359375,27.10888671875,0.4531117677688598,1018.1071376800536,20.23688697814941
2024-04-10 13:41:09,0.0017365416279062,0.4267530441284179,29.0625,0.0005087681347504,0.5263220071792603,22.3359375,27.10888671875,0.4531117677688598,1018.1071376800536,20.23688697814941
2024-04-10 13:41:10,0.0017365416279062,0.4267530441284179,29.0625,0.0005087681347504,0.5263220071792603,22.3359375,27.10888671875,0.4531117677688598,1018.1071376800536,20.23688697814941
2024-04-10 13:41:11,0.0017365416279062,0.4267530441284179,29.0625,0.0005087681347504,0.5263220071792603,22.3359375,27.10888671875,0.4531117677688598,1018.100414276123,20.23688697814941
2024-04-10 13:41:12,0.0017365416279062,0.4267530441284179,29.0625,0.0005087681347504,0.5263220071792603,22.3359375,27.10888671875,0.4531117677688598,1018.100414276123,20.23688697814941
2024-04-10 13:41:13,0.0017365416279062,0.4267530441284179,29.0625,0.0005087681347504,0.5263220071792603,22.3359375,27.10888671875,0.4531117677688598,1018.100414276123,20.23688697814941
2024-04-10 13:41:14,0.0017365416279062,0.4267530441284179,29.0625,0.0005087681347504,0.5263220071792603,22.3359375,27.10888671875,0.4531117677688598,1018.100414276123,20.23688697814941
2024-04-10 13:41:15,0.0017365416279062,0.4267530441284179,29.0625,0.0005087681347504,0.5263220071792603,22.3359375,27.326629638671875,0.4531117677688598,1018.100414276123,20.235519409179688
2024-04-10 13:41:16,0.0017365416279062,0.4267530441284179,29.0625,0.0005087681347504,0.5263220071792603,22.3359375,27.326629638671875,0.4531117677688598,1018.100414276123,20.235519409179688
2024-04-10 13:41:17,0.0017365416279062,0.4267530441284179,29.0625,0.0005087681347504,0.5263220071792603,22.3359375,27.326629638671875,0.4531117677688598,1018.100414276123,20.235519409179688
2024-04-10 13:41:18,0.0017365416279062,0.4267530441284179,29.0625,0.0005087681347504,0.5263220071792603,22.3359375,27.326629638671875,0.4531117677688598,1018.1155204772948,20.235519409179688
2024-04-10 13:41:19,0.0017365416279062,0.4267530441284179,29.0625,0.0005087681347504,0.5263220071792603,22.3359375,27.326629638671875,0.4531117677688598,1018.1155204772948,20.235519409179688
2024-04-10 13:41:20,0.0017365416279062,0.4267530441284179,29.0625,0.0005087681347504,0.5263220071792603,22.3359375,27.326629638671875,0.4531117677688598,1018.1155204772948,20.235519409179688
2024-04-10 13:41:21,0.0017365416279062,0.4267530441284179,29.0625,0.0005087681347504,0.5263220071792603,22.3359375,27.326629638671875,0.4531117677688598,1018.1155204772948,20.235519409179688
2024-04-10 13:41:22,0.0017365416279062,0.4267530441284179,29.0625,0.0005087681347504,0.5263220071792603,22.3359375,27.326629638671875,0.4531117677688598,1018.1155204772948,20.235519409179688
2024-04-10 13:41:23,0.0017365416279062,0.4267530441284179,29.0625,0.0005087681347504,0.5263220071792603,22.3359375,27.326629638671875,0.4531117677688598,1018.1155204772948,20.23673820495605
2024-04-10 13:41:24,0.0017365416279062,0.4267530441284179,29.0625,0.0005087681347504,0.5263220071792603,22.3359375,27.326629638671875,0.4531117677688598,1018.1155204772948,20.23673820495605
2024-04-10 13:41:25,0.0017365416279062,0.4267530441284179,29.0625,0.0005087681347504,0.5263220071792603,22.3359375,27.326629638671875,0.4531117677688598,1018.1155204772948,20.23673820495605
2024-04-10 13:41:26,0.0017365416279062,0.4267530441284179,29.0625,0.0005087681347504,0.5263220071792603,22.3359375,27.326629638671875,0.4531117677688598,1018.1155204772948,20.23673820495605
2024-04-10 13:41:27,0.0017365416279062,0.4267530441284179,29.0625,0.0005087681347504,0.5263220071792603,22.3359375,27.326629638671875,0.4531117677688598,1018.1314849853516,20.23673820495605
2024-04-10 13:41:28,0.0017365416279062,0.4267530441284179,29.0625,0.0005087681347504,0.5263220071792603,22.3359375,27.326629638671875,0.4531117677688598,1018.1314849853516,20.23673820495605
2024-04-10 13:41:29,0.0017365416279062,0.4267530441284179,29.0625,0.0005087681347504,0.5263220071792603,22.3359375,27.326629638671875,0.4520286917686462,1018.1314849853516,20.23673820495605
2024-04-10 13:41:30,0.0017365416279062,0.4267530441284179,29.0625,0.0005087681347504,0.5263220071792603,22.3359375,27.326629638671875,0.4520286917686462,1018.1314849853516,20.23673820495605
2024-04-10 13:41:31,0.0017365416279062,0.4267530441284179,29.0625,0.0005087681347504,0.5263220071792603,22.3359375,27.326629638671875,0.4520286917686462,1018.1314849853516,20.22270774841309
2024-04-10 13:41:32,0.0017365416279062,0.4267530441284179,29.0625,0.0005087681347504,0.5263220071792603,22.3359375,27.326629638671875,0.4520286917686462,1018.1314849853516,20.22270774841309
2024-04-10 13:41:33,0.0017365416279062,0.4267530441284179,29.0625,0.0005087681347504,0.5263220071792603,22.3359375,27.326629638671875,0.4520286917686462,1018.1314849853516,20.22270774841309
2024-04-10 13:41:34,0.0017365416279062,0.4267530441284179,29.0625,0.0005087681347504,0.5263220071792603,22.3359375,27.326629638671875,0.4520286917686462,1018.1314849853516,20.22270774841309
2024-04-10 13:41:35,0.0017365416279062,0.4267530441284179,29.0625,0.0005087681347504,0.5263220071792603,22.3359375,27.326629638671875,0.4520286917686462,1018.1250476837158,20.22270774841309
2024-04-10 13:41:36,0.0017365416279062,0.4267530441284179,29.0625,0.0005087681347504,0.5263220071792603,22.3359375,27.326629638671875,0.4520286917686462,1018.1250476837158,20.22270774841309
2024-04-10 13:41:37,0.0017365416279062,0.4267530441284179,29.0625,0.0005087681347504,0.5263220071792603,22.3359375,27.326629638671875,0.4520286917686462,1018.1250476837158,20.22270774841309
2024-04-10 13:41:38,0.0017365416279062,0.4267530441284179,29.0625,0.0005087681347504,0.5263220071792603,22.3359375,27.326629638671875,0.4520286917686462,1018.1250476837158,20.22270774841309
2024-04-10 13:41:39,0.0017365416279062,0.4267530441284179,29.0625,0.0005087681347504,0.5263220071792603,22.3359375,27.326629638671875,0.4520286917686462,1018.1250476837158,20.22352600097656
2024-04-10 13:41:40,0.0017365416279062,0.4267530441284179,29.0625,0.0005087681347504,0.5263220071792603,22.3359375,27.326629638671875,0.4520286917686462,1018.1250476837158,20.22352600097656
2024-04-10 13:41:41,0.0017365416279062,0.4267530441284179,29.0625,0.0005087681347504,0.5263220071792603,22.3359375,27.326629638671875,0.4520286917686462,1018.1250476837158,20.22352600097656
2024-04-10 13:41:42,0.0017365416279062,0.4267530441284179,29.0625,0.0005087681347504,0.5263220071792603,22.3359375,27.326629638671875,0.4520286917686462,1018.1178379058838,20.22352600097656
2024-04-10 13:41:43,0.0017365416279062,0.4267530441284179,29.0625,0.0005087681347504,0.5263220071792603,22.3359375,27.326629638671875,0.4520286917686462,1018.1178379058838,20.22352600097656
2024-04-10 13:41:44,0.0017365416279062,0.4267530441284179,29.0625,0.0005087681347504,0.5263220071792603,22.3359375,27.326629638671875,0.4520286917686462,1018.1178379058838,20.22352600097656
2024-04-10 13:41:45,0.0017365416279062,0.4267530441284179,29.0625,0.0005087681347504,0.5263220071792603,22.3359375,27.326629638671875,0.4520286917686462,1018.1178379058838,20.22352600097656
2024-04-10 13:41:46,0.0017365416279062,0.4267530441284179,29.0625,0.0005087681347504,0.5263220071792603,22.3359375,27.326629638671875,0.4520286917686462,1018.1178379058838,20.22352600097656
2024-04-10 13:41:47,0.0017365416279062,0.4267530441284179,29.0625,0.0005087681347504,0.5263220071792603,22.3359375,27.326629638671875,0.4520286917686462,1018.1178379058838,20.21108627319336
2024-04-10 13:41:48,0.0017365416279062,0.4267530441284179,29.0625,0.0005087681347504,0.5263220071792603,22.3359375,27.326629638671875,0.4520286917686462,1018.1178379058838,20.21108627319336
2024-04-10 13:41:49,0.0017365416279062,0.4267530441284179,29.0625,0.0005087681347504,0.5263220071792603,22.3359375,27.326629638671875,0.4520286917686462,1018.0763816833496,20.21108627319336
2024-04-10 13:41:50,0.0017365416279062,0.4267530441284179,29.0625,0.0005087681347504,0.5263220071792603,22.3359375,27.326629638671875,0.4520286917686462,1018.0763816833496,20.21108627319336
2024-04-10 13:41:51,0.0017365416279062,0.4267530441284179,29.0625,0.0005087681347504,0.5263220071792603,22.3359375,27.326629638671875,0.4520286917686462,1018.0763816833496,20.21108627319336
2024-04-10 13:41:52,0.0017365416279062,0.4267530441284179,29.0625,0.0005087681347504,0.5263220071792603,22.3359375,27.326629638671875,0.4520286917686462,1018.0763816833496,20.21108627319336
2024-04-10 13:41:53,0.0017365416279062,0.4267530441284179,29.0625,0.0005087681347504,0.5263220071792603,22.3359375,27.326629638671875,0.4520286917686462,1018.0763816833496,20.21108627319336
2024-04-10 13:41:54,0.0017365416279062,0.4267530441284179,29.0625,0.0005087681347504,0.5263220071792603,22.3359375,27.326629638671875,0.4520286917686462,1018.0763816833496,20.213838577270508
2024-04-10 13:41:55,0.0017365416279062,0.4267530441284179,29.0625,0.0005087681347504,0.5263220071792603,22.3359375,27.326629638671875,0.4520286917686462,1018.0763816833496,20.213838577270508
2024-04-10 13:41:56,0.0017365416279062,0.4267530441284179,29.0625,0.0005087681347504,0.5263220071792603,22.3359375,27.326629638671875,0.4520286917686462,1018.0763816833496,20.213838577270508
2024-04-10 13:41:57,0.0017365416279062,0.4267530441284179,29.0625,0.0005087681347504,0.5263220071792603,22.3359375,27.326629638671875,0.4520286917686462,1018.085823059082,20.213838577270508
2024-04-10 13:41:58,0.0017365416279062,0.4267530441284179,29.0625,0.0005087681347504,0.5263220071792603,22.3359375,27.326629638671875,0.4520286917686462,1018.085823059082,20.213838577270508
2024-04-10 13:41:59,0.0017365416279062,0.4267530441284179,29.0625,0.0005087681347504,0.5263220071792603,22.3359375,27.326629638671875,0.4520286917686462,1018.085823059082,20.213838577270508
2024-04-10 13:42:00,0.0017365416279062,0.4267530441284179,29.0625,0.0005087681347504,0.5263220071792603,22.3359375,27.326629638671875,0.4520286917686462,1018.085823059082,20.213838577270508
2024-04-10 13:42:01,0.0017365416279062,0.4267530441284179,29.0625,0.0005087681347504,0.5263220071792603,22.3359375,27.326629638671875,0.4520286917686462,1018.085823059082,20.213838577270508
2024-04-10 13:42:02,0.0017365416279062,0.4267530441284179,29.0625,0.0005087681347504,0.5263220071792603,22.3359375,27.326629638671875,0.4520286917686462,1018.085823059082,20.20050048828125
2024-04-10 13:42:03,0.0017365416279062,0.4267530441284179,29.0625,0.0005087681347504,0.5263220071792603,22.3359375,27.326629638671875,0.4520286917686462,1018.085823059082,20.20050048828125
2024-04-10 13:42:04,0.0017365416279062,0.4267530441284179,29.0625,0.0005087681347504,0.5263220071792603,22.3359375,27.326629638671875,0.4520286917686462,1018.085823059082,20.20050048828125
2024-04-10 13:42:05,0.0017365416279062,0.4267530441284179,29.0625,0.0005087681347504,0.5263220071792603,22.3359375,27.326629638671875,0.4520286917686462,1018.085823059082,20.20050048828125
2024-04-10 13:42:06,0.0017365416279062,0.4267530441284179,29.0625,0.0005087681347504,0.5263220071792603,22.3359375,27.326629638671875,0.4520286917686462,1018.1284809112548,20.20050048828125
2024-04-10 13:42:07,0.0017365416279062,0.4267530441284179,29.0625,0.0005087681347504,0.5263220071792603,22.3359375,27.326629638671875,0.4520286917686462,1018.1284809112548,20.20050048828125
2024-04-10 13:42:08,0.0017365416279062,0.4267530441284179,29.0625,0.0005087681347504,0.5263220071792603,22.3359375,27.326629638671875,0.4520286917686462,1018.1284809112548,20.20050048828125
2024-04-10 13:42:09,0.0017365416279062,0.4267530441284179,29.0625,0.0005087681347504,0.5263220071792603,22.3359375,27.326629638671875,0.4520286917686462,1018.1284809112548,20.20050048828125
2024-04-10 13:42:10,0.0017365416279062,0.4267530441284179,29.0625,0.0005087681347504,0.5263220071792603,22.3359375,27.326629638671875,0.4520286917686462,1018.1284809112548,20.21307182312012
2024-04-10 13:42:11,0.0017365416279062,0.4267530441284179,29.0625,0.0005087681347504,0.5263220071792603,22.3359375,27.326629638671875,0.4520286917686462,1018.1284809112548,20.21307182312012
2024-04-10 13:42:12,0.0017365416279062,0.4267530441284179,29.0625,0.0005087681347504,0.5263220071792603,22.3359375,27.326629638671875,0.4520286917686462,1018.1284809112548,20.21307182312012
2024-04-10 13:42:13,0.0017365416279062,0.4267530441284179,29.0625,0.0005087681347504,0.5263220071792603,22.3359375,27.326629638671875,0.4520286917686462,1018.1284809112548,20.21307182312012
2024-04-10 13:42:14,0.0017365416279062,0.4267530441284179,29.0625,0.0005087681347504,0.5263220071792603,22.3359375,27.326629638671875,0.4520286917686462,1018.1284809112548,20.21307182312012
2024-04-10 13:42:15,0.0017365416279062,0.4267530441284179,29.0625,0.0005087681347504,0.5263220071792603,22.3359375,27.326629638671875,0.4520286917686462,1018.1284809112548,20.21307182312012
2024-04-10 13:42:16,0.0017365416279062,0.4267530441284179,29.0625,0.0005087681347504,0.5263220071792603,22.3359375,27.326629638671875,0.4520286917686462,1018.0774116516112,20.21307182312012
2024-04-10 13:42:17,0.0017365416279062,0.4267530441284179,29.0625,0.0005087681347504,0.5263220071792603,22.3359375,27.1044921875,0.4520286917686462,1018.0774116516112,20.207321166992188
2024-04-10 13:42:18,0.0017365416279062,0.4267530441284179,29.0625,0.0005087681347504,0.5263220071792603,22.3359375,27.1044921875,0.4520286917686462,1018.0774116516112,20.207321166992188
2024-04-10 13:42:19,0.0017365416279062,0.4267530441284179,29.0625,0.0005087681347504,0.5263220071792603,22.3359375,27.1044921875,0.4520286917686462,1018.0774116516112,20.207321166992188
2024-04-10 13:42:20,0.0017365416279062,0.4267530441284179,29.0625,0.0005087681347504,0.5263220071792603,22.3359375,27.1044921875,0.4520286917686462,1018.0774116516112,20.207321166992188
2024-04-10 13:42:21,0.0017365416279062,0.4267530441284179,29.0625,0.0005087681347504,0.5263220071792603,22.3359375,27.1044921875,0.4520286917686462,1018.0774116516112,20.207321166992188
2024-04-10 13:42:22,0.0017365416279062,0.4267530441284179,29.0625,0.0005087681347504,0.5263220071792603,22.3359375,27.1044921875,0.4520286917686462,1018.0774116516112,20.207321166992188
2024-04-10 13:42:23,0.0017365416279062,0.4267530441284179,29.0625,0.0005087681347504,0.5263220071792603,22.3359375,27.1044921875,0.4520286917686462,1018.0740356445312,20.207321166992188
2024-04-10 13:42:24,0.0017365416279062,0.4267530441284179,29.0625,0.0005087681347504,0.5263220071792603,22.3359375,27.1044921875,0.4520286917686462,1018.0740356445312,20.207321166992188
2024-04-10 13:42:25,0.0017365416279062,0.4267530441284179,29.0625,0.0005087681347504,0.5263220071792603,22.3359375,27.1044921875,0.4520286917686462,1018.0740356445312,20.207321166992188
2024-04-10 13:42:26,0.0017365416279062,0.4267530441284179,29.0625,0.0005087681347504,0.5263220071792603,22.3359375,27.1044921875,0.4520286917686462,1018.0740356445312,20.205570220947266
2024-04-10 13:42:27,0.0017365416279062,0.4267530441284179,29.0625,0.0005087681347504,0.5263220071792603,22.3359375,27.1044921875,0.4520286917686462,1018.0740356445312,20.205570220947266
2024-04-10 13:42:28,0.0017365416279062,0.4267530441284179,29.0625,0.0005087681347504,0.5263220071792603,22.3359375,27.1044921875,0.4520286917686462,1018.0740356445312,20.205570220947266
2024-04-10 13:42:29,0.0017365416279062,0.4267530441284179,29.0625,0.0005087681347504,0.5263220071792603,22.3359375,27.1044921875,0.4519465267658233,1018.0740356445312,20.205570220947266
2024-04-10 13:42:30,0.0017365416279062,0.4267530441284179,29.0625,0.0005087681347504,0.5263220071792603,22.3359375,27.1044921875,0.4519465267658233,1018.0740356445312,20.205570220947266
2024-04-10 13:42:31,0.0017365416279062,0.4267530441284179,29.0625,0.0005087681347504,0.5263220071792603,22.3359375,27.1044921875,0.4519465267658233,1018.0740356445312,20.205570220947266
2024-04-10 13:42:32,0.0017365416279062,0.4267530441284179,29.0625,0.0005087681347504,0.5263220071792603,22.3359375,27.1044921875,0.4519465267658233,1018.0740356445312,20.205570220947266
2024-04-10 13:42:33,0.0017365416279062,0.4267530441284179,29.0625,0.0005087681347504,0.5263220071792603,22.3359375,27.1044921875,0.4519465267658233,1018.0833911895752,20.205570220947266
2024-04-10 13:42:34,0.0017365416279062,0.4267530441284179,29.0625,0.0005087681347504,0.5263220071792603,22.3359375,27.1044921875,0.4519465267658233,1018.0833911895752,20.205570220947266
2024-04-10 13:42:35,0.0017365416279062,0.4267530441284179,29.0625,0.0005087681347504,0.5263220071792603,22.3359375,27.1044921875,0.4519465267658233,1018.0833911895752,20.209415435791016
2024-04-10 13:42:36,0.0017365416279062,0.4267530441284179,29.0625,0.0005087681347504,0.5263220071792603,22.3359375,27.1044921875,0.4519465267658233,1018.0833911895752,20.209415435791016
2024-04-10 13:42:37,0.0017365416279062,0.4267530441284179,29.0625,0.0005087681347504,0.5263220071792603,22.3359375,27.1044921875,0.4519465267658233,1018.0833911895752,20.209415435791016
2024-04-10 13:42:38,0.0017365416279062,0.4267530441284179,29.0625,0.0005087681347504,0.5263220071792603,22.3359375,27.1044921875,0.4519465267658233,1018.0756664276124,20.209415435791016
2024-04-10 13:42:39,0.0017365416279062,0.4267530441284179,29.0625,0.0005087681347504,0.5263220071792603,22.3359375,27.1044921875,0.4519465267658233,1018.0756664276124,20.209415435791016
2024-04-10 13:42:40,0.0017365416279062,0.4267530441284179,29.0625,0.0005087681347504,0.5263220071792603,22.3359375,27.1044921875,0.4519465267658233,1018.0756664276124,20.209415435791016
2024-04-10 13:42:41,0.0017365416279062,0.4267530441284179,29.0625,0.0005087681347504,0.5263220071792603,22.3359375,27.1044921875,0.4519465267658233,1018.0756664276124,20.209415435791016
2024-04-10 13:42:42,0.0017365416279062,0.4267530441284179,29.0625,0.0005087681347504,0.5263220071792603,22.3359375,27.1044921875,0.4519465267658233,1018.0756664276124,20.209415435791016
2024-04-10 13:42:43,0.0017365416279062,0.4267530441284179,29.0625,0.0005087681347504,0.5263220071792603,22.3359375,27.1044921875,0.4519465267658233,1018.0756664276124,20.21944046020508
2024-04-10 13:42:44,0.0017365416279062,0.4267530441284179,29.0625,0.0005087681347504,0.5263220071792603,22.3359375,27.1044921875,0.4519465267658233,1018.0756664276124,20.21944046020508
2024-04-10 13:42:45,0.0017365416279062,0.4267530441284179,29.0625,0.0005087681347504,0.5263220071792603,22.3359375,27.1044921875,0.4519465267658233,1018.0756664276124,20.21944046020508
2024-04-10 13:42:46,0.0017365416279062,0.4267530441284179,29.0625,0.0005087681347504,0.5263220071792603,22.3359375,27.1044921875,0.4519465267658233,1018.0756664276124,20.21944046020508
2024-04-10 13:42:47,0.0017365416279062,0.4267530441284179,29.0625,0.0005087681347504,0.5263220071792603,22.3359375,27.1044921875,0.4519465267658233,1018.0907154083252,20.21944046020508
2024-04-10 13:42:48,0.0017365416279062,0.4267530441284179,29.0625,0.0005087681347504,0.5263220071792603,22.3359375,27.1044921875,0.4519465267658233,1018.0907154083252,20.21944046020508
2024-04-10 13:42:49,0.0017365416279062,0.4267530441284179,29.0625,0.0005087681347504,0.5263220071792603,22.3359375,27.1044921875,0.4519465267658233,1018.0907154083252,20.21944046020508
2024-04-10 13:42:50,0.0017365416279062,0.4267530441284179,29.0625,0.0005087681347504,0.5263220071792603,22.3359375,27.1044921875,0.4519465267658233,1018.0907154083252,20.21944046020508
2024-04-10 13:42:51,0.0017365416279062,0.4267530441284179,29.0625,0.0005087681347504,0.5263220071792603,22.3359375,27.1044921875,0.4519465267658233,1018.0907154083252,20.21653938293457
2024-04-10 13:42:52,0.0017365416279062,0.4267530441284179,29.0625,0.0005087681347504,0.5263220071792603,22.3359375,27.1044921875,0.4519465267658233,1018.0907154083252,20.21653938293457
2024-04-10 13:42:53,0.0017365416279062,0.4267530441284179,29.0625,0.0005087681347504,0.5263220071792603,22.3359375,27.1044921875,0.4519465267658233,1018.0907154083252,20.21653938293457
2024-04-10 13:42:54,0.0017365416279062,0.4267530441284179,29.0625,0.0005087681347504,0.5263220071792603,22.3359375,27.1044921875,0.4519465267658233,1018.0954360961914,20.21653938293457
2024-04-10 13:42:55,0.0017365416279062,0.4267530441284179,29.0625,0.0005087681347504,0.5263220071792603,22.3359375,27.1044921875,0.4519465267658233,1018.0954360961914,20.21653938293457
2024-04-10 13:42:56,0.0017365416279062,0.4267530441284179,29.0625,0.0005087681347504,0.5263220071792603,22.3359375,27.1044921875,0.4519465267658233,1018.0954360961914,20.21653938293457
2024-04-10 13:42:57,0.0017365416279062,0.4267530441284179,29.0625,0.0005087681347504,0.5263220071792603,22.3359375,27.1044921875,0.4519465267658233,1018.0954360961914,20.21653938293457
2024-04-10 13:42:58,0.0017365416279062,0.4267530441284179,29.0625,0.0005087681347504,0.5263220071792603,22.3359375,27.1044921875,0.4519465267658233,1018.0954360961914,20.220796585083008
2024-04-10 13:42:59,0.0017365416279062,0.4267530441284179,29.0625,0.0005087681347504,0.5263220071792603,22.3359375,27.1044921875,0.4519465267658233,1018.0954360961914,20.220796585083008
2024-04-10 13:43:00,0.0017365416279062,0.4267530441284179,29.0625,0.0005087681347504,0.5263220071792603,22.3359375,27.1044921875,0.4519465267658233,1018.0954360961914,20.220796585083008
2024-04-10 13:43:01,0.0017365416279062,0.4267530441284179,29.0625,0.0005087681347504,0.5263220071792603,22.3359375,27.1044921875,0.4519465267658233,1018.0954360961914,20.220796585083008
2024-04-10 13:43:02,0.0017365416279062,0.4267530441284179,29.0625,0.0005087681347504,0.5263220071792603,22.3359375,27.1044921875,0.4519465267658233,1018.0954360961914,20.220796585083008
2024-04-10 13:43:03,0.0017365416279062,0.4267530441284179,29.0625,0.0005087681347504,0.5263220071792603,22.3359375,27.1044921875,0.4519465267658233,1018.0954360961914,20.220796585083008
2024-04-10 13:43:04,0.0017365416279062,0.4267530441284179,29.0625,0.0005087681347504,0.5263220071792603,22.3359375,27.1044921875,0.4519465267658233,1018.067741394043,20.220796585083008
2024-04-10 13:43:05,0.0017365416279062,0.4267530441284179,29.0625,0.0005087681347504,0.5263220071792603,22.3359375,27.1044921875,0.4519465267658233,1018.067741394043,20.219629287719727
2024-04-10 13:43:06,0.0017365416279062,0.4267530441284179,29.0625,0.0005087681347504,0.5263220071792603,22.3359375,27.1044921875,0.4519465267658233,1018.067741394043,20.219629287719727
2024-04-10 13:43:07,0.0017365416279062,0.4267530441284179,29.0625,0.0005087681347504,0.5263220071792603,22.3359375,27.1044921875,0.4519465267658233,1018.067741394043,20.219629287719727
2024-04-10 13:43:08,0.0017365416279062,0.4267530441284179,29.0625,0.0005087681347504,0.5263220071792603,22.3359375,27.1044921875,0.4519465267658233,1018.067741394043,20.219629287719727
2024-04-10 13:43:09,0.0017365416279062,0.4267530441284179,29.0625,0.0005087681347504,0.5263220071792603,22.3359375,27.1044921875,0.4519465267658233,1018.067741394043,20.219629287719727
2024-04-10 13:43:10,0.0017365416279062,0.4267530441284179,29.0625,0.0005087681347504,0.5263220071792603,22.3359375,27.1044921875,0.4519465267658233,1018.067741394043,20.219629287719727
2024-04-10 13:43:11,0.0017365416279062,0.4267530441284179,29.0625,0.0005087681347504,0.5263220071792603,22.3359375,27.1044921875,0.4519465267658233,1018.0723190307616,20.219629287719727
2024-04-10 13:43:12,0.0017365416279062,0.4267530441284179,29.0625,0.0005087681347504,0.5263220071792603,22.3359375,27.1044921875,0.4519465267658233,1018.0723190307616,20.219629287719727
2024-04-10 13:43:13,0.0017365416279062,0.4267530441284179,29.0625,0.0005087681347504,0.5263220071792603,22.3359375,27.1044921875,0.4519465267658233,1018.0723190307616,20.219629287719727
2024-04-10 13:43:14,0.0017365416279062,0.4267530441284179,29.0625,0.0005087681347504,0.5263220071792603,22.3359375,27.1044921875,0.4519465267658233,1018.0723190307616,20.23302459716797
2024-04-10 13:43:15,0.0017365416279062,0.4267530441284179,29.0625,0.0005087681347504,0.5263220071792603,22.3359375,27.1044921875,0.4519465267658233,1018.0723190307616,20.23302459716797
2024-04-10 13:43:16,0.0017365416279062,0.4267530441284179,29.0625,0.0005087681347504,0.5263220071792603,22.3359375,26.40682983398437,0.4519465267658233,1018.0723190307616,20.23302459716797
2024-04-10 13:43:17,0.0017365416279062,0.4267530441284179,29.0625,0.0005087681347504,0.5263220071792603,22.3359375,26.40682983398437,0.4519465267658233,1018.0723190307616,20.23302459716797
2024-04-10 13:43:18,0.0017365416279062,0.4267530441284179,29.0625,0.0005087681347504,0.5263220071792603,22.3359375,26.40682983398437,0.4519465267658233,1018.1073951721193,20.23302459716797
2024-04-10 13:43:19,0.0017365416279062,0.4267530441284179,29.0625,0.0005087681347504,0.5263220071792603,22.3359375,26.40682983398437,0.4519465267658233,1018.1073951721193,20.23302459716797
2024-04-10 13:43:20,0.0017365416279062,0.4267530441284179,29.0625,0.0005087681347504,0.5263220071792603,22.3359375,26.40682983398437,0.4519465267658233,1018.1073951721193,20.23302459716797
2024-04-10 13:43:21,0.0017365416279062,0.4267530441284179,29.0625,0.0005087681347504,0.5263220071792603,22.3359375,26.40682983398437,0.4519465267658233,1018.1073951721193,20.23368263244629
2024-04-10 13:43:22,0.0017365416279062,0.4267530441284179,29.0625,0.0005087681347504,0.5263220071792603,22.3359375,26.40682983398437,0.4519465267658233,1018.1073951721193,20.23368263244629
2024-04-10 13:43:23,0.0017365416279062,0.4267530441284179,29.0625,0.0005087681347504,0.5263220071792603,22.3359375,26.40682983398437,0.4519465267658233,1018.1073951721193,20.23368263244629
2024-04-10 13:43:24,0.0017365416279062,0.4267530441284179,29.0625,0.0005087681347504,0.5263220071792603,22.3359375,26.40682983398437,0.4519465267658233,1018.1073951721193,20.23368263244629
2024-04-10 13:43:25,0.0017365416279062,0.4267530441284179,29.0625,0.0005087681347504,0.5263220071792603,22.3359375,26.40682983398437,0.4519465267658233,1018.1073951721193,20.23368263244629
2024-04-10 13:43:26,0.0017365416279062,0.4267530441284179,29.0625,0.0005087681347504,0.5263220071792603,22.3359375,26.40682983398437,0.4519465267658233,1018.1073951721193,20.23368263244629
2024-04-10 13:43:27,0.0017365416279062,0.4267530441284179,29.0625,0.0005087681347504,0.5263220071792603,22.3359375,26.40682983398437,0.4518578052520752,1018.1073951721193,20.23368263244629
2024-04-10 13:43:28,0.0017365416279062,0.4267530441284179,29.0625,0.0005087681347504,0.5263220071792603,22.3359375,26.40682983398437,0.4518578052520752,1018.0990409851074,20.23368263244629
2024-04-10 13:43:29,0.0017365416279062,0.4267530441284179,29.0625,0.0005087681347504,0.5263220071792603,22.3359375,26.40682983398437,0.4518578052520752,1018.0990409851074,20.23368263244629
2024-04-10 13:43:30,0.0017365416279062,0.4267530441284179,29.0625,0.0005087681347504,0.5263220071792603,22.3359375,26.40682983398437,0.4518578052520752,1018.0990409851074,20.23368263244629
2024-04-10 13:43:31,0.0017365416279062,0.4267530441284179,29.0625,0.0005087681347504,0.5263220071792603,22.3359375,26.40682983398437,0.4518578052520752,1018.0990409851074,20.23368263244629
2024-04-10 13:43:32,0.0017365416279062,0.4267530441284179,29.0625,0.0005087681347504,0.5263220071792603,22.3359375,26.40682983398437,0.4518578052520752,1018.0990409851074,20.237075805664062
2024-04-10 13:43:33,0.0017365416279062,0.4267530441284179,29.0625,0.0005087681347504,0.5263220071792603,22.3359375,26.40682983398437,0.4518578052520752,1018.0990409851074,20.237075805664062
2024-04-10 13:43:34,0.0017365416279062,0.4267530441284179,29.0625,0.0005087681347504,0.5263220071792603,22.3359375,26.40682983398437,0.4518578052520752,1018.0990409851074,20.237075805664062
2024-04-10 13:43:35,0.0017365416279062,0.4267530441284179,29.0625,0.0005087681347504,0.5263220071792603,22.3359375,26.40682983398437,0.4518578052520752,1018.0886554718018,20.237075805664062
2024-04-10 13:43:36,0.0017365416279062,0.4267530441284179,29.0625,0.0005087681347504,0.5263220071792603,22.3359375,26.40682983398437,0.4518578052520752,1018.0886554718018,20.237075805664062
2024-04-10 13:43:37,0.0017365416279062,0.4267530441284179,29.0625,0.0005087681347504,0.5263220071792603,22.3359375,26.40682983398437,0.4518578052520752,1018.0886554718018,20.237075805664062
2024-04-10 13:43:38,0.0017365416279062,0.4267530441284179,29.0625,0.0005087681347504,0.5263220071792603,22.3359375,26.40682983398437,0.4518578052520752,1018.0886554718018,20.215160369873047
2024-04-10 13:43:39,0.0017365416279062,0.4267530441284179,29.0625,0.0005087681347504,0.5263220071792603,22.3359375,26.40682983398437,0.4518578052520752,1018.0886554718018,20.215160369873047
2024-04-10 13:43:40,0.0017365416279062,0.4267530441284179,29.0625,0.0005087681347504,0.5263220071792603,22.3359375,26.40682983398437,0.4518578052520752,1018.0886554718018,20.215160369873047
2024-04-10 13:43:41,0.0017365416279062,0.4267530441284179,29.0625,0.0005087681347504,0.5263220071792603,22.3359375,26.40682983398437,0.4518578052520752,1018.0886554718018,20.215160369873047
2024-04-10 13:43:42,0.0017365416279062,0.4267530441284179,29.0625,0.0005087681347504,0.5263220071792603,22.3359375,26.40682983398437,0.4518578052520752,1018.1059646606444,20.215160369873047
2024-04-10 13:43:43,0.0017365416279062,0.4267530441284179,29.0625,0.0005087681347504,0.5263220071792603,22.3359375,26.40682983398437,0.4518578052520752,1018.1059646606444,20.215160369873047
2024-04-10 13:43:44,0.0017365416279062,0.4267530441284179,29.0625,0.0005087681347504,0.5263220071792603,22.3359375,26.40682983398437,0.4518578052520752,1018.1059646606444,20.215160369873047
2024-04-10 13:43:45,0.0017365416279062,0.4267530441284179,29.0625,0.0005087681347504,0.5263220071792603,22.3359375,26.40682983398437,0.4518578052520752,1018.1059646606444,20.215160369873047
2024-04-10 13:43:46,0.0017365416279062,0.4267530441284179,29.0625,0.0005087681347504,0.5263220071792603,22.3359375,26.40682983398437,0.4518578052520752,1018.1059646606444,20.205284118652344
2024-04-10 13:43:47,0.0017365416279062,0.4267530441284179,29.0625,0.0005087681347504,0.5263220071792603,22.3359375,26.40682983398437,0.4518578052520752,1018.1059646606444,20.205284118652344
2024-04-10 13:43:48,0.0017365416279062,0.4267530441284179,29.0625,0.0005087681347504,0.5263220071792603,22.3359375,26.40682983398437,0.4518578052520752,1018.1059646606444,20.205284118652344
2024-04-10 13:43:49,0.0017365416279062,0.4267530441284179,29.0625,0.0005087681347504,0.5263220071792603,22.3359375,26.40682983398437,0.4518578052520752,1018.1059646606444,20.205284118652344
2024-04-10 13:43:50,0.0017365416279062,0.4267530441284179,29.0625,0.0005087681347504,0.5263220071792603,22.3359375,26.40682983398437,0.4518578052520752,1018.0667686462402,20.205284118652344
2024-04-10 13:43:51,0.0017365416279062,0.4267530441284179,29.0625,0.0005087681347504,0.5263220071792603,22.3359375,26.40682983398437,0.4518578052520752,1018.0667686462402,20.205284118652344
2024-04-10 13:43:52,0.0017365416279062,0.4267530441284179,29.0625,0.0005087681347504,0.5263220071792603,22.3359375,26.40682983398437,0.4518578052520752,1018.0667686462402,20.205284118652344
2024-04-10 13:43:53,0.0017365416279062,0.4267530441284179,29.0625,0.0005087681347504,0.5263220071792603,22.3359375,26.40682983398437,0.4518578052520752,1018.0667686462402,20.205284118652344
2024-04-10 13:43:54,0.0017365416279062,0.4267530441284179,29.0625,0.0005087681347504,0.5263220071792603,22.3359375,26.40682983398437,0.4518578052520752,1018.0667686462402,20.205284118652344
2024-04-10 13:43:55,0.0017365416279062,0.4267530441284179,29.0625,0.0005087681347504,0.5263220071792603,22.3359375,26.40682983398437,0.4518578052520752,1018.0667686462402,20.20216560363769
2024-04-10 13:43:56,0.0017365416279062,0.4267530441284179,29.0625,0.0005087681347504,0.5263220071792603,22.3359375,26.40682983398437,0.4518578052520752,1018.0667686462402,20.20216560363769
2024-04-10 13:43:57,0.0017365416279062,0.4267530441284179,29.0625,0.0005087681347504,0.5263220071792603,22.3359375,26.40682983398437,0.4518578052520752,1018.0667686462402,20.20216560363769
2024-04-10 13:43:58,0.0017365416279062,0.4267530441284179,29.0625,0.0005087681347504,0.5263220071792603,22.3359375,26.40682983398437,0.4518578052520752,1018.0667686462402,20.20216560363769
2024-04-10 13:43:59,0.0017365416279062,0.4267530441284179,29.0625,0.0005087681347504,0.5263220071792603,22.3359375,26.40682983398437,0.4518578052520752,1018.0667686462402,20.20216560363769
2024-04-10 13:44:00,0.0017365416279062,0.4267530441284179,29.0625,0.0005087681347504,0.5263220071792603,22.3359375,26.40682983398437,0.4518578052520752,1018.049144744873,20.20216560363769
2024-04-10 13:44:01,0.0017365416279062,0.4267530441284179,29.0625,0.0005087681347504,0.5263220071792603,22.3359375,26.40682983398437,0.4518578052520752,1018.049144744873,20.20216560363769
2024-04-10 13:44:02,0.0017365416279062,0.4267530441284179,29.0625,0.0005087681347504,0.5263220071792603,22.3359375,26.40682983398437,0.4518578052520752,1018.049144744873,20.18263053894043
2024-04-10 13:44:03,0.0017365416279062,0.4267530441284179,29.0625,0.0005087681347504,0.5263220071792603,22.3359375,26.40682983398437,0.4518578052520752,1018.049144744873,20.18263053894043
2024-04-10 13:44:04,0.0017365416279062,0.4267530441284179,29.0625,0.0005087681347504,0.5263220071792603,22.3359375,26.40682983398437,0.4518578052520752,1018.049144744873,20.18263053894043
2024-04-10 13:44:05,0.0017365416279062,0.4267530441284179,29.0625,0.0005087681347504,0.5263220071792603,22.3359375,26.40682983398437,0.4518578052520752,1018.049144744873,20.18263053894043
2024-04-10 13:44:06,0.0017365416279062,0.4267530441284179,29.0625,0.0005087681347504,0.5263220071792603,22.3359375,26.40682983398437,0.4518578052520752,1018.049144744873,20.18263053894043
2024-04-10 13:44:07,0.0017365416279062,0.4267530441284179,29.0625,0.0005087681347504,0.5263220071792603,22.3359375,26.40682983398437,0.4518578052520752,1018.049144744873,20.18263053894043
2024-04-10 13:44:08,0.0017365416279062,0.4267530441284179,29.0625,0.0005087681347504,0.5263220071792603,22.3359375,26.40682983398437,0.4518578052520752,1018.049144744873,20.18263053894043
2024-04-10 13:44:09,0.0017365416279062,0.4267530441284179,29.0625,0.0005087681347504,0.5263220071792603,22.3359375,26.40682983398437,0.4518578052520752,1018.0214500427246,20.18263053894043
2024-04-10 13:44:10,0.0017365416279062,0.4267530441284179,29.0625,0.0005087681347504,0.5263220071792603,22.3359375,26.40682983398437,0.4518578052520752,1018.0214500427246,20.17892265319824
2024-04-10 13:44:11,0.0017365416279062,0.4267530441284179,29.0625,0.0005087681347504,0.5263220071792603,22.3359375,26.40682983398437,0.4518578052520752,1018.0214500427246,20.17892265319824
2024-04-10 13:44:12,0.0017365416279062,0.4267530441284179,29.0625,0.0005087681347504,0.5263220071792603,22.3359375,26.40682983398437,0.4518578052520752,1018.0214500427246,20.17892265319824
2024-04-10 13:44:13,0.0017365416279062,0.4267530441284179,29.0625,0.0005087681347504,0.5263220071792603,22.3359375,26.40682983398437,0.4518578052520752,1018.0214500427246,20.17892265319824
2024-04-10 13:44:14,0.0017365416279062,0.4267530441284179,29.0625,0.0005087681347504,0.5263220071792603,22.3359375,26.40682983398437,0.4518578052520752,1018.0214500427246,20.17892265319824
2024-04-10 13:44:15,0.0017365416279062,0.4267530441284179,29.0625,0.0005087681347504,0.5263220071792603,22.3359375,26.949615478515625,0.4518578052520752,1018.073205947876,20.17892265319824
2024-04-10 13:44:16,0.0017365416279062,0.4267530441284179,29.0625,0.0005087681347504,0.5263220071792603,22.3359375,26.949615478515625,0.4518578052520752,1018.073205947876,20.17892265319824
2024-04-10 13:44:17,0.0017365416279062,0.4267530441284179,29.0625,0.0005087681347504,0.5263220071792603,22.3359375,26.949615478515625,0.4518578052520752,1018.073205947876,20.17892265319824
2024-04-10 13:44:18,0.0017365416279062,0.4267530441284179,29.0625,0.0005087681347504,0.5263220071792603,22.3359375,26.949615478515625,0.4518578052520752,1018.073205947876,20.17892265319824
2024-04-10 13:44:19,0.0017365416279062,0.4267530441284179,29.0625,0.0005087681347504,0.5263220071792603,22.3359375,26.949615478515625,0.4518578052520752,1018.073205947876,20.17779541015625
2024-04-10 13:44:20,0.0017365416279062,0.4267530441284179,29.0625,0.0005087681347504,0.5263220071792603,22.3359375,26.949615478515625,0.4518578052520752,1018.073205947876,20.17779541015625
2024-04-10 13:44:21,0.0017365416279062,0.4267530441284179,29.0625,0.0005087681347504,0.5263220071792603,22.3359375,26.949615478515625,0.4518578052520752,1018.073205947876,20.17779541015625
2024-04-10 13:44:22,0.0017365416279062,0.4267530441284179,29.0625,0.0005087681347504,0.5263220071792603,22.3359375,26.949615478515625,0.4518578052520752,1018.073205947876,20.17779541015625
2024-04-10 13:44:23,0.0017365416279062,0.4267530441284179,29.0625,0.0005087681347504,0.5263220071792603,22.3359375,26.949615478515625,0.4518578052520752,1018.0740356445312,20.17779541015625
2024-04-10 13:44:24,0.0017365416279062,0.4267530441284179,29.0625,0.0005087681347504,0.5263220071792603,22.3359375,26.949615478515625,0.4518578052520752,1018.0740356445312,20.17779541015625
2024-04-10 13:44:25,0.0017365416279062,0.4267530441284179,29.0625,0.0005087681347504,0.5263220071792603,22.3359375,26.949615478515625,0.4518578052520752,1018.0740356445312,20.176050186157227
2024-04-10 13:44:26,0.0017365416279062,0.4267530441284179,29.0625,0.0005087681347504,0.5263220071792603,22.3359375,26.949615478515625,0.4518578052520752,1018.0740356445312,20.176050186157227
2024-04-10 13:44:27,0.0017365416279062,0.4267530441284179,29.0625,0.0005087681347504,0.5263220071792603,22.3359375,26.949615478515625,0.4518578052520752,1018.0740356445312,20.176050186157227
2024-04-10 13:44:28,0.0017365416279062,0.4267530441284179,29.0625,0.0005087681347504,0.5263220071792603,22.3359375,26.949615478515625,0.4528416395187378,1018.0740356445312,20.176050186157227
2024-04-10 13:44:29,0.0017365416279062,0.4267530441284179,29.0625,0.0005087681347504,0.5263220071792603,22.3359375,26.949615478515625,0.4528416395187378,1018.0994129180908,20.176050186157227
2024-04-10 13:44:30,0.0017365416279062,0.4267530441284179,29.0625,0.0005087681347504,0.5263220071792603,22.3359375,26.949615478515625,0.4528416395187378,1018.0994129180908,20.176050186157227
2024-04-10 13:44:31,0.0017365416279062,0.4267530441284179,29.0625,0.0005087681347504,0.5263220071792603,22.3359375,26.949615478515625,0.4528416395187378,1018.0994129180908,20.176050186157227
2024-04-10 13:44:32,0.0017365416279062,0.4267530441284179,29.0625,0.0005087681347504,0.5263220071792603,22.3359375,26.949615478515625,0.4528416395187378,1018.0994129180908,20.176050186157227
2024-04-10 13:44:33,0.0017365416279062,0.4267530441284179,29.0625,0.0005087681347504,0.5263220071792603,22.3359375,26.949615478515625,0.4528416395187378,1018.0994129180908,20.176050186157227
2024-04-10 13:44:34,0.0017365416279062,0.4267530441284179,29.0625,0.0005087681347504,0.5263220071792603,22.3359375,26.949615478515625,0.4528416395187378,1018.0994129180908,20.176050186157227
2024-04-10 13:44:35,0.0017365416279062,0.4267530441284179,29.0625,0.0005087681347504,0.5263220071792603,22.3359375,26.949615478515625,0.4528416395187378,1018.0994129180908,20.176050186157227
2024-04-10 13:44:36,0.0017365416279062,0.4267530441284179,29.0625,0.0005087681347504,0.5263220071792603,22.3359375,26.949615478515625,0.4528416395187378,1018.0994129180908,20.15900421142578
2024-04-10 13:44:37,0.0017365416279062,0.4267530441284179,29.0625,0.0005087681347504,0.5263220071792603,22.3359375,26.949615478515625,0.4528416395187378,1018.0994129180908,20.15900421142578
2024-04-10 13:44:38,0.0017365416279062,0.4267530441284179,29.0625,0.0005087681347504,0.5263220071792603,22.3359375,26.949615478515625,0.4528416395187378,1018.0994129180908,20.15900421142578
2024-04-10 13:44:39,0.0017365416279062,0.4267530441284179,29.0625,0.0005087681347504,0.5263220071792603,22.3359375,26.949615478515625,0.4528416395187378,1018.1053066253662,20.15900421142578
2024-04-10 13:44:40,0.0017365416279062,0.4267530441284179,29.0625,0.0005087681347504,0.5263220071792603,22.3359375,26.949615478515625,0.4528416395187378,1018.1053066253662,20.15900421142578
2024-04-10 13:44:41,0.0017365416279062,0.4267530441284179,29.0625,0.0005087681347504,0.5263220071792603,22.3359375,26.949615478515625,0.4528416395187378,1018.1053066253662,20.15900421142578
2024-04-10 13:44:42,0.0017365416279062,0.4267530441284179,29.0625,0.0005087681347504,0.5263220071792603,22.3359375,26.949615478515625,0.4528416395187378,1018.1053066253662,20.15900421142578
2024-04-10 13:44:43,0.0017365416279062,0.4267530441284179,29.0625,0.0005087681347504,0.5263220071792603,22.3359375,26.949615478515625,0.4528416395187378,1018.1053066253662,20.14817237854004
2024-04-10 13:44:44,0.0017365416279062,0.4267530441284179,29.0625,0.0005087681347504,0.5263220071792603,22.3359375,26.949615478515625,0.4528416395187378,1018.1053066253662,20.14817237854004
2024-04-10 13:44:45,0.0017365416279062,0.4267530441284179,29.0625,0.0005087681347504,0.5263220071792603,22.3359375,26.949615478515625,0.4528416395187378,1018.1053066253662,20.14817237854004
2024-04-10 13:44:46,0.0017365416279062,0.4267530441284179,29.0625,0.0005087681347504,0.5263220071792603,22.3359375,26.949615478515625,0.4528416395187378,1018.0876541137696,20.14817237854004
2024-04-10 13:44:47,0.0017365416279062,0.4267530441284179,29.0625,0.0005087681347504,0.5263220071792603,22.3359375,26.949615478515625,0.4528416395187378,1018.0876541137696,20.14817237854004
2024-04-10 13:44:48,0.0017365416279062,0.4267530441284179,29.0625,0.0005087681347504,0.5263220071792603,22.3359375,26.949615478515625,0.4528416395187378,1018.0876541137696,20.14817237854004
2024-04-10 13:44:49,0.0017365416279062,0.4267530441284179,29.0625,0.0005087681347504,0.5263220071792603,22.3359375,26.949615478515625,0.4528416395187378,1018.0876541137696,20.14817237854004
2024-04-10 13:44:50,0.0017365416279062,0.4267530441284179,29.0625,0.0005087681347504,0.5263220071792603,22.3359375,26.949615478515625,0.4528416395187378,1018.0876541137696,20.13341522216797
2024-04-10 13:44:51,0.0017365416279062,0.4267530441284179,29.0625,0.0005087681347504,0.5263220071792603,22.3359375,26.949615478515625,0.4528416395187378,1018.0876541137696,20.13341522216797
2024-04-10 13:44:52,0.0017365416279062,0.4267530441284179,29.0625,0.0005087681347504,0.5263220071792603,22.3359375,26.949615478515625,0.4528416395187378,1018.0876541137696,20.13341522216797
2024-04-10 13:44:53,0.0017365416279062,0.4267530441284179,29.0625,0.0005087681347504,0.5263220071792603,22.3359375,26.949615478515625,0.4528416395187378,1018.0679416656494,20.13341522216797
2024-04-10 13:44:54,0.0017365416279062,0.4267530441284179,29.0625,0.0005087681347504,0.5263220071792603,22.3359375,26.949615478515625,0.4528416395187378,1018.0679416656494,20.13341522216797
2024-04-10 13:44:55,0.0017365416279062,0.4267530441284179,29.0625,0.0005087681347504,0.5263220071792603,22.3359375,26.949615478515625,0.4528416395187378,1018.0679416656494,20.13341522216797
2024-04-10 13:44:56,0.0017365416279062,0.4267530441284179,29.0625,0.0005087681347504,0.5263220071792603,22.3359375,26.949615478515625,0.4528416395187378,1018.0679416656494,20.13341522216797
2024-04-10 13:44:57,0.0017365416279062,0.4267530441284179,29.0625,0.0005087681347504,0.5263220071792603,22.3359375,26.949615478515625,0.4528416395187378,1018.0679416656494,20.13341522216797
2024-04-10 13:44:58,0.0017365416279062,0.4267530441284179,29.0625,0.0005087681347504,0.5263220071792603,22.3359375,26.949615478515625,0.4528416395187378,1018.0679416656494,20.133729934692383
2024-04-10 13:44:59,0.0017365416279062,0.4267530441284179,29.0625,0.0005087681347504,0.5263220071792603,22.3359375,26.949615478515625,0.4528416395187378,1018.0679416656494,20.133729934692383
2024-04-10 13:45:00,0.0017365416279062,0.4267530441284179,29.0625,0.0005087681347504,0.5263220071792603,22.3359375,26.949615478515625,0.4528416395187378,1018.0679416656494,20.133729934692383
2024-04-10 13:45:01,0.0017365416279062,0.4267530441284179,29.0625,0.0005087681347504,0.5263220071792603,22.3359375,26.949615478515625,0.4528416395187378,1018.0679416656494,20.133729934692383
2024-04-10 13:45:02,0.0017365416279062,0.4267530441284179,29.0625,0.0005087681347504,0.5263220071792603,22.3359375,26.949615478515625,0.4528416395187378,1018.0954360961914,20.133729934692383
2024-04-10 13:45:03,0.0017365416279062,0.4267530441284179,29.0625,0.0005087681347504,0.5263220071792603,22.3359375,26.949615478515625,0.4528416395187378,1018.0954360961914,20.133729934692383
2024-04-10 13:45:04,0.0017365416279062,0.4267530441284179,29.0625,0.0005087681347504,0.5263220071792603,22.3359375,26.949615478515625,0.4528416395187378,1018.0954360961914,20.133729934692383
2024-04-10 13:45:05,0.0017365416279062,0.4267530441284179,29.0625,0.0005087681347504,0.5263220071792603,22.3359375,26.949615478515625,0.4528416395187378,1018.0954360961914,20.133729934692383
2024-04-10 13:45:06,0.0017365416279062,0.4267530441284179,29.0625,0.0005087681347504,0.5263220071792603,22.3359375,26.949615478515625,0.4528416395187378,1018.0954360961914,20.124425888061523
2024-04-10 13:45:07,0.0017365416279062,0.4267530441284179,29.0625,0.0005087681347504,0.5263220071792603,22.3359375,26.949615478515625,0.4528416395187378,1018.0954360961914,20.124425888061523
2024-04-10 13:45:08,0.0017365416279062,0.4267530441284179,29.0625,0.0005087681347504,0.5263220071792603,22.3359375,26.949615478515625,0.4528416395187378,1018.0954360961914,20.124425888061523
2024-04-10 13:45:09,0.0017365416279062,0.4267530441284179,29.0625,0.0005087681347504,0.5263220071792603,22.3359375,26.949615478515625,0.4528416395187378,1018.0954360961914,20.124425888061523
2024-04-10 13:45:10,0.0017365416279062,0.4267530441284179,29.0625,0.0005087681347504,0.5263220071792603,22.3359375,26.949615478515625,0.4528416395187378,1018.1497955322266,20.124425888061523
2024-04-10 13:45:11,0.0017365416279062,0.4267530441284179,29.0625,0.0005087681347504,0.5263220071792603,22.3359375,26.949615478515625,0.4528416395187378,1018.1497955322266,20.124425888061523
2024-04-10 13:45:12,0.0017365416279062,0.4267530441284179,29.0625,0.0005087681347504,0.5263220071792603,22.3359375,26.949615478515625,0.4528416395187378,1018.1497955322266,20.124425888061523
2024-04-10 13:45:13,0.0017365416279062,0.4267530441284179,29.0625,0.0005087681347504,0.5263220071792603,22.3359375,26.949615478515625,0.4528416395187378,1018.1497955322266,20.124425888061523
2024-04-10 13:45:14,0.0017365416279062,0.4267530441284179,29.0625,0.0005087681347504,0.5263220071792603,22.3359375,26.949615478515625,0.4528416395187378,1018.1497955322266,20.13185310363769
2024-04-10 13:45:15,0.0017365416279062,0.4267530441284179,29.0625,0.0005087681347504,0.5263220071792603,22.3359375,26.949615478515625,0.4528416395187378,1018.1497955322266,20.13185310363769
2024-04-10 13:45:16,0.0017365416279062,0.4267530441284179,29.0625,0.0005087681347504,0.5263220071792603,22.3359375,27.54208374023437,0.4528416395187378,1018.1497955322266,20.13185310363769
2024-04-10 13:45:17,0.0017365416279062,0.4267530441284179,29.0625,0.0005087681347504,0.5263220071792603,22.3359375,27.54208374023437,0.4528416395187378,1018.1497955322266,20.13185310363769
2024-04-10 13:45:18,0.0017365416279062,0.4267530441284179,29.0625,0.0005087681347504,0.5263220071792603,22.3359375,27.54208374023437,0.4528416395187378,1018.1497955322266,20.13185310363769
2024-04-10 13:45:19,0.0017365416279062,0.4267530441284179,29.0625,0.0005087681347504,0.5263220071792603,22.3359375,27.54208374023437,0.4528416395187378,1018.1497955322266,20.13185310363769
2024-04-10 13:45:20,0.0017365416279062,0.4267530441284179,29.0625,0.0005087681347504,0.5263220071792603,22.3359375,27.54208374023437,0.4528416395187378,1018.0680561065674,20.13185310363769
2024-04-10 13:45:21,0.0017365416279062,0.4267530441284179,29.0625,0.0005087681347504,0.5263220071792603,22.3359375,27.54208374023437,0.4528416395187378,1018.0680561065674,20.13185310363769
2024-04-10 13:45:22,0.0017365416279062,0.4267530441284179,29.0625,0.0005087681347504,0.5263220071792603,22.3359375,27.54208374023437,0.4528416395187378,1018.0680561065674,20.12110137939453
2024-04-10 13:45:23,0.0017365416279062,0.4267530441284179,29.0625,0.0005087681347504,0.5263220071792603,22.3359375,27.54208374023437,0.4528416395187378,1018.0680561065674,20.12110137939453
2024-04-10 13:45:24,0.0017365416279062,0.4267530441284179,29.0625,0.0005087681347504,0.5263220071792603,22.3359375,27.54208374023437,0.4528416395187378,1018.0680561065674,20.12110137939453
2024-04-10 13:45:25,0.0017365416279062,0.4267530441284179,29.0625,0.0005087681347504,0.5263220071792603,22.3359375,27.54208374023437,0.4528416395187378,1018.0680561065674,20.12110137939453
2024-04-10 13:45:26,0.0017365416279062,0.4267530441284179,29.0625,0.0005087681347504,0.5263220071792603,22.3359375,27.54208374023437,0.4528416395187378,1018.0680561065674,20.12110137939453
2024-04-10 13:45:27,0.0017365416279062,0.4267530441284179,29.0625,0.0005087681347504,0.5263220071792603,22.3359375,27.54208374023437,0.4508899450302124,1018.124189376831,20.12110137939453
2024-04-10 13:45:28,0.0017365416279062,0.4267530441284179,29.0625,0.0005087681347504,0.5263220071792603,22.3359375,27.54208374023437,0.4508899450302124,1018.124189376831,20.12110137939453
2024-04-10 13:45:29,0.0017365416279062,0.4267530441284179,29.0625,0.0005087681347504,0.5263220071792603,22.3359375,27.54208374023437,0.4508899450302124,1018.124189376831,20.12110137939453
2024-04-10 13:45:30,0.0017365416279062,0.4267530441284179,29.0625,0.0005087681347504,0.5263220071792603,22.3359375,27.54208374023437,0.4508899450302124,1018.124189376831,20.12110137939453
2024-04-10 13:45:31,0.0017365416279062,0.4267530441284179,29.0625,0.0005087681347504,0.5263220071792603,22.3359375,27.54208374023437,0.4508899450302124,1018.124189376831,20.120019912719727
2024-04-10 13:45:32,0.0017365416279062,0.4267530441284179,29.0625,0.0005087681347504,0.5263220071792603,22.3359375,27.54208374023437,0.4508899450302124,1018.124189376831,20.120019912719727
2024-04-10 13:45:33,0.0017365416279062,0.4267530441284179,29.0625,0.0005087681347504,0.5263220071792603,22.3359375,27.54208374023437,0.4508899450302124,1018.124189376831,20.120019912719727
2024-04-10 13:45:34,0.0017365416279062,0.4267530441284179,29.0625,0.0005087681347504,0.5263220071792603,22.3359375,27.54208374023437,0.4508899450302124,1018.0835342407228,20.120019912719727
2024-04-10 13:45:35,0.0017365416279062,0.4267530441284179,29.0625,0.0005087681347504,0.5263220071792603,22.3359375,27.54208374023437,0.4508899450302124,1018.0835342407228,20.120019912719727
2024-04-10 13:45:36,0.0017365416279062,0.4267530441284179,29.0625,0.0005087681347504,0.5263220071792603,22.3359375,27.54208374023437,0.4508899450302124,1018.0835342407228,20.120019912719727
2024-04-10 13:45:37,0.0017365416279062,0.4267530441284179,29.0625,0.0005087681347504,0.5263220071792603,22.3359375,27.54208374023437,0.4508899450302124,1018.0835342407228,20.120019912719727
2024-04-10 13:45:38,0.0017365416279062,0.4267530441284179,29.0625,0.0005087681347504,0.5263220071792603,22.3359375,27.54208374023437,0.4508899450302124,1018.0835342407228,20.120019912719727
2024-04-10 13:45:39,0.0017365416279062,0.4267530441284179,29.0625,0.0005087681347504,0.5263220071792603,22.3359375,27.54208374023437,0.4508899450302124,1018.0835342407228,20.105531692504883
2024-04-10 13:45:40,0.0017365416279062,0.4267530441284179,29.0625,0.0005087681347504,0.5263220071792603,22.3359375,27.54208374023437,0.4508899450302124,1018.0835342407228,20.105531692504883
2024-04-10 13:45:41,0.0017365416279062,0.4267530441284179,29.0625,0.0005087681347504,0.5263220071792603,22.3359375,27.54208374023437,0.4508899450302124,1018.0892276763916,20.105531692504883
2024-04-10 13:45:42,0.0017365416279062,0.4267530441284179,29.0625,0.0005087681347504,0.5263220071792603,22.3359375,27.54208374023437,0.4508899450302124,1018.0892276763916,20.105531692504883
2024-04-10 13:45:43,0.0017365416279062,0.4267530441284179,29.0625,0.0005087681347504,0.5263220071792603,22.3359375,27.54208374023437,0.4508899450302124,1018.0892276763916,20.105531692504883
2024-04-10 13:45:44,0.0017365416279062,0.4267530441284179,29.0625,0.0005087681347504,0.5263220071792603,22.3359375,27.54208374023437,0.4508899450302124,1018.0892276763916,20.105531692504883
2024-04-10 13:45:45,0.0017365416279062,0.4267530441284179,29.0625,0.0005087681347504,0.5263220071792603,22.3359375,27.54208374023437,0.4508899450302124,1018.0892276763916,20.105531692504883
2024-04-10 13:45:46,0.0017365416279062,0.4267530441284179,29.0625,0.0005087681347504,0.5263220071792603,22.3359375,27.54208374023437,0.4508899450302124,1018.0892276763916,20.105531692504883
2024-04-10 13:45:47,0.0017365416279062,0.4267530441284179,29.0625,0.0005087681347504,0.5263220071792603,22.3359375,27.54208374023437,0.4508899450302124,1018.0892276763916,20.097475051879883
2024-04-10 13:45:48,0.0017365416279062,0.4267530441284179,29.0625,0.0005087681347504,0.5263220071792603,22.3359375,27.54208374023437,0.4508899450302124,1018.0892276763916,20.097475051879883
2024-04-10 13:45:49,0.0017365416279062,0.4267530441284179,29.0625,0.0005087681347504,0.5263220071792603,22.3359375,27.54208374023437,0.4508899450302124,1018.0892276763916,20.097475051879883
2024-04-10 13:45:50,0.0017365416279062,0.4267530441284179,29.0625,0.0005087681347504,0.5263220071792603,22.3359375,27.54208374023437,0.4508899450302124,1018.0892276763916,20.097475051879883
2024-04-10 13:45:51,0.0017365416279062,0.4267530441284179,29.0625,0.0005087681347504,0.5263220071792603,22.3359375,27.54208374023437,0.4508899450302124,1018.115463256836,20.097475051879883
2024-04-10 13:45:52,0.0017365416279062,0.4267530441284179,29.0625,0.0005087681347504,0.5263220071792603,22.3359375,27.54208374023437,0.4508899450302124,1018.115463256836,20.097475051879883
2024-04-10 13:45:53,0.0017365416279062,0.4267530441284179,29.0625,0.0005087681347504,0.5263220071792603,22.3359375,27.54208374023437,0.4508899450302124,1018.115463256836,20.097475051879883
2024-04-10 13:45:54,0.0017365416279062,0.4267530441284179,29.0625,0.0005087681347504,0.5263220071792603,22.3359375,27.54208374023437,0.4508899450302124,1018.115463256836,20.097475051879883
2024-04-10 13:45:55,0.0017365416279062,0.4267530441284179,29.0625,0.0005087681347504,0.5263220071792603,22.3359375,27.54208374023437,0.4508899450302124,1018.115463256836,20.09989547729492
2024-04-10 13:45:56,0.0017365416279062,0.4267530441284179,29.0625,0.0005087681347504,0.5263220071792603,22.3359375,27.54208374023437,0.4508899450302124,1018.115463256836,20.09989547729492
2024-04-10 13:45:57,0.0017365416279062,0.4267530441284179,29.0625,0.0005087681347504,0.5263220071792603,22.3359375,27.54208374023437,0.4508899450302124,1018.115463256836,20.09989547729492
2024-04-10 13:45:58,0.0017365416279062,0.4267530441284179,29.0625,0.0005087681347504,0.5263220071792603,22.3359375,27.54208374023437,0.4508899450302124,1018.0515193939208,20.09989547729492
2024-04-10 13:45:59,0.0017365416279062,0.4267530441284179,29.0625,0.0005087681347504,0.5263220071792603,22.3359375,27.54208374023437,0.4508899450302124,1018.0515193939208,20.09989547729492
2024-04-10 13:46:00,0.0017365416279062,0.4267530441284179,29.0625,0.0005087681347504,0.5263220071792603,22.3359375,27.54208374023437,0.4508899450302124,1018.0515193939208,20.09989547729492
2024-04-10 13:46:01,0.0017365416279062,0.4267530441284179,29.0625,0.0005087681347504,0.5263220071792603,22.3359375,27.54208374023437,0.4508899450302124,1018.0515193939208,20.09989547729492
2024-04-10 13:46:02,0.0017365416279062,0.4267530441284179,29.0625,0.0005087681347504,0.5263220071792603,22.3359375,27.54208374023437,0.4508899450302124,1018.0515193939208,20.09989547729492
2024-04-10 13:46:03,0.0017365416279062,0.4267530441284179,29.0625,0.0005087681347504,0.5263220071792603,22.3359375,27.54208374023437,0.4508899450302124,1018.0515193939208,20.101131439208984
2024-04-10 13:46:04,0.0017365416279062,0.4267530441284179,29.0625,0.0005087681347504,0.5263220071792603,22.3359375,27.54208374023437,0.4508899450302124,1018.0515193939208,20.101131439208984
2024-04-10 13:46:05,0.0017365416279062,0.4267530441284179,29.0625,0.0005087681347504,0.5263220071792603,22.3359375,27.54208374023437,0.4508899450302124,1018.0515193939208,20.101131439208984
2024-04-10 13:46:06,0.0017365416279062,0.4267530441284179,29.0625,0.0005087681347504,0.5263220071792603,22.3359375,27.54208374023437,0.4508899450302124,1018.0515193939208,20.101131439208984
2024-04-10 13:46:07,0.0017365416279062,0.4267530441284179,29.0625,0.0005087681347504,0.5263220071792603,22.3359375,27.54208374023437,0.4508899450302124,1018.0515193939208,20.101131439208984
2024-04-10 13:46:08,0.0017365416279062,0.4267530441284179,29.0625,0.0005087681347504,0.5263220071792603,22.3359375,27.54208374023437,0.4508899450302124,1018.0922317504884,20.101131439208984
2024-04-10 13:46:09,0.0017365416279062,0.4267530441284179,29.0625,0.0005087681347504,0.5263220071792603,22.3359375,27.54208374023437,0.4508899450302124,1018.0922317504884,20.101131439208984
2024-04-10 13:46:10,0.0017365416279062,0.4267530441284179,29.0625,0.0005087681347504,0.5263220071792603,22.3359375,27.54208374023437,0.4508899450302124,1018.0922317504884,20.10136032104492
2024-04-10 13:46:11,0.0017365416279062,0.4267530441284179,29.0625,0.0005087681347504,0.5263220071792603,22.3359375,27.54208374023437,0.4508899450302124,1018.0922317504884,20.10136032104492
2024-04-10 13:46:12,0.0017365416279062,0.4267530441284179,29.0625,0.0005087681347504,0.5263220071792603,22.3359375,27.54208374023437,0.4508899450302124,1018.0922317504884,20.10136032104492
2024-04-10 13:46:13,0.0017365416279062,0.4267530441284179,29.0625,0.0005087681347504,0.5263220071792603,22.3359375,27.54208374023437,0.4508899450302124,1018.0516052246094,20.10136032104492
2024-04-10 13:46:14,0.0017365416279062,0.4267530441284179,29.0625,0.0005087681347504,0.5263220071792603,22.3359375,27.54208374023437,0.4508899450302124,1018.0516052246094,20.10136032104492
2024-04-10 13:46:15,0.0017365416279062,0.4267530441284179,29.0625,0.0005087681347504,0.5263220071792603,22.3359375,27.54208374023437,0.4508899450302124,1018.0516052246094,20.10136032104492
2024-04-10 13:46:16,0.0017365416279062,0.4267530441284179,29.0625,0.0005087681347504,0.5263220071792603,22.3359375,27.54208374023437,0.4508899450302124,1018.0516052246094,20.10136032104492
2024-04-10 13:46:17,0.0017365416279062,0.4267530441284179,29.0625,0.0005087681347504,0.5263220071792603,22.3359375,26.974639892578125,0.4508899450302124,1018.0516052246094,20.10136032104492
2024-04-10 13:46:18,0.0017365416279062,0.4267530441284179,29.0625,0.0005087681347504,0.5263220071792603,22.3359375,26.974639892578125,0.4508899450302124,1018.0516052246094,20.083478927612305
2024-04-10 13:46:19,0.0017365416279062,0.4267530441284179,29.0625,0.0005087681347504,0.5263220071792603,22.3359375,26.974639892578125,0.4508899450302124,1018.0516052246094,20.083478927612305
2024-04-10 13:46:20,0.0017365416279062,0.4267530441284179,29.0625,0.0005087681347504,0.5263220071792603,22.3359375,26.974639892578125,0.4508899450302124,1018.0516052246094,20.083478927612305
2024-04-10 13:46:21,0.0017365416279062,0.4267530441284179,29.0625,0.0005087681347504,0.5263220071792603,22.3359375,26.974639892578125,0.4508899450302124,1018.0516052246094,20.083478927612305
2024-04-10 13:46:22,0.0017365416279062,0.4267530441284179,29.0625,0.0005087681347504,0.5263220071792603,22.3359375,26.974639892578125,0.4508899450302124,1018.0778694152832,20.083478927612305
2024-04-10 13:46:23,0.0017365416279062,0.4267530441284179,29.0625,0.0005087681347504,0.5263220071792603,22.3359375,26.974639892578125,0.4508899450302124,1018.0778694152832,20.083478927612305
2024-04-10 13:46:24,0.0017365416279062,0.4267530441284179,29.0625,0.0005087681347504,0.5263220071792603,22.3359375,26.974639892578125,0.4508899450302124,1018.0778694152832,20.083478927612305
2024-04-10 13:46:25,0.0017365416279062,0.4267530441284179,29.0625,0.0005087681347504,0.5263220071792603,22.3359375,26.974639892578125,0.4508899450302124,1018.0778694152832,20.083478927612305
2024-04-10 13:46:26,0.0017365416279062,0.4267530441284179,29.0625,0.0005087681347504,0.5263220071792603,22.3359375,26.974639892578125,0.4508899450302124,1018.0778694152832,20.08359909057617
2024-04-10 13:46:27,0.0017365416279062,0.4267530441284179,29.0625,0.0005087681347504,0.5263220071792603,22.3359375,26.974639892578125,0.4508899450302124,1018.0778694152832,20.08359909057617
2024-04-10 13:46:28,0.0017365416279062,0.4267530441284179,29.0625,0.0005087681347504,0.5263220071792603,22.3359375,26.974639892578125,0.4508899450302124,1018.0778694152832,20.08359909057617
2024-04-10 13:46:29,0.0017365416279062,0.4267530441284179,29.0625,0.0005087681347504,0.5263220071792603,22.3359375,26.974639892578125,0.4538160860538482,1018.0778694152832,20.08359909057617
2024-04-10 13:46:30,0.0017365416279062,0.4267530441284179,29.0625,0.0005087681347504,0.5263220071792603,22.3359375,26.974639892578125,0.4538160860538482,1018.0778694152832,20.08359909057617
2024-04-10 13:46:31,0.0017365416279062,0.4267530441284179,29.0625,0.0005087681347504,0.5263220071792603,22.3359375,26.974639892578125,0.4538160860538482,1018.0778694152832,20.08359909057617
2024-04-10 13:46:32,0.0017365416279062,0.4267530441284179,29.0625,0.0005087681347504,0.5263220071792603,22.3359375,26.974639892578125,0.4538160860538482,1018.078498840332,20.08359909057617
2024-04-10 13:46:33,0.0017365416279062,0.4267530441284179,29.0625,0.0005087681347504,0.5263220071792603,22.3359375,26.974639892578125,0.4538160860538482,1018.078498840332,20.054576873779297
2024-04-10 13:46:34,0.0017365416279062,0.4267530441284179,29.0625,0.0005087681347504,0.5263220071792603,22.3359375,26.974639892578125,0.4538160860538482,1018.078498840332,20.054576873779297
2024-04-10 13:46:35,0.0017365416279062,0.4267530441284179,29.0625,0.0005087681347504,0.5263220071792603,22.3359375,26.974639892578125,0.4538160860538482,1018.078498840332,20.054576873779297
2024-04-10 13:46:36,0.0017365416279062,0.4267530441284179,29.0625,0.0005087681347504,0.5263220071792603,22.3359375,26.974639892578125,0.4538160860538482,1018.078498840332,20.054576873779297
2024-04-10 13:46:37,0.0017365416279062,0.4267530441284179,29.0625,0.0005087681347504,0.5263220071792603,22.3359375,26.974639892578125,0.4538160860538482,1018.078498840332,20.054576873779297
2024-04-10 13:46:38,0.0017365416279062,0.4267530441284179,29.0625,0.0005087681347504,0.5263220071792603,22.3359375,26.974639892578125,0.4538160860538482,1018.078498840332,20.054576873779297
2024-04-10 13:46:39,0.0017365416279062,0.4267530441284179,29.0625,0.0005087681347504,0.5263220071792603,22.3359375,26.974639892578125,0.4538160860538482,1018.078498840332,20.054576873779297
2024-04-10 13:46:40,0.0017365416279062,0.4267530441284179,29.0625,0.0005087681347504,0.5263220071792603,22.3359375,26.974639892578125,0.4538160860538482,1018.078498840332,20.054576873779297
2024-04-10 13:46:41,0.0017365416279062,0.4267530441284179,29.0625,0.0005087681347504,0.5263220071792603,22.3359375,26.974639892578125,0.4538160860538482,1018.078498840332,20.054576873779297
2024-04-10 13:46:42,0.0017365416279062,0.4267530441284179,29.0625,0.0005087681347504,0.5263220071792603,22.3359375,26.974639892578125,0.4538160860538482,1018.0595016479492,20.032146453857425
2024-04-10 13:46:43,0.0017365416279062,0.4267530441284179,29.0625,0.0005087681347504,0.5263220071792603,22.3359375,26.974639892578125,0.4538160860538482,1018.0595016479492,20.032146453857425
2024-04-10 13:46:44,0.0017365416279062,0.4267530441284179,29.0625,0.0005087681347504,0.5263220071792603,22.3359375,26.974639892578125,0.4538160860538482,1018.0595016479492,20.032146453857425
2024-04-10 13:46:45,0.0017365416279062,0.4267530441284179,29.0625,0.0005087681347504,0.5263220071792603,22.3359375,26.974639892578125,0.4538160860538482,1018.0595016479492,20.032146453857425
2024-04-10 13:46:46,0.0017365416279062,0.4267530441284179,29.0625,0.0005087681347504,0.5263220071792603,22.3359375,26.974639892578125,0.4538160860538482,1018.082389831543,20.032146453857425
2024-04-10 13:46:47,0.0017365416279062,0.4267530441284179,29.0625,0.0005087681347504,0.5263220071792603,22.3359375,26.974639892578125,0.4538160860538482,1018.082389831543,20.032146453857425
2024-04-10 13:46:48,0.0017365416279062,0.4267530441284179,29.0625,0.0005087681347504,0.5263220071792603,22.3359375,26.974639892578125,0.4538160860538482,1018.082389831543,20.032146453857425
2024-04-10 13:46:49,0.0017365416279062,0.4267530441284179,29.0625,0.0005087681347504,0.5263220071792603,22.3359375,26.974639892578125,0.4538160860538482,1018.082389831543,20.032146453857425
2024-04-10 13:46:50,0.0017365416279062,0.4267530441284179,29.0625,0.0005087681347504,0.5263220071792603,22.3359375,26.974639892578125,0.4538160860538482,1018.082389831543,20.032146453857425
2024-04-10 13:46:51,0.0017365416279062,0.4267530441284179,29.0625,0.0005087681347504,0.5263220071792603,22.3359375,26.974639892578125,0.4538160860538482,1018.082389831543,19.999753952026367
2024-04-10 13:46:52,0.0017365416279062,0.4267530441284179,29.0625,0.0005087681347504,0.5263220071792603,22.3359375,26.974639892578125,0.4538160860538482,1018.082389831543,19.999753952026367
2024-04-10 13:46:53,0.0017365416279062,0.4267530441284179,29.0625,0.0005087681347504,0.5263220071792603,22.3359375,26.974639892578125,0.4538160860538482,1018.082389831543,19.999753952026367
2024-04-10 13:46:54,0.0017365416279062,0.4267530441284179,29.0625,0.0005087681347504,0.5263220071792603,22.3359375,26.974639892578125,0.4538160860538482,1018.1307411193848,19.999753952026367
2024-04-10 13:46:55,0.0017365416279062,0.4267530441284179,29.0625,0.0005087681347504,0.5263220071792603,22.3359375,26.974639892578125,0.4538160860538482,1018.1307411193848,19.999753952026367
2024-04-10 13:46:56,0.0017365416279062,0.4267530441284179,29.0625,0.0005087681347504,0.5263220071792603,22.3359375,26.974639892578125,0.4538160860538482,1018.1307411193848,19.999753952026367
2024-04-10 13:46:57,0.0017365416279062,0.4267530441284179,29.0625,0.0005087681347504,0.5263220071792603,22.3359375,26.974639892578125,0.4538160860538482,1018.1307411193848,19.999753952026367
2024-04-10 13:46:58,0.0017365416279062,0.4267530441284179,29.0625,0.0005087681347504,0.5263220071792603,22.3359375,26.974639892578125,0.4538160860538482,1018.1307411193848,19.999753952026367
2024-04-10 13:46:59,0.0017365416279062,0.4267530441284179,29.0625,0.0005087681347504,0.5263220071792603,22.3359375,26.974639892578125,0.4538160860538482,1018.1307411193848,20.0088005065918
2024-04-10 13:47:00,0.0017365416279062,0.4267530441284179,29.0625,0.0005087681347504,0.5263220071792603,22.3359375,26.974639892578125,0.4538160860538482,1018.1307411193848,20.0088005065918
2024-04-10 13:47:01,0.0017365416279062,0.4267530441284179,29.0625,0.0005087681347504,0.5263220071792603,22.3359375,26.974639892578125,0.4538160860538482,1018.1307411193848,20.0088005065918
2024-04-10 13:47:02,0.0017365416279062,0.4267530441284179,29.0625,0.0005087681347504,0.5263220071792603,22.3359375,26.974639892578125,0.4538160860538482,1018.1307411193848,20.0088005065918
2024-04-10 13:47:03,0.0017365416279062,0.4267530441284179,29.0625,0.0005087681347504,0.5263220071792603,22.3359375,26.974639892578125,0.4538160860538482,1018.1307411193848,20.0088005065918
2024-04-10 13:47:04,0.0017365416279062,0.4267530441284179,29.0625,0.0005087681347504,0.5263220071792603,22.3359375,26.974639892578125,0.4538160860538482,1018.1307411193848,20.0088005065918
2024-04-10 13:47:05,0.0017365416279062,0.4267530441284179,29.0625,0.0005087681347504,0.5263220071792603,22.3359375,26.974639892578125,0.4538160860538482,1018.1307411193848,20.0088005065918
2024-04-10 13:47:06,0.0017365416279062,0.4267530441284179,29.0625,0.0005087681347504,0.5263220071792603,22.3359375,26.974639892578125,0.4538160860538482,1018.11749458313,20.0088005065918
2024-04-10 13:47:07,0.0017365416279062,0.4267530441284179,29.0625,0.0005087681347504,0.5263220071792603,22.3359375,26.974639892578125,0.4538160860538482,1018.11749458313,19.99709892272949
2024-04-10 13:47:08,0.0017365416279062,0.4267530441284179,29.0625,0.0005087681347504,0.5263220071792603,22.3359375,26.974639892578125,0.4538160860538482,1018.11749458313,19.99709892272949
2024-04-10 13:47:09,0.0017365416279062,0.4267530441284179,29.0625,0.0005087681347504,0.5263220071792603,22.3359375,26.974639892578125,0.4538160860538482,1018.11749458313,19.99709892272949
2024-04-10 13:47:10,0.0017365416279062,0.4267530441284179,29.0625,0.0005087681347504,0.5263220071792603,22.3359375,26.974639892578125,0.4538160860538482,1018.120527267456,19.99709892272949
2024-04-10 13:47:11,0.0017365416279062,0.4267530441284179,29.0625,0.0005087681347504,0.5263220071792603,22.3359375,26.974639892578125,0.4538160860538482,1018.120527267456,19.99709892272949
2024-04-10 13:47:12,0.0017365416279062,0.4267530441284179,29.0625,0.0005087681347504,0.5263220071792603,22.3359375,26.974639892578125,0.4538160860538482,1018.120527267456,19.99709892272949
2024-04-10 13:47:13,0.0017365416279062,0.4267530441284179,29.0625,0.0005087681347504,0.5263220071792603,22.3359375,26.974639892578125,0.4538160860538482,1018.120527267456,19.99709892272949
2024-04-10 13:47:14,0.0017365416279062,0.4267530441284179,29.0625,0.0005087681347504,0.5263220071792603,22.3359375,26.974639892578125,0.4538160860538482,1018.120527267456,19.984567642211918
2024-04-10 13:47:15,0.0017365416279062,0.4267530441284179,29.0625,0.0005087681347504,0.5263220071792603,22.3359375,26.974639892578125,0.4538160860538482,1018.120527267456,19.984567642211918
2024-04-10 13:47:16,0.0017365416279062,0.4267530441284179,29.0625,0.0005087681347504,0.5263220071792603,22.3359375,26.974639892578125,0.4538160860538482,1018.120527267456,19.984567642211918
2024-04-10 13:47:17,0.0017365416279062,0.4267530441284179,29.0625,0.0005087681347504,0.5263220071792603,22.3359375,26.974639892578125,0.4538160860538482,1018.120527267456,19.984567642211918
2024-04-10 13:47:18,0.0017365416279062,0.4267530441284179,29.0625,0.0005087681347504,0.5263220071792603,22.3359375,26.974639892578125,0.4538160860538482,1018.120527267456,19.984567642211918
2024-04-10 13:47:19,0.0017365416279062,0.4267530441284179,29.0625,0.0005087681347504,0.5263220071792603,22.3359375,26.77377319335937,0.4538160860538482,1018.120527267456,19.984567642211918
2024-04-10 13:47:20,0.0017365416279062,0.4267530441284179,29.0625,0.0005087681347504,0.5263220071792603,22.3359375,26.77377319335937,0.4538160860538482,1018.1273365020752,19.984567642211918
2024-04-10 13:47:21,0.0017365416279062,0.4267530441284179,29.0625,0.0005087681347504,0.5263220071792603,22.3359375,26.77377319335937,0.4538160860538482,1018.1273365020752,19.98150062561035
2024-04-10 13:47:22,0.0017365416279062,0.4267530441284179,29.0625,0.0005087681347504,0.5263220071792603,22.3359375,26.77377319335937,0.4538160860538482,1018.1273365020752,19.98150062561035
2024-04-10 13:47:23,0.0017365416279062,0.4267530441284179,29.0625,0.0005087681347504,0.5263220071792603,22.3359375,26.77377319335937,0.4538160860538482,1018.1273365020752,19.98150062561035
2024-04-10 13:47:24,0.0017365416279062,0.4267530441284179,29.0625,0.0005087681347504,0.5263220071792603,22.3359375,26.77377319335937,0.4538160860538482,1018.1273365020752,19.98150062561035
2024-04-10 13:47:25,0.0017365416279062,0.4267530441284179,29.0625,0.0005087681347504,0.5263220071792603,22.3359375,26.77377319335937,0.4538160860538482,1018.1273365020752,19.98150062561035
2024-04-10 13:47:26,0.0017365416279062,0.4267530441284179,29.0625,0.0005087681347504,0.5263220071792603,22.3359375,26.77377319335937,0.4538160860538482,1018.1273365020752,19.98150062561035
2024-04-10 13:47:27,0.0017365416279062,0.4267530441284179,29.0625,0.0005087681347504,0.5263220071792603,22.3359375,26.77377319335937,0.4528378844261169,1018.1643295288086,19.98150062561035
2024-04-10 13:47:28,0.0017365416279062,0.4267530441284179,29.0625,0.0005087681347504,0.5263220071792603,22.3359375,26.77377319335937,0.4528378844261169,1018.1643295288086,19.98150062561035
2024-04-10 13:47:29,0.0017365416279062,0.4267530441284179,29.0625,0.0005087681347504,0.5263220071792603,22.3359375,26.77377319335937,0.4528378844261169,1018.1643295288086,19.98150062561035
2024-04-10 13:47:30,0.0017365416279062,0.4267530441284179,29.0625,0.0005087681347504,0.5263220071792603,22.3359375,26.77377319335937,0.4528378844261169,1018.1643295288086,19.98070526123047
2024-04-10 13:47:31,0.0017365416279062,0.4267530441284179,29.0625,0.0005087681347504,0.5263220071792603,22.3359375,26.77377319335937,0.4528378844261169,1018.1643295288086,19.98070526123047
2024-04-10 13:47:32,0.0017365416279062,0.4267530441284179,29.0625,0.0005087681347504,0.5263220071792603,22.3359375,26.77377319335937,0.4528378844261169,1018.1643295288086,19.98070526123047
2024-04-10 13:47:33,0.0017365416279062,0.4267530441284179,29.0625,0.0005087681347504,0.5263220071792603,22.3359375,26.77377319335937,0.4528378844261169,1018.1643295288086,19.98070526123047
2024-04-10 13:47:34,0.0017365416279062,0.4267530441284179,29.0625,0.0005087681347504,0.5263220071792603,22.3359375,26.77377319335937,0.4528378844261169,1018.1078815460204,19.98070526123047
2024-04-10 13:47:35,0.0017365416279062,0.4267530441284179,29.0625,0.0005087681347504,0.5263220071792603,22.3359375,26.77377319335937,0.4528378844261169,1018.1078815460204,19.98070526123047
2024-04-10 13:47:36,0.0017365416279062,0.4267530441284179,29.0625,0.0005087681347504,0.5263220071792603,22.3359375,26.77377319335937,0.4528378844261169,1018.1078815460204,19.98070526123047
2024-04-10 13:47:37,0.0017365416279062,0.4267530441284179,29.0625,0.0005087681347504,0.5263220071792603,22.3359375,26.77377319335937,0.4528378844261169,1018.1078815460204,19.96968460083008
2024-04-10 13:47:38,0.0017365416279062,0.4267530441284179,29.0625,0.0005087681347504,0.5263220071792603,22.3359375,26.77377319335937,0.4528378844261169,1018.1078815460204,19.96968460083008
2024-04-10 13:47:39,0.0017365416279062,0.4267530441284179,29.0625,0.0005087681347504,0.5263220071792603,22.3359375,26.77377319335937,0.4528378844261169,1018.1078815460204,19.96968460083008
2024-04-10 13:47:40,0.0017365416279062,0.4267530441284179,29.0625,0.0005087681347504,0.5263220071792603,22.3359375,26.77377319335937,0.4528378844261169,1018.1078815460204,19.96968460083008
2024-04-10 13:47:41,0.0017365416279062,0.4267530441284179,29.0625,0.0005087681347504,0.5263220071792603,22.3359375,26.77377319335937,0.4528378844261169,1018.1078815460204,19.96968460083008
2024-04-10 13:47:42,0.0017365416279062,0.4267530441284179,29.0625,0.0005087681347504,0.5263220071792603,22.3359375,26.77377319335937,0.4528378844261169,1018.1078815460204,19.96968460083008
2024-04-10 13:47:43,0.0017365416279062,0.4267530441284179,29.0625,0.0005087681347504,0.5263220071792603,22.3359375,26.77377319335937,0.4528378844261169,1018.1078815460204,19.96968460083008
2024-04-10 13:47:44,0.0017365416279062,0.4267530441284179,29.0625,0.0005087681347504,0.5263220071792603,22.3359375,26.77377319335937,0.4528378844261169,1018.1242752075196,19.96968460083008
2024-04-10 13:47:45,0.0017365416279062,0.4267530441284179,29.0625,0.0005087681347504,0.5263220071792603,22.3359375,26.77377319335937,0.4528378844261169,1018.1242752075196,19.96968460083008
2024-04-10 13:47:46,0.0017365416279062,0.4267530441284179,29.0625,0.0005087681347504,0.5263220071792603,22.3359375,26.77377319335937,0.4528378844261169,1018.1242752075196,19.96968460083008
2024-04-10 13:47:47,0.0017365416279062,0.4267530441284179,29.0625,0.0005087681347504,0.5263220071792603,22.3359375,26.77377319335937,0.4528378844261169,1018.1242752075196,19.96968460083008
2024-04-10 13:47:48,0.0017365416279062,0.4267530441284179,29.0625,0.0005087681347504,0.5263220071792603,22.3359375,26.77377319335937,0.4528378844261169,1018.1242752075196,19.9677677154541
2024-04-10 13:47:49,0.0017365416279062,0.4267530441284179,29.0625,0.0005087681347504,0.5263220071792603,22.3359375,26.77377319335937,0.4528378844261169,1018.1242752075196,19.9677677154541
2024-04-10 13:47:50,0.0017365416279062,0.4267530441284179,29.0625,0.0005087681347504,0.5263220071792603,22.3359375,26.77377319335937,0.4528378844261169,1018.1242752075196,19.9677677154541
2024-04-10 13:47:51,0.0017365416279062,0.4267530441284179,29.0625,0.0005087681347504,0.5263220071792603,22.3359375,26.77377319335937,0.4528378844261169,1018.1363773345948,19.9677677154541
2024-04-10 13:47:52,0.0017365416279062,0.4267530441284179,29.0625,0.0005087681347504,0.5263220071792603,22.3359375,26.77377319335937,0.4528378844261169,1018.1363773345948,19.9677677154541
2024-04-10 13:47:53,0.0017365416279062,0.4267530441284179,29.0625,0.0005087681347504,0.5263220071792603,22.3359375,26.77377319335937,0.4528378844261169,1018.1363773345948,19.9677677154541
2024-04-10 13:47:54,0.0017365416279062,0.4267530441284179,29.0625,0.0005087681347504,0.5263220071792603,22.3359375,26.77377319335937,0.4528378844261169,1018.1363773345948,19.98110008239746
2024-04-10 13:47:55,0.0017365416279062,0.4267530441284179,29.0625,0.0005087681347504,0.5263220071792603,22.3359375,26.77377319335937,0.4528378844261169,1018.1363773345948,19.98110008239746
2024-04-10 13:47:56,0.0017365416279062,0.4267530441284179,29.0625,0.0005087681347504,0.5263220071792603,22.3359375,26.77377319335937,0.4528378844261169,1018.1363773345948,19.98110008239746
2024-04-10 13:47:57,0.0017365416279062,0.4267530441284179,29.0625,0.0005087681347504,0.5263220071792603,22.3359375,26.77377319335937,0.4528378844261169,1018.1363773345948,19.98110008239746
2024-04-10 13:47:58,0.0017365416279062,0.4267530441284179,29.0625,0.0005087681347504,0.5263220071792603,22.3359375,26.77377319335937,0.4528378844261169,1018.1003856658936,19.98110008239746
2024-04-10 13:47:59,0.0017365416279062,0.4267530441284179,29.0625,0.0005087681347504,0.5263220071792603,22.3359375,26.77377319335937,0.4528378844261169,1018.1003856658936,19.98110008239746
2024-04-10 13:48:00,0.0017365416279062,0.4267530441284179,29.0625,0.0005087681347504,0.5263220071792603,22.3359375,26.77377319335937,0.4528378844261169,1018.1003856658936,19.98110008239746
2024-04-10 13:48:01,0.0017365416279062,0.4267530441284179,29.0625,0.0005087681347504,0.5263220071792603,22.3359375,26.77377319335937,0.4528378844261169,1018.1003856658936,19.98110008239746
2024-04-10 13:48:02,0.0017365416279062,0.4267530441284179,29.0625,0.0005087681347504,0.5263220071792603,22.3359375,26.77377319335937,0.4528378844261169,1018.1003856658936,19.98162651062012
2024-04-10 13:48:03,0.0017365416279062,0.4267530441284179,29.0625,0.0005087681347504,0.5263220071792603,22.3359375,26.77377319335937,0.4528378844261169,1018.1003856658936,19.98162651062012
2024-04-10 13:48:04,0.0017365416279062,0.4267530441284179,29.0625,0.0005087681347504,0.5263220071792603,22.3359375,26.77377319335937,0.4528378844261169,1018.1003856658936,19.98162651062012
2024-04-10 13:48:05,0.0017365416279062,0.4267530441284179,29.0625,0.0005087681347504,0.5263220071792603,22.3359375,26.77377319335937,0.4528378844261169,1018.1003856658936,19.98162651062012
2024-04-10 13:48:06,0.0017365416279062,0.4267530441284179,29.0625,0.0005087681347504,0.5263220071792603,22.3359375,26.77377319335937,0.4528378844261169,1018.15691947937,19.98162651062012
2024-04-10 13:48:07,0.0017365416279062,0.4267530441284179,29.0625,0.0005087681347504,0.5263220071792603,22.3359375,26.77377319335937,0.4528378844261169,1018.15691947937,19.98162651062012
2024-04-10 13:48:08,0.0017365416279062,0.4267530441284179,29.0625,0.0005087681347504,0.5263220071792603,22.3359375,26.77377319335937,0.4528378844261169,1018.15691947937,19.98162651062012
2024-04-10 13:48:09,0.0017365416279062,0.4267530441284179,29.0625,0.0005087681347504,0.5263220071792603,22.3359375,26.77377319335937,0.4528378844261169,1018.15691947937,19.98162651062012
2024-04-10 13:48:10,0.0017365416279062,0.4267530441284179,29.0625,0.0005087681347504,0.5263220071792603,22.3359375,26.77377319335937,0.4528378844261169,1018.15691947937,19.98162651062012
2024-04-10 13:48:11,0.0017365416279062,0.4267530441284179,29.0625,0.0005087681347504,0.5263220071792603,22.3359375,26.77377319335937,0.4528378844261169,1018.15691947937,19.9985466003418
2024-04-10 13:48:12,0.0017365416279062,0.4267530441284179,29.0625,0.0005087681347504,0.5263220071792603,22.3359375,26.77377319335937,0.4528378844261169,1018.15691947937,19.9985466003418
2024-04-10 13:48:13,0.0017365416279062,0.4267530441284179,29.0625,0.0005087681347504,0.5263220071792603,22.3359375,26.77377319335937,0.4528378844261169,1018.15691947937,19.9985466003418
2024-04-10 13:48:14,0.0017365416279062,0.4267530441284179,29.0625,0.0005087681347504,0.5263220071792603,22.3359375,26.77377319335937,0.4528378844261169,1018.15691947937,19.9985466003418
2024-04-10 13:48:15,0.0017365416279062,0.4267530441284179,29.0625,0.0005087681347504,0.5263220071792603,22.3359375,26.943084716796875,0.4528378844261169,1018.1884479522704,19.9985466003418
2024-04-10 13:48:16,0.0017365416279062,0.4267530441284179,29.0625,0.0005087681347504,0.5263220071792603,22.3359375,26.943084716796875,0.4528378844261169,1018.1884479522704,19.9985466003418
2024-04-10 13:48:17,0.0017365416279062,0.4267530441284179,29.0625,0.0005087681347504,0.5263220071792603,22.3359375,26.943084716796875,0.4528378844261169,1018.1884479522704,19.9985466003418
2024-04-10 13:48:18,0.0017365416279062,0.4267530441284179,29.0625,0.0005087681347504,0.5263220071792603,22.3359375,26.943084716796875,0.4528378844261169,1018.1884479522704,20.011232376098636
2024-04-10 13:48:19,0.0017365416279062,0.4267530441284179,29.0625,0.0005087681347504,0.5263220071792603,22.3359375,26.943084716796875,0.4528378844261169,1018.1884479522704,20.011232376098636
2024-04-10 13:48:20,0.0017365416279062,0.4267530441284179,29.0625,0.0005087681347504,0.5263220071792603,22.3359375,26.943084716796875,0.4528378844261169,1018.1884479522704,20.011232376098636
2024-04-10 13:48:21,0.0017365416279062,0.4267530441284179,29.0625,0.0005087681347504,0.5263220071792603,22.3359375,26.943084716796875,0.4528378844261169,1018.1977462768556,20.011232376098636
2024-04-10 13:48:22,0.0017365416279062,0.4267530441284179,29.0625,0.0005087681347504,0.5263220071792603,22.3359375,26.943084716796875,0.4528378844261169,1018.1977462768556,20.011232376098636
2024-04-10 13:48:23,0.0017365416279062,0.4267530441284179,29.0625,0.0005087681347504,0.5263220071792603,22.3359375,26.943084716796875,0.4528378844261169,1018.1977462768556,20.011232376098636
2024-04-10 13:48:24,0.0017365416279062,0.4267530441284179,29.0625,0.0005087681347504,0.5263220071792603,22.3359375,26.943084716796875,0.4528378844261169,1018.1977462768556,20.011232376098636
2024-04-10 13:48:25,0.0017365416279062,0.4267530441284179,29.0625,0.0005087681347504,0.5263220071792603,22.3359375,26.943084716796875,0.4528378844261169,1018.1977462768556,20.011232376098636
2024-04-10 13:48:26,0.0017365416279062,0.4267530441284179,29.0625,0.0005087681347504,0.5263220071792603,22.3359375,26.943084716796875,0.4528378844261169,1018.1977462768556,20.03204345703125
2024-04-10 13:48:27,0.0017365416279062,0.4267530441284179,29.0625,0.0005087681347504,0.5263220071792603,22.3359375,26.943084716796875,0.4528378844261169,1018.1977462768556,20.03204345703125
2024-04-10 13:48:28,0.0017365416279062,0.4267530441284179,29.0625,0.0005087681347504,0.5263220071792603,22.3359375,26.943084716796875,0.4528378844261169,1018.1977462768556,20.03204345703125
2024-04-10 13:48:29,0.0017365416279062,0.4267530441284179,29.0625,0.0005087681347504,0.5263220071792603,22.3359375,26.943084716796875,0.4518341422080993,1018.1977462768556,20.03204345703125
2024-04-10 13:48:30,0.0017365416279062,0.4267530441284179,29.0625,0.0005087681347504,0.5263220071792603,22.3359375,26.943084716796875,0.4518341422080993,1018.1977462768556,20.03204345703125
2024-04-10 13:48:31,0.0017365416279062,0.4267530441284179,29.0625,0.0005087681347504,0.5263220071792603,22.3359375,26.943084716796875,0.4518341422080993,1018.1532573699952,20.03204345703125
2024-04-10 13:48:32,0.0017365416279062,0.4267530441284179,29.0625,0.0005087681347504,0.5263220071792603,22.3359375,26.943084716796875,0.4518341422080993,1018.1532573699952,20.03204345703125
2024-04-10 13:48:33,0.0017365416279062,0.4267530441284179,29.0625,0.0005087681347504,0.5263220071792603,22.3359375,26.943084716796875,0.4518341422080993,1018.1532573699952,20.03204345703125
2024-04-10 13:48:34,0.0017365416279062,0.4267530441284179,29.0625,0.0005087681347504,0.5263220071792603,22.3359375,26.943084716796875,0.4518341422080993,1018.1532573699952,20.03204345703125
2024-04-10 13:48:35,0.0017365416279062,0.4267530441284179,29.0625,0.0005087681347504,0.5263220071792603,22.3359375,26.943084716796875,0.4518341422080993,1018.1532573699952,20.025171279907227
2024-04-10 13:48:36,0.0017365416279062,0.4267530441284179,29.0625,0.0005087681347504,0.5263220071792603,22.3359375,26.943084716796875,0.4518341422080993,1018.1532573699952,20.025171279907227
2024-04-10 13:48:37,0.0017365416279062,0.4267530441284179,29.0625,0.0005087681347504,0.5263220071792603,22.3359375,26.943084716796875,0.4518341422080993,1018.1532573699952,20.025171279907227
2024-04-10 13:48:38,0.0017365416279062,0.4267530441284179,29.0625,0.0005087681347504,0.5263220071792603,22.3359375,26.943084716796875,0.4518341422080993,1018.1532573699952,20.025171279907227
2024-04-10 13:48:39,0.0017365416279062,0.4267530441284179,29.0625,0.0005087681347504,0.5263220071792603,22.3359375,26.943084716796875,0.4518341422080993,1018.1532573699952,20.025171279907227
2024-04-10 13:48:40,0.0017365416279062,0.4267530441284179,29.0625,0.0005087681347504,0.5263220071792603,22.3359375,26.943084716796875,0.4518341422080993,1018.1532573699952,20.025171279907227
2024-04-10 13:48:41,0.0017365416279062,0.4267530441284179,29.0625,0.0005087681347504,0.5263220071792603,22.3359375,26.943084716796875,0.4518341422080993,1018.1532573699952,20.023557662963867
2024-04-10 13:48:42,0.0017365416279062,0.4267530441284179,29.0625,0.0005087681347504,0.5263220071792603,22.3359375,26.943084716796875,0.4518341422080993,1018.1295680999756,20.023557662963867
2024-04-10 13:48:43,0.0017365416279062,0.4267530441284179,29.0625,0.0005087681347504,0.5263220071792603,22.3359375,26.943084716796875,0.4518341422080993,1018.1295680999756,20.023557662963867
2024-04-10 13:48:44,0.0017365416279062,0.4267530441284179,29.0625,0.0005087681347504,0.5263220071792603,22.3359375,26.943084716796875,0.4518341422080993,1018.1295680999756,20.023557662963867
2024-04-10 13:48:45,0.0017365416279062,0.4267530441284179,29.0625,0.0005087681347504,0.5263220071792603,22.3359375,26.943084716796875,0.4518341422080993,1018.1838130950928,20.023557662963867
2024-04-10 13:48:46,0.0017365416279062,0.4267530441284179,29.0625,0.0005087681347504,0.5263220071792603,22.3359375,26.943084716796875,0.4518341422080993,1018.1838130950928,20.023557662963867
2024-04-10 13:48:47,0.0017365416279062,0.4267530441284179,29.0625,0.0005087681347504,0.5263220071792603,22.3359375,26.943084716796875,0.4518341422080993,1018.1838130950928,20.023557662963867
2024-04-10 13:48:48,0.0017365416279062,0.4267530441284179,29.0625,0.0005087681347504,0.5263220071792603,22.3359375,26.943084716796875,0.4518341422080993,1018.1838130950928,20.023557662963867
2024-04-10 13:48:49,0.0017365416279062,0.4267530441284179,29.0625,0.0005087681347504,0.5263220071792603,22.3359375,26.943084716796875,0.4518341422080993,1018.1838130950928,20.023557662963867
2024-04-10 13:48:50,0.0017365416279062,0.4267530441284179,29.0625,0.0005087681347504,0.5263220071792603,22.3359375,26.943084716796875,0.4518341422080993,1018.1838130950928,20.023557662963867
2024-04-10 13:48:51,0.0017365416279062,0.4267530441284179,29.0625,0.0005087681347504,0.5263220071792603,22.3359375,26.943084716796875,0.4518341422080993,1018.1838130950928,20.023557662963867
2024-04-10 13:48:52,0.0017365416279062,0.4267530441284179,29.0625,0.0005087681347504,0.5263220071792603,22.3359375,26.943084716796875,0.4518341422080993,1018.1838130950928,19.99263572692871
2024-04-10 13:48:53,0.0017365416279062,0.4267530441284179,29.0625,0.0005087681347504,0.5263220071792603,22.3359375,26.943084716796875,0.4518341422080993,1018.1838130950928,19.99263572692871
2024-04-10 13:48:54,0.0017365416279062,0.4267530441284179,29.0625,0.0005087681347504,0.5263220071792603,22.3359375,26.943084716796875,0.4518341422080993,1018.1838130950928,19.99263572692871
2024-04-10 13:48:55,0.0017365416279062,0.4267530441284179,29.0625,0.0005087681347504,0.5263220071792603,22.3359375,26.943084716796875,0.4518341422080993,1018.1702518463136,19.99263572692871
2024-04-10 13:48:56,0.0017365416279062,0.4267530441284179,29.0625,0.0005087681347504,0.5263220071792603,22.3359375,26.943084716796875,0.4518341422080993,1018.1702518463136,19.99263572692871
2024-04-10 13:48:57,0.0017365416279062,0.4267530441284179,29.0625,0.0005087681347504,0.5263220071792603,22.3359375,26.943084716796875,0.4518341422080993,1018.1702518463136,19.99263572692871
2024-04-10 13:48:58,0.0017365416279062,0.4267530441284179,29.0625,0.0005087681347504,0.5263220071792603,22.3359375,26.943084716796875,0.4518341422080993,1018.1702518463136,19.99263572692871
2024-04-10 13:48:59,0.0017365416279062,0.4267530441284179,29.0625,0.0005087681347504,0.5263220071792603,22.3359375,26.943084716796875,0.4518341422080993,1018.1702518463136,20.0047664642334
2024-04-10 13:49:00,0.0017365416279062,0.4267530441284179,29.0625,0.0005087681347504,0.5263220071792603,22.3359375,26.943084716796875,0.4518341422080993,1018.1702518463136,20.0047664642334
2024-04-10 13:49:01,0.0017365416279062,0.4267530441284179,29.0625,0.0005087681347504,0.5263220071792603,22.3359375,26.943084716796875,0.4518341422080993,1018.1702518463136,20.0047664642334
2024-04-10 13:49:02,0.0017365416279062,0.4267530441284179,29.0625,0.0005087681347504,0.5263220071792603,22.3359375,26.943084716796875,0.4518341422080993,1018.1345462799072,20.0047664642334
2024-04-10 13:49:03,0.0017365416279062,0.4267530441284179,29.0625,0.0005087681347504,0.5263220071792603,22.3359375,26.943084716796875,0.4518341422080993,1018.1345462799072,20.0047664642334
2024-04-10 13:49:04,0.0017365416279062,0.4267530441284179,29.0625,0.0005087681347504,0.5263220071792603,22.3359375,26.943084716796875,0.4518341422080993,1018.1345462799072,20.0047664642334
2024-04-10 13:49:05,0.0017365416279062,0.4267530441284179,29.0625,0.0005087681347504,0.5263220071792603,22.3359375,26.943084716796875,0.4518341422080993,1018.1345462799072,20.0047664642334
2024-04-10 13:49:06,0.0017365416279062,0.4267530441284179,29.0625,0.0005087681347504,0.5263220071792603,22.3359375,26.943084716796875,0.4518341422080993,1018.1345462799072,20.0047664642334
2024-04-10 13:49:07,0.0017365416279062,0.4267530441284179,29.0625,0.0005087681347504,0.5263220071792603,22.3359375,26.943084716796875,0.4518341422080993,1018.1345462799072,20.0047664642334
2024-04-10 13:49:08,0.0017365416279062,0.4267530441284179,29.0625,0.0005087681347504,0.5263220071792603,22.3359375,26.943084716796875,0.4518341422080993,1018.1345462799072,20.01512336730957
2024-04-10 13:49:09,0.0017365416279062,0.4267530441284179,29.0625,0.0005087681347504,0.5263220071792603,22.3359375,26.943084716796875,0.4518341422080993,1018.1708526611328,20.01512336730957
2024-04-10 13:49:10,0.0017365416279062,0.4267530441284179,29.0625,0.0005087681347504,0.5263220071792603,22.3359375,26.943084716796875,0.4518341422080993,1018.1708526611328,20.01512336730957
2024-04-10 13:49:11,0.0017365416279062,0.4267530441284179,29.0625,0.0005087681347504,0.5263220071792603,22.3359375,26.943084716796875,0.4518341422080993,1018.1708526611328,20.01512336730957
2024-04-10 13:49:12,0.0017365416279062,0.4267530441284179,29.0625,0.0005087681347504,0.5263220071792603,22.3359375,26.943084716796875,0.4518341422080993,1018.1708526611328,20.01512336730957
2024-04-10 13:49:13,0.0017365416279062,0.4267530441284179,29.0625,0.0005087681347504,0.5263220071792603,22.3359375,26.943084716796875,0.4518341422080993,1018.1708526611328,20.01512336730957
2024-04-10 13:49:14,0.0017365416279062,0.4267530441284179,29.0625,0.0005087681347504,0.5263220071792603,22.3359375,26.943084716796875,0.4518341422080993,1018.1708526611328,20.0234432220459
2024-04-10 13:49:15,0.0017365416279062,0.4267530441284179,29.0625,0.0005087681347504,0.5263220071792603,22.3359375,26.943084716796875,0.4518341422080993,1018.1708526611328,20.0234432220459
2024-04-10 13:49:16,0.0017365416279062,0.4267530441284179,29.0625,0.0005087681347504,0.5263220071792603,22.3359375,26.943084716796875,0.4518341422080993,1018.1708526611328,20.0234432220459
2024-04-10 13:49:17,0.0017365416279062,0.4267530441284179,29.0625,0.0005087681347504,0.5263220071792603,22.3359375,27.380889892578125,0.4518341422080993,1018.1708526611328,20.0234432220459
2024-04-10 13:49:18,0.0017365416279062,0.4267530441284179,29.0625,0.0005087681347504,0.5263220071792603,22.3359375,27.380889892578125,0.4518341422080993,1018.1708526611328,20.0234432220459
2024-04-10 13:49:19,0.0017365416279062,0.4267530441284179,29.0625,0.0005087681347504,0.5263220071792603,22.3359375,27.380889892578125,0.4518341422080993,1018.1708526611328,20.0234432220459
2024-04-10 13:49:20,0.0017365416279062,0.4267530441284179,29.0625,0.0005087681347504,0.5263220071792603,22.3359375,27.380889892578125,0.4518341422080993,1018.1797790527344,20.0234432220459
2024-04-10 13:49:21,0.0017365416279062,0.4267530441284179,29.0625,0.0005087681347504,0.5263220071792603,22.3359375,27.380889892578125,0.4518341422080993,1018.1797790527344,20.0234432220459
2024-04-10 13:49:22,0.0017365416279062,0.4267530441284179,29.0625,0.0005087681347504,0.5263220071792603,22.3359375,27.380889892578125,0.4518341422080993,1018.1797790527344,20.036529541015625
2024-04-10 13:49:23,0.0017365416279062,0.4267530441284179,29.0625,0.0005087681347504,0.5263220071792603,22.3359375,27.380889892578125,0.4518341422080993,1018.1797790527344,20.036529541015625
2024-04-10 13:49:24,0.0017365416279062,0.4267530441284179,29.0625,0.0005087681347504,0.5263220071792603,22.3359375,27.380889892578125,0.4518341422080993,1018.1797790527344,20.036529541015625
2024-04-10 13:49:25,0.0017365416279062,0.4267530441284179,29.0625,0.0005087681347504,0.5263220071792603,22.3359375,27.380889892578125,0.4518341422080993,1018.1797790527344,20.036529541015625
2024-04-10 13:49:26,0.0017365416279062,0.4267530441284179,29.0625,0.0005087681347504,0.5263220071792603,22.3359375,27.380889892578125,0.4518341422080993,1018.2211208343506,20.036529541015625
2024-04-10 13:49:27,0.0017365416279062,0.4267530441284179,29.0625,0.0005087681347504,0.5263220071792603,22.3359375,27.380889892578125,0.4518341422080993,1018.2211208343506,20.036529541015625
2024-04-10 13:49:28,0.0017365416279062,0.4267530441284179,29.0625,0.0005087681347504,0.5263220071792603,22.3359375,27.380889892578125,0.4518341422080993,1018.2211208343506,20.036529541015625
2024-04-10 13:49:29,0.0017365416279062,0.4267530441284179,29.0625,0.0005087681347504,0.5263220071792603,22.3359375,27.380889892578125,0.4508266448974609,1018.2211208343506,20.036529541015625
2024-04-10 13:49:30,0.0017365416279062,0.4267530441284179,29.0625,0.0005087681347504,0.5263220071792603,22.3359375,27.380889892578125,0.4508266448974609,1018.2211208343506,20.03197479248047
2024-04-10 13:49:31,0.0017365416279062,0.4267530441284179,29.0625,0.0005087681347504,0.5263220071792603,22.3359375,27.380889892578125,0.4508266448974609,1018.2211208343506,20.03197479248047
2024-04-10 13:49:32,0.0017365416279062,0.4267530441284179,29.0625,0.0005087681347504,0.5263220071792603,22.3359375,27.380889892578125,0.4508266448974609,1018.2211208343506,20.03197479248047
2024-04-10 13:49:33,0.0017365416279062,0.4267530441284179,29.0625,0.0005087681347504,0.5263220071792603,22.3359375,27.380889892578125,0.4508266448974609,1018.2211208343506,20.03197479248047
2024-04-10 13:49:34,0.0017365416279062,0.4267530441284179,29.0625,0.0005087681347504,0.5263220071792603,22.3359375,27.380889892578125,0.4508266448974609,1018.2211208343506,20.03197479248047
2024-04-10 13:49:35,0.0017365416279062,0.4267530441284179,29.0625,0.0005087681347504,0.5263220071792603,22.3359375,27.380889892578125,0.4508266448974609,1018.2211208343506,20.03197479248047
2024-04-10 13:49:36,0.0017365416279062,0.4267530441284179,29.0625,0.0005087681347504,0.5263220071792603,22.3359375,27.380889892578125,0.4508266448974609,1018.1730556488036,20.03197479248047
2024-04-10 13:49:37,0.0017365416279062,0.4267530441284179,29.0625,0.0005087681347504,0.5263220071792603,22.3359375,27.380889892578125,0.4508266448974609,1018.1730556488036,20.03197479248047
2024-04-10 13:49:38,0.0017365416279062,0.4267530441284179,29.0625,0.0005087681347504,0.5263220071792603,22.3359375,27.380889892578125,0.4508266448974609,1018.1730556488036,20.03197479248047
2024-04-10 13:49:39,0.0017365416279062,0.4267530441284179,29.0625,0.0005087681347504,0.5263220071792603,22.3359375,27.380889892578125,0.4508266448974609,1018.1730556488036,20.03197479248047
2024-04-10 13:49:40,0.0017365416279062,0.4267530441284179,29.0625,0.0005087681347504,0.5263220071792603,22.3359375,27.380889892578125,0.4508266448974609,1018.1730556488036,19.951923370361328
2024-04-10 13:49:41,0.0017365416279062,0.4267530441284179,29.0625,0.0005087681347504,0.5263220071792603,22.3359375,27.380889892578125,0.4508266448974609,1018.1730556488036,19.951923370361328
2024-04-10 13:49:42,0.0017365416279062,0.4267530441284179,29.0625,0.0005087681347504,0.5263220071792603,22.3359375,27.380889892578125,0.4508266448974609,1018.1730556488036,19.951923370361328
2024-04-10 13:49:43,0.0017365416279062,0.4267530441284179,29.0625,0.0005087681347504,0.5263220071792603,22.3359375,27.380889892578125,0.4508266448974609,1018.1901359558104,19.951923370361328
2024-04-10 13:49:44,0.0017365416279062,0.4267530441284179,29.0625,0.0005087681347504,0.5263220071792603,22.3359375,27.380889892578125,0.4508266448974609,1018.1901359558104,19.951923370361328
2024-04-10 13:49:45,0.0017365416279062,0.4267530441284179,29.0625,0.0005087681347504,0.5263220071792603,22.3359375,27.380889892578125,0.4508266448974609,1018.1901359558104,19.951923370361328
2024-04-10 13:49:46,0.0017365416279062,0.4267530441284179,29.0625,0.0005087681347504,0.5263220071792603,22.3359375,27.380889892578125,0.4508266448974609,1018.1901359558104,19.951923370361328
2024-04-10 13:49:47,0.0017365416279062,0.4267530441284179,29.0625,0.0005087681347504,0.5263220071792603,22.3359375,27.380889892578125,0.4508266448974609,1018.1901359558104,19.951637268066406
2024-04-10 13:49:48,0.0017365416279062,0.4267530441284179,29.0625,0.0005087681347504,0.5263220071792603,22.3359375,27.380889892578125,0.4508266448974609,1018.1901359558104,19.951637268066406
2024-04-10 13:49:49,0.0017365416279062,0.4267530441284179,29.0625,0.0005087681347504,0.5263220071792603,22.3359375,27.380889892578125,0.4508266448974609,1018.1901359558104,19.951637268066406
2024-04-10 13:49:50,0.0017365416279062,0.4267530441284179,29.0625,0.0005087681347504,0.5263220071792603,22.3359375,27.380889892578125,0.4508266448974609,1018.1491374969482,19.951637268066406
2024-04-10 13:49:51,0.0017365416279062,0.4267530441284179,29.0625,0.0005087681347504,0.5263220071792603,22.3359375,27.380889892578125,0.4508266448974609,1018.1491374969482,19.951637268066406
2024-04-10 13:49:52,0.0017365416279062,0.4267530441284179,29.0625,0.0005087681347504,0.5263220071792603,22.3359375,27.380889892578125,0.4508266448974609,1018.1491374969482,19.951637268066406
2024-04-10 13:49:53,0.0017365416279062,0.4267530441284179,29.0625,0.0005087681347504,0.5263220071792603,22.3359375,27.380889892578125,0.4508266448974609,1018.1491374969482,19.951637268066406
2024-04-10 13:49:54,0.0017365416279062,0.4267530441284179,29.0625,0.0005087681347504,0.5263220071792603,22.3359375,27.380889892578125,0.4508266448974609,1018.1491374969482,19.951637268066406
2024-04-10 13:49:55,0.0017365416279062,0.4267530441284179,29.0625,0.0005087681347504,0.5263220071792603,22.3359375,27.380889892578125,0.4508266448974609,1018.1491374969482,19.95761108398437
2024-04-10 13:49:56,0.0017365416279062,0.4267530441284179,29.0625,0.0005087681347504,0.5263220071792603,22.3359375,27.380889892578125,0.4508266448974609,1018.1491374969482,19.95761108398437
2024-04-10 13:49:57,0.0017365416279062,0.4267530441284179,29.0625,0.0005087681347504,0.5263220071792603,22.3359375,27.380889892578125,0.4508266448974609,1018.1643295288086,19.95761108398437
2024-04-10 13:49:58,0.0017365416279062,0.4267530441284179,29.0625,0.0005087681347504,0.5263220071792603,22.3359375,27.380889892578125,0.4508266448974609,1018.1643295288086,19.95761108398437
2024-04-10 13:49:59,0.0017365416279062,0.4267530441284179,29.0625,0.0005087681347504,0.5263220071792603,22.3359375,27.380889892578125,0.4508266448974609,1018.1643295288086,19.95761108398437
2024-04-10 13:50:00,0.0017365416279062,0.4267530441284179,29.0625,0.0005087681347504,0.5263220071792603,22.3359375,27.380889892578125,0.4508266448974609,1018.1643295288086,19.95761108398437
2024-04-10 13:50:01,0.0017365416279062,0.4267530441284179,29.0625,0.0005087681347504,0.5263220071792603,22.3359375,27.380889892578125,0.4508266448974609,1018.1643295288086,19.95761108398437
2024-04-10 13:50:02,0.0017365416279062,0.4267530441284179,29.0625,0.0005087681347504,0.5263220071792603,22.3359375,27.380889892578125,0.4508266448974609,1018.1643295288086,19.95761108398437
2024-04-10 13:50:03,0.0017365416279062,0.4267530441284179,29.0625,0.0005087681347504,0.5263220071792603,22.3359375,27.380889892578125,0.4508266448974609,1018.1643295288086,19.96316146850586
2024-04-10 13:50:04,0.0017365416279062,0.4267530441284179,29.0625,0.0005087681347504,0.5263220071792603,22.3359375,27.380889892578125,0.4508266448974609,1018.1643295288086,19.96316146850586
2024-04-10 13:50:05,0.0017365416279062,0.4267530441284179,29.0625,0.0005087681347504,0.5263220071792603,22.3359375,27.380889892578125,0.4508266448974609,1018.1643295288086,19.96316146850586
2024-04-10 13:50:06,0.0017365416279062,0.4267530441284179,29.0625,0.0005087681347504,0.5263220071792603,22.3359375,27.380889892578125,0.4508266448974609,1018.1643295288086,19.96316146850586
2024-04-10 13:50:07,0.0017365416279062,0.4267530441284179,29.0625,0.0005087681347504,0.5263220071792603,22.3359375,27.380889892578125,0.4508266448974609,1018.208074569702,19.96316146850586
2024-04-10 13:50:08,0.0017365416279062,0.4267530441284179,29.0625,0.0005087681347504,0.5263220071792603,22.3359375,27.380889892578125,0.4508266448974609,1018.208074569702,19.96316146850586
2024-04-10 13:50:09,0.0017365416279062,0.4267530441284179,29.0625,0.0005087681347504,0.5263220071792603,22.3359375,27.380889892578125,0.4508266448974609,1018.208074569702,19.96316146850586
2024-04-10 13:50:10,0.0017365416279062,0.4267530441284179,29.0625,0.0005087681347504,0.5263220071792603,22.3359375,27.380889892578125,0.4508266448974609,1018.208074569702,19.96316146850586
2024-04-10 13:50:11,0.0017365416279062,0.4267530441284179,29.0625,0.0005087681347504,0.5263220071792603,22.3359375,27.380889892578125,0.4508266448974609,1018.208074569702,19.95264434814453
2024-04-10 13:50:12,0.0017365416279062,0.4267530441284179,29.0625,0.0005087681347504,0.5263220071792603,22.3359375,27.380889892578125,0.4508266448974609,1018.208074569702,19.95264434814453
2024-04-10 13:50:13,0.0017365416279062,0.4267530441284179,29.0625,0.0005087681347504,0.5263220071792603,22.3359375,27.380889892578125,0.4508266448974609,1018.208074569702,19.95264434814453
2024-04-10 13:50:14,0.0017365416279062,0.4267530441284179,29.0625,0.0005087681347504,0.5263220071792603,22.3359375,27.380889892578125,0.4508266448974609,1018.1573486328124,19.95264434814453
2024-04-10 13:50:15,0.0017365416279062,0.4267530441284179,29.0625,0.0005087681347504,0.5263220071792603,22.3359375,27.380889892578125,0.4508266448974609,1018.1573486328124,19.95264434814453
2024-04-10 13:50:16,0.0017365416279062,0.4267530441284179,29.0625,0.0005087681347504,0.5263220071792603,22.3359375,28.00634765625,0.4508266448974609,1018.1573486328124,19.95264434814453
2024-04-10 13:50:17,0.0017365416279062,0.4267530441284179,29.0625,0.0005087681347504,0.5263220071792603,22.3359375,28.00634765625,0.4508266448974609,1018.1573486328124,19.95264434814453
2024-04-10 13:50:18,0.0017365416279062,0.4267530441284179,29.0625,0.0005087681347504,0.5263220071792603,22.3359375,28.00634765625,0.4508266448974609,1018.1573486328124,19.95264434814453
2024-04-10 13:50:19,0.0017365416279062,0.4267530441284179,29.0625,0.0005087681347504,0.5263220071792603,22.3359375,28.00634765625,0.4508266448974609,1018.1573486328124,19.94464492797852
2024-04-10 13:50:20,0.0017365416279062,0.4267530441284179,29.0625,0.0005087681347504,0.5263220071792603,22.3359375,28.00634765625,0.4508266448974609,1018.1573486328124,19.94464492797852
2024-04-10 13:50:21,0.0017365416279062,0.4267530441284179,29.0625,0.0005087681347504,0.5263220071792603,22.3359375,28.00634765625,0.4508266448974609,1018.1415843963624,19.94464492797852
2024-04-10 13:50:22,0.0017365416279062,0.4267530441284179,29.0625,0.0005087681347504,0.5263220071792603,22.3359375,28.00634765625,0.4508266448974609,1018.1415843963624,19.94464492797852
2024-04-10 13:50:23,0.0017365416279062,0.4267530441284179,29.0625,0.0005087681347504,0.5263220071792603,22.3359375,28.00634765625,0.4508266448974609,1018.1415843963624,19.94464492797852
2024-04-10 13:50:24,0.0017365416279062,0.4267530441284179,29.0625,0.0005087681347504,0.5263220071792603,22.3359375,28.00634765625,0.4508266448974609,1018.1415843963624,19.94464492797852
2024-04-10 13:50:25,0.0017365416279062,0.4267530441284179,29.0625,0.0005087681347504,0.5263220071792603,22.3359375,28.00634765625,0.4508266448974609,1018.1415843963624,19.94464492797852
2024-04-10 13:50:26,0.0017365416279062,0.4267530441284179,29.0625,0.0005087681347504,0.5263220071792603,22.3359375,28.00634765625,0.4508266448974609,1018.1415843963624,19.964111328125
2024-04-10 13:50:27,0.0017365416279062,0.4267530441284179,29.0625,0.0005087681347504,0.5263220071792603,22.3359375,28.00634765625,0.4517539739608764,1018.1415843963624,19.964111328125
2024-04-10 13:50:28,0.0017365416279062,0.4267530441284179,29.0625,0.0005087681347504,0.5263220071792603,22.3359375,28.00634765625,0.4517539739608764,1018.1415843963624,19.964111328125
2024-04-10 13:50:29,0.0017365416279062,0.4267530441284179,29.0625,0.0005087681347504,0.5263220071792603,22.3359375,28.00634765625,0.4517539739608764,1018.2113647460938,19.964111328125
2024-04-10 13:50:30,0.0017365416279062,0.4267530441284179,29.0625,0.0005087681347504,0.5263220071792603,22.3359375,28.00634765625,0.4517539739608764,1018.2113647460938,19.964111328125
2024-04-10 13:50:31,0.0017365416279062,0.4267530441284179,29.0625,0.0005087681347504,0.5263220071792603,22.3359375,28.00634765625,0.4517539739608764,1018.2113647460938,19.964111328125
2024-04-10 13:50:32,0.0017365416279062,0.4267530441284179,29.0625,0.0005087681347504,0.5263220071792603,22.3359375,28.00634765625,0.4517539739608764,1018.2113647460938,19.964111328125
2024-04-10 13:50:33,0.0017365416279062,0.4267530441284179,29.0625,0.0005087681347504,0.5263220071792603,22.3359375,28.00634765625,0.4517539739608764,1018.2113647460938,19.964111328125
2024-04-10 13:50:34,0.0017365416279062,0.4267530441284179,29.0625,0.0005087681347504,0.5263220071792603,22.3359375,28.00634765625,0.4517539739608764,1018.2113647460938,19.963218688964844
2024-04-10 13:50:35,0.0017365416279062,0.4267530441284179,29.0625,0.0005087681347504,0.5263220071792603,22.3359375,28.00634765625,0.4517539739608764,1018.2113647460938,19.963218688964844
2024-04-10 13:50:36,0.0017365416279062,0.4267530441284179,29.0625,0.0005087681347504,0.5263220071792603,22.3359375,28.00634765625,0.4517539739608764,1018.2113647460938,19.963218688964844
2024-04-10 13:50:37,0.0017365416279062,0.4267530441284179,29.0625,0.0005087681347504,0.5263220071792603,22.3359375,28.00634765625,0.4517539739608764,1018.2113647460938,19.963218688964844
2024-04-10 13:50:38,0.0017365416279062,0.4267530441284179,29.0625,0.0005087681347504,0.5263220071792603,22.3359375,28.00634765625,0.4517539739608764,1018.177375793457,19.963218688964844
2024-04-10 13:50:39,0.0017365416279062,0.4267530441284179,29.0625,0.0005087681347504,0.5263220071792603,22.3359375,28.00634765625,0.4517539739608764,1018.177375793457,19.963218688964844
2024-04-10 13:50:40,0.0017365416279062,0.4267530441284179,29.0625,0.0005087681347504,0.5263220071792603,22.3359375,28.00634765625,0.4517539739608764,1018.177375793457,19.963218688964844
2024-04-10 13:50:41,0.0017365416279062,0.4267530441284179,29.0625,0.0005087681347504,0.5263220071792603,22.3359375,28.00634765625,0.4517539739608764,1018.177375793457,19.963218688964844
2024-04-10 13:50:42,0.0017365416279062,0.4267530441284179,29.0625,0.0005087681347504,0.5263220071792603,22.3359375,28.00634765625,0.4517539739608764,1018.177375793457,19.96393394470215
2024-04-10 13:50:43,0.0017365416279062,0.4267530441284179,29.0625,0.0005087681347504,0.5263220071792603,22.3359375,28.00634765625,0.4517539739608764,1018.177375793457,19.96393394470215
2024-04-10 13:50:44,0.0017365416279062,0.4267530441284179,29.0625,0.0005087681347504,0.5263220071792603,22.3359375,28.00634765625,0.4517539739608764,1018.177375793457,19.96393394470215
2024-04-10 13:50:45,0.0017365416279062,0.4267530441284179,29.0625,0.0005087681347504,0.5263220071792603,22.3359375,28.00634765625,0.4517539739608764,1018.177375793457,19.96393394470215
2024-04-10 13:50:46,0.0017365416279062,0.4267530441284179,29.0625,0.0005087681347504,0.5263220071792603,22.3359375,28.00634765625,0.4517539739608764,1018.177375793457,19.96393394470215
2024-04-10 13:50:47,0.0017365416279062,0.4267530441284179,29.0625,0.0005087681347504,0.5263220071792603,22.3359375,28.00634765625,0.4517539739608764,1018.177375793457,19.96393394470215
2024-04-10 13:50:48,0.0017365416279062,0.4267530441284179,29.0625,0.0005087681347504,0.5263220071792603,22.3359375,28.00634765625,0.4517539739608764,1018.1911087036132,19.96393394470215
2024-04-10 13:50:49,0.0017365416279062,0.4267530441284179,29.0625,0.0005087681347504,0.5263220071792603,22.3359375,28.00634765625,0.4517539739608764,1018.1911087036132,19.954790115356445
2024-04-10 13:50:50,0.0017365416279062,0.4267530441284179,29.0625,0.0005087681347504,0.5263220071792603,22.3359375,28.00634765625,0.4517539739608764,1018.1911087036132,19.954790115356445
2024-04-10 13:50:51,0.0017365416279062,0.4267530441284179,29.0625,0.0005087681347504,0.5263220071792603,22.3359375,28.00634765625,0.4517539739608764,1018.1911087036132,19.954790115356445
2024-04-10 13:50:52,0.0017365416279062,0.4267530441284179,29.0625,0.0005087681347504,0.5263220071792603,22.3359375,28.00634765625,0.4517539739608764,1018.1911087036132,19.954790115356445
2024-04-10 13:50:53,0.0017365416279062,0.4267530441284179,29.0625,0.0005087681347504,0.5263220071792603,22.3359375,28.00634765625,0.4517539739608764,1018.1911087036132,19.954790115356445
2024-04-10 13:50:54,0.0017365416279062,0.4267530441284179,29.0625,0.0005087681347504,0.5263220071792603,22.3359375,28.00634765625,0.4517539739608764,1018.1911087036132,19.954790115356445
2024-04-10 13:50:55,0.0017365416279062,0.4267530441284179,29.0625,0.0005087681347504,0.5263220071792603,22.3359375,28.00634765625,0.4517539739608764,1018.1490802764891,19.954790115356445
2024-04-10 13:50:56,0.0017365416279062,0.4267530441284179,29.0625,0.0005087681347504,0.5263220071792603,22.3359375,28.00634765625,0.4517539739608764,1018.1490802764891,19.954790115356445
2024-04-10 13:50:57,0.0017365416279062,0.4267530441284179,29.0625,0.0005087681347504,0.5263220071792603,22.3359375,28.00634765625,0.4517539739608764,1018.1490802764891,19.954790115356445
2024-04-10 13:50:58,0.0017365416279062,0.4267530441284179,29.0625,0.0005087681347504,0.5263220071792603,22.3359375,28.00634765625,0.4517539739608764,1018.1490802764891,19.95444679260254
2024-04-10 13:50:59,0.0017365416279062,0.4267530441284179,29.0625,0.0005087681347504,0.5263220071792603,22.3359375,28.00634765625,0.4517539739608764,1018.1490802764891,19.95444679260254
2024-04-10 13:51:00,0.0017365416279062,0.4267530441284179,29.0625,0.0005087681347504,0.5263220071792603,22.3359375,28.00634765625,0.4517539739608764,1018.1490802764891,19.95444679260254
2024-04-10 13:51:01,0.0017365416279062,0.4267530441284179,29.0625,0.0005087681347504,0.5263220071792603,22.3359375,28.00634765625,0.4517539739608764,1018.1490802764891,19.95444679260254
2024-04-10 13:51:02,0.0017365416279062,0.4267530441284179,29.0625,0.0005087681347504,0.5263220071792603,22.3359375,28.00634765625,0.4517539739608764,1018.1449604034424,19.95444679260254
2024-04-10 13:51:03,0.0017365416279062,0.4267530441284179,29.0625,0.0005087681347504,0.5263220071792603,22.3359375,28.00634765625,0.4517539739608764,1018.1449604034424,19.95444679260254
2024-04-10 13:51:04,0.0017365416279062,0.4267530441284179,29.0625,0.0005087681347504,0.5263220071792603,22.3359375,28.00634765625,0.4517539739608764,1018.1449604034424,19.95444679260254
2024-04-10 13:51:05,0.0017365416279062,0.4267530441284179,29.0625,0.0005087681347504,0.5263220071792603,22.3359375,28.00634765625,0.4517539739608764,1018.1449604034424,19.95444679260254
2024-04-10 13:51:06,0.0017365416279062,0.4267530441284179,29.0625,0.0005087681347504,0.5263220071792603,22.3359375,28.00634765625,0.4517539739608764,1018.1449604034424,19.95444679260254
2024-04-10 13:51:07,0.0017365416279062,0.4267530441284179,29.0625,0.0005087681347504,0.5263220071792603,22.3359375,28.00634765625,0.4517539739608764,1018.1449604034424,19.96234893798828
2024-04-10 13:51:08,0.0017365416279062,0.4267530441284179,29.0625,0.0005087681347504,0.5263220071792603,22.3359375,28.00634765625,0.4517539739608764,1018.1449604034424,19.96234893798828
2024-04-10 13:51:09,0.0017365416279062,0.4267530441284179,29.0625,0.0005087681347504,0.5263220071792603,22.3359375,28.00634765625,0.4517539739608764,1018.1449604034424,19.96234893798828
2024-04-10 13:51:10,0.0017365416279062,0.4267530441284179,29.0625,0.0005087681347504,0.5263220071792603,22.3359375,28.00634765625,0.4517539739608764,1018.16143989563,19.96234893798828
2024-04-10 13:51:11,0.0017365416279062,0.4267530441284179,29.0625,0.0005087681347504,0.5263220071792603,22.3359375,28.00634765625,0.4517539739608764,1018.16143989563,19.96234893798828
2024-04-10 13:51:12,0.0017365416279062,0.4267530441284179,29.0625,0.0005087681347504,0.5263220071792603,22.3359375,28.00634765625,0.4517539739608764,1018.16143989563,19.96234893798828
2024-04-10 13:51:13,0.0017365416279062,0.4267530441284179,29.0625,0.0005087681347504,0.5263220071792603,22.3359375,28.00634765625,0.4517539739608764,1018.16143989563,19.96234893798828
2024-04-10 13:51:14,0.0017365416279062,0.4267530441284179,29.0625,0.0005087681347504,0.5263220071792603,22.3359375,28.00634765625,0.4517539739608764,1018.16143989563,19.96234893798828
2024-04-10 13:51:15,0.0017365416279062,0.4267530441284179,29.0625,0.0005087681347504,0.5263220071792603,22.3359375,28.00634765625,0.4517539739608764,1018.16143989563,19.96234893798828
2024-04-10 13:51:16,0.0017365416279062,0.4267530441284179,29.0625,0.0005087681347504,0.5263220071792603,22.3359375,28.00634765625,0.4517539739608764,1018.16143989563,19.96234893798828
2024-04-10 13:51:17,0.0017365416279062,0.4267530441284179,29.0625,0.0005087681347504,0.5263220071792603,22.3359375,28.779510498046875,0.4517539739608764,1018.16143989563,19.96283531188965
2024-04-10 13:51:18,0.0017365416279062,0.4267530441284179,29.0625,0.0005087681347504,0.5263220071792603,22.3359375,28.779510498046875,0.4517539739608764,1018.16143989563,19.96283531188965
2024-04-10 13:51:19,0.0017365416279062,0.4267530441284179,29.0625,0.0005087681347504,0.5263220071792603,22.3359375,28.779510498046875,0.4517539739608764,1018.1460762023926,19.96283531188965
2024-04-10 13:51:20,0.0017365416279062,0.4267530441284179,29.0625,0.0005087681347504,0.5263220071792603,22.3359375,28.779510498046875,0.4517539739608764,1018.1460762023926,19.96283531188965
2024-04-10 13:51:21,0.0017365416279062,0.4267530441284179,29.0625,0.0005087681347504,0.5263220071792603,22.3359375,28.779510498046875,0.4517539739608764,1018.1460762023926,19.96283531188965
2024-04-10 13:51:22,0.0017365416279062,0.4267530441284179,29.0625,0.0005087681347504,0.5263220071792603,22.3359375,28.779510498046875,0.4517539739608764,1018.1460762023926,19.96283531188965
2024-04-10 13:51:23,0.0017365416279062,0.4267530441284179,29.0625,0.0005087681347504,0.5263220071792603,22.3359375,28.779510498046875,0.4517539739608764,1018.1460762023926,19.963916778564453
2024-04-10 13:51:24,0.0017365416279062,0.4267530441284179,29.0625,0.0005087681347504,0.5263220071792603,22.3359375,28.779510498046875,0.4517539739608764,1018.1460762023926,19.963916778564453
2024-04-10 13:51:25,0.0017365416279062,0.4267530441284179,29.0625,0.0005087681347504,0.5263220071792603,22.3359375,28.779510498046875,0.4517539739608764,1018.1460762023926,19.963916778564453
2024-04-10 13:51:26,0.0017365416279062,0.4267530441284179,29.0625,0.0005087681347504,0.5263220071792603,22.3359375,28.779510498046875,0.4517539739608764,1018.166275024414,19.963916778564453
2024-04-10 13:51:27,0.0017365416279062,0.4267530441284179,29.0625,0.0005087681347504,0.5263220071792603,22.3359375,28.779510498046875,0.4517539739608764,1018.166275024414,19.963916778564453
2024-04-10 13:51:28,0.0017365416279062,0.4267530441284179,29.0625,0.0005087681347504,0.5263220071792603,22.3359375,28.779510498046875,0.4497304260730743,1018.166275024414,19.963916778564453
2024-04-10 13:51:29,0.0017365416279062,0.4267530441284179,29.0625,0.0005087681347504,0.5263220071792603,22.3359375,28.779510498046875,0.4497304260730743,1018.166275024414,19.963916778564453
2024-04-10 13:51:30,0.0017365416279062,0.4267530441284179,29.0625,0.0005087681347504,0.5263220071792603,22.3359375,28.779510498046875,0.4497304260730743,1018.166275024414,19.963916778564453
2024-04-10 13:51:31,0.0017365416279062,0.4267530441284179,29.0625,0.0005087681347504,0.5263220071792603,22.3359375,28.779510498046875,0.4497304260730743,1018.166275024414,19.963916778564453
2024-04-10 13:51:32,0.0017365416279062,0.4267530441284179,29.0625,0.0005087681347504,0.5263220071792603,22.3359375,28.779510498046875,0.4497304260730743,1018.166275024414,19.963916778564453
2024-04-10 13:51:33,0.0017365416279062,0.4267530441284179,29.0625,0.0005087681347504,0.5263220071792603,22.3359375,28.779510498046875,0.4497304260730743,1018.166275024414,19.95030975341797
2024-04-10 13:51:34,0.0017365416279062,0.4267530441284179,29.0625,0.0005087681347504,0.5263220071792603,22.3359375,28.779510498046875,0.4497304260730743,1018.166275024414,19.95030975341797
2024-04-10 13:51:35,0.0017365416279062,0.4267530441284179,29.0625,0.0005087681347504,0.5263220071792603,22.3359375,28.779510498046875,0.4497304260730743,1018.166275024414,19.95030975341797
2024-04-10 13:51:36,0.0017365416279062,0.4267530441284179,29.0625,0.0005087681347504,0.5263220071792603,22.3359375,28.779510498046875,0.4497304260730743,1018.186101913452,19.95030975341797
2024-04-10 13:51:37,0.0017365416279062,0.4267530441284179,29.0625,0.0005087681347504,0.5263220071792603,22.3359375,28.779510498046875,0.4497304260730743,1018.186101913452,19.973752975463867
2024-04-10 13:51:38,0.0017365416279062,0.4267530441284179,29.0625,0.0005087681347504,0.5263220071792603,22.3359375,28.779510498046875,0.4497304260730743,1018.186101913452,19.973752975463867
2024-04-10 13:51:39,0.0017365416279062,0.4267530441284179,29.0625,0.0005087681347504,0.5263220071792603,22.3359375,28.779510498046875,0.4497304260730743,1018.186101913452,19.973752975463867
2024-04-10 13:51:40,0.0017365416279062,0.4267530441284179,29.0625,0.0005087681347504,0.5263220071792603,22.3359375,28.779510498046875,0.4497304260730743,1018.186101913452,19.973752975463867
2024-04-10 13:51:41,0.0017365416279062,0.4267530441284179,29.0625,0.0005087681347504,0.5263220071792603,22.3359375,28.779510498046875,0.4497304260730743,1018.186101913452,19.973752975463867
2024-04-10 13:51:42,0.0017365416279062,0.4267530441284179,29.0625,0.0005087681347504,0.5263220071792603,22.3359375,28.779510498046875,0.4497304260730743,1018.186101913452,19.973752975463867
2024-04-10 13:51:43,0.0017365416279062,0.4267530441284179,29.0625,0.0005087681347504,0.5263220071792603,22.3359375,28.779510498046875,0.4497304260730743,1018.1489086151124,19.973752975463867
2024-04-10 13:51:44,0.0017365416279062,0.4267530441284179,29.0625,0.0005087681347504,0.5263220071792603,22.3359375,28.779510498046875,0.4497304260730743,1018.1489086151124,19.973752975463867
2024-04-10 13:51:45,0.0017365416279062,0.4267530441284179,29.0625,0.0005087681347504,0.5263220071792603,22.3359375,28.779510498046875,0.4497304260730743,1018.1489086151124,19.973752975463867
2024-04-10 13:51:46,0.0017365416279062,0.4267530441284179,29.0625,0.0005087681347504,0.5263220071792603,22.3359375,28.779510498046875,0.4497304260730743,1018.1489086151124,19.977672576904297
2024-04-10 13:51:47,0.0017365416279062,0.4267530441284179,29.0625,0.0005087681347504,0.5263220071792603,22.3359375,28.779510498046875,0.4497304260730743,1018.1489086151124,19.977672576904297
2024-04-10 13:51:48,0.0017365416279062,0.4267530441284179,29.0625,0.0005087681347504,0.5263220071792603,22.3359375,28.779510498046875,0.4497304260730743,1018.1489086151124,19.977672576904297
2024-04-10 13:51:49,0.0017365416279062,0.4267530441284179,29.0625,0.0005087681347504,0.5263220071792603,22.3359375,28.779510498046875,0.4497304260730743,1018.1489086151124,19.977672576904297
2024-04-10 13:51:50,0.0017365416279062,0.4267530441284179,29.0625,0.0005087681347504,0.5263220071792603,22.3359375,28.779510498046875,0.4497304260730743,1018.157835006714,19.977672576904297
2024-04-10 13:51:51,0.0017365416279062,0.4267530441284179,29.0625,0.0005087681347504,0.5263220071792603,22.3359375,28.779510498046875,0.4497304260730743,1018.157835006714,19.977672576904297
2024-04-10 13:51:52,0.0017365416279062,0.4267530441284179,29.0625,0.0005087681347504,0.5263220071792603,22.3359375,28.779510498046875,0.4497304260730743,1018.157835006714,19.977672576904297
2024-04-10 13:51:53,0.0017365416279062,0.4267530441284179,29.0625,0.0005087681347504,0.5263220071792603,22.3359375,28.779510498046875,0.4497304260730743,1018.157835006714,19.99897003173828
2024-04-10 13:51:54,0.0017365416279062,0.4267530441284179,29.0625,0.0005087681347504,0.5263220071792603,22.3359375,28.779510498046875,0.4497304260730743,1018.157835006714,19.99897003173828
2024-04-10 13:51:55,0.0017365416279062,0.4267530441284179,29.0625,0.0005087681347504,0.5263220071792603,22.3359375,28.779510498046875,0.4497304260730743,1018.157835006714,19.99897003173828
2024-04-10 13:51:56,0.0017365416279062,0.4267530441284179,29.0625,0.0005087681347504,0.5263220071792603,22.3359375,28.779510498046875,0.4497304260730743,1018.157835006714,19.99897003173828
2024-04-10 13:51:57,0.0017365416279062,0.4267530441284179,29.0625,0.0005087681347504,0.5263220071792603,22.3359375,28.779510498046875,0.4497304260730743,1018.157835006714,19.99897003173828
2024-04-10 13:51:58,0.0017365416279062,0.4267530441284179,29.0625,0.0005087681347504,0.5263220071792603,22.3359375,28.779510498046875,0.4497304260730743,1018.157835006714,19.99897003173828
2024-04-10 13:51:59,0.0017365416279062,0.4267530441284179,29.0625,0.0005087681347504,0.5263220071792603,22.3359375,28.779510498046875,0.4497304260730743,1018.157835006714,19.99897003173828
2024-04-10 13:52:00,0.0017365416279062,0.4267530441284179,29.0625,0.0005087681347504,0.5263220071792603,22.3359375,28.779510498046875,0.4497304260730743,1018.1322860717772,19.99897003173828
2024-04-10 13:52:01,0.0017365416279062,0.4267530441284179,29.0625,0.0005087681347504,0.5263220071792603,22.3359375,28.779510498046875,0.4497304260730743,1018.1322860717772,19.99897003173828
2024-04-10 13:52:02,0.0017365416279062,0.4267530441284179,29.0625,0.0005087681347504,0.5263220071792603,22.3359375,28.779510498046875,0.4497304260730743,1018.1322860717772,19.99897003173828
2024-04-10 13:52:03,0.0017365416279062,0.4267530441284179,29.0625,0.0005087681347504,0.5263220071792603,22.3359375,28.779510498046875,0.4497304260730743,1018.1322860717772,19.99897003173828
2024-04-10 13:52:04,0.0017365416279062,0.4267530441284179,29.0625,0.0005087681347504,0.5263220071792603,22.3359375,28.779510498046875,0.4497304260730743,1018.1322860717772,20.001585006713867
2024-04-10 13:52:05,0.0017365416279062,0.4267530441284179,29.0625,0.0005087681347504,0.5263220071792603,22.3359375,28.779510498046875,0.4497304260730743,1018.1322860717772,20.001585006713867
2024-04-10 13:52:06,0.0017365416279062,0.4267530441284179,29.0625,0.0005087681347504,0.5263220071792603,22.3359375,28.779510498046875,0.4497304260730743,1018.1322860717772,20.001585006713867
2024-04-10 13:52:07,0.0017365416279062,0.4267530441284179,29.0625,0.0005087681347504,0.5263220071792603,22.3359375,28.779510498046875,0.4497304260730743,1018.1105709075928,20.001585006713867
2024-04-10 13:52:08,0.0017365416279062,0.4267530441284179,29.0625,0.0005087681347504,0.5263220071792603,22.3359375,28.779510498046875,0.4497304260730743,1018.1105709075928,20.001585006713867
2024-04-10 13:52:09,0.0017365416279062,0.4267530441284179,29.0625,0.0005087681347504,0.5263220071792603,22.3359375,28.779510498046875,0.4497304260730743,1018.1105709075928,20.001585006713867
2024-04-10 13:52:10,0.0017365416279062,0.4267530441284179,29.0625,0.0005087681347504,0.5263220071792603,22.3359375,28.779510498046875,0.4497304260730743,1018.1105709075928,19.997642517089844
2024-04-10 13:52:11,0.0017365416279062,0.4267530441284179,29.0625,0.0005087681347504,0.5263220071792603,22.3359375,28.779510498046875,0.4497304260730743,1018.1105709075928,19.997642517089844
2024-04-10 13:52:12,0.0017365416279062,0.4267530441284179,29.0625,0.0005087681347504,0.5263220071792603,22.3359375,28.779510498046875,0.4497304260730743,1018.1105709075928,19.997642517089844
2024-04-10 13:52:13,0.0017365416279062,0.4267530441284179,29.0625,0.0005087681347504,0.5263220071792603,22.3359375,28.779510498046875,0.4497304260730743,1018.1105709075928,19.997642517089844
2024-04-10 13:52:14,0.0017365416279062,0.4267530441284179,29.0625,0.0005087681347504,0.5263220071792603,22.3359375,28.779510498046875,0.4497304260730743,1018.1342315673828,19.997642517089844
2024-04-10 13:52:15,0.0017365416279062,0.4267530441284179,29.0625,0.0005087681347504,0.5263220071792603,22.3359375,28.779510498046875,0.4497304260730743,1018.1342315673828,19.997642517089844
2024-04-10 13:52:16,0.0017365416279062,0.4267530441284179,29.0625,0.0005087681347504,0.5263220071792603,22.3359375,29.544830322265625,0.4497304260730743,1018.1342315673828,19.997642517089844
2024-04-10 13:52:17,0.0017365416279062,0.4267530441284179,29.0625,0.0005087681347504,0.5263220071792603,22.3359375,29.544830322265625,0.4497304260730743,1018.1342315673828,19.997642517089844
2024-04-10 13:52:18,0.0017365416279062,0.4267530441284179,29.0625,0.0005087681347504,0.5263220071792603,22.3359375,29.544830322265625,0.4497304260730743,1018.1342315673828,19.998151779174805
2024-04-10 13:52:19,0.0017365416279062,0.4267530441284179,29.0625,0.0005087681347504,0.5263220071792603,22.3359375,29.544830322265625,0.4497304260730743,1018.1342315673828,19.998151779174805
2024-04-10 13:52:20,0.0017365416279062,0.4267530441284179,29.0625,0.0005087681347504,0.5263220071792603,22.3359375,29.544830322265625,0.4497304260730743,1018.1342315673828,19.998151779174805
2024-04-10 13:52:21,0.0017365416279062,0.4267530441284179,29.0625,0.0005087681347504,0.5263220071792603,22.3359375,29.544830322265625,0.4497304260730743,1018.1342315673828,19.998151779174805
2024-04-10 13:52:22,0.0017365416279062,0.4267530441284179,29.0625,0.0005087681347504,0.5263220071792603,22.3359375,29.544830322265625,0.4497304260730743,1018.1232166290284,19.998151779174805
2024-04-10 13:52:23,0.0017365416279062,0.4267530441284179,29.0625,0.0005087681347504,0.5263220071792603,22.3359375,29.544830322265625,0.4497304260730743,1018.1232166290284,19.998151779174805
2024-04-10 13:52:24,0.0017365416279062,0.4267530441284179,29.0625,0.0005087681347504,0.5263220071792603,22.3359375,29.544830322265625,0.4497304260730743,1018.1232166290284,19.998151779174805
2024-04-10 13:52:25,0.0017365416279062,0.4267530441284179,29.0625,0.0005087681347504,0.5263220071792603,22.3359375,29.544830322265625,0.4497304260730743,1018.1232166290284,19.998151779174805
2024-04-10 13:52:26,0.0017365416279062,0.4267530441284179,29.0625,0.0005087681347504,0.5263220071792603,22.3359375,29.544830322265625,0.4497304260730743,1018.1232166290284,19.998151779174805
2024-04-10 13:52:27,0.0017365416279062,0.4267530441284179,29.0625,0.0005087681347504,0.5263220071792603,22.3359375,29.544830322265625,0.4535961449146271,1018.1232166290284,20.006649017333984
2024-04-10 13:52:28,0.0017365416279062,0.4267530441284179,29.0625,0.0005087681347504,0.5263220071792603,22.3359375,29.544830322265625,0.4535961449146271,1018.1232166290284,20.006649017333984
2024-04-10 13:52:29,0.0017365416279062,0.4267530441284179,29.0625,0.0005087681347504,0.5263220071792603,22.3359375,29.544830322265625,0.4535961449146271,1018.1232166290284,20.006649017333984
2024-04-10 13:52:30,0.0017365416279062,0.4267530441284179,29.0625,0.0005087681347504,0.5263220071792603,22.3359375,29.544830322265625,0.4535961449146271,1018.1232166290284,20.006649017333984
2024-04-10 13:52:31,0.0017365416279062,0.4267530441284179,29.0625,0.0005087681347504,0.5263220071792603,22.3359375,29.544830322265625,0.4535961449146271,1018.1322002410888,20.006649017333984
2024-04-10 13:52:32,0.0017365416279062,0.4267530441284179,29.0625,0.0005087681347504,0.5263220071792603,22.3359375,29.544830322265625,0.4535961449146271,1018.1322002410888,20.006649017333984
2024-04-10 13:52:33,0.0017365416279062,0.4267530441284179,29.0625,0.0005087681347504,0.5263220071792603,22.3359375,29.544830322265625,0.4535961449146271,1018.1322002410888,20.006649017333984
2024-04-10 13:52:34,0.0017365416279062,0.4267530441284179,29.0625,0.0005087681347504,0.5263220071792603,22.3359375,29.544830322265625,0.4535961449146271,1018.1322002410888,20.01477432250977
2024-04-10 13:52:35,0.0017365416279062,0.4267530441284179,29.0625,0.0005087681347504,0.5263220071792603,22.3359375,29.544830322265625,0.4535961449146271,1018.1322002410888,20.01477432250977
2024-04-10 13:52:36,0.0017365416279062,0.4267530441284179,29.0625,0.0005087681347504,0.5263220071792603,22.3359375,29.544830322265625,0.4535961449146271,1018.1322002410888,20.01477432250977
2024-04-10 13:52:37,0.0017365416279062,0.4267530441284179,29.0625,0.0005087681347504,0.5263220071792603,22.3359375,29.544830322265625,0.4535961449146271,1018.122501373291,20.01477432250977
2024-04-10 13:52:38,0.0017365416279062,0.4267530441284179,29.0625,0.0005087681347504,0.5263220071792603,22.3359375,29.544830322265625,0.4535961449146271,1018.122501373291,20.01477432250977
2024-04-10 13:52:39,0.0017365416279062,0.4267530441284179,29.0625,0.0005087681347504,0.5263220071792603,22.3359375,29.544830322265625,0.4535961449146271,1018.122501373291,20.01477432250977
2024-04-10 13:52:40,0.0017365416279062,0.4267530441284179,29.0625,0.0005087681347504,0.5263220071792603,22.3359375,29.544830322265625,0.4535961449146271,1018.122501373291,20.01477432250977
2024-04-10 13:52:41,0.0017365416279062,0.4267530441284179,29.0625,0.0005087681347504,0.5263220071792603,22.3359375,29.544830322265625,0.4535961449146271,1018.122501373291,20.01477432250977
2024-04-10 13:52:42,0.0017365416279062,0.4267530441284179,29.0625,0.0005087681347504,0.5263220071792603,22.3359375,29.544830322265625,0.4535961449146271,1018.122501373291,20.00790786743164
2024-04-10 13:52:43,0.0017365416279062,0.4267530441284179,29.0625,0.0005087681347504,0.5263220071792603,22.3359375,29.544830322265625,0.4535961449146271,1018.122501373291,20.00790786743164
2024-04-10 13:52:44,0.0017365416279062,0.4267530441284179,29.0625,0.0005087681347504,0.5263220071792603,22.3359375,29.544830322265625,0.4535961449146271,1018.122501373291,20.00790786743164
2024-04-10 13:52:45,0.0017365416279062,0.4267530441284179,29.0625,0.0005087681347504,0.5263220071792603,22.3359375,29.544830322265625,0.4535961449146271,1018.122501373291,20.00790786743164
2024-04-10 13:52:46,0.0017365416279062,0.4267530441284179,29.0625,0.0005087681347504,0.5263220071792603,22.3359375,29.544830322265625,0.4535961449146271,1018.122501373291,20.00790786743164
2024-04-10 13:52:47,0.0017365416279062,0.4267530441284179,29.0625,0.0005087681347504,0.5263220071792603,22.3359375,29.544830322265625,0.4535961449146271,1018.1972885131836,20.00790786743164
2024-04-10 13:52:48,0.0017365416279062,0.4267530441284179,29.0625,0.0005087681347504,0.5263220071792603,22.3359375,29.544830322265625,0.4535961449146271,1018.1972885131836,20.00790786743164
2024-04-10 13:52:49,0.0017365416279062,0.4267530441284179,29.0625,0.0005087681347504,0.5263220071792603,22.3359375,29.544830322265625,0.4535961449146271,1018.1972885131836,20.00790786743164
2024-04-10 13:52:50,0.0017365416279062,0.4267530441284179,29.0625,0.0005087681347504,0.5263220071792603,22.3359375,29.544830322265625,0.4535961449146271,1018.1972885131836,20.00790786743164
2024-04-10 13:52:51,0.0017365416279062,0.4267530441284179,29.0625,0.0005087681347504,0.5263220071792603,22.3359375,29.544830322265625,0.4535961449146271,1018.1972885131836,19.99283599853516
2024-04-10 13:52:52,0.0017365416279062,0.4267530441284179,29.0625,0.0005087681347504,0.5263220071792603,22.3359375,29.544830322265625,0.4535961449146271,1018.1972885131836,19.99283599853516
2024-04-10 13:52:53,0.0017365416279062,0.4267530441284179,29.0625,0.0005087681347504,0.5263220071792603,22.3359375,29.544830322265625,0.4535961449146271,1018.1972885131836,19.99283599853516
2024-04-10 13:52:54,0.0017365416279062,0.4267530441284179,29.0625,0.0005087681347504,0.5263220071792603,22.3359375,29.544830322265625,0.4535961449146271,1018.1972885131836,19.99283599853516
2024-04-10 13:52:55,0.0017365416279062,0.4267530441284179,29.0625,0.0005087681347504,0.5263220071792603,22.3359375,29.544830322265625,0.4535961449146271,1018.1414127349854,19.99283599853516
2024-04-10 13:52:56,0.0017365416279062,0.4267530441284179,29.0625,0.0005087681347504,0.5263220071792603,22.3359375,29.544830322265625,0.4535961449146271,1018.1414127349854,19.99283599853516
2024-04-10 13:52:57,0.0017365416279062,0.4267530441284179,29.0625,0.0005087681347504,0.5263220071792603,22.3359375,29.544830322265625,0.4535961449146271,1018.1414127349854,20.00021171569824
2024-04-10 13:52:58,0.0017365416279062,0.4267530441284179,29.0625,0.0005087681347504,0.5263220071792603,22.3359375,29.544830322265625,0.4535961449146271,1018.1414127349854,20.00021171569824
2024-04-10 13:52:59,0.0017365416279062,0.4267530441284179,29.0625,0.0005087681347504,0.5263220071792603,22.3359375,29.544830322265625,0.4535961449146271,1018.1414127349854,20.00021171569824
2024-04-10 13:53:00,0.0017365416279062,0.4267530441284179,29.0625,0.0005087681347504,0.5263220071792603,22.3359375,29.544830322265625,0.4535961449146271,1018.1414127349854,20.00021171569824
2024-04-10 13:53:01,0.0017365416279062,0.4267530441284179,29.0625,0.0005087681347504,0.5263220071792603,22.3359375,29.544830322265625,0.4535961449146271,1018.160524368286,20.00021171569824
2024-04-10 13:53:02,0.0017365416279062,0.4267530441284179,29.0625,0.0005087681347504,0.5263220071792603,22.3359375,29.544830322265625,0.4535961449146271,1018.160524368286,20.00021171569824
2024-04-10 13:53:03,0.0017365416279062,0.4267530441284179,29.0625,0.0005087681347504,0.5263220071792603,22.3359375,29.544830322265625,0.4535961449146271,1018.160524368286,20.00021171569824
2024-04-10 13:53:04,0.0017365416279062,0.4267530441284179,29.0625,0.0005087681347504,0.5263220071792603,22.3359375,29.544830322265625,0.4535961449146271,1018.160524368286,20.00021171569824
2024-04-10 13:53:05,0.0017365416279062,0.4267530441284179,29.0625,0.0005087681347504,0.5263220071792603,22.3359375,29.544830322265625,0.4535961449146271,1018.160524368286,20.00021171569824
2024-04-10 13:53:06,0.0017365416279062,0.4267530441284179,29.0625,0.0005087681347504,0.5263220071792603,22.3359375,29.544830322265625,0.4535961449146271,1018.160524368286,20.00021171569824
2024-04-10 13:53:07,0.0017365416279062,0.4267530441284179,29.0625,0.0005087681347504,0.5263220071792603,22.3359375,29.544830322265625,0.4535961449146271,1018.160524368286,20.00021171569824
2024-04-10 13:53:08,0.0017365416279062,0.4267530441284179,29.0625,0.0005087681347504,0.5263220071792603,22.3359375,29.544830322265625,0.4535961449146271,1018.160524368286,20.01014518737793
2024-04-10 13:53:09,0.0017365416279062,0.4267530441284179,29.0625,0.0005087681347504,0.5263220071792603,22.3359375,29.544830322265625,0.4535961449146271,1018.160524368286,20.01014518737793
2024-04-10 13:53:10,0.0017365416279062,0.4267530441284179,29.0625,0.0005087681347504,0.5263220071792603,22.3359375,29.544830322265625,0.4535961449146271,1018.160524368286,20.01014518737793
2024-04-10 13:53:11,0.0017365416279062,0.4267530441284179,29.0625,0.0005087681347504,0.5263220071792603,22.3359375,29.544830322265625,0.4535961449146271,1018.131856918335,20.01014518737793
2024-04-10 13:53:12,0.0017365416279062,0.4267530441284179,29.0625,0.0005087681347504,0.5263220071792603,22.3359375,29.544830322265625,0.4535961449146271,1018.131856918335,20.01014518737793
2024-04-10 13:53:13,0.0017365416279062,0.4267530441284179,29.0625,0.0005087681347504,0.5263220071792603,22.3359375,29.544830322265625,0.4535961449146271,1018.131856918335,20.01014518737793
2024-04-10 13:53:14,0.0017365416279062,0.4267530441284179,29.0625,0.0005087681347504,0.5263220071792603,22.3359375,29.544830322265625,0.4535961449146271,1018.131856918335,20.01014518737793
2024-04-10 13:53:15,0.0017365416279062,0.4267530441284179,29.0625,0.0005087681347504,0.5263220071792603,22.3359375,29.544830322265625,0.4535961449146271,1018.131856918335,20.010906219482425
2024-04-10 13:53:16,0.0017365416279062,0.4267530441284179,29.0625,0.0005087681347504,0.5263220071792603,22.3359375,29.544830322265625,0.4535961449146271,1018.131856918335,20.010906219482425
2024-04-10 13:53:17,0.0017365416279062,0.4267530441284179,29.0625,0.0005087681347504,0.5263220071792603,22.3359375,30.01068115234375,0.4535961449146271,1018.131856918335,20.010906219482425
2024-04-10 13:53:18,0.0017365416279062,0.4267530441284179,29.0625,0.0005087681347504,0.5263220071792603,22.3359375,30.01068115234375,0.4535961449146271,1018.1162929534912,20.010906219482425
2024-04-10 13:53:19,0.0017365416279062,0.4267530441284179,29.0625,0.0005087681347504,0.5263220071792603,22.3359375,30.01068115234375,0.4535961449146271,1018.1162929534912,20.010906219482425
2024-04-10 13:53:20,0.0017365416279062,0.4267530441284179,29.0625,0.0005087681347504,0.5263220071792603,22.3359375,30.01068115234375,0.4535961449146271,1018.1162929534912,20.010906219482425
2024-04-10 13:53:21,0.0017365416279062,0.4267530441284179,29.0625,0.0005087681347504,0.5263220071792603,22.3359375,30.01068115234375,0.4535961449146271,1018.1162929534912,20.010906219482425
2024-04-10 13:53:22,0.0017365416279062,0.4267530441284179,29.0625,0.0005087681347504,0.5263220071792603,22.3359375,30.01068115234375,0.4535961449146271,1018.1162929534912,19.998872756958008
2024-04-10 13:53:23,0.0017365416279062,0.4267530441284179,29.0625,0.0005087681347504,0.5263220071792603,22.3359375,30.01068115234375,0.4535961449146271,1018.1162929534912,19.998872756958008
2024-04-10 13:53:24,0.0017365416279062,0.4267530441284179,29.0625,0.0005087681347504,0.5263220071792603,22.3359375,30.01068115234375,0.4535961449146271,1018.1162929534912,19.998872756958008
2024-04-10 13:53:25,0.0017365416279062,0.4267530441284179,29.0625,0.0005087681347504,0.5263220071792603,22.3359375,30.01068115234375,0.4535961449146271,1018.1711959838868,19.998872756958008
2024-04-10 13:53:26,0.0017365416279062,0.4267530441284179,29.0625,0.0005087681347504,0.5263220071792603,22.3359375,30.01068115234375,0.4535961449146271,1018.1711959838868,19.998872756958008
2024-04-10 13:53:27,0.0017365416279062,0.4267530441284179,29.0625,0.0005087681347504,0.5263220071792603,22.3359375,30.01068115234375,0.4535961449146271,1018.1711959838868,19.998872756958008
2024-04-10 13:53:28,0.0017365416279062,0.4267530441284179,29.0625,0.0005087681347504,0.5263220071792603,22.3359375,30.01068115234375,0.44962078332901,1018.1711959838868,19.998872756958008
2024-04-10 13:53:29,0.0017365416279062,0.4267530441284179,29.0625,0.0005087681347504,0.5263220071792603,22.3359375,30.01068115234375,0.44962078332901,1018.1711959838868,19.998872756958008
2024-04-10 13:53:30,0.0017365416279062,0.4267530441284179,29.0625,0.0005087681347504,0.5263220071792603,22.3359375,30.01068115234375,0.44962078332901,1018.1711959838868,20.012622833251957
2024-04-10 13:53:31,0.0017365416279062,0.4267530441284179,29.0625,0.0005087681347504,0.5263220071792603,22.3359375,30.01068115234375,0.44962078332901,1018.1711959838868,20.012622833251957
2024-04-10 13:53:32,0.0017365416279062,0.4267530441284179,29.0625,0.0005087681347504,0.5263220071792603,22.3359375,30.01068115234375,0.44962078332901,1018.1711959838868,20.012622833251957
2024-04-10 13:53:33,0.0017365416279062,0.4267530441284179,29.0625,0.0005087681347504,0.5263220071792603,22.3359375,30.01068115234375,0.44962078332901,1018.1711959838868,20.012622833251957
2024-04-10 13:53:34,0.0017365416279062,0.4267530441284179,29.0625,0.0005087681347504,0.5263220071792603,22.3359375,30.01068115234375,0.44962078332901,1018.1217288970948,20.012622833251957
2024-04-10 13:53:35,0.0017365416279062,0.4267530441284179,29.0625,0.0005087681347504,0.5263220071792603,22.3359375,30.01068115234375,0.44962078332901,1018.1217288970948,20.012622833251957
2024-04-10 13:53:36,0.0017365416279062,0.4267530441284179,29.0625,0.0005087681347504,0.5263220071792603,22.3359375,30.01068115234375,0.44962078332901,1018.1217288970948,20.012622833251957
2024-04-10 13:53:37,0.0017365416279062,0.4267530441284179,29.0625,0.0005087681347504,0.5263220071792603,22.3359375,30.01068115234375,0.44962078332901,1018.1217288970948,20.012622833251957
2024-04-10 13:53:38,0.0017365416279062,0.4267530441284179,29.0625,0.0005087681347504,0.5263220071792603,22.3359375,30.01068115234375,0.44962078332901,1018.1217288970948,20.00304412841797
2024-04-10 13:53:39,0.0017365416279062,0.4267530441284179,29.0625,0.0005087681347504,0.5263220071792603,22.3359375,30.01068115234375,0.44962078332901,1018.1217288970948,20.00304412841797
2024-04-10 13:53:40,0.0017365416279062,0.4267530441284179,29.0625,0.0005087681347504,0.5263220071792603,22.3359375,30.01068115234375,0.44962078332901,1018.1217288970948,20.00304412841797
2024-04-10 13:53:41,0.0017365416279062,0.4267530441284179,29.0625,0.0005087681347504,0.5263220071792603,22.3359375,30.01068115234375,0.44962078332901,1018.1217288970948,20.00304412841797
2024-04-10 13:53:42,0.0017365416279062,0.4267530441284179,29.0625,0.0005087681347504,0.5263220071792603,22.3359375,30.01068115234375,0.44962078332901,1018.1344318389891,20.00304412841797
2024-04-10 13:53:43,0.0017365416279062,0.4267530441284179,29.0625,0.0005087681347504,0.5263220071792603,22.3359375,30.01068115234375,0.44962078332901,1018.1344318389891,20.00304412841797
2024-04-10 13:53:44,0.0017365416279062,0.4267530441284179,29.0625,0.0005087681347504,0.5263220071792603,22.3359375,30.01068115234375,0.44962078332901,1018.1344318389891,20.00304412841797
2024-04-10 13:53:45,0.0017365416279062,0.4267530441284179,29.0625,0.0005087681347504,0.5263220071792603,22.3359375,30.01068115234375,0.44962078332901,1018.1344318389891,20.00304412841797
2024-04-10 13:53:46,0.0017365416279062,0.4267530441284179,29.0625,0.0005087681347504,0.5263220071792603,22.3359375,30.01068115234375,0.44962078332901,1018.1344318389891,20.01285171508789
2024-04-10 13:53:47,0.0017365416279062,0.4267530441284179,29.0625,0.0005087681347504,0.5263220071792603,22.3359375,30.01068115234375,0.44962078332901,1018.1344318389891,20.01285171508789
2024-04-10 13:53:48,0.0017365416279062,0.4267530441284179,29.0625,0.0005087681347504,0.5263220071792603,22.3359375,30.01068115234375,0.44962078332901,1018.1344318389891,20.01285171508789
2024-04-10 13:53:49,0.0017365416279062,0.4267530441284179,29.0625,0.0005087681347504,0.5263220071792603,22.3359375,30.01068115234375,0.44962078332901,1018.1344318389891,20.01285171508789
2024-04-10 13:53:50,0.0017365416279062,0.4267530441284179,29.0625,0.0005087681347504,0.5263220071792603,22.3359375,30.01068115234375,0.44962078332901,1018.1344318389891,20.01285171508789
2024-04-10 13:53:51,0.0017365416279062,0.4267530441284179,29.0625,0.0005087681347504,0.5263220071792603,22.3359375,30.01068115234375,0.44962078332901,1018.1344318389891,20.01285171508789
2024-04-10 13:53:52,0.0017365416279062,0.4267530441284179,29.0625,0.0005087681347504,0.5263220071792603,22.3359375,30.01068115234375,0.44962078332901,1018.1435871124268,20.01285171508789
2024-04-10 13:53:53,0.0017365416279062,0.4267530441284179,29.0625,0.0005087681347504,0.5263220071792603,22.3359375,30.01068115234375,0.44962078332901,1018.1435871124268,20.01285171508789
2024-04-10 13:53:54,0.0017365416279062,0.4267530441284179,29.0625,0.0005087681347504,0.5263220071792603,22.3359375,30.01068115234375,0.44962078332901,1018.1435871124268,20.01201057434082
2024-04-10 13:53:55,0.0017365416279062,0.4267530441284179,29.0625,0.0005087681347504,0.5263220071792603,22.3359375,30.01068115234375,0.44962078332901,1018.1435871124268,20.01201057434082
2024-04-10 13:53:56,0.0017365416279062,0.4267530441284179,29.0625,0.0005087681347504,0.5263220071792603,22.3359375,30.01068115234375,0.44962078332901,1018.1435871124268,20.01201057434082
2024-04-10 13:53:57,0.0017365416279062,0.4267530441284179,29.0625,0.0005087681347504,0.5263220071792603,22.3359375,30.01068115234375,0.44962078332901,1018.1435871124268,20.01201057434082
2024-04-10 13:53:58,0.0017365416279062,0.4267530441284179,29.0625,0.0005087681347504,0.5263220071792603,22.3359375,30.01068115234375,0.44962078332901,1018.1435871124268,20.01201057434082
2024-04-10 13:53:59,0.0017365416279062,0.4267530441284179,29.0625,0.0005087681347504,0.5263220071792603,22.3359375,30.01068115234375,0.44962078332901,1018.137664794922,20.01201057434082
2024-04-10 13:54:00,0.0017365416279062,0.4267530441284179,29.0625,0.0005087681347504,0.5263220071792603,22.3359375,30.01068115234375,0.44962078332901,1018.137664794922,20.01201057434082
2024-04-10 13:54:01,0.0017365416279062,0.4267530441284179,29.0625,0.0005087681347504,0.5263220071792603,22.3359375,30.01068115234375,0.44962078332901,1018.137664794922,20.01201057434082
2024-04-10 13:54:02,0.0017365416279062,0.4267530441284179,29.0625,0.0005087681347504,0.5263220071792603,22.3359375,30.01068115234375,0.44962078332901,1018.137664794922,20.01201057434082
2024-04-10 13:54:03,0.0017365416279062,0.4267530441284179,29.0625,0.0005087681347504,0.5263220071792603,22.3359375,30.01068115234375,0.44962078332901,1018.137664794922,20.009052276611328
2024-04-10 13:54:04,0.0017365416279062,0.4267530441284179,29.0625,0.0005087681347504,0.5263220071792603,22.3359375,30.01068115234375,0.44962078332901,1018.137664794922,20.009052276611328
2024-04-10 13:54:05,0.0017365416279062,0.4267530441284179,29.0625,0.0005087681347504,0.5263220071792603,22.3359375,30.01068115234375,0.44962078332901,1018.137664794922,20.009052276611328
2024-04-10 13:54:06,0.0017365416279062,0.4267530441284179,29.0625,0.0005087681347504,0.5263220071792603,22.3359375,30.01068115234375,0.44962078332901,1018.1636714935304,20.009052276611328
2024-04-10 13:54:07,0.0017365416279062,0.4267530441284179,29.0625,0.0005087681347504,0.5263220071792603,22.3359375,30.01068115234375,0.44962078332901,1018.1636714935304,20.009052276611328
2024-04-10 13:54:08,0.0017365416279062,0.4267530441284179,29.0625,0.0005087681347504,0.5263220071792603,22.3359375,30.01068115234375,0.44962078332901,1018.1636714935304,20.009052276611328
2024-04-10 13:54:09,0.0017365416279062,0.4267530441284179,29.0625,0.0005087681347504,0.5263220071792603,22.3359375,30.01068115234375,0.44962078332901,1018.1636714935304,20.009052276611328
2024-04-10 13:54:10,0.0017365416279062,0.4267530441284179,29.0625,0.0005087681347504,0.5263220071792603,22.3359375,30.01068115234375,0.44962078332901,1018.1636714935304,20.009052276611328
2024-04-10 13:54:11,0.0017365416279062,0.4267530441284179,29.0625,0.0005087681347504,0.5263220071792603,22.3359375,30.01068115234375,0.44962078332901,1018.1636714935304,20.010860443115234
2024-04-10 13:54:12,0.0017365416279062,0.4267530441284179,29.0625,0.0005087681347504,0.5263220071792603,22.3359375,30.01068115234375,0.44962078332901,1018.1636714935304,20.010860443115234
2024-04-10 13:54:13,0.0017365416279062,0.4267530441284179,29.0625,0.0005087681347504,0.5263220071792603,22.3359375,30.01068115234375,0.44962078332901,1018.1636714935304,20.010860443115234
2024-04-10 13:54:14,0.0017365416279062,0.4267530441284179,29.0625,0.0005087681347504,0.5263220071792603,22.3359375,30.01068115234375,0.44962078332901,1018.1636714935304,20.010860443115234
2024-04-10 13:54:15,0.0017365416279062,0.4267530441284179,29.0625,0.0005087681347504,0.5263220071792603,22.3359375,30.01068115234375,0.44962078332901,1018.1699371337892,20.010860443115234
2024-04-10 13:54:16,0.0017365416279062,0.4267530441284179,29.0625,0.0005087681347504,0.5263220071792603,22.3359375,30.01068115234375,0.44962078332901,1018.1699371337892,20.010860443115234
2024-04-10 13:54:17,0.0017365416279062,0.4267530441284179,29.0625,0.0005087681347504,0.5263220071792603,22.3359375,30.01068115234375,0.44962078332901,1018.1699371337892,20.010860443115234
2024-04-10 13:54:18,0.0017365416279062,0.4267530441284179,29.0625,0.0005087681347504,0.5263220071792603,22.3359375,30.01068115234375,0.44962078332901,1018.1699371337892,20.010860443115234
2024-04-10 13:54:19,0.0017365416279062,0.4267530441284179,29.0625,0.0005087681347504,0.5263220071792603,22.3359375,30.2041015625,0.44962078332901,1018.1699371337892,20.00981330871582
2024-04-10 13:54:20,0.0017365416279062,0.4267530441284179,29.0625,0.0005087681347504,0.5263220071792603,22.3359375,30.2041015625,0.44962078332901,1018.1699371337892,20.00981330871582
2024-04-10 13:54:21,0.0017365416279062,0.4267530441284179,29.0625,0.0005087681347504,0.5263220071792603,22.3359375,30.2041015625,0.44962078332901,1018.1699371337892,20.00981330871582
2024-04-10 13:54:22,0.0017365416279062,0.4267530441284179,29.0625,0.0005087681347504,0.5263220071792603,22.3359375,30.2041015625,0.44962078332901,1018.1699371337892,20.00981330871582
2024-04-10 13:54:23,0.0017365416279062,0.4267530441284179,29.0625,0.0005087681347504,0.5263220071792603,22.3359375,30.2041015625,0.44962078332901,1018.1507110595704,20.00981330871582
2024-04-10 13:54:24,0.0017365416279062,0.4267530441284179,29.0625,0.0005087681347504,0.5263220071792603,22.3359375,30.2041015625,0.44962078332901,1018.1507110595704,20.00981330871582
2024-04-10 13:54:25,0.0017365416279062,0.4267530441284179,29.0625,0.0005087681347504,0.5263220071792603,22.3359375,30.2041015625,0.44962078332901,1018.1507110595704,20.00981330871582
2024-04-10 13:54:26,0.0017365416279062,0.4267530441284179,29.0625,0.0005087681347504,0.5263220071792603,22.3359375,30.2041015625,0.44962078332901,1018.1507110595704,20.00981330871582
2024-04-10 13:54:27,0.0017365416279062,0.4267530441284179,29.0625,0.0005087681347504,0.5263220071792603,22.3359375,30.2041015625,0.4544648230075836,1018.1507110595704,20.007158279418945
2024-04-10 13:54:28,0.0017365416279062,0.4267530441284179,29.0625,0.0005087681347504,0.5263220071792603,22.3359375,30.2041015625,0.4544648230075836,1018.1507110595704,20.007158279418945
2024-04-10 13:54:29,0.0017365416279062,0.4267530441284179,29.0625,0.0005087681347504,0.5263220071792603,22.3359375,30.2041015625,0.4544648230075836,1018.1507110595704,20.007158279418945
2024-04-10 13:54:30,0.0017365416279062,0.4267530441284179,29.0625,0.0005087681347504,0.5263220071792603,22.3359375,30.2041015625,0.4544648230075836,1018.1240463256836,20.007158279418945
2024-04-10 13:54:31,0.0017365416279062,0.4267530441284179,29.0625,0.0005087681347504,0.5263220071792603,22.3359375,30.2041015625,0.4544648230075836,1018.1240463256836,20.007158279418945
2024-04-10 13:54:32,0.0017365416279062,0.4267530441284179,29.0625,0.0005087681347504,0.5263220071792603,22.3359375,30.2041015625,0.4544648230075836,1018.1240463256836,20.007158279418945
2024-04-10 13:54:33,0.0017365416279062,0.4267530441284179,29.0625,0.0005087681347504,0.5263220071792603,22.3359375,30.2041015625,0.4544648230075836,1018.1240463256836,20.007158279418945
2024-04-10 13:54:34,0.0017365416279062,0.4267530441284179,29.0625,0.0005087681347504,0.5263220071792603,22.3359375,30.2041015625,0.4544648230075836,1018.1240463256836,20.007158279418945
2024-04-10 13:54:35,0.0017365416279062,0.4267530441284179,29.0625,0.0005087681347504,0.5263220071792603,22.3359375,30.2041015625,0.4544648230075836,1018.1240463256836,19.997270584106445
2024-04-10 13:54:36,0.0017365416279062,0.4267530441284179,29.0625,0.0005087681347504,0.5263220071792603,22.3359375,30.2041015625,0.4544648230075836,1018.1240463256836,19.997270584106445
2024-04-10 13:54:37,0.0017365416279062,0.4267530441284179,29.0625,0.0005087681347504,0.5263220071792603,22.3359375,30.2041015625,0.4544648230075836,1018.1328296661376,19.997270584106445
2024-04-10 13:54:38,0.0017365416279062,0.4267530441284179,29.0625,0.0005087681347504,0.5263220071792603,22.3359375,30.2041015625,0.4544648230075836,1018.1328296661376,19.997270584106445
2024-04-10 13:54:39,0.0017365416279062,0.4267530441284179,29.0625,0.0005087681347504,0.5263220071792603,22.3359375,30.2041015625,0.4544648230075836,1018.1328296661376,19.997270584106445
2024-04-10 13:54:40,0.0017365416279062,0.4267530441284179,29.0625,0.0005087681347504,0.5263220071792603,22.3359375,30.2041015625,0.4544648230075836,1018.1328296661376,19.997270584106445
2024-04-10 13:54:41,0.0017365416279062,0.4267530441284179,29.0625,0.0005087681347504,0.5263220071792603,22.3359375,30.2041015625,0.4544648230075836,1018.1328296661376,19.997270584106445
2024-04-10 13:54:42,0.0017365416279062,0.4267530441284179,29.0625,0.0005087681347504,0.5263220071792603,22.3359375,30.2041015625,0.4544648230075836,1018.1328296661376,19.99499893188477
2024-04-10 13:54:43,0.0017365416279062,0.4267530441284179,29.0625,0.0005087681347504,0.5263220071792603,22.3359375,30.2041015625,0.4544648230075836,1018.1328296661376,19.99499893188477
2024-04-10 13:54:44,0.0017365416279062,0.4267530441284179,29.0625,0.0005087681347504,0.5263220071792603,22.3359375,30.2041015625,0.4544648230075836,1018.1328296661376,19.99499893188477
2024-04-10 13:54:45,0.0017365416279062,0.4267530441284179,29.0625,0.0005087681347504,0.5263220071792603,22.3359375,30.2041015625,0.4544648230075836,1018.084077835083,19.99499893188477
2024-04-10 13:54:46,0.0017365416279062,0.4267530441284179,29.0625,0.0005087681347504,0.5263220071792603,22.3359375,30.2041015625,0.4544648230075836,1018.084077835083,19.99499893188477
2024-04-10 13:54:47,0.0017365416279062,0.4267530441284179,29.0625,0.0005087681347504,0.5263220071792603,22.3359375,30.2041015625,0.4544648230075836,1018.084077835083,19.99499893188477
2024-04-10 13:54:48,0.0017365416279062,0.4267530441284179,29.0625,0.0005087681347504,0.5263220071792603,22.3359375,30.2041015625,0.4544648230075836,1018.084077835083,19.99499893188477
2024-04-10 13:54:49,0.0017365416279062,0.4267530441284179,29.0625,0.0005087681347504,0.5263220071792603,22.3359375,30.2041015625,0.4544648230075836,1018.084077835083,19.99499893188477
2024-04-10 13:54:50,0.0017365416279062,0.4267530441284179,29.0625,0.0005087681347504,0.5263220071792603,22.3359375,30.2041015625,0.4544648230075836,1018.084077835083,19.9948787689209
2024-04-10 13:54:51,0.0017365416279062,0.4267530441284179,29.0625,0.0005087681347504,0.5263220071792603,22.3359375,30.2041015625,0.4544648230075836,1018.084077835083,19.9948787689209
2024-04-10 13:54:52,0.0017365416279062,0.4267530441284179,29.0625,0.0005087681347504,0.5263220071792603,22.3359375,30.2041015625,0.4544648230075836,1018.084077835083,19.9948787689209
2024-04-10 13:54:53,0.0017365416279062,0.4267530441284179,29.0625,0.0005087681347504,0.5263220071792603,22.3359375,30.2041015625,0.4544648230075836,1018.084077835083,19.9948787689209
2024-04-10 13:54:54,0.0017365416279062,0.4267530441284179,29.0625,0.0005087681347504,0.5263220071792603,22.3359375,30.2041015625,0.4544648230075836,1018.1429862976074,19.9948787689209
2024-04-10 13:54:55,0.0017365416279062,0.4267530441284179,29.0625,0.0005087681347504,0.5263220071792603,22.3359375,30.2041015625,0.4544648230075836,1018.1429862976074,19.9948787689209
2024-04-10 13:54:56,0.0017365416279062,0.4267530441284179,29.0625,0.0005087681347504,0.5263220071792603,22.3359375,30.2041015625,0.4544648230075836,1018.1429862976074,19.9948787689209
2024-04-10 13:54:57,0.0017365416279062,0.4267530441284179,29.0625,0.0005087681347504,0.5263220071792603,22.3359375,30.2041015625,0.4544648230075836,1018.1429862976074,19.9948787689209
2024-04-10 13:54:58,0.0017365416279062,0.4267530441284179,29.0625,0.0005087681347504,0.5263220071792603,22.3359375,30.2041015625,0.4544648230075836,1018.1429862976074,19.99723052978516
2024-04-10 13:54:59,0.0017365416279062,0.4267530441284179,29.0625,0.0005087681347504,0.5263220071792603,22.3359375,30.2041015625,0.4544648230075836,1018.1429862976074,19.99723052978516
2024-04-10 13:55:00,0.0017365416279062,0.4267530441284179,29.0625,0.0005087681347504,0.5263220071792603,22.3359375,30.2041015625,0.4544648230075836,1018.1429862976074,19.99723052978516
2024-04-10 13:55:01,0.0017365416279062,0.4267530441284179,29.0625,0.0005087681347504,0.5263220071792603,22.3359375,30.2041015625,0.4544648230075836,1018.1429862976074,19.99723052978516
2024-04-10 13:55:02,0.0017365416279062,0.4267530441284179,29.0625,0.0005087681347504,0.5263220071792603,22.3359375,30.2041015625,0.4544648230075836,1018.1429862976074,19.99723052978516
2024-04-10 13:55:03,0.0017365416279062,0.4267530441284179,29.0625,0.0005087681347504,0.5263220071792603,22.3359375,30.2041015625,0.4544648230075836,1018.1429862976074,19.99723052978516
2024-04-10 13:55:04,0.0017365416279062,0.4267530441284179,29.0625,0.0005087681347504,0.5263220071792603,22.3359375,30.2041015625,0.4544648230075836,1018.1471920013428,19.99723052978516
2024-04-10 13:55:05,0.0017365416279062,0.4267530441284179,29.0625,0.0005087681347504,0.5263220071792603,22.3359375,30.2041015625,0.4544648230075836,1018.1471920013428,19.998123168945312
2024-04-10 13:55:06,0.0017365416279062,0.4267530441284179,29.0625,0.0005087681347504,0.5263220071792603,22.3359375,30.2041015625,0.4544648230075836,1018.1471920013428,19.998123168945312
2024-04-10 13:55:07,0.0017365416279062,0.4267530441284179,29.0625,0.0005087681347504,0.5263220071792603,22.3359375,30.2041015625,0.4544648230075836,1018.1471920013428,19.998123168945312
2024-04-10 13:55:08,0.0017365416279062,0.4267530441284179,29.0625,0.0005087681347504,0.5263220071792603,22.3359375,30.2041015625,0.4544648230075836,1018.1471920013428,19.998123168945312
2024-04-10 13:55:09,0.0017365416279062,0.4267530441284179,29.0625,0.0005087681347504,0.5263220071792603,22.3359375,30.2041015625,0.4544648230075836,1018.1471920013428,19.998123168945312
2024-04-10 13:55:10,0.0017365416279062,0.4267530441284179,29.0625,0.0005087681347504,0.5263220071792603,22.3359375,30.2041015625,0.4544648230075836,1018.1471920013428,19.998123168945312
2024-04-10 13:55:11,0.0017365416279062,0.4267530441284179,29.0625,0.0005087681347504,0.5263220071792603,22.3359375,30.2041015625,0.4544648230075836,1018.1067943572998,19.998123168945312
2024-04-10 13:55:12,0.0017365416279062,0.4267530441284179,29.0625,0.0005087681347504,0.5263220071792603,22.3359375,30.2041015625,0.4544648230075836,1018.1067943572998,19.998123168945312
2024-04-10 13:55:13,0.0017365416279062,0.4267530441284179,29.0625,0.0005087681347504,0.5263220071792603,22.3359375,30.2041015625,0.4544648230075836,1018.1067943572998,19.998123168945312
2024-04-10 13:55:14,0.0017365416279062,0.4267530441284179,29.0625,0.0005087681347504,0.5263220071792603,22.3359375,30.2041015625,0.4544648230075836,1018.1067943572998,19.988847732543945
2024-04-10 13:55:15,0.0017365416279062,0.4267530441284179,29.0625,0.0005087681347504,0.5263220071792603,22.3359375,30.42611694335937,0.4544648230075836,1018.1067943572998,19.988847732543945
2024-04-10 13:55:16,0.0017365416279062,0.4267530441284179,29.0625,0.0005087681347504,0.5263220071792603,22.3359375,30.42611694335937,0.4544648230075836,1018.1067943572998,19.988847732543945
2024-04-10 13:55:17,0.0017365416279062,0.4267530441284179,29.0625,0.0005087681347504,0.5263220071792603,22.3359375,30.42611694335937,0.4544648230075836,1018.1067943572998,19.988847732543945
2024-04-10 13:55:18,0.0017365416279062,0.4267530441284179,29.0625,0.0005087681347504,0.5263220071792603,22.3359375,30.42611694335937,0.4544648230075836,1018.1479358673096,19.988847732543945
2024-04-10 13:55:19,0.0017365416279062,0.4267530441284179,29.0625,0.0005087681347504,0.5263220071792603,22.3359375,30.42611694335937,0.4544648230075836,1018.1479358673096,19.988847732543945
2024-04-10 13:55:20,0.0017365416279062,0.4267530441284179,29.0625,0.0005087681347504,0.5263220071792603,22.3359375,30.42611694335937,0.4544648230075836,1018.1479358673096,19.988847732543945
2024-04-10 13:55:21,0.0017365416279062,0.4267530441284179,29.0625,0.0005087681347504,0.5263220071792603,22.3359375,30.42611694335937,0.4544648230075836,1018.1479358673096,19.988847732543945
2024-04-10 13:55:22,0.0017365416279062,0.4267530441284179,29.0625,0.0005087681347504,0.5263220071792603,22.3359375,30.42611694335937,0.4544648230075836,1018.1479358673096,19.988847732543945
2024-04-10 13:55:23,0.0017365416279062,0.4267530441284179,29.0625,0.0005087681347504,0.5263220071792603,22.3359375,30.42611694335937,0.4544648230075836,1018.1479358673096,19.9901180267334
2024-04-10 13:55:24,0.0017365416279062,0.4267530441284179,29.0625,0.0005087681347504,0.5263220071792603,22.3359375,30.42611694335937,0.4544648230075836,1018.1479358673096,19.9901180267334
2024-04-10 13:55:25,0.0017365416279062,0.4267530441284179,29.0625,0.0005087681347504,0.5263220071792603,22.3359375,30.42611694335937,0.4544648230075836,1018.1479358673096,19.9901180267334
2024-04-10 13:55:26,0.0017365416279062,0.4267530441284179,29.0625,0.0005087681347504,0.5263220071792603,22.3359375,30.42611694335937,0.4544648230075836,1018.1962013244628,19.9901180267334
2024-04-10 13:55:27,0.0017365416279062,0.4267530441284179,29.0625,0.0005087681347504,0.5263220071792603,22.3359375,30.42611694335937,0.4544648230075836,1018.1962013244628,19.9901180267334
2024-04-10 13:55:28,0.0017365416279062,0.4267530441284179,29.0625,0.0005087681347504,0.5263220071792603,22.3359375,30.42611694335937,0.4514809846878052,1018.1962013244628,19.9901180267334
2024-04-10 13:55:29,0.0017365416279062,0.4267530441284179,29.0625,0.0005087681347504,0.5263220071792603,22.3359375,30.42611694335937,0.4514809846878052,1018.1962013244628,19.9901180267334
2024-04-10 13:55:30,0.0017365416279062,0.4267530441284179,29.0625,0.0005087681347504,0.5263220071792603,22.3359375,30.42611694335937,0.4514809846878052,1018.1962013244628,19.9901180267334
2024-04-10 13:55:31,0.0017365416279062,0.4267530441284179,29.0625,0.0005087681347504,0.5263220071792603,22.3359375,30.42611694335937,0.4514809846878052,1018.1962013244628,19.98247337341309
2024-04-10 13:55:32,0.0017365416279062,0.4267530441284179,29.0625,0.0005087681347504,0.5263220071792603,22.3359375,30.42611694335937,0.4514809846878052,1018.1962013244628,19.98247337341309
2024-04-10 13:55:33,0.0017365416279062,0.4267530441284179,29.0625,0.0005087681347504,0.5263220071792603,22.3359375,30.42611694335937,0.4514809846878052,1018.1962013244628,19.98247337341309
2024-04-10 13:55:34,0.0017365416279062,0.4267530441284179,29.0625,0.0005087681347504,0.5263220071792603,22.3359375,30.42611694335937,0.4514809846878052,1018.1962013244628,19.98247337341309
2024-04-10 13:55:35,0.0017365416279062,0.4267530441284179,29.0625,0.0005087681347504,0.5263220071792603,22.3359375,30.42611694335937,0.4514809846878052,1018.199348449707,19.98247337341309
2024-04-10 13:55:36,0.0017365416279062,0.4267530441284179,29.0625,0.0005087681347504,0.5263220071792603,22.3359375,30.42611694335937,0.4514809846878052,1018.199348449707,19.98247337341309
2024-04-10 13:55:37,0.0017365416279062,0.4267530441284179,29.0625,0.0005087681347504,0.5263220071792603,22.3359375,30.42611694335937,0.4514809846878052,1018.199348449707,19.98247337341309
2024-04-10 13:55:38,0.0017365416279062,0.4267530441284179,29.0625,0.0005087681347504,0.5263220071792603,22.3359375,30.42611694335937,0.4514809846878052,1018.199348449707,19.98247337341309
2024-04-10 13:55:39,0.0017365416279062,0.4267530441284179,29.0625,0.0005087681347504,0.5263220071792603,22.3359375,30.42611694335937,0.4514809846878052,1018.199348449707,19.97541236877441
2024-04-10 13:55:40,0.0017365416279062,0.4267530441284179,29.0625,0.0005087681347504,0.5263220071792603,22.3359375,30.42611694335937,0.4514809846878052,1018.199348449707,19.97541236877441
2024-04-10 13:55:41,0.0017365416279062,0.4267530441284179,29.0625,0.0005087681347504,0.5263220071792603,22.3359375,30.42611694335937,0.4514809846878052,1018.199348449707,19.97541236877441
2024-04-10 13:55:42,0.0017365416279062,0.4267530441284179,29.0625,0.0005087681347504,0.5263220071792603,22.3359375,30.42611694335937,0.4514809846878052,1018.1469345092772,19.97541236877441
2024-04-10 13:55:43,0.0017365416279062,0.4267530441284179,29.0625,0.0005087681347504,0.5263220071792603,22.3359375,30.42611694335937,0.4514809846878052,1018.1469345092772,19.97541236877441
2024-04-10 13:55:44,0.0017365416279062,0.4267530441284179,29.0625,0.0005087681347504,0.5263220071792603,22.3359375,30.42611694335937,0.4514809846878052,1018.1469345092772,19.97541236877441
2024-04-10 13:55:45,0.0017365416279062,0.4267530441284179,29.0625,0.0005087681347504,0.5263220071792603,22.3359375,30.42611694335937,0.4514809846878052,1018.1469345092772,19.97541236877441
2024-04-10 13:55:46,0.0017365416279062,0.4267530441284179,29.0625,0.0005087681347504,0.5263220071792603,22.3359375,30.42611694335937,0.4514809846878052,1018.1469345092772,19.98165512084961
2024-04-10 13:55:47,0.0017365416279062,0.4267530441284179,29.0625,0.0005087681347504,0.5263220071792603,22.3359375,30.42611694335937,0.4514809846878052,1018.1469345092772,19.98165512084961
2024-04-10 13:55:48,0.0017365416279062,0.4267530441284179,29.0625,0.0005087681347504,0.5263220071792603,22.3359375,30.42611694335937,0.4514809846878052,1018.1469345092772,19.98165512084961
2024-04-10 13:55:49,0.0017365416279062,0.4267530441284179,29.0625,0.0005087681347504,0.5263220071792603,22.3359375,30.42611694335937,0.4514809846878052,1018.1469345092772,19.98165512084961
2024-04-10 13:55:50,0.0017365416279062,0.4267530441284179,29.0625,0.0005087681347504,0.5263220071792603,22.3359375,30.42611694335937,0.4514809846878052,1018.1469345092772,19.98165512084961
2024-04-10 13:55:51,0.0017365416279062,0.4267530441284179,29.0625,0.0005087681347504,0.5263220071792603,22.3359375,30.42611694335937,0.4514809846878052,1018.1469345092772,19.98165512084961
2024-04-10 13:55:52,0.0017365416279062,0.4267530441284179,29.0625,0.0005087681347504,0.5263220071792603,22.3359375,30.42611694335937,0.4514809846878052,1018.188819885254,19.98165512084961
2024-04-10 13:55:53,0.0017365416279062,0.4267530441284179,29.0625,0.0005087681347504,0.5263220071792603,22.3359375,30.42611694335937,0.4514809846878052,1018.188819885254,19.98405265808105
2024-04-10 13:55:54,0.0017365416279062,0.4267530441284179,29.0625,0.0005087681347504,0.5263220071792603,22.3359375,30.42611694335937,0.4514809846878052,1018.188819885254,19.98405265808105
2024-04-10 13:55:55,0.0017365416279062,0.4267530441284179,29.0625,0.0005087681347504,0.5263220071792603,22.3359375,30.42611694335937,0.4514809846878052,1018.188819885254,19.98405265808105
2024-04-10 13:55:56,0.0017365416279062,0.4267530441284179,29.0625,0.0005087681347504,0.5263220071792603,22.3359375,30.42611694335937,0.4514809846878052,1018.188819885254,19.98405265808105
2024-04-10 13:55:57,0.0017365416279062,0.4267530441284179,29.0625,0.0005087681347504,0.5263220071792603,22.3359375,30.42611694335937,0.4514809846878052,1018.188819885254,19.98405265808105
2024-04-10 13:55:58,0.0017365416279062,0.4267530441284179,29.0625,0.0005087681347504,0.5263220071792603,22.3359375,30.42611694335937,0.4514809846878052,1018.188819885254,19.98405265808105
2024-04-10 13:55:59,0.0017365416279062,0.4267530441284179,29.0625,0.0005087681347504,0.5263220071792603,22.3359375,30.42611694335937,0.4514809846878052,1018.1823253631592,19.98405265808105
2024-04-10 13:56:00,0.0017365416279062,0.4267530441284179,29.0625,0.0005087681347504,0.5263220071792603,22.3359375,30.42611694335937,0.4514809846878052,1018.1823253631592,19.98405265808105
2024-04-10 13:56:01,0.0017365416279062,0.4267530441284179,29.0625,0.0005087681347504,0.5263220071792603,22.3359375,30.42611694335937,0.4514809846878052,1018.1823253631592,19.98405265808105
2024-04-10 13:56:02,0.0017365416279062,0.4267530441284179,29.0625,0.0005087681347504,0.5263220071792603,22.3359375,30.42611694335937,0.4514809846878052,1018.1823253631592,19.969209671020508
2024-04-10 13:56:03,0.0017365416279062,0.4267530441284179,29.0625,0.0005087681347504,0.5263220071792603,22.3359375,30.42611694335937,0.4514809846878052,1018.1823253631592,19.969209671020508
2024-04-10 13:56:04,0.0017365416279062,0.4267530441284179,29.0625,0.0005087681347504,0.5263220071792603,22.3359375,30.42611694335937,0.4514809846878052,1018.1823253631592,19.969209671020508
2024-04-10 13:56:05,0.0017365416279062,0.4267530441284179,29.0625,0.0005087681347504,0.5263220071792603,22.3359375,30.42611694335937,0.4514809846878052,1018.1823253631592,19.969209671020508
2024-04-10 13:56:06,0.0017365416279062,0.4267530441284179,29.0625,0.0005087681347504,0.5263220071792603,22.3359375,30.42611694335937,0.4514809846878052,1018.1875610351562,19.969209671020508
2024-04-10 13:56:07,0.0017365416279062,0.4267530441284179,29.0625,0.0005087681347504,0.5263220071792603,22.3359375,30.42611694335937,0.4514809846878052,1018.1875610351562,19.969209671020508
2024-04-10 13:56:08,0.0017365416279062,0.4267530441284179,29.0625,0.0005087681347504,0.5263220071792603,22.3359375,30.42611694335937,0.4514809846878052,1018.1875610351562,19.969209671020508
2024-04-10 13:56:09,0.0017365416279062,0.4267530441284179,29.0625,0.0005087681347504,0.5263220071792603,22.3359375,30.42611694335937,0.4514809846878052,1018.1875610351562,19.95912742614746
2024-04-10 13:56:10,0.0017365416279062,0.4267530441284179,29.0625,0.0005087681347504,0.5263220071792603,22.3359375,30.42611694335937,0.4514809846878052,1018.1875610351562,19.95912742614746
2024-04-10 13:56:11,0.0017365416279062,0.4267530441284179,29.0625,0.0005087681347504,0.5263220071792603,22.3359375,30.42611694335937,0.4514809846878052,1018.1875610351562,19.95912742614746
2024-04-10 13:56:12,0.0017365416279062,0.4267530441284179,29.0625,0.0005087681347504,0.5263220071792603,22.3359375,30.42611694335937,0.4514809846878052,1018.1875610351562,19.95912742614746
2024-04-10 13:56:13,0.0017365416279062,0.4267530441284179,29.0625,0.0005087681347504,0.5263220071792603,22.3359375,30.42611694335937,0.4514809846878052,1018.1875610351562,19.95912742614746
2024-04-10 13:56:14,0.0017365416279062,0.4267530441284179,29.0625,0.0005087681347504,0.5263220071792603,22.3359375,30.42611694335937,0.4514809846878052,1018.1875610351562,19.95912742614746
2024-04-10 13:56:15,0.0017365416279062,0.4267530441284179,29.0625,0.0005087681347504,0.5263220071792603,22.3359375,30.42611694335937,0.4514809846878052,1018.1875610351562,19.95912742614746
2024-04-10 13:56:16,0.0017365416279062,0.4267530441284179,29.0625,0.0005087681347504,0.5263220071792603,22.3359375,30.42611694335937,0.4514809846878052,1018.1783485412598,19.95912742614746
2024-04-10 13:56:17,0.0017365416279062,0.4267530441284179,29.0625,0.0005087681347504,0.5263220071792603,22.3359375,30.8753662109375,0.4514809846878052,1018.1783485412598,19.95912742614746
2024-04-10 13:56:18,0.0017365416279062,0.4267530441284179,29.0625,0.0005087681347504,0.5263220071792603,22.3359375,30.8753662109375,0.4514809846878052,1018.1783485412598,19.95912742614746
2024-04-10 13:56:19,0.0017365416279062,0.4267530441284179,29.0625,0.0005087681347504,0.5263220071792603,22.3359375,30.8753662109375,0.4514809846878052,1018.1783485412598,19.95912742614746
2024-04-10 13:56:20,0.0017365416279062,0.4267530441284179,29.0625,0.0005087681347504,0.5263220071792603,22.3359375,30.8753662109375,0.4514809846878052,1018.1783485412598,19.96862030029297
2024-04-10 13:56:21,0.0017365416279062,0.4267530441284179,29.0625,0.0005087681347504,0.5263220071792603,22.3359375,30.8753662109375,0.4514809846878052,1018.1783485412598,19.96862030029297
2024-04-10 13:56:22,0.0017365416279062,0.4267530441284179,29.0625,0.0005087681347504,0.5263220071792603,22.3359375,30.8753662109375,0.4514809846878052,1018.1783485412598,19.96862030029297
2024-04-10 13:56:23,0.0017365416279062,0.4267530441284179,29.0625,0.0005087681347504,0.5263220071792603,22.3359375,30.8753662109375,0.4514809846878052,1018.1748580932616,19.96862030029297
2024-04-10 13:56:24,0.0017365416279062,0.4267530441284179,29.0625,0.0005087681347504,0.5263220071792603,22.3359375,30.8753662109375,0.4514809846878052,1018.1748580932616,19.96862030029297
2024-04-10 13:56:25,0.0017365416279062,0.4267530441284179,29.0625,0.0005087681347504,0.5263220071792603,22.3359375,30.8753662109375,0.4514809846878052,1018.1748580932616,19.96862030029297
2024-04-10 13:56:26,0.0017365416279062,0.4267530441284179,29.0625,0.0005087681347504,0.5263220071792603,22.3359375,30.8753662109375,0.4514809846878052,1018.1748580932616,19.97731208801269
2024-04-10 13:56:27,0.0017365416279062,0.4267530441284179,29.0625,0.0005087681347504,0.5263220071792603,22.3359375,30.8753662109375,0.4514809846878052,1018.1748580932616,19.97731208801269
2024-04-10 13:56:28,0.0017365416279062,0.4267530441284179,29.0625,0.0005087681347504,0.5263220071792603,22.3359375,30.8753662109375,0.4514809846878052,1018.1748580932616,19.97731208801269
2024-04-10 13:56:29,0.0017365416279062,0.4267530441284179,29.0625,0.0005087681347504,0.5263220071792603,22.3359375,30.8753662109375,0.4514591693878174,1018.1748580932616,19.97731208801269
2024-04-10 13:56:30,0.0017365416279062,0.4267530441284179,29.0625,0.0005087681347504,0.5263220071792603,22.3359375,30.8753662109375,0.4514591693878174,1018.171453475952,19.97731208801269
2024-04-10 13:56:31,0.0017365416279062,0.4267530441284179,29.0625,0.0005087681347504,0.5263220071792603,22.3359375,30.8753662109375,0.4514591693878174,1018.171453475952,19.97731208801269
2024-04-10 13:56:32,0.0017365416279062,0.4267530441284179,29.0625,0.0005087681347504,0.5263220071792603,22.3359375,30.8753662109375,0.4514591693878174,1018.171453475952,19.97731208801269
2024-04-10 13:56:33,0.0017365416279062,0.4267530441284179,29.0625,0.0005087681347504,0.5263220071792603,22.3359375,30.8753662109375,0.4514591693878174,1018.171453475952,19.97731208801269
2024-04-10 13:56:34,0.0017365416279062,0.4267530441284179,29.0625,0.0005087681347504,0.5263220071792603,22.3359375,30.8753662109375,0.4514591693878174,1018.171453475952,19.9710693359375
2024-04-10 13:56:35,0.0017365416279062,0.4267530441284179,29.0625,0.0005087681347504,0.5263220071792603,22.3359375,30.8753662109375,0.4514591693878174,1018.171453475952,19.9710693359375
2024-04-10 13:56:36,0.0017365416279062,0.4267530441284179,29.0625,0.0005087681347504,0.5263220071792603,22.3359375,30.8753662109375,0.4514591693878174,1018.171453475952,19.9710693359375
2024-04-10 13:56:37,0.0017365416279062,0.4267530441284179,29.0625,0.0005087681347504,0.5263220071792603,22.3359375,30.8753662109375,0.4514591693878174,1018.171453475952,19.9710693359375
2024-04-10 13:56:38,0.0017365416279062,0.4267530441284179,29.0625,0.0005087681347504,0.5263220071792603,22.3359375,30.8753662109375,0.4514591693878174,1018.1975173950196,19.9710693359375
2024-04-10 13:56:39,0.0017365416279062,0.4267530441284179,29.0625,0.0005087681347504,0.5263220071792603,22.3359375,30.8753662109375,0.4514591693878174,1018.1975173950196,19.9710693359375
2024-04-10 13:56:40,0.0017365416279062,0.4267530441284179,29.0625,0.0005087681347504,0.5263220071792603,22.3359375,30.8753662109375,0.4514591693878174,1018.1975173950196,19.9710693359375
2024-04-10 13:56:41,0.0017365416279062,0.4267530441284179,29.0625,0.0005087681347504,0.5263220071792603,22.3359375,30.8753662109375,0.4514591693878174,1018.1975173950196,19.9710693359375
2024-04-10 13:56:42,0.0017365416279062,0.4267530441284179,29.0625,0.0005087681347504,0.5263220071792603,22.3359375,30.8753662109375,0.4514591693878174,1018.1975173950196,19.9710693359375
2024-04-10 13:56:43,0.0017365416279062,0.4267530441284179,29.0625,0.0005087681347504,0.5263220071792603,22.3359375,30.8753662109375,0.4514591693878174,1018.1975173950196,19.99494743347168
2024-04-10 13:56:44,0.0017365416279062,0.4267530441284179,29.0625,0.0005087681347504,0.5263220071792603,22.3359375,30.8753662109375,0.4514591693878174,1018.1975173950196,19.99494743347168
2024-04-10 13:56:45,0.0017365416279062,0.4267530441284179,29.0625,0.0005087681347504,0.5263220071792603,22.3359375,30.8753662109375,0.4514591693878174,1018.1975173950196,19.99494743347168
2024-04-10 13:56:46,0.0017365416279062,0.4267530441284179,29.0625,0.0005087681347504,0.5263220071792603,22.3359375,30.8753662109375,0.4514591693878174,1018.1975173950196,19.99494743347168
2024-04-10 13:56:47,0.0017365416279062,0.4267530441284179,29.0625,0.0005087681347504,0.5263220071792603,22.3359375,30.8753662109375,0.4514591693878174,1018.1975173950196,19.99494743347168
2024-04-10 13:56:48,0.0017365416279062,0.4267530441284179,29.0625,0.0005087681347504,0.5263220071792603,22.3359375,30.8753662109375,0.4514591693878174,1018.186902999878,19.99494743347168
2024-04-10 13:56:49,0.0017365416279062,0.4267530441284179,29.0625,0.0005087681347504,0.5263220071792603,22.3359375,30.8753662109375,0.4514591693878174,1018.186902999878,19.99494743347168
2024-04-10 13:56:50,0.0017365416279062,0.4267530441284179,29.0625,0.0005087681347504,0.5263220071792603,22.3359375,30.8753662109375,0.4514591693878174,1018.186902999878,19.983497619628903
2024-04-10 13:56:51,0.0017365416279062,0.4267530441284179,29.0625,0.0005087681347504,0.5263220071792603,22.3359375,30.8753662109375,0.4514591693878174,1018.186902999878,19.983497619628903
2024-04-10 13:56:52,0.0017365416279062,0.4267530441284179,29.0625,0.0005087681347504,0.5263220071792603,22.3359375,30.8753662109375,0.4514591693878174,1018.186902999878,19.983497619628903
2024-04-10 13:56:53,0.0017365416279062,0.4267530441284179,29.0625,0.0005087681347504,0.5263220071792603,22.3359375,30.8753662109375,0.4514591693878174,1018.186902999878,19.983497619628903
2024-04-10 13:56:54,0.0017365416279062,0.4267530441284179,29.0625,0.0005087681347504,0.5263220071792603,22.3359375,30.8753662109375,0.4514591693878174,1018.186902999878,19.983497619628903
2024-04-10 13:56:55,0.0017365416279062,0.4267530441284179,29.0625,0.0005087681347504,0.5263220071792603,22.3359375,30.8753662109375,0.4514591693878174,1018.186902999878,19.983497619628903
2024-04-10 13:56:56,0.0017365416279062,0.4267530441284179,29.0625,0.0005087681347504,0.5263220071792603,22.3359375,30.8753662109375,0.4514591693878174,1018.186902999878,19.983497619628903
2024-04-10 13:56:57,0.0017365416279062,0.4267530441284179,29.0625,0.0005087681347504,0.5263220071792603,22.3359375,30.8753662109375,0.4514591693878174,1018.1987190246582,19.983497619628903
2024-04-10 13:56:58,0.0017365416279062,0.4267530441284179,29.0625,0.0005087681347504,0.5263220071792603,22.3359375,30.8753662109375,0.4514591693878174,1018.1987190246582,19.999181747436523
2024-04-10 13:56:59,0.0017365416279062,0.4267530441284179,29.0625,0.0005087681347504,0.5263220071792603,22.3359375,30.8753662109375,0.4514591693878174,1018.1987190246582,19.999181747436523
2024-04-10 13:57:00,0.0017365416279062,0.4267530441284179,29.0625,0.0005087681347504,0.5263220071792603,22.3359375,30.8753662109375,0.4514591693878174,1018.1987190246582,19.999181747436523
2024-04-10 13:57:01,0.0017365416279062,0.4267530441284179,29.0625,0.0005087681347504,0.5263220071792603,22.3359375,30.8753662109375,0.4514591693878174,1018.1987190246582,19.999181747436523
2024-04-10 13:57:02,0.0017365416279062,0.4267530441284179,29.0625,0.0005087681347504,0.5263220071792603,22.3359375,30.8753662109375,0.4514591693878174,1018.1987190246582,19.999181747436523
2024-04-10 13:57:03,0.0017365416279062,0.4267530441284179,29.0625,0.0005087681347504,0.5263220071792603,22.3359375,30.8753662109375,0.4514591693878174,1018.1722831726074,19.999181747436523
2024-04-10 13:57:04,0.0017365416279062,0.4267530441284179,29.0625,0.0005087681347504,0.5263220071792603,22.3359375,30.8753662109375,0.4514591693878174,1018.1722831726074,19.999181747436523
2024-04-10 13:57:05,0.0017365416279062,0.4267530441284179,29.0625,0.0005087681347504,0.5263220071792603,22.3359375,30.8753662109375,0.4514591693878174,1018.1722831726074,19.999181747436523
2024-04-10 13:57:06,0.0017365416279062,0.4267530441284179,29.0625,0.0005087681347504,0.5263220071792603,22.3359375,30.8753662109375,0.4514591693878174,1018.1722831726074,19.999181747436523
2024-04-10 13:57:07,0.0017365416279062,0.4267530441284179,29.0625,0.0005087681347504,0.5263220071792603,22.3359375,30.8753662109375,0.4514591693878174,1018.1722831726074,19.999181747436523
2024-04-10 13:57:08,0.0017365416279062,0.4267530441284179,29.0625,0.0005087681347504,0.5263220071792603,22.3359375,30.8753662109375,0.4514591693878174,1018.1722831726074,20.00421142578125
2024-04-10 13:57:09,0.0017365416279062,0.4267530441284179,29.0625,0.0005087681347504,0.5263220071792603,22.3359375,30.8753662109375,0.4514591693878174,1018.1722831726074,20.00421142578125
2024-04-10 13:57:10,0.0017365416279062,0.4267530441284179,29.0625,0.0005087681347504,0.5263220071792603,22.3359375,30.8753662109375,0.4514591693878174,1018.1722831726074,20.00421142578125
2024-04-10 13:57:11,0.0017365416279062,0.4267530441284179,29.0625,0.0005087681347504,0.5263220071792603,22.3359375,30.8753662109375,0.4514591693878174,1018.1768035888672,20.00421142578125
2024-04-10 13:57:12,0.0017365416279062,0.4267530441284179,29.0625,0.0005087681347504,0.5263220071792603,22.3359375,30.8753662109375,0.4514591693878174,1018.1768035888672,20.00421142578125
2024-04-10 13:57:13,0.0017365416279062,0.4267530441284179,29.0625,0.0005087681347504,0.5263220071792603,22.3359375,30.8753662109375,0.4514591693878174,1018.1768035888672,20.01014518737793
2024-04-10 13:57:14,0.0017365416279062,0.4267530441284179,29.0625,0.0005087681347504,0.5263220071792603,22.3359375,30.8753662109375,0.4514591693878174,1018.1768035888672,20.01014518737793
2024-04-10 13:57:15,0.0017365416279062,0.4267530441284179,29.0625,0.0005087681347504,0.5263220071792603,22.3359375,31.00115966796875,0.4514591693878174,1018.1768035888672,20.01014518737793
2024-04-10 13:57:16,0.0017365416279062,0.4267530441284179,29.0625,0.0005087681347504,0.5263220071792603,22.3359375,31.00115966796875,0.4514591693878174,1018.1768035888672,20.01014518737793
2024-04-10 13:57:17,0.0017365416279062,0.4267530441284179,29.0625,0.0005087681347504,0.5263220071792603,22.3359375,31.00115966796875,0.4514591693878174,1018.1776332855223,20.01014518737793
2024-04-10 13:57:18,0.0017365416279062,0.4267530441284179,29.0625,0.0005087681347504,0.5263220071792603,22.3359375,31.00115966796875,0.4514591693878174,1018.1776332855223,20.01014518737793
2024-04-10 13:57:19,0.0017365416279062,0.4267530441284179,29.0625,0.0005087681347504,0.5263220071792603,22.3359375,31.00115966796875,0.4514591693878174,1018.1776332855223,20.01014518737793
2024-04-10 13:57:20,0.0017365416279062,0.4267530441284179,29.0625,0.0005087681347504,0.5263220071792603,22.3359375,31.00115966796875,0.4514591693878174,1018.1776332855223,20.01014518737793
2024-04-10 13:57:21,0.0017365416279062,0.4267530441284179,29.0625,0.0005087681347504,0.5263220071792603,22.3359375,31.00115966796875,0.4514591693878174,1018.1776332855223,20.01014518737793
2024-04-10 13:57:22,0.0017365416279062,0.4267530441284179,29.0625,0.0005087681347504,0.5263220071792603,22.3359375,31.00115966796875,0.4514591693878174,1018.1776332855223,20.01014518737793
2024-04-10 13:57:23,0.0017365416279062,0.4267530441284179,29.0625,0.0005087681347504,0.5263220071792603,22.3359375,31.00115966796875,0.4514591693878174,1018.1776332855223,20.01014518737793
2024-04-10 13:57:24,0.0017365416279062,0.4267530441284179,29.0625,0.0005087681347504,0.5263220071792603,22.3359375,31.00115966796875,0.4514591693878174,1018.1776332855223,20.002145767211918
2024-04-10 13:57:25,0.0017365416279062,0.4267530441284179,29.0625,0.0005087681347504,0.5263220071792603,22.3359375,31.00115966796875,0.4514591693878174,1018.1776332855223,20.002145767211918
2024-04-10 13:57:26,0.0017365416279062,0.4267530441284179,29.0625,0.0005087681347504,0.5263220071792603,22.3359375,31.00115966796875,0.4514989256858825,1018.1776332855223,20.002145767211918
2024-04-10 13:57:27,0.0017365416279062,0.4267530441284179,29.0625,0.0005087681347504,0.5263220071792603,22.3359375,31.00115966796875,0.4514989256858825,1018.2063293457032,20.002145767211918
2024-04-10 13:57:28,0.0017365416279062,0.4267530441284179,29.0625,0.0005087681347504,0.5263220071792603,22.3359375,31.00115966796875,0.4514989256858825,1018.2063293457032,20.002145767211918
2024-04-10 13:57:29,0.0017365416279062,0.4267530441284179,29.0625,0.0005087681347504,0.5263220071792603,22.3359375,31.00115966796875,0.4514989256858825,1018.2063293457032,20.002145767211918
2024-04-10 13:57:30,0.0017365416279062,0.4267530441284179,29.0625,0.0005087681347504,0.5263220071792603,22.3359375,31.00115966796875,0.4514989256858825,1018.2063293457032,20.002145767211918
2024-04-10 13:57:31,0.0017365416279062,0.4267530441284179,29.0625,0.0005087681347504,0.5263220071792603,22.3359375,31.00115966796875,0.4514989256858825,1018.2063293457032,19.999313354492188
2024-04-10 13:57:32,0.0017365416279062,0.4267530441284179,29.0625,0.0005087681347504,0.5263220071792603,22.3359375,31.00115966796875,0.4514989256858825,1018.2063293457032,19.999313354492188
2024-04-10 13:57:33,0.0017365416279062,0.4267530441284179,29.0625,0.0005087681347504,0.5263220071792603,22.3359375,31.00115966796875,0.4514989256858825,1018.2063293457032,19.999313354492188
2024-04-10 13:57:34,0.0017365416279062,0.4267530441284179,29.0625,0.0005087681347504,0.5263220071792603,22.3359375,31.00115966796875,0.4514989256858825,1018.2006931304932,19.999313354492188
2024-04-10 13:57:35,0.0017365416279062,0.4267530441284179,29.0625,0.0005087681347504,0.5263220071792603,22.3359375,31.00115966796875,0.4514989256858825,1018.2006931304932,19.999313354492188
2024-04-10 13:57:36,0.0017365416279062,0.4267530441284179,29.0625,0.0005087681347504,0.5263220071792603,22.3359375,31.00115966796875,0.4514989256858825,1018.2006931304932,19.999313354492188
2024-04-10 13:57:37,0.0017365416279062,0.4267530441284179,29.0625,0.0005087681347504,0.5263220071792603,22.3359375,31.00115966796875,0.4514989256858825,1018.2006931304932,19.999313354492188
2024-04-10 13:57:38,0.0017365416279062,0.4267530441284179,29.0625,0.0005087681347504,0.5263220071792603,22.3359375,31.00115966796875,0.4514989256858825,1018.2006931304932,20.002180099487305
2024-04-10 13:57:39,0.0017365416279062,0.4267530441284179,29.0625,0.0005087681347504,0.5263220071792603,22.3359375,31.00115966796875,0.4514989256858825,1018.2006931304932,20.002180099487305
2024-04-10 13:57:40,0.0017365416279062,0.4267530441284179,29.0625,0.0005087681347504,0.5263220071792603,22.3359375,31.00115966796875,0.4514989256858825,1018.2006931304932,20.002180099487305
2024-04-10 13:57:41,0.0017365416279062,0.4267530441284179,29.0625,0.0005087681347504,0.5263220071792603,22.3359375,31.00115966796875,0.4514989256858825,1018.211908340454,20.002180099487305
2024-04-10 13:57:42,0.0017365416279062,0.4267530441284179,29.0625,0.0005087681347504,0.5263220071792603,22.3359375,31.00115966796875,0.4514989256858825,1018.211908340454,20.002180099487305
2024-04-10 13:57:43,0.0017365416279062,0.4267530441284179,29.0625,0.0005087681347504,0.5263220071792603,22.3359375,31.00115966796875,0.4514989256858825,1018.211908340454,20.002180099487305
2024-04-10 13:57:44,0.0017365416279062,0.4267530441284179,29.0625,0.0005087681347504,0.5263220071792603,22.3359375,31.00115966796875,0.4514989256858825,1018.211908340454,20.002180099487305
2024-04-10 13:57:45,0.0017365416279062,0.4267530441284179,29.0625,0.0005087681347504,0.5263220071792603,22.3359375,31.00115966796875,0.4514989256858825,1018.211908340454,20.002180099487305
2024-04-10 13:57:46,0.0017365416279062,0.4267530441284179,29.0625,0.0005087681347504,0.5263220071792603,22.3359375,31.00115966796875,0.4514989256858825,1018.211908340454,20.00104141235352
2024-04-10 13:57:47,0.0017365416279062,0.4267530441284179,29.0625,0.0005087681347504,0.5263220071792603,22.3359375,31.00115966796875,0.4514989256858825,1018.211908340454,20.00104141235352
2024-04-10 13:57:48,0.0017365416279062,0.4267530441284179,29.0625,0.0005087681347504,0.5263220071792603,22.3359375,31.00115966796875,0.4514989256858825,1018.211908340454,20.00104141235352
2024-04-10 13:57:49,0.0017365416279062,0.4267530441284179,29.0625,0.0005087681347504,0.5263220071792603,22.3359375,31.00115966796875,0.4514989256858825,1018.211908340454,20.00104141235352
2024-04-10 13:57:50,0.0017365416279062,0.4267530441284179,29.0625,0.0005087681347504,0.5263220071792603,22.3359375,31.00115966796875,0.4514989256858825,1018.258171081543,20.00104141235352
2024-04-10 13:57:51,0.0017365416279062,0.4267530441284179,29.0625,0.0005087681347504,0.5263220071792603,22.3359375,31.00115966796875,0.4514989256858825,1018.258171081543,20.00104141235352
2024-04-10 13:57:52,0.0017365416279062,0.4267530441284179,29.0625,0.0005087681347504,0.5263220071792603,22.3359375,31.00115966796875,0.4514989256858825,1018.258171081543,20.00104141235352
2024-04-10 13:57:53,0.0017365416279062,0.4267530441284179,29.0625,0.0005087681347504,0.5263220071792603,22.3359375,31.00115966796875,0.4514989256858825,1018.258171081543,20.00104141235352
2024-04-10 13:57:54,0.0017365416279062,0.4267530441284179,29.0625,0.0005087681347504,0.5263220071792603,22.3359375,31.00115966796875,0.4514989256858825,1018.258171081543,20.006202697753903
2024-04-10 13:57:55,0.0017365416279062,0.4267530441284179,29.0625,0.0005087681347504,0.5263220071792603,22.3359375,31.00115966796875,0.4514989256858825,1018.258171081543,20.006202697753903
2024-04-10 13:57:56,0.0017365416279062,0.4267530441284179,29.0625,0.0005087681347504,0.5263220071792603,22.3359375,31.00115966796875,0.4514989256858825,1018.258171081543,20.006202697753903
2024-04-10 13:57:57,0.0017365416279062,0.4267530441284179,29.0625,0.0005087681347504,0.5263220071792603,22.3359375,31.00115966796875,0.4514989256858825,1018.258171081543,20.006202697753903
2024-04-10 13:57:58,0.0017365416279062,0.4267530441284179,29.0625,0.0005087681347504,0.5263220071792603,22.3359375,31.00115966796875,0.4514989256858825,1018.230390548706,20.006202697753903
2024-04-10 13:57:59,0.0017365416279062,0.4267530441284179,29.0625,0.0005087681347504,0.5263220071792603,22.3359375,31.00115966796875,0.4514989256858825,1018.230390548706,20.006202697753903
2024-04-10 13:58:00,0.0017365416279062,0.4267530441284179,29.0625,0.0005087681347504,0.5263220071792603,22.3359375,31.00115966796875,0.4514989256858825,1018.230390548706,20.006202697753903
2024-04-10 13:58:01,0.0017365416279062,0.4267530441284179,29.0625,0.0005087681347504,0.5263220071792603,22.3359375,31.00115966796875,0.4514989256858825,1018.230390548706,20.006202697753903
2024-04-10 13:58:02,0.0017365416279062,0.4267530441284179,29.0625,0.0005087681347504,0.5263220071792603,22.3359375,31.00115966796875,0.4514989256858825,1018.230390548706,20.006202697753903
2024-04-10 13:58:03,0.0017365416279062,0.4267530441284179,29.0625,0.0005087681347504,0.5263220071792603,22.3359375,31.00115966796875,0.4514989256858825,1018.230390548706,20.006202697753903
2024-04-10 13:58:04,0.0017365416279062,0.4267530441284179,29.0625,0.0005087681347504,0.5263220071792603,22.3359375,31.00115966796875,0.4514989256858825,1018.230390548706,20.006202697753903
2024-04-10 13:58:05,0.0017365416279062,0.4267530441284179,29.0625,0.0005087681347504,0.5263220071792603,22.3359375,31.00115966796875,0.4514989256858825,1018.230390548706,20.0153865814209
2024-04-10 13:58:06,0.0017365416279062,0.4267530441284179,29.0625,0.0005087681347504,0.5263220071792603,22.3359375,31.00115966796875,0.4514989256858825,1018.230390548706,20.0153865814209
2024-04-10 13:58:07,0.0017365416279062,0.4267530441284179,29.0625,0.0005087681347504,0.5263220071792603,22.3359375,31.00115966796875,0.4514989256858825,1018.230390548706,20.0153865814209
2024-04-10 13:58:08,0.0017365416279062,0.4267530441284179,29.0625,0.0005087681347504,0.5263220071792603,22.3359375,31.00115966796875,0.4514989256858825,1018.2183456420898,20.0153865814209
2024-04-10 13:58:09,0.0017365416279062,0.4267530441284179,29.0625,0.0005087681347504,0.5263220071792603,22.3359375,31.00115966796875,0.4514989256858825,1018.2183456420898,20.0153865814209
2024-04-10 13:58:10,0.0017365416279062,0.4267530441284179,29.0625,0.0005087681347504,0.5263220071792603,22.3359375,31.00115966796875,0.4514989256858825,1018.2183456420898,20.02029037475586
2024-04-10 13:58:11,0.0017365416279062,0.4267530441284179,29.0625,0.0005087681347504,0.5263220071792603,22.3359375,31.00115966796875,0.4514989256858825,1018.2183456420898,20.02029037475586
2024-04-10 13:58:12,0.0017365416279062,0.4267530441284179,29.0625,0.0005087681347504,0.5263220071792603,22.3359375,31.00115966796875,0.4514989256858825,1018.2183456420898,20.02029037475586
2024-04-10 13:58:13,0.0017365416279062,0.4267530441284179,29.0625,0.0005087681347504,0.5263220071792603,22.3359375,31.00115966796875,0.4514989256858825,1018.2183456420898,20.02029037475586
2024-04-10 13:58:14,0.0017365416279062,0.4267530441284179,29.0625,0.0005087681347504,0.5263220071792603,22.3359375,31.00115966796875,0.4514989256858825,1018.2183456420898,20.02029037475586
2024-04-10 13:58:15,0.0017365416279062,0.4267530441284179,29.0625,0.0005087681347504,0.5263220071792603,22.3359375,31.00115966796875,0.4514989256858825,1018.1474494934082,20.02029037475586
2024-04-10 13:58:16,0.0017365416279062,0.4267530441284179,29.0625,0.0005087681347504,0.5263220071792603,22.3359375,31.00115966796875,0.4514989256858825,1018.1474494934082,20.02029037475586
2024-04-10 13:58:17,0.0017365416279062,0.4267530441284179,29.0625,0.0005087681347504,0.5263220071792603,22.3359375,31.08349609375,0.4514989256858825,1018.1474494934082,20.02029037475586
2024-04-10 13:58:18,0.0017365416279062,0.4267530441284179,29.0625,0.0005087681347504,0.5263220071792603,22.3359375,31.08349609375,0.4514989256858825,1018.1474494934082,20.02029037475586
2024-04-10 13:58:19,0.0017365416279062,0.4267530441284179,29.0625,0.0005087681347504,0.5263220071792603,22.3359375,31.08349609375,0.4514989256858825,1018.1474494934082,20.02001571655273
2024-04-10 13:58:20,0.0017365416279062,0.4267530441284179,29.0625,0.0005087681347504,0.5263220071792603,22.3359375,31.08349609375,0.4514989256858825,1018.1474494934082,20.02001571655273
2024-04-10 13:58:21,0.0017365416279062,0.4267530441284179,29.0625,0.0005087681347504,0.5263220071792603,22.3359375,31.08349609375,0.4514989256858825,1018.1474494934082,20.02001571655273
2024-04-10 13:58:22,0.0017365416279062,0.4267530441284179,29.0625,0.0005087681347504,0.5263220071792603,22.3359375,31.08349609375,0.4514989256858825,1018.224639892578,20.02001571655273
2024-04-10 13:58:23,0.0017365416279062,0.4267530441284179,29.0625,0.0005087681347504,0.5263220071792603,22.3359375,31.08349609375,0.4514989256858825,1018.224639892578,20.02001571655273
2024-04-10 13:58:24,0.0017365416279062,0.4267530441284179,29.0625,0.0005087681347504,0.5263220071792603,22.3359375,31.08349609375,0.4514989256858825,1018.224639892578,20.02001571655273
2024-04-10 13:58:25,0.0017365416279062,0.4267530441284179,29.0625,0.0005087681347504,0.5263220071792603,22.3359375,31.08349609375,0.4514989256858825,1018.224639892578,20.02001571655273
2024-04-10 13:58:26,0.0017365416279062,0.4267530441284179,29.0625,0.0005087681347504,0.5263220071792603,22.3359375,31.08349609375,0.4514989256858825,1018.224639892578,20.02001571655273
2024-04-10 13:58:27,0.0017365416279062,0.4267530441284179,29.0625,0.0005087681347504,0.5263220071792603,22.3359375,31.08349609375,0.4514989256858825,1018.224639892578,20.00655174255371
2024-04-10 13:58:28,0.0017365416279062,0.4267530441284179,29.0625,0.0005087681347504,0.5263220071792603,22.3359375,31.08349609375,0.4515026807785034,1018.224639892578,20.00655174255371
2024-04-10 13:58:29,0.0017365416279062,0.4267530441284179,29.0625,0.0005087681347504,0.5263220071792603,22.3359375,31.08349609375,0.4515026807785034,1018.224639892578,20.00655174255371
2024-04-10 13:58:30,0.0017365416279062,0.4267530441284179,29.0625,0.0005087681347504,0.5263220071792603,22.3359375,31.08349609375,0.4515026807785034,1018.224639892578,20.00655174255371
2024-04-10 13:58:31,0.0017365416279062,0.4267530441284179,29.0625,0.0005087681347504,0.5263220071792603,22.3359375,31.08349609375,0.4515026807785034,1018.2284450531006,20.00655174255371
2024-04-10 13:58:32,0.0017365416279062,0.4267530441284179,29.0625,0.0005087681347504,0.5263220071792603,22.3359375,31.08349609375,0.4515026807785034,1018.2284450531006,20.00655174255371
2024-04-10 13:58:33,0.0017365416279062,0.4267530441284179,29.0625,0.0005087681347504,0.5263220071792603,22.3359375,31.08349609375,0.4515026807785034,1018.2284450531006,20.00655174255371
2024-04-10 13:58:34,0.0017365416279062,0.4267530441284179,29.0625,0.0005087681347504,0.5263220071792603,22.3359375,31.08349609375,0.4515026807785034,1018.2284450531006,20.00655174255371
2024-04-10 13:58:35,0.0017365416279062,0.4267530441284179,29.0625,0.0005087681347504,0.5263220071792603,22.3359375,31.08349609375,0.4515026807785034,1018.2284450531006,20.001785278320312
2024-04-10 13:58:36,0.0017365416279062,0.4267530441284179,29.0625,0.0005087681347504,0.5263220071792603,22.3359375,31.08349609375,0.4515026807785034,1018.2284450531006,20.001785278320312
2024-04-10 13:58:37,0.0017365416279062,0.4267530441284179,29.0625,0.0005087681347504,0.5263220071792603,22.3359375,31.08349609375,0.4515026807785034,1018.2284450531006,20.001785278320312
2024-04-10 13:58:38,0.0017365416279062,0.4267530441284179,29.0625,0.0005087681347504,0.5263220071792603,22.3359375,31.08349609375,0.4515026807785034,1018.2284450531006,20.001785278320312
2024-04-10 13:58:39,0.0017365416279062,0.4267530441284179,29.0625,0.0005087681347504,0.5263220071792603,22.3359375,31.08349609375,0.4515026807785034,1018.1525135040284,20.001785278320312
2024-04-10 13:58:40,0.0017365416279062,0.4267530441284179,29.0625,0.0005087681347504,0.5263220071792603,22.3359375,31.08349609375,0.4515026807785034,1018.1525135040284,20.001785278320312
2024-04-10 13:58:41,0.0017365416279062,0.4267530441284179,29.0625,0.0005087681347504,0.5263220071792603,22.3359375,31.08349609375,0.4515026807785034,1018.1525135040284,20.001785278320312
2024-04-10 13:58:42,0.0017365416279062,0.4267530441284179,29.0625,0.0005087681347504,0.5263220071792603,22.3359375,31.08349609375,0.4515026807785034,1018.1525135040284,20.001785278320312
2024-04-10 13:58:43,0.0017365416279062,0.4267530441284179,29.0625,0.0005087681347504,0.5263220071792603,22.3359375,31.08349609375,0.4515026807785034,1018.1525135040284,20.00725555419922
2024-04-10 13:58:44,0.0017365416279062,0.4267530441284179,29.0625,0.0005087681347504,0.5263220071792603,22.3359375,31.08349609375,0.4515026807785034,1018.1525135040284,20.00725555419922
2024-04-10 13:58:45,0.0017365416279062,0.4267530441284179,29.0625,0.0005087681347504,0.5263220071792603,22.3359375,31.08349609375,0.4515026807785034,1018.1525135040284,20.00725555419922
2024-04-10 13:58:46,0.0017365416279062,0.4267530441284179,29.0625,0.0005087681347504,0.5263220071792603,22.3359375,31.08349609375,0.4515026807785034,1018.2040405273438,20.00725555419922
2024-04-10 13:58:47,0.0017365416279062,0.4267530441284179,29.0625,0.0005087681347504,0.5263220071792603,22.3359375,31.08349609375,0.4515026807785034,1018.2040405273438,20.00725555419922
2024-04-10 13:58:48,0.0017365416279062,0.4267530441284179,29.0625,0.0005087681347504,0.5263220071792603,22.3359375,31.08349609375,0.4515026807785034,1018.2040405273438,20.00725555419922
2024-04-10 13:58:49,0.0017365416279062,0.4267530441284179,29.0625,0.0005087681347504,0.5263220071792603,22.3359375,31.08349609375,0.4515026807785034,1018.2040405273438,20.00725555419922
2024-04-10 13:58:50,0.0017365416279062,0.4267530441284179,29.0625,0.0005087681347504,0.5263220071792603,22.3359375,31.08349609375,0.4515026807785034,1018.2040405273438,20.00725555419922
2024-04-10 13:58:51,0.0017365416279062,0.4267530441284179,29.0625,0.0005087681347504,0.5263220071792603,22.3359375,31.08349609375,0.4515026807785034,1018.2040405273438,20.000577926635746
2024-04-10 13:58:52,0.0017365416279062,0.4267530441284179,29.0625,0.0005087681347504,0.5263220071792603,22.3359375,31.08349609375,0.4515026807785034,1018.2040405273438,20.000577926635746
2024-04-10 13:58:53,0.0017365416279062,0.4267530441284179,29.0625,0.0005087681347504,0.5263220071792603,22.3359375,31.08349609375,0.4515026807785034,1018.2040405273438,20.000577926635746
2024-04-10 13:58:54,0.0017365416279062,0.4267530441284179,29.0625,0.0005087681347504,0.5263220071792603,22.3359375,31.08349609375,0.4515026807785034,1018.2040405273438,20.000577926635746
2024-04-10 13:58:55,0.0017365416279062,0.4267530441284179,29.0625,0.0005087681347504,0.5263220071792603,22.3359375,31.08349609375,0.4515026807785034,1018.2040405273438,20.000577926635746
2024-04-10 13:58:56,0.0017365416279062,0.4267530441284179,29.0625,0.0005087681347504,0.5263220071792603,22.3359375,31.08349609375,0.4515026807785034,1018.2712459564208,20.000577926635746
2024-04-10 13:58:57,0.0017365416279062,0.4267530441284179,29.0625,0.0005087681347504,0.5263220071792603,22.3359375,31.08349609375,0.4515026807785034,1018.2712459564208,20.000577926635746
2024-04-10 13:58:58,0.0017365416279062,0.4267530441284179,29.0625,0.0005087681347504,0.5263220071792603,22.3359375,31.08349609375,0.4515026807785034,1018.2712459564208,19.999719619750977
2024-04-10 13:58:59,0.0017365416279062,0.4267530441284179,29.0625,0.0005087681347504,0.5263220071792603,22.3359375,31.08349609375,0.4515026807785034,1018.2712459564208,19.999719619750977
2024-04-10 13:59:00,0.0017365416279062,0.4267530441284179,29.0625,0.0005087681347504,0.5263220071792603,22.3359375,31.08349609375,0.4515026807785034,1018.2712459564208,19.999719619750977
2024-04-10 13:59:01,0.0017365416279062,0.4267530441284179,29.0625,0.0005087681347504,0.5263220071792603,22.3359375,31.08349609375,0.4515026807785034,1018.171796798706,19.999719619750977
2024-04-10 13:59:02,0.0017365416279062,0.4267530441284179,29.0625,0.0005087681347504,0.5263220071792603,22.3359375,31.08349609375,0.4515026807785034,1018.171796798706,19.999719619750977
2024-04-10 13:59:03,0.0017365416279062,0.4267530441284179,29.0625,0.0005087681347504,0.5263220071792603,22.3359375,31.08349609375,0.4515026807785034,1018.171796798706,19.999719619750977
2024-04-10 13:59:04,0.0017365416279062,0.4267530441284179,29.0625,0.0005087681347504,0.5263220071792603,22.3359375,31.08349609375,0.4515026807785034,1018.171796798706,19.999719619750977
2024-04-10 13:59:05,0.0017365416279062,0.4267530441284179,29.0625,0.0005087681347504,0.5263220071792603,22.3359375,31.08349609375,0.4515026807785034,1018.171796798706,19.999719619750977
2024-04-10 13:59:06,0.0017365416279062,0.4267530441284179,29.0625,0.0005087681347504,0.5263220071792603,22.3359375,31.08349609375,0.4515026807785034,1018.171796798706,19.998689651489254
2024-04-10 13:59:07,0.0017365416279062,0.4267530441284179,29.0625,0.0005087681347504,0.5263220071792603,22.3359375,31.08349609375,0.4515026807785034,1018.171796798706,19.998689651489254
2024-04-10 13:59:08,0.0017365416279062,0.4267530441284179,29.0625,0.0005087681347504,0.5263220071792603,22.3359375,31.08349609375,0.4515026807785034,1018.171796798706,19.998689651489254
2024-04-10 13:59:09,0.0017365416279062,0.4267530441284179,29.0625,0.0005087681347504,0.5263220071792603,22.3359375,31.08349609375,0.4515026807785034,1018.171796798706,19.998689651489254
2024-04-10 13:59:10,0.0017365416279062,0.4267530441284179,29.0625,0.0005087681347504,0.5263220071792603,22.3359375,31.08349609375,0.4515026807785034,1018.2482719421388,19.998689651489254
2024-04-10 13:59:11,0.0017365416279062,0.4267530441284179,29.0625,0.0005087681347504,0.5263220071792603,22.3359375,31.08349609375,0.4515026807785034,1018.2482719421388,19.998689651489254
2024-04-10 13:59:12,0.0017365416279062,0.4267530441284179,29.0625,0.0005087681347504,0.5263220071792603,22.3359375,31.08349609375,0.4515026807785034,1018.2482719421388,19.998689651489254
2024-04-10 13:59:13,0.0017365416279062,0.4267530441284179,29.0625,0.0005087681347504,0.5263220071792603,22.3359375,31.08349609375,0.4515026807785034,1018.2482719421388,19.998689651489254
2024-04-10 13:59:14,0.0017365416279062,0.4267530441284179,29.0625,0.0005087681347504,0.5263220071792603,22.3359375,31.08349609375,0.4515026807785034,1018.2482719421388,19.96722412109375
2024-04-10 13:59:15,0.0017365416279062,0.4267530441284179,29.0625,0.0005087681347504,0.5263220071792603,22.3359375,31.08349609375,0.4515026807785034,1018.2482719421388,19.96722412109375
2024-04-10 13:59:16,0.0017365416279062,0.4267530441284179,29.0625,0.0005087681347504,0.5263220071792603,22.3359375,30.368804931640625,0.4515026807785034,1018.2482719421388,19.96722412109375
2024-04-10 13:59:17,0.0017365416279062,0.4267530441284179,29.0625,0.0005087681347504,0.5263220071792603,22.3359375,30.368804931640625,0.4515026807785034,1018.2482719421388,19.96722412109375
2024-04-10 13:59:18,0.0017365416279062,0.4267530441284179,29.0625,0.0005087681347504,0.5263220071792603,22.3359375,30.368804931640625,0.4515026807785034,1018.2482719421388,19.96722412109375
2024-04-10 13:59:19,0.0017365416279062,0.4267530441284179,29.0625,0.0005087681347504,0.5263220071792603,22.3359375,30.368804931640625,0.4515026807785034,1018.2482719421388,19.96722412109375
2024-04-10 13:59:20,0.0017365416279062,0.4267530441284179,29.0625,0.0005087681347504,0.5263220071792603,22.3359375,30.368804931640625,0.4515026807785034,1018.2328510284424,19.96722412109375
2024-04-10 13:59:21,0.0017365416279062,0.4267530441284179,29.0625,0.0005087681347504,0.5263220071792603,22.3359375,30.368804931640625,0.4515026807785034,1018.2328510284424,19.95701026916504
2024-04-10 13:59:22,0.0017365416279062,0.4267530441284179,29.0625,0.0005087681347504,0.5263220071792603,22.3359375,30.368804931640625,0.4515026807785034,1018.2328510284424,19.95701026916504
2024-04-10 13:59:23,0.0017365416279062,0.4267530441284179,29.0625,0.0005087681347504,0.5263220071792603,22.3359375,30.368804931640625,0.4515026807785034,1018.2328510284424,19.95701026916504
2024-04-10 13:59:24,0.0017365416279062,0.4267530441284179,29.0625,0.0005087681347504,0.5263220071792603,22.3359375,30.368804931640625,0.4515026807785034,1018.2328510284424,19.95701026916504
2024-04-10 13:59:25,0.0017365416279062,0.4267530441284179,29.0625,0.0005087681347504,0.5263220071792603,22.3359375,30.368804931640625,0.4515026807785034,1018.2328510284424,19.95701026916504
2024-04-10 13:59:26,0.0017365416279062,0.4267530441284179,29.0625,0.0005087681347504,0.5263220071792603,22.3359375,30.368804931640625,0.4515026807785034,1018.2328510284424,19.95701026916504
2024-04-10 13:59:27,0.0017365416279062,0.4267530441284179,29.0625,0.0005087681347504,0.5263220071792603,22.3359375,30.368804931640625,0.4524847567081451,1018.2328510284424,19.95701026916504
2024-04-10 13:59:28,0.0017365416279062,0.4267530441284179,29.0625,0.0005087681347504,0.5263220071792603,22.3359375,30.368804931640625,0.4524847567081451,1018.2328510284424,19.95701026916504
2024-04-10 13:59:29,0.0017365416279062,0.4267530441284179,29.0625,0.0005087681347504,0.5263220071792603,22.3359375,30.368804931640625,0.4524847567081451,1018.2328510284424,19.95701026916504
2024-04-10 13:59:30,0.0017365416279062,0.4267530441284179,29.0625,0.0005087681347504,0.5263220071792603,22.3359375,30.368804931640625,0.4524847567081451,1018.239803314209,19.95701026916504
2024-04-10 13:59:31,0.0017365416279062,0.4267530441284179,29.0625,0.0005087681347504,0.5263220071792603,22.3359375,30.368804931640625,0.4524847567081451,1018.239803314209,19.95701026916504
2024-04-10 13:59:32,0.0017365416279062,0.4267530441284179,29.0625,0.0005087681347504,0.5263220071792603,22.3359375,30.368804931640625,0.4524847567081451,1018.239803314209,19.95701026916504
2024-04-10 13:59:33,0.0017365416279062,0.4267530441284179,29.0625,0.0005087681347504,0.5263220071792603,22.3359375,30.368804931640625,0.4524847567081451,1018.239803314209,19.95701026916504
2024-04-10 13:59:34,0.0017365416279062,0.4267530441284179,29.0625,0.0005087681347504,0.5263220071792603,22.3359375,30.368804931640625,0.4524847567081451,1018.239803314209,19.957616806030277
2024-04-10 13:59:35,0.0017365416279062,0.4267530441284179,29.0625,0.0005087681347504,0.5263220071792603,22.3359375,30.368804931640625,0.4524847567081451,1018.239803314209,19.957616806030277
2024-04-10 13:59:36,0.0017365416279062,0.4267530441284179,29.0625,0.0005087681347504,0.5263220071792603,22.3359375,30.368804931640625,0.4524847567081451,1018.239803314209,19.957616806030277
2024-04-10 13:59:37,0.0017365416279062,0.4267530441284179,29.0625,0.0005087681347504,0.5263220071792603,22.3359375,30.368804931640625,0.4524847567081451,1018.2227802276612,19.957616806030277
2024-04-10 13:59:38,0.0017365416279062,0.4267530441284179,29.0625,0.0005087681347504,0.5263220071792603,22.3359375,30.368804931640625,0.4524847567081451,1018.2227802276612,19.957616806030277
2024-04-10 13:59:39,0.0017365416279062,0.4267530441284179,29.0625,0.0005087681347504,0.5263220071792603,22.3359375,30.368804931640625,0.4524847567081451,1018.2227802276612,19.953611373901367
2024-04-10 13:59:40,0.0017365416279062,0.4267530441284179,29.0625,0.0005087681347504,0.5263220071792603,22.3359375,30.368804931640625,0.4524847567081451,1018.2227802276612,19.953611373901367
2024-04-10 13:59:41,0.0017365416279062,0.4267530441284179,29.0625,0.0005087681347504,0.5263220071792603,22.3359375,30.368804931640625,0.4524847567081451,1018.2227802276612,19.953611373901367
2024-04-10 13:59:42,0.0017365416279062,0.4267530441284179,29.0625,0.0005087681347504,0.5263220071792603,22.3359375,30.368804931640625,0.4524847567081451,1018.222951889038,19.953611373901367
2024-04-10 13:59:43,0.0017365416279062,0.4267530441284179,29.0625,0.0005087681347504,0.5263220071792603,22.3359375,30.368804931640625,0.4524847567081451,1018.222951889038,19.953611373901367
2024-04-10 13:59:44,0.0017365416279062,0.4267530441284179,29.0625,0.0005087681347504,0.5263220071792603,22.3359375,30.368804931640625,0.4524847567081451,1018.222951889038,19.953611373901367
2024-04-10 13:59:45,0.0017365416279062,0.4267530441284179,29.0625,0.0005087681347504,0.5263220071792603,22.3359375,30.368804931640625,0.4524847567081451,1018.222951889038,19.953611373901367
2024-04-10 13:59:46,0.0017365416279062,0.4267530441284179,29.0625,0.0005087681347504,0.5263220071792603,22.3359375,30.368804931640625,0.4524847567081451,1018.222951889038,19.953611373901367
2024-04-10 13:59:47,0.0017365416279062,0.4267530441284179,29.0625,0.0005087681347504,0.5263220071792603,22.3359375,30.368804931640625,0.4524847567081451,1018.222951889038,19.951683044433597
2024-04-10 13:59:48,0.0017365416279062,0.4267530441284179,29.0625,0.0005087681347504,0.5263220071792603,22.3359375,30.368804931640625,0.4524847567081451,1018.222951889038,19.951683044433597
2024-04-10 13:59:49,0.0017365416279062,0.4267530441284179,29.0625,0.0005087681347504,0.5263220071792603,22.3359375,30.368804931640625,0.4524847567081451,1018.222951889038,19.951683044433597
2024-04-10 13:59:50,0.0017365416279062,0.4267530441284179,29.0625,0.0005087681347504,0.5263220071792603,22.3359375,30.368804931640625,0.4524847567081451,1018.222951889038,19.951683044433597
2024-04-10 13:59:51,0.0017365416279062,0.4267530441284179,29.0625,0.0005087681347504,0.5263220071792603,22.3359375,30.368804931640625,0.4524847567081451,1018.2608318328856,19.951683044433597
2024-04-10 13:59:52,0.0017365416279062,0.4267530441284179,29.0625,0.0005087681347504,0.5263220071792603,22.3359375,30.368804931640625,0.4524847567081451,1018.2608318328856,19.951683044433597
2024-04-10 13:59:53,0.0017365416279062,0.4267530441284179,29.0625,0.0005087681347504,0.5263220071792603,22.3359375,30.368804931640625,0.4524847567081451,1018.2608318328856,19.951683044433597
2024-04-10 13:59:54,0.0017365416279062,0.4267530441284179,29.0625,0.0005087681347504,0.5263220071792603,22.3359375,30.368804931640625,0.4524847567081451,1018.2608318328856,19.951683044433597
2024-04-10 13:59:55,0.0017365416279062,0.4267530441284179,29.0625,0.0005087681347504,0.5263220071792603,22.3359375,30.368804931640625,0.4524847567081451,1018.2608318328856,19.9578857421875
2024-04-10 13:59:56,0.0017365416279062,0.4267530441284179,29.0625,0.0005087681347504,0.5263220071792603,22.3359375,30.368804931640625,0.4524847567081451,1018.2608318328856,19.9578857421875
2024-04-10 13:59:57,0.0017365416279062,0.4267530441284179,29.0625,0.0005087681347504,0.5263220071792603,22.3359375,30.368804931640625,0.4524847567081451,1018.2608318328856,19.9578857421875
2024-04-10 13:59:58,0.0017365416279062,0.4267530441284179,29.0625,0.0005087681347504,0.5263220071792603,22.3359375,30.368804931640625,0.4524847567081451,1018.2561683654784,19.9578857421875
2024-04-10 13:59:59,0.0017365416279062,0.4267530441284179,29.0625,0.0005087681347504,0.5263220071792603,22.3359375,30.368804931640625,0.4524847567081451,1018.2561683654784,19.9578857421875
,,,,,,,,,,
