Timestamp,X_ACR_Mot.PV,X_ACR_Mot.SV,X_ACR_Mot.TV,X_ACR_Pmp.PV,X_ACR_Pmp.SV,X_ACR_Pmp.TV,X_Temp.SV,X_Pres.SV,Barometer,Temperature
2024-04-10 12:00:00,0.0012677498161792,0.422826737165451,18.7890625,0.0007022904464974,0.4131329655647278,18.65625,19.00204467773437,0.449612557888031,1018.05326461792,20.47815704345703
2024-04-10 12:00:05,0.0012677498161792,0.422826737165451,18.7890625,0.0007022904464974,0.4131329655647278,18.65625,19.00204467773437,0.449612557888031,1018.05326461792,20.47815704345703
2024-04-10 12:00:10,0.0012677498161792,0.422826737165451,18.7890625,0.0007022904464974,0.4131329655647278,18.65625,19.00204467773437,0.449612557888031,1018.05326461792,20.47815704345703
2024-04-10 12:00:15,0.0012677498161792,0.422826737165451,18.7890625,0.0007022904464974,0.4131329655647278,18.65625,19.00204467773437,0.449612557888031,1018.05326461792,20.47815704345703
2024-04-10 12:00:20,0.0012677498161792,0.422826737165451,18.7890625,0.0007022904464974,0.4131329655647278,18.65625,19.00204467773437,0.449612557888031,1018.05326461792,20.412822723388672
2024-04-10 12:00:25,0.0012677498161792,0.422826737165451,18.7890625,0.0007022904464974,0.4131329655647278,18.65625,18.97235107421875,0.449612557888031,1018.05326461792,20.412822723388672
2024-04-10 12:00:30,0.0012677498161792,0.422826737165451,18.7890625,0.0007022904464974,0.4131329655647278,18.65625,18.97235107421875,0.449612557888031,1018.05326461792,20.412822723388672
2024-04-10 12:00:35,0.0012677498161792,0.422826737165451,18.7890625,0.0007022904464974,0.4131329655647278,18.65625,18.97235107421875,0.449612557888031,1018.05326461792,20.412822723388672
2024-04-10 12:00:40,0.0012677498161792,0.422826737165451,18.7890625,0.0007022904464974,0.4131329655647278,18.65625,18.97235107421875,0.4496361315250397,1018.0424213409424,20.412822723388672
2024-04-10 12:00:45,0.0012677498161792,0.422826737165451,18.7890625,0.0007022904464974,0.4131329655647278,18.65625,18.97235107421875,0.4496361315250397,1018.0424213409424,20.412822723388672
2024-04-10 12:00:50,0.0012677498161792,0.422826737165451,18.7890625,0.0007022904464974,0.4131329655647278,18.65625,18.97235107421875,0.4496361315250397,1018.0424213409424,20.412822723388672
2024-04-10 12:00:55,0.0012677498161792,0.422826737165451,18.7890625,0.0007022904464974,0.4131329655647278,18.65625,18.97235107421875,0.4496361315250397,1018.0424213409424,20.412822723388672
2024-04-10 12:01:00,0.0012677498161792,0.422826737165451,18.7890625,0.0007022904464974,0.4131329655647278,18.65625,18.97235107421875,0.4496361315250397,1018.0424213409424,20.412822723388672
2024-04-10 12:01:05,0.0012677498161792,0.422826737165451,18.7890625,0.0007022904464974,0.4131329655647278,18.65625,18.97235107421875,0.4496361315250397,1018.0424213409424,20.412822723388672
2024-04-10 12:01:10,0.0012677498161792,0.422826737165451,18.7890625,0.0007022904464974,0.4131329655647278,18.65625,18.97235107421875,0.4496361315250397,1018.0424213409424,20.412822723388672
2024-04-10 12:01:15,0.0012677498161792,0.422826737165451,18.7890625,0.0007022904464974,0.4131329655647278,18.65625,18.97235107421875,0.4496361315250397,1018.0424213409424,20.412822723388672
2024-04-10 12:01:20,0.0012677498161792,0.422826737165451,18.7890625,0.0007022904464974,0.4131329655647278,18.65625,18.97235107421875,0.4496361315250397,1018.0424213409424,20.372957229614254
2024-04-10 12:01:25,0.0012677498161792,0.422826737165451,18.7890625,0.0007022904464974,0.4131329655647278,18.65625,18.965057373046875,0.4496361315250397,1018.0424213409424,20.372957229614254
2024-04-10 12:01:30,0.0012677498161792,0.422826737165451,18.7890625,0.0007022904464974,0.4131329655647278,18.65625,18.965057373046875,0.4496361315250397,1018.0424213409424,20.372957229614254
2024-04-10 12:01:35,0.0012677498161792,0.422826737165451,18.7890625,0.0007022904464974,0.4131329655647278,18.65625,18.965057373046875,0.4496361315250397,1018.0424213409424,20.372957229614254
2024-04-10 12:01:40,0.0012677498161792,0.422826737165451,18.7890625,0.0007022904464974,0.4131329655647278,18.65625,18.965057373046875,0.4496361315250397,1018.0412197113036,20.372957229614254
2024-04-10 12:01:45,0.0012677498161792,0.422826737165451,18.7890625,0.0007022904464974,0.4131329655647278,18.65625,18.965057373046875,0.4516010582447052,1018.0412197113036,20.372957229614254
2024-04-10 12:01:50,0.0012677498161792,0.422826737165451,18.7890625,0.0007022904464974,0.4131329655647278,18.65625,18.965057373046875,0.4516010582447052,1018.0412197113036,20.372957229614254
2024-04-10 12:01:55,0.0012677498161792,0.422826737165451,18.7890625,0.0007022904464974,0.4131329655647278,18.65625,18.965057373046875,0.4516010582447052,1018.0412197113036,20.372957229614254
2024-04-10 12:02:00,0.0012677498161792,0.422826737165451,18.7890625,0.0007022904464974,0.4131329655647278,18.65625,18.965057373046875,0.4516010582447052,1018.0412197113036,20.372957229614254
2024-04-10 12:02:05,0.0012677498161792,0.422826737165451,18.7890625,0.0007022904464974,0.4131329655647278,18.65625,18.965057373046875,0.4516010582447052,1018.0412197113036,20.372957229614254
2024-04-10 12:02:10,0.0012677498161792,0.422826737165451,18.7890625,0.0007022904464974,0.4131329655647278,18.65625,18.965057373046875,0.4516010582447052,1018.0412197113036,20.372957229614254
2024-04-10 12:02:15,0.0012677498161792,0.422826737165451,18.7890625,0.0007022904464974,0.4131329655647278,18.65625,18.965057373046875,0.4516010582447052,1018.0412197113036,20.372957229614254
2024-04-10 12:02:20,0.0012677498161792,0.422826737165451,18.7890625,0.0007022904464974,0.4131329655647278,18.65625,19.0391845703125,0.4516010582447052,1018.0412197113036,20.385831832885746
2024-04-10 12:02:25,0.0012677498161792,0.422826737165451,18.7890625,0.0007022904464974,0.4131329655647278,18.65625,19.0391845703125,0.4516010582447052,1018.0412197113036,20.385831832885746
2024-04-10 12:02:30,0.0012677498161792,0.422826737165451,18.7890625,0.0007022904464974,0.4131329655647278,18.65625,19.0391845703125,0.4516010582447052,1018.0412197113036,20.385831832885746
2024-04-10 12:02:35,0.0012677498161792,0.422826737165451,18.7890625,0.0007022904464974,0.4131329655647278,18.65625,19.0391845703125,0.4516010582447052,1018.0412197113036,20.385831832885746
2024-04-10 12:02:40,0.0012677498161792,0.422826737165451,18.7890625,0.0007022904464974,0.4131329655647278,18.65625,19.0391845703125,0.4506229758262634,1018.0788135528564,20.385831832885746
2024-04-10 12:02:45,0.0012677498161792,0.422826737165451,18.7890625,0.0007022904464974,0.4131329655647278,18.65625,19.0391845703125,0.4506229758262634,1018.0788135528564,20.385831832885746
2024-04-10 12:02:50,0.0012677498161792,0.422826737165451,18.7890625,0.0007022904464974,0.4131329655647278,18.65625,19.0391845703125,0.4506229758262634,1018.0788135528564,20.385831832885746
2024-04-10 12:02:55,0.0012677498161792,0.422826737165451,18.7890625,0.0007022904464974,0.4131329655647278,18.65625,19.0391845703125,0.4506229758262634,1018.0788135528564,20.385831832885746
2024-04-10 12:03:00,0.0012677498161792,0.422826737165451,18.7890625,0.0007022904464974,0.4131329655647278,18.65625,19.0391845703125,0.4506229758262634,1018.0788135528564,20.385831832885746
2024-04-10 12:03:05,0.0012677498161792,0.422826737165451,18.7890625,0.0007022904464974,0.4131329655647278,18.65625,19.0391845703125,0.4506229758262634,1018.0788135528564,20.385831832885746
2024-04-10 12:03:10,0.0012677498161792,0.422826737165451,18.7890625,0.0007022904464974,0.4131329655647278,18.65625,19.0391845703125,0.4506229758262634,1018.0788135528564,20.385831832885746
2024-04-10 12:03:15,0.0012677498161792,0.422826737165451,18.7890625,0.0007022904464974,0.4131329655647278,18.65625,19.0391845703125,0.4506229758262634,1018.0788135528564,20.385831832885746
2024-04-10 12:03:20,0.0012677498161792,0.422826737165451,18.7890625,0.0007022904464974,0.4131329655647278,18.65625,19.11395263671875,0.4506229758262634,1018.0788135528564,20.39333915710449
2024-04-10 12:03:25,0.0012677498161792,0.422826737165451,18.7890625,0.0007022904464974,0.4131329655647278,18.65625,19.11395263671875,0.4506229758262634,1018.0788135528564,20.39333915710449
2024-04-10 12:03:30,0.0012677498161792,0.422826737165451,18.7890625,0.0007022904464974,0.4131329655647278,18.65625,19.11395263671875,0.4506229758262634,1018.0788135528564,20.39333915710449
2024-04-10 12:03:35,0.0012677498161792,0.422826737165451,18.7890625,0.0007022904464974,0.4131329655647278,18.65625,19.11395263671875,0.4506229758262634,1018.0788135528564,20.39333915710449
2024-04-10 12:03:40,0.0012677498161792,0.422826737165451,18.7890625,0.0007022904464974,0.4131329655647278,18.65625,19.11395263671875,0.4526790678501129,1018.0287742614746,20.39333915710449
2024-04-10 12:03:45,0.0012677498161792,0.422826737165451,18.7890625,0.0007022904464974,0.4131329655647278,18.65625,19.11395263671875,0.4526790678501129,1018.0287742614746,20.39333915710449
2024-04-10 12:03:50,0.0012677498161792,0.422826737165451,18.7890625,0.0007022904464974,0.4131329655647278,18.65625,19.11395263671875,0.4526790678501129,1018.0287742614746,20.39333915710449
2024-04-10 12:03:55,0.0012677498161792,0.422826737165451,18.7890625,0.0007022904464974,0.4131329655647278,18.65625,19.11395263671875,0.4526790678501129,1018.0287742614746,20.39333915710449
2024-04-10 12:04:00,0.0012677498161792,0.422826737165451,18.7890625,0.0007022904464974,0.4131329655647278,18.65625,19.11395263671875,0.4526790678501129,1018.0287742614746,20.39333915710449
2024-04-10 12:04:05,0.0012677498161792,0.422826737165451,18.7890625,0.0007022904464974,0.4131329655647278,18.65625,19.11395263671875,0.4526790678501129,1018.0287742614746,20.39333915710449
2024-04-10 12:04:10,0.0012677498161792,0.422826737165451,18.7890625,0.0007022904464974,0.4131329655647278,18.65625,19.11395263671875,0.4526790678501129,1018.0287742614746,20.39333915710449
2024-04-10 12:04:15,0.0012677498161792,0.422826737165451,18.7890625,0.0007022904464974,0.4131329655647278,18.65625,19.11395263671875,0.4526790678501129,1018.0287742614746,20.39333915710449
2024-04-10 12:04:20,0.0012677498161792,0.422826737165451,18.7890625,0.0007022904464974,0.4131329655647278,18.65625,19.0186767578125,0.4526790678501129,1018.0287742614746,20.39333915710449
2024-04-10 12:04:25,0.0012677498161792,0.422826737165451,18.7890625,0.0007022904464974,0.4131329655647278,18.65625,19.0186767578125,0.4526790678501129,1018.0287742614746,20.39086151123047
2024-04-10 12:04:30,0.0012677498161792,0.422826737165451,18.7890625,0.0007022904464974,0.4131329655647278,18.65625,19.0186767578125,0.4526790678501129,1018.0287742614746,20.39086151123047
2024-04-10 12:04:35,0.0012677498161792,0.422826737165451,18.7890625,0.0007022904464974,0.4131329655647278,18.65625,19.0186767578125,0.4526790678501129,1018.0287742614746,20.39086151123047
2024-04-10 12:04:40,0.0012677498161792,0.422826737165451,18.7890625,0.0007022904464974,0.4131329655647278,18.65625,19.0186767578125,0.4518095552921295,1018.0287742614746,20.39086151123047
2024-04-10 12:04:45,0.0012677498161792,0.422826737165451,18.7890625,0.0007022904464974,0.4131329655647278,18.65625,19.0186767578125,0.4518095552921295,1018.0330657958984,20.39086151123047
2024-04-10 12:04:50,0.0012677498161792,0.422826737165451,18.7890625,0.0007022904464974,0.4131329655647278,18.65625,19.0186767578125,0.4518095552921295,1018.0330657958984,20.39086151123047
2024-04-10 12:04:55,0.0012677498161792,0.422826737165451,18.7890625,0.0007022904464974,0.4131329655647278,18.65625,19.0186767578125,0.4518095552921295,1018.0330657958984,20.39086151123047
2024-04-10 12:05:00,0.0012677498161792,0.422826737165451,18.7890625,0.0007022904464974,0.4131329655647278,18.65625,19.0186767578125,0.4518095552921295,1018.0330657958984,20.39086151123047
2024-04-10 12:05:05,0.0012677498161792,0.422826737165451,18.7890625,0.0007022904464974,0.4131329655647278,18.65625,19.0186767578125,0.4518095552921295,1018.0330657958984,20.39086151123047
2024-04-10 12:05:10,0.0012677498161792,0.422826737165451,18.7890625,0.0007022904464974,0.4131329655647278,18.65625,19.0186767578125,0.4518095552921295,1018.0330657958984,20.39086151123047
2024-04-10 12:05:15,0.0012677498161792,0.422826737165451,18.7890625,0.0007022904464974,0.4131329655647278,18.65625,19.0186767578125,0.4518095552921295,1018.0330657958984,20.39086151123047
2024-04-10 12:05:20,0.0012677498161792,0.422826737165451,18.7890625,0.0007022904464974,0.4131329655647278,18.65625,19.061492919921875,0.4518095552921295,1018.0330657958984,20.39086151123047
2024-04-10 12:05:25,0.0012677498161792,0.422826737165451,18.7890625,0.0007022904464974,0.4131329655647278,18.65625,19.061492919921875,0.4518095552921295,1018.0330657958984,20.309162139892575
2024-04-10 12:05:30,0.0012677498161792,0.422826737165451,18.7890625,0.0007022904464974,0.4131329655647278,18.65625,19.061492919921875,0.4518095552921295,1018.0330657958984,20.309162139892575
2024-04-10 12:05:35,0.0012677498161792,0.422826737165451,18.7890625,0.0007022904464974,0.4131329655647278,18.65625,19.061492919921875,0.4518095552921295,1018.0330657958984,20.309162139892575
2024-04-10 12:05:40,0.0012677498161792,0.422826737165451,18.7890625,0.0007022904464974,0.4131329655647278,18.65625,19.061492919921875,0.4518095552921295,1018.0165863037108,20.309162139892575
2024-04-10 12:05:45,0.0012677498161792,0.422826737165451,18.7890625,0.0007022904464974,0.4131329655647278,18.65625,19.061492919921875,0.4518683552742004,1018.0165863037108,20.309162139892575
2024-04-10 12:05:50,0.0012677498161792,0.422826737165451,18.7890625,0.0007022904464974,0.4131329655647278,18.65625,19.061492919921875,0.4518683552742004,1018.0165863037108,20.309162139892575
2024-04-10 12:05:55,0.0012677498161792,0.422826737165451,18.7890625,0.0007022904464974,0.4131329655647278,18.65625,19.061492919921875,0.4518683552742004,1018.0165863037108,20.309162139892575
2024-04-10 12:06:00,0.0012677498161792,0.422826737165451,18.7890625,0.0007022904464974,0.4131329655647278,18.65625,19.061492919921875,0.4518683552742004,1018.0165863037108,20.309162139892575
2024-04-10 12:06:05,0.0012677498161792,0.422826737165451,18.7890625,0.0007022904464974,0.4131329655647278,18.65625,19.061492919921875,0.4518683552742004,1018.0165863037108,20.309162139892575
2024-04-10 12:06:10,0.0012677498161792,0.422826737165451,18.7890625,0.0007022904464974,0.4131329655647278,18.65625,19.061492919921875,0.4518683552742004,1018.0165863037108,20.309162139892575
2024-04-10 12:06:15,0.0012677498161792,0.422826737165451,18.7890625,0.0007022904464974,0.4131329655647278,18.65625,19.061492919921875,0.4518683552742004,1018.0165863037108,20.309162139892575
2024-04-10 12:06:20,0.0012677498161792,0.422826737165451,18.7890625,0.0007022904464974,0.4131329655647278,18.65625,18.97509765625,0.4518683552742004,1018.0165863037108,20.309162139892575
2024-04-10 12:06:25,0.0012677498161792,0.422826737165451,18.7890625,0.0007022904464974,0.4131329655647278,18.65625,18.97509765625,0.4518683552742004,1018.0165863037108,20.24291229248047
2024-04-10 12:06:30,0.0012677498161792,0.422826737165451,18.7890625,0.0007022904464974,0.4131329655647278,18.65625,18.97509765625,0.4518683552742004,1018.0165863037108,20.24291229248047
2024-04-10 12:06:35,0.0012677498161792,0.422826737165451,18.7890625,0.0007022904464974,0.4131329655647278,18.65625,18.97509765625,0.4518683552742004,1018.0165863037108,20.24291229248047
2024-04-10 12:06:40,0.0012677498161792,0.422826737165451,18.7890625,0.0007022904464974,0.4131329655647278,18.65625,18.97509765625,0.4538758993148803,1018.075008392334,20.24291229248047
2024-04-10 12:06:45,0.0012677498161792,0.422826737165451,18.7890625,0.0007022904464974,0.4131329655647278,18.65625,18.97509765625,0.4538758993148803,1018.075008392334,20.24291229248047
2024-04-10 12:06:50,0.0012677498161792,0.422826737165451,18.7890625,0.0007022904464974,0.4131329655647278,18.65625,18.97509765625,0.4538758993148803,1018.075008392334,20.24291229248047
2024-04-10 12:06:55,0.0012677498161792,0.422826737165451,18.7890625,0.0007022904464974,0.4131329655647278,18.65625,18.97509765625,0.4538758993148803,1018.075008392334,20.24291229248047
2024-04-10 12:07:00,0.0012677498161792,0.422826737165451,18.7890625,0.0007022904464974,0.4131329655647278,18.65625,18.97509765625,0.4538758993148803,1018.075008392334,20.24291229248047
2024-04-10 12:07:05,0.0012677498161792,0.422826737165451,18.7890625,0.0007022904464974,0.4131329655647278,18.65625,18.97509765625,0.4538758993148803,1018.075008392334,20.24291229248047
2024-04-10 12:07:10,0.0012677498161792,0.422826737165451,18.7890625,0.0007022904464974,0.4131329655647278,18.65625,18.97509765625,0.4538758993148803,1018.075008392334,20.24291229248047
2024-04-10 12:07:15,0.0012677498161792,0.422826737165451,18.7890625,0.0007022904464974,0.4131329655647278,18.65625,18.97509765625,0.4538758993148803,1018.075008392334,20.24291229248047
2024-04-10 12:07:20,0.0012677498161792,0.422826737165451,18.7890625,0.0007022904464974,0.4131329655647278,18.65625,18.97509765625,0.4538758993148803,1018.075008392334,20.185039520263672
2024-04-10 12:07:25,0.0012677498161792,0.422826737165451,18.7890625,0.0007022904464974,0.4131329655647278,18.65625,18.9912109375,0.4538758993148803,1018.075008392334,20.185039520263672
2024-04-10 12:07:30,0.0012677498161792,0.422826737165451,18.7890625,0.0007022904464974,0.4131329655647278,18.65625,18.9912109375,0.4538758993148803,1018.075008392334,20.185039520263672
2024-04-10 12:07:35,0.0012677498161792,0.422826737165451,18.7890625,0.0007022904464974,0.4131329655647278,18.65625,18.9912109375,0.4538758993148803,1018.075008392334,20.185039520263672
2024-04-10 12:07:40,0.0012677498161792,0.422826737165451,18.7890625,0.0007022904464974,0.4131329655647278,18.65625,18.9912109375,0.4518551826477051,1018.0327224731444,20.185039520263672
2024-04-10 12:07:45,0.0012677498161792,0.422826737165451,18.7890625,0.0007022904464974,0.4131329655647278,18.65625,18.9912109375,0.4518551826477051,1018.0327224731444,20.185039520263672
2024-04-10 12:07:50,0.0012677498161792,0.422826737165451,18.7890625,0.0007022904464974,0.4131329655647278,18.65625,18.9912109375,0.4518551826477051,1018.0327224731444,20.185039520263672
2024-04-10 12:07:55,0.0012677498161792,0.422826737165451,18.7890625,0.0007022904464974,0.4131329655647278,18.65625,18.9912109375,0.4518551826477051,1018.0327224731444,20.185039520263672
2024-04-10 12:08:00,0.0012677498161792,0.422826737165451,18.7890625,0.0007022904464974,0.4131329655647278,18.65625,18.9912109375,0.4518551826477051,1018.0327224731444,20.185039520263672
2024-04-10 12:08:05,0.0012677498161792,0.422826737165451,18.7890625,0.0007022904464974,0.4131329655647278,18.65625,18.9912109375,0.4518551826477051,1018.0327224731444,20.185039520263672
2024-04-10 12:08:10,0.0012677498161792,0.422826737165451,18.7890625,0.0007022904464974,0.4131329655647278,18.65625,18.9912109375,0.4518551826477051,1018.0327224731444,20.185039520263672
2024-04-10 12:08:15,0.0012677498161792,0.422826737165451,18.7890625,0.0007022904464974,0.4131329655647278,18.65625,18.9912109375,0.4518551826477051,1018.0327224731444,20.185039520263672
2024-04-10 12:08:20,0.0012677498161792,0.422826737165451,18.7890625,0.0007022904464974,0.4131329655647278,18.65625,18.9912109375,0.4518551826477051,1018.0327224731444,20.096908569335938
2024-04-10 12:08:25,0.0012677498161792,0.422826737165451,18.7890625,0.0007022904464974,0.4131329655647278,18.65625,19.030487060546875,0.4518551826477051,1018.0327224731444,20.096908569335938
2024-04-10 12:08:30,0.0012677498161792,0.422826737165451,18.7890625,0.0007022904464974,0.4131329655647278,18.65625,19.030487060546875,0.4518551826477051,1018.0327224731444,20.096908569335938
2024-04-10 12:08:35,0.0012677498161792,0.422826737165451,18.7890625,0.0007022904464974,0.4131329655647278,18.65625,19.030487060546875,0.4518551826477051,1018.0327224731444,20.096908569335938
2024-04-10 12:08:40,0.0012677498161792,0.422826737165451,18.7890625,0.0007022904464974,0.4131329655647278,18.65625,19.030487060546875,0.4518551826477051,1018.065996170044,20.096908569335938
2024-04-10 12:08:45,0.0012677498161792,0.422826737165451,18.7890625,0.0007022904464974,0.4131329655647278,18.65625,19.030487060546875,0.4518169164657593,1018.065996170044,20.096908569335938
2024-04-10 12:08:50,0.0012677498161792,0.422826737165451,18.7890625,0.0007022904464974,0.4131329655647278,18.65625,19.030487060546875,0.4518169164657593,1018.065996170044,20.096908569335938
2024-04-10 12:08:55,0.0012677498161792,0.422826737165451,18.7890625,0.0007022904464974,0.4131329655647278,18.65625,19.030487060546875,0.4518169164657593,1018.065996170044,20.096908569335938
2024-04-10 12:09:00,0.0012677498161792,0.422826737165451,18.7890625,0.0007022904464974,0.4131329655647278,18.65625,19.030487060546875,0.4518169164657593,1018.065996170044,20.096908569335938
2024-04-10 12:09:05,0.0012677498161792,0.422826737165451,18.7890625,0.0007022904464974,0.4131329655647278,18.65625,19.030487060546875,0.4518169164657593,1018.065996170044,20.096908569335938
2024-04-10 12:09:10,0.0012677498161792,0.422826737165451,18.7890625,0.0007022904464974,0.4131329655647278,18.65625,19.030487060546875,0.4518169164657593,1018.065996170044,20.096908569335938
2024-04-10 12:09:15,0.0012677498161792,0.422826737165451,18.7890625,0.0007022904464974,0.4131329655647278,18.65625,19.030487060546875,0.4518169164657593,1018.065996170044,20.096908569335938
2024-04-10 12:09:20,0.0012677498161792,0.422826737165451,18.7890625,0.0007022904464974,0.4131329655647278,18.65625,19.006591796875,0.4518169164657593,1018.065996170044,20.0406551361084
2024-04-10 12:09:25,0.0012677498161792,0.422826737165451,18.7890625,0.0007022904464974,0.4131329655647278,18.65625,19.006591796875,0.4518169164657593,1018.065996170044,20.0406551361084
2024-04-10 12:09:30,0.0012677498161792,0.422826737165451,18.7890625,0.0007022904464974,0.4131329655647278,18.65625,19.006591796875,0.4518169164657593,1018.065996170044,20.0406551361084
2024-04-10 12:09:35,0.0012677498161792,0.422826737165451,18.7890625,0.0007022904464974,0.4131329655647278,18.65625,19.006591796875,0.4518169164657593,1018.065996170044,20.0406551361084
2024-04-10 12:09:40,0.0012677498161792,0.422826737165451,18.7890625,0.0007022904464974,0.4131329655647278,18.65625,19.006591796875,0.4527495503425598,1018.0453968048096,20.0406551361084
2024-04-10 12:09:45,0.0012677498161792,0.422826737165451,18.7890625,0.0007022904464974,0.4131329655647278,18.65625,19.006591796875,0.4527495503425598,1018.0453968048096,20.0406551361084
2024-04-10 12:09:50,0.0012677498161792,0.422826737165451,18.7890625,0.0007022904464974,0.4131329655647278,18.65625,19.006591796875,0.4527495503425598,1018.0453968048096,20.0406551361084
2024-04-10 12:09:55,0.0012677498161792,0.422826737165451,18.7890625,0.0007022904464974,0.4131329655647278,18.65625,19.006591796875,0.4527495503425598,1018.0453968048096,20.0406551361084
2024-04-10 12:10:00,0.0012677498161792,0.422826737165451,18.7890625,0.0007022904464974,0.4131329655647278,18.65625,19.006591796875,0.4527495503425598,1018.0453968048096,20.0406551361084
2024-04-10 12:10:05,0.0012677498161792,0.422826737165451,18.7890625,0.0007022904464974,0.4131329655647278,18.65625,19.006591796875,0.4527495503425598,1018.0453968048096,20.0406551361084
2024-04-10 12:10:10,0.0012677498161792,0.422826737165451,18.7890625,0.0007022904464974,0.4131329655647278,18.65625,19.006591796875,0.4527495503425598,1018.0453968048096,20.0406551361084
2024-04-10 12:10:15,0.0012677498161792,0.422826737165451,18.7890625,0.0007022904464974,0.4131329655647278,18.65625,19.006591796875,0.4527495503425598,1018.0453968048096,20.0406551361084
2024-04-10 12:10:20,0.0012677498161792,0.422826737165451,18.7890625,0.0007022904464974,0.4131329655647278,18.65625,18.96469116210937,0.4527495503425598,1018.0453968048096,19.952489852905277
2024-04-10 12:10:25,0.0012677498161792,0.422826737165451,18.7890625,0.0007022904464974,0.4131329655647278,18.65625,18.96469116210937,0.4527495503425598,1018.0453968048096,19.952489852905277
2024-04-10 12:10:30,0.0012677498161792,0.422826737165451,18.7890625,0.0007022904464974,0.4131329655647278,18.65625,18.96469116210937,0.4527495503425598,1018.0453968048096,19.952489852905277
2024-04-10 12:10:35,0.0012677498161792,0.422826737165451,18.7890625,0.0007022904464974,0.4131329655647278,18.65625,18.96469116210937,0.4527495503425598,1018.0453968048096,19.952489852905277
2024-04-10 12:10:40,0.0012677498161792,0.422826737165451,18.7890625,0.0007022904464974,0.4131329655647278,18.65625,18.96469116210937,0.4527495503425598,1018.133487701416,19.952489852905277
2024-04-10 12:10:45,0.0012677498161792,0.422826737165451,18.7890625,0.0007022904464974,0.4131329655647278,18.65625,18.96469116210937,0.4507066905498504,1018.133487701416,19.952489852905277
2024-04-10 12:10:50,0.0012677498161792,0.422826737165451,18.7890625,0.0007022904464974,0.4131329655647278,18.65625,18.96469116210937,0.4507066905498504,1018.133487701416,19.952489852905277
2024-04-10 12:10:55,0.0012677498161792,0.422826737165451,18.7890625,0.0007022904464974,0.4131329655647278,18.65625,18.96469116210937,0.4507066905498504,1018.133487701416,19.952489852905277
2024-04-10 12:11:00,,,,0.0007022904464974,0.4131329655647278,18.65625,18.96469116210937,0.4507066905498504,1018.133487701416,19.952489852905277
2024-04-10 12:11:05,,,,0.0007022904464974,0.4131329655647278,18.65625,18.96469116210937,0.4507066905498504,1018.133487701416,19.952489852905277
2024-04-10 12:11:10,,,,0.0007022904464974,0.4131329655647278,18.65625,18.96469116210937,0.4507066905498504,1018.133487701416,19.952489852905277
2024-04-10 12:11:15,0.0012677498161792,0.422826737165451,18.7890625,,,,18.96469116210937,0.4507066905498504,1018.133487701416,19.952489852905277
2024-04-10 12:11:20,,,,0.0007022904464974,0.4131329655647278,18.65625,18.910308837890625,0.4507066905498504,1018.133487701416,19.869949340820312
2024-04-10 12:11:25,,,,0.0007022904464974,0.4131329655647278,18.65625,18.910308837890625,,1018.133487701416,19.869949340820312
2024-04-10 12:11:30,,,,0.0007022904464974,0.4131329655647278,18.65625,18.910308837890625,0.450611263513565,1018.133487701416,19.869949340820312
2024-04-10 12:11:35,,,,0.0007022904464974,0.4131329655647278,18.65625,18.910308837890625,0.450611263513565,1018.133487701416,19.869949340820312
2024-04-10 12:11:40,,,,0.0007022904464974,0.4131329655647278,18.65625,18.910308837890625,0.450611263513565,1018.094720840454,19.869949340820312
2024-04-10 12:11:45,,,,0.0007022904464974,0.4131329655647278,18.65625,18.910308837890625,0.450611263513565,1018.094720840454,19.869949340820312
2024-04-10 12:11:50,,,,0.0007022904464974,0.4131329655647278,18.65625,,0.450611263513565,1018.094720840454,19.869949340820312
2024-04-10 12:11:55,,,,0.0007022904464974,0.4131329655647278,18.65625,,0.450611263513565,1018.094720840454,19.869949340820312
2024-04-10 12:12:00,,,,0.0007022904464974,0.4131329655647278,18.65625,,0.450611263513565,1018.094720840454,19.869949340820312
2024-04-10 12:12:05,,,,0.0007022904464974,0.4131329655647278,18.65625,,0.450611263513565,1018.094720840454,19.869949340820312
2024-04-10 12:12:10,0.0012677498161792,0.422826737165451,18.7890625,0.0007022904464974,0.4131329655647278,18.65625,,,1018.094720840454,19.869949340820312
2024-04-10 12:12:15,0.0012677498161792,0.422826737165451,18.7890625,0.0007022904464974,0.4131329655647278,18.65625,,0.4505247175693512,1018.094720840454,19.869949340820312
2024-04-10 12:12:20,0.0012677498161792,0.422826737165451,18.7890625,0.0005936227971687,0.4131329655647278,18.8046875,,0.4505247175693512,1018.094720840454,19.869949340820312
2024-04-10 12:12:25,0.0012677498161792,0.422826737165451,18.7890625,0.0005936227971687,0.4131329655647278,18.8046875,,0.4505247175693512,1018.094720840454,19.864295959472656
2024-04-10 12:12:30,0.0012677498161792,0.422826737165451,18.7890625,0.0005936227971687,0.4131329655647278,18.8046875,,0.4505247175693512,1018.094720840454,19.864295959472656
2024-04-10 12:12:35,0.0012677498161792,0.422826737165451,18.7890625,0.0005936227971687,0.4131329655647278,18.8046875,,0.4505247175693512,1018.094720840454,19.864295959472656
2024-04-10 12:12:40,0.0012677498161792,0.422826737165451,18.7890625,0.0005936227971687,0.4131329655647278,18.8046875,,0.4505247175693512,1018.058671951294,19.864295959472656
2024-04-10 12:12:45,0.0012677498161792,0.422826737165451,18.7890625,0.0005936227971687,0.4131329655647278,18.8046875,,0.4505247175693512,1018.058671951294,19.864295959472656
2024-04-10 12:12:50,0.0012677498161792,0.422826737165451,18.7890625,0.0005936227971687,0.4131329655647278,18.8046875,,0.4505247175693512,1018.058671951294,19.864295959472656
2024-04-10 12:12:55,0.0012677498161792,0.422826737165451,18.7890625,0.0005936227971687,0.4131329655647278,18.8046875,,0.4505247175693512,1018.058671951294,19.864295959472656
2024-04-10 12:13:00,0.0012677498161792,0.422826737165451,18.7890625,0.0005936227971687,0.4131329655647278,18.8046875,18.92376708984375,0.4505247175693512,1018.058671951294,19.864295959472656
2024-04-10 12:13:05,0.0012677498161792,0.422826737165451,18.7890625,0.0005936227971687,0.4131329655647278,18.8046875,18.937957763671875,0.4533973038196563,1018.058671951294,19.864295959472656
2024-04-10 12:13:10,0.0009053832036443,0.422826737165451,18.984375,0.0005936227971687,0.4131329655647278,18.8046875,18.900909423828125,0.4533973038196563,1018.058671951294,19.864295959472656
2024-04-10 12:13:15,0.0012019661953672,0.422826737165451,18.984375,0.0005936227971687,0.4131329655647278,18.8046875,18.900909423828125,0.4533973038196563,1018.058671951294,19.864295959472656
2024-04-10 12:13:20,0.0014606540789827,0.422826737165451,18.984375,0.0005936227971687,0.4131329655647278,18.8046875,18.900909423828125,0.4533973038196563,,19.862625122070312
2024-04-10 12:13:25,0.0010156168136745,0.422826737165451,18.9609375,0.0005936227971687,0.4131329655647278,18.8046875,18.871002197265625,0.4533973038196563,,19.862625122070312
2024-04-10 12:13:30,0.0010156168136745,0.422826737165451,18.9609375,0.0005936227971687,0.4131329655647278,18.8046875,18.95703125,0.4533973038196563,,19.862625122070312
2024-04-10 12:13:35,0.0008771471912041,0.5381430983543396,18.96875,0.0005936227971687,0.4131329655647278,18.8046875,18.95703125,0.4533973038196563,,
2024-04-10 12:13:40,0.0008771471912041,0.5381430983543396,18.96875,0.0005936227971687,0.4131329655647278,18.8046875,18.913238525390625,0.4533973038196563,,
2024-04-10 12:13:45,0.0010462128557264,0.5381430983543396,18.9921875,0.0005936227971687,0.4131329655647278,18.8046875,18.92147827148437,0.4533973038196563,,
2024-04-10 12:13:50,0.0013604827690869,0.4612655341625213,18.9921875,0.0005936227971687,0.4131329655647278,18.8046875,18.92147827148437,0.4533973038196563,,
2024-04-10 12:13:55,0.0013604827690869,0.4612655341625213,18.9921875,0.0005936227971687,0.4131329655647278,18.8046875,18.898193359375,0.4533973038196563,,
2024-04-10 12:14:00,0.0012730763992294,0.4612655341625213,18.984375,0.0005936227971687,0.4131329655647278,18.8046875,18.913848876953125,0.4533973038196563,,
2024-04-10 12:14:05,0.0010444123763591,0.4997043311595917,18.96875,,,,18.913848876953125,0.4533973038196563,,
2024-04-10 12:14:10,0.0010444123763591,0.4997043311595917,18.96875,,,,18.8623046875,0.4523544907569885,,
2024-04-10 12:14:15,0.0009603036451153,0.4612655341625213,18.9609375,,,,18.837646484375,0.4523544907569885,,
2024-04-10 12:14:20,0.0009603036451153,0.4612655341625213,18.9609375,,,,18.837646484375,0.4523544907569885,,
2024-04-10 12:14:25,0.0009645388345234,0.4997043311595917,18.953125,,,,18.853179931640625,0.4523544907569885,,
2024-04-10 12:14:30,0.0008008073200471,0.422826737165451,18.96875,,,,18.853179931640625,0.4523544907569885,,
2024-04-10 12:14:35,0.0008008073200471,0.422826737165451,18.96875,0.0004385001375339,0.4506905078887939,18.828125,18.883209228515625,0.4523544907569885,1018.06734085083,
2024-04-10 12:14:40,0.0009437975822947,0.4997043311595917,18.984375,0.0005824294639751,0.5258055925369263,18.796875,18.84222412109375,0.4523544907569885,1018.10453414917,
2024-04-10 12:14:45,0.0010512352455407,0.422826737165451,19.0,0.0003965975192841,0.4131329655647278,18.8046875,18.84222412109375,0.4523544907569885,1018.0593585968018,19.88405418395996
2024-04-10 12:14:50,0.0010512352455407,0.422826737165451,19.0,0.0005166928749531,0.4506905078887939,18.8046875,18.89633178710937,0.4513323605060577,1018.0593585968018,19.885330200195312
2024-04-10 12:14:55,0.001014586770907,0.4612655341625213,18.96875,0.0005166928749531,0.4506905078887939,18.8046875,18.82196044921875,0.4513323605060577,1018.0690574645996,19.885330200195312
2024-04-10 12:15:00,0.001014586770907,0.4612655341625213,18.96875,0.0004557254142127,0.4506905078887939,18.7890625,18.82196044921875,0.4513323605060577,1018.0690574645996,19.882783889770508
2024-04-10 12:15:05,0.0007008835673332,0.4997043311595917,18.9765625,0.0004557254142127,0.4506905078887939,18.7890625,18.863983154296875,0.4513323605060577,1018.0902576446532,19.885570526123047
2024-04-10 12:15:10,0.0009921549353748,0.5381430983543396,18.96875,0.0007783911423757,0.4506905078887939,18.8125,18.863983154296875,0.4513323605060577,1018.0731201171876,19.885570526123047
2024-04-10 12:15:15,0.0009921549353748,0.5381430983543396,18.96875,0.0004187397134955,0.4131329655647278,18.765625,18.870880126953125,0.4513323605060577,1018.0731201171876,19.88189697265625
2024-04-10 12:15:20,0.0011587239569053,0.4612655341625213,18.9765625,0.0004187397134955,0.4131329655647278,18.765625,18.83294677734375,0.4513323605060577,1018.0685138702391,19.88189697265625
2024-04-10 12:15:25,0.000879744591657,0.422826737165451,18.9921875,0.000616141129285,0.4131329655647278,18.8125,18.83294677734375,0.4513323605060577,1018.0685138702391,19.90218162536621
2024-04-10 12:15:30,0.000879744591657,0.422826737165451,18.9921875,0.0006400565034709,0.4506905078887939,18.796875,18.867401123046875,0.4513323605060577,1018.071517944336,19.90499687194824
2024-04-10 12:15:35,0.0009213011362589,0.4612655341625213,18.953125,0.0006400565034709,0.4506905078887939,18.796875,18.907257080078125,0.4513323605060577,1018.0754089355468,19.90499687194824
2024-04-10 12:15:40,0.0009213011362589,0.4612655341625213,18.953125,0.0005075024673715,0.4131329655647278,18.8046875,18.907257080078125,0.4513323605060577,1018.0754089355468,19.914918899536133
2024-04-10 12:15:45,0.0007463551010005,0.4612655341625213,18.9765625,0.0005075024673715,0.4131329655647278,18.8046875,18.89361572265625,0.4513323605060577,1018.054265975952,19.914918899536133
2024-04-10 12:15:50,0.0011297612218186,0.422826737165451,18.9765625,0.0005163610330782,0.4131329655647278,18.796875,18.89361572265625,0.4512677788734436,1018.054265975952,19.924240112304688
2024-04-10 12:15:55,0.0011297612218186,0.422826737165451,18.9765625,0.0005163610330782,0.4131329655647278,18.796875,18.906494140625,0.4512677788734436,1018.0635356903076,19.91069602966309
2024-04-10 12:16:00,0.0008358489139936,0.5765819549560547,18.9921875,0.0005163610330782,0.4131329655647278,18.796875,18.93173217773437,0.4512677788734436,1018.0520057678224,19.91069602966309
2024-04-10 12:16:05,0.0008639962179586,0.422826737165451,18.96875,0.0003626503748819,0.4131329655647278,18.8203125,18.93173217773437,0.4512677788734436,1018.072862625122,19.91974258422852
2024-04-10 12:16:10,0.0008639962179586,0.422826737165451,18.96875,0.0004422650090418,0.4131329655647278,18.8125,18.93621826171875,0.4512677788734436,1018.072862625122,19.94310569763184
2024-04-10 12:16:15,0.0008164288010448,0.4997043311595917,18.9765625,0.0004422650090418,0.4131329655647278,18.8125,18.94342041015625,0.4512677788734436,1018.0634498596193,19.94310569763184
2024-04-10 12:16:20,0.0011347931576892,0.4612655341625213,18.9609375,0.0006666972767561,0.4131329655647278,18.828125,18.94342041015625,0.4512706995010376,1018.0634498596193,19.96327018737793
2024-04-10 12:16:25,0.0011347931576892,0.4612655341625213,18.9609375,0.0010375729762017,0.4131329655647278,18.8046875,18.97222900390625,0.4512706995010376,1018.11128616333,19.96327018737793
2024-04-10 12:16:30,0.0010095569305121,0.4612655341625213,18.9765625,0.0010375729762017,0.4131329655647278,18.8046875,18.97222900390625,0.4512706995010376,1018.11128616333,19.98418426513672
2024-04-10 12:16:35,0.0010095569305121,0.4612655341625213,18.9765625,0.0008920200634747,0.4131329655647278,18.8046875,18.930328369140625,0.4512706995010376,1018.0687999725342,19.997425079345703
2024-04-10 12:16:40,0.0009817517129704,0.422826737165451,18.9921875,0.0008920200634747,0.4131329655647278,18.8046875,18.898468017578125,0.4512706995010376,1018.0834484100342,19.997425079345703
2024-04-10 12:16:45,0.0008259651949629,0.422826737165451,19.0,0.0007075299508869,0.4131329655647278,18.828125,18.898468017578125,0.4512706995010376,1018.0834484100342,20.01032257080078
2024-04-10 12:16:50,0.0008259651949629,0.422826737165451,19.0,0.0003944652271457,0.4506905078887939,18.828125,18.9158935546875,0.4512706995010376,1018.0316925048828,20.020713806152344
2024-04-10 12:16:55,0.0011670845560729,0.4612655341625213,18.984375,0.0003944652271457,0.4506905078887939,18.828125,18.942413330078125,0.4512706995010376,1018.0778980255128,20.020713806152344
2024-04-10 12:17:00,0.0010042281355708,0.4997043311595917,18.9921875,0.0002414846676401,0.4506905078887939,18.8046875,18.942413330078125,0.4512706995010376,1018.0778980255128,20.03278160095215
2024-04-10 12:17:05,0.0010042281355708,0.4997043311595917,18.9921875,0.0002414846676401,0.4506905078887939,18.8046875,18.999908447265625,0.4512706995010376,1018.0300903320312,20.03278160095215
2024-04-10 12:17:10,0.001148420269601,0.422826737165451,18.9765625,,,,18.999908447265625,0.4512706995010376,1018.0307769775392,20.05643081665039
2024-04-10 12:17:15,0.001148420269601,0.422826737165451,18.9765625,0.0007350849919021,0.4506905078887939,18.8359375,18.99740600585937,0.4512706995010376,1018.0307769775392,20.080921173095703
2024-04-10 12:17:20,0.0014250085223466,0.4612655341625213,18.984375,0.0007350849919021,0.4506905078887939,18.8359375,18.996856689453125,0.4493173658847809,1018.0373287200928,20.080921173095703
2024-04-10 12:17:25,0.0006706023705191,0.422826737165451,19.0,0.0006224143435247,0.4131329655647278,18.84375,18.996856689453125,0.4493173658847809,1018.0194473266602,20.089452743530277
2024-04-10 12:17:30,0.0006706023705191,0.422826737165451,19.0,0.000551531324163,0.4506905078887939,18.859375,18.986846923828125,0.4493173658847809,1018.0194473266602,20.089452743530277
2024-04-10 12:17:35,0.0010658275568857,0.4612655341625213,19.015625,0.000551531324163,0.4506905078887939,18.859375,18.990386962890625,0.4493173658847809,1018.0178451538086,20.123470306396484
2024-04-10 12:17:40,0.00072366342647,0.4997043311595917,18.9921875,0.000441106793005,0.4131329655647278,18.84375,18.990386962890625,0.4493173658847809,1018.0178451538086,20.15436363220215
2024-04-10 12:17:45,0.00072366342647,0.4997043311595917,18.9921875,0.000441106793005,0.4131329655647278,18.84375,19.01971435546875,0.4493173658847809,1018.0133819580078,20.16484642028809
2024-04-10 12:17:50,0.0011306800879538,0.422826737165451,19.0078125,0.000478382804431,0.4131329655647278,18.8359375,19.01971435546875,0.4493173658847809,1018.0175018310548,20.16484642028809
2024-04-10 12:17:55,0.0011306800879538,0.422826737165451,19.0078125,0.0004771406820509,0.4131329655647278,18.8515625,19.067352294921875,0.4493173658847809,1018.0175018310548,20.183425903320312
2024-04-10 12:18:00,0.0012047886848449,0.4612655341625213,19.0078125,0.0004771406820509,0.4131329655647278,18.8515625,19.023834228515625,0.4493173658847809,1018.0334377288818,20.183425903320312
2024-04-10 12:18:05,0.000813940539956,0.4612655341625213,19.015625,0.000706753344275,0.4506905078887939,18.8359375,19.023834228515625,0.4493173658847809,1018.0334377288818,20.20289802551269
2024-04-10 12:18:10,0.000813940539956,0.4612655341625213,19.015625,0.0006483252509497,0.4506905078887939,18.84375,19.09661865234375,0.4493173658847809,1018.1078243255616,20.224384307861328
2024-04-10 12:18:15,0.0011188524076715,0.4997043311595917,19.0,0.0006483252509497,0.4506905078887939,18.84375,19.09661865234375,0.4493173658847809,1018.06396484375,20.224384307861328
2024-04-10 12:18:20,0.0008460270473733,0.422826737165451,19.03125,0.0006193171720951,0.4506905078887939,18.8671875,19.025360107421875,0.4513676166534424,1018.06396484375,20.234569549560547
2024-04-10 12:18:25,0.0008460270473733,0.422826737165451,19.03125,0.000524686765857,0.4131329655647278,18.8671875,19.11260986328125,0.4513676166534424,1018.0572700500488,20.234569549560547
2024-04-10 12:18:30,0.0013800670858472,0.422826737165451,19.0234375,0.000524686765857,0.4131329655647278,18.8671875,19.12411499023437,0.4513676166534424,1018.0651092529296,20.252885818481445
2024-04-10 12:18:35,0.0013800670858472,0.422826737165451,19.0234375,0.0006105586653575,0.4131329655647278,18.8671875,19.12411499023437,0.4513676166534424,1018.0651092529296,20.26206970214844
2024-04-10 12:18:40,0.0014395178295671,0.4612655341625213,19.0234375,0.0006105586653575,0.4131329655647278,18.8671875,19.039703369140625,0.4513676166534424,1018.0947780609132,20.26206970214844
2024-04-10 12:18:45,0.0009152297861874,0.422826737165451,19.03125,0.0006758167874068,0.4131329655647278,18.875,19.039703369140625,0.4513676166534424,1018.0812740325928,20.260713577270508
2024-04-10 12:18:50,0.0009152297861874,0.422826737165451,19.03125,0.0007430773694068,0.4506905078887939,18.8671875,19.0706787109375,0.4513676166534424,1018.0812740325928,20.26744270324707
2024-04-10 12:18:55,0.0008806015830487,0.4612655341625213,19.0546875,0.0007430773694068,0.4506905078887939,18.8671875,19.053619384765625,0.4513676166534424,1018.0812740325928,20.26744270324707
2024-04-10 12:19:00,0.0008144426974467,0.422826737165451,19.046875,0.0007600197568535,0.4131329655647278,18.8671875,19.053619384765625,0.4513676166534424,1018.0808448791504,20.276180267333984
2024-04-10 12:19:05,0.0008144426974467,0.422826737165451,19.046875,0.0007600197568535,0.4131329655647278,18.8671875,19.091217041015625,0.4513676166534424,1018.055181503296,20.291967391967773
2024-04-10 12:19:10,0.0008144426974467,0.422826737165451,19.046875,0.0006070921081118,0.4506905078887939,18.890625,19.07623291015625,0.4513676166534424,1018.0507469177246,20.291967391967773
2024-04-10 12:19:15,0.0010302760638296,0.5381430983543396,19.0625,0.0004824545467272,0.4131329655647278,18.8515625,19.07623291015625,0.4513676166534424,1018.0507469177246,20.2995662689209
2024-04-10 12:19:20,0.0011158545967191,0.422826737165451,19.0546875,0.0004824545467272,0.4131329655647278,18.8515625,19.076416015625,0.4524822533130646,1018.064079284668,20.2995662689209
2024-04-10 12:19:25,0.0016922303475439,0.422826737165451,19.0234375,0.0004669365298468,0.4506905078887939,18.890625,19.076416015625,0.4524822533130646,1018.064079284668,20.312034606933597
2024-04-10 12:19:30,0.0016922303475439,0.422826737165451,19.0234375,0.0004270531935617,0.4131329655647278,18.8984375,19.0382080078125,0.4524822533130646,1018.0467987060548,20.31853485107422
2024-04-10 12:19:35,0.0008449191227555,0.4612655341625213,19.046875,0.0004270531935617,0.4131329655647278,18.8984375,18.999267578125,0.4524822533130646,1018.0378723144532,20.31853485107422
2024-04-10 12:19:40,0.0009547441150061,0.4612655341625213,19.0390625,0.0004450824926607,0.4131329655647278,18.8515625,18.999267578125,0.4524822533130646,1018.0378723144532,20.32351875305176
2024-04-10 12:19:45,0.0009547441150061,0.4612655341625213,19.0390625,0.0004450824926607,0.4131329655647278,18.8515625,19.036163330078125,0.4524822533130646,1018.0399894714355,20.32351875305176
2024-04-10 12:19:50,0.0014625653857365,0.422826737165451,19.0546875,0.0006278182845562,0.4131329655647278,18.8828125,19.036163330078125,0.4524822533130646,1018.069543838501,20.32829093933105
2024-04-10 12:19:55,0.0014625653857365,0.422826737165451,19.0546875,0.0007108533172868,0.4506905078887939,18.90625,19.030059814453125,0.4524822533130646,1018.069543838501,20.33993530273437
2024-04-10 12:20:00,0.0008781432989053,0.4612655341625213,19.046875,0.0007108533172868,0.4506905078887939,18.90625,19.0511474609375,0.4524822533130646,1018.0593299865724,20.33993530273437
2024-04-10 12:20:05,0.0010570517042651,0.4612655341625213,19.0546875,0.0005220044404268,0.4131329655647278,18.8828125,19.0511474609375,0.4524822533130646,1018.0593299865724,20.346412658691406
2024-04-10 12:20:10,0.0010570517042651,0.4612655341625213,19.0546875,0.0005220044404268,0.4131329655647278,18.8828125,19.060516357421875,0.4524822533130646,1018.0426216125488,20.353296279907227
2024-04-10 12:20:15,0.0007557676872238,0.422826737165451,19.0390625,0.0006978256860747,0.4131329655647278,18.875,19.060516357421875,0.4524822533130646,1018.0769538879396,20.353296279907227
2024-04-10 12:20:20,0.0015102277975529,0.4612655341625213,19.0703125,0.0005138708511367,0.4131329655647278,18.8671875,19.0306396484375,0.4495303034782409,1018.0769538879396,20.36258888244629
2024-04-10 12:20:25,0.0015102277975529,0.4612655341625213,19.0703125,0.0005138708511367,0.4131329655647278,18.8671875,19.031463623046875,0.4495303034782409,1018.0433654785156,20.382444381713867
2024-04-10 12:20:30,0.0014025943819433,0.4612655341625213,19.0703125,0.0006956661236472,0.4131329655647278,18.890625,19.008941650390625,0.4495303034782409,1018.0463123321532,20.382444381713867
2024-04-10 12:20:35,0.0014025943819433,0.4612655341625213,19.0703125,0.0005720153567381,0.4882480502128601,18.859375,19.008941650390625,0.4495303034782409,1018.0463123321532,20.388830184936523
2024-04-10 12:20:40,0.0011076134396716,0.4612655341625213,19.0625,0.0005720153567381,0.4882480502128601,18.859375,19.06259155273437,0.4495303034782409,1018.0573844909668,20.388830184936523
2024-04-10 12:20:45,0.001347878947854,0.422826737165451,19.0703125,0.0005084716831333,0.4131329655647278,18.875,19.06259155273437,0.4495303034782409,1018.0899715423584,20.408536911010746
2024-04-10 12:20:50,0.001347878947854,0.422826737165451,19.0703125,0.0003932006366085,0.4131329655647278,18.8671875,19.06649780273437,0.4495303034782409,1018.0899715423584,20.387983322143555
2024-04-10 12:20:55,0.0013604892883449,0.422826737165451,19.0390625,0.0003932006366085,0.4131329655647278,18.8671875,19.09381103515625,0.4495303034782409,1018.065595626831,20.387983322143555
2024-04-10 12:21:00,0.0015769148012623,0.4612655341625213,19.0703125,0.0007211330812424,0.4882480502128601,18.8828125,19.09381103515625,0.4495303034782409,1018.065595626831,20.38895606994629
2024-04-10 12:21:05,0.0015769148012623,0.4612655341625213,19.0703125,0.0005088818143121,0.4506905078887939,18.8828125,19.10089111328125,0.4495303034782409,1018.085479736328,20.38895606994629
2024-04-10 12:21:10,0.0009701260714791,0.4997043311595917,19.0546875,0.0005088818143121,0.4506905078887939,18.8828125,19.10089111328125,0.4495303034782409,1018.0591869354248,20.38027572631836
2024-04-10 12:21:15,0.0009701260714791,0.4997043311595917,19.0546875,0.0006468496285378,0.4506905078887939,18.875,19.123992919921875,0.4495303034782409,1018.0591869354248,20.392297744750977
2024-04-10 12:21:20,0.0012243828969076,0.422826737165451,19.046875,0.0006468496285378,0.4506905078887939,18.875,19.123992919921875,0.4515525996685028,1018.0528926849364,20.392297744750977
2024-04-10 12:21:25,0.0011010735761374,0.422826737165451,19.078125,0.0005984879098832,0.4131329655647278,18.875,19.136962890625,0.4515525996685028,1018.0528926849364,20.390535354614254
2024-04-10 12:21:30,0.0011010735761374,0.422826737165451,19.078125,0.0002655379648786,0.4131329655647278,18.8984375,19.1083984375,0.4515525996685028,1018.0337238311768,20.396869659423828
2024-04-10 12:21:35,0.0009605651721358,0.4997043311595917,19.0859375,0.0002655379648786,0.4131329655647278,18.8984375,19.17291259765625,0.4515525996685028,1018.049201965332,20.396869659423828
2024-04-10 12:21:40,0.0009605651721358,0.4997043311595917,19.0859375,0.0006828123587183,0.3755754232406616,18.8828125,19.17291259765625,0.4515525996685028,1018.049201965332,20.40297508239746
2024-04-10 12:21:45,0.0007984522380866,0.4997043311595917,19.1015625,0.0005132240476086,0.4131329655647278,18.90625,19.17529296875,0.4515525996685028,1018.0610752105712,20.40297508239746
2024-04-10 12:21:50,0.001269388012588,0.4612655341625213,19.109375,0.0005132240476086,0.4131329655647278,18.90625,19.17529296875,0.4515525996685028,1018.0610752105712,20.40876007080078
2024-04-10 12:21:55,0.001269388012588,0.4612655341625213,19.109375,0.0006950879469513,0.3755754232406616,18.890625,19.1363525390625,0.4515525996685028,1018.0466842651368,20.420015335083008
2024-04-10 12:22:00,0.0011927454033866,0.422826737165451,19.0859375,0.0006950879469513,0.3755754232406616,18.890625,19.12744140625,0.4515525996685028,1018.0167293548584,20.420015335083008
2024-04-10 12:22:05,0.0010218381648883,0.4612655341625213,19.109375,0.0006565024377778,0.4131329655647278,18.921875,19.12744140625,0.4515525996685028,1018.0412769317628,20.42796897888184
2024-04-10 12:22:10,0.0010218381648883,0.4612655341625213,19.109375,0.0005320308264344,0.4131329655647278,18.8984375,19.122711181640625,0.4515525996685028,1018.0412769317628,20.43696975708008
2024-04-10 12:22:15,0.0010169290471822,0.4997043311595917,19.0703125,0.0005320308264344,0.4131329655647278,18.8984375,19.16888427734375,0.4515525996685028,1017.9904079437256,20.43696975708008
2024-04-10 12:22:20,0.0011757044121623,0.422826737165451,19.109375,0.0005512838833965,0.4506905078887939,18.8984375,19.16888427734375,0.4506172239780426,1017.9904079437256,20.43290138244629
2024-04-10 12:22:25,0.0011757044121623,0.422826737165451,19.109375,0.0007084218086674,0.4131329655647278,18.890625,19.148101806640625,0.4506172239780426,1018.0144119262696,20.451749801635746
2024-04-10 12:22:30,0.0013483053771778,0.4612655341625213,19.09375,0.0007084218086674,0.4131329655647278,18.890625,19.148101806640625,0.4506172239780426,1018.0144119262696,20.451749801635746
2024-04-10 12:22:35,0.0013483053771778,0.4612655341625213,19.09375,0.0007679508416913,0.4506905078887939,18.9140625,19.1641845703125,0.4506172239780426,1018.0227375030518,20.463777542114254
2024-04-10 12:22:40,0.0008515802328474,0.422826737165451,19.109375,0.0007679508416913,0.4506905078887939,18.9140625,19.16497802734375,0.4506172239780426,1018.01438331604,20.463777542114254
2024-04-10 12:22:45,0.0007651604828424,0.5381430983543396,19.109375,0.0004474607412703,0.4506905078887939,18.90625,19.16497802734375,0.4506172239780426,1018.01438331604,20.49690818786621
2024-04-10 12:22:50,0.0007651604828424,0.5381430983543396,19.109375,0.000438806193415,0.4506905078887939,18.90625,19.164093017578125,0.4506172239780426,1018.0178165435792,20.49690818786621
2024-04-10 12:22:55,0.00071404769551,0.422826737165451,19.1015625,0.000438806193415,0.4506905078887939,18.90625,19.18505859375,0.4506172239780426,1018.0471992492676,20.507986068725582
2024-04-10 12:23:00,0.0009952551918104,0.4997043311595917,19.125,0.0005688599776476,0.4506905078887939,18.8984375,19.18505859375,0.4506172239780426,1018.0471992492676,20.513473510742188
2024-04-10 12:23:05,0.0009952551918104,0.4997043311595917,19.125,0.0003735151549335,0.4506905078887939,18.9375,19.13265991210937,0.4506172239780426,1018.0480861663818,20.513473510742188
2024-04-10 12:23:10,0.0009784344583749,0.422826737165451,19.125,0.0003735151549335,0.4506905078887939,18.9375,19.13265991210937,0.4506172239780426,1018.0480861663818,20.524253845214844
2024-04-10 12:23:15,0.0009784344583749,0.422826737165451,19.125,0.0006627828115597,0.4131329655647278,18.921875,19.15048217773437,0.4506172239780426,1018.0603313446044,20.531177520751957
2024-04-10 12:23:20,0.0012063635513186,0.4612655341625213,19.1328125,0.0006627828115597,0.4131329655647278,18.921875,19.1497802734375,0.4487738609313965,1018.0948638916016,20.531177520751957
2024-04-10 12:23:25,0.0013932458823546,0.4997043311595917,19.140625,0.0008307119715027,0.4131329655647278,18.9296875,19.1497802734375,0.4487738609313965,1018.0982685089112,20.54993438720703
2024-04-10 12:23:30,0.0013932458823546,0.4997043311595917,19.140625,0.0008652086253277,0.4131329655647278,18.8984375,19.15234375,0.4487738609313965,1018.0982685089112,20.55762481689453
2024-04-10 12:23:35,0.0009904685430228,0.422826737165451,19.125,0.0008652086253277,0.4131329655647278,18.8984375,19.13851928710937,0.4487738609313965,1018.0526638031006,20.55762481689453
2024-04-10 12:23:40,0.001092214253731,0.422826737165451,19.1484375,0.0004349590453784,0.4131329655647278,18.921875,19.13851928710937,0.4487738609313965,1018.0526638031006,20.578201293945312
2024-04-10 12:23:45,0.001092214253731,0.422826737165451,19.1484375,0.0007729111239314,0.4506905078887939,18.9296875,19.16754150390625,0.4487738609313965,1018.06734085083,20.578201293945312
2024-04-10 12:23:50,0.0009851846843957,0.422826737165451,19.1328125,0.0007729111239314,0.4506905078887939,18.9296875,19.16754150390625,0.4487738609313965,1018.0578422546388,20.584535598754883
2024-04-10 12:23:55,0.0009851846843957,0.422826737165451,19.1328125,0.0006991194677539,0.4131329655647278,18.953125,19.1826171875,0.4487738609313965,1018.0578422546388,20.611400604248047
2024-04-10 12:24:00,0.0011110584018751,0.4612655341625213,19.1015625,0.0006991194677539,0.4131329655647278,18.953125,19.20809936523437,0.4487738609313965,1018.0544090270996,20.611400604248047
2024-04-10 12:24:05,0.0011110584018751,0.4612655341625213,19.1015625,0.0008254158310592,0.4131329655647278,18.921875,19.20809936523437,0.4487738609313965,1018.0020809173584,20.635089874267575
2024-04-10 12:24:10,0.0010541062802076,0.4997043311595917,19.140625,0.000514218059834,0.4131329655647278,18.9375,19.162384033203125,0.4487738609313965,1018.0020809173584,20.631467819213867
2024-04-10 12:24:15,0.0015756573993712,0.5381430983543396,19.1640625,0.000514218059834,0.4131329655647278,18.9375,19.22186279296875,0.4487738609313965,1017.9892349243164,20.631467819213867
2024-04-10 12:24:20,0.0007774211117066,0.4612655341625213,19.140625,0.0004232585488352,0.4131329655647278,18.9296875,19.22186279296875,0.4539346396923065,1017.9892349243164,20.64386749267578
2024-04-10 12:24:25,0.0007774211117066,0.4612655341625213,19.140625,0.0004232585488352,0.4131329655647278,18.9296875,19.22186279296875,0.4539346396923065,1018.032293319702,20.64386749267578
2024-04-10 12:24:30,0.0006370606133714,0.422826737165451,19.1484375,0.0003733162011485,0.4506905078887939,18.9296875,19.202880859375,0.4539346396923065,1018.0825042724608,20.65290260314941
2024-04-10 12:24:35,0.0006370606133714,0.422826737165451,19.1484375,0.0004421347111929,0.4131329655647278,18.9609375,19.202880859375,0.4539346396923065,1018.0825042724608,20.66666412353516
2024-04-10 12:24:40,0.0012046649353578,0.4612655341625213,19.1640625,0.0004421347111929,0.4131329655647278,18.9609375,19.198516845703125,0.4539346396923065,1018.0526351928712,20.66666412353516
2024-04-10 12:24:45,0.0009593730210326,0.422826737165451,19.1484375,0.0005633570253849,0.4506905078887939,18.9453125,19.198516845703125,0.4539346396923065,1018.0526351928712,20.66214370727539
2024-04-10 12:24:50,0.0009593730210326,0.422826737165451,19.1484375,0.0004319342842791,0.4131329655647278,18.921875,19.241455078125,0.4539346396923065,1018.0649948120116,20.66214370727539
2024-04-10 12:24:55,0.0008873320766724,0.422826737165451,19.171875,0.0004319342842791,0.4131329655647278,18.921875,19.241455078125,0.4539346396923065,1018.0687999725342,20.686811447143555
2024-04-10 12:25:00,0.0009153523133136,0.422826737165451,19.15625,0.0005365331890061,0.4131329655647278,18.984375,19.28070068359375,0.4539346396923065,1018.0687999725342,20.68682861328125
2024-04-10 12:25:05,0.0009153523133136,0.422826737165451,19.15625,0.0004565480339806,0.4506905078887939,18.9453125,19.230438232421875,0.4539346396923065,1018.0527210235596,20.68682861328125
2024-04-10 12:25:10,0.0010490244021639,0.4997043311595917,19.15625,0.0004565480339806,0.4506905078887939,18.9453125,19.244110107421875,0.4539346396923065,1018.095178604126,20.68861389160156
2024-04-10 12:25:15,0.0010490244021639,0.4997043311595917,19.15625,0.0005201310268603,0.4882480502128601,18.953125,19.244110107421875,0.4539346396923065,1018.095178604126,20.690576553344727
2024-04-10 12:25:20,0.0009469083161093,0.4612655341625213,19.171875,0.0005201310268603,0.4882480502128601,18.953125,19.2596435546875,0.4501249492168426,1018.0798721313477,20.690576553344727
2024-04-10 12:25:25,0.0008423749241046,0.422826737165451,19.171875,0.0006849548663012,0.4131329655647278,18.9609375,19.2596435546875,0.4501249492168426,1018.1027889251708,20.67145347595215
2024-04-10 12:25:30,0.0008423749241046,0.422826737165451,19.171875,0.0004818451416213,0.4131329655647278,18.953125,19.2586669921875,0.4501249492168426,1018.1027889251708,20.665170669555664
2024-04-10 12:25:35,0.0008181089069694,0.422826737165451,19.1796875,0.0004818451416213,0.4131329655647278,18.953125,19.2586669921875,0.4501249492168426,1018.120584487915,20.665170669555664
2024-04-10 12:25:40,0.0008884112467058,0.4612655341625213,19.203125,0.0004818451416213,0.4131329655647278,18.953125,19.27618408203125,0.4501249492168426,1018.120584487915,20.67843437194824
2024-04-10 12:25:45,0.0008884112467058,0.4612655341625213,19.203125,0.0005021844408474,0.4506905078887939,18.9765625,19.30889892578125,0.4501249492168426,1018.120927810669,20.666561126708984
2024-04-10 12:25:50,0.0010228672763332,0.4612655341625213,19.203125,0.0005021844408474,0.4506905078887939,18.9765625,19.30889892578125,0.4501249492168426,1018.0446243286132,20.666561126708984
2024-04-10 12:25:55,0.0010228672763332,0.4612655341625213,19.203125,0.0004502994415815,0.4506905078887939,18.9921875,19.244415283203125,0.4501249492168426,1018.0446243286132,20.626781463623047
2024-04-10 12:26:00,0.0008795160101726,0.422826737165451,19.1953125,0.0004502994415815,0.4506905078887939,18.9921875,19.27508544921875,0.4501249492168426,1018.0827331542968,20.626781463623047
2024-04-10 12:26:05,0.0009740950190462,0.4997043311595917,19.203125,0.0004089046269655,0.4506905078887939,18.9765625,19.27508544921875,0.4501249492168426,1018.0827331542968,20.620018005371094
2024-04-10 12:26:10,0.0009740950190462,0.4997043311595917,19.203125,0.0007254733936861,0.4506905078887939,19.0,19.265411376953125,0.4501249492168426,1018.0766105651855,20.622501373291016
2024-04-10 12:26:15,0.0012182402424514,0.422826737165451,19.1953125,0.0007254733936861,0.4506905078887939,19.0,19.2962646484375,0.4501249492168426,1018.0479145050048,20.622501373291016
2024-04-10 12:26:20,0.0007034429581835,0.422826737165451,19.2109375,0.000897551944945,0.4506905078887939,18.9921875,19.2962646484375,0.4513247609138489,1018.0479145050048,20.58463287353516
2024-04-10 12:26:25,0.0007034429581835,0.422826737165451,19.2109375,0.0006842590519227,0.4131329655647278,18.9765625,19.23883056640625,0.4513247609138489,1018.079071044922,20.58463287353516
2024-04-10 12:26:30,0.0016201450489461,0.4612655341625213,19.2265625,0.0006842590519227,0.4131329655647278,18.9765625,19.24200439453125,0.4513247609138489,1018.0355262756348,20.585050582885746
2024-04-10 12:26:35,0.0016201450489461,0.4612655341625213,19.2265625,0.0004928211565129,0.3755754232406616,19.0,19.24200439453125,0.4513247609138489,1018.0355262756348,20.56281471252441
2024-04-10 12:26:40,0.000791685830336,0.4612655341625213,19.2109375,0.0004928211565129,0.3755754232406616,19.0,19.28466796875,0.4513247609138489,1018.085765838623,20.56281471252441
2024-04-10 12:26:45,0.0008437864016741,0.4997043311595917,19.21875,0.0006698587094433,0.4506905078887939,18.9921875,19.28466796875,0.4513247609138489,1018.085765838623,20.56415367126465
2024-04-10 12:26:50,0.0008437864016741,0.4997043311595917,19.21875,0.0003389400953892,0.4131329655647278,19.0,19.27304077148437,0.4513247609138489,1018.0908012390136,20.54065322875977
2024-04-10 12:26:55,0.0009095371933653,0.4612655341625213,19.21875,0.0003389400953892,0.4131329655647278,19.0,19.220672607421875,0.4513247609138489,1018.0354976654052,20.54065322875977
2024-04-10 12:27:00,0.001114701735787,0.422826737165451,19.2265625,0.0007599885575473,0.4131329655647278,19.0078125,19.220672607421875,0.4513247609138489,1018.0354976654052,20.53489112854004
2024-04-10 12:27:05,0.001114701735787,0.422826737165451,19.2265625,0.0007599885575473,0.4131329655647278,19.0078125,19.20834350585937,0.4513247609138489,1018.0918884277344,20.53489112854004
2024-04-10 12:27:10,0.0010103171225637,0.422826737165451,19.234375,0.0004143970145378,0.4506905078887939,19.0078125,19.1793212890625,0.4513247609138489,1018.074550628662,20.529346466064453
2024-04-10 12:27:15,0.0010103171225637,0.422826737165451,19.234375,0.0004375107237137,0.3755754232406616,18.9921875,19.1793212890625,0.4513247609138489,1018.074550628662,20.529346466064453
2024-04-10 12:27:20,0.0009007239132188,0.422826737165451,19.203125,0.0004375107237137,0.3755754232406616,18.9921875,19.21942138671875,0.4513247609138489,1018.0166721343994,20.52458000183105
2024-04-10 12:27:25,0.0010969513095915,0.422826737165451,19.203125,0.0007349427323788,0.4131329655647278,19.0,19.21942138671875,0.4505021870136261,1018.0166721343994,20.48738670349121
2024-04-10 12:27:30,0.0010969513095915,0.422826737165451,19.203125,0.0004415536823216,0.4131329655647278,18.9921875,19.178619384765625,0.4505021870136261,1018.0745792388916,20.484731674194336
2024-04-10 12:27:35,0.0018991283141076,0.4612655341625213,19.2265625,0.0004415536823216,0.4131329655647278,18.9921875,19.170318603515625,0.4505021870136261,1017.946605682373,20.484731674194336
2024-04-10 12:27:40,0.0018991283141076,0.4612655341625213,19.2265625,0.000370486814063,0.4131329655647278,19.015625,19.170318603515625,0.4505021870136261,1017.946605682373,20.48530387878418
2024-04-10 12:27:45,0.0013360766461119,0.4612655341625213,19.21875,0.0006521710893139,0.4506905078887939,18.9921875,19.15496826171875,0.4505021870136261,1018.0577278137208,20.480995178222656
2024-04-10 12:27:50,0.0010982886888086,0.422826737165451,19.2109375,0.0006521710893139,0.4506905078887939,18.9921875,19.15496826171875,0.4505021870136261,1018.0824184417723,20.480995178222656
2024-04-10 12:27:55,0.0010982886888086,0.422826737165451,19.2109375,0.0004867612733505,0.4131329655647278,19.0390625,19.129638671875,0.4505021870136261,1018.0824184417723,20.47442626953125
2024-04-10 12:28:00,0.0009729574667289,0.4612655341625213,19.234375,0.0004867612733505,0.4131329655647278,19.0390625,19.15570068359375,0.4505021870136261,1018.0349540710448,20.47442626953125
2024-04-10 12:28:05,0.0008942882413975,0.422826737165451,19.203125,0.0007290664943866,0.4131329655647278,18.984375,19.15570068359375,0.4505021870136261,1018.0753803253174,20.47624015808105
2024-04-10 12:28:10,0.0008942882413975,0.422826737165451,19.203125,0.0008002632530406,0.4131329655647278,18.984375,19.171539306640625,0.4505021870136261,1018.0753803253174,20.475078582763672
2024-04-10 12:28:15,0.0010625709546729,0.6918982863426208,19.2109375,0.0008002632530406,0.4131329655647278,18.984375,19.09286499023437,0.4505021870136261,1017.8830909729004,20.475078582763672
2024-04-10 12:28:20,0.0010625709546729,0.6918982863426208,19.2109375,0.0007520733051933,0.4131329655647278,18.9765625,19.09286499023437,0.4536112248897552,1017.8830909729004,20.46406364440918
2024-04-10 12:28:25,0.0010066253598779,0.4612655341625213,19.203125,0.0007520733051933,0.4131329655647278,18.9765625,19.092742919921875,0.4536112248897552,1018.0393886566162,20.46406364440918
2024-04-10 12:28:30,0.000964124687016,0.4612655341625213,19.203125,0.000412893568864,0.4882480502128601,18.984375,19.092742919921875,0.4536112248897552,1018.0257415771484,20.469968795776367
2024-04-10 12:28:35,0.000964124687016,0.4612655341625213,19.203125,0.0011719341855496,0.4131329655647278,18.96875,19.114654541015625,0.4536112248897552,1018.0257415771484,20.47403717041016
2024-04-10 12:28:40,0.0010065925307571,0.4612655341625213,19.2109375,0.0011719341855496,0.4131329655647278,18.96875,19.114654541015625,0.4536112248897552,1018.075065612793,20.47403717041016
2024-04-10 12:28:45,0.0013334454270079,0.422826737165451,19.1953125,0.0005096577224321,0.4882480502128601,18.96875,19.121063232421875,0.4536112248897552,1018.075065612793,20.474740982055664
2024-04-10 12:28:50,0.0013334454270079,0.422826737165451,19.1953125,0.0005022730329073,0.4506905078887939,18.96875,19.0931396484375,0.4536112248897552,1018.1158638000488,20.471519470214844
2024-04-10 12:28:55,0.0007500550127588,0.422826737165451,19.2109375,0.0005022730329073,0.4506905078887939,18.96875,19.130584716796875,0.4536112248897552,1018.1271934509276,20.471519470214844
2024-04-10 12:29:00,0.0011543692089617,0.4612655341625213,19.1875,0.0003520484024193,0.4506905078887939,18.96875,19.130584716796875,0.4536112248897552,1018.1271934509276,20.43154525756836
2024-04-10 12:29:05,0.0011543692089617,0.4612655341625213,19.1875,0.0003520484024193,0.4506905078887939,18.96875,19.151031494140625,0.4536112248897552,1018.124361038208,20.43154525756836
2024-04-10 12:29:10,0.0012786488514393,0.4997043311595917,19.203125,0.0004660853592213,0.4131329655647278,18.9921875,19.151031494140625,0.4536112248897552,1018.1082248687744,20.43060111999512
2024-04-10 12:29:15,0.0012786488514393,0.4997043311595917,19.203125,0.0005118325934745,0.4506905078887939,18.96875,19.111053466796875,0.4536112248897552,1018.1082248687744,20.437164306640625
2024-04-10 12:29:20,0.0007595708011649,0.422826737165451,19.1875,0.0005118325934745,0.4506905078887939,18.96875,19.175506591796875,0.4496458768844604,1018.0891418457032,20.437164306640625
2024-04-10 12:29:25,0.0010003641946241,0.4997043311595917,19.1953125,0.0003514886484481,0.4131329655647278,18.984375,19.175506591796875,0.4496458768844604,1018.0706596374512,20.44105529785156
2024-04-10 12:29:30,0.0010003641946241,0.4997043311595917,19.1953125,0.0006031717639416,0.4131329655647278,18.96875,19.2030029296875,0.4496458768844604,1018.0706596374512,20.44194221496582
2024-04-10 12:29:35,0.0010805448982864,0.4612655341625213,19.2109375,0.0006031717639416,0.4131329655647278,18.96875,19.126708984375,0.4496458768844604,1018.0033683776855,20.44194221496582
2024-04-10 12:29:40,0.0013522132067009,0.422826737165451,19.2109375,0.0003946354845538,0.4131329655647278,18.9765625,19.126708984375,0.4496458768844604,1018.0033683776855,20.441038131713867
2024-04-10 12:29:45,0.0013522132067009,0.422826737165451,19.2109375,0.000720243435353,0.4882480502128601,18.9921875,19.122955322265625,0.4496458768844604,1018.0568981170654,20.40624237060547
2024-04-10 12:29:50,0.0010655570076778,0.5381430983543396,19.21875,0.000720243435353,0.4882480502128601,18.9921875,19.122955322265625,0.4496458768844604,1018.0568981170654,20.40624237060547
2024-04-10 12:29:55,0.0010655570076778,0.5381430983543396,19.21875,0.0003731094184331,0.4506905078887939,18.9921875,19.1514892578125,0.4496458768844604,1018.0641651153564,20.40884017944336
2024-04-10 12:30:00,0.0007725670584477,0.4612655341625213,19.203125,0.0003731094184331,0.4506905078887939,18.9921875,19.172760009765625,0.4496458768844604,1018.080759048462,20.40884017944336
2024-04-10 12:30:05,0.0009108769590966,0.4612655341625213,19.1953125,0.0004448345280252,0.4131329655647278,19.0,19.172760009765625,0.4496458768844604,1018.1084823608398,20.420089721679688
2024-04-10 12:30:10,0.0009108769590966,0.4612655341625213,19.1953125,0.0004156421637162,0.4131329655647278,18.9921875,19.2413330078125,0.4496458768844604,1018.1084823608398,20.420089721679688
2024-04-10 12:30:15,0.001439242856577,0.4612655341625213,19.203125,0.0004156421637162,0.4131329655647278,18.9921875,19.24737548828125,0.4496458768844604,1018.0852508544922,20.427677154541016
2024-04-10 12:30:20,0.000830597244203,0.7687759399414062,19.1953125,0.0006464827456511,0.4131329655647278,18.9921875,19.24737548828125,0.4516080021858215,1018.0852508544922,20.417200088500977
2024-04-10 12:30:25,0.000830597244203,0.7687759399414062,19.1953125,0.0006464827456511,0.4131329655647278,18.9921875,19.21392822265625,0.4516080021858215,1018.1093978881836,20.414888381958008
2024-04-10 12:30:30,0.0009753553313203,0.422826737165451,19.2109375,0.0006943803746253,0.4882480502128601,18.9921875,19.241973876953125,0.4516080021858215,1018.0996131896972,20.414888381958008
2024-04-10 12:30:35,0.0009753553313203,0.422826737165451,19.2109375,0.0006323390989564,0.4506905078887939,18.984375,19.241973876953125,0.4516080021858215,1018.0996131896972,20.43519592285156
2024-04-10 12:30:40,0.001316639361903,0.422826737165451,19.21875,0.0006323390989564,0.4506905078887939,18.984375,19.273681640625,0.4516080021858215,1018.1057929992676,20.43519592285156
2024-04-10 12:30:45,0.0009759209351614,0.4612655341625213,19.21875,0.0006213521701283,0.4131329655647278,19.0234375,19.273681640625,0.4516080021858215,1018.1057929992676,20.42688751220703
2024-04-10 12:30:50,0.0009759209351614,0.4612655341625213,19.21875,0.0004320028820075,0.4882480502128601,19.0078125,19.278350830078125,0.4516080021858215,1018.1345176696776,20.434600830078125
2024-04-10 12:30:55,0.0009612842695787,0.4612655341625213,19.2265625,0.0004320028820075,0.4882480502128601,19.0078125,19.29037475585937,0.4516080021858215,1018.117094039917,20.434600830078125
2024-04-10 12:31:00,0.0008635753183625,0.422826737165451,19.2421875,0.0004832884878851,0.4882480502128601,19.0234375,19.29037475585937,0.4516080021858215,1018.117094039917,20.45413017272949
2024-04-10 12:31:05,0.0008635753183625,0.422826737165451,19.2421875,0.0004832884878851,0.4882480502128601,19.0234375,19.317657470703125,0.4516080021858215,1018.0856513977052,20.45413017272949
2024-04-10 12:31:10,0.0012541853357106,0.4612655341625213,19.2265625,0.0006166938110254,0.4882480502128601,19.0234375,19.278717041015625,0.4516080021858215,1018.1307411193848,20.46730232238769
2024-04-10 12:31:15,0.0012541853357106,0.4612655341625213,19.2265625,0.0003684128460008,0.4131329655647278,18.9921875,19.278717041015625,0.4516080021858215,1018.1307411193848,20.4672794342041
2024-04-10 12:31:20,0.0008631640230305,0.4612655341625213,19.21875,0.0003684128460008,0.4131329655647278,18.9921875,19.307861328125,0.447676420211792,1018.1060218811036,20.4672794342041
2024-04-10 12:31:25,0.0013658495154231,0.4997043311595917,19.2734375,0.0005065705627202,0.4506905078887939,19.0078125,19.307861328125,0.447676420211792,1018.1060218811036,20.48764419555664
2024-04-10 12:31:30,0.0013658495154231,0.4997043311595917,19.2734375,0.0008063953137025,0.4131329655647278,19.0390625,19.266998291015625,0.447676420211792,1018.1365776062012,20.49901390075684
2024-04-10 12:31:35,0.0008571994840167,0.4612655341625213,19.25,0.0008063953137025,0.4131329655647278,19.0390625,19.267333984375,0.447676420211792,1018.1292819976808,20.49901390075684
2024-04-10 12:31:40,0.001303810160607,0.4612655341625213,19.265625,0.0005005456623621,0.4506905078887939,19.0078125,19.267333984375,0.447676420211792,1018.1292819976808,20.502206802368164
2024-04-10 12:31:45,0.001303810160607,0.4612655341625213,19.265625,0.0003210118447896,0.4882480502128601,19.0390625,19.3372802734375,0.447676420211792,1018.1141185760498,20.512775421142575
2024-04-10 12:31:50,0.0008022868423722,0.422826737165451,19.265625,0.0003210118447896,0.4882480502128601,19.0390625,19.3372802734375,0.447676420211792,1018.1141185760498,20.512775421142575
2024-04-10 12:31:55,0.0008022868423722,0.422826737165451,19.265625,0.0006283090333454,0.4506905078887939,19.0234375,19.341552734375,0.447676420211792,1018.106451034546,20.524024963378903
2024-04-10 12:32:00,0.0008022868423722,0.422826737165451,19.265625,0.0006283090333454,0.4506905078887939,19.0234375,19.3792724609375,0.447676420211792,1018.0724620819092,20.524024963378903
2024-04-10 12:32:05,0.0010999268852174,0.4612655341625213,19.25,0.0007272261427715,0.4506905078887939,19.0625,19.3792724609375,0.447676420211792,1018.0724620819092,20.54433822631836
2024-04-10 12:32:10,0.0010999268852174,0.4612655341625213,19.25,0.0003256227064412,0.4506905078887939,19.0546875,19.382568359375,0.447676420211792,1018.0938911437988,20.54433822631836
2024-04-10 12:32:15,0.0013731415383517,0.4612655341625213,19.265625,0.0003256227064412,0.4506905078887939,19.0546875,19.382568359375,0.447676420211792,1018.0703735351562,20.534015655517575
2024-04-10 12:32:20,0.0011727676028385,0.422826737165451,19.2890625,0.0008163572638295,0.5258055925369263,19.046875,19.379180908203125,0.4508089423179626,1018.0703735351562,20.535629272460938
2024-04-10 12:32:25,0.0011727676028385,0.422826737165451,19.2890625,0.0008163572638295,0.5258055925369263,19.046875,19.39483642578125,0.4508089423179626,1018.1028747558594,20.535629272460938
2024-04-10 12:32:30,0.0010637722443789,0.4612655341625213,19.2734375,0.0007181628607213,0.4506905078887939,19.0625,19.402618408203125,0.4508089423179626,1018.1028747558594,20.54840087890625
2024-04-10 12:32:35,0.0010637722443789,0.4612655341625213,19.2734375,0.0006466513150371,0.4131329655647278,19.0546875,19.402618408203125,0.4508089423179626,1018.0778980255128,20.554088592529297
2024-04-10 12:32:40,0.0010183044942095,0.4612655341625213,19.2890625,0.0006466513150371,0.4131329655647278,19.0546875,19.4454345703125,0.4508089423179626,1018.1037616729736,20.554088592529297
2024-04-10 12:32:45,0.0007358447765,0.4612655341625213,19.28125,0.0006259505171328,0.4506905078887939,19.03125,19.4454345703125,0.4508089423179626,1018.1056213378906,20.545116424560547
2024-04-10 12:32:50,0.0007358447765,0.4612655341625213,19.28125,0.0010408618254587,0.4882480502128601,19.0703125,19.469635009765625,0.4508089423179626,1018.1056213378906,20.52570152282715
2024-04-10 12:32:55,0.0011576014803722,0.422826737165451,19.2890625,0.0010408618254587,0.4882480502128601,19.0703125,19.469635009765625,0.4508089423179626,1018.1020164489746,20.52570152282715
2024-04-10 12:33:00,0.0009130051475949,0.422826737165451,19.3203125,0.0005167387425899,0.4882480502128601,19.0859375,19.429168701171875,0.4508089423179626,1018.1020164489746,20.51432037353516
2024-04-10 12:33:05,0.0009130051475949,0.422826737165451,19.3203125,0.0003702613757923,0.5258055925369263,19.078125,19.438934326171875,0.4508089423179626,1018.0529499053956,20.506572723388672
2024-04-10 12:33:10,0.0009715827764011,0.4612655341625213,19.296875,0.0003702613757923,0.5258055925369263,19.078125,19.438934326171875,0.4508089423179626,1018.0855083465576,20.506572723388672
2024-04-10 12:33:15,0.0009715827764011,0.4612655341625213,19.296875,0.0007264201994985,0.4506905078887939,19.09375,19.431854248046875,0.4508089423179626,1018.0855083465576,20.504621505737305
2024-04-10 12:33:20,0.0010311182122677,0.422826737165451,19.296875,0.0007264201994985,0.4506905078887939,19.09375,19.47491455078125,0.4460282921791076,1018.0578994750977,20.504621505737305
2024-04-10 12:33:25,0.0012991116382181,0.4612655341625213,19.3203125,0.0006932383403182,0.4506905078887939,19.1015625,19.47491455078125,0.4460282921791076,1018.0578994750977,20.502973556518555
2024-04-10 12:33:30,0.0012991116382181,0.4612655341625213,19.3203125,0.0005738309700973,0.4506905078887939,19.09375,19.44329833984375,0.4460282921791076,1018.0725479125977,20.502086639404297
2024-04-10 12:33:35,0.0014103919966146,0.4612655341625213,19.3125,0.0005738309700973,0.4506905078887939,19.09375,19.4442138671875,0.4460282921791076,1018.1188106536864,20.502086639404297
2024-04-10 12:33:40,0.0012081625172868,0.4612655341625213,19.328125,0.0006437496049329,0.4882480502128601,19.09375,19.4442138671875,0.4460282921791076,1018.1188106536864,20.51119613647461
2024-04-10 12:33:45,0.0012081625172868,0.4612655341625213,19.328125,0.0005390457226894,0.4506905078887939,19.125,19.46859741210937,0.4460282921791076,1018.076982498169,20.51119613647461
2024-04-10 12:33:50,0.0015258063795045,0.422826737165451,19.328125,0.0005390457226894,0.4506905078887939,19.125,19.46859741210937,0.4460282921791076,1018.04705619812,20.53588104248047
2024-04-10 12:33:55,0.0015258063795045,0.422826737165451,19.328125,0.0005224549677222,0.4506905078887939,19.0859375,19.4808349609375,0.4460282921791076,1018.04705619812,20.545459747314453
2024-04-10 12:34:00,0.0010307130869477,0.4612655341625213,19.3671875,0.0005224549677222,0.4506905078887939,19.0859375,19.45062255859375,0.4460282921791076,1018.0738925933838,20.545459747314453
2024-04-10 12:34:05,0.0011507179588079,0.422826737165451,19.359375,0.0006068846560083,0.4506905078887939,19.109375,19.45062255859375,0.4460282921791076,1018.0738925933838,20.56473159790039
2024-04-10 12:34:10,0.0011507179588079,0.422826737165451,19.359375,0.0006602376815862,0.4882480502128601,19.125,19.479156494140625,0.4460282921791076,1018.1049346923828,20.56473159790039
2024-04-10 12:34:15,0.0007204882567748,0.4997043311595917,19.3515625,0.0006602376815862,0.4882480502128601,19.125,19.54150390625,0.4460282921791076,1018.07692527771,20.56718063354492
2024-04-10 12:34:20,0.0008662847685627,0.4612655341625213,19.3515625,0.000501885486301,0.4882480502128601,19.125,19.54150390625,0.4503605365753174,1018.07692527771,20.58442687988281
2024-04-10 12:34:25,0.0008662847685627,0.4612655341625213,19.3515625,0.0004076674231328,0.4506905078887939,19.09375,19.469879150390625,0.4503605365753174,1018.102617263794,20.58442687988281
2024-04-10 12:34:30,0.0008662847685627,0.4612655341625213,19.3515625,0.0004076674231328,0.4506905078887939,19.09375,19.48153686523437,0.4503605365753174,1018.097038269043,20.57877922058105
2024-04-10 12:34:35,0.0010105555411428,0.4612655341625213,19.34375,0.0007265841704793,0.4506905078887939,19.1015625,19.48153686523437,0.4503605365753174,1018.097038269043,20.59337615966797
2024-04-10 12:34:40,0.0010950869182124,0.5381430983543396,19.359375,0.0007265841704793,0.4506905078887939,19.1015625,19.46444702148437,0.4503605365753174,1018.0680847167968,20.59337615966797
2024-04-10 12:34:45,0.0011367495171725,0.422826737165451,19.359375,0.000573405646719,0.4131329655647278,19.1484375,19.46444702148437,0.4503605365753174,1018.012809753418,20.608413696289062
2024-04-10 12:34:50,0.0011367495171725,0.422826737165451,19.359375,0.0005048631574027,0.4506905078887939,19.125,19.443115234375,0.4503605365753174,1018.012809753418,20.622426986694336
2024-04-10 12:34:55,0.0009155182051472,0.4612655341625213,19.375,0.0005048631574027,0.4506905078887939,19.125,19.39898681640625,0.4503605365753174,1018.007116317749,20.622426986694336
2024-04-10 12:35:00,0.0009155182051472,0.4612655341625213,19.375,0.000529100827407,0.4131329655647278,19.140625,19.39898681640625,0.4503605365753174,1018.007116317749,20.63504409790039
2024-04-10 12:35:05,0.0009891160298138,0.4612655341625213,19.3671875,0.0008181509329006,0.4131329655647278,19.15625,19.449432373046875,0.4503605365753174,1018.0300331115724,20.642396926879883
2024-04-10 12:35:10,0.0012254883768036,0.4612655341625213,19.390625,0.0008181509329006,0.4131329655647278,19.15625,19.449432373046875,0.4503605365753174,1018.0300331115724,20.642396926879883
2024-04-10 12:35:15,0.0012254883768036,0.4612655341625213,19.390625,0.0004969807923771,0.4506905078887939,19.140625,19.44598388671875,0.4503605365753174,1018.0057430267334,20.67177391052246
2024-04-10 12:35:20,0.0009706566343083,0.4997043311595917,19.390625,0.0004969807923771,0.4506905078887939,19.140625,19.44598388671875,0.4467162191867828,1018.0737495422364,20.67177391052246
2024-04-10 12:35:25,0.0008620538283139,0.4612655341625213,19.375,0.0008405030239373,0.4882480502128601,19.15625,19.386260986328125,0.4467162191867828,1018.0737495422364,20.644954681396484
2024-04-10 12:35:30,0.0008620538283139,0.4612655341625213,19.375,0.0003813827934209,0.4131329655647278,19.1640625,19.464385986328125,0.4467162191867828,1018.0759811401368,20.64903450012207
2024-04-10 12:35:35,0.001263981917873,0.422826737165451,19.375,0.0003813827934209,0.4131329655647278,19.1640625,19.464385986328125,0.4467162191867828,1018.127908706665,20.64903450012207
2024-04-10 12:35:40,0.0011748023098334,0.422826737165451,19.3984375,0.000553022720851,0.4131329655647278,19.1640625,19.409698486328125,0.4467162191867828,1018.127908706665,20.672792434692383
2024-04-10 12:35:45,0.0011748023098334,0.422826737165451,19.3984375,0.0007449223776347,0.4506905078887939,19.1484375,19.414764404296875,0.4467162191867828,1018.144187927246,20.672792434692383
2024-04-10 12:35:50,0.0013128902064636,0.4997043311595917,19.390625,0.0007449223776347,0.4506905078887939,19.1484375,19.414764404296875,0.4467162191867828,1018.0851364135742,20.671836853027344
2024-04-10 12:35:55,0.0013128902064636,0.4997043311595917,19.390625,0.0008753014844842,0.4882480502128601,19.1640625,19.439117431640625,0.4467162191867828,1018.0851364135742,20.68038558959961
2024-04-10 12:36:00,0.0011803709203377,0.4997043311595917,19.40625,0.0008753014844842,0.4882480502128601,19.1640625,19.40936279296875,0.4467162191867828,1018.1337738037108,20.68038558959961
2024-04-10 12:36:05,0.0013166031567379,0.422826737165451,19.390625,0.0008753014844842,0.4882480502128601,19.1640625,19.40936279296875,0.4467162191867828,1018.1337738037108,20.675636291503903
2024-04-10 12:36:10,0.0013166031567379,0.422826737165451,19.390625,0.0005660610040649,0.4882480502128601,19.1640625,19.44219970703125,0.4467162191867828,1018.1348609924316,20.67437744140625
2024-04-10 12:36:15,0.0008787431870587,0.4612655341625213,19.3984375,0.0005660610040649,0.4882480502128601,19.1640625,19.419647216796875,0.4467162191867828,1018.1359767913818,20.67437744140625
2024-04-10 12:36:20,0.0010514678433537,0.422826737165451,19.3828125,0.0006032634410075,0.4882480502128601,19.15625,19.419647216796875,0.4509971141815185,1018.1359767913818,20.683652877807617
2024-04-10 12:36:25,0.0010514678433537,0.422826737165451,19.3828125,0.0007600802928209,0.4506905078887939,19.15625,19.41693115234375,0.4509971141815185,1018.1100845336914,20.683652877807617
2024-04-10 12:36:30,0.0011229921365156,0.422826737165451,19.3828125,0.0007600802928209,0.4506905078887939,19.15625,19.41693115234375,0.4509971141815185,1018.1456756591796,20.678863525390625
2024-04-10 12:36:35,0.0011229921365156,0.422826737165451,19.3828125,0.00075807236135,0.4882480502128601,19.15625,19.40704345703125,0.4509971141815185,1018.1456756591796,20.68023109436035
2024-04-10 12:36:40,0.0008346248650923,0.422826737165451,19.40625,0.00075807236135,0.4882480502128601,19.15625,19.447723388671875,0.4509971141815185,1018.1711101531982,20.68023109436035
2024-04-10 12:36:45,0.000873387325555,0.4997043311595917,19.3984375,0.0007549980655312,0.4131329655647278,19.171875,19.447723388671875,0.4509971141815185,1018.1711101531982,20.693981170654297
2024-04-10 12:36:50,0.000873387325555,0.4997043311595917,19.3984375,0.0007285652682185,0.4506905078887939,19.171875,19.50396728515625,0.4509971141815185,1018.117094039917,20.69236183166504
2024-04-10 12:36:55,0.0013001812621951,0.422826737165451,19.4296875,0.0007285652682185,0.4506905078887939,19.171875,19.49032592773437,0.4509971141815185,1018.0776119232178,20.69236183166504
2024-04-10 12:37:00,0.0009382076677866,0.4612655341625213,19.3828125,0.0004595376085489,0.4506905078887939,19.1796875,19.49032592773437,0.4509971141815185,1018.0776119232178,20.701889038085938
2024-04-10 12:37:05,0.0009382076677866,0.4612655341625213,19.3828125,0.0008510118350386,0.4506905078887939,19.171875,19.4580078125,0.4509971141815185,1018.1036472320556,20.701889038085938
2024-04-10 12:37:10,0.0011096970411017,0.4997043311595917,19.3984375,0.0008510118350386,0.4506905078887939,19.171875,19.4580078125,0.4509971141815185,1018.1036472320556,20.713293075561523
2024-04-10 12:37:15,0.0011096970411017,0.4997043311595917,19.3984375,0.0004334647092036,0.4506905078887939,19.1796875,19.454864501953125,0.4509971141815185,1018.1862449645996,20.726402282714844
2024-04-10 12:37:20,0.0010992708848789,0.4612655341625213,19.4296875,0.0004334647092036,0.4506905078887939,19.1796875,19.437957763671875,0.4432699680328369,1018.1547164916992,20.726402282714844
2024-04-10 12:37:25,0.0009227800182998,0.4612655341625213,19.4296875,0.0007270107162185,0.4506905078887939,19.1875,19.437957763671875,0.4432699680328369,1018.1547164916992,20.73563766479492
2024-04-10 12:37:30,0.0009227800182998,0.4612655341625213,19.4296875,0.000640457146801,0.4131329655647278,19.1875,19.437957763671875,0.4432699680328369,1018.1097984313964,20.73563766479492
2024-04-10 12:37:35,0.0011680416064336,0.4612655341625213,19.4296875,0.000640457146801,0.4131329655647278,19.1875,19.45269775390625,0.4432699680328369,1018.1345748901368,20.74673843383789
2024-04-10 12:37:40,0.0010489065898582,0.4612655341625213,19.421875,0.0005587635678239,0.4506905078887939,19.1875,19.45269775390625,0.4432699680328369,1018.1345748901368,20.760574340820312
2024-04-10 12:37:45,0.0010489065898582,0.4612655341625213,19.421875,0.0006055788253434,0.4131329655647278,19.171875,19.419342041015625,0.4432699680328369,1018.0888557434082,20.760574340820312
2024-04-10 12:37:50,0.001165319699794,0.422826737165451,19.4453125,0.0006055788253434,0.4131329655647278,19.171875,19.419342041015625,0.4432699680328369,1018.152313232422,20.76033973693848
2024-04-10 12:37:55,0.001165319699794,0.422826737165451,19.4453125,0.0006994833238422,0.4506905078887939,19.1796875,19.40081787109375,0.4432699680328369,1018.152313232422,20.770994186401367
2024-04-10 12:38:00,0.0007929296698421,0.4612655341625213,19.4140625,0.0006994833238422,0.4506905078887939,19.1796875,19.32763671875,0.4432699680328369,1018.1630420684814,20.770994186401367
2024-04-10 12:38:05,0.0009569639223627,0.5381430983543396,19.421875,0.000379791134037,0.4882480502128601,19.1796875,19.32763671875,0.4432699680328369,1018.1630420684814,20.762331008911133
2024-04-10 12:38:10,0.0009569639223627,0.5381430983543396,19.421875,0.0005073556676506,0.4882480502128601,19.1640625,19.360504150390625,0.4432699680328369,1018.1466197967528,20.76548385620117
2024-04-10 12:38:15,0.0013811729149892,0.4612655341625213,19.4140625,0.0005073556676506,0.4882480502128601,19.1640625,19.418853759765625,0.4432699680328369,1018.1411838531494,20.76548385620117
2024-04-10 12:38:20,0.0011925145518034,0.4612655341625213,19.4296875,0.0007936133770272,0.4131329655647278,19.1796875,19.418853759765625,0.4514458477497101,1018.1411838531494,20.768573760986328
2024-04-10 12:38:25,0.0011925145518034,0.4612655341625213,19.4296875,0.0007936133770272,0.4131329655647278,19.1796875,19.418853759765625,0.4514458477497101,1018.1124591827391,20.768573760986328
2024-04-10 12:38:30,0.0010937832994386,0.4612655341625213,19.421875,0.0006216992624104,0.4131329655647278,19.15625,19.44683837890625,0.4514458477497101,1018.1599807739258,20.75519561767578
2024-04-10 12:38:35,0.0010937832994386,0.4612655341625213,19.421875,0.0006772466003894,0.4131329655647278,19.1796875,19.3885498046875,0.4514458477497101,1018.1599807739258,20.751916885375977
2024-04-10 12:38:40,0.0009456616826355,0.4612655341625213,19.421875,0.0006772466003894,0.4131329655647278,19.1796875,19.421539306640625,0.4514458477497101,1018.1954288482666,20.751916885375977
2024-04-10 12:38:45,0.0009209331474266,0.4612655341625213,19.421875,0.000472553219879,0.4506905078887939,19.1796875,19.421539306640625,0.4514458477497101,1018.1954288482666,20.753782272338867
2024-04-10 12:38:50,0.0009209331474266,0.4612655341625213,19.421875,0.0007599431555718,0.4882480502128601,19.1875,19.381744384765625,0.4514458477497101,1018.0941772460938,20.753782272338867
2024-04-10 12:38:55,0.0012533316621556,0.5381430983543396,19.421875,0.0007599431555718,0.4882480502128601,19.1875,19.43310546875,0.4514458477497101,1018.120698928833,20.75390243530273
2024-04-10 12:39:00,0.0012023348826915,0.422826737165451,19.3984375,0.0004441639466676,0.4506905078887939,19.1875,19.43310546875,0.4514458477497101,1018.120698928833,20.7514705657959
2024-04-10 12:39:05,0.0012023348826915,0.422826737165451,19.3984375,0.0006951119867153,0.4882480502128601,19.1875,19.43914794921875,0.4514458477497101,1018.129653930664,20.74578857421875
2024-04-10 12:39:10,0.0006569942343048,0.4612655341625213,19.4375,0.0006951119867153,0.4882480502128601,19.1875,19.43914794921875,0.4514458477497101,1018.1617546081544,20.74578857421875
2024-04-10 12:39:15,0.0006569942343048,0.4612655341625213,19.4375,0.0009021243313327,0.4131329655647278,19.1875,19.43734741210937,0.4514458477497101,1018.1617546081544,20.745250701904297
2024-04-10 12:39:20,0.0009006006876006,0.4612655341625213,19.46875,0.0009021243313327,0.4131329655647278,19.1875,19.420654296875,0.4475888609886169,1018.1295680999756,20.745250701904297
2024-04-10 12:39:25,0.0012057771673426,0.4612655341625213,19.4296875,0.0005041880649514,0.4506905078887939,19.1953125,19.420654296875,0.4475888609886169,1018.1295680999756,20.740678787231445
2024-04-10 12:39:30,0.0012057771673426,0.4612655341625213,19.4296875,0.0003375159576535,0.4506905078887939,19.1875,19.47216796875,0.4475888609886169,1018.1305694580078,20.742589950561523
2024-04-10 12:39:35,0.0013027715031057,0.422826737165451,19.4296875,0.0003375159576535,0.4506905078887939,19.1875,19.47216796875,0.4475888609886169,1018.0847358703612,20.742589950561523
2024-04-10 12:39:40,0.0014465503627434,0.422826737165451,19.4296875,0.0005841241218149,0.4506905078887939,19.171875,19.47747802734375,0.4475888609886169,1018.0847358703612,20.73956298828125
2024-04-10 12:39:45,0.0014465503627434,0.422826737165451,19.4296875,0.0006810575141571,0.4506905078887939,19.1953125,19.467437744140625,0.4475888609886169,1018.1622123718262,20.73956298828125
2024-04-10 12:39:50,0.0011482941918075,0.4612655341625213,19.4609375,0.0006810575141571,0.4506905078887939,19.1953125,19.467437744140625,0.4475888609886169,1018.1430435180664,20.735414505004883
2024-04-10 12:39:55,0.0011482941918075,0.4612655341625213,19.4609375,0.0006431733490899,0.4506905078887939,19.1953125,19.46673583984375,0.4475888609886169,1018.1430435180664,20.74839782714844
2024-04-10 12:40:00,0.0011244621127843,0.4612655341625213,19.4375,0.0006431733490899,0.4506905078887939,19.1953125,19.442138671875,0.4475888609886169,1018.1103706359864,20.74839782714844
2024-04-10 12:40:05,0.001105596194975,0.4612655341625213,19.453125,0.0007581470999866,0.4131329655647278,19.1796875,19.442138671875,0.4475888609886169,1018.1103706359864,20.73915672302246
2024-04-10 12:40:10,0.001105596194975,0.4612655341625213,19.453125,0.0003892725217156,0.4506905078887939,19.1875,19.3780517578125,0.4475888609886169,1018.1219291687012,20.747791290283203
2024-04-10 12:40:15,0.0015463884919881,0.4612655341625213,19.4453125,0.0003892725217156,0.4506905078887939,19.1875,19.388671875,0.4457586407661438,1018.1219291687012,20.747791290283203
2024-04-10 12:40:20,0.0010155603522434,0.4612655341625213,19.4453125,0.0007164965500123,0.4131329655647278,19.203125,19.388671875,0.4457586407661438,1018.135347366333,20.753358840942383
2024-04-10 12:40:25,0.0010155603522434,0.4612655341625213,19.4453125,0.0005191704258322,0.4506905078887939,19.1953125,19.4041748046875,0.4457586407661438,1018.0795860290528,20.758960723876957
2024-04-10 12:40:30,0.0011079715332016,0.4997043311595917,19.4375,0.0005191704258322,0.4506905078887939,19.1953125,19.401336669921875,0.4457586407661438,1018.14847946167,20.758960723876957
2024-04-10 12:40:35,0.0011079715332016,0.4997043311595917,19.4375,0.0004784366756211,0.4506905078887939,19.1953125,19.401336669921875,0.4457586407661438,1018.14847946167,20.7419376373291
2024-04-10 12:40:40,0.0012550305109471,0.4997043311595917,19.4453125,0.0004784366756211,0.4506905078887939,19.1953125,19.454986572265625,0.4457586407661438,1018.0893993377686,20.7419376373291
2024-04-10 12:40:45,0.0011155728716403,0.4612655341625213,19.4453125,0.000584531459026,0.5258055925369263,19.2109375,19.454986572265625,0.4457586407661438,1018.0893993377686,20.717893600463867
2024-04-10 12:40:50,0.0011155728716403,0.4612655341625213,19.4453125,0.0005095941596664,0.5258055925369263,19.1875,19.47662353515625,0.4457586407661438,1018.0702590942384,20.71412849426269
2024-04-10 12:40:55,0.0012473878450691,0.4997043311595917,19.4609375,0.0005095941596664,0.5258055925369263,19.1875,19.436248779296875,0.4457586407661438,1018.1078243255616,20.71412849426269
2024-04-10 12:41:00,0.0015786222647875,0.4997043311595917,19.4375,0.0003857905976474,0.4506905078887939,19.203125,19.436248779296875,0.4457586407661438,1018.1078243255616,20.703147888183597
2024-04-10 12:41:05,0.0015786222647875,0.4997043311595917,19.4375,0.0005005872808396,0.4131329655647278,19.1953125,19.454864501953125,0.4457586407661438,1018.0849075317384,20.703147888183597
2024-04-10 12:41:10,0.0010554955806583,0.422826737165451,19.4375,0.0005005872808396,0.4131329655647278,19.1953125,19.454864501953125,0.4457586407661438,1018.0926036834716,20.70015525817871
2024-04-10 12:41:15,0.0010554955806583,0.422826737165451,19.4375,0.0004340409941505,0.4506905078887939,19.1953125,19.449249267578125,0.4457586407661438,1018.0926036834716,20.68716049194336
2024-04-10 12:41:20,0.0009510121890343,0.5381430983543396,19.46875,0.0004340409941505,0.4506905078887939,19.1953125,19.453521728515625,0.4479143321514129,1018.0691719055176,20.68716049194336
2024-04-10 12:41:25,0.0008705642540007,0.3843879699707031,19.46875,0.0005933091742917,0.4506905078887939,19.1875,19.453521728515625,0.4479143321514129,1018.0691719055176,20.681306838989254
2024-04-10 12:41:30,0.0008705642540007,0.3843879699707031,19.46875,0.0005933091742917,0.4506905078887939,19.1875,19.391082763671875,0.4479143321514129,1018.1058216094972,20.681306838989254
2024-04-10 12:41:35,0.0009235208854079,0.4997043311595917,19.453125,0.0005470422329381,0.4506905078887939,19.1953125,19.42172241210937,0.4479143321514129,1018.1005859375,20.676414489746094
2024-04-10 12:41:40,0.0009235208854079,0.4997043311595917,19.453125,0.0004775976703967,0.4506905078887939,19.203125,19.42172241210937,0.4479143321514129,1018.1005859375,20.66961097717285
2024-04-10 12:41:45,0.0010560115333646,0.422826737165451,19.4375,0.0004576124192681,0.4506905078887939,19.1953125,19.3917236328125,0.4479143321514129,1018.1152057647704,20.66961097717285
2024-04-10 12:41:50,0.0009180796332657,0.4612655341625213,19.453125,0.0004576124192681,0.4506905078887939,19.1953125,19.4066162109375,0.4479143321514129,1018.1152057647704,20.66481590270996
2024-04-10 12:41:55,0.0009180796332657,0.4612655341625213,19.453125,0.0007255186210386,0.4882480502128601,19.1953125,19.4066162109375,0.4479143321514129,1018.0766105651855,20.67411422729492
2024-04-10 12:42:00,0.0009759253007359,0.4612655341625213,19.4296875,0.0007255186210386,0.4882480502128601,19.1953125,19.4066162109375,0.4479143321514129,1018.067626953125,20.67411422729492
2024-04-10 12:42:05,0.001024208497256,0.422826737165451,19.4453125,0.0007497898768633,0.5258055925369263,19.1953125,19.437255859375,0.4479143321514129,1018.067626953125,20.67207145690918
2024-04-10 12:42:10,0.001024208497256,0.422826737165451,19.4453125,0.0005067971651442,0.4506905078887939,19.21875,19.380767822265625,0.4479143321514129,1018.0833625793456,20.669416427612305
2024-04-10 12:42:15,0.0009095690329559,0.4997043311595917,19.4453125,0.0005067971651442,0.4506905078887939,19.21875,19.46240234375,0.4479143321514129,1018.061933517456,20.669416427612305
2024-04-10 12:42:20,0.0006628446280956,0.4612655341625213,19.4453125,0.0005915260408073,0.4506905078887939,19.203125,19.46240234375,0.4490215182304382,1018.061933517456,20.660558700561523
2024-04-10 12:42:25,0.0006628446280956,0.4612655341625213,19.4453125,0.0005711419507861,0.4882480502128601,19.203125,19.49658203125,0.4490215182304382,1018.087396621704,20.660558700561523
2024-04-10 12:42:30,0.0009416792890988,0.422826737165451,19.4375,0.0005711419507861,0.4882480502128601,19.203125,19.49658203125,0.4490215182304382,1018.087396621704,20.64302062988281
2024-04-10 12:42:35,0.0009416792890988,0.422826737165451,19.4375,0.0005795710603706,0.4882480502128601,19.21875,19.477264404296875,0.4490215182304382,1018.0705738067628,20.64754676818848
2024-04-10 12:42:40,0.0012176833115518,0.4612655341625213,19.4609375,0.0005795710603706,0.4882480502128601,19.21875,19.477264404296875,0.4490215182304382,1018.0705738067628,20.64754676818848
2024-04-10 12:42:45,0.0010881499620154,0.5765819549560547,19.4765625,0.0006553464918397,0.4506905078887939,19.2109375,19.43157958984375,0.4490215182304382,1018.0472278594972,20.649812698364254
2024-04-10 12:42:50,0.0010881499620154,0.5765819549560547,19.4765625,0.0006785068544559,0.4131329655647278,19.21875,19.45452880859375,0.4490215182304382,1018.0851364135742,20.649812698364254
2024-04-10 12:42:55,0.0008244473719969,0.422826737165451,19.4609375,0.0006785068544559,0.4131329655647278,19.21875,19.45452880859375,0.4490215182304382,1018.07523727417,20.65233612060547
2024-04-10 12:43:00,0.0008271060651168,0.422826737165451,19.46875,0.0008622860186733,0.4131329655647278,19.25,19.482696533203125,0.4490215182304382,1018.07523727417,20.65313720703125
2024-04-10 12:43:05,0.0008271060651168,0.422826737165451,19.46875,0.0008622860186733,0.4131329655647278,19.25,19.53021240234375,0.4490215182304382,1018.0994415283204,20.65313720703125
2024-04-10 12:43:10,0.0010741287842392,0.4612655341625213,19.46875,0.0003926751960534,0.4506905078887939,19.2109375,19.53021240234375,0.4490215182304382,1018.1120014190674,20.664226531982425
2024-04-10 12:43:15,0.0010741287842392,0.4612655341625213,19.46875,0.0006146788364276,0.4506905078887939,19.2265625,19.45574951171875,0.4490215182304382,1018.1120014190674,20.66298484802246
2024-04-10 12:43:20,0.0012677700724452,0.4997043311595917,19.484375,0.0006146788364276,0.4506905078887939,19.2265625,19.532623291015625,0.4481209814548492,1018.1069946289062,20.66298484802246
2024-04-10 12:43:25,0.0011090401094406,0.422826737165451,19.453125,0.0007854151772335,0.4506905078887939,19.234375,19.532623291015625,0.4481209814548492,1018.1189823150636,20.6675968170166
2024-04-10 12:43:30,0.0011090401094406,0.422826737165451,19.453125,0.0003185598761774,0.4131329655647278,19.21875,19.524810791015625,0.4481209814548492,1018.1189823150636,20.678714752197266
2024-04-10 12:43:35,0.0008908665040507,0.422826737165451,19.4921875,0.0003185598761774,0.4131329655647278,19.21875,19.490997314453125,0.4481209814548492,1018.145990371704,20.678714752197266
2024-04-10 12:43:40,0.0008205868070945,0.4997043311595917,19.4921875,0.0005535136442631,0.4131329655647278,19.2265625,19.490997314453125,0.4481209814548492,1018.145990371704,20.68821907043457
2024-04-10 12:43:45,0.0008205868070945,0.4997043311595917,19.4921875,0.0005045118741691,0.4131329655647278,19.2265625,19.506988525390625,0.4481209814548492,1018.086280822754,20.69372940063477
2024-04-10 12:43:50,0.0010448293760418,0.4612655341625213,19.46875,0.0005045118741691,0.4131329655647278,19.2265625,19.506988525390625,0.4481209814548492,1018.086280822754,20.69372940063477
2024-04-10 12:43:55,0.0010448293760418,0.4612655341625213,19.46875,0.0005775746540166,0.4506905078887939,19.2265625,19.52880859375,0.4481209814548492,1018.0746364593506,20.685930252075195
2024-04-10 12:44:00,0.0009218385675922,0.4612655341625213,19.484375,0.0005775746540166,0.4506905078887939,19.2265625,19.51010131835937,0.4481209814548492,1018.1198406219482,20.685930252075195
2024-04-10 12:44:05,0.0015866650501266,0.422826737165451,19.4765625,0.0007223205757327,0.4882480502128601,19.234375,19.51010131835937,0.4481209814548492,1018.1198406219482,20.689414978027344
2024-04-10 12:44:10,0.0015866650501266,0.422826737165451,19.4765625,0.0003194501332473,0.4131329655647278,19.2265625,19.44915771484375,0.4481209814548492,1018.0797863006592,20.689414978027344
2024-04-10 12:44:15,0.0009305638959631,0.422826737165451,19.5,0.0003194501332473,0.4131329655647278,19.2265625,19.44793701171875,0.4481209814548492,1018.1187534332277,20.683984756469727
2024-04-10 12:44:20,0.0007792371907271,0.4997043311595917,19.4921875,0.0007488055271096,0.4506905078887939,19.234375,19.44793701171875,0.4422781467437744,1018.1187534332277,20.690135955810547
2024-04-10 12:44:25,0.0007792371907271,0.4997043311595917,19.4921875,0.0004975472693331,0.4131329655647278,19.234375,19.4801025390625,0.4422781467437744,1018.0995845794678,20.690135955810547
2024-04-10 12:44:30,0.0008826089906506,0.4612655341625213,19.4765625,0.0004975472693331,0.4131329655647278,19.234375,19.441314697265625,0.4422781467437744,1018.0995845794678,20.697322845458984
2024-04-10 12:44:35,0.0008826089906506,0.4612655341625213,19.4765625,0.0005931087653152,0.4131329655647278,19.2421875,19.441314697265625,0.4422781467437744,1018.0401039123536,20.686885833740234
2024-04-10 12:44:40,0.0009882145095616,0.4612655341625213,19.5,0.0005931087653152,0.4131329655647278,19.2421875,19.3900146484375,0.4422781467437744,1018.0401039123536,20.686885833740234
2024-04-10 12:44:45,0.0007734922110103,0.422826737165451,19.4765625,0.0004184943099971,0.4882480502128601,19.21875,19.3900146484375,0.4422781467437744,1018.1291675567628,20.67647171020508
2024-04-10 12:44:50,0.0007734922110103,0.422826737165451,19.4765625,0.0009679399663582,0.4506905078887939,19.2578125,19.472564697265625,0.4422781467437744,1018.1291675567628,20.66156005859375
2024-04-10 12:44:55,0.0010314962128177,0.4612655341625213,19.4921875,0.0009679399663582,0.4506905078887939,19.2578125,19.505767822265625,0.4422781467437744,1018.1197834014891,20.66156005859375
2024-04-10 12:45:00,0.0012161226477473,0.422826737165451,19.5078125,0.0005826246924698,0.4506905078887939,19.2421875,19.505767822265625,0.4422781467437744,1018.1197834014891,20.640308380126957
2024-04-10 12:45:05,0.0012161226477473,0.422826737165451,19.5078125,0.0005839132936671,0.4506905078887939,19.234375,19.396636962890625,0.4422781467437744,1018.1139183044434,20.640308380126957
2024-04-10 12:45:10,0.0009843334555625,0.5381430983543396,19.4765625,0.0005839132936671,0.4506905078887939,19.234375,19.396636962890625,0.4422781467437744,1018.0983543395996,20.629350662231445
2024-04-10 12:45:15,0.0009843334555625,0.5381430983543396,19.4765625,0.0008197516435757,0.4882480502128601,19.2265625,19.411285400390625,0.4422781467437744,1018.0983543395996,20.61725425720215
2024-04-10 12:45:20,0.0009956529829651,0.4612655341625213,19.5078125,0.0008197516435757,0.4882480502128601,19.2265625,19.41998291015625,0.4484200477600097,1018.1190967559814,20.61725425720215
2024-04-10 12:45:25,0.0010844492353498,0.422826737165451,19.46875,0.0005846722051501,0.5258055925369263,19.2421875,19.41998291015625,0.4484200477600097,1018.1190967559814,20.575151443481445
2024-04-10 12:45:30,0.0010844492353498,0.422826737165451,19.46875,0.0005788329872302,0.4882480502128601,19.2421875,19.427978515625,0.4484200477600097,1018.0875396728516,20.570178985595703
2024-04-10 12:45:35,0.0012981940526515,0.4997043311595917,19.4765625,0.0005788329872302,0.4882480502128601,19.2421875,19.44921875,0.4484200477600097,1018.1306838989258,20.570178985595703
2024-04-10 12:45:40,0.0012513528345152,0.4997043311595917,19.4765625,0.0004693132941611,0.5258055925369263,19.21875,19.44921875,0.4484200477600097,1018.1306838989258,20.5625
2024-04-10 12:45:45,0.0012513528345152,0.4997043311595917,19.4765625,0.0006604584632441,0.4506905078887939,19.234375,19.458709716796875,0.4484200477600097,1018.1398105621338,20.5625
2024-04-10 12:45:50,0.0012786311563104,0.4612655341625213,19.484375,0.0006604584632441,0.4506905078887939,19.234375,19.49810791015625,0.4484200477600097,1018.1283664703368,20.561899185180664
2024-04-10 12:45:55,0.0012786311563104,0.4612655341625213,19.484375,0.0005850286688655,0.4506905078887939,19.2421875,19.49810791015625,0.4484200477600097,1018.1283664703368,20.552812576293945
2024-04-10 12:46:00,0.0008424077532254,0.422826737165451,19.4765625,0.0005850286688655,0.4506905078887939,19.2421875,19.49810791015625,0.4484200477600097,1018.069257736206,20.552812576293945
2024-04-10 12:46:05,0.0008372297161258,0.4612655341625213,19.46875,0.0003557943273335,0.4882480502128601,19.234375,19.4735107421875,0.4484200477600097,1018.069257736206,20.549711227416992
2024-04-10 12:46:10,0.0008372297161258,0.4612655341625213,19.46875,0.0006565434159711,0.4506905078887939,19.2578125,19.538848876953125,0.4484200477600097,1018.1153202056884,20.549711227416992
2024-04-10 12:46:15,0.0010955082252621,0.422826737165451,19.4765625,0.0006565434159711,0.4506905078887939,19.2578125,19.538848876953125,0.4484200477600097,1018.1467628479004,20.5500545501709
2024-04-10 12:46:16,0.0010955082252621,0.422826737165451,19.4765625,0.0006565434159711,0.4506905078887939,19.2578125,19.531951904296875,0.4484200477600097,1018.1467628479004,20.5500545501709
2024-04-10 12:46:17,0.0010955082252621,0.422826737165451,19.4765625,0.0006269412115216,0.4882480502128601,19.2578125,19.531951904296875,0.4484200477600097,1018.1467628479004,20.5500545501709
2024-04-10 12:46:18,0.0010955082252621,0.422826737165451,19.4765625,0.0006269412115216,0.4882480502128601,19.2578125,19.531951904296875,0.4494582712650299,1018.1467628479004,20.540876388549805
2024-04-10 12:46:19,0.0010955082252621,0.422826737165451,19.4765625,0.0006269412115216,0.4882480502128601,19.2578125,19.531951904296875,0.4494582712650299,1018.1467628479004,20.540876388549805
2024-04-10 12:46:20,0.0010527379345148,0.4612655341625213,19.4921875,0.0006269412115216,0.4882480502128601,19.2578125,19.531951904296875,0.4494582712650299,1018.1467628479004,20.540876388549805
2024-04-10 12:46:21,0.0010527379345148,0.4612655341625213,19.4921875,0.0006269412115216,0.4882480502128601,19.2578125,19.531951904296875,0.4494582712650299,1018.159637451172,20.540876388549805
2024-04-10 12:46:22,0.0010527379345148,0.4612655341625213,19.4921875,0.0006269412115216,0.4882480502128601,19.2578125,19.531951904296875,0.4494582712650299,1018.159637451172,20.540876388549805
2024-04-10 12:46:23,0.0010527379345148,0.4612655341625213,19.4921875,0.0006269412115216,0.4882480502128601,19.2578125,19.480743408203125,0.4494582712650299,1018.159637451172,20.540876388549805
2024-04-10 12:46:24,0.0010527379345148,0.4612655341625213,19.4921875,0.0006269412115216,0.4882480502128601,19.2578125,19.480743408203125,0.4494582712650299,1018.159637451172,20.540876388549805
2024-04-10 12:46:25,0.0010527379345148,0.4612655341625213,19.4921875,0.0007214021752588,0.4506905078887939,19.2578125,19.480743408203125,0.4494582712650299,1018.159637451172,20.540876388549805
2024-04-10 12:46:26,0.0010527379345148,0.4612655341625213,19.4921875,0.0007214021752588,0.4506905078887939,19.2578125,19.480743408203125,0.4494582712650299,1018.159637451172,20.537397384643555
2024-04-10 12:46:27,0.0010527379345148,0.4612655341625213,19.4921875,0.0007214021752588,0.4506905078887939,19.2578125,19.480743408203125,0.4494582712650299,1018.159637451172,20.537397384643555
2024-04-10 12:46:28,0.0009571646223776,0.4612655341625213,19.4921875,0.0007214021752588,0.4506905078887939,19.2578125,19.480743408203125,0.4494582712650299,1018.159637451172,20.537397384643555
2024-04-10 12:46:29,0.0009571646223776,0.4612655341625213,19.4921875,0.0007214021752588,0.4506905078887939,19.2578125,19.480743408203125,0.4494582712650299,1018.0803871154784,20.537397384643555
2024-04-10 12:46:30,0.0009571646223776,0.4612655341625213,19.4921875,0.0007214021752588,0.4506905078887939,19.2578125,19.480743408203125,0.4494582712650299,1018.0803871154784,20.537397384643555
2024-04-10 12:46:31,0.0009571646223776,0.4612655341625213,19.4921875,0.0007214021752588,0.4506905078887939,19.2578125,19.536285400390625,0.4494582712650299,1018.0803871154784,20.537397384643555
2024-04-10 12:46:32,0.0009571646223776,0.4612655341625213,19.4921875,0.0007214021752588,0.4506905078887939,19.2578125,19.536285400390625,0.4494582712650299,1018.0803871154784,20.537397384643555
2024-04-10 12:46:33,0.0009571646223776,0.4612655341625213,19.4921875,0.0004575413186103,0.4131329655647278,19.2265625,19.536285400390625,0.4494582712650299,1018.0803871154784,20.537397384643555
2024-04-10 12:46:34,0.0009571646223776,0.4612655341625213,19.4921875,0.0004575413186103,0.4131329655647278,19.2265625,19.536285400390625,0.4494582712650299,1018.0803871154784,20.526456832885746
2024-04-10 12:46:35,0.0009571646223776,0.4612655341625213,19.4921875,0.0004575413186103,0.4131329655647278,19.2265625,19.536285400390625,0.4494582712650299,1018.0803871154784,20.526456832885746
2024-04-10 12:46:36,0.0011060304241254,0.422826737165451,19.4921875,0.0004575413186103,0.4131329655647278,19.2265625,19.536285400390625,0.4494582712650299,1018.0803871154784,20.526456832885746
2024-04-10 12:46:37,0.0011060304241254,0.422826737165451,19.4921875,0.0004575413186103,0.4131329655647278,19.2265625,19.536285400390625,0.4494582712650299,1018.0803871154784,20.526456832885746
2024-04-10 12:46:38,0.0011060304241254,0.422826737165451,19.4921875,0.0004575413186103,0.4131329655647278,19.2265625,19.536285400390625,0.4494582712650299,1018.1198978424072,20.526456832885746
2024-04-10 12:46:39,0.0011060304241254,0.422826737165451,19.4921875,0.0004575413186103,0.4131329655647278,19.2265625,19.4886474609375,0.4494582712650299,1018.1198978424072,20.526456832885746
2024-04-10 12:46:40,0.0011060304241254,0.422826737165451,19.4921875,0.0004575413186103,0.4131329655647278,19.2265625,19.4886474609375,0.4494582712650299,1018.1198978424072,20.526456832885746
2024-04-10 12:46:41,0.0011060304241254,0.422826737165451,19.4921875,0.0006281639216467,0.4506905078887939,19.2421875,19.4886474609375,0.4494582712650299,1018.1198978424072,20.526456832885746
2024-04-10 12:46:42,0.0011060304241254,0.422826737165451,19.4921875,0.0006281639216467,0.4506905078887939,19.2421875,19.4886474609375,0.4494582712650299,1018.1198978424072,20.51646041870117
2024-04-10 12:46:43,0.0011060304241254,0.422826737165451,19.4921875,0.0006281639216467,0.4506905078887939,19.2421875,19.4886474609375,0.4494582712650299,1018.1198978424072,20.51646041870117
2024-04-10 12:46:44,0.0010066152317449,0.4612655341625213,19.4921875,0.0006281639216467,0.4506905078887939,19.2421875,19.4886474609375,0.4494582712650299,1018.1198978424072,20.51646041870117
2024-04-10 12:46:45,0.0010066152317449,0.4612655341625213,19.4921875,0.0006281639216467,0.4506905078887939,19.2421875,19.4886474609375,0.4494582712650299,1018.1198978424072,20.51646041870117
2024-04-10 12:46:46,0.0010066152317449,0.4612655341625213,19.4921875,0.0006281639216467,0.4506905078887939,19.2421875,19.4886474609375,0.4494582712650299,1018.1198978424072,20.51646041870117
2024-04-10 12:46:47,0.0010066152317449,0.4612655341625213,19.4921875,0.0006281639216467,0.4506905078887939,19.2421875,19.49395751953125,0.4494582712650299,1018.1142902374268,20.51646041870117
2024-04-10 12:46:48,0.0010066152317449,0.4612655341625213,19.4921875,0.0006281639216467,0.4506905078887939,19.2421875,19.49395751953125,0.4494582712650299,1018.1142902374268,20.51646041870117
2024-04-10 12:46:49,0.0010066152317449,0.4612655341625213,19.4921875,0.0004460888449102,0.4882480502128601,19.2265625,19.49395751953125,0.4494582712650299,1018.1142902374268,20.50891876220703
2024-04-10 12:46:50,0.0010066152317449,0.4612655341625213,19.4921875,0.0004460888449102,0.4882480502128601,19.2265625,19.49395751953125,0.4494582712650299,1018.1142902374268,20.50891876220703
2024-04-10 12:46:51,0.0010066152317449,0.4612655341625213,19.4921875,0.0004460888449102,0.4882480502128601,19.2265625,19.49395751953125,0.4494582712650299,1018.1142902374268,20.50891876220703
2024-04-10 12:46:52,0.0006453256937675,0.4612655341625213,19.5,0.0004460888449102,0.4882480502128601,19.2265625,19.49395751953125,0.4494582712650299,1018.1142902374268,20.50891876220703
2024-04-10 12:46:53,0.0006453256937675,0.4612655341625213,19.5,0.0004460888449102,0.4882480502128601,19.2265625,19.49395751953125,0.4494582712650299,1018.1142902374268,20.50891876220703
2024-04-10 12:46:54,0.0006453256937675,0.4612655341625213,19.5,0.0004460888449102,0.4882480502128601,19.2265625,19.49395751953125,0.4494582712650299,1018.1142902374268,20.50891876220703
2024-04-10 12:46:55,0.0006453256937675,0.4612655341625213,19.5,0.0004460888449102,0.4882480502128601,19.2265625,19.49395751953125,0.4494582712650299,1018.1470203399658,20.50891876220703
2024-04-10 12:46:56,0.0006453256937675,0.4612655341625213,19.5,0.0004460888449102,0.4882480502128601,19.2265625,19.49395751953125,0.4494582712650299,1018.1470203399658,20.50891876220703
2024-04-10 12:46:57,0.0006453256937675,0.4612655341625213,19.5,0.0004460888449102,0.4882480502128601,19.2265625,19.50823974609375,0.4494582712650299,1018.1470203399658,20.50891876220703
2024-04-10 12:46:58,0.0006453256937675,0.4612655341625213,19.5,0.0004460888449102,0.4882480502128601,19.2265625,19.50823974609375,0.4494582712650299,1018.1470203399658,20.50891876220703
2024-04-10 12:46:59,0.0006453256937675,0.4612655341625213,19.5,0.0007986837881617,0.4506905078887939,19.2265625,19.50823974609375,0.4494582712650299,1018.1470203399658,20.48423957824707
2024-04-10 12:47:00,0.0010352642275393,0.4612655341625213,19.5078125,0.0007986837881617,0.4506905078887939,19.2265625,19.50823974609375,0.4494582712650299,1018.1470203399658,20.48423957824707
2024-04-10 12:47:01,0.0010352642275393,0.4612655341625213,19.5078125,0.0007986837881617,0.4506905078887939,19.2265625,19.50823974609375,0.4494582712650299,1018.1470203399658,20.48423957824707
2024-04-10 12:47:02,0.0010352642275393,0.4612655341625213,19.5078125,0.0007986837881617,0.4506905078887939,19.2265625,19.562225341796875,0.4494582712650299,1018.0911445617676,20.48423957824707
2024-04-10 12:47:03,0.0010352642275393,0.4612655341625213,19.5078125,0.0007986837881617,0.4506905078887939,19.2265625,19.562225341796875,0.4494582712650299,1018.0911445617676,20.48423957824707
2024-04-10 12:47:04,0.0010352642275393,0.4612655341625213,19.5078125,0.0007986837881617,0.4506905078887939,19.2265625,19.562225341796875,0.4494582712650299,1018.0911445617676,20.48423957824707
2024-04-10 12:47:05,0.0010352642275393,0.4612655341625213,19.5078125,0.0005559183773584,0.4506905078887939,19.234375,19.562225341796875,0.4494582712650299,1018.0911445617676,20.48423957824707
2024-04-10 12:47:06,0.0010352642275393,0.4612655341625213,19.5078125,0.0005559183773584,0.4506905078887939,19.234375,19.562225341796875,0.4494582712650299,1018.0911445617676,20.48423957824707
2024-04-10 12:47:07,0.0010352642275393,0.4612655341625213,19.5078125,0.0005559183773584,0.4506905078887939,19.234375,19.562225341796875,0.4494582712650299,1018.0911445617676,20.454456329345703
2024-04-10 12:47:08,0.0011897581862285,0.4612655341625213,19.5,0.0005559183773584,0.4506905078887939,19.234375,19.562225341796875,0.4494582712650299,1018.0911445617676,20.454456329345703
2024-04-10 12:47:09,0.0011897581862285,0.4612655341625213,19.5,0.0005559183773584,0.4506905078887939,19.234375,19.562225341796875,0.4494582712650299,1018.137378692627,20.454456329345703
2024-04-10 12:47:10,0.0011897581862285,0.4612655341625213,19.5,0.0005559183773584,0.4506905078887939,19.234375,19.562225341796875,0.4494582712650299,1018.137378692627,20.454456329345703
2024-04-10 12:47:11,0.0011897581862285,0.4612655341625213,19.5,0.0005559183773584,0.4506905078887939,19.234375,19.562225341796875,0.4494582712650299,1018.137378692627,20.454456329345703
2024-04-10 12:47:12,0.0011897581862285,0.4612655341625213,19.5,0.0005559183773584,0.4506905078887939,19.234375,19.53179931640625,0.4494582712650299,1018.137378692627,20.454456329345703
2024-04-10 12:47:13,0.0011897581862285,0.4612655341625213,19.5,0.0006080397870391,0.4506905078887939,19.25,19.53179931640625,0.4494582712650299,1018.137378692627,20.454456329345703
2024-04-10 12:47:14,0.0011897581862285,0.4612655341625213,19.5,0.0006080397870391,0.4506905078887939,19.25,19.53179931640625,0.4494582712650299,1018.137378692627,20.454456329345703
2024-04-10 12:47:15,0.0011897581862285,0.4612655341625213,19.5,0.0006080397870391,0.4506905078887939,19.25,19.53179931640625,0.4494582712650299,1018.137378692627,20.445707321166992
2024-04-10 12:47:16,0.0013071360299363,0.422826737165451,19.5,0.0006080397870391,0.4506905078887939,19.25,19.53179931640625,0.4494582712650299,1018.137378692627,20.445707321166992
2024-04-10 12:47:17,0.0013071360299363,0.422826737165451,19.5,0.0006080397870391,0.4506905078887939,19.25,19.53179931640625,0.4494582712650299,1018.1223011016846,20.445707321166992
2024-04-10 12:47:18,0.0013071360299363,0.422826737165451,19.5,0.0006080397870391,0.4506905078887939,19.25,19.528594970703125,0.4494582712650299,1018.1223011016846,20.445707321166992
2024-04-10 12:47:19,0.0013071360299363,0.422826737165451,19.5,0.0006080397870391,0.4506905078887939,19.25,19.528594970703125,0.4485196471214294,1018.1223011016846,20.445707321166992
2024-04-10 12:47:20,0.0013071360299363,0.422826737165451,19.5,0.0006080397870391,0.4506905078887939,19.25,19.528594970703125,0.4485196471214294,1018.1223011016846,20.445707321166992
2024-04-10 12:47:21,0.0013071360299363,0.422826737165451,19.5,0.0010113628813996,0.4131329655647278,19.2578125,19.528594970703125,0.4485196471214294,1018.1223011016846,20.445707321166992
2024-04-10 12:47:22,0.0013071360299363,0.422826737165451,19.5,0.0010113628813996,0.4131329655647278,19.2578125,19.528594970703125,0.4485196471214294,1018.1223011016846,20.445707321166992
2024-04-10 12:47:23,0.0013071360299363,0.422826737165451,19.5,0.0010113628813996,0.4131329655647278,19.2578125,19.528594970703125,0.4485196471214294,1018.1223011016846,20.43315887451172
2024-04-10 12:47:24,0.0011109095066785,0.422826737165451,19.5234375,0.0010113628813996,0.4131329655647278,19.2578125,19.528594970703125,0.4485196471214294,1018.1223011016846,20.43315887451172
2024-04-10 12:47:25,0.0011109095066785,0.422826737165451,19.5234375,0.0010113628813996,0.4131329655647278,19.2578125,19.528594970703125,0.4485196471214294,1018.1223011016846,20.43315887451172
2024-04-10 12:47:26,0.0011109095066785,0.422826737165451,19.5234375,0.0010113628813996,0.4131329655647278,19.2578125,19.528594970703125,0.4485196471214294,1018.0980968475342,20.43315887451172
2024-04-10 12:47:27,0.0011109095066785,0.422826737165451,19.5234375,0.0010113628813996,0.4131329655647278,19.2578125,19.4932861328125,0.4485196471214294,1018.0980968475342,20.43315887451172
2024-04-10 12:47:28,0.0011109095066785,0.422826737165451,19.5234375,0.0010113628813996,0.4131329655647278,19.2578125,19.4932861328125,0.4485196471214294,1018.0980968475342,20.43315887451172
2024-04-10 12:47:29,0.0011109095066785,0.422826737165451,19.5234375,0.0010113628813996,0.4131329655647278,19.2578125,19.4932861328125,0.4485196471214294,1018.0980968475342,20.43315887451172
2024-04-10 12:47:30,0.0011109095066785,0.422826737165451,19.5234375,0.0006926371715962,0.4506905078887939,19.265625,19.4932861328125,0.4485196471214294,1018.0980968475342,20.42414665222168
2024-04-10 12:47:31,0.0011109095066785,0.422826737165451,19.5234375,0.0006926371715962,0.4506905078887939,19.265625,19.4932861328125,0.4485196471214294,1018.0980968475342,20.42414665222168
2024-04-10 12:47:32,0.0009139958419837,0.4997043311595917,19.5078125,0.0006926371715962,0.4506905078887939,19.265625,19.4932861328125,0.4485196471214294,1018.0980968475342,20.42414665222168
2024-04-10 12:47:33,0.0009139958419837,0.4997043311595917,19.5078125,0.0006926371715962,0.4506905078887939,19.265625,19.4932861328125,0.4485196471214294,1018.0980968475342,20.42414665222168
2024-04-10 12:47:34,0.0009139958419837,0.4997043311595917,19.5078125,0.0006926371715962,0.4506905078887939,19.265625,19.50213623046875,0.4485196471214294,1018.0980968475342,20.42414665222168
2024-04-10 12:47:35,0.0009139958419837,0.4997043311595917,19.5078125,0.0006926371715962,0.4506905078887939,19.265625,19.50213623046875,0.4485196471214294,1018.0980968475342,20.42414665222168
2024-04-10 12:47:36,0.0009139958419837,0.4997043311595917,19.5078125,0.0006926371715962,0.4506905078887939,19.265625,19.50213623046875,0.4485196471214294,1018.1306552886964,20.42414665222168
2024-04-10 12:47:37,0.0009139958419837,0.4997043311595917,19.5078125,0.0006643832311965,0.4131329655647278,19.265625,19.50213623046875,0.4485196471214294,1018.1306552886964,20.40218544006348
2024-04-10 12:47:38,0.0009139958419837,0.4997043311595917,19.5078125,0.0006643832311965,0.4131329655647278,19.265625,19.50213623046875,0.4485196471214294,1018.1306552886964,20.40218544006348
2024-04-10 12:47:39,0.0009139958419837,0.4997043311595917,19.5078125,0.0006643832311965,0.4131329655647278,19.265625,19.50213623046875,0.4485196471214294,1018.1306552886964,20.40218544006348
2024-04-10 12:47:40,0.0009802171261981,0.422826737165451,19.515625,0.0006643832311965,0.4131329655647278,19.265625,19.50213623046875,0.4485196471214294,1018.1306552886964,20.40218544006348
2024-04-10 12:47:41,0.0009802171261981,0.422826737165451,19.515625,0.0006643832311965,0.4131329655647278,19.265625,19.50213623046875,0.4485196471214294,1018.1068801879884,20.40218544006348
2024-04-10 12:47:42,0.0009802171261981,0.422826737165451,19.515625,0.0006643832311965,0.4131329655647278,19.265625,19.50213623046875,0.4485196471214294,1018.1068801879884,20.40218544006348
2024-04-10 12:47:43,0.0009802171261981,0.422826737165451,19.515625,0.0006643832311965,0.4131329655647278,19.265625,19.52597045898437,0.4485196471214294,1018.1068801879884,20.40218544006348
2024-04-10 12:47:44,0.0009802171261981,0.422826737165451,19.515625,0.0006643832311965,0.4131329655647278,19.265625,19.52597045898437,0.4485196471214294,1018.1068801879884,20.40218544006348
2024-04-10 12:47:45,0.0009802171261981,0.422826737165451,19.515625,0.000498388253618,0.4506905078887939,19.265625,19.52597045898437,0.4485196471214294,1018.1068801879884,20.40218544006348
2024-04-10 12:47:46,0.0009802171261981,0.422826737165451,19.515625,0.000498388253618,0.4506905078887939,19.265625,19.52597045898437,0.4485196471214294,1018.1068801879884,20.388647079467773
2024-04-10 12:47:47,0.0009802171261981,0.422826737165451,19.515625,0.000498388253618,0.4506905078887939,19.265625,19.52597045898437,0.4485196471214294,1018.1068801879884,20.388647079467773
2024-04-10 12:47:48,0.0009802171261981,0.422826737165451,19.515625,0.000498388253618,0.4506905078887939,19.265625,19.52597045898437,0.4485196471214294,1018.1068801879884,20.388647079467773
2024-04-10 12:47:49,0.0018130467506125,0.422826737165451,19.515625,0.000498388253618,0.4506905078887939,19.265625,19.52597045898437,0.4485196471214294,1018.1068801879884,20.388647079467773
2024-04-10 12:47:50,0.0018130467506125,0.422826737165451,19.515625,0.000498388253618,0.4506905078887939,19.265625,19.4837646484375,0.4485196471214294,1018.1644153594972,20.388647079467773
2024-04-10 12:47:51,0.0018130467506125,0.422826737165451,19.515625,0.000498388253618,0.4506905078887939,19.265625,19.4837646484375,0.4485196471214294,1018.1644153594972,20.388647079467773
2024-04-10 12:47:52,0.0018130467506125,0.422826737165451,19.515625,0.000498388253618,0.4506905078887939,19.265625,19.4837646484375,0.4485196471214294,1018.1644153594972,20.388647079467773
2024-04-10 12:47:53,0.0018130467506125,0.422826737165451,19.515625,0.0004617754311766,0.4506905078887939,19.2734375,19.4837646484375,0.4485196471214294,1018.1644153594972,20.36853408813477
2024-04-10 12:47:54,0.0018130467506125,0.422826737165451,19.515625,0.0004617754311766,0.4506905078887939,19.2734375,19.4837646484375,0.4485196471214294,1018.1644153594972,20.36853408813477
2024-04-10 12:47:55,0.0018130467506125,0.422826737165451,19.515625,0.0004617754311766,0.4506905078887939,19.2734375,19.4837646484375,0.4485196471214294,1018.1644153594972,20.36853408813477
2024-04-10 12:47:56,0.0010288349585607,0.4612655341625213,19.484375,0.0004617754311766,0.4506905078887939,19.2734375,19.4837646484375,0.4485196471214294,1018.1644153594972,20.36853408813477
2024-04-10 12:47:57,0.0010288349585607,0.4612655341625213,19.484375,0.0004617754311766,0.4506905078887939,19.2734375,19.4837646484375,0.4485196471214294,1018.1644153594972,20.36853408813477
2024-04-10 12:47:58,0.0010288349585607,0.4612655341625213,19.484375,0.0004617754311766,0.4506905078887939,19.2734375,19.4837646484375,0.4485196471214294,1018.1644153594972,20.36853408813477
2024-04-10 12:47:59,0.0010288349585607,0.4612655341625213,19.484375,0.0004617754311766,0.4506905078887939,19.2734375,19.510772705078125,0.4485196471214294,1018.1644153594972,20.36853408813477
2024-04-10 12:48:00,0.0010288349585607,0.4612655341625213,19.484375,0.0004617754311766,0.4506905078887939,19.2734375,19.510772705078125,0.4485196471214294,1018.1453609466552,20.36853408813477
2024-04-10 12:48:01,0.0010288349585607,0.4612655341625213,19.484375,0.00054192985408,0.4506905078887939,19.2421875,19.510772705078125,0.4485196471214294,1018.1453609466552,20.360191345214844
2024-04-10 12:48:02,0.0010288349585607,0.4612655341625213,19.484375,0.00054192985408,0.4506905078887939,19.2421875,19.510772705078125,0.4485196471214294,1018.1453609466552,20.360191345214844
2024-04-10 12:48:03,0.0010288349585607,0.4612655341625213,19.484375,0.00054192985408,0.4506905078887939,19.2421875,19.510772705078125,0.4485196471214294,1018.1453609466552,20.360191345214844
2024-04-10 12:48:04,0.0006895348196849,0.4612655341625213,19.5078125,0.00054192985408,0.4506905078887939,19.2421875,19.510772705078125,0.4485196471214294,1018.1453609466552,20.360191345214844
2024-04-10 12:48:05,0.0006895348196849,0.4612655341625213,19.5078125,0.00054192985408,0.4506905078887939,19.2421875,19.510772705078125,0.4485196471214294,1018.1453609466552,20.360191345214844
2024-04-10 12:48:06,0.0006895348196849,0.4612655341625213,19.5078125,0.00054192985408,0.4506905078887939,19.2421875,19.510772705078125,0.4485196471214294,1018.1453609466552,20.360191345214844
2024-04-10 12:48:07,0.0006895348196849,0.4612655341625213,19.5078125,0.00054192985408,0.4506905078887939,19.2421875,19.510772705078125,0.4485196471214294,1018.111057281494,20.360191345214844
2024-04-10 12:48:08,0.0006895348196849,0.4612655341625213,19.5078125,0.00054192985408,0.4506905078887939,19.2421875,19.5074462890625,0.4485196471214294,1018.111057281494,20.360191345214844
2024-04-10 12:48:09,0.0006895348196849,0.4612655341625213,19.5078125,0.00054192985408,0.4506905078887939,19.2421875,19.5074462890625,0.4485196471214294,1018.111057281494,20.360191345214844
2024-04-10 12:48:10,0.0006895348196849,0.4612655341625213,19.5078125,0.00054192985408,0.4506905078887939,19.2421875,19.5074462890625,0.4485196471214294,1018.111057281494,20.34141731262207
2024-04-10 12:48:11,0.0006895348196849,0.4612655341625213,19.5078125,0.0004907250404357,0.4131329655647278,19.265625,19.5074462890625,0.4485196471214294,1018.111057281494,20.34141731262207
2024-04-10 12:48:12,0.0007851565023884,0.4612655341625213,19.5,0.0004907250404357,0.4131329655647278,19.265625,19.5074462890625,0.4485196471214294,1018.111057281494,20.34141731262207
2024-04-10 12:48:13,0.0007851565023884,0.4612655341625213,19.5,0.0004907250404357,0.4131329655647278,19.265625,19.5074462890625,0.4485196471214294,1018.111057281494,20.34141731262207
2024-04-10 12:48:14,0.0007851565023884,0.4612655341625213,19.5,0.0004907250404357,0.4131329655647278,19.265625,19.5074462890625,0.4485196471214294,1018.1053352355956,20.34141731262207
2024-04-10 12:48:15,0.0007851565023884,0.4612655341625213,19.5,0.0004907250404357,0.4131329655647278,19.265625,19.542999267578125,0.4485196471214294,1018.1053352355956,20.34141731262207
2024-04-10 12:48:16,0.0007851565023884,0.4612655341625213,19.5,0.0004907250404357,0.4131329655647278,19.265625,19.542999267578125,0.4485196471214294,1018.1053352355956,20.34141731262207
2024-04-10 12:48:17,0.0007851565023884,0.4612655341625213,19.5,0.0006262903916649,0.4131329655647278,19.265625,19.542999267578125,0.4496298134326935,1018.1053352355956,20.34141731262207
2024-04-10 12:48:18,0.0007851565023884,0.4612655341625213,19.5,0.0006262903916649,0.4131329655647278,19.265625,19.542999267578125,0.4496298134326935,1018.1053352355956,20.33970069885254
2024-04-10 12:48:19,0.0007851565023884,0.4612655341625213,19.5,0.0006262903916649,0.4131329655647278,19.265625,19.542999267578125,0.4496298134326935,1018.1053352355956,20.33970069885254
2024-04-10 12:48:20,0.0005982000147923,0.422826737165451,19.5078125,0.0006262903916649,0.4131329655647278,19.265625,19.542999267578125,0.4496298134326935,1018.1053352355956,20.33970069885254
2024-04-10 12:48:21,0.0005982000147923,0.422826737165451,19.5078125,0.0006262903916649,0.4131329655647278,19.265625,19.542999267578125,0.4496298134326935,1018.1053352355956,20.33970069885254
2024-04-10 12:48:22,0.0005982000147923,0.422826737165451,19.5078125,0.0006262903916649,0.4131329655647278,19.265625,19.542999267578125,0.4496298134326935,1018.1258487701416,20.33970069885254
2024-04-10 12:48:23,0.0005982000147923,0.422826737165451,19.5078125,0.0006262903916649,0.4131329655647278,19.265625,19.542999267578125,0.4496298134326935,1018.1258487701416,20.33970069885254
2024-04-10 12:48:24,0.0005982000147923,0.422826737165451,19.5078125,0.0006262903916649,0.4131329655647278,19.265625,19.49053955078125,0.4496298134326935,1018.1258487701416,20.33970069885254
2024-04-10 12:48:25,0.0005982000147923,0.422826737165451,19.5078125,0.0006262903916649,0.4131329655647278,19.265625,19.49053955078125,0.4496298134326935,1018.1258487701416,20.33970069885254
2024-04-10 12:48:26,0.0005982000147923,0.422826737165451,19.5078125,0.000646588159725,0.4882480502128601,19.2578125,19.49053955078125,0.4496298134326935,1018.1258487701416,20.33970069885254
2024-04-10 12:48:27,0.0005982000147923,0.422826737165451,19.5078125,0.000646588159725,0.4882480502128601,19.2578125,19.49053955078125,0.4496298134326935,1018.1258487701416,20.332839965820312
2024-04-10 12:48:28,0.0005982000147923,0.422826737165451,19.5078125,0.000646588159725,0.4882480502128601,19.2578125,19.49053955078125,0.4496298134326935,1018.1258487701416,20.332839965820312
2024-04-10 12:48:29,0.0011392974993214,0.4612655341625213,19.4921875,0.000646588159725,0.4882480502128601,19.2578125,19.49053955078125,0.4496298134326935,1018.1136322021484,20.332839965820312
2024-04-10 12:48:30,0.0011392974993214,0.4612655341625213,19.4921875,0.000646588159725,0.4882480502128601,19.2578125,19.49053955078125,0.4496298134326935,1018.1136322021484,20.332839965820312
2024-04-10 12:48:31,0.0011392974993214,0.4612655341625213,19.4921875,0.000646588159725,0.4882480502128601,19.2578125,19.566680908203125,0.4496298134326935,1018.1136322021484,20.332839965820312
2024-04-10 12:48:32,0.0011392974993214,0.4612655341625213,19.4921875,0.000646588159725,0.4882480502128601,19.2578125,19.566680908203125,0.4496298134326935,1018.1136322021484,20.332839965820312
2024-04-10 12:48:33,0.0011392974993214,0.4612655341625213,19.4921875,0.0007586576393805,0.4506905078887939,19.265625,19.566680908203125,0.4496298134326935,1018.1136322021484,20.332839965820312
2024-04-10 12:48:34,0.0011392974993214,0.4612655341625213,19.4921875,0.0007586576393805,0.4506905078887939,19.265625,19.566680908203125,0.4496298134326935,1018.1136322021484,20.308040618896484
2024-04-10 12:48:35,0.0011392974993214,0.4612655341625213,19.4921875,0.0007586576393805,0.4506905078887939,19.265625,19.566680908203125,0.4496298134326935,1018.1136322021484,20.308040618896484
2024-04-10 12:48:36,0.0010025813244283,0.4612655341625213,19.515625,0.0007586576393805,0.4506905078887939,19.265625,19.566680908203125,0.4496298134326935,1018.1136322021484,20.308040618896484
2024-04-10 12:48:37,0.0010025813244283,0.4612655341625213,19.515625,0.0007586576393805,0.4506905078887939,19.265625,19.566680908203125,0.4496298134326935,1018.1165218353271,20.308040618896484
2024-04-10 12:48:38,0.0010025813244283,0.4612655341625213,19.515625,0.0007586576393805,0.4506905078887939,19.265625,19.566680908203125,0.4496298134326935,1018.1165218353271,20.308040618896484
2024-04-10 12:48:39,0.0010025813244283,0.4612655341625213,19.515625,0.0007586576393805,0.4506905078887939,19.265625,19.54144287109375,0.4496298134326935,1018.1165218353271,20.308040618896484
2024-04-10 12:48:40,0.0010025813244283,0.4612655341625213,19.515625,0.0007586576393805,0.4506905078887939,19.265625,19.54144287109375,0.4496298134326935,1018.1165218353271,20.308040618896484
2024-04-10 12:48:41,0.0010025813244283,0.4612655341625213,19.515625,0.0004355961282271,0.4506905078887939,19.25,19.54144287109375,0.4496298134326935,1018.1165218353271,20.308040618896484
2024-04-10 12:48:42,0.0010025813244283,0.4612655341625213,19.515625,0.0004355961282271,0.4506905078887939,19.25,19.54144287109375,0.4496298134326935,1018.1165218353271,20.302885055541992
2024-04-10 12:48:43,0.0010025813244283,0.4612655341625213,19.515625,0.0004355961282271,0.4506905078887939,19.25,19.54144287109375,0.4496298134326935,1018.1165218353271,20.302885055541992
2024-04-10 12:48:44,0.0013338951393961,0.4612655341625213,19.4921875,0.0004355961282271,0.4506905078887939,19.25,19.54144287109375,0.4496298134326935,1018.1165218353271,20.302885055541992
2024-04-10 12:48:45,0.0013338951393961,0.4612655341625213,19.4921875,0.0004355961282271,0.4506905078887939,19.25,19.54144287109375,0.4496298134326935,1018.1165218353271,20.302885055541992
2024-04-10 12:48:46,0.0013338951393961,0.4612655341625213,19.4921875,0.0004355961282271,0.4506905078887939,19.25,19.5780029296875,0.4496298134326935,1018.1165218353271,20.302885055541992
2024-04-10 12:48:47,0.0013338951393961,0.4612655341625213,19.4921875,0.0004355961282271,0.4506905078887939,19.25,19.5780029296875,0.4496298134326935,1018.1165218353271,20.302885055541992
2024-04-10 12:48:48,0.0013338951393961,0.4612655341625213,19.4921875,0.0004355961282271,0.4506905078887939,19.25,19.5780029296875,0.4496298134326935,1018.0953788757324,20.302885055541992
2024-04-10 12:48:49,0.0013338951393961,0.4612655341625213,19.4921875,0.0004675339150708,0.4506905078887939,19.2734375,19.5780029296875,0.4496298134326935,1018.0953788757324,20.28114128112793
2024-04-10 12:48:50,0.0013338951393961,0.4612655341625213,19.4921875,0.0004675339150708,0.4506905078887939,19.2734375,19.5780029296875,0.4496298134326935,1018.0953788757324,20.28114128112793
2024-04-10 12:48:51,0.0013338951393961,0.4612655341625213,19.4921875,0.0004675339150708,0.4506905078887939,19.2734375,19.5780029296875,0.4496298134326935,1018.0953788757324,20.28114128112793
2024-04-10 12:48:52,0.0015493573155254,0.422826737165451,19.515625,0.0004675339150708,0.4506905078887939,19.2734375,19.5780029296875,0.4496298134326935,1018.0953788757324,20.28114128112793
2024-04-10 12:48:53,0.0015493573155254,0.422826737165451,19.515625,0.0004675339150708,0.4506905078887939,19.2734375,19.5780029296875,0.4496298134326935,1018.0953788757324,20.28114128112793
2024-04-10 12:48:54,0.0015493573155254,0.422826737165451,19.515625,0.0004675339150708,0.4506905078887939,19.2734375,19.5780029296875,0.4496298134326935,1018.0953788757324,20.28114128112793
2024-04-10 12:48:55,0.0015493573155254,0.422826737165451,19.515625,0.0004675339150708,0.4506905078887939,19.2734375,19.4915771484375,0.4496298134326935,1018.0726051330566,20.28114128112793
2024-04-10 12:48:56,0.0015493573155254,0.422826737165451,19.515625,0.0004675339150708,0.4506905078887939,19.2734375,19.4915771484375,0.4496298134326935,1018.0726051330566,20.28114128112793
2024-04-10 12:48:57,0.0015493573155254,0.422826737165451,19.515625,0.0006288026343099,0.4506905078887939,19.2578125,19.4915771484375,0.4496298134326935,1018.0726051330566,20.269142150878903
2024-04-10 12:48:58,0.0015493573155254,0.422826737165451,19.515625,0.0006288026343099,0.4506905078887939,19.2578125,19.4915771484375,0.4496298134326935,1018.0726051330566,20.269142150878903
2024-04-10 12:48:59,0.0015493573155254,0.422826737165451,19.515625,0.0006288026343099,0.4506905078887939,19.2578125,19.4915771484375,0.4496298134326935,1018.0726051330566,20.269142150878903
2024-04-10 12:49:00,0.0015493573155254,0.422826737165451,19.515625,0.0006288026343099,0.4506905078887939,19.2578125,19.4915771484375,0.4496298134326935,1018.0726051330566,20.269142150878903
2024-04-10 12:49:01,0.0008854921325109,0.4997043311595917,19.5234375,0.0006288026343099,0.4506905078887939,19.2578125,19.4915771484375,0.4496298134326935,1018.095636367798,20.269142150878903
2024-04-10 12:49:02,0.0008854921325109,0.4997043311595917,19.5234375,0.0006288026343099,0.4506905078887939,19.2578125,19.534942626953125,0.4496298134326935,1018.095636367798,20.269142150878903
2024-04-10 12:49:03,0.0008854921325109,0.4997043311595917,19.5234375,0.0006288026343099,0.4506905078887939,19.2578125,19.534942626953125,0.4496298134326935,1018.095636367798,20.269142150878903
2024-04-10 12:49:04,0.0008854921325109,0.4997043311595917,19.5234375,0.0006288026343099,0.4506905078887939,19.2578125,19.534942626953125,0.4496298134326935,1018.095636367798,20.269142150878903
2024-04-10 12:49:05,0.0008854921325109,0.4997043311595917,19.5234375,0.0006505535566248,0.4506905078887939,19.2734375,19.534942626953125,0.4496298134326935,1018.095636367798,20.25895118713379
2024-04-10 12:49:06,0.0008854921325109,0.4997043311595917,19.5234375,0.0006505535566248,0.4506905078887939,19.2734375,19.534942626953125,0.4496298134326935,1018.095636367798,20.25895118713379
2024-04-10 12:49:07,0.0008854921325109,0.4997043311595917,19.5234375,0.0006505535566248,0.4506905078887939,19.2734375,19.534942626953125,0.4496298134326935,1018.095636367798,20.25895118713379
2024-04-10 12:49:08,0.0008210059604607,0.4997043311595917,19.5078125,0.0006505535566248,0.4506905078887939,19.2734375,19.534942626953125,0.4496298134326935,1018.095636367798,20.25895118713379
2024-04-10 12:49:09,0.0008210059604607,0.4997043311595917,19.5078125,0.0006505535566248,0.4506905078887939,19.2734375,19.534942626953125,0.4496298134326935,1018.095636367798,20.25895118713379
2024-04-10 12:49:10,0.0008210059604607,0.4997043311595917,19.5078125,0.0006505535566248,0.4506905078887939,19.2734375,19.534942626953125,0.4496298134326935,1018.0835342407228,20.25895118713379
2024-04-10 12:49:11,0.0008210059604607,0.4997043311595917,19.5078125,0.0006505535566248,0.4506905078887939,19.2734375,19.49822998046875,0.4496298134326935,1018.0835342407228,20.25895118713379
2024-04-10 12:49:12,0.0008210059604607,0.4997043311595917,19.5078125,0.0006505535566248,0.4506905078887939,19.2734375,19.49822998046875,0.4496298134326935,1018.0835342407228,20.25895118713379
2024-04-10 12:49:13,0.0008210059604607,0.4997043311595917,19.5078125,0.0004830733232665,0.4131329655647278,19.28125,19.49822998046875,0.4496298134326935,1018.0835342407228,20.25895118713379
2024-04-10 12:49:14,0.0008210059604607,0.4997043311595917,19.5078125,0.0004830733232665,0.4131329655647278,19.28125,19.49822998046875,0.4496298134326935,1018.0835342407228,20.25895118713379
2024-04-10 12:49:15,0.0008210059604607,0.4997043311595917,19.5078125,0.0004830733232665,0.4131329655647278,19.28125,19.49822998046875,0.4496298134326935,1018.0835342407228,20.243919372558597
2024-04-10 12:49:16,0.0007594391936436,0.422826737165451,19.5078125,0.0004830733232665,0.4131329655647278,19.28125,19.49822998046875,0.447730541229248,1018.0835342407228,20.243919372558597
2024-04-10 12:49:17,0.0007594391936436,0.422826737165451,19.5078125,0.0004830733232665,0.4131329655647278,19.28125,19.49822998046875,0.447730541229248,1018.0835342407228,20.243919372558597
2024-04-10 12:49:18,0.0007594391936436,0.422826737165451,19.5078125,0.0004830733232665,0.4131329655647278,19.28125,19.49822998046875,0.447730541229248,1018.0429649353028,20.243919372558597
2024-04-10 12:49:19,0.0007594391936436,0.422826737165451,19.5078125,0.0004830733232665,0.4131329655647278,19.28125,19.49822998046875,0.447730541229248,1018.0429649353028,20.243919372558597
2024-04-10 12:49:20,0.0007594391936436,0.422826737165451,19.5078125,0.0004830733232665,0.4131329655647278,19.28125,19.5079345703125,0.447730541229248,1018.0429649353028,20.243919372558597
2024-04-10 12:49:21,0.0007594391936436,0.422826737165451,19.5078125,0.0008637552382424,0.4131329655647278,19.265625,19.5079345703125,0.447730541229248,1018.0429649353028,20.243919372558597
2024-04-10 12:49:22,0.0007594391936436,0.422826737165451,19.5078125,0.0008637552382424,0.4131329655647278,19.265625,19.5079345703125,0.447730541229248,1018.0429649353028,20.238941192626957
2024-04-10 12:49:23,0.0007594391936436,0.422826737165451,19.5078125,0.0008637552382424,0.4131329655647278,19.265625,19.5079345703125,0.447730541229248,1018.0429649353028,20.238941192626957
2024-04-10 12:49:24,0.0009250760194845,0.4612655341625213,19.515625,0.0008637552382424,0.4131329655647278,19.265625,19.5079345703125,0.447730541229248,1018.0429649353028,20.238941192626957
2024-04-10 12:49:25,0.0009250760194845,0.4612655341625213,19.515625,0.0008637552382424,0.4131329655647278,19.265625,19.5079345703125,0.447730541229248,1018.0634784698486,20.238941192626957
2024-04-10 12:49:26,0.0009250760194845,0.4612655341625213,19.515625,0.0008637552382424,0.4131329655647278,19.265625,19.5079345703125,0.447730541229248,1018.0634784698486,20.238941192626957
2024-04-10 12:49:27,0.0009250760194845,0.4612655341625213,19.515625,0.0008637552382424,0.4131329655647278,19.265625,19.51254272460937,0.447730541229248,1018.0634784698486,20.238941192626957
2024-04-10 12:49:28,0.0009250760194845,0.4612655341625213,19.515625,0.0008637552382424,0.4131329655647278,19.265625,19.51254272460937,0.447730541229248,1018.0634784698486,20.238941192626957
2024-04-10 12:49:29,0.0009250760194845,0.4612655341625213,19.515625,0.0006037667044438,0.4131329655647278,19.296875,19.51254272460937,0.447730541229248,1018.0634784698486,20.238941192626957
2024-04-10 12:49:30,0.0009250760194845,0.4612655341625213,19.515625,0.0006037667044438,0.4131329655647278,19.296875,19.51254272460937,0.447730541229248,1018.0634784698486,20.223445892333984
2024-04-10 12:49:31,0.0009250760194845,0.4612655341625213,19.515625,0.0006037667044438,0.4131329655647278,19.296875,19.51254272460937,0.447730541229248,1018.0634784698486,20.223445892333984
2024-04-10 12:49:32,0.0009568908717483,0.4612655341625213,19.515625,0.0006037667044438,0.4131329655647278,19.296875,19.51254272460937,0.447730541229248,1018.0634784698486,20.223445892333984
2024-04-10 12:49:33,0.0009568908717483,0.4612655341625213,19.515625,0.0006037667044438,0.4131329655647278,19.296875,19.51254272460937,0.447730541229248,1018.0634784698486,20.223445892333984
2024-04-10 12:49:34,0.0009568908717483,0.4612655341625213,19.515625,0.0006037667044438,0.4131329655647278,19.296875,19.51254272460937,0.447730541229248,1018.0663681030272,20.223445892333984
2024-04-10 12:49:35,0.0009568908717483,0.4612655341625213,19.515625,0.0006037667044438,0.4131329655647278,19.296875,19.51254272460937,0.447730541229248,1018.0663681030272,20.223445892333984
2024-04-10 12:49:36,0.0009568908717483,0.4612655341625213,19.515625,0.0006037667044438,0.4131329655647278,19.296875,19.546661376953125,0.447730541229248,1018.0663681030272,20.223445892333984
2024-04-10 12:49:37,0.0009568908717483,0.4612655341625213,19.515625,0.0003476940328255,0.4131329655647278,19.2890625,19.546661376953125,0.447730541229248,1018.0663681030272,20.223445892333984
2024-04-10 12:49:38,0.0009568908717483,0.4612655341625213,19.515625,0.0003476940328255,0.4131329655647278,19.2890625,19.546661376953125,0.447730541229248,1018.0663681030272,20.223445892333984
2024-04-10 12:49:39,0.0009568908717483,0.4612655341625213,19.515625,0.0003476940328255,0.4131329655647278,19.2890625,19.546661376953125,0.447730541229248,1018.0663681030272,20.223445892333984
2024-04-10 12:49:40,0.0010987919522449,0.4612655341625213,19.5078125,0.0003476940328255,0.4131329655647278,19.2890625,19.546661376953125,0.447730541229248,1018.0663681030272,20.19998550415039
2024-04-10 12:49:41,0.0010987919522449,0.4612655341625213,19.5078125,0.0003476940328255,0.4131329655647278,19.2890625,19.546661376953125,0.447730541229248,1018.0663681030272,20.19998550415039
2024-04-10 12:49:42,0.0010987919522449,0.4612655341625213,19.5078125,0.0003476940328255,0.4131329655647278,19.2890625,19.546661376953125,0.447730541229248,1018.1071376800536,20.19998550415039
2024-04-10 12:49:43,0.0010987919522449,0.4612655341625213,19.5078125,0.0003476940328255,0.4131329655647278,19.2890625,19.546661376953125,0.447730541229248,1018.1071376800536,20.19998550415039
2024-04-10 12:49:44,0.0010987919522449,0.4612655341625213,19.5078125,0.0003476940328255,0.4131329655647278,19.2890625,19.546661376953125,0.447730541229248,1018.1071376800536,20.19998550415039
2024-04-10 12:49:45,0.0010987919522449,0.4612655341625213,19.5078125,0.0005060932016931,0.4131329655647278,19.2734375,19.546661376953125,0.447730541229248,1018.1071376800536,20.19998550415039
2024-04-10 12:49:46,0.0010987919522449,0.4612655341625213,19.5078125,0.0005060932016931,0.4131329655647278,19.2734375,19.506378173828125,0.447730541229248,1018.1071376800536,20.194263458251957
2024-04-10 12:49:47,0.0010987919522449,0.4612655341625213,19.5078125,0.0005060932016931,0.4131329655647278,19.2734375,19.506378173828125,0.447730541229248,1018.1071376800536,20.194263458251957
2024-04-10 12:49:48,0.0010243534343317,0.4612655341625213,19.5390625,0.0005060932016931,0.4131329655647278,19.2734375,19.506378173828125,0.447730541229248,1018.1071376800536,20.194263458251957
2024-04-10 12:49:49,0.0010243534343317,0.4612655341625213,19.5390625,0.0005060932016931,0.4131329655647278,19.2734375,19.506378173828125,0.447730541229248,1018.045482635498,20.194263458251957
2024-04-10 12:49:50,0.0010243534343317,0.4612655341625213,19.5390625,0.0005060932016931,0.4131329655647278,19.2734375,19.506378173828125,0.447730541229248,1018.045482635498,20.194263458251957
2024-04-10 12:49:51,0.0010243534343317,0.4612655341625213,19.5390625,0.0005060932016931,0.4131329655647278,19.2734375,19.5208740234375,0.447730541229248,1018.045482635498,20.194263458251957
2024-04-10 12:49:52,0.0010243534343317,0.4612655341625213,19.5390625,0.0005060932016931,0.4131329655647278,19.2734375,19.5208740234375,0.447730541229248,1018.045482635498,20.194263458251957
2024-04-10 12:49:53,0.0010243534343317,0.4612655341625213,19.5390625,0.0004117418138775,0.4131329655647278,19.28125,19.5208740234375,0.447730541229248,1018.045482635498,20.194263458251957
2024-04-10 12:49:54,0.0010243534343317,0.4612655341625213,19.5390625,0.0004117418138775,0.4131329655647278,19.28125,19.5208740234375,0.447730541229248,1018.045482635498,20.17266845703125
2024-04-10 12:49:55,0.0010243534343317,0.4612655341625213,19.5390625,0.0004117418138775,0.4131329655647278,19.28125,19.5208740234375,0.447730541229248,1018.045482635498,20.17266845703125
2024-04-10 12:49:56,0.0010599116794764,0.4612655341625213,19.5234375,0.0004117418138775,0.4131329655647278,19.28125,19.5208740234375,0.447730541229248,1018.045482635498,20.17266845703125
2024-04-10 12:49:57,0.0010599116794764,0.4612655341625213,19.5234375,0.0004117418138775,0.4131329655647278,19.28125,19.5208740234375,0.447730541229248,1018.045482635498,20.17266845703125
2024-04-10 12:49:58,0.0010599116794764,0.4612655341625213,19.5234375,0.0004117418138775,0.4131329655647278,19.28125,19.5208740234375,0.447730541229248,1018.045482635498,20.17266845703125
2024-04-10 12:49:59,0.0010599116794764,0.4612655341625213,19.5234375,0.0004117418138775,0.4131329655647278,19.28125,19.5208740234375,0.447730541229248,1018.0865383148192,20.17266845703125
2024-04-10 12:50:00,0.0010599116794764,0.4612655341625213,19.5234375,0.0004117418138775,0.4131329655647278,19.28125,19.5208740234375,0.447730541229248,1018.0865383148192,20.17266845703125
2024-04-10 12:50:01,0.0010599116794764,0.4612655341625213,19.5234375,0.0010471870191395,0.4882480502128601,19.265625,19.541717529296875,0.447730541229248,1018.0865383148192,20.17266845703125
2024-04-10 12:50:02,0.0010599116794764,0.4612655341625213,19.5234375,0.0010471870191395,0.4882480502128601,19.265625,19.541717529296875,0.447730541229248,1018.0865383148192,20.17266845703125
2024-04-10 12:50:03,0.0010599116794764,0.4612655341625213,19.5234375,0.0010471870191395,0.4882480502128601,19.265625,19.541717529296875,0.447730541229248,1018.0865383148192,20.149150848388672
2024-04-10 12:50:04,0.0012124928180128,0.422826737165451,19.5234375,0.0010471870191395,0.4882480502128601,19.265625,19.541717529296875,0.447730541229248,1018.0865383148192,20.149150848388672
2024-04-10 12:50:05,0.0012124928180128,0.422826737165451,19.5234375,0.0010471870191395,0.4882480502128601,19.265625,19.541717529296875,0.447730541229248,1018.0865383148192,20.149150848388672
2024-04-10 12:50:06,0.0012124928180128,0.422826737165451,19.5234375,0.0010471870191395,0.4882480502128601,19.265625,19.57284545898437,0.447730541229248,1018.0095195770264,20.149150848388672
2024-04-10 12:50:07,0.0012124928180128,0.422826737165451,19.5234375,0.0010471870191395,0.4882480502128601,19.265625,19.57284545898437,0.447730541229248,1018.0095195770264,20.149150848388672
2024-04-10 12:50:08,0.0012124928180128,0.422826737165451,19.5234375,0.0010471870191395,0.4882480502128601,19.265625,19.57284545898437,0.447730541229248,1018.0095195770264,20.149150848388672
2024-04-10 12:50:09,0.0012124928180128,0.422826737165451,19.5234375,0.0004920077626593,0.4131329655647278,19.2734375,19.57284545898437,0.447730541229248,1018.0095195770264,20.118423461914062
2024-04-10 12:50:10,0.0012124928180128,0.422826737165451,19.5234375,0.0004920077626593,0.4131329655647278,19.2734375,19.57284545898437,0.447730541229248,1018.0095195770264,20.118423461914062
2024-04-10 12:50:11,0.0012124928180128,0.422826737165451,19.5234375,0.0004920077626593,0.4131329655647278,19.2734375,19.57284545898437,0.447730541229248,1018.0095195770264,20.118423461914062
2024-04-10 12:50:12,0.0012124928180128,0.422826737165451,19.5234375,0.0004920077626593,0.4131329655647278,19.2734375,19.57284545898437,0.447730541229248,1018.0095195770264,20.118423461914062
2024-04-10 12:50:13,0.0012528690276667,0.4612655341625213,19.5234375,0.0004920077626593,0.4131329655647278,19.2734375,19.57284545898437,0.447730541229248,1018.0095195770264,20.118423461914062
2024-04-10 12:50:14,0.0012528690276667,0.4612655341625213,19.5234375,0.0004920077626593,0.4131329655647278,19.2734375,19.57284545898437,0.447730541229248,1018.0095195770264,20.118423461914062
2024-04-10 12:50:15,0.0012528690276667,0.4612655341625213,19.5234375,0.0004920077626593,0.4131329655647278,19.2734375,19.57284545898437,0.447730541229248,1018.078155517578,20.118423461914062
2024-04-10 12:50:16,0.0012528690276667,0.4612655341625213,19.5234375,0.0004920077626593,0.4131329655647278,19.2734375,19.57284545898437,0.447730541229248,1018.078155517578,20.118423461914062
2024-04-10 12:50:17,0.0012528690276667,0.4612655341625213,19.5234375,0.0006715492927469,0.4131329655647278,19.2890625,19.504150390625,0.4518235623836517,1018.078155517578,20.118423461914062
2024-04-10 12:50:18,0.0012528690276667,0.4612655341625213,19.5234375,0.0006715492927469,0.4131329655647278,19.2890625,19.504150390625,0.4518235623836517,1018.078155517578,20.118423461914062
2024-04-10 12:50:19,0.0012528690276667,0.4612655341625213,19.5234375,0.0006715492927469,0.4131329655647278,19.2890625,19.504150390625,0.4518235623836517,1018.078155517578,20.09760093688965
2024-04-10 12:50:20,0.0010824117343872,0.422826737165451,19.53125,0.0006715492927469,0.4131329655647278,19.2890625,19.504150390625,0.4518235623836517,1018.078155517578,20.09760093688965
2024-04-10 12:50:21,0.0010824117343872,0.422826737165451,19.53125,0.0006715492927469,0.4131329655647278,19.2890625,19.504150390625,0.4518235623836517,1018.078155517578,20.09760093688965
2024-04-10 12:50:22,0.0010824117343872,0.422826737165451,19.53125,0.0006715492927469,0.4131329655647278,19.2890625,19.521514892578125,0.4518235623836517,1018.0196189880372,20.09760093688965
2024-04-10 12:50:23,0.0010824117343872,0.422826737165451,19.53125,0.0006715492927469,0.4131329655647278,19.2890625,19.521514892578125,0.4518235623836517,1018.0196189880372,20.09760093688965
2024-04-10 12:50:24,0.0010824117343872,0.422826737165451,19.53125,0.0006715492927469,0.4131329655647278,19.2890625,19.521514892578125,0.4518235623836517,1018.0196189880372,20.09760093688965
2024-04-10 12:50:25,0.0010824117343872,0.422826737165451,19.53125,0.0004891693242825,0.4131329655647278,19.265625,19.521514892578125,0.4518235623836517,1018.0196189880372,20.09760093688965
2024-04-10 12:50:26,0.0010824117343872,0.422826737165451,19.53125,0.0004891693242825,0.4131329655647278,19.265625,19.521514892578125,0.4518235623836517,1018.0196189880372,20.09760093688965
2024-04-10 12:50:27,0.0010824117343872,0.422826737165451,19.53125,0.0004891693242825,0.4131329655647278,19.265625,19.521514892578125,0.4518235623836517,1018.0196189880372,20.09423065185547
2024-04-10 12:50:28,0.0010387923102825,0.422826737165451,19.5234375,0.0004891693242825,0.4131329655647278,19.265625,19.521514892578125,0.4518235623836517,1018.0196189880372,20.09423065185547
2024-04-10 12:50:29,0.0010387923102825,0.422826737165451,19.5234375,0.0004891693242825,0.4131329655647278,19.265625,19.521514892578125,0.4518235623836517,1018.0196189880372,20.09423065185547
2024-04-10 12:50:30,0.0010387923102825,0.422826737165451,19.5234375,0.0004891693242825,0.4131329655647278,19.265625,19.521514892578125,0.4518235623836517,1018.042049407959,20.09423065185547
2024-04-10 12:50:31,0.0010387923102825,0.422826737165451,19.5234375,0.0004891693242825,0.4131329655647278,19.265625,19.521514892578125,0.4518235623836517,1018.042049407959,20.09423065185547
2024-04-10 12:50:32,0.0010387923102825,0.422826737165451,19.5234375,0.0004891693242825,0.4131329655647278,19.265625,19.4813232421875,0.4518235623836517,1018.042049407959,20.09423065185547
2024-04-10 12:50:33,0.0010387923102825,0.422826737165451,19.5234375,0.0005629746592603,0.4131329655647278,19.2890625,19.4813232421875,0.4518235623836517,1018.042049407959,20.09423065185547
2024-04-10 12:50:34,0.0010387923102825,0.422826737165451,19.5234375,0.0005629746592603,0.4131329655647278,19.2890625,19.4813232421875,0.4518235623836517,1018.042049407959,20.08279800415039
2024-04-10 12:50:35,0.0010387923102825,0.422826737165451,19.5234375,0.0005629746592603,0.4131329655647278,19.2890625,19.4813232421875,0.4518235623836517,1018.042049407959,20.08279800415039
2024-04-10 12:50:36,0.0008361345971934,0.422826737165451,19.515625,0.0005629746592603,0.4131329655647278,19.2890625,19.4813232421875,0.4518235623836517,1018.042049407959,20.08279800415039
2024-04-10 12:50:37,0.0008361345971934,0.422826737165451,19.515625,0.0005629746592603,0.4131329655647278,19.2890625,19.4813232421875,0.4518235623836517,1018.0809307098388,20.08279800415039
2024-04-10 12:50:38,0.0008361345971934,0.422826737165451,19.515625,0.0005629746592603,0.4131329655647278,19.2890625,19.4813232421875,0.4518235623836517,1018.0809307098388,20.08279800415039
2024-04-10 12:50:39,0.0008361345971934,0.422826737165451,19.515625,0.0005629746592603,0.4131329655647278,19.2890625,19.548248291015625,0.4518235623836517,1018.0809307098388,20.08279800415039
2024-04-10 12:50:40,0.0008361345971934,0.422826737165451,19.515625,0.0005629746592603,0.4131329655647278,19.2890625,19.548248291015625,0.4518235623836517,1018.0809307098388,20.08279800415039
2024-04-10 12:50:41,0.0008361345971934,0.422826737165451,19.515625,0.0006420232821255,0.4131329655647278,19.2890625,19.548248291015625,0.4518235623836517,1018.0809307098388,20.08279800415039
2024-04-10 12:50:42,0.0008361345971934,0.422826737165451,19.515625,0.0006420232821255,0.4131329655647278,19.2890625,19.548248291015625,0.4518235623836517,1018.0809307098388,20.07189178466797
2024-04-10 12:50:43,0.0008361345971934,0.422826737165451,19.515625,0.0006420232821255,0.4131329655647278,19.2890625,19.548248291015625,0.4518235623836517,1018.0809307098388,20.07189178466797
2024-04-10 12:50:44,0.0010056919418275,0.4612655341625213,19.53125,0.0006420232821255,0.4131329655647278,19.2890625,19.548248291015625,0.4518235623836517,1018.0809307098388,20.07189178466797
2024-04-10 12:50:45,0.0010056919418275,0.4612655341625213,19.53125,0.0006420232821255,0.4131329655647278,19.2890625,19.548248291015625,0.4518235623836517,1018.0951499938964,20.07189178466797
2024-04-10 12:50:46,0.0010056919418275,0.4612655341625213,19.53125,0.0006420232821255,0.4131329655647278,19.2890625,19.548248291015625,0.4518235623836517,1018.0951499938964,20.07189178466797
2024-04-10 12:50:47,0.0010056919418275,0.4612655341625213,19.53125,0.0006420232821255,0.4131329655647278,19.2890625,19.516387939453125,0.4518235623836517,1018.0951499938964,20.07189178466797
2024-04-10 12:50:48,0.0010056919418275,0.4612655341625213,19.53125,0.0006420232821255,0.4131329655647278,19.2890625,19.516387939453125,0.4518235623836517,1018.0951499938964,20.07189178466797
2024-04-10 12:50:49,0.0010056919418275,0.4612655341625213,19.53125,0.0005440334789454,0.4506905078887939,19.265625,19.516387939453125,0.4518235623836517,1018.0951499938964,20.07189178466797
2024-04-10 12:50:50,0.0010056919418275,0.4612655341625213,19.53125,0.0005440334789454,0.4506905078887939,19.265625,19.516387939453125,0.4518235623836517,1018.0951499938964,20.048099517822266
2024-04-10 12:50:51,0.0010056919418275,0.4612655341625213,19.53125,0.0005440334789454,0.4506905078887939,19.265625,19.516387939453125,0.4518235623836517,1018.0951499938964,20.048099517822266
2024-04-10 12:50:52,0.000909058493562,0.4612655341625213,19.5234375,0.0005440334789454,0.4506905078887939,19.265625,19.516387939453125,0.4518235623836517,1018.0951499938964,20.048099517822266
2024-04-10 12:50:53,0.000909058493562,0.4612655341625213,19.5234375,0.0005440334789454,0.4506905078887939,19.265625,19.516387939453125,0.4518235623836517,1018.0951499938964,20.048099517822266
2024-04-10 12:50:54,0.000909058493562,0.4612655341625213,19.5234375,0.0005440334789454,0.4506905078887939,19.265625,19.516387939453125,0.4518235623836517,1018.0861377716064,20.048099517822266
2024-04-10 12:50:55,0.000909058493562,0.4612655341625213,19.5234375,0.0005440334789454,0.4506905078887939,19.265625,19.47235107421875,0.4518235623836517,1018.0861377716064,20.048099517822266
2024-04-10 12:50:56,0.000909058493562,0.4612655341625213,19.5234375,0.0005440334789454,0.4506905078887939,19.265625,19.47235107421875,0.4518235623836517,1018.0861377716064,20.048099517822266
2024-04-10 12:50:57,0.000909058493562,0.4612655341625213,19.5234375,0.0004106843844056,0.4131329655647278,19.28125,19.47235107421875,0.4518235623836517,1018.0861377716064,20.048099517822266
2024-04-10 12:50:58,0.000909058493562,0.4612655341625213,19.5234375,0.0004106843844056,0.4131329655647278,19.28125,19.47235107421875,0.4518235623836517,1018.0861377716064,20.02435302734375
2024-04-10 12:50:59,0.000909058493562,0.4612655341625213,19.5234375,0.0004106843844056,0.4131329655647278,19.28125,19.47235107421875,0.4518235623836517,1018.0861377716064,20.02435302734375
2024-04-10 12:51:00,0.0010472161229699,0.422826737165451,19.53125,0.0004106843844056,0.4131329655647278,19.28125,19.47235107421875,0.4518235623836517,1018.0861377716064,20.02435302734375
2024-04-10 12:51:01,0.0010472161229699,0.422826737165451,19.53125,0.0004106843844056,0.4131329655647278,19.28125,19.47235107421875,0.4518235623836517,1018.0861377716064,20.02435302734375
2024-04-10 12:51:02,0.0010472161229699,0.422826737165451,19.53125,0.0004106843844056,0.4131329655647278,19.28125,19.47235107421875,0.4518235623836517,1018.0861377716064,20.02435302734375
2024-04-10 12:51:03,0.0010472161229699,0.422826737165451,19.53125,0.0004106843844056,0.4131329655647278,19.28125,19.52914428710937,0.4518235623836517,1018.0856513977052,20.02435302734375
2024-04-10 12:51:04,0.0010472161229699,0.422826737165451,19.53125,0.0004106843844056,0.4131329655647278,19.28125,19.52914428710937,0.4518235623836517,1018.0856513977052,20.02435302734375
2024-04-10 12:51:05,0.0010472161229699,0.422826737165451,19.53125,0.0004106843844056,0.4131329655647278,19.28125,19.52914428710937,0.4518235623836517,1018.0856513977052,20.002534866333008
2024-04-10 12:51:06,0.0010472161229699,0.422826737165451,19.53125,0.0005021519609726,0.4506905078887939,19.2890625,19.52914428710937,0.4518235623836517,1018.0856513977052,20.002534866333008
2024-04-10 12:51:07,0.0010472161229699,0.422826737165451,19.53125,0.0005021519609726,0.4506905078887939,19.2890625,19.52914428710937,0.4518235623836517,1018.0856513977052,20.002534866333008
2024-04-10 12:51:08,0.0008493350469507,0.4612655341625213,19.5234375,0.0005021519609726,0.4506905078887939,19.2890625,19.52914428710937,0.4518235623836517,1018.0856513977052,20.002534866333008
2024-04-10 12:51:09,0.0008493350469507,0.4612655341625213,19.5234375,0.0005021519609726,0.4506905078887939,19.2890625,19.52914428710937,0.4518235623836517,1018.0856513977052,20.002534866333008
2024-04-10 12:51:10,0.0008493350469507,0.4612655341625213,19.5234375,0.0005021519609726,0.4506905078887939,19.2890625,19.52914428710937,0.4518235623836517,1018.0856513977052,20.002534866333008
2024-04-10 12:51:11,0.0008493350469507,0.4612655341625213,19.5234375,0.0005021519609726,0.4506905078887939,19.2890625,19.52914428710937,0.4518235623836517,1018.0387878417968,20.002534866333008
2024-04-10 12:51:12,0.0008493350469507,0.4612655341625213,19.5234375,0.0005021519609726,0.4506905078887939,19.2890625,19.52914428710937,0.4518235623836517,1018.0387878417968,20.002534866333008
2024-04-10 12:51:13,0.0008493350469507,0.4612655341625213,19.5234375,0.0005021519609726,0.4506905078887939,19.2890625,19.506561279296875,0.4518235623836517,1018.0387878417968,20.002534866333008
2024-04-10 12:51:14,0.0008493350469507,0.4612655341625213,19.5234375,0.0003835206443909,0.4506905078887939,19.2734375,19.506561279296875,0.4518235623836517,1018.0387878417968,20.002534866333008
2024-04-10 12:51:15,0.0008493350469507,0.4612655341625213,19.5234375,0.0003835206443909,0.4506905078887939,19.2734375,19.506561279296875,0.4518235623836517,1018.0387878417968,19.98820686340332
2024-04-10 12:51:16,0.0011892641196027,0.4612655341625213,19.5234375,0.0003835206443909,0.4506905078887939,19.2734375,19.506561279296875,0.4468943774700165,1018.0387878417968,19.98820686340332
2024-04-10 12:51:17,0.0011892641196027,0.4612655341625213,19.5234375,0.0003835206443909,0.4506905078887939,19.2734375,19.506561279296875,0.4468943774700165,1018.0387878417968,19.98820686340332
2024-04-10 12:51:18,0.0011892641196027,0.4612655341625213,19.5234375,0.0003835206443909,0.4506905078887939,19.2734375,19.455963134765625,0.4468943774700165,1018.0598163604736,19.98820686340332
2024-04-10 12:51:19,0.0011892641196027,0.4612655341625213,19.5234375,0.0003835206443909,0.4506905078887939,19.2734375,19.455963134765625,0.4468943774700165,1018.0598163604736,19.98820686340332
2024-04-10 12:51:20,0.0011892641196027,0.4612655341625213,19.5234375,0.0003835206443909,0.4506905078887939,19.2734375,19.455963134765625,0.4468943774700165,1018.0598163604736,19.98820686340332
2024-04-10 12:51:21,0.0011892641196027,0.4612655341625213,19.5234375,0.0005255538853816,0.4506905078887939,19.265625,19.455963134765625,0.4468943774700165,1018.0598163604736,19.98820686340332
2024-04-10 12:51:22,0.0011892641196027,0.4612655341625213,19.5234375,0.0005255538853816,0.4506905078887939,19.265625,19.455963134765625,0.4468943774700165,1018.0598163604736,19.98820686340332
2024-04-10 12:51:23,0.0011892641196027,0.4612655341625213,19.5234375,0.0005255538853816,0.4506905078887939,19.265625,19.455963134765625,0.4468943774700165,1018.0598163604736,19.976327896118164
2024-04-10 12:51:24,0.001259925076738,0.5381430983543396,19.53125,0.0005255538853816,0.4506905078887939,19.265625,19.455963134765625,0.4468943774700165,1018.0598163604736,19.976327896118164
2024-04-10 12:51:25,0.001259925076738,0.5381430983543396,19.53125,0.0005255538853816,0.4506905078887939,19.265625,19.455963134765625,0.4468943774700165,1018.08931350708,19.976327896118164
2024-04-10 12:51:26,0.001259925076738,0.5381430983543396,19.53125,0.0005255538853816,0.4506905078887939,19.265625,19.455963134765625,0.4468943774700165,1018.08931350708,19.976327896118164
2024-04-10 12:51:27,0.001259925076738,0.5381430983543396,19.53125,0.0005255538853816,0.4506905078887939,19.265625,19.455963134765625,0.4468943774700165,1018.08931350708,19.976327896118164
2024-04-10 12:51:28,0.001259925076738,0.5381430983543396,19.53125,0.0005255538853816,0.4506905078887939,19.265625,19.414337158203125,0.4468943774700165,1018.08931350708,19.976327896118164
2024-04-10 12:51:29,0.001259925076738,0.5381430983543396,19.53125,0.0005255538853816,0.4506905078887939,19.265625,19.414337158203125,0.4468943774700165,1018.08931350708,19.976327896118164
2024-04-10 12:51:30,0.001259925076738,0.5381430983543396,19.53125,0.0006040330044925,0.4882480502128601,19.2734375,19.414337158203125,0.4468943774700165,1018.08931350708,19.976327896118164
2024-04-10 12:51:31,0.001259925076738,0.5381430983543396,19.53125,0.0006040330044925,0.4882480502128601,19.2734375,19.414337158203125,0.4468943774700165,1018.08931350708,19.96339607238769
2024-04-10 12:51:32,0.0008000704692676,0.422826737165451,19.5234375,0.0006040330044925,0.4882480502128601,19.2734375,19.414337158203125,0.4468943774700165,1018.08931350708,19.96339607238769
2024-04-10 12:51:33,0.0008000704692676,0.422826737165451,19.5234375,0.0006040330044925,0.4882480502128601,19.2734375,19.414337158203125,0.4468943774700165,1018.1113147735596,19.96339607238769
2024-04-10 12:51:34,0.0008000704692676,0.422826737165451,19.5234375,0.0006040330044925,0.4882480502128601,19.2734375,19.41839599609375,0.4468943774700165,1018.1113147735596,19.96339607238769
2024-04-10 12:51:35,0.0008000704692676,0.422826737165451,19.5234375,0.0006040330044925,0.4882480502128601,19.2734375,19.41839599609375,0.4468943774700165,1018.1113147735596,19.96339607238769
2024-04-10 12:51:36,0.0008000704692676,0.422826737165451,19.5234375,0.0006040330044925,0.4882480502128601,19.2734375,19.41839599609375,0.4468943774700165,1018.1113147735596,19.96339607238769
2024-04-10 12:51:37,0.0008000704692676,0.422826737165451,19.5234375,0.0007500773645006,0.5258055925369263,19.2734375,19.41839599609375,0.4468943774700165,1018.1113147735596,19.96339607238769
2024-04-10 12:51:38,0.0008000704692676,0.422826737165451,19.5234375,0.0007500773645006,0.5258055925369263,19.2734375,19.41839599609375,0.4468943774700165,1018.1113147735596,19.96339607238769
2024-04-10 12:51:39,0.0008000704692676,0.422826737165451,19.5234375,0.0007500773645006,0.5258055925369263,19.2734375,19.41839599609375,0.4468943774700165,1018.1113147735596,19.93856239318848
2024-04-10 12:51:40,0.0013081969227641,0.4612655341625213,19.5234375,0.0007500773645006,0.5258055925369263,19.2734375,19.41839599609375,0.4468943774700165,1018.1113147735596,19.93856239318848
2024-04-10 12:51:41,0.0013081969227641,0.4612655341625213,19.5234375,0.0007500773645006,0.5258055925369263,19.2734375,19.41839599609375,0.4468943774700165,1018.1113147735596,19.93856239318848
2024-04-10 12:51:42,0.0013081969227641,0.4612655341625213,19.5234375,0.0007500773645006,0.5258055925369263,19.2734375,19.41839599609375,0.4468943774700165,1018.1295680999756,19.93856239318848
2024-04-10 12:51:43,0.0013081969227641,0.4612655341625213,19.5234375,0.0007500773645006,0.5258055925369263,19.2734375,19.409210205078125,0.4468943774700165,1018.1295680999756,19.93856239318848
2024-04-10 12:51:44,0.0013081969227641,0.4612655341625213,19.5234375,0.0007500773645006,0.5258055925369263,19.2734375,19.409210205078125,0.4468943774700165,1018.1295680999756,19.93856239318848
2024-04-10 12:51:45,0.0013081969227641,0.4612655341625213,19.5234375,0.0007500773645006,0.5258055925369263,19.2734375,19.409210205078125,0.4468943774700165,1018.1295680999756,19.93856239318848
2024-04-10 12:51:46,0.0013081969227641,0.4612655341625213,19.5234375,0.0003473659453447,0.4506905078887939,19.28125,19.409210205078125,0.4468943774700165,1018.1295680999756,19.91807746887207
2024-04-10 12:51:47,0.0013081969227641,0.4612655341625213,19.5234375,0.0003473659453447,0.4506905078887939,19.28125,19.409210205078125,0.4468943774700165,1018.1295680999756,19.91807746887207
2024-04-10 12:51:48,0.0011543573345988,0.4997043311595917,19.5078125,0.0003473659453447,0.4506905078887939,19.28125,19.409210205078125,0.4468943774700165,1018.1295680999756,19.91807746887207
2024-04-10 12:51:49,0.0011543573345988,0.4997043311595917,19.5078125,0.0003473659453447,0.4506905078887939,19.28125,19.409210205078125,0.4468943774700165,1018.070945739746,19.91807746887207
2024-04-10 12:51:50,0.0011543573345988,0.4997043311595917,19.5078125,0.0003473659453447,0.4506905078887939,19.28125,19.3597412109375,0.4468943774700165,1018.070945739746,19.91807746887207
2024-04-10 12:51:51,0.0011543573345988,0.4997043311595917,19.5078125,0.0003473659453447,0.4506905078887939,19.28125,19.3597412109375,0.4468943774700165,1018.070945739746,19.91807746887207
2024-04-10 12:51:52,0.0011543573345988,0.4997043311595917,19.5078125,0.0003473659453447,0.4506905078887939,19.28125,19.3597412109375,0.4468943774700165,1018.070945739746,19.91807746887207
2024-04-10 12:51:53,0.0011543573345988,0.4997043311595917,19.5078125,0.0006061671883799,0.4131329655647278,19.28125,19.3597412109375,0.4468943774700165,1018.070945739746,19.90636444091797
2024-04-10 12:51:54,0.0011543573345988,0.4997043311595917,19.5078125,0.0006061671883799,0.4131329655647278,19.28125,19.3597412109375,0.4468943774700165,1018.070945739746,19.90636444091797
2024-04-10 12:51:55,0.0011543573345988,0.4997043311595917,19.5078125,0.0006061671883799,0.4131329655647278,19.28125,19.3597412109375,0.4468943774700165,1018.070945739746,19.90636444091797
2024-04-10 12:51:56,0.0008709763060323,0.4612655341625213,19.515625,0.0006061671883799,0.4131329655647278,19.28125,19.3597412109375,0.4468943774700165,1018.070945739746,19.90636444091797
2024-04-10 12:51:57,0.0008709763060323,0.4612655341625213,19.515625,0.0006061671883799,0.4131329655647278,19.28125,19.3597412109375,0.4468943774700165,1018.047571182251,19.90636444091797
2024-04-10 12:51:58,0.0008709763060323,0.4612655341625213,19.515625,0.0006061671883799,0.4131329655647278,19.28125,19.3597412109375,0.4468943774700165,1018.047571182251,19.90636444091797
2024-04-10 12:51:59,0.0008709763060323,0.4612655341625213,19.515625,0.0006061671883799,0.4131329655647278,19.28125,19.36849975585937,0.4468943774700165,1018.047571182251,19.90636444091797
2024-04-10 12:52:00,0.0008709763060323,0.4612655341625213,19.515625,0.0006061671883799,0.4131329655647278,19.28125,19.36849975585937,0.4468943774700165,1018.047571182251,19.90636444091797
2024-04-10 12:52:01,0.0008709763060323,0.4612655341625213,19.515625,0.0007217756356112,0.4506905078887939,19.2265625,19.36849975585937,0.4468943774700165,1018.047571182251,19.90636444091797
2024-04-10 12:52:02,0.0008709763060323,0.4612655341625213,19.515625,0.0007217756356112,0.4506905078887939,19.2265625,19.36849975585937,0.4468943774700165,1018.047571182251,19.886669158935547
2024-04-10 12:52:03,0.0008709763060323,0.4612655341625213,19.515625,0.0007217756356112,0.4506905078887939,19.2265625,19.36849975585937,0.4468943774700165,1018.047571182251,19.886669158935547
2024-04-10 12:52:04,0.0008709763060323,0.4612655341625213,19.515625,0.0007217756356112,0.4506905078887939,19.2265625,19.36849975585937,0.4468943774700165,1018.047571182251,19.886669158935547
2024-04-10 12:52:05,0.0008709763060323,0.4612655341625213,19.515625,0.0007217756356112,0.4506905078887939,19.2265625,19.36849975585937,0.4468943774700165,1018.047571182251,19.886669158935547
2024-04-10 12:52:06,0.0008709763060323,0.4612655341625213,19.515625,0.0007217756356112,0.4506905078887939,19.2265625,19.402130126953125,0.4468943774700165,1018.0869388580322,19.886669158935547
2024-04-10 12:52:07,0.0008709763060323,0.4612655341625213,19.515625,0.0007217756356112,0.4506905078887939,19.2265625,19.402130126953125,0.4468943774700165,1018.0869388580322,19.886669158935547
2024-04-10 12:52:08,0.0011278884485363,0.4997043311595917,19.5078125,0.0007217756356112,0.4506905078887939,19.2265625,19.402130126953125,0.4468943774700165,1018.0869388580322,19.886669158935547
2024-04-10 12:52:09,0.0011278884485363,0.4997043311595917,19.5078125,0.0006080614984966,0.4506905078887939,19.2578125,19.402130126953125,0.4468943774700165,1018.0869388580322,19.862293243408203
2024-04-10 12:52:10,0.0011278884485363,0.4997043311595917,19.5078125,0.0006080614984966,0.4506905078887939,19.2578125,19.402130126953125,0.4468943774700165,1018.0869388580322,19.862293243408203
2024-04-10 12:52:11,0.0011278884485363,0.4997043311595917,19.5078125,0.0006080614984966,0.4506905078887939,19.2578125,19.402130126953125,0.4468943774700165,1018.0869388580322,19.862293243408203
2024-04-10 12:52:12,0.0010896041058003,0.422826737165451,19.53125,0.0006080614984966,0.4506905078887939,19.2578125,19.402130126953125,0.4468943774700165,1018.0869388580322,19.862293243408203
2024-04-10 12:52:13,0.0010896041058003,0.422826737165451,19.53125,0.0006080614984966,0.4506905078887939,19.2578125,19.402130126953125,0.4468943774700165,1018.0869388580322,19.862293243408203
2024-04-10 12:52:14,0.0010896041058003,0.422826737165451,19.53125,0.0006080614984966,0.4506905078887939,19.2578125,19.402130126953125,0.4468943774700165,1018.0869388580322,19.862293243408203
2024-04-10 12:52:15,0.0010896041058003,0.422826737165451,19.53125,0.0006080614984966,0.4506905078887939,19.2578125,19.33309936523437,0.4468943774700165,1018.0869388580322,19.862293243408203
2024-04-10 12:52:16,0.0010896041058003,0.422826737165451,19.53125,0.0006080614984966,0.4506905078887939,19.2578125,19.33309936523437,0.4468943774700165,1018.0892276763916,19.862293243408203
2024-04-10 12:52:17,0.0010896041058003,0.422826737165451,19.53125,0.0006080614984966,0.4506905078887939,19.2578125,19.33309936523437,0.4468943774700165,1018.0892276763916,19.84160804748535
2024-04-10 12:52:18,0.0010896041058003,0.422826737165451,19.53125,0.0006080614984966,0.4506905078887939,19.2578125,19.33309936523437,0.4468943774700165,1018.0892276763916,19.84160804748535
2024-04-10 12:52:19,0.0010896041058003,0.422826737165451,19.53125,0.0010574052575975,0.5258055925369263,19.265625,19.33309936523437,0.4468943774700165,1018.0892276763916,19.84160804748535
2024-04-10 12:52:20,0.0011244299821555,0.422826737165451,19.5078125,0.0010574052575975,0.5258055925369263,19.265625,19.33309936523437,0.4478990435600281,1018.0892276763916,19.84160804748535
2024-04-10 12:52:21,0.0011244299821555,0.422826737165451,19.5078125,0.0010574052575975,0.5258055925369263,19.265625,19.33309936523437,0.4478990435600281,1018.0892276763916,19.84160804748535
2024-04-10 12:52:22,0.0011244299821555,0.422826737165451,19.5078125,0.0010574052575975,0.5258055925369263,19.265625,19.33309936523437,0.4478990435600281,1018.0892276763916,19.84160804748535
2024-04-10 12:52:23,0.0011244299821555,0.422826737165451,19.5078125,0.0010574052575975,0.5258055925369263,19.265625,19.33309936523437,0.4478990435600281,1018.0802726745604,19.84160804748535
2024-04-10 12:52:24,0.0011244299821555,0.422826737165451,19.5078125,0.0010574052575975,0.5258055925369263,19.265625,19.341766357421875,0.4478990435600281,1018.0802726745604,19.84160804748535
2024-04-10 12:52:25,0.0011244299821555,0.422826737165451,19.5078125,0.0010574052575975,0.5258055925369263,19.265625,19.341766357421875,0.4478990435600281,1018.0802726745604,19.84160804748535
2024-04-10 12:52:26,0.0011244299821555,0.422826737165451,19.5078125,0.0010574052575975,0.5258055925369263,19.265625,19.341766357421875,0.4478990435600281,1018.0802726745604,19.84007453918457
2024-04-10 12:52:27,0.0011244299821555,0.422826737165451,19.5078125,0.0005727965617552,0.4131329655647278,19.2421875,19.341766357421875,0.4478990435600281,1018.0802726745604,19.84007453918457
2024-04-10 12:52:28,0.0010970539879053,0.4997043311595917,19.484375,0.0005727965617552,0.4131329655647278,19.2421875,19.341766357421875,0.4478990435600281,1018.0802726745604,19.84007453918457
2024-04-10 12:52:29,0.0010970539879053,0.4997043311595917,19.484375,0.0005727965617552,0.4131329655647278,19.2421875,19.341766357421875,0.4478990435600281,1018.0802726745604,19.84007453918457
2024-04-10 12:52:30,0.0010970539879053,0.4997043311595917,19.484375,0.0005727965617552,0.4131329655647278,19.2421875,19.341766357421875,0.4478990435600281,1018.0942344665528,19.84007453918457
2024-04-10 12:52:31,0.0010970539879053,0.4997043311595917,19.484375,0.0005727965617552,0.4131329655647278,19.2421875,19.31793212890625,0.4478990435600281,1018.0942344665528,19.84007453918457
2024-04-10 12:52:32,0.0010970539879053,0.4997043311595917,19.484375,0.0005727965617552,0.4131329655647278,19.2421875,19.31793212890625,0.4478990435600281,1018.0942344665528,19.84007453918457
2024-04-10 12:52:33,0.0010970539879053,0.4997043311595917,19.484375,0.0004083908570464,0.4506905078887939,19.2265625,19.31793212890625,0.4478990435600281,1018.0942344665528,19.84007453918457
2024-04-10 12:52:34,0.0010970539879053,0.4997043311595917,19.484375,0.0004083908570464,0.4506905078887939,19.2265625,19.31793212890625,0.4478990435600281,1018.0942344665528,19.82963180541992
2024-04-10 12:52:35,0.0010970539879053,0.4997043311595917,19.484375,0.0004083908570464,0.4506905078887939,19.2265625,19.31793212890625,0.4478990435600281,1018.0942344665528,19.82963180541992
2024-04-10 12:52:36,0.0009162738570012,0.422826737165451,19.4921875,0.0004083908570464,0.4506905078887939,19.2265625,19.31793212890625,0.4478990435600281,1018.0942344665528,19.82963180541992
2024-04-10 12:52:37,0.0009162738570012,0.422826737165451,19.4921875,0.0004083908570464,0.4506905078887939,19.2265625,19.31793212890625,0.4478990435600281,1018.0942344665528,19.82963180541992
2024-04-10 12:52:38,0.0009162738570012,0.422826737165451,19.4921875,0.0004083908570464,0.4506905078887939,19.2265625,19.31793212890625,0.4478990435600281,1018.0910587310792,19.82963180541992
2024-04-10 12:52:39,0.0009162738570012,0.422826737165451,19.4921875,0.0004083908570464,0.4506905078887939,19.2265625,19.31793212890625,0.4478990435600281,1018.0910587310792,19.82963180541992
2024-04-10 12:52:40,0.0009162738570012,0.422826737165451,19.4921875,0.0004083908570464,0.4506905078887939,19.2265625,19.266998291015625,0.4478990435600281,1018.0910587310792,19.82963180541992
2024-04-10 12:52:41,0.0009162738570012,0.422826737165451,19.4921875,0.0006011015502735,0.4506905078887939,19.2421875,19.266998291015625,0.4478990435600281,1018.0910587310792,19.82963180541992
2024-04-10 12:52:42,0.0009162738570012,0.422826737165451,19.4921875,0.0006011015502735,0.4506905078887939,19.2421875,19.266998291015625,0.4478990435600281,1018.0910587310792,19.82963180541992
2024-04-10 12:52:43,0.0009162738570012,0.422826737165451,19.4921875,0.0006011015502735,0.4506905078887939,19.2421875,19.266998291015625,0.4478990435600281,1018.0910587310792,19.81278610229492
2024-04-10 12:52:44,0.0012425467139109,0.422826737165451,19.484375,0.0006011015502735,0.4506905078887939,19.2421875,19.266998291015625,0.4478990435600281,1018.0910587310792,19.81278610229492
2024-04-10 12:52:45,0.0012425467139109,0.422826737165451,19.484375,0.0006011015502735,0.4506905078887939,19.2421875,19.266998291015625,0.4478990435600281,1018.102445602417,19.81278610229492
2024-04-10 12:52:46,0.0012425467139109,0.422826737165451,19.484375,0.0006011015502735,0.4506905078887939,19.2421875,19.266998291015625,0.4478990435600281,1018.102445602417,19.81278610229492
2024-04-10 12:52:47,0.0012425467139109,0.422826737165451,19.484375,0.0006011015502735,0.4506905078887939,19.2421875,19.2501220703125,0.4478990435600281,1018.102445602417,19.81278610229492
2024-04-10 12:52:48,0.0012425467139109,0.422826737165451,19.484375,0.0006011015502735,0.4506905078887939,19.2421875,19.2501220703125,0.4478990435600281,1018.102445602417,19.81278610229492
2024-04-10 12:52:49,0.0012425467139109,0.422826737165451,19.484375,0.0005746887181885,0.4506905078887939,19.234375,19.2501220703125,0.4478990435600281,1018.102445602417,19.81278610229492
2024-04-10 12:52:50,0.0012425467139109,0.422826737165451,19.484375,0.0005746887181885,0.4506905078887939,19.234375,19.2501220703125,0.4478990435600281,1018.102445602417,19.80195999145508
2024-04-10 12:52:51,0.0012425467139109,0.422826737165451,19.484375,0.0005746887181885,0.4506905078887939,19.234375,19.2501220703125,0.4478990435600281,1018.102445602417,19.80195999145508
2024-04-10 12:52:52,0.0010777219431474,0.4612655341625213,19.484375,0.0005746887181885,0.4506905078887939,19.234375,19.2501220703125,0.4478990435600281,1018.102445602417,19.80195999145508
2024-04-10 12:52:53,0.0010777219431474,0.4612655341625213,19.484375,0.0005746887181885,0.4506905078887939,19.234375,19.2501220703125,0.4478990435600281,1018.102445602417,19.80195999145508
2024-04-10 12:52:54,0.0010777219431474,0.4612655341625213,19.484375,0.0005746887181885,0.4506905078887939,19.234375,19.2501220703125,0.4478990435600281,1018.102445602417,19.80195999145508
2024-04-10 12:52:55,0.0010777219431474,0.4612655341625213,19.484375,0.0005746887181885,0.4506905078887939,19.234375,19.318084716796875,0.4478990435600281,1018.102445602417,19.80195999145508
2024-04-10 12:52:56,0.0010777219431474,0.4612655341625213,19.484375,0.0005746887181885,0.4506905078887939,19.234375,19.318084716796875,0.4478990435600281,1018.102445602417,19.80195999145508
2024-04-10 12:52:57,0.0010777219431474,0.4612655341625213,19.484375,0.0005758901825174,0.4506905078887939,19.234375,19.318084716796875,0.4478990435600281,1018.0851078033448,19.80195999145508
2024-04-10 12:52:58,0.0010777219431474,0.4612655341625213,19.484375,0.0005758901825174,0.4506905078887939,19.234375,19.318084716796875,0.4478990435600281,1018.0851078033448,19.786865234375
2024-04-10 12:52:59,0.0010777219431474,0.4612655341625213,19.484375,0.0005758901825174,0.4506905078887939,19.234375,19.318084716796875,0.4478990435600281,1018.0851078033448,19.786865234375
2024-04-10 12:53:00,0.0010777219431474,0.4612655341625213,19.484375,0.0005758901825174,0.4506905078887939,19.234375,19.318084716796875,0.4478990435600281,1018.0851078033448,19.786865234375
2024-04-10 12:53:01,0.0010777219431474,0.4612655341625213,19.484375,0.0005758901825174,0.4506905078887939,19.234375,19.318084716796875,0.4478990435600281,1018.0851078033448,19.786865234375
2024-04-10 12:53:02,0.0010777219431474,0.4612655341625213,19.484375,0.0005758901825174,0.4506905078887939,19.234375,19.318084716796875,0.4478990435600281,1018.0851078033448,19.786865234375
2024-04-10 12:53:03,0.001482400810346,0.5381430983543396,19.46875,0.0005758901825174,0.4506905078887939,19.234375,19.318084716796875,0.4478990435600281,1018.0851078033448,19.786865234375
2024-04-10 12:53:04,0.001482400810346,0.5381430983543396,19.46875,0.0005758901825174,0.4506905078887939,19.234375,19.318084716796875,0.4478990435600281,1018.0889129638672,19.786865234375
2024-04-10 12:53:05,0.001482400810346,0.5381430983543396,19.46875,0.0005732232239097,0.4882480502128601,19.234375,19.22869873046875,0.4478990435600281,1018.0889129638672,19.778133392333984
2024-04-10 12:53:06,0.001482400810346,0.5381430983543396,19.46875,0.0005732232239097,0.4882480502128601,19.234375,19.22869873046875,0.4478990435600281,1018.0889129638672,19.778133392333984
2024-04-10 12:53:07,0.001482400810346,0.5381430983543396,19.46875,0.0005732232239097,0.4882480502128601,19.234375,19.22869873046875,0.4478990435600281,1018.0889129638672,19.778133392333984
2024-04-10 12:53:08,0.0011863558320328,0.4612655341625213,19.4765625,0.0005732232239097,0.4882480502128601,19.234375,19.22869873046875,0.4478990435600281,1018.0889129638672,19.778133392333984
2024-04-10 12:53:09,0.0011863558320328,0.4612655341625213,19.4765625,0.0005732232239097,0.4882480502128601,19.234375,19.22869873046875,0.4478990435600281,1018.0889129638672,19.778133392333984
2024-04-10 12:53:10,0.0011863558320328,0.4612655341625213,19.4765625,0.0005732232239097,0.4882480502128601,19.234375,19.22869873046875,0.4478990435600281,1018.0889129638672,19.778133392333984
2024-04-10 12:53:11,0.0011863558320328,0.4612655341625213,19.4765625,0.0005732232239097,0.4882480502128601,19.234375,19.226837158203125,0.4478990435600281,1018.0598735809326,19.778133392333984
2024-04-10 12:53:12,0.0011863558320328,0.4612655341625213,19.4765625,0.0005732232239097,0.4882480502128601,19.234375,19.226837158203125,0.4478990435600281,1018.0598735809326,19.778133392333984
2024-04-10 12:53:13,0.0011863558320328,0.4612655341625213,19.4765625,0.0005846378626301,0.4882480502128601,19.2265625,19.226837158203125,0.4478990435600281,1018.0598735809326,19.766786575317383
2024-04-10 12:53:14,0.0011863558320328,0.4612655341625213,19.4765625,0.0005846378626301,0.4882480502128601,19.2265625,19.226837158203125,0.4478990435600281,1018.0598735809326,19.766786575317383
2024-04-10 12:53:15,0.0011863558320328,0.4612655341625213,19.4765625,0.0005846378626301,0.4882480502128601,19.2265625,19.226837158203125,0.4478990435600281,1018.0598735809326,19.766786575317383
2024-04-10 12:53:16,0.0011863558320328,0.4612655341625213,19.4765625,0.0005846378626301,0.4882480502128601,19.2265625,19.226837158203125,0.4478990435600281,1018.0598735809326,19.766786575317383
2024-04-10 12:53:17,0.0008698516176082,0.4612655341625213,19.46875,0.0005846378626301,0.4882480502128601,19.2265625,19.226837158203125,0.4478990435600281,1018.0728912353516,19.766786575317383
2024-04-10 12:53:18,0.0008698516176082,0.4612655341625213,19.46875,0.0005846378626301,0.4882480502128601,19.2265625,19.21270751953125,0.4478990435600281,1018.0728912353516,19.766786575317383
2024-04-10 12:53:19,0.0008698516176082,0.4612655341625213,19.46875,0.0005846378626301,0.4882480502128601,19.2265625,19.21270751953125,0.4478990435600281,1018.0728912353516,19.766786575317383
2024-04-10 12:53:20,0.0008698516176082,0.4612655341625213,19.46875,0.0005846378626301,0.4882480502128601,19.2265625,19.21270751953125,0.4507941007614136,1018.0728912353516,19.766786575317383
2024-04-10 12:53:21,0.0008698516176082,0.4612655341625213,19.46875,0.0008659745799377,0.4131329655647278,19.2109375,19.21270751953125,0.4507941007614136,1018.0728912353516,19.76175117492676
2024-04-10 12:53:22,0.0008698516176082,0.4612655341625213,19.46875,0.0008659745799377,0.4131329655647278,19.2109375,19.21270751953125,0.4507941007614136,1018.0728912353516,19.76175117492676
2024-04-10 12:53:23,0.0008698516176082,0.4612655341625213,19.46875,0.0008659745799377,0.4131329655647278,19.2109375,19.21270751953125,0.4507941007614136,1018.0728912353516,19.76175117492676
2024-04-10 12:53:24,0.0009382854914292,0.4612655341625213,19.4609375,0.0008659745799377,0.4131329655647278,19.2109375,19.21270751953125,0.4507941007614136,1018.0728912353516,19.76175117492676
2024-04-10 12:53:25,0.0009382854914292,0.4612655341625213,19.4609375,0.0008659745799377,0.4131329655647278,19.2109375,19.21270751953125,0.4507941007614136,1018.0728912353516,19.76175117492676
2024-04-10 12:53:26,0.0009382854914292,0.4612655341625213,19.4609375,0.0008659745799377,0.4131329655647278,19.2109375,19.21270751953125,0.4507941007614136,1018.0728912353516,19.76175117492676
2024-04-10 12:53:27,0.0009382854914292,0.4612655341625213,19.4609375,0.0008659745799377,0.4131329655647278,19.2109375,19.2618408203125,0.4507941007614136,1018.0728912353516,19.76175117492676
2024-04-10 12:53:28,0.0009382854914292,0.4612655341625213,19.4609375,0.0008659745799377,0.4131329655647278,19.2109375,19.2618408203125,0.4507941007614136,1018.083791732788,19.76175117492676
2024-04-10 12:53:29,0.0009382854914292,0.4612655341625213,19.4609375,0.0008659745799377,0.4131329655647278,19.2109375,19.2618408203125,0.4507941007614136,1018.083791732788,19.76175117492676
2024-04-10 12:53:30,0.0009382854914292,0.4612655341625213,19.4609375,0.0006118139135651,0.4506905078887939,19.2265625,19.2618408203125,0.4507941007614136,1018.083791732788,19.76175117492676
2024-04-10 12:53:31,0.0009382854914292,0.4612655341625213,19.4609375,0.0006118139135651,0.4506905078887939,19.2265625,19.2618408203125,0.4507941007614136,1018.083791732788,19.741329193115234
2024-04-10 12:53:32,0.000689482956659,0.4612655341625213,19.4765625,0.0006118139135651,0.4506905078887939,19.2265625,19.2618408203125,0.4507941007614136,1018.083791732788,19.741329193115234
2024-04-10 12:53:33,0.000689482956659,0.4612655341625213,19.4765625,0.0006118139135651,0.4506905078887939,19.2265625,19.2618408203125,0.4507941007614136,1018.083791732788,19.741329193115234
2024-04-10 12:53:34,0.000689482956659,0.4612655341625213,19.4765625,0.0006118139135651,0.4506905078887939,19.2265625,19.2618408203125,0.4507941007614136,1018.078842163086,19.741329193115234
2024-04-10 12:53:35,0.000689482956659,0.4612655341625213,19.4765625,0.0006118139135651,0.4506905078887939,19.2265625,19.2618408203125,0.4507941007614136,1018.078842163086,19.741329193115234
2024-04-10 12:53:36,0.000689482956659,0.4612655341625213,19.4765625,0.0006118139135651,0.4506905078887939,19.2265625,19.267974853515625,0.4507941007614136,1018.078842163086,19.741329193115234
2024-04-10 12:53:37,0.000689482956659,0.4612655341625213,19.4765625,0.0005968445329926,0.4882480502128601,19.2421875,19.267974853515625,0.4507941007614136,1018.078842163086,19.741329193115234
2024-04-10 12:53:38,0.000689482956659,0.4612655341625213,19.4765625,0.0005968445329926,0.4882480502128601,19.2421875,19.267974853515625,0.4507941007614136,1018.078842163086,19.727144241333008
2024-04-10 12:53:39,0.000689482956659,0.4612655341625213,19.4765625,0.0005968445329926,0.4882480502128601,19.2421875,19.267974853515625,0.4507941007614136,1018.078842163086,19.727144241333008
2024-04-10 12:53:40,0.0013919917400926,0.4612655341625213,19.4453125,0.0005968445329926,0.4882480502128601,19.2421875,19.267974853515625,0.4507941007614136,1018.078842163086,19.727144241333008
2024-04-10 12:53:41,0.0013919917400926,0.4612655341625213,19.4453125,0.0005968445329926,0.4882480502128601,19.2421875,19.267974853515625,0.4507941007614136,1018.0491733551024,19.727144241333008
2024-04-10 12:53:42,0.0013919917400926,0.4612655341625213,19.4453125,0.0005968445329926,0.4882480502128601,19.2421875,19.267974853515625,0.4507941007614136,1018.0491733551024,19.727144241333008
2024-04-10 12:53:43,0.0013919917400926,0.4612655341625213,19.4453125,0.0005968445329926,0.4882480502128601,19.2421875,19.327301025390625,0.4507941007614136,1018.0491733551024,19.727144241333008
2024-04-10 12:53:44,0.0013919917400926,0.4612655341625213,19.4453125,0.0005968445329926,0.4882480502128601,19.2421875,19.327301025390625,0.4507941007614136,1018.0491733551024,19.727144241333008
2024-04-10 12:53:45,0.0013919917400926,0.4612655341625213,19.4453125,0.0006713736220262,0.4131329655647278,19.2109375,19.327301025390625,0.4507941007614136,1018.0491733551024,19.727144241333008
2024-04-10 12:53:46,0.0013919917400926,0.4612655341625213,19.4453125,0.0006713736220262,0.4131329655647278,19.2109375,19.327301025390625,0.4507941007614136,1018.0491733551024,19.72491836547852
2024-04-10 12:53:47,0.0013919917400926,0.4612655341625213,19.4453125,0.0006713736220262,0.4131329655647278,19.2109375,19.327301025390625,0.4507941007614136,1018.0491733551024,19.72491836547852
2024-04-10 12:53:48,0.0009706325363367,0.4612655341625213,19.421875,0.0006713736220262,0.4131329655647278,19.2109375,19.327301025390625,0.4507941007614136,1018.0491733551024,19.72491836547852
2024-04-10 12:53:49,0.0009706325363367,0.4612655341625213,19.421875,0.0006713736220262,0.4131329655647278,19.2109375,19.327301025390625,0.4507941007614136,1018.0491733551024,19.72491836547852
2024-04-10 12:53:50,0.0009706325363367,0.4612655341625213,19.421875,0.0006713736220262,0.4131329655647278,19.2109375,19.327301025390625,0.4507941007614136,1018.0893421173096,19.72491836547852
2024-04-10 12:53:51,0.0009706325363367,0.4612655341625213,19.421875,0.0006713736220262,0.4131329655647278,19.2109375,19.327301025390625,0.4507941007614136,1018.0893421173096,19.72491836547852
2024-04-10 12:53:52,0.0009706325363367,0.4612655341625213,19.421875,0.0006713736220262,0.4131329655647278,19.2109375,19.3370361328125,0.4507941007614136,1018.0893421173096,19.72491836547852
2024-04-10 12:53:53,0.0009706325363367,0.4612655341625213,19.421875,0.0005302221397869,0.4882480502128601,19.21875,19.3370361328125,0.4507941007614136,1018.0893421173096,19.72491836547852
2024-04-10 12:53:54,0.0009706325363367,0.4612655341625213,19.421875,0.0005302221397869,0.4882480502128601,19.21875,19.3370361328125,0.4507941007614136,1018.0893421173096,19.70498275756836
2024-04-10 12:53:55,0.0009706325363367,0.4612655341625213,19.421875,0.0005302221397869,0.4882480502128601,19.21875,19.3370361328125,0.4507941007614136,1018.0893421173096,19.70498275756836
2024-04-10 12:53:56,0.0011171305086463,0.4612655341625213,19.453125,0.0005302221397869,0.4882480502128601,19.21875,19.3370361328125,0.4507941007614136,1018.0893421173096,19.70498275756836
2024-04-10 12:53:57,0.0011171305086463,0.4612655341625213,19.453125,0.0005302221397869,0.4882480502128601,19.21875,19.3370361328125,0.4507941007614136,1018.0893421173096,19.70498275756836
2024-04-10 12:53:58,0.0011171305086463,0.4612655341625213,19.453125,0.0005302221397869,0.4882480502128601,19.21875,19.3370361328125,0.4507941007614136,1018.0776691436768,19.70498275756836
2024-04-10 12:53:59,0.0011171305086463,0.4612655341625213,19.453125,0.0005302221397869,0.4882480502128601,19.21875,19.358428955078125,0.4507941007614136,1018.0776691436768,19.70498275756836
2024-04-10 12:54:00,0.0011171305086463,0.4612655341625213,19.453125,0.0005302221397869,0.4882480502128601,19.21875,19.358428955078125,0.4507941007614136,1018.0776691436768,19.70498275756836
2024-04-10 12:54:01,0.0011171305086463,0.4612655341625213,19.453125,0.0003877712006215,0.4506905078887939,19.2109375,19.358428955078125,0.4507941007614136,1018.0776691436768,19.70498275756836
2024-04-10 12:54:02,0.0011171305086463,0.4612655341625213,19.453125,0.0003877712006215,0.4506905078887939,19.2109375,19.358428955078125,0.4507941007614136,1018.0776691436768,19.71614646911621
2024-04-10 12:54:03,0.0011171305086463,0.4612655341625213,19.453125,0.0003877712006215,0.4506905078887939,19.2109375,19.358428955078125,0.4507941007614136,1018.0776691436768,19.71614646911621
2024-04-10 12:54:04,0.0011171305086463,0.4612655341625213,19.453125,0.0003877712006215,0.4506905078887939,19.2109375,19.358428955078125,0.4507941007614136,1018.0776691436768,19.71614646911621
2024-04-10 12:54:05,0.001221657032147,0.4612655341625213,19.4453125,0.0003877712006215,0.4506905078887939,19.2109375,19.358428955078125,0.4507941007614136,1018.0199337005616,19.71614646911621
2024-04-10 12:54:06,0.001221657032147,0.4612655341625213,19.4453125,0.0003877712006215,0.4506905078887939,19.2109375,19.358428955078125,0.4507941007614136,1018.0199337005616,19.71614646911621
2024-04-10 12:54:07,0.001221657032147,0.4612655341625213,19.4453125,0.0003877712006215,0.4506905078887939,19.2109375,19.31088256835937,0.4507941007614136,1018.0199337005616,19.71614646911621
2024-04-10 12:54:08,0.001221657032147,0.4612655341625213,19.4453125,0.0003877712006215,0.4506905078887939,19.2109375,19.31088256835937,0.4507941007614136,1018.0199337005616,19.71614646911621
2024-04-10 12:54:09,0.001221657032147,0.4612655341625213,19.4453125,0.0003877712006215,0.4506905078887939,19.2109375,19.31088256835937,0.4507941007614136,1018.0199337005616,19.71614646911621
2024-04-10 12:54:10,0.001221657032147,0.4612655341625213,19.4453125,0.0007274078670889,0.4882480502128601,19.203125,19.31088256835937,0.4507941007614136,1018.0199337005616,19.70982360839844
2024-04-10 12:54:11,0.001221657032147,0.4612655341625213,19.4453125,0.0007274078670889,0.4882480502128601,19.203125,19.31088256835937,0.4507941007614136,1018.0199337005616,19.70982360839844
2024-04-10 12:54:12,0.0009591452544555,0.4612655341625213,19.46875,0.0007274078670889,0.4882480502128601,19.203125,19.31088256835937,0.4507941007614136,1018.0199337005616,19.70982360839844
2024-04-10 12:54:13,0.0009591452544555,0.4612655341625213,19.46875,0.0007274078670889,0.4882480502128601,19.203125,19.31088256835937,0.4507941007614136,1018.0199337005616,19.70982360839844
2024-04-10 12:54:14,0.0009591452544555,0.4612655341625213,19.46875,0.0007274078670889,0.4882480502128601,19.203125,19.31088256835937,0.4507941007614136,1018.0199337005616,19.70982360839844
2024-04-10 12:54:15,0.0009591452544555,0.4612655341625213,19.46875,0.0007274078670889,0.4882480502128601,19.203125,19.31088256835937,0.4507941007614136,1018.0443096160888,19.70982360839844
2024-04-10 12:54:16,0.0009591452544555,0.4612655341625213,19.46875,0.0007274078670889,0.4882480502128601,19.203125,19.31088256835937,0.4507941007614136,1018.0443096160888,19.70982360839844
2024-04-10 12:54:17,0.0009591452544555,0.4612655341625213,19.46875,0.0007601674878969,0.4506905078887939,19.21875,19.2862548828125,0.4507941007614136,1018.0443096160888,19.70982360839844
2024-04-10 12:54:18,0.0009591452544555,0.4612655341625213,19.46875,0.0007601674878969,0.4506905078887939,19.21875,19.2862548828125,0.4507941007614136,1018.0443096160888,19.70982360839844
2024-04-10 12:54:19,0.0009591452544555,0.4612655341625213,19.46875,0.0007601674878969,0.4506905078887939,19.21875,19.2862548828125,0.4446785748004913,1018.0443096160888,19.70273971557617
2024-04-10 12:54:20,0.0010725372703745,0.4997043311595917,19.4609375,0.0007601674878969,0.4506905078887939,19.21875,19.2862548828125,0.4446785748004913,1018.0443096160888,19.70273971557617
2024-04-10 12:54:21,0.0010725372703745,0.4997043311595917,19.4609375,0.0007601674878969,0.4506905078887939,19.21875,19.2862548828125,0.4446785748004913,1018.0443096160888,19.70273971557617
2024-04-10 12:54:22,0.0010725372703745,0.4997043311595917,19.4609375,0.0007601674878969,0.4506905078887939,19.21875,19.26058959960937,0.4446785748004913,1018.0563259124756,19.70273971557617
2024-04-10 12:54:23,0.0010725372703745,0.4997043311595917,19.4609375,0.0007601674878969,0.4506905078887939,19.21875,19.26058959960937,0.4446785748004913,1018.0563259124756,19.70273971557617
2024-04-10 12:54:24,0.0010725372703745,0.4997043311595917,19.4609375,0.0007601674878969,0.4506905078887939,19.21875,19.26058959960937,0.4446785748004913,1018.0563259124756,19.70273971557617
2024-04-10 12:54:25,0.0010725372703745,0.4997043311595917,19.4609375,0.0007180926622822,0.4506905078887939,19.1953125,19.26058959960937,0.4446785748004913,1018.0563259124756,19.68179702758789
2024-04-10 12:54:26,0.0010725372703745,0.4997043311595917,19.4609375,0.0007180926622822,0.4506905078887939,19.1953125,19.26058959960937,0.4446785748004913,1018.0563259124756,19.68179702758789
2024-04-10 12:54:27,0.0010725372703745,0.4997043311595917,19.4609375,0.0007180926622822,0.4506905078887939,19.1953125,19.26058959960937,0.4446785748004913,1018.0563259124756,19.68179702758789
2024-04-10 12:54:28,0.0010725372703745,0.4997043311595917,19.4609375,0.0007180926622822,0.4506905078887939,19.1953125,19.26058959960937,0.4446785748004913,1018.0563259124756,19.68179702758789
2024-04-10 12:54:29,0.0007502138614654,0.4612655341625213,19.4296875,0.0007180926622822,0.4506905078887939,19.1953125,19.26058959960937,0.4446785748004913,1018.0716609954834,19.68179702758789
2024-04-10 12:54:30,0.0007502138614654,0.4612655341625213,19.4296875,0.0007180926622822,0.4506905078887939,19.1953125,19.26058959960937,0.4446785748004913,1018.0716609954834,19.68179702758789
2024-04-10 12:54:31,0.0007502138614654,0.4612655341625213,19.4296875,0.0007180926622822,0.4506905078887939,19.1953125,19.26058959960937,0.4446785748004913,1018.0716609954834,19.68179702758789
2024-04-10 12:54:32,0.0007502138614654,0.4612655341625213,19.4296875,0.0007180926622822,0.4506905078887939,19.1953125,19.26058959960937,0.4446785748004913,1018.0716609954834,19.68179702758789
2024-04-10 12:54:33,0.0007502138614654,0.4612655341625213,19.4296875,0.0005207927315495,0.4131329655647278,19.1953125,19.2799072265625,0.4446785748004913,1018.0716609954834,19.68179702758789
2024-04-10 12:54:34,0.0007502138614654,0.4612655341625213,19.4296875,0.0005207927315495,0.4131329655647278,19.1953125,19.2799072265625,0.4446785748004913,1018.0716609954834,19.68179702758789
2024-04-10 12:54:35,0.0007502138614654,0.4612655341625213,19.4296875,0.0005207927315495,0.4131329655647278,19.1953125,19.2799072265625,0.4446785748004913,1018.0716609954834,19.69701766967773
2024-04-10 12:54:36,0.0010022373171523,0.422826737165451,19.4609375,0.0005207927315495,0.4131329655647278,19.1953125,19.2799072265625,0.4446785748004913,1018.0716609954834,19.69701766967773
2024-04-10 12:54:37,0.0010022373171523,0.422826737165451,19.4609375,0.0005207927315495,0.4131329655647278,19.1953125,19.2799072265625,0.4446785748004913,1018.0716609954834,19.69701766967773
2024-04-10 12:54:38,0.0010022373171523,0.422826737165451,19.4609375,0.0005207927315495,0.4131329655647278,19.1953125,19.262451171875,0.4446785748004913,1018.0556392669678,19.69701766967773
2024-04-10 12:54:39,0.0010022373171523,0.422826737165451,19.4609375,0.0005207927315495,0.4131329655647278,19.1953125,19.262451171875,0.4446785748004913,1018.0556392669678,19.69701766967773
2024-04-10 12:54:40,0.0010022373171523,0.422826737165451,19.4609375,0.0005207927315495,0.4131329655647278,19.1953125,19.262451171875,0.4446785748004913,1018.0556392669678,19.69701766967773
2024-04-10 12:54:41,0.0010022373171523,0.422826737165451,19.4609375,0.0004851419653277,0.4506905078887939,19.1953125,19.262451171875,0.4446785748004913,1018.0556392669678,19.69701766967773
2024-04-10 12:54:42,0.0010022373171523,0.422826737165451,19.4609375,0.0004851419653277,0.4506905078887939,19.1953125,19.262451171875,0.4446785748004913,1018.0556392669678,19.69701766967773
2024-04-10 12:54:43,0.0010022373171523,0.422826737165451,19.4609375,0.0004851419653277,0.4506905078887939,19.1953125,19.262451171875,0.4446785748004913,1018.0556392669678,19.68707847595215
2024-04-10 12:54:44,0.0009113754495047,0.4612655341625213,19.4453125,0.0004851419653277,0.4506905078887939,19.1953125,19.262451171875,0.4446785748004913,1018.0556392669678,19.68707847595215
2024-04-10 12:54:45,0.0009113754495047,0.4612655341625213,19.4453125,0.0004851419653277,0.4506905078887939,19.1953125,19.262451171875,0.4446785748004913,1018.0556392669678,19.68707847595215
2024-04-10 12:54:46,0.0009113754495047,0.4612655341625213,19.4453125,0.0004851419653277,0.4506905078887939,19.1953125,19.262451171875,0.4446785748004913,1018.0632781982422,19.68707847595215
2024-04-10 12:54:47,0.0009113754495047,0.4612655341625213,19.4453125,0.0004851419653277,0.4506905078887939,19.1953125,19.262451171875,0.4446785748004913,1018.0632781982422,19.68707847595215
2024-04-10 12:54:48,0.0009113754495047,0.4612655341625213,19.4453125,0.0004851419653277,0.4506905078887939,19.1953125,19.237548828125,0.4446785748004913,1018.0632781982422,19.68707847595215
2024-04-10 12:54:49,0.0009113754495047,0.4612655341625213,19.4453125,0.0005256374715827,0.4131329655647278,19.1953125,19.237548828125,0.4446785748004913,1018.0632781982422,19.68707847595215
2024-04-10 12:54:50,0.0009113754495047,0.4612655341625213,19.4453125,0.0005256374715827,0.4131329655647278,19.1953125,19.237548828125,0.4446785748004913,1018.0632781982422,19.70164680480957
2024-04-10 12:54:51,0.0009113754495047,0.4612655341625213,19.4453125,0.0005256374715827,0.4131329655647278,19.1953125,19.237548828125,0.4446785748004913,1018.0632781982422,19.70164680480957
2024-04-10 12:54:52,0.0011110176565125,0.4612655341625213,19.4296875,0.0005256374715827,0.4131329655647278,19.1953125,19.237548828125,0.4446785748004913,1018.0632781982422,19.70164680480957
2024-04-10 12:54:53,0.0011110176565125,0.4612655341625213,19.4296875,0.0005256374715827,0.4131329655647278,19.1953125,19.237548828125,0.4446785748004913,1018.0632781982422,19.70164680480957
2024-04-10 12:54:54,0.0011110176565125,0.4612655341625213,19.4296875,0.0005256374715827,0.4131329655647278,19.1953125,19.237548828125,0.4446785748004913,1018.0632781982422,19.70164680480957
2024-04-10 12:54:55,0.0011110176565125,0.4612655341625213,19.4296875,0.0005256374715827,0.4131329655647278,19.1953125,19.23040771484375,0.4446785748004913,1018.0632781982422,19.70164680480957
2024-04-10 12:54:56,0.0011110176565125,0.4612655341625213,19.4296875,0.0005256374715827,0.4131329655647278,19.1953125,19.23040771484375,0.4446785748004913,1018.05890083313,19.70164680480957
2024-04-10 12:54:57,0.0011110176565125,0.4612655341625213,19.4296875,0.0005256374715827,0.4131329655647278,19.1953125,19.23040771484375,0.4446785748004913,1018.05890083313,19.70164680480957
2024-04-10 12:54:58,0.0011110176565125,0.4612655341625213,19.4296875,0.0005652323598042,0.4882480502128601,19.2109375,19.23040771484375,0.4446785748004913,1018.05890083313,19.689922332763672
2024-04-10 12:54:59,0.0011110176565125,0.4612655341625213,19.4296875,0.0005652323598042,0.4882480502128601,19.2109375,19.23040771484375,0.4446785748004913,1018.05890083313,19.689922332763672
2024-04-10 12:55:00,0.0008704116335138,0.4612655341625213,19.4140625,0.0005652323598042,0.4882480502128601,19.2109375,19.23040771484375,0.4446785748004913,1018.05890083313,19.689922332763672
2024-04-10 12:55:01,0.0008704116335138,0.4612655341625213,19.4140625,0.0005652323598042,0.4882480502128601,19.2109375,19.23040771484375,0.4446785748004913,1018.0557250976562,19.689922332763672
2024-04-10 12:55:02,0.0008704116335138,0.4612655341625213,19.4140625,0.0005652323598042,0.4882480502128601,19.2109375,19.23040771484375,0.4446785748004913,1018.0557250976562,19.689922332763672
2024-04-10 12:55:03,0.0008704116335138,0.4612655341625213,19.4140625,0.0005652323598042,0.4882480502128601,19.2109375,19.278045654296875,0.4446785748004913,1018.0557250976562,19.689922332763672
2024-04-10 12:55:04,0.0008704116335138,0.4612655341625213,19.4140625,0.0005652323598042,0.4882480502128601,19.2109375,19.278045654296875,0.4446785748004913,1018.0557250976562,19.689922332763672
2024-04-10 12:55:05,0.0008704116335138,0.4612655341625213,19.4140625,0.0005950299091637,0.4506905078887939,19.203125,19.278045654296875,0.4446785748004913,1018.0557250976562,19.689922332763672
2024-04-10 12:55:06,0.0008704116335138,0.4612655341625213,19.4140625,0.0005950299091637,0.4506905078887939,19.203125,19.278045654296875,0.4446785748004913,1018.0557250976562,19.703672409057617
2024-04-10 12:55:07,0.0008704116335138,0.4612655341625213,19.4140625,0.0005950299091637,0.4506905078887939,19.203125,19.278045654296875,0.4446785748004913,1018.0557250976562,19.703672409057617
2024-04-10 12:55:08,0.0008105185115709,0.4612655341625213,19.4296875,0.0005950299091637,0.4506905078887939,19.203125,19.278045654296875,0.4446785748004913,1018.0557250976562,19.703672409057617
2024-04-10 12:55:09,0.0008105185115709,0.4612655341625213,19.4296875,0.0005950299091637,0.4506905078887939,19.203125,19.278045654296875,0.4446785748004913,1018.0557250976562,19.703672409057617
2024-04-10 12:55:10,0.0008105185115709,0.4612655341625213,19.4296875,0.0005950299091637,0.4506905078887939,19.203125,19.278045654296875,0.4446785748004913,1018.0567836761476,19.703672409057617
2024-04-10 12:55:11,0.0008105185115709,0.4612655341625213,19.4296875,0.0005950299091637,0.4506905078887939,19.203125,19.2176513671875,0.4446785748004913,1018.0567836761476,19.703672409057617
2024-04-10 12:55:12,0.0008105185115709,0.4612655341625213,19.4296875,0.0005950299091637,0.4506905078887939,19.203125,19.2176513671875,0.4446785748004913,1018.0567836761476,19.703672409057617
2024-04-10 12:55:13,0.0008105185115709,0.4612655341625213,19.4296875,0.000485476310132,0.5258055925369263,19.1796875,19.2176513671875,0.4446785748004913,1018.0567836761476,19.703672409057617
2024-04-10 12:55:14,0.0008105185115709,0.4612655341625213,19.4296875,0.000485476310132,0.5258055925369263,19.1796875,19.2176513671875,0.4446785748004913,1018.0567836761476,19.687931060791016
2024-04-10 12:55:15,0.0008105185115709,0.4612655341625213,19.4296875,0.000485476310132,0.5258055925369263,19.1796875,19.2176513671875,0.4446785748004913,1018.0567836761476,19.687931060791016
2024-04-10 12:55:16,0.0008014981285668,0.422826737165451,19.4140625,0.000485476310132,0.5258055925369263,19.1796875,19.2176513671875,0.4446785748004913,1018.0567836761476,19.687931060791016
2024-04-10 12:55:17,0.0008014981285668,0.422826737165451,19.4140625,0.000485476310132,0.5258055925369263,19.1796875,19.2176513671875,0.4455673694610595,1018.0567836761476,19.687931060791016
2024-04-10 12:55:18,0.0008014981285668,0.422826737165451,19.4140625,0.000485476310132,0.5258055925369263,19.1796875,19.2176513671875,0.4455673694610595,1018.0567836761476,19.687931060791016
2024-04-10 12:55:19,0.0008014981285668,0.422826737165451,19.4140625,0.000485476310132,0.5258055925369263,19.1796875,19.212921142578125,0.4455673694610595,1018.051176071167,19.687931060791016
2024-04-10 12:55:20,0.0008014981285668,0.422826737165451,19.4140625,0.000485476310132,0.5258055925369263,19.1796875,19.212921142578125,0.4455673694610595,1018.051176071167,19.687931060791016
2024-04-10 12:55:21,0.0008014981285668,0.422826737165451,19.4140625,0.0006566278170794,0.4506905078887939,19.1953125,19.212921142578125,0.4455673694610595,1018.051176071167,19.69179344177246
2024-04-10 12:55:22,0.0008014981285668,0.422826737165451,19.4140625,0.0006566278170794,0.4506905078887939,19.1953125,19.212921142578125,0.4455673694610595,1018.051176071167,19.69179344177246
2024-04-10 12:55:23,0.0008014981285668,0.422826737165451,19.4140625,0.0006566278170794,0.4506905078887939,19.1953125,19.212921142578125,0.4455673694610595,1018.051176071167,19.69179344177246
2024-04-10 12:55:24,0.0009819837287068,0.422826737165451,19.4296875,0.0006566278170794,0.4506905078887939,19.1953125,19.212921142578125,0.4455673694610595,1018.051176071167,19.69179344177246
2024-04-10 12:55:25,0.0009819837287068,0.422826737165451,19.4296875,0.0006566278170794,0.4506905078887939,19.1953125,19.212921142578125,0.4455673694610595,1018.051176071167,19.69179344177246
2024-04-10 12:55:26,0.0009819837287068,0.422826737165451,19.4296875,0.0006566278170794,0.4506905078887939,19.1953125,19.212921142578125,0.4455673694610595,1018.051176071167,19.69179344177246
2024-04-10 12:55:27,0.0009819837287068,0.422826737165451,19.4296875,0.0006566278170794,0.4506905078887939,19.1953125,19.212921142578125,0.4455673694610595,1018.051176071167,19.69179344177246
2024-04-10 12:55:28,0.0009819837287068,0.422826737165451,19.4296875,0.0006566278170794,0.4506905078887939,19.1953125,19.212921142578125,0.4455673694610595,1018.051176071167,19.69179344177246
2024-04-10 12:55:29,0.0009819837287068,0.422826737165451,19.4296875,0.0006566278170794,0.4506905078887939,19.1953125,19.2254638671875,0.4455673694610595,1018.0517482757568,19.69179344177246
2024-04-10 12:55:30,0.0009819837287068,0.422826737165451,19.4296875,0.0006566278170794,0.4506905078887939,19.1953125,19.2254638671875,0.4455673694610595,1018.0517482757568,19.69179344177246
2024-04-10 12:55:31,0.0009819837287068,0.422826737165451,19.4296875,0.0006460527074523,0.4882480502128601,19.1953125,19.2254638671875,0.4455673694610595,1018.0517482757568,19.69179344177246
2024-04-10 12:55:32,0.0012735613854601,0.422826737165451,19.4296875,0.0006460527074523,0.4882480502128601,19.1953125,19.2254638671875,0.4455673694610595,1018.0517482757568,19.69179344177246
2024-04-10 12:55:33,0.0012735613854601,0.422826737165451,19.4296875,0.0006460527074523,0.4882480502128601,19.1953125,19.2254638671875,0.4455673694610595,1018.0517482757568,19.69179344177246
2024-04-10 12:55:34,0.0012735613854601,0.422826737165451,19.4296875,0.0006460527074523,0.4882480502128601,19.1953125,19.16839599609375,0.4455673694610595,1018.0517482757568,19.6876163482666
2024-04-10 12:55:35,0.0012735613854601,0.422826737165451,19.4296875,0.0006460527074523,0.4882480502128601,19.1953125,19.16839599609375,0.4455673694610595,1018.0517482757568,19.6876163482666
2024-04-10 12:55:36,0.0012735613854601,0.422826737165451,19.4296875,0.0006460527074523,0.4882480502128601,19.1953125,19.16839599609375,0.4455673694610595,1018.0517482757568,19.6876163482666
2024-04-10 12:55:37,0.0012735613854601,0.422826737165451,19.4296875,0.000604715256486,0.5258055925369263,19.1875,19.16839599609375,0.4455673694610595,1018.0394458770752,19.6876163482666
2024-04-10 12:55:38,0.0012735613854601,0.422826737165451,19.4296875,0.000604715256486,0.5258055925369263,19.1875,19.16839599609375,0.4455673694610595,1018.0394458770752,19.6876163482666
2024-04-10 12:55:39,0.0012735613854601,0.422826737165451,19.4296875,0.000604715256486,0.5258055925369263,19.1875,19.16839599609375,0.4455673694610595,1018.0394458770752,19.709211349487305
2024-04-10 12:55:40,0.0007150674355216,0.4997043311595917,19.40625,0.000604715256486,0.5258055925369263,19.1875,19.16839599609375,0.4455673694610595,1018.0394458770752,19.709211349487305
2024-04-10 12:55:41,0.0007150674355216,0.4997043311595917,19.40625,0.000604715256486,0.5258055925369263,19.1875,19.16839599609375,0.4455673694610595,1018.0323791503906,19.709211349487305
2024-04-10 12:55:42,0.0007150674355216,0.4997043311595917,19.40625,0.000604715256486,0.5258055925369263,19.1875,19.16839599609375,0.4455673694610595,1018.0323791503906,19.709211349487305
2024-04-10 12:55:43,0.0007150674355216,0.4997043311595917,19.40625,0.000604715256486,0.5258055925369263,19.1875,19.16839599609375,0.4455673694610595,1018.0323791503906,19.709211349487305
2024-04-10 12:55:44,0.0007150674355216,0.4997043311595917,19.40625,0.000604715256486,0.5258055925369263,19.1875,19.23910522460937,0.4455673694610595,1018.0323791503906,19.709211349487305
2024-04-10 12:55:45,0.0007150674355216,0.4997043311595917,19.40625,0.0007549863075837,0.4882480502128601,19.1796875,19.23910522460937,0.4455673694610595,1018.0323791503906,19.709211349487305
2024-04-10 12:55:46,0.0007150674355216,0.4997043311595917,19.40625,0.0007549863075837,0.4882480502128601,19.1796875,19.23910522460937,0.4455673694610595,1018.0323791503906,19.709211349487305
2024-04-10 12:55:47,0.0007150674355216,0.4997043311595917,19.40625,0.0007549863075837,0.4882480502128601,19.1796875,19.23910522460937,0.4455673694610595,1018.0323791503906,19.71832656860352
2024-04-10 12:55:48,0.0007894757436588,0.422826737165451,19.421875,0.0007549863075837,0.4882480502128601,19.1796875,19.23910522460937,0.4455673694610595,1018.0323791503906,19.71832656860352
2024-04-10 12:55:49,0.0007894757436588,0.422826737165451,19.421875,0.0007549863075837,0.4882480502128601,19.1796875,19.23910522460937,0.4455673694610595,1018.009033203125,19.71832656860352
2024-04-10 12:55:50,0.0007894757436588,0.422826737165451,19.421875,0.0007549863075837,0.4882480502128601,19.1796875,19.2088623046875,0.4455673694610595,1018.009033203125,19.71832656860352
2024-04-10 12:55:51,0.0007894757436588,0.422826737165451,19.421875,0.0007549863075837,0.4882480502128601,19.1796875,19.2088623046875,0.4455673694610595,1018.009033203125,19.71832656860352
2024-04-10 12:55:52,0.0007894757436588,0.422826737165451,19.421875,0.0007549863075837,0.4882480502128601,19.1796875,19.2088623046875,0.4455673694610595,1018.009033203125,19.71832656860352
2024-04-10 12:55:53,0.0007894757436588,0.422826737165451,19.421875,0.0007549863075837,0.4882480502128601,19.1796875,19.2088623046875,0.4455673694610595,1018.009033203125,19.71832656860352
2024-04-10 12:55:54,0.0007894757436588,0.422826737165451,19.421875,0.0006463659810833,0.4506905078887939,19.171875,19.2088623046875,0.4455673694610595,1018.009033203125,19.71832656860352
2024-04-10 12:55:55,0.0007894757436588,0.422826737165451,19.421875,0.0006463659810833,0.4506905078887939,19.171875,19.2088623046875,0.4455673694610595,1018.009033203125,19.712495803833008
2024-04-10 12:55:56,0.0007934913737699,0.422826737165451,19.4140625,0.0006463659810833,0.4506905078887939,19.171875,19.2088623046875,0.4455673694610595,1018.009033203125,19.712495803833008
2024-04-10 12:55:57,0.0007934913737699,0.422826737165451,19.4140625,0.0006463659810833,0.4506905078887939,19.171875,19.2088623046875,0.4455673694610595,1018.009033203125,19.712495803833008
2024-04-10 12:55:58,0.0007934913737699,0.422826737165451,19.4140625,0.0006463659810833,0.4506905078887939,19.171875,19.2088623046875,0.4455673694610595,1018.086109161377,19.712495803833008
2024-04-10 12:55:59,0.0007934913737699,0.422826737165451,19.4140625,0.0006463659810833,0.4506905078887939,19.171875,19.2467041015625,0.4455673694610595,1018.086109161377,19.712495803833008
2024-04-10 12:56:00,0.0007934913737699,0.422826737165451,19.4140625,0.0006463659810833,0.4506905078887939,19.171875,19.2467041015625,0.4455673694610595,1018.086109161377,19.712495803833008
2024-04-10 12:56:01,0.0007934913737699,0.422826737165451,19.4140625,0.0007384091150015,0.4506905078887939,19.1875,19.2467041015625,0.4455673694610595,1018.086109161377,19.712495803833008
2024-04-10 12:56:02,0.0007934913737699,0.422826737165451,19.4140625,0.0007384091150015,0.4506905078887939,19.1875,19.2467041015625,0.4455673694610595,1018.086109161377,19.714418411254883
2024-04-10 12:56:03,0.0007934913737699,0.422826737165451,19.4140625,0.0007384091150015,0.4506905078887939,19.1875,19.2467041015625,0.4455673694610595,1018.086109161377,19.714418411254883
2024-04-10 12:56:04,0.0012925993651151,0.4612655341625213,19.4140625,0.0007384091150015,0.4506905078887939,19.1875,19.2467041015625,0.4455673694610595,1018.086109161377,19.714418411254883
2024-04-10 12:56:05,0.0012925993651151,0.4612655341625213,19.4140625,0.0007384091150015,0.4506905078887939,19.1875,19.2467041015625,0.4455673694610595,1018.0092620849608,19.714418411254883
2024-04-10 12:56:06,0.0012925993651151,0.4612655341625213,19.4140625,0.0007384091150015,0.4506905078887939,19.1875,19.19769287109375,0.4455673694610595,1018.0092620849608,19.714418411254883
2024-04-10 12:56:07,0.0012925993651151,0.4612655341625213,19.4140625,0.0007384091150015,0.4506905078887939,19.1875,19.19769287109375,0.4455673694610595,1018.0092620849608,19.714418411254883
2024-04-10 12:56:08,0.0012925993651151,0.4612655341625213,19.4140625,0.0007384091150015,0.4506905078887939,19.1875,19.19769287109375,0.4455673694610595,1018.0092620849608,19.714418411254883
2024-04-10 12:56:09,0.0012925993651151,0.4612655341625213,19.4140625,0.0006182384095154,0.4131329655647278,19.171875,19.19769287109375,0.4455673694610595,1018.0092620849608,19.725244522094727
2024-04-10 12:56:10,0.0012925993651151,0.4612655341625213,19.4140625,0.0006182384095154,0.4131329655647278,19.171875,19.19769287109375,0.4455673694610595,1018.0092620849608,19.725244522094727
2024-04-10 12:56:11,0.0012925993651151,0.4612655341625213,19.4140625,0.0006182384095154,0.4131329655647278,19.171875,19.19769287109375,0.4455673694610595,1018.0092620849608,19.725244522094727
2024-04-10 12:56:12,0.0007791471434757,0.4997043311595917,19.40625,0.0006182384095154,0.4131329655647278,19.171875,19.19769287109375,0.4455673694610595,1018.0092620849608,19.725244522094727
2024-04-10 12:56:13,0.0007791471434757,0.4997043311595917,19.40625,0.0006182384095154,0.4131329655647278,19.171875,19.19769287109375,0.4455673694610595,1017.963171005249,19.725244522094727
2024-04-10 12:56:14,0.0007791471434757,0.4997043311595917,19.40625,0.0006182384095154,0.4131329655647278,19.171875,19.19769287109375,0.4455673694610595,1017.963171005249,19.725244522094727
2024-04-10 12:56:15,0.0007791471434757,0.4997043311595917,19.40625,0.0006182384095154,0.4131329655647278,19.171875,19.1812744140625,0.4455673694610595,1017.963171005249,19.725244522094727
2024-04-10 12:56:16,0.0007791471434757,0.4997043311595917,19.40625,0.0006182384095154,0.4131329655647278,19.171875,19.1812744140625,0.4493997097015381,1017.963171005249,19.725244522094727
2024-04-10 12:56:17,0.0007791471434757,0.4997043311595917,19.40625,0.0009297439828515,0.4506905078887939,19.1875,19.1812744140625,0.4493997097015381,1017.963171005249,19.725244522094727
2024-04-10 12:56:18,0.0007791471434757,0.4997043311595917,19.40625,0.0009297439828515,0.4506905078887939,19.1875,19.1812744140625,0.4493997097015381,1017.963171005249,19.72958755493164
2024-04-10 12:56:19,0.0007791471434757,0.4997043311595917,19.40625,0.0009297439828515,0.4506905078887939,19.1875,19.1812744140625,0.4493997097015381,1017.963171005249,19.72958755493164
2024-04-10 12:56:20,0.0007791471434757,0.4997043311595917,19.40625,0.0009297439828515,0.4506905078887939,19.1875,19.1812744140625,0.4493997097015381,1017.963171005249,19.72958755493164
2024-04-10 12:56:21,0.0012199103366583,0.4612655341625213,19.4375,0.0009297439828515,0.4506905078887939,19.1875,19.1812744140625,0.4493997097015381,1017.963171005249,19.72958755493164
2024-04-10 12:56:22,0.0012199103366583,0.4612655341625213,19.4375,0.0009297439828515,0.4506905078887939,19.1875,19.21282958984375,0.4493997097015381,1017.9877185821532,19.72958755493164
2024-04-10 12:56:23,0.0012199103366583,0.4612655341625213,19.4375,0.0009297439828515,0.4506905078887939,19.1875,19.21282958984375,0.4493997097015381,1017.9877185821532,19.72958755493164
2024-04-10 12:56:24,0.0012199103366583,0.4612655341625213,19.4375,0.0009297439828515,0.4506905078887939,19.1875,19.21282958984375,0.4493997097015381,1017.9877185821532,19.72958755493164
2024-04-10 12:56:25,0.0012199103366583,0.4612655341625213,19.4375,0.0006022016168572,0.4506905078887939,19.1953125,19.21282958984375,0.4493997097015381,1017.9877185821532,19.73774719238281
2024-04-10 12:56:26,0.0012199103366583,0.4612655341625213,19.4375,0.0006022016168572,0.4506905078887939,19.1953125,19.21282958984375,0.4493997097015381,1017.9877185821532,19.73774719238281
2024-04-10 12:56:27,0.0012199103366583,0.4612655341625213,19.4375,0.0006022016168572,0.4506905078887939,19.1953125,19.21282958984375,0.4493997097015381,1017.9877185821532,19.73774719238281
2024-04-10 12:56:28,0.0012188873952254,0.422826737165451,19.40625,0.0006022016168572,0.4506905078887939,19.1953125,19.21282958984375,0.4493997097015381,1017.9877185821532,19.73774719238281
2024-04-10 12:56:29,0.0012188873952254,0.422826737165451,19.40625,0.0006022016168572,0.4506905078887939,19.1953125,19.21282958984375,0.4493997097015381,1017.9877185821532,19.73774719238281
2024-04-10 12:56:30,0.0012188873952254,0.422826737165451,19.40625,0.0006022016168572,0.4506905078887939,19.1953125,19.21282958984375,0.4493997097015381,1017.9608249664308,19.73774719238281
2024-04-10 12:56:31,0.0012188873952254,0.422826737165451,19.40625,0.0006022016168572,0.4506905078887939,19.1953125,19.219146728515625,0.4493997097015381,1017.9608249664308,19.73774719238281
2024-04-10 12:56:32,0.0012188873952254,0.422826737165451,19.40625,0.0006022016168572,0.4506905078887939,19.1953125,19.219146728515625,0.4493997097015381,1017.9608249664308,19.73774719238281
2024-04-10 12:56:33,0.0012188873952254,0.422826737165451,19.40625,0.0003030425868928,0.4131329655647278,19.1796875,19.219146728515625,0.4493997097015381,1017.9608249664308,19.734960556030277
2024-04-10 12:56:34,0.0012188873952254,0.422826737165451,19.40625,0.0003030425868928,0.4131329655647278,19.1796875,19.219146728515625,0.4493997097015381,1017.9608249664308,19.734960556030277
2024-04-10 12:56:35,0.0012188873952254,0.422826737165451,19.40625,0.0003030425868928,0.4131329655647278,19.1796875,19.219146728515625,0.4493997097015381,1017.9608249664308,19.734960556030277
2024-04-10 12:56:36,0.0009308433509431,0.422826737165451,19.3984375,0.0003030425868928,0.4131329655647278,19.1796875,19.219146728515625,0.4493997097015381,1017.9608249664308,19.734960556030277
2024-04-10 12:56:37,0.0009308433509431,0.422826737165451,19.3984375,0.0003030425868928,0.4131329655647278,19.1796875,19.219146728515625,0.4493997097015381,1017.9608249664308,19.734960556030277
2024-04-10 12:56:38,0.0009308433509431,0.422826737165451,19.3984375,0.0003030425868928,0.4131329655647278,19.1796875,19.219146728515625,0.4493997097015381,1017.9608249664308,19.734960556030277
2024-04-10 12:56:39,0.0009308433509431,0.422826737165451,19.3984375,0.0003030425868928,0.4131329655647278,19.1796875,19.219146728515625,0.4493997097015381,1017.9862022399902,19.734960556030277
2024-04-10 12:56:40,0.0009308433509431,0.422826737165451,19.3984375,0.0003030425868928,0.4131329655647278,19.1796875,19.26544189453125,0.4493997097015381,1017.9862022399902,19.734960556030277
2024-04-10 12:56:41,0.0009308433509431,0.422826737165451,19.3984375,0.0003030425868928,0.4131329655647278,19.1796875,19.26544189453125,0.4493997097015381,1017.9862022399902,19.734960556030277
2024-04-10 12:56:42,0.0009308433509431,0.422826737165451,19.3984375,0.0003030425868928,0.4131329655647278,19.1796875,19.26544189453125,0.4493997097015381,1017.9862022399902,19.725364685058597
2024-04-10 12:56:43,0.0009308433509431,0.422826737165451,19.3984375,0.0003169817209709,0.4506905078887939,19.171875,19.26544189453125,0.4493997097015381,1017.9862022399902,19.725364685058597
2024-04-10 12:56:44,0.0006600774358958,0.4612655341625213,19.390625,0.0003169817209709,0.4506905078887939,19.171875,19.26544189453125,0.4493997097015381,1017.9862022399902,19.725364685058597
2024-04-10 12:56:45,0.0006600774358958,0.4612655341625213,19.390625,0.0003169817209709,0.4506905078887939,19.171875,19.26544189453125,0.4493997097015381,1017.9862022399902,19.725364685058597
2024-04-10 12:56:46,0.0006600774358958,0.4612655341625213,19.390625,0.0003169817209709,0.4506905078887939,19.171875,19.26544189453125,0.4493997097015381,1017.981595993042,19.725364685058597
2024-04-10 12:56:47,0.0006600774358958,0.4612655341625213,19.390625,0.0003169817209709,0.4506905078887939,19.171875,19.26544189453125,0.4493997097015381,1017.981595993042,19.725364685058597
2024-04-10 12:56:48,0.0006600774358958,0.4612655341625213,19.390625,0.0003169817209709,0.4506905078887939,19.171875,19.26544189453125,0.4493997097015381,1017.981595993042,19.725364685058597
2024-04-10 12:56:49,0.0006600774358958,0.4612655341625213,19.390625,0.0006363864522427,0.4131329655647278,19.1796875,19.26544189453125,0.4493997097015381,1017.981595993042,19.725364685058597
2024-04-10 12:56:50,0.0006600774358958,0.4612655341625213,19.390625,0.0006363864522427,0.4131329655647278,19.1796875,19.26544189453125,0.4493997097015381,1017.981595993042,19.735979080200195
2024-04-10 12:56:51,0.0006600774358958,0.4612655341625213,19.390625,0.0006363864522427,0.4131329655647278,19.1796875,19.2294921875,0.4493997097015381,1017.981595993042,19.735979080200195
2024-04-10 12:56:52,0.00131623854395,0.4612655341625213,19.3828125,0.0006363864522427,0.4131329655647278,19.1796875,19.2294921875,0.4493997097015381,1017.981595993042,19.735979080200195
2024-04-10 12:56:53,0.00131623854395,0.4612655341625213,19.3828125,0.0006363864522427,0.4131329655647278,19.1796875,19.2294921875,0.4493997097015381,1017.981595993042,19.735979080200195
2024-04-10 12:56:54,0.00131623854395,0.4612655341625213,19.3828125,0.0006363864522427,0.4131329655647278,19.1796875,19.2294921875,0.4493997097015381,1017.9520988464355,19.735979080200195
2024-04-10 12:56:55,0.00131623854395,0.4612655341625213,19.3828125,0.0006363864522427,0.4131329655647278,19.1796875,19.2294921875,0.4493997097015381,1017.9520988464355,19.735979080200195
2024-04-10 12:56:56,0.00131623854395,0.4612655341625213,19.3828125,0.0006363864522427,0.4131329655647278,19.1796875,19.24127197265625,0.4493997097015381,1017.9520988464355,19.735979080200195
2024-04-10 12:56:57,0.00131623854395,0.4612655341625213,19.3828125,0.0006037893472239,0.4131329655647278,19.15625,19.24127197265625,0.4493997097015381,1017.9520988464355,19.735979080200195
2024-04-10 12:56:58,0.00131623854395,0.4612655341625213,19.3828125,0.0006037893472239,0.4131329655647278,19.15625,19.24127197265625,0.4493997097015381,1017.9520988464355,19.735979080200195
2024-04-10 12:56:59,0.00131623854395,0.4612655341625213,19.3828125,0.0006037893472239,0.4131329655647278,19.15625,19.24127197265625,0.4493997097015381,1017.9520988464355,19.736167907714844
2024-04-10 12:57:00,0.001021540723741,0.4997043311595917,19.3984375,0.0006037893472239,0.4131329655647278,19.15625,19.24127197265625,0.4493997097015381,1017.9520988464355,19.736167907714844
2024-04-10 12:57:01,0.001021540723741,0.4997043311595917,19.3984375,0.0006037893472239,0.4131329655647278,19.15625,19.24127197265625,0.4493997097015381,1017.956247329712,19.736167907714844
2024-04-10 12:57:02,0.001021540723741,0.4997043311595917,19.3984375,0.0006037893472239,0.4131329655647278,19.15625,19.24127197265625,0.4493997097015381,1017.956247329712,19.736167907714844
2024-04-10 12:57:03,0.001021540723741,0.4997043311595917,19.3984375,0.0006037893472239,0.4131329655647278,19.15625,19.25521850585937,0.4493997097015381,1017.956247329712,19.736167907714844
2024-04-10 12:57:04,0.001021540723741,0.4997043311595917,19.3984375,0.0006037893472239,0.4131329655647278,19.15625,19.25521850585937,0.4493997097015381,1017.956247329712,19.736167907714844
2024-04-10 12:57:05,0.001021540723741,0.4997043311595917,19.3984375,0.0004363901098258,0.4506905078887939,19.1796875,19.25521850585937,0.4493997097015381,1017.956247329712,19.736167907714844
2024-04-10 12:57:06,0.001021540723741,0.4997043311595917,19.3984375,0.0004363901098258,0.4506905078887939,19.1796875,19.25521850585937,0.4493997097015381,1017.956247329712,19.741792678833008
2024-04-10 12:57:07,0.001021540723741,0.4997043311595917,19.3984375,0.0004363901098258,0.4506905078887939,19.1796875,19.25521850585937,0.4493997097015381,1017.956247329712,19.741792678833008
2024-04-10 12:57:08,0.0010703721782192,0.422826737165451,19.390625,0.0004363901098258,0.4506905078887939,19.1796875,19.25521850585937,0.4493997097015381,1017.956247329712,19.741792678833008
2024-04-10 12:57:09,0.0010703721782192,0.422826737165451,19.390625,0.0004363901098258,0.4506905078887939,19.1796875,19.25521850585937,0.4493997097015381,1017.974271774292,19.741792678833008
2024-04-10 12:57:10,0.0010703721782192,0.422826737165451,19.390625,0.0004363901098258,0.4506905078887939,19.1796875,19.25521850585937,0.4493997097015381,1017.974271774292,19.741792678833008
2024-04-10 12:57:11,0.0010703721782192,0.422826737165451,19.390625,0.0004363901098258,0.4506905078887939,19.1796875,19.25521850585937,0.4493997097015381,1017.974271774292,19.741792678833008
2024-04-10 12:57:12,0.0010703721782192,0.422826737165451,19.390625,0.0004363901098258,0.4506905078887939,19.1796875,19.299560546875,0.4493997097015381,1017.974271774292,19.741792678833008
2024-04-10 12:57:13,0.0010703721782192,0.422826737165451,19.390625,0.0004363901098258,0.4506905078887939,19.1796875,19.299560546875,0.4493997097015381,1017.974271774292,19.741792678833008
2024-04-10 12:57:14,0.0010703721782192,0.422826737165451,19.390625,0.0004866101080551,0.4506905078887939,19.1796875,19.299560546875,0.4493997097015381,1017.974271774292,19.719865798950195
2024-04-10 12:57:15,0.0010703721782192,0.422826737165451,19.390625,0.0004866101080551,0.4882480502128601,19.1796875,19.299560546875,0.4493997097015381,1017.974271774292,19.719865798950195
2024-04-10 12:57:16,0.0010327460477128,0.4612655341625213,19.3671875,0.0004866101080551,0.4882480502128601,19.1796875,19.299560546875,0.4493997097015381,1017.974271774292,19.719865798950195
2024-04-10 12:57:17,0.0010327460477128,0.4612655341625213,19.3671875,0.0004866101080551,0.4882480502128601,19.1796875,19.299560546875,0.4512286186218261,1017.974271774292,19.719865798950195
2024-04-10 12:57:18,0.0010327460477128,0.4612655341625213,19.3671875,0.0004866101080551,0.4882480502128601,19.1796875,19.234527587890625,0.4512286186218261,1017.974271774292,19.719865798950195
2024-04-10 12:57:19,0.0010327460477128,0.4612655341625213,19.3671875,0.0004866101080551,0.4882480502128601,19.1796875,19.234527587890625,0.4512286186218261,1017.974271774292,19.719865798950195
2024-04-10 12:57:20,0.0010327460477128,0.4612655341625213,19.3671875,0.0004866101080551,0.4882480502128601,19.1796875,19.234527587890625,0.4512286186218261,1017.9714393615724,19.719865798950195
2024-04-10 12:57:21,0.0010327460477128,0.4612655341625213,19.3671875,0.0004632902855519,0.4131329655647278,19.1640625,19.234527587890625,0.4512286186218261,1017.9714393615724,19.73004531860352
2024-04-10 12:57:22,0.0010327460477128,0.4612655341625213,19.3671875,0.0004632902855519,0.4131329655647278,19.1640625,19.234527587890625,0.4512286186218261,1017.9714393615724,19.73004531860352
2024-04-10 12:57:23,0.0010327460477128,0.4612655341625213,19.3671875,0.0004632902855519,0.4131329655647278,19.1640625,19.234527587890625,0.4512286186218261,1017.9714393615724,19.73004531860352
2024-04-10 12:57:24,0.0010764398612082,0.4612655341625213,19.3828125,0.0004632902855519,0.4131329655647278,19.1640625,19.234527587890625,0.4512286186218261,1017.9714393615724,19.73004531860352
2024-04-10 12:57:25,0.0010764398612082,0.4612655341625213,19.3828125,0.0004632902855519,0.4131329655647278,19.1640625,19.234527587890625,0.4512286186218261,1017.9714393615724,19.73004531860352
2024-04-10 12:57:26,0.0010764398612082,0.4612655341625213,19.3828125,0.0004632902855519,0.4131329655647278,19.1640625,19.234527587890625,0.4512286186218261,1017.9714393615724,19.73004531860352
2024-04-10 12:57:27,0.0010764398612082,0.4612655341625213,19.3828125,0.0004632902855519,0.4131329655647278,19.1640625,19.239013671875,0.4512286186218261,1017.9714393615724,19.73004531860352
2024-04-10 12:57:28,0.0010764398612082,0.4612655341625213,19.3828125,0.0004632902855519,0.4131329655647278,19.1640625,19.239013671875,0.4512286186218261,1017.9714393615724,19.73004531860352
2024-04-10 12:57:29,0.0010764398612082,0.4612655341625213,19.3828125,0.00063641986344,0.4506905078887939,19.1796875,19.239013671875,0.4512286186218261,1017.9714393615724,19.720117568969727
2024-04-10 12:57:30,0.0010764398612082,0.4612655341625213,19.3828125,0.00063641986344,0.4506905078887939,19.1796875,19.239013671875,0.4512286186218261,1017.9714393615724,19.720117568969727
2024-04-10 12:57:31,0.0010764398612082,0.4612655341625213,19.3828125,0.00063641986344,0.4506905078887939,19.1796875,19.239013671875,0.4512286186218261,1017.9714393615724,19.720117568969727
2024-04-10 12:57:32,0.0010764398612082,0.4612655341625213,19.3828125,0.00063641986344,0.4506905078887939,19.1796875,19.239013671875,0.4512286186218261,1017.9714393615724,19.720117568969727
2024-04-10 12:57:33,0.0010670509655028,0.422826737165451,19.375,0.00063641986344,0.4506905078887939,19.1796875,19.239013671875,0.4512286186218261,1017.9486656188964,19.720117568969727
2024-04-10 12:57:34,0.0010670509655028,0.422826737165451,19.375,0.00063641986344,0.4506905078887939,19.1796875,19.28460693359375,0.4512286186218261,1017.9486656188964,19.720117568969727
2024-04-10 12:57:35,0.0010670509655028,0.422826737165451,19.375,0.00063641986344,0.4506905078887939,19.1796875,19.28460693359375,0.4512286186218261,1018.000020980835,19.720117568969727
2024-04-10 12:57:36,0.0010670509655028,0.422826737165451,19.375,0.00063641986344,0.4506905078887939,19.1796875,19.28460693359375,0.4512286186218261,1018.000020980835,19.720117568969727
2024-04-10 12:57:37,0.0010670509655028,0.422826737165451,19.375,0.0007628601160831,0.4131329655647278,19.1640625,19.28460693359375,0.4512286186218261,1018.000020980835,19.722137451171875
2024-04-10 12:57:38,0.0010670509655028,0.422826737165451,19.375,0.0007628601160831,0.4131329655647278,19.1640625,19.28460693359375,0.4512286186218261,1018.000020980835,19.722137451171875
2024-04-10 12:57:39,0.0010670509655028,0.422826737165451,19.375,0.0007628601160831,0.4131329655647278,19.1640625,19.28460693359375,0.4512286186218261,1018.000020980835,19.722137451171875
2024-04-10 12:57:40,0.0011102767894044,0.422826737165451,19.3671875,0.0007628601160831,0.4131329655647278,19.1640625,19.28460693359375,0.4512286186218261,1018.000020980835,19.722137451171875
2024-04-10 12:57:41,0.0011102767894044,0.422826737165451,19.3671875,0.0007628601160831,0.4131329655647278,19.1640625,19.28460693359375,0.4512286186218261,1018.000020980835,19.722137451171875
2024-04-10 12:57:42,0.0011102767894044,0.422826737165451,19.3671875,0.0007628601160831,0.4131329655647278,19.1640625,19.28460693359375,0.4512286186218261,1017.9765033721924,19.722137451171875
2024-04-10 12:57:43,0.0011102767894044,0.422826737165451,19.3671875,0.0007628601160831,0.4131329655647278,19.1640625,19.265045166015625,0.4512286186218261,1017.9765033721924,19.722137451171875
2024-04-10 12:57:44,0.0011102767894044,0.422826737165451,19.3671875,0.0007628601160831,0.4131329655647278,19.1640625,19.265045166015625,0.4512286186218261,1017.9765033721924,19.722137451171875
2024-04-10 12:57:45,0.0011102767894044,0.422826737165451,19.3671875,0.0007007720414549,0.863823413848877,19.1796875,19.265045166015625,0.4512286186218261,1017.9765033721924,19.722137451171875
2024-04-10 12:57:46,0.0011102767894044,0.422826737165451,19.3671875,0.0007007720414549,0.863823413848877,19.1796875,19.265045166015625,0.4512286186218261,1017.9765033721924,19.722137451171875
2024-04-10 12:57:47,0.0011102767894044,0.422826737165451,19.3671875,0.0007007720414549,0.863823413848877,19.1796875,19.265045166015625,0.4512286186218261,1017.9765033721924,19.72867202758789
2024-04-10 12:57:48,0.0008926677401177,0.4997043311595917,19.390625,0.0007007720414549,0.863823413848877,19.1796875,19.265045166015625,0.4512286186218261,1017.9765033721924,19.72867202758789
2024-04-10 12:57:49,0.0008926677401177,0.4997043311595917,19.390625,0.0007007720414549,0.863823413848877,19.1796875,19.265045166015625,0.4512286186218261,1017.9765033721924,19.72867202758789
2024-04-10 12:57:50,0.0008926677401177,0.4997043311595917,19.390625,0.0007007720414549,0.863823413848877,19.1796875,19.265045166015625,0.4512286186218261,1017.9934692382812,19.72867202758789
2024-04-10 12:57:51,0.0008926677401177,0.4997043311595917,19.390625,0.0007007720414549,0.863823413848877,19.1796875,19.265045166015625,0.4512286186218261,1017.9934692382812,19.72867202758789
2024-04-10 12:57:52,0.0008926677401177,0.4997043311595917,19.390625,0.0007007720414549,0.863823413848877,19.1796875,19.265045166015625,0.4512286186218261,1017.9934692382812,19.72867202758789
2024-04-10 12:57:53,0.0008926677401177,0.4997043311595917,19.390625,0.0007007720414549,0.863823413848877,19.1796875,19.265045166015625,0.4512286186218261,1017.9934692382812,19.72867202758789
2024-04-10 12:57:54,0.0008926677401177,0.4997043311595917,19.390625,0.0003870503860525,0.4131329655647278,19.1796875,19.249237060546875,0.4512286186218261,1017.9934692382812,19.72867202758789
2024-04-10 12:57:55,0.0008926677401177,0.4997043311595917,19.390625,0.0003870503860525,0.4131329655647278,19.1796875,19.249237060546875,0.4512286186218261,1017.9934692382812,19.73768424987793
2024-04-10 12:57:56,0.0007117766654118,0.4612655341625213,19.40625,0.0003870503860525,0.4131329655647278,19.1796875,19.249237060546875,0.4512286186218261,1017.9934692382812,19.73768424987793
2024-04-10 12:57:57,0.0007117766654118,0.4612655341625213,19.40625,0.0003870503860525,0.4131329655647278,19.1796875,19.249237060546875,0.4512286186218261,1017.9838275909424,19.73768424987793
2024-04-10 12:57:58,0.0007117766654118,0.4612655341625213,19.40625,0.0003870503860525,0.4131329655647278,19.1796875,19.249237060546875,0.4512286186218261,1017.9838275909424,19.73768424987793
2024-04-10 12:57:59,0.0007117766654118,0.4612655341625213,19.40625,0.0003870503860525,0.4131329655647278,19.1796875,19.259521484375,0.4512286186218261,1017.9838275909424,19.73768424987793
2024-04-10 12:58:00,0.0007117766654118,0.4612655341625213,19.40625,0.0003870503860525,0.4131329655647278,19.1796875,19.259521484375,0.4512286186218261,1017.9838275909424,19.73768424987793
2024-04-10 12:58:01,0.0007117766654118,0.4612655341625213,19.40625,0.000670404464472,0.4131329655647278,19.171875,19.259521484375,0.4512286186218261,1017.9838275909424,19.73768424987793
2024-04-10 12:58:02,0.0007117766654118,0.4612655341625213,19.40625,0.000670404464472,0.4131329655647278,19.171875,19.259521484375,0.4512286186218261,1017.9838275909424,19.747657775878903
2024-04-10 12:58:03,0.0007117766654118,0.4612655341625213,19.40625,0.000670404464472,0.4131329655647278,19.171875,19.259521484375,0.4512286186218261,1017.9838275909424,19.747657775878903
2024-04-10 12:58:04,0.0010368134826421,0.4612655341625213,19.390625,0.000670404464472,0.4131329655647278,19.171875,19.259521484375,0.4512286186218261,1017.9838275909424,19.747657775878903
2024-04-10 12:58:05,0.0010368134826421,0.4612655341625213,19.390625,0.000670404464472,0.4131329655647278,19.171875,19.259521484375,0.4512286186218261,1017.9838275909424,19.747657775878903
2024-04-10 12:58:06,0.0010368134826421,0.4612655341625213,19.390625,0.000670404464472,0.4131329655647278,19.171875,19.259521484375,0.4512286186218261,1017.985200881958,19.747657775878903
2024-04-10 12:58:07,0.0010368134826421,0.4612655341625213,19.390625,0.000670404464472,0.4131329655647278,19.171875,19.259521484375,0.4512286186218261,1017.985200881958,19.747657775878903
2024-04-10 12:58:08,0.0010368134826421,0.4612655341625213,19.390625,0.000670404464472,0.4131329655647278,19.171875,19.30450439453125,0.4512286186218261,1017.985200881958,19.747657775878903
2024-04-10 12:58:09,0.0010368134826421,0.4612655341625213,19.390625,0.0040886513888835,35.04118347167969,19.171875,19.30450439453125,0.4512286186218261,1017.985200881958,19.747657775878903
2024-04-10 12:58:10,0.0010368134826421,0.4612655341625213,19.390625,0.0040886513888835,35.04118347167969,19.171875,19.30450439453125,0.4512286186218261,1017.985200881958,19.759445190429688
2024-04-10 12:58:11,0.0010368134826421,0.4612655341625213,19.390625,0.0040886513888835,35.04118347167969,19.171875,19.30450439453125,0.4512286186218261,1017.985200881958,19.759445190429688
2024-04-10 12:58:12,0.0026840479113161,15.375517845153809,19.375,0.0040886513888835,35.04118347167969,19.171875,19.30450439453125,0.4512286186218261,1017.985200881958,19.759445190429688
2024-04-10 12:58:13,0.0026840479113161,15.375517845153809,19.375,0.0040886513888835,35.04118347167969,19.171875,19.30450439453125,0.4512286186218261,1017.985200881958,19.759445190429688
2024-04-10 12:58:14,0.0026840479113161,15.375517845153809,19.375,0.0040886513888835,35.04118347167969,19.171875,19.30450439453125,0.4512286186218261,1018.0105781555176,19.759445190429688
2024-04-10 12:58:15,0.0026840479113161,15.375517845153809,19.375,0.0040886513888835,35.04118347167969,19.171875,19.28790283203125,0.4512286186218261,1018.0105781555176,19.759445190429688
2024-04-10 12:58:16,0.0026840479113161,15.375517845153809,19.375,0.0040886513888835,35.04118347167969,19.171875,19.28790283203125,43.24151992797852,1018.0105781555176,19.759445190429688
2024-04-10 12:58:17,0.0026840479113161,15.375517845153809,19.375,0.0030188732780516,28.618846893310547,19.15625,19.28790283203125,43.24151992797852,1018.0105781555176,19.759445190429688
2024-04-10 12:58:18,0.0026840479113161,15.375517845153809,19.375,0.0030188732780516,28.618846893310547,19.15625,19.28790283203125,43.24151992797852,1018.0105781555176,19.77743530273437
2024-04-10 12:58:19,0.0026840479113161,15.375517845153809,19.375,0.0030188732780516,28.618846893310547,19.15625,19.28790283203125,43.24151992797852,1018.0105781555176,19.77743530273437
2024-04-10 12:58:20,0.0024532317183911,18.75813102722168,19.3828125,0.0030188732780516,28.618846893310547,19.15625,19.28790283203125,43.24151992797852,1018.0105781555176,19.77743530273437
2024-04-10 12:58:21,0.0024532317183911,18.75813102722168,19.3828125,0.0030188732780516,28.618846893310547,19.15625,19.28790283203125,43.24151992797852,1018.0360412597656,19.77743530273437
2024-04-10 12:58:22,0.0024532317183911,18.75813102722168,19.3828125,0.0030188732780516,28.618846893310547,19.15625,19.28790283203125,43.24151992797852,1018.0360412597656,19.77743530273437
2024-04-10 12:58:23,0.0024532317183911,18.75813102722168,19.3828125,0.0030188732780516,28.618846893310547,19.15625,19.363677978515625,43.24151992797852,1018.0360412597656,19.77743530273437
2024-04-10 12:58:24,0.0024532317183911,18.75813102722168,19.3828125,0.0030188732780516,28.618846893310547,19.15625,19.363677978515625,43.24151992797852,1018.0360412597656,19.77743530273437
2024-04-10 12:58:25,0.0024532317183911,18.75813102722168,19.3828125,0.0030188732780516,28.618846893310547,19.15625,19.363677978515625,43.24151992797852,1018.0360412597656,19.77743530273437
2024-04-10 12:58:26,0.0024532317183911,18.75813102722168,19.3828125,0.0033439996186643,28.543731689453125,19.1796875,19.363677978515625,43.24151992797852,1018.0360412597656,19.786630630493164
2024-04-10 12:58:27,0.0024532317183911,18.75813102722168,19.3828125,0.0033439996186643,28.543731689453125,19.1796875,19.363677978515625,43.24151992797852,1018.0360412597656,19.786630630493164
2024-04-10 12:58:28,0.0024765429552644,12.800118446350098,19.390625,0.0033439996186643,28.543731689453125,19.1796875,19.363677978515625,43.24151992797852,1018.0360412597656,19.786630630493164
2024-04-10 12:58:29,0.0024765429552644,12.800118446350098,19.390625,0.0033439996186643,28.543731689453125,19.1796875,19.363677978515625,43.24151992797852,1018.0360412597656,19.786630630493164
2024-04-10 12:58:30,0.0024765429552644,12.800118446350098,19.390625,0.0033439996186643,28.543731689453125,19.1796875,19.363677978515625,43.24151992797852,1018.0360412597656,19.786630630493164
2024-04-10 12:58:31,0.0024765429552644,12.800118446350098,19.390625,0.0033439996186643,28.543731689453125,19.1796875,19.363677978515625,43.24151992797852,1018.0106067657472,19.786630630493164
2024-04-10 12:58:32,0.0024765429552644,12.800118446350098,19.390625,0.0033439996186643,28.543731689453125,19.1796875,19.363677978515625,43.24151992797852,1018.0106067657472,19.786630630493164
2024-04-10 12:58:33,0.0024765429552644,12.800118446350098,19.390625,0.0032106698490679,29.970918655395508,19.171875,19.36785888671875,43.24151992797852,1018.0106067657472,19.786630630493164
2024-04-10 12:58:34,0.0024765429552644,12.800118446350098,19.390625,0.0032106698490679,29.970918655395508,19.171875,19.36785888671875,43.24151992797852,1018.0106067657472,19.786630630493164
2024-04-10 12:58:35,0.0024765429552644,12.800118446350098,19.390625,0.0032106698490679,29.970918655395508,19.171875,19.36785888671875,43.24151992797852,1018.0106067657472,19.805896759033203
2024-04-10 12:58:36,0.002664269413799,16.720874786376953,19.4140625,0.0032106698490679,29.970918655395508,19.171875,19.36785888671875,43.24151992797852,1018.0106067657472,19.805896759033203
2024-04-10 12:58:37,0.002664269413799,16.720874786376953,19.4140625,0.0032106698490679,29.970918655395508,19.171875,19.36785888671875,43.24151992797852,1018.0106067657472,19.805896759033203
2024-04-10 12:58:38,0.002664269413799,16.720874786376953,19.4140625,0.0032106698490679,29.970918655395508,19.171875,19.43319702148437,43.24151992797852,1018.0553817749023,19.805896759033203
2024-04-10 12:58:39,0.002664269413799,16.720874786376953,19.4140625,0.0032106698490679,29.970918655395508,19.171875,19.43319702148437,43.24151992797852,1018.0553817749023,19.805896759033203
2024-04-10 12:58:40,0.002664269413799,16.720874786376953,19.4140625,0.0032106698490679,29.970918655395508,19.171875,19.43319702148437,43.24151992797852,1018.0553817749023,19.805896759033203
2024-04-10 12:58:41,0.002664269413799,16.720874786376953,19.4140625,0.003203701460734,31.210317611694336,19.1953125,19.43319702148437,43.24151992797852,1018.0553817749023,19.83011245727539
2024-04-10 12:58:42,0.002664269413799,16.720874786376953,19.4140625,0.003203701460734,31.210317611694336,19.1953125,19.43319702148437,43.24151992797852,1018.0553817749023,19.83011245727539
2024-04-10 12:58:43,0.002664269413799,16.720874786376953,19.4140625,0.003203701460734,31.210317611694336,19.1953125,19.43319702148437,43.24151992797852,1018.0553817749023,19.83011245727539
2024-04-10 12:58:44,0.0032152666244655,12.800118446350098,19.3828125,0.003203701460734,31.210317611694336,19.1953125,19.43319702148437,43.24151992797852,1018.0553817749023,19.83011245727539
2024-04-10 12:58:45,0.0032152666244655,12.800118446350098,19.3828125,0.003203701460734,31.210317611694336,19.1953125,19.43319702148437,43.24151992797852,1018.0384159088136,19.83011245727539
2024-04-10 12:58:46,0.0032152666244655,12.800118446350098,19.3828125,0.003203701460734,31.210317611694336,19.1953125,19.43319702148437,43.24151992797852,1018.0384159088136,19.83011245727539
2024-04-10 12:58:47,0.0032152666244655,12.800118446350098,19.3828125,0.003203701460734,31.210317611694336,19.1953125,19.43319702148437,43.24151992797852,1018.0384159088136,19.83011245727539
2024-04-10 12:58:48,0.0032152666244655,12.800118446350098,19.3828125,0.003203701460734,31.210317611694336,19.1953125,19.43319702148437,43.24151992797852,1018.0384159088136,19.83011245727539
2024-04-10 12:58:49,0.0032152666244655,12.800118446350098,19.3828125,0.0035125240683555,37.67021179199219,19.1875,19.451690673828125,43.24151992797852,1018.0384159088136,19.83011245727539
2024-04-10 12:58:50,0.0032152666244655,12.800118446350098,19.3828125,0.0035125240683555,37.67021179199219,19.1875,19.451690673828125,43.24151992797852,1018.0384159088136,19.83011245727539
2024-04-10 12:58:51,0.0032152666244655,12.800118446350098,19.3828125,0.0035125240683555,37.67021179199219,19.1875,19.451690673828125,43.24151992797852,1018.0384159088136,19.83440971374512
2024-04-10 12:58:52,0.0028192375320941,14.645180702209473,19.3828125,0.0035125240683555,37.67021179199219,19.1875,19.451690673828125,43.24151992797852,1018.0384159088136,19.83440971374512
2024-04-10 12:58:53,0.0028192375320941,14.645180702209473,19.3828125,0.0035125240683555,37.67021179199219,19.1875,19.451690673828125,43.24151992797852,1018.0384159088136,19.83440971374512
2024-04-10 12:58:54,0.0028192375320941,14.645180702209473,19.3828125,0.0035125240683555,37.67021179199219,19.1875,19.4986572265625,43.24151992797852,1018.0116653442384,19.83440971374512
2024-04-10 12:58:55,0.0028192375320941,14.645180702209473,19.3828125,0.0035125240683555,37.67021179199219,19.1875,19.4986572265625,43.24151992797852,1018.0116653442384,19.83440971374512
2024-04-10 12:58:56,0.0028192375320941,14.645180702209473,19.3828125,0.0035125240683555,37.67021179199219,19.1875,19.4986572265625,43.24151992797852,1018.0116653442384,19.83440971374512
2024-04-10 12:58:57,0.0028192375320941,14.645180702209473,19.3828125,0.0031649104785174,26.816085815429688,19.1796875,19.4986572265625,43.24151992797852,1018.0116653442384,19.83440971374512
2024-04-10 12:58:58,0.0028192375320941,14.645180702209473,19.3828125,0.0031649104785174,26.816085815429688,19.1796875,19.4986572265625,43.24151992797852,1018.0116653442384,19.83440971374512
2024-04-10 12:58:59,0.0028192375320941,14.645180702209473,19.3828125,0.0031649104785174,26.816085815429688,19.1796875,19.4986572265625,43.24151992797852,1018.0116653442384,19.841785430908203
2024-04-10 12:59:00,0.002805306110531,21.60260391235352,19.3828125,0.0031649104785174,26.816085815429688,19.1796875,19.4986572265625,43.24151992797852,1018.0116653442384,19.841785430908203
2024-04-10 12:59:01,0.002805306110531,21.60260391235352,19.3828125,0.0031649104785174,26.816085815429688,19.1796875,19.4986572265625,43.24151992797852,1018.0116653442384,19.841785430908203
2024-04-10 12:59:02,0.002805306110531,21.60260391235352,19.3828125,0.0031649104785174,26.816085815429688,19.1796875,19.4986572265625,43.24151992797852,1018.0082035064696,19.841785430908203
2024-04-10 12:59:03,0.002805306110531,21.60260391235352,19.3828125,0.0031649104785174,26.816085815429688,19.1796875,19.4986572265625,43.24151992797852,1018.0082035064696,19.841785430908203
2024-04-10 12:59:04,0.002805306110531,21.60260391235352,19.3828125,0.0031649104785174,26.816085815429688,19.1796875,19.529693603515625,43.24151992797852,1018.0082035064696,19.841785430908203
2024-04-10 12:59:05,0.002805306110531,21.60260391235352,19.3828125,0.0033703944645822,30.308935165405277,19.203125,19.529693603515625,43.24151992797852,1018.0082035064696,19.841785430908203
2024-04-10 12:59:06,0.002805306110531,21.60260391235352,19.3828125,0.0033703944645822,30.308935165405277,19.203125,19.529693603515625,43.24151992797852,1018.0082035064696,19.860496520996094
2024-04-10 12:59:07,0.002805306110531,21.60260391235352,19.3828125,0.0033703944645822,30.308935165405277,19.203125,19.529693603515625,43.24151992797852,1018.0082035064696,19.860496520996094
2024-04-10 12:59:08,0.0027997444849461,17.758724212646484,19.3828125,0.0033703944645822,30.308935165405277,19.203125,19.529693603515625,43.24151992797852,1018.0082035064696,19.860496520996094
2024-04-10 12:59:09,0.0027997444849461,17.758724212646484,19.3828125,0.0033703944645822,30.308935165405277,19.203125,19.529693603515625,43.24151992797852,1018.0028533935548,19.860496520996094
2024-04-10 12:59:10,0.0027997444849461,17.758724212646484,19.3828125,0.0033703944645822,30.308935165405277,19.203125,19.529693603515625,43.24151992797852,1018.0028533935548,19.860496520996094
2024-04-10 12:59:11,0.0027997444849461,17.758724212646484,19.3828125,0.0033703944645822,30.308935165405277,19.203125,19.494781494140625,43.24151992797852,1018.0028533935548,19.860496520996094
2024-04-10 12:59:12,0.0027997444849461,17.758724212646484,19.3828125,0.0033703944645822,30.308935165405277,19.203125,19.494781494140625,43.24151992797852,1018.0028533935548,19.860496520996094
2024-04-10 12:59:13,0.0027997444849461,17.758724212646484,19.3828125,0.0034253767225891,32.33704376220703,19.1875,19.494781494140625,43.24151992797852,1018.0028533935548,19.860496520996094
2024-04-10 12:59:14,0.0027997444849461,17.758724212646484,19.3828125,0.0034253767225891,32.33704376220703,19.1875,19.494781494140625,43.24151992797852,1018.0028533935548,19.86644172668457
2024-04-10 12:59:15,0.0027997444849461,17.758724212646484,19.3828125,0.0034253767225891,32.33704376220703,19.1875,19.494781494140625,43.24151992797852,1018.0028533935548,19.86644172668457
2024-04-10 12:59:16,0.0029681196901947,15.029568672180176,19.375,0.0034253767225891,32.33704376220703,19.1875,19.494781494140625,43.27696990966797,1018.0028533935548,19.86644172668457
2024-04-10 12:59:17,0.0029681196901947,15.029568672180176,19.375,0.0034253767225891,32.33704376220703,19.1875,19.494781494140625,43.27696990966797,1018.0250549316406,19.86644172668457
2024-04-10 12:59:18,0.0029681196901947,15.029568672180176,19.375,0.0034253767225891,32.33704376220703,19.1875,19.494781494140625,43.27696990966797,1018.0250549316406,19.86644172668457
2024-04-10 12:59:19,0.0029681196901947,15.029568672180176,19.375,0.0034253767225891,32.33704376220703,19.1875,19.517364501953125,43.27696990966797,1018.0250549316406,19.86644172668457
2024-04-10 12:59:20,0.0029681196901947,15.029568672180176,19.375,0.0034253767225891,32.33704376220703,19.1875,19.517364501953125,43.27696990966797,1018.0250549316406,19.86644172668457
2024-04-10 12:59:21,0.0029681196901947,15.029568672180176,19.375,0.0032173187937587,32.90040588378906,19.203125,19.517364501953125,43.27696990966797,1018.0250549316406,19.86644172668457
2024-04-10 12:59:22,0.0029681196901947,15.029568672180176,19.375,0.0032173187937587,32.90040588378906,19.203125,19.517364501953125,43.27696990966797,1018.0250549316406,19.87938499450684
2024-04-10 12:59:23,0.0029681196901947,15.029568672180176,19.375,0.0032173187937587,32.90040588378906,19.203125,19.517364501953125,43.27696990966797,1018.0250549316406,19.87938499450684
2024-04-10 12:59:24,0.0024829369504004,13.530455589294434,19.390625,0.0032173187937587,32.90040588378906,19.203125,19.517364501953125,43.27696990966797,1018.0250549316406,19.87938499450684
2024-04-10 12:59:25,0.0024829369504004,13.530455589294434,19.390625,0.0032173187937587,32.90040588378906,19.203125,19.517364501953125,43.27696990966797,1018.0250549316406,19.87938499450684
2024-04-10 12:59:26,0.0024829369504004,13.530455589294434,19.390625,0.0032173187937587,32.90040588378906,19.203125,19.517364501953125,43.27696990966797,1018.029718399048,19.87938499450684
2024-04-10 12:59:27,0.0024829369504004,13.530455589294434,19.390625,0.0032173187937587,32.90040588378906,19.203125,19.5465087890625,43.27696990966797,1018.029718399048,19.87938499450684
2024-04-10 12:59:28,0.0024829369504004,13.530455589294434,19.390625,0.0032173187937587,32.90040588378906,19.203125,19.5465087890625,43.27696990966797,1018.029718399048,19.87938499450684
2024-04-10 12:59:29,0.0024829369504004,13.530455589294434,19.390625,0.0033015944063663,31.06008529663086,19.234375,19.5465087890625,43.27696990966797,1018.029718399048,19.87938499450684
2024-04-10 12:59:30,0.0024829369504004,13.530455589294434,19.390625,0.0033015944063663,31.06008529663086,19.234375,19.5465087890625,43.27696990966797,1018.029718399048,19.888872146606445
2024-04-10 12:59:31,0.0024829369504004,13.530455589294434,19.390625,0.0033015944063663,31.06008529663086,19.234375,19.5465087890625,43.27696990966797,1018.029718399048,19.888872146606445
2024-04-10 12:59:32,0.0026386354584246,15.6445894241333,19.3828125,0.0033015944063663,31.06008529663086,19.234375,19.5465087890625,43.27696990966797,1018.029718399048,19.888872146606445
2024-04-10 12:59:33,0.0026386354584246,15.6445894241333,19.3828125,0.0033015944063663,31.06008529663086,19.234375,19.5465087890625,43.27696990966797,1018.029718399048,19.888872146606445
2024-04-10 12:59:34,0.0026386354584246,15.6445894241333,19.3828125,0.0033015944063663,31.06008529663086,19.234375,19.5465087890625,43.27696990966797,1018.029718399048,19.888872146606445
2024-04-10 12:59:35,0.0026386354584246,15.6445894241333,19.3828125,0.0033015944063663,31.06008529663086,19.234375,19.57208251953125,43.27696990966797,1018.0380153656006,19.888872146606445
2024-04-10 12:59:36,0.0026386354584246,15.6445894241333,19.3828125,0.0033015944063663,31.06008529663086,19.234375,19.57208251953125,43.27696990966797,1018.0380153656006,19.888872146606445
2024-04-10 12:59:37,0.0026386354584246,15.6445894241333,19.3828125,0.0031440309248864,26.327836990356445,19.2109375,19.57208251953125,43.27696990966797,1018.0380153656006,19.895000457763672
2024-04-10 12:59:38,0.0026386354584246,15.6445894241333,19.3828125,0.0031440309248864,26.327836990356445,19.2109375,19.57208251953125,43.27696990966797,1018.0380153656006,19.895000457763672
2024-04-10 12:59:39,0.0026386354584246,15.6445894241333,19.3828125,0.0031440309248864,26.327836990356445,19.2109375,19.57208251953125,43.27696990966797,1018.0380153656006,19.895000457763672
2024-04-10 12:59:40,0.0026427584234625,12.723241806030272,19.375,0.0031440309248864,26.327836990356445,19.2109375,19.57208251953125,43.27696990966797,1018.0380153656006,19.895000457763672
2024-04-10 12:59:41,0.0026427584234625,12.723241806030272,19.375,0.0031440309248864,26.327836990356445,19.2109375,19.57208251953125,43.27696990966797,1018.0380153656006,19.895000457763672
2024-04-10 12:59:42,0.0026427584234625,12.723241806030272,19.375,0.0031440309248864,26.327836990356445,19.2109375,19.57208251953125,43.27696990966797,1018.0380153656006,19.895000457763672
2024-04-10 12:59:43,0.0026427584234625,12.723241806030272,19.375,0.0031440309248864,26.327836990356445,19.2109375,19.57208251953125,43.27696990966797,1018.0222225189208,19.895000457763672
2024-04-10 12:59:44,0.0026427584234625,12.723241806030272,19.375,0.0031440309248864,26.327836990356445,19.2109375,19.57208251953125,43.27696990966797,1018.0222225189208,19.895000457763672
2024-04-10 12:59:45,0.0026427584234625,12.723241806030272,19.375,0.0031440309248864,26.327836990356445,19.2109375,19.6251220703125,43.27696990966797,1018.0222225189208,19.895000457763672
2024-04-10 12:59:46,0.0026427584234625,12.723241806030272,19.375,0.0031440309248864,26.327836990356445,19.2109375,19.6251220703125,43.27696990966797,1018.0222225189208,19.895000457763672
2024-04-10 12:59:47,0.0026427584234625,12.723241806030272,19.375,0.0033301443327218,28.8066349029541,19.2421875,19.6251220703125,43.27696990966797,1018.0222225189208,19.90972328186035
2024-04-10 12:59:48,0.0024230862036347,14.606741905212402,19.40625,0.0033301443327218,28.8066349029541,19.2421875,19.6251220703125,43.27696990966797,1018.0222225189208,19.90972328186035
2024-04-10 12:59:49,0.0024230862036347,14.606741905212402,19.40625,0.0033301443327218,28.8066349029541,19.2421875,19.6251220703125,43.27696990966797,1018.0222225189208,19.90972328186035
2024-04-10 12:59:50,0.0024230862036347,14.606741905212402,19.40625,0.0033301443327218,28.8066349029541,19.2421875,19.599151611328125,43.27696990966797,1017.8833770751952,19.90972328186035
2024-04-10 12:59:51,0.0024230862036347,14.606741905212402,19.40625,0.0033301443327218,28.8066349029541,19.2421875,19.599151611328125,43.27696990966797,1017.8833770751952,19.90972328186035
2024-04-10 12:59:52,0.0024230862036347,14.606741905212402,19.40625,0.0033301443327218,28.8066349029541,19.2421875,19.599151611328125,43.27696990966797,1017.8833770751952,19.90972328186035
2024-04-10 12:59:53,0.0024230862036347,14.606741905212402,19.40625,0.0031563136726617,23.623693466186523,19.234375,19.599151611328125,43.27696990966797,1017.8833770751952,19.90972328186035
2024-04-10 12:59:54,0.0024230862036347,14.606741905212402,19.40625,0.0031563136726617,23.623693466186523,19.234375,19.599151611328125,43.27696990966797,1017.8833770751952,19.90972328186035
2024-04-10 12:59:55,0.0024230862036347,14.606741905212402,19.40625,0.0031563136726617,23.623693466186523,19.234375,19.599151611328125,43.27696990966797,1017.8833770751952,19.910409927368164
2024-04-10 12:59:56,0.0028718181420117,15.183323860168455,19.421875,0.0031563136726617,23.623693466186523,19.234375,19.599151611328125,43.27696990966797,1017.8833770751952,19.910409927368164
2024-04-10 12:59:57,0.0028718181420117,15.183323860168455,19.421875,0.0031563136726617,23.623693466186523,19.234375,19.599151611328125,43.27696990966797,1017.8833770751952,19.910409927368164
2024-04-10 12:59:58,0.0028718181420117,15.183323860168455,19.421875,0.0031563136726617,23.623693466186523,19.234375,19.599151611328125,43.27696990966797,1018.0544090270996,19.910409927368164
2024-04-10 12:59:59,0.0028718181420117,15.183323860168455,19.421875,0.0031563136726617,23.623693466186523,19.234375,19.599151611328125,43.27696990966797,1018.0544090270996,19.910409927368164
2024-04-10 13:00:00,0.0028718181420117,15.183323860168455,19.421875,0.0031563136726617,23.623693466186523,19.234375,19.593963623046875,43.27696990966797,1018.0544090270996,19.910409927368164
2024-04-10 13:00:01,0.0028718181420117,15.183323860168455,19.421875,0.003212466603145,30.872297286987305,19.234375,19.593963623046875,43.27696990966797,1018.0544090270996,19.910409927368164
2024-04-10 13:00:02,0.0028718181420117,15.183323860168455,19.421875,0.003212466603145,30.872297286987305,19.234375,19.593963623046875,43.27696990966797,1018.0544090270996,19.910409927368164
2024-04-10 13:00:03,0.0028718181420117,15.183323860168455,19.421875,0.003212466603145,30.872297286987305,19.234375,19.593963623046875,43.27696990966797,1018.0544090270996,19.910409927368164
2024-04-10 13:00:04,0.0026193449739366,14.529864311218262,19.40625,0.003212466603145,30.872297286987305,19.234375,19.593963623046875,43.27696990966797,1018.0544090270996,19.910409927368164
2024-04-10 13:00:05,0.0026193449739366,14.529864311218262,19.40625,0.003212466603145,30.872297286987305,19.234375,19.593963623046875,43.27696990966797,1018.0866241455078,19.903772354125977
2024-04-10 13:00:06,0.0026193449739366,14.529864311218262,19.40625,0.003212466603145,30.872297286987305,19.234375,19.632232666015625,43.27696990966797,1018.0866241455078,19.903772354125977
2024-04-10 13:00:07,0.0026193449739366,14.529864311218262,19.40625,0.003212466603145,30.872297286987305,19.234375,19.632232666015625,43.27696990966797,1018.0866241455078,19.903772354125977
2024-04-10 13:00:08,0.0026193449739366,14.529864311218262,19.40625,0.003212466603145,30.872297286987305,19.234375,19.632232666015625,43.27696990966797,1018.0866241455078,19.903772354125977
2024-04-10 13:00:09,0.0026193449739366,14.529864311218262,19.40625,0.0033208695240318,26.10249137878418,19.265625,19.632232666015625,43.27696990966797,1018.0866241455078,19.903772354125977
2024-04-10 13:00:10,0.0026193449739366,14.529864311218262,19.40625,0.0033208695240318,26.10249137878418,19.265625,19.632232666015625,43.27696990966797,1018.0866241455078,19.903772354125977
2024-04-10 13:00:11,0.0026193449739366,14.529864311218262,19.40625,0.0033208695240318,26.10249137878418,19.265625,19.632232666015625,43.27696990966797,1018.0866241455078,19.9051513671875
2024-04-10 13:00:12,0.0026193449739366,14.529864311218262,19.40625,0.0033208695240318,26.10249137878418,19.265625,19.632232666015625,43.27696990966797,1018.0866241455078,19.9051513671875
2024-04-10 13:00:13,0.0026080315001308,13.1845064163208,19.4296875,0.0033208695240318,26.10249137878418,19.265625,19.632232666015625,43.27696990966797,1018.0866241455078,19.9051513671875
2024-04-10 13:00:14,0.0026080315001308,13.1845064163208,19.4296875,0.0033208695240318,26.10249137878418,19.265625,19.632232666015625,43.27696990966797,1018.0630207061768,19.9051513671875
2024-04-10 13:00:15,0.0026080315001308,13.1845064163208,19.4296875,0.0033208695240318,26.10249137878418,19.265625,19.638946533203125,43.27696990966797,1018.0630207061768,19.9051513671875
2024-04-10 13:00:16,0.0026080315001308,13.1845064163208,19.4296875,0.0033208695240318,26.10249137878418,19.265625,19.638946533203125,43.27696990966797,1018.0630207061768,19.9051513671875
2024-04-10 13:00:17,0.0026080315001308,13.1845064163208,19.4296875,0.0033208695240318,26.10249137878418,19.265625,19.638946533203125,43.27696990966797,1018.0630207061768,19.9051513671875
2024-04-10 13:00:18,0.0026080315001308,13.1845064163208,19.4296875,0.0031140726059675,28.543731689453125,19.28125,19.638946533203125,43.27696990966797,1018.0630207061768,19.908710479736328
2024-04-10 13:00:19,0.0026080315001308,13.1845064163208,19.4296875,0.0031140726059675,28.543731689453125,19.28125,19.638946533203125,43.29288101196289,1018.0630207061768,19.908710479736328
2024-04-10 13:00:20,0.0026296542491763,12.992313385009766,19.4296875,0.0031140726059675,28.543731689453125,19.28125,19.638946533203125,43.29288101196289,1018.0630207061768,19.908710479736328
2024-04-10 13:00:21,0.0026296542491763,12.992313385009766,19.4296875,0.0031140726059675,28.543731689453125,19.28125,19.638946533203125,43.29288101196289,1018.0946350097656,19.908710479736328
2024-04-10 13:00:22,0.0026296542491763,12.992313385009766,19.4296875,0.0031140726059675,28.543731689453125,19.28125,19.63385009765625,43.29288101196289,1018.0946350097656,19.908710479736328
2024-04-10 13:00:23,0.0026296542491763,12.992313385009766,19.4296875,0.0031140726059675,28.543731689453125,19.28125,19.63385009765625,43.29288101196289,1018.0946350097656,19.908710479736328
2024-04-10 13:00:24,0.0026296542491763,12.992313385009766,19.4296875,0.0031140726059675,28.543731689453125,19.28125,19.63385009765625,43.29288101196289,1018.0946350097656,19.908710479736328
2024-04-10 13:00:25,0.0026296542491763,12.992313385009766,19.4296875,0.0033433074131608,27.567235946655277,19.3125,19.63385009765625,43.29288101196289,1018.0946350097656,19.910587310791016
2024-04-10 13:00:26,0.0026296542491763,12.992313385009766,19.4296875,0.0033433074131608,27.567235946655277,19.3125,19.63385009765625,43.29288101196289,1018.0946350097656,19.910587310791016
2024-04-10 13:00:27,0.0026296542491763,12.992313385009766,19.4296875,0.0033433074131608,27.567235946655277,19.3125,19.63385009765625,43.29288101196289,1018.0946350097656,19.910587310791016
2024-04-10 13:00:28,0.0023739023599773,13.069190979003906,19.4453125,0.0033433074131608,27.567235946655277,19.3125,19.63385009765625,43.29288101196289,1018.0946350097656,19.910587310791016
2024-04-10 13:00:29,0.0023739023599773,13.069190979003906,19.4453125,0.0033433074131608,27.567235946655277,19.3125,19.63385009765625,43.29288101196289,1017.9958438873292,19.910587310791016
2024-04-10 13:00:30,0.0023739023599773,13.069190979003906,19.4453125,0.0033433074131608,27.567235946655277,19.3125,19.63385009765625,43.29288101196289,1017.9958438873292,19.910587310791016
2024-04-10 13:00:31,0.0023739023599773,13.069190979003906,19.4453125,0.0033433074131608,27.567235946655277,19.3125,19.6845703125,43.29288101196289,1017.9958438873292,19.910587310791016
2024-04-10 13:00:32,0.0023739023599773,13.069190979003906,19.4453125,0.0033433074131608,27.567235946655277,19.3125,19.6845703125,43.29288101196289,1017.9958438873292,19.910587310791016
2024-04-10 13:00:33,0.0023739023599773,13.069190979003906,19.4453125,0.003265086794272,30.12114715576172,19.3125,19.6845703125,43.29288101196289,1017.9958438873292,19.910587310791016
2024-04-10 13:00:34,0.0023739023599773,13.069190979003906,19.4453125,0.003265086794272,30.12114715576172,19.3125,19.6845703125,43.29288101196289,1017.9958438873292,19.915159225463867
2024-04-10 13:00:35,0.0023739023599773,13.069190979003906,19.4453125,0.003265086794272,30.12114715576172,19.3125,19.6845703125,43.29288101196289,1017.9958438873292,19.915159225463867
2024-04-10 13:00:36,0.0023739023599773,13.069190979003906,19.4453125,0.003265086794272,30.12114715576172,19.3125,19.6845703125,43.29288101196289,1017.9958438873292,19.915159225463867
2024-04-10 13:00:37,0.0028651650063693,13.299822807312012,19.4296875,0.003265086794272,30.12114715576172,19.3125,19.6845703125,43.29288101196289,1017.9958438873292,19.915159225463867
2024-04-10 13:00:38,0.0028651650063693,13.299822807312012,19.4296875,0.003265086794272,30.12114715576172,19.3125,19.74591064453125,43.29288101196289,1018.0343818664552,19.915159225463867
2024-04-10 13:00:39,0.0028651650063693,13.299822807312012,19.4296875,0.003265086794272,30.12114715576172,19.3125,19.74591064453125,43.29288101196289,1018.0343818664552,19.915159225463867
2024-04-10 13:00:40,0.0028651650063693,13.299822807312012,19.4296875,0.003265086794272,30.12114715576172,19.3125,19.74591064453125,43.29288101196289,1018.0343818664552,19.915159225463867
2024-04-10 13:00:41,0.0028651650063693,13.299822807312012,19.4296875,0.0032749939709901,27.229219436645508,19.34375,19.74591064453125,43.29288101196289,1018.0343818664552,19.916961669921875
2024-04-10 13:00:42,0.0028651650063693,13.299822807312012,19.4296875,0.0032749939709901,27.229219436645508,19.34375,19.74591064453125,43.29288101196289,1018.0343818664552,19.916961669921875
2024-04-10 13:00:43,0.0028651650063693,13.299822807312012,19.4296875,0.0032749939709901,27.229219436645508,19.34375,19.74591064453125,43.29288101196289,1018.0343818664552,19.916961669921875
2024-04-10 13:00:44,0.0024182379711419,12.800118446350098,19.4375,0.0032749939709901,27.229219436645508,19.34375,19.74591064453125,43.29288101196289,1018.0343818664552,19.916961669921875
2024-04-10 13:00:45,0.0024182379711419,12.800118446350098,19.4375,0.0032749939709901,27.229219436645508,19.34375,19.74591064453125,43.29288101196289,1018.0343818664552,19.916961669921875
2024-04-10 13:00:46,0.0024182379711419,12.800118446350098,19.4375,0.0032749939709901,27.229219436645508,19.34375,19.74591064453125,43.29288101196289,1018.0343818664552,19.916961669921875
2024-04-10 13:00:47,0.0024182379711419,12.800118446350098,19.4375,0.0032749939709901,27.229219436645508,19.34375,19.75909423828125,43.29288101196289,1018.0343818664552,19.916961669921875
2024-04-10 13:00:48,0.0024182379711419,12.800118446350098,19.4375,0.0032749939709901,27.229219436645508,19.34375,19.75909423828125,43.29288101196289,1018.0139541625977,19.916961669921875
2024-04-10 13:00:49,0.0024182379711419,12.800118446350098,19.4375,0.0033130426891148,25.80203056335449,19.34375,19.75909423828125,43.29288101196289,1018.0139541625977,19.917654037475582
2024-04-10 13:00:50,0.0024182379711419,12.800118446350098,19.4375,0.0033130426891148,25.80203056335449,19.34375,19.75909423828125,43.29288101196289,1018.0139541625977,19.917654037475582
2024-04-10 13:00:51,0.0024182379711419,12.800118446350098,19.4375,0.0033130426891148,25.80203056335449,19.34375,19.75909423828125,43.29288101196289,1018.0139541625977,19.917654037475582
2024-04-10 13:00:52,0.0027108867652714,13.146068572998049,19.4453125,0.0033130426891148,25.80203056335449,19.34375,19.75909423828125,43.29288101196289,1018.0139541625977,19.917654037475582
2024-04-10 13:00:53,0.0027108867652714,13.146068572998049,19.4453125,0.0033130426891148,25.80203056335449,19.34375,19.75909423828125,43.29288101196289,1018.0139541625977,19.917654037475582
2024-04-10 13:00:54,0.0027108867652714,13.146068572998049,19.4453125,0.0033130426891148,25.80203056335449,19.34375,19.75909423828125,43.29288101196289,1018.0139541625977,19.917654037475582
2024-04-10 13:00:55,0.0027108867652714,13.146068572998049,19.4453125,0.0033130426891148,25.80203056335449,19.34375,19.75909423828125,43.29288101196289,1018.0696868896484,19.917654037475582
2024-04-10 13:00:56,0.0027108867652714,13.146068572998049,19.4453125,0.0033130426891148,25.80203056335449,19.34375,19.78021240234375,43.29288101196289,1018.0696868896484,19.917654037475582
2024-04-10 13:00:57,0.0027108867652714,13.146068572998049,19.4453125,0.0033130426891148,25.80203056335449,19.34375,19.78021240234375,43.29288101196289,1018.0696868896484,19.917654037475582
2024-04-10 13:00:58,0.0027108867652714,13.146068572998049,19.4453125,0.0033130426891148,25.80203056335449,19.34375,19.78021240234375,43.29288101196289,1018.0696868896484,19.914775848388672
2024-04-10 13:00:59,0.0027108867652714,13.146068572998049,19.4453125,0.003150284755975,31.47321891784668,19.375,19.78021240234375,43.29288101196289,1018.0696868896484,19.914775848388672
2024-04-10 13:01:00,0.0025633366312831,11.99290370941162,19.46875,0.003150284755975,31.47321891784668,19.375,19.78021240234375,43.29288101196289,1018.0696868896484,19.914775848388672
2024-04-10 13:01:01,0.0025633366312831,11.99290370941162,19.46875,0.003150284755975,31.47321891784668,19.375,19.78021240234375,43.29288101196289,1018.0696868896484,19.914775848388672
2024-04-10 13:01:02,0.0025633366312831,11.99290370941162,19.46875,0.003150284755975,31.47321891784668,19.375,19.78021240234375,43.29288101196289,1018.081760406494,19.914775848388672
2024-04-10 13:01:03,0.0025633366312831,11.99290370941162,19.46875,0.003150284755975,31.47321891784668,19.375,19.84710693359375,43.29288101196289,1018.081760406494,19.914775848388672
2024-04-10 13:01:04,0.0025633366312831,11.99290370941162,19.46875,0.003150284755975,31.47321891784668,19.375,19.84710693359375,43.29288101196289,1018.081760406494,19.914775848388672
2024-04-10 13:01:05,0.0025633366312831,11.99290370941162,19.46875,0.003347793361172,28.73151969909668,19.375,19.84710693359375,43.29288101196289,1018.081760406494,19.914775848388672
2024-04-10 13:01:06,0.0025633366312831,11.99290370941162,19.46875,0.003347793361172,28.73151969909668,19.375,19.84710693359375,43.29288101196289,1018.081760406494,19.914461135864254
2024-04-10 13:01:07,0.0025633366312831,11.99290370941162,19.46875,0.003347793361172,28.73151969909668,19.375,19.84710693359375,43.29288101196289,1018.081760406494,19.914461135864254
2024-04-10 13:01:08,0.0023340098559856,14.529864311218262,19.4609375,0.003347793361172,28.73151969909668,19.375,19.84710693359375,43.29288101196289,1018.081760406494,19.914461135864254
2024-04-10 13:01:09,0.0023340098559856,14.529864311218262,19.4609375,0.003347793361172,28.73151969909668,19.375,19.84710693359375,43.29288101196289,1018.081760406494,19.914461135864254
2024-04-10 13:01:10,0.0023340098559856,14.529864311218262,19.4609375,0.003347793361172,28.73151969909668,19.375,19.84710693359375,43.29288101196289,1018.0885696411132,19.914461135864254
2024-04-10 13:01:11,0.0023340098559856,14.529864311218262,19.4609375,0.003347793361172,28.73151969909668,19.375,19.84710693359375,43.29288101196289,1018.0885696411132,19.914461135864254
2024-04-10 13:01:12,0.0023340098559856,14.529864311218262,19.4609375,0.003347793361172,28.73151969909668,19.375,19.87261962890625,43.29288101196289,1018.0885696411132,19.914461135864254
2024-04-10 13:01:13,0.0023340098559856,14.529864311218262,19.4609375,0.0030793049372732,26.14004898071289,19.40625,19.87261962890625,43.29288101196289,1018.0885696411132,19.914461135864254
2024-04-10 13:01:14,0.0023340098559856,14.529864311218262,19.4609375,0.0030793049372732,26.14004898071289,19.40625,19.87261962890625,43.29288101196289,1018.0885696411132,19.914461135864254
2024-04-10 13:01:15,0.0023340098559856,14.529864311218262,19.4609375,0.0030793049372732,26.14004898071289,19.40625,19.87261962890625,43.29288101196289,1018.0885696411132,19.90390396118164
2024-04-10 13:01:16,0.0023340098559856,14.529864311218262,19.4609375,0.0030793049372732,26.14004898071289,19.40625,19.87261962890625,43.29288101196289,1018.0885696411132,19.90390396118164
2024-04-10 13:01:17,0.0026432401500642,11.83914852142334,19.4765625,0.0030793049372732,26.14004898071289,19.40625,19.87261962890625,43.29288101196289,1018.063907623291,19.90390396118164
2024-04-10 13:01:18,0.0026432401500642,11.83914852142334,19.4765625,0.0030793049372732,26.14004898071289,19.40625,19.87261962890625,43.29288101196289,1018.063907623291,19.90390396118164
2024-04-10 13:01:19,0.0026432401500642,11.83914852142334,19.4765625,0.0030793049372732,26.14004898071289,19.40625,19.910430908203125,43.28524017333984,1018.063907623291,19.90390396118164
2024-04-10 13:01:20,0.0026432401500642,11.83914852142334,19.4765625,0.0030793049372732,26.14004898071289,19.40625,19.910430908203125,43.28524017333984,1018.063907623291,19.90390396118164
2024-04-10 13:01:21,0.0026432401500642,11.83914852142334,19.4765625,0.0033421332482248,25.80203056335449,19.4609375,19.910430908203125,43.28524017333984,1018.063907623291,19.90390396118164
2024-04-10 13:01:22,0.0026432401500642,11.83914852142334,19.4765625,0.0033421332482248,25.80203056335449,19.4609375,19.910430908203125,43.28524017333984,1018.063907623291,19.903823852539062
2024-04-10 13:01:23,0.0026432401500642,11.83914852142334,19.4765625,0.0033421332482248,25.80203056335449,19.4609375,19.910430908203125,43.28524017333984,1018.063907623291,19.903823852539062
2024-04-10 13:01:24,0.002342480700463,11.99290370941162,19.484375,0.0033421332482248,25.80203056335449,19.4609375,19.910430908203125,43.28524017333984,1018.063907623291,19.903823852539062
2024-04-10 13:01:25,0.002342480700463,11.99290370941162,19.484375,0.0033421332482248,25.80203056335449,19.4609375,19.910430908203125,43.28524017333984,1018.0522346496582,19.903823852539062
2024-04-10 13:01:26,0.002342480700463,11.99290370941162,19.484375,0.0033421332482248,25.80203056335449,19.4609375,19.910430908203125,43.28524017333984,1018.0522346496582,19.903823852539062
2024-04-10 13:01:27,0.002342480700463,11.99290370941162,19.484375,0.0033421332482248,25.80203056335449,19.4609375,20.0010986328125,43.28524017333984,1018.0522346496582,19.903823852539062
2024-04-10 13:01:28,0.002342480700463,11.99290370941162,19.484375,0.0033421332482248,25.80203056335449,19.4609375,20.0010986328125,43.28524017333984,1018.0522346496582,19.903823852539062
2024-04-10 13:01:29,0.002342480700463,11.99290370941162,19.484375,0.0033421332482248,25.80203056335449,19.4609375,20.0010986328125,43.28524017333984,1018.0522346496582,19.903823852539062
2024-04-10 13:01:30,0.002342480700463,11.99290370941162,19.484375,0.0033421332482248,25.80203056335449,19.4609375,20.0010986328125,43.28524017333984,1018.0522346496582,19.909934997558597
2024-04-10 13:01:31,0.002342480700463,11.99290370941162,19.484375,0.0030498562846332,25.914703369140625,19.4453125,20.0010986328125,43.28524017333984,1018.0522346496582,19.909934997558597
2024-04-10 13:01:32,0.0026396799366921,12.838557243347168,19.5,0.0030498562846332,25.914703369140625,19.4453125,20.0010986328125,43.28524017333984,1018.0522346496582,19.909934997558597
2024-04-10 13:01:33,0.0026396799366921,12.838557243347168,19.5,0.0030498562846332,25.914703369140625,19.4453125,20.0010986328125,43.28524017333984,1018.0522346496582,19.909934997558597
2024-04-10 13:01:34,0.0026396799366921,12.838557243347168,19.5,0.0030498562846332,25.914703369140625,19.4453125,20.045379638671875,43.28524017333984,1018.0522346496582,19.909934997558597
2024-04-10 13:01:35,0.0026396799366921,12.838557243347168,19.5,0.0030498562846332,25.914703369140625,19.4453125,20.045379638671875,43.28524017333984,1018.0263710021972,19.909934997558597
2024-04-10 13:01:36,0.0026396799366921,12.838557243347168,19.5,0.0030498562846332,25.914703369140625,19.4453125,20.045379638671875,43.28524017333984,1018.0263710021972,19.909934997558597
2024-04-10 13:01:37,0.0026396799366921,12.838557243347168,19.5,0.0032188759651035,29.970918655395508,19.5078125,20.045379638671875,43.28524017333984,1018.0263710021972,19.91423225402832
2024-04-10 13:01:38,0.0026396799366921,12.838557243347168,19.5,0.0032188759651035,29.970918655395508,19.5078125,20.045379638671875,43.28524017333984,1018.0263710021972,19.91423225402832
2024-04-10 13:01:39,0.0026396799366921,12.838557243347168,19.5,0.0032188759651035,29.970918655395508,19.5078125,20.045379638671875,43.28524017333984,1018.0263710021972,19.91423225402832
2024-04-10 13:01:40,0.002359427511692,13.222945213317873,19.515625,0.0032188759651035,29.970918655395508,19.5078125,20.045379638671875,43.28524017333984,1018.0263710021972,19.91423225402832
2024-04-10 13:01:41,0.002359427511692,13.222945213317873,19.515625,0.0032188759651035,29.970918655395508,19.5078125,20.045379638671875,43.28524017333984,1018.0263710021972,19.91423225402832
2024-04-10 13:01:42,0.002359427511692,13.222945213317873,19.515625,0.0032188759651035,29.970918655395508,19.5078125,20.045379638671875,43.28524017333984,1018.0263710021972,19.91423225402832
2024-04-10 13:01:43,0.002359427511692,13.222945213317873,19.515625,0.0032188759651035,29.970918655395508,19.5078125,20.084228515625,43.28524017333984,1018.0008792877196,19.91423225402832
2024-04-10 13:01:44,0.002359427511692,13.222945213317873,19.515625,0.0032188759651035,29.970918655395508,19.5078125,20.084228515625,43.28524017333984,1018.0008792877196,19.91423225402832
2024-04-10 13:01:45,0.002359427511692,13.222945213317873,19.515625,0.003169676521793,27.90525245666504,19.5234375,20.084228515625,43.28524017333984,1018.0008792877196,19.931781768798828
2024-04-10 13:01:46,0.002359427511692,13.222945213317873,19.515625,0.003169676521793,27.90525245666504,19.5234375,20.084228515625,43.28524017333984,1018.0008792877196,19.931781768798828
2024-04-10 13:01:47,0.002359427511692,13.222945213317873,19.515625,0.003169676521793,27.90525245666504,19.5234375,20.084228515625,43.28524017333984,1018.0008792877196,19.931781768798828
2024-04-10 13:01:48,0.002359427511692,13.222945213317873,19.515625,0.003169676521793,27.90525245666504,19.5234375,20.084228515625,43.28524017333984,1018.0008792877196,19.931781768798828
2024-04-10 13:01:49,0.0025559142231941,12.723241806030272,19.53125,0.003169676521793,27.90525245666504,19.5234375,20.084228515625,43.28524017333984,1018.0598449707032,19.931781768798828
2024-04-10 13:01:50,0.0025559142231941,12.723241806030272,19.53125,0.003169676521793,27.90525245666504,19.5234375,20.1268310546875,43.28524017333984,1018.0598449707032,19.931781768798828
2024-04-10 13:01:51,0.0025559142231941,12.723241806030272,19.53125,0.003169676521793,27.90525245666504,19.5234375,20.1268310546875,43.28524017333984,1018.0598449707032,19.931781768798828
2024-04-10 13:01:52,0.0025559142231941,12.723241806030272,19.53125,0.003169676521793,27.90525245666504,19.5234375,20.1268310546875,43.28524017333984,1018.0598449707032,19.931781768798828
2024-04-10 13:01:53,0.0025559142231941,12.723241806030272,19.53125,0.0031354941893368,25.050880432128903,19.546875,20.1268310546875,43.28524017333984,1018.0598449707032,19.93865966796875
2024-04-10 13:01:54,0.0025559142231941,12.723241806030272,19.53125,0.0031354941893368,25.050880432128903,19.546875,20.1268310546875,43.28524017333984,1018.0598449707032,19.93865966796875
2024-04-10 13:01:55,0.0025559142231941,12.723241806030272,19.53125,0.0031354941893368,25.050880432128903,19.546875,20.1268310546875,43.28524017333984,1018.0598449707032,19.93865966796875
2024-04-10 13:01:56,0.0025393452960997,14.337671279907228,19.5390625,0.0031354941893368,25.050880432128903,19.546875,20.1268310546875,43.28524017333984,1018.0598449707032,19.93865966796875
2024-04-10 13:01:57,0.0025393452960997,14.337671279907228,19.5390625,0.0031354941893368,25.050880432128903,19.546875,20.1268310546875,43.28524017333984,1018.0598449707032,19.93865966796875
2024-04-10 13:01:58,0.0025393452960997,14.337671279907228,19.5390625,0.0031354941893368,25.050880432128903,19.546875,20.1268310546875,43.28524017333984,1018.0234813690186,19.93865966796875
2024-04-10 13:01:59,0.0025393452960997,14.337671279907228,19.5390625,0.0031354941893368,25.050880432128903,19.546875,20.20220947265625,43.28524017333984,1018.0234813690186,19.93865966796875
2024-04-10 13:02:00,0.0025393452960997,14.337671279907228,19.5390625,0.0031354941893368,25.050880432128903,19.546875,20.20220947265625,43.28524017333984,1018.0234813690186,19.93865966796875
2024-04-10 13:02:01,0.0025393452960997,14.337671279907228,19.5390625,0.0032381718046963,27.52967643737793,19.5703125,20.20220947265625,43.28524017333984,1018.0234813690186,19.93865966796875
2024-04-10 13:02:02,0.0025393452960997,14.337671279907228,19.5390625,0.0032381718046963,27.52967643737793,19.5703125,20.20220947265625,43.28524017333984,1018.0234813690186,19.93865966796875
2024-04-10 13:02:03,0.0025393452960997,14.337671279907228,19.5390625,0.0032381718046963,27.52967643737793,19.5703125,20.20220947265625,43.28524017333984,1018.0234813690186,19.94254493713379
2024-04-10 13:02:04,0.0025393452960997,14.337671279907228,19.5390625,0.0032381718046963,27.52967643737793,19.5703125,20.20220947265625,43.28524017333984,1018.0234813690186,19.94254493713379
2024-04-10 13:02:05,0.0025842359755188,13.49201774597168,19.546875,0.0032381718046963,27.52967643737793,19.5703125,20.20220947265625,43.28524017333984,1018.0234813690186,19.94254493713379
2024-04-10 13:02:06,0.0025842359755188,13.49201774597168,19.546875,0.0032381718046963,27.52967643737793,19.5703125,20.20220947265625,43.28524017333984,1018.0820751190186,19.94254493713379
2024-04-10 13:02:07,0.0025842359755188,13.49201774597168,19.546875,0.0032381718046963,27.52967643737793,19.5703125,20.20220947265625,43.28524017333984,1018.0820751190186,19.94254493713379
2024-04-10 13:02:08,0.0025842359755188,13.49201774597168,19.546875,0.0032381718046963,27.52967643737793,19.5703125,20.196746826171875,43.28524017333984,1018.0820751190186,19.94254493713379
2024-04-10 13:02:09,0.0025842359755188,13.49201774597168,19.546875,0.0032381718046963,27.52967643737793,19.5703125,20.196746826171875,43.28524017333984,1018.0820751190186,19.94254493713379
2024-04-10 13:02:10,0.0025842359755188,13.49201774597168,19.546875,0.0031182903330773,25.839588165283203,19.609375,20.196746826171875,43.28524017333984,1018.0820751190186,19.942705154418945
2024-04-10 13:02:11,0.0025842359755188,13.49201774597168,19.546875,0.0031182903330773,25.839588165283203,19.609375,20.196746826171875,43.28524017333984,1018.0820751190186,19.942705154418945
2024-04-10 13:02:12,0.0023039681836962,12.723241806030272,19.5546875,0.0031182903330773,25.839588165283203,19.609375,20.196746826171875,43.28524017333984,1018.0820751190186,19.942705154418945
2024-04-10 13:02:13,0.0023039681836962,12.723241806030272,19.5546875,0.0031182903330773,25.839588165283203,19.609375,20.196746826171875,43.28524017333984,1018.029146194458,19.942705154418945
2024-04-10 13:02:14,0.0023039681836962,12.723241806030272,19.5546875,0.0031182903330773,25.839588165283203,19.609375,20.196746826171875,43.28524017333984,1018.029146194458,19.942705154418945
2024-04-10 13:02:15,0.0023039681836962,12.723241806030272,19.5546875,0.0031182903330773,25.839588165283203,19.609375,20.36727905273437,43.28524017333984,1018.029146194458,19.942705154418945
2024-04-10 13:02:16,0.0023039681836962,12.723241806030272,19.5546875,0.0031182903330773,25.839588165283203,19.609375,20.36727905273437,43.30134582519531,1018.029146194458,19.942705154418945
2024-04-10 13:02:17,0.0023039681836962,12.723241806030272,19.5546875,0.0033252292778342,28.16815757751465,19.65625,20.36727905273437,43.30134582519531,1018.029146194458,19.942705154418945
2024-04-10 13:02:18,0.0023039681836962,12.723241806030272,19.5546875,0.0033252292778342,28.16815757751465,19.65625,20.36727905273437,43.30134582519531,1018.029146194458,19.95316505432129
2024-04-10 13:02:19,0.0023039681836962,12.723241806030272,19.5546875,0.0033252292778342,28.16815757751465,19.65625,20.36727905273437,43.30134582519531,1018.029146194458,19.95316505432129
2024-04-10 13:02:20,0.0024971754755824,15.337080001831056,19.5625,0.0033252292778342,28.16815757751465,19.65625,20.36727905273437,43.30134582519531,1018.029146194458,19.95316505432129
2024-04-10 13:02:21,0.0024971754755824,15.337080001831056,19.5625,0.0033252292778342,28.16815757751465,19.65625,20.36727905273437,43.30134582519531,1018.029146194458,19.95316505432129
2024-04-10 13:02:22,0.0024971754755824,15.337080001831056,19.5625,0.0033252292778342,28.16815757751465,19.65625,20.36727905273437,43.30134582519531,1018.0578136444092,19.95316505432129
2024-04-10 13:02:23,0.0024971754755824,15.337080001831056,19.5625,0.0033252292778342,28.16815757751465,19.65625,20.36727905273437,43.30134582519531,1018.0578136444092,19.95316505432129
2024-04-10 13:02:24,0.0024971754755824,15.337080001831056,19.5625,0.0033252292778342,28.16815757751465,19.65625,20.3475341796875,43.30134582519531,1018.0578136444092,19.95316505432129
2024-04-10 13:02:25,0.0024971754755824,15.337080001831056,19.5625,0.0030821394175291,27.79258155822754,19.6875,20.3475341796875,43.30134582519531,1018.0578136444092,19.95316505432129
2024-04-10 13:02:26,0.0024971754755824,15.337080001831056,19.5625,0.0030821394175291,27.79258155822754,19.6875,20.3475341796875,43.30134582519531,1018.0578136444092,19.95265007019043
2024-04-10 13:02:27,0.0024971754755824,15.337080001831056,19.5625,0.0030821394175291,27.79258155822754,19.6875,20.3475341796875,43.30134582519531,1018.0578136444092,19.95265007019043
2024-04-10 13:02:28,0.002682187827304,13.837965965270996,19.59375,0.0030821394175291,27.79258155822754,19.6875,20.3475341796875,43.30134582519531,1018.0578136444092,19.95265007019043
2024-04-10 13:02:29,0.002682187827304,13.837965965270996,19.59375,0.0030821394175291,27.79258155822754,19.6875,20.3475341796875,43.30134582519531,1018.0578136444092,19.95265007019043
2024-04-10 13:02:30,0.002682187827304,13.837965965270996,19.59375,0.0030821394175291,27.79258155822754,19.6875,20.3475341796875,43.30134582519531,1018.0690002441406,19.95265007019043
2024-04-10 13:02:31,0.002682187827304,13.837965965270996,19.59375,0.0030821394175291,27.79258155822754,19.6875,20.422515869140625,43.30134582519531,1018.0690002441406,19.95265007019043
2024-04-10 13:02:32,0.002682187827304,13.837965965270996,19.59375,0.0030821394175291,27.79258155822754,19.6875,20.422515869140625,43.30134582519531,1018.0690002441406,19.95265007019043
2024-04-10 13:02:33,0.002682187827304,13.837965965270996,19.59375,0.0032015927135944,30.496723175048828,19.7109375,20.422515869140625,43.30134582519531,1018.0690002441406,19.95265007019043
2024-04-10 13:02:34,0.002682187827304,13.837965965270996,19.59375,0.0032015927135944,30.496723175048828,19.7109375,20.422515869140625,43.30134582519531,1018.0690002441406,19.9534854888916
2024-04-10 13:02:35,0.002682187827304,13.837965965270996,19.59375,0.0032015927135944,30.496723175048828,19.7109375,20.422515869140625,43.30134582519531,1018.0690002441406,19.9534854888916
2024-04-10 13:02:36,0.0025996207259595,13.722649574279783,19.59375,0.0032015927135944,30.496723175048828,19.7109375,20.422515869140625,43.30134582519531,1018.0690002441406,19.9534854888916
2024-04-10 13:02:37,0.0025996207259595,13.722649574279783,19.59375,0.0032015927135944,30.496723175048828,19.7109375,20.422515869140625,43.30134582519531,1018.0432224273682,19.9534854888916
2024-04-10 13:02:38,0.0025996207259595,13.722649574279783,19.59375,0.0032015927135944,30.496723175048828,19.7109375,20.422515869140625,43.30134582519531,1018.0432224273682,19.9534854888916
2024-04-10 13:02:39,0.0025996207259595,13.722649574279783,19.59375,0.0032015927135944,30.496723175048828,19.7109375,20.449737548828125,43.30134582519531,1018.0432224273682,19.9534854888916
2024-04-10 13:02:40,0.0025996207259595,13.722649574279783,19.59375,0.0032015927135944,30.496723175048828,19.7109375,20.449737548828125,43.30134582519531,1018.0432224273682,19.9534854888916
2024-04-10 13:02:41,0.0025996207259595,13.722649574279783,19.59375,0.0030558824073523,22.98521614074707,19.7421875,20.449737548828125,43.30134582519531,1018.0432224273682,19.9534854888916
2024-04-10 13:02:42,0.0025996207259595,13.722649574279783,19.59375,0.0030558824073523,22.98521614074707,19.7421875,20.449737548828125,43.30134582519531,1018.0432224273682,19.95216941833496
2024-04-10 13:02:43,0.0025996207259595,13.722649574279783,19.59375,0.0030558824073523,22.98521614074707,19.7421875,20.449737548828125,43.30134582519531,1018.0432224273682,19.95216941833496
2024-04-10 13:02:44,0.0023673339746892,15.836783409118652,19.609375,0.0030558824073523,22.98521614074707,19.7421875,20.449737548828125,43.30134582519531,1018.0432224273682,19.95216941833496
2024-04-10 13:02:45,0.0023673339746892,15.836783409118652,19.609375,0.0030558824073523,22.98521614074707,19.7421875,20.449737548828125,43.30134582519531,1018.0432224273682,19.95216941833496
2024-04-10 13:02:46,0.0023673339746892,15.836783409118652,19.609375,0.0030558824073523,22.98521614074707,19.7421875,20.449737548828125,43.30134582519531,1018.0432224273682,19.95216941833496
2024-04-10 13:02:47,0.0023673339746892,15.836783409118652,19.609375,0.0030558824073523,22.98521614074707,19.7421875,20.449737548828125,43.30134582519531,1018.0593013763428,19.95216941833496
2024-04-10 13:02:48,0.0023673339746892,15.836783409118652,19.609375,0.0030558824073523,22.98521614074707,19.7421875,20.449737548828125,43.30134582519531,1018.0593013763428,19.95216941833496
2024-04-10 13:02:49,0.0023673339746892,15.836783409118652,19.609375,0.003249921137467,28.35594367980957,19.7734375,20.4466552734375,43.30134582519531,1018.0593013763428,19.95216941833496
2024-04-10 13:02:50,0.0023673339746892,15.836783409118652,19.609375,0.003249921137467,28.35594367980957,19.7734375,20.4466552734375,43.30134582519531,1018.0593013763428,19.95216941833496
2024-04-10 13:02:51,0.0023673339746892,15.836783409118652,19.609375,0.003249921137467,28.35594367980957,19.7734375,20.4466552734375,43.30134582519531,1018.0593013763428,19.9527530670166
2024-04-10 13:02:52,0.0025121353100985,15.875222206115724,19.625,0.003249921137467,28.35594367980957,19.7734375,20.4466552734375,43.30134582519531,1018.0593013763428,19.9527530670166
2024-04-10 13:02:53,0.0025121353100985,15.875222206115724,19.625,0.003249921137467,28.35594367980957,19.7734375,20.4466552734375,43.30134582519531,1018.0593013763428,19.9527530670166
2024-04-10 13:02:54,0.0025121353100985,15.875222206115724,19.625,0.003249921137467,28.35594367980957,19.7734375,20.50592041015625,43.30134582519531,1018.02339553833,19.9527530670166
2024-04-10 13:02:55,0.0025121353100985,15.875222206115724,19.625,0.003249921137467,28.35594367980957,19.7734375,20.50592041015625,43.30134582519531,1018.02339553833,19.9527530670166
2024-04-10 13:02:56,0.0025121353100985,15.875222206115724,19.625,0.003249921137467,28.35594367980957,19.7734375,20.50592041015625,43.30134582519531,1018.02339553833,19.9527530670166
2024-04-10 13:02:57,0.0025121353100985,15.875222206115724,19.625,0.003050627419725,24.975765228271484,19.828125,20.50592041015625,43.30134582519531,1018.02339553833,19.96803092956543
2024-04-10 13:02:58,0.0025121353100985,15.875222206115724,19.625,0.003050627419725,24.975765228271484,19.828125,20.50592041015625,43.30134582519531,1018.02339553833,19.96803092956543
2024-04-10 13:02:59,0.0025121353100985,15.875222206115724,19.625,0.003050627419725,24.975765228271484,19.828125,20.50592041015625,43.30134582519531,1018.02339553833,19.96803092956543
2024-04-10 13:03:00,0.0024893681984394,15.068007469177246,19.640625,0.003050627419725,24.975765228271484,19.828125,20.50592041015625,43.30134582519531,1018.02339553833,19.96803092956543
2024-04-10 13:03:01,0.0024893681984394,15.068007469177246,19.640625,0.003050627419725,24.975765228271484,19.828125,20.50592041015625,43.30134582519531,1018.02339553833,19.96803092956543
2024-04-10 13:03:02,0.0024893681984394,15.068007469177246,19.640625,0.003050627419725,24.975765228271484,19.828125,20.50592041015625,43.30134582519531,1018.02339553833,19.96803092956543
2024-04-10 13:03:03,0.0024893681984394,15.068007469177246,19.640625,0.003050627419725,24.975765228271484,19.828125,20.50592041015625,43.30134582519531,1018.032808303833,19.96803092956543
2024-04-10 13:03:04,0.0024893681984394,15.068007469177246,19.640625,0.003050627419725,24.975765228271484,19.828125,20.50592041015625,43.30134582519531,1018.032808303833,19.96803092956543
2024-04-10 13:03:05,0.0024893681984394,15.068007469177246,19.640625,0.0032651042565703,26.92875862121582,19.8515625,20.56744384765625,43.30134582519531,1018.032808303833,19.96803092956543
2024-04-10 13:03:06,0.0024893681984394,15.068007469177246,19.640625,0.0032651042565703,26.92875862121582,19.8515625,20.56744384765625,43.30134582519531,1018.032808303833,19.96803092956543
2024-04-10 13:03:07,0.0024893681984394,15.068007469177246,19.640625,0.0032651042565703,26.92875862121582,19.8515625,20.56744384765625,43.30134582519531,1018.032808303833,19.961009979248047
2024-04-10 13:03:08,0.0024959177244454,14.030159950256348,19.6640625,0.0032651042565703,26.92875862121582,19.8515625,20.56744384765625,43.30134582519531,1018.032808303833,19.961009979248047
2024-04-10 13:03:09,0.0024959177244454,14.030159950256348,19.6640625,0.0032651042565703,26.92875862121582,19.8515625,20.56744384765625,43.30134582519531,1018.032808303833,19.961009979248047
2024-04-10 13:03:10,0.0024959177244454,14.030159950256348,19.6640625,0.0032651042565703,26.92875862121582,19.8515625,20.56744384765625,43.30134582519531,1018.032808303833,19.961009979248047
2024-04-10 13:03:11,0.0024959177244454,14.030159950256348,19.6640625,0.0032651042565703,26.92875862121582,19.8515625,20.56744384765625,43.30134582519531,1018.0105781555176,19.961009979248047
2024-04-10 13:03:12,0.0024959177244454,14.030159950256348,19.6640625,0.0032651042565703,26.92875862121582,19.8515625,20.56744384765625,43.30134582519531,1018.0105781555176,19.961009979248047
2024-04-10 13:03:13,0.0024959177244454,14.030159950256348,19.6640625,0.0030140152666717,28.618846893310547,19.8671875,20.56744384765625,43.30134582519531,1018.0105781555176,19.961009979248047
2024-04-10 13:03:14,0.0024959177244454,14.030159950256348,19.6640625,0.0030140152666717,28.618846893310547,19.8671875,20.56744384765625,43.30134582519531,1018.0105781555176,19.961009979248047
2024-04-10 13:03:15,0.0024959177244454,14.030159950256348,19.6640625,0.0030140152666717,28.618846893310547,19.8671875,20.655914306640625,43.300384521484375,1018.0105781555176,19.954795837402344
2024-04-10 13:03:16,0.002502822317183,12.723241806030272,19.6875,0.0030140152666717,28.618846893310547,19.8671875,20.655914306640625,43.300384521484375,1018.0105781555176,19.954795837402344
2024-04-10 13:03:17,0.002502822317183,12.723241806030272,19.6875,0.0030140152666717,28.618846893310547,19.8671875,20.655914306640625,43.300384521484375,1018.0105781555176,19.954795837402344
2024-04-10 13:03:18,0.002502822317183,12.723241806030272,19.6875,0.0030140152666717,28.618846893310547,19.8671875,20.655914306640625,43.300384521484375,1018.041820526123,19.954795837402344
2024-04-10 13:03:19,0.002502822317183,12.723241806030272,19.6875,0.0030140152666717,28.618846893310547,19.8671875,20.655914306640625,43.300384521484375,1018.041820526123,19.954795837402344
2024-04-10 13:03:20,0.002502822317183,12.723241806030272,19.6875,0.0030140152666717,28.618846893310547,19.8671875,20.66937255859375,43.300384521484375,1018.041820526123,19.954795837402344
2024-04-10 13:03:21,0.002502822317183,12.723241806030272,19.6875,0.0032955026254057,27.980369567871094,19.90625,20.66937255859375,43.300384521484375,1018.041820526123,19.954795837402344
2024-04-10 13:03:22,0.002502822317183,12.723241806030272,19.6875,0.0032955026254057,27.980369567871094,19.90625,20.66937255859375,43.300384521484375,1018.041820526123,19.954795837402344
2024-04-10 13:03:23,0.002502822317183,12.723241806030272,19.6875,0.0032955026254057,27.980369567871094,19.90625,20.66937255859375,43.300384521484375,1018.041820526123,19.939254760742188
2024-04-10 13:03:24,0.0022801754530519,16.10585594177246,19.6796875,0.0032955026254057,27.980369567871094,19.90625,20.66937255859375,43.300384521484375,1018.041820526123,19.939254760742188
2024-04-10 13:03:25,0.0022801754530519,16.10585594177246,19.6796875,0.0032955026254057,27.980369567871094,19.90625,20.66937255859375,43.300384521484375,1018.0237674713136,19.939254760742188
2024-04-10 13:03:26,0.0022801754530519,16.10585594177246,19.6796875,0.0032955026254057,27.980369567871094,19.90625,20.66937255859375,43.300384521484375,1018.0237674713136,19.939254760742188
2024-04-10 13:03:27,0.0022801754530519,16.10585594177246,19.6796875,0.0032955026254057,27.980369567871094,19.90625,20.72421264648437,43.300384521484375,1018.0237674713136,19.939254760742188
2024-04-10 13:03:28,0.0022801754530519,16.10585594177246,19.6796875,0.0032955026254057,27.980369567871094,19.90625,20.72421264648437,43.300384521484375,1018.0237674713136,19.939254760742188
2024-04-10 13:03:29,0.0022801754530519,16.10585594177246,19.6796875,0.0030747442506253,28.956863403320312,19.9375,20.72421264648437,43.300384521484375,1018.0237674713136,19.939254760742188
2024-04-10 13:03:30,0.0022801754530519,16.10585594177246,19.6796875,0.0030747442506253,28.956863403320312,19.9375,20.72421264648437,43.300384521484375,1018.0237674713136,19.929933547973636
2024-04-10 13:03:31,0.0022801754530519,16.10585594177246,19.6796875,0.0030747442506253,28.956863403320312,19.9375,20.72421264648437,43.300384521484375,1018.0237674713136,19.929933547973636
2024-04-10 13:03:32,0.0025401883758604,13.607333183288574,19.7109375,0.0030747442506253,28.956863403320312,19.9375,20.72421264648437,43.300384521484375,1018.0237674713136,19.929933547973636
2024-04-10 13:03:33,0.0025401883758604,13.607333183288574,19.7109375,0.0030747442506253,28.956863403320312,19.9375,20.72421264648437,43.300384521484375,1018.0340385437012,19.929933547973636
2024-04-10 13:03:34,0.0025401883758604,13.607333183288574,19.7109375,0.0030747442506253,28.956863403320312,19.9375,20.72421264648437,43.300384521484375,1018.0340385437012,19.929933547973636
2024-04-10 13:03:35,0.0025401883758604,13.607333183288574,19.7109375,0.0030747442506253,28.956863403320312,19.9375,20.806396484375,43.300384521484375,1018.0340385437012,19.929933547973636
2024-04-10 13:03:36,0.0025401883758604,13.607333183288574,19.7109375,0.0030747442506253,28.956863403320312,19.9375,20.806396484375,43.300384521484375,1018.0340385437012,19.929933547973636
2024-04-10 13:03:37,0.0025401883758604,13.607333183288574,19.7109375,0.0033348940778523,25.53912734985352,19.9765625,20.806396484375,43.300384521484375,1018.0340385437012,19.929933547973636
2024-04-10 13:03:38,0.0025401883758604,13.607333183288574,19.7109375,0.0033348940778523,25.53912734985352,19.9765625,20.806396484375,43.300384521484375,1018.0340385437012,19.92098426818848
2024-04-10 13:03:39,0.0025401883758604,13.607333183288574,19.7109375,0.0033348940778523,25.53912734985352,19.9765625,20.806396484375,43.300384521484375,1018.0340385437012,19.92098426818848
2024-04-10 13:03:40,0.0024229909759014,13.146068572998049,19.71875,0.0033348940778523,25.53912734985352,19.9765625,20.806396484375,43.300384521484375,1018.0340385437012,19.92098426818848
2024-04-10 13:03:41,0.0024229909759014,13.146068572998049,19.71875,0.0033348940778523,25.53912734985352,19.9765625,20.806396484375,43.300384521484375,1018.0340385437012,19.92098426818848
2024-04-10 13:03:42,0.0024229909759014,13.146068572998049,19.71875,0.0033348940778523,25.53912734985352,19.9765625,20.806396484375,43.300384521484375,1018.0247402191162,19.92098426818848
2024-04-10 13:03:43,0.0024229909759014,13.146068572998049,19.71875,0.0033348940778523,25.53912734985352,19.9765625,20.806396484375,43.300384521484375,1018.0247402191162,19.92098426818848
2024-04-10 13:03:44,0.0024229909759014,13.146068572998049,19.71875,0.0033348940778523,25.53912734985352,19.9765625,20.806396484375,43.300384521484375,1018.0247402191162,19.92098426818848
2024-04-10 13:03:45,0.0024229909759014,13.146068572998049,19.71875,0.0030324673280119,27.266775131225582,20.0078125,20.806396484375,43.300384521484375,1018.0247402191162,19.92098426818848
2024-04-10 13:03:46,0.0024229909759014,13.146068572998049,19.71875,0.0030324673280119,27.266775131225582,20.0078125,20.83990478515625,43.300384521484375,1018.0247402191162,19.92536163330078
2024-04-10 13:03:47,0.0024229909759014,13.146068572998049,19.71875,0.0030324673280119,27.266775131225582,20.0078125,20.83990478515625,43.300384521484375,1018.0247402191162,19.92536163330078
2024-04-10 13:03:48,0.0024173627607524,12.876996040344238,19.7421875,0.0030324673280119,27.266775131225582,20.0078125,20.83990478515625,43.300384521484375,1018.0247402191162,19.92536163330078
2024-04-10 13:03:49,0.0024173627607524,12.876996040344238,19.7421875,0.0030324673280119,27.266775131225582,20.0078125,20.83990478515625,43.300384521484375,1018.0247402191162,19.92536163330078
2024-04-10 13:03:50,0.0024173627607524,12.876996040344238,19.7421875,0.0030324673280119,27.266775131225582,20.0078125,20.83990478515625,43.300384521484375,1018.0247402191162,19.92536163330078
2024-04-10 13:03:51,0.0024173627607524,12.876996040344238,19.7421875,0.0030324673280119,27.266775131225582,20.0078125,20.9671630859375,43.300384521484375,1018.0099773406982,19.92536163330078
2024-04-10 13:03:52,0.0024173627607524,12.876996040344238,19.7421875,0.0030324673280119,27.266775131225582,20.0078125,20.9671630859375,43.300384521484375,1018.0099773406982,19.92536163330078
2024-04-10 13:03:53,0.0024173627607524,12.876996040344238,19.7421875,0.0030324673280119,27.266775131225582,20.0078125,20.9671630859375,43.300384521484375,1018.0099773406982,19.906736373901367
2024-04-10 13:03:54,0.0024173627607524,12.876996040344238,19.7421875,0.0032584697473794,25.050880432128903,20.078125,20.9671630859375,43.300384521484375,1018.0099773406982,19.906736373901367
2024-04-10 13:03:55,0.0024173627607524,12.876996040344238,19.7421875,0.0032584697473794,25.050880432128903,20.078125,20.9671630859375,43.300384521484375,1018.0099773406982,19.906736373901367
2024-04-10 13:03:56,0.0025897098239511,13.415139198303224,19.765625,0.0032584697473794,25.050880432128903,20.078125,20.9671630859375,43.300384521484375,1018.0099773406982,19.906736373901367
2024-04-10 13:03:57,0.0025897098239511,13.415139198303224,19.765625,0.0032584697473794,25.050880432128903,20.078125,20.9671630859375,43.300384521484375,1018.0099773406982,19.906736373901367
2024-04-10 13:03:58,0.0025897098239511,13.415139198303224,19.765625,0.0032584697473794,25.050880432128903,20.078125,20.9671630859375,43.300384521484375,1018.0099773406982,19.906736373901367
2024-04-10 13:03:59,0.0025897098239511,13.415139198303224,19.765625,0.0032584697473794,25.050880432128903,20.078125,20.9671630859375,43.300384521484375,1018.0245399475098,19.906736373901367
2024-04-10 13:04:00,0.0025897098239511,13.415139198303224,19.765625,0.0032584697473794,25.050880432128903,20.078125,20.9671630859375,43.300384521484375,1018.0245399475098,19.906736373901367
2024-04-10 13:04:01,0.0025897098239511,13.415139198303224,19.765625,0.0032584697473794,25.050880432128903,20.078125,20.980255126953125,43.300384521484375,1018.0245399475098,19.906736373901367
2024-04-10 13:04:02,0.0025897098239511,13.415139198303224,19.765625,0.0032584697473794,25.050880432128903,20.078125,20.980255126953125,43.300384521484375,1018.0245399475098,19.904848098754883
2024-04-10 13:04:03,0.0025897098239511,13.415139198303224,19.765625,0.0030935558024793,24.78797721862793,20.1015625,20.980255126953125,43.300384521484375,1018.0245399475098,19.904848098754883
2024-04-10 13:04:04,0.0022325455211102,13.991722106933594,19.7890625,0.0030935558024793,24.78797721862793,20.1015625,20.980255126953125,43.300384521484375,1018.0245399475098,19.904848098754883
2024-04-10 13:04:05,0.0022325455211102,13.991722106933594,19.7890625,0.0030935558024793,24.78797721862793,20.1015625,20.980255126953125,43.300384521484375,1018.0245399475098,19.904848098754883
2024-04-10 13:04:06,0.0022325455211102,13.991722106933594,19.7890625,0.0030935558024793,24.78797721862793,20.1015625,20.99322509765625,43.300384521484375,1018.0543231964112,19.904848098754883
2024-04-10 13:04:07,0.0022325455211102,13.991722106933594,19.7890625,0.0030935558024793,24.78797721862793,20.1015625,20.99322509765625,43.300384521484375,1018.0543231964112,19.904848098754883
2024-04-10 13:04:08,0.0022325455211102,13.991722106933594,19.7890625,0.0030935558024793,24.78797721862793,20.1015625,20.99322509765625,43.300384521484375,1018.0543231964112,19.904848098754883
2024-04-10 13:04:09,0.0022325455211102,13.991722106933594,19.7890625,0.003261994337663,33.57644271850586,20.125,20.99322509765625,43.300384521484375,1018.0543231964112,19.904848098754883
2024-04-10 13:04:10,0.0022325455211102,13.991722106933594,19.7890625,0.003261994337663,33.57644271850586,20.125,20.99322509765625,43.300384521484375,1018.0543231964112,19.904848098754883
2024-04-10 13:04:11,0.0022325455211102,13.991722106933594,19.7890625,0.003261994337663,33.57644271850586,20.125,20.99322509765625,43.300384521484375,1018.0543231964112,19.88732147216797
2024-04-10 13:04:12,0.0026836362667381,15.068007469177246,19.8125,0.003261994337663,33.57644271850586,20.125,20.99322509765625,43.300384521484375,1018.0543231964112,19.88732147216797
2024-04-10 13:04:13,0.0026836362667381,15.068007469177246,19.8125,0.003261994337663,33.57644271850586,20.125,20.99322509765625,43.300384521484375,1018.0543231964112,19.88732147216797
2024-04-10 13:04:14,0.0026836362667381,15.068007469177246,19.8125,0.003261994337663,33.57644271850586,20.125,20.99322509765625,43.300384521484375,1018.0543231964112,19.88732147216797
2024-04-10 13:04:15,0.0026836362667381,15.068007469177246,19.8125,0.003261994337663,33.57644271850586,20.125,20.99322509765625,43.300384521484375,1018.0543231964112,19.88732147216797
2024-04-10 13:04:16,0.0026836362667381,15.068007469177246,19.8125,0.003261994337663,33.57644271850586,20.125,21.06146240234375,43.300384521484375,1018.0448818206788,19.88732147216797
2024-04-10 13:04:17,0.0026836362667381,15.068007469177246,19.8125,0.0031127592083066,24.33728790283203,20.1796875,21.06146240234375,43.27829360961914,1018.0448818206788,19.88732147216797
2024-04-10 13:04:18,0.0026836362667381,15.068007469177246,19.8125,0.0031127592083066,24.33728790283203,20.1796875,21.06146240234375,43.27829360961914,1018.0448818206788,19.88732147216797
2024-04-10 13:04:19,0.0026836362667381,15.068007469177246,19.8125,0.0031127592083066,24.33728790283203,20.1796875,21.06146240234375,43.27829360961914,1018.0448818206788,19.870967864990234
2024-04-10 13:04:20,0.0021865586750209,12.800118446350098,19.8203125,0.0031127592083066,24.33728790283203,20.1796875,21.06146240234375,43.27829360961914,1018.0448818206788,19.870967864990234
2024-04-10 13:04:21,0.0021865586750209,12.800118446350098,19.8203125,0.0031127592083066,24.33728790283203,20.1796875,21.06146240234375,43.27829360961914,1018.0448818206788,19.870967864990234
2024-04-10 13:04:22,0.0021865586750209,12.800118446350098,19.8203125,0.0031127592083066,24.33728790283203,20.1796875,21.10409545898437,43.27829360961914,1018.0448818206788,19.870967864990234
2024-04-10 13:04:23,0.0021865586750209,12.800118446350098,19.8203125,0.0031127592083066,24.33728790283203,20.1796875,21.10409545898437,43.27829360961914,1018.0544376373292,19.870967864990234
2024-04-10 13:04:24,0.0021865586750209,12.800118446350098,19.8203125,0.0031127592083066,24.33728790283203,20.1796875,21.10409545898437,43.27829360961914,1018.0544376373292,19.870967864990234
2024-04-10 13:04:25,0.0021865586750209,12.800118446350098,19.8203125,0.003099612891674,27.229219436645508,20.2109375,21.10409545898437,43.27829360961914,1018.0544376373292,19.870967864990234
2024-04-10 13:04:26,0.0021865586750209,12.800118446350098,19.8203125,0.003099612891674,27.229219436645508,20.2109375,21.10409545898437,43.27829360961914,1018.0544376373292,19.870967864990234
2024-04-10 13:04:27,0.0021865586750209,12.800118446350098,19.8203125,0.003099612891674,27.229219436645508,20.2109375,21.10409545898437,43.27829360961914,1018.0544376373292,19.86153793334961
2024-04-10 13:04:28,0.0021865586750209,12.800118446350098,19.8203125,0.003099612891674,27.229219436645508,20.2109375,21.10409545898437,43.27829360961914,1018.0544376373292,19.86153793334961
2024-04-10 13:04:29,0.0023848137352615,16.37492561340332,19.84375,0.003099612891674,27.229219436645508,20.2109375,21.10409545898437,43.27829360961914,1018.0544376373292,19.86153793334961
2024-04-10 13:04:30,0.0023848137352615,16.37492561340332,19.84375,0.003099612891674,27.229219436645508,20.2109375,21.10409545898437,43.27829360961914,1018.063907623291,19.86153793334961
2024-04-10 13:04:31,0.0023848137352615,16.37492561340332,19.84375,0.003099612891674,27.229219436645508,20.2109375,21.10409545898437,43.27829360961914,1018.063907623291,19.86153793334961
2024-04-10 13:04:32,0.0023848137352615,16.37492561340332,19.84375,0.003099612891674,27.229219436645508,20.2109375,21.23101806640625,43.27829360961914,1018.063907623291,19.86153793334961
2024-04-10 13:04:33,0.0023848137352615,16.37492561340332,19.84375,0.0031085689552128,29.783130645751957,20.2421875,21.23101806640625,43.27829360961914,1018.063907623291,19.86153793334961
2024-04-10 13:04:34,0.0023848137352615,16.37492561340332,19.84375,0.0031085689552128,29.783130645751957,20.2421875,21.23101806640625,43.27829360961914,1018.063907623291,19.8557243347168
2024-04-10 13:04:35,0.0023848137352615,16.37492561340332,19.84375,0.0031085689552128,29.783130645751957,20.2421875,21.23101806640625,43.27829360961914,1018.063907623291,19.8557243347168
2024-04-10 13:04:36,0.0022933927830308,14.91425323486328,19.8671875,0.0031085689552128,29.783130645751957,20.2421875,21.23101806640625,43.27829360961914,1018.063907623291,19.8557243347168
2024-04-10 13:04:37,0.0022933927830308,14.91425323486328,19.8671875,0.0031085689552128,29.783130645751957,20.2421875,21.23101806640625,43.27829360961914,1018.063907623291,19.8557243347168
2024-04-10 13:04:38,0.0022933927830308,14.91425323486328,19.8671875,0.0031085689552128,29.783130645751957,20.2421875,21.23101806640625,43.27829360961914,1018.063907623291,19.8557243347168
2024-04-10 13:04:39,0.0022933927830308,14.91425323486328,19.8671875,0.0031085689552128,29.783130645751957,20.2421875,21.23101806640625,43.27829360961914,1018.063907623291,19.8557243347168
2024-04-10 13:04:40,0.0022933927830308,14.91425323486328,19.8671875,0.0031085689552128,29.783130645751957,20.2421875,21.23101806640625,43.27829360961914,1018.113431930542,19.8557243347168
2024-04-10 13:04:41,0.0022933927830308,14.91425323486328,19.8671875,0.0030608652159571,27.266775131225582,20.296875,21.23101806640625,43.27829360961914,1018.113431930542,19.841476440429688
2024-04-10 13:04:42,0.0022933927830308,14.91425323486328,19.8671875,0.0030608652159571,27.266775131225582,20.296875,21.269439697265625,43.27829360961914,1018.113431930542,19.841476440429688
2024-04-10 13:04:43,0.0022933927830308,14.91425323486328,19.8671875,0.0030608652159571,27.266775131225582,20.296875,21.269439697265625,43.27829360961914,1018.113431930542,19.841476440429688
2024-04-10 13:04:44,0.0024014685768634,15.260202407836914,19.890625,0.0030608652159571,27.266775131225582,20.296875,21.269439697265625,43.27829360961914,1018.113431930542,19.841476440429688
2024-04-10 13:04:45,0.0024014685768634,15.260202407836914,19.890625,0.0030608652159571,27.266775131225582,20.296875,21.269439697265625,43.27829360961914,1018.0535507202148,19.841476440429688
2024-04-10 13:04:46,0.0024014685768634,15.260202407836914,19.890625,0.0030608652159571,27.266775131225582,20.296875,21.269439697265625,43.27829360961914,1018.0535507202148,19.841476440429688
2024-04-10 13:04:47,0.0024014685768634,15.260202407836914,19.890625,0.0030608652159571,27.266775131225582,20.296875,21.346343994140625,43.27829360961914,1018.0535507202148,19.841476440429688
2024-04-10 13:04:48,0.0024014685768634,15.260202407836914,19.890625,0.0030608652159571,27.266775131225582,20.296875,21.346343994140625,43.27829360961914,1018.0535507202148,19.841476440429688
2024-04-10 13:04:49,0.0024014685768634,15.260202407836914,19.890625,0.0031748174224048,29.557785034179688,20.34375,21.346343994140625,43.27829360961914,1018.0535507202148,19.841476440429688
2024-04-10 13:04:50,0.0024014685768634,15.260202407836914,19.890625,0.0031748174224048,29.557785034179688,20.34375,21.346343994140625,43.27829360961914,1018.0535507202148,19.83036994934082
2024-04-10 13:04:51,0.0024014685768634,15.260202407836914,19.890625,0.0031748174224048,29.557785034179688,20.34375,21.346343994140625,43.27829360961914,1018.0535507202148,19.83036994934082
2024-04-10 13:04:52,0.0024014685768634,15.260202407836914,19.890625,0.0031748174224048,29.557785034179688,20.34375,21.346343994140625,43.27829360961914,1018.0535507202148,19.83036994934082
2024-04-10 13:04:53,0.0021002932917326,14.529864311218262,19.90625,0.0031748174224048,29.557785034179688,20.34375,21.346343994140625,43.27829360961914,1018.0535507202148,19.83036994934082
2024-04-10 13:04:54,0.0021002932917326,14.529864311218262,19.90625,0.0031748174224048,29.557785034179688,20.34375,21.3900146484375,43.27829360961914,1018.0756664276124,19.83036994934082
2024-04-10 13:04:55,0.0021002932917326,14.529864311218262,19.90625,0.0031748174224048,29.557785034179688,20.34375,21.3900146484375,43.27829360961914,1018.0756664276124,19.83036994934082
2024-04-10 13:04:56,0.0021002932917326,14.529864311218262,19.90625,0.0031748174224048,29.557785034179688,20.34375,21.3900146484375,43.27829360961914,1018.0756664276124,19.83036994934082
2024-04-10 13:04:57,0.0021002932917326,14.529864311218262,19.90625,0.0030092350207269,32.26192855834961,20.3984375,21.3900146484375,43.27829360961914,1018.0756664276124,19.82275390625
2024-04-10 13:04:58,0.0021002932917326,14.529864311218262,19.90625,0.0030092350207269,32.26192855834961,20.3984375,21.3900146484375,43.27829360961914,1018.0756664276124,19.82275390625
2024-04-10 13:04:59,0.0021002932917326,14.529864311218262,19.90625,0.0030092350207269,32.26192855834961,20.3984375,21.3900146484375,43.27829360961914,1018.0756664276124,19.82275390625
2024-04-10 13:05:00,0.0025193747133016,15.683029174804688,19.9609375,0.0030092350207269,32.26192855834961,20.3984375,21.3900146484375,43.27829360961914,1018.0756664276124,19.82275390625
2024-04-10 13:05:01,0.0025193747133016,15.683029174804688,19.9609375,0.0030092350207269,32.26192855834961,20.3984375,21.3900146484375,43.27829360961914,1018.0756664276124,19.82275390625
2024-04-10 13:05:02,0.0025193747133016,15.683029174804688,19.9609375,0.0030092350207269,32.26192855834961,20.3984375,21.3900146484375,43.27829360961914,1018.0216217041016,19.82275390625
2024-04-10 13:05:03,0.0025193747133016,15.683029174804688,19.9609375,0.0030092350207269,32.26192855834961,20.3984375,21.496002197265625,43.27829360961914,1018.0216217041016,19.82275390625
2024-04-10 13:05:04,0.0025193747133016,15.683029174804688,19.9609375,0.0030092350207269,32.26192855834961,20.3984375,21.496002197265625,43.27829360961914,1018.0216217041016,19.82275390625
2024-04-10 13:05:05,0.0025193747133016,15.683029174804688,19.9609375,0.0031484130304306,29.970918655395508,20.421875,21.496002197265625,43.27829360961914,1018.0216217041016,19.818416595458984
2024-04-10 13:05:06,0.0025193747133016,15.683029174804688,19.9609375,0.0031484130304306,29.970918655395508,20.421875,21.496002197265625,43.27829360961914,1018.0216217041016,19.818416595458984
2024-04-10 13:05:07,0.0025193747133016,15.683029174804688,19.9609375,0.0031484130304306,29.970918655395508,20.421875,21.496002197265625,43.27829360961914,1018.0216217041016,19.818416595458984
2024-04-10 13:05:08,0.002218322828412,14.568303108215332,19.953125,0.0031484130304306,29.970918655395508,20.421875,21.496002197265625,43.27829360961914,1018.0216217041016,19.818416595458984
2024-04-10 13:05:09,0.002218322828412,14.568303108215332,19.953125,0.0031484130304306,29.970918655395508,20.421875,21.496002197265625,43.27829360961914,1018.0216217041016,19.818416595458984
2024-04-10 13:05:10,0.002218322828412,14.568303108215332,19.953125,0.0031484130304306,29.970918655395508,20.421875,21.496002197265625,43.27829360961914,1018.0216217041016,19.818416595458984
2024-04-10 13:05:11,0.002218322828412,14.568303108215332,19.953125,0.0031484130304306,29.970918655395508,20.421875,21.496002197265625,43.27829360961914,1018.0016231536864,19.818416595458984
2024-04-10 13:05:12,0.002218322828412,14.568303108215332,19.953125,0.0031484130304306,29.970918655395508,20.421875,21.5142822265625,43.27829360961914,1018.0016231536864,19.818416595458984
2024-04-10 13:05:13,0.002218322828412,14.568303108215332,19.953125,0.0031484130304306,29.970918655395508,20.421875,21.5142822265625,43.27829360961914,1018.0016231536864,19.818416595458984
2024-04-10 13:05:14,0.002218322828412,14.568303108215332,19.953125,0.0031484130304306,29.970918655395508,20.421875,21.5142822265625,43.27829360961914,1018.0016231536864,19.80561637878418
2024-04-10 13:05:15,0.002218322828412,14.568303108215332,19.953125,0.0029486862476915,30.45916557312012,20.4375,21.5142822265625,43.27829360961914,1018.0016231536864,19.80561637878418
2024-04-10 13:05:16,0.0023105216678231,15.068007469177246,19.953125,0.0029486862476915,30.45916557312012,20.4375,21.5142822265625,43.289817810058594,1018.0016231536864,19.80561637878418
2024-04-10 13:05:17,0.0023105216678231,15.068007469177246,19.953125,0.0029486862476915,30.45916557312012,20.4375,21.5142822265625,43.289817810058594,1018.0016231536864,19.80561637878418
2024-04-10 13:05:18,0.0023105216678231,15.068007469177246,19.953125,0.0029486862476915,30.45916557312012,20.4375,21.5142822265625,43.289817810058594,1017.921028137207,19.80561637878418
2024-04-10 13:05:19,0.0023105216678231,15.068007469177246,19.953125,0.0029486862476915,30.45916557312012,20.4375,21.606903076171875,43.289817810058594,1017.921028137207,19.80561637878418
2024-04-10 13:05:20,0.0023105216678231,15.068007469177246,19.953125,0.0029486862476915,30.45916557312012,20.4375,21.606903076171875,43.289817810058594,1017.921028137207,19.80561637878418
2024-04-10 13:05:21,0.0023105216678231,15.068007469177246,19.953125,0.0031838051509112,36.84394836425781,20.5,21.606903076171875,43.289817810058594,1017.921028137207,19.80561637878418
2024-04-10 13:05:22,0.0023105216678231,15.068007469177246,19.953125,0.0031838051509112,36.84394836425781,20.5,21.606903076171875,43.289817810058594,1017.921028137207,19.793045043945312
2024-04-10 13:05:23,0.0023105216678231,15.068007469177246,19.953125,0.0031838051509112,36.84394836425781,20.5,21.606903076171875,43.289817810058594,1017.921028137207,19.793045043945312
2024-04-10 13:05:24,0.0021812338382005,18.335304260253903,19.984375,0.0031838051509112,36.84394836425781,20.5,21.606903076171875,43.289817810058594,1017.921028137207,19.793045043945312
2024-04-10 13:05:25,0.0021812338382005,18.335304260253903,19.984375,0.0031838051509112,36.84394836425781,20.5,21.606903076171875,43.289817810058594,1017.921028137207,19.793045043945312
2024-04-10 13:05:26,0.0021812338382005,18.335304260253903,19.984375,0.0031838051509112,36.84394836425781,20.5,21.606903076171875,43.289817810058594,1018.0286026000977,19.793045043945312
2024-04-10 13:05:27,0.0021812338382005,18.335304260253903,19.984375,0.0031838051509112,36.84394836425781,20.5,21.606903076171875,43.289817810058594,1018.0286026000977,19.793045043945312
2024-04-10 13:05:28,0.0021812338382005,18.335304260253903,19.984375,0.0031838051509112,36.84394836425781,20.5,21.673553466796875,43.289817810058594,1018.0286026000977,19.793045043945312
2024-04-10 13:05:29,0.0021812338382005,18.335304260253903,19.984375,0.0029768901877105,25.31378173828125,20.546875,21.673553466796875,43.289817810058594,1018.0286026000977,19.793045043945312
2024-04-10 13:05:30,0.0021812338382005,18.335304260253903,19.984375,0.0029768901877105,25.31378173828125,20.546875,21.673553466796875,43.289817810058594,1018.0286026000977,19.793045043945312
2024-04-10 13:05:31,0.0021812338382005,18.335304260253903,19.984375,0.0029768901877105,25.31378173828125,20.546875,21.673553466796875,43.289817810058594,1018.0286026000977,19.7897891998291
2024-04-10 13:05:32,0.0021812338382005,18.335304260253903,19.984375,0.0029768901877105,25.31378173828125,20.546875,21.673553466796875,43.289817810058594,1018.0286026000977,19.7897891998291
2024-04-10 13:05:33,0.0024258918128907,13.49201774597168,20.015625,0.0029768901877105,25.31378173828125,20.546875,21.673553466796875,43.289817810058594,1018.0527210235596,19.7897891998291
2024-04-10 13:05:34,0.0024258918128907,13.49201774597168,20.015625,0.0029768901877105,25.31378173828125,20.546875,21.673553466796875,43.289817810058594,1018.0527210235596,19.7897891998291
2024-04-10 13:05:35,0.0024258918128907,13.49201774597168,20.015625,0.0029768901877105,25.31378173828125,20.546875,21.71710205078125,43.289817810058594,1018.0527210235596,19.7897891998291
2024-04-10 13:05:36,0.0024258918128907,13.49201774597168,20.015625,0.0029768901877105,25.31378173828125,20.546875,21.71710205078125,43.289817810058594,1018.0527210235596,19.7897891998291
2024-04-10 13:05:37,0.0024258918128907,13.49201774597168,20.015625,0.0032498924992978,28.50617408752441,20.59375,21.71710205078125,43.289817810058594,1018.0527210235596,19.7897891998291
2024-04-10 13:05:38,0.0024258918128907,13.49201774597168,20.015625,0.0032498924992978,28.50617408752441,20.59375,21.71710205078125,43.289817810058594,1018.0527210235596,19.777063369750977
2024-04-10 13:05:39,0.0024258918128907,13.49201774597168,20.015625,0.0032498924992978,28.50617408752441,20.59375,21.71710205078125,43.289817810058594,1018.0527210235596,19.777063369750977
2024-04-10 13:05:40,0.0023368159309029,19.296276092529297,20.046875,0.0032498924992978,28.50617408752441,20.59375,21.71710205078125,43.289817810058594,1018.0527210235596,19.777063369750977
2024-04-10 13:05:41,0.0023368159309029,19.296276092529297,20.046875,0.0032498924992978,28.50617408752441,20.59375,21.71710205078125,43.289817810058594,1018.0527210235596,19.777063369750977
2024-04-10 13:05:42,0.0023368159309029,19.296276092529297,20.046875,0.0032498924992978,28.50617408752441,20.59375,21.71710205078125,43.289817810058594,1018.0527210235596,19.777063369750977
2024-04-10 13:05:43,0.0023368159309029,19.296276092529297,20.046875,0.0032498924992978,28.50617408752441,20.59375,21.7496337890625,43.289817810058594,1018.0664253234864,19.777063369750977
2024-04-10 13:05:44,0.0023368159309029,19.296276092529297,20.046875,0.0032498924992978,28.50617408752441,20.59375,21.7496337890625,43.289817810058594,1018.0664253234864,19.777063369750977
2024-04-10 13:05:45,0.0023368159309029,19.296276092529297,20.046875,0.0032498924992978,28.50617408752441,20.59375,21.7496337890625,43.289817810058594,1018.0664253234864,19.777063369750977
2024-04-10 13:05:46,0.0023368159309029,19.296276092529297,20.046875,0.0029818990733474,27.00387191772461,20.640625,21.7496337890625,43.289817810058594,1018.0664253234864,19.74002456665039
2024-04-10 13:05:47,0.0023368159309029,19.296276092529297,20.046875,0.0029818990733474,27.00387191772461,20.640625,21.7496337890625,43.289817810058594,1018.0664253234864,19.74002456665039
2024-04-10 13:05:48,0.0020258564036339,18.950326919555664,20.0546875,0.0029818990733474,27.00387191772461,20.640625,21.7496337890625,43.289817810058594,1018.0664253234864,19.74002456665039
2024-04-10 13:05:49,0.0020258564036339,18.950326919555664,20.0546875,0.0029818990733474,27.00387191772461,20.640625,21.7496337890625,43.289817810058594,1018.0664253234864,19.74002456665039
2024-04-10 13:05:50,0.0020258564036339,18.950326919555664,20.0546875,0.0029818990733474,27.00387191772461,20.640625,21.82293701171875,43.289817810058594,1018.0664253234864,19.74002456665039
2024-04-10 13:05:51,0.0020258564036339,18.950326919555664,20.0546875,0.0029818990733474,27.00387191772461,20.640625,21.82293701171875,43.289817810058594,1018.0561256408693,19.74002456665039
2024-04-10 13:05:52,0.0020258564036339,18.950326919555664,20.0546875,0.0029818990733474,27.00387191772461,20.640625,21.82293701171875,43.289817810058594,1018.0561256408693,19.74002456665039
2024-04-10 13:05:53,0.0020258564036339,18.950326919555664,20.0546875,0.003111524740234,31.02252960205078,20.6640625,21.82293701171875,43.289817810058594,1018.0561256408693,19.71511650085449
2024-04-10 13:05:54,0.0020258564036339,18.950326919555664,20.0546875,0.003111524740234,31.02252960205078,20.6640625,21.82293701171875,43.289817810058594,1018.0561256408693,19.71511650085449
2024-04-10 13:05:55,0.0020258564036339,18.950326919555664,20.0546875,0.003111524740234,31.02252960205078,20.6640625,21.82293701171875,43.289817810058594,1018.0561256408693,19.71511650085449
2024-04-10 13:05:56,0.0023687232751399,17.681846618652344,20.0625,0.003111524740234,31.02252960205078,20.6640625,21.82293701171875,43.289817810058594,1018.0561256408693,19.71511650085449
2024-04-10 13:05:57,0.0023687232751399,17.681846618652344,20.0625,0.003111524740234,31.02252960205078,20.6640625,21.82293701171875,43.289817810058594,1018.0561256408693,19.71511650085449
2024-04-10 13:05:58,0.0023687232751399,17.681846618652344,20.0625,0.003111524740234,31.02252960205078,20.6640625,21.82293701171875,43.289817810058594,1018.0561256408693,19.71511650085449
2024-04-10 13:05:59,0.0023687232751399,17.681846618652344,20.0625,0.003111524740234,31.02252960205078,20.6640625,21.868804931640625,43.289817810058594,1018.0345821380616,19.71511650085449
2024-04-10 13:06:00,0.0023687232751399,17.681846618652344,20.0625,0.003111524740234,31.02252960205078,20.6640625,21.868804931640625,43.289817810058594,1018.0345821380616,19.71511650085449
2024-04-10 13:06:01,0.0023687232751399,17.681846618652344,20.0625,0.0030738313216716,31.135202407836918,20.71875,21.868804931640625,43.289817810058594,1018.0345821380616,19.696325302124023
2024-04-10 13:06:02,0.0023687232751399,17.681846618652344,20.0625,0.0030738313216716,31.135202407836918,20.71875,21.868804931640625,43.289817810058594,1018.0345821380616,19.696325302124023
2024-04-10 13:06:03,0.0023687232751399,17.681846618652344,20.0625,0.0030738313216716,31.135202407836918,20.71875,21.868804931640625,43.289817810058594,1018.0345821380616,19.696325302124023
2024-04-10 13:06:04,0.0023687232751399,17.681846618652344,20.0625,0.0030738313216716,31.135202407836918,20.71875,21.868804931640625,43.289817810058594,1018.0345821380616,19.696325302124023
2024-04-10 13:06:05,0.0023260405287146,18.06623268127441,20.09375,0.0030738313216716,31.135202407836918,20.71875,21.868804931640625,43.289817810058594,1018.0348110198976,19.696325302124023
2024-04-10 13:06:06,0.0023260405287146,18.06623268127441,20.09375,0.0030738313216716,31.135202407836918,20.71875,21.97650146484375,43.289817810058594,1018.0348110198976,19.696325302124023
2024-04-10 13:06:07,0.0023260405287146,18.06623268127441,20.09375,0.0030738313216716,31.135202407836918,20.71875,21.97650146484375,43.289817810058594,1018.0348110198976,19.696325302124023
2024-04-10 13:06:08,0.0023260405287146,18.06623268127441,20.09375,0.0030738313216716,31.135202407836918,20.71875,21.97650146484375,43.289817810058594,1018.0348110198976,19.696325302124023
2024-04-10 13:06:09,0.0023260405287146,18.06623268127441,20.09375,0.0030236672610044,25.72691535949707,20.7421875,21.97650146484375,43.289817810058594,1018.0348110198976,19.6806697845459
2024-04-10 13:06:10,0.0023260405287146,18.06623268127441,20.09375,0.0030236672610044,25.72691535949707,20.7421875,21.97650146484375,43.289817810058594,1018.0348110198976,19.6806697845459
2024-04-10 13:06:11,0.0023260405287146,18.06623268127441,20.09375,0.0030236672610044,25.72691535949707,20.7421875,21.97650146484375,43.289817810058594,1018.0348110198976,19.6806697845459
2024-04-10 13:06:12,0.0024220757186412,17.758724212646484,20.140625,0.0030236672610044,25.72691535949707,20.7421875,21.97650146484375,43.289817810058594,1018.0348110198976,19.6806697845459
2024-04-10 13:06:13,0.0024220757186412,17.758724212646484,20.140625,0.0030236672610044,25.72691535949707,20.7421875,21.97650146484375,43.289817810058594,1018.0348110198976,19.6806697845459
2024-04-10 13:06:14,0.0024220757186412,17.758724212646484,20.140625,0.0030236672610044,25.72691535949707,20.7421875,21.97650146484375,43.289817810058594,1018.0059146881104,19.6806697845459
2024-04-10 13:06:15,0.0024220757186412,17.758724212646484,20.140625,0.0030236672610044,25.72691535949707,20.7421875,21.985504150390625,43.289817810058594,1018.0059146881104,19.6806697845459
2024-04-10 13:06:16,0.0024220757186412,17.758724212646484,20.140625,0.0030236672610044,25.72691535949707,20.7421875,21.985504150390625,43.23774337768555,1018.0059146881104,19.6806697845459
2024-04-10 13:06:17,0.0024220757186412,17.758724212646484,20.140625,0.0030236672610044,25.72691535949707,20.7421875,21.985504150390625,43.23774337768555,1018.0059146881104,19.6806697845459
2024-04-10 13:06:18,0.0024220757186412,17.758724212646484,20.140625,0.003181436099112,25.426454544067383,20.796875,21.985504150390625,43.23774337768555,1018.0059146881104,19.6806697845459
2024-04-10 13:06:19,0.0024220757186412,17.758724212646484,20.140625,0.003181436099112,25.426454544067383,20.796875,21.985504150390625,43.23774337768555,1018.0059146881104,19.659469604492188
2024-04-10 13:06:20,0.0022061595227569,17.5665283203125,20.140625,0.003181436099112,25.426454544067383,20.796875,21.985504150390625,43.23774337768555,1018.0059146881104,19.659469604492188
2024-04-10 13:06:21,0.0022061595227569,17.5665283203125,20.140625,0.003181436099112,25.426454544067383,20.796875,21.985504150390625,43.23774337768555,1018.0059146881104,19.659469604492188
2024-04-10 13:06:22,0.0022061595227569,17.5665283203125,20.140625,0.003181436099112,25.426454544067383,20.796875,21.985504150390625,43.23774337768555,1018.050947189331,19.659469604492188
2024-04-10 13:06:23,0.0022061595227569,17.5665283203125,20.140625,0.003181436099112,25.426454544067383,20.796875,21.985504150390625,43.23774337768555,1018.050947189331,19.659469604492188
2024-04-10 13:06:24,0.0022061595227569,17.5665283203125,20.140625,0.003181436099112,25.426454544067383,20.796875,22.035552978515625,43.23774337768555,1018.050947189331,19.659469604492188
2024-04-10 13:06:25,0.0022061595227569,17.5665283203125,20.140625,0.0029460068326443,24.29973030090332,20.8515625,22.035552978515625,43.23774337768555,1018.050947189331,19.659469604492188
2024-04-10 13:06:26,0.0022061595227569,17.5665283203125,20.140625,0.0029460068326443,24.29973030090332,20.8515625,22.035552978515625,43.23774337768555,1018.050947189331,19.635093688964844
2024-04-10 13:06:27,0.0022061595227569,17.5665283203125,20.140625,0.0029460068326443,24.29973030090332,20.8515625,22.035552978515625,43.23774337768555,1018.050947189331,19.635093688964844
2024-04-10 13:06:28,0.0021383399143815,14.529864311218262,20.1953125,0.0029460068326443,24.29973030090332,20.8515625,22.035552978515625,43.23774337768555,1018.050947189331,19.635093688964844
2024-04-10 13:06:29,0.0021383399143815,14.529864311218262,20.1953125,0.0029460068326443,24.29973030090332,20.8515625,22.035552978515625,43.23774337768555,1018.0137252807616,19.635093688964844
2024-04-10 13:06:30,0.0021383399143815,14.529864311218262,20.1953125,0.0029460068326443,24.29973030090332,20.8515625,22.035552978515625,43.23774337768555,1018.0137252807616,19.635093688964844
2024-04-10 13:06:31,0.0021383399143815,14.529864311218262,20.1953125,0.0029460068326443,24.29973030090332,20.8515625,22.0704345703125,43.23774337768555,1018.0137252807616,19.635093688964844
2024-04-10 13:06:32,0.0021383399143815,14.529864311218262,20.1953125,0.0029460068326443,24.29973030090332,20.8515625,22.0704345703125,43.23774337768555,1018.0137252807616,19.635093688964844
2024-04-10 13:06:33,0.0021383399143815,14.529864311218262,20.1953125,0.0031068781390786,23.32323265075684,20.875,22.0704345703125,43.23774337768555,1018.0137252807616,19.635093688964844
2024-04-10 13:06:34,0.0021383399143815,14.529864311218262,20.1953125,0.0031068781390786,23.32323265075684,20.875,22.0704345703125,43.23774337768555,1018.0137252807616,19.62362098693848
2024-04-10 13:06:35,0.0021383399143815,14.529864311218262,20.1953125,0.0031068781390786,23.32323265075684,20.875,22.0704345703125,43.23774337768555,1018.0137252807616,19.62362098693848
2024-04-10 13:06:36,0.0024640669580549,16.759315490722656,20.2109375,0.0031068781390786,23.32323265075684,20.875,22.0704345703125,43.23774337768555,1018.0137252807616,19.62362098693848
2024-04-10 13:06:37,0.0024640669580549,16.759315490722656,20.2109375,0.0031068781390786,23.32323265075684,20.875,22.0704345703125,43.23774337768555,1018.0137252807616,19.62362098693848
2024-04-10 13:06:38,0.0024640669580549,16.759315490722656,20.2109375,0.0031068781390786,23.32323265075684,20.875,22.0704345703125,43.23774337768555,1018.0492877960204,19.62362098693848
2024-04-10 13:06:39,0.0024640669580549,16.759315490722656,20.2109375,0.0031068781390786,23.32323265075684,20.875,22.0704345703125,43.23774337768555,1018.0492877960204,19.62362098693848
2024-04-10 13:06:40,0.0024640669580549,16.759315490722656,20.2109375,0.0031068781390786,23.32323265075684,20.875,22.209747314453125,43.23774337768555,1018.0492877960204,19.62362098693848
2024-04-10 13:06:41,0.0024640669580549,16.759315490722656,20.2109375,0.0029650870710611,26.85364151000977,20.9296875,22.209747314453125,43.23774337768555,1018.0492877960204,19.62362098693848
2024-04-10 13:06:42,0.0024640669580549,16.759315490722656,20.2109375,0.0029650870710611,26.85364151000977,20.9296875,22.209747314453125,43.23774337768555,1018.0492877960204,19.60621452331543
2024-04-10 13:06:43,0.0024640669580549,16.759315490722656,20.2109375,0.0029650870710611,26.85364151000977,20.9296875,22.209747314453125,43.23774337768555,1018.0492877960204,19.60621452331543
2024-04-10 13:06:44,0.0022246662992984,22.71732711791992,20.21875,0.0029650870710611,26.85364151000977,20.9296875,22.209747314453125,43.23774337768555,1018.0492877960204,19.60621452331543
2024-04-10 13:06:45,0.0022246662992984,22.71732711791992,20.21875,0.0029650870710611,26.85364151000977,20.9296875,22.209747314453125,43.23774337768555,1018.0492877960204,19.60621452331543
2024-04-10 13:06:46,0.0022246662992984,22.71732711791992,20.21875,0.0029650870710611,26.85364151000977,20.9296875,22.209747314453125,43.23774337768555,1018.0704021453856,19.60621452331543
2024-04-10 13:06:47,0.0022246662992984,22.71732711791992,20.21875,0.0029650870710611,26.85364151000977,20.9296875,22.2738037109375,43.23774337768555,1018.0704021453856,19.60621452331543
2024-04-10 13:06:48,0.0022246662992984,22.71732711791992,20.21875,0.0029650870710611,26.85364151000977,20.9296875,22.2738037109375,43.23774337768555,1018.0704021453856,19.60621452331543
2024-04-10 13:06:49,0.0022246662992984,22.71732711791992,20.21875,0.0029650870710611,26.85364151000977,20.9296875,22.2738037109375,43.23774337768555,1018.0704021453856,19.60621452331543
2024-04-10 13:06:50,0.0022246662992984,22.71732711791992,20.21875,0.0030799354426562,32.599945068359375,20.953125,22.2738037109375,43.23774337768555,1018.0704021453856,19.611387252807617
2024-04-10 13:06:51,0.0022246662992984,22.71732711791992,20.21875,0.0030799354426562,32.599945068359375,20.953125,22.2738037109375,43.23774337768555,1018.0704021453856,19.611387252807617
2024-04-10 13:06:52,0.0024088402278721,16.259611129760742,20.265625,0.0030799354426562,32.599945068359375,20.953125,22.2738037109375,43.23774337768555,1018.0704021453856,19.611387252807617
2024-04-10 13:06:53,0.0024088402278721,16.259611129760742,20.265625,0.0030799354426562,32.599945068359375,20.953125,22.2738037109375,43.23774337768555,1018.0482578277588,19.611387252807617
2024-04-10 13:06:54,0.0024088402278721,16.259611129760742,20.265625,0.0030799354426562,32.599945068359375,20.953125,22.2738037109375,43.23774337768555,1018.0482578277588,19.611387252807617
2024-04-10 13:06:55,0.0024088402278721,16.259611129760742,20.265625,0.0030799354426562,32.599945068359375,20.953125,22.3004150390625,43.23774337768555,1018.0482578277588,19.611387252807617
2024-04-10 13:06:56,0.0024088402278721,16.259611129760742,20.265625,0.0030799354426562,32.599945068359375,20.953125,22.3004150390625,43.23774337768555,1018.0482578277588,19.611387252807617
2024-04-10 13:06:57,0.0024088402278721,16.259611129760742,20.265625,0.0030799354426562,32.599945068359375,20.953125,22.3004150390625,43.23774337768555,1018.0482578277588,19.611387252807617
2024-04-10 13:06:58,0.0024088402278721,16.259611129760742,20.265625,0.0030799354426562,32.599945068359375,20.953125,22.3004150390625,43.23774337768555,1018.0482578277588,19.611387252807617
2024-04-10 13:06:59,0.0024088402278721,16.259611129760742,20.265625,0.0031781694851815,26.515625,21.0078125,22.3004150390625,43.23774337768555,1018.0482578277588,19.611387252807617
2024-04-10 13:07:00,0.0019619718659669,18.950326919555664,20.28125,0.0031781694851815,26.515625,21.0078125,22.3004150390625,43.23774337768555,1018.0482578277588,19.58921432495117
2024-04-10 13:07:01,0.0019619718659669,18.950326919555664,20.28125,0.0031781694851815,26.515625,21.0078125,22.3004150390625,43.23774337768555,1018.0482578277588,19.58921432495117
2024-04-10 13:07:02,0.0019619718659669,18.950326919555664,20.28125,0.0031781694851815,26.515625,21.0078125,22.3004150390625,43.23774337768555,1018.0482578277588,19.58921432495117
2024-04-10 13:07:03,0.0019619718659669,18.950326919555664,20.28125,0.0031781694851815,26.515625,21.0078125,22.3004150390625,43.23774337768555,1018.0843925476074,19.58921432495117
2024-04-10 13:07:04,0.0019619718659669,18.950326919555664,20.28125,0.0031781694851815,26.515625,21.0078125,22.3004150390625,43.23774337768555,1018.0843925476074,19.58921432495117
2024-04-10 13:07:05,0.0019619718659669,18.950326919555664,20.28125,0.0029007825069129,33.163307189941406,21.046875,22.36138916015625,43.23774337768555,1018.0843925476074,19.58921432495117
2024-04-10 13:07:06,0.0019619718659669,18.950326919555664,20.28125,0.0029007825069129,33.163307189941406,21.046875,22.36138916015625,43.23774337768555,1018.0843925476074,19.58921432495117
2024-04-10 13:07:07,0.0019619718659669,18.950326919555664,20.28125,0.0029007825069129,33.163307189941406,21.046875,22.36138916015625,43.23774337768555,1018.0843925476074,19.56592559814453
2024-04-10 13:07:08,0.0022420277819037,19.911296844482425,20.2890625,0.0029007825069129,33.163307189941406,21.046875,22.36138916015625,43.23774337768555,1018.0843925476074,19.56592559814453
2024-04-10 13:07:09,0.0022420277819037,19.911296844482425,20.2890625,0.0029007825069129,33.163307189941406,21.046875,22.36138916015625,43.23774337768555,1018.0843925476074,19.56592559814453
2024-04-10 13:07:10,0.0022420277819037,19.911296844482425,20.2890625,0.0029007825069129,33.163307189941406,21.046875,22.3780517578125,43.23774337768555,1018.0763244628906,19.56592559814453
2024-04-10 13:07:11,0.0022420277819037,19.911296844482425,20.2890625,0.0029007825069129,33.163307189941406,21.046875,22.3780517578125,43.23774337768555,1018.0763244628906,19.56592559814453
2024-04-10 13:07:12,0.0022420277819037,19.911296844482425,20.2890625,0.0029007825069129,33.163307189941406,21.046875,22.3780517578125,43.23774337768555,1018.0763244628906,19.56592559814453
2024-04-10 13:07:13,0.0022420277819037,19.911296844482425,20.2890625,0.003136285347864,26.59073829650879,21.0859375,22.3780517578125,43.23774337768555,1018.0763244628906,19.548885345458984
2024-04-10 13:07:14,0.0022420277819037,19.911296844482425,20.2890625,0.003136285347864,26.59073829650879,21.0859375,22.3780517578125,43.23774337768555,1018.0763244628906,19.548885345458984
2024-04-10 13:07:15,0.0022420277819037,19.911296844482425,20.2890625,0.003136285347864,26.59073829650879,21.0859375,22.3780517578125,43.23774337768555,1018.0763244628906,19.548885345458984
2024-04-10 13:07:16,0.0026417972985655,16.1827335357666,20.328125,0.003136285347864,26.59073829650879,21.0859375,22.3780517578125,43.23774337768555,1018.0763244628906,19.548885345458984
2024-04-10 13:07:17,0.0026417972985655,16.1827335357666,20.328125,0.003136285347864,26.59073829650879,21.0859375,22.3780517578125,43.23670196533203,1018.1050777435304,19.548885345458984
2024-04-10 13:07:18,0.0026417972985655,16.1827335357666,20.328125,0.003136285347864,26.59073829650879,21.0859375,22.3780517578125,43.23670196533203,1018.1050777435304,19.548885345458984
2024-04-10 13:07:19,0.0026417972985655,16.1827335357666,20.328125,0.003136285347864,26.59073829650879,21.0859375,22.3780517578125,43.23670196533203,1018.1050777435304,19.548885345458984
2024-04-10 13:07:20,0.0026417972985655,16.1827335357666,20.328125,0.003136285347864,26.59073829650879,21.0859375,22.3780517578125,43.23670196533203,1018.1050777435304,19.548885345458984
2024-04-10 13:07:21,0.0026417972985655,16.1827335357666,20.328125,0.0030690922867506,30.60939598083496,21.1328125,22.443328857421875,43.23670196533203,1018.1050777435304,19.548885345458984
2024-04-10 13:07:22,0.0026417972985655,16.1827335357666,20.328125,0.0030690922867506,30.60939598083496,21.1328125,22.443328857421875,43.23670196533203,1018.1050777435304,19.548885345458984
2024-04-10 13:07:23,0.0026417972985655,16.1827335357666,20.328125,0.0030690922867506,30.60939598083496,21.1328125,22.443328857421875,43.23670196533203,1018.1050777435304,19.540267944335938
2024-04-10 13:07:24,0.0020164866000413,19.79598045349121,20.3515625,0.0030690922867506,30.60939598083496,21.1328125,22.443328857421875,43.23670196533203,1018.1050777435304,19.540267944335938
2024-04-10 13:07:25,0.0020164866000413,19.79598045349121,20.3515625,0.0030690922867506,30.60939598083496,21.1328125,22.443328857421875,43.23670196533203,1018.1050777435304,19.540267944335938
2024-04-10 13:07:26,0.0020164866000413,19.79598045349121,20.3515625,0.0030690922867506,30.60939598083496,21.1328125,22.512908935546875,43.23670196533203,1018.149480819702,19.540267944335938
2024-04-10 13:07:27,0.0020164866000413,19.79598045349121,20.3515625,0.0030690922867506,30.60939598083496,21.1328125,22.512908935546875,43.23670196533203,1018.149480819702,19.540267944335938
2024-04-10 13:07:28,0.0020164866000413,19.79598045349121,20.3515625,0.0030690922867506,30.60939598083496,21.1328125,22.512908935546875,43.23670196533203,1018.149480819702,19.540267944335938
2024-04-10 13:07:29,0.0020164866000413,19.79598045349121,20.3515625,0.0030690922867506,30.60939598083496,21.1328125,22.512908935546875,43.23670196533203,1018.149480819702,19.540267944335938
2024-04-10 13:07:30,0.0020164866000413,19.79598045349121,20.3515625,0.0030690922867506,30.60939598083496,21.1328125,22.512908935546875,43.23670196533203,1018.149480819702,19.540267944335938
2024-04-10 13:07:31,0.0020164866000413,19.79598045349121,20.3515625,0.0029301338363438,30.346492767333984,21.171875,22.512908935546875,43.23670196533203,1018.149480819702,19.52011489868164
2024-04-10 13:07:32,0.0024955966509878,18.45062255859375,20.3671875,0.0029301338363438,30.346492767333984,21.171875,22.512908935546875,43.23670196533203,1018.149480819702,19.52011489868164
2024-04-10 13:07:33,0.0024955966509878,18.45062255859375,20.3671875,0.0029301338363438,30.346492767333984,21.171875,22.512908935546875,43.23670196533203,1018.149480819702,19.52011489868164
2024-04-10 13:07:34,0.0024955966509878,18.45062255859375,20.3671875,0.0029301338363438,30.346492767333984,21.171875,22.512908935546875,43.23670196533203,1018.083906173706,19.52011489868164
2024-04-10 13:07:35,0.0024955966509878,18.45062255859375,20.3671875,0.0029301338363438,30.346492767333984,21.171875,22.512908935546875,43.23670196533203,1018.083906173706,19.52011489868164
2024-04-10 13:07:36,0.0024955966509878,18.45062255859375,20.3671875,0.0029301338363438,30.346492767333984,21.171875,22.574188232421875,43.23670196533203,1018.083906173706,19.52011489868164
2024-04-10 13:07:37,0.0024955966509878,18.45062255859375,20.3671875,0.0031473985873162,28.69396209716797,21.203125,22.574188232421875,43.23670196533203,1018.083906173706,19.52011489868164
2024-04-10 13:07:38,0.0024955966509878,18.45062255859375,20.3671875,0.0031473985873162,28.69396209716797,21.203125,22.574188232421875,43.23670196533203,1018.083906173706,19.513511657714844
2024-04-10 13:07:39,0.0024955966509878,18.45062255859375,20.3671875,0.0031473985873162,28.69396209716797,21.203125,22.574188232421875,43.23670196533203,1018.083906173706,19.513511657714844
2024-04-10 13:07:40,0.0022024703212082,19.104082107543945,20.390625,0.0031473985873162,28.69396209716797,21.203125,22.574188232421875,43.23670196533203,1018.083906173706,19.513511657714844
2024-04-10 13:07:41,0.0022024703212082,19.104082107543945,20.390625,0.0031473985873162,28.69396209716797,21.203125,22.574188232421875,43.23670196533203,1018.083906173706,19.513511657714844
2024-04-10 13:07:42,0.0022024703212082,19.104082107543945,20.390625,0.0031473985873162,28.69396209716797,21.203125,22.574188232421875,43.23670196533203,1018.083906173706,19.513511657714844
2024-04-10 13:07:43,0.0022024703212082,19.104082107543945,20.390625,0.0031473985873162,28.69396209716797,21.203125,22.6485595703125,43.23670196533203,1018.083906173706,19.513511657714844
2024-04-10 13:07:44,0.0022024703212082,19.104082107543945,20.390625,0.0031473985873162,28.69396209716797,21.203125,22.6485595703125,43.23670196533203,1018.0543518066406,19.513511657714844
2024-04-10 13:07:45,0.0022024703212082,19.104082107543945,20.390625,0.0029659885913133,31.661006927490234,21.25,22.6485595703125,43.23670196533203,1018.0543518066406,19.513511657714844
2024-04-10 13:07:46,0.0022024703212082,19.104082107543945,20.390625,0.0029659885913133,31.661006927490234,21.25,22.6485595703125,43.23670196533203,1018.0543518066406,19.46727180480957
2024-04-10 13:07:47,0.0022024703212082,19.104082107543945,20.390625,0.0029659885913133,31.661006927490234,21.25,22.6485595703125,43.23670196533203,1018.0543518066406,19.46727180480957
2024-04-10 13:07:48,0.0023974578361958,24.677705764770508,20.4453125,0.0029659885913133,31.661006927490234,21.25,22.6485595703125,43.23670196533203,1018.0543518066406,19.46727180480957
2024-04-10 13:07:49,0.0023974578361958,24.677705764770508,20.4453125,0.0029659885913133,31.661006927490234,21.25,22.6485595703125,43.23670196533203,1018.0955505371094,19.46727180480957
2024-04-10 13:07:50,0.0023974578361958,24.677705764770508,20.4453125,0.0029659885913133,31.661006927490234,21.25,22.6485595703125,43.23670196533203,1018.0955505371094,19.46727180480957
2024-04-10 13:07:51,0.0023974578361958,24.677705764770508,20.4453125,0.0029659885913133,31.661006927490234,21.25,22.671783447265625,43.23670196533203,1018.0955505371094,19.46727180480957
2024-04-10 13:07:52,0.0023974578361958,24.677705764770508,20.4453125,0.0029659885913133,31.661006927490234,21.25,22.671783447265625,43.23670196533203,1018.0955505371094,19.46727180480957
2024-04-10 13:07:53,0.0023974578361958,24.677705764770508,20.4453125,0.0029659885913133,31.661006927490234,21.25,22.671783447265625,43.23670196533203,1018.0955505371094,19.46727180480957
2024-04-10 13:07:54,0.0023974578361958,24.677705764770508,20.4453125,0.0031701067928224,26.252721786499023,21.296875,22.671783447265625,43.23670196533203,1018.0955505371094,19.45922088623047
2024-04-10 13:07:55,0.0023974578361958,24.677705764770508,20.4453125,0.0031701067928224,26.252721786499023,21.296875,22.671783447265625,43.23670196533203,1018.0955505371094,19.45922088623047
2024-04-10 13:07:56,0.0024535073898732,16.29804801940918,20.4375,0.0031701067928224,26.252721786499023,21.296875,22.671783447265625,43.23670196533203,1018.0955505371094,19.45922088623047
2024-04-10 13:07:57,0.0024535073898732,16.29804801940918,20.4375,0.0031701067928224,26.252721786499023,21.296875,22.671783447265625,43.23670196533203,1018.0955505371094,19.45922088623047
2024-04-10 13:07:58,0.0024535073898732,16.29804801940918,20.4375,0.0031701067928224,26.252721786499023,21.296875,22.671783447265625,43.23670196533203,1018.085823059082,19.45922088623047
2024-04-10 13:07:59,0.0024535073898732,16.29804801940918,20.4375,0.0031701067928224,26.252721786499023,21.296875,22.76995849609375,43.23670196533203,1018.085823059082,19.45922088623047
2024-04-10 13:08:00,0.0024535073898732,16.29804801940918,20.4375,0.0031701067928224,26.252721786499023,21.296875,22.76995849609375,43.23670196533203,1018.085823059082,19.45922088623047
2024-04-10 13:08:01,0.0024535073898732,16.29804801940918,20.4375,0.0030776385683566,26.402952194213867,21.328125,22.76995849609375,43.23670196533203,1018.085823059082,19.45922088623047
2024-04-10 13:08:02,0.0024535073898732,16.29804801940918,20.4375,0.0030776385683566,26.402952194213867,21.328125,22.76995849609375,43.23670196533203,1018.085823059082,19.42194175720215
2024-04-10 13:08:03,0.0024535073898732,16.29804801940918,20.4375,0.0030776385683566,26.402952194213867,21.328125,22.76995849609375,43.23670196533203,1018.085823059082,19.42194175720215
2024-04-10 13:08:04,0.0021628753747791,20.218807220458984,20.4921875,0.0030776385683566,26.402952194213867,21.328125,22.76995849609375,43.23670196533203,1018.085823059082,19.42194175720215
2024-04-10 13:08:05,0.0021628753747791,20.218807220458984,20.4921875,0.0030776385683566,26.402952194213867,21.328125,22.76995849609375,43.23670196533203,1018.085823059082,19.42194175720215
2024-04-10 13:08:06,0.0021628753747791,20.218807220458984,20.4921875,0.0030776385683566,26.402952194213867,21.328125,22.76995849609375,43.23670196533203,1018.085823059082,19.42194175720215
2024-04-10 13:08:07,0.0021628753747791,20.218807220458984,20.4921875,0.0030776385683566,26.402952194213867,21.328125,22.817535400390625,43.23670196533203,1018.0453109741212,19.42194175720215
2024-04-10 13:08:08,0.0021628753747791,20.218807220458984,20.4921875,0.0030776385683566,26.402952194213867,21.328125,22.817535400390625,43.23670196533203,1018.0453109741212,19.42194175720215
2024-04-10 13:08:09,0.0021628753747791,20.218807220458984,20.4921875,0.0030776385683566,26.402952194213867,21.328125,22.817535400390625,43.23670196533203,1018.0453109741212,19.398944854736328
2024-04-10 13:08:10,0.0021628753747791,20.218807220458984,20.4921875,0.0029744487255811,31.8863525390625,21.375,22.817535400390625,43.23670196533203,1018.0453109741212,19.398944854736328
2024-04-10 13:08:11,0.0021628753747791,20.218807220458984,20.4921875,0.0029744487255811,31.8863525390625,21.375,22.817535400390625,43.23670196533203,1018.0453109741212,19.398944854736328
2024-04-10 13:08:12,0.0024858319666236,14.568303108215332,20.5078125,0.0029744487255811,31.8863525390625,21.375,22.817535400390625,43.23670196533203,1018.0453109741212,19.398944854736328
2024-04-10 13:08:13,0.0024858319666236,14.568303108215332,20.5078125,0.0029744487255811,31.8863525390625,21.375,22.817535400390625,43.23670196533203,1018.0453109741212,19.398944854736328
2024-04-10 13:08:14,0.0024858319666236,14.568303108215332,20.5078125,0.0029744487255811,31.8863525390625,21.375,22.817535400390625,43.23670196533203,1018.0453109741212,19.398944854736328
2024-04-10 13:08:15,0.0024858319666236,14.568303108215332,20.5078125,0.0029744487255811,31.8863525390625,21.375,22.817535400390625,43.23670196533203,1018.0453109741212,19.398944854736328
2024-04-10 13:08:16,0.0024858319666236,14.568303108215332,20.5078125,0.0029744487255811,31.8863525390625,21.375,22.817535400390625,43.23670196533203,1018.0453109741212,19.398944854736328
2024-04-10 13:08:17,0.0024858319666236,14.568303108215332,20.5078125,0.0029744487255811,31.8863525390625,21.375,22.93408203125,43.23670196533203,1018.0583000183104,19.398944854736328
2024-04-10 13:08:18,0.0024858319666236,14.568303108215332,20.5078125,0.0029744487255811,31.8863525390625,21.375,22.93408203125,43.23670196533203,1018.0583000183104,19.398944854736328
2024-04-10 13:08:19,0.0024858319666236,14.568303108215332,20.5078125,0.0031497622840106,27.304332733154297,21.390625,22.93408203125,43.24626159667969,1018.0583000183104,19.40178871154785
2024-04-10 13:08:20,0.002237926935777,19.56534576416016,20.53125,0.0031497622840106,27.304332733154297,21.390625,22.93408203125,43.24626159667969,1018.0583000183104,19.40178871154785
2024-04-10 13:08:21,0.002237926935777,19.56534576416016,20.53125,0.0031497622840106,27.304332733154297,21.390625,22.93408203125,43.24626159667969,1018.0583000183104,19.40178871154785
2024-04-10 13:08:22,0.002237926935777,19.56534576416016,20.53125,0.0031497622840106,27.304332733154297,21.390625,22.894195556640625,43.24626159667969,1018.0879402160645,19.40178871154785
2024-04-10 13:08:23,0.002237926935777,19.56534576416016,20.53125,0.0031497622840106,27.304332733154297,21.390625,22.894195556640625,43.24626159667969,1018.0879402160645,19.40178871154785
2024-04-10 13:08:24,0.002237926935777,19.56534576416016,20.53125,0.0031497622840106,27.304332733154297,21.390625,22.894195556640625,43.24626159667969,1018.0879402160645,19.40178871154785
2024-04-10 13:08:25,0.002237926935777,19.56534576416016,20.53125,0.0029518369119614,27.11654281616211,21.4453125,22.894195556640625,43.24626159667969,1018.0879402160645,19.40178871154785
2024-04-10 13:08:26,0.002237926935777,19.56534576416016,20.53125,0.0029518369119614,27.11654281616211,21.4453125,22.894195556640625,43.24626159667969,1018.0879402160645,19.40178871154785
2024-04-10 13:08:27,0.002237926935777,19.56534576416016,20.53125,0.0029518369119614,27.11654281616211,21.4453125,22.894195556640625,43.24626159667969,1018.0879402160645,19.36586570739746
2024-04-10 13:08:28,0.0022930072154849,21.14133644104004,20.5703125,0.0029518369119614,27.11654281616211,21.4453125,22.894195556640625,43.24626159667969,1018.0879402160645,19.36586570739746
2024-04-10 13:08:29,0.0022930072154849,21.14133644104004,20.5703125,0.0029518369119614,27.11654281616211,21.4453125,22.894195556640625,43.24626159667969,1018.0879402160645,19.36586570739746
2024-04-10 13:08:30,0.0022930072154849,21.14133644104004,20.5703125,0.0029518369119614,27.11654281616211,21.4453125,22.894195556640625,43.24626159667969,1018.0662822723388,19.36586570739746
2024-04-10 13:08:31,0.0022930072154849,21.14133644104004,20.5703125,0.0029518369119614,27.11654281616211,21.4453125,22.894195556640625,43.24626159667969,1018.0662822723388,19.36586570739746
2024-04-10 13:08:32,0.0022930072154849,21.14133644104004,20.5703125,0.0029518369119614,27.11654281616211,21.4453125,22.9822998046875,43.24626159667969,1018.0662822723388,19.36586570739746
2024-04-10 13:08:33,0.0022930072154849,21.14133644104004,20.5703125,0.0030470106285065,30.196264266967773,21.5078125,22.9822998046875,43.24626159667969,1018.0662822723388,19.36586570739746
2024-04-10 13:08:34,0.0022930072154849,21.14133644104004,20.5703125,0.0030470106285065,30.196264266967773,21.5078125,22.9822998046875,43.24626159667969,1018.0662822723388,19.36586570739746
2024-04-10 13:08:35,0.0022930072154849,21.14133644104004,20.5703125,0.0030470106285065,30.196264266967773,21.5078125,22.9822998046875,43.24626159667969,1018.0662822723388,19.36769676208496
2024-04-10 13:08:36,0.0023883702233433,18.52750015258789,20.5859375,0.0030470106285065,30.196264266967773,21.5078125,22.9822998046875,43.24626159667969,1018.0662822723388,19.36769676208496
2024-04-10 13:08:37,0.0023883702233433,18.52750015258789,20.5859375,0.0030470106285065,30.196264266967773,21.5078125,22.9822998046875,43.24626159667969,1018.0940914154052,19.36769676208496
2024-04-10 13:08:38,0.0023883702233433,18.52750015258789,20.5859375,0.0030470106285065,30.196264266967773,21.5078125,23.053436279296875,43.24626159667969,1018.0940914154052,19.36769676208496
2024-04-10 13:08:39,0.0023883702233433,18.52750015258789,20.5859375,0.0030470106285065,30.196264266967773,21.5078125,23.053436279296875,43.24626159667969,1018.0940914154052,19.36769676208496
2024-04-10 13:08:40,0.0023883702233433,18.52750015258789,20.5859375,0.0030470106285065,30.196264266967773,21.5078125,23.053436279296875,43.24626159667969,1018.0940914154052,19.36769676208496
2024-04-10 13:08:41,0.0023883702233433,18.52750015258789,20.5859375,0.003160448744893,30.271379470825195,21.5546875,23.053436279296875,43.24626159667969,1018.0940914154052,19.36769676208496
2024-04-10 13:08:42,0.0023883702233433,18.52750015258789,20.5859375,0.003160448744893,30.271379470825195,21.5546875,23.053436279296875,43.24626159667969,1018.0940914154052,19.36769676208496
2024-04-10 13:08:43,0.0023883702233433,18.52750015258789,20.5859375,0.003160448744893,30.271379470825195,21.5546875,23.053436279296875,43.24626159667969,1018.0940914154052,19.343595504760746
2024-04-10 13:08:44,0.0023883702233433,18.52750015258789,20.5859375,0.003160448744893,30.271379470825195,21.5546875,23.053436279296875,43.24626159667969,1018.0940914154052,19.343595504760746
2024-04-10 13:08:45,0.0020500617101788,19.296276092529297,20.6171875,0.003160448744893,30.271379470825195,21.5546875,23.053436279296875,43.24626159667969,1018.0940914154052,19.343595504760746
2024-04-10 13:08:46,0.0020500617101788,19.296276092529297,20.6171875,0.003160448744893,30.271379470825195,21.5546875,23.053436279296875,43.24626159667969,1018.0940914154052,19.343595504760746
2024-04-10 13:08:47,0.0020500617101788,19.296276092529297,20.6171875,0.003160448744893,30.271379470825195,21.5546875,23.16754150390625,43.24626159667969,1018.0940914154052,19.343595504760746
2024-04-10 13:08:48,0.0020500617101788,19.296276092529297,20.6171875,0.003160448744893,30.271379470825195,21.5546875,23.16754150390625,43.24626159667969,1018.0644512176514,19.343595504760746
2024-04-10 13:08:49,0.0020500617101788,19.296276092529297,20.6171875,0.0029027764685451,26.66585350036621,21.59375,23.16754150390625,43.24626159667969,1018.0644512176514,19.343595504760746
2024-04-10 13:08:50,0.0020500617101788,19.296276092529297,20.6171875,0.0029027764685451,26.66585350036621,21.59375,23.16754150390625,43.24626159667969,1018.0644512176514,19.341232299804688
2024-04-10 13:08:51,0.0020500617101788,19.296276092529297,20.6171875,0.0029027764685451,26.66585350036621,21.59375,23.16754150390625,43.24626159667969,1018.0644512176514,19.341232299804688
2024-04-10 13:08:52,0.0024525488261133,17.604969024658203,20.65625,0.0029027764685451,26.66585350036621,21.59375,23.16754150390625,43.24626159667969,1018.0644512176514,19.341232299804688
2024-04-10 13:08:53,0.0024525488261133,17.604969024658203,20.65625,0.0029027764685451,26.66585350036621,21.59375,23.16754150390625,43.24626159667969,1018.0644512176514,19.341232299804688
2024-04-10 13:08:54,0.0024525488261133,17.604969024658203,20.65625,0.0029027764685451,26.66585350036621,21.59375,23.141754150390625,43.24626159667969,1018.0644512176514,19.341232299804688
2024-04-10 13:08:55,0.0024525488261133,17.604969024658203,20.65625,0.0029027764685451,26.66585350036621,21.59375,23.141754150390625,43.24626159667969,1018.0644512176514,19.341232299804688
2024-04-10 13:08:56,0.0024525488261133,17.604969024658203,20.65625,0.0029027764685451,26.66585350036621,21.59375,23.141754150390625,43.24626159667969,1018.096866607666,19.341232299804688
2024-04-10 13:08:57,0.0024525488261133,17.604969024658203,20.65625,0.0031652182806283,25.65180015563965,21.6328125,23.141754150390625,43.24626159667969,1018.096866607666,19.32438087463379
2024-04-10 13:08:58,0.0024525488261133,17.604969024658203,20.65625,0.0031652182806283,25.65180015563965,21.6328125,23.141754150390625,43.24626159667969,1018.096866607666,19.32438087463379
2024-04-10 13:08:59,0.0024525488261133,17.604969024658203,20.65625,0.0031652182806283,25.65180015563965,21.6328125,23.141754150390625,43.24626159667969,1018.096866607666,19.32438087463379
2024-04-10 13:09:00,0.0025288497563451,17.33589744567871,20.6875,0.0031652182806283,25.65180015563965,21.6328125,23.141754150390625,43.24626159667969,1018.096866607666,19.32438087463379
2024-04-10 13:09:01,0.0025288497563451,17.33589744567871,20.6875,0.0031652182806283,25.65180015563965,21.6328125,23.141754150390625,43.24626159667969,1018.0922889709472,19.32438087463379
2024-04-10 13:09:02,0.0025288497563451,17.33589744567871,20.6875,0.0031652182806283,25.65180015563965,21.6328125,23.141754150390625,43.24626159667969,1018.0922889709472,19.32438087463379
2024-04-10 13:09:03,0.0025288497563451,17.33589744567871,20.6875,0.0031652182806283,25.65180015563965,21.6328125,23.14291381835937,43.24626159667969,1018.0922889709472,19.32438087463379
2024-04-10 13:09:04,0.0025288497563451,17.33589744567871,20.6875,0.0031652182806283,25.65180015563965,21.6328125,23.14291381835937,43.24626159667969,1018.0922889709472,19.32438087463379
2024-04-10 13:09:05,0.0025288497563451,17.33589744567871,20.6875,0.0030480669811367,26.628297805786133,21.6796875,23.14291381835937,43.24626159667969,1018.0922889709472,19.32438087463379
2024-04-10 13:09:06,0.0025288497563451,17.33589744567871,20.6875,0.0030480669811367,26.628297805786133,21.6796875,23.14291381835937,43.24626159667969,1018.0922889709472,19.305309295654297
2024-04-10 13:09:07,0.0025288497563451,17.33589744567871,20.6875,0.0030480669811367,26.628297805786133,21.6796875,23.14291381835937,43.24626159667969,1018.0922889709472,19.305309295654297
2024-04-10 13:09:08,0.0025288497563451,17.33589744567871,20.6875,0.0030480669811367,26.628297805786133,21.6796875,23.14291381835937,43.24626159667969,1018.0922889709472,19.305309295654297
2024-04-10 13:09:09,0.0019260805565863,23.37078666687012,20.71875,0.0030480669811367,26.628297805786133,21.6796875,23.14291381835937,43.24626159667969,1018.0922889709472,19.305309295654297
2024-04-10 13:09:10,0.0019260805565863,23.37078666687012,20.71875,0.0030480669811367,26.628297805786133,21.6796875,23.2149658203125,43.24626159667969,1018.1067657470704,19.305309295654297
2024-04-10 13:09:11,0.0019260805565863,23.37078666687012,20.71875,0.0030480669811367,26.628297805786133,21.6796875,23.2149658203125,43.24626159667969,1018.1067657470704,19.305309295654297
2024-04-10 13:09:12,0.0019260805565863,23.37078666687012,20.71875,0.0030480669811367,26.628297805786133,21.6796875,23.2149658203125,43.24626159667969,1018.1067657470704,19.305309295654297
2024-04-10 13:09:13,0.0019260805565863,23.37078666687012,20.71875,0.0030480669811367,26.628297805786133,21.6796875,23.2149658203125,43.24626159667969,1018.1067657470704,19.300159454345703
2024-04-10 13:09:14,0.0019260805565863,23.37078666687012,20.71875,0.003023829543963,30.496723175048828,21.7109375,23.2149658203125,43.24626159667969,1018.1067657470704,19.300159454345703
2024-04-10 13:09:15,0.0019260805565863,23.37078666687012,20.71875,0.003023829543963,30.496723175048828,21.7109375,23.2149658203125,43.24626159667969,1018.1067657470704,19.300159454345703
2024-04-10 13:09:16,0.0024252752773463,16.951507568359375,20.734375,0.003023829543963,30.496723175048828,21.7109375,23.2149658203125,43.24239349365234,1018.1067657470704,19.300159454345703
2024-04-10 13:09:17,0.0024252752773463,16.951507568359375,20.734375,0.003023829543963,30.496723175048828,21.7109375,23.2149658203125,43.24239349365234,1018.1067657470704,19.300159454345703
2024-04-10 13:09:18,0.0024252752773463,16.951507568359375,20.734375,0.003023829543963,30.496723175048828,21.7109375,23.2149658203125,43.24239349365234,1018.073663711548,19.300159454345703
2024-04-10 13:09:19,0.0024252752773463,16.951507568359375,20.734375,0.003023829543963,30.496723175048828,21.7109375,23.26068115234375,43.24239349365234,1018.073663711548,19.300159454345703
2024-04-10 13:09:20,0.0024252752773463,16.951507568359375,20.734375,0.003023829543963,30.496723175048828,21.7109375,23.26068115234375,43.24239349365234,1018.073663711548,19.300159454345703
2024-04-10 13:09:21,0.0024252752773463,16.951507568359375,20.734375,0.0031240964308381,33.6140022277832,21.75,23.26068115234375,43.24239349365234,1018.073663711548,19.293704986572266
2024-04-10 13:09:22,0.0024252752773463,16.951507568359375,20.734375,0.0031240964308381,33.6140022277832,21.75,23.26068115234375,43.24239349365234,1018.073663711548,19.293704986572266
2024-04-10 13:09:23,0.0024252752773463,16.951507568359375,20.734375,0.0031240964308381,33.6140022277832,21.75,23.26068115234375,43.24239349365234,1018.073663711548,19.293704986572266
2024-04-10 13:09:24,0.0023808313999325,22.794204711914062,20.78125,0.0031240964308381,33.6140022277832,21.75,23.26068115234375,43.24239349365234,1018.073663711548,19.293704986572266
2024-04-10 13:09:25,0.0023808313999325,22.794204711914062,20.78125,0.0031240964308381,33.6140022277832,21.75,23.26068115234375,43.24239349365234,1018.073663711548,19.293704986572266
2024-04-10 13:09:26,0.0023808313999325,22.794204711914062,20.78125,0.0031240964308381,33.6140022277832,21.75,23.26068115234375,43.24239349365234,1018.073663711548,19.293704986572266
2024-04-10 13:09:27,0.0023808313999325,22.794204711914062,20.78125,0.0031240964308381,33.6140022277832,21.75,23.26068115234375,43.24239349365234,1018.0576705932616,19.293704986572266
2024-04-10 13:09:28,0.0023808313999325,22.794204711914062,20.78125,0.0031240964308381,33.6140022277832,21.75,23.336212158203125,43.24239349365234,1018.0576705932616,19.293704986572266
2024-04-10 13:09:29,0.0023808313999325,22.794204711914062,20.78125,0.0031240964308381,33.6140022277832,21.75,23.336212158203125,43.24239349365234,1018.0576705932616,19.293704986572266
2024-04-10 13:09:30,0.0023808313999325,22.794204711914062,20.78125,0.0031240964308381,33.6140022277832,21.75,23.336212158203125,43.24239349365234,1018.0576705932616,19.256237030029297
2024-04-10 13:09:31,0.0023808313999325,22.794204711914062,20.78125,0.0030862137209624,30.684513092041016,21.7734375,23.336212158203125,43.24239349365234,1018.0576705932616,19.256237030029297
2024-04-10 13:09:32,0.001872805180028,31.865760803222656,20.8203125,0.0030862137209624,30.684513092041016,21.7734375,23.336212158203125,43.24239349365234,1018.0576705932616,19.256237030029297
2024-04-10 13:09:33,0.001872805180028,31.865760803222656,20.8203125,0.0030862137209624,30.684513092041016,21.7734375,23.336212158203125,43.24239349365234,1018.0576705932616,19.256237030029297
2024-04-10 13:09:34,0.001872805180028,31.865760803222656,20.8203125,0.0030862137209624,30.684513092041016,21.7734375,23.336212158203125,43.24239349365234,1018.0430507659912,19.256237030029297
2024-04-10 13:09:35,0.001872805180028,31.865760803222656,20.8203125,0.0030862137209624,30.684513092041016,21.7734375,23.345245361328125,43.24239349365234,1018.0430507659912,19.256237030029297
2024-04-10 13:09:36,0.001872805180028,31.865760803222656,20.8203125,0.0030862137209624,30.684513092041016,21.7734375,23.345245361328125,43.24239349365234,1018.0430507659912,19.256237030029297
2024-04-10 13:09:37,0.001872805180028,31.865760803222656,20.8203125,0.0029835244640707,32.33704376220703,21.8125,23.345245361328125,43.24239349365234,1018.0430507659912,19.256237030029297
2024-04-10 13:09:38,0.001872805180028,31.865760803222656,20.8203125,0.0029835244640707,32.33704376220703,21.8125,23.345245361328125,43.24239349365234,1018.0430507659912,19.244712829589844
2024-04-10 13:09:39,0.001872805180028,31.865760803222656,20.8203125,0.0029835244640707,32.33704376220703,21.8125,23.345245361328125,43.24239349365234,1018.0430507659912,19.244712829589844
2024-04-10 13:09:40,0.0026738559827208,24.25487899780273,20.84375,0.0029835244640707,32.33704376220703,21.8125,23.345245361328125,43.24239349365234,1018.0430507659912,19.244712829589844
2024-04-10 13:09:41,0.0026738559827208,24.25487899780273,20.84375,0.0029835244640707,32.33704376220703,21.8125,23.345245361328125,43.24239349365234,1018.0430507659912,19.244712829589844
2024-04-10 13:09:42,0.0026738559827208,24.25487899780273,20.84375,0.0029835244640707,32.33704376220703,21.8125,23.345245361328125,43.24239349365234,1018.0909156799316,19.244712829589844
2024-04-10 13:09:43,0.0026738559827208,24.25487899780273,20.84375,0.0029835244640707,32.33704376220703,21.8125,23.345245361328125,43.24239349365234,1018.0909156799316,19.244712829589844
2024-04-10 13:09:44,0.0026738559827208,24.25487899780273,20.84375,0.0029835244640707,32.33704376220703,21.8125,23.410888671875,43.24239349365234,1018.0909156799316,19.244712829589844
2024-04-10 13:09:45,0.0026738559827208,24.25487899780273,20.84375,0.0031621579546481,25.388898849487305,21.859375,23.410888671875,43.24239349365234,1018.0909156799316,19.244712829589844
2024-04-10 13:09:46,0.0026738559827208,24.25487899780273,20.84375,0.0031621579546481,25.388898849487305,21.859375,23.410888671875,43.24239349365234,1018.0909156799316,19.244712829589844
2024-04-10 13:09:47,0.0026738559827208,24.25487899780273,20.84375,0.0031621579546481,25.388898849487305,21.859375,23.410888671875,43.24239349365234,1018.0909156799316,19.243751525878903
2024-04-10 13:09:48,0.0023445456754416,20.14192771911621,20.84375,0.0031621579546481,25.388898849487305,21.859375,23.410888671875,43.24239349365234,1018.0909156799316,19.243751525878903
2024-04-10 13:09:49,0.0023445456754416,20.14192771911621,20.84375,0.0031621579546481,25.388898849487305,21.859375,23.410888671875,43.24239349365234,1018.0403900146484,19.243751525878903
2024-04-10 13:09:50,0.0023445456754416,20.14192771911621,20.84375,0.0031621579546481,25.388898849487305,21.859375,23.410888671875,43.24239349365234,1018.0403900146484,19.243751525878903
2024-04-10 13:09:51,0.0023445456754416,20.14192771911621,20.84375,0.0031621579546481,25.388898849487305,21.859375,23.545318603515625,43.24239349365234,1018.0403900146484,19.243751525878903
2024-04-10 13:09:52,0.0023445456754416,20.14192771911621,20.84375,0.0031621579546481,25.388898849487305,21.859375,23.545318603515625,43.24239349365234,1018.0403900146484,19.243751525878903
2024-04-10 13:09:53,0.0023445456754416,20.14192771911621,20.84375,0.0029893119353801,29.70801544189453,21.8984375,23.545318603515625,43.24239349365234,1018.0403900146484,19.243751525878903
2024-04-10 13:09:54,0.0023445456754416,20.14192771911621,20.84375,0.0029893119353801,29.70801544189453,21.8984375,23.545318603515625,43.24239349365234,1018.0403900146484,19.23769760131836
2024-04-10 13:09:55,0.0023445456754416,20.14192771911621,20.84375,0.0029893119353801,29.70801544189453,21.8984375,23.545318603515625,43.24239349365234,1018.0403900146484,19.23769760131836
2024-04-10 13:09:56,0.0026256565470248,20.180368423461918,20.8828125,0.0029893119353801,29.70801544189453,21.8984375,23.545318603515625,43.24239349365234,1018.0403900146484,19.23769760131836
2024-04-10 13:09:57,0.0026256565470248,20.180368423461918,20.8828125,0.0029893119353801,29.70801544189453,21.8984375,23.545318603515625,43.24239349365234,1018.047285079956,19.23769760131836
2024-04-10 13:09:58,0.0026256565470248,20.180368423461918,20.8828125,0.0029893119353801,29.70801544189453,21.8984375,23.545318603515625,43.24239349365234,1018.047285079956,19.23769760131836
2024-04-10 13:09:59,0.0026256565470248,20.180368423461918,20.8828125,0.0029893119353801,29.70801544189453,21.8984375,23.57855224609375,43.24239349365234,1018.047285079956,19.23769760131836
2024-04-10 13:10:00,0.0026256565470248,20.180368423461918,20.8828125,0.0029893119353801,29.70801544189453,21.8984375,23.57855224609375,43.24239349365234,1018.047285079956,19.23769760131836
2024-04-10 13:10:01,0.0026256565470248,20.180368423461918,20.8828125,0.0029893119353801,29.70801544189453,21.8984375,23.57855224609375,43.24239349365234,1018.047285079956,19.23769760131836
2024-04-10 13:10:02,0.0026256565470248,20.180368423461918,20.8828125,0.0007110665901564,29.70801544189453,21.8984375,23.57855224609375,43.24239349365234,1018.047285079956,19.22513198852539
2024-04-10 13:10:03,0.0026256565470248,20.180368423461918,20.8828125,0.0007110665901564,8.225101470947266,21.953125,23.57855224609375,43.24239349365234,1018.047285079956,19.22513198852539
2024-04-10 13:10:04,0.0026256565470248,20.180368423461918,20.8828125,0.0007110665901564,8.225101470947266,21.953125,23.57855224609375,43.24239349365234,1018.047285079956,19.22513198852539
2024-04-10 13:10:05,0.0012103298213332,1.3837965726852417,20.921875,0.0007110665901564,8.225101470947266,21.953125,23.57855224609375,43.24239349365234,1018.047285079956,19.22513198852539
2024-04-10 13:10:06,0.0012103298213332,1.3837965726852417,20.921875,0.0007110665901564,8.225101470947266,21.953125,23.62841796875,43.24239349365234,1018.047285079956,19.22513198852539
2024-04-10 13:10:07,0.0012103298213332,1.3837965726852417,20.921875,0.0007110665901564,8.225101470947266,21.953125,23.62841796875,43.24239349365234,1018.0277442932128,19.22513198852539
2024-04-10 13:10:08,0.0012103298213332,1.3837965726852417,20.921875,0.0007110665901564,8.225101470947266,21.953125,23.62841796875,43.24239349365234,1018.0277442932128,19.22513198852539
2024-04-10 13:10:09,0.0012103298213332,1.3837965726852417,20.921875,0.0005438856314867,2.929488182067871,21.984375,23.62841796875,43.24239349365234,1018.0277442932128,19.21499252319336
2024-04-10 13:10:10,0.0012103298213332,1.3837965726852417,20.921875,0.0005438856314867,2.929488182067871,21.984375,23.62841796875,43.24239349365234,1018.0277442932128,19.21499252319336
2024-04-10 13:10:11,0.0012103298213332,1.3837965726852417,20.921875,0.0005438856314867,2.929488182067871,21.984375,23.62841796875,43.24239349365234,1018.0277442932128,19.21499252319336
2024-04-10 13:10:12,0.0009468474891036,0.422826737165451,20.953125,0.0005438856314867,2.929488182067871,21.984375,23.62841796875,43.24239349365234,1018.0277442932128,19.21499252319336
2024-04-10 13:10:13,0.0009468474891036,0.422826737165451,20.953125,0.0005438856314867,2.929488182067871,21.984375,23.62841796875,43.24239349365234,1018.0277442932128,19.21499252319336
2024-04-10 13:10:14,0.0009468474891036,0.422826737165451,20.953125,0.0005438856314867,2.929488182067871,21.984375,23.62841796875,43.24239349365234,1018.0277442932128,19.21499252319336
2024-04-10 13:10:15,0.0009468474891036,0.422826737165451,20.953125,0.0005438856314867,2.929488182067871,21.984375,23.603485107421875,0.4531846642494201,1018.0277442932128,19.21499252319336
2024-04-10 13:10:16,0.0009468474891036,0.422826737165451,20.953125,0.0005438856314867,2.929488182067871,21.984375,23.603485107421875,0.4531846642494201,1018.0277442932128,19.21499252319336
2024-04-10 13:10:17,0.0009468474891036,0.422826737165451,20.953125,0.000717670074664,0.4131329655647278,22.03125,23.603485107421875,0.4531846642494201,1018.0277442932128,19.21572494506836
2024-04-10 13:10:18,0.0009468474891036,0.422826737165451,20.953125,0.000717670074664,0.4131329655647278,22.03125,23.603485107421875,0.4531846642494201,1018.0449962615968,19.21572494506836
2024-04-10 13:10:19,0.0009468474891036,0.422826737165451,20.953125,0.000717670074664,0.4131329655647278,22.03125,23.603485107421875,0.4531846642494201,1018.0449962615968,19.21572494506836
2024-04-10 13:10:20,0.0009468474891036,0.422826737165451,20.953125,0.000717670074664,0.4131329655647278,22.03125,23.603485107421875,0.4531846642494201,1018.0449962615968,19.21572494506836
2024-04-10 13:10:21,0.0013826139038428,0.4997043311595917,20.96875,0.000717670074664,0.4131329655647278,22.03125,23.603485107421875,0.4531846642494201,1018.0989265441896,19.21572494506836
2024-04-10 13:10:22,0.0013826139038428,0.4997043311595917,20.96875,0.000717670074664,0.4131329655647278,22.03125,23.617340087890625,0.4531846642494201,1018.0989265441896,19.21572494506836
2024-04-10 13:10:23,0.0013826139038428,0.4997043311595917,20.96875,0.000717670074664,0.4131329655647278,22.03125,23.617340087890625,0.4531846642494201,1018.0989265441896,19.21572494506836
2024-04-10 13:10:24,0.0013826139038428,0.4997043311595917,20.96875,0.000717670074664,0.4131329655647278,22.03125,23.617340087890625,0.4531846642494201,1018.0989265441896,19.21572494506836
2024-04-10 13:10:25,0.0013826139038428,0.4997043311595917,20.96875,0.0006657827179878,0.4131329655647278,22.0390625,23.617340087890625,0.4531846642494201,1018.0989265441896,19.215930938720703
2024-04-10 13:10:26,0.0013826139038428,0.4997043311595917,20.96875,0.0006657827179878,0.4131329655647278,22.0390625,23.617340087890625,0.4531846642494201,1018.0989265441896,19.215930938720703
2024-04-10 13:10:27,0.0013826139038428,0.4997043311595917,20.96875,0.0006657827179878,0.4131329655647278,22.0390625,23.617340087890625,0.4531846642494201,1018.0989265441896,19.215930938720703
2024-04-10 13:10:28,0.0008167754858732,0.422826737165451,21.015625,0.0006657827179878,0.4131329655647278,22.0390625,23.617340087890625,0.4531846642494201,1018.0989265441896,19.215930938720703
2024-04-10 13:10:29,0.0008167754858732,0.422826737165451,21.015625,0.0006657827179878,0.4131329655647278,22.0390625,23.617340087890625,0.4531846642494201,1018.0989265441896,19.215930938720703
2024-04-10 13:10:30,0.0008167754858732,0.422826737165451,21.015625,0.0006657827179878,0.4131329655647278,22.0390625,23.617340087890625,0.4531846642494201,1018.0386734008788,19.215930938720703
2024-04-10 13:10:31,0.0008167754858732,0.422826737165451,21.015625,0.0006657827179878,0.4131329655647278,22.0390625,23.66851806640625,0.4531846642494201,1018.0386734008788,19.215930938720703
2024-04-10 13:10:32,0.0008167754858732,0.422826737165451,21.015625,0.0006657827179878,0.4131329655647278,22.0390625,23.66851806640625,0.4531846642494201,1018.0386734008788,19.215930938720703
2024-04-10 13:10:33,0.0008167754858732,0.422826737165451,21.015625,0.0006657827179878,0.4131329655647278,22.0390625,23.66851806640625,0.4531846642494201,1018.0386734008788,19.215930938720703
2024-04-10 13:10:34,0.0008167754858732,0.422826737165451,21.015625,0.0008272815030068,0.4131329655647278,22.0703125,23.66851806640625,0.4531846642494201,1018.0386734008788,19.215930938720703
2024-04-10 13:10:35,0.0008167754858732,0.422826737165451,21.015625,0.0008272815030068,0.4131329655647278,22.0703125,23.66851806640625,0.4531846642494201,1018.0386734008788,19.21713256835937
2024-04-10 13:10:36,0.0010632892372086,0.422826737165451,21.0703125,0.0008272815030068,0.4131329655647278,22.0703125,23.66851806640625,0.4531846642494201,1018.0386734008788,19.21713256835937
2024-04-10 13:10:37,0.0010632892372086,0.422826737165451,21.0703125,0.0008272815030068,0.4131329655647278,22.0703125,23.66851806640625,0.4531846642494201,1018.0386734008788,19.21713256835937
2024-04-10 13:10:38,0.0010632892372086,0.422826737165451,21.0703125,0.0008272815030068,0.4131329655647278,22.0703125,23.66851806640625,0.4531846642494201,1018.0720615386964,19.21713256835937
2024-04-10 13:10:39,0.0010632892372086,0.422826737165451,21.0703125,0.0008272815030068,0.4131329655647278,22.0703125,23.66851806640625,0.4531846642494201,1018.0720615386964,19.21713256835937
2024-04-10 13:10:40,0.0010632892372086,0.422826737165451,21.0703125,0.0008272815030068,0.4131329655647278,22.0703125,23.8089599609375,0.4531846642494201,1018.0720615386964,19.21713256835937
2024-04-10 13:10:41,0.0010632892372086,0.422826737165451,21.0703125,0.0008377963094972,0.4506905078887939,22.125,23.8089599609375,0.4531846642494201,1018.0720615386964,19.21713256835937
2024-04-10 13:10:42,0.0010632892372086,0.422826737165451,21.0703125,0.0008377963094972,0.4506905078887939,22.125,23.8089599609375,0.4531846642494201,1018.0720615386964,19.21713256835937
2024-04-10 13:10:43,0.0010632892372086,0.422826737165451,21.0703125,0.0008377963094972,0.4506905078887939,22.125,23.8089599609375,0.4531846642494201,1018.0720615386964,19.21435165405273
2024-04-10 13:10:44,0.0009301981772296,0.4612655341625213,21.09375,0.0008377963094972,0.4506905078887939,22.125,23.8089599609375,0.4531846642494201,1018.0720615386964,19.21435165405273
2024-04-10 13:10:45,0.0009301981772296,0.4612655341625213,21.09375,0.0008377963094972,0.4506905078887939,22.125,23.8089599609375,0.4531846642494201,1018.012351989746,19.21435165405273
2024-04-10 13:10:46,0.0009301981772296,0.4612655341625213,21.09375,0.0008377963094972,0.4506905078887939,22.125,23.8089599609375,0.4531846642494201,1018.012351989746,19.21435165405273
2024-04-10 13:10:47,0.0009301981772296,0.4612655341625213,21.09375,0.0008377963094972,0.4506905078887939,22.125,23.86431884765625,0.4531846642494201,1018.012351989746,19.21435165405273
2024-04-10 13:10:48,0.0009301981772296,0.4612655341625213,21.09375,0.0008377963094972,0.4506905078887939,22.125,23.86431884765625,0.4531846642494201,1018.012351989746,19.21435165405273
2024-04-10 13:10:49,0.0009301981772296,0.4612655341625213,21.09375,0.0005557622062042,0.4131329655647278,22.1796875,23.86431884765625,0.4531846642494201,1018.012351989746,19.21435165405273
2024-04-10 13:10:50,0.0009301981772296,0.4612655341625213,21.09375,0.0005557622062042,0.4131329655647278,22.1796875,23.86431884765625,0.4531846642494201,1018.012351989746,19.188465118408203
2024-04-10 13:10:51,0.0009301981772296,0.4612655341625213,21.09375,0.0005557622062042,0.4131329655647278,22.1796875,23.86431884765625,0.4531846642494201,1018.012351989746,19.188465118408203
2024-04-10 13:10:52,0.0007311259396374,0.422826737165451,21.1015625,0.0005557622062042,0.4131329655647278,22.1796875,23.86431884765625,0.4531846642494201,1018.012351989746,19.188465118408203
2024-04-10 13:10:53,0.0007311259396374,0.422826737165451,21.1015625,0.0005557622062042,0.4131329655647278,22.1796875,23.86431884765625,0.4531846642494201,1018.012351989746,19.188465118408203
2024-04-10 13:10:54,0.0007311259396374,0.422826737165451,21.1015625,0.0005557622062042,0.4131329655647278,22.1796875,23.86431884765625,0.4531846642494201,1018.012351989746,19.188465118408203
2024-04-10 13:10:55,0.0007311259396374,0.422826737165451,21.1015625,0.0005557622062042,0.4131329655647278,22.1796875,23.86431884765625,0.4531846642494201,1018.012351989746,19.188465118408203
2024-04-10 13:10:56,0.0007311259396374,0.422826737165451,21.1015625,0.0005557622062042,0.4131329655647278,22.1796875,23.94223022460937,0.4531846642494201,1018.030605316162,19.188465118408203
2024-04-10 13:10:57,0.0007311259396374,0.422826737165451,21.1015625,0.0006013665697537,0.4131329655647278,22.1953125,23.94223022460937,0.4531846642494201,1018.030605316162,19.188465118408203
2024-04-10 13:10:58,0.0007311259396374,0.422826737165451,21.1015625,0.0006013665697537,0.4131329655647278,22.1953125,23.94223022460937,0.4531846642494201,1018.030605316162,19.179859161376957
2024-04-10 13:10:59,0.0007311259396374,0.422826737165451,21.1015625,0.0006013665697537,0.4131329655647278,22.1953125,23.94223022460937,0.4531846642494201,1018.030605316162,19.179859161376957
2024-04-10 13:11:00,0.0012969822855666,0.4612655341625213,21.1640625,0.0006013665697537,0.4131329655647278,22.1953125,23.94223022460937,0.4531846642494201,1018.030605316162,19.179859161376957
2024-04-10 13:11:01,0.0012969822855666,0.4612655341625213,21.1640625,0.0006013665697537,0.4131329655647278,22.1953125,23.94223022460937,0.4531846642494201,1018.030605316162,19.179859161376957
2024-04-10 13:11:02,0.0012969822855666,0.4612655341625213,21.1640625,0.0006013665697537,0.4131329655647278,22.1953125,23.94223022460937,0.4531846642494201,1018.0305480957032,19.179859161376957
2024-04-10 13:11:03,0.0012969822855666,0.4612655341625213,21.1640625,0.0006013665697537,0.4131329655647278,22.1953125,23.984405517578125,0.4531846642494201,1018.0305480957032,19.179859161376957
2024-04-10 13:11:04,0.0012969822855666,0.4612655341625213,21.1640625,0.0006013665697537,0.4131329655647278,22.1953125,23.984405517578125,0.4531846642494201,1018.0305480957032,19.179859161376957
2024-04-10 13:11:05,0.0012969822855666,0.4612655341625213,21.1640625,0.0006736533250659,0.4506905078887939,22.21875,23.984405517578125,0.4531846642494201,1018.0305480957032,19.179859161376957
2024-04-10 13:11:06,0.0012969822855666,0.4612655341625213,21.1640625,0.0006736533250659,0.4506905078887939,22.21875,23.984405517578125,0.4531846642494201,1018.0305480957032,19.17624282836914
2024-04-10 13:11:07,0.0012969822855666,0.4612655341625213,21.1640625,0.0006736533250659,0.4506905078887939,22.21875,23.984405517578125,0.4531846642494201,1018.0305480957032,19.17624282836914
2024-04-10 13:11:08,0.0013556350022554,0.422826737165451,21.1796875,0.0006736533250659,0.4506905078887939,22.21875,23.984405517578125,0.4531846642494201,1018.0305480957032,19.17624282836914
2024-04-10 13:11:09,0.0013556350022554,0.422826737165451,21.1796875,0.0006736533250659,0.4506905078887939,22.21875,23.984405517578125,0.4531846642494201,1018.0673694610596,19.17624282836914
2024-04-10 13:11:10,0.0013556350022554,0.422826737165451,21.1796875,0.0006736533250659,0.4506905078887939,22.21875,23.984405517578125,0.4531846642494201,1018.0673694610596,19.17624282836914
2024-04-10 13:11:11,0.0013556350022554,0.422826737165451,21.1796875,0.0006736533250659,0.4506905078887939,22.21875,24.09930419921875,0.4531846642494201,1018.0673694610596,19.17624282836914
2024-04-10 13:11:12,0.0013556350022554,0.422826737165451,21.1796875,0.0006736533250659,0.4506905078887939,22.21875,24.09930419921875,0.4531846642494201,1018.0673694610596,19.17624282836914
2024-04-10 13:11:13,0.0013556350022554,0.422826737165451,21.1796875,0.0004299970460124,0.4131329655647278,22.2578125,24.09930419921875,0.4531846642494201,1018.0673694610596,19.17624282836914
2024-04-10 13:11:14,0.0013556350022554,0.422826737165451,21.1796875,0.0004299970460124,0.4131329655647278,22.2578125,24.09930419921875,0.4531846642494201,1018.0673694610596,19.17290687561035
2024-04-10 13:11:15,0.0013556350022554,0.422826737165451,21.1796875,0.0004299970460124,0.4131329655647278,22.2578125,24.09930419921875,0.4531846642494201,1018.0673694610596,19.17290687561035
2024-04-10 13:11:16,0.0014342792565003,0.422826737165451,21.234375,0.0004299970460124,0.4131329655647278,22.2578125,24.09930419921875,0.4531846642494201,1018.0673694610596,19.17290687561035
2024-04-10 13:11:17,0.0014342792565003,0.422826737165451,21.234375,0.0004299970460124,0.4131329655647278,22.2578125,24.09930419921875,0.4519381523132324,1018.0673694610596,19.17290687561035
2024-04-10 13:11:18,0.0014342792565003,0.422826737165451,21.234375,0.0004299970460124,0.4131329655647278,22.2578125,24.09930419921875,0.4519381523132324,1018.0673694610596,19.17290687561035
2024-04-10 13:11:19,0.0014342792565003,0.422826737165451,21.234375,0.0004299970460124,0.4131329655647278,22.2578125,24.09930419921875,0.4519381523132324,1018.0311489105223,19.17290687561035
2024-04-10 13:11:20,0.0014342792565003,0.422826737165451,21.234375,0.0004299970460124,0.4131329655647278,22.2578125,24.09930419921875,0.4519381523132324,1018.0311489105223,19.17290687561035
2024-04-10 13:11:21,0.0014342792565003,0.422826737165451,21.234375,0.0004453040019143,0.4506905078887939,22.2578125,24.134490966796875,0.4519381523132324,1018.0311489105223,19.17290687561035
2024-04-10 13:11:22,0.0014342792565003,0.422826737165451,21.234375,0.0004453040019143,0.4506905078887939,22.2578125,24.134490966796875,0.4519381523132324,1018.0311489105223,19.17290687561035
2024-04-10 13:11:23,0.0014342792565003,0.422826737165451,21.234375,0.0004453040019143,0.4506905078887939,22.2578125,24.134490966796875,0.4519381523132324,1018.0311489105223,19.172019958496094
2024-04-10 13:11:24,0.0007640559924766,0.4997043311595917,21.2734375,0.0004453040019143,0.4506905078887939,22.2578125,24.134490966796875,0.4519381523132324,1018.0311489105223,19.172019958496094
2024-04-10 13:11:25,0.0007640559924766,0.4997043311595917,21.2734375,0.0004453040019143,0.4506905078887939,22.2578125,24.134490966796875,0.4519381523132324,1018.0311489105223,19.172019958496094
2024-04-10 13:11:26,0.0007640559924766,0.4997043311595917,21.2734375,0.0004453040019143,0.4506905078887939,22.2578125,24.1580810546875,0.4519381523132324,1018.0352115631104,19.172019958496094
2024-04-10 13:11:27,0.0007640559924766,0.4997043311595917,21.2734375,0.0004453040019143,0.4506905078887939,22.2578125,24.1580810546875,0.4519381523132324,1018.0352115631104,19.172019958496094
2024-04-10 13:11:28,0.0007640559924766,0.4997043311595917,21.2734375,0.0004453040019143,0.4506905078887939,22.2578125,24.1580810546875,0.4519381523132324,1018.0352115631104,19.172019958496094
2024-04-10 13:11:29,0.0007640559924766,0.4997043311595917,21.2734375,0.0005029652966186,0.4131329655647278,22.3203125,24.1580810546875,0.4519381523132324,1018.0352115631104,19.171247482299805
2024-04-10 13:11:30,0.0007640559924766,0.4997043311595917,21.2734375,0.0005029652966186,0.4131329655647278,22.3203125,24.1580810546875,0.4519381523132324,1018.0352115631104,19.171247482299805
2024-04-10 13:11:31,0.0007640559924766,0.4997043311595917,21.2734375,0.0005029652966186,0.4131329655647278,22.3203125,24.1580810546875,0.4519381523132324,1018.0352115631104,19.171247482299805
2024-04-10 13:11:32,0.0008533902000635,0.4612655341625213,21.3125,0.0005029652966186,0.4131329655647278,22.3203125,24.1580810546875,0.4519381523132324,1018.0352115631104,19.171247482299805
2024-04-10 13:11:33,0.0008533902000635,0.4612655341625213,21.3125,0.0005029652966186,0.4131329655647278,22.3203125,24.1580810546875,0.4519381523132324,1018.0522346496582,19.171247482299805
2024-04-10 13:11:34,0.0008533902000635,0.4612655341625213,21.3125,0.0005029652966186,0.4131329655647278,22.3203125,24.1580810546875,0.4519381523132324,1018.0522346496582,19.171247482299805
2024-04-10 13:11:35,0.0008533902000635,0.4612655341625213,21.3125,0.0005029652966186,0.4131329655647278,22.3203125,24.1580810546875,0.4519381523132324,1018.0522346496582,19.171247482299805
2024-04-10 13:11:36,0.0008533902000635,0.4612655341625213,21.3125,0.0005029652966186,0.4131329655647278,22.3203125,24.1580810546875,0.4519381523132324,1018.0522346496582,19.171247482299805
2024-04-10 13:11:37,0.0008533902000635,0.4612655341625213,21.3125,0.0005029652966186,0.4131329655647278,22.3203125,24.23895263671875,0.4519381523132324,1018.0522346496582,19.171247482299805
2024-04-10 13:11:38,0.0008533902000635,0.4612655341625213,21.3125,0.0005029652966186,0.4131329655647278,22.3203125,24.23895263671875,0.4519381523132324,1018.0522346496582,19.171247482299805
2024-04-10 13:11:39,0.0008533902000635,0.4612655341625213,21.3125,0.0007340440060943,0.4131329655647278,22.3671875,24.23895263671875,0.4519381523132324,1018.0522346496582,19.186817169189453
2024-04-10 13:11:40,0.0007921912474557,0.422826737165451,21.328125,0.0007340440060943,0.4131329655647278,22.3671875,24.23895263671875,0.4519381523132324,1018.0522346496582,19.186817169189453
2024-04-10 13:11:41,0.0007921912474557,0.422826737165451,21.328125,0.0007340440060943,0.4131329655647278,22.3671875,24.23895263671875,0.4519381523132324,1018.0522346496582,19.186817169189453
2024-04-10 13:11:42,0.0007921912474557,0.422826737165451,21.328125,0.0007340440060943,0.4131329655647278,22.3671875,24.40707397460937,0.4519381523132324,1018.0195045471193,19.186817169189453
2024-04-10 13:11:43,0.0007921912474557,0.422826737165451,21.328125,0.0007340440060943,0.4131329655647278,22.3671875,24.40707397460937,0.4519381523132324,1018.0195045471193,19.186817169189453
2024-04-10 13:11:44,0.0007921912474557,0.422826737165451,21.328125,0.0007340440060943,0.4131329655647278,22.3671875,24.40707397460937,0.4519381523132324,1018.0195045471193,19.186817169189453
2024-04-10 13:11:45,0.0007921912474557,0.422826737165451,21.328125,0.000402481178753,0.4131329655647278,22.3671875,24.40707397460937,0.4519381523132324,1018.0195045471193,19.186817169189453
2024-04-10 13:11:46,0.0007921912474557,0.422826737165451,21.328125,0.000402481178753,0.4131329655647278,22.3671875,24.40707397460937,0.4519381523132324,1018.0195045471193,19.186817169189453
2024-04-10 13:11:47,0.0014646272175014,0.4612655341625213,21.3515625,0.000402481178753,0.4131329655647278,22.3671875,24.40707397460937,0.4519381523132324,1018.0195045471193,19.193151473999023
2024-04-10 13:11:48,0.0014646272175014,0.4612655341625213,21.3515625,0.000402481178753,0.4131329655647278,22.3671875,24.40707397460937,0.4519381523132324,1018.0195045471193,19.193151473999023
2024-04-10 13:11:49,0.0014646272175014,0.4612655341625213,21.3515625,0.000402481178753,0.4131329655647278,22.3671875,24.40707397460937,0.4519381523132324,1018.0195045471193,19.193151473999023
2024-04-10 13:11:50,0.0014646272175014,0.4612655341625213,21.3515625,0.000402481178753,0.4131329655647278,22.3671875,24.40707397460937,0.4519381523132324,1018.0195045471193,19.193151473999023
2024-04-10 13:11:51,0.0014646272175014,0.4612655341625213,21.3515625,0.000402481178753,0.4131329655647278,22.3671875,24.40707397460937,0.4519381523132324,1018.0195045471193,19.193151473999023
2024-04-10 13:11:52,0.0014646272175014,0.4612655341625213,21.3515625,0.000402481178753,0.4131329655647278,22.3671875,24.40985107421875,0.4519381523132324,1018.046169281006,19.193151473999023
2024-04-10 13:11:53,0.0014646272175014,0.4612655341625213,21.3515625,0.0003933375119231,0.4131329655647278,22.3828125,24.40985107421875,0.4519381523132324,1018.046169281006,19.193151473999023
2024-04-10 13:11:54,0.0014646272175014,0.4612655341625213,21.3515625,0.0003933375119231,0.4131329655647278,22.3828125,24.40985107421875,0.4519381523132324,1018.046169281006,19.194490432739254
2024-04-10 13:11:55,0.0014646272175014,0.4612655341625213,21.3515625,0.0003933375119231,0.4131329655647278,22.3828125,24.40985107421875,0.4519381523132324,1018.046169281006,19.194490432739254
2024-04-10 13:11:56,0.0011588969500735,0.422826737165451,21.421875,0.0003933375119231,0.4131329655647278,22.3828125,24.40985107421875,0.4519381523132324,1018.046169281006,19.194490432739254
2024-04-10 13:11:57,0.0011588969500735,0.422826737165451,21.421875,0.0003933375119231,0.4131329655647278,22.3828125,24.40985107421875,0.4519381523132324,1018.0921459197998,19.194490432739254
2024-04-10 13:11:58,0.0011588969500735,0.422826737165451,21.421875,0.0003933375119231,0.4131329655647278,22.3828125,24.40985107421875,0.4519381523132324,1018.0921459197998,19.194490432739254
2024-04-10 13:11:59,0.0011588969500735,0.422826737165451,21.421875,0.0003933375119231,0.4131329655647278,22.3828125,24.507781982421875,0.4519381523132324,1018.0921459197998,19.194490432739254
2024-04-10 13:12:00,0.0011588969500735,0.422826737165451,21.421875,0.0003933375119231,0.4131329655647278,22.3828125,24.507781982421875,0.4519381523132324,1018.0921459197998,19.194490432739254
2024-04-10 13:12:01,0.0011588969500735,0.422826737165451,21.421875,0.0007096849731169,0.4131329655647278,22.421875,24.507781982421875,0.4519381523132324,1018.0921459197998,19.194490432739254
2024-04-10 13:12:02,0.0011588969500735,0.422826737165451,21.421875,0.0007096849731169,0.4131329655647278,22.421875,24.507781982421875,0.4519381523132324,1018.0921459197998,19.187349319458008
2024-04-10 13:12:03,0.0005794441094622,0.4997043311595917,21.453125,0.0007096849731169,0.4131329655647278,22.421875,24.507781982421875,0.4519381523132324,1018.0921459197998,19.187349319458008
2024-04-10 13:12:04,0.0005794441094622,0.4997043311595917,21.453125,0.0007096849731169,0.4131329655647278,22.421875,24.507781982421875,0.4519381523132324,1018.0921459197998,19.187349319458008
2024-04-10 13:12:05,0.0005794441094622,0.4997043311595917,21.453125,0.0007096849731169,0.4131329655647278,22.421875,24.507781982421875,0.4519381523132324,1018.0625343322754,19.187349319458008
2024-04-10 13:12:06,0.0005794441094622,0.4997043311595917,21.453125,0.0007096849731169,0.4131329655647278,22.421875,24.507781982421875,0.4519381523132324,1018.0625343322754,19.187349319458008
2024-04-10 13:12:07,0.0005794441094622,0.4997043311595917,21.453125,0.0007096849731169,0.4131329655647278,22.421875,24.5126953125,0.4519381523132324,1018.0625343322754,19.187349319458008
2024-04-10 13:12:08,0.0005794441094622,0.4997043311595917,21.453125,0.0007096849731169,0.4131329655647278,22.421875,24.5126953125,0.4519381523132324,1018.0625343322754,19.187349319458008
2024-04-10 13:12:09,0.0005794441094622,0.4997043311595917,21.453125,0.0005861250101588,0.4131329655647278,22.453125,24.5126953125,0.4519381523132324,1018.0625343322754,19.187349319458008
2024-04-10 13:12:10,0.0005794441094622,0.4997043311595917,21.453125,0.0005861250101588,0.4131329655647278,22.453125,24.5126953125,0.4519381523132324,1018.0625343322754,19.19684219360352
2024-04-10 13:12:11,0.0005794441094622,0.4997043311595917,21.453125,0.0005861250101588,0.4131329655647278,22.453125,24.5126953125,0.4519381523132324,1018.0625343322754,19.19684219360352
2024-04-10 13:12:12,0.0009020142606459,0.422826737165451,21.5,0.0005861250101588,0.4131329655647278,22.453125,24.5126953125,0.4519381523132324,1018.0625343322754,19.19684219360352
2024-04-10 13:12:13,0.0009020142606459,0.422826737165451,21.5,0.0005861250101588,0.4131329655647278,22.453125,24.5126953125,0.4519381523132324,1018.0625343322754,19.19684219360352
2024-04-10 13:12:14,0.0009020142606459,0.422826737165451,21.5,0.0005861250101588,0.4131329655647278,22.453125,24.5126953125,0.4519381523132324,1018.0698871612548,19.19684219360352
2024-04-10 13:12:15,0.0009020142606459,0.422826737165451,21.5,0.0005861250101588,0.4131329655647278,22.453125,24.585845947265625,0.4519381523132324,1018.0698871612548,19.19684219360352
2024-04-10 13:12:16,0.0009020142606459,0.422826737165451,21.5,0.0005861250101588,0.4131329655647278,22.453125,24.585845947265625,0.4519381523132324,1018.0698871612548,19.19684219360352
2024-04-10 13:12:17,0.0009020142606459,0.422826737165451,21.5,0.0004748133651446,0.3755754232406616,22.4765625,24.585845947265625,0.4519381523132324,1018.0698871612548,19.19684219360352
2024-04-10 13:12:18,0.0009020142606459,0.422826737165451,21.5,0.0004748133651446,0.3755754232406616,22.4765625,24.585845947265625,0.4602039754390716,1018.0698871612548,19.207067489624023
2024-04-10 13:12:19,0.0009020142606459,0.422826737165451,21.5,0.0004748133651446,0.3755754232406616,22.4765625,24.585845947265625,0.4602039754390716,1018.0698871612548,19.207067489624023
2024-04-10 13:12:20,0.0015108695952221,0.422826737165451,21.546875,0.0004748133651446,0.3755754232406616,22.4765625,24.585845947265625,0.4602039754390716,1018.0698871612548,19.207067489624023
2024-04-10 13:12:21,0.0015108695952221,0.422826737165451,21.546875,0.0004748133651446,0.3755754232406616,22.4765625,24.585845947265625,0.4602039754390716,1018.0698871612548,19.207067489624023
2024-04-10 13:12:22,0.0015108695952221,0.422826737165451,21.546875,0.0004748133651446,0.3755754232406616,22.4765625,24.585845947265625,0.4602039754390716,1018.0698871612548,19.207067489624023
2024-04-10 13:12:23,0.0015108695952221,0.422826737165451,21.546875,0.0004748133651446,0.3755754232406616,22.4765625,24.6104736328125,0.4602039754390716,1018.0698871612548,19.207067489624023
2024-04-10 13:12:24,0.0015108695952221,0.422826737165451,21.546875,0.0004748133651446,0.3755754232406616,22.4765625,24.6104736328125,0.4602039754390716,1018.0648803710938,19.207067489624023
2024-04-10 13:12:25,0.0015108695952221,0.422826737165451,21.546875,0.0004748133651446,0.3755754232406616,22.4765625,24.6104736328125,0.4602039754390716,1018.0648803710938,19.210512161254883
2024-04-10 13:12:26,0.0015108695952221,0.422826737165451,21.546875,0.0006367687601596,0.4131329655647278,22.5078125,24.6104736328125,0.4602039754390716,1018.0648803710938,19.210512161254883
2024-04-10 13:12:27,0.0015108695952221,0.422826737165451,21.546875,0.0006367687601596,0.4131329655647278,22.5078125,24.6104736328125,0.4602039754390716,1018.0648803710938,19.210512161254883
2024-04-10 13:12:28,0.0007997207576408,0.422826737165451,21.5859375,0.0006367687601596,0.4131329655647278,22.5078125,24.6104736328125,0.4602039754390716,1018.0648803710938,19.210512161254883
2024-04-10 13:12:29,0.0007997207576408,0.422826737165451,21.5859375,0.0006367687601596,0.4131329655647278,22.5078125,24.6104736328125,0.4602039754390716,1018.0648803710938,19.210512161254883
2024-04-10 13:12:30,0.0007997207576408,0.422826737165451,21.5859375,0.0006367687601596,0.4131329655647278,22.5078125,24.6104736328125,0.4602039754390716,1018.0648803710938,19.210512161254883
2024-04-10 13:12:31,0.0007997207576408,0.422826737165451,21.5859375,0.0006367687601596,0.4131329655647278,22.5078125,24.6104736328125,0.4602039754390716,1018.0648803710938,19.210512161254883
2024-04-10 13:12:32,0.0007997207576408,0.422826737165451,21.5859375,0.0006367687601596,0.4131329655647278,22.5078125,24.6104736328125,0.4602039754390716,1018.0648803710938,19.210512161254883
2024-04-10 13:12:33,0.0007997207576408,0.422826737165451,21.5859375,0.0006367687601596,0.4131329655647278,22.5078125,24.59384155273437,0.4602039754390716,1018.0393886566162,19.210512161254883
2024-04-10 13:12:34,0.0007997207576408,0.422826737165451,21.5859375,0.0006367687601596,0.4131329655647278,22.5078125,24.59384155273437,0.4602039754390716,1018.0393886566162,19.210512161254883
2024-04-10 13:12:35,0.0007997207576408,0.422826737165451,21.5859375,0.0005481656407937,0.4131329655647278,22.53125,24.59384155273437,0.4602039754390716,1018.0393886566162,19.222522735595703
2024-04-10 13:12:36,0.0017464531119912,0.4612655341625213,21.6171875,0.0005481656407937,0.4131329655647278,22.53125,24.59384155273437,0.4602039754390716,1018.0393886566162,19.222522735595703
2024-04-10 13:12:37,0.0017464531119912,0.4612655341625213,21.6171875,0.0005481656407937,0.4131329655647278,22.53125,24.59384155273437,0.4602039754390716,1018.0393886566162,19.222522735595703
2024-04-10 13:12:38,0.0017464531119912,0.4612655341625213,21.6171875,0.0005481656407937,0.4131329655647278,22.53125,24.65887451171875,0.4602039754390716,1018.0682849884032,19.222522735595703
2024-04-10 13:12:39,0.0017464531119912,0.4612655341625213,21.6171875,0.0005481656407937,0.4131329655647278,22.53125,24.65887451171875,0.4602039754390716,1018.0682849884032,19.222522735595703
2024-04-10 13:12:40,0.0017464531119912,0.4612655341625213,21.6171875,0.0005481656407937,0.4131329655647278,22.53125,24.65887451171875,0.4602039754390716,1018.0682849884032,19.222522735595703
2024-04-10 13:12:41,0.0017464531119912,0.4612655341625213,21.6171875,0.0005109654739499,0.4882480502128601,22.5390625,24.65887451171875,0.4602039754390716,1018.0682849884032,19.222522735595703
2024-04-10 13:12:42,0.0017464531119912,0.4612655341625213,21.6171875,0.0005109654739499,0.4882480502128601,22.5390625,24.65887451171875,0.4602039754390716,1018.0682849884032,19.222522735595703
2024-04-10 13:12:43,0.0017464531119912,0.4612655341625213,21.6171875,0.0005109654739499,0.4882480502128601,22.5390625,24.65887451171875,0.4602039754390716,1018.0682849884032,19.230344772338867
2024-04-10 13:12:44,0.0006320197717286,0.422826737165451,21.640625,0.0005109654739499,0.4882480502128601,22.5390625,24.65887451171875,0.4602039754390716,1018.0682849884032,19.230344772338867
2024-04-10 13:12:45,0.0006320197717286,0.422826737165451,21.640625,0.0005109654739499,0.4882480502128601,22.5390625,24.65887451171875,0.4602039754390716,1018.0682849884032,19.230344772338867
2024-04-10 13:12:46,0.0006320197717286,0.422826737165451,21.640625,0.0005109654739499,0.4882480502128601,22.5390625,24.65887451171875,0.4602039754390716,1018.0786991119384,19.230344772338867
2024-04-10 13:12:47,0.0006320197717286,0.422826737165451,21.640625,0.0005109654739499,0.4882480502128601,22.5390625,24.65887451171875,0.4602039754390716,1018.0786991119384,19.230344772338867
2024-04-10 13:12:48,0.0006320197717286,0.422826737165451,21.640625,0.0005109654739499,0.4882480502128601,22.5390625,24.679656982421875,0.4602039754390716,1018.0786991119384,19.230344772338867
2024-04-10 13:12:49,0.0006320197717286,0.422826737165451,21.640625,0.0004023447399958,0.4882480502128601,22.5703125,24.679656982421875,0.4602039754390716,1018.0786991119384,19.230344772338867
2024-04-10 13:12:50,0.0006320197717286,0.422826737165451,21.640625,0.0004023447399958,0.4882480502128601,22.5703125,24.679656982421875,0.4602039754390716,1018.0786991119384,19.230344772338867
2024-04-10 13:12:51,0.0006320197717286,0.422826737165451,21.640625,0.0004023447399958,0.4882480502128601,22.5703125,24.679656982421875,0.4602039754390716,1018.0786991119384,19.238916397094727
2024-04-10 13:12:52,0.00065949477721,0.422826737165451,21.6796875,0.0004023447399958,0.4882480502128601,22.5703125,24.679656982421875,0.4602039754390716,1018.0786991119384,19.238916397094727
2024-04-10 13:12:53,0.00065949477721,0.422826737165451,21.6796875,0.0004023447399958,0.4882480502128601,22.5703125,24.679656982421875,0.4602039754390716,1018.06791305542,19.238916397094727
2024-04-10 13:12:54,0.00065949477721,0.422826737165451,21.6796875,0.0004023447399958,0.4882480502128601,22.5703125,24.74444580078125,0.4602039754390716,1018.06791305542,19.238916397094727
2024-04-10 13:12:55,0.00065949477721,0.422826737165451,21.6796875,0.0004023447399958,0.4882480502128601,22.5703125,24.74444580078125,0.4602039754390716,1018.06791305542,19.238916397094727
2024-04-10 13:12:56,0.00065949477721,0.422826737165451,21.6796875,0.0004023447399958,0.4882480502128601,22.5703125,24.74444580078125,0.4602039754390716,1018.06791305542,19.238916397094727
2024-04-10 13:12:57,0.00065949477721,0.422826737165451,21.6796875,0.0007283146842382,0.4131329655647278,22.59375,24.74444580078125,0.4602039754390716,1018.06791305542,19.238916397094727
2024-04-10 13:12:58,0.00065949477721,0.422826737165451,21.6796875,0.0007283146842382,0.4131329655647278,22.59375,24.74444580078125,0.4602039754390716,1018.06791305542,19.238916397094727
2024-04-10 13:12:59,0.00065949477721,0.422826737165451,21.6796875,0.0007283146842382,0.4131329655647278,22.59375,24.74444580078125,0.4602039754390716,1018.06791305542,19.252614974975582
2024-04-10 13:13:00,0.00065949477721,0.422826737165451,21.6796875,0.0007283146842382,0.4131329655647278,22.59375,24.74444580078125,0.4602039754390716,1018.06791305542,19.252614974975582
2024-04-10 13:13:01,0.0011695339344441,0.4612655341625213,21.7109375,0.0007283146842382,0.4131329655647278,22.59375,24.74444580078125,0.4602039754390716,1018.06791305542,19.252614974975582
2024-04-10 13:13:02,0.0011695339344441,0.4612655341625213,21.7109375,0.0007283146842382,0.4131329655647278,22.59375,24.74444580078125,0.4602039754390716,1018.06791305542,19.252614974975582
2024-04-10 13:13:03,0.0011695339344441,0.4612655341625213,21.7109375,0.0007283146842382,0.4131329655647278,22.59375,24.76913452148437,0.4602039754390716,1018.06791305542,19.252614974975582
2024-04-10 13:13:04,0.0011695339344441,0.4612655341625213,21.7109375,0.0007283146842382,0.4131329655647278,22.59375,24.76913452148437,0.4602039754390716,1018.0764389038086,19.252614974975582
2024-04-10 13:13:05,0.0011695339344441,0.4612655341625213,21.7109375,0.0004383102350402,0.4506905078887939,22.59375,24.76913452148437,0.4602039754390716,1018.0764389038086,19.252614974975582
2024-04-10 13:13:06,0.0011695339344441,0.4612655341625213,21.7109375,0.0004383102350402,0.4506905078887939,22.59375,24.76913452148437,0.4602039754390716,1018.0764389038086,19.26701164245605
2024-04-10 13:13:07,0.0011695339344441,0.4612655341625213,21.7109375,0.0004383102350402,0.4506905078887939,22.59375,24.76913452148437,0.4602039754390716,1018.0764389038086,19.26701164245605
2024-04-10 13:13:08,0.0009404207230545,0.4612655341625213,21.7421875,0.0004383102350402,0.4506905078887939,22.59375,24.76913452148437,0.4602039754390716,1018.0764389038086,19.26701164245605
2024-04-10 13:13:09,0.0009404207230545,0.4612655341625213,21.7421875,0.0004383102350402,0.4506905078887939,22.59375,24.76913452148437,0.4602039754390716,1018.0764389038086,19.26701164245605
2024-04-10 13:13:10,0.0009404207230545,0.4612655341625213,21.7421875,0.0004383102350402,0.4506905078887939,22.59375,24.849578857421875,0.4602039754390716,1018.0764389038086,19.26701164245605
2024-04-10 13:13:11,0.0009404207230545,0.4612655341625213,21.7421875,0.0004383102350402,0.4506905078887939,22.59375,24.849578857421875,0.4602039754390716,1018.0764389038086,19.26701164245605
2024-04-10 13:13:12,0.0009404207230545,0.4612655341625213,21.7421875,0.0004383102350402,0.4506905078887939,22.59375,24.849578857421875,0.4602039754390716,1018.1035041809082,19.26701164245605
2024-04-10 13:13:13,0.0009404207230545,0.4612655341625213,21.7421875,0.0003184272209182,0.4131329655647278,22.59375,24.849578857421875,0.4602039754390716,1018.1035041809082,19.281328201293945
2024-04-10 13:13:14,0.0009404207230545,0.4612655341625213,21.7421875,0.0003184272209182,0.4131329655647278,22.59375,24.849578857421875,0.4602039754390716,1018.1035041809082,19.281328201293945
2024-04-10 13:13:15,0.0009404207230545,0.4612655341625213,21.7421875,0.0003184272209182,0.4131329655647278,22.59375,24.849578857421875,0.4602039754390716,1018.1035041809082,19.281328201293945
2024-04-10 13:13:16,0.0010177578078582,0.4612655341625213,21.8046875,0.0003184272209182,0.4131329655647278,22.59375,24.849578857421875,0.45380699634552,1018.1035041809082,19.281328201293945
2024-04-10 13:13:17,0.0010177578078582,0.4612655341625213,21.8046875,0.0003184272209182,0.4131329655647278,22.59375,24.849578857421875,0.45380699634552,1018.0648231506348,19.281328201293945
2024-04-10 13:13:18,0.0010177578078582,0.4612655341625213,21.8046875,0.0003184272209182,0.4131329655647278,22.59375,24.849578857421875,0.45380699634552,1018.0648231506348,19.281328201293945
2024-04-10 13:13:19,0.0010177578078582,0.4612655341625213,21.8046875,0.0003184272209182,0.4131329655647278,22.59375,24.92364501953125,0.45380699634552,1018.0648231506348,19.281328201293945
2024-04-10 13:13:20,0.0010177578078582,0.4612655341625213,21.8046875,0.0003184272209182,0.4131329655647278,22.59375,24.92364501953125,0.45380699634552,1018.0648231506348,19.281328201293945
2024-04-10 13:13:21,0.0010177578078582,0.4612655341625213,21.8046875,0.0006586755625903,0.4131329655647278,22.6328125,24.92364501953125,0.45380699634552,1018.0648231506348,19.281328201293945
2024-04-10 13:13:22,0.0010177578078582,0.4612655341625213,21.8046875,0.0006586755625903,0.4131329655647278,22.6328125,24.92364501953125,0.45380699634552,1018.0648231506348,19.28529930114746
2024-04-10 13:13:23,0.0010177578078582,0.4612655341625213,21.8046875,0.0006586755625903,0.4131329655647278,22.6328125,24.92364501953125,0.45380699634552,1018.0648231506348,19.28529930114746
2024-04-10 13:13:24,0.0010177578078582,0.4612655341625213,21.8046875,0.0006586755625903,0.4131329655647278,22.6328125,24.92364501953125,0.45380699634552,1018.0648231506348,19.28529930114746
2024-04-10 13:13:25,0.0014064732240512,0.3843879699707031,21.859375,0.0006586755625903,0.4131329655647278,22.6328125,24.92364501953125,0.45380699634552,1018.0648231506348,19.28529930114746
2024-04-10 13:13:26,0.0014064732240512,0.3843879699707031,21.859375,0.0006586755625903,0.4131329655647278,22.6328125,24.9779052734375,0.45380699634552,1018.0021667480468,19.28529930114746
2024-04-10 13:13:27,0.0014064732240512,0.3843879699707031,21.859375,0.0006586755625903,0.4131329655647278,22.6328125,24.9779052734375,0.45380699634552,1018.0021667480468,19.28529930114746
2024-04-10 13:13:28,0.0014064732240512,0.3843879699707031,21.859375,0.0006586755625903,0.4131329655647278,22.6328125,24.9779052734375,0.45380699634552,1018.0021667480468,19.28529930114746
2024-04-10 13:13:29,0.0014064732240512,0.3843879699707031,21.859375,0.000509338104166,0.4131329655647278,22.6484375,24.9779052734375,0.45380699634552,1018.0021667480468,19.30152702331543
2024-04-10 13:13:30,0.0014064732240512,0.3843879699707031,21.859375,0.000509338104166,0.4131329655647278,22.6484375,24.9779052734375,0.45380699634552,1018.0021667480468,19.30152702331543
2024-04-10 13:13:31,0.0014064732240512,0.3843879699707031,21.859375,0.000509338104166,0.4131329655647278,22.6484375,24.9779052734375,0.45380699634552,1018.0021667480468,19.30152702331543
2024-04-10 13:13:32,0.0008394173928536,0.4997043311595917,21.890625,0.000509338104166,0.4131329655647278,22.6484375,24.9779052734375,0.45380699634552,1018.0021667480468,19.30152702331543
2024-04-10 13:13:33,0.0008394173928536,0.4997043311595917,21.890625,0.000509338104166,0.4131329655647278,22.6484375,24.9779052734375,0.45380699634552,1018.0021667480468,19.30152702331543
2024-04-10 13:13:34,0.0008394173928536,0.4997043311595917,21.890625,0.000509338104166,0.4131329655647278,22.6484375,24.9779052734375,0.45380699634552,1018.0021667480468,19.30152702331543
2024-04-10 13:13:35,0.0008394173928536,0.4997043311595917,21.890625,0.000509338104166,0.4131329655647278,22.6484375,25.0445556640625,0.45380699634552,1018.0021667480468,19.30152702331543
2024-04-10 13:13:36,0.0008394173928536,0.4997043311595917,21.890625,0.000509338104166,0.4131329655647278,22.6484375,25.0445556640625,0.45380699634552,1018.06396484375,19.30152702331543
2024-04-10 13:13:37,0.0008394173928536,0.4997043311595917,21.890625,0.000509338104166,0.4131329655647278,22.6484375,25.0445556640625,0.45380699634552,1018.06396484375,19.29669761657715
2024-04-10 13:13:38,0.0008394173928536,0.4997043311595917,21.890625,0.0004571063036564,0.4506905078887939,22.6484375,25.0445556640625,0.45380699634552,1018.06396484375,19.29669761657715
2024-04-10 13:13:39,0.0008394173928536,0.4997043311595917,21.890625,0.0004571063036564,0.4506905078887939,22.6484375,25.0445556640625,0.45380699634552,1018.06396484375,19.29669761657715
2024-04-10 13:13:40,0.0010139062069356,0.4997043311595917,21.9453125,0.0004571063036564,0.4506905078887939,22.6484375,25.0445556640625,0.45380699634552,1018.06396484375,19.29669761657715
2024-04-10 13:13:41,0.0010139062069356,0.4997043311595917,21.9453125,0.0004571063036564,0.4506905078887939,22.6484375,25.0445556640625,0.45380699634552,1018.06396484375,19.29669761657715
2024-04-10 13:13:42,0.0010139062069356,0.4997043311595917,21.9453125,0.0004571063036564,0.4506905078887939,22.6484375,25.0445556640625,0.45380699634552,1018.06396484375,19.29669761657715
2024-04-10 13:13:43,0.0010139062069356,0.4997043311595917,21.9453125,0.0004571063036564,0.4506905078887939,22.6484375,25.0445556640625,0.45380699634552,1018.0425643920898,19.29669761657715
2024-04-10 13:13:44,0.0010139062069356,0.4997043311595917,21.9453125,0.0004571063036564,0.4506905078887939,22.6484375,24.98519897460937,0.45380699634552,1018.0425643920898,19.29669761657715
2024-04-10 13:13:45,0.0010139062069356,0.4997043311595917,21.9453125,0.0004571063036564,0.4506905078887939,22.6484375,24.98519897460937,0.45380699634552,1018.0425643920898,19.29669761657715
2024-04-10 13:13:46,0.0010139062069356,0.4997043311595917,21.9453125,0.0004571063036564,0.4506905078887939,22.6484375,24.98519897460937,0.45380699634552,1018.0425643920898,19.298311233520508
2024-04-10 13:13:47,0.0010139062069356,0.4997043311595917,21.9453125,0.0004188916936982,0.3755754232406616,22.671875,24.98519897460937,0.45380699634552,1018.0425643920898,19.298311233520508
2024-04-10 13:13:48,0.0016477517783641,0.4997043311595917,21.953125,0.0004188916936982,0.3755754232406616,22.671875,24.98519897460937,0.45380699634552,1018.0425643920898,19.298311233520508
2024-04-10 13:13:49,0.0016477517783641,0.4997043311595917,21.953125,0.0004188916936982,0.3755754232406616,22.671875,24.98519897460937,0.45380699634552,1018.0425643920898,19.298311233520508
2024-04-10 13:13:50,0.0016477517783641,0.4997043311595917,21.953125,0.0004188916936982,0.3755754232406616,22.671875,24.98519897460937,0.45380699634552,1018.0893993377686,19.298311233520508
2024-04-10 13:13:51,0.0016477517783641,0.4997043311595917,21.953125,0.0004188916936982,0.3755754232406616,22.671875,24.96221923828125,0.45380699634552,1018.0893993377686,19.298311233520508
2024-04-10 13:13:52,0.0016477517783641,0.4997043311595917,21.953125,0.0004188916936982,0.3755754232406616,22.671875,24.96221923828125,0.45380699634552,1018.0893993377686,19.298311233520508
2024-04-10 13:13:53,0.0016477517783641,0.4997043311595917,21.953125,0.0006076569552533,0.4131329655647278,22.6953125,24.96221923828125,0.45380699634552,1018.0893993377686,19.298311233520508
2024-04-10 13:13:54,0.0016477517783641,0.4997043311595917,21.953125,0.0006076569552533,0.4131329655647278,22.6953125,24.96221923828125,0.45380699634552,1018.0893993377686,19.29863739013672
2024-04-10 13:13:55,0.0016477517783641,0.4997043311595917,21.953125,0.0006076569552533,0.4131329655647278,22.6953125,24.96221923828125,0.45380699634552,1018.0893993377686,19.29863739013672
2024-04-10 13:13:56,0.0010059854248538,0.4612655341625213,22.0,0.0006076569552533,0.4131329655647278,22.6953125,24.96221923828125,0.45380699634552,1018.0893993377686,19.29863739013672
2024-04-10 13:13:57,0.0010059854248538,0.4612655341625213,22.0,0.0006076569552533,0.4131329655647278,22.6953125,24.96221923828125,0.45380699634552,1018.0893993377686,19.29863739013672
2024-04-10 13:13:58,0.0010059854248538,0.4612655341625213,22.0,0.0006076569552533,0.4131329655647278,22.6953125,24.96221923828125,0.45380699634552,1018.0705738067628,19.29863739013672
2024-04-10 13:13:59,0.0010059854248538,0.4612655341625213,22.0,0.0006076569552533,0.4131329655647278,22.6953125,24.96221923828125,0.45380699634552,1018.0705738067628,19.29863739013672
2024-04-10 13:14:00,0.0010059854248538,0.4612655341625213,22.0,0.0006076569552533,0.4131329655647278,22.6953125,25.036163330078125,0.45380699634552,1018.0705738067628,19.29863739013672
2024-04-10 13:14:01,0.0010059854248538,0.4612655341625213,22.0,0.0006076569552533,0.4131329655647278,22.6953125,25.036163330078125,0.45380699634552,1018.0705738067628,19.29863739013672
2024-04-10 13:14:02,0.0010059854248538,0.4612655341625213,22.0,0.0010337240528315,0.4131329655647278,22.6953125,25.036163330078125,0.45380699634552,1018.0705738067628,19.29863739013672
2024-04-10 13:14:03,0.0010059854248538,0.4612655341625213,22.0,0.0010337240528315,0.4131329655647278,22.6953125,25.036163330078125,0.45380699634552,1018.0705738067628,19.29718399047852
2024-04-10 13:14:04,0.0008554746164008,0.422826737165451,22.0234375,0.0010337240528315,0.4131329655647278,22.6953125,25.036163330078125,0.45380699634552,1018.0705738067628,19.29718399047852
2024-04-10 13:14:05,0.0008554746164008,0.422826737165451,22.0234375,0.0010337240528315,0.4131329655647278,22.6953125,25.036163330078125,0.45380699634552,1018.1273078918456,19.29718399047852
2024-04-10 13:14:06,0.0008554746164008,0.422826737165451,22.0234375,0.0010337240528315,0.4131329655647278,22.6953125,25.036163330078125,0.45380699634552,1018.1273078918456,19.29718399047852
2024-04-10 13:14:07,0.0008554746164008,0.422826737165451,22.0234375,0.0010337240528315,0.4131329655647278,22.6953125,25.103546142578125,0.45380699634552,1018.1273078918456,19.29718399047852
2024-04-10 13:14:08,0.0008554746164008,0.422826737165451,22.0234375,0.0010337240528315,0.4131329655647278,22.6953125,25.103546142578125,0.45380699634552,1018.1273078918456,19.29718399047852
2024-04-10 13:14:09,0.0008554746164008,0.422826737165451,22.0234375,0.0004742930468637,0.4506905078887939,22.703125,25.103546142578125,0.45380699634552,1018.1273078918456,19.29718399047852
2024-04-10 13:14:10,0.0008554746164008,0.422826737165451,22.0234375,0.0004742930468637,0.4506905078887939,22.703125,25.103546142578125,0.45380699634552,1018.1273078918456,19.289453506469727
2024-04-10 13:14:11,0.0008554746164008,0.422826737165451,22.0234375,0.0004742930468637,0.4506905078887939,22.703125,25.103546142578125,0.45380699634552,1018.1273078918456,19.289453506469727
2024-04-10 13:14:12,0.0007491591968573,0.4612655341625213,22.046875,0.0004742930468637,0.4506905078887939,22.703125,25.103546142578125,0.45380699634552,1018.1273078918456,19.289453506469727
2024-04-10 13:14:13,0.0007491591968573,0.4612655341625213,22.046875,0.0004742930468637,0.4506905078887939,22.703125,25.103546142578125,0.45380699634552,1018.1169509887696,19.289453506469727
2024-04-10 13:14:14,0.0007491591968573,0.4612655341625213,22.046875,0.0004742930468637,0.4506905078887939,22.703125,25.103546142578125,0.45380699634552,1018.1169509887696,19.289453506469727
2024-04-10 13:14:15,0.0007491591968573,0.4612655341625213,22.046875,0.0004742930468637,0.4506905078887939,22.703125,25.162261962890625,0.45380699634552,1018.1169509887696,19.289453506469727
2024-04-10 13:14:16,0.0007491591968573,0.4612655341625213,22.046875,0.0004742930468637,0.4506905078887939,22.703125,25.162261962890625,0.45380699634552,1018.1169509887696,19.289453506469727
2024-04-10 13:14:17,0.0007491591968573,0.4612655341625213,22.046875,0.0006443795282393,0.4131329655647278,22.7109375,25.162261962890625,0.4522082507610321,1018.1169509887696,19.289453506469727
2024-04-10 13:14:18,0.0007491591968573,0.4612655341625213,22.046875,0.0006443795282393,0.4131329655647278,22.7109375,25.162261962890625,0.4522082507610321,1018.1169509887696,19.29450035095215
2024-04-10 13:14:19,0.0007491591968573,0.4612655341625213,22.046875,0.0006443795282393,0.4131329655647278,22.7109375,25.162261962890625,0.4522082507610321,1018.1169509887696,19.29450035095215
2024-04-10 13:14:20,0.0008792654261924,0.4612655341625213,22.09375,0.0006443795282393,0.4131329655647278,22.7109375,25.162261962890625,0.4522082507610321,1018.1169509887696,19.29450035095215
2024-04-10 13:14:21,0.0008792654261924,0.4612655341625213,22.09375,0.0006443795282393,0.4131329655647278,22.7109375,25.162261962890625,0.4522082507610321,1018.1169509887696,19.29450035095215
2024-04-10 13:14:22,0.0008792654261924,0.4612655341625213,22.09375,0.0006443795282393,0.4131329655647278,22.7109375,25.162261962890625,0.4522082507610321,1018.1169509887696,19.29450035095215
2024-04-10 13:14:23,0.0008792654261924,0.4612655341625213,22.09375,0.0006443795282393,0.4131329655647278,22.7109375,25.162261962890625,0.4522082507610321,1018.1169509887696,19.29450035095215
2024-04-10 13:14:24,0.0008792654261924,0.4612655341625213,22.09375,0.0006443795282393,0.4131329655647278,22.7109375,25.162261962890625,0.4522082507610321,1018.1169509887696,19.29450035095215
2024-04-10 13:14:25,0.0008792654261924,0.4612655341625213,22.09375,0.000453186512459,0.4882480502128601,22.71875,25.185760498046875,0.4522082507610321,1018.1169509887696,19.30042266845703
2024-04-10 13:14:26,0.0008792654261924,0.4612655341625213,22.09375,0.000453186512459,0.4882480502128601,22.71875,25.185760498046875,0.4522082507610321,1018.0523777008056,19.30042266845703
2024-04-10 13:14:27,0.0008792654261924,0.4612655341625213,22.09375,0.000453186512459,0.4882480502128601,22.71875,25.185760498046875,0.4522082507610321,1018.0523777008056,19.30042266845703
2024-04-10 13:14:28,0.0012119819875806,0.4612655341625213,22.1484375,0.000453186512459,0.4882480502128601,22.71875,25.185760498046875,0.4522082507610321,1018.0523777008056,19.30042266845703
2024-04-10 13:14:29,0.0012119819875806,0.4612655341625213,22.1484375,0.000453186512459,0.4882480502128601,22.71875,25.185760498046875,0.4522082507610321,1018.0523777008056,19.30042266845703
2024-04-10 13:14:30,0.0012119819875806,0.4612655341625213,22.1484375,0.000453186512459,0.4882480502128601,22.71875,25.185760498046875,0.4522082507610321,1018.0523777008056,19.30042266845703
2024-04-10 13:14:31,0.0012119819875806,0.4612655341625213,22.1484375,0.000453186512459,0.4882480502128601,22.71875,25.242645263671875,0.4522082507610321,1018.0825901031494,19.30042266845703
2024-04-10 13:14:32,0.0012119819875806,0.4612655341625213,22.1484375,0.000453186512459,0.4882480502128601,22.71875,25.242645263671875,0.4522082507610321,1018.0825901031494,19.30042266845703
2024-04-10 13:14:33,0.0012119819875806,0.4612655341625213,22.1484375,0.0005448903539218,0.4506905078887939,22.7265625,25.242645263671875,0.4522082507610321,1018.0825901031494,19.309497833251957
2024-04-10 13:14:34,0.0012119819875806,0.4612655341625213,22.1484375,0.0005448903539218,0.4506905078887939,22.7265625,25.242645263671875,0.4522082507610321,1018.0825901031494,19.309497833251957
2024-04-10 13:14:35,0.0012119819875806,0.4612655341625213,22.1484375,0.0005448903539218,0.4506905078887939,22.7265625,25.242645263671875,0.4522082507610321,1018.0825901031494,19.309497833251957
2024-04-10 13:14:36,0.0012119819875806,0.4612655341625213,22.1484375,0.0005448903539218,0.4506905078887939,22.7265625,25.242645263671875,0.4522082507610321,1018.0825901031494,19.309497833251957
2024-04-10 13:14:37,0.0012790613109245,0.4997043311595917,22.171875,0.0005448903539218,0.4506905078887939,22.7265625,25.242645263671875,0.4522082507610321,1018.0812740325928,19.309497833251957
2024-04-10 13:14:38,0.0012790613109245,0.4997043311595917,22.171875,0.0005448903539218,0.4506905078887939,22.7265625,25.257843017578125,0.4522082507610321,1018.0812740325928,19.309497833251957
2024-04-10 13:14:39,0.0012790613109245,0.4997043311595917,22.171875,0.0005448903539218,0.4506905078887939,22.7265625,25.257843017578125,0.4522082507610321,1018.0812740325928,19.309497833251957
2024-04-10 13:14:40,0.0012790613109245,0.4997043311595917,22.171875,0.0005448903539218,0.4506905078887939,22.7265625,25.257843017578125,0.4522082507610321,1018.0812740325928,19.309497833251957
2024-04-10 13:14:41,0.0012790613109245,0.4997043311595917,22.171875,0.0004271430370863,0.4131329655647278,22.734375,25.257843017578125,0.4522082507610321,1018.0812740325928,19.320261001586918
2024-04-10 13:14:42,0.0012790613109245,0.4997043311595917,22.171875,0.0004271430370863,0.4131329655647278,22.734375,25.257843017578125,0.4522082507610321,1018.0812740325928,19.320261001586918
2024-04-10 13:14:43,0.0012790613109245,0.4997043311595917,22.171875,0.0004271430370863,0.4131329655647278,22.734375,25.257843017578125,0.4522082507610321,1018.0812740325928,19.320261001586918
2024-04-10 13:14:44,0.0009084242628887,0.4612655341625213,22.1875,0.0004271430370863,0.4131329655647278,22.734375,25.257843017578125,0.4522082507610321,1018.0812740325928,19.320261001586918
2024-04-10 13:14:45,0.0009084242628887,0.4612655341625213,22.1875,0.0004271430370863,0.4131329655647278,22.734375,25.257843017578125,0.4522082507610321,1018.0812740325928,19.320261001586918
2024-04-10 13:14:46,0.0009084242628887,0.4612655341625213,22.1875,0.0004271430370863,0.4131329655647278,22.734375,25.257843017578125,0.4522082507610321,1018.0799293518066,19.320261001586918
2024-04-10 13:14:47,0.0009084242628887,0.4612655341625213,22.1875,0.0004271430370863,0.4131329655647278,22.734375,25.28826904296875,0.4522082507610321,1018.0799293518066,19.320261001586918
2024-04-10 13:14:48,0.0009084242628887,0.4612655341625213,22.1875,0.0004271430370863,0.4131329655647278,22.734375,25.28826904296875,0.4522082507610321,1018.0799293518066,19.320261001586918
2024-04-10 13:14:49,0.0009084242628887,0.4612655341625213,22.1875,0.0004271430370863,0.4131329655647278,22.734375,25.28826904296875,0.4522082507610321,1018.0799293518066,19.320261001586918
2024-04-10 13:14:50,0.0009084242628887,0.4612655341625213,22.1875,0.0002304471272509,0.4506905078887939,22.71875,25.28826904296875,0.4522082507610321,1018.0799293518066,19.320261001586918
2024-04-10 13:14:51,0.0009084242628887,0.4612655341625213,22.1875,0.0002304471272509,0.4506905078887939,22.71875,25.28826904296875,0.4522082507610321,1018.0799293518066,19.31935691833496
2024-04-10 13:14:52,0.0006816773675382,0.4612655341625213,22.25,0.0002304471272509,0.4506905078887939,22.71875,25.28826904296875,0.4522082507610321,1018.0799293518066,19.31935691833496
2024-04-10 13:14:53,0.0006816773675382,0.4612655341625213,22.25,0.0002304471272509,0.4506905078887939,22.71875,25.28826904296875,0.4522082507610321,1018.0799293518066,19.31935691833496
2024-04-10 13:14:54,0.0006816773675382,0.4612655341625213,22.25,0.0002304471272509,0.4506905078887939,22.71875,25.28826904296875,0.4522082507610321,1018.0811309814452,19.31935691833496
2024-04-10 13:14:55,0.0006816773675382,0.4612655341625213,22.25,0.0002304471272509,0.4506905078887939,22.71875,25.28826904296875,0.4522082507610321,1018.0811309814452,19.31935691833496
2024-04-10 13:14:56,0.0006816773675382,0.4612655341625213,22.25,0.0002304471272509,0.4506905078887939,22.71875,25.363311767578125,0.4522082507610321,1018.0811309814452,19.31935691833496
2024-04-10 13:14:57,0.0006816773675382,0.4612655341625213,22.25,0.0008557584951631,0.4882480502128601,22.7421875,25.363311767578125,0.4522082507610321,1018.0811309814452,19.31935691833496
2024-04-10 13:14:58,0.0006816773675382,0.4612655341625213,22.25,0.0008557584951631,0.4882480502128601,22.7421875,25.363311767578125,0.4522082507610321,1018.0811309814452,19.316238403320312
2024-04-10 13:14:59,0.0006816773675382,0.4612655341625213,22.25,0.0008557584951631,0.4882480502128601,22.7421875,25.363311767578125,0.4522082507610321,1018.0811309814452,19.316238403320312
2024-04-10 13:15:00,0.0012618278851732,0.422826737165451,22.28125,0.0008557584951631,0.4882480502128601,22.7421875,25.363311767578125,0.4522082507610321,1018.0811309814452,19.316238403320312
2024-04-10 13:15:01,0.0012618278851732,0.422826737165451,22.28125,0.0008557584951631,0.4882480502128601,22.7421875,25.363311767578125,0.4522082507610321,1018.0741214752196,19.316238403320312
2024-04-10 13:15:02,0.0012618278851732,0.422826737165451,22.28125,0.0008557584951631,0.4882480502128601,22.7421875,25.363311767578125,0.4522082507610321,1018.0741214752196,19.316238403320312
2024-04-10 13:15:03,0.0012618278851732,0.422826737165451,22.28125,0.0008557584951631,0.4882480502128601,22.7421875,25.4552001953125,0.4522082507610321,1018.0741214752196,19.316238403320312
2024-04-10 13:15:04,0.0012618278851732,0.422826737165451,22.28125,0.0008557584951631,0.4882480502128601,22.7421875,25.4552001953125,0.4522082507610321,1018.0741214752196,19.316238403320312
2024-04-10 13:15:05,0.0012618278851732,0.422826737165451,22.28125,0.0005537599208764,0.4506905078887939,22.75,25.4552001953125,0.4522082507610321,1018.0741214752196,19.316238403320312
2024-04-10 13:15:06,0.0012618278851732,0.422826737165451,22.28125,0.0005537599208764,0.4506905078887939,22.75,25.4552001953125,0.4522082507610321,1018.0741214752196,19.327035903930664
2024-04-10 13:15:07,0.0012618278851732,0.422826737165451,22.28125,0.0005537599208764,0.4506905078887939,22.75,25.4552001953125,0.4522082507610321,1018.0741214752196,19.327035903930664
2024-04-10 13:15:08,0.0015267033595591,0.4612655341625213,22.3125,0.0005537599208764,0.4506905078887939,22.75,25.4552001953125,0.4522082507610321,1018.0741214752196,19.327035903930664
2024-04-10 13:15:09,0.0015267033595591,0.4612655341625213,22.3125,0.0005537599208764,0.4506905078887939,22.75,25.4552001953125,0.4522082507610321,1018.0741214752196,19.327035903930664
2024-04-10 13:15:10,0.0015267033595591,0.4612655341625213,22.3125,0.0005537599208764,0.4506905078887939,22.75,25.4552001953125,0.4522082507610321,1018.0889701843262,19.327035903930664
2024-04-10 13:15:11,0.0015267033595591,0.4612655341625213,22.3125,0.0005537599208764,0.4506905078887939,22.75,25.4552001953125,0.4522082507610321,1018.0889701843262,19.327035903930664
2024-04-10 13:15:12,0.0015267033595591,0.4612655341625213,22.3125,0.0005537599208764,0.4506905078887939,22.75,25.46078491210937,0.4522082507610321,1018.0889701843262,19.327035903930664
2024-04-10 13:15:13,0.0015267033595591,0.4612655341625213,22.3125,0.0005874554626643,0.4506905078887939,22.734375,25.46078491210937,0.4522082507610321,1018.0889701843262,19.327035903930664
2024-04-10 13:15:14,0.0015267033595591,0.4612655341625213,22.3125,0.0005874554626643,0.4506905078887939,22.734375,25.46078491210937,0.4522082507610321,1018.0889701843262,19.330446243286133
2024-04-10 13:15:15,0.0015267033595591,0.4612655341625213,22.3125,0.0005874554626643,0.4506905078887939,22.734375,25.46078491210937,0.4522082507610321,1018.0889701843262,19.330446243286133
2024-04-10 13:15:16,0.0009863568702712,0.4612655341625213,22.390625,0.0005874554626643,0.4506905078887939,22.734375,25.46078491210937,0.4522082507610321,1018.0889701843262,19.330446243286133
2024-04-10 13:15:17,0.0009863568702712,0.4612655341625213,22.390625,0.0005874554626643,0.4506905078887939,22.734375,25.46078491210937,0.4522082507610321,1018.0889701843262,19.330446243286133
2024-04-10 13:15:18,0.0009863568702712,0.4612655341625213,22.390625,0.0005874554626643,0.4506905078887939,22.734375,25.46078491210937,0.450414627790451,1018.1219291687012,19.330446243286133
2024-04-10 13:15:19,0.0009863568702712,0.4612655341625213,22.390625,0.0005874554626643,0.4506905078887939,22.734375,25.504638671875,0.450414627790451,1018.1219291687012,19.330446243286133
2024-04-10 13:15:20,0.0009863568702712,0.4612655341625213,22.390625,0.0005874554626643,0.4506905078887939,22.734375,25.504638671875,0.450414627790451,1018.1219291687012,19.330446243286133
2024-04-10 13:15:21,0.0009863568702712,0.4612655341625213,22.390625,0.0005874554626643,0.4506905078887939,22.734375,25.504638671875,0.450414627790451,1018.1219291687012,19.330446243286133
2024-04-10 13:15:22,0.0009863568702712,0.4612655341625213,22.390625,0.0006388211622834,0.4131329655647278,22.734375,25.504638671875,0.450414627790451,1018.1219291687012,19.317073822021484
2024-04-10 13:15:23,0.0009863568702712,0.4612655341625213,22.390625,0.0006388211622834,0.4131329655647278,22.734375,25.504638671875,0.450414627790451,1018.1219291687012,19.317073822021484
2024-04-10 13:15:24,0.0013315773103386,0.422826737165451,22.3828125,0.0006388211622834,0.4131329655647278,22.734375,25.504638671875,0.450414627790451,1018.1219291687012,19.317073822021484
2024-04-10 13:15:25,0.0013315773103386,0.422826737165451,22.3828125,0.0006388211622834,0.4131329655647278,22.734375,25.504638671875,0.450414627790451,1018.0759811401368,19.317073822021484
2024-04-10 13:15:26,0.0013315773103386,0.422826737165451,22.3828125,0.0006388211622834,0.4131329655647278,22.734375,25.504638671875,0.450414627790451,1018.0759811401368,19.317073822021484
2024-04-10 13:15:27,0.0013315773103386,0.422826737165451,22.3828125,0.0006388211622834,0.4131329655647278,22.734375,25.5272216796875,0.450414627790451,1018.0759811401368,19.317073822021484
2024-04-10 13:15:28,0.0013315773103386,0.422826737165451,22.3828125,0.0006388211622834,0.4131329655647278,22.734375,25.5272216796875,0.450414627790451,1018.0759811401368,19.317073822021484
2024-04-10 13:15:29,0.0013315773103386,0.422826737165451,22.3828125,0.0004348022339399,0.4882480502128601,22.75,25.5272216796875,0.450414627790451,1018.0759811401368,19.317073822021484
2024-04-10 13:15:30,0.0013315773103386,0.422826737165451,22.3828125,0.0004348022339399,0.4882480502128601,22.75,25.5272216796875,0.450414627790451,1018.0759811401368,19.31715965270996
2024-04-10 13:15:31,0.0013315773103386,0.422826737165451,22.3828125,0.0004348022339399,0.4882480502128601,22.75,25.5272216796875,0.450414627790451,1018.0759811401368,19.31715965270996
2024-04-10 13:15:32,0.0013736470136791,0.4997043311595917,22.4296875,0.0004348022339399,0.4882480502128601,22.75,25.5272216796875,0.450414627790451,1018.0759811401368,19.31715965270996
2024-04-10 13:15:33,0.0013736470136791,0.4997043311595917,22.4296875,0.0004348022339399,0.4882480502128601,22.75,25.5272216796875,0.450414627790451,1018.0759811401368,19.31715965270996
2024-04-10 13:15:34,0.0013736470136791,0.4997043311595917,22.4296875,0.0004348022339399,0.4882480502128601,22.75,25.5272216796875,0.450414627790451,1018.0759811401368,19.31715965270996
2024-04-10 13:15:35,0.0013736470136791,0.4997043311595917,22.4296875,0.0004348022339399,0.4882480502128601,22.75,25.5272216796875,0.450414627790451,1018.0759811401368,19.31715965270996
2024-04-10 13:15:36,0.0013736470136791,0.4997043311595917,22.4296875,0.0004348022339399,0.4882480502128601,22.75,25.5272216796875,0.450414627790451,1018.0759811401368,19.31715965270996
2024-04-10 13:15:37,0.0013736470136791,0.4997043311595917,22.4296875,0.0006671624141745,0.4506905078887939,22.7734375,25.50982666015625,0.450414627790451,1018.0474853515624,19.31715965270996
2024-04-10 13:15:38,0.0013736470136791,0.4997043311595917,22.4296875,0.0006671624141745,0.4506905078887939,22.7734375,25.50982666015625,0.450414627790451,1018.0474853515624,19.31715965270996
2024-04-10 13:15:39,0.0013736470136791,0.4997043311595917,22.4296875,0.0006671624141745,0.4506905078887939,22.7734375,25.50982666015625,0.450414627790451,1018.0474853515624,19.327259063720703
2024-04-10 13:15:40,0.000833437370602,0.4612655341625213,22.46875,0.0006671624141745,0.4506905078887939,22.7734375,25.50982666015625,0.450414627790451,1018.0474853515624,19.327259063720703
2024-04-10 13:15:41,0.000833437370602,0.4612655341625213,22.46875,0.0006671624141745,0.4506905078887939,22.7734375,25.50982666015625,0.450414627790451,1018.0474853515624,19.327259063720703
2024-04-10 13:15:42,0.000833437370602,0.4612655341625213,22.46875,0.0006671624141745,0.4506905078887939,22.7734375,25.59872436523437,0.450414627790451,1018.0924320220948,19.327259063720703
2024-04-10 13:15:43,0.000833437370602,0.4612655341625213,22.46875,0.0006671624141745,0.4506905078887939,22.7734375,25.59872436523437,0.450414627790451,1018.0924320220948,19.327259063720703
2024-04-10 13:15:44,0.000833437370602,0.4612655341625213,22.46875,0.0006671624141745,0.4506905078887939,22.7734375,25.59872436523437,0.450414627790451,1018.0924320220948,19.327259063720703
2024-04-10 13:15:45,0.000833437370602,0.4612655341625213,22.46875,0.0006185873062349,0.4131329655647278,22.7890625,25.59872436523437,0.450414627790451,1018.0924320220948,19.32672119140625
2024-04-10 13:15:46,0.000833437370602,0.4612655341625213,22.46875,0.0006185873062349,0.4131329655647278,22.7890625,25.59872436523437,0.450414627790451,1018.0924320220948,19.32672119140625
2024-04-10 13:15:47,0.000833437370602,0.4612655341625213,22.46875,0.0006185873062349,0.4131329655647278,22.7890625,25.59872436523437,0.450414627790451,1018.0924320220948,19.32672119140625
2024-04-10 13:15:48,0.0008507770835421,0.422826737165451,22.515625,0.0006185873062349,0.4131329655647278,22.7890625,25.59872436523437,0.450414627790451,1018.0924320220948,19.32672119140625
2024-04-10 13:15:49,0.0008507770835421,0.422826737165451,22.515625,0.0006185873062349,0.4131329655647278,22.7890625,25.59872436523437,0.450414627790451,1018.0924320220948,19.32672119140625
2024-04-10 13:15:50,0.0008507770835421,0.422826737165451,22.515625,0.0006185873062349,0.4131329655647278,22.7890625,25.59872436523437,0.450414627790451,1018.0924320220948,19.32672119140625
2024-04-10 13:15:51,0.0008507770835421,0.422826737165451,22.515625,0.0006185873062349,0.4131329655647278,22.7890625,25.59872436523437,0.450414627790451,1018.1057357788086,19.32672119140625
2024-04-10 13:15:52,0.0008507770835421,0.422826737165451,22.515625,0.0006185873062349,0.4131329655647278,22.7890625,25.59872436523437,0.450414627790451,1018.1057357788086,19.32672119140625
2024-04-10 13:15:53,0.0008507770835421,0.422826737165451,22.515625,0.0007039938354864,0.4882480502128601,22.78125,25.647918701171875,0.450414627790451,1018.1057357788086,19.32672119140625
2024-04-10 13:15:54,0.0008507770835421,0.422826737165451,22.515625,0.0007039938354864,0.4882480502128601,22.78125,25.647918701171875,0.450414627790451,1018.1057357788086,19.32672119140625
2024-04-10 13:15:55,0.0008507770835421,0.422826737165451,22.515625,0.0007039938354864,0.4882480502128601,22.78125,25.647918701171875,0.450414627790451,1018.1057357788086,19.32613754272461
2024-04-10 13:15:56,0.0011647545034065,0.4997043311595917,22.5234375,0.0007039938354864,0.4882480502128601,22.78125,25.647918701171875,0.450414627790451,1018.1057357788086,19.32613754272461
2024-04-10 13:15:57,0.0011647545034065,0.4997043311595917,22.5234375,0.0007039938354864,0.4882480502128601,22.78125,25.647918701171875,0.450414627790451,1018.1057357788086,19.32613754272461
2024-04-10 13:15:58,0.0011647545034065,0.4997043311595917,22.5234375,0.0007039938354864,0.4882480502128601,22.78125,25.6668701171875,0.450414627790451,1018.041820526123,19.32613754272461
2024-04-10 13:15:59,0.0011647545034065,0.4997043311595917,22.5234375,0.0007039938354864,0.4882480502128601,22.78125,25.6668701171875,0.450414627790451,1018.041820526123,19.32613754272461
2024-04-10 13:16:00,0.0011647545034065,0.4997043311595917,22.5234375,0.0007039938354864,0.4882480502128601,22.78125,25.6668701171875,0.450414627790451,1018.041820526123,19.32613754272461
2024-04-10 13:16:01,0.0011647545034065,0.4997043311595917,22.5234375,0.0007572527392767,0.4131329655647278,22.78125,25.6668701171875,0.450414627790451,1018.041820526123,19.32613754272461
2024-04-10 13:16:02,0.0011647545034065,0.4997043311595917,22.5234375,0.0007572527392767,0.4131329655647278,22.78125,25.6668701171875,0.450414627790451,1018.041820526123,19.32613754272461
2024-04-10 13:16:03,0.0015622372739017,0.422826737165451,22.5625,0.0007572527392767,0.4131329655647278,22.78125,25.6668701171875,0.450414627790451,1018.041820526123,19.32452392578125
2024-04-10 13:16:04,0.0015622372739017,0.422826737165451,22.5625,0.0007572527392767,0.4131329655647278,22.78125,25.6668701171875,0.450414627790451,1018.041820526123,19.32452392578125
2024-04-10 13:16:05,0.0015622372739017,0.422826737165451,22.5625,0.0007572527392767,0.4131329655647278,22.78125,25.6668701171875,0.450414627790451,1018.041820526123,19.32452392578125
2024-04-10 13:16:06,0.0015622372739017,0.422826737165451,22.5625,0.0007572527392767,0.4131329655647278,22.78125,25.6668701171875,0.450414627790451,1018.08030128479,19.32452392578125
2024-04-10 13:16:07,0.0015622372739017,0.422826737165451,22.5625,0.0007572527392767,0.4131329655647278,22.78125,25.6668701171875,0.450414627790451,1018.08030128479,19.32452392578125
2024-04-10 13:16:08,0.0015622372739017,0.422826737165451,22.5625,0.0007572527392767,0.4131329655647278,22.78125,25.68365478515625,0.450414627790451,1018.08030128479,19.32452392578125
2024-04-10 13:16:09,0.0015622372739017,0.422826737165451,22.5625,0.0004088874848093,0.4506905078887939,22.78125,25.68365478515625,0.450414627790451,1018.08030128479,19.32452392578125
2024-04-10 13:16:10,0.0015622372739017,0.422826737165451,22.5625,0.0004088874848093,0.4506905078887939,22.78125,25.68365478515625,0.450414627790451,1018.08030128479,19.33491516113281
2024-04-10 13:16:11,0.0015622372739017,0.422826737165451,22.5625,0.0004088874848093,0.4506905078887939,22.78125,25.68365478515625,0.450414627790451,1018.08030128479,19.33491516113281
2024-04-10 13:16:12,0.0009475020924583,0.422826737165451,22.625,0.0004088874848093,0.4506905078887939,22.78125,25.68365478515625,0.450414627790451,1018.08030128479,19.33491516113281
2024-04-10 13:16:13,0.0009475020924583,0.422826737165451,22.625,0.0004088874848093,0.4506905078887939,22.78125,25.68365478515625,0.450414627790451,1018.0584144592284,19.33491516113281
2024-04-10 13:16:14,0.0009475020924583,0.422826737165451,22.625,0.0004088874848093,0.4506905078887939,22.78125,25.68365478515625,0.450414627790451,1018.0584144592284,19.33491516113281
2024-04-10 13:16:15,0.0009475020924583,0.422826737165451,22.625,0.0004088874848093,0.4506905078887939,22.78125,25.721343994140625,0.450414627790451,1018.0584144592284,19.33491516113281
2024-04-10 13:16:16,0.0009475020924583,0.422826737165451,22.625,0.0004088874848093,0.4506905078887939,22.78125,25.721343994140625,0.4486104547977447,1018.0584144592284,19.33491516113281
2024-04-10 13:16:17,0.0009475020924583,0.422826737165451,22.625,0.0006182385259307,0.4131329655647278,22.796875,25.721343994140625,0.4486104547977447,1018.0584144592284,19.33491516113281
2024-04-10 13:16:18,0.0009475020924583,0.422826737165451,22.625,0.0006182385259307,0.4131329655647278,22.796875,25.721343994140625,0.4486104547977447,1018.0584144592284,19.34534072875977
2024-04-10 13:16:19,0.0010176070500165,0.4612655341625213,22.6328125,0.0006182385259307,0.4131329655647278,22.796875,25.721343994140625,0.4486104547977447,1018.0584144592284,19.34534072875977
2024-04-10 13:16:20,0.0010176070500165,0.4612655341625213,22.6328125,0.0006182385259307,0.4131329655647278,22.796875,25.721343994140625,0.4486104547977447,1018.0584144592284,19.34534072875977
2024-04-10 13:16:21,0.0010176070500165,0.4612655341625213,22.6328125,0.0006182385259307,0.4131329655647278,22.796875,25.721343994140625,0.4486104547977447,1018.0795001983644,19.34534072875977
2024-04-10 13:16:22,0.0010176070500165,0.4612655341625213,22.6328125,0.0006182385259307,0.4131329655647278,22.796875,25.721343994140625,0.4486104547977447,1018.0795001983644,19.34534072875977
2024-04-10 13:16:23,0.0010176070500165,0.4612655341625213,22.6328125,0.0006182385259307,0.4131329655647278,22.796875,25.798858642578125,0.4486104547977447,1018.0795001983644,19.34534072875977
2024-04-10 13:16:24,0.0010176070500165,0.4612655341625213,22.6328125,0.0006182385259307,0.4131329655647278,22.796875,25.798858642578125,0.4486104547977447,1018.0795001983644,19.34534072875977
2024-04-10 13:16:25,0.0010176070500165,0.4612655341625213,22.6328125,0.0004006916424259,0.4506905078887939,22.8125,25.798858642578125,0.4486104547977447,1018.0795001983644,19.34534072875977
2024-04-10 13:16:26,0.0010176070500165,0.4612655341625213,22.6328125,0.0004006916424259,0.4506905078887939,22.8125,25.798858642578125,0.4486104547977447,1018.0795001983644,19.351131439208984
2024-04-10 13:16:27,0.0010176070500165,0.4612655341625213,22.6328125,0.0004006916424259,0.4506905078887939,22.8125,25.798858642578125,0.4486104547977447,1018.0795001983644,19.351131439208984
2024-04-10 13:16:28,0.0008078090031631,0.4997043311595917,22.6796875,0.0004006916424259,0.4506905078887939,22.8125,25.798858642578125,0.4486104547977447,1018.0795001983644,19.351131439208984
2024-04-10 13:16:29,0.0008078090031631,0.4997043311595917,22.6796875,0.0004006916424259,0.4506905078887939,22.8125,25.798858642578125,0.4486104547977447,1018.0795001983644,19.351131439208984
2024-04-10 13:16:30,0.0008078090031631,0.4997043311595917,22.6796875,0.0004006916424259,0.4506905078887939,22.8125,25.798858642578125,0.4486104547977447,1018.0882549285888,19.351131439208984
2024-04-10 13:16:31,0.0008078090031631,0.4997043311595917,22.6796875,0.0004006916424259,0.4506905078887939,22.8125,25.8438720703125,0.4486104547977447,1018.0882549285888,19.351131439208984
2024-04-10 13:16:32,0.0008078090031631,0.4997043311595917,22.6796875,0.0004006916424259,0.4506905078887939,22.8125,25.8438720703125,0.4486104547977447,1018.0882549285888,19.351131439208984
2024-04-10 13:16:33,0.0008078090031631,0.4997043311595917,22.6796875,0.0005070354091003,0.4131329655647278,22.8125,25.8438720703125,0.4486104547977447,1018.0882549285888,19.351131439208984
2024-04-10 13:16:34,0.0008078090031631,0.4997043311595917,22.6796875,0.0005070354091003,0.4131329655647278,22.8125,25.8438720703125,0.4486104547977447,1018.0882549285888,19.33730125427246
2024-04-10 13:16:35,0.0008078090031631,0.4997043311595917,22.6796875,0.0005070354091003,0.4131329655647278,22.8125,25.8438720703125,0.4486104547977447,1018.0882549285888,19.33730125427246
2024-04-10 13:16:36,0.0013490748824551,0.4997043311595917,22.71875,0.0005070354091003,0.4131329655647278,22.8125,25.8438720703125,0.4486104547977447,1018.0882549285888,19.33730125427246
2024-04-10 13:16:37,0.0013490748824551,0.4997043311595917,22.71875,0.0005070354091003,0.4131329655647278,22.8125,25.8438720703125,0.4486104547977447,1018.0882549285888,19.33730125427246
2024-04-10 13:16:38,0.0013490748824551,0.4997043311595917,22.71875,0.0005070354091003,0.4131329655647278,22.8125,25.8438720703125,0.4486104547977447,1018.0882549285888,19.33730125427246
2024-04-10 13:16:39,0.0013490748824551,0.4997043311595917,22.71875,0.0005070354091003,0.4131329655647278,22.8125,25.874755859375,0.4486104547977447,1018.0466842651368,19.33730125427246
2024-04-10 13:16:40,0.0013490748824551,0.4997043311595917,22.71875,0.0005070354091003,0.4131329655647278,22.8125,25.874755859375,0.4486104547977447,1018.0466842651368,19.33730125427246
2024-04-10 13:16:41,0.0013490748824551,0.4997043311595917,22.71875,0.0005070354091003,0.4131329655647278,22.8125,25.874755859375,0.4486104547977447,1018.0466842651368,19.346479415893555
2024-04-10 13:16:42,0.0013490748824551,0.4997043311595917,22.71875,0.0005438482039608,0.4131329655647278,22.8203125,25.874755859375,0.4486104547977447,1018.0466842651368,19.346479415893555
2024-04-10 13:16:43,0.0013490748824551,0.4997043311595917,22.71875,0.0005438482039608,0.4131329655647278,22.8203125,25.874755859375,0.4486104547977447,1018.0466842651368,19.346479415893555
2024-04-10 13:16:44,0.0007626235601492,0.4612655341625213,22.765625,0.0005438482039608,0.4131329655647278,22.8203125,25.874755859375,0.4486104547977447,1018.0466842651368,19.346479415893555
2024-04-10 13:16:45,0.0007626235601492,0.4612655341625213,22.765625,0.0005438482039608,0.4131329655647278,22.8203125,25.874755859375,0.4486104547977447,1018.0466842651368,19.346479415893555
2024-04-10 13:16:46,0.0007626235601492,0.4612655341625213,22.765625,0.0005438482039608,0.4131329655647278,22.8203125,25.874755859375,0.4486104547977447,1018.0466842651368,19.346479415893555
2024-04-10 13:16:47,0.0007626235601492,0.4612655341625213,22.765625,0.0005438482039608,0.4131329655647278,22.8203125,25.874755859375,0.4486104547977447,1018.0643367767334,19.346479415893555
2024-04-10 13:16:48,0.0007626235601492,0.4612655341625213,22.765625,0.0005438482039608,0.4131329655647278,22.8203125,25.874755859375,0.4486104547977447,1018.0643367767334,19.346479415893555
2024-04-10 13:16:49,0.0007626235601492,0.4612655341625213,22.765625,0.0005438482039608,0.4131329655647278,22.8203125,25.894744873046875,0.4486104547977447,1018.0643367767334,19.346479415893555
2024-04-10 13:16:50,0.0007626235601492,0.4612655341625213,22.765625,0.000612928008195,0.4131329655647278,22.828125,25.894744873046875,0.4486104547977447,1018.0643367767334,19.342267990112305
2024-04-10 13:16:51,0.0007626235601492,0.4612655341625213,22.765625,0.000612928008195,0.4131329655647278,22.828125,25.894744873046875,0.4486104547977447,1018.0643367767334,19.342267990112305
2024-04-10 13:16:52,0.0008586988551542,0.4612655341625213,22.78125,0.000612928008195,0.4131329655647278,22.828125,25.894744873046875,0.4486104547977447,1018.0643367767334,19.342267990112305
2024-04-10 13:16:53,0.0008586988551542,0.4612655341625213,22.78125,0.000612928008195,0.4131329655647278,22.828125,25.894744873046875,0.4486104547977447,1018.0643367767334,19.342267990112305
2024-04-10 13:16:54,0.0008586988551542,0.4612655341625213,22.78125,0.000612928008195,0.4131329655647278,22.828125,25.900665283203125,0.4486104547977447,1018.0712890625,19.342267990112305
2024-04-10 13:16:55,0.0008586988551542,0.4612655341625213,22.78125,0.000612928008195,0.4131329655647278,22.828125,25.900665283203125,0.4486104547977447,1018.0712890625,19.342267990112305
2024-04-10 13:16:56,0.0008586988551542,0.4612655341625213,22.78125,0.000612928008195,0.4131329655647278,22.828125,25.900665283203125,0.4486104547977447,1018.0712890625,19.342267990112305
2024-04-10 13:16:57,0.0008586988551542,0.4612655341625213,22.78125,0.0005305891972966,0.4131329655647278,22.828125,25.900665283203125,0.4486104547977447,1018.0712890625,19.342267990112305
2024-04-10 13:16:58,0.0008586988551542,0.4612655341625213,22.78125,0.0005305891972966,0.4131329655647278,22.828125,25.900665283203125,0.4486104547977447,1018.0712890625,19.342267990112305
2024-04-10 13:16:59,0.0008586988551542,0.4612655341625213,22.78125,0.0005305891972966,0.4131329655647278,22.828125,25.900665283203125,0.4486104547977447,1018.0712890625,19.33288955688477
2024-04-10 13:17:00,0.0009730739402584,0.4612655341625213,22.828125,0.0005305891972966,0.4131329655647278,22.828125,25.900665283203125,0.4486104547977447,1018.0712890625,19.33288955688477
2024-04-10 13:17:01,0.0009730739402584,0.4612655341625213,22.828125,0.0005305891972966,0.4131329655647278,22.828125,25.900665283203125,0.4486104547977447,1018.0712890625,19.33288955688477
2024-04-10 13:17:02,0.0009730739402584,0.4612655341625213,22.828125,0.0005305891972966,0.4131329655647278,22.828125,25.900665283203125,0.4486104547977447,1018.0946636199952,19.33288955688477
2024-04-10 13:17:03,0.0009730739402584,0.4612655341625213,22.828125,0.0005305891972966,0.4131329655647278,22.828125,25.900665283203125,0.4486104547977447,1018.0946636199952,19.33288955688477
2024-04-10 13:17:04,0.0009730739402584,0.4612655341625213,22.828125,0.0005305891972966,0.4131329655647278,22.828125,25.9312744140625,0.4486104547977447,1018.0946636199952,19.33288955688477
2024-04-10 13:17:05,0.0009730739402584,0.4612655341625213,22.828125,0.0002243328199256,0.4131329655647278,22.7890625,25.9312744140625,0.4486104547977447,1018.0946636199952,19.33288955688477
2024-04-10 13:17:06,0.0009730739402584,0.4612655341625213,22.828125,0.0002243328199256,0.4131329655647278,22.7890625,25.9312744140625,0.4486104547977447,1018.0946636199952,19.33288955688477
2024-04-10 13:17:07,0.0009730739402584,0.4612655341625213,22.828125,0.0002243328199256,0.4131329655647278,22.7890625,25.9312744140625,0.4486104547977447,1018.0946636199952,19.33747291564941
2024-04-10 13:17:08,0.000917142664548,0.4612655341625213,22.8515625,0.0002243328199256,0.4131329655647278,22.7890625,25.9312744140625,0.4486104547977447,1018.0946636199952,19.33747291564941
2024-04-10 13:17:09,0.000917142664548,0.4612655341625213,22.8515625,0.0002243328199256,0.4131329655647278,22.7890625,25.9312744140625,0.4486104547977447,1018.0946636199952,19.33747291564941
2024-04-10 13:17:10,0.000917142664548,0.4612655341625213,22.8515625,0.0002243328199256,0.4131329655647278,22.7890625,25.96688842773437,0.4486104547977447,1018.0946636199952,19.33747291564941
2024-04-10 13:17:11,0.000917142664548,0.4612655341625213,22.8515625,0.0002243328199256,0.4131329655647278,22.7890625,25.96688842773437,0.4486104547977447,1018.0678844451904,19.33747291564941
2024-04-10 13:17:12,0.000917142664548,0.4612655341625213,22.8515625,0.0002243328199256,0.4131329655647278,22.7890625,25.96688842773437,0.4486104547977447,1018.0678844451904,19.33747291564941
2024-04-10 13:17:13,0.000917142664548,0.4612655341625213,22.8515625,0.0006050881347618,0.4131329655647278,22.8125,25.96688842773437,0.4486104547977447,1018.0678844451904,19.33747291564941
2024-04-10 13:17:14,0.000917142664548,0.4612655341625213,22.8515625,0.0006050881347618,0.4131329655647278,22.8125,25.96688842773437,0.4486104547977447,1018.0678844451904,19.33747291564941
2024-04-10 13:17:15,0.000917142664548,0.4612655341625213,22.8515625,0.0006050881347618,0.4131329655647278,22.8125,25.96688842773437,0.4486104547977447,1018.0678844451904,19.350187301635746
2024-04-10 13:17:16,0.000630734488368,0.422826737165451,22.890625,0.0006050881347618,0.4131329655647278,22.8125,25.96688842773437,0.4486104547977447,1018.0678844451904,19.350187301635746
2024-04-10 13:17:17,0.000630734488368,0.422826737165451,22.890625,0.0006050881347618,0.4131329655647278,22.8125,25.96688842773437,0.4486104547977447,1018.0678844451904,19.350187301635746
2024-04-10 13:17:18,0.000630734488368,0.422826737165451,22.890625,0.0006050881347618,0.4131329655647278,22.8125,25.96688842773437,0.4517912864685058,1018.0559825897216,19.350187301635746
2024-04-10 13:17:19,0.000630734488368,0.422826737165451,22.890625,0.0006050881347618,0.4131329655647278,22.8125,26.03695678710937,0.4517912864685058,1018.0559825897216,19.350187301635746
2024-04-10 13:17:20,0.000630734488368,0.422826737165451,22.890625,0.0006050881347618,0.4131329655647278,22.8125,26.03695678710937,0.4517912864685058,1018.0559825897216,19.350187301635746
2024-04-10 13:17:21,0.000630734488368,0.422826737165451,22.890625,0.0003882395103573,0.4131329655647278,22.8359375,26.03695678710937,0.4517912864685058,1018.0559825897216,19.350187301635746
2024-04-10 13:17:22,0.000630734488368,0.422826737165451,22.890625,0.0003882395103573,0.4131329655647278,22.8359375,26.03695678710937,0.4517912864685058,1018.0559825897216,19.350250244140625
2024-04-10 13:17:23,0.000630734488368,0.422826737165451,22.890625,0.0003882395103573,0.4131329655647278,22.8359375,26.03695678710937,0.4517912864685058,1018.0559825897216,19.350250244140625
2024-04-10 13:17:24,0.0009142091730609,0.4612655341625213,22.9296875,0.0003882395103573,0.4131329655647278,22.8359375,26.03695678710937,0.4517912864685058,1018.0559825897216,19.350250244140625
2024-04-10 13:17:25,0.0009142091730609,0.4612655341625213,22.9296875,0.0003882395103573,0.4131329655647278,22.8359375,26.03695678710937,0.4517912864685058,1018.0559825897216,19.350250244140625
2024-04-10 13:17:26,0.0009142091730609,0.4612655341625213,22.9296875,0.0003882395103573,0.4131329655647278,22.8359375,26.0838623046875,0.4517912864685058,1018.0559825897216,19.350250244140625
2024-04-10 13:17:27,0.0009142091730609,0.4612655341625213,22.9296875,0.0003882395103573,0.4131329655647278,22.8359375,26.0838623046875,0.4517912864685058,1018.0559825897216,19.350250244140625
2024-04-10 13:17:28,0.0009142091730609,0.4612655341625213,22.9296875,0.0003882395103573,0.4131329655647278,22.8359375,26.0838623046875,0.4517912864685058,1018.0797863006592,19.350250244140625
2024-04-10 13:17:29,0.0009142091730609,0.4612655341625213,22.9296875,0.0006418036064133,0.3755754232406616,22.8125,26.0838623046875,0.4517912864685058,1018.0797863006592,19.353071212768555
2024-04-10 13:17:30,0.0009142091730609,0.4612655341625213,22.9296875,0.0006418036064133,0.3755754232406616,22.8125,26.0838623046875,0.4517912864685058,1018.0797863006592,19.353071212768555
2024-04-10 13:17:31,0.0009142091730609,0.4612655341625213,22.9296875,0.0006418036064133,0.3755754232406616,22.8125,26.0838623046875,0.4517912864685058,1018.0797863006592,19.353071212768555
2024-04-10 13:17:32,0.0007478814222849,0.422826737165451,22.9609375,0.0006418036064133,0.3755754232406616,22.8125,26.0838623046875,0.4517912864685058,1018.0797863006592,19.353071212768555
2024-04-10 13:17:33,0.0007478814222849,0.422826737165451,22.9609375,0.0006418036064133,0.3755754232406616,22.8125,26.0838623046875,0.4517912864685058,1018.0344676971436,19.353071212768555
2024-04-10 13:17:34,0.0007478814222849,0.422826737165451,22.9609375,0.0006418036064133,0.3755754232406616,22.8125,26.0838623046875,0.4517912864685058,1018.0344676971436,19.353071212768555
2024-04-10 13:17:35,0.0007478814222849,0.422826737165451,22.9609375,0.0006418036064133,0.3755754232406616,22.8125,26.15814208984375,0.4517912864685058,1018.0344676971436,19.353071212768555
2024-04-10 13:17:36,0.0007478814222849,0.422826737165451,22.9609375,0.0006418036064133,0.3755754232406616,22.8125,26.15814208984375,0.4517912864685058,1018.0344676971436,19.353071212768555
2024-04-10 13:17:37,0.0007478814222849,0.422826737165451,22.9609375,0.0006418036064133,0.3755754232406616,22.8125,26.15814208984375,0.4517912864685058,1018.0344676971436,19.353071212768555
2024-04-10 13:17:38,0.0007478814222849,0.422826737165451,22.9609375,0.0006411910871975,0.4131329655647278,22.8359375,26.15814208984375,0.4517912864685058,1018.0344676971436,19.359479904174805
2024-04-10 13:17:39,0.0007478814222849,0.422826737165451,22.9609375,0.0006411910871975,0.4131329655647278,22.8359375,26.15814208984375,0.4517912864685058,1018.0344676971436,19.359479904174805
2024-04-10 13:17:40,0.0007478814222849,0.422826737165451,22.9609375,0.0006411910871975,0.4131329655647278,22.8359375,26.15814208984375,0.4517912864685058,1018.0344676971436,19.359479904174805
2024-04-10 13:17:41,0.0007478814222849,0.422826737165451,22.9609375,0.0006411910871975,0.4131329655647278,22.8359375,26.15814208984375,0.4517912864685058,1018.0344676971436,19.359479904174805
2024-04-10 13:17:42,0.0007478814222849,0.422826737165451,22.9609375,0.0006411910871975,0.4131329655647278,22.8359375,26.17660522460937,0.4517912864685058,1018.0526351928712,19.359479904174805
2024-04-10 13:17:43,0.0007478814222849,0.422826737165451,22.9609375,0.0006411910871975,0.4131329655647278,22.8359375,26.17660522460937,0.4517912864685058,1018.0526351928712,19.359479904174805
2024-04-10 13:17:44,0.0007478814222849,0.422826737165451,22.9609375,0.0006411910871975,0.4131329655647278,22.8359375,26.17660522460937,0.4517912864685058,1018.0526351928712,19.359479904174805
2024-04-10 13:17:45,0.0007478814222849,0.422826737165451,22.9609375,0.0006909490330144,0.4131329655647278,22.8515625,26.17660522460937,0.4517912864685058,1018.0526351928712,19.372737884521484
2024-04-10 13:17:46,0.0007478814222849,0.422826737165451,22.9609375,0.0006909490330144,0.4131329655647278,22.8515625,26.17660522460937,0.4517912864685058,1018.0526351928712,19.372737884521484
2024-04-10 13:17:47,0.0009685515542514,0.4612655341625213,22.984375,0.0006909490330144,0.4131329655647278,22.8515625,26.17660522460937,0.4517912864685058,1018.0526351928712,19.372737884521484
2024-04-10 13:17:48,0.0010629865573719,0.4612655341625213,23.0546875,0.0006909490330144,0.4131329655647278,22.8515625,26.17660522460937,0.4517912864685058,1018.0526351928712,19.372737884521484
2024-04-10 13:17:49,0.0010629865573719,0.4612655341625213,23.0546875,0.0006909490330144,0.4131329655647278,22.8515625,26.17660522460937,0.4517912864685058,1018.0526351928712,19.372737884521484
2024-04-10 13:17:50,0.0010629865573719,0.4612655341625213,23.0546875,0.0006909490330144,0.4131329655647278,22.8515625,26.17660522460937,0.4517912864685058,1018.029489517212,19.372737884521484
2024-04-10 13:17:51,0.0010629865573719,0.4612655341625213,23.0546875,0.0006909490330144,0.4131329655647278,22.8515625,26.205322265625,0.4517912864685058,1018.029489517212,19.372737884521484
2024-04-10 13:17:52,0.0010629865573719,0.4612655341625213,23.0546875,0.0006909490330144,0.4131329655647278,22.8515625,26.205322265625,0.4517912864685058,1018.029489517212,19.372737884521484
2024-04-10 13:17:53,0.0010629865573719,0.4612655341625213,23.0546875,0.0006909490330144,0.4131329655647278,22.8515625,26.205322265625,0.4517912864685058,1018.029489517212,19.371450424194336
2024-04-10 13:17:54,0.0010629865573719,0.4612655341625213,23.0546875,0.0005009942105971,0.4131329655647278,22.8515625,26.205322265625,0.4517912864685058,1018.029489517212,19.371450424194336
2024-04-10 13:17:55,0.0010629865573719,0.4612655341625213,23.0546875,0.0005009942105971,0.4131329655647278,22.8515625,26.205322265625,0.4517912864685058,1018.029489517212,19.371450424194336
2024-04-10 13:17:56,0.0014726861845701,0.422826737165451,23.0703125,0.0005009942105971,0.4131329655647278,22.8515625,26.205322265625,0.4517912864685058,1018.029489517212,19.371450424194336
2024-04-10 13:17:57,0.0014726861845701,0.422826737165451,23.0703125,0.0005009942105971,0.4131329655647278,22.8515625,26.205322265625,0.4517912864685058,1018.029489517212,19.371450424194336
2024-04-10 13:17:58,0.0014726861845701,0.422826737165451,23.0703125,0.0005009942105971,0.4131329655647278,22.8515625,26.205322265625,0.4517912864685058,1018.029489517212,19.371450424194336
2024-04-10 13:17:59,0.0014726861845701,0.422826737165451,23.0703125,0.0005009942105971,0.4131329655647278,22.8515625,26.205322265625,0.4517912864685058,1018.0121231079102,19.371450424194336
2024-04-10 13:18:00,0.0014726861845701,0.422826737165451,23.0703125,0.0005009942105971,0.4131329655647278,22.8515625,26.222625732421875,0.4517912864685058,1018.0121231079102,19.371450424194336
2024-04-10 13:18:01,0.0014726861845701,0.422826737165451,23.0703125,0.0005009942105971,0.4131329655647278,22.8515625,26.222625732421875,0.4517912864685058,1018.0121231079102,19.371450424194336
2024-04-10 13:18:02,0.0014726861845701,0.422826737165451,23.0703125,0.0005009942105971,0.4131329655647278,22.8515625,26.222625732421875,0.4517912864685058,1018.0121231079102,19.371450424194336
2024-04-10 13:18:03,0.0014726861845701,0.422826737165451,23.0703125,0.0005391272134147,0.4131329655647278,22.8671875,26.222625732421875,0.4517912864685058,1018.0121231079102,19.371450424194336
2024-04-10 13:18:04,0.0011081361444666,0.422826737165451,23.09375,0.0005391272134147,0.4131329655647278,22.8671875,26.222625732421875,0.4517912864685058,1018.0121231079102,19.38318634033203
2024-04-10 13:18:05,0.0011081361444666,0.422826737165451,23.09375,0.0005391272134147,0.4131329655647278,22.8671875,26.222625732421875,0.4517912864685058,1018.0121231079102,19.38318634033203
2024-04-10 13:18:06,0.0011081361444666,0.422826737165451,23.09375,0.0005391272134147,0.4131329655647278,22.8671875,26.222625732421875,0.4517912864685058,1018.0208206176758,19.38318634033203
2024-04-10 13:18:07,0.0011081361444666,0.422826737165451,23.09375,0.0005391272134147,0.4131329655647278,22.8671875,26.220611572265625,0.4517912864685058,1018.0208206176758,19.38318634033203
2024-04-10 13:18:08,0.0011081361444666,0.422826737165451,23.09375,0.0005391272134147,0.4131329655647278,22.8671875,26.220611572265625,0.4517912864685058,1018.0208206176758,19.38318634033203
2024-04-10 13:18:09,0.0011081361444666,0.422826737165451,23.09375,0.0005506035522557,0.3755754232406616,22.84375,26.220611572265625,0.4517912864685058,1018.0208206176758,19.38318634033203
2024-04-10 13:18:10,0.0011081361444666,0.422826737165451,23.09375,0.0005506035522557,0.3755754232406616,22.84375,26.220611572265625,0.4517912864685058,1018.0208206176758,19.394052505493164
2024-04-10 13:18:11,0.0011081361444666,0.422826737165451,23.09375,0.0005506035522557,0.3755754232406616,22.84375,26.220611572265625,0.4517912864685058,1018.0208206176758,19.394052505493164
2024-04-10 13:18:12,0.0006680713850073,0.4612655341625213,23.15625,0.0005506035522557,0.3755754232406616,22.84375,26.220611572265625,0.4517912864685058,1018.0208206176758,19.394052505493164
2024-04-10 13:18:13,0.0006680713850073,0.4612655341625213,23.15625,0.0005506035522557,0.3755754232406616,22.84375,26.220611572265625,0.4517912864685058,1018.0208206176758,19.394052505493164
2024-04-10 13:18:14,0.0006680713850073,0.4612655341625213,23.15625,0.0005506035522557,0.3755754232406616,22.84375,26.220611572265625,0.4517912864685058,1017.9934406280518,19.394052505493164
2024-04-10 13:18:15,0.0006680713850073,0.4612655341625213,23.15625,0.0005506035522557,0.3755754232406616,22.84375,26.220611572265625,0.4517912864685058,1017.9934406280518,19.394052505493164
2024-04-10 13:18:16,0.0006680713850073,0.4612655341625213,23.15625,0.0005506035522557,0.3755754232406616,22.84375,26.244171142578125,0.4490281939506531,1017.9934406280518,19.394052505493164
2024-04-10 13:18:17,0.0006680713850073,0.4612655341625213,23.15625,0.0005506035522557,0.3755754232406616,22.84375,26.244171142578125,0.4490281939506531,1017.9934406280518,19.394052505493164
2024-04-10 13:18:18,0.0006680713850073,0.4612655341625213,23.15625,0.0006493249093182,0.4882480502128601,22.8515625,26.244171142578125,0.4490281939506531,1017.9934406280518,19.394052505493164
2024-04-10 13:18:19,0.0006680713850073,0.4612655341625213,23.15625,0.0006493249093182,0.4882480502128601,22.8515625,26.244171142578125,0.4490281939506531,1017.9934406280518,19.400718688964844
2024-04-10 13:18:20,0.001310751074925,0.422826737165451,23.203125,0.0006493249093182,0.4882480502128601,22.8515625,26.244171142578125,0.4490281939506531,1017.9934406280518,19.400718688964844
2024-04-10 13:18:21,0.001310751074925,0.422826737165451,23.203125,0.0006493249093182,0.4882480502128601,22.8515625,26.244171142578125,0.4490281939506531,1018.00931930542,19.400718688964844
2024-04-10 13:18:22,0.001310751074925,0.422826737165451,23.203125,0.0006493249093182,0.4882480502128601,22.8515625,26.244171142578125,0.4490281939506531,1018.00931930542,19.400718688964844
2024-04-10 13:18:23,0.001310751074925,0.422826737165451,23.203125,0.0006493249093182,0.4882480502128601,22.8515625,26.231658935546875,0.4490281939506531,1018.00931930542,19.400718688964844
2024-04-10 13:18:24,0.001310751074925,0.422826737165451,23.203125,0.0006493249093182,0.4882480502128601,22.8515625,26.231658935546875,0.4490281939506531,1018.00931930542,19.400718688964844
2024-04-10 13:18:25,0.001310751074925,0.422826737165451,23.203125,0.0010081712389364,0.3755754232406616,22.859375,26.231658935546875,0.4490281939506531,1018.00931930542,19.400718688964844
2024-04-10 13:18:26,0.001310751074925,0.422826737165451,23.203125,0.0010081712389364,0.3755754232406616,22.859375,26.231658935546875,0.4490281939506531,1018.00931930542,19.42560386657715
2024-04-10 13:18:27,0.001310751074925,0.422826737165451,23.203125,0.0010081712389364,0.3755754232406616,22.859375,26.231658935546875,0.4490281939506531,1018.00931930542,19.42560386657715
2024-04-10 13:18:28,0.0008765953825786,0.422826737165451,23.234375,0.0010081712389364,0.3755754232406616,22.859375,26.231658935546875,0.4490281939506531,1018.00931930542,19.42560386657715
2024-04-10 13:18:29,0.0008765953825786,0.422826737165451,23.234375,0.0010081712389364,0.3755754232406616,22.859375,26.231658935546875,0.4490281939506531,1018.00931930542,19.42560386657715
2024-04-10 13:18:30,0.0008765953825786,0.422826737165451,23.234375,0.0010081712389364,0.3755754232406616,22.859375,26.231658935546875,0.4490281939506531,1018.00931930542,19.42560386657715
2024-04-10 13:18:31,0.0008765953825786,0.422826737165451,23.234375,0.0010081712389364,0.3755754232406616,22.859375,26.22869873046875,0.4490281939506531,1018.0455684661864,19.42560386657715
2024-04-10 13:18:32,0.0008765953825786,0.422826737165451,23.234375,0.0010081712389364,0.3755754232406616,22.859375,26.22869873046875,0.4490281939506531,1018.0455684661864,19.42560386657715
2024-04-10 13:18:33,0.0008765953825786,0.422826737165451,23.234375,0.0005752011784352,0.4506905078887939,22.875,26.22869873046875,0.4490281939506531,1018.0455684661864,19.42560386657715
2024-04-10 13:18:34,0.0008765953825786,0.422826737165451,23.234375,0.0005752011784352,0.4506905078887939,22.875,26.22869873046875,0.4490281939506531,1018.0455684661864,19.42329788208008
2024-04-10 13:18:35,0.0008765953825786,0.422826737165451,23.234375,0.0005752011784352,0.4506905078887939,22.875,26.22869873046875,0.4490281939506531,1018.0455684661864,19.42329788208008
2024-04-10 13:18:36,0.0011348964180797,0.422826737165451,23.2734375,0.0005752011784352,0.4506905078887939,22.875,26.22869873046875,0.4490281939506531,1018.0455684661864,19.42329788208008
2024-04-10 13:18:37,0.0011348964180797,0.422826737165451,23.2734375,0.0005752011784352,0.4506905078887939,22.875,26.22869873046875,0.4490281939506531,1018.0455684661864,19.42329788208008
2024-04-10 13:18:38,0.0011348964180797,0.422826737165451,23.2734375,0.0005752011784352,0.4506905078887939,22.875,26.22869873046875,0.4490281939506531,1018.0455684661864,19.42329788208008
2024-04-10 13:18:39,0.0011348964180797,0.422826737165451,23.2734375,0.0005752011784352,0.4506905078887939,22.875,26.22869873046875,0.4490281939506531,1018.0221366882324,19.42329788208008
2024-04-10 13:18:40,0.0011348964180797,0.422826737165451,23.2734375,0.0005752011784352,0.4506905078887939,22.875,26.22869873046875,0.4490281939506531,1018.0221366882324,19.42329788208008
2024-04-10 13:18:41,0.0011348964180797,0.422826737165451,23.2734375,0.0002812150632962,0.4131329655647278,22.8671875,26.197998046875,0.4490281939506531,1018.0221366882324,19.43214988708496
2024-04-10 13:18:42,0.0011348964180797,0.422826737165451,23.2734375,0.0002812150632962,0.4131329655647278,22.8671875,26.197998046875,0.4490281939506531,1018.0221366882324,19.43214988708496
2024-04-10 13:18:43,0.0011348964180797,0.422826737165451,23.2734375,0.0002812150632962,0.4131329655647278,22.8671875,26.197998046875,0.4490281939506531,1018.0221366882324,19.43214988708496
2024-04-10 13:18:44,0.0009962687036022,0.422826737165451,23.2890625,0.0002812150632962,0.4131329655647278,22.8671875,26.197998046875,0.4490281939506531,1018.0221366882324,19.43214988708496
2024-04-10 13:18:45,0.0009962687036022,0.422826737165451,23.2890625,0.0002812150632962,0.4131329655647278,22.8671875,26.197998046875,0.4490281939506531,1018.0221366882324,19.43214988708496
2024-04-10 13:18:46,0.0009962687036022,0.422826737165451,23.2890625,0.0002812150632962,0.4131329655647278,22.8671875,26.197998046875,0.4490281939506531,1018.0221366882324,19.43214988708496
2024-04-10 13:18:47,0.0009962687036022,0.422826737165451,23.2890625,0.0002812150632962,0.4131329655647278,22.8671875,26.2657470703125,0.4490281939506531,1018.0135536193848,19.43214988708496
2024-04-10 13:18:48,0.0009962687036022,0.422826737165451,23.2890625,0.0002812150632962,0.4131329655647278,22.8671875,26.2657470703125,0.4490281939506531,1018.0135536193848,19.43214988708496
2024-04-10 13:18:49,0.0009962687036022,0.422826737165451,23.2890625,0.0005994255188852,0.4506905078887939,22.875,26.2657470703125,0.4490281939506531,1018.0135536193848,19.445241928100582
2024-04-10 13:18:50,0.0009962687036022,0.422826737165451,23.2890625,0.0005994255188852,0.4506905078887939,22.875,26.2657470703125,0.4490281939506531,1018.0135536193848,19.445241928100582
2024-04-10 13:18:51,0.0009962687036022,0.422826737165451,23.2890625,0.0005994255188852,0.4506905078887939,22.875,26.2657470703125,0.4490281939506531,1018.0135536193848,19.445241928100582
2024-04-10 13:18:52,0.0009962687036022,0.422826737165451,23.2890625,0.0005994255188852,0.4506905078887939,22.875,26.2657470703125,0.4490281939506531,1018.0135536193848,19.445241928100582
2024-04-10 13:18:53,0.0007656970992684,0.422826737165451,23.34375,0.0005994255188852,0.4506905078887939,22.875,26.2657470703125,0.4490281939506531,1018.0182456970216,19.445241928100582
2024-04-10 13:18:54,0.0007656970992684,0.422826737165451,23.34375,0.0005994255188852,0.4506905078887939,22.875,26.269805908203125,0.4490281939506531,1018.0182456970216,19.445241928100582
2024-04-10 13:18:55,0.0007656970992684,0.422826737165451,23.34375,0.0005994255188852,0.4506905078887939,22.875,26.269805908203125,0.4490281939506531,1018.0182456970216,19.445241928100582
2024-04-10 13:18:56,0.0007656970992684,0.422826737165451,23.34375,0.0005994255188852,0.4506905078887939,22.875,26.269805908203125,0.4490281939506531,1018.0182456970216,19.445241928100582
2024-04-10 13:18:57,0.0007656970992684,0.422826737165451,23.34375,0.0005730066914111,0.4131329655647278,22.859375,26.269805908203125,0.4490281939506531,1018.0182456970216,19.45814514160156
2024-04-10 13:18:58,0.0007656970992684,0.422826737165451,23.34375,0.0005730066914111,0.4131329655647278,22.859375,26.269805908203125,0.4490281939506531,1018.0182456970216,19.45814514160156
2024-04-10 13:18:59,0.0007656970992684,0.422826737165451,23.34375,0.0005730066914111,0.4131329655647278,22.859375,26.269805908203125,0.4490281939506531,1018.0182456970216,19.45814514160156
2024-04-10 13:19:00,0.0011069445172324,0.4612655341625213,23.34375,0.0005730066914111,0.4131329655647278,22.859375,26.269805908203125,0.4490281939506531,1018.0182456970216,19.45814514160156
2024-04-10 13:19:01,0.0011069445172324,0.4612655341625213,23.34375,0.0005730066914111,0.4131329655647278,22.859375,26.269805908203125,0.4490281939506531,1018.0182456970216,19.45814514160156
2024-04-10 13:19:02,0.0011069445172324,0.4612655341625213,23.34375,0.0005730066914111,0.4131329655647278,22.859375,26.269805908203125,0.4490281939506531,1018.0327224731444,19.45814514160156
2024-04-10 13:19:03,0.0011069445172324,0.4612655341625213,23.34375,0.0005730066914111,0.4131329655647278,22.859375,26.2662353515625,0.4490281939506531,1018.0327224731444,19.45814514160156
2024-04-10 13:19:04,0.0011069445172324,0.4612655341625213,23.34375,0.0005730066914111,0.4131329655647278,22.859375,26.2662353515625,0.4490281939506531,1018.0327224731444,19.45814514160156
2024-04-10 13:19:05,0.0011069445172324,0.4612655341625213,23.34375,0.0005730066914111,0.4131329655647278,22.859375,26.2662353515625,0.4490281939506531,1018.0327224731444,19.45814514160156
2024-04-10 13:19:06,0.0011069445172324,0.4612655341625213,23.34375,0.000658975332044,0.4506905078887939,22.859375,26.2662353515625,0.4490281939506531,1018.0327224731444,19.45814514160156
2024-04-10 13:19:07,0.0011069445172324,0.4612655341625213,23.34375,0.000658975332044,0.4506905078887939,22.859375,26.2662353515625,0.4490281939506531,1018.0327224731444,19.463924407958984
2024-04-10 13:19:08,0.0007248593028634,0.4612655341625213,23.390625,0.000658975332044,0.4506905078887939,22.859375,26.2662353515625,0.4490281939506531,1018.0327224731444,19.463924407958984
2024-04-10 13:19:09,0.0007248593028634,0.4612655341625213,23.390625,0.000658975332044,0.4506905078887939,22.859375,26.2662353515625,0.4490281939506531,1018.0327224731444,19.463924407958984
2024-04-10 13:19:10,0.0007248593028634,0.4612655341625213,23.390625,0.000658975332044,0.4506905078887939,22.859375,26.2662353515625,0.4490281939506531,1018.0292892456056,19.463924407958984
2024-04-10 13:19:11,0.0007248593028634,0.4612655341625213,23.390625,0.000658975332044,0.4506905078887939,22.859375,26.2662353515625,0.4490281939506531,1018.0292892456056,19.463924407958984
2024-04-10 13:19:12,0.0007248593028634,0.4612655341625213,23.390625,0.000658975332044,0.4506905078887939,22.859375,26.3267822265625,0.4490281939506531,1018.0292892456056,19.463924407958984
2024-04-10 13:19:13,0.0007248593028634,0.4612655341625213,23.390625,0.000812194077298,0.4131329655647278,22.859375,26.3267822265625,0.4490281939506531,1018.0292892456056,19.463924407958984
2024-04-10 13:19:14,0.0007248593028634,0.4612655341625213,23.390625,0.000812194077298,0.4131329655647278,22.859375,26.3267822265625,0.4490281939506531,1018.0292892456056,19.480981826782227
2024-04-10 13:19:15,0.0007248593028634,0.4612655341625213,23.390625,0.000812194077298,0.4131329655647278,22.859375,26.3267822265625,0.4494735896587372,1018.0292892456056,19.480981826782227
2024-04-10 13:19:16,0.0009424574673175,0.4997043311595917,23.4296875,0.000812194077298,0.4131329655647278,22.859375,26.3267822265625,0.4494735896587372,1018.0292892456056,19.480981826782227
2024-04-10 13:19:17,0.0009424574673175,0.4997043311595917,23.4296875,0.000812194077298,0.4131329655647278,22.859375,26.3267822265625,0.4494735896587372,1018.0172443389891,19.480981826782227
2024-04-10 13:19:18,0.0009424574673175,0.4997043311595917,23.4296875,0.000812194077298,0.4131329655647278,22.859375,26.3267822265625,0.4494735896587372,1018.0172443389891,19.480981826782227
2024-04-10 13:19:19,0.0009424574673175,0.4997043311595917,23.4296875,0.000812194077298,0.4131329655647278,22.859375,26.3026123046875,0.4494735896587372,1018.0172443389891,19.480981826782227
2024-04-10 13:19:20,0.0009424574673175,0.4997043311595917,23.4296875,0.000812194077298,0.4131329655647278,22.859375,26.3026123046875,0.4494735896587372,1018.0172443389891,19.480981826782227
2024-04-10 13:19:21,0.0009424574673175,0.4997043311595917,23.4296875,0.0004264581075403,0.3755754232406616,22.8671875,26.3026123046875,0.4494735896587372,1018.0172443389891,19.480981826782227
2024-04-10 13:19:22,0.0009424574673175,0.4997043311595917,23.4296875,0.0004264581075403,0.3755754232406616,22.8671875,26.3026123046875,0.4494735896587372,1018.0172443389891,19.480981826782227
2024-04-10 13:19:23,0.0009424574673175,0.4997043311595917,23.4296875,0.0004264581075403,0.3755754232406616,22.8671875,26.3026123046875,0.4494735896587372,1018.0172443389891,19.480981826782227
2024-04-10 13:19:24,0.0012824030127376,0.4997043311595917,23.4609375,0.0004264581075403,0.3755754232406616,22.8671875,26.3026123046875,0.4494735896587372,1018.0172443389891,19.486400604248047
2024-04-10 13:19:25,0.0012824030127376,0.4997043311595917,23.4609375,0.0004264581075403,0.3755754232406616,22.8671875,26.3026123046875,0.4494735896587372,1018.0172443389891,19.486400604248047
2024-04-10 13:19:26,0.0012824030127376,0.4997043311595917,23.4609375,0.0004264581075403,0.3755754232406616,22.8671875,26.3026123046875,0.4494735896587372,1018.035125732422,19.486400604248047
2024-04-10 13:19:27,0.0012824030127376,0.4997043311595917,23.4609375,0.0004264581075403,0.3755754232406616,22.8671875,26.3026123046875,0.4494735896587372,1018.035125732422,19.486400604248047
2024-04-10 13:19:28,0.0012824030127376,0.4997043311595917,23.4609375,0.0004264581075403,0.3755754232406616,22.8671875,26.3634033203125,0.4494735896587372,1018.035125732422,19.486400604248047
2024-04-10 13:19:29,0.0012824030127376,0.4997043311595917,23.4609375,0.0003222701488994,0.4506905078887939,22.84375,26.3634033203125,0.4494735896587372,1018.035125732422,19.486400604248047
2024-04-10 13:19:30,0.0012824030127376,0.4997043311595917,23.4609375,0.0003222701488994,0.4506905078887939,22.84375,26.3634033203125,0.4494735896587372,1018.035125732422,19.511005401611328
2024-04-10 13:19:31,0.0012824030127376,0.4997043311595917,23.4609375,0.0003222701488994,0.4506905078887939,22.84375,26.3634033203125,0.4494735896587372,1018.035125732422,19.511005401611328
2024-04-10 13:19:32,0.0011452564503997,0.422826737165451,23.484375,0.0003222701488994,0.4506905078887939,22.84375,26.3634033203125,0.4494735896587372,1018.035125732422,19.511005401611328
2024-04-10 13:19:33,0.0011452564503997,0.422826737165451,23.484375,0.0003222701488994,0.4506905078887939,22.84375,26.3634033203125,0.4494735896587372,1018.035125732422,19.511005401611328
2024-04-10 13:19:34,0.0011452564503997,0.422826737165451,23.484375,0.0003222701488994,0.4506905078887939,22.84375,26.3634033203125,0.4494735896587372,1018.0446243286132,19.511005401611328
2024-04-10 13:19:35,0.0011452564503997,0.422826737165451,23.484375,0.0003222701488994,0.4506905078887939,22.84375,26.353729248046875,0.4494735896587372,1018.0446243286132,19.511005401611328
2024-04-10 13:19:36,0.0011452564503997,0.422826737165451,23.484375,0.0003222701488994,0.4506905078887939,22.84375,26.353729248046875,0.4494735896587372,1018.0446243286132,19.511005401611328
2024-04-10 13:19:37,0.0011452564503997,0.422826737165451,23.484375,0.0004011851851828,0.4131329655647278,22.8828125,26.353729248046875,0.4494735896587372,1018.0446243286132,19.511005401611328
2024-04-10 13:19:38,0.0011452564503997,0.422826737165451,23.484375,0.0004011851851828,0.4131329655647278,22.8828125,26.353729248046875,0.4494735896587372,1018.0446243286132,19.511005401611328
2024-04-10 13:19:39,0.0011452564503997,0.422826737165451,23.484375,0.0004011851851828,0.4131329655647278,22.8828125,26.353729248046875,0.4494735896587372,1018.0446243286132,19.511005401611328
2024-04-10 13:19:40,0.0011452564503997,0.422826737165451,23.484375,0.0004011851851828,0.4131329655647278,22.8828125,26.353729248046875,0.4494735896587372,1018.0446243286132,19.511005401611328
2024-04-10 13:19:41,0.0009583248756825,0.422826737165451,23.4921875,0.0004011851851828,0.4131329655647278,22.8828125,26.353729248046875,0.4494735896587372,1018.0358409881592,19.523393630981445
2024-04-10 13:19:42,0.0009583248756825,0.422826737165451,23.4921875,0.0004011851851828,0.4131329655647278,22.8828125,26.353729248046875,0.4494735896587372,1018.0358409881592,19.523393630981445
2024-04-10 13:19:43,0.0009583248756825,0.422826737165451,23.4921875,0.0004011851851828,0.4131329655647278,22.8828125,26.341461181640625,0.4494735896587372,1018.0358409881592,19.523393630981445
2024-04-10 13:19:44,0.0009583248756825,0.422826737165451,23.4921875,0.0004011851851828,0.4131329655647278,22.8828125,26.341461181640625,0.4494735896587372,1018.0358409881592,19.523393630981445
2024-04-10 13:19:45,0.0009583248756825,0.422826737165451,23.4921875,0.0004011851851828,0.4131329655647278,22.8828125,26.341461181640625,0.4494735896587372,1018.0358409881592,19.523393630981445
2024-04-10 13:19:46,0.0009583248756825,0.422826737165451,23.4921875,0.0004338544968049,0.4131329655647278,22.8671875,26.341461181640625,0.4494735896587372,1018.0358409881592,19.537921905517575
2024-04-10 13:19:47,0.0009583248756825,0.422826737165451,23.4921875,0.0004338544968049,0.4131329655647278,22.8671875,26.341461181640625,0.4494735896587372,1018.0358409881592,19.537921905517575
2024-04-10 13:19:48,0.0008708276436664,0.4612655341625213,23.5390625,0.0004338544968049,0.4131329655647278,22.8671875,26.341461181640625,0.4494735896587372,1018.0358409881592,19.537921905517575
2024-04-10 13:19:49,0.0008708276436664,0.4612655341625213,23.5390625,0.0004338544968049,0.4131329655647278,22.8671875,26.341461181640625,0.4494735896587372,1018.0358409881592,19.537921905517575
2024-04-10 13:19:50,0.0008708276436664,0.4612655341625213,23.5390625,0.0004338544968049,0.4131329655647278,22.8671875,26.341461181640625,0.4494735896587372,1018.0358409881592,19.537921905517575
2024-04-10 13:19:51,0.0008708276436664,0.4612655341625213,23.5390625,0.0004338544968049,0.4131329655647278,22.8671875,26.341461181640625,0.4494735896587372,1017.9558181762696,19.537921905517575
2024-04-10 13:19:52,0.0008708276436664,0.4612655341625213,23.5390625,0.0004338544968049,0.4131329655647278,22.8671875,26.341461181640625,0.4494735896587372,1017.9558181762696,19.537921905517575
2024-04-10 13:19:53,0.0008708276436664,0.4612655341625213,23.5390625,0.0004946485860273,0.4506905078887939,22.8515625,26.39239501953125,0.4494735896587372,1017.9558181762696,19.537921905517575
2024-04-10 13:19:54,0.0008708276436664,0.4612655341625213,23.5390625,0.0004946485860273,0.4506905078887939,22.8515625,26.39239501953125,0.4494735896587372,1017.9558181762696,19.537921905517575
2024-04-10 13:19:55,0.0008708276436664,0.4612655341625213,23.5390625,0.0004946485860273,0.4506905078887939,22.8515625,26.39239501953125,0.4494735896587372,1017.9558181762696,19.54867935180664
2024-04-10 13:19:56,0.0011588665656745,0.422826737165451,23.578125,0.0004946485860273,0.4506905078887939,22.8515625,26.39239501953125,0.4494735896587372,1017.9558181762696,19.54867935180664
2024-04-10 13:19:57,0.0011588665656745,0.422826737165451,23.578125,0.0004946485860273,0.4506905078887939,22.8515625,26.39239501953125,0.4494735896587372,1017.9558181762696,19.54867935180664
2024-04-10 13:19:58,0.0011588665656745,0.422826737165451,23.578125,0.0004946485860273,0.4506905078887939,22.8515625,26.37542724609375,0.4494735896587372,1018.0444526672364,19.54867935180664
2024-04-10 13:19:59,0.0011588665656745,0.422826737165451,23.578125,0.0004946485860273,0.4506905078887939,22.8515625,26.37542724609375,0.4494735896587372,1018.0444526672364,19.54867935180664
2024-04-10 13:20:00,0.0011588665656745,0.422826737165451,23.578125,0.0004946485860273,0.4506905078887939,22.8515625,26.37542724609375,0.4494735896587372,1018.0444526672364,19.54867935180664
2024-04-10 13:20:01,0.0011588665656745,0.422826737165451,23.578125,0.0004946485860273,0.4506905078887939,22.8515625,26.37542724609375,0.4494735896587372,1018.0444526672364,19.555110931396484
2024-04-10 13:20:02,0.0011588665656745,0.422826737165451,23.578125,0.0007034029695205,0.4131329655647278,22.859375,26.37542724609375,0.4494735896587372,1018.0444526672364,19.555110931396484
2024-04-10 13:20:03,0.0011588665656745,0.422826737165451,23.578125,0.0007034029695205,0.4131329655647278,22.859375,26.37542724609375,0.4494735896587372,1018.0444526672364,19.555110931396484
2024-04-10 13:20:04,0.0010275761596858,0.4997043311595917,23.6015625,0.0007034029695205,0.4131329655647278,22.859375,26.37542724609375,0.4494735896587372,1018.0444526672364,19.555110931396484
2024-04-10 13:20:05,0.0010275761596858,0.4997043311595917,23.6015625,0.0007034029695205,0.4131329655647278,22.859375,26.37542724609375,0.4494735896587372,1018.0014514923096,19.555110931396484
2024-04-10 13:20:06,0.0010275761596858,0.4997043311595917,23.6015625,0.0007034029695205,0.4131329655647278,22.859375,26.37542724609375,0.4494735896587372,1018.0014514923096,19.555110931396484
2024-04-10 13:20:07,0.0010275761596858,0.4997043311595917,23.6015625,0.0007034029695205,0.4131329655647278,22.859375,26.37542724609375,0.4494735896587372,1018.0014514923096,19.555110931396484
2024-04-10 13:20:08,0.0010275761596858,0.4997043311595917,23.6015625,0.0007034029695205,0.4131329655647278,22.859375,26.37542724609375,0.4494735896587372,1018.0014514923096,19.555110931396484
2024-04-10 13:20:09,0.0010275761596858,0.4997043311595917,23.6015625,0.0005232850671745,0.4131329655647278,22.8671875,26.442535400390625,0.4494735896587372,1018.0014514923096,19.555110931396484
2024-04-10 13:20:10,0.0010275761596858,0.4997043311595917,23.6015625,0.0005232850671745,0.4131329655647278,22.8671875,26.442535400390625,0.4494735896587372,1018.0014514923096,19.555110931396484
2024-04-10 13:20:11,0.0010275761596858,0.4997043311595917,23.6015625,0.0005232850671745,0.4131329655647278,22.8671875,26.442535400390625,0.4494735896587372,1018.0014514923096,19.55916786193848
2024-04-10 13:20:12,0.0009947862708941,0.4612655341625213,23.6328125,0.0005232850671745,0.4131329655647278,22.8671875,26.442535400390625,0.4494735896587372,1018.0014514923096,19.55916786193848
2024-04-10 13:20:13,0.0009947862708941,0.4612655341625213,23.6328125,0.0005232850671745,0.4131329655647278,22.8671875,26.442535400390625,0.4494735896587372,1018.0014514923096,19.55916786193848
2024-04-10 13:20:14,0.0009947862708941,0.4612655341625213,23.6328125,0.0005232850671745,0.4131329655647278,22.8671875,26.39678955078125,0.4494735896587372,1018.0091190338136,19.55916786193848
2024-04-10 13:20:15,0.0009947862708941,0.4612655341625213,23.6328125,0.0005232850671745,0.4131329655647278,22.8671875,26.39678955078125,0.448111742734909,1018.0091190338136,19.55916786193848
2024-04-10 13:20:16,0.0009947862708941,0.4612655341625213,23.6328125,0.0005232850671745,0.4131329655647278,22.8671875,26.39678955078125,0.448111742734909,1018.0091190338136,19.55916786193848
2024-04-10 13:20:17,0.0009947862708941,0.4612655341625213,23.6328125,0.0005151216173544,0.4131329655647278,22.8828125,26.39678955078125,0.448111742734909,1018.0091190338136,19.55916786193848
2024-04-10 13:20:18,0.0009947862708941,0.4612655341625213,23.6328125,0.0005151216173544,0.4131329655647278,22.8828125,26.39678955078125,0.448111742734909,1018.0091190338136,19.55916786193848
2024-04-10 13:20:19,0.0011602496961131,0.4612655341625213,23.65625,0.0005151216173544,0.4131329655647278,22.8828125,26.39678955078125,0.448111742734909,1018.0091190338136,19.57930374145508
2024-04-10 13:20:20,0.0011602496961131,0.4612655341625213,23.65625,0.0005151216173544,0.4131329655647278,22.8828125,26.39678955078125,0.448111742734909,1018.0091190338136,19.57930374145508
2024-04-10 13:20:21,0.0011602496961131,0.4612655341625213,23.65625,0.0005151216173544,0.4131329655647278,22.8828125,26.39678955078125,0.448111742734909,1018.0091190338136,19.57930374145508
2024-04-10 13:20:22,0.0011602496961131,0.4612655341625213,23.65625,0.0005151216173544,0.4131329655647278,22.8828125,26.39678955078125,0.448111742734909,1018.0155277252196,19.57930374145508
2024-04-10 13:20:23,0.0011602496961131,0.4612655341625213,23.65625,0.0005151216173544,0.4131329655647278,22.8828125,26.39678955078125,0.448111742734909,1018.0155277252196,19.57930374145508
2024-04-10 13:20:24,0.0011602496961131,0.4612655341625213,23.65625,0.0005151216173544,0.4131329655647278,22.8828125,26.31048583984375,0.448111742734909,1018.0155277252196,19.57930374145508
2024-04-10 13:20:25,0.0011602496961131,0.4612655341625213,23.65625,0.0004477487236727,0.4131329655647278,22.859375,26.31048583984375,0.448111742734909,1018.0155277252196,19.57930374145508
2024-04-10 13:20:26,0.0011602496961131,0.4612655341625213,23.65625,0.0004477487236727,0.4131329655647278,22.859375,26.31048583984375,0.448111742734909,1018.0155277252196,19.58003616333008
2024-04-10 13:20:27,0.0011602496961131,0.4612655341625213,23.65625,0.0004477487236727,0.4131329655647278,22.859375,26.31048583984375,0.448111742734909,1018.0155277252196,19.58003616333008
2024-04-10 13:20:28,0.0009143191273324,0.4612655341625213,23.6796875,0.0004477487236727,0.4131329655647278,22.859375,26.31048583984375,0.448111742734909,1018.0155277252196,19.58003616333008
2024-04-10 13:20:29,0.0009143191273324,0.4612655341625213,23.6796875,0.0004477487236727,0.4131329655647278,22.859375,26.31048583984375,0.448111742734909,1018.0155277252196,19.58003616333008
2024-04-10 13:20:30,0.0009143191273324,0.4612655341625213,23.6796875,0.0004477487236727,0.4131329655647278,22.859375,26.31048583984375,0.448111742734909,1018.0155277252196,19.58003616333008
2024-04-10 13:20:31,0.0009143191273324,0.4612655341625213,23.6796875,0.0004477487236727,0.4131329655647278,22.859375,26.2772216796875,0.448111742734909,1018.0155277252196,19.58003616333008
2024-04-10 13:20:32,0.0009143191273324,0.4612655341625213,23.6796875,0.0004477487236727,0.4131329655647278,22.859375,26.2772216796875,0.448111742734909,1018.0110931396484,19.58003616333008
2024-04-10 13:20:33,0.0009143191273324,0.4612655341625213,23.6796875,0.0004081975494045,0.4131329655647278,22.8671875,26.2772216796875,0.448111742734909,1018.0110931396484,19.58003616333008
2024-04-10 13:20:34,0.0009143191273324,0.4612655341625213,23.6796875,0.0004081975494045,0.4131329655647278,22.8671875,26.2772216796875,0.448111742734909,1018.0110931396484,19.59514808654785
2024-04-10 13:20:35,0.0008590699872002,0.422826737165451,23.71875,0.0004081975494045,0.4131329655647278,22.8671875,26.2772216796875,0.448111742734909,1018.0110931396484,19.59514808654785
2024-04-10 13:20:36,0.0008590699872002,0.422826737165451,23.71875,0.0004081975494045,0.4131329655647278,22.8671875,26.2772216796875,0.448111742734909,1018.0110931396484,19.59514808654785
2024-04-10 13:20:37,0.0008590699872002,0.422826737165451,23.71875,0.0004081975494045,0.4131329655647278,22.8671875,26.2772216796875,0.448111742734909,1018.0225372314452,19.59514808654785
2024-04-10 13:20:38,0.0008590699872002,0.422826737165451,23.71875,0.0004081975494045,0.4131329655647278,22.8671875,26.2772216796875,0.448111742734909,1018.0225372314452,19.59514808654785
2024-04-10 13:20:39,0.0008590699872002,0.422826737165451,23.71875,0.0004081975494045,0.4131329655647278,22.8671875,26.17462158203125,0.448111742734909,1018.0225372314452,19.59514808654785
2024-04-10 13:20:40,0.0008590699872002,0.422826737165451,23.71875,0.0004081975494045,0.4131329655647278,22.8671875,26.17462158203125,0.448111742734909,1018.0225372314452,19.59514808654785
2024-04-10 13:20:41,0.0008590699872002,0.422826737165451,23.71875,0.0004081975494045,0.4131329655647278,22.8671875,26.17462158203125,0.448111742734909,1018.0225372314452,19.59514808654785
2024-04-10 13:20:42,0.0008590699872002,0.422826737165451,23.71875,0.0003632068110164,0.4131329655647278,22.875,26.17462158203125,0.448111742734909,1018.0225372314452,19.602191925048828
2024-04-10 13:20:43,0.0008590699872002,0.422826737165451,23.71875,0.0003632068110164,0.4131329655647278,22.875,26.17462158203125,0.448111742734909,1018.0225372314452,19.602191925048828
2024-04-10 13:20:44,0.0010421683546155,0.4612655341625213,23.71875,0.0003632068110164,0.4131329655647278,22.875,26.17462158203125,0.448111742734909,1018.0225372314452,19.602191925048828
2024-04-10 13:20:45,0.0010421683546155,0.4612655341625213,23.71875,0.0003632068110164,0.4131329655647278,22.875,26.17462158203125,0.448111742734909,1018.0225372314452,19.602191925048828
2024-04-10 13:20:46,0.0010421683546155,0.4612655341625213,23.71875,0.0003632068110164,0.4131329655647278,22.875,26.17462158203125,0.448111742734909,1017.9531002044678,19.602191925048828
2024-04-10 13:20:47,0.0010421683546155,0.4612655341625213,23.71875,0.0003632068110164,0.4131329655647278,22.875,26.128662109375,0.448111742734909,1017.9531002044678,19.602191925048828
2024-04-10 13:20:48,0.0010421683546155,0.4612655341625213,23.71875,0.0003632068110164,0.4131329655647278,22.875,26.128662109375,0.448111742734909,1017.9531002044678,19.602191925048828
2024-04-10 13:20:49,0.0010421683546155,0.4612655341625213,23.71875,0.0005725246737711,0.4131329655647278,22.859375,26.128662109375,0.448111742734909,1017.9531002044678,19.602191925048828
2024-04-10 13:20:50,0.0010421683546155,0.4612655341625213,23.71875,0.0005725246737711,0.4131329655647278,22.859375,26.128662109375,0.448111742734909,1017.9531002044678,19.612972259521484
2024-04-10 13:20:51,0.0010421683546155,0.4612655341625213,23.71875,0.0005725246737711,0.4131329655647278,22.859375,26.128662109375,0.448111742734909,1017.9531002044678,19.612972259521484
2024-04-10 13:20:52,0.0013587799621745,0.4997043311595917,23.75,0.0005725246737711,0.4131329655647278,22.859375,26.128662109375,0.448111742734909,1017.9531002044678,19.612972259521484
2024-04-10 13:20:53,0.0013587799621745,0.4997043311595917,23.75,0.0005725246737711,0.4131329655647278,22.859375,26.128662109375,0.448111742734909,1017.9531002044678,19.612972259521484
2024-04-10 13:20:54,0.0013587799621745,0.4997043311595917,23.75,0.0005725246737711,0.4131329655647278,22.859375,26.128662109375,0.448111742734909,1017.9531002044678,19.612972259521484
2024-04-10 13:20:55,0.0013587799621745,0.4997043311595917,23.75,0.0005725246737711,0.4131329655647278,22.859375,26.17855834960937,0.448111742734909,1017.9925537109376,19.612972259521484
2024-04-10 13:20:56,0.0013587799621745,0.4997043311595917,23.75,0.0005725246737711,0.4131329655647278,22.859375,26.17855834960937,0.448111742734909,1017.9925537109376,19.612972259521484
2024-04-10 13:20:57,0.0013587799621745,0.4997043311595917,23.75,0.0006572906277142,0.4131329655647278,22.875,26.17855834960937,0.448111742734909,1017.9925537109376,19.622339248657227
2024-04-10 13:20:58,0.0013587799621745,0.4997043311595917,23.75,0.0006572906277142,0.4131329655647278,22.875,26.17855834960937,0.448111742734909,1017.9925537109376,19.622339248657227
2024-04-10 13:20:59,0.0013587799621745,0.4997043311595917,23.75,0.0006572906277142,0.4131329655647278,22.875,26.17855834960937,0.448111742734909,1017.9925537109376,19.622339248657227
2024-04-10 13:21:00,0.0010409377282485,0.5381430983543396,23.765625,0.0006572906277142,0.4131329655647278,22.875,26.17855834960937,0.448111742734909,1017.9925537109376,19.622339248657227
2024-04-10 13:21:01,0.0010409377282485,0.5381430983543396,23.765625,0.0006572906277142,0.4131329655647278,22.875,26.17855834960937,0.448111742734909,1017.9925537109376,19.622339248657227
2024-04-10 13:21:02,0.0010409377282485,0.5381430983543396,23.765625,0.0006572906277142,0.4131329655647278,22.875,26.17855834960937,0.448111742734909,1017.9925537109376,19.622339248657227
2024-04-10 13:21:03,0.0010409377282485,0.5381430983543396,23.765625,0.0006572906277142,0.4131329655647278,22.875,26.17855834960937,0.448111742734909,1017.9925537109376,19.622339248657227
2024-04-10 13:21:04,0.0010409377282485,0.5381430983543396,23.765625,0.0006572906277142,0.4131329655647278,22.875,26.17855834960937,0.448111742734909,1017.9925537109376,19.622339248657227
2024-04-10 13:21:05,0.0010409377282485,0.5381430983543396,23.765625,0.0006572906277142,0.4131329655647278,22.875,26.037322998046875,0.448111742734909,1017.987003326416,19.622339248657227
2024-04-10 13:21:06,0.0010409377282485,0.5381430983543396,23.765625,0.0006572906277142,0.4131329655647278,22.875,26.037322998046875,0.448111742734909,1017.987003326416,19.64946174621582
2024-04-10 13:21:07,0.0010409377282485,0.5381430983543396,23.765625,0.0004887732793577,0.4131329655647278,22.84375,26.037322998046875,0.448111742734909,1017.987003326416,19.64946174621582
2024-04-10 13:21:08,0.0007186032598838,0.4997043311595917,23.7890625,0.0004887732793577,0.4131329655647278,22.84375,26.037322998046875,0.448111742734909,1017.987003326416,19.64946174621582
2024-04-10 13:21:09,0.0007186032598838,0.4997043311595917,23.7890625,0.0004887732793577,0.4131329655647278,22.84375,26.037322998046875,0.448111742734909,1017.987003326416,19.64946174621582
2024-04-10 13:21:10,0.0007186032598838,0.4997043311595917,23.7890625,0.0004887732793577,0.4131329655647278,22.84375,26.10479736328125,0.448111742734909,1018.0207633972168,19.64946174621582
2024-04-10 13:21:11,0.0007186032598838,0.4997043311595917,23.7890625,0.0004887732793577,0.4131329655647278,22.84375,26.10479736328125,0.448111742734909,1018.0207633972168,19.64946174621582
2024-04-10 13:21:12,0.0007186032598838,0.4997043311595917,23.7890625,0.0004887732793577,0.4131329655647278,22.84375,26.10479736328125,0.448111742734909,1018.0207633972168,19.64946174621582
2024-04-10 13:21:13,0.0007186032598838,0.4997043311595917,23.7890625,0.0003382400027476,0.4882480502128601,22.8515625,26.10479736328125,0.448111742734909,1018.0207633972168,19.64946174621582
2024-04-10 13:21:14,0.0007186032598838,0.4997043311595917,23.7890625,0.0003382400027476,0.4882480502128601,22.8515625,26.10479736328125,0.448111742734909,1018.0207633972168,19.64946174621582
2024-04-10 13:21:15,0.0007186032598838,0.4997043311595917,23.7890625,0.0003382400027476,0.4882480502128601,22.8515625,26.10479736328125,0.448111742734909,1018.0207633972168,19.66244506835937
2024-04-10 13:21:16,0.0010634566424414,0.422826737165451,23.8125,0.0003382400027476,0.4882480502128601,22.8515625,26.10479736328125,0.448111742734909,1018.0207633972168,19.66244506835937
2024-04-10 13:21:17,0.0010634566424414,0.422826737165451,23.8125,0.0003382400027476,0.4882480502128601,22.8515625,26.10479736328125,0.4479883313179016,1018.0207633972168,19.66244506835937
2024-04-10 13:21:18,0.0010634566424414,0.422826737165451,23.8125,0.0003382400027476,0.4882480502128601,22.8515625,26.10479736328125,0.4479883313179016,1017.9765033721924,19.66244506835937
2024-04-10 13:21:19,0.0010634566424414,0.422826737165451,23.8125,0.0003382400027476,0.4882480502128601,22.8515625,26.10479736328125,0.4479883313179016,1017.9765033721924,19.66244506835937
2024-04-10 13:21:20,0.0010634566424414,0.422826737165451,23.8125,0.0003382400027476,0.4882480502128601,22.8515625,26.174591064453125,0.4479883313179016,1017.9765033721924,19.66244506835937
2024-04-10 13:21:21,0.0010634566424414,0.422826737165451,23.8125,0.0005372988525778,0.4506905078887939,22.8359375,26.174591064453125,0.4479883313179016,1017.9765033721924,19.66244506835937
2024-04-10 13:21:22,0.0010634566424414,0.422826737165451,23.8125,0.0005372988525778,0.4506905078887939,22.8359375,26.174591064453125,0.4479883313179016,1017.9765033721924,19.66244506835937
2024-04-10 13:21:23,0.0010634566424414,0.422826737165451,23.8125,0.0005372988525778,0.4506905078887939,22.8359375,26.174591064453125,0.4479883313179016,1017.9765033721924,19.669546127319336
2024-04-10 13:21:24,0.0011255820281803,0.422826737165451,23.828125,0.0005372988525778,0.4506905078887939,22.8359375,26.174591064453125,0.4479883313179016,1017.9765033721924,19.669546127319336
2024-04-10 13:21:25,0.0011255820281803,0.422826737165451,23.828125,0.0005372988525778,0.4506905078887939,22.8359375,26.174591064453125,0.4479883313179016,1017.9871463775636,19.669546127319336
2024-04-10 13:21:26,0.0011255820281803,0.422826737165451,23.828125,0.0005372988525778,0.4506905078887939,22.8359375,26.080047607421875,0.4479883313179016,1017.9871463775636,19.669546127319336
2024-04-10 13:21:27,0.0011255820281803,0.422826737165451,23.828125,0.0005372988525778,0.4506905078887939,22.8359375,26.080047607421875,0.4479883313179016,1017.9871463775636,19.669546127319336
2024-04-10 13:21:28,0.0011255820281803,0.422826737165451,23.828125,0.0005372988525778,0.4506905078887939,22.8359375,26.080047607421875,0.4479883313179016,1017.9871463775636,19.669546127319336
2024-04-10 13:21:29,0.0011255820281803,0.422826737165451,23.828125,0.0005372988525778,0.4506905078887939,22.8359375,26.080047607421875,0.4479883313179016,1017.9871463775636,19.669546127319336
2024-04-10 13:21:30,0.0011255820281803,0.422826737165451,23.828125,0.0007284620660357,0.3755754232406616,22.796875,26.080047607421875,0.4479883313179016,1017.9871463775636,19.669546127319336
2024-04-10 13:21:31,0.0011255820281803,0.422826737165451,23.828125,0.0007284620660357,0.3755754232406616,22.796875,26.080047607421875,0.4479883313179016,1017.9871463775636,19.68517303466797
2024-04-10 13:21:32,0.0008251491235569,0.422826737165451,23.859375,0.0007284620660357,0.3755754232406616,22.796875,26.080047607421875,0.4479883313179016,1017.9871463775636,19.68517303466797
2024-04-10 13:21:33,0.0008251491235569,0.422826737165451,23.859375,0.0007284620660357,0.3755754232406616,22.796875,26.080047607421875,0.4479883313179016,1017.9871463775636,19.68517303466797
2024-04-10 13:21:34,0.0008251491235569,0.422826737165451,23.859375,0.0007284620660357,0.3755754232406616,22.796875,26.080047607421875,0.4479883313179016,1017.9770469665528,19.68517303466797
2024-04-10 13:21:35,0.0008251491235569,0.422826737165451,23.859375,0.0007284620660357,0.3755754232406616,22.796875,26.02450561523437,0.4479883313179016,1017.9770469665528,19.68517303466797
2024-04-10 13:21:36,0.0008251491235569,0.422826737165451,23.859375,0.0007284620660357,0.3755754232406616,22.796875,26.02450561523437,0.4479883313179016,1017.9770469665528,19.68517303466797
2024-04-10 13:21:37,0.0008251491235569,0.422826737165451,23.859375,0.0004432048590388,0.4506905078887939,22.8203125,26.02450561523437,0.4479883313179016,1017.9770469665528,19.68517303466797
2024-04-10 13:21:38,0.0008251491235569,0.422826737165451,23.859375,0.0004432048590388,0.4506905078887939,22.8203125,26.02450561523437,0.4479883313179016,1017.9770469665528,19.69085502624512
2024-04-10 13:21:39,0.0008251491235569,0.422826737165451,23.859375,0.0004432048590388,0.4506905078887939,22.8203125,26.02450561523437,0.4479883313179016,1017.9770469665528,19.69085502624512
2024-04-10 13:21:40,0.0011290033580735,0.4612655341625213,23.8828125,0.0004432048590388,0.4506905078887939,22.8203125,26.02450561523437,0.4479883313179016,1017.9770469665528,19.69085502624512
2024-04-10 13:21:41,0.0011290033580735,0.4612655341625213,23.8828125,0.0004432048590388,0.4506905078887939,22.8203125,26.02450561523437,0.4479883313179016,1017.9770469665528,19.69085502624512
2024-04-10 13:21:42,0.0011290033580735,0.4612655341625213,23.8828125,0.0004432048590388,0.4506905078887939,22.8203125,26.015167236328125,0.4479883313179016,1017.9770469665528,19.69085502624512
2024-04-10 13:21:43,0.0011290033580735,0.4612655341625213,23.8828125,0.0004432048590388,0.4506905078887939,22.8203125,26.015167236328125,0.4479883313179016,1017.9770469665528,19.69085502624512
2024-04-10 13:21:44,0.0011290033580735,0.4612655341625213,23.8828125,0.0004432048590388,0.4506905078887939,22.8203125,26.015167236328125,0.4479883313179016,1017.965602874756,19.69085502624512
2024-04-10 13:21:45,0.0011290033580735,0.4612655341625213,23.8828125,0.0007371851825155,0.4131329655647278,22.8046875,26.015167236328125,0.4479883313179016,1017.965602874756,19.70553207397461
2024-04-10 13:21:46,0.0011290033580735,0.4612655341625213,23.8828125,0.0007371851825155,0.4131329655647278,22.8046875,26.015167236328125,0.4479883313179016,1017.965602874756,19.70553207397461
2024-04-10 13:21:47,0.0011290033580735,0.4612655341625213,23.8828125,0.0007371851825155,0.4131329655647278,22.8046875,26.015167236328125,0.4479883313179016,1017.965602874756,19.70553207397461
2024-04-10 13:21:48,0.0011344522936269,0.4612655341625213,23.890625,0.0007371851825155,0.4131329655647278,22.8046875,26.015167236328125,0.4479883313179016,1017.965602874756,19.70553207397461
2024-04-10 13:21:49,0.0011344522936269,0.4612655341625213,23.890625,0.0007371851825155,0.4131329655647278,22.8046875,26.015167236328125,0.4479883313179016,1018.0014801025392,19.70553207397461
2024-04-10 13:21:50,0.0011344522936269,0.4612655341625213,23.890625,0.0007371851825155,0.4131329655647278,22.8046875,26.015167236328125,0.4479883313179016,1018.0014801025392,19.70553207397461
2024-04-10 13:21:51,0.0011344522936269,0.4612655341625213,23.890625,0.0007371851825155,0.4131329655647278,22.8046875,26.0494384765625,0.4479883313179016,1018.0014801025392,19.70553207397461
2024-04-10 13:21:52,0.0011344522936269,0.4612655341625213,23.890625,0.0007371851825155,0.4131329655647278,22.8046875,26.0494384765625,0.4479883313179016,1018.0014801025392,19.70553207397461
2024-04-10 13:21:53,0.0011344522936269,0.4612655341625213,23.890625,0.0007915884489193,0.4131329655647278,22.8125,26.0494384765625,0.4479883313179016,1018.0014801025392,19.70553207397461
2024-04-10 13:21:54,0.0011344522936269,0.4612655341625213,23.890625,0.0007915884489193,0.4131329655647278,22.8125,26.0494384765625,0.4479883313179016,1018.0014801025392,19.710596084594727
2024-04-10 13:21:55,0.0011344522936269,0.4612655341625213,23.890625,0.0007915884489193,0.4131329655647278,22.8125,26.0494384765625,0.4479883313179016,1018.0014801025392,19.710596084594727
2024-04-10 13:21:56,0.0011344522936269,0.4612655341625213,23.890625,0.0007915884489193,0.4131329655647278,22.8125,26.0494384765625,0.4479883313179016,1018.0014801025392,19.710596084594727
2024-04-10 13:21:57,0.0011611386435106,0.422826737165451,23.890625,0.0007915884489193,0.4131329655647278,22.8125,26.0494384765625,0.4479883313179016,1018.0014801025392,19.710596084594727
2024-04-10 13:21:58,0.0011611386435106,0.422826737165451,23.890625,0.0007915884489193,0.4131329655647278,22.8125,25.91693115234375,0.4479883313179016,1018.0044841766356,19.710596084594727
2024-04-10 13:21:59,0.0011611386435106,0.422826737165451,23.890625,0.0007915884489193,0.4131329655647278,22.8125,25.91693115234375,0.4479883313179016,1018.0044841766356,19.710596084594727
2024-04-10 13:22:00,0.0011611386435106,0.422826737165451,23.890625,0.0007915884489193,0.4131329655647278,22.8125,25.91693115234375,0.4479883313179016,1018.0044841766356,19.710596084594727
2024-04-10 13:22:01,0.0011611386435106,0.422826737165451,23.890625,0.0004228426259942,0.4131329655647278,22.7734375,25.91693115234375,0.4479883313179016,1018.0044841766356,19.719173431396484
2024-04-10 13:22:02,0.0011611386435106,0.422826737165451,23.890625,0.0004228426259942,0.4131329655647278,22.7734375,25.91693115234375,0.4479883313179016,1018.0044841766356,19.719173431396484
2024-04-10 13:22:03,0.0011611386435106,0.422826737165451,23.890625,0.0004228426259942,0.4131329655647278,22.7734375,25.91693115234375,0.4479883313179016,1018.0044841766356,19.719173431396484
2024-04-10 13:22:04,0.0013417026493698,0.4612655341625213,23.8984375,0.0004228426259942,0.4131329655647278,22.7734375,25.91693115234375,0.4479883313179016,1018.0044841766356,19.719173431396484
2024-04-10 13:22:05,0.0013417026493698,0.4612655341625213,23.8984375,0.0004228426259942,0.4131329655647278,22.7734375,25.91693115234375,0.4479883313179016,1018.0044841766356,19.719173431396484
2024-04-10 13:22:06,0.0013417026493698,0.4612655341625213,23.8984375,0.0004228426259942,0.4131329655647278,22.7734375,25.91693115234375,0.4479883313179016,1018.0045986175536,19.719173431396484
2024-04-10 13:22:07,0.0013417026493698,0.4612655341625213,23.8984375,0.0004228426259942,0.4131329655647278,22.7734375,25.87020874023437,0.4479883313179016,1018.0045986175536,19.719173431396484
2024-04-10 13:22:08,0.0013417026493698,0.4612655341625213,23.8984375,0.0004228426259942,0.4131329655647278,22.7734375,25.87020874023437,0.4479883313179016,1018.0045986175536,19.719173431396484
2024-04-10 13:22:09,0.0013417026493698,0.4612655341625213,23.8984375,0.000801236485131,0.4131329655647278,22.7890625,25.87020874023437,0.4479883313179016,1018.0045986175536,19.719173431396484
2024-04-10 13:22:10,0.0013417026493698,0.4612655341625213,23.8984375,0.000801236485131,0.4131329655647278,22.7890625,25.87020874023437,0.4479883313179016,1018.0045986175536,19.719173431396484
2024-04-10 13:22:11,0.0013417026493698,0.4612655341625213,23.8984375,0.000801236485131,0.4131329655647278,22.7890625,25.87020874023437,0.4479883313179016,1018.0045986175536,19.719173431396484
2024-04-10 13:22:12,0.0014833258464932,0.4612655341625213,23.921875,0.000801236485131,0.4131329655647278,22.7890625,25.87020874023437,0.4479883313179016,1018.0045986175536,19.734405517578125
2024-04-10 13:22:13,0.0014833258464932,0.4612655341625213,23.921875,0.000801236485131,0.4131329655647278,22.7890625,25.87020874023437,0.4479883313179016,1018.0045986175536,19.734405517578125
2024-04-10 13:22:14,0.0014833258464932,0.4612655341625213,23.921875,0.000801236485131,0.4131329655647278,22.7890625,25.87020874023437,0.4479883313179016,1018.0045986175536,19.734405517578125
2024-04-10 13:22:15,0.0014833258464932,0.4612655341625213,23.921875,0.000801236485131,0.4131329655647278,22.7890625,25.87020874023437,0.4479883313179016,1017.9748153686523,19.734405517578125
2024-04-10 13:22:16,0.0014833258464932,0.4612655341625213,23.921875,0.000801236485131,0.4131329655647278,22.7890625,25.897491455078125,0.4479883313179016,1017.9748153686523,19.734405517578125
2024-04-10 13:22:17,0.0014833258464932,0.4612655341625213,23.921875,0.000801236485131,0.4131329655647278,22.7890625,25.897491455078125,0.4479883313179016,1017.9748153686523,19.734405517578125
2024-04-10 13:22:18,0.0014833258464932,0.4612655341625213,23.921875,0.000801236485131,0.4131329655647278,22.7890625,25.897491455078125,0.4467695951461792,1017.9748153686523,19.751296997070312
2024-04-10 13:22:19,0.0014833258464932,0.4612655341625213,23.921875,0.0005415165214799,0.4131329655647278,22.78125,25.897491455078125,0.4467695951461792,1017.9748153686523,19.751296997070312
2024-04-10 13:22:20,0.0011859819060191,0.422826737165451,23.953125,0.0005415165214799,0.4131329655647278,22.78125,25.897491455078125,0.4467695951461792,1017.9748153686523,19.751296997070312
2024-04-10 13:22:21,0.0011859819060191,0.422826737165451,23.953125,0.0005415165214799,0.4131329655647278,22.78125,25.897491455078125,0.4467695951461792,1017.9748153686523,19.751296997070312
2024-04-10 13:22:22,0.0011859819060191,0.422826737165451,23.953125,0.0005415165214799,0.4131329655647278,22.78125,25.897491455078125,0.4467695951461792,1018.0124950408936,19.751296997070312
2024-04-10 13:22:23,0.0011859819060191,0.422826737165451,23.953125,0.0005415165214799,0.4131329655647278,22.78125,25.893218994140625,0.4467695951461792,1018.0124950408936,19.751296997070312
2024-04-10 13:22:24,0.0011859819060191,0.422826737165451,23.953125,0.0005415165214799,0.4131329655647278,22.78125,25.893218994140625,0.4467695951461792,1018.0124950408936,19.751296997070312
2024-04-10 13:22:25,0.0011859819060191,0.422826737165451,23.953125,0.0004377189325168,0.4882480502128601,22.75,25.893218994140625,0.4467695951461792,1018.0124950408936,19.751296997070312
2024-04-10 13:22:26,0.0011859819060191,0.422826737165451,23.953125,0.0004377189325168,0.4882480502128601,22.75,25.893218994140625,0.4467695951461792,1018.0124950408936,19.770042419433597
2024-04-10 13:22:27,0.0011859819060191,0.422826737165451,23.953125,0.0004377189325168,0.4882480502128601,22.75,25.893218994140625,0.4467695951461792,1018.0124950408936,19.770042419433597
2024-04-10 13:22:28,0.0008830978185869,0.422826737165451,23.9609375,0.0004377189325168,0.4882480502128601,22.75,25.893218994140625,0.4467695951461792,1018.0124950408936,19.770042419433597
2024-04-10 13:22:29,0.0008830978185869,0.422826737165451,23.9609375,0.0004377189325168,0.4882480502128601,22.75,25.893218994140625,0.4467695951461792,1018.0124950408936,19.770042419433597
2024-04-10 13:22:30,0.0008830978185869,0.422826737165451,23.9609375,0.0004377189325168,0.4882480502128601,22.75,25.893218994140625,0.4467695951461792,1017.999963760376,19.770042419433597
2024-04-10 13:22:31,0.0008830978185869,0.422826737165451,23.9609375,0.0004377189325168,0.4882480502128601,22.75,25.893218994140625,0.4467695951461792,1017.999963760376,19.770042419433597
2024-04-10 13:22:32,0.0008830978185869,0.422826737165451,23.9609375,0.0004377189325168,0.4882480502128601,22.75,25.938873291015625,0.4467695951461792,1017.999963760376,19.770042419433597
2024-04-10 13:22:33,0.0008830978185869,0.422826737165451,23.9609375,0.0005196621641516,0.4131329655647278,22.7265625,25.938873291015625,0.4467695951461792,1017.999963760376,19.770042419433597
2024-04-10 13:22:34,0.0008830978185869,0.422826737165451,23.9609375,0.0005196621641516,0.4131329655647278,22.7265625,25.938873291015625,0.4467695951461792,1017.999963760376,19.770042419433597
2024-04-10 13:22:35,0.0008830978185869,0.422826737165451,23.9609375,0.0005196621641516,0.4131329655647278,22.7265625,25.938873291015625,0.4467695951461792,1017.999963760376,19.781068801879883
2024-04-10 13:22:36,0.000977887539193,0.422826737165451,23.96875,0.0005196621641516,0.4131329655647278,22.7265625,25.938873291015625,0.4467695951461792,1017.999963760376,19.781068801879883
2024-04-10 13:22:37,0.000977887539193,0.422826737165451,23.96875,0.0005196621641516,0.4131329655647278,22.7265625,25.938873291015625,0.4467695951461792,1018.0084896087646,19.781068801879883
2024-04-10 13:22:38,0.000977887539193,0.422826737165451,23.96875,0.0005196621641516,0.4131329655647278,22.7265625,25.938873291015625,0.4467695951461792,1018.0084896087646,19.781068801879883
2024-04-10 13:22:39,0.000977887539193,0.422826737165451,23.96875,0.0005196621641516,0.4131329655647278,22.7265625,25.94012451171875,0.4467695951461792,1018.0084896087646,19.781068801879883
2024-04-10 13:22:40,0.000977887539193,0.422826737165451,23.96875,0.0005196621641516,0.4131329655647278,22.7265625,25.94012451171875,0.4467695951461792,1018.0084896087646,19.781068801879883
2024-04-10 13:22:41,0.000977887539193,0.422826737165451,23.96875,0.0007238268153741,0.4131329655647278,22.7265625,25.94012451171875,0.4467695951461792,1018.0084896087646,19.781068801879883
2024-04-10 13:22:42,0.000977887539193,0.422826737165451,23.96875,0.0007238268153741,0.4131329655647278,22.7265625,25.94012451171875,0.4467695951461792,1018.0084896087646,19.79924774169922
2024-04-10 13:22:43,0.000977887539193,0.422826737165451,23.96875,0.0007238268153741,0.4131329655647278,22.7265625,25.94012451171875,0.4467695951461792,1018.0084896087646,19.79924774169922
2024-04-10 13:22:44,0.0009558260790072,0.4612655341625213,23.984375,0.0007238268153741,0.4131329655647278,22.7265625,25.94012451171875,0.4467695951461792,1018.0084896087646,19.79924774169922
2024-04-10 13:22:45,0.0009558260790072,0.4612655341625213,23.984375,0.0007238268153741,0.4131329655647278,22.7265625,25.94012451171875,0.4467695951461792,1017.979736328125,19.79924774169922
2024-04-10 13:22:46,0.0009558260790072,0.4612655341625213,23.984375,0.0007238268153741,0.4131329655647278,22.7265625,25.94012451171875,0.4467695951461792,1017.979736328125,19.79924774169922
2024-04-10 13:22:47,0.0009558260790072,0.4612655341625213,23.984375,0.0007238268153741,0.4131329655647278,22.7265625,25.962066650390625,0.4467695951461792,1017.979736328125,19.79924774169922
2024-04-10 13:22:48,0.0009558260790072,0.4612655341625213,23.984375,0.0007238268153741,0.4131329655647278,22.7265625,25.962066650390625,0.4467695951461792,1017.979736328125,19.79924774169922
2024-04-10 13:22:49,0.0009558260790072,0.4612655341625213,23.984375,0.0006244023679755,0.4506905078887939,22.7421875,25.962066650390625,0.4467695951461792,1017.979736328125,19.79924774169922
2024-04-10 13:22:50,0.0009558260790072,0.4612655341625213,23.984375,0.0006244023679755,0.4506905078887939,22.7421875,25.962066650390625,0.4467695951461792,1017.979736328125,19.789691925048828
2024-04-10 13:22:51,0.0008966941968537,0.4612655341625213,23.9921875,0.0006244023679755,0.4506905078887939,22.7421875,25.962066650390625,0.4467695951461792,1017.979736328125,19.789691925048828
2024-04-10 13:22:52,0.0008966941968537,0.4612655341625213,23.9921875,0.0006244023679755,0.4506905078887939,22.7421875,25.962066650390625,0.4467695951461792,1017.979736328125,19.789691925048828
2024-04-10 13:22:53,0.0008966941968537,0.4612655341625213,23.9921875,0.0006244023679755,0.4506905078887939,22.7421875,25.962066650390625,0.4467695951461792,1017.979736328125,19.789691925048828
2024-04-10 13:22:54,0.0008966941968537,0.4612655341625213,23.9921875,0.0006244023679755,0.4506905078887939,22.7421875,25.962066650390625,0.4467695951461792,1017.979736328125,19.789691925048828
2024-04-10 13:22:55,0.0008966941968537,0.4612655341625213,23.9921875,0.0006244023679755,0.4506905078887939,22.7421875,25.962066650390625,0.4467695951461792,1018.0201625823976,19.789691925048828
2024-04-10 13:22:56,0.0008966941968537,0.4612655341625213,23.9921875,0.0006244023679755,0.4506905078887939,22.7421875,25.962066650390625,0.4467695951461792,1018.0201625823976,19.789691925048828
2024-04-10 13:22:57,0.0008966941968537,0.4612655341625213,23.9921875,0.0005983359296806,0.4506905078887939,22.6953125,25.962066650390625,0.4467695951461792,1018.0201625823976,19.787792205810547
2024-04-10 13:22:58,0.0008966941968537,0.4612655341625213,23.9921875,0.0005983359296806,0.4506905078887939,22.6953125,25.9554443359375,0.4467695951461792,1018.0201625823976,19.787792205810547
2024-04-10 13:22:59,0.0008966941968537,0.4612655341625213,23.9921875,0.0005983359296806,0.4506905078887939,22.6953125,25.9554443359375,0.4467695951461792,1018.0201625823976,19.787792205810547
2024-04-10 13:23:00,0.0012358662206679,0.422826737165451,23.984375,0.0005983359296806,0.4506905078887939,22.6953125,25.9554443359375,0.4467695951461792,1018.0201625823976,19.787792205810547
2024-04-10 13:23:01,0.0012358662206679,0.422826737165451,23.984375,0.0005983359296806,0.4506905078887939,22.6953125,25.9554443359375,0.4467695951461792,1018.0201625823976,19.787792205810547
2024-04-10 13:23:02,0.0012358662206679,0.422826737165451,23.984375,0.0005983359296806,0.4506905078887939,22.6953125,25.9554443359375,0.4467695951461792,1018.0201625823976,19.787792205810547
2024-04-10 13:23:03,0.0012358662206679,0.422826737165451,23.984375,0.0005983359296806,0.4506905078887939,22.6953125,25.918670654296875,0.4467695951461792,1018.0201625823976,19.787792205810547
2024-04-10 13:23:04,0.0012358662206679,0.422826737165451,23.984375,0.0005983359296806,0.4506905078887939,22.6953125,25.918670654296875,0.4467695951461792,1018.0201625823976,19.787792205810547
2024-04-10 13:23:05,0.0012358662206679,0.422826737165451,23.984375,0.0009007770568132,0.4131329655647278,22.703125,25.918670654296875,0.4467695951461792,1018.0201625823976,19.796884536743164
2024-04-10 13:23:06,0.0012358662206679,0.422826737165451,23.984375,0.0009007770568132,0.4131329655647278,22.703125,25.918670654296875,0.4467695951461792,1018.018388748169,19.796884536743164
2024-04-10 13:23:07,0.0012358662206679,0.422826737165451,23.984375,0.0009007770568132,0.4131329655647278,22.703125,25.918670654296875,0.4467695951461792,1018.018388748169,19.796884536743164
2024-04-10 13:23:08,0.0012358662206679,0.422826737165451,23.984375,0.0009007770568132,0.4131329655647278,22.703125,25.918670654296875,0.4467695951461792,1018.018388748169,19.796884536743164
2024-04-10 13:23:09,0.0012358662206679,0.422826737165451,23.984375,0.0009007770568132,0.4131329655647278,22.703125,25.918670654296875,0.4467695951461792,1018.03240776062,19.796884536743164
2024-04-10 13:23:10,0.0012358662206679,0.422826737165451,23.984375,0.0009007770568132,0.4131329655647278,22.703125,25.891082763671875,0.4467695951461792,1018.03240776062,19.796884536743164
2024-04-10 13:23:11,0.0012358662206679,0.422826737165451,23.984375,0.0009007770568132,0.4131329655647278,22.703125,25.891082763671875,0.4467695951461792,1018.03240776062,19.796884536743164
2024-04-10 13:23:12,0.0012358662206679,0.422826737165451,23.984375,0.0009007770568132,0.4131329655647278,22.703125,25.891082763671875,0.4467695951461792,1018.03240776062,19.796884536743164
2024-04-10 13:23:13,0.0012358662206679,0.422826737165451,23.984375,0.0009007770568132,0.4131329655647278,22.703125,25.891082763671875,0.4467695951461792,1018.03240776062,19.796884536743164
2024-04-10 13:23:14,0.0012358662206679,0.422826737165451,23.984375,0.0003659301146399,0.4131329655647278,22.6953125,25.891082763671875,0.4467695951461792,1018.03240776062,19.796884536743164
2024-04-10 13:23:15,0.0010738116689026,0.4997043311595917,24.015625,0.0003659301146399,0.4131329655647278,22.6953125,25.891082763671875,0.4467695951461792,1018.03240776062,19.796884536743164
2024-04-10 13:23:16,0.0010089999996125,0.4612655341625213,24.0078125,0.0003659301146399,0.4131329655647278,22.6953125,25.891082763671875,0.4483432471752167,1018.03240776062,19.793851852416992
2024-04-10 13:23:17,0.0010089999996125,0.4612655341625213,24.0078125,0.0003659301146399,0.4131329655647278,22.6953125,25.891082763671875,0.4483432471752167,1018.03240776062,19.793851852416992
2024-04-10 13:23:18,0.0010089999996125,0.4612655341625213,24.0078125,0.0003659301146399,0.4131329655647278,22.6953125,25.891082763671875,0.4483432471752167,1018.0064296722412,19.793851852416992
2024-04-10 13:23:19,0.0010089999996125,0.4612655341625213,24.0078125,0.0003659301146399,0.4131329655647278,22.6953125,25.870635986328125,0.4483432471752167,1018.0064296722412,19.793851852416992
2024-04-10 13:23:20,0.0010089999996125,0.4612655341625213,24.0078125,0.0003659301146399,0.4131329655647278,22.6953125,25.870635986328125,0.4483432471752167,1018.0064296722412,19.793851852416992
2024-04-10 13:23:21,0.0010089999996125,0.4612655341625213,24.0078125,0.0003659301146399,0.4131329655647278,22.6953125,25.870635986328125,0.4483432471752167,1018.0064296722412,19.793851852416992
2024-04-10 13:23:22,0.0010089999996125,0.4612655341625213,24.0078125,0.0003582840436138,0.4131329655647278,22.671875,25.870635986328125,0.4483432471752167,1018.0064296722412,19.793851852416992
2024-04-10 13:23:23,0.0010089999996125,0.4612655341625213,24.0078125,0.0003582840436138,0.4131329655647278,22.671875,25.870635986328125,0.4483432471752167,1018.0064296722412,19.793851852416992
2024-04-10 13:23:24,0.0010991794988512,0.4612655341625213,24.03125,0.0003582840436138,0.4131329655647278,22.671875,25.870635986328125,0.4483432471752167,1018.0064296722412,19.793851852416992
2024-04-10 13:23:25,0.0010991794988512,0.4612655341625213,24.03125,0.0003582840436138,0.4131329655647278,22.671875,25.870635986328125,0.4483432471752167,1018.0064296722412,19.793851852416992
2024-04-10 13:23:26,0.0010991794988512,0.4612655341625213,24.03125,0.0003582840436138,0.4131329655647278,22.671875,25.870635986328125,0.4483432471752167,1018.045539855957,19.80452919006348
2024-04-10 13:23:27,0.0010991794988512,0.4612655341625213,24.03125,0.0003582840436138,0.4131329655647278,22.671875,25.870635986328125,0.4483432471752167,1018.045539855957,19.80452919006348
2024-04-10 13:23:28,0.0010991794988512,0.4612655341625213,24.03125,0.0003582840436138,0.4131329655647278,22.671875,25.9168701171875,0.4483432471752167,1018.045539855957,19.80452919006348
2024-04-10 13:23:29,0.0010991794988512,0.4612655341625213,24.03125,0.0006311902543529,0.4506905078887939,22.671875,25.9168701171875,0.4483432471752167,1018.045539855957,19.80452919006348
2024-04-10 13:23:30,0.0010991794988512,0.4612655341625213,24.03125,0.0006311902543529,0.4506905078887939,22.671875,25.9168701171875,0.4483432471752167,1018.045539855957,19.80452919006348
2024-04-10 13:23:31,0.0010991794988512,0.4612655341625213,24.03125,0.0006311902543529,0.4506905078887939,22.671875,25.9168701171875,0.4483432471752167,1018.045539855957,19.793657302856445
2024-04-10 13:23:32,0.0011885544518008,0.422826737165451,24.046875,0.0006311902543529,0.4506905078887939,22.671875,25.9168701171875,0.4483432471752167,1018.045539855957,19.793657302856445
2024-04-10 13:23:33,0.0011885544518008,0.422826737165451,24.046875,0.0006311902543529,0.4506905078887939,22.671875,25.9168701171875,0.4483432471752167,1018.012351989746,19.793657302856445
2024-04-10 13:23:34,0.0011885544518008,0.422826737165451,24.046875,0.0006311902543529,0.4506905078887939,22.671875,25.9168701171875,0.4483432471752167,1018.012351989746,19.793657302856445
2024-04-10 13:23:35,0.0011885544518008,0.422826737165451,24.046875,0.0006311902543529,0.4506905078887939,22.671875,25.968292236328125,0.4483432471752167,1018.012351989746,19.793657302856445
2024-04-10 13:23:36,0.0011885544518008,0.422826737165451,24.046875,0.0006311902543529,0.4506905078887939,22.671875,25.968292236328125,0.4483432471752167,1018.012351989746,19.793657302856445
2024-04-10 13:23:37,0.0011885544518008,0.422826737165451,24.046875,0.0009783874265849,0.4131329655647278,22.6640625,25.968292236328125,0.4483432471752167,1018.012351989746,19.793657302856445
2024-04-10 13:23:38,0.0011885544518008,0.422826737165451,24.046875,0.0009783874265849,0.4131329655647278,22.6640625,25.968292236328125,0.4483432471752167,1018.012351989746,19.78679084777832
2024-04-10 13:23:39,0.0011885544518008,0.422826737165451,24.046875,0.0009783874265849,0.4131329655647278,22.6640625,25.968292236328125,0.4483432471752167,1018.012351989746,19.78679084777832
2024-04-10 13:23:40,0.0009819498518481,0.4612655341625213,24.046875,0.0009783874265849,0.4131329655647278,22.6640625,25.968292236328125,0.4483432471752167,1018.012351989746,19.78679084777832
2024-04-10 13:23:41,0.0009819498518481,0.4612655341625213,24.046875,0.0009783874265849,0.4131329655647278,22.6640625,25.968292236328125,0.4483432471752167,1018.012351989746,19.78679084777832
2024-04-10 13:23:42,0.0009819498518481,0.4612655341625213,24.046875,0.0009783874265849,0.4131329655647278,22.6640625,25.968292236328125,0.4483432471752167,1018.012351989746,19.78679084777832
2024-04-10 13:23:43,0.0009819498518481,0.4612655341625213,24.046875,0.0009783874265849,0.4131329655647278,22.6640625,25.968292236328125,0.4483432471752167,1018.012351989746,19.78679084777832
2024-04-10 13:23:44,0.0009819498518481,0.4612655341625213,24.046875,0.0009783874265849,0.4131329655647278,22.6640625,25.97494506835937,0.4483432471752167,1018.012351989746,19.78679084777832
2024-04-10 13:23:45,0.0009819498518481,0.4612655341625213,24.046875,0.0004936238983646,0.4131329655647278,22.6484375,25.97494506835937,0.4483432471752167,1018.012351989746,19.78679084777832
2024-04-10 13:23:46,0.0009819498518481,0.4612655341625213,24.046875,0.0004936238983646,0.4131329655647278,22.6484375,25.97494506835937,0.4483432471752167,1018.012351989746,19.777332305908203
2024-04-10 13:23:47,0.0009819498518481,0.4612655341625213,24.046875,0.0004936238983646,0.4131329655647278,22.6484375,25.97494506835937,0.4483432471752167,1018.0212783813477,19.777332305908203
2024-04-10 13:23:48,0.0014648713404312,0.4612655341625213,24.046875,0.0004936238983646,0.4131329655647278,22.6484375,25.97494506835937,0.4483432471752167,1018.0212783813477,19.777332305908203
2024-04-10 13:23:49,0.0014648713404312,0.4612655341625213,24.046875,0.0004936238983646,0.4131329655647278,22.6484375,25.97494506835937,0.4483432471752167,1018.0212783813477,19.777332305908203
2024-04-10 13:23:50,0.0014648713404312,0.4612655341625213,24.046875,0.0004936238983646,0.4131329655647278,22.6484375,25.97494506835937,0.4483432471752167,1018.0472564697266,19.777332305908203
2024-04-10 13:23:51,0.0014648713404312,0.4612655341625213,24.046875,0.0004936238983646,0.4131329655647278,22.6484375,25.99066162109375,0.4483432471752167,1018.0472564697266,19.777332305908203
2024-04-10 13:23:52,0.0014648713404312,0.4612655341625213,24.046875,0.0004936238983646,0.4131329655647278,22.6484375,25.99066162109375,0.4483432471752167,1018.0472564697266,19.777332305908203
2024-04-10 13:23:53,0.0014648713404312,0.4612655341625213,24.046875,0.0004936238983646,0.4131329655647278,22.6484375,25.99066162109375,0.4483432471752167,1018.0472564697266,19.777332305908203
2024-04-10 13:23:54,0.0014648713404312,0.4612655341625213,24.046875,0.0006888305651955,0.4131329655647278,22.625,25.99066162109375,0.4483432471752167,1018.0472564697266,19.772846221923828
2024-04-10 13:23:55,0.0014648713404312,0.4612655341625213,24.046875,0.0006888305651955,0.4131329655647278,22.625,25.99066162109375,0.4483432471752167,1018.0472564697266,19.772846221923828
2024-04-10 13:23:56,0.0014648713404312,0.4612655341625213,24.046875,0.0006888305651955,0.4131329655647278,22.625,25.99066162109375,0.4483432471752167,1018.0472564697266,19.772846221923828
2024-04-10 13:23:57,0.0010021890047937,0.4612655341625213,24.078125,0.0006888305651955,0.4131329655647278,22.625,25.99066162109375,0.4483432471752167,1018.0090618133544,19.772846221923828
2024-04-10 13:23:58,0.0010021890047937,0.4612655341625213,24.078125,0.0006888305651955,0.4131329655647278,22.625,25.99066162109375,0.4483432471752167,1018.0090618133544,19.772846221923828
2024-04-10 13:23:59,0.0010021890047937,0.4612655341625213,24.078125,0.0006888305651955,0.4131329655647278,22.625,25.84136962890625,0.4483432471752167,1018.0090618133544,19.772846221923828
2024-04-10 13:24:00,0.0010021890047937,0.4612655341625213,24.078125,0.0006888305651955,0.4131329655647278,22.625,25.84136962890625,0.4483432471752167,1018.0090618133544,19.772846221923828
2024-04-10 13:24:01,0.0010021890047937,0.4612655341625213,24.078125,0.0006888305651955,0.4131329655647278,22.625,25.84136962890625,0.4483432471752167,1018.0090618133544,19.772846221923828
2024-04-10 13:24:02,0.0010021890047937,0.4612655341625213,24.078125,0.0004234760417602,0.4506905078887939,22.609375,25.84136962890625,0.4483432471752167,1018.0090618133544,19.77079200744629
2024-04-10 13:24:03,0.0010021890047937,0.4612655341625213,24.078125,0.0004234760417602,0.4506905078887939,22.609375,25.84136962890625,0.4483432471752167,1018.0090618133544,19.77079200744629
2024-04-10 13:24:04,0.0009432251681573,0.4612655341625213,24.09375,0.0004234760417602,0.4506905078887939,22.609375,25.84136962890625,0.4483432471752167,1018.0090618133544,19.77079200744629
2024-04-10 13:24:05,0.0009432251681573,0.4612655341625213,24.09375,0.0004234760417602,0.4506905078887939,22.609375,25.84136962890625,0.4483432471752167,1018.0090618133544,19.77079200744629
2024-04-10 13:24:06,0.0009432251681573,0.4612655341625213,24.09375,0.0004234760417602,0.4506905078887939,22.609375,25.84136962890625,0.4483432471752167,1018.0090618133544,19.77079200744629
2024-04-10 13:24:07,0.0009432251681573,0.4612655341625213,24.09375,0.0004234760417602,0.4506905078887939,22.609375,25.84136962890625,0.4483432471752167,1017.9882335662842,19.77079200744629
2024-04-10 13:24:08,0.0009432251681573,0.4612655341625213,24.09375,0.0004234760417602,0.4506905078887939,22.609375,25.84136962890625,0.4483432471752167,1017.9882335662842,19.77079200744629
2024-04-10 13:24:09,0.0009432251681573,0.4612655341625213,24.09375,0.0004471853317227,0.3755754232406616,22.6171875,25.770050048828125,0.4483432471752167,1017.9882335662842,19.77079200744629
2024-04-10 13:24:10,0.0009432251681573,0.4612655341625213,24.09375,0.0004471853317227,0.3755754232406616,22.6171875,25.770050048828125,0.4483432471752167,1017.9882335662842,19.77079200744629
2024-04-10 13:24:11,0.0009432251681573,0.4612655341625213,24.09375,0.0004471853317227,0.3755754232406616,22.6171875,25.770050048828125,0.4483432471752167,1017.9882335662842,19.75568008422852
2024-04-10 13:24:12,0.0007433963473886,0.422826737165451,24.09375,0.0004471853317227,0.3755754232406616,22.6171875,25.770050048828125,0.4483432471752167,1017.9882335662842,19.75568008422852
2024-04-10 13:24:13,0.0007433963473886,0.422826737165451,24.09375,0.0004471853317227,0.3755754232406616,22.6171875,25.770050048828125,0.4483432471752167,1017.9882335662842,19.75568008422852
2024-04-10 13:24:14,0.0007433963473886,0.422826737165451,24.09375,0.0004471853317227,0.3755754232406616,22.6171875,25.73202514648437,0.4483432471752167,1017.9749870300292,19.75568008422852
2024-04-10 13:24:15,0.0007433963473886,0.422826737165451,24.09375,0.0004471853317227,0.3755754232406616,22.6171875,25.73202514648437,0.4483432471752167,1017.9749870300292,19.75568008422852
2024-04-10 13:24:16,0.0007433963473886,0.422826737165451,24.09375,0.0004471853317227,0.3755754232406616,22.6171875,25.73202514648437,0.4483432471752167,1017.9749870300292,19.75568008422852
2024-04-10 13:24:17,0.0007433963473886,0.422826737165451,24.09375,0.0005349973798729,0.4131329655647278,22.609375,25.73202514648437,0.4497749805450439,1017.9749870300292,19.747068405151367
2024-04-10 13:24:18,0.0007433963473886,0.422826737165451,24.09375,0.0005349973798729,0.4131329655647278,22.609375,25.73202514648437,0.4497749805450439,1017.9749870300292,19.747068405151367
2024-04-10 13:24:19,0.0007433963473886,0.422826737165451,24.09375,0.0005349973798729,0.4131329655647278,22.609375,25.73202514648437,0.4497749805450439,1017.9749870300292,19.747068405151367
2024-04-10 13:24:20,0.0011597763514146,0.4612655341625213,24.109375,0.0005349973798729,0.4131329655647278,22.609375,25.73202514648437,0.4497749805450439,1017.9749870300292,19.747068405151367
2024-04-10 13:24:21,0.0011597763514146,0.4612655341625213,24.109375,0.0005349973798729,0.4131329655647278,22.609375,25.73202514648437,0.4497749805450439,1017.9786205291748,19.747068405151367
2024-04-10 13:24:22,0.0011597763514146,0.4612655341625213,24.109375,0.0005349973798729,0.4131329655647278,22.609375,25.73202514648437,0.4497749805450439,1017.9786205291748,19.747068405151367
2024-04-10 13:24:23,0.0011597763514146,0.4612655341625213,24.109375,0.0005349973798729,0.4131329655647278,22.609375,25.73202514648437,0.4497749805450439,1017.9786205291748,19.747068405151367
2024-04-10 13:24:24,0.0011597763514146,0.4612655341625213,24.109375,0.0005349973798729,0.4131329655647278,22.609375,25.73202514648437,0.4497749805450439,1017.9786205291748,19.747068405151367
2024-04-10 13:24:25,0.0011597763514146,0.4612655341625213,24.109375,0.0006702949758619,0.4131329655647278,22.609375,25.71493530273437,0.4497749805450439,1017.9786205291748,19.747068405151367
2024-04-10 13:24:26,0.0011597763514146,0.4612655341625213,24.109375,0.0006702949758619,0.4131329655647278,22.609375,25.71493530273437,0.4497749805450439,1017.9786205291748,19.747068405151367
2024-04-10 13:24:27,0.0011597763514146,0.4612655341625213,24.109375,0.0006702949758619,0.4131329655647278,22.609375,25.71493530273437,0.4497749805450439,1017.9786205291748,19.73604202270508
2024-04-10 13:24:28,0.0008524309960193,0.422826737165451,24.1015625,0.0006702949758619,0.4131329655647278,22.609375,25.71493530273437,0.4497749805450439,1017.9786205291748,19.73604202270508
2024-04-10 13:24:29,0.0008524309960193,0.422826737165451,24.1015625,0.0006702949758619,0.4131329655647278,22.609375,25.71493530273437,0.4497749805450439,1017.9786205291748,19.73604202270508
2024-04-10 13:24:30,0.0008524309960193,0.422826737165451,24.1015625,0.0006702949758619,0.4131329655647278,22.609375,25.6744384765625,0.4497749805450439,1017.9856300354004,19.73604202270508
2024-04-10 13:24:31,0.0008524309960193,0.422826737165451,24.1015625,0.0006702949758619,0.4131329655647278,22.609375,25.6744384765625,0.4497749805450439,1017.9856300354004,19.73604202270508
2024-04-10 13:24:32,0.0008524309960193,0.422826737165451,24.1015625,0.0006702949758619,0.4131329655647278,22.609375,25.6744384765625,0.4497749805450439,1017.9856300354004,19.73604202270508
2024-04-10 13:24:33,0.0008524309960193,0.422826737165451,24.1015625,0.0011988665210083,0.4131329655647278,22.609375,25.6744384765625,0.4497749805450439,1017.9856300354004,19.73604202270508
2024-04-10 13:24:34,0.0008524309960193,0.422826737165451,24.1015625,0.0011988665210083,0.4131329655647278,22.609375,25.6744384765625,0.4497749805450439,1017.9856300354004,19.73604202270508
2024-04-10 13:24:35,0.0008524309960193,0.422826737165451,24.1015625,0.0011988665210083,0.4131329655647278,22.609375,25.6744384765625,0.4497749805450439,1017.9856300354004,19.71860694885254
2024-04-10 13:24:36,0.0010577142238616,0.4612655341625213,24.0859375,0.0011988665210083,0.4131329655647278,22.609375,25.6744384765625,0.4497749805450439,1017.9856300354004,19.71860694885254
2024-04-10 13:24:37,0.0010577142238616,0.4612655341625213,24.0859375,0.0011988665210083,0.4131329655647278,22.609375,25.6744384765625,0.4497749805450439,1017.9856300354004,19.71860694885254
2024-04-10 13:24:38,0.0010577142238616,0.4612655341625213,24.0859375,0.0011988665210083,0.4131329655647278,22.609375,25.6744384765625,0.4497749805450439,1017.9880619049072,19.71860694885254
2024-04-10 13:24:39,0.0010577142238616,0.4612655341625213,24.0859375,0.0011988665210083,0.4131329655647278,22.609375,25.6744384765625,0.4497749805450439,1017.9880619049072,19.71860694885254
2024-04-10 13:24:40,0.0010577142238616,0.4612655341625213,24.0859375,0.0011988665210083,0.4131329655647278,22.609375,25.732330322265625,0.4497749805450439,1017.9880619049072,19.71860694885254
2024-04-10 13:24:41,0.0010577142238616,0.4612655341625213,24.0859375,0.0011988665210083,0.4131329655647278,22.609375,25.732330322265625,0.4497749805450439,1017.9880619049072,19.71860694885254
2024-04-10 13:24:42,0.0010577142238616,0.4612655341625213,24.0859375,0.0005530336056835,0.3755754232406616,22.5703125,25.732330322265625,0.4497749805450439,1017.9880619049072,19.719236373901367
2024-04-10 13:24:43,0.0006579583277925,0.4612655341625213,24.0859375,0.0005530336056835,0.3755754232406616,22.5703125,25.732330322265625,0.4497749805450439,1017.9880619049072,19.719236373901367
2024-04-10 13:24:44,0.0006579583277925,0.4612655341625213,24.109375,0.0005530336056835,0.3755754232406616,22.5703125,25.732330322265625,0.4497749805450439,1017.9880619049072,19.719236373901367
2024-04-10 13:24:45,0.0006579583277925,0.4612655341625213,24.109375,0.0005530336056835,0.3755754232406616,22.5703125,25.732330322265625,0.4497749805450439,1017.9765892028807,19.719236373901367
2024-04-10 13:24:46,0.0006579583277925,0.4612655341625213,24.109375,0.0005530336056835,0.3755754232406616,22.5703125,25.732330322265625,0.4497749805450439,1017.9765892028807,19.719236373901367
2024-04-10 13:24:47,0.0006579583277925,0.4612655341625213,24.109375,0.0005530336056835,0.3755754232406616,22.5703125,25.7659912109375,0.4497749805450439,1017.9765892028807,19.719236373901367
2024-04-10 13:24:48,0.0006579583277925,0.4612655341625213,24.109375,0.0005530336056835,0.3755754232406616,22.5703125,25.7659912109375,0.4497749805450439,1017.9765892028807,19.719236373901367
2024-04-10 13:24:49,0.0006579583277925,0.4612655341625213,24.109375,0.0003175795427523,0.4131329655647278,22.546875,25.7659912109375,0.4497749805450439,1017.9765892028807,19.719236373901367
2024-04-10 13:24:50,0.0006579583277925,0.4612655341625213,24.109375,0.0003175795427523,0.4131329655647278,22.546875,25.7659912109375,0.4497749805450439,1017.9765892028807,19.70475959777832
2024-04-10 13:24:51,0.0006579583277925,0.4612655341625213,24.109375,0.0003175795427523,0.4131329655647278,22.546875,25.7659912109375,0.4497749805450439,1017.9765892028807,19.70475959777832
2024-04-10 13:24:52,0.0006579583277925,0.4612655341625213,24.109375,0.0003175795427523,0.4131329655647278,22.546875,25.7659912109375,0.4497749805450439,1017.9765892028807,19.70475959777832
2024-04-10 13:24:53,0.0010644786525517,0.4612655341625213,24.0859375,0.0003175795427523,0.4131329655647278,22.546875,25.7659912109375,0.4497749805450439,1017.9559326171876,19.70475959777832
2024-04-10 13:24:54,0.0010644786525517,0.4612655341625213,24.0859375,0.0003175795427523,0.4131329655647278,22.546875,25.7659912109375,0.4497749805450439,1017.9559326171876,19.70475959777832
2024-04-10 13:24:55,0.0010644786525517,0.4612655341625213,24.0859375,0.0003175795427523,0.4131329655647278,22.546875,25.7659912109375,0.4497749805450439,1017.9559326171876,19.70475959777832
2024-04-10 13:24:56,0.0010644786525517,0.4612655341625213,24.0859375,0.0003175795427523,0.4131329655647278,22.546875,25.7659912109375,0.4497749805450439,1017.9559326171876,19.70475959777832
2024-04-10 13:24:57,0.0010644786525517,0.4612655341625213,24.0859375,0.0003175795427523,0.4131329655647278,22.546875,25.7659912109375,0.4497749805450439,1017.9559326171876,19.70475959777832
2024-04-10 13:24:58,0.0010644786525517,0.4612655341625213,24.0859375,0.0005000280798412,0.4131329655647278,22.5625,25.7659912109375,0.4497749805450439,1017.9559326171876,19.69973564147949
2024-04-10 13:24:59,0.0010644786525517,0.4612655341625213,24.0859375,0.0005000280798412,0.4131329655647278,22.5625,25.7659912109375,0.4497749805450439,1017.9559326171876,19.69973564147949
2024-04-10 13:25:00,0.0012427013134583,1.19160258769989,24.125,0.0005000280798412,0.4131329655647278,22.5625,25.80157470703125,0.4497749805450439,1017.9559326171876,19.69973564147949
2024-04-10 13:25:01,0.0012427013134583,1.19160258769989,24.125,0.0005000280798412,0.4131329655647278,22.5625,25.80157470703125,0.4497749805450439,1017.9559326171876,19.69973564147949
2024-04-10 13:25:02,0.0012427013134583,1.19160258769989,24.125,0.0005000280798412,0.4131329655647278,22.5625,25.80157470703125,0.4497749805450439,1017.956075668335,19.69973564147949
2024-04-10 13:25:03,0.0012427013134583,1.19160258769989,24.125,0.0005000280798412,0.4131329655647278,22.5625,25.75567626953125,0.4497749805450439,1017.956075668335,19.69973564147949
2024-04-10 13:25:04,0.0012427013134583,1.19160258769989,24.125,0.0005000280798412,0.4131329655647278,22.5625,25.75567626953125,0.4497749805450439,1017.956075668335,19.69973564147949
2024-04-10 13:25:05,0.0012427013134583,1.19160258769989,24.125,0.0006000203429721,0.4131329655647278,22.5625,25.75567626953125,0.4497749805450439,1017.956075668335,19.69973564147949
2024-04-10 13:25:06,0.0012427013134583,1.19160258769989,24.125,0.0006000203429721,0.4131329655647278,22.5625,25.75567626953125,0.4497749805450439,1017.956075668335,19.6846866607666
2024-04-10 13:25:07,0.0012427013134583,1.19160258769989,24.125,0.0006000203429721,0.4131329655647278,22.5625,25.75567626953125,0.4497749805450439,1017.956075668335,19.6846866607666
2024-04-10 13:25:08,0.0011375817703083,0.4612655341625213,24.1484375,0.0006000203429721,0.4131329655647278,22.5625,25.75567626953125,0.4497749805450439,1017.956075668335,19.6846866607666
2024-04-10 13:25:09,0.0011375817703083,0.4612655341625213,24.1484375,0.0006000203429721,0.4131329655647278,22.5625,25.75567626953125,0.4497749805450439,1017.956075668335,19.6846866607666
2024-04-10 13:25:10,0.0011375817703083,0.4612655341625213,24.1484375,0.0006000203429721,0.4131329655647278,22.5625,25.75567626953125,0.4497749805450439,1017.956075668335,19.6846866607666
2024-04-10 13:25:11,0.0011375817703083,0.4612655341625213,24.1484375,0.0006000203429721,0.4131329655647278,22.5625,25.7418212890625,0.4497749805450439,1018.0061721801758,19.6846866607666
2024-04-10 13:25:12,0.0011375817703083,0.4612655341625213,24.1484375,0.0006000203429721,0.4131329655647278,22.5625,25.7418212890625,0.4497749805450439,1018.0061721801758,19.6846866607666
2024-04-10 13:25:13,0.0011375817703083,0.4612655341625213,24.1484375,0.0006888812058605,0.4131329655647278,22.546875,25.7418212890625,0.4497749805450439,1018.0061721801758,19.702150344848636
2024-04-10 13:25:14,0.0011375817703083,0.4612655341625213,24.1484375,0.0006888812058605,0.4131329655647278,22.546875,25.7418212890625,0.4497749805450439,1018.0061721801758,19.702150344848636
2024-04-10 13:25:15,0.0011375817703083,0.4612655341625213,24.1484375,0.0006888812058605,0.4131329655647278,22.546875,25.7418212890625,0.4497749805450439,1018.0061721801758,19.702150344848636
2024-04-10 13:25:16,0.0016174745978787,0.5381430983543396,24.1484375,0.0006888812058605,0.4131329655647278,22.546875,25.7418212890625,0.4500162899494171,1018.0061721801758,19.702150344848636
2024-04-10 13:25:17,0.0016174745978787,0.5381430983543396,24.1484375,0.0006888812058605,0.4131329655647278,22.546875,25.7418212890625,0.4500162899494171,1018.0061721801758,19.702150344848636
2024-04-10 13:25:18,0.0016174745978787,0.5381430983543396,24.1484375,0.0006888812058605,0.4131329655647278,22.546875,25.7418212890625,0.4500162899494171,1018.0061721801758,19.702150344848636
2024-04-10 13:25:19,0.0016174745978787,0.5381430983543396,24.1484375,0.0006888812058605,0.4131329655647278,22.546875,25.7418212890625,0.4500162899494171,1018.0020236968994,19.702150344848636
2024-04-10 13:25:20,0.0016174745978787,0.5381430983543396,24.1484375,0.0006888812058605,0.4131329655647278,22.546875,25.7418212890625,0.4500162899494171,1018.0020236968994,19.702150344848636
2024-04-10 13:25:21,0.0016174745978787,0.5381430983543396,24.1484375,0.0006888812058605,0.4131329655647278,22.546875,25.68798828125,0.4500162899494171,1018.0020236968994,19.702150344848636
2024-04-10 13:25:22,0.0016174745978787,0.5381430983543396,24.1484375,0.0006888812058605,0.4131329655647278,22.546875,25.68798828125,0.4500162899494171,1018.0020236968994,19.7070426940918
2024-04-10 13:25:23,0.0016174745978787,0.5381430983543396,24.1484375,0.0008924638386815,0.3755754232406616,22.53125,25.68798828125,0.4500162899494171,1018.0020236968994,19.7070426940918
2024-04-10 13:25:24,0.0010723277227953,0.422826737165451,24.15625,0.0008924638386815,0.3755754232406616,22.53125,25.68798828125,0.4500162899494171,1018.0020236968994,19.7070426940918
2024-04-10 13:25:25,0.0010723277227953,0.422826737165451,24.15625,0.0008924638386815,0.3755754232406616,22.53125,25.68798828125,0.4500162899494171,1018.0020236968994,19.7070426940918
2024-04-10 13:25:26,0.0010723277227953,0.422826737165451,24.15625,0.0008924638386815,0.3755754232406616,22.53125,25.6422119140625,0.4500162899494171,1017.9808235168456,19.7070426940918
2024-04-10 13:25:27,0.0010723277227953,0.422826737165451,24.15625,0.0008924638386815,0.3755754232406616,22.53125,25.6422119140625,0.4500162899494171,1017.9808235168456,19.7070426940918
2024-04-10 13:25:28,0.0010723277227953,0.422826737165451,24.15625,0.0008924638386815,0.3755754232406616,22.53125,25.6422119140625,0.4500162899494171,1017.9808235168456,19.7070426940918
2024-04-10 13:25:29,0.0010723277227953,0.422826737165451,24.15625,0.0006686976994387,0.4131329655647278,22.5078125,25.6422119140625,0.4500162899494171,1017.9808235168456,19.7070426940918
2024-04-10 13:25:30,0.0010723277227953,0.422826737165451,24.15625,0.0006686976994387,0.4131329655647278,22.5078125,25.6422119140625,0.4500162899494171,1017.9808235168456,19.7070426940918
2024-04-10 13:25:31,0.0010723277227953,0.422826737165451,24.15625,0.0006686976994387,0.4131329655647278,22.5078125,25.6422119140625,0.4500162899494171,1017.9808235168456,19.72256088256836
2024-04-10 13:25:32,0.000785230542533,0.422826737165451,24.1328125,0.0006686976994387,0.4131329655647278,22.5078125,25.6422119140625,0.4500162899494171,1017.9808235168456,19.72256088256836
2024-04-10 13:25:33,0.000785230542533,0.422826737165451,24.1328125,0.0006686976994387,0.4131329655647278,22.5078125,25.6422119140625,0.4500162899494171,1017.9808235168456,19.72256088256836
2024-04-10 13:25:34,0.000785230542533,0.422826737165451,24.1328125,0.0006686976994387,0.4131329655647278,22.5078125,25.6422119140625,0.4500162899494171,1018.0244827270508,19.72256088256836
2024-04-10 13:25:35,0.000785230542533,0.422826737165451,24.1328125,0.0006686976994387,0.4131329655647278,22.5078125,25.6422119140625,0.4500162899494171,1018.0244827270508,19.72256088256836
2024-04-10 13:25:36,0.000785230542533,0.422826737165451,24.1328125,0.0006686976994387,0.4131329655647278,22.5078125,25.6806640625,0.4500162899494171,1018.0244827270508,19.72256088256836
2024-04-10 13:25:37,0.000785230542533,0.422826737165451,24.1328125,0.0007391615654341,0.4131329655647278,22.5,25.6806640625,0.4500162899494171,1018.0244827270508,19.72256088256836
2024-04-10 13:25:38,0.000785230542533,0.422826737165451,24.1328125,0.0007391615654341,0.4131329655647278,22.5,25.6806640625,0.4500162899494171,1018.0244827270508,19.72256088256836
2024-04-10 13:25:39,0.000785230542533,0.422826737165451,24.1328125,0.0007391615654341,0.4131329655647278,22.5,25.6806640625,0.4500162899494171,1018.0244827270508,19.71923065185547
2024-04-10 13:25:40,0.0012298867804929,0.4612655341625213,24.1640625,0.0007391615654341,0.4131329655647278,22.5,25.6806640625,0.4500162899494171,1018.0244827270508,19.71923065185547
2024-04-10 13:25:41,0.0012298867804929,0.4612655341625213,24.1640625,0.0007391615654341,0.4131329655647278,22.5,25.6806640625,0.4500162899494171,1018.0110931396484,19.71923065185547
2024-04-10 13:25:42,0.0012298867804929,0.4612655341625213,24.1640625,0.0007391615654341,0.4131329655647278,22.5,25.60702514648437,0.4500162899494171,1018.0110931396484,19.71923065185547
2024-04-10 13:25:43,0.0012298867804929,0.4612655341625213,24.1640625,0.0007391615654341,0.4131329655647278,22.5,25.60702514648437,0.4500162899494171,1018.0110931396484,19.71923065185547
2024-04-10 13:25:44,0.0012298867804929,0.4612655341625213,24.1640625,0.0007391615654341,0.4131329655647278,22.5,25.60702514648437,0.4500162899494171,1018.0110931396484,19.71923065185547
2024-04-10 13:25:45,0.0012298867804929,0.4612655341625213,24.1640625,0.0007391615654341,0.4131329655647278,22.5,25.60702514648437,0.4500162899494171,1018.0110931396484,19.71923065185547
2024-04-10 13:25:46,0.0012298867804929,0.4612655341625213,24.1640625,0.000329259695718,0.4131329655647278,22.4921875,25.60702514648437,0.4500162899494171,1018.0110931396484,19.71923065185547
2024-04-10 13:25:47,0.0012298867804929,0.4612655341625213,24.1640625,0.000329259695718,0.4131329655647278,22.4921875,25.60702514648437,0.4500162899494171,1018.0110931396484,19.733043670654297
2024-04-10 13:25:48,0.0009106883662752,0.422826737165451,24.1640625,0.000329259695718,0.4131329655647278,22.4921875,25.60702514648437,0.4500162899494171,1018.0110931396484,19.733043670654297
2024-04-10 13:25:49,0.0009106883662752,0.422826737165451,24.1640625,0.000329259695718,0.4131329655647278,22.4921875,25.60702514648437,0.4500162899494171,1018.0110931396484,19.733043670654297
2024-04-10 13:25:50,0.0009106883662752,0.422826737165451,24.1640625,0.000329259695718,0.4131329655647278,22.4921875,25.60702514648437,0.4500162899494171,1018.00030708313,19.733043670654297
2024-04-10 13:25:51,0.0009106883662752,0.422826737165451,24.1640625,0.000329259695718,0.4131329655647278,22.4921875,25.617156982421875,0.4500162899494171,1018.00030708313,19.733043670654297
2024-04-10 13:25:52,0.0009106883662752,0.422826737165451,24.1640625,0.000329259695718,0.4131329655647278,22.4921875,25.617156982421875,0.4500162899494171,1018.00030708313,19.733043670654297
2024-04-10 13:25:53,0.0009106883662752,0.422826737165451,24.1640625,0.000329259695718,0.4131329655647278,22.4921875,25.617156982421875,0.4500162899494171,1018.00030708313,19.733043670654297
2024-04-10 13:25:54,0.0009106883662752,0.422826737165451,24.1640625,0.0005854667979292,0.4506905078887939,22.515625,25.617156982421875,0.4500162899494171,1018.00030708313,19.72805976867676
2024-04-10 13:25:55,0.0009106883662752,0.422826737165451,24.1640625,0.0005854667979292,0.4506905078887939,22.515625,25.617156982421875,0.4500162899494171,1018.00030708313,19.72805976867676
2024-04-10 13:25:56,0.0009739358793012,0.422826737165451,24.1796875,0.0005854667979292,0.4506905078887939,22.515625,25.617156982421875,0.4500162899494171,1018.00030708313,19.72805976867676
2024-04-10 13:25:57,0.0009739358793012,0.422826737165451,24.1796875,0.0005854667979292,0.4506905078887939,22.515625,25.617156982421875,0.4500162899494171,1018.00030708313,19.72805976867676
2024-04-10 13:25:58,0.0009739358793012,0.422826737165451,24.1796875,0.0005854667979292,0.4506905078887939,22.515625,25.558807373046875,0.4500162899494171,1018.00030708313,19.72805976867676
2024-04-10 13:25:59,0.0009739358793012,0.422826737165451,24.1796875,0.0005854667979292,0.4506905078887939,22.515625,25.558807373046875,0.4500162899494171,1018.00030708313,19.72805976867676
2024-04-10 13:26:00,0.0009739358793012,0.422826737165451,24.1796875,0.0005854667979292,0.4506905078887939,22.515625,25.558807373046875,0.4500162899494171,1018.0224227905272,19.72805976867676
2024-04-10 13:26:01,0.0009739358793012,0.422826737165451,24.1796875,0.0004340981540735,0.4131329655647278,22.4765625,25.558807373046875,0.4500162899494171,1018.0224227905272,19.756452560424805
2024-04-10 13:26:02,0.0009739358793012,0.422826737165451,24.1796875,0.0004340981540735,0.4131329655647278,22.4765625,25.558807373046875,0.4500162899494171,1018.0224227905272,19.756452560424805
2024-04-10 13:26:03,0.0009739358793012,0.422826737165451,24.1796875,0.0004340981540735,0.4131329655647278,22.4765625,25.558807373046875,0.4500162899494171,1018.0224227905272,19.756452560424805
2024-04-10 13:26:04,0.0010543067473918,0.422826737165451,24.1796875,0.0004340981540735,0.4131329655647278,22.4765625,25.558807373046875,0.4500162899494171,1018.0224227905272,19.756452560424805
2024-04-10 13:26:05,0.0010543067473918,0.422826737165451,24.1796875,0.0004340981540735,0.4131329655647278,22.4765625,25.558807373046875,0.4500162899494171,1018.0285167694092,19.756452560424805
2024-04-10 13:26:06,0.0010543067473918,0.422826737165451,24.1796875,0.0004340981540735,0.4131329655647278,22.4765625,25.558807373046875,0.4500162899494171,1018.0285167694092,19.756452560424805
2024-04-10 13:26:07,0.0010543067473918,0.422826737165451,24.1796875,0.0004340981540735,0.4131329655647278,22.4765625,25.54208374023437,0.4500162899494171,1018.0285167694092,19.756452560424805
2024-04-10 13:26:08,0.0010543067473918,0.422826737165451,24.1796875,0.0004340981540735,0.4131329655647278,22.4765625,25.54208374023437,0.4500162899494171,1018.0285167694092,19.756452560424805
2024-04-10 13:26:09,0.0010543067473918,0.422826737165451,24.1796875,0.0007784708868712,0.4506905078887939,22.46875,25.54208374023437,0.4500162899494171,1018.0285167694092,19.756452560424805
2024-04-10 13:26:10,0.0010543067473918,0.422826737165451,24.1796875,0.0007784708868712,0.4506905078887939,22.46875,25.54208374023437,0.4500162899494171,1018.0285167694092,19.765316009521484
2024-04-10 13:26:11,0.0010543067473918,0.422826737165451,24.1796875,0.0007784708868712,0.4506905078887939,22.46875,25.54208374023437,0.4500162899494171,1018.0285167694092,19.765316009521484
2024-04-10 13:26:12,0.0010543067473918,0.422826737165451,24.1796875,0.0007784708868712,0.4506905078887939,22.46875,25.54208374023437,0.4500162899494171,1018.0285167694092,19.765316009521484
2024-04-10 13:26:13,0.0010797521099448,0.4612655341625213,24.1875,0.0007784708868712,0.4506905078887939,22.46875,25.54208374023437,0.4500162899494171,1018.0285167694092,19.765316009521484
2024-04-10 13:26:14,0.0010797521099448,0.4612655341625213,24.1875,0.0007784708868712,0.4506905078887939,22.46875,25.51229858398437,0.4500162899494171,1018.0342388153076,19.765316009521484
2024-04-10 13:26:15,0.0010797521099448,0.4612655341625213,24.1875,0.0007784708868712,0.4506905078887939,22.46875,25.51229858398437,0.4501229226589203,1018.0342388153076,19.765316009521484
2024-04-10 13:26:16,0.0010797521099448,0.4612655341625213,24.1875,0.0007784708868712,0.4506905078887939,22.46875,25.51229858398437,0.4501229226589203,1018.0342388153076,19.765316009521484
2024-04-10 13:26:17,0.0010797521099448,0.4612655341625213,24.1875,0.0007784708868712,0.4506905078887939,22.46875,25.51229858398437,0.4501229226589203,1018.0342388153076,19.775278091430664
2024-04-10 13:26:18,0.0010797521099448,0.4612655341625213,24.1875,0.0005172297242097,0.4131329655647278,22.453125,25.51229858398437,0.4501229226589203,1018.0342388153076,19.775278091430664
2024-04-10 13:26:19,0.0005962787545286,0.4612655341625213,24.1953125,0.0005172297242097,0.4131329655647278,22.453125,25.51229858398437,0.4501229226589203,1018.0342388153076,19.775278091430664
2024-04-10 13:26:20,0.0005962787545286,0.4612655341625213,24.1953125,0.0005172297242097,0.4131329655647278,22.453125,25.51229858398437,0.4501229226589203,1018.0342388153076,19.775278091430664
2024-04-10 13:26:21,0.0005962787545286,0.4612655341625213,24.1953125,0.0005172297242097,0.4131329655647278,22.453125,25.51229858398437,0.4501229226589203,1018.0342388153076,19.775278091430664
2024-04-10 13:26:22,0.0005962787545286,0.4612655341625213,24.1953125,0.0005172297242097,0.4131329655647278,22.453125,25.51229858398437,0.4501229226589203,1018.0342388153076,19.775278091430664
2024-04-10 13:26:23,0.0005962787545286,0.4612655341625213,24.1953125,0.0005172297242097,0.4131329655647278,22.453125,25.508941650390625,0.4501229226589203,1018.0342388153076,19.775278091430664
2024-04-10 13:26:24,0.0005962787545286,0.4612655341625213,24.1953125,0.0005172297242097,0.4131329655647278,22.453125,25.508941650390625,0.4501229226589203,1017.996187210083,19.775278091430664
2024-04-10 13:26:25,0.0005962787545286,0.4612655341625213,24.1953125,0.0005607242346741,0.4131329655647278,22.4375,25.508941650390625,0.4501229226589203,1017.996187210083,19.775278091430664
2024-04-10 13:26:26,0.0005962787545286,0.4612655341625213,24.1953125,0.0005607242346741,0.4131329655647278,22.4375,25.508941650390625,0.4501229226589203,1017.996187210083,19.775278091430664
2024-04-10 13:26:27,0.0005962787545286,0.4612655341625213,24.1953125,0.0005607242346741,0.4131329655647278,22.4375,25.508941650390625,0.4501229226589203,1017.996187210083,19.775278091430664
2024-04-10 13:26:28,0.0014643829781562,0.4997043311595917,24.203125,0.0005607242346741,0.4131329655647278,22.4375,25.508941650390625,0.4501229226589203,1017.996187210083,19.78895378112793
2024-04-10 13:26:29,0.0014643829781562,0.4997043311595917,24.203125,0.0005607242346741,0.4131329655647278,22.4375,25.508941650390625,0.4501229226589203,1017.996187210083,19.78895378112793
2024-04-10 13:26:30,0.0014643829781562,0.4997043311595917,24.203125,0.0005607242346741,0.4131329655647278,22.4375,25.508941650390625,0.4501229226589203,1017.996187210083,19.78895378112793
2024-04-10 13:26:31,0.0014643829781562,0.4997043311595917,24.203125,0.0005607242346741,0.4131329655647278,22.4375,25.508941650390625,0.4501229226589203,1017.9404258728028,19.78895378112793
2024-04-10 13:26:32,0.0014643829781562,0.4997043311595917,24.203125,0.0005607242346741,0.4131329655647278,22.4375,25.558349609375,0.4501229226589203,1017.9404258728028,19.78895378112793
2024-04-10 13:26:33,0.0014643829781562,0.4997043311595917,24.203125,0.0005607242346741,0.4131329655647278,22.4375,25.558349609375,0.4501229226589203,1017.9404258728028,19.78895378112793
2024-04-10 13:26:34,0.0014643829781562,0.4997043311595917,24.203125,0.0005607242346741,0.4131329655647278,22.4375,25.558349609375,0.4501229226589203,1017.9404258728028,19.793434143066406
2024-04-10 13:26:35,0.0014643829781562,0.4997043311595917,24.203125,0.0004653466166928,0.4131329655647278,22.4375,25.558349609375,0.4501229226589203,1017.9404258728028,19.793434143066406
2024-04-10 13:26:36,0.0008462055120617,0.422826737165451,24.1953125,0.0004653466166928,0.4131329655647278,22.4375,25.558349609375,0.4501229226589203,1017.9404258728028,19.793434143066406
2024-04-10 13:26:37,0.0008462055120617,0.422826737165451,24.1953125,0.0004653466166928,0.4131329655647278,22.4375,25.558349609375,0.4501229226589203,1017.9404258728028,19.793434143066406
2024-04-10 13:26:38,0.0008462055120617,0.422826737165451,24.1953125,0.0004653466166928,0.4131329655647278,22.4375,25.558349609375,0.4501229226589203,1018.0016231536864,19.793434143066406
2024-04-10 13:26:39,0.0008462055120617,0.422826737165451,24.1953125,0.0004653466166928,0.4131329655647278,22.4375,25.588287353515625,0.4501229226589203,1018.0016231536864,19.793434143066406
2024-04-10 13:26:40,0.0008462055120617,0.422826737165451,24.1953125,0.0004653466166928,0.4131329655647278,22.4375,25.588287353515625,0.4501229226589203,1018.0016231536864,19.793434143066406
2024-04-10 13:26:41,0.0008462055120617,0.422826737165451,24.1953125,0.0004332016105763,0.4506905078887939,22.421875,25.588287353515625,0.4501229226589203,1018.0016231536864,19.793434143066406
2024-04-10 13:26:42,0.0008462055120617,0.422826737165451,24.1953125,0.0004332016105763,0.4506905078887939,22.421875,25.588287353515625,0.4501229226589203,1018.0016231536864,19.80242919921875
2024-04-10 13:26:43,0.0008462055120617,0.422826737165451,24.1953125,0.0004332016105763,0.4506905078887939,22.421875,25.588287353515625,0.4501229226589203,1018.0016231536864,19.80242919921875
2024-04-10 13:26:44,0.0009312377078458,0.4612655341625213,24.1953125,0.0004332016105763,0.4506905078887939,22.421875,25.588287353515625,0.4501229226589203,1018.0016231536864,19.80242919921875
2024-04-10 13:26:45,0.0009312377078458,0.4612655341625213,24.1953125,0.0004332016105763,0.4506905078887939,22.421875,25.588287353515625,0.4501229226589203,1018.0016231536864,19.80242919921875
2024-04-10 13:26:46,0.0009312377078458,0.4612655341625213,24.1953125,0.0004332016105763,0.4506905078887939,22.421875,25.588287353515625,0.4501229226589203,1018.0120944976808,19.80242919921875
2024-04-10 13:26:47,0.0009312377078458,0.4612655341625213,24.1953125,0.0004332016105763,0.4506905078887939,22.421875,25.588287353515625,0.4501229226589203,1018.0120944976808,19.80242919921875
2024-04-10 13:26:48,0.0009312377078458,0.4612655341625213,24.1953125,0.0004332016105763,0.4506905078887939,22.421875,25.58380126953125,0.4501229226589203,1018.0120944976808,19.80242919921875
2024-04-10 13:26:49,0.0009312377078458,0.4612655341625213,24.1953125,0.0004332016105763,0.4506905078887939,22.421875,25.58380126953125,0.4501229226589203,1018.0120944976808,19.80242919921875
2024-04-10 13:26:50,0.0009312377078458,0.4612655341625213,24.1953125,0.0005480088875629,0.4131329655647278,22.421875,25.58380126953125,0.4501229226589203,1018.0120944976808,19.80242919921875
2024-04-10 13:26:51,0.0009312377078458,0.4612655341625213,24.1953125,0.0005480088875629,0.4131329655647278,22.421875,25.58380126953125,0.4501229226589203,1018.0120944976808,19.80242919921875
2024-04-10 13:26:52,0.0010085564572364,0.422826737165451,24.1953125,0.0005480088875629,0.4131329655647278,22.421875,25.58380126953125,0.4501229226589203,1018.0120944976808,19.80242919921875
2024-04-10 13:26:53,0.0010085564572364,0.422826737165451,24.1953125,0.0005480088875629,0.4131329655647278,22.421875,25.58380126953125,0.4501229226589203,1018.0687141418456,19.81198501586914
2024-04-10 13:26:54,0.0010085564572364,0.422826737165451,24.1953125,0.0005480088875629,0.4131329655647278,22.421875,25.58380126953125,0.4501229226589203,1018.0687141418456,19.81198501586914
2024-04-10 13:26:55,0.0010085564572364,0.422826737165451,24.1953125,0.0005480088875629,0.4131329655647278,22.421875,25.5692138671875,0.4501229226589203,1018.0687141418456,19.81198501586914
2024-04-10 13:26:56,0.0010085564572364,0.422826737165451,24.1953125,0.0005480088875629,0.4131329655647278,22.421875,25.5692138671875,0.4501229226589203,1018.0687141418456,19.81198501586914
2024-04-10 13:26:57,0.0010085564572364,0.422826737165451,24.1953125,0.0007039334159344,0.4131329655647278,22.40625,25.5692138671875,0.4501229226589203,1018.0687141418456,19.81198501586914
2024-04-10 13:26:58,0.0010085564572364,0.422826737165451,24.1953125,0.0007039334159344,0.4131329655647278,22.40625,25.5692138671875,0.4501229226589203,1018.0687141418456,19.82519149780273
2024-04-10 13:26:59,0.0010085564572364,0.422826737165451,24.1953125,0.0007039334159344,0.4131329655647278,22.40625,25.5692138671875,0.4501229226589203,1018.0687141418456,19.82519149780273
2024-04-10 13:27:00,0.0009972102707251,0.422826737165451,24.234375,0.0007039334159344,0.4131329655647278,22.40625,25.5692138671875,0.4501229226589203,1018.0687141418456,19.82519149780273
2024-04-10 13:27:01,0.0009972102707251,0.422826737165451,24.234375,0.0007039334159344,0.4131329655647278,22.40625,25.5692138671875,0.4501229226589203,1018.0714321136476,19.82519149780273
2024-04-10 13:27:02,0.0009972102707251,0.422826737165451,24.234375,0.0007039334159344,0.4131329655647278,22.40625,25.5692138671875,0.4501229226589203,1018.0714321136476,19.82519149780273
2024-04-10 13:27:03,0.0009972102707251,0.422826737165451,24.234375,0.0007039334159344,0.4131329655647278,22.40625,25.5772705078125,0.4501229226589203,1018.0714321136476,19.82519149780273
2024-04-10 13:27:04,0.0009972102707251,0.422826737165451,24.234375,0.0007039334159344,0.4131329655647278,22.40625,25.5772705078125,0.4501229226589203,1018.0714321136476,19.82519149780273
2024-04-10 13:27:05,0.0009972102707251,0.422826737165451,24.234375,0.0007642875425517,0.4131329655647278,22.40625,25.5772705078125,0.4501229226589203,1018.0714321136476,19.82519149780273
2024-04-10 13:27:06,0.0009972102707251,0.422826737165451,24.234375,0.0007642875425517,0.4131329655647278,22.40625,25.5772705078125,0.4501229226589203,1018.0714321136476,19.825294494628903
2024-04-10 13:27:07,0.0010547246783971,0.422826737165451,24.203125,0.0007642875425517,0.4131329655647278,22.40625,25.5772705078125,0.4501229226589203,1018.0714321136476,19.825294494628903
2024-04-10 13:27:08,0.0010547246783971,0.422826737165451,24.203125,0.0007642875425517,0.4131329655647278,22.40625,25.5772705078125,0.4501229226589203,1018.0714321136476,19.825294494628903
2024-04-10 13:27:09,0.0010547246783971,0.422826737165451,24.203125,0.0007642875425517,0.4131329655647278,22.40625,25.5772705078125,0.4501229226589203,1018.0714321136476,19.825294494628903
2024-04-10 13:27:10,0.0010547246783971,0.422826737165451,24.203125,0.0007642875425517,0.4131329655647278,22.40625,25.5772705078125,0.4501229226589203,1018.0714321136476,19.825294494628903
2024-04-10 13:27:11,0.0010547246783971,0.422826737165451,24.203125,0.0007642875425517,0.4131329655647278,22.40625,25.5772705078125,0.4501229226589203,1018.0714321136476,19.825294494628903
2024-04-10 13:27:12,0.0010547246783971,0.422826737165451,24.203125,0.0007642875425517,0.4131329655647278,22.40625,25.5772705078125,0.4501229226589203,1018.0882549285888,19.825294494628903
2024-04-10 13:27:13,0.0010547246783971,0.422826737165451,24.203125,0.0005293139838613,0.4131329655647278,22.3828125,25.625030517578125,0.4501229226589203,1018.0882549285888,19.825294494628903
2024-04-10 13:27:14,0.0010547246783971,0.422826737165451,24.203125,0.0005293139838613,0.4131329655647278,22.3828125,25.625030517578125,0.4501229226589203,1018.0882549285888,19.825294494628903
2024-04-10 13:27:15,0.0010547246783971,0.422826737165451,24.203125,0.0005293139838613,0.4131329655647278,22.3828125,25.625030517578125,0.4504300653934479,1018.0882549285888,19.829551696777344
2024-04-10 13:27:16,0.0010547246783971,0.422826737165451,24.203125,0.0005293139838613,0.4131329655647278,22.3828125,25.625030517578125,0.4504300653934479,1018.0882549285888,19.829551696777344
2024-04-10 13:27:17,0.0009491935488767,0.422826737165451,24.203125,0.0005293139838613,0.4131329655647278,22.3828125,25.625030517578125,0.4504300653934479,1018.0882549285888,19.829551696777344
2024-04-10 13:27:18,0.0009491935488767,0.422826737165451,24.203125,0.0005293139838613,0.4131329655647278,22.3828125,25.625030517578125,0.4504300653934479,1018.0882549285888,19.829551696777344
2024-04-10 13:27:19,0.0009491935488767,0.422826737165451,24.203125,0.0005293139838613,0.4131329655647278,22.3828125,25.678985595703125,0.4504300653934479,1018.0686283111572,19.829551696777344
2024-04-10 13:27:20,0.0009491935488767,0.422826737165451,24.203125,0.0005293139838613,0.4131329655647278,22.3828125,25.678985595703125,0.4504300653934479,1018.0686283111572,19.829551696777344
2024-04-10 13:27:21,0.0009491935488767,0.422826737165451,24.203125,0.0006639413186348,0.3755754232406616,22.40625,25.678985595703125,0.4504300653934479,1018.0686283111572,19.848520278930664
2024-04-10 13:27:22,0.0009491935488767,0.422826737165451,24.203125,0.0006639413186348,0.3755754232406616,22.40625,25.678985595703125,0.4504300653934479,1018.0686283111572,19.848520278930664
2024-04-10 13:27:23,0.0009491935488767,0.422826737165451,24.203125,0.0006639413186348,0.3755754232406616,22.40625,25.678985595703125,0.4504300653934479,1018.0686283111572,19.848520278930664
2024-04-10 13:27:24,0.0009491935488767,0.422826737165451,24.203125,0.0006639413186348,0.3755754232406616,22.40625,25.678985595703125,0.4504300653934479,1018.0686283111572,19.848520278930664
2024-04-10 13:27:25,0.0009642133372835,0.3843879699707031,24.21875,0.0006639413186348,0.3755754232406616,22.40625,25.678985595703125,0.4504300653934479,1018.0260276794434,19.848520278930664
2024-04-10 13:27:26,0.0009642133372835,0.3843879699707031,24.21875,0.0006639413186348,0.3755754232406616,22.40625,25.678985595703125,0.4504300653934479,1018.0260276794434,19.848520278930664
2024-04-10 13:27:27,0.0009642133372835,0.3843879699707031,24.21875,0.0006639413186348,0.3755754232406616,22.40625,25.678985595703125,0.4504300653934479,1018.0260276794434,19.848520278930664
2024-04-10 13:27:28,0.0009642133372835,0.3843879699707031,24.21875,0.0006639413186348,0.3755754232406616,22.40625,25.678985595703125,0.4504300653934479,1018.0260276794434,19.848520278930664
2024-04-10 13:27:29,0.0009642133372835,0.3843879699707031,24.21875,0.0006085158674977,0.4131329655647278,22.390625,25.758514404296875,0.4504300653934479,1018.0260276794434,19.848520278930664
2024-04-10 13:27:30,0.0009642133372835,0.3843879699707031,24.21875,0.0006085158674977,0.4131329655647278,22.390625,25.758514404296875,0.4504300653934479,1018.0260276794434,19.848520278930664
2024-04-10 13:27:31,0.0009642133372835,0.3843879699707031,24.21875,0.0006085158674977,0.4131329655647278,22.390625,25.758514404296875,0.4504300653934479,1018.0260276794434,19.848520278930664
2024-04-10 13:27:32,0.001217812881805,0.4612655341625213,24.25,0.0006085158674977,0.4131329655647278,22.390625,25.758514404296875,0.4504300653934479,1018.0260276794434,19.84666633605957
2024-04-10 13:27:33,0.001217812881805,0.4612655341625213,24.25,0.0006085158674977,0.4131329655647278,22.390625,25.758514404296875,0.4504300653934479,1018.0260276794434,19.84666633605957
2024-04-10 13:27:34,0.001217812881805,0.4612655341625213,24.25,0.0006085158674977,0.4131329655647278,22.390625,25.758514404296875,0.4504300653934479,1018.0673694610596,19.84666633605957
2024-04-10 13:27:35,0.001217812881805,0.4612655341625213,24.25,0.0006085158674977,0.4131329655647278,22.390625,25.825927734375,0.4504300653934479,1018.0673694610596,19.84666633605957
2024-04-10 13:27:36,0.001217812881805,0.4612655341625213,24.25,0.0006085158674977,0.4131329655647278,22.390625,25.825927734375,0.4504300653934479,1018.0673694610596,19.84666633605957
2024-04-10 13:27:37,0.001217812881805,0.4612655341625213,24.25,0.0003497588622849,0.4131329655647278,22.421875,25.825927734375,0.4504300653934479,1018.0673694610596,19.84666633605957
2024-04-10 13:27:38,0.001217812881805,0.4612655341625213,24.25,0.0003497588622849,0.4131329655647278,22.421875,25.825927734375,0.4504300653934479,1018.0673694610596,19.84666633605957
2024-04-10 13:27:39,0.001217812881805,0.4612655341625213,24.25,0.0003497588622849,0.4131329655647278,22.421875,25.825927734375,0.4504300653934479,1018.0673694610596,19.859695434570312
2024-04-10 13:27:40,0.0007527119596488,0.4612655341625213,24.25,0.0003497588622849,0.4131329655647278,22.421875,25.825927734375,0.4504300653934479,1018.0673694610596,19.859695434570312
2024-04-10 13:27:41,0.0007527119596488,0.4612655341625213,24.25,0.0003497588622849,0.4131329655647278,22.421875,25.825927734375,0.4504300653934479,1018.0673694610596,19.859695434570312
2024-04-10 13:27:42,0.0007527119596488,0.4612655341625213,24.25,0.0003497588622849,0.4131329655647278,22.421875,25.825927734375,0.4504300653934479,1018.0497455596924,19.859695434570312
2024-04-10 13:27:43,0.0007527119596488,0.4612655341625213,24.25,0.0003497588622849,0.4131329655647278,22.421875,25.825927734375,0.4504300653934479,1018.0497455596924,19.859695434570312
2024-04-10 13:27:44,0.0007527119596488,0.4612655341625213,24.25,0.0003497588622849,0.4131329655647278,22.421875,25.83270263671875,0.4504300653934479,1018.0497455596924,19.859695434570312
2024-04-10 13:27:45,0.0007527119596488,0.4612655341625213,24.25,0.0004598525702022,0.4506905078887939,22.3984375,25.83270263671875,0.4504300653934479,1018.0497455596924,19.859695434570312
2024-04-10 13:27:46,0.0007527119596488,0.4612655341625213,24.25,0.0004598525702022,0.4506905078887939,22.3984375,25.83270263671875,0.4504300653934479,1018.0497455596924,19.86006164550781
2024-04-10 13:27:47,0.0007527119596488,0.4612655341625213,24.25,0.0004598525702022,0.4506905078887939,22.3984375,25.83270263671875,0.4504300653934479,1018.0497455596924,19.86006164550781
2024-04-10 13:27:48,0.0015416686655953,0.4612655341625213,24.2734375,0.0004598525702022,0.4506905078887939,22.3984375,25.83270263671875,0.4504300653934479,1018.0497455596924,19.86006164550781
2024-04-10 13:27:49,0.0015416686655953,0.4612655341625213,24.2734375,0.0004598525702022,0.4506905078887939,22.3984375,25.83270263671875,0.4504300653934479,1018.0497455596924,19.86006164550781
2024-04-10 13:27:50,0.0015416686655953,0.4612655341625213,24.2734375,0.0004598525702022,0.4506905078887939,22.3984375,25.83270263671875,0.4504300653934479,1018.0497455596924,19.86006164550781
2024-04-10 13:27:51,0.0015416686655953,0.4612655341625213,24.2734375,0.0004598525702022,0.4506905078887939,22.3984375,25.86456298828125,0.4504300653934479,1018.0497455596924,19.86006164550781
2024-04-10 13:27:52,0.0015416686655953,0.4612655341625213,24.2734375,0.0004598525702022,0.4506905078887939,22.3984375,25.86456298828125,0.4504300653934479,1018.0301761627196,19.86006164550781
2024-04-10 13:27:53,0.0015416686655953,0.4612655341625213,24.2734375,0.0006756590446457,0.4506905078887939,22.4140625,25.86456298828125,0.4504300653934479,1018.0301761627196,19.86006164550781
2024-04-10 13:27:54,0.0015416686655953,0.4612655341625213,24.2734375,0.0006756590446457,0.4506905078887939,22.4140625,25.86456298828125,0.4504300653934479,1018.0301761627196,19.88321304321289
2024-04-10 13:27:55,0.0015416686655953,0.4612655341625213,24.2734375,0.0006756590446457,0.4506905078887939,22.4140625,25.86456298828125,0.4504300653934479,1018.0301761627196,19.88321304321289
2024-04-10 13:27:56,0.0009017211850732,0.4612655341625213,24.3125,0.0006756590446457,0.4506905078887939,22.4140625,25.86456298828125,0.4504300653934479,1018.0301761627196,19.88321304321289
2024-04-10 13:27:57,0.0009017211850732,0.4612655341625213,24.3125,0.0006756590446457,0.4506905078887939,22.4140625,25.86456298828125,0.4504300653934479,1018.0301761627196,19.88321304321289
2024-04-10 13:27:58,0.0009017211850732,0.4612655341625213,24.3125,0.0006756590446457,0.4506905078887939,22.4140625,25.86456298828125,0.4504300653934479,1018.0919456481934,19.88321304321289
2024-04-10 13:27:59,0.0009017211850732,0.4612655341625213,24.3125,0.0006756590446457,0.4506905078887939,22.4140625,25.86456298828125,0.4504300653934479,1018.0919456481934,19.88321304321289
2024-04-10 13:28:00,0.0009017211850732,0.4612655341625213,24.3125,0.0006756590446457,0.4506905078887939,22.4140625,25.8519287109375,0.4504300653934479,1018.0919456481934,19.88321304321289
2024-04-10 13:28:01,0.0009017211850732,0.4612655341625213,24.3125,0.0005754442536272,0.4506905078887939,22.3828125,25.8519287109375,0.4504300653934479,1018.0919456481934,19.88321304321289
2024-04-10 13:28:02,0.0009017211850732,0.4612655341625213,24.3125,0.0005754442536272,0.4506905078887939,22.3828125,25.8519287109375,0.4504300653934479,1018.0919456481934,19.86980628967285
2024-04-10 13:28:03,0.0009017211850732,0.4612655341625213,24.3125,0.0005754442536272,0.4506905078887939,22.3828125,25.8519287109375,0.4504300653934479,1018.0919456481934,19.86980628967285
2024-04-10 13:28:04,0.0012797826202586,0.4612655341625213,24.3359375,0.0005754442536272,0.4506905078887939,22.3828125,25.8519287109375,0.4504300653934479,1018.0919456481934,19.86980628967285
2024-04-10 13:28:05,0.0012797826202586,0.4612655341625213,24.3359375,0.0005754442536272,0.4506905078887939,22.3828125,25.8519287109375,0.4504300653934479,1018.0919456481934,19.86980628967285
2024-04-10 13:28:06,0.0012797826202586,0.4612655341625213,24.3359375,0.0005754442536272,0.4506905078887939,22.3828125,25.8519287109375,0.4504300653934479,1018.0180740356444,19.86980628967285
2024-04-10 13:28:07,0.0012797826202586,0.4612655341625213,24.3359375,0.0005754442536272,0.4506905078887939,22.3828125,25.94073486328125,0.4504300653934479,1018.0180740356444,19.86980628967285
2024-04-10 13:28:08,0.0012797826202586,0.4612655341625213,24.3359375,0.0005754442536272,0.4506905078887939,22.3828125,25.94073486328125,0.4504300653934479,1018.0180740356444,19.86980628967285
2024-04-10 13:28:09,0.0012797826202586,0.4612655341625213,24.3359375,0.0005754442536272,0.4506905078887939,22.3828125,25.94073486328125,0.4504300653934479,1018.0180740356444,19.86980628967285
2024-04-10 13:28:10,0.0012797826202586,0.4612655341625213,24.3359375,0.0007112976745702,0.3755754232406616,22.375,25.94073486328125,0.4504300653934479,1018.0180740356444,19.854019165039062
2024-04-10 13:28:11,0.0012797826202586,0.4612655341625213,24.3359375,0.0007112976745702,0.3755754232406616,22.375,25.94073486328125,0.4504300653934479,1018.0180740356444,19.854019165039062
2024-04-10 13:28:12,0.0012797826202586,0.4612655341625213,24.3359375,0.0007112976745702,0.3755754232406616,22.375,25.94073486328125,0.4504300653934479,1018.0180740356444,19.854019165039062
2024-04-10 13:28:13,0.0008064007270149,0.422826737165451,24.328125,0.0007112976745702,0.3755754232406616,22.375,25.94073486328125,0.4504300653934479,1018.054838180542,19.854019165039062
2024-04-10 13:28:14,0.0008064007270149,0.422826737165451,24.328125,0.0007112976745702,0.3755754232406616,22.375,25.94073486328125,0.4504300653934479,1018.054838180542,19.854019165039062
2024-04-10 13:28:15,0.0008064007270149,0.422826737165451,24.328125,0.0007112976745702,0.3755754232406616,22.375,25.950958251953125,0.4504300653934479,1018.054838180542,19.854019165039062
2024-04-10 13:28:16,0.0008064007270149,0.422826737165451,24.328125,0.0007112976745702,0.3755754232406616,22.375,25.950958251953125,0.4504300653934479,1018.054838180542,19.854019165039062
2024-04-10 13:28:17,0.0008064007270149,0.422826737165451,24.328125,0.0005793725140392,0.4131329655647278,22.40625,25.950958251953125,0.4504300653934479,1018.054838180542,19.854019165039062
2024-04-10 13:28:18,0.0008064007270149,0.422826737165451,24.328125,0.0005793725140392,0.4131329655647278,22.40625,25.950958251953125,0.4518557786941528,1018.054838180542,19.859764099121094
2024-04-10 13:28:19,0.0008064007270149,0.422826737165451,24.328125,0.0005793725140392,0.4131329655647278,22.40625,25.950958251953125,0.4518557786941528,1018.054838180542,19.859764099121094
2024-04-10 13:28:20,0.0006331818294711,0.422826737165451,24.359375,0.0005793725140392,0.4131329655647278,22.40625,25.950958251953125,0.4518557786941528,1018.054838180542,19.859764099121094
2024-04-10 13:28:21,0.0006331818294711,0.422826737165451,24.359375,0.0005793725140392,0.4131329655647278,22.40625,25.950958251953125,0.4518557786941528,1018.054838180542,19.859764099121094
2024-04-10 13:28:22,0.0006331818294711,0.422826737165451,24.359375,0.0005793725140392,0.4131329655647278,22.40625,25.950958251953125,0.4518557786941528,1018.054838180542,19.859764099121094
2024-04-10 13:28:23,0.0006331818294711,0.422826737165451,24.359375,0.0005793725140392,0.4131329655647278,22.40625,25.950958251953125,0.4518557786941528,1018.054838180542,19.859764099121094
2024-04-10 13:28:24,0.0006331818294711,0.422826737165451,24.359375,0.0005793725140392,0.4131329655647278,22.40625,25.950958251953125,0.4518557786941528,1018.054838180542,19.859764099121094
2024-04-10 13:28:25,0.0006331818294711,0.422826737165451,24.359375,0.0006954213604331,0.4131329655647278,22.4140625,26.002197265625,0.4518557786941528,1018.0409622192384,19.859764099121094
2024-04-10 13:28:26,0.0006331818294711,0.422826737165451,24.359375,0.0006954213604331,0.4131329655647278,22.4140625,26.002197265625,0.4518557786941528,1018.0409622192384,19.859764099121094
2024-04-10 13:28:27,0.0006331818294711,0.422826737165451,24.359375,0.0006954213604331,0.4131329655647278,22.4140625,26.002197265625,0.4518557786941528,1018.0409622192384,19.86885643005371
2024-04-10 13:28:28,0.0008347278344444,0.4612655341625213,24.390625,0.0006954213604331,0.4131329655647278,22.4140625,26.002197265625,0.4518557786941528,1018.0409622192384,19.86885643005371
2024-04-10 13:28:29,0.0008347278344444,0.4612655341625213,24.390625,0.0006954213604331,0.4131329655647278,22.4140625,26.002197265625,0.4518557786941528,1018.0409622192384,19.86885643005371
2024-04-10 13:28:30,0.0008347278344444,0.4612655341625213,24.390625,0.0006954213604331,0.4131329655647278,22.4140625,26.09442138671875,0.4518557786941528,1018.0446529388428,19.86885643005371
2024-04-10 13:28:31,0.0008347278344444,0.4612655341625213,24.390625,0.0006954213604331,0.4131329655647278,22.4140625,26.09442138671875,0.4518557786941528,1018.0446529388428,19.86885643005371
2024-04-10 13:28:32,0.0008347278344444,0.4612655341625213,24.390625,0.0006954213604331,0.4131329655647278,22.4140625,26.09442138671875,0.4518557786941528,1018.0446529388428,19.86885643005371
2024-04-10 13:28:33,0.0008347278344444,0.4612655341625213,24.390625,0.0003599248593673,0.4131329655647278,22.3828125,26.09442138671875,0.4518557786941528,1018.0446529388428,19.86885643005371
2024-04-10 13:28:34,0.0008347278344444,0.4612655341625213,24.390625,0.0003599248593673,0.4131329655647278,22.3828125,26.09442138671875,0.4518557786941528,1018.0446529388428,19.86885643005371
2024-04-10 13:28:35,0.0008347278344444,0.4612655341625213,24.390625,0.0003599248593673,0.4131329655647278,22.3828125,26.09442138671875,0.4518557786941528,1018.0446529388428,19.87571144104004
2024-04-10 13:28:36,0.0008483585552312,0.422826737165451,24.3984375,0.0003599248593673,0.4131329655647278,22.3828125,26.09442138671875,0.4518557786941528,1018.0446529388428,19.87571144104004
2024-04-10 13:28:37,0.0008483585552312,0.422826737165451,24.3984375,0.0003599248593673,0.4131329655647278,22.3828125,26.09442138671875,0.4518557786941528,1018.0446529388428,19.87571144104004
2024-04-10 13:28:38,0.0008483585552312,0.422826737165451,24.3984375,0.0003599248593673,0.4131329655647278,22.3828125,26.09442138671875,0.4518557786941528,1018.0446529388428,19.87571144104004
2024-04-10 13:28:39,0.0008483585552312,0.422826737165451,24.3984375,0.0003599248593673,0.4131329655647278,22.3828125,26.09442138671875,0.4518557786941528,1018.080186843872,19.87571144104004
2024-04-10 13:28:40,0.0008483585552312,0.422826737165451,24.3984375,0.0003599248593673,0.4131329655647278,22.3828125,26.09442138671875,0.4518557786941528,1018.080186843872,19.87571144104004
2024-04-10 13:28:41,0.0008483585552312,0.422826737165451,24.3984375,0.0003599248593673,0.4131329655647278,22.3828125,26.127166748046875,0.4518557786941528,1018.080186843872,19.87571144104004
2024-04-10 13:28:42,0.0008483585552312,0.422826737165451,24.3984375,0.0008463363628834,0.4131329655647278,22.3984375,26.127166748046875,0.4518557786941528,1018.080186843872,19.87571144104004
2024-04-10 13:28:43,0.0008483585552312,0.422826737165451,24.3984375,0.0008463363628834,0.4131329655647278,22.3984375,26.127166748046875,0.4518557786941528,1018.080186843872,19.88167381286621
2024-04-10 13:28:44,0.0008005467825569,0.422826737165451,24.421875,0.0008463363628834,0.4131329655647278,22.3984375,26.127166748046875,0.4518557786941528,1018.080186843872,19.88167381286621
2024-04-10 13:28:45,0.0008005467825569,0.422826737165451,24.421875,0.0008463363628834,0.4131329655647278,22.3984375,26.127166748046875,0.4518557786941528,1018.080186843872,19.88167381286621
2024-04-10 13:28:46,0.0008005467825569,0.422826737165451,24.421875,0.0008463363628834,0.4131329655647278,22.3984375,26.1270751953125,0.4518557786941528,1018.0350399017334,19.88167381286621
2024-04-10 13:28:47,0.0008005467825569,0.422826737165451,24.421875,0.0008463363628834,0.4131329655647278,22.3984375,26.1270751953125,0.4518557786941528,1018.0350399017334,19.88167381286621
2024-04-10 13:28:48,0.0008005467825569,0.422826737165451,24.421875,0.0008463363628834,0.4131329655647278,22.3984375,26.1270751953125,0.4518557786941528,1018.0350399017334,19.88167381286621
2024-04-10 13:28:49,0.0008005467825569,0.422826737165451,24.421875,0.0006759589887224,0.4131329655647278,22.4140625,26.1270751953125,0.4518557786941528,1018.0350399017334,19.88167381286621
2024-04-10 13:28:50,0.0008005467825569,0.422826737165451,24.421875,0.0006759589887224,0.4131329655647278,22.4140625,26.1270751953125,0.4518557786941528,1018.0350399017334,19.88167381286621
2024-04-10 13:28:51,0.0012297857319936,0.422826737165451,24.4375,0.0006759589887224,0.4131329655647278,22.4140625,26.1270751953125,0.4518557786941528,1018.0350399017334,19.88692092895508
2024-04-10 13:28:52,0.0012297857319936,0.422826737165451,24.4375,0.0006759589887224,0.4131329655647278,22.4140625,26.1270751953125,0.4518557786941528,1018.0350399017334,19.88692092895508
2024-04-10 13:28:53,0.0012297857319936,0.422826737165451,24.4375,0.0006759589887224,0.4131329655647278,22.4140625,26.1270751953125,0.4518557786941528,1018.0350399017334,19.88692092895508
2024-04-10 13:28:54,0.0012297857319936,0.422826737165451,24.4375,0.0006759589887224,0.4131329655647278,22.4140625,26.1270751953125,0.4518557786941528,1018.052921295166,19.88692092895508
2024-04-10 13:28:55,0.0012297857319936,0.422826737165451,24.4375,0.0006759589887224,0.4131329655647278,22.4140625,26.1270751953125,0.4518557786941528,1018.052921295166,19.88692092895508
2024-04-10 13:28:56,0.0012297857319936,0.422826737165451,24.4375,0.0006759589887224,0.4131329655647278,22.4140625,26.10507202148437,0.4518557786941528,1018.052921295166,19.88692092895508
2024-04-10 13:28:57,0.0012297857319936,0.422826737165451,24.4375,0.0006759589887224,0.4131329655647278,22.4140625,26.10507202148437,0.4518557786941528,1018.052921295166,19.88692092895508
2024-04-10 13:28:58,0.0012297857319936,0.422826737165451,24.4375,0.0004417380259837,0.4506905078887939,22.390625,26.10507202148437,0.4518557786941528,1018.052921295166,19.88150787353516
2024-04-10 13:28:59,0.0012297857319936,0.422826737165451,24.4375,0.0004417380259837,0.4506905078887939,22.390625,26.10507202148437,0.4518557786941528,1018.052921295166,19.88150787353516
2024-04-10 13:29:00,0.0010548698483034,0.4997043311595917,24.453125,0.0004417380259837,0.4506905078887939,22.390625,26.10507202148437,0.4518557786941528,1018.052921295166,19.88150787353516
2024-04-10 13:29:01,0.0010548698483034,0.4997043311595917,24.453125,0.0004417380259837,0.4506905078887939,22.390625,26.10507202148437,0.4518557786941528,1018.0526065826416,19.88150787353516
2024-04-10 13:29:02,0.0010548698483034,0.4997043311595917,24.453125,0.0004417380259837,0.4506905078887939,22.390625,26.10507202148437,0.4518557786941528,1018.0526065826416,19.88150787353516
2024-04-10 13:29:03,0.0010548698483034,0.4997043311595917,24.453125,0.0004417380259837,0.4506905078887939,22.390625,26.03607177734375,0.4518557786941528,1018.0526065826416,19.88150787353516
2024-04-10 13:29:04,0.0010548698483034,0.4997043311595917,24.453125,0.0004417380259837,0.4506905078887939,22.390625,26.03607177734375,0.4518557786941528,1018.0526065826416,19.88150787353516
2024-04-10 13:29:05,0.0010548698483034,0.4997043311595917,24.453125,0.0004440011980477,0.4131329655647278,22.40625,26.03607177734375,0.4518557786941528,1018.0526065826416,19.88150787353516
2024-04-10 13:29:06,0.0010548698483034,0.4997043311595917,24.453125,0.0004440011980477,0.4131329655647278,22.40625,26.03607177734375,0.4518557786941528,1018.0526065826416,19.892391204833984
2024-04-10 13:29:07,0.0014131423085927,0.422826737165451,24.4921875,0.0004440011980477,0.4131329655647278,22.40625,26.03607177734375,0.4518557786941528,1018.0526065826416,19.892391204833984
2024-04-10 13:29:08,0.0014131423085927,0.422826737165451,24.4921875,0.0004440011980477,0.4131329655647278,22.40625,26.03607177734375,0.4518557786941528,1018.0526065826416,19.892391204833984
2024-04-10 13:29:09,0.0014131423085927,0.422826737165451,24.4921875,0.0004440011980477,0.4131329655647278,22.40625,26.03607177734375,0.4518557786941528,1018.0428218841552,19.892391204833984
2024-04-10 13:29:10,0.0014131423085927,0.422826737165451,24.4921875,0.0004440011980477,0.4131329655647278,22.40625,26.03607177734375,0.4518557786941528,1018.0428218841552,19.892391204833984
2024-04-10 13:29:11,0.0014131423085927,0.422826737165451,24.4921875,0.0004440011980477,0.4131329655647278,22.40625,26.0491943359375,0.4518557786941528,1018.0428218841552,19.892391204833984
2024-04-10 13:29:12,0.0014131423085927,0.422826737165451,24.4921875,0.0004440011980477,0.4131329655647278,22.40625,26.0491943359375,0.4518557786941528,1018.0428218841552,19.892391204833984
2024-04-10 13:29:13,0.0014131423085927,0.422826737165451,24.4921875,0.0004440011980477,0.4131329655647278,22.40625,26.0491943359375,0.4518557786941528,1018.0428218841552,19.892391204833984
2024-04-10 13:29:14,0.0014131423085927,0.422826737165451,24.4921875,0.0006398031837306,0.4506905078887939,22.390625,26.0491943359375,0.4518557786941528,1018.0428218841552,19.890336990356445
2024-04-10 13:29:15,0.0014131423085927,0.422826737165451,24.4921875,0.0006398031837306,0.4506905078887939,22.390625,26.0491943359375,0.4518557786941528,1018.0428218841552,19.890336990356445
2024-04-10 13:29:16,0.0009437758708372,0.4997043311595917,24.46875,0.0006398031837306,0.4506905078887939,22.390625,26.0491943359375,0.4518557786941528,1018.0428218841552,19.890336990356445
2024-04-10 13:29:17,0.0009437758708372,0.4997043311595917,24.46875,0.0006398031837306,0.4506905078887939,22.390625,26.0491943359375,0.4518557786941528,1018.0428218841552,19.890336990356445
2024-04-10 13:29:18,0.0009437758708372,0.4997043311595917,24.46875,0.0006398031837306,0.4506905078887939,22.390625,26.0491943359375,0.4502307772636413,1018.0748081207277,19.890336990356445
2024-04-10 13:29:19,0.0009437758708372,0.4997043311595917,24.46875,0.0006398031837306,0.4506905078887939,22.390625,26.05499267578125,0.4502307772636413,1018.0748081207277,19.890336990356445
2024-04-10 13:29:20,0.0009437758708372,0.4997043311595917,24.46875,0.0006398031837306,0.4506905078887939,22.390625,26.05499267578125,0.4502307772636413,1018.0748081207277,19.890336990356445
2024-04-10 13:29:21,0.0009437758708372,0.4997043311595917,24.46875,0.000324847002048,0.4131329655647278,22.40625,26.05499267578125,0.4502307772636413,1018.0748081207277,19.890336990356445
2024-04-10 13:29:22,0.0009437758708372,0.4997043311595917,24.46875,0.000324847002048,0.4131329655647278,22.40625,26.05499267578125,0.4502307772636413,1018.0748081207277,19.894508361816406
2024-04-10 13:29:23,0.0009437758708372,0.4997043311595917,24.46875,0.000324847002048,0.4131329655647278,22.40625,26.05499267578125,0.4502307772636413,1018.0748081207277,19.894508361816406
2024-04-10 13:29:24,0.001936207874678,0.4612655341625213,24.4921875,0.000324847002048,0.4131329655647278,22.40625,26.05499267578125,0.4502307772636413,1018.0748081207277,19.894508361816406
2024-04-10 13:29:25,0.001936207874678,0.4612655341625213,24.4921875,0.000324847002048,0.4131329655647278,22.40625,26.05499267578125,0.4502307772636413,1018.0748081207277,19.894508361816406
2024-04-10 13:29:26,0.001936207874678,0.4612655341625213,24.4921875,0.000324847002048,0.4131329655647278,22.40625,26.05499267578125,0.4502307772636413,1018.0748081207277,19.894508361816406
2024-04-10 13:29:27,0.001936207874678,0.4612655341625213,24.4921875,0.000324847002048,0.4131329655647278,22.40625,26.05230712890625,0.4502307772636413,1018.053035736084,19.894508361816406
2024-04-10 13:29:28,0.001936207874678,0.4612655341625213,24.4921875,0.000324847002048,0.4131329655647278,22.40625,26.05230712890625,0.4502307772636413,1018.053035736084,19.894508361816406
2024-04-10 13:29:29,0.001936207874678,0.4612655341625213,24.4921875,0.000324847002048,0.4131329655647278,22.40625,26.05230712890625,0.4502307772636413,1018.053035736084,19.893798828125
2024-04-10 13:29:30,0.001936207874678,0.4612655341625213,24.4921875,0.0005475974758155,0.4131329655647278,22.4140625,26.05230712890625,0.4502307772636413,1018.053035736084,19.893798828125
2024-04-10 13:29:31,0.001936207874678,0.4612655341625213,24.4921875,0.0005475974758155,0.4131329655647278,22.4140625,26.05230712890625,0.4502307772636413,1018.053035736084,19.893798828125
2024-04-10 13:29:32,0.0010827053338289,0.422826737165451,24.4765625,0.0005475974758155,0.4131329655647278,22.4140625,26.05230712890625,0.4502307772636413,1018.053035736084,19.893798828125
2024-04-10 13:29:33,0.0010827053338289,0.422826737165451,24.4765625,0.0005475974758155,0.4131329655647278,22.4140625,26.05230712890625,0.4502307772636413,1018.053035736084,19.893798828125
2024-04-10 13:29:34,0.0010827053338289,0.422826737165451,24.4765625,0.0005475974758155,0.4131329655647278,22.4140625,26.05230712890625,0.4502307772636413,1018.053035736084,19.893798828125
2024-04-10 13:29:35,0.0010827053338289,0.422826737165451,24.4765625,0.0005475974758155,0.4131329655647278,22.4140625,26.05230712890625,0.4502307772636413,1018.0887413024902,19.893798828125
2024-04-10 13:29:36,0.0010827053338289,0.422826737165451,24.4765625,0.0005475974758155,0.4131329655647278,22.4140625,26.05230712890625,0.4502307772636413,1018.0887413024902,19.893798828125
2024-04-10 13:29:37,0.0010827053338289,0.422826737165451,24.4765625,0.0005475974758155,0.4131329655647278,22.4140625,26.03109741210937,0.4502307772636413,1018.0887413024902,19.893798828125
2024-04-10 13:29:38,0.0010827053338289,0.422826737165451,24.4765625,0.0002925717562902,0.4131329655647278,22.390625,26.03109741210937,0.4502307772636413,1018.0887413024902,19.892608642578125
2024-04-10 13:29:39,0.0010827053338289,0.422826737165451,24.4765625,0.0002925717562902,0.4131329655647278,22.390625,26.03109741210937,0.4502307772636413,1018.0887413024902,19.892608642578125
2024-04-10 13:29:40,0.0012189587578177,0.4997043311595917,24.4921875,0.0002925717562902,0.4131329655647278,22.390625,26.03109741210937,0.4502307772636413,1018.0887413024902,19.892608642578125
2024-04-10 13:29:41,0.0012189587578177,0.4997043311595917,24.4921875,0.0002925717562902,0.4131329655647278,22.390625,26.03109741210937,0.4502307772636413,1018.0887413024902,19.892608642578125
2024-04-10 13:29:42,0.0012189587578177,0.4997043311595917,24.4921875,0.0002925717562902,0.4131329655647278,22.390625,26.010650634765625,0.4502307772636413,1018.0400466918944,19.892608642578125
2024-04-10 13:29:43,0.0012189587578177,0.4997043311595917,24.4921875,0.0002925717562902,0.4131329655647278,22.390625,26.010650634765625,0.4502307772636413,1018.0400466918944,19.892608642578125
2024-04-10 13:29:44,0.0012189587578177,0.4997043311595917,24.4921875,0.0002925717562902,0.4131329655647278,22.390625,26.010650634765625,0.4502307772636413,1018.0400466918944,19.892608642578125
2024-04-10 13:29:45,0.0012189587578177,0.4997043311595917,24.4921875,0.0004957692581228,0.4506905078887939,22.3984375,26.010650634765625,0.4502307772636413,1018.0400466918944,19.892608642578125
2024-04-10 13:29:46,0.0012189587578177,0.4997043311595917,24.4921875,0.0004957692581228,0.4506905078887939,22.3984375,26.010650634765625,0.4502307772636413,1018.0400466918944,19.892608642578125
2024-04-10 13:29:47,0.0012189587578177,0.4997043311595917,24.4921875,0.0004957692581228,0.4506905078887939,22.3984375,26.010650634765625,0.4502307772636413,1018.0400466918944,19.89808464050293
2024-04-10 13:29:48,0.0006094571435824,0.4997043311595917,24.515625,0.0004957692581228,0.4506905078887939,22.3984375,26.010650634765625,0.4502307772636413,1018.0400466918944,19.89808464050293
2024-04-10 13:29:49,0.0006094571435824,0.4997043311595917,24.515625,0.0004957692581228,0.4506905078887939,22.3984375,26.010650634765625,0.4502307772636413,1018.0400466918944,19.89808464050293
2024-04-10 13:29:50,0.0006094571435824,0.4997043311595917,24.515625,0.0004957692581228,0.4506905078887939,22.3984375,26.010650634765625,0.4502307772636413,1018.0312633514404,19.89808464050293
2024-04-10 13:29:51,0.0006094571435824,0.4997043311595917,24.515625,0.0004957692581228,0.4506905078887939,22.3984375,26.010650634765625,0.4502307772636413,1018.0312633514404,19.89808464050293
2024-04-10 13:29:52,0.0006094571435824,0.4997043311595917,24.515625,0.0004957692581228,0.4506905078887939,22.3984375,25.97723388671875,0.4502307772636413,1018.0312633514404,19.89808464050293
2024-04-10 13:29:53,0.0006094571435824,0.4997043311595917,24.515625,0.0004709502100013,0.4131329655647278,22.3984375,25.97723388671875,0.4502307772636413,1018.0312633514404,19.89808464050293
2024-04-10 13:29:54,0.0006094571435824,0.4997043311595917,24.515625,0.0004709502100013,0.4131329655647278,22.3984375,25.97723388671875,0.4502307772636413,1018.0312633514404,19.89808464050293
2024-04-10 13:29:55,0.0006094571435824,0.4997043311595917,24.515625,0.0004709502100013,0.4131329655647278,22.3984375,25.97723388671875,0.4502307772636413,1018.0312633514404,19.886371612548828
2024-04-10 13:29:56,0.0011053793132305,0.4997043311595917,24.515625,0.0004709502100013,0.4131329655647278,22.3984375,25.97723388671875,0.4502307772636413,1018.0312633514404,19.886371612548828
2024-04-10 13:29:57,0.0011053793132305,0.4997043311595917,24.515625,0.0004709502100013,0.4131329655647278,22.3984375,25.97723388671875,0.4502307772636413,1018.0247116088868,19.886371612548828
2024-04-10 13:29:58,0.0011053793132305,0.4997043311595917,24.515625,0.0004709502100013,0.4131329655647278,22.3984375,25.9193115234375,0.4502307772636413,1018.0247116088868,19.886371612548828
2024-04-10 13:29:59,0.0011053793132305,0.4997043311595917,24.515625,0.0004709502100013,0.4131329655647278,22.3984375,25.9193115234375,0.4502307772636413,1018.0247116088868,19.886371612548828
2024-04-10 13:30:00,0.0011053793132305,0.4997043311595917,24.515625,0.0004709502100013,0.4131329655647278,22.3984375,25.9193115234375,0.4502307772636413,1018.0247116088868,19.886371612548828
2024-04-10 13:30:01,0.0011053793132305,0.4997043311595917,24.515625,0.0005580229335464,0.4131329655647278,22.421875,25.9193115234375,0.4502307772636413,1018.0247116088868,19.886371612548828
2024-04-10 13:30:02,0.0011053793132305,0.4997043311595917,24.515625,0.0005580229335464,0.4131329655647278,22.421875,25.9193115234375,0.4502307772636413,1018.0247116088868,19.886371612548828
2024-04-10 13:30:03,0.0011053793132305,0.4997043311595917,24.515625,0.0005580229335464,0.4131329655647278,22.421875,25.9193115234375,0.4502307772636413,1018.0247116088868,19.895069122314453
2024-04-10 13:30:04,0.0009547740919515,0.4612655341625213,24.53125,0.0005580229335464,0.4131329655647278,22.421875,25.9193115234375,0.4502307772636413,1018.0247116088868,19.895069122314453
2024-04-10 13:30:05,0.0009547740919515,0.4612655341625213,24.53125,0.0005580229335464,0.4131329655647278,22.421875,25.9193115234375,0.4502307772636413,1018.0247116088868,19.895069122314453
2024-04-10 13:30:06,0.0009547740919515,0.4612655341625213,24.53125,0.0005580229335464,0.4131329655647278,22.421875,25.9193115234375,0.4502307772636413,1018.0298614501952,19.895069122314453
2024-04-10 13:30:07,0.0009547740919515,0.4612655341625213,24.53125,0.0005580229335464,0.4131329655647278,22.421875,25.939117431640625,0.4502307772636413,1018.0298614501952,19.895069122314453
2024-04-10 13:30:08,0.0009547740919515,0.4612655341625213,24.53125,0.0005580229335464,0.4131329655647278,22.421875,25.939117431640625,0.4502307772636413,1018.0298614501952,19.895069122314453
2024-04-10 13:30:09,0.0009547740919515,0.4612655341625213,24.53125,0.0008085297886282,0.4131329655647278,22.4296875,25.939117431640625,0.4502307772636413,1018.0298614501952,19.895069122314453
2024-04-10 13:30:10,0.0009547740919515,0.4612655341625213,24.53125,0.0008085297886282,0.4131329655647278,22.4296875,25.939117431640625,0.4502307772636413,1018.0298614501952,19.88999938964844
2024-04-10 13:30:11,0.0009547740919515,0.4612655341625213,24.53125,0.0008085297886282,0.4131329655647278,22.4296875,25.939117431640625,0.4502307772636413,1018.0298614501952,19.88999938964844
2024-04-10 13:30:12,0.0009522884502075,0.422826737165451,24.5546875,0.0008085297886282,0.4131329655647278,22.4296875,25.939117431640625,0.4502307772636413,1018.0298614501952,19.88999938964844
2024-04-10 13:30:13,0.0009522884502075,0.422826737165451,24.5546875,0.0008085297886282,0.4131329655647278,22.4296875,25.939117431640625,0.4502307772636413,1018.0298614501952,19.88999938964844
2024-04-10 13:30:14,0.0009522884502075,0.422826737165451,24.5546875,0.0008085297886282,0.4131329655647278,22.4296875,25.939117431640625,0.4502307772636413,1018.0298614501952,19.88999938964844
2024-04-10 13:30:15,0.0009522884502075,0.422826737165451,24.5546875,0.0008085297886282,0.4131329655647278,22.4296875,25.978729248046875,0.4502307772636413,1018.0298614501952,19.88999938964844
2024-04-10 13:30:16,0.0009522884502075,0.422826737165451,24.5546875,0.0008085297886282,0.4131329655647278,22.4296875,25.978729248046875,0.4495331346988678,1018.0503749847412,19.88999938964844
2024-04-10 13:30:17,0.0009522884502075,0.422826737165451,24.5546875,0.0008584219031035,0.4131329655647278,22.4296875,25.978729248046875,0.4495331346988678,1018.0503749847412,19.886268615722656
2024-04-10 13:30:18,0.0009522884502075,0.422826737165451,24.5546875,0.0008584219031035,0.4131329655647278,22.4296875,25.978729248046875,0.4495331346988678,1018.0503749847412,19.886268615722656
2024-04-10 13:30:19,0.0009522884502075,0.422826737165451,24.5546875,0.0008584219031035,0.4131329655647278,22.4296875,25.978729248046875,0.4495331346988678,1018.0503749847412,19.886268615722656
2024-04-10 13:30:20,0.0013617197982966,0.4997043311595917,24.546875,0.0008584219031035,0.4131329655647278,22.4296875,25.978729248046875,0.4495331346988678,1018.0503749847412,19.886268615722656
2024-04-10 13:30:21,0.0013617197982966,0.4997043311595917,24.546875,0.0008584219031035,0.4131329655647278,22.4296875,25.978729248046875,0.4495331346988678,1018.0503749847412,19.886268615722656
2024-04-10 13:30:22,0.0013617197982966,0.4997043311595917,24.546875,0.0008584219031035,0.4131329655647278,22.4296875,25.978729248046875,0.4495331346988678,1018.0503749847412,19.886268615722656
2024-04-10 13:30:23,0.0013617197982966,0.4997043311595917,24.546875,0.0008584219031035,0.4131329655647278,22.4296875,25.958953857421875,0.4495331346988678,1018.0375862121582,19.886268615722656
2024-04-10 13:30:24,0.0013617197982966,0.4997043311595917,24.546875,0.0008584219031035,0.4131329655647278,22.4296875,25.958953857421875,0.4495331346988678,1018.0375862121582,19.886268615722656
2024-04-10 13:30:25,0.0013617197982966,0.4997043311595917,24.546875,0.0006320005632005,0.4131329655647278,22.453125,25.958953857421875,0.4495331346988678,1018.0375862121582,19.886268615722656
2024-04-10 13:30:26,0.0013617197982966,0.4997043311595917,24.546875,0.0006320005632005,0.4131329655647278,22.453125,25.958953857421875,0.4495331346988678,1018.0375862121582,19.89917755126953
2024-04-10 13:30:27,0.0013617197982966,0.4997043311595917,24.546875,0.0006320005632005,0.4131329655647278,22.453125,25.958953857421875,0.4495331346988678,1018.0375862121582,19.89917755126953
2024-04-10 13:30:28,0.0007924066740088,0.422826737165451,24.5625,0.0006320005632005,0.4131329655647278,22.453125,25.958953857421875,0.4495331346988678,1018.0375862121582,19.89917755126953
2024-04-10 13:30:29,0.0007924066740088,0.422826737165451,24.5625,0.0006320005632005,0.4131329655647278,22.453125,25.958953857421875,0.4495331346988678,1018.0375862121582,19.89917755126953
2024-04-10 13:30:30,0.0007924066740088,0.422826737165451,24.5625,0.0006320005632005,0.4131329655647278,22.453125,26.00228881835937,0.4495331346988678,1018.0163860321044,19.89917755126953
2024-04-10 13:30:31,0.0007924066740088,0.422826737165451,24.5625,0.0006320005632005,0.4131329655647278,22.453125,26.00228881835937,0.4495331346988678,1018.0163860321044,19.89917755126953
2024-04-10 13:30:32,0.0007924066740088,0.422826737165451,24.5625,0.0006320005632005,0.4131329655647278,22.453125,26.00228881835937,0.4495331346988678,1018.0163860321044,19.89917755126953
2024-04-10 13:30:33,0.0007924066740088,0.422826737165451,24.5625,0.0006320005632005,0.4131329655647278,22.453125,26.00228881835937,0.4495331346988678,1018.0163860321044,19.91730499267578
2024-04-10 13:30:34,0.0007924066740088,0.422826737165451,24.5625,0.0003844291786663,0.4131329655647278,22.46875,26.00228881835937,0.4495331346988678,1018.0163860321044,19.91730499267578
2024-04-10 13:30:35,0.0009898708667606,0.4612655341625213,24.5625,0.0003844291786663,0.4131329655647278,22.46875,26.00228881835937,0.4495331346988678,1018.0163860321044,19.91730499267578
2024-04-10 13:30:36,0.0009898708667606,0.4612655341625213,24.5625,0.0003844291786663,0.4131329655647278,22.46875,26.00228881835937,0.4495331346988678,1018.0163860321044,19.91730499267578
2024-04-10 13:30:37,0.0009898708667606,0.4612655341625213,24.5625,0.0003844291786663,0.4131329655647278,22.46875,26.00228881835937,0.4495331346988678,1018.0163860321044,19.91730499267578
2024-04-10 13:30:38,0.0009898708667606,0.4612655341625213,24.5625,0.0003844291786663,0.4131329655647278,22.46875,26.00228881835937,0.4495331346988678,1018.0447959899902,19.91730499267578
2024-04-10 13:30:39,0.0009898708667606,0.4612655341625213,24.5625,0.0003844291786663,0.4131329655647278,22.46875,25.88534545898437,0.4495331346988678,1018.0447959899902,19.91730499267578
2024-04-10 13:30:40,0.0009898708667606,0.4612655341625213,24.5625,0.0003844291786663,0.4131329655647278,22.46875,25.88534545898437,0.4495331346988678,1018.0447959899902,19.91730499267578
2024-04-10 13:30:41,0.0009898708667606,0.4612655341625213,24.5625,0.0004058815829921,0.4131329655647278,22.4765625,25.88534545898437,0.4495331346988678,1018.0447959899902,19.91730499267578
2024-04-10 13:30:42,0.0009898708667606,0.4612655341625213,24.5625,0.0004058815829921,0.4131329655647278,22.4765625,25.88534545898437,0.4495331346988678,1018.0447959899902,19.91730499267578
2024-04-10 13:30:43,0.0009898708667606,0.4612655341625213,24.5625,0.0004058815829921,0.4131329655647278,22.4765625,25.88534545898437,0.4495331346988678,1018.0447959899902,19.91730499267578
2024-04-10 13:30:44,0.0010497322073206,0.4612655341625213,24.59375,0.0004058815829921,0.4131329655647278,22.4765625,25.88534545898437,0.4495331346988678,1018.0447959899902,19.918363571166992
2024-04-10 13:30:45,0.0010497322073206,0.4612655341625213,24.59375,0.0004058815829921,0.4131329655647278,22.4765625,25.88534545898437,0.4495331346988678,1018.0447959899902,19.918363571166992
2024-04-10 13:30:46,0.0010497322073206,0.4612655341625213,24.59375,0.0004058815829921,0.4131329655647278,22.4765625,25.88534545898437,0.4495331346988678,1018.0447959899902,19.918363571166992
2024-04-10 13:30:47,0.0010497322073206,0.4612655341625213,24.59375,0.0004058815829921,0.4131329655647278,22.4765625,25.88534545898437,0.4495331346988678,1018.0131816864014,19.918363571166992
2024-04-10 13:30:48,0.0010497322073206,0.4612655341625213,24.59375,0.0004058815829921,0.4131329655647278,22.4765625,25.849273681640625,0.4495331346988678,1018.0131816864014,19.918363571166992
2024-04-10 13:30:49,0.0010497322073206,0.4612655341625213,24.59375,0.0004058815829921,0.4131329655647278,22.4765625,25.849273681640625,0.4495331346988678,1018.0131816864014,19.918363571166992
2024-04-10 13:30:50,0.0010497322073206,0.4612655341625213,24.59375,0.0004058815829921,0.4131329655647278,22.4765625,25.849273681640625,0.4495331346988678,1018.0131816864014,19.92172241210937
2024-04-10 13:30:51,0.0010497322073206,0.4612655341625213,24.59375,0.0005813663592562,0.5258055925369263,22.5078125,25.849273681640625,0.4495331346988678,1018.0131816864014,19.92172241210937
2024-04-10 13:30:52,0.0007942495867609,0.4997043311595917,24.578125,0.0005813663592562,0.5258055925369263,22.5078125,25.849273681640625,0.4495331346988678,1018.0131816864014,19.92172241210937
2024-04-10 13:30:53,0.0007942495867609,0.4997043311595917,24.578125,0.0005813663592562,0.5258055925369263,22.5078125,25.849273681640625,0.4495331346988678,1018.0131816864014,19.92172241210937
2024-04-10 13:30:54,0.0007942495867609,0.4997043311595917,24.578125,0.0005813663592562,0.5258055925369263,22.5078125,25.849273681640625,0.4495331346988678,1018.019790649414,19.92172241210937
2024-04-10 13:30:55,0.0007942495867609,0.4997043311595917,24.578125,0.0005813663592562,0.5258055925369263,22.5078125,25.904815673828125,0.4495331346988678,1018.019790649414,19.92172241210937
2024-04-10 13:30:56,0.0007942495867609,0.4997043311595917,24.578125,0.0005813663592562,0.5258055925369263,22.5078125,25.904815673828125,0.4495331346988678,1018.019790649414,19.92172241210937
2024-04-10 13:30:57,0.0007942495867609,0.4997043311595917,24.578125,0.0004889310803264,0.4131329655647278,22.5234375,25.904815673828125,0.4495331346988678,1018.019790649414,19.92172241210937
2024-04-10 13:30:58,0.0007942495867609,0.4997043311595917,24.578125,0.0004889310803264,0.4131329655647278,22.5234375,25.904815673828125,0.4495331346988678,1018.019790649414,19.910799026489254
2024-04-10 13:30:59,0.0007942495867609,0.4997043311595917,24.578125,0.0004889310803264,0.4131329655647278,22.5234375,25.904815673828125,0.4495331346988678,1018.019790649414,19.910799026489254
2024-04-10 13:31:00,0.0013292928924784,0.4612655341625213,24.59375,0.0004889310803264,0.4131329655647278,22.5234375,25.904815673828125,0.4495331346988678,1018.019790649414,19.910799026489254
2024-04-10 13:31:01,0.0013292928924784,0.4612655341625213,24.59375,0.0004889310803264,0.4131329655647278,22.5234375,25.904815673828125,0.4495331346988678,1018.019790649414,19.910799026489254
2024-04-10 13:31:02,0.0013292928924784,0.4612655341625213,24.59375,0.0004889310803264,0.4131329655647278,22.5234375,25.904815673828125,0.4495331346988678,1018.0527210235596,19.910799026489254
2024-04-10 13:31:03,0.0013292928924784,0.4612655341625213,24.59375,0.0004889310803264,0.4131329655647278,22.5234375,25.904815673828125,0.4495331346988678,1018.0527210235596,19.910799026489254
2024-04-10 13:31:04,0.0013292928924784,0.4612655341625213,24.59375,0.0004889310803264,0.4131329655647278,22.5234375,25.909820556640625,0.4495331346988678,1018.0527210235596,19.910799026489254
2024-04-10 13:31:05,0.0013292928924784,0.4612655341625213,24.59375,0.0004889310803264,0.4131329655647278,22.5234375,25.909820556640625,0.4495331346988678,1018.0527210235596,19.910799026489254
2024-04-10 13:31:06,0.0013292928924784,0.4612655341625213,24.59375,0.0003479280567262,0.3755754232406616,22.546875,25.909820556640625,0.4495331346988678,1018.0527210235596,19.910799026489254
2024-04-10 13:31:07,0.0013292928924784,0.4612655341625213,24.59375,0.0003479280567262,0.3755754232406616,22.546875,25.909820556640625,0.4495331346988678,1018.0527210235596,19.92862892150879
2024-04-10 13:31:08,0.0012174383737146,0.422826737165451,24.609375,0.0003479280567262,0.3755754232406616,22.546875,25.909820556640625,0.4495331346988678,1018.0527210235596,19.92862892150879
2024-04-10 13:31:09,0.0012174383737146,0.422826737165451,24.609375,0.0003479280567262,0.3755754232406616,22.546875,25.909820556640625,0.4495331346988678,1018.0527210235596,19.92862892150879
2024-04-10 13:31:10,0.0012174383737146,0.422826737165451,24.609375,0.0003479280567262,0.3755754232406616,22.546875,25.909820556640625,0.4495331346988678,1018.0489158630372,19.92862892150879
2024-04-10 13:31:11,0.0012174383737146,0.422826737165451,24.609375,0.0003479280567262,0.3755754232406616,22.546875,25.768035888671875,0.4495331346988678,1018.0489158630372,19.92862892150879
2024-04-10 13:31:12,0.0012174383737146,0.422826737165451,24.609375,0.0003479280567262,0.3755754232406616,22.546875,25.768035888671875,0.4495331346988678,1018.0489158630372,19.92862892150879
2024-04-10 13:31:13,0.0012174383737146,0.422826737165451,24.609375,0.0004453882283996,0.4131329655647278,22.5859375,25.768035888671875,0.4495331346988678,1018.0489158630372,19.92862892150879
2024-04-10 13:31:14,0.0012174383737146,0.422826737165451,24.609375,0.0004453882283996,0.4131329655647278,22.5859375,25.768035888671875,0.4495331346988678,1018.0489158630372,19.93197631835937
2024-04-10 13:31:15,0.0012174383737146,0.422826737165451,24.609375,0.0004453882283996,0.4131329655647278,22.5859375,25.768035888671875,0.4495331346988678,1018.0489158630372,19.93197631835937
2024-04-10 13:31:16,0.0009203081717714,0.422826737165451,24.609375,0.0004453882283996,0.4131329655647278,22.5859375,25.768035888671875,0.4495331346988678,1018.0489158630372,19.93197631835937
2024-04-10 13:31:17,0.0009203081717714,0.422826737165451,24.609375,0.0004453882283996,0.4131329655647278,22.5859375,25.768035888671875,0.4495331346988678,1018.0489158630372,19.93197631835937
2024-04-10 13:31:18,0.0009203081717714,0.422826737165451,24.609375,0.0004453882283996,0.4131329655647278,22.5859375,25.768035888671875,0.4495331346988678,1018.0489158630372,19.93197631835937
2024-04-10 13:31:19,0.0009203081717714,0.422826737165451,24.609375,0.0004453882283996,0.4131329655647278,22.5859375,25.768035888671875,0.4495331346988678,1018.0489158630372,19.93197631835937
2024-04-10 13:31:20,0.0009203081717714,0.422826737165451,24.609375,0.0004453882283996,0.4131329655647278,22.5859375,25.70538330078125,0.4495331346988678,1018.0489158630372,19.93197631835937
2024-04-10 13:31:21,0.0009203081717714,0.422826737165451,24.609375,0.0005576551193371,0.3755754232406616,22.59375,25.70538330078125,0.449791818857193,1018.0489158630372,19.93197631835937
2024-04-10 13:31:22,0.0009203081717714,0.422826737165451,24.609375,0.0005576551193371,0.3755754232406616,22.59375,25.70538330078125,0.449791818857193,1018.0489158630372,19.92943000793457
2024-04-10 13:31:23,0.0010584987467154,0.4612655341625213,24.6015625,0.0005576551193371,0.3755754232406616,22.59375,25.70538330078125,0.449791818857193,1018.0489158630372,19.92943000793457
2024-04-10 13:31:24,0.0010584987467154,0.4612655341625213,24.6015625,0.0005576551193371,0.3755754232406616,22.59375,25.70538330078125,0.449791818857193,1017.9841136932372,19.92943000793457
2024-04-10 13:31:25,0.0010584987467154,0.4612655341625213,24.6015625,0.0005576551193371,0.3755754232406616,22.59375,25.70538330078125,0.449791818857193,1017.9841136932372,19.92943000793457
2024-04-10 13:31:26,0.0010584987467154,0.4612655341625213,24.6015625,0.0005576551193371,0.3755754232406616,22.59375,25.70538330078125,0.449791818857193,1017.9841136932372,19.92943000793457
2024-04-10 13:31:27,0.0010584987467154,0.4612655341625213,24.6015625,0.0005576551193371,0.3755754232406616,22.59375,25.70538330078125,0.449791818857193,1017.9957580566406,19.92943000793457
2024-04-10 13:31:28,0.0010584987467154,0.4612655341625213,24.6015625,0.0005576551193371,0.3755754232406616,22.59375,25.70538330078125,0.449791818857193,1017.9957580566406,19.92943000793457
2024-04-10 13:31:29,0.0010584987467154,0.4612655341625213,24.6015625,0.0005576551193371,0.3755754232406616,22.59375,25.59332275390625,0.449791818857193,1017.9957580566406,19.92943000793457
2024-04-10 13:31:30,0.0010584987467154,0.4612655341625213,24.6015625,0.0005576551193371,0.3755754232406616,22.59375,25.59332275390625,0.449791818857193,1017.9957580566406,19.92943000793457
2024-04-10 13:31:31,0.0007142301183193,0.422826737165451,24.6171875,0.0007671781349927,0.4131329655647278,22.6015625,25.59332275390625,0.449791818857193,1017.9957580566406,19.931415557861328
2024-04-10 13:31:32,0.0007142301183193,0.422826737165451,24.6171875,0.0007671781349927,0.4131329655647278,22.6015625,25.59332275390625,0.449791818857193,1017.9957580566406,19.931415557861328
2024-04-10 13:31:33,0.0007142301183193,0.422826737165451,24.6171875,0.0007671781349927,0.4131329655647278,22.6015625,25.59332275390625,0.449791818857193,1017.9957580566406,19.931415557861328
2024-04-10 13:31:34,0.0007142301183193,0.422826737165451,24.6171875,0.0007671781349927,0.4131329655647278,22.6015625,25.59332275390625,0.449791818857193,1017.9957580566406,19.931415557861328
2024-04-10 13:31:35,0.0007142301183193,0.422826737165451,24.6171875,0.0007671781349927,0.4131329655647278,22.6015625,25.5999755859375,0.449791818857193,1017.9971313476562,19.931415557861328
2024-04-10 13:31:36,0.0007142301183193,0.422826737165451,24.6171875,0.0007671781349927,0.4131329655647278,22.6015625,25.5999755859375,0.449791818857193,1017.9971313476562,19.931415557861328
2024-04-10 13:31:37,0.0007142301183193,0.422826737165451,24.6171875,0.0006055894191376,0.4131329655647278,22.6171875,25.5999755859375,0.449791818857193,1017.9971313476562,19.931415557861328
2024-04-10 13:31:38,0.0007142301183193,0.422826737165451,24.6171875,0.0006055894191376,0.4131329655647278,22.6171875,25.5999755859375,0.449791818857193,1017.9971313476562,19.931415557861328
2024-04-10 13:31:39,0.0007142301183193,0.422826737165451,24.6171875,0.0006055894191376,0.4131329655647278,22.6171875,25.5999755859375,0.449791818857193,1017.9971313476562,19.949817657470703
2024-04-10 13:31:40,0.0007142301183193,0.422826737165451,24.6171875,0.0006055894191376,0.4131329655647278,22.6171875,25.5999755859375,0.449791818857193,1017.9971313476562,19.949817657470703
2024-04-10 13:31:41,0.0007142301183193,0.422826737165451,24.6171875,0.0006055894191376,0.4131329655647278,22.6171875,25.5999755859375,0.449791818857193,1018.014039993286,19.949817657470703
2024-04-10 13:31:42,0.0007142301183193,0.422826737165451,24.6171875,0.0006055894191376,0.4131329655647278,22.6171875,25.5999755859375,0.449791818857193,1018.014039993286,19.949817657470703
2024-04-10 13:31:43,0.0007142301183193,0.422826737165451,24.6171875,0.0006055894191376,0.4131329655647278,22.6171875,25.5999755859375,0.449791818857193,1018.014039993286,19.949817657470703
2024-04-10 13:31:44,0.0007142301183193,0.422826737165451,24.6171875,0.0006055894191376,0.4131329655647278,22.6171875,25.5999755859375,0.449791818857193,1018.014039993286,19.949817657470703
2024-04-10 13:31:45,0.0007142301183193,0.422826737165451,24.6171875,0.0004788236110471,0.4506905078887939,22.625,25.48382568359375,0.449791818857193,1018.014039993286,19.949817657470703
2024-04-10 13:31:46,0.0007142301183193,0.422826737165451,24.6171875,0.0004788236110471,0.4506905078887939,22.625,25.48382568359375,0.449791818857193,1018.014039993286,19.949817657470703
2024-04-10 13:31:47,0.0011272239498794,0.4612655341625213,24.609375,0.0004788236110471,0.4506905078887939,22.625,25.48382568359375,0.449791818857193,1018.014039993286,19.949817657470703
2024-04-10 13:31:48,0.001097519765608,0.4612655341625213,24.59375,0.0004788236110471,0.4506905078887939,22.625,25.48382568359375,0.449791818857193,1018.014039993286,19.943340301513672
2024-04-10 13:31:49,0.001097519765608,0.4612655341625213,24.59375,0.0004788236110471,0.4506905078887939,22.625,25.48382568359375,0.449791818857193,1018.014039993286,19.943340301513672
2024-04-10 13:31:50,0.001097519765608,0.4612655341625213,24.59375,0.0004788236110471,0.4506905078887939,22.625,25.48382568359375,0.449791818857193,1018.014039993286,19.943340301513672
2024-04-10 13:31:51,0.001097519765608,0.4612655341625213,24.59375,0.0004788236110471,0.4506905078887939,22.625,25.5625,0.449791818857193,1018.0707168579102,19.943340301513672
2024-04-10 13:31:52,0.001097519765608,0.4612655341625213,24.59375,0.0004788236110471,0.4506905078887939,22.625,25.5625,0.449791818857193,1018.0707168579102,19.943340301513672
2024-04-10 13:31:53,0.001097519765608,0.4612655341625213,24.59375,0.0004032947472296,0.4506905078887939,22.6328125,25.5625,0.449791818857193,1018.0707168579102,19.943340301513672
2024-04-10 13:31:54,0.001097519765608,0.4612655341625213,24.59375,0.0004032947472296,0.4506905078887939,22.6328125,25.5625,0.449791818857193,1018.0707168579102,19.943340301513672
2024-04-10 13:31:55,0.001097519765608,0.4612655341625213,24.59375,0.0004032947472296,0.4506905078887939,22.6328125,25.5625,0.449791818857193,1018.0707168579102,19.944061279296875
2024-04-10 13:31:56,0.0011698855087161,0.4997043311595917,24.5859375,0.0004032947472296,0.4506905078887939,22.6328125,25.5625,0.449791818857193,1018.0707168579102,19.944061279296875
2024-04-10 13:31:57,0.0011698855087161,0.4997043311595917,24.5859375,0.0004032947472296,0.4506905078887939,22.6328125,25.5625,0.449791818857193,1018.0707168579102,19.944061279296875
2024-04-10 13:31:58,0.0011698855087161,0.4997043311595917,24.5859375,0.0004032947472296,0.4506905078887939,22.6328125,25.5625,0.449791818857193,1018.049488067627,19.944061279296875
2024-04-10 13:31:59,0.0011698855087161,0.4997043311595917,24.5859375,0.0004032947472296,0.4506905078887939,22.6328125,25.5625,0.449791818857193,1018.049488067627,19.944061279296875
2024-04-10 13:32:00,0.0011698855087161,0.4997043311595917,24.5859375,0.0004032947472296,0.4506905078887939,22.6328125,25.628570556640625,0.449791818857193,1018.049488067627,19.944061279296875
2024-04-10 13:32:01,0.0011698855087161,0.4997043311595917,24.5859375,0.0005867392756044,0.4131329655647278,22.671875,25.628570556640625,0.449791818857193,1018.049488067627,19.944061279296875
2024-04-10 13:32:02,0.0011698855087161,0.4997043311595917,24.5859375,0.0005867392756044,0.4131329655647278,22.671875,25.628570556640625,0.449791818857193,1018.049488067627,19.949989318847656
2024-04-10 13:32:03,0.0011698855087161,0.4997043311595917,24.5859375,0.0005867392756044,0.4131329655647278,22.671875,25.628570556640625,0.449791818857193,1018.049488067627,19.949989318847656
2024-04-10 13:32:04,0.0007204845896922,0.4612655341625213,24.59375,0.0005867392756044,0.4131329655647278,22.671875,25.628570556640625,0.449791818857193,1018.049488067627,19.949989318847656
2024-04-10 13:32:05,0.0007204845896922,0.4612655341625213,24.59375,0.0005867392756044,0.4131329655647278,22.671875,25.628570556640625,0.449791818857193,1018.065767288208,19.949989318847656
2024-04-10 13:32:06,0.0007204845896922,0.4612655341625213,24.59375,0.0005867392756044,0.4131329655647278,22.671875,25.628570556640625,0.449791818857193,1018.065767288208,19.949989318847656
2024-04-10 13:32:07,0.0007204845896922,0.4612655341625213,24.59375,0.0005867392756044,0.4131329655647278,22.671875,25.687469482421875,0.449791818857193,1018.065767288208,19.949989318847656
2024-04-10 13:32:08,0.0007204845896922,0.4612655341625213,24.59375,0.0005867392756044,0.4131329655647278,22.671875,25.687469482421875,0.449791818857193,1018.065767288208,19.949989318847656
2024-04-10 13:32:09,0.0007204845896922,0.4612655341625213,24.59375,0.0006005355971865,0.4131329655647278,22.65625,25.687469482421875,0.449791818857193,1018.065767288208,19.949989318847656
2024-04-10 13:32:10,0.0007204845896922,0.4612655341625213,24.59375,0.0006005355971865,0.4131329655647278,22.65625,25.687469482421875,0.449791818857193,1018.065767288208,19.94916534423828
2024-04-10 13:32:11,0.0007204845896922,0.4612655341625213,24.59375,0.0006005355971865,0.4131329655647278,22.65625,25.687469482421875,0.449791818857193,1018.065767288208,19.94916534423828
2024-04-10 13:32:12,0.0010133729083463,0.422826737165451,24.578125,0.0006005355971865,0.4131329655647278,22.65625,25.687469482421875,0.449791818857193,1018.065767288208,19.94916534423828
2024-04-10 13:32:13,0.0010133729083463,0.422826737165451,24.578125,0.0006005355971865,0.4131329655647278,22.65625,25.687469482421875,0.449791818857193,1018.065767288208,19.94916534423828
2024-04-10 13:32:14,0.0010133729083463,0.422826737165451,24.578125,0.0006005355971865,0.4131329655647278,22.65625,25.687469482421875,0.449791818857193,1018.0909442901612,19.94916534423828
2024-04-10 13:32:15,0.0010133729083463,0.422826737165451,24.578125,0.0006005355971865,0.4131329655647278,22.65625,25.687469482421875,0.449791818857193,1018.0909442901612,19.94916534423828
2024-04-10 13:32:16,0.0010133729083463,0.422826737165451,24.578125,0.0006005355971865,0.4131329655647278,22.65625,25.73199462890625,0.4510652124881744,1018.0909442901612,19.94916534423828
2024-04-10 13:32:17,0.0010133729083463,0.422826737165451,24.578125,0.0008517586393281,0.4506905078887939,22.671875,25.73199462890625,0.4510652124881744,1018.0909442901612,19.94916534423828
2024-04-10 13:32:18,0.0010133729083463,0.422826737165451,24.578125,0.0008517586393281,0.4506905078887939,22.671875,25.73199462890625,0.4510652124881744,1018.0909442901612,19.941452026367188
2024-04-10 13:32:19,0.0010133729083463,0.422826737165451,24.578125,0.0008517586393281,0.4506905078887939,22.671875,25.73199462890625,0.4510652124881744,1018.0909442901612,19.941452026367188
2024-04-10 13:32:20,0.0010395954595878,0.4612655341625213,24.59375,0.0008517586393281,0.4506905078887939,22.671875,25.73199462890625,0.4510652124881744,1018.0909442901612,19.941452026367188
2024-04-10 13:32:21,0.0010395954595878,0.4612655341625213,24.59375,0.0008517586393281,0.4506905078887939,22.671875,25.73199462890625,0.4510652124881744,1018.0909442901612,19.941452026367188
2024-04-10 13:32:22,0.0010395954595878,0.4612655341625213,24.59375,0.0008517586393281,0.4506905078887939,22.671875,25.73199462890625,0.4510652124881744,1018.0637073516846,19.941452026367188
2024-04-10 13:32:23,0.0010395954595878,0.4612655341625213,24.59375,0.0008517586393281,0.4506905078887939,22.671875,25.71566772460937,0.4510652124881744,1018.0637073516846,19.941452026367188
2024-04-10 13:32:24,0.0010395954595878,0.4612655341625213,24.59375,0.0008517586393281,0.4506905078887939,22.671875,25.71566772460937,0.4510652124881744,1018.0637073516846,19.941452026367188
2024-04-10 13:32:25,0.0010395954595878,0.4612655341625213,24.59375,0.0004420099721755,0.4131329655647278,22.6875,25.71566772460937,0.4510652124881744,1018.0637073516846,19.941452026367188
2024-04-10 13:32:26,0.0010395954595878,0.4612655341625213,24.59375,0.0004420099721755,0.4131329655647278,22.6875,25.71566772460937,0.4510652124881744,1018.0637073516846,19.95144844055176
2024-04-10 13:32:27,0.0010395954595878,0.4612655341625213,24.59375,0.0004420099721755,0.4131329655647278,22.6875,25.71566772460937,0.4510652124881744,1018.0637073516846,19.95144844055176
2024-04-10 13:32:28,0.0010395954595878,0.4612655341625213,24.59375,0.0004420099721755,0.4131329655647278,22.6875,25.71566772460937,0.4510652124881744,1018.0637073516846,19.95144844055176
2024-04-10 13:32:29,0.0006041722372174,0.4612655341625213,24.6171875,0.0004420099721755,0.4131329655647278,22.6875,25.71566772460937,0.4510652124881744,1018.0637073516846,19.95144844055176
2024-04-10 13:32:30,0.0006041722372174,0.4612655341625213,24.6171875,0.0004420099721755,0.4131329655647278,22.6875,25.71566772460937,0.4510652124881744,1018.0637073516846,19.95144844055176
2024-04-10 13:32:31,0.0006041722372174,0.4612655341625213,24.6171875,0.0004420099721755,0.4131329655647278,22.6875,25.72528076171875,0.4510652124881744,1018.0637073516846,19.95144844055176
2024-04-10 13:32:32,0.0006041722372174,0.4612655341625213,24.6171875,0.0004420099721755,0.4131329655647278,22.6875,25.72528076171875,0.4510652124881744,1018.0871963500977,19.95144844055176
2024-04-10 13:32:33,0.0006041722372174,0.4612655341625213,24.6171875,0.0003923603799194,0.4131329655647278,22.71875,25.72528076171875,0.4510652124881744,1018.0871963500977,19.95144844055176
2024-04-10 13:32:34,0.0006041722372174,0.4612655341625213,24.6171875,0.0003923603799194,0.4131329655647278,22.71875,25.72528076171875,0.4510652124881744,1018.0871963500977,19.950756072998047
2024-04-10 13:32:35,0.0006041722372174,0.4612655341625213,24.6171875,0.0003923603799194,0.4131329655647278,22.71875,25.72528076171875,0.4510652124881744,1018.0871963500977,19.950756072998047
2024-04-10 13:32:36,0.0013404634082689,0.422826737165451,24.609375,0.0003923603799194,0.4131329655647278,22.71875,25.72528076171875,0.4510652124881744,1018.0871963500977,19.950756072998047
2024-04-10 13:32:37,0.0013404634082689,0.422826737165451,24.609375,0.0003923603799194,0.4131329655647278,22.71875,25.72528076171875,0.4510652124881744,1018.0871963500977,19.950756072998047
2024-04-10 13:32:38,0.0013404634082689,0.422826737165451,24.609375,0.0003923603799194,0.4131329655647278,22.71875,25.72528076171875,0.4510652124881744,1018.0871963500977,19.950756072998047
2024-04-10 13:32:39,0.0013404634082689,0.422826737165451,24.609375,0.0003923603799194,0.4131329655647278,22.71875,25.72528076171875,0.4510652124881744,1018.0708026885986,19.950756072998047
2024-04-10 13:32:40,0.0013404634082689,0.422826737165451,24.609375,0.0003923603799194,0.4131329655647278,22.71875,25.72528076171875,0.4510652124881744,1018.0708026885986,19.950756072998047
2024-04-10 13:32:41,0.0013404634082689,0.422826737165451,24.609375,0.000687534105964,0.4131329655647278,22.75,25.7618408203125,0.4510652124881744,1018.0708026885986,19.950756072998047
2024-04-10 13:32:42,0.0013404634082689,0.422826737165451,24.609375,0.000687534105964,0.4131329655647278,22.75,25.7618408203125,0.4510652124881744,1018.0708026885986,19.950756072998047
2024-04-10 13:32:43,0.0013404634082689,0.422826737165451,24.609375,0.000687534105964,0.4131329655647278,22.75,25.7618408203125,0.4510652124881744,1018.0708026885986,19.94268798828125
2024-04-10 13:32:44,0.0010671259369701,0.422826737165451,24.6484375,0.000687534105964,0.4131329655647278,22.75,25.7618408203125,0.4510652124881744,1018.0708026885986,19.94268798828125
2024-04-10 13:32:45,0.0010671259369701,0.422826737165451,24.6484375,0.000687534105964,0.4131329655647278,22.75,25.7618408203125,0.4510652124881744,1018.0708026885986,19.94268798828125
2024-04-10 13:32:46,0.0010671259369701,0.422826737165451,24.6484375,0.000687534105964,0.4131329655647278,22.75,25.8077392578125,0.4510652124881744,1018.1013011932372,19.94268798828125
2024-04-10 13:32:47,0.0010671259369701,0.422826737165451,24.6484375,0.000687534105964,0.4131329655647278,22.75,25.8077392578125,0.4510652124881744,1018.1013011932372,19.94268798828125
2024-04-10 13:32:48,0.0010671259369701,0.422826737165451,24.6484375,0.000687534105964,0.4131329655647278,22.75,25.8077392578125,0.4510652124881744,1018.1013011932372,19.94268798828125
2024-04-10 13:32:49,0.0010671259369701,0.422826737165451,24.6484375,0.0006724878912791,0.4131329655647278,22.765625,25.8077392578125,0.4510652124881744,1018.1013011932372,19.94268798828125
2024-04-10 13:32:50,0.0010671259369701,0.422826737165451,24.6484375,0.0006724878912791,0.4131329655647278,22.765625,25.8077392578125,0.4510652124881744,1018.1013011932372,19.94268798828125
2024-04-10 13:32:51,0.0010671259369701,0.422826737165451,24.6484375,0.0006724878912791,0.4131329655647278,22.765625,25.8077392578125,0.4510652124881744,1018.1013011932372,19.950572967529297
2024-04-10 13:32:52,0.0012175521114841,0.4612655341625213,24.65625,0.0006724878912791,0.4131329655647278,22.765625,25.8077392578125,0.4510652124881744,1018.1013011932372,19.950572967529297
2024-04-10 13:32:53,0.0012175521114841,0.4612655341625213,24.65625,0.0006724878912791,0.4131329655647278,22.765625,25.8077392578125,0.4510652124881744,1018.1013011932372,19.950572967529297
2024-04-10 13:32:54,0.0012175521114841,0.4612655341625213,24.65625,0.0006724878912791,0.4131329655647278,22.765625,25.8077392578125,0.4510652124881744,1018.1013011932372,19.950572967529297
2024-04-10 13:32:55,0.0012175521114841,0.4612655341625213,24.65625,0.0006724878912791,0.4131329655647278,22.765625,25.8077392578125,0.4510652124881744,1018.0772399902344,19.950572967529297
2024-04-10 13:32:56,0.0012175521114841,0.4612655341625213,24.65625,0.0006724878912791,0.4131329655647278,22.765625,25.8077392578125,0.4510652124881744,1018.0772399902344,19.950572967529297
2024-04-10 13:32:57,0.0012175521114841,0.4612655341625213,24.65625,0.0006724878912791,0.4131329655647278,22.765625,25.846649169921875,0.4510652124881744,1018.0772399902344,19.950572967529297
2024-04-10 13:32:58,0.0012175521114841,0.4612655341625213,24.65625,0.0004347898939158,0.4506905078887939,22.78125,25.846649169921875,0.4510652124881744,1018.0772399902344,19.950572967529297
2024-04-10 13:32:59,0.0012175521114841,0.4612655341625213,24.65625,0.0004347898939158,0.4506905078887939,22.78125,25.846649169921875,0.4510652124881744,1018.0772399902344,19.950916290283203
2024-04-10 13:33:00,0.0008827813435345,0.422826737165451,24.6796875,0.0004347898939158,0.4506905078887939,22.78125,25.846649169921875,0.4510652124881744,1018.0772399902344,19.950916290283203
2024-04-10 13:33:01,0.0008827813435345,0.422826737165451,24.6796875,0.0004347898939158,0.4506905078887939,22.78125,25.846649169921875,0.4510652124881744,1018.0772399902344,19.950916290283203
2024-04-10 13:33:02,0.0008827813435345,0.422826737165451,24.6796875,0.0004347898939158,0.4506905078887939,22.78125,25.81561279296875,0.4510652124881744,1018.0772399902344,19.950916290283203
2024-04-10 13:33:03,0.0008827813435345,0.422826737165451,24.6796875,0.0004347898939158,0.4506905078887939,22.78125,25.81561279296875,0.4510652124881744,1018.0554962158204,19.950916290283203
2024-04-10 13:33:04,0.0008827813435345,0.422826737165451,24.6796875,0.0004347898939158,0.4506905078887939,22.78125,25.81561279296875,0.4510652124881744,1018.0554962158204,19.950916290283203
2024-04-10 13:33:05,0.0008827813435345,0.422826737165451,24.6796875,0.0002807575801853,0.4131329655647278,22.8046875,25.81561279296875,0.4510652124881744,1018.0554962158204,19.950916290283203
2024-04-10 13:33:06,0.0008827813435345,0.422826737165451,24.6796875,0.0002807575801853,0.4131329655647278,22.8046875,25.81561279296875,0.4510652124881744,1018.0554962158204,19.950916290283203
2024-04-10 13:33:07,0.0010726789478212,0.422826737165451,24.640625,0.0002807575801853,0.4131329655647278,22.8046875,25.81561279296875,0.4510652124881744,1018.0554962158204,19.948410034179688
2024-04-10 13:33:08,0.0010726789478212,0.422826737165451,24.640625,0.0002807575801853,0.4131329655647278,22.8046875,25.81561279296875,0.4510652124881744,1018.0554962158204,19.948410034179688
2024-04-10 13:33:09,0.0010726789478212,0.422826737165451,24.640625,0.0002807575801853,0.4131329655647278,22.8046875,25.81561279296875,0.4510652124881744,1018.0554962158204,19.948410034179688
2024-04-10 13:33:10,0.0010726789478212,0.422826737165451,24.640625,0.0002807575801853,0.4131329655647278,22.8046875,25.81561279296875,0.4510652124881744,1018.0549812316896,19.948410034179688
2024-04-10 13:33:11,0.0010726789478212,0.422826737165451,24.640625,0.0002807575801853,0.4131329655647278,22.8046875,25.81561279296875,0.4510652124881744,1018.0549812316896,19.948410034179688
2024-04-10 13:33:12,0.0010726789478212,0.422826737165451,24.640625,0.0002807575801853,0.4131329655647278,22.8046875,25.76275634765625,0.4510652124881744,1018.0549812316896,19.948410034179688
2024-04-10 13:33:13,0.0010726789478212,0.422826737165451,24.640625,0.0002807575801853,0.4131329655647278,22.8046875,25.76275634765625,0.4510652124881744,1018.0549812316896,19.948410034179688
2024-04-10 13:33:14,0.0010726789478212,0.422826737165451,24.640625,0.0004223766736686,0.4131329655647278,22.828125,25.76275634765625,0.4510652124881744,1018.0549812316896,19.948410034179688
2024-04-10 13:33:15,0.0010726789478212,0.422826737165451,24.640625,0.0004223766736686,0.4131329655647278,22.828125,25.76275634765625,0.4502854943275451,1018.0549812316896,19.9487247467041
2024-04-10 13:33:16,0.000973364629317,0.4612655341625213,24.671875,0.0004223766736686,0.4131329655647278,22.828125,25.76275634765625,0.4502854943275451,1018.0549812316896,19.9487247467041
2024-04-10 13:33:17,0.000973364629317,0.4612655341625213,24.671875,0.0004223766736686,0.4131329655647278,22.828125,25.76275634765625,0.4502854943275451,1018.0549812316896,19.9487247467041
2024-04-10 13:33:18,0.000973364629317,0.4612655341625213,24.671875,0.0004223766736686,0.4131329655647278,22.828125,25.76275634765625,0.4502854943275451,1018.0549812316896,19.9487247467041
2024-04-10 13:33:19,0.000973364629317,0.4612655341625213,24.671875,0.0004223766736686,0.4131329655647278,22.828125,25.804718017578125,0.4502854943275451,1018.0549812316896,19.9487247467041
2024-04-10 13:33:20,0.000973364629317,0.4612655341625213,24.671875,0.0004223766736686,0.4131329655647278,22.828125,25.804718017578125,0.4502854943275451,1018.0819034576416,19.9487247467041
2024-04-10 13:33:21,0.000973364629317,0.4612655341625213,24.671875,0.0005082274437882,0.4506905078887939,22.859375,25.804718017578125,0.4502854943275451,1018.0819034576416,19.9487247467041
2024-04-10 13:33:22,0.000973364629317,0.4612655341625213,24.671875,0.0005082274437882,0.4506905078887939,22.859375,25.804718017578125,0.4502854943275451,1018.0819034576416,19.95355987548828
2024-04-10 13:33:23,0.0009976252913475,0.4612655341625213,24.703125,0.0005082274437882,0.4506905078887939,22.859375,25.804718017578125,0.4502854943275451,1018.0819034576416,19.95355987548828
2024-04-10 13:33:24,0.0009976252913475,0.4612655341625213,24.703125,0.0005082274437882,0.4506905078887939,22.859375,25.804718017578125,0.4502854943275451,1018.0819034576416,19.95355987548828
2024-04-10 13:33:25,0.0009976252913475,0.4612655341625213,24.703125,0.0005082274437882,0.4506905078887939,22.859375,25.804718017578125,0.4502854943275451,1018.0888557434082,19.95355987548828
2024-04-10 13:33:26,0.0009976252913475,0.4612655341625213,24.703125,0.0005082274437882,0.4506905078887939,22.859375,25.804718017578125,0.4502854943275451,1018.0888557434082,19.95355987548828
2024-04-10 13:33:27,0.0009976252913475,0.4612655341625213,24.703125,0.0005082274437882,0.4506905078887939,22.859375,25.746826171875,0.4502854943275451,1018.0888557434082,19.95355987548828
2024-04-10 13:33:28,0.0009976252913475,0.4612655341625213,24.703125,0.0005082274437882,0.4506905078887939,22.859375,25.746826171875,0.4502854943275451,1018.0888557434082,19.95355987548828
2024-04-10 13:33:29,0.0009976252913475,0.4612655341625213,24.703125,0.0005082274437882,0.4506905078887939,22.859375,25.746826171875,0.4502854943275451,1018.0888557434082,19.95355987548828
2024-04-10 13:33:30,0.0009976252913475,0.4612655341625213,24.703125,0.0008113096118904,0.4131329655647278,22.875,25.746826171875,0.4502854943275451,1018.0888557434082,19.95564842224121
2024-04-10 13:33:31,0.0009976252913475,0.4612655341625213,24.703125,0.0008113096118904,0.4131329655647278,22.875,25.746826171875,0.4502854943275451,1018.0888557434082,19.95564842224121
2024-04-10 13:33:32,0.0009121201001107,0.4612655341625213,24.7265625,0.0008113096118904,0.4131329655647278,22.875,25.746826171875,0.4502854943275451,1018.0888557434082,19.95564842224121
2024-04-10 13:33:33,0.0009121201001107,0.4612655341625213,24.7265625,0.0008113096118904,0.4131329655647278,22.875,25.746826171875,0.4502854943275451,1018.0888557434082,19.95564842224121
2024-04-10 13:33:34,0.0009121201001107,0.4612655341625213,24.7265625,0.0008113096118904,0.4131329655647278,22.875,25.746826171875,0.4502854943275451,1018.0940055847168,19.95564842224121
2024-04-10 13:33:35,0.0009121201001107,0.4612655341625213,24.7265625,0.0008113096118904,0.4131329655647278,22.875,25.80072021484375,0.4502854943275451,1018.0940055847168,19.95564842224121
2024-04-10 13:33:36,0.0009121201001107,0.4612655341625213,24.7265625,0.0008113096118904,0.4131329655647278,22.875,25.80072021484375,0.4502854943275451,1018.0940055847168,19.95564842224121
2024-04-10 13:33:37,0.0009121201001107,0.4612655341625213,24.7265625,0.0006926365895196,0.4506905078887939,22.890625,25.80072021484375,0.4502854943275451,1018.0940055847168,19.95564842224121
2024-04-10 13:33:38,0.0009121201001107,0.4612655341625213,24.7265625,0.0006926365895196,0.4506905078887939,22.890625,25.80072021484375,0.4502854943275451,1018.0940055847168,19.960941314697266
2024-04-10 13:33:39,0.0009121201001107,0.4612655341625213,24.7265625,0.0006926365895196,0.4506905078887939,22.890625,25.80072021484375,0.4502854943275451,1018.0940055847168,19.960941314697266
2024-04-10 13:33:40,0.0007484980742447,0.422826737165451,24.7109375,0.0006926365895196,0.4506905078887939,22.890625,25.80072021484375,0.4502854943275451,1018.0940055847168,19.960941314697266
2024-04-10 13:33:41,0.0007484980742447,0.422826737165451,24.7109375,0.0006926365895196,0.4506905078887939,22.890625,25.80072021484375,0.4502854943275451,1018.0940055847168,19.960941314697266
2024-04-10 13:33:42,0.0007484980742447,0.422826737165451,24.7109375,0.0006926365895196,0.4506905078887939,22.890625,25.80072021484375,0.4502854943275451,1018.0940055847168,19.960941314697266
2024-04-10 13:33:43,0.0007484980742447,0.422826737165451,24.7109375,0.0006926365895196,0.4506905078887939,22.890625,25.80322265625,0.4502854943275451,1018.0940055847168,19.960941314697266
2024-04-10 13:33:44,0.0007484980742447,0.422826737165451,24.7109375,0.0006926365895196,0.4506905078887939,22.890625,25.80322265625,0.4502854943275451,1018.0960655212402,19.960941314697266
2024-04-10 13:33:45,0.0007484980742447,0.422826737165451,24.7109375,0.00047365957289,0.4131329655647278,22.90625,25.80322265625,0.4502854943275451,1018.0960655212402,19.96579933166504
2024-04-10 13:33:46,0.0007484980742447,0.422826737165451,24.7109375,0.00047365957289,0.4131329655647278,22.90625,25.80322265625,0.4502854943275451,1018.0960655212402,19.96579933166504
2024-04-10 13:33:47,0.0007484980742447,0.422826737165451,24.7109375,0.00047365957289,0.4131329655647278,22.90625,25.80322265625,0.4502854943275451,1018.0960655212402,19.96579933166504
2024-04-10 13:33:48,0.0011766857933253,0.4997043311595917,24.7265625,0.00047365957289,0.4131329655647278,22.90625,25.80322265625,0.4502854943275451,1018.0960655212402,19.96579933166504
2024-04-10 13:33:49,0.0011766857933253,0.4997043311595917,24.7265625,0.00047365957289,0.4131329655647278,22.90625,25.80322265625,0.4502854943275451,1018.0960655212402,19.96579933166504
2024-04-10 13:33:50,0.0011766857933253,0.4997043311595917,24.7265625,0.00047365957289,0.4131329655647278,22.90625,25.80322265625,0.4502854943275451,1018.0960655212402,19.96579933166504
2024-04-10 13:33:51,0.0011766857933253,0.4997043311595917,24.7265625,0.00047365957289,0.4131329655647278,22.90625,25.80322265625,0.4502854943275451,1018.0960655212402,19.96579933166504
2024-04-10 13:33:52,0.0011766857933253,0.4997043311595917,24.7265625,0.00047365957289,0.4131329655647278,22.90625,25.80322265625,0.4502854943275451,1018.0960655212402,19.96579933166504
2024-04-10 13:33:53,0.0011766857933253,0.4997043311595917,24.7265625,0.00047365957289,0.4131329655647278,22.90625,25.820831298828125,0.4502854943275451,1018.0960655212402,19.96579933166504
2024-04-10 13:33:54,0.0011766857933253,0.4997043311595917,24.7265625,0.00047365957289,0.4131329655647278,22.90625,25.820831298828125,0.4502854943275451,1018.087396621704,19.96143913269043
2024-04-10 13:33:55,0.0011766857933253,0.4997043311595917,24.7265625,0.0005886942963115,0.3755754232406616,22.9296875,25.820831298828125,0.4502854943275451,1018.087396621704,19.96143913269043
2024-04-10 13:33:56,0.0013794596306979,0.4612655341625213,24.71875,0.0005886942963115,0.3755754232406616,22.9296875,25.820831298828125,0.4502854943275451,1018.087396621704,19.96143913269043
2024-04-10 13:33:57,0.0013794596306979,0.4612655341625213,24.71875,0.0005886942963115,0.3755754232406616,22.9296875,25.820831298828125,0.4502854943275451,1018.087396621704,19.96143913269043
2024-04-10 13:33:58,0.0013794596306979,0.4612655341625213,24.71875,0.0005886942963115,0.3755754232406616,22.9296875,25.854400634765625,0.4502854943275451,1018.1120586395264,19.96143913269043
2024-04-10 13:33:59,0.0013794596306979,0.4612655341625213,24.71875,0.0005886942963115,0.3755754232406616,22.9296875,25.854400634765625,0.4502854943275451,1018.1120586395264,19.96143913269043
2024-04-10 13:34:00,0.0013794596306979,0.4612655341625213,24.71875,0.0005886942963115,0.3755754232406616,22.9296875,25.854400634765625,0.4502854943275451,1018.1120586395264,19.96143913269043
2024-04-10 13:34:01,0.0013794596306979,0.4612655341625213,24.71875,0.0005502499989233,0.4131329655647278,22.9375,25.854400634765625,0.4502854943275451,1018.1120586395264,19.96143913269043
2024-04-10 13:34:02,0.0013794596306979,0.4612655341625213,24.71875,0.0005502499989233,0.4131329655647278,22.9375,25.854400634765625,0.4502854943275451,1018.1120586395264,19.96143913269043
2024-04-10 13:34:03,0.0013794596306979,0.4612655341625213,24.71875,0.0005502499989233,0.4131329655647278,22.9375,25.854400634765625,0.4502854943275451,1018.1120586395264,19.97959518432617
2024-04-10 13:34:04,,,,0.0005502499989233,0.4131329655647278,22.9375,25.854400634765625,0.4502854943275451,1018.1120586395264,19.97959518432617
2024-04-10 13:34:05,,,,0.0005502499989233,0.4131329655647278,22.9375,25.854400634765625,0.4502854943275451,1018.1120586395264,19.97959518432617
2024-04-10 13:34:06,0.000890462542884,0.4612655341625213,24.7421875,0.0005502499989233,0.4131329655647278,22.9375,25.854400634765625,0.4502854943275451,1018.1184387207032,19.97959518432617
2024-04-10 13:34:07,0.000890462542884,0.4612655341625213,24.7421875,0.0005502499989233,0.4131329655647278,22.9375,25.854400634765625,0.4502854943275451,1018.1184387207032,19.97959518432617
2024-04-10 13:34:08,0.000890462542884,0.4612655341625213,24.7421875,0.0005502499989233,0.4131329655647278,22.9375,25.820526123046875,0.4502854943275451,1018.1184387207032,19.97959518432617
2024-04-10 13:34:09,0.000890462542884,0.4612655341625213,24.7421875,0.0006495862617157,0.4506905078887939,22.9765625,25.820526123046875,0.4502854943275451,1018.1184387207032,19.97959518432617
2024-04-10 13:34:10,0.000890462542884,0.4612655341625213,24.7421875,0.0006495862617157,0.4506905078887939,22.9765625,25.820526123046875,0.4502854943275451,1018.1184387207032,19.97959518432617
2024-04-10 13:34:11,0.000890462542884,0.4612655341625213,24.7421875,0.0006495862617157,0.4506905078887939,22.9765625,25.820526123046875,0.4502854943275451,1018.1184387207032,19.98809242248535
2024-04-10 13:34:12,0.000890462542884,0.4612655341625213,24.7421875,0.0006495862617157,0.4506905078887939,22.9765625,25.820526123046875,0.4502854943275451,1018.1184387207032,19.98809242248535
2024-04-10 13:34:13,0.000890462542884,0.4612655341625213,24.7421875,0.0006495862617157,0.4506905078887939,22.9765625,25.820526123046875,0.4502854943275451,1018.1184387207032,19.98809242248535
2024-04-10 13:34:14,0.000890462542884,0.4612655341625213,24.7421875,0.0006495862617157,0.4506905078887939,22.9765625,25.820526123046875,0.4502854943275451,1018.1184387207032,19.98809242248535
2024-04-10 13:34:15,0.000890462542884,0.4612655341625213,24.7421875,0.0006495862617157,0.4506905078887939,22.9765625,25.820526123046875,0.4494662582874298,1018.1184387207032,19.98809242248535
2024-04-10 13:34:16,0.000890462542884,0.4612655341625213,24.7421875,0.0006495862617157,0.4506905078887939,22.9765625,25.88140869140625,0.4494662582874298,1018.1184387207032,19.98809242248535
2024-04-10 13:34:17,0.000890462542884,0.4612655341625213,24.7421875,0.0008844003896228,0.4131329655647278,22.9765625,25.88140869140625,0.4494662582874298,1018.1184387207032,19.98809242248535
2024-04-10 13:34:18,0.000890462542884,0.4612655341625213,24.7421875,0.0008844003896228,0.4131329655647278,22.9765625,25.88140869140625,0.4494662582874298,1018.0884838104248,19.98809242248535
2024-04-10 13:34:19,0.000890462542884,0.4612655341625213,24.7421875,0.0008844003896228,0.4131329655647278,22.9765625,25.88140869140625,0.4494662582874298,1018.0884838104248,19.98859596252441
2024-04-10 13:34:20,0.000890462542884,0.4612655341625213,24.7421875,0.0008844003896228,0.4131329655647278,22.9765625,25.88140869140625,0.4494662582874298,1018.0884838104248,19.98859596252441
2024-04-10 13:34:21,0.000890462542884,0.4612655341625213,24.7421875,0.0008844003896228,0.4131329655647278,22.9765625,25.88140869140625,0.4494662582874298,1018.0884838104248,19.98859596252441
2024-04-10 13:34:22,0.000890462542884,0.4612655341625213,24.7421875,0.0008844003896228,0.4131329655647278,22.9765625,25.88140869140625,0.4494662582874298,1018.1107711791992,19.98859596252441
2024-04-10 13:34:23,0.000890462542884,0.4612655341625213,24.7421875,,,,25.97128295898437,0.4494662582874298,1018.1107711791992,19.98859596252441
2024-04-10 13:34:24,0.000890462542884,0.4612655341625213,24.7421875,,,,25.97128295898437,0.4494662582874298,1018.1107711791992,19.98859596252441
2024-04-10 13:34:25,0.000890462542884,0.4612655341625213,24.7421875,,,,25.97128295898437,0.4494662582874298,1018.1107711791992,19.98859596252441
2024-04-10 13:34:26,0.000890462542884,0.4612655341625213,24.7421875,0.0007806430803611,0.4131329655647278,23.0,25.97128295898437,0.4494662582874298,1018.1107711791992,19.981637954711918
2024-04-10 13:34:27,0.000890462542884,0.4612655341625213,24.7421875,0.0007806430803611,0.4131329655647278,23.0,25.97128295898437,0.4494662582874298,1018.1107711791992,19.981637954711918
2024-04-10 13:34:28,0.000890462542884,0.4612655341625213,24.7421875,0.0007806430803611,0.4131329655647278,23.0,25.97128295898437,0.4494662582874298,1018.1107711791992,19.981637954711918
2024-04-10 13:34:29,0.000890462542884,0.4612655341625213,24.7421875,0.0007806430803611,0.4131329655647278,23.0,25.97128295898437,0.4494662582874298,1018.1107711791992,19.981637954711918
2024-04-10 13:34:30,0.000890462542884,0.4612655341625213,24.7421875,0.0007806430803611,0.4131329655647278,23.0,25.9586181640625,0.4494662582874298,1018.1107711791992,19.981637954711918
2024-04-10 13:34:31,0.000890462542884,0.4612655341625213,24.7421875,0.0007806430803611,0.4131329655647278,23.0,25.9586181640625,0.4494662582874298,1018.1107711791992,19.981637954711918
2024-04-10 13:34:32,0.000890462542884,0.4612655341625213,24.7421875,0.0007806430803611,0.4131329655647278,23.0,25.9586181640625,0.4494662582874298,1018.1109142303468,19.981637954711918
2024-04-10 13:34:33,0.000890462542884,0.4612655341625213,24.7421875,0.0007806430803611,0.4131329655647278,23.0,25.9586181640625,0.4494662582874298,1018.1109142303468,19.99127960205078
2024-04-10 13:34:34,0.000890462542884,0.4612655341625213,24.7421875,0.0007806430803611,0.4131329655647278,23.0,25.9586181640625,0.4494662582874298,1018.1109142303468,19.99127960205078
2024-04-10 13:34:35,0.000890462542884,0.4612655341625213,24.7421875,0.0007806430803611,0.4131329655647278,23.0,25.9586181640625,0.4494662582874298,1018.1109142303468,19.99127960205078
2024-04-10 13:34:36,,,,0.0007806430803611,0.4131329655647278,23.0,,0.4494662582874298,1018.1109142303468,19.99127960205078
2024-04-10 13:34:37,,,,0.0007806430803611,0.4131329655647278,23.0,,0.4494662582874298,1018.1109142303468,19.99127960205078
2024-04-10 13:34:38,,,,0.0007806430803611,0.4131329655647278,23.0,,0.4494662582874298,1018.1109142303468,19.99127960205078
2024-04-10 13:34:39,,,,0.0007806430803611,0.4131329655647278,23.0,,0.4494662582874298,1018.0788993835448,19.99127960205078
2024-04-10 13:34:40,,,,0.0007806430803611,0.4131329655647278,23.0,,0.4494662582874298,1018.0788993835448,19.99127960205078
2024-04-10 13:34:41,,,,0.0007806430803611,0.4131329655647278,23.0,,0.4494662582874298,1018.0788993835448,19.99127960205078
2024-04-10 13:34:42,,,,0.0007806430803611,0.4131329655647278,23.0,,0.4494662582874298,1018.0788993835448,19.990421295166016
2024-04-10 13:34:43,,,,0.0007806430803611,0.4131329655647278,23.0,,0.4494662582874298,1018.0788993835448,19.990421295166016
2024-04-10 13:34:44,,,,0.0007806430803611,0.4131329655647278,23.0,,0.4494662582874298,1018.0788993835448,19.990421295166016
2024-04-10 13:34:45,,,,0.0007806430803611,0.4131329655647278,23.0,,0.4494662582874298,1018.0788993835448,19.990421295166016
2024-04-10 13:34:46,,,,0.0007806430803611,0.4131329655647278,23.0,,0.4494662582874298,1018.0568981170654,19.990421295166016
2024-04-10 13:34:47,,,,0.0007806430803611,0.4131329655647278,23.0,,0.4494662582874298,1018.0568981170654,19.990421295166016
2024-04-10 13:34:48,,,,0.0007806430803611,0.4131329655647278,23.0,,0.4494662582874298,1018.0568981170654,19.990421295166016
2024-04-10 13:34:49,,,,0.0007806430803611,0.4131329655647278,23.0,,0.4494662582874298,1018.0568981170654,19.990421295166016
2024-04-10 13:34:50,,,,0.0007806430803611,0.4131329655647278,23.0,,0.4494662582874298,1018.0568981170654,19.993865966796875
2024-04-10 13:34:51,,,,0.0007806430803611,0.4131329655647278,23.0,,0.4494662582874298,1018.0568981170654,19.993865966796875
2024-04-10 13:34:52,,,,0.0007806430803611,0.4131329655647278,23.0,,0.4494662582874298,1018.0568981170654,19.993865966796875
2024-04-10 13:34:53,,,,0.0007806430803611,0.4131329655647278,23.0,,0.4494662582874298,1018.0568981170654,19.993865966796875
2024-04-10 13:34:54,,,,0.0007806430803611,0.4131329655647278,23.0,,0.4494662582874298,1018.0568981170654,19.993865966796875
2024-04-10 13:34:55,0.000890462542884,0.4612655341625213,24.7421875,0.0007806430803611,0.4131329655647278,23.0,,0.4494662582874298,1018.0568981170654,19.993865966796875
2024-04-10 13:34:56,0.000890462542884,0.4612655341625213,24.7421875,0.0007806430803611,0.4131329655647278,23.0,,0.4494662582874298,1018.0788993835448,19.993865966796875
2024-04-10 13:34:57,0.000890462542884,0.4612655341625213,24.7421875,0.0007806430803611,0.4131329655647278,23.0,,0.4494662582874298,1018.0788993835448,19.993865966796875
2024-04-10 13:34:58,0.000890462542884,0.4612655341625213,24.7421875,0.0007806430803611,0.4131329655647278,23.0,,0.4494662582874298,1018.0788993835448,19.993865966796875
2024-04-10 13:34:59,0.000890462542884,0.4612655341625213,24.7421875,0.0007806430803611,0.4131329655647278,23.0,,0.4494662582874298,1018.0788993835448,19.993865966796875
2024-04-10 13:35:00,0.000890462542884,0.4612655341625213,24.7421875,0.0007806430803611,0.4131329655647278,23.0,,0.4494662582874298,1018.0788993835448,19.9824275970459
2024-04-10 13:35:01,0.000890462542884,0.4612655341625213,24.7421875,0.0007806430803611,0.4131329655647278,23.0,,0.4494662582874298,1018.0788993835448,19.9824275970459
2024-04-10 13:35:02,0.000890462542884,0.4612655341625213,24.7421875,0.0007806430803611,0.4131329655647278,23.0,,0.4494662582874298,1018.0788993835448,19.9824275970459
2024-04-10 13:35:03,0.000890462542884,0.4612655341625213,24.7421875,0.0007806430803611,0.4131329655647278,23.0,,0.4494662582874298,1018.063793182373,19.9824275970459
2024-04-10 13:35:04,0.000890462542884,0.4612655341625213,24.7421875,0.0007806430803611,0.4131329655647278,23.0,,0.4494662582874298,1018.063793182373,19.9824275970459
2024-04-10 13:35:05,0.000890462542884,0.4612655341625213,24.7421875,0.0007806430803611,0.4131329655647278,23.0,,0.4494662582874298,1018.063793182373,19.9824275970459
2024-04-10 13:35:06,0.000890462542884,0.4612655341625213,24.7421875,0.0007806430803611,0.4131329655647278,23.0,,0.4494662582874298,1018.063793182373,19.98209571838379
2024-04-10 13:35:07,0.000890462542884,0.4612655341625213,24.7421875,0.0007806430803611,0.4131329655647278,23.0,,0.4494662582874298,1018.063793182373,19.98209571838379
2024-04-10 13:35:08,0.000890462542884,0.4612655341625213,24.7421875,0.0007806430803611,0.4131329655647278,23.0,,0.4494662582874298,1018.063793182373,19.98209571838379
2024-04-10 13:35:09,0.000890462542884,0.4612655341625213,24.7421875,0.0007806430803611,0.4131329655647278,23.0,,0.4494662582874298,1018.063793182373,19.98209571838379
2024-04-10 13:35:10,0.000890462542884,0.4612655341625213,24.7421875,0.0007806430803611,0.4131329655647278,23.0,,0.4494662582874298,1018.074836730957,19.98209571838379
2024-04-10 13:35:11,0.000890462542884,0.4612655341625213,24.7421875,0.0007806430803611,0.4131329655647278,23.0,,0.4494662582874298,1018.074836730957,19.98209571838379
2024-04-10 13:35:12,0.0011973107466474,0.422826737165451,24.859375,0.0007806430803611,0.4131329655647278,23.0,,0.4494662582874298,1018.074836730957,19.98209571838379
2024-04-10 13:35:13,0.0011973107466474,0.422826737165451,24.859375,0.0007806430803611,0.4131329655647278,23.0,,0.4494662582874298,1018.074836730957,19.98209571838379
2024-04-10 13:35:14,0.0011973107466474,0.422826737165451,24.859375,0.0007806430803611,0.4131329655647278,23.0,,0.4494662582874298,1018.074836730957,19.99180603027344
2024-04-10 13:35:15,0.0011973107466474,0.422826737165451,24.859375,0.0007806430803611,0.4131329655647278,23.0,,0.4494662582874298,1018.074836730957,19.99180603027344
2024-04-10 13:35:16,0.0011973107466474,0.422826737165451,24.859375,0.0007806430803611,0.4131329655647278,23.0,,0.4494662582874298,1018.074836730957,19.99180603027344
2024-04-10 13:35:17,0.0011973107466474,0.422826737165451,24.859375,0.0007806430803611,0.4131329655647278,23.0,,0.4516478478908539,1018.074836730957,19.99180603027344
2024-04-10 13:35:18,0.0011973107466474,0.422826737165451,24.859375,0.0007806430803611,0.4131329655647278,23.0,,0.4516478478908539,1018.1226444244384,19.99180603027344
2024-04-10 13:35:19,0.0011973107466474,0.422826737165451,24.859375,0.0007806430803611,0.4131329655647278,23.0,,0.4516478478908539,1018.1226444244384,19.99180603027344
2024-04-10 13:35:20,0.0011973107466474,0.422826737165451,24.859375,0.0007806430803611,0.4131329655647278,23.0,,0.4516478478908539,1018.1226444244384,19.99180603027344
2024-04-10 13:35:21,0.0011973107466474,0.422826737165451,24.859375,0.0007806430803611,0.4131329655647278,23.0,,0.4516478478908539,1018.1226444244384,19.99180603027344
2024-04-10 13:35:22,0.0011973107466474,0.422826737165451,24.859375,0.0007806430803611,0.4131329655647278,23.0,,0.4516478478908539,1018.1226444244384,19.99180603027344
2024-04-10 13:35:23,0.0011973107466474,0.422826737165451,24.859375,0.0007806430803611,0.4131329655647278,23.0,,0.4516478478908539,1018.1226444244384,19.99180603027344
2024-04-10 13:35:24,0.0011973107466474,0.422826737165451,24.859375,0.0007806430803611,0.4131329655647278,23.0,,0.4516478478908539,1018.1226444244384,19.99180603027344
2024-04-10 13:35:25,0.0011973107466474,0.422826737165451,24.859375,0.0007806430803611,0.4131329655647278,23.0,,0.4516478478908539,1018.1226444244384,19.99180603027344
2024-04-10 13:35:26,0.0011973107466474,0.422826737165451,24.859375,0.0007806430803611,0.4131329655647278,23.0,,0.4516478478908539,1018.1226444244384,19.99180603027344
2024-04-10 13:35:27,0.0011973107466474,0.422826737165451,24.859375,0.0007806430803611,0.4131329655647278,23.0,,0.4516478478908539,1018.1855583190918,19.99180603027344
2024-04-10 13:35:28,0.0011973107466474,0.422826737165451,24.859375,0.0007806430803611,0.4131329655647278,23.0,,0.4516478478908539,1018.1855583190918,19.99180603027344
2024-04-10 13:35:29,0.0011973107466474,0.422826737165451,24.859375,0.0007806430803611,0.4131329655647278,23.0,,0.4516478478908539,1018.1855583190918,19.99180603027344
2024-04-10 13:35:30,0.0011973107466474,0.422826737165451,24.859375,0.0007806430803611,0.4131329655647278,23.0,,0.4516478478908539,1018.1855583190918,19.984968185424805
2024-04-10 13:35:31,0.0011973107466474,0.422826737165451,24.859375,0.0007806430803611,0.4131329655647278,23.0,,0.4516478478908539,1018.1855583190918,19.984968185424805
2024-04-10 13:35:32,0.0011973107466474,0.422826737165451,24.859375,0.0005415718769654,0.4131329655647278,23.140625,,0.4516478478908539,1018.1855583190918,19.984968185424805
2024-04-10 13:35:33,0.0011973107466474,0.422826737165451,24.859375,0.0005415718769654,0.4131329655647278,23.140625,,0.4516478478908539,1018.0902004241944,19.984968185424805
2024-04-10 13:35:34,0.0011973107466474,0.422826737165451,24.859375,0.0005415718769654,0.4131329655647278,23.140625,,0.4516478478908539,1018.0902004241944,19.984968185424805
2024-04-10 13:35:35,0.0011973107466474,0.422826737165451,24.859375,0.0005415718769654,0.4131329655647278,23.140625,,0.4516478478908539,1018.0902004241944,19.984968185424805
2024-04-10 13:35:36,0.0011973107466474,0.422826737165451,24.859375,0.0005415718769654,0.4131329655647278,23.140625,,0.4516478478908539,1018.0902004241944,19.984968185424805
2024-04-10 13:35:37,0.0011973107466474,0.422826737165451,24.859375,0.0005415718769654,0.4131329655647278,23.140625,,0.4516478478908539,1018.0902004241944,19.984968185424805
2024-04-10 13:35:38,0.0011973107466474,0.422826737165451,24.859375,0.0005415718769654,0.4131329655647278,23.140625,26.01873779296875,0.4516478478908539,1018.0902004241944,19.97467422485352
2024-04-10 13:35:39,0.0011973107466474,0.422826737165451,24.859375,0.0005415718769654,0.4131329655647278,23.140625,26.01873779296875,0.4516478478908539,1018.0902004241944,19.97467422485352
2024-04-10 13:35:40,0.0011973107466474,0.422826737165451,24.859375,0.0005415718769654,0.4131329655647278,23.140625,26.01873779296875,0.4516478478908539,1018.0902004241944,19.97467422485352
2024-04-10 13:35:41,0.0011973107466474,0.422826737165451,24.859375,0.0005415718769654,0.4131329655647278,23.140625,26.01873779296875,0.4516478478908539,1018.0902004241944,19.97467422485352
2024-04-10 13:35:42,0.0011973107466474,0.422826737165451,24.859375,0.0005415718769654,0.4131329655647278,23.140625,26.01873779296875,0.4516478478908539,1018.0902004241944,19.97467422485352
2024-04-10 13:35:43,0.0011973107466474,0.422826737165451,24.859375,0.0005415718769654,0.4131329655647278,23.140625,26.01873779296875,0.4516478478908539,1018.0902004241944,19.97467422485352
2024-04-10 13:35:44,0.0011973107466474,0.422826737165451,24.859375,0.0005415718769654,0.4131329655647278,23.140625,26.01873779296875,0.4516478478908539,1018.0943489074708,19.97467422485352
2024-04-10 13:35:45,0.0011973107466474,0.422826737165451,24.859375,0.0005415718769654,0.4131329655647278,23.140625,26.01873779296875,0.4516478478908539,1018.0943489074708,19.97467422485352
2024-04-10 13:35:46,0.0011973107466474,0.422826737165451,24.859375,0.0005415718769654,0.4131329655647278,23.140625,26.01873779296875,0.4516478478908539,1018.0943489074708,19.97467422485352
2024-04-10 13:35:47,0.0011973107466474,0.422826737165451,24.859375,0.0005415718769654,0.4131329655647278,23.140625,26.01873779296875,0.4516478478908539,1018.0943489074708,19.970348358154297
2024-04-10 13:35:48,0.0011973107466474,0.422826737165451,24.859375,0.0005415718769654,0.4131329655647278,23.140625,26.01873779296875,0.4516478478908539,1018.0943489074708,19.970348358154297
2024-04-10 13:35:49,0.0011973107466474,0.422826737165451,24.859375,0.0005415718769654,0.4131329655647278,23.140625,26.01873779296875,0.4516478478908539,1018.0943489074708,19.970348358154297
2024-04-10 13:35:50,0.0011973107466474,0.422826737165451,24.859375,0.0005415718769654,0.4131329655647278,23.140625,26.01873779296875,0.4516478478908539,1018.0943489074708,19.970348358154297
2024-04-10 13:35:51,0.0011973107466474,0.422826737165451,24.859375,0.0005415718769654,0.4131329655647278,23.140625,26.01873779296875,0.4516478478908539,1018.0943489074708,19.970348358154297
2024-04-10 13:35:52,0.0011973107466474,0.422826737165451,24.859375,0.0005415718769654,0.4131329655647278,23.140625,26.01873779296875,0.4516478478908539,1018.0943489074708,19.970348358154297
2024-04-10 13:35:53,0.0011973107466474,0.422826737165451,24.859375,0.0005415718769654,0.4131329655647278,23.140625,26.01873779296875,0.4516478478908539,1018.0943489074708,19.96078109741211
2024-04-10 13:35:54,0.0011973107466474,0.422826737165451,24.859375,0.0005415718769654,0.4131329655647278,23.140625,26.01873779296875,0.4516478478908539,1018.0736923217772,19.96078109741211
2024-04-10 13:35:55,0.0011973107466474,0.422826737165451,24.859375,0.0005415718769654,0.4131329655647278,23.140625,26.01873779296875,0.4516478478908539,1018.0736923217772,19.96078109741211
2024-04-10 13:35:56,0.0011973107466474,0.422826737165451,24.859375,0.0005415718769654,0.4131329655647278,23.140625,26.01873779296875,0.4516478478908539,1018.0736923217772,19.96078109741211
2024-04-10 13:35:57,0.0011973107466474,0.422826737165451,24.859375,0.0005415718769654,0.4131329655647278,23.140625,26.01873779296875,0.4516478478908539,1018.1047344207764,19.96078109741211
2024-04-10 13:35:58,0.0011973107466474,0.422826737165451,24.859375,0.0005415718769654,0.4131329655647278,23.140625,26.01873779296875,0.4516478478908539,1018.1047344207764,19.96078109741211
2024-04-10 13:35:59,0.0011973107466474,0.422826737165451,24.859375,0.0005415718769654,0.4131329655647278,23.140625,26.01873779296875,0.4516478478908539,1018.1047344207764,19.96078109741211
2024-04-10 13:36:00,0.0011973107466474,0.422826737165451,24.859375,0.0005415718769654,0.4131329655647278,23.140625,26.01873779296875,0.4516478478908539,1018.1047344207764,19.96078109741211
2024-04-10 13:36:01,0.0011973107466474,0.422826737165451,24.859375,0.0005415718769654,0.4131329655647278,23.140625,26.01873779296875,0.4516478478908539,1018.1047344207764,19.96078109741211
2024-04-10 13:36:02,0.0011973107466474,0.422826737165451,24.859375,0.0005415718769654,0.4131329655647278,23.140625,26.01873779296875,0.4516478478908539,1018.1047344207764,19.96078109741211
2024-04-10 13:36:03,0.0011973107466474,0.422826737165451,24.859375,0.0005415718769654,0.4131329655647278,23.140625,26.01873779296875,0.4516478478908539,1018.1047344207764,19.96078109741211
2024-04-10 13:36:04,0.0011973107466474,0.422826737165451,24.859375,0.0005415718769654,0.4131329655647278,23.140625,26.01873779296875,0.4516478478908539,1018.1047344207764,19.96454620361328
2024-04-10 13:36:05,0.0011973107466474,0.422826737165451,24.859375,0.0005415718769654,0.4131329655647278,23.140625,26.01873779296875,0.4516478478908539,1018.1047344207764,19.96454620361328
2024-04-10 13:36:06,0.0011973107466474,0.422826737165451,24.859375,0.0005415718769654,0.4131329655647278,23.140625,26.01873779296875,0.4516478478908539,1018.1047344207764,19.96454620361328
2024-04-10 13:36:07,0.0011973107466474,0.422826737165451,24.859375,0.0005415718769654,0.4131329655647278,23.140625,26.01873779296875,0.4516478478908539,1018.094835281372,19.96454620361328
2024-04-10 13:36:08,0.0011973107466474,0.422826737165451,24.859375,0.0005415718769654,0.4131329655647278,23.140625,26.01873779296875,0.4516478478908539,1018.094835281372,19.96454620361328
2024-04-10 13:36:09,0.0011973107466474,0.422826737165451,24.859375,0.0005415718769654,0.4131329655647278,23.140625,26.01873779296875,0.4516478478908539,1018.094835281372,19.96454620361328
2024-04-10 13:36:10,0.0011973107466474,0.422826737165451,24.859375,0.0005415718769654,0.4131329655647278,23.140625,26.01873779296875,0.4516478478908539,1018.094835281372,19.96454620361328
2024-04-10 13:36:11,0.0011973107466474,0.422826737165451,24.859375,0.0005415718769654,0.4131329655647278,23.140625,26.01873779296875,0.4516478478908539,1018.094835281372,19.97414207458496
2024-04-10 13:36:12,0.0011973107466474,0.422826737165451,24.859375,0.0005415718769654,0.4131329655647278,23.140625,26.01873779296875,0.4516478478908539,1018.094835281372,19.97414207458496
2024-04-10 13:36:13,0.0011973107466474,0.422826737165451,24.859375,0.0005415718769654,0.4131329655647278,23.140625,26.01873779296875,0.4516478478908539,1018.094835281372,19.97414207458496
2024-04-10 13:36:14,0.0011973107466474,0.422826737165451,24.859375,0.0005415718769654,0.4131329655647278,23.140625,26.01873779296875,0.4516478478908539,1018.1477069854736,19.97414207458496
2024-04-10 13:36:15,0.0011973107466474,0.422826737165451,24.859375,0.0005415718769654,0.4131329655647278,23.140625,26.01873779296875,0.4516478478908539,1018.1477069854736,19.97414207458496
2024-04-10 13:36:16,0.0011973107466474,0.422826737165451,24.859375,0.0005415718769654,0.4131329655647278,23.140625,26.01873779296875,0.4516478478908539,1018.1477069854736,19.97414207458496
2024-04-10 13:36:17,0.0011973107466474,0.422826737165451,24.859375,0.0005415718769654,0.4131329655647278,23.140625,26.01873779296875,0.4516478478908539,1018.1477069854736,19.97414207458496
2024-04-10 13:36:18,0.0011973107466474,0.422826737165451,24.859375,0.0005415718769654,0.4131329655647278,23.140625,26.01873779296875,0.4516478478908539,1018.1477069854736,19.97414207458496
2024-04-10 13:36:19,0.0011973107466474,0.422826737165451,24.859375,0.0005415718769654,0.4131329655647278,23.140625,26.01873779296875,0.4518508613109588,1018.1477069854736,19.95557975769043
2024-04-10 13:36:20,0.0011973107466474,0.422826737165451,24.859375,0.0005415718769654,0.4131329655647278,23.140625,26.01873779296875,0.4518508613109588,1018.1477069854736,19.95557975769043
2024-04-10 13:36:21,0.0011973107466474,0.422826737165451,24.859375,0.0005415718769654,0.4131329655647278,23.140625,26.01873779296875,0.4518508613109588,1018.1024742126464,19.95557975769043
2024-04-10 13:36:22,0.0011973107466474,0.422826737165451,24.859375,0.0005415718769654,0.4131329655647278,23.140625,26.01873779296875,0.4518508613109588,1018.1024742126464,19.95557975769043
2024-04-10 13:36:23,0.0011973107466474,0.422826737165451,24.859375,0.0005415718769654,0.4131329655647278,23.140625,26.01873779296875,0.4518508613109588,1018.1024742126464,19.95557975769043
2024-04-10 13:36:24,0.0011973107466474,0.422826737165451,24.859375,0.0005415718769654,0.4131329655647278,23.140625,26.01873779296875,0.4518508613109588,1018.1024742126464,19.95557975769043
2024-04-10 13:36:25,0.0011973107466474,0.422826737165451,24.859375,0.0005415718769654,0.4131329655647278,23.140625,26.01873779296875,0.4518508613109588,1018.1024742126464,19.95557975769043
2024-04-10 13:36:26,0.0011973107466474,0.422826737165451,24.859375,0.0005415718769654,0.4131329655647278,23.140625,26.01873779296875,0.4518508613109588,1018.1024742126464,19.944656372070312
2024-04-10 13:36:27,0.0011973107466474,0.422826737165451,24.859375,0.0005415718769654,0.4131329655647278,23.140625,26.01873779296875,0.4518508613109588,1018.1024742126464,19.944656372070312
2024-04-10 13:36:28,0.0011973107466474,0.422826737165451,24.859375,0.0005415718769654,0.4131329655647278,23.140625,26.01873779296875,0.4518508613109588,1018.1024742126464,19.944656372070312
2024-04-10 13:36:29,0.0011973107466474,0.422826737165451,24.859375,0.0005415718769654,0.4131329655647278,23.140625,26.01873779296875,0.4518508613109588,1018.1024742126464,19.944656372070312
2024-04-10 13:36:30,0.0011973107466474,0.422826737165451,24.859375,0.0005415718769654,0.4131329655647278,23.140625,26.01873779296875,0.4518508613109588,1018.1024742126464,19.944656372070312
2024-04-10 13:36:31,0.0011973107466474,0.422826737165451,24.859375,0.0005415718769654,0.4131329655647278,23.140625,26.01873779296875,0.4518508613109588,1018.1024742126464,19.944656372070312
2024-04-10 13:36:32,0.0011973107466474,0.422826737165451,24.859375,0.0005415718769654,0.4131329655647278,23.140625,26.01873779296875,0.4518508613109588,1018.1198120117188,19.944656372070312
2024-04-10 13:36:33,0.0011973107466474,0.422826737165451,24.859375,0.0005415718769654,0.4131329655647278,23.140625,26.01873779296875,0.4518508613109588,1018.1198120117188,19.944656372070312
2024-04-10 13:36:34,0.0011973107466474,0.422826737165451,24.859375,0.0005415718769654,0.4131329655647278,23.140625,26.01873779296875,0.4518508613109588,1018.1198120117188,19.958126068115234
2024-04-10 13:36:35,0.0011973107466474,0.422826737165451,24.859375,0.0005415718769654,0.4131329655647278,23.140625,26.01873779296875,0.4518508613109588,1018.1198120117188,19.958126068115234
2024-04-10 13:36:36,0.0011973107466474,0.422826737165451,24.859375,0.0005415718769654,0.4131329655647278,23.140625,26.01873779296875,0.4518508613109588,1018.1198120117188,19.958126068115234
2024-04-10 13:36:37,0.0011973107466474,0.422826737165451,24.859375,0.0005415718769654,0.4131329655647278,23.140625,26.0625,0.4518508613109588,1018.1198120117188,19.958126068115234
2024-04-10 13:36:38,0.0011973107466474,0.422826737165451,24.859375,0.0005415718769654,0.4131329655647278,23.140625,26.0625,0.4518508613109588,1018.0887413024902,19.958126068115234
2024-04-10 13:36:39,0.0011973107466474,0.422826737165451,24.859375,0.0005415718769654,0.4131329655647278,23.140625,26.0625,0.4518508613109588,1018.0887413024902,19.958126068115234
2024-04-10 13:36:40,0.0011973107466474,0.422826737165451,24.859375,0.0005415718769654,0.4131329655647278,23.140625,26.0625,0.4518508613109588,1018.0887413024902,19.958126068115234
2024-04-10 13:36:41,0.0011973107466474,0.422826737165451,24.859375,0.0005415718769654,0.4131329655647278,23.140625,26.0625,0.4518508613109588,1018.0887413024902,19.958126068115234
2024-04-10 13:36:42,0.0011973107466474,0.422826737165451,24.859375,0.0005415718769654,0.4131329655647278,23.140625,26.0625,0.4518508613109588,1018.0887413024902,19.964786529541016
2024-04-10 13:36:43,0.0011973107466474,0.422826737165451,24.859375,0.0005415718769654,0.4131329655647278,23.140625,26.0625,0.4518508613109588,1018.0887413024902,19.964786529541016
2024-04-10 13:36:44,0.0011973107466474,0.422826737165451,24.859375,0.0005415718769654,0.4131329655647278,23.140625,26.0625,0.4518508613109588,1018.0887413024902,19.964786529541016
2024-04-10 13:36:45,0.0011973107466474,0.422826737165451,24.859375,0.0005415718769654,0.4131329655647278,23.140625,26.0625,0.4518508613109588,1018.0887413024902,19.964786529541016
2024-04-10 13:36:46,0.0011973107466474,0.422826737165451,24.859375,0.0005415718769654,0.4131329655647278,23.140625,26.0625,0.4518508613109588,1018.0887413024902,19.964786529541016
2024-04-10 13:36:47,0.0011973107466474,0.422826737165451,24.859375,0.0005415718769654,0.4131329655647278,23.140625,26.0625,0.4518508613109588,1018.0887413024902,19.964786529541016
2024-04-10 13:36:48,0.0011973107466474,0.422826737165451,24.859375,0.0005415718769654,0.4131329655647278,23.140625,26.0625,0.4518508613109588,1018.1117153167723,19.964786529541016
2024-04-10 13:36:49,0.0011973107466474,0.422826737165451,24.859375,0.0005415718769654,0.4131329655647278,23.140625,26.0625,0.4518508613109588,1018.1117153167723,19.964786529541016
2024-04-10 13:36:50,0.0011973107466474,0.422826737165451,24.859375,0.0005415718769654,0.4131329655647278,23.140625,26.0625,0.4518508613109588,1018.1117153167723,19.979211807250977
2024-04-10 13:36:51,0.0011973107466474,0.422826737165451,24.859375,0.0005415718769654,0.4131329655647278,23.140625,26.0625,0.4518508613109588,1018.1117153167723,19.979211807250977
2024-04-10 13:36:52,0.0011973107466474,0.422826737165451,24.859375,0.0005415718769654,0.4131329655647278,23.140625,26.0625,0.4518508613109588,1018.1117153167723,19.979211807250977
2024-04-10 13:36:53,0.0011973107466474,0.422826737165451,24.859375,0.0005415718769654,0.4131329655647278,23.140625,26.0625,0.4518508613109588,1018.1117153167723,19.979211807250977
2024-04-10 13:36:54,0.0011973107466474,0.422826737165451,24.859375,0.0005415718769654,0.4131329655647278,23.140625,26.0625,0.4518508613109588,1018.1117153167723,19.979211807250977
2024-04-10 13:36:55,0.0011973107466474,0.422826737165451,24.859375,0.0005415718769654,0.4131329655647278,23.140625,26.0625,0.4518508613109588,1018.094892501831,19.979211807250977
2024-04-10 13:36:56,0.0011973107466474,0.422826737165451,24.859375,0.0005415718769654,0.4131329655647278,23.140625,26.0625,0.4518508613109588,1018.094892501831,19.979211807250977
2024-04-10 13:36:57,0.0011973107466474,0.422826737165451,24.859375,0.0005415718769654,0.4131329655647278,23.140625,26.0625,0.4518508613109588,1018.094892501831,19.979211807250977
2024-04-10 13:36:58,0.0011973107466474,0.422826737165451,24.859375,0.0005415718769654,0.4131329655647278,23.140625,26.0625,0.4518508613109588,1018.094892501831,19.979211807250977
2024-04-10 13:36:59,0.0011973107466474,0.422826737165451,24.859375,0.0005415718769654,0.4131329655647278,23.140625,26.0625,0.4518508613109588,1018.094892501831,19.980104446411133
2024-04-10 13:37:00,0.0011973107466474,0.422826737165451,24.859375,0.0005415718769654,0.4131329655647278,23.140625,26.0625,0.4518508613109588,1018.094892501831,19.980104446411133
2024-04-10 13:37:01,0.0011973107466474,0.422826737165451,24.859375,0.0005415718769654,0.4131329655647278,23.140625,26.0625,0.4518508613109588,1018.094892501831,19.980104446411133
2024-04-10 13:37:02,0.0011973107466474,0.422826737165451,24.859375,0.0005415718769654,0.4131329655647278,23.140625,26.0625,0.4518508613109588,1018.0777835845948,19.980104446411133
2024-04-10 13:37:03,0.0011973107466474,0.422826737165451,24.859375,0.0005415718769654,0.4131329655647278,23.140625,26.0625,0.4518508613109588,1018.0777835845948,19.980104446411133
2024-04-10 13:37:04,0.0011973107466474,0.422826737165451,24.859375,0.0005415718769654,0.4131329655647278,23.140625,26.0625,0.4518508613109588,1018.0777835845948,19.980104446411133
2024-04-10 13:37:05,0.0011973107466474,0.422826737165451,24.859375,0.0005415718769654,0.4131329655647278,23.140625,26.0625,0.4518508613109588,1018.0777835845948,19.980104446411133
2024-04-10 13:37:06,0.0011973107466474,0.422826737165451,24.859375,0.0005415718769654,0.4131329655647278,23.140625,26.0625,0.4518508613109588,1018.0777835845948,19.980104446411133
2024-04-10 13:37:07,0.0011973107466474,0.422826737165451,24.859375,0.0005415718769654,0.4131329655647278,23.140625,26.0625,0.4518508613109588,1018.0777835845948,19.998952865600582
2024-04-10 13:37:08,0.0011973107466474,0.422826737165451,24.859375,0.0005415718769654,0.4131329655647278,23.140625,26.0625,0.4518508613109588,1018.0777835845948,19.998952865600582
2024-04-10 13:37:09,0.0011973107466474,0.422826737165451,24.859375,0.0005415718769654,0.4131329655647278,23.140625,26.0625,0.4518508613109588,1018.0726909637452,19.998952865600582
2024-04-10 13:37:10,0.0011973107466474,0.422826737165451,24.859375,0.0005415718769654,0.4131329655647278,23.140625,26.0625,0.4518508613109588,1018.0726909637452,19.998952865600582
2024-04-10 13:37:11,0.0011973107466474,0.422826737165451,24.859375,0.0005415718769654,0.4131329655647278,23.140625,26.0625,0.4518508613109588,1018.0726909637452,19.998952865600582
2024-04-10 13:37:12,0.0011973107466474,0.422826737165451,24.859375,0.0005415718769654,0.4131329655647278,23.140625,26.0625,0.4518508613109588,1018.0726909637452,19.998952865600582
2024-04-10 13:37:13,0.0011973107466474,0.422826737165451,24.859375,0.0005415718769654,0.4131329655647278,23.140625,26.0625,0.4518508613109588,1018.0726909637452,19.998952865600582
2024-04-10 13:37:14,0.0011973107466474,0.422826737165451,24.859375,0.0005415718769654,0.4131329655647278,23.140625,26.0625,0.4518508613109588,1018.0726909637452,19.998952865600582
2024-04-10 13:37:15,0.0011973107466474,0.422826737165451,24.859375,0.0005415718769654,0.4131329655647278,23.140625,26.0625,0.4518508613109588,1018.0726909637452,20.00286674499512
2024-04-10 13:37:16,0.0011973107466474,0.422826737165451,24.859375,0.0005415718769654,0.4131329655647278,23.140625,26.0625,0.4531607925891876,1018.0726909637452,20.00286674499512
2024-04-10 13:37:17,0.0011973107466474,0.422826737165451,24.859375,0.0005415718769654,0.4131329655647278,23.140625,26.0625,0.4531607925891876,1018.0726909637452,20.00286674499512
2024-04-10 13:37:18,0.0011973107466474,0.422826737165451,24.859375,0.0005415718769654,0.4131329655647278,23.140625,26.0625,0.4531607925891876,1018.0726909637452,20.00286674499512
2024-04-10 13:37:19,0.0011973107466474,0.422826737165451,24.859375,0.0005415718769654,0.4131329655647278,23.140625,26.0625,0.4531607925891876,1018.1292533874512,20.00286674499512
2024-04-10 13:37:20,0.0011973107466474,0.422826737165451,24.859375,0.0005415718769654,0.4131329655647278,23.140625,26.0625,0.4531607925891876,1018.1292533874512,20.00286674499512
2024-04-10 13:37:21,0.0011973107466474,0.422826737165451,24.859375,0.0005415718769654,0.4131329655647278,23.140625,26.0625,0.4531607925891876,1018.1292533874512,20.00286674499512
2024-04-10 13:37:22,0.0011973107466474,0.422826737165451,24.859375,0.0005415718769654,0.4131329655647278,23.140625,26.0625,0.4531607925891876,1018.1292533874512,20.00286674499512
2024-04-10 13:37:23,0.0011973107466474,0.422826737165451,24.859375,0.0005415718769654,0.4131329655647278,23.140625,26.0625,0.4531607925891876,1018.1292533874512,20.01760673522949
2024-04-10 13:37:24,0.0011973107466474,0.422826737165451,24.859375,0.0005415718769654,0.4131329655647278,23.140625,26.0625,0.4531607925891876,1018.1292533874512,20.01760673522949
2024-04-10 13:37:25,0.0011973107466474,0.422826737165451,24.859375,0.0005415718769654,0.4131329655647278,23.140625,26.0625,0.4531607925891876,1018.1292533874512,20.01760673522949
2024-04-10 13:37:26,0.0011973107466474,0.422826737165451,24.859375,0.0005415718769654,0.4131329655647278,23.140625,26.0625,0.4531607925891876,1018.1175518035888,20.01760673522949
2024-04-10 13:37:27,0.0011973107466474,0.422826737165451,24.859375,0.0005415718769654,0.4131329655647278,23.140625,26.0625,0.4531607925891876,1018.1175518035888,20.01760673522949
2024-04-10 13:37:28,0.0011973107466474,0.422826737165451,24.859375,0.0005415718769654,0.4131329655647278,23.140625,26.0625,0.4531607925891876,1018.1175518035888,20.01760673522949
2024-04-10 13:37:29,0.0011973107466474,0.422826737165451,24.859375,0.0005415718769654,0.4131329655647278,23.140625,26.0625,0.4531607925891876,1018.1175518035888,20.01760673522949
2024-04-10 13:37:30,0.0011973107466474,0.422826737165451,24.859375,0.0005415718769654,0.4131329655647278,23.140625,26.0625,0.4531607925891876,1018.1175518035888,20.01760673522949
2024-04-10 13:37:31,0.0011973107466474,0.422826737165451,24.859375,0.0005415718769654,0.4131329655647278,23.140625,26.0625,0.4531607925891876,1018.1175518035888,20.02586936950684
2024-04-10 13:37:32,0.0011973107466474,0.422826737165451,24.859375,0.0005415718769654,0.4131329655647278,23.140625,26.0625,0.4531607925891876,1018.1175518035888,20.02586936950684
2024-04-10 13:37:33,0.0011973107466474,0.422826737165451,24.859375,0.0005415718769654,0.4131329655647278,23.140625,26.0625,0.4531607925891876,1018.1544589996338,20.02586936950684
2024-04-10 13:37:34,0.0011973107466474,0.422826737165451,24.859375,0.0005415718769654,0.4131329655647278,23.140625,26.0625,0.4531607925891876,1018.1544589996338,20.02586936950684
2024-04-10 13:37:35,0.0011973107466474,0.422826737165451,24.859375,0.0005415718769654,0.4131329655647278,23.140625,26.0625,0.4531607925891876,1018.1544589996338,20.02586936950684
2024-04-10 13:37:36,0.0011973107466474,0.422826737165451,24.859375,0.0005415718769654,0.4131329655647278,23.140625,26.0625,0.4531607925891876,1018.1544589996338,20.02586936950684
2024-04-10 13:37:37,0.0011973107466474,0.422826737165451,24.859375,0.0005415718769654,0.4131329655647278,23.140625,26.0625,0.4531607925891876,1018.1544589996338,20.02586936950684
2024-04-10 13:37:38,0.0011973107466474,0.422826737165451,24.859375,0.0005415718769654,0.4131329655647278,23.140625,26.02374267578125,0.4531607925891876,1018.1544589996338,20.03231811523437
2024-04-10 13:37:39,0.0011973107466474,0.422826737165451,24.859375,0.0005415718769654,0.4131329655647278,23.140625,26.02374267578125,0.4531607925891876,1018.1544589996338,20.03231811523437
2024-04-10 13:37:40,0.0011973107466474,0.422826737165451,24.859375,0.0005415718769654,0.4131329655647278,23.140625,26.02374267578125,0.4531607925891876,1018.1544589996338,20.03231811523437
2024-04-10 13:37:41,0.0011973107466474,0.422826737165451,24.859375,0.0005415718769654,0.4131329655647278,23.140625,26.02374267578125,0.4531607925891876,1018.1634712219238,20.03231811523437
2024-04-10 13:37:42,0.0011973107466474,0.422826737165451,24.859375,0.0005415718769654,0.4131329655647278,23.140625,26.02374267578125,0.4531607925891876,1018.1634712219238,20.03231811523437
2024-04-10 13:37:43,0.0011973107466474,0.422826737165451,24.859375,0.0005415718769654,0.4131329655647278,23.140625,26.02374267578125,0.4531607925891876,1018.1634712219238,20.03231811523437
2024-04-10 13:37:44,0.0011973107466474,0.422826737165451,24.859375,0.0005415718769654,0.4131329655647278,23.140625,26.02374267578125,0.4531607925891876,1018.1634712219238,20.03231811523437
2024-04-10 13:37:45,0.0011973107466474,0.422826737165451,24.859375,0.0005415718769654,0.4131329655647278,23.140625,26.02374267578125,0.4531607925891876,1018.1634712219238,20.03231811523437
2024-04-10 13:37:46,0.0011973107466474,0.422826737165451,24.859375,0.0005415718769654,0.4131329655647278,23.140625,26.02374267578125,0.4531607925891876,1018.1634712219238,20.03263282775879
2024-04-10 13:37:47,0.0011973107466474,0.422826737165451,24.859375,0.0005415718769654,0.4131329655647278,23.140625,26.02374267578125,0.4531607925891876,1018.1634712219238,20.03263282775879
2024-04-10 13:37:48,0.0011973107466474,0.422826737165451,24.859375,0.0005415718769654,0.4131329655647278,23.140625,26.02374267578125,0.4531607925891876,1018.1634712219238,20.03263282775879
2024-04-10 13:37:49,0.0011973107466474,0.422826737165451,24.859375,0.0005415718769654,0.4131329655647278,23.140625,26.02374267578125,0.4531607925891876,1018.1634712219238,20.03263282775879
2024-04-10 13:37:50,0.0011973107466474,0.422826737165451,24.859375,0.0005415718769654,0.4131329655647278,23.140625,26.02374267578125,0.4531607925891876,1018.1576347351074,20.03263282775879
2024-04-10 13:37:51,0.0011973107466474,0.422826737165451,24.859375,0.0005415718769654,0.4131329655647278,23.140625,26.02374267578125,0.4531607925891876,1018.1576347351074,20.03263282775879
2024-04-10 13:37:52,0.0011973107466474,0.422826737165451,24.859375,0.0005415718769654,0.4131329655647278,23.140625,26.02374267578125,0.4531607925891876,1018.1576347351074,20.03263282775879
2024-04-10 13:37:53,0.0011973107466474,0.422826737165451,24.859375,0.0005415718769654,0.4131329655647278,23.140625,26.02374267578125,0.4531607925891876,1018.1576347351074,20.03263282775879
2024-04-10 13:37:54,0.0011973107466474,0.422826737165451,24.859375,0.0005415718769654,0.4131329655647278,23.140625,26.02374267578125,0.4531607925891876,1018.1576347351074,20.04929542541504
2024-04-10 13:37:55,0.0011973107466474,0.422826737165451,24.859375,0.0005415718769654,0.4131329655647278,23.140625,26.02374267578125,0.4531607925891876,1018.1576347351074,20.04929542541504
2024-04-10 13:37:56,0.0011973107466474,0.422826737165451,24.859375,0.0005415718769654,0.4131329655647278,23.140625,26.02374267578125,0.4531607925891876,1018.1576347351074,20.04929542541504
2024-04-10 13:37:57,0.0011973107466474,0.422826737165451,24.859375,0.0005415718769654,0.4131329655647278,23.140625,26.02374267578125,0.4531607925891876,1018.1576347351074,20.04929542541504
2024-04-10 13:37:58,0.0011973107466474,0.422826737165451,24.859375,0.0005415718769654,0.4131329655647278,23.140625,26.02374267578125,0.4531607925891876,1018.1576347351074,20.04929542541504
2024-04-10 13:37:59,0.0011973107466474,0.422826737165451,24.859375,0.0005415718769654,0.4131329655647278,23.140625,26.02374267578125,0.4531607925891876,1018.1576347351074,20.04929542541504
2024-04-10 13:38:00,0.0011973107466474,0.422826737165451,24.859375,0.0005415718769654,0.4131329655647278,23.140625,26.02374267578125,0.4531607925891876,1018.1104278564452,20.04929542541504
2024-04-10 13:38:01,0.0011973107466474,0.422826737165451,24.859375,0.0005415718769654,0.4131329655647278,23.140625,26.02374267578125,0.4531607925891876,1018.1104278564452,20.059669494628903
2024-04-10 13:38:02,0.0011973107466474,0.422826737165451,24.859375,0.0005415718769654,0.4131329655647278,23.140625,26.02374267578125,0.4531607925891876,1018.1104278564452,20.059669494628903
2024-04-10 13:38:03,0.0011973107466474,0.422826737165451,24.859375,0.0005415718769654,0.4131329655647278,23.140625,26.02374267578125,0.4531607925891876,1018.1104278564452,20.059669494628903
2024-04-10 13:38:04,0.0011973107466474,0.422826737165451,24.859375,0.0005415718769654,0.4131329655647278,23.140625,26.02374267578125,0.4531607925891876,1018.1104278564452,20.059669494628903
2024-04-10 13:38:05,0.0011973107466474,0.422826737165451,24.859375,0.0005415718769654,0.4131329655647278,23.140625,26.02374267578125,0.4531607925891876,1018.1104278564452,20.059669494628903
2024-04-10 13:38:06,0.0011973107466474,0.422826737165451,24.859375,0.0005415718769654,0.4131329655647278,23.140625,26.02374267578125,0.4531607925891876,1018.1104278564452,20.059669494628903
2024-04-10 13:38:07,0.0011973107466474,0.422826737165451,24.859375,0.0005415718769654,0.4131329655647278,23.140625,26.02374267578125,0.4531607925891876,1018.122615814209,20.059669494628903
2024-04-10 13:38:08,0.0011973107466474,0.422826737165451,24.859375,0.0005415718769654,0.4131329655647278,23.140625,26.02374267578125,0.4531607925891876,1018.122615814209,20.059669494628903
2024-04-10 13:38:09,0.0011973107466474,0.422826737165451,24.859375,0.0005415718769654,0.4131329655647278,23.140625,26.02374267578125,0.4531607925891876,1018.122615814209,20.059669494628903
2024-04-10 13:38:10,0.0011973107466474,0.422826737165451,24.859375,0.0005415718769654,0.4131329655647278,23.140625,26.02374267578125,0.4531607925891876,1018.122615814209,20.073522567749023
2024-04-10 13:38:11,0.0011973107466474,0.422826737165451,24.859375,0.0005415718769654,0.4131329655647278,23.140625,26.02374267578125,0.4531607925891876,1018.122615814209,20.073522567749023
2024-04-10 13:38:12,0.0011973107466474,0.422826737165451,24.859375,0.0005415718769654,0.4131329655647278,23.140625,26.02374267578125,0.4531607925891876,1018.122615814209,20.073522567749023
2024-04-10 13:38:13,0.0011973107466474,0.422826737165451,24.859375,0.0005415718769654,0.4131329655647278,23.140625,26.02374267578125,0.4531607925891876,1018.122615814209,20.073522567749023
2024-04-10 13:38:14,0.0011973107466474,0.422826737165451,24.859375,0.0005415718769654,0.4131329655647278,23.140625,26.02374267578125,0.4531607925891876,1018.0818462371826,20.073522567749023
2024-04-10 13:38:15,0.0011973107466474,0.422826737165451,24.859375,0.0005415718769654,0.4131329655647278,23.140625,26.02374267578125,0.4531607925891876,1018.0818462371826,20.073522567749023
2024-04-10 13:38:16,0.0011973107466474,0.422826737165451,24.859375,0.0005415718769654,0.4131329655647278,23.140625,26.02374267578125,0.4531607925891876,1018.0818462371826,20.073522567749023
2024-04-10 13:38:17,0.0011973107466474,0.422826737165451,24.859375,0.0005415718769654,0.4131329655647278,23.140625,26.02374267578125,0.4527313113212585,1018.0818462371826,20.073522567749023
2024-04-10 13:38:18,0.0011973107466474,0.422826737165451,24.859375,0.0005415718769654,0.4131329655647278,23.140625,26.02374267578125,0.4527313113212585,1018.0818462371826,20.073522567749023
2024-04-10 13:38:19,0.0011973107466474,0.422826737165451,24.859375,0.0005415718769654,0.4131329655647278,23.140625,26.02374267578125,0.4527313113212585,1018.0818462371826,20.09297752380371
2024-04-10 13:38:20,0.0011973107466474,0.422826737165451,24.859375,0.0005415718769654,0.4131329655647278,23.140625,26.02374267578125,0.4527313113212585,1018.0818462371826,20.09297752380371
2024-04-10 13:38:21,0.0011973107466474,0.422826737165451,24.859375,0.0005415718769654,0.4131329655647278,23.140625,26.02374267578125,0.4527313113212585,1018.0818462371826,20.09297752380371
2024-04-10 13:38:22,0.0011973107466474,0.422826737165451,24.859375,0.0005415718769654,0.4131329655647278,23.140625,26.02374267578125,0.4527313113212585,1018.0858516693116,20.09297752380371
2024-04-10 13:38:23,0.0011973107466474,0.422826737165451,24.859375,0.0005415718769654,0.4131329655647278,23.140625,26.02374267578125,0.4527313113212585,1018.0858516693116,20.09297752380371
2024-04-10 13:38:24,0.0011973107466474,0.422826737165451,24.859375,0.0005415718769654,0.4131329655647278,23.140625,26.02374267578125,0.4527313113212585,1018.0858516693116,20.09297752380371
2024-04-10 13:38:25,0.0011973107466474,0.422826737165451,24.859375,0.0005415718769654,0.4131329655647278,23.140625,26.02374267578125,0.4527313113212585,1018.0858516693116,20.09297752380371
2024-04-10 13:38:26,0.0011973107466474,0.422826737165451,24.859375,0.0005415718769654,0.4131329655647278,23.140625,26.02374267578125,0.4527313113212585,1018.0858516693116,20.09297752380371
2024-04-10 13:38:27,0.0011973107466474,0.422826737165451,24.859375,0.0005415718769654,0.4131329655647278,23.140625,26.02374267578125,0.4527313113212585,1018.0858516693116,20.103757858276367
2024-04-10 13:38:28,0.0011973107466474,0.422826737165451,24.859375,0.0005415718769654,0.4131329655647278,23.140625,26.02374267578125,0.4527313113212585,1018.0858516693116,20.103757858276367
2024-04-10 13:38:29,0.0011973107466474,0.422826737165451,24.859375,0.0005415718769654,0.4131329655647278,23.140625,26.02374267578125,0.4527313113212585,1018.0858516693116,20.103757858276367
2024-04-10 13:38:30,0.0011973107466474,0.422826737165451,24.859375,0.0005415718769654,0.4131329655647278,23.140625,26.02374267578125,0.4527313113212585,1018.0858516693116,20.103757858276367
2024-04-10 13:38:31,0.0011973107466474,0.422826737165451,24.859375,0.0005415718769654,0.4131329655647278,23.140625,26.02374267578125,0.4527313113212585,1018.124361038208,20.103757858276367
2024-04-10 13:38:32,0.0011973107466474,0.422826737165451,24.859375,0.0005415718769654,0.4131329655647278,23.140625,26.02374267578125,0.4527313113212585,1018.124361038208,20.103757858276367
2024-04-10 13:38:33,0.0011973107466474,0.422826737165451,24.859375,0.0005415718769654,0.4131329655647278,23.140625,26.02374267578125,0.4527313113212585,1018.124361038208,20.103757858276367
2024-04-10 13:38:34,0.0011973107466474,0.422826737165451,24.859375,0.0005415718769654,0.4131329655647278,23.140625,26.02374267578125,0.4527313113212585,1018.124361038208,20.103757858276367
2024-04-10 13:38:35,0.0011973107466474,0.422826737165451,24.859375,0.0005415718769654,0.4131329655647278,23.140625,26.02374267578125,0.4527313113212585,1018.124361038208,20.119104385375977
2024-04-10 13:38:36,0.0011973107466474,0.422826737165451,24.859375,0.0005415718769654,0.4131329655647278,23.140625,25.71533203125,0.4527313113212585,1018.124361038208,20.119104385375977
2024-04-10 13:38:37,0.0011973107466474,0.422826737165451,24.859375,0.0005415718769654,0.4131329655647278,23.140625,25.71533203125,0.4527313113212585,1018.124361038208,20.119104385375977
2024-04-10 13:38:38,0.0011973107466474,0.422826737165451,24.859375,0.0005415718769654,0.4131329655647278,23.140625,25.71533203125,0.4527313113212585,1018.106050491333,20.119104385375977
2024-04-10 13:38:39,0.0011973107466474,0.422826737165451,24.859375,0.0005415718769654,0.4131329655647278,23.140625,25.71533203125,0.4527313113212585,1018.106050491333,20.119104385375977
2024-04-10 13:38:40,0.0011973107466474,0.422826737165451,24.859375,0.0005415718769654,0.4131329655647278,23.140625,25.71533203125,0.4527313113212585,1018.106050491333,20.119104385375977
2024-04-10 13:38:41,0.0011973107466474,0.422826737165451,24.859375,0.0005415718769654,0.4131329655647278,23.140625,25.71533203125,0.4527313113212585,1018.106050491333,20.119104385375977
2024-04-10 13:38:42,0.0011973107466474,0.422826737165451,24.859375,0.0005415718769654,0.4131329655647278,23.140625,25.71533203125,0.4527313113212585,1018.106050491333,20.109600067138672
2024-04-10 13:38:43,0.0011973107466474,0.422826737165451,24.859375,0.0005415718769654,0.4131329655647278,23.140625,25.71533203125,0.4527313113212585,1018.106050491333,20.109600067138672
2024-04-10 13:38:44,0.0011973107466474,0.422826737165451,24.859375,0.0005415718769654,0.4131329655647278,23.140625,25.71533203125,0.4527313113212585,1018.106050491333,20.109600067138672
2024-04-10 13:38:45,0.0011973107466474,0.422826737165451,24.859375,0.0005415718769654,0.4131329655647278,23.140625,25.71533203125,0.4527313113212585,1018.106050491333,20.109600067138672
2024-04-10 13:38:46,0.0011973107466474,0.422826737165451,24.859375,0.0005415718769654,0.4131329655647278,23.140625,25.71533203125,0.4527313113212585,1018.106050491333,20.109600067138672
2024-04-10 13:38:47,0.0011973107466474,0.422826737165451,24.859375,0.0005415718769654,0.4131329655647278,23.140625,25.71533203125,0.4527313113212585,1018.106050491333,20.109600067138672
2024-04-10 13:38:48,0.0011973107466474,0.422826737165451,24.859375,0.0005415718769654,0.4131329655647278,23.140625,25.71533203125,0.4527313113212585,1018.1211566925048,20.109600067138672
2024-04-10 13:38:49,0.0011973107466474,0.422826737165451,24.859375,0.0005415718769654,0.4131329655647278,23.140625,25.71533203125,0.4527313113212585,1018.1211566925048,20.14004135131836
2024-04-10 13:38:50,0.0011973107466474,0.422826737165451,24.859375,0.0005415718769654,0.4131329655647278,23.140625,25.71533203125,0.4527313113212585,1018.1211566925048,20.14004135131836
2024-04-10 13:38:51,0.0011973107466474,0.422826737165451,24.859375,0.0005415718769654,0.4131329655647278,23.140625,25.71533203125,0.4527313113212585,1018.1211566925048,20.14004135131836
2024-04-10 13:38:52,0.0011973107466474,0.422826737165451,24.859375,0.0005415718769654,0.4131329655647278,23.140625,25.71533203125,0.4527313113212585,1018.1211566925048,20.14004135131836
2024-04-10 13:38:53,0.0011973107466474,0.422826737165451,24.859375,0.0005415718769654,0.4131329655647278,23.140625,25.71533203125,0.4527313113212585,1018.1211566925048,20.14004135131836
2024-04-10 13:38:54,0.0011973107466474,0.422826737165451,24.859375,0.0005415718769654,0.4131329655647278,23.140625,25.71533203125,0.4527313113212585,1018.1211566925048,20.14004135131836
2024-04-10 13:38:55,0.0011973107466474,0.422826737165451,24.859375,0.0005415718769654,0.4131329655647278,23.140625,25.71533203125,0.4527313113212585,1018.1559753417968,20.14004135131836
2024-04-10 13:38:56,0.0011973107466474,0.422826737165451,24.859375,0.0005415718769654,0.4131329655647278,23.140625,25.71533203125,0.4527313113212585,1018.1559753417968,20.14004135131836
2024-04-10 13:38:57,0.0011973107466474,0.422826737165451,24.859375,0.0005415718769654,0.4131329655647278,23.140625,25.71533203125,0.4527313113212585,1018.1559753417968,20.14004135131836
2024-04-10 13:38:58,0.0011973107466474,0.422826737165451,24.859375,0.0005415718769654,0.4131329655647278,23.140625,25.71533203125,0.4527313113212585,1018.1559753417968,20.135108947753903
2024-04-10 13:38:59,0.0011973107466474,0.422826737165451,24.859375,0.0005415718769654,0.4131329655647278,23.140625,25.71533203125,0.4527313113212585,1018.1559753417968,20.135108947753903
2024-04-10 13:39:00,0.0011973107466474,0.422826737165451,24.859375,0.0005415718769654,0.4131329655647278,23.140625,25.71533203125,0.4527313113212585,1018.1559753417968,20.135108947753903
2024-04-10 13:39:01,0.0011973107466474,0.422826737165451,24.859375,0.0005415718769654,0.4131329655647278,23.140625,25.71533203125,0.4527313113212585,1018.1559753417968,20.135108947753903
2024-04-10 13:39:02,0.0011973107466474,0.422826737165451,24.859375,0.0005415718769654,0.4131329655647278,23.140625,25.71533203125,0.4527313113212585,1018.0904006958008,20.135108947753903
2024-04-10 13:39:03,0.0011973107466474,0.422826737165451,24.859375,0.0005415718769654,0.4131329655647278,23.140625,25.71533203125,0.4527313113212585,1018.0904006958008,20.135108947753903
2024-04-10 13:39:04,0.0011973107466474,0.422826737165451,24.859375,0.0005415718769654,0.4131329655647278,23.140625,25.71533203125,0.4527313113212585,1018.0904006958008,20.135108947753903
2024-04-10 13:39:05,0.0011973107466474,0.422826737165451,24.859375,0.0005415718769654,0.4131329655647278,23.140625,25.71533203125,0.4527313113212585,1018.0904006958008,20.1490421295166
2024-04-10 13:39:06,0.0011973107466474,0.422826737165451,24.859375,0.0005415718769654,0.4131329655647278,23.140625,25.71533203125,0.4527313113212585,1018.0904006958008,20.1490421295166
2024-04-10 13:39:07,0.0011973107466474,0.422826737165451,24.859375,0.0005415718769654,0.4131329655647278,23.140625,25.71533203125,0.4527313113212585,1018.0904006958008,20.1490421295166
2024-04-10 13:39:08,0.0011973107466474,0.422826737165451,24.859375,0.0005415718769654,0.4131329655647278,23.140625,25.71533203125,0.4527313113212585,1018.0904006958008,20.1490421295166
2024-04-10 13:39:09,0.0011973107466474,0.422826737165451,24.859375,0.0005415718769654,0.4131329655647278,23.140625,25.71533203125,0.4527313113212585,1018.0904006958008,20.1490421295166
2024-04-10 13:39:10,0.0011973107466474,0.422826737165451,24.859375,0.0005415718769654,0.4131329655647278,23.140625,25.71533203125,0.4527313113212585,1018.0904006958008,20.1490421295166
2024-04-10 13:39:11,0.0011973107466474,0.422826737165451,24.859375,0.0005415718769654,0.4131329655647278,23.140625,25.71533203125,0.4527313113212585,1018.0904006958008,20.1490421295166
2024-04-10 13:39:12,0.0011973107466474,0.422826737165451,24.859375,0.0005415718769654,0.4131329655647278,23.140625,25.71533203125,0.4527313113212585,1018.1293678283693,20.1490421295166
2024-04-10 13:39:13,0.0011973107466474,0.422826737165451,24.859375,0.0005415718769654,0.4131329655647278,23.140625,25.71533203125,0.4527313113212585,1018.1293678283693,20.1490421295166
2024-04-10 13:39:14,0.0011973107466474,0.422826737165451,24.859375,0.0005415718769654,0.4131329655647278,23.140625,25.71533203125,0.4527313113212585,1018.1293678283693,20.1490421295166
2024-04-10 13:39:15,0.0011973107466474,0.422826737165451,24.859375,0.0005415718769654,0.4131329655647278,23.140625,25.71533203125,0.4527313113212585,1018.1293678283693,20.1490421295166
2024-04-10 13:39:16,0.0011973107466474,0.422826737165451,24.859375,0.0005415718769654,0.4131329655647278,23.140625,25.71533203125,0.4503594040870666,1018.1293678283693,20.154935836791992
2024-04-10 13:39:17,0.0011973107466474,0.422826737165451,24.859375,0.0005415718769654,0.4131329655647278,23.140625,25.71533203125,0.4503594040870666,1018.1293678283693,20.154935836791992
2024-04-10 13:39:18,0.0011973107466474,0.422826737165451,24.859375,0.0005415718769654,0.4131329655647278,23.140625,25.71533203125,0.4503594040870666,1018.1293678283693,20.154935836791992
2024-04-10 13:39:19,0.0011973107466474,0.422826737165451,24.859375,0.0005415718769654,0.4131329655647278,23.140625,25.71533203125,0.4503594040870666,1018.1623840332032,20.154935836791992
2024-04-10 13:39:20,0.0011973107466474,0.422826737165451,24.859375,0.0005415718769654,0.4131329655647278,23.140625,25.71533203125,0.4503594040870666,1018.1623840332032,20.154935836791992
2024-04-10 13:39:21,0.0011973107466474,0.422826737165451,24.859375,0.0005415718769654,0.4131329655647278,23.140625,25.71533203125,0.4503594040870666,1018.1623840332032,20.154935836791992
2024-04-10 13:39:22,0.0011973107466474,0.422826737165451,24.859375,0.0005415718769654,0.4131329655647278,23.140625,25.71533203125,0.4503594040870666,1018.1623840332032,20.155948638916016
2024-04-10 13:39:23,0.0011973107466474,0.422826737165451,24.859375,0.0005415718769654,0.4131329655647278,23.140625,25.71533203125,0.4503594040870666,1018.1623840332032,20.155948638916016
2024-04-10 13:39:24,0.0011973107466474,0.422826737165451,24.859375,0.0005415718769654,0.4131329655647278,23.140625,25.71533203125,0.4503594040870666,1018.1623840332032,20.155948638916016
2024-04-10 13:39:25,0.0011973107466474,0.422826737165451,24.859375,0.0005415718769654,0.4131329655647278,23.140625,25.71533203125,0.4503594040870666,1018.1623840332032,20.155948638916016
2024-04-10 13:39:26,0.0011973107466474,0.422826737165451,24.859375,0.0005415718769654,0.4131329655647278,23.140625,25.71533203125,0.4503594040870666,1018.116865158081,20.155948638916016
2024-04-10 13:39:27,0.0011973107466474,0.422826737165451,24.859375,0.0005415718769654,0.4131329655647278,23.140625,25.71533203125,0.4503594040870666,1018.116865158081,20.155948638916016
2024-04-10 13:39:28,0.0011973107466474,0.422826737165451,24.859375,0.0005415718769654,0.4131329655647278,23.140625,25.71533203125,0.4503594040870666,1018.116865158081,20.155948638916016
2024-04-10 13:39:29,0.0011973107466474,0.422826737165451,24.859375,0.0005415718769654,0.4131329655647278,23.140625,25.71533203125,0.4503594040870666,1018.116865158081,20.155948638916016
2024-04-10 13:39:30,0.0011973107466474,0.422826737165451,24.859375,0.0005415718769654,0.4131329655647278,23.140625,25.71533203125,0.4503594040870666,1018.116865158081,20.163061141967773
2024-04-10 13:39:31,0.0011973107466474,0.422826737165451,24.859375,0.0005415718769654,0.4131329655647278,23.140625,25.71533203125,0.4503594040870666,1018.116865158081,20.163061141967773
2024-04-10 13:39:32,0.0011973107466474,0.422826737165451,24.859375,0.0005415718769654,0.4131329655647278,23.140625,25.71533203125,0.4503594040870666,1018.116865158081,20.163061141967773
2024-04-10 13:39:33,0.0011973107466474,0.422826737165451,24.859375,0.0005415718769654,0.4131329655647278,23.140625,25.71533203125,0.4503594040870666,1018.116865158081,20.163061141967773
2024-04-10 13:39:34,0.0011973107466474,0.422826737165451,24.859375,0.0005415718769654,0.4131329655647278,23.140625,25.71533203125,0.4503594040870666,1018.1703090667723,20.163061141967773
2024-04-10 13:39:35,0.0011973107466474,0.422826737165451,24.859375,0.0005415718769654,0.4131329655647278,23.140625,25.71533203125,0.4503594040870666,1018.1703090667723,20.163061141967773
2024-04-10 13:39:36,0.0011973107466474,0.422826737165451,24.859375,0.0005415718769654,0.4131329655647278,23.140625,25.78973388671875,0.4503594040870666,1018.1703090667723,20.163061141967773
2024-04-10 13:39:37,0.0011973107466474,0.422826737165451,24.859375,0.0005415718769654,0.4131329655647278,23.140625,25.78973388671875,0.4503594040870666,1018.1703090667723,20.163061141967773
2024-04-10 13:39:38,0.0011973107466474,0.422826737165451,24.859375,0.0005415718769654,0.4131329655647278,23.140625,25.78973388671875,0.4503594040870666,1018.1703090667723,20.163061141967773
2024-04-10 13:39:39,0.0011973107466474,0.422826737165451,24.859375,0.0005415718769654,0.4131329655647278,23.140625,25.78973388671875,0.4503594040870666,1018.1703090667723,20.1874942779541
2024-04-10 13:39:40,0.0011973107466474,0.422826737165451,24.859375,0.0005415718769654,0.4131329655647278,23.140625,25.78973388671875,0.4503594040870666,1018.1703090667723,20.1874942779541
2024-04-10 13:39:41,0.0011973107466474,0.422826737165451,24.859375,0.0005415718769654,0.4131329655647278,23.140625,25.78973388671875,0.4503594040870666,1018.1703090667723,20.1874942779541
2024-04-10 13:39:42,0.0011973107466474,0.422826737165451,24.859375,0.0005415718769654,0.4131329655647278,23.140625,25.78973388671875,0.4503594040870666,1018.1703090667723,20.1874942779541
2024-04-10 13:39:43,0.0011973107466474,0.422826737165451,24.859375,0.0005415718769654,0.4131329655647278,23.140625,25.78973388671875,0.4503594040870666,1018.1047344207764,20.1874942779541
2024-04-10 13:39:44,0.0011973107466474,0.422826737165451,24.859375,0.0005415718769654,0.4131329655647278,23.140625,25.78973388671875,0.4503594040870666,1018.1047344207764,20.1874942779541
2024-04-10 13:39:45,0.0011973107466474,0.422826737165451,24.859375,0.0005415718769654,0.4131329655647278,23.140625,25.78973388671875,0.4503594040870666,1018.1047344207764,20.1874942779541
2024-04-10 13:39:46,0.0011973107466474,0.422826737165451,24.859375,0.0005415718769654,0.4131329655647278,23.140625,25.78973388671875,0.4503594040870666,1018.1047344207764,20.18416976928711
2024-04-10 13:39:47,0.0011973107466474,0.422826737165451,24.859375,0.0005415718769654,0.4131329655647278,23.140625,25.78973388671875,0.4503594040870666,1018.1047344207764,20.18416976928711
2024-04-10 13:39:48,0.0011973107466474,0.422826737165451,24.859375,0.0005415718769654,0.4131329655647278,23.140625,25.78973388671875,0.4503594040870666,1018.1047344207764,20.18416976928711
2024-04-10 13:39:49,0.0011973107466474,0.422826737165451,24.859375,0.0005415718769654,0.4131329655647278,23.140625,25.78973388671875,0.4503594040870666,1018.1073665618896,20.18416976928711
2024-04-10 13:39:50,0.0011973107466474,0.422826737165451,24.859375,0.0005415718769654,0.4131329655647278,23.140625,25.78973388671875,0.4503594040870666,1018.1073665618896,20.18416976928711
2024-04-10 13:39:51,0.0011973107466474,0.422826737165451,24.859375,0.0005415718769654,0.4131329655647278,23.140625,25.78973388671875,0.4503594040870666,1018.1073665618896,20.18416976928711
2024-04-10 13:39:52,0.0011973107466474,0.422826737165451,24.859375,0.0005415718769654,0.4131329655647278,23.140625,25.78973388671875,0.4503594040870666,1018.1073665618896,20.18416976928711
2024-04-10 13:39:53,0.0011973107466474,0.422826737165451,24.859375,0.0005415718769654,0.4131329655647278,23.140625,25.78973388671875,0.4503594040870666,1018.1073665618896,20.18416976928711
2024-04-10 13:39:54,0.0011973107466474,0.422826737165451,24.859375,0.0005415718769654,0.4131329655647278,23.140625,25.78973388671875,0.4503594040870666,1018.1073665618896,20.20146751403809
2024-04-10 13:39:55,0.0011973107466474,0.422826737165451,24.859375,0.0005415718769654,0.4131329655647278,23.140625,25.78973388671875,0.4503594040870666,1018.1073665618896,20.20146751403809
2024-04-10 13:39:56,0.0011973107466474,0.422826737165451,24.859375,0.0005415718769654,0.4131329655647278,23.140625,25.78973388671875,0.4503594040870666,1018.1073665618896,20.20146751403809
2024-04-10 13:39:57,0.0011973107466474,0.422826737165451,24.859375,0.0005415718769654,0.4131329655647278,23.140625,25.78973388671875,0.4503594040870666,1018.1073665618896,20.20146751403809
2024-04-10 13:39:58,0.0011973107466474,0.422826737165451,24.859375,0.0005415718769654,0.4131329655647278,23.140625,25.78973388671875,0.4503594040870666,1018.1073665618896,20.20146751403809
2024-04-10 13:39:59,0.0011973107466474,0.422826737165451,24.859375,0.0005415718769654,0.4131329655647278,23.140625,25.78973388671875,0.4503594040870666,1018.1111431121826,20.20146751403809
2024-04-10 13:40:00,0.0011973107466474,0.422826737165451,24.859375,0.0005415718769654,0.4131329655647278,23.140625,25.78973388671875,0.4503594040870666,1018.1111431121826,20.20146751403809
2024-04-10 13:40:01,0.0011973107466474,0.422826737165451,24.859375,0.0005415718769654,0.4131329655647278,23.140625,25.78973388671875,0.4503594040870666,1018.1111431121826,20.20146751403809
2024-04-10 13:40:02,0.0011973107466474,0.422826737165451,24.859375,0.0005415718769654,0.4131329655647278,23.140625,25.78973388671875,0.4503594040870666,1018.1111431121826,20.20146751403809
2024-04-10 13:40:03,0.0011973107466474,0.422826737165451,24.859375,0.0005415718769654,0.4131329655647278,23.140625,25.78973388671875,0.4503594040870666,1018.1111431121826,20.21776962280273
2024-04-10 13:40:04,0.0011973107466474,0.422826737165451,24.859375,0.0005415718769654,0.4131329655647278,23.140625,25.78973388671875,0.4503594040870666,1018.1111431121826,20.21776962280273
2024-04-10 13:40:05,0.0011973107466474,0.422826737165451,24.859375,0.0005415718769654,0.4131329655647278,23.140625,25.78973388671875,0.4503594040870666,1018.1111431121826,20.21776962280273
2024-04-10 13:40:06,0.0011973107466474,0.422826737165451,24.859375,0.0005415718769654,0.4131329655647278,23.140625,25.78973388671875,0.4503594040870666,1018.1111431121826,20.21776962280273
2024-04-10 13:40:07,0.0011973107466474,0.422826737165451,24.859375,0.0005415718769654,0.4131329655647278,23.140625,25.78973388671875,0.4503594040870666,1018.1167221069336,20.21776962280273
2024-04-10 13:40:08,0.0011973107466474,0.422826737165451,24.859375,0.0005415718769654,0.4131329655647278,23.140625,25.78973388671875,0.4503594040870666,1018.1167221069336,20.21776962280273
2024-04-10 13:40:09,0.0011973107466474,0.422826737165451,24.859375,0.0005415718769654,0.4131329655647278,23.140625,25.78973388671875,0.4503594040870666,1018.1167221069336,20.21478843688965
2024-04-10 13:40:10,0.0011973107466474,0.422826737165451,24.859375,0.0005415718769654,0.4131329655647278,23.140625,25.78973388671875,0.4503594040870666,1018.1167221069336,20.21478843688965
2024-04-10 13:40:11,0.0011973107466474,0.422826737165451,24.859375,0.0005415718769654,0.4131329655647278,23.140625,25.78973388671875,0.4503594040870666,1018.1167221069336,20.21478843688965
2024-04-10 13:40:12,0.0011973107466474,0.422826737165451,24.859375,0.0005415718769654,0.4131329655647278,23.140625,25.78973388671875,0.4503594040870666,1018.1167221069336,20.21478843688965
2024-04-10 13:40:13,0.0011973107466474,0.422826737165451,24.859375,0.0005415718769654,0.4131329655647278,23.140625,25.78973388671875,0.4503594040870666,1018.1224727630616,20.21478843688965
2024-04-10 13:40:14,0.0011973107466474,0.422826737165451,24.859375,0.0005415718769654,0.4131329655647278,23.140625,25.78973388671875,0.4503594040870666,1018.1224727630616,20.21478843688965
2024-04-10 13:40:15,0.0011973107466474,0.422826737165451,24.859375,0.0005415718769654,0.4131329655647278,23.140625,25.78973388671875,0.4490649700164795,1018.1224727630616,20.21478843688965
2024-04-10 13:40:16,0.0011973107466474,0.422826737165451,24.859375,0.0005415718769654,0.4131329655647278,23.140625,25.78973388671875,0.4490649700164795,1018.1224727630616,20.21478843688965
2024-04-10 13:40:17,0.0011973107466474,0.422826737165451,24.859375,0.0005415718769654,0.4131329655647278,23.140625,25.78973388671875,0.4490649700164795,1018.1224727630616,20.21478843688965
2024-04-10 13:40:18,0.0011973107466474,0.422826737165451,24.859375,0.0005415718769654,0.4131329655647278,23.140625,25.78973388671875,0.4490649700164795,1018.1224727630616,20.21478843688965
2024-04-10 13:40:19,0.0011973107466474,0.422826737165451,24.859375,0.0005415718769654,0.4131329655647278,23.140625,25.78973388671875,0.4490649700164795,1018.1224727630616,20.21478843688965
2024-04-10 13:40:20,0.0011973107466474,0.422826737165451,24.859375,0.0005415718769654,0.4131329655647278,23.140625,25.78973388671875,0.4490649700164795,1018.1224727630616,20.23321914672852
2024-04-10 13:40:21,0.0011973107466474,0.422826737165451,24.859375,0.0005415718769654,0.4131329655647278,23.140625,25.78973388671875,0.4490649700164795,1018.1224727630616,20.23321914672852
2024-04-10 13:40:22,0.0011973107466474,0.422826737165451,24.859375,0.0005415718769654,0.4131329655647278,23.140625,25.78973388671875,0.4490649700164795,1018.1224727630616,20.23321914672852
2024-04-10 13:40:23,0.0011973107466474,0.422826737165451,24.859375,0.0005415718769654,0.4131329655647278,23.140625,25.78973388671875,0.4490649700164795,1018.112859725952,20.23321914672852
2024-04-10 13:40:24,0.0011973107466474,0.422826737165451,24.859375,0.0005415718769654,0.4131329655647278,23.140625,25.78973388671875,0.4490649700164795,1018.112859725952,20.23321914672852
2024-04-10 13:40:25,0.0011973107466474,0.422826737165451,24.859375,0.0005415718769654,0.4131329655647278,23.140625,25.78973388671875,0.4490649700164795,1018.112859725952,20.23321914672852
2024-04-10 13:40:26,0.0011973107466474,0.422826737165451,24.859375,0.0005415718769654,0.4131329655647278,23.140625,25.78973388671875,0.4490649700164795,1018.112859725952,20.23321914672852
2024-04-10 13:40:27,0.0011973107466474,0.422826737165451,24.859375,0.0005415718769654,0.4131329655647278,23.140625,25.78973388671875,0.4490649700164795,1018.112859725952,20.233814239501957
2024-04-10 13:40:28,0.0011973107466474,0.422826737165451,24.859375,0.0005415718769654,0.4131329655647278,23.140625,25.78973388671875,0.4490649700164795,1018.112859725952,20.233814239501957
2024-04-10 13:40:29,0.0011973107466474,0.422826737165451,24.859375,0.0005415718769654,0.4131329655647278,23.140625,25.78973388671875,0.4490649700164795,1018.112859725952,20.233814239501957
2024-04-10 13:40:30,0.0011973107466474,0.422826737165451,24.859375,0.0005415718769654,0.4131329655647278,23.140625,25.78973388671875,0.4490649700164795,1018.1130313873292,20.233814239501957
2024-04-10 13:40:31,0.0011973107466474,0.422826737165451,24.859375,0.0005415718769654,0.4131329655647278,23.140625,25.78973388671875,0.4490649700164795,1018.1130313873292,20.233814239501957
2024-04-10 13:40:32,0.0011973107466474,0.422826737165451,24.859375,0.0005415718769654,0.4131329655647278,23.140625,25.78973388671875,0.4490649700164795,1018.1130313873292,20.233814239501957
2024-04-10 13:40:33,0.0011973107466474,0.422826737165451,24.859375,0.0005415718769654,0.4131329655647278,23.140625,25.78973388671875,0.4490649700164795,1018.1130313873292,20.233814239501957
2024-04-10 13:40:34,0.0011973107466474,0.422826737165451,24.859375,0.0005415718769654,0.4131329655647278,23.140625,25.78973388671875,0.4490649700164795,1018.1130313873292,20.22496223449707
2024-04-10 13:40:35,0.0011973107466474,0.422826737165451,24.859375,0.0005415718769654,0.4131329655647278,23.140625,25.78973388671875,0.4490649700164795,1018.1130313873292,20.22496223449707
2024-04-10 13:40:36,0.0011973107466474,0.422826737165451,24.859375,0.0005415718769654,0.4131329655647278,23.140625,25.78973388671875,0.4490649700164795,1018.1130313873292,20.22496223449707
2024-04-10 13:40:37,0.0011973107466474,0.422826737165451,24.859375,0.0005415718769654,0.4131329655647278,23.140625,25.60015869140625,0.4490649700164795,1018.1387233734132,20.22496223449707
2024-04-10 13:40:38,0.0011973107466474,0.422826737165451,24.859375,0.0005415718769654,0.4131329655647278,23.140625,25.60015869140625,0.4490649700164795,1018.1387233734132,20.22496223449707
2024-04-10 13:40:39,0.0011973107466474,0.422826737165451,24.859375,0.0005415718769654,0.4131329655647278,23.140625,25.60015869140625,0.4490649700164795,1018.1387233734132,20.22496223449707
2024-04-10 13:40:40,0.0011973107466474,0.422826737165451,24.859375,0.0005415718769654,0.4131329655647278,23.140625,25.60015869140625,0.4490649700164795,1018.1387233734132,20.22496223449707
2024-04-10 13:40:41,0.0011973107466474,0.422826737165451,24.859375,0.0005415718769654,0.4131329655647278,23.140625,25.60015869140625,0.4490649700164795,1018.1387233734132,20.22496223449707
2024-04-10 13:40:42,0.0011973107466474,0.422826737165451,24.859375,0.0005415718769654,0.4131329655647278,23.140625,25.60015869140625,0.4490649700164795,1018.1387233734132,20.245859146118164
2024-04-10 13:40:43,0.0011973107466474,0.422826737165451,24.859375,0.0005415718769654,0.4131329655647278,23.140625,25.60015869140625,0.4490649700164795,1018.1387233734132,20.245859146118164
2024-04-10 13:40:44,0.0011973107466474,0.422826737165451,24.859375,0.0005415718769654,0.4131329655647278,23.140625,25.60015869140625,0.4490649700164795,1018.1387233734132,20.245859146118164
2024-04-10 13:40:45,0.0011973107466474,0.422826737165451,24.859375,0.0005415718769654,0.4131329655647278,23.140625,25.60015869140625,0.4490649700164795,1018.1387233734132,20.245859146118164
2024-04-10 13:40:46,0.0011973107466474,0.422826737165451,24.859375,0.0005415718769654,0.4131329655647278,23.140625,25.60015869140625,0.4490649700164795,1018.092803955078,20.245859146118164
2024-04-10 13:40:47,0.0011973107466474,0.422826737165451,24.859375,0.0005415718769654,0.4131329655647278,23.140625,25.60015869140625,0.4490649700164795,1018.092803955078,20.245859146118164
2024-04-10 13:40:48,0.0011973107466474,0.422826737165451,24.859375,0.0005415718769654,0.4131329655647278,23.140625,25.60015869140625,0.4490649700164795,1018.092803955078,20.245859146118164
2024-04-10 13:40:49,0.0011973107466474,0.422826737165451,24.859375,0.0005415718769654,0.4131329655647278,23.140625,25.60015869140625,0.4490649700164795,1018.092803955078,20.245859146118164
2024-04-10 13:40:50,0.0011973107466474,0.422826737165451,24.859375,0.0005415718769654,0.4131329655647278,23.140625,25.60015869140625,0.4490649700164795,1018.092803955078,20.243764877319336
2024-04-10 13:40:51,0.0011973107466474,0.422826737165451,24.859375,0.0005415718769654,0.4131329655647278,23.140625,25.60015869140625,0.4490649700164795,1018.092803955078,20.243764877319336
2024-04-10 13:40:52,0.0011973107466474,0.422826737165451,24.859375,0.0005415718769654,0.4131329655647278,23.140625,25.60015869140625,0.4490649700164795,1018.092803955078,20.243764877319336
2024-04-10 13:40:53,0.0011973107466474,0.422826737165451,24.859375,0.0005415718769654,0.4131329655647278,23.140625,25.60015869140625,0.4490649700164795,1018.092803955078,20.243764877319336
2024-04-10 13:40:54,0.0011973107466474,0.422826737165451,24.859375,0.0005415718769654,0.4131329655647278,23.140625,25.60015869140625,0.4490649700164795,1018.0904006958008,20.243764877319336
2024-04-10 13:40:55,0.0011973107466474,0.422826737165451,24.859375,0.0005415718769654,0.4131329655647278,23.140625,25.60015869140625,0.4490649700164795,1018.0904006958008,20.243764877319336
2024-04-10 13:40:56,0.0011973107466474,0.422826737165451,24.859375,0.0005415718769654,0.4131329655647278,23.140625,25.60015869140625,0.4490649700164795,1018.0904006958008,20.243764877319336
2024-04-10 13:40:57,0.0011973107466474,0.422826737165451,24.859375,0.0005415718769654,0.4131329655647278,23.140625,25.60015869140625,0.4490649700164795,1018.0904006958008,20.243764877319336
2024-04-10 13:40:58,0.0011973107466474,0.422826737165451,24.859375,0.0005415718769654,0.4131329655647278,23.140625,25.60015869140625,0.4490649700164795,1018.0904006958008,20.24540138244629
2024-04-10 13:40:59,0.0011973107466474,0.422826737165451,24.859375,0.0005415718769654,0.4131329655647278,23.140625,25.60015869140625,0.4490649700164795,1018.0904006958008,20.24540138244629
2024-04-10 13:41:00,0.0011973107466474,0.422826737165451,24.859375,0.0005415718769654,0.4131329655647278,23.140625,25.60015869140625,0.4490649700164795,1018.0904006958008,20.24540138244629
2024-04-10 13:41:01,0.0011973107466474,0.422826737165451,24.859375,0.0005415718769654,0.4131329655647278,23.140625,25.60015869140625,0.4490649700164795,1018.0904006958008,20.24540138244629
2024-04-10 13:41:02,0.0011973107466474,0.422826737165451,24.859375,0.0005415718769654,0.4131329655647278,23.140625,25.60015869140625,0.4490649700164795,1018.0904006958008,20.24540138244629
2024-04-10 13:41:03,0.0011973107466474,0.422826737165451,24.859375,0.0005415718769654,0.4131329655647278,23.140625,25.60015869140625,0.4490649700164795,1018.0904006958008,20.24540138244629
2024-04-10 13:41:04,0.0011973107466474,0.422826737165451,24.859375,0.0005415718769654,0.4131329655647278,23.140625,25.60015869140625,0.4490649700164795,1018.1071376800536,20.24540138244629
2024-04-10 13:41:05,0.0011973107466474,0.422826737165451,24.859375,0.0005415718769654,0.4131329655647278,23.140625,25.60015869140625,0.4490649700164795,1018.1071376800536,20.24540138244629
2024-04-10 13:41:06,0.0011973107466474,0.422826737165451,24.859375,0.0005415718769654,0.4131329655647278,23.140625,25.60015869140625,0.4490649700164795,1018.1071376800536,20.23688697814941
2024-04-10 13:41:07,0.0011973107466474,0.422826737165451,24.859375,0.0005415718769654,0.4131329655647278,23.140625,25.60015869140625,0.4490649700164795,1018.1071376800536,20.23688697814941
2024-04-10 13:41:08,0.0011973107466474,0.422826737165451,24.859375,0.0005415718769654,0.4131329655647278,23.140625,25.60015869140625,0.4490649700164795,1018.1071376800536,20.23688697814941
2024-04-10 13:41:09,0.0011973107466474,0.422826737165451,24.859375,0.0005415718769654,0.4131329655647278,23.140625,25.60015869140625,0.4490649700164795,1018.1071376800536,20.23688697814941
2024-04-10 13:41:10,0.0011973107466474,0.422826737165451,24.859375,0.0005415718769654,0.4131329655647278,23.140625,25.60015869140625,0.4490649700164795,1018.1071376800536,20.23688697814941
2024-04-10 13:41:11,0.0011973107466474,0.422826737165451,24.859375,0.0005415718769654,0.4131329655647278,23.140625,25.60015869140625,0.4490649700164795,1018.100414276123,20.23688697814941
2024-04-10 13:41:12,0.0011973107466474,0.422826737165451,24.859375,0.0005415718769654,0.4131329655647278,23.140625,25.60015869140625,0.4490649700164795,1018.100414276123,20.23688697814941
2024-04-10 13:41:13,0.0011973107466474,0.422826737165451,24.859375,0.0005415718769654,0.4131329655647278,23.140625,25.60015869140625,0.4490649700164795,1018.100414276123,20.23688697814941
2024-04-10 13:41:14,0.0011973107466474,0.422826737165451,24.859375,0.0005415718769654,0.4131329655647278,23.140625,25.60015869140625,0.4490649700164795,1018.100414276123,20.23688697814941
2024-04-10 13:41:15,0.0011973107466474,0.422826737165451,24.859375,0.0005415718769654,0.4131329655647278,23.140625,25.60015869140625,0.4490649700164795,1018.100414276123,20.235519409179688
2024-04-10 13:41:16,0.0011973107466474,0.422826737165451,24.859375,0.0005415718769654,0.4131329655647278,23.140625,25.60015869140625,0.4505728483200073,1018.100414276123,20.235519409179688
2024-04-10 13:41:17,0.0011973107466474,0.422826737165451,24.859375,0.0005415718769654,0.4131329655647278,23.140625,25.60015869140625,0.4505728483200073,1018.100414276123,20.235519409179688
2024-04-10 13:41:18,0.0011973107466474,0.422826737165451,24.859375,0.0005415718769654,0.4131329655647278,23.140625,25.60015869140625,0.4505728483200073,1018.1155204772948,20.235519409179688
2024-04-10 13:41:19,0.0011973107466474,0.422826737165451,24.859375,0.0005415718769654,0.4131329655647278,23.140625,25.60015869140625,0.4505728483200073,1018.1155204772948,20.235519409179688
2024-04-10 13:41:20,0.0011973107466474,0.422826737165451,24.859375,0.0005415718769654,0.4131329655647278,23.140625,25.60015869140625,0.4505728483200073,1018.1155204772948,20.235519409179688
2024-04-10 13:41:21,0.0011973107466474,0.422826737165451,24.859375,0.0005415718769654,0.4131329655647278,23.140625,25.60015869140625,0.4505728483200073,1018.1155204772948,20.235519409179688
2024-04-10 13:41:22,0.0011973107466474,0.422826737165451,24.859375,0.0005415718769654,0.4131329655647278,23.140625,25.60015869140625,0.4505728483200073,1018.1155204772948,20.235519409179688
2024-04-10 13:41:23,0.0011973107466474,0.422826737165451,24.859375,0.0005415718769654,0.4131329655647278,23.140625,25.60015869140625,0.4505728483200073,1018.1155204772948,20.23673820495605
2024-04-10 13:41:24,0.0011973107466474,0.422826737165451,24.859375,0.0005415718769654,0.4131329655647278,23.140625,25.60015869140625,0.4505728483200073,1018.1155204772948,20.23673820495605
2024-04-10 13:41:25,0.0011973107466474,0.422826737165451,24.859375,0.0005415718769654,0.4131329655647278,23.140625,25.60015869140625,0.4505728483200073,1018.1155204772948,20.23673820495605
2024-04-10 13:41:26,0.0011973107466474,0.422826737165451,24.859375,0.0005415718769654,0.4131329655647278,23.140625,25.60015869140625,0.4505728483200073,1018.1155204772948,20.23673820495605
2024-04-10 13:41:27,0.0011973107466474,0.422826737165451,24.859375,0.0005415718769654,0.4131329655647278,23.140625,25.60015869140625,0.4505728483200073,1018.1314849853516,20.23673820495605
2024-04-10 13:41:28,0.0011973107466474,0.422826737165451,24.859375,0.0005415718769654,0.4131329655647278,23.140625,25.60015869140625,0.4505728483200073,1018.1314849853516,20.23673820495605
2024-04-10 13:41:29,0.0011973107466474,0.422826737165451,24.859375,0.0005415718769654,0.4131329655647278,23.140625,25.60015869140625,0.4505728483200073,1018.1314849853516,20.23673820495605
2024-04-10 13:41:30,0.0011973107466474,0.422826737165451,24.859375,0.0005415718769654,0.4131329655647278,23.140625,25.60015869140625,0.4505728483200073,1018.1314849853516,20.23673820495605
2024-04-10 13:41:31,0.0011973107466474,0.422826737165451,24.859375,0.0005415718769654,0.4131329655647278,23.140625,25.60015869140625,0.4505728483200073,1018.1314849853516,20.22270774841309
2024-04-10 13:41:32,0.0011973107466474,0.422826737165451,24.859375,0.0005415718769654,0.4131329655647278,23.140625,25.60015869140625,0.4505728483200073,1018.1314849853516,20.22270774841309
2024-04-10 13:41:33,0.0011973107466474,0.422826737165451,24.859375,0.0005415718769654,0.4131329655647278,23.140625,25.60015869140625,0.4505728483200073,1018.1314849853516,20.22270774841309
2024-04-10 13:41:34,0.0011973107466474,0.422826737165451,24.859375,0.0005415718769654,0.4131329655647278,23.140625,25.60015869140625,0.4505728483200073,1018.1314849853516,20.22270774841309
2024-04-10 13:41:35,0.0011973107466474,0.422826737165451,24.859375,0.0005415718769654,0.4131329655647278,23.140625,25.60015869140625,0.4505728483200073,1018.1250476837158,20.22270774841309
2024-04-10 13:41:36,0.0011973107466474,0.422826737165451,24.859375,0.0005415718769654,0.4131329655647278,23.140625,25.62982177734375,0.4505728483200073,1018.1250476837158,20.22270774841309
2024-04-10 13:41:37,0.0011973107466474,0.422826737165451,24.859375,0.0005415718769654,0.4131329655647278,23.140625,25.62982177734375,0.4505728483200073,1018.1250476837158,20.22270774841309
2024-04-10 13:41:38,0.0011973107466474,0.422826737165451,24.859375,0.0005415718769654,0.4131329655647278,23.140625,25.62982177734375,0.4505728483200073,1018.1250476837158,20.22270774841309
2024-04-10 13:41:39,0.0011973107466474,0.422826737165451,24.859375,0.0005415718769654,0.4131329655647278,23.140625,25.62982177734375,0.4505728483200073,1018.1250476837158,20.22352600097656
2024-04-10 13:41:40,0.0011973107466474,0.422826737165451,24.859375,0.0005415718769654,0.4131329655647278,23.140625,25.62982177734375,0.4505728483200073,1018.1250476837158,20.22352600097656
2024-04-10 13:41:41,0.0011973107466474,0.422826737165451,24.859375,0.0005415718769654,0.4131329655647278,23.140625,25.62982177734375,0.4505728483200073,1018.1250476837158,20.22352600097656
2024-04-10 13:41:42,0.0011973107466474,0.422826737165451,24.859375,0.0005415718769654,0.4131329655647278,23.140625,25.62982177734375,0.4505728483200073,1018.1178379058838,20.22352600097656
2024-04-10 13:41:43,0.0011973107466474,0.422826737165451,24.859375,0.0005415718769654,0.4131329655647278,23.140625,25.62982177734375,0.4505728483200073,1018.1178379058838,20.22352600097656
2024-04-10 13:41:44,0.0011973107466474,0.422826737165451,24.859375,0.0005415718769654,0.4131329655647278,23.140625,25.62982177734375,0.4505728483200073,1018.1178379058838,20.22352600097656
2024-04-10 13:41:45,0.0011973107466474,0.422826737165451,24.859375,0.0005415718769654,0.4131329655647278,23.140625,25.62982177734375,0.4505728483200073,1018.1178379058838,20.22352600097656
2024-04-10 13:41:46,0.0011973107466474,0.422826737165451,24.859375,0.0005415718769654,0.4131329655647278,23.140625,25.62982177734375,0.4505728483200073,1018.1178379058838,20.22352600097656
2024-04-10 13:41:47,0.0011973107466474,0.422826737165451,24.859375,0.0005415718769654,0.4131329655647278,23.140625,25.62982177734375,0.4505728483200073,1018.1178379058838,20.21108627319336
2024-04-10 13:41:48,0.0011973107466474,0.422826737165451,24.859375,0.0005415718769654,0.4131329655647278,23.140625,25.62982177734375,0.4505728483200073,1018.1178379058838,20.21108627319336
2024-04-10 13:41:49,0.0011973107466474,0.422826737165451,24.859375,0.0005415718769654,0.4131329655647278,23.140625,25.62982177734375,0.4505728483200073,1018.0763816833496,20.21108627319336
2024-04-10 13:41:50,0.0011973107466474,0.422826737165451,24.859375,0.0005415718769654,0.4131329655647278,23.140625,25.62982177734375,0.4505728483200073,1018.0763816833496,20.21108627319336
2024-04-10 13:41:51,0.0011973107466474,0.422826737165451,24.859375,0.0005415718769654,0.4131329655647278,23.140625,25.62982177734375,0.4505728483200073,1018.0763816833496,20.21108627319336
2024-04-10 13:41:52,0.0011973107466474,0.422826737165451,24.859375,0.0005415718769654,0.4131329655647278,23.140625,25.62982177734375,0.4505728483200073,1018.0763816833496,20.21108627319336
2024-04-10 13:41:53,0.0011973107466474,0.422826737165451,24.859375,0.0005415718769654,0.4131329655647278,23.140625,25.62982177734375,0.4505728483200073,1018.0763816833496,20.21108627319336
2024-04-10 13:41:54,0.0011973107466474,0.422826737165451,24.859375,0.0005415718769654,0.4131329655647278,23.140625,25.62982177734375,0.4505728483200073,1018.0763816833496,20.213838577270508
2024-04-10 13:41:55,0.0011973107466474,0.422826737165451,24.859375,0.0005415718769654,0.4131329655647278,23.140625,25.62982177734375,0.4505728483200073,1018.0763816833496,20.213838577270508
2024-04-10 13:41:56,0.0011973107466474,0.422826737165451,24.859375,0.0005415718769654,0.4131329655647278,23.140625,25.62982177734375,0.4505728483200073,1018.0763816833496,20.213838577270508
2024-04-10 13:41:57,0.0011973107466474,0.422826737165451,24.859375,0.0005415718769654,0.4131329655647278,23.140625,25.62982177734375,0.4505728483200073,1018.085823059082,20.213838577270508
2024-04-10 13:41:58,0.0011973107466474,0.422826737165451,24.859375,0.0005415718769654,0.4131329655647278,23.140625,25.62982177734375,0.4505728483200073,1018.085823059082,20.213838577270508
2024-04-10 13:41:59,0.0011973107466474,0.422826737165451,24.859375,0.0005415718769654,0.4131329655647278,23.140625,25.62982177734375,0.4505728483200073,1018.085823059082,20.213838577270508
2024-04-10 13:42:00,0.0011973107466474,0.422826737165451,24.859375,0.0005415718769654,0.4131329655647278,23.140625,25.62982177734375,0.4505728483200073,1018.085823059082,20.213838577270508
2024-04-10 13:42:01,0.0011973107466474,0.422826737165451,24.859375,0.0005415718769654,0.4131329655647278,23.140625,25.62982177734375,0.4505728483200073,1018.085823059082,20.213838577270508
2024-04-10 13:42:02,0.0011973107466474,0.422826737165451,24.859375,0.0005415718769654,0.4131329655647278,23.140625,25.62982177734375,0.4505728483200073,1018.085823059082,20.20050048828125
2024-04-10 13:42:03,0.0011973107466474,0.422826737165451,24.859375,0.0005415718769654,0.4131329655647278,23.140625,25.62982177734375,0.4505728483200073,1018.085823059082,20.20050048828125
2024-04-10 13:42:04,0.0011973107466474,0.422826737165451,24.859375,0.0005415718769654,0.4131329655647278,23.140625,25.62982177734375,0.4505728483200073,1018.085823059082,20.20050048828125
2024-04-10 13:42:05,0.0011973107466474,0.422826737165451,24.859375,0.0005415718769654,0.4131329655647278,23.140625,25.62982177734375,0.4505728483200073,1018.085823059082,20.20050048828125
2024-04-10 13:42:06,0.0011973107466474,0.422826737165451,24.859375,0.0005415718769654,0.4131329655647278,23.140625,25.62982177734375,0.4505728483200073,1018.1284809112548,20.20050048828125
2024-04-10 13:42:07,0.0011973107466474,0.422826737165451,24.859375,0.0005415718769654,0.4131329655647278,23.140625,25.62982177734375,0.4505728483200073,1018.1284809112548,20.20050048828125
2024-04-10 13:42:08,0.0011973107466474,0.422826737165451,24.859375,0.0005415718769654,0.4131329655647278,23.140625,25.62982177734375,0.4505728483200073,1018.1284809112548,20.20050048828125
2024-04-10 13:42:09,0.0011973107466474,0.422826737165451,24.859375,0.0005415718769654,0.4131329655647278,23.140625,25.62982177734375,0.4505728483200073,1018.1284809112548,20.20050048828125
2024-04-10 13:42:10,0.0011973107466474,0.422826737165451,24.859375,0.0005415718769654,0.4131329655647278,23.140625,25.62982177734375,0.4505728483200073,1018.1284809112548,20.21307182312012
2024-04-10 13:42:11,0.0011973107466474,0.422826737165451,24.859375,0.0005415718769654,0.4131329655647278,23.140625,25.62982177734375,0.4505728483200073,1018.1284809112548,20.21307182312012
2024-04-10 13:42:12,0.0011973107466474,0.422826737165451,24.859375,0.0005415718769654,0.4131329655647278,23.140625,25.62982177734375,0.4505728483200073,1018.1284809112548,20.21307182312012
2024-04-10 13:42:13,0.0011973107466474,0.422826737165451,24.859375,0.0005415718769654,0.4131329655647278,23.140625,25.62982177734375,0.4505728483200073,1018.1284809112548,20.21307182312012
2024-04-10 13:42:14,0.0011973107466474,0.422826737165451,24.859375,0.0005415718769654,0.4131329655647278,23.140625,25.62982177734375,0.4505728483200073,1018.1284809112548,20.21307182312012
2024-04-10 13:42:15,0.0011973107466474,0.422826737165451,24.859375,0.0005415718769654,0.4131329655647278,23.140625,25.62982177734375,0.4505728483200073,1018.1284809112548,20.21307182312012
2024-04-10 13:42:16,0.0011973107466474,0.422826737165451,24.859375,0.0005415718769654,0.4131329655647278,23.140625,25.62982177734375,0.4518049359321594,1018.0774116516112,20.21307182312012
2024-04-10 13:42:17,0.0011973107466474,0.422826737165451,24.859375,0.0005415718769654,0.4131329655647278,23.140625,25.62982177734375,0.4518049359321594,1018.0774116516112,20.207321166992188
2024-04-10 13:42:18,0.0011973107466474,0.422826737165451,24.859375,0.0005415718769654,0.4131329655647278,23.140625,25.62982177734375,0.4518049359321594,1018.0774116516112,20.207321166992188
2024-04-10 13:42:19,0.0011973107466474,0.422826737165451,24.859375,0.0005415718769654,0.4131329655647278,23.140625,25.62982177734375,0.4518049359321594,1018.0774116516112,20.207321166992188
2024-04-10 13:42:20,0.0011973107466474,0.422826737165451,24.859375,0.0005415718769654,0.4131329655647278,23.140625,25.62982177734375,0.4518049359321594,1018.0774116516112,20.207321166992188
2024-04-10 13:42:21,0.0011973107466474,0.422826737165451,24.859375,0.0005415718769654,0.4131329655647278,23.140625,25.62982177734375,0.4518049359321594,1018.0774116516112,20.207321166992188
2024-04-10 13:42:22,0.0011973107466474,0.422826737165451,24.859375,0.0005415718769654,0.4131329655647278,23.140625,25.62982177734375,0.4518049359321594,1018.0774116516112,20.207321166992188
2024-04-10 13:42:23,0.0011973107466474,0.422826737165451,24.859375,0.0005415718769654,0.4131329655647278,23.140625,25.62982177734375,0.4518049359321594,1018.0740356445312,20.207321166992188
2024-04-10 13:42:24,0.0011973107466474,0.422826737165451,24.859375,0.0005415718769654,0.4131329655647278,23.140625,25.62982177734375,0.4518049359321594,1018.0740356445312,20.207321166992188
2024-04-10 13:42:25,0.0011973107466474,0.422826737165451,24.859375,0.0005415718769654,0.4131329655647278,23.140625,25.62982177734375,0.4518049359321594,1018.0740356445312,20.207321166992188
2024-04-10 13:42:26,0.0011973107466474,0.422826737165451,24.859375,0.0005415718769654,0.4131329655647278,23.140625,25.62982177734375,0.4518049359321594,1018.0740356445312,20.205570220947266
2024-04-10 13:42:27,0.0011973107466474,0.422826737165451,24.859375,0.0005415718769654,0.4131329655647278,23.140625,25.62982177734375,0.4518049359321594,1018.0740356445312,20.205570220947266
2024-04-10 13:42:28,0.0011973107466474,0.422826737165451,24.859375,0.0005415718769654,0.4131329655647278,23.140625,25.62982177734375,0.4518049359321594,1018.0740356445312,20.205570220947266
2024-04-10 13:42:29,0.0011973107466474,0.422826737165451,24.859375,0.0005415718769654,0.4131329655647278,23.140625,25.62982177734375,0.4518049359321594,1018.0740356445312,20.205570220947266
2024-04-10 13:42:30,0.0011973107466474,0.422826737165451,24.859375,0.0005415718769654,0.4131329655647278,23.140625,25.62982177734375,0.4518049359321594,1018.0740356445312,20.205570220947266
2024-04-10 13:42:31,0.0011973107466474,0.422826737165451,24.859375,0.0005415718769654,0.4131329655647278,23.140625,25.62982177734375,0.4518049359321594,1018.0740356445312,20.205570220947266
2024-04-10 13:42:32,0.0011973107466474,0.422826737165451,24.859375,0.0005415718769654,0.4131329655647278,23.140625,25.62982177734375,0.4518049359321594,1018.0740356445312,20.205570220947266
2024-04-10 13:42:33,0.0011973107466474,0.422826737165451,24.859375,0.0005415718769654,0.4131329655647278,23.140625,25.62982177734375,0.4518049359321594,1018.0833911895752,20.205570220947266
2024-04-10 13:42:34,0.0011973107466474,0.422826737165451,24.859375,0.0005415718769654,0.4131329655647278,23.140625,25.62982177734375,0.4518049359321594,1018.0833911895752,20.205570220947266
2024-04-10 13:42:35,0.0011973107466474,0.422826737165451,24.859375,0.0005415718769654,0.4131329655647278,23.140625,25.62982177734375,0.4518049359321594,1018.0833911895752,20.209415435791016
2024-04-10 13:42:36,0.0011973107466474,0.422826737165451,24.859375,0.0005415718769654,0.4131329655647278,23.140625,25.62982177734375,0.4518049359321594,1018.0833911895752,20.209415435791016
2024-04-10 13:42:37,0.0011973107466474,0.422826737165451,24.859375,0.0005415718769654,0.4131329655647278,23.140625,25.3814697265625,0.4518049359321594,1018.0833911895752,20.209415435791016
2024-04-10 13:42:38,0.0011973107466474,0.422826737165451,24.859375,0.0005415718769654,0.4131329655647278,23.140625,25.3814697265625,0.4518049359321594,1018.0756664276124,20.209415435791016
2024-04-10 13:42:39,0.0011973107466474,0.422826737165451,24.859375,0.0005415718769654,0.4131329655647278,23.140625,25.3814697265625,0.4518049359321594,1018.0756664276124,20.209415435791016
2024-04-10 13:42:40,0.0011973107466474,0.422826737165451,24.859375,0.0005415718769654,0.4131329655647278,23.140625,25.3814697265625,0.4518049359321594,1018.0756664276124,20.209415435791016
2024-04-10 13:42:41,0.0011973107466474,0.422826737165451,24.859375,0.0005415718769654,0.4131329655647278,23.140625,25.3814697265625,0.4518049359321594,1018.0756664276124,20.209415435791016
2024-04-10 13:42:42,0.0011973107466474,0.422826737165451,24.859375,0.0005415718769654,0.4131329655647278,23.140625,25.3814697265625,0.4518049359321594,1018.0756664276124,20.209415435791016
2024-04-10 13:42:43,0.0011973107466474,0.422826737165451,24.859375,0.0005415718769654,0.4131329655647278,23.140625,25.3814697265625,0.4518049359321594,1018.0756664276124,20.21944046020508
2024-04-10 13:42:44,0.0011973107466474,0.422826737165451,24.859375,0.0005415718769654,0.4131329655647278,23.140625,25.3814697265625,0.4518049359321594,1018.0756664276124,20.21944046020508
2024-04-10 13:42:45,0.0011973107466474,0.422826737165451,24.859375,0.0005415718769654,0.4131329655647278,23.140625,25.3814697265625,0.4518049359321594,1018.0756664276124,20.21944046020508
2024-04-10 13:42:46,0.0011973107466474,0.422826737165451,24.859375,0.0005415718769654,0.4131329655647278,23.140625,25.3814697265625,0.4518049359321594,1018.0756664276124,20.21944046020508
2024-04-10 13:42:47,0.0011973107466474,0.422826737165451,24.859375,0.0005415718769654,0.4131329655647278,23.140625,25.3814697265625,0.4518049359321594,1018.0907154083252,20.21944046020508
2024-04-10 13:42:48,0.0011973107466474,0.422826737165451,24.859375,0.0005415718769654,0.4131329655647278,23.140625,25.3814697265625,0.4518049359321594,1018.0907154083252,20.21944046020508
2024-04-10 13:42:49,0.0011973107466474,0.422826737165451,24.859375,0.0005415718769654,0.4131329655647278,23.140625,25.3814697265625,0.4518049359321594,1018.0907154083252,20.21944046020508
2024-04-10 13:42:50,0.0011973107466474,0.422826737165451,24.859375,0.0005415718769654,0.4131329655647278,23.140625,25.3814697265625,0.4518049359321594,1018.0907154083252,20.21944046020508
2024-04-10 13:42:51,0.0011973107466474,0.422826737165451,24.859375,0.0005415718769654,0.4131329655647278,23.140625,25.3814697265625,0.4518049359321594,1018.0907154083252,20.21653938293457
2024-04-10 13:42:52,0.0011973107466474,0.422826737165451,24.859375,0.0005415718769654,0.4131329655647278,23.140625,25.3814697265625,0.4518049359321594,1018.0907154083252,20.21653938293457
2024-04-10 13:42:53,0.0011973107466474,0.422826737165451,24.859375,0.0005415718769654,0.4131329655647278,23.140625,25.3814697265625,0.4518049359321594,1018.0907154083252,20.21653938293457
2024-04-10 13:42:54,0.0011973107466474,0.422826737165451,24.859375,0.0005415718769654,0.4131329655647278,23.140625,25.3814697265625,0.4518049359321594,1018.0954360961914,20.21653938293457
2024-04-10 13:42:55,0.0011973107466474,0.422826737165451,24.859375,0.0005415718769654,0.4131329655647278,23.140625,25.3814697265625,0.4518049359321594,1018.0954360961914,20.21653938293457
2024-04-10 13:42:56,0.0011973107466474,0.422826737165451,24.859375,0.0005415718769654,0.4131329655647278,23.140625,25.3814697265625,0.4518049359321594,1018.0954360961914,20.21653938293457
2024-04-10 13:42:57,0.0011973107466474,0.422826737165451,24.859375,0.0005415718769654,0.4131329655647278,23.140625,25.3814697265625,0.4518049359321594,1018.0954360961914,20.21653938293457
2024-04-10 13:42:58,0.0011973107466474,0.422826737165451,24.859375,0.0005415718769654,0.4131329655647278,23.140625,25.3814697265625,0.4518049359321594,1018.0954360961914,20.220796585083008
2024-04-10 13:42:59,0.0011973107466474,0.422826737165451,24.859375,0.0005415718769654,0.4131329655647278,23.140625,25.3814697265625,0.4518049359321594,1018.0954360961914,20.220796585083008
2024-04-10 13:43:00,0.0011973107466474,0.422826737165451,24.859375,0.0005415718769654,0.4131329655647278,23.140625,25.3814697265625,0.4518049359321594,1018.0954360961914,20.220796585083008
2024-04-10 13:43:01,0.0011973107466474,0.422826737165451,24.859375,0.0005415718769654,0.4131329655647278,23.140625,25.3814697265625,0.4518049359321594,1018.0954360961914,20.220796585083008
2024-04-10 13:43:02,0.0011973107466474,0.422826737165451,24.859375,0.0005415718769654,0.4131329655647278,23.140625,25.3814697265625,0.4518049359321594,1018.0954360961914,20.220796585083008
2024-04-10 13:43:03,0.0011973107466474,0.422826737165451,24.859375,0.0005415718769654,0.4131329655647278,23.140625,25.3814697265625,0.4518049359321594,1018.0954360961914,20.220796585083008
2024-04-10 13:43:04,0.0011973107466474,0.422826737165451,24.859375,0.0005415718769654,0.4131329655647278,23.140625,25.3814697265625,0.4518049359321594,1018.067741394043,20.220796585083008
2024-04-10 13:43:05,0.0011973107466474,0.422826737165451,24.859375,0.0005415718769654,0.4131329655647278,23.140625,25.3814697265625,0.4518049359321594,1018.067741394043,20.219629287719727
2024-04-10 13:43:06,0.0011973107466474,0.422826737165451,24.859375,0.0005415718769654,0.4131329655647278,23.140625,25.3814697265625,0.4518049359321594,1018.067741394043,20.219629287719727
2024-04-10 13:43:07,0.0011973107466474,0.422826737165451,24.859375,0.0005415718769654,0.4131329655647278,23.140625,25.3814697265625,0.4518049359321594,1018.067741394043,20.219629287719727
2024-04-10 13:43:08,0.0011973107466474,0.422826737165451,24.859375,0.0005415718769654,0.4131329655647278,23.140625,25.3814697265625,0.4518049359321594,1018.067741394043,20.219629287719727
2024-04-10 13:43:09,0.0011973107466474,0.422826737165451,24.859375,0.0005415718769654,0.4131329655647278,23.140625,25.3814697265625,0.4518049359321594,1018.067741394043,20.219629287719727
2024-04-10 13:43:10,0.0011973107466474,0.422826737165451,24.859375,0.0005415718769654,0.4131329655647278,23.140625,25.3814697265625,0.4518049359321594,1018.067741394043,20.219629287719727
2024-04-10 13:43:11,0.0011973107466474,0.422826737165451,24.859375,0.0005415718769654,0.4131329655647278,23.140625,25.3814697265625,0.4518049359321594,1018.0723190307616,20.219629287719727
2024-04-10 13:43:12,0.0011973107466474,0.422826737165451,24.859375,0.0005415718769654,0.4131329655647278,23.140625,25.3814697265625,0.4518049359321594,1018.0723190307616,20.219629287719727
2024-04-10 13:43:13,0.0011973107466474,0.422826737165451,24.859375,0.0005415718769654,0.4131329655647278,23.140625,25.3814697265625,0.4518049359321594,1018.0723190307616,20.219629287719727
2024-04-10 13:43:14,0.0011973107466474,0.422826737165451,24.859375,0.0005415718769654,0.4131329655647278,23.140625,25.3814697265625,0.4518049359321594,1018.0723190307616,20.23302459716797
2024-04-10 13:43:15,0.0011973107466474,0.422826737165451,24.859375,0.0005415718769654,0.4131329655647278,23.140625,25.3814697265625,0.4518049359321594,1018.0723190307616,20.23302459716797
2024-04-10 13:43:16,0.0011973107466474,0.422826737165451,24.859375,0.0005415718769654,0.4131329655647278,23.140625,25.3814697265625,0.4518049359321594,1018.0723190307616,20.23302459716797
2024-04-10 13:43:17,0.0011973107466474,0.422826737165451,24.859375,0.0005415718769654,0.4131329655647278,23.140625,25.3814697265625,0.4518049359321594,1018.0723190307616,20.23302459716797
2024-04-10 13:43:18,0.0011973107466474,0.422826737165451,24.859375,0.0005415718769654,0.4131329655647278,23.140625,25.3814697265625,0.4526841938495636,1018.1073951721193,20.23302459716797
2024-04-10 13:43:19,0.0011973107466474,0.422826737165451,24.859375,0.0005415718769654,0.4131329655647278,23.140625,25.3814697265625,0.4526841938495636,1018.1073951721193,20.23302459716797
2024-04-10 13:43:20,0.0011973107466474,0.422826737165451,24.859375,0.0005415718769654,0.4131329655647278,23.140625,25.3814697265625,0.4526841938495636,1018.1073951721193,20.23302459716797
2024-04-10 13:43:21,0.0011973107466474,0.422826737165451,24.859375,0.0005415718769654,0.4131329655647278,23.140625,25.3814697265625,0.4526841938495636,1018.1073951721193,20.23368263244629
2024-04-10 13:43:22,0.0011973107466474,0.422826737165451,24.859375,0.0005415718769654,0.4131329655647278,23.140625,25.3814697265625,0.4526841938495636,1018.1073951721193,20.23368263244629
2024-04-10 13:43:23,0.0011973107466474,0.422826737165451,24.859375,0.0005415718769654,0.4131329655647278,23.140625,25.3814697265625,0.4526841938495636,1018.1073951721193,20.23368263244629
2024-04-10 13:43:24,0.0011973107466474,0.422826737165451,24.859375,0.0005415718769654,0.4131329655647278,23.140625,25.3814697265625,0.4526841938495636,1018.1073951721193,20.23368263244629
2024-04-10 13:43:25,0.0011973107466474,0.422826737165451,24.859375,0.0005415718769654,0.4131329655647278,23.140625,25.3814697265625,0.4526841938495636,1018.1073951721193,20.23368263244629
2024-04-10 13:43:26,0.0011973107466474,0.422826737165451,24.859375,0.0005415718769654,0.4131329655647278,23.140625,25.3814697265625,0.4526841938495636,1018.1073951721193,20.23368263244629
2024-04-10 13:43:27,0.0011973107466474,0.422826737165451,24.859375,0.0005415718769654,0.4131329655647278,23.140625,25.3814697265625,0.4526841938495636,1018.1073951721193,20.23368263244629
2024-04-10 13:43:28,0.0011973107466474,0.422826737165451,24.859375,0.0005415718769654,0.4131329655647278,23.140625,25.3814697265625,0.4526841938495636,1018.0990409851074,20.23368263244629
2024-04-10 13:43:29,0.0011973107466474,0.422826737165451,24.859375,0.0005415718769654,0.4131329655647278,23.140625,25.3814697265625,0.4526841938495636,1018.0990409851074,20.23368263244629
2024-04-10 13:43:30,0.0011973107466474,0.422826737165451,24.859375,0.0005415718769654,0.4131329655647278,23.140625,25.3814697265625,0.4526841938495636,1018.0990409851074,20.23368263244629
2024-04-10 13:43:31,0.0011973107466474,0.422826737165451,24.859375,0.0005415718769654,0.4131329655647278,23.140625,25.3814697265625,0.4526841938495636,1018.0990409851074,20.23368263244629
2024-04-10 13:43:32,0.0011973107466474,0.422826737165451,24.859375,0.0005415718769654,0.4131329655647278,23.140625,25.3814697265625,0.4526841938495636,1018.0990409851074,20.237075805664062
2024-04-10 13:43:33,0.0011973107466474,0.422826737165451,24.859375,0.0005415718769654,0.4131329655647278,23.140625,25.3814697265625,0.4526841938495636,1018.0990409851074,20.237075805664062
2024-04-10 13:43:34,0.0011973107466474,0.422826737165451,24.859375,0.0005415718769654,0.4131329655647278,23.140625,25.3814697265625,0.4526841938495636,1018.0990409851074,20.237075805664062
2024-04-10 13:43:35,0.0011973107466474,0.422826737165451,24.859375,0.0005415718769654,0.4131329655647278,23.140625,25.3814697265625,0.4526841938495636,1018.0886554718018,20.237075805664062
2024-04-10 13:43:36,0.0011973107466474,0.422826737165451,24.859375,0.0005415718769654,0.4131329655647278,23.140625,25.448638916015625,0.4526841938495636,1018.0886554718018,20.237075805664062
2024-04-10 13:43:37,0.0011973107466474,0.422826737165451,24.859375,0.0005415718769654,0.4131329655647278,23.140625,25.448638916015625,0.4526841938495636,1018.0886554718018,20.237075805664062
2024-04-10 13:43:38,0.0011973107466474,0.422826737165451,24.859375,0.0005415718769654,0.4131329655647278,23.140625,25.448638916015625,0.4526841938495636,1018.0886554718018,20.215160369873047
2024-04-10 13:43:39,0.0011973107466474,0.422826737165451,24.859375,0.0005415718769654,0.4131329655647278,23.140625,25.448638916015625,0.4526841938495636,1018.0886554718018,20.215160369873047
2024-04-10 13:43:40,0.0011973107466474,0.422826737165451,24.859375,0.0005415718769654,0.4131329655647278,23.140625,25.448638916015625,0.4526841938495636,1018.0886554718018,20.215160369873047
2024-04-10 13:43:41,0.0011973107466474,0.422826737165451,24.859375,0.0005415718769654,0.4131329655647278,23.140625,25.448638916015625,0.4526841938495636,1018.0886554718018,20.215160369873047
2024-04-10 13:43:42,0.0011973107466474,0.422826737165451,24.859375,0.0005415718769654,0.4131329655647278,23.140625,25.448638916015625,0.4526841938495636,1018.1059646606444,20.215160369873047
2024-04-10 13:43:43,0.0011973107466474,0.422826737165451,24.859375,0.0005415718769654,0.4131329655647278,23.140625,25.448638916015625,0.4526841938495636,1018.1059646606444,20.215160369873047
2024-04-10 13:43:44,0.0011973107466474,0.422826737165451,24.859375,0.0005415718769654,0.4131329655647278,23.140625,25.448638916015625,0.4526841938495636,1018.1059646606444,20.215160369873047
2024-04-10 13:43:45,0.0011973107466474,0.422826737165451,24.859375,0.0005415718769654,0.4131329655647278,23.140625,25.448638916015625,0.4526841938495636,1018.1059646606444,20.215160369873047
2024-04-10 13:43:46,0.0011973107466474,0.422826737165451,24.859375,0.0005415718769654,0.4131329655647278,23.140625,25.448638916015625,0.4526841938495636,1018.1059646606444,20.205284118652344
2024-04-10 13:43:47,0.0011973107466474,0.422826737165451,24.859375,0.0005415718769654,0.4131329655647278,23.140625,25.448638916015625,0.4526841938495636,1018.1059646606444,20.205284118652344
2024-04-10 13:43:48,0.0011973107466474,0.422826737165451,24.859375,0.0005415718769654,0.4131329655647278,23.140625,25.448638916015625,0.4526841938495636,1018.1059646606444,20.205284118652344
2024-04-10 13:43:49,0.0011973107466474,0.422826737165451,24.859375,0.0005415718769654,0.4131329655647278,23.140625,25.448638916015625,0.4526841938495636,1018.1059646606444,20.205284118652344
2024-04-10 13:43:50,0.0011973107466474,0.422826737165451,24.859375,0.0005415718769654,0.4131329655647278,23.140625,25.448638916015625,0.4526841938495636,1018.0667686462402,20.205284118652344
2024-04-10 13:43:51,0.0011973107466474,0.422826737165451,24.859375,0.0005415718769654,0.4131329655647278,23.140625,25.448638916015625,0.4526841938495636,1018.0667686462402,20.205284118652344
2024-04-10 13:43:52,0.0011973107466474,0.422826737165451,24.859375,0.0005415718769654,0.4131329655647278,23.140625,25.448638916015625,0.4526841938495636,1018.0667686462402,20.205284118652344
2024-04-10 13:43:53,0.0011973107466474,0.422826737165451,24.859375,0.0005415718769654,0.4131329655647278,23.140625,25.448638916015625,0.4526841938495636,1018.0667686462402,20.205284118652344
2024-04-10 13:43:54,0.0011973107466474,0.422826737165451,24.859375,0.0005415718769654,0.4131329655647278,23.140625,25.448638916015625,0.4526841938495636,1018.0667686462402,20.205284118652344
2024-04-10 13:43:55,0.0011973107466474,0.422826737165451,24.859375,0.0005415718769654,0.4131329655647278,23.140625,25.448638916015625,0.4526841938495636,1018.0667686462402,20.20216560363769
2024-04-10 13:43:56,0.0011973107466474,0.422826737165451,24.859375,0.0005415718769654,0.4131329655647278,23.140625,25.448638916015625,0.4526841938495636,1018.0667686462402,20.20216560363769
2024-04-10 13:43:57,0.0011973107466474,0.422826737165451,24.859375,0.0005415718769654,0.4131329655647278,23.140625,25.448638916015625,0.4526841938495636,1018.0667686462402,20.20216560363769
2024-04-10 13:43:58,0.0011973107466474,0.422826737165451,24.859375,0.0005415718769654,0.4131329655647278,23.140625,25.448638916015625,0.4526841938495636,1018.0667686462402,20.20216560363769
2024-04-10 13:43:59,0.0011973107466474,0.422826737165451,24.859375,0.0005415718769654,0.4131329655647278,23.140625,25.448638916015625,0.4526841938495636,1018.0667686462402,20.20216560363769
2024-04-10 13:44:00,0.0011973107466474,0.422826737165451,24.859375,0.0005415718769654,0.4131329655647278,23.140625,25.448638916015625,0.4526841938495636,1018.049144744873,20.20216560363769
2024-04-10 13:44:01,0.0011973107466474,0.422826737165451,24.859375,0.0005415718769654,0.4131329655647278,23.140625,25.448638916015625,0.4526841938495636,1018.049144744873,20.20216560363769
2024-04-10 13:44:02,0.0011973107466474,0.422826737165451,24.859375,0.0005415718769654,0.4131329655647278,23.140625,25.448638916015625,0.4526841938495636,1018.049144744873,20.18263053894043
2024-04-10 13:44:03,0.0011973107466474,0.422826737165451,24.859375,0.0005415718769654,0.4131329655647278,23.140625,25.448638916015625,0.4526841938495636,1018.049144744873,20.18263053894043
2024-04-10 13:44:04,0.0011973107466474,0.422826737165451,24.859375,0.0005415718769654,0.4131329655647278,23.140625,25.448638916015625,0.4526841938495636,1018.049144744873,20.18263053894043
2024-04-10 13:44:05,0.0011973107466474,0.422826737165451,24.859375,0.0005415718769654,0.4131329655647278,23.140625,25.448638916015625,0.4526841938495636,1018.049144744873,20.18263053894043
2024-04-10 13:44:06,0.0011973107466474,0.422826737165451,24.859375,0.0005415718769654,0.4131329655647278,23.140625,25.448638916015625,0.4526841938495636,1018.049144744873,20.18263053894043
2024-04-10 13:44:07,0.0011973107466474,0.422826737165451,24.859375,0.0005415718769654,0.4131329655647278,23.140625,25.448638916015625,0.4526841938495636,1018.049144744873,20.18263053894043
2024-04-10 13:44:08,0.0011973107466474,0.422826737165451,24.859375,0.0005415718769654,0.4131329655647278,23.140625,25.448638916015625,0.4526841938495636,1018.049144744873,20.18263053894043
2024-04-10 13:44:09,0.0011973107466474,0.422826737165451,24.859375,0.0005415718769654,0.4131329655647278,23.140625,25.448638916015625,0.4526841938495636,1018.0214500427246,20.18263053894043
2024-04-10 13:44:10,0.0011973107466474,0.422826737165451,24.859375,0.0005415718769654,0.4131329655647278,23.140625,25.448638916015625,0.4526841938495636,1018.0214500427246,20.17892265319824
2024-04-10 13:44:11,0.0011973107466474,0.422826737165451,24.859375,0.0005415718769654,0.4131329655647278,23.140625,25.448638916015625,0.4526841938495636,1018.0214500427246,20.17892265319824
2024-04-10 13:44:12,0.0011973107466474,0.422826737165451,24.859375,0.0005415718769654,0.4131329655647278,23.140625,25.448638916015625,0.4526841938495636,1018.0214500427246,20.17892265319824
2024-04-10 13:44:13,0.0011973107466474,0.422826737165451,24.859375,0.0005415718769654,0.4131329655647278,23.140625,25.448638916015625,0.4526841938495636,1018.0214500427246,20.17892265319824
2024-04-10 13:44:14,0.0011973107466474,0.422826737165451,24.859375,0.0005415718769654,0.4131329655647278,23.140625,25.448638916015625,0.4526841938495636,1018.0214500427246,20.17892265319824
2024-04-10 13:44:15,0.0011973107466474,0.422826737165451,24.859375,0.0005415718769654,0.4131329655647278,23.140625,25.448638916015625,0.4533884823322296,1018.073205947876,20.17892265319824
2024-04-10 13:44:16,0.0011973107466474,0.422826737165451,24.859375,0.0005415718769654,0.4131329655647278,23.140625,25.448638916015625,0.4533884823322296,1018.073205947876,20.17892265319824
2024-04-10 13:44:17,0.0011973107466474,0.422826737165451,24.859375,0.0005415718769654,0.4131329655647278,23.140625,25.448638916015625,0.4533884823322296,1018.073205947876,20.17892265319824
2024-04-10 13:44:18,0.0011973107466474,0.422826737165451,24.859375,0.0005415718769654,0.4131329655647278,23.140625,25.448638916015625,0.4533884823322296,1018.073205947876,20.17892265319824
2024-04-10 13:44:19,0.0011973107466474,0.422826737165451,24.859375,0.0005415718769654,0.4131329655647278,23.140625,25.448638916015625,0.4533884823322296,1018.073205947876,20.17779541015625
2024-04-10 13:44:20,0.0011973107466474,0.422826737165451,24.859375,0.0005415718769654,0.4131329655647278,23.140625,25.448638916015625,0.4533884823322296,1018.073205947876,20.17779541015625
2024-04-10 13:44:21,0.0011973107466474,0.422826737165451,24.859375,0.0005415718769654,0.4131329655647278,23.140625,25.448638916015625,0.4533884823322296,1018.073205947876,20.17779541015625
2024-04-10 13:44:22,0.0011973107466474,0.422826737165451,24.859375,0.0005415718769654,0.4131329655647278,23.140625,25.448638916015625,0.4533884823322296,1018.073205947876,20.17779541015625
2024-04-10 13:44:23,0.0011973107466474,0.422826737165451,24.859375,0.0005415718769654,0.4131329655647278,23.140625,25.448638916015625,0.4533884823322296,1018.0740356445312,20.17779541015625
2024-04-10 13:44:24,0.0011973107466474,0.422826737165451,24.859375,0.0005415718769654,0.4131329655647278,23.140625,25.448638916015625,0.4533884823322296,1018.0740356445312,20.17779541015625
2024-04-10 13:44:25,0.0011973107466474,0.422826737165451,24.859375,0.0005415718769654,0.4131329655647278,23.140625,25.448638916015625,0.4533884823322296,1018.0740356445312,20.176050186157227
2024-04-10 13:44:26,0.0011973107466474,0.422826737165451,24.859375,0.0005415718769654,0.4131329655647278,23.140625,25.448638916015625,0.4533884823322296,1018.0740356445312,20.176050186157227
2024-04-10 13:44:27,0.0011973107466474,0.422826737165451,24.859375,0.0005415718769654,0.4131329655647278,23.140625,25.448638916015625,0.4533884823322296,1018.0740356445312,20.176050186157227
2024-04-10 13:44:28,0.0011973107466474,0.422826737165451,24.859375,0.0005415718769654,0.4131329655647278,23.140625,25.448638916015625,0.4533884823322296,1018.0740356445312,20.176050186157227
2024-04-10 13:44:29,0.0011973107466474,0.422826737165451,24.859375,0.0005415718769654,0.4131329655647278,23.140625,25.448638916015625,0.4533884823322296,1018.0994129180908,20.176050186157227
2024-04-10 13:44:30,0.0011973107466474,0.422826737165451,24.859375,0.0005415718769654,0.4131329655647278,23.140625,25.448638916015625,0.4533884823322296,1018.0994129180908,20.176050186157227
2024-04-10 13:44:31,0.0011973107466474,0.422826737165451,24.859375,0.0005415718769654,0.4131329655647278,23.140625,25.448638916015625,0.4533884823322296,1018.0994129180908,20.176050186157227
2024-04-10 13:44:32,0.0011973107466474,0.422826737165451,24.859375,0.0005415718769654,0.4131329655647278,23.140625,25.448638916015625,0.4533884823322296,1018.0994129180908,20.176050186157227
2024-04-10 13:44:33,0.0011973107466474,0.422826737165451,24.859375,0.0005415718769654,0.4131329655647278,23.140625,25.448638916015625,0.4533884823322296,1018.0994129180908,20.176050186157227
2024-04-10 13:44:34,0.0011973107466474,0.422826737165451,24.859375,0.0005415718769654,0.4131329655647278,23.140625,25.448638916015625,0.4533884823322296,1018.0994129180908,20.176050186157227
2024-04-10 13:44:35,0.0011973107466474,0.422826737165451,24.859375,0.0005415718769654,0.4131329655647278,23.140625,25.448638916015625,0.4533884823322296,1018.0994129180908,20.176050186157227
2024-04-10 13:44:36,0.0011973107466474,0.422826737165451,24.859375,0.0005415718769654,0.4131329655647278,23.140625,25.448638916015625,0.4533884823322296,1018.0994129180908,20.15900421142578
2024-04-10 13:44:37,0.0011973107466474,0.422826737165451,24.859375,0.0005415718769654,0.4131329655647278,23.140625,25.448638916015625,0.4533884823322296,1018.0994129180908,20.15900421142578
2024-04-10 13:44:38,0.0011973107466474,0.422826737165451,24.859375,0.0005415718769654,0.4131329655647278,23.140625,25.630157470703125,0.4533884823322296,1018.0994129180908,20.15900421142578
2024-04-10 13:44:39,0.0011973107466474,0.422826737165451,24.859375,0.0005415718769654,0.4131329655647278,23.140625,25.630157470703125,0.4533884823322296,1018.1053066253662,20.15900421142578
2024-04-10 13:44:40,0.0011973107466474,0.422826737165451,24.859375,0.0005415718769654,0.4131329655647278,23.140625,25.630157470703125,0.4533884823322296,1018.1053066253662,20.15900421142578
2024-04-10 13:44:41,0.0011973107466474,0.422826737165451,24.859375,0.0005415718769654,0.4131329655647278,23.140625,25.630157470703125,0.4533884823322296,1018.1053066253662,20.15900421142578
2024-04-10 13:44:42,0.0011973107466474,0.422826737165451,24.859375,0.0005415718769654,0.4131329655647278,23.140625,25.630157470703125,0.4533884823322296,1018.1053066253662,20.15900421142578
2024-04-10 13:44:43,0.0011973107466474,0.422826737165451,24.859375,0.0005415718769654,0.4131329655647278,23.140625,25.630157470703125,0.4533884823322296,1018.1053066253662,20.14817237854004
2024-04-10 13:44:44,0.0011973107466474,0.422826737165451,24.859375,0.0005415718769654,0.4131329655647278,23.140625,25.630157470703125,0.4533884823322296,1018.1053066253662,20.14817237854004
2024-04-10 13:44:45,0.0011973107466474,0.422826737165451,24.859375,0.0005415718769654,0.4131329655647278,23.140625,25.630157470703125,0.4533884823322296,1018.1053066253662,20.14817237854004
2024-04-10 13:44:46,0.0011973107466474,0.422826737165451,24.859375,0.0005415718769654,0.4131329655647278,23.140625,25.630157470703125,0.4533884823322296,1018.0876541137696,20.14817237854004
2024-04-10 13:44:47,0.0011973107466474,0.422826737165451,24.859375,0.0005415718769654,0.4131329655647278,23.140625,25.630157470703125,0.4533884823322296,1018.0876541137696,20.14817237854004
2024-04-10 13:44:48,0.0011973107466474,0.422826737165451,24.859375,0.0005415718769654,0.4131329655647278,23.140625,25.630157470703125,0.4533884823322296,1018.0876541137696,20.14817237854004
2024-04-10 13:44:49,0.0011973107466474,0.422826737165451,24.859375,0.0005415718769654,0.4131329655647278,23.140625,25.630157470703125,0.4533884823322296,1018.0876541137696,20.14817237854004
2024-04-10 13:44:50,0.0011973107466474,0.422826737165451,24.859375,0.0005415718769654,0.4131329655647278,23.140625,25.630157470703125,0.4533884823322296,1018.0876541137696,20.13341522216797
2024-04-10 13:44:51,0.0011973107466474,0.422826737165451,24.859375,0.0005415718769654,0.4131329655647278,23.140625,25.630157470703125,0.4533884823322296,1018.0876541137696,20.13341522216797
2024-04-10 13:44:52,0.0011973107466474,0.422826737165451,24.859375,0.0005415718769654,0.4131329655647278,23.140625,25.630157470703125,0.4533884823322296,1018.0876541137696,20.13341522216797
2024-04-10 13:44:53,0.0011973107466474,0.422826737165451,24.859375,0.0005415718769654,0.4131329655647278,23.140625,25.630157470703125,0.4533884823322296,1018.0679416656494,20.13341522216797
2024-04-10 13:44:54,0.0011973107466474,0.422826737165451,24.859375,0.0005415718769654,0.4131329655647278,23.140625,25.630157470703125,0.4533884823322296,1018.0679416656494,20.13341522216797
2024-04-10 13:44:55,0.0011973107466474,0.422826737165451,24.859375,0.0005415718769654,0.4131329655647278,23.140625,25.630157470703125,0.4533884823322296,1018.0679416656494,20.13341522216797
2024-04-10 13:44:56,0.0011973107466474,0.422826737165451,24.859375,0.0005415718769654,0.4131329655647278,23.140625,25.630157470703125,0.4533884823322296,1018.0679416656494,20.13341522216797
2024-04-10 13:44:57,0.0011973107466474,0.422826737165451,24.859375,0.0005415718769654,0.4131329655647278,23.140625,25.630157470703125,0.4533884823322296,1018.0679416656494,20.13341522216797
2024-04-10 13:44:58,0.0011973107466474,0.422826737165451,24.859375,0.0005415718769654,0.4131329655647278,23.140625,25.630157470703125,0.4533884823322296,1018.0679416656494,20.133729934692383
2024-04-10 13:44:59,0.0011973107466474,0.422826737165451,24.859375,0.0005415718769654,0.4131329655647278,23.140625,25.630157470703125,0.4533884823322296,1018.0679416656494,20.133729934692383
2024-04-10 13:45:00,0.0011973107466474,0.422826737165451,24.859375,0.0005415718769654,0.4131329655647278,23.140625,25.630157470703125,0.4533884823322296,1018.0679416656494,20.133729934692383
2024-04-10 13:45:01,0.0011973107466474,0.422826737165451,24.859375,0.0005415718769654,0.4131329655647278,23.140625,25.630157470703125,0.4533884823322296,1018.0679416656494,20.133729934692383
2024-04-10 13:45:02,0.0011973107466474,0.422826737165451,24.859375,0.0005415718769654,0.4131329655647278,23.140625,25.630157470703125,0.4533884823322296,1018.0954360961914,20.133729934692383
2024-04-10 13:45:03,0.0011973107466474,0.422826737165451,24.859375,0.0005415718769654,0.4131329655647278,23.140625,25.630157470703125,0.4533884823322296,1018.0954360961914,20.133729934692383
2024-04-10 13:45:04,0.0011973107466474,0.422826737165451,24.859375,0.0005415718769654,0.4131329655647278,23.140625,25.630157470703125,0.4533884823322296,1018.0954360961914,20.133729934692383
2024-04-10 13:45:05,0.0011973107466474,0.422826737165451,24.859375,0.0005415718769654,0.4131329655647278,23.140625,25.630157470703125,0.4533884823322296,1018.0954360961914,20.133729934692383
2024-04-10 13:45:06,0.0011973107466474,0.422826737165451,24.859375,0.0005415718769654,0.4131329655647278,23.140625,25.630157470703125,0.4533884823322296,1018.0954360961914,20.124425888061523
2024-04-10 13:45:07,0.0011973107466474,0.422826737165451,24.859375,0.0005415718769654,0.4131329655647278,23.140625,25.630157470703125,0.4533884823322296,1018.0954360961914,20.124425888061523
2024-04-10 13:45:08,0.0011973107466474,0.422826737165451,24.859375,0.0005415718769654,0.4131329655647278,23.140625,25.630157470703125,0.4533884823322296,1018.0954360961914,20.124425888061523
2024-04-10 13:45:09,0.0011973107466474,0.422826737165451,24.859375,0.0005415718769654,0.4131329655647278,23.140625,25.630157470703125,0.4533884823322296,1018.0954360961914,20.124425888061523
2024-04-10 13:45:10,0.0011973107466474,0.422826737165451,24.859375,0.0005415718769654,0.4131329655647278,23.140625,25.630157470703125,0.4533884823322296,1018.1497955322266,20.124425888061523
2024-04-10 13:45:11,0.0011973107466474,0.422826737165451,24.859375,0.0005415718769654,0.4131329655647278,23.140625,25.630157470703125,0.4533884823322296,1018.1497955322266,20.124425888061523
2024-04-10 13:45:12,0.0011973107466474,0.422826737165451,24.859375,0.0005415718769654,0.4131329655647278,23.140625,25.630157470703125,0.4533884823322296,1018.1497955322266,20.124425888061523
2024-04-10 13:45:13,0.0011973107466474,0.422826737165451,24.859375,0.0005415718769654,0.4131329655647278,23.140625,25.630157470703125,0.4533884823322296,1018.1497955322266,20.124425888061523
2024-04-10 13:45:14,0.0011973107466474,0.422826737165451,24.859375,0.0005415718769654,0.4131329655647278,23.140625,25.630157470703125,0.4533884823322296,1018.1497955322266,20.13185310363769
2024-04-10 13:45:15,0.0011973107466474,0.422826737165451,24.859375,0.0005415718769654,0.4131329655647278,23.140625,25.630157470703125,0.4533884823322296,1018.1497955322266,20.13185310363769
2024-04-10 13:45:16,0.0011973107466474,0.422826737165451,24.859375,0.0005415718769654,0.4131329655647278,23.140625,25.630157470703125,0.4533884823322296,1018.1497955322266,20.13185310363769
2024-04-10 13:45:17,0.0011973107466474,0.422826737165451,24.859375,0.0005415718769654,0.4131329655647278,23.140625,25.630157470703125,0.4550171494483948,1018.1497955322266,20.13185310363769
2024-04-10 13:45:18,0.0011973107466474,0.422826737165451,24.859375,0.0005415718769654,0.4131329655647278,23.140625,25.630157470703125,0.4550171494483948,1018.1497955322266,20.13185310363769
2024-04-10 13:45:19,0.0011973107466474,0.422826737165451,24.859375,0.0005415718769654,0.4131329655647278,23.140625,25.630157470703125,0.4550171494483948,1018.1497955322266,20.13185310363769
2024-04-10 13:45:20,0.0011973107466474,0.422826737165451,24.859375,0.0005415718769654,0.4131329655647278,23.140625,25.630157470703125,0.4550171494483948,1018.0680561065674,20.13185310363769
2024-04-10 13:45:21,0.0011973107466474,0.422826737165451,24.859375,0.0005415718769654,0.4131329655647278,23.140625,25.630157470703125,0.4550171494483948,1018.0680561065674,20.13185310363769
2024-04-10 13:45:22,0.0011973107466474,0.422826737165451,24.859375,0.0005415718769654,0.4131329655647278,23.140625,25.630157470703125,0.4550171494483948,1018.0680561065674,20.12110137939453
2024-04-10 13:45:23,0.0011973107466474,0.422826737165451,24.859375,0.0005415718769654,0.4131329655647278,23.140625,25.630157470703125,0.4550171494483948,1018.0680561065674,20.12110137939453
2024-04-10 13:45:24,0.0011973107466474,0.422826737165451,24.859375,0.0005415718769654,0.4131329655647278,23.140625,25.630157470703125,0.4550171494483948,1018.0680561065674,20.12110137939453
2024-04-10 13:45:25,0.0011973107466474,0.422826737165451,24.859375,0.0005415718769654,0.4131329655647278,23.140625,25.630157470703125,0.4550171494483948,1018.0680561065674,20.12110137939453
2024-04-10 13:45:26,0.0011973107466474,0.422826737165451,24.859375,0.0005415718769654,0.4131329655647278,23.140625,25.630157470703125,0.4550171494483948,1018.0680561065674,20.12110137939453
2024-04-10 13:45:27,0.0011973107466474,0.422826737165451,24.859375,0.0005415718769654,0.4131329655647278,23.140625,25.630157470703125,0.4550171494483948,1018.124189376831,20.12110137939453
2024-04-10 13:45:28,0.0011973107466474,0.422826737165451,24.859375,0.0005415718769654,0.4131329655647278,23.140625,25.630157470703125,0.4550171494483948,1018.124189376831,20.12110137939453
2024-04-10 13:45:29,0.0011973107466474,0.422826737165451,24.859375,0.0005415718769654,0.4131329655647278,23.140625,25.630157470703125,0.4550171494483948,1018.124189376831,20.12110137939453
2024-04-10 13:45:30,0.0011973107466474,0.422826737165451,24.859375,0.0005415718769654,0.4131329655647278,23.140625,25.630157470703125,0.4550171494483948,1018.124189376831,20.12110137939453
2024-04-10 13:45:31,0.0011973107466474,0.422826737165451,24.859375,0.0005415718769654,0.4131329655647278,23.140625,25.630157470703125,0.4550171494483948,1018.124189376831,20.120019912719727
2024-04-10 13:45:32,0.0011973107466474,0.422826737165451,24.859375,0.0005415718769654,0.4131329655647278,23.140625,25.630157470703125,0.4550171494483948,1018.124189376831,20.120019912719727
2024-04-10 13:45:33,0.0011973107466474,0.422826737165451,24.859375,0.0005415718769654,0.4131329655647278,23.140625,25.630157470703125,0.4550171494483948,1018.124189376831,20.120019912719727
2024-04-10 13:45:34,0.0011973107466474,0.422826737165451,24.859375,0.0005415718769654,0.4131329655647278,23.140625,25.630157470703125,0.4550171494483948,1018.0835342407228,20.120019912719727
2024-04-10 13:45:35,0.0011973107466474,0.422826737165451,24.859375,0.0005415718769654,0.4131329655647278,23.140625,25.630157470703125,0.4550171494483948,1018.0835342407228,20.120019912719727
2024-04-10 13:45:36,0.0011973107466474,0.422826737165451,24.859375,0.0005415718769654,0.4131329655647278,23.140625,25.51104736328125,0.4550171494483948,1018.0835342407228,20.120019912719727
2024-04-10 13:45:37,0.0011973107466474,0.422826737165451,24.859375,0.0005415718769654,0.4131329655647278,23.140625,25.51104736328125,0.4550171494483948,1018.0835342407228,20.120019912719727
2024-04-10 13:45:38,0.0011973107466474,0.422826737165451,24.859375,0.0005415718769654,0.4131329655647278,23.140625,25.51104736328125,0.4550171494483948,1018.0835342407228,20.120019912719727
2024-04-10 13:45:39,0.0011973107466474,0.422826737165451,24.859375,0.0005415718769654,0.4131329655647278,23.140625,25.51104736328125,0.4550171494483948,1018.0835342407228,20.105531692504883
2024-04-10 13:45:40,0.0011973107466474,0.422826737165451,24.859375,0.0005415718769654,0.4131329655647278,23.140625,25.51104736328125,0.4550171494483948,1018.0835342407228,20.105531692504883
2024-04-10 13:45:41,0.0011973107466474,0.422826737165451,24.859375,0.0005415718769654,0.4131329655647278,23.140625,25.51104736328125,0.4550171494483948,1018.0892276763916,20.105531692504883
2024-04-10 13:45:42,0.0011973107466474,0.422826737165451,24.859375,0.0005415718769654,0.4131329655647278,23.140625,25.51104736328125,0.4550171494483948,1018.0892276763916,20.105531692504883
2024-04-10 13:45:43,0.0011973107466474,0.422826737165451,24.859375,0.0005415718769654,0.4131329655647278,23.140625,25.51104736328125,0.4550171494483948,1018.0892276763916,20.105531692504883
2024-04-10 13:45:44,0.0011973107466474,0.422826737165451,24.859375,0.0005415718769654,0.4131329655647278,23.140625,25.51104736328125,0.4550171494483948,1018.0892276763916,20.105531692504883
2024-04-10 13:45:45,0.0011973107466474,0.422826737165451,24.859375,0.0005415718769654,0.4131329655647278,23.140625,25.51104736328125,0.4550171494483948,1018.0892276763916,20.105531692504883
2024-04-10 13:45:46,0.0011973107466474,0.422826737165451,24.859375,0.0005415718769654,0.4131329655647278,23.140625,25.51104736328125,0.4550171494483948,1018.0892276763916,20.105531692504883
2024-04-10 13:45:47,0.0011973107466474,0.422826737165451,24.859375,0.0005415718769654,0.4131329655647278,23.140625,25.51104736328125,0.4550171494483948,1018.0892276763916,20.097475051879883
2024-04-10 13:45:48,0.0011973107466474,0.422826737165451,24.859375,0.0005415718769654,0.4131329655647278,23.140625,25.51104736328125,0.4550171494483948,1018.0892276763916,20.097475051879883
2024-04-10 13:45:49,0.0011973107466474,0.422826737165451,24.859375,0.0005415718769654,0.4131329655647278,23.140625,25.51104736328125,0.4550171494483948,1018.0892276763916,20.097475051879883
2024-04-10 13:45:50,0.0011973107466474,0.422826737165451,24.859375,0.0005415718769654,0.4131329655647278,23.140625,25.51104736328125,0.4550171494483948,1018.0892276763916,20.097475051879883
2024-04-10 13:45:51,0.0011973107466474,0.422826737165451,24.859375,0.0005415718769654,0.4131329655647278,23.140625,25.51104736328125,0.4550171494483948,1018.115463256836,20.097475051879883
2024-04-10 13:45:52,0.0011973107466474,0.422826737165451,24.859375,0.0005415718769654,0.4131329655647278,23.140625,25.51104736328125,0.4550171494483948,1018.115463256836,20.097475051879883
2024-04-10 13:45:53,0.0011973107466474,0.422826737165451,24.859375,0.0005415718769654,0.4131329655647278,23.140625,25.51104736328125,0.4550171494483948,1018.115463256836,20.097475051879883
2024-04-10 13:45:54,0.0011973107466474,0.422826737165451,24.859375,0.0005415718769654,0.4131329655647278,23.140625,25.51104736328125,0.4550171494483948,1018.115463256836,20.097475051879883
2024-04-10 13:45:55,0.0011973107466474,0.422826737165451,24.859375,0.0005415718769654,0.4131329655647278,23.140625,25.51104736328125,0.4550171494483948,1018.115463256836,20.09989547729492
2024-04-10 13:45:56,0.0011973107466474,0.422826737165451,24.859375,0.0005415718769654,0.4131329655647278,23.140625,25.51104736328125,0.4550171494483948,1018.115463256836,20.09989547729492
2024-04-10 13:45:57,0.0011973107466474,0.422826737165451,24.859375,0.0005415718769654,0.4131329655647278,23.140625,25.51104736328125,0.4550171494483948,1018.115463256836,20.09989547729492
2024-04-10 13:45:58,0.0011973107466474,0.422826737165451,24.859375,0.0005415718769654,0.4131329655647278,23.140625,25.51104736328125,0.4550171494483948,1018.0515193939208,20.09989547729492
2024-04-10 13:45:59,0.0011973107466474,0.422826737165451,24.859375,0.0005415718769654,0.4131329655647278,23.140625,25.51104736328125,0.4550171494483948,1018.0515193939208,20.09989547729492
2024-04-10 13:46:00,0.0011973107466474,0.422826737165451,24.859375,0.0005415718769654,0.4131329655647278,23.140625,25.51104736328125,0.4550171494483948,1018.0515193939208,20.09989547729492
2024-04-10 13:46:01,0.0011973107466474,0.422826737165451,24.859375,0.0005415718769654,0.4131329655647278,23.140625,25.51104736328125,0.4550171494483948,1018.0515193939208,20.09989547729492
2024-04-10 13:46:02,0.0011973107466474,0.422826737165451,24.859375,0.0005415718769654,0.4131329655647278,23.140625,25.51104736328125,0.4550171494483948,1018.0515193939208,20.09989547729492
2024-04-10 13:46:03,0.0011973107466474,0.422826737165451,24.859375,0.0005415718769654,0.4131329655647278,23.140625,25.51104736328125,0.4550171494483948,1018.0515193939208,20.101131439208984
2024-04-10 13:46:04,0.0011973107466474,0.422826737165451,24.859375,0.0005415718769654,0.4131329655647278,23.140625,25.51104736328125,0.4550171494483948,1018.0515193939208,20.101131439208984
2024-04-10 13:46:05,0.0011973107466474,0.422826737165451,24.859375,0.0005415718769654,0.4131329655647278,23.140625,25.51104736328125,0.4550171494483948,1018.0515193939208,20.101131439208984
2024-04-10 13:46:06,0.0011973107466474,0.422826737165451,24.859375,0.0005415718769654,0.4131329655647278,23.140625,25.51104736328125,0.4550171494483948,1018.0515193939208,20.101131439208984
2024-04-10 13:46:07,0.0011973107466474,0.422826737165451,24.859375,0.0005415718769654,0.4131329655647278,23.140625,25.51104736328125,0.4550171494483948,1018.0515193939208,20.101131439208984
2024-04-10 13:46:08,0.0011973107466474,0.422826737165451,24.859375,0.0005415718769654,0.4131329655647278,23.140625,25.51104736328125,0.4550171494483948,1018.0922317504884,20.101131439208984
2024-04-10 13:46:09,0.0011973107466474,0.422826737165451,24.859375,0.0005415718769654,0.4131329655647278,23.140625,25.51104736328125,0.4550171494483948,1018.0922317504884,20.101131439208984
2024-04-10 13:46:10,0.0011973107466474,0.422826737165451,24.859375,0.0005415718769654,0.4131329655647278,23.140625,25.51104736328125,0.4550171494483948,1018.0922317504884,20.10136032104492
2024-04-10 13:46:11,0.0011973107466474,0.422826737165451,24.859375,0.0005415718769654,0.4131329655647278,23.140625,25.51104736328125,0.4550171494483948,1018.0922317504884,20.10136032104492
2024-04-10 13:46:12,0.0011973107466474,0.422826737165451,24.859375,0.0005415718769654,0.4131329655647278,23.140625,25.51104736328125,0.4550171494483948,1018.0922317504884,20.10136032104492
2024-04-10 13:46:13,0.0011973107466474,0.422826737165451,24.859375,0.0005415718769654,0.4131329655647278,23.140625,25.51104736328125,0.4550171494483948,1018.0516052246094,20.10136032104492
2024-04-10 13:46:14,0.0011973107466474,0.422826737165451,24.859375,0.0005415718769654,0.4131329655647278,23.140625,25.51104736328125,0.4550171494483948,1018.0516052246094,20.10136032104492
2024-04-10 13:46:15,0.0011973107466474,0.422826737165451,24.859375,0.0005415718769654,0.4131329655647278,23.140625,25.51104736328125,0.4550171494483948,1018.0516052246094,20.10136032104492
2024-04-10 13:46:16,0.0011973107466474,0.422826737165451,24.859375,0.0005415718769654,0.4131329655647278,23.140625,25.51104736328125,0.4550171494483948,1018.0516052246094,20.10136032104492
2024-04-10 13:46:17,0.0011973107466474,0.422826737165451,24.859375,0.0005415718769654,0.4131329655647278,23.140625,25.51104736328125,0.4550171494483948,1018.0516052246094,20.10136032104492
2024-04-10 13:46:18,0.0011973107466474,0.422826737165451,24.859375,0.0005415718769654,0.4131329655647278,23.140625,25.51104736328125,0.4537279605865478,1018.0516052246094,20.083478927612305
2024-04-10 13:46:19,0.0011973107466474,0.422826737165451,24.859375,0.0005415718769654,0.4131329655647278,23.140625,25.51104736328125,0.4537279605865478,1018.0516052246094,20.083478927612305
2024-04-10 13:46:20,0.0011973107466474,0.422826737165451,24.859375,0.0005415718769654,0.4131329655647278,23.140625,25.51104736328125,0.4537279605865478,1018.0516052246094,20.083478927612305
2024-04-10 13:46:21,0.0011973107466474,0.422826737165451,24.859375,0.0005415718769654,0.4131329655647278,23.140625,25.51104736328125,0.4537279605865478,1018.0516052246094,20.083478927612305
2024-04-10 13:46:22,0.0011973107466474,0.422826737165451,24.859375,0.0005415718769654,0.4131329655647278,23.140625,25.51104736328125,0.4537279605865478,1018.0778694152832,20.083478927612305
2024-04-10 13:46:23,0.0011973107466474,0.422826737165451,24.859375,0.0005415718769654,0.4131329655647278,23.140625,25.51104736328125,0.4537279605865478,1018.0778694152832,20.083478927612305
2024-04-10 13:46:24,0.0011973107466474,0.422826737165451,24.859375,0.0005415718769654,0.4131329655647278,23.140625,25.51104736328125,0.4537279605865478,1018.0778694152832,20.083478927612305
2024-04-10 13:46:25,0.0011973107466474,0.422826737165451,24.859375,0.0005415718769654,0.4131329655647278,23.140625,25.51104736328125,0.4537279605865478,1018.0778694152832,20.083478927612305
2024-04-10 13:46:26,0.0011973107466474,0.422826737165451,24.859375,0.0005415718769654,0.4131329655647278,23.140625,25.51104736328125,0.4537279605865478,1018.0778694152832,20.08359909057617
2024-04-10 13:46:27,0.0011973107466474,0.422826737165451,24.859375,0.0005415718769654,0.4131329655647278,23.140625,25.51104736328125,0.4537279605865478,1018.0778694152832,20.08359909057617
2024-04-10 13:46:28,0.0011973107466474,0.422826737165451,24.859375,0.0005415718769654,0.4131329655647278,23.140625,25.51104736328125,0.4537279605865478,1018.0778694152832,20.08359909057617
2024-04-10 13:46:29,0.0011973107466474,0.422826737165451,24.859375,0.0005415718769654,0.4131329655647278,23.140625,25.51104736328125,0.4537279605865478,1018.0778694152832,20.08359909057617
2024-04-10 13:46:30,0.0011973107466474,0.422826737165451,24.859375,0.0005415718769654,0.4131329655647278,23.140625,25.51104736328125,0.4537279605865478,1018.0778694152832,20.08359909057617
2024-04-10 13:46:31,0.0011973107466474,0.422826737165451,24.859375,0.0005415718769654,0.4131329655647278,23.140625,25.51104736328125,0.4537279605865478,1018.0778694152832,20.08359909057617
2024-04-10 13:46:32,0.0011973107466474,0.422826737165451,24.859375,0.0005415718769654,0.4131329655647278,23.140625,25.51104736328125,0.4537279605865478,1018.078498840332,20.08359909057617
2024-04-10 13:46:33,0.0011973107466474,0.422826737165451,24.859375,0.0005415718769654,0.4131329655647278,23.140625,25.51104736328125,0.4537279605865478,1018.078498840332,20.054576873779297
2024-04-10 13:46:34,0.0011973107466474,0.422826737165451,24.859375,0.0005415718769654,0.4131329655647278,23.140625,25.51104736328125,0.4537279605865478,1018.078498840332,20.054576873779297
2024-04-10 13:46:35,0.0011973107466474,0.422826737165451,24.859375,0.0005415718769654,0.4131329655647278,23.140625,25.51104736328125,0.4537279605865478,1018.078498840332,20.054576873779297
2024-04-10 13:46:36,0.0011973107466474,0.422826737165451,24.859375,0.0005415718769654,0.4131329655647278,23.140625,25.224090576171875,0.4537279605865478,1018.078498840332,20.054576873779297
2024-04-10 13:46:37,0.0011973107466474,0.422826737165451,24.859375,0.0005415718769654,0.4131329655647278,23.140625,25.224090576171875,0.4537279605865478,1018.078498840332,20.054576873779297
2024-04-10 13:46:38,0.0011973107466474,0.422826737165451,24.859375,0.0005415718769654,0.4131329655647278,23.140625,25.224090576171875,0.4537279605865478,1018.078498840332,20.054576873779297
2024-04-10 13:46:39,0.0011973107466474,0.422826737165451,24.859375,0.0005415718769654,0.4131329655647278,23.140625,25.224090576171875,0.4537279605865478,1018.078498840332,20.054576873779297
2024-04-10 13:46:40,0.0011973107466474,0.422826737165451,24.859375,0.0005415718769654,0.4131329655647278,23.140625,25.224090576171875,0.4537279605865478,1018.078498840332,20.054576873779297
2024-04-10 13:46:41,0.0011973107466474,0.422826737165451,24.859375,0.0005415718769654,0.4131329655647278,23.140625,25.224090576171875,0.4537279605865478,1018.078498840332,20.054576873779297
2024-04-10 13:46:42,0.0011973107466474,0.422826737165451,24.859375,0.0005415718769654,0.4131329655647278,23.140625,25.224090576171875,0.4537279605865478,1018.0595016479492,20.032146453857425
2024-04-10 13:46:43,0.0011973107466474,0.422826737165451,24.859375,0.0005415718769654,0.4131329655647278,23.140625,25.224090576171875,0.4537279605865478,1018.0595016479492,20.032146453857425
2024-04-10 13:46:44,0.0011973107466474,0.422826737165451,24.859375,0.0005415718769654,0.4131329655647278,23.140625,25.224090576171875,0.4537279605865478,1018.0595016479492,20.032146453857425
2024-04-10 13:46:45,0.0011973107466474,0.422826737165451,24.859375,0.0005415718769654,0.4131329655647278,23.140625,25.224090576171875,0.4537279605865478,1018.0595016479492,20.032146453857425
2024-04-10 13:46:46,0.0011973107466474,0.422826737165451,24.859375,0.0005415718769654,0.4131329655647278,23.140625,25.224090576171875,0.4537279605865478,1018.082389831543,20.032146453857425
2024-04-10 13:46:47,0.0011973107466474,0.422826737165451,24.859375,0.0005415718769654,0.4131329655647278,23.140625,25.224090576171875,0.4537279605865478,1018.082389831543,20.032146453857425
2024-04-10 13:46:48,0.0011973107466474,0.422826737165451,24.859375,0.0005415718769654,0.4131329655647278,23.140625,25.224090576171875,0.4537279605865478,1018.082389831543,20.032146453857425
2024-04-10 13:46:49,0.0011973107466474,0.422826737165451,24.859375,0.0005415718769654,0.4131329655647278,23.140625,25.224090576171875,0.4537279605865478,1018.082389831543,20.032146453857425
2024-04-10 13:46:50,0.0011973107466474,0.422826737165451,24.859375,0.0005415718769654,0.4131329655647278,23.140625,25.224090576171875,0.4537279605865478,1018.082389831543,20.032146453857425
2024-04-10 13:46:51,0.0011973107466474,0.422826737165451,24.859375,0.0005415718769654,0.4131329655647278,23.140625,25.224090576171875,0.4537279605865478,1018.082389831543,19.999753952026367
2024-04-10 13:46:52,0.0011973107466474,0.422826737165451,24.859375,0.0005415718769654,0.4131329655647278,23.140625,25.224090576171875,0.4537279605865478,1018.082389831543,19.999753952026367
2024-04-10 13:46:53,0.0011973107466474,0.422826737165451,24.859375,0.0005415718769654,0.4131329655647278,23.140625,25.224090576171875,0.4537279605865478,1018.082389831543,19.999753952026367
2024-04-10 13:46:54,0.0011973107466474,0.422826737165451,24.859375,0.0005415718769654,0.4131329655647278,23.140625,25.224090576171875,0.4537279605865478,1018.1307411193848,19.999753952026367
2024-04-10 13:46:55,0.0011973107466474,0.422826737165451,24.859375,0.0005415718769654,0.4131329655647278,23.140625,25.224090576171875,0.4537279605865478,1018.1307411193848,19.999753952026367
2024-04-10 13:46:56,0.0011973107466474,0.422826737165451,24.859375,0.0005415718769654,0.4131329655647278,23.140625,25.224090576171875,0.4537279605865478,1018.1307411193848,19.999753952026367
2024-04-10 13:46:57,0.0011973107466474,0.422826737165451,24.859375,0.0005415718769654,0.4131329655647278,23.140625,25.224090576171875,0.4537279605865478,1018.1307411193848,19.999753952026367
2024-04-10 13:46:58,0.0011973107466474,0.422826737165451,24.859375,0.0005415718769654,0.4131329655647278,23.140625,25.224090576171875,0.4537279605865478,1018.1307411193848,19.999753952026367
2024-04-10 13:46:59,0.0011973107466474,0.422826737165451,24.859375,0.0005415718769654,0.4131329655647278,23.140625,25.224090576171875,0.4537279605865478,1018.1307411193848,20.0088005065918
2024-04-10 13:47:00,0.0011973107466474,0.422826737165451,24.859375,0.0005415718769654,0.4131329655647278,23.140625,25.224090576171875,0.4537279605865478,1018.1307411193848,20.0088005065918
2024-04-10 13:47:01,0.0011973107466474,0.422826737165451,24.859375,0.0005415718769654,0.4131329655647278,23.140625,25.224090576171875,0.4537279605865478,1018.1307411193848,20.0088005065918
2024-04-10 13:47:02,0.0011973107466474,0.422826737165451,24.859375,0.0005415718769654,0.4131329655647278,23.140625,25.224090576171875,0.4537279605865478,1018.1307411193848,20.0088005065918
2024-04-10 13:47:03,0.0011973107466474,0.422826737165451,24.859375,0.0005415718769654,0.4131329655647278,23.140625,25.224090576171875,0.4537279605865478,1018.1307411193848,20.0088005065918
2024-04-10 13:47:04,0.0011973107466474,0.422826737165451,24.859375,0.0005415718769654,0.4131329655647278,23.140625,25.224090576171875,0.4537279605865478,1018.1307411193848,20.0088005065918
2024-04-10 13:47:05,0.0011973107466474,0.422826737165451,24.859375,0.0005415718769654,0.4131329655647278,23.140625,25.224090576171875,0.4537279605865478,1018.1307411193848,20.0088005065918
2024-04-10 13:47:06,0.0011973107466474,0.422826737165451,24.859375,0.0005415718769654,0.4131329655647278,23.140625,25.224090576171875,0.4537279605865478,1018.11749458313,20.0088005065918
2024-04-10 13:47:07,0.0011973107466474,0.422826737165451,24.859375,0.0005415718769654,0.4131329655647278,23.140625,25.224090576171875,0.4537279605865478,1018.11749458313,19.99709892272949
2024-04-10 13:47:08,0.0011973107466474,0.422826737165451,24.859375,0.0005415718769654,0.4131329655647278,23.140625,25.224090576171875,0.4537279605865478,1018.11749458313,19.99709892272949
2024-04-10 13:47:09,0.0011973107466474,0.422826737165451,24.859375,0.0005415718769654,0.4131329655647278,23.140625,25.224090576171875,0.4537279605865478,1018.11749458313,19.99709892272949
2024-04-10 13:47:10,0.0011973107466474,0.422826737165451,24.859375,0.0005415718769654,0.4131329655647278,23.140625,25.224090576171875,0.4537279605865478,1018.120527267456,19.99709892272949
2024-04-10 13:47:11,0.0011973107466474,0.422826737165451,24.859375,0.0005415718769654,0.4131329655647278,23.140625,25.224090576171875,0.4537279605865478,1018.120527267456,19.99709892272949
2024-04-10 13:47:12,0.0011973107466474,0.422826737165451,24.859375,0.0005415718769654,0.4131329655647278,23.140625,25.224090576171875,0.4537279605865478,1018.120527267456,19.99709892272949
2024-04-10 13:47:13,0.0011973107466474,0.422826737165451,24.859375,0.0005415718769654,0.4131329655647278,23.140625,25.224090576171875,0.4537279605865478,1018.120527267456,19.99709892272949
2024-04-10 13:47:14,0.0011973107466474,0.422826737165451,24.859375,0.0005415718769654,0.4131329655647278,23.140625,25.224090576171875,0.4537279605865478,1018.120527267456,19.984567642211918
2024-04-10 13:47:15,0.0011973107466474,0.422826737165451,24.859375,0.0005415718769654,0.4131329655647278,23.140625,25.224090576171875,0.4537279605865478,1018.120527267456,19.984567642211918
2024-04-10 13:47:16,0.0011973107466474,0.422826737165451,24.859375,0.0005415718769654,0.4131329655647278,23.140625,25.224090576171875,0.4537279605865478,1018.120527267456,19.984567642211918
2024-04-10 13:47:17,0.0011973107466474,0.422826737165451,24.859375,0.0005415718769654,0.4131329655647278,23.140625,25.224090576171875,0.4523965418338775,1018.120527267456,19.984567642211918
2024-04-10 13:47:18,0.0011973107466474,0.422826737165451,24.859375,0.0005415718769654,0.4131329655647278,23.140625,25.224090576171875,0.4523965418338775,1018.120527267456,19.984567642211918
2024-04-10 13:47:19,0.0011973107466474,0.422826737165451,24.859375,0.0005415718769654,0.4131329655647278,23.140625,25.224090576171875,0.4523965418338775,1018.120527267456,19.984567642211918
2024-04-10 13:47:20,0.0011973107466474,0.422826737165451,24.859375,0.0005415718769654,0.4131329655647278,23.140625,25.224090576171875,0.4523965418338775,1018.1273365020752,19.984567642211918
2024-04-10 13:47:21,0.0011973107466474,0.422826737165451,24.859375,0.0005415718769654,0.4131329655647278,23.140625,25.224090576171875,0.4523965418338775,1018.1273365020752,19.98150062561035
2024-04-10 13:47:22,0.0011973107466474,0.422826737165451,24.859375,0.0005415718769654,0.4131329655647278,23.140625,25.224090576171875,0.4523965418338775,1018.1273365020752,19.98150062561035
2024-04-10 13:47:23,0.0011973107466474,0.422826737165451,24.859375,0.0005415718769654,0.4131329655647278,23.140625,25.224090576171875,0.4523965418338775,1018.1273365020752,19.98150062561035
2024-04-10 13:47:24,0.0011973107466474,0.422826737165451,24.859375,0.0005415718769654,0.4131329655647278,23.140625,25.224090576171875,0.4523965418338775,1018.1273365020752,19.98150062561035
2024-04-10 13:47:25,0.0011973107466474,0.422826737165451,24.859375,0.0005415718769654,0.4131329655647278,23.140625,25.224090576171875,0.4523965418338775,1018.1273365020752,19.98150062561035
2024-04-10 13:47:26,0.0011973107466474,0.422826737165451,24.859375,0.0005415718769654,0.4131329655647278,23.140625,25.224090576171875,0.4523965418338775,1018.1273365020752,19.98150062561035
2024-04-10 13:47:27,0.0011973107466474,0.422826737165451,24.859375,0.0005415718769654,0.4131329655647278,23.140625,25.224090576171875,0.4523965418338775,1018.1643295288086,19.98150062561035
2024-04-10 13:47:28,0.0011973107466474,0.422826737165451,24.859375,0.0005415718769654,0.4131329655647278,23.140625,25.224090576171875,0.4523965418338775,1018.1643295288086,19.98150062561035
2024-04-10 13:47:29,0.0011973107466474,0.422826737165451,24.859375,0.0005415718769654,0.4131329655647278,23.140625,25.224090576171875,0.4523965418338775,1018.1643295288086,19.98150062561035
2024-04-10 13:47:30,0.0011973107466474,0.422826737165451,24.859375,0.0005415718769654,0.4131329655647278,23.140625,25.224090576171875,0.4523965418338775,1018.1643295288086,19.98070526123047
2024-04-10 13:47:31,0.0011973107466474,0.422826737165451,24.859375,0.0005415718769654,0.4131329655647278,23.140625,25.224090576171875,0.4523965418338775,1018.1643295288086,19.98070526123047
2024-04-10 13:47:32,0.0011973107466474,0.422826737165451,24.859375,0.0005415718769654,0.4131329655647278,23.140625,25.224090576171875,0.4523965418338775,1018.1643295288086,19.98070526123047
2024-04-10 13:47:33,0.0011973107466474,0.422826737165451,24.859375,0.0005415718769654,0.4131329655647278,23.140625,25.224090576171875,0.4523965418338775,1018.1643295288086,19.98070526123047
2024-04-10 13:47:34,0.0011973107466474,0.422826737165451,24.859375,0.0005415718769654,0.4131329655647278,23.140625,25.224090576171875,0.4523965418338775,1018.1078815460204,19.98070526123047
2024-04-10 13:47:35,0.0011973107466474,0.422826737165451,24.859375,0.0005415718769654,0.4131329655647278,23.140625,25.224090576171875,0.4523965418338775,1018.1078815460204,19.98070526123047
2024-04-10 13:47:36,0.0011973107466474,0.422826737165451,24.859375,0.0005415718769654,0.4131329655647278,23.140625,25.224090576171875,0.4523965418338775,1018.1078815460204,19.98070526123047
2024-04-10 13:47:37,0.0011973107466474,0.422826737165451,24.859375,0.0005415718769654,0.4131329655647278,23.140625,25.266815185546875,0.4523965418338775,1018.1078815460204,19.96968460083008
2024-04-10 13:47:38,0.0011973107466474,0.422826737165451,24.859375,0.0005415718769654,0.4131329655647278,23.140625,25.266815185546875,0.4523965418338775,1018.1078815460204,19.96968460083008
2024-04-10 13:47:39,0.0011973107466474,0.422826737165451,24.859375,0.0005415718769654,0.4131329655647278,23.140625,25.266815185546875,0.4523965418338775,1018.1078815460204,19.96968460083008
2024-04-10 13:47:40,0.0011973107466474,0.422826737165451,24.859375,0.0005415718769654,0.4131329655647278,23.140625,25.266815185546875,0.4523965418338775,1018.1078815460204,19.96968460083008
2024-04-10 13:47:41,0.0011973107466474,0.422826737165451,24.859375,0.0005415718769654,0.4131329655647278,23.140625,25.266815185546875,0.4523965418338775,1018.1078815460204,19.96968460083008
2024-04-10 13:47:42,0.0011973107466474,0.422826737165451,24.859375,0.0005415718769654,0.4131329655647278,23.140625,25.266815185546875,0.4523965418338775,1018.1078815460204,19.96968460083008
2024-04-10 13:47:43,0.0011973107466474,0.422826737165451,24.859375,0.0005415718769654,0.4131329655647278,23.140625,25.266815185546875,0.4523965418338775,1018.1078815460204,19.96968460083008
2024-04-10 13:47:44,0.0011973107466474,0.422826737165451,24.859375,0.0005415718769654,0.4131329655647278,23.140625,25.266815185546875,0.4523965418338775,1018.1242752075196,19.96968460083008
2024-04-10 13:47:45,0.0011973107466474,0.422826737165451,24.859375,0.0005415718769654,0.4131329655647278,23.140625,25.266815185546875,0.4523965418338775,1018.1242752075196,19.96968460083008
2024-04-10 13:47:46,0.0011973107466474,0.422826737165451,24.859375,0.0005415718769654,0.4131329655647278,23.140625,25.266815185546875,0.4523965418338775,1018.1242752075196,19.96968460083008
2024-04-10 13:47:47,0.0011973107466474,0.422826737165451,24.859375,0.0005415718769654,0.4131329655647278,23.140625,25.266815185546875,0.4523965418338775,1018.1242752075196,19.96968460083008
2024-04-10 13:47:48,0.0011973107466474,0.422826737165451,24.859375,0.0005415718769654,0.4131329655647278,23.140625,25.266815185546875,0.4523965418338775,1018.1242752075196,19.9677677154541
2024-04-10 13:47:49,0.0011973107466474,0.422826737165451,24.859375,0.0005415718769654,0.4131329655647278,23.140625,25.266815185546875,0.4523965418338775,1018.1242752075196,19.9677677154541
2024-04-10 13:47:50,0.0011973107466474,0.422826737165451,24.859375,0.0005415718769654,0.4131329655647278,23.140625,25.266815185546875,0.4523965418338775,1018.1242752075196,19.9677677154541
2024-04-10 13:47:51,0.0011973107466474,0.422826737165451,24.859375,0.0005415718769654,0.4131329655647278,23.140625,25.266815185546875,0.4523965418338775,1018.1363773345948,19.9677677154541
2024-04-10 13:47:52,0.0011973107466474,0.422826737165451,24.859375,0.0005415718769654,0.4131329655647278,23.140625,25.266815185546875,0.4523965418338775,1018.1363773345948,19.9677677154541
2024-04-10 13:47:53,0.0011973107466474,0.422826737165451,24.859375,0.0005415718769654,0.4131329655647278,23.140625,25.266815185546875,0.4523965418338775,1018.1363773345948,19.9677677154541
2024-04-10 13:47:54,0.0011973107466474,0.422826737165451,24.859375,0.0005415718769654,0.4131329655647278,23.140625,25.266815185546875,0.4523965418338775,1018.1363773345948,19.98110008239746
2024-04-10 13:47:55,0.0011973107466474,0.422826737165451,24.859375,0.0005415718769654,0.4131329655647278,23.140625,25.266815185546875,0.4523965418338775,1018.1363773345948,19.98110008239746
2024-04-10 13:47:56,0.0011973107466474,0.422826737165451,24.859375,0.0005415718769654,0.4131329655647278,23.140625,25.266815185546875,0.4523965418338775,1018.1363773345948,19.98110008239746
2024-04-10 13:47:57,0.0011973107466474,0.422826737165451,24.859375,0.0005415718769654,0.4131329655647278,23.140625,25.266815185546875,0.4523965418338775,1018.1363773345948,19.98110008239746
2024-04-10 13:47:58,0.0011973107466474,0.422826737165451,24.859375,0.0005415718769654,0.4131329655647278,23.140625,25.266815185546875,0.4523965418338775,1018.1003856658936,19.98110008239746
2024-04-10 13:47:59,0.0011973107466474,0.422826737165451,24.859375,0.0005415718769654,0.4131329655647278,23.140625,25.266815185546875,0.4523965418338775,1018.1003856658936,19.98110008239746
2024-04-10 13:48:00,0.0011973107466474,0.422826737165451,24.859375,0.0005415718769654,0.4131329655647278,23.140625,25.266815185546875,0.4523965418338775,1018.1003856658936,19.98110008239746
2024-04-10 13:48:01,0.0011973107466474,0.422826737165451,24.859375,0.0005415718769654,0.4131329655647278,23.140625,25.266815185546875,0.4523965418338775,1018.1003856658936,19.98110008239746
2024-04-10 13:48:02,0.0011973107466474,0.422826737165451,24.859375,0.0005415718769654,0.4131329655647278,23.140625,25.266815185546875,0.4523965418338775,1018.1003856658936,19.98162651062012
2024-04-10 13:48:03,0.0011973107466474,0.422826737165451,24.859375,0.0005415718769654,0.4131329655647278,23.140625,25.266815185546875,0.4523965418338775,1018.1003856658936,19.98162651062012
2024-04-10 13:48:04,0.0011973107466474,0.422826737165451,24.859375,0.0005415718769654,0.4131329655647278,23.140625,25.266815185546875,0.4523965418338775,1018.1003856658936,19.98162651062012
2024-04-10 13:48:05,0.0011973107466474,0.422826737165451,24.859375,0.0005415718769654,0.4131329655647278,23.140625,25.266815185546875,0.4523965418338775,1018.1003856658936,19.98162651062012
2024-04-10 13:48:06,0.0011973107466474,0.422826737165451,24.859375,0.0005415718769654,0.4131329655647278,23.140625,25.266815185546875,0.4523965418338775,1018.15691947937,19.98162651062012
2024-04-10 13:48:07,0.0011973107466474,0.422826737165451,24.859375,0.0005415718769654,0.4131329655647278,23.140625,25.266815185546875,0.4523965418338775,1018.15691947937,19.98162651062012
2024-04-10 13:48:08,0.0011973107466474,0.422826737165451,24.859375,0.0005415718769654,0.4131329655647278,23.140625,25.266815185546875,0.4523965418338775,1018.15691947937,19.98162651062012
2024-04-10 13:48:09,0.0011973107466474,0.422826737165451,24.859375,0.0005415718769654,0.4131329655647278,23.140625,25.266815185546875,0.4523965418338775,1018.15691947937,19.98162651062012
2024-04-10 13:48:10,0.0011973107466474,0.422826737165451,24.859375,0.0005415718769654,0.4131329655647278,23.140625,25.266815185546875,0.4523965418338775,1018.15691947937,19.98162651062012
2024-04-10 13:48:11,0.0011973107466474,0.422826737165451,24.859375,0.0005415718769654,0.4131329655647278,23.140625,25.266815185546875,0.4523965418338775,1018.15691947937,19.9985466003418
2024-04-10 13:48:12,0.0011973107466474,0.422826737165451,24.859375,0.0005415718769654,0.4131329655647278,23.140625,25.266815185546875,0.4523965418338775,1018.15691947937,19.9985466003418
2024-04-10 13:48:13,0.0011973107466474,0.422826737165451,24.859375,0.0005415718769654,0.4131329655647278,23.140625,25.266815185546875,0.4523965418338775,1018.15691947937,19.9985466003418
2024-04-10 13:48:14,0.0011973107466474,0.422826737165451,24.859375,0.0005415718769654,0.4131329655647278,23.140625,25.266815185546875,0.4523965418338775,1018.15691947937,19.9985466003418
2024-04-10 13:48:15,0.0011973107466474,0.422826737165451,24.859375,0.0005415718769654,0.4131329655647278,23.140625,25.266815185546875,0.4523965418338775,1018.1884479522704,19.9985466003418
2024-04-10 13:48:16,0.0011973107466474,0.422826737165451,24.859375,0.0005415718769654,0.4131329655647278,23.140625,25.266815185546875,0.454040914773941,1018.1884479522704,19.9985466003418
2024-04-10 13:48:17,0.0011973107466474,0.422826737165451,24.859375,0.0005415718769654,0.4131329655647278,23.140625,25.266815185546875,0.454040914773941,1018.1884479522704,19.9985466003418
2024-04-10 13:48:18,0.0011973107466474,0.422826737165451,24.859375,0.0005415718769654,0.4131329655647278,23.140625,25.266815185546875,0.454040914773941,1018.1884479522704,20.011232376098636
2024-04-10 13:48:19,0.0011973107466474,0.422826737165451,24.859375,0.0005415718769654,0.4131329655647278,23.140625,25.266815185546875,0.454040914773941,1018.1884479522704,20.011232376098636
2024-04-10 13:48:20,0.0011973107466474,0.422826737165451,24.859375,0.0005415718769654,0.4131329655647278,23.140625,25.266815185546875,0.454040914773941,1018.1884479522704,20.011232376098636
2024-04-10 13:48:21,0.0011973107466474,0.422826737165451,24.859375,0.0005415718769654,0.4131329655647278,23.140625,25.266815185546875,0.454040914773941,1018.1977462768556,20.011232376098636
2024-04-10 13:48:22,0.0011973107466474,0.422826737165451,24.859375,0.0005415718769654,0.4131329655647278,23.140625,25.266815185546875,0.454040914773941,1018.1977462768556,20.011232376098636
2024-04-10 13:48:23,0.0011973107466474,0.422826737165451,24.859375,0.0005415718769654,0.4131329655647278,23.140625,25.266815185546875,0.454040914773941,1018.1977462768556,20.011232376098636
2024-04-10 13:48:24,0.0011973107466474,0.422826737165451,24.859375,0.0005415718769654,0.4131329655647278,23.140625,25.266815185546875,0.454040914773941,1018.1977462768556,20.011232376098636
2024-04-10 13:48:25,0.0011973107466474,0.422826737165451,24.859375,0.0005415718769654,0.4131329655647278,23.140625,25.266815185546875,0.454040914773941,1018.1977462768556,20.011232376098636
2024-04-10 13:48:26,0.0011973107466474,0.422826737165451,24.859375,0.0005415718769654,0.4131329655647278,23.140625,25.266815185546875,0.454040914773941,1018.1977462768556,20.03204345703125
2024-04-10 13:48:27,0.0011973107466474,0.422826737165451,24.859375,0.0005415718769654,0.4131329655647278,23.140625,25.266815185546875,0.454040914773941,1018.1977462768556,20.03204345703125
2024-04-10 13:48:28,0.0011973107466474,0.422826737165451,24.859375,0.0005415718769654,0.4131329655647278,23.140625,25.266815185546875,0.454040914773941,1018.1977462768556,20.03204345703125
2024-04-10 13:48:29,0.0011973107466474,0.422826737165451,24.859375,0.0005415718769654,0.4131329655647278,23.140625,25.266815185546875,0.454040914773941,1018.1977462768556,20.03204345703125
2024-04-10 13:48:30,0.0011973107466474,0.422826737165451,24.859375,0.0005415718769654,0.4131329655647278,23.140625,25.266815185546875,0.454040914773941,1018.1977462768556,20.03204345703125
2024-04-10 13:48:31,0.0011973107466474,0.422826737165451,24.859375,0.0005415718769654,0.4131329655647278,23.140625,25.266815185546875,0.454040914773941,1018.1532573699952,20.03204345703125
2024-04-10 13:48:32,0.0011973107466474,0.422826737165451,24.859375,0.0005415718769654,0.4131329655647278,23.140625,25.266815185546875,0.454040914773941,1018.1532573699952,20.03204345703125
2024-04-10 13:48:33,0.0011973107466474,0.422826737165451,24.859375,0.0005415718769654,0.4131329655647278,23.140625,25.266815185546875,0.454040914773941,1018.1532573699952,20.03204345703125
2024-04-10 13:48:34,0.0011973107466474,0.422826737165451,24.859375,0.0005415718769654,0.4131329655647278,23.140625,25.266815185546875,0.454040914773941,1018.1532573699952,20.03204345703125
2024-04-10 13:48:35,0.0011973107466474,0.422826737165451,24.859375,0.0005415718769654,0.4131329655647278,23.140625,25.266815185546875,0.454040914773941,1018.1532573699952,20.025171279907227
2024-04-10 13:48:36,0.0011973107466474,0.422826737165451,24.859375,0.0005415718769654,0.4131329655647278,23.140625,25.44769287109375,0.454040914773941,1018.1532573699952,20.025171279907227
2024-04-10 13:48:37,0.0011973107466474,0.422826737165451,24.859375,0.0005415718769654,0.4131329655647278,23.140625,25.44769287109375,0.454040914773941,1018.1532573699952,20.025171279907227
2024-04-10 13:48:38,0.0011973107466474,0.422826737165451,24.859375,0.0005415718769654,0.4131329655647278,23.140625,25.44769287109375,0.454040914773941,1018.1532573699952,20.025171279907227
2024-04-10 13:48:39,0.0011973107466474,0.422826737165451,24.859375,0.0005415718769654,0.4131329655647278,23.140625,25.44769287109375,0.454040914773941,1018.1532573699952,20.025171279907227
2024-04-10 13:48:40,0.0011973107466474,0.422826737165451,24.859375,0.0005415718769654,0.4131329655647278,23.140625,25.44769287109375,0.454040914773941,1018.1532573699952,20.025171279907227
2024-04-10 13:48:41,0.0011973107466474,0.422826737165451,24.859375,0.0005415718769654,0.4131329655647278,23.140625,25.44769287109375,0.454040914773941,1018.1532573699952,20.023557662963867
2024-04-10 13:48:42,0.0011973107466474,0.422826737165451,24.859375,0.0005415718769654,0.4131329655647278,23.140625,25.44769287109375,0.454040914773941,1018.1295680999756,20.023557662963867
2024-04-10 13:48:43,0.0011973107466474,0.422826737165451,24.859375,0.0005415718769654,0.4131329655647278,23.140625,25.44769287109375,0.454040914773941,1018.1295680999756,20.023557662963867
2024-04-10 13:48:44,0.0011973107466474,0.422826737165451,24.859375,0.0005415718769654,0.4131329655647278,23.140625,25.44769287109375,0.454040914773941,1018.1295680999756,20.023557662963867
2024-04-10 13:48:45,0.0011973107466474,0.422826737165451,24.859375,0.0005415718769654,0.4131329655647278,23.140625,25.44769287109375,0.454040914773941,1018.1838130950928,20.023557662963867
2024-04-10 13:48:46,0.0011973107466474,0.422826737165451,24.859375,0.0005415718769654,0.4131329655647278,23.140625,25.44769287109375,0.454040914773941,1018.1838130950928,20.023557662963867
2024-04-10 13:48:47,0.0011973107466474,0.422826737165451,24.859375,0.0005415718769654,0.4131329655647278,23.140625,25.44769287109375,0.454040914773941,1018.1838130950928,20.023557662963867
2024-04-10 13:48:48,0.0011973107466474,0.422826737165451,24.859375,0.0005415718769654,0.4131329655647278,23.140625,25.44769287109375,0.454040914773941,1018.1838130950928,20.023557662963867
2024-04-10 13:48:49,0.0011973107466474,0.422826737165451,24.859375,0.0005415718769654,0.4131329655647278,23.140625,25.44769287109375,0.454040914773941,1018.1838130950928,20.023557662963867
2024-04-10 13:48:50,0.0011973107466474,0.422826737165451,24.859375,0.0005415718769654,0.4131329655647278,23.140625,25.44769287109375,0.454040914773941,1018.1838130950928,20.023557662963867
2024-04-10 13:48:51,0.0011973107466474,0.422826737165451,24.859375,0.0005415718769654,0.4131329655647278,23.140625,25.44769287109375,0.454040914773941,1018.1838130950928,20.023557662963867
2024-04-10 13:48:52,0.0011973107466474,0.422826737165451,24.859375,0.0005415718769654,0.4131329655647278,23.140625,25.44769287109375,0.454040914773941,1018.1838130950928,19.99263572692871
2024-04-10 13:48:53,0.0011973107466474,0.422826737165451,24.859375,0.0005415718769654,0.4131329655647278,23.140625,25.44769287109375,0.454040914773941,1018.1838130950928,19.99263572692871
2024-04-10 13:48:54,0.0011973107466474,0.422826737165451,24.859375,0.0005415718769654,0.4131329655647278,23.140625,25.44769287109375,0.454040914773941,1018.1838130950928,19.99263572692871
2024-04-10 13:48:55,0.0011973107466474,0.422826737165451,24.859375,0.0005415718769654,0.4131329655647278,23.140625,25.44769287109375,0.454040914773941,1018.1702518463136,19.99263572692871
2024-04-10 13:48:56,0.0011973107466474,0.422826737165451,24.859375,0.0005415718769654,0.4131329655647278,23.140625,25.44769287109375,0.454040914773941,1018.1702518463136,19.99263572692871
2024-04-10 13:48:57,0.0011973107466474,0.422826737165451,24.859375,0.0005415718769654,0.4131329655647278,23.140625,25.44769287109375,0.454040914773941,1018.1702518463136,19.99263572692871
2024-04-10 13:48:58,0.0011973107466474,0.422826737165451,24.859375,0.0005415718769654,0.4131329655647278,23.140625,25.44769287109375,0.454040914773941,1018.1702518463136,19.99263572692871
2024-04-10 13:48:59,0.0011973107466474,0.422826737165451,24.859375,0.0005415718769654,0.4131329655647278,23.140625,25.44769287109375,0.454040914773941,1018.1702518463136,20.0047664642334
2024-04-10 13:49:00,0.0011973107466474,0.422826737165451,24.859375,0.0005415718769654,0.4131329655647278,23.140625,25.44769287109375,0.454040914773941,1018.1702518463136,20.0047664642334
2024-04-10 13:49:01,0.0011973107466474,0.422826737165451,24.859375,0.0005415718769654,0.4131329655647278,23.140625,25.44769287109375,0.454040914773941,1018.1702518463136,20.0047664642334
2024-04-10 13:49:02,0.0011973107466474,0.422826737165451,24.859375,0.0005415718769654,0.4131329655647278,23.140625,25.44769287109375,0.454040914773941,1018.1345462799072,20.0047664642334
2024-04-10 13:49:03,0.0011973107466474,0.422826737165451,24.859375,0.0005415718769654,0.4131329655647278,23.140625,25.44769287109375,0.454040914773941,1018.1345462799072,20.0047664642334
2024-04-10 13:49:04,0.0011973107466474,0.422826737165451,24.859375,0.0005415718769654,0.4131329655647278,23.140625,25.44769287109375,0.454040914773941,1018.1345462799072,20.0047664642334
2024-04-10 13:49:05,0.0011973107466474,0.422826737165451,24.859375,0.0005415718769654,0.4131329655647278,23.140625,25.44769287109375,0.454040914773941,1018.1345462799072,20.0047664642334
2024-04-10 13:49:06,0.0011973107466474,0.422826737165451,24.859375,0.0005415718769654,0.4131329655647278,23.140625,25.44769287109375,0.454040914773941,1018.1345462799072,20.0047664642334
2024-04-10 13:49:07,0.0011973107466474,0.422826737165451,24.859375,0.0005415718769654,0.4131329655647278,23.140625,25.44769287109375,0.454040914773941,1018.1345462799072,20.0047664642334
2024-04-10 13:49:08,0.0011973107466474,0.422826737165451,24.859375,0.0005415718769654,0.4131329655647278,23.140625,25.44769287109375,0.454040914773941,1018.1345462799072,20.01512336730957
2024-04-10 13:49:09,0.0011973107466474,0.422826737165451,24.859375,0.0005415718769654,0.4131329655647278,23.140625,25.44769287109375,0.454040914773941,1018.1708526611328,20.01512336730957
2024-04-10 13:49:10,0.0011973107466474,0.422826737165451,24.859375,0.0005415718769654,0.4131329655647278,23.140625,25.44769287109375,0.454040914773941,1018.1708526611328,20.01512336730957
2024-04-10 13:49:11,0.0011973107466474,0.422826737165451,24.859375,0.0005415718769654,0.4131329655647278,23.140625,25.44769287109375,0.454040914773941,1018.1708526611328,20.01512336730957
2024-04-10 13:49:12,0.0011973107466474,0.422826737165451,24.859375,0.0005415718769654,0.4131329655647278,23.140625,25.44769287109375,0.454040914773941,1018.1708526611328,20.01512336730957
2024-04-10 13:49:13,0.0011973107466474,0.422826737165451,24.859375,0.0005415718769654,0.4131329655647278,23.140625,25.44769287109375,0.454040914773941,1018.1708526611328,20.01512336730957
2024-04-10 13:49:14,0.0011973107466474,0.422826737165451,24.859375,0.0005415718769654,0.4131329655647278,23.140625,25.44769287109375,0.454040914773941,1018.1708526611328,20.0234432220459
2024-04-10 13:49:15,0.0011973107466474,0.422826737165451,24.859375,0.0005415718769654,0.4131329655647278,23.140625,25.44769287109375,0.454040914773941,1018.1708526611328,20.0234432220459
2024-04-10 13:49:16,0.0011973107466474,0.422826737165451,24.859375,0.0005415718769654,0.4131329655647278,23.140625,25.44769287109375,0.454040914773941,1018.1708526611328,20.0234432220459
2024-04-10 13:49:17,0.0011973107466474,0.422826737165451,24.859375,0.0005415718769654,0.4131329655647278,23.140625,25.44769287109375,0.454040914773941,1018.1708526611328,20.0234432220459
2024-04-10 13:49:18,0.0011973107466474,0.422826737165451,24.859375,0.0005415718769654,0.4131329655647278,23.140625,25.44769287109375,0.4557321965694427,1018.1708526611328,20.0234432220459
2024-04-10 13:49:19,0.0011973107466474,0.422826737165451,24.859375,0.0005415718769654,0.4131329655647278,23.140625,25.44769287109375,0.4557321965694427,1018.1708526611328,20.0234432220459
2024-04-10 13:49:20,0.0011973107466474,0.422826737165451,24.859375,0.0005415718769654,0.4131329655647278,23.140625,25.44769287109375,0.4557321965694427,1018.1797790527344,20.0234432220459
2024-04-10 13:49:21,0.0011973107466474,0.422826737165451,24.859375,0.0005415718769654,0.4131329655647278,23.140625,25.44769287109375,0.4557321965694427,1018.1797790527344,20.0234432220459
2024-04-10 13:49:22,0.0011973107466474,0.422826737165451,24.859375,0.0005415718769654,0.4131329655647278,23.140625,25.44769287109375,0.4557321965694427,1018.1797790527344,20.036529541015625
2024-04-10 13:49:23,0.0011973107466474,0.422826737165451,24.859375,0.0005415718769654,0.4131329655647278,23.140625,25.44769287109375,0.4557321965694427,1018.1797790527344,20.036529541015625
2024-04-10 13:49:24,0.0011973107466474,0.422826737165451,24.859375,0.0005415718769654,0.4131329655647278,23.140625,25.44769287109375,0.4557321965694427,1018.1797790527344,20.036529541015625
2024-04-10 13:49:25,0.0011973107466474,0.422826737165451,24.859375,0.0005415718769654,0.4131329655647278,23.140625,25.44769287109375,0.4557321965694427,1018.1797790527344,20.036529541015625
2024-04-10 13:49:26,0.0011973107466474,0.422826737165451,24.859375,0.0005415718769654,0.4131329655647278,23.140625,25.44769287109375,0.4557321965694427,1018.2211208343506,20.036529541015625
2024-04-10 13:49:27,0.0011973107466474,0.422826737165451,24.859375,0.0005415718769654,0.4131329655647278,23.140625,25.44769287109375,0.4557321965694427,1018.2211208343506,20.036529541015625
2024-04-10 13:49:28,0.0011973107466474,0.422826737165451,24.859375,0.0005415718769654,0.4131329655647278,23.140625,25.44769287109375,0.4557321965694427,1018.2211208343506,20.036529541015625
2024-04-10 13:49:29,0.0011973107466474,0.422826737165451,24.859375,0.0005415718769654,0.4131329655647278,23.140625,25.44769287109375,0.4557321965694427,1018.2211208343506,20.036529541015625
2024-04-10 13:49:30,0.0011973107466474,0.422826737165451,24.859375,0.0005415718769654,0.4131329655647278,23.140625,25.44769287109375,0.4557321965694427,1018.2211208343506,20.03197479248047
2024-04-10 13:49:31,0.0011973107466474,0.422826737165451,24.859375,0.0005415718769654,0.4131329655647278,23.140625,25.44769287109375,0.4557321965694427,1018.2211208343506,20.03197479248047
2024-04-10 13:49:32,0.0011973107466474,0.422826737165451,24.859375,0.0005415718769654,0.4131329655647278,23.140625,25.44769287109375,0.4557321965694427,1018.2211208343506,20.03197479248047
2024-04-10 13:49:33,0.0011973107466474,0.422826737165451,24.859375,0.0005415718769654,0.4131329655647278,23.140625,25.44769287109375,0.4557321965694427,1018.2211208343506,20.03197479248047
2024-04-10 13:49:34,0.0011973107466474,0.422826737165451,24.859375,0.0005415718769654,0.4131329655647278,23.140625,25.44769287109375,0.4557321965694427,1018.2211208343506,20.03197479248047
2024-04-10 13:49:35,0.0011973107466474,0.422826737165451,24.859375,0.0005415718769654,0.4131329655647278,23.140625,25.44769287109375,0.4557321965694427,1018.2211208343506,20.03197479248047
2024-04-10 13:49:36,0.0011973107466474,0.422826737165451,24.859375,0.0005415718769654,0.4131329655647278,23.140625,25.44769287109375,0.4557321965694427,1018.1730556488036,20.03197479248047
2024-04-10 13:49:37,0.0011973107466474,0.422826737165451,24.859375,0.0005415718769654,0.4131329655647278,23.140625,25.72772216796875,0.4557321965694427,1018.1730556488036,20.03197479248047
2024-04-10 13:49:38,0.0011973107466474,0.422826737165451,24.859375,0.0005415718769654,0.4131329655647278,23.140625,25.72772216796875,0.4557321965694427,1018.1730556488036,20.03197479248047
2024-04-10 13:49:39,0.0011973107466474,0.422826737165451,24.859375,0.0005415718769654,0.4131329655647278,23.140625,25.72772216796875,0.4557321965694427,1018.1730556488036,20.03197479248047
2024-04-10 13:49:40,0.0011973107466474,0.422826737165451,24.859375,0.0005415718769654,0.4131329655647278,23.140625,25.72772216796875,0.4557321965694427,1018.1730556488036,19.951923370361328
2024-04-10 13:49:41,0.0011973107466474,0.422826737165451,24.859375,0.0005415718769654,0.4131329655647278,23.140625,25.72772216796875,0.4557321965694427,1018.1730556488036,19.951923370361328
2024-04-10 13:49:42,0.0011973107466474,0.422826737165451,24.859375,0.0005415718769654,0.4131329655647278,23.140625,25.72772216796875,0.4557321965694427,1018.1730556488036,19.951923370361328
2024-04-10 13:49:43,0.0011973107466474,0.422826737165451,24.859375,0.0005415718769654,0.4131329655647278,23.140625,25.72772216796875,0.4557321965694427,1018.1901359558104,19.951923370361328
2024-04-10 13:49:44,0.0011973107466474,0.422826737165451,24.859375,0.0005415718769654,0.4131329655647278,23.140625,25.72772216796875,0.4557321965694427,1018.1901359558104,19.951923370361328
2024-04-10 13:49:45,0.0011973107466474,0.422826737165451,24.859375,0.0005415718769654,0.4131329655647278,23.140625,25.72772216796875,0.4557321965694427,1018.1901359558104,19.951923370361328
2024-04-10 13:49:46,0.0011973107466474,0.422826737165451,24.859375,0.0005415718769654,0.4131329655647278,23.140625,25.72772216796875,0.4557321965694427,1018.1901359558104,19.951923370361328
2024-04-10 13:49:47,0.0011973107466474,0.422826737165451,24.859375,0.0005415718769654,0.4131329655647278,23.140625,25.72772216796875,0.4557321965694427,1018.1901359558104,19.951637268066406
2024-04-10 13:49:48,0.0011973107466474,0.422826737165451,24.859375,0.0005415718769654,0.4131329655647278,23.140625,25.72772216796875,0.4557321965694427,1018.1901359558104,19.951637268066406
2024-04-10 13:49:49,0.0011973107466474,0.422826737165451,24.859375,0.0005415718769654,0.4131329655647278,23.140625,25.72772216796875,0.4557321965694427,1018.1901359558104,19.951637268066406
2024-04-10 13:49:50,0.0011973107466474,0.422826737165451,24.859375,0.0005415718769654,0.4131329655647278,23.140625,25.72772216796875,0.4557321965694427,1018.1491374969482,19.951637268066406
2024-04-10 13:49:51,0.0011973107466474,0.422826737165451,24.859375,0.0005415718769654,0.4131329655647278,23.140625,25.72772216796875,0.4557321965694427,1018.1491374969482,19.951637268066406
2024-04-10 13:49:52,0.0011973107466474,0.422826737165451,24.859375,0.0005415718769654,0.4131329655647278,23.140625,25.72772216796875,0.4557321965694427,1018.1491374969482,19.951637268066406
2024-04-10 13:49:53,0.0011973107466474,0.422826737165451,24.859375,0.0005415718769654,0.4131329655647278,23.140625,25.72772216796875,0.4557321965694427,1018.1491374969482,19.951637268066406
2024-04-10 13:49:54,0.0011973107466474,0.422826737165451,24.859375,0.0005415718769654,0.4131329655647278,23.140625,25.72772216796875,0.4557321965694427,1018.1491374969482,19.951637268066406
2024-04-10 13:49:55,0.0011973107466474,0.422826737165451,24.859375,0.0005415718769654,0.4131329655647278,23.140625,25.72772216796875,0.4557321965694427,1018.1491374969482,19.95761108398437
2024-04-10 13:49:56,0.0011973107466474,0.422826737165451,24.859375,0.0005415718769654,0.4131329655647278,23.140625,25.72772216796875,0.4557321965694427,1018.1491374969482,19.95761108398437
2024-04-10 13:49:57,0.0011973107466474,0.422826737165451,24.859375,0.0005415718769654,0.4131329655647278,23.140625,25.72772216796875,0.4557321965694427,1018.1643295288086,19.95761108398437
2024-04-10 13:49:58,0.0011973107466474,0.422826737165451,24.859375,0.0005415718769654,0.4131329655647278,23.140625,25.72772216796875,0.4557321965694427,1018.1643295288086,19.95761108398437
2024-04-10 13:49:59,0.0011973107466474,0.422826737165451,24.859375,0.0005415718769654,0.4131329655647278,23.140625,25.72772216796875,0.4557321965694427,1018.1643295288086,19.95761108398437
2024-04-10 13:50:00,0.0011973107466474,0.422826737165451,24.859375,0.0005415718769654,0.4131329655647278,23.140625,25.72772216796875,0.4557321965694427,1018.1643295288086,19.95761108398437
2024-04-10 13:50:01,0.0011973107466474,0.422826737165451,24.859375,0.0005415718769654,0.4131329655647278,23.140625,25.72772216796875,0.4557321965694427,1018.1643295288086,19.95761108398437
2024-04-10 13:50:02,0.0011973107466474,0.422826737165451,24.859375,0.0005415718769654,0.4131329655647278,23.140625,25.72772216796875,0.4557321965694427,1018.1643295288086,19.95761108398437
2024-04-10 13:50:03,0.0011973107466474,0.422826737165451,24.859375,0.0005415718769654,0.4131329655647278,23.140625,25.72772216796875,0.4557321965694427,1018.1643295288086,19.96316146850586
2024-04-10 13:50:04,0.0011973107466474,0.422826737165451,24.859375,0.0005415718769654,0.4131329655647278,23.140625,25.72772216796875,0.4557321965694427,1018.1643295288086,19.96316146850586
2024-04-10 13:50:05,0.0011973107466474,0.422826737165451,24.859375,0.0005415718769654,0.4131329655647278,23.140625,25.72772216796875,0.4557321965694427,1018.1643295288086,19.96316146850586
2024-04-10 13:50:06,0.0011973107466474,0.422826737165451,24.859375,0.0005415718769654,0.4131329655647278,23.140625,25.72772216796875,0.4557321965694427,1018.1643295288086,19.96316146850586
2024-04-10 13:50:07,0.0011973107466474,0.422826737165451,24.859375,0.0005415718769654,0.4131329655647278,23.140625,25.72772216796875,0.4557321965694427,1018.208074569702,19.96316146850586
2024-04-10 13:50:08,0.0011973107466474,0.422826737165451,24.859375,0.0005415718769654,0.4131329655647278,23.140625,25.72772216796875,0.4557321965694427,1018.208074569702,19.96316146850586
2024-04-10 13:50:09,0.0011973107466474,0.422826737165451,24.859375,0.0005415718769654,0.4131329655647278,23.140625,25.72772216796875,0.4557321965694427,1018.208074569702,19.96316146850586
2024-04-10 13:50:10,0.0011973107466474,0.422826737165451,24.859375,0.0005415718769654,0.4131329655647278,23.140625,25.72772216796875,0.4557321965694427,1018.208074569702,19.96316146850586
2024-04-10 13:50:11,0.0011973107466474,0.422826737165451,24.859375,0.0005415718769654,0.4131329655647278,23.140625,25.72772216796875,0.4557321965694427,1018.208074569702,19.95264434814453
2024-04-10 13:50:12,0.0011973107466474,0.422826737165451,24.859375,0.0005415718769654,0.4131329655647278,23.140625,25.72772216796875,0.4557321965694427,1018.208074569702,19.95264434814453
2024-04-10 13:50:13,0.0011973107466474,0.422826737165451,24.859375,0.0005415718769654,0.4131329655647278,23.140625,25.72772216796875,0.4557321965694427,1018.208074569702,19.95264434814453
2024-04-10 13:50:14,0.0011973107466474,0.422826737165451,24.859375,0.0005415718769654,0.4131329655647278,23.140625,25.72772216796875,0.4557321965694427,1018.1573486328124,19.95264434814453
2024-04-10 13:50:15,0.0011973107466474,0.422826737165451,24.859375,0.0005415718769654,0.4131329655647278,23.140625,25.72772216796875,0.4557321965694427,1018.1573486328124,19.95264434814453
2024-04-10 13:50:16,0.0011973107466474,0.422826737165451,24.859375,0.0005415718769654,0.4131329655647278,23.140625,25.72772216796875,0.4557321965694427,1018.1573486328124,19.95264434814453
2024-04-10 13:50:17,0.0011973107466474,0.422826737165451,24.859375,0.0005415718769654,0.4131329655647278,23.140625,25.72772216796875,0.4557321965694427,1018.1573486328124,19.95264434814453
2024-04-10 13:50:18,0.0011973107466474,0.422826737165451,24.859375,0.0005415718769654,0.4131329655647278,23.140625,25.72772216796875,0.4554664492607116,1018.1573486328124,19.95264434814453
2024-04-10 13:50:19,0.0011973107466474,0.422826737165451,24.859375,0.0005415718769654,0.4131329655647278,23.140625,25.72772216796875,0.4554664492607116,1018.1573486328124,19.94464492797852
2024-04-10 13:50:20,0.0011973107466474,0.422826737165451,24.859375,0.0005415718769654,0.4131329655647278,23.140625,25.72772216796875,0.4554664492607116,1018.1573486328124,19.94464492797852
2024-04-10 13:50:21,0.0011973107466474,0.422826737165451,24.859375,0.0005415718769654,0.4131329655647278,23.140625,25.72772216796875,0.4554664492607116,1018.1415843963624,19.94464492797852
2024-04-10 13:50:22,0.0011973107466474,0.422826737165451,24.859375,0.0005415718769654,0.4131329655647278,23.140625,25.72772216796875,0.4554664492607116,1018.1415843963624,19.94464492797852
2024-04-10 13:50:23,0.0011973107466474,0.422826737165451,24.859375,0.0005415718769654,0.4131329655647278,23.140625,25.72772216796875,0.4554664492607116,1018.1415843963624,19.94464492797852
2024-04-10 13:50:24,0.0011973107466474,0.422826737165451,24.859375,0.0005415718769654,0.4131329655647278,23.140625,25.72772216796875,0.4554664492607116,1018.1415843963624,19.94464492797852
2024-04-10 13:50:25,0.0011973107466474,0.422826737165451,24.859375,0.0005415718769654,0.4131329655647278,23.140625,25.72772216796875,0.4554664492607116,1018.1415843963624,19.94464492797852
2024-04-10 13:50:26,0.0011973107466474,0.422826737165451,24.859375,0.0005415718769654,0.4131329655647278,23.140625,25.72772216796875,0.4554664492607116,1018.1415843963624,19.964111328125
2024-04-10 13:50:27,0.0011973107466474,0.422826737165451,24.859375,0.0005415718769654,0.4131329655647278,23.140625,25.72772216796875,0.4554664492607116,1018.1415843963624,19.964111328125
2024-04-10 13:50:28,0.0011973107466474,0.422826737165451,24.859375,0.0005415718769654,0.4131329655647278,23.140625,25.72772216796875,0.4554664492607116,1018.1415843963624,19.964111328125
2024-04-10 13:50:29,0.0011973107466474,0.422826737165451,24.859375,0.0005415718769654,0.4131329655647278,23.140625,25.72772216796875,0.4554664492607116,1018.2113647460938,19.964111328125
2024-04-10 13:50:30,0.0011973107466474,0.422826737165451,24.859375,0.0005415718769654,0.4131329655647278,23.140625,25.72772216796875,0.4554664492607116,1018.2113647460938,19.964111328125
2024-04-10 13:50:31,0.0011973107466474,0.422826737165451,24.859375,0.0005415718769654,0.4131329655647278,23.140625,25.72772216796875,0.4554664492607116,1018.2113647460938,19.964111328125
2024-04-10 13:50:32,0.0011973107466474,0.422826737165451,24.859375,0.0005415718769654,0.4131329655647278,23.140625,25.72772216796875,0.4554664492607116,1018.2113647460938,19.964111328125
2024-04-10 13:50:33,0.0011973107466474,0.422826737165451,24.859375,0.0005415718769654,0.4131329655647278,23.140625,25.72772216796875,0.4554664492607116,1018.2113647460938,19.964111328125
2024-04-10 13:50:34,0.0011973107466474,0.422826737165451,24.859375,0.0005415718769654,0.4131329655647278,23.140625,25.72772216796875,0.4554664492607116,1018.2113647460938,19.963218688964844
2024-04-10 13:50:35,0.0011973107466474,0.422826737165451,24.859375,0.0005415718769654,0.4131329655647278,23.140625,25.72772216796875,0.4554664492607116,1018.2113647460938,19.963218688964844
2024-04-10 13:50:36,0.0011973107466474,0.422826737165451,24.859375,0.0005415718769654,0.4131329655647278,23.140625,26.3009033203125,0.4554664492607116,1018.2113647460938,19.963218688964844
2024-04-10 13:50:37,0.0011973107466474,0.422826737165451,24.859375,0.0005415718769654,0.4131329655647278,23.140625,26.3009033203125,0.4554664492607116,1018.2113647460938,19.963218688964844
2024-04-10 13:50:38,0.0011973107466474,0.422826737165451,24.859375,0.0005415718769654,0.4131329655647278,23.140625,26.3009033203125,0.4554664492607116,1018.177375793457,19.963218688964844
2024-04-10 13:50:39,0.0011973107466474,0.422826737165451,24.859375,0.0005415718769654,0.4131329655647278,23.140625,26.3009033203125,0.4554664492607116,1018.177375793457,19.963218688964844
2024-04-10 13:50:40,0.0011973107466474,0.422826737165451,24.859375,0.0005415718769654,0.4131329655647278,23.140625,26.3009033203125,0.4554664492607116,1018.177375793457,19.963218688964844
2024-04-10 13:50:41,0.0011973107466474,0.422826737165451,24.859375,0.0005415718769654,0.4131329655647278,23.140625,26.3009033203125,0.4554664492607116,1018.177375793457,19.963218688964844
2024-04-10 13:50:42,0.0011973107466474,0.422826737165451,24.859375,0.0005415718769654,0.4131329655647278,23.140625,26.3009033203125,0.4554664492607116,1018.177375793457,19.96393394470215
2024-04-10 13:50:43,0.0011973107466474,0.422826737165451,24.859375,0.0005415718769654,0.4131329655647278,23.140625,26.3009033203125,0.4554664492607116,1018.177375793457,19.96393394470215
2024-04-10 13:50:44,0.0011973107466474,0.422826737165451,24.859375,0.0005415718769654,0.4131329655647278,23.140625,26.3009033203125,0.4554664492607116,1018.177375793457,19.96393394470215
2024-04-10 13:50:45,0.0011973107466474,0.422826737165451,24.859375,0.0005415718769654,0.4131329655647278,23.140625,26.3009033203125,0.4554664492607116,1018.177375793457,19.96393394470215
2024-04-10 13:50:46,0.0011973107466474,0.422826737165451,24.859375,0.0005415718769654,0.4131329655647278,23.140625,26.3009033203125,0.4554664492607116,1018.177375793457,19.96393394470215
2024-04-10 13:50:47,0.0011973107466474,0.422826737165451,24.859375,0.0005415718769654,0.4131329655647278,23.140625,26.3009033203125,0.4554664492607116,1018.177375793457,19.96393394470215
2024-04-10 13:50:48,0.0011973107466474,0.422826737165451,24.859375,0.0005415718769654,0.4131329655647278,23.140625,26.3009033203125,0.4554664492607116,1018.1911087036132,19.96393394470215
2024-04-10 13:50:49,0.0011973107466474,0.422826737165451,24.859375,0.0005415718769654,0.4131329655647278,23.140625,26.3009033203125,0.4554664492607116,1018.1911087036132,19.954790115356445
2024-04-10 13:50:50,0.0011973107466474,0.422826737165451,24.859375,0.0005415718769654,0.4131329655647278,23.140625,26.3009033203125,0.4554664492607116,1018.1911087036132,19.954790115356445
2024-04-10 13:50:51,0.0011973107466474,0.422826737165451,24.859375,0.0005415718769654,0.4131329655647278,23.140625,26.3009033203125,0.4554664492607116,1018.1911087036132,19.954790115356445
2024-04-10 13:50:52,0.0011973107466474,0.422826737165451,24.859375,0.0005415718769654,0.4131329655647278,23.140625,26.3009033203125,0.4554664492607116,1018.1911087036132,19.954790115356445
2024-04-10 13:50:53,0.0011973107466474,0.422826737165451,24.859375,0.0005415718769654,0.4131329655647278,23.140625,26.3009033203125,0.4554664492607116,1018.1911087036132,19.954790115356445
2024-04-10 13:50:54,0.0011973107466474,0.422826737165451,24.859375,0.0005415718769654,0.4131329655647278,23.140625,26.3009033203125,0.4554664492607116,1018.1911087036132,19.954790115356445
2024-04-10 13:50:55,0.0011973107466474,0.422826737165451,24.859375,0.0005415718769654,0.4131329655647278,23.140625,26.3009033203125,0.4554664492607116,1018.1490802764891,19.954790115356445
2024-04-10 13:50:56,0.0011973107466474,0.422826737165451,24.859375,0.0005415718769654,0.4131329655647278,23.140625,26.3009033203125,0.4554664492607116,1018.1490802764891,19.954790115356445
2024-04-10 13:50:57,0.0011973107466474,0.422826737165451,24.859375,0.0005415718769654,0.4131329655647278,23.140625,26.3009033203125,0.4554664492607116,1018.1490802764891,19.954790115356445
2024-04-10 13:50:58,0.0011973107466474,0.422826737165451,24.859375,0.0005415718769654,0.4131329655647278,23.140625,26.3009033203125,0.4554664492607116,1018.1490802764891,19.95444679260254
2024-04-10 13:50:59,0.0011973107466474,0.422826737165451,24.859375,0.0005415718769654,0.4131329655647278,23.140625,26.3009033203125,0.4554664492607116,1018.1490802764891,19.95444679260254
2024-04-10 13:51:00,0.0011973107466474,0.422826737165451,24.859375,0.0005415718769654,0.4131329655647278,23.140625,26.3009033203125,0.4554664492607116,1018.1490802764891,19.95444679260254
2024-04-10 13:51:01,0.0011973107466474,0.422826737165451,24.859375,0.0005415718769654,0.4131329655647278,23.140625,26.3009033203125,0.4554664492607116,1018.1490802764891,19.95444679260254
2024-04-10 13:51:02,0.0011973107466474,0.422826737165451,24.859375,0.0005415718769654,0.4131329655647278,23.140625,26.3009033203125,0.4554664492607116,1018.1449604034424,19.95444679260254
2024-04-10 13:51:03,0.0011973107466474,0.422826737165451,24.859375,0.0005415718769654,0.4131329655647278,23.140625,26.3009033203125,0.4554664492607116,1018.1449604034424,19.95444679260254
2024-04-10 13:51:04,0.0011973107466474,0.422826737165451,24.859375,0.0005415718769654,0.4131329655647278,23.140625,26.3009033203125,0.4554664492607116,1018.1449604034424,19.95444679260254
2024-04-10 13:51:05,0.0011973107466474,0.422826737165451,24.859375,0.0005415718769654,0.4131329655647278,23.140625,26.3009033203125,0.4554664492607116,1018.1449604034424,19.95444679260254
2024-04-10 13:51:06,0.0011973107466474,0.422826737165451,24.859375,0.0005415718769654,0.4131329655647278,23.140625,26.3009033203125,0.4554664492607116,1018.1449604034424,19.95444679260254
2024-04-10 13:51:07,0.0011973107466474,0.422826737165451,24.859375,0.0005415718769654,0.4131329655647278,23.140625,26.3009033203125,0.4554664492607116,1018.1449604034424,19.96234893798828
2024-04-10 13:51:08,0.0011973107466474,0.422826737165451,24.859375,0.0005415718769654,0.4131329655647278,23.140625,26.3009033203125,0.4554664492607116,1018.1449604034424,19.96234893798828
2024-04-10 13:51:09,0.0011973107466474,0.422826737165451,24.859375,0.0005415718769654,0.4131329655647278,23.140625,26.3009033203125,0.4554664492607116,1018.1449604034424,19.96234893798828
2024-04-10 13:51:10,0.0011973107466474,0.422826737165451,24.859375,0.0005415718769654,0.4131329655647278,23.140625,26.3009033203125,0.4554664492607116,1018.16143989563,19.96234893798828
2024-04-10 13:51:11,0.0011973107466474,0.422826737165451,24.859375,0.0005415718769654,0.4131329655647278,23.140625,26.3009033203125,0.4554664492607116,1018.16143989563,19.96234893798828
2024-04-10 13:51:12,0.0011973107466474,0.422826737165451,24.859375,0.0005415718769654,0.4131329655647278,23.140625,26.3009033203125,0.4554664492607116,1018.16143989563,19.96234893798828
2024-04-10 13:51:13,0.0011973107466474,0.422826737165451,24.859375,0.0005415718769654,0.4131329655647278,23.140625,26.3009033203125,0.4554664492607116,1018.16143989563,19.96234893798828
2024-04-10 13:51:14,0.0011973107466474,0.422826737165451,24.859375,0.0005415718769654,0.4131329655647278,23.140625,26.3009033203125,0.4554664492607116,1018.16143989563,19.96234893798828
2024-04-10 13:51:15,0.0011973107466474,0.422826737165451,24.859375,0.0005415718769654,0.4131329655647278,23.140625,26.3009033203125,0.4554664492607116,1018.16143989563,19.96234893798828
2024-04-10 13:51:16,0.0011973107466474,0.422826737165451,24.859375,0.0005415718769654,0.4131329655647278,23.140625,26.3009033203125,0.4532907009124756,1018.16143989563,19.96234893798828
2024-04-10 13:51:17,0.0011973107466474,0.422826737165451,24.859375,0.0005415718769654,0.4131329655647278,23.140625,26.3009033203125,0.4532907009124756,1018.16143989563,19.96283531188965
2024-04-10 13:51:18,0.0011973107466474,0.422826737165451,24.859375,0.0005415718769654,0.4131329655647278,23.140625,26.3009033203125,0.4532907009124756,1018.16143989563,19.96283531188965
2024-04-10 13:51:19,0.0011973107466474,0.422826737165451,24.859375,0.0005415718769654,0.4131329655647278,23.140625,26.3009033203125,0.4532907009124756,1018.1460762023926,19.96283531188965
2024-04-10 13:51:20,0.0011973107466474,0.422826737165451,24.859375,0.0005415718769654,0.4131329655647278,23.140625,26.3009033203125,0.4532907009124756,1018.1460762023926,19.96283531188965
2024-04-10 13:51:21,0.0011973107466474,0.422826737165451,24.859375,0.0005415718769654,0.4131329655647278,23.140625,26.3009033203125,0.4532907009124756,1018.1460762023926,19.96283531188965
2024-04-10 13:51:22,0.0011973107466474,0.422826737165451,24.859375,0.0005415718769654,0.4131329655647278,23.140625,26.3009033203125,0.4532907009124756,1018.1460762023926,19.96283531188965
2024-04-10 13:51:23,0.0011973107466474,0.422826737165451,24.859375,0.0005415718769654,0.4131329655647278,23.140625,26.3009033203125,0.4532907009124756,1018.1460762023926,19.963916778564453
2024-04-10 13:51:24,0.0011973107466474,0.422826737165451,24.859375,0.0005415718769654,0.4131329655647278,23.140625,26.3009033203125,0.4532907009124756,1018.1460762023926,19.963916778564453
2024-04-10 13:51:25,0.0011973107466474,0.422826737165451,24.859375,0.0005415718769654,0.4131329655647278,23.140625,26.3009033203125,0.4532907009124756,1018.1460762023926,19.963916778564453
2024-04-10 13:51:26,0.0011973107466474,0.422826737165451,24.859375,0.0005415718769654,0.4131329655647278,23.140625,26.3009033203125,0.4532907009124756,1018.166275024414,19.963916778564453
2024-04-10 13:51:27,0.0011973107466474,0.422826737165451,24.859375,0.0005415718769654,0.4131329655647278,23.140625,26.3009033203125,0.4532907009124756,1018.166275024414,19.963916778564453
2024-04-10 13:51:28,0.0011973107466474,0.422826737165451,24.859375,0.0005415718769654,0.4131329655647278,23.140625,26.3009033203125,0.4532907009124756,1018.166275024414,19.963916778564453
2024-04-10 13:51:29,0.0011973107466474,0.422826737165451,24.859375,0.0005415718769654,0.4131329655647278,23.140625,26.3009033203125,0.4532907009124756,1018.166275024414,19.963916778564453
2024-04-10 13:51:30,0.0011973107466474,0.422826737165451,24.859375,0.0005415718769654,0.4131329655647278,23.140625,26.3009033203125,0.4532907009124756,1018.166275024414,19.963916778564453
2024-04-10 13:51:31,0.0011973107466474,0.422826737165451,24.859375,0.0005415718769654,0.4131329655647278,23.140625,26.3009033203125,0.4532907009124756,1018.166275024414,19.963916778564453
2024-04-10 13:51:32,0.0011973107466474,0.422826737165451,24.859375,0.0005415718769654,0.4131329655647278,23.140625,26.3009033203125,0.4532907009124756,1018.166275024414,19.963916778564453
2024-04-10 13:51:33,0.0011973107466474,0.422826737165451,24.859375,0.0005415718769654,0.4131329655647278,23.140625,26.3009033203125,0.4532907009124756,1018.166275024414,19.95030975341797
2024-04-10 13:51:34,0.0011973107466474,0.422826737165451,24.859375,0.0005415718769654,0.4131329655647278,23.140625,26.3009033203125,0.4532907009124756,1018.166275024414,19.95030975341797
2024-04-10 13:51:35,0.0011973107466474,0.422826737165451,24.859375,0.0005415718769654,0.4131329655647278,23.140625,26.3009033203125,0.4532907009124756,1018.166275024414,19.95030975341797
2024-04-10 13:51:36,0.0011973107466474,0.422826737165451,24.859375,0.0005415718769654,0.4131329655647278,23.140625,26.3009033203125,0.4532907009124756,1018.186101913452,19.95030975341797
2024-04-10 13:51:37,0.0011973107466474,0.422826737165451,24.859375,0.0005415718769654,0.4131329655647278,23.140625,26.3009033203125,0.4532907009124756,1018.186101913452,19.973752975463867
2024-04-10 13:51:38,0.0011973107466474,0.422826737165451,24.859375,0.0005415718769654,0.4131329655647278,23.140625,26.922821044921875,0.4532907009124756,1018.186101913452,19.973752975463867
2024-04-10 13:51:39,0.0011973107466474,0.422826737165451,24.859375,0.0005415718769654,0.4131329655647278,23.140625,26.922821044921875,0.4532907009124756,1018.186101913452,19.973752975463867
2024-04-10 13:51:40,0.0011973107466474,0.422826737165451,24.859375,0.0005415718769654,0.4131329655647278,23.140625,26.922821044921875,0.4532907009124756,1018.186101913452,19.973752975463867
2024-04-10 13:51:41,0.0011973107466474,0.422826737165451,24.859375,0.0005415718769654,0.4131329655647278,23.140625,26.922821044921875,0.4532907009124756,1018.186101913452,19.973752975463867
2024-04-10 13:51:42,0.0011973107466474,0.422826737165451,24.859375,0.0005415718769654,0.4131329655647278,23.140625,26.922821044921875,0.4532907009124756,1018.186101913452,19.973752975463867
2024-04-10 13:51:43,0.0011973107466474,0.422826737165451,24.859375,0.0005415718769654,0.4131329655647278,23.140625,26.922821044921875,0.4532907009124756,1018.1489086151124,19.973752975463867
2024-04-10 13:51:44,0.0011973107466474,0.422826737165451,24.859375,0.0005415718769654,0.4131329655647278,23.140625,26.922821044921875,0.4532907009124756,1018.1489086151124,19.973752975463867
2024-04-10 13:51:45,0.0011973107466474,0.422826737165451,24.859375,0.0005415718769654,0.4131329655647278,23.140625,26.922821044921875,0.4532907009124756,1018.1489086151124,19.973752975463867
2024-04-10 13:51:46,0.0011973107466474,0.422826737165451,24.859375,0.0005415718769654,0.4131329655647278,23.140625,26.922821044921875,0.4532907009124756,1018.1489086151124,19.977672576904297
2024-04-10 13:51:47,0.0011973107466474,0.422826737165451,24.859375,0.0005415718769654,0.4131329655647278,23.140625,26.922821044921875,0.4532907009124756,1018.1489086151124,19.977672576904297
2024-04-10 13:51:48,0.0011973107466474,0.422826737165451,24.859375,0.0005415718769654,0.4131329655647278,23.140625,26.922821044921875,0.4532907009124756,1018.1489086151124,19.977672576904297
2024-04-10 13:51:49,0.0011973107466474,0.422826737165451,24.859375,0.0005415718769654,0.4131329655647278,23.140625,26.922821044921875,0.4532907009124756,1018.1489086151124,19.977672576904297
2024-04-10 13:51:50,0.0011973107466474,0.422826737165451,24.859375,0.0005415718769654,0.4131329655647278,23.140625,26.922821044921875,0.4532907009124756,1018.157835006714,19.977672576904297
2024-04-10 13:51:51,0.0011973107466474,0.422826737165451,24.859375,0.0005415718769654,0.4131329655647278,23.140625,26.922821044921875,0.4532907009124756,1018.157835006714,19.977672576904297
2024-04-10 13:51:52,0.0011973107466474,0.422826737165451,24.859375,0.0005415718769654,0.4131329655647278,23.140625,26.922821044921875,0.4532907009124756,1018.157835006714,19.977672576904297
2024-04-10 13:51:53,0.0011973107466474,0.422826737165451,24.859375,0.0005415718769654,0.4131329655647278,23.140625,26.922821044921875,0.4532907009124756,1018.157835006714,19.99897003173828
2024-04-10 13:51:54,0.0011973107466474,0.422826737165451,24.859375,0.0005415718769654,0.4131329655647278,23.140625,26.922821044921875,0.4532907009124756,1018.157835006714,19.99897003173828
2024-04-10 13:51:55,0.0011973107466474,0.422826737165451,24.859375,0.0005415718769654,0.4131329655647278,23.140625,26.922821044921875,0.4532907009124756,1018.157835006714,19.99897003173828
2024-04-10 13:51:56,0.0011973107466474,0.422826737165451,24.859375,0.0005415718769654,0.4131329655647278,23.140625,26.922821044921875,0.4532907009124756,1018.157835006714,19.99897003173828
2024-04-10 13:51:57,0.0011973107466474,0.422826737165451,24.859375,0.0005415718769654,0.4131329655647278,23.140625,26.922821044921875,0.4532907009124756,1018.157835006714,19.99897003173828
2024-04-10 13:51:58,0.0011973107466474,0.422826737165451,24.859375,0.0005415718769654,0.4131329655647278,23.140625,26.922821044921875,0.4532907009124756,1018.157835006714,19.99897003173828
2024-04-10 13:51:59,0.0011973107466474,0.422826737165451,24.859375,0.0005415718769654,0.4131329655647278,23.140625,26.922821044921875,0.4532907009124756,1018.157835006714,19.99897003173828
2024-04-10 13:52:00,0.0011973107466474,0.422826737165451,24.859375,0.0005415718769654,0.4131329655647278,23.140625,26.922821044921875,0.4532907009124756,1018.1322860717772,19.99897003173828
2024-04-10 13:52:01,0.0011973107466474,0.422826737165451,24.859375,0.0005415718769654,0.4131329655647278,23.140625,26.922821044921875,0.4532907009124756,1018.1322860717772,19.99897003173828
2024-04-10 13:52:02,0.0011973107466474,0.422826737165451,24.859375,0.0005415718769654,0.4131329655647278,23.140625,26.922821044921875,0.4532907009124756,1018.1322860717772,19.99897003173828
2024-04-10 13:52:03,0.0011973107466474,0.422826737165451,24.859375,0.0005415718769654,0.4131329655647278,23.140625,26.922821044921875,0.4532907009124756,1018.1322860717772,19.99897003173828
2024-04-10 13:52:04,0.0011973107466474,0.422826737165451,24.859375,0.0005415718769654,0.4131329655647278,23.140625,26.922821044921875,0.4532907009124756,1018.1322860717772,20.001585006713867
2024-04-10 13:52:05,0.0011973107466474,0.422826737165451,24.859375,0.0005415718769654,0.4131329655647278,23.140625,26.922821044921875,0.4532907009124756,1018.1322860717772,20.001585006713867
2024-04-10 13:52:06,0.0011973107466474,0.422826737165451,24.859375,0.0005415718769654,0.4131329655647278,23.140625,26.922821044921875,0.4532907009124756,1018.1322860717772,20.001585006713867
2024-04-10 13:52:07,0.0011973107466474,0.422826737165451,24.859375,0.0005415718769654,0.4131329655647278,23.140625,26.922821044921875,0.4532907009124756,1018.1105709075928,20.001585006713867
2024-04-10 13:52:08,0.0011973107466474,0.422826737165451,24.859375,0.0005415718769654,0.4131329655647278,23.140625,26.922821044921875,0.4532907009124756,1018.1105709075928,20.001585006713867
2024-04-10 13:52:09,0.0011973107466474,0.422826737165451,24.859375,0.0005415718769654,0.4131329655647278,23.140625,26.922821044921875,0.4532907009124756,1018.1105709075928,20.001585006713867
2024-04-10 13:52:10,0.0011973107466474,0.422826737165451,24.859375,0.0005415718769654,0.4131329655647278,23.140625,26.922821044921875,0.4532907009124756,1018.1105709075928,19.997642517089844
2024-04-10 13:52:11,0.0011973107466474,0.422826737165451,24.859375,0.0005415718769654,0.4131329655647278,23.140625,26.922821044921875,0.4532907009124756,1018.1105709075928,19.997642517089844
2024-04-10 13:52:12,0.0011973107466474,0.422826737165451,24.859375,0.0005415718769654,0.4131329655647278,23.140625,26.922821044921875,0.4532907009124756,1018.1105709075928,19.997642517089844
2024-04-10 13:52:13,0.0011973107466474,0.422826737165451,24.859375,0.0005415718769654,0.4131329655647278,23.140625,26.922821044921875,0.4532907009124756,1018.1105709075928,19.997642517089844
2024-04-10 13:52:14,0.0011973107466474,0.422826737165451,24.859375,0.0005415718769654,0.4131329655647278,23.140625,26.922821044921875,0.4532907009124756,1018.1342315673828,19.997642517089844
2024-04-10 13:52:15,0.0011973107466474,0.422826737165451,24.859375,0.0005415718769654,0.4131329655647278,23.140625,26.922821044921875,0.4532907009124756,1018.1342315673828,19.997642517089844
2024-04-10 13:52:16,0.0011973107466474,0.422826737165451,24.859375,0.0005415718769654,0.4131329655647278,23.140625,26.922821044921875,0.4532907009124756,1018.1342315673828,19.997642517089844
2024-04-10 13:52:17,0.0011973107466474,0.422826737165451,24.859375,0.0005415718769654,0.4131329655647278,23.140625,26.922821044921875,0.4521239995956421,1018.1342315673828,19.997642517089844
2024-04-10 13:52:18,0.0011973107466474,0.422826737165451,24.859375,0.0005415718769654,0.4131329655647278,23.140625,26.922821044921875,0.4521239995956421,1018.1342315673828,19.998151779174805
2024-04-10 13:52:19,0.0011973107466474,0.422826737165451,24.859375,0.0005415718769654,0.4131329655647278,23.140625,26.922821044921875,0.4521239995956421,1018.1342315673828,19.998151779174805
2024-04-10 13:52:20,0.0011973107466474,0.422826737165451,24.859375,0.0005415718769654,0.4131329655647278,23.140625,26.922821044921875,0.4521239995956421,1018.1342315673828,19.998151779174805
2024-04-10 13:52:21,0.0011973107466474,0.422826737165451,24.859375,0.0005415718769654,0.4131329655647278,23.140625,26.922821044921875,0.4521239995956421,1018.1342315673828,19.998151779174805
2024-04-10 13:52:22,0.0011973107466474,0.422826737165451,24.859375,0.0005415718769654,0.4131329655647278,23.140625,26.922821044921875,0.4521239995956421,1018.1232166290284,19.998151779174805
2024-04-10 13:52:23,0.0011973107466474,0.422826737165451,24.859375,0.0005415718769654,0.4131329655647278,23.140625,26.922821044921875,0.4521239995956421,1018.1232166290284,19.998151779174805
2024-04-10 13:52:24,0.0011973107466474,0.422826737165451,24.859375,0.0005415718769654,0.4131329655647278,23.140625,26.922821044921875,0.4521239995956421,1018.1232166290284,19.998151779174805
2024-04-10 13:52:25,0.0011973107466474,0.422826737165451,24.859375,0.0005415718769654,0.4131329655647278,23.140625,26.922821044921875,0.4521239995956421,1018.1232166290284,19.998151779174805
2024-04-10 13:52:26,0.0011973107466474,0.422826737165451,24.859375,0.0005415718769654,0.4131329655647278,23.140625,26.922821044921875,0.4521239995956421,1018.1232166290284,19.998151779174805
2024-04-10 13:52:27,0.0011973107466474,0.422826737165451,24.859375,0.0005415718769654,0.4131329655647278,23.140625,26.922821044921875,0.4521239995956421,1018.1232166290284,20.006649017333984
2024-04-10 13:52:28,0.0011973107466474,0.422826737165451,24.859375,0.0005415718769654,0.4131329655647278,23.140625,26.922821044921875,0.4521239995956421,1018.1232166290284,20.006649017333984
2024-04-10 13:52:29,0.0011973107466474,0.422826737165451,24.859375,0.0005415718769654,0.4131329655647278,23.140625,26.922821044921875,0.4521239995956421,1018.1232166290284,20.006649017333984
2024-04-10 13:52:30,0.0011973107466474,0.422826737165451,24.859375,0.0005415718769654,0.4131329655647278,23.140625,26.922821044921875,0.4521239995956421,1018.1232166290284,20.006649017333984
2024-04-10 13:52:31,0.0011973107466474,0.422826737165451,24.859375,0.0005415718769654,0.4131329655647278,23.140625,26.922821044921875,0.4521239995956421,1018.1322002410888,20.006649017333984
2024-04-10 13:52:32,0.0011973107466474,0.422826737165451,24.859375,0.0005415718769654,0.4131329655647278,23.140625,26.922821044921875,0.4521239995956421,1018.1322002410888,20.006649017333984
2024-04-10 13:52:33,0.0011973107466474,0.422826737165451,24.859375,0.0005415718769654,0.4131329655647278,23.140625,26.922821044921875,0.4521239995956421,1018.1322002410888,20.006649017333984
2024-04-10 13:52:34,0.0011973107466474,0.422826737165451,24.859375,0.0005415718769654,0.4131329655647278,23.140625,26.922821044921875,0.4521239995956421,1018.1322002410888,20.01477432250977
2024-04-10 13:52:35,0.0011973107466474,0.422826737165451,24.859375,0.0005415718769654,0.4131329655647278,23.140625,26.922821044921875,0.4521239995956421,1018.1322002410888,20.01477432250977
2024-04-10 13:52:36,0.0011973107466474,0.422826737165451,24.859375,0.0005415718769654,0.4131329655647278,23.140625,27.40985107421875,0.4521239995956421,1018.1322002410888,20.01477432250977
2024-04-10 13:52:37,0.0011973107466474,0.422826737165451,24.859375,0.0005415718769654,0.4131329655647278,23.140625,27.40985107421875,0.4521239995956421,1018.122501373291,20.01477432250977
2024-04-10 13:52:38,0.0011973107466474,0.422826737165451,24.859375,0.0005415718769654,0.4131329655647278,23.140625,27.40985107421875,0.4521239995956421,1018.122501373291,20.01477432250977
2024-04-10 13:52:39,0.0011973107466474,0.422826737165451,24.859375,0.0005415718769654,0.4131329655647278,23.140625,27.40985107421875,0.4521239995956421,1018.122501373291,20.01477432250977
2024-04-10 13:52:40,0.0011973107466474,0.422826737165451,24.859375,0.0005415718769654,0.4131329655647278,23.140625,27.40985107421875,0.4521239995956421,1018.122501373291,20.01477432250977
2024-04-10 13:52:41,0.0011973107466474,0.422826737165451,24.859375,0.0005415718769654,0.4131329655647278,23.140625,27.40985107421875,0.4521239995956421,1018.122501373291,20.01477432250977
2024-04-10 13:52:42,0.0011973107466474,0.422826737165451,24.859375,0.0005415718769654,0.4131329655647278,23.140625,27.40985107421875,0.4521239995956421,1018.122501373291,20.00790786743164
2024-04-10 13:52:43,0.0011973107466474,0.422826737165451,24.859375,0.0005415718769654,0.4131329655647278,23.140625,27.40985107421875,0.4521239995956421,1018.122501373291,20.00790786743164
2024-04-10 13:52:44,0.0011973107466474,0.422826737165451,24.859375,0.0005415718769654,0.4131329655647278,23.140625,27.40985107421875,0.4521239995956421,1018.122501373291,20.00790786743164
2024-04-10 13:52:45,0.0011973107466474,0.422826737165451,24.859375,0.0005415718769654,0.4131329655647278,23.140625,27.40985107421875,0.4521239995956421,1018.122501373291,20.00790786743164
2024-04-10 13:52:46,0.0011973107466474,0.422826737165451,24.859375,0.0005415718769654,0.4131329655647278,23.140625,27.40985107421875,0.4521239995956421,1018.122501373291,20.00790786743164
2024-04-10 13:52:47,0.0011973107466474,0.422826737165451,24.859375,0.0005415718769654,0.4131329655647278,23.140625,27.40985107421875,0.4521239995956421,1018.1972885131836,20.00790786743164
2024-04-10 13:52:48,0.0011973107466474,0.422826737165451,24.859375,0.0005415718769654,0.4131329655647278,23.140625,27.40985107421875,0.4521239995956421,1018.1972885131836,20.00790786743164
2024-04-10 13:52:49,0.0011973107466474,0.422826737165451,24.859375,0.0005415718769654,0.4131329655647278,23.140625,27.40985107421875,0.4521239995956421,1018.1972885131836,20.00790786743164
2024-04-10 13:52:50,0.0011973107466474,0.422826737165451,24.859375,0.0005415718769654,0.4131329655647278,23.140625,27.40985107421875,0.4521239995956421,1018.1972885131836,20.00790786743164
2024-04-10 13:52:51,0.0011973107466474,0.422826737165451,24.859375,0.0005415718769654,0.4131329655647278,23.140625,27.40985107421875,0.4521239995956421,1018.1972885131836,19.99283599853516
2024-04-10 13:52:52,0.0011973107466474,0.422826737165451,24.859375,0.0005415718769654,0.4131329655647278,23.140625,27.40985107421875,0.4521239995956421,1018.1972885131836,19.99283599853516
2024-04-10 13:52:53,0.0011973107466474,0.422826737165451,24.859375,0.0005415718769654,0.4131329655647278,23.140625,27.40985107421875,0.4521239995956421,1018.1972885131836,19.99283599853516
2024-04-10 13:52:54,0.0011973107466474,0.422826737165451,24.859375,0.0005415718769654,0.4131329655647278,23.140625,27.40985107421875,0.4521239995956421,1018.1972885131836,19.99283599853516
2024-04-10 13:52:55,0.0011973107466474,0.422826737165451,24.859375,0.0005415718769654,0.4131329655647278,23.140625,27.40985107421875,0.4521239995956421,1018.1414127349854,19.99283599853516
2024-04-10 13:52:56,0.0011973107466474,0.422826737165451,24.859375,0.0005415718769654,0.4131329655647278,23.140625,27.40985107421875,0.4521239995956421,1018.1414127349854,19.99283599853516
2024-04-10 13:52:57,0.0011973107466474,0.422826737165451,24.859375,0.0005415718769654,0.4131329655647278,23.140625,27.40985107421875,0.4521239995956421,1018.1414127349854,20.00021171569824
2024-04-10 13:52:58,0.0011973107466474,0.422826737165451,24.859375,0.0005415718769654,0.4131329655647278,23.140625,27.40985107421875,0.4521239995956421,1018.1414127349854,20.00021171569824
2024-04-10 13:52:59,0.0011973107466474,0.422826737165451,24.859375,0.0005415718769654,0.4131329655647278,23.140625,27.40985107421875,0.4521239995956421,1018.1414127349854,20.00021171569824
2024-04-10 13:53:00,0.0011973107466474,0.422826737165451,24.859375,0.0005415718769654,0.4131329655647278,23.140625,27.40985107421875,0.4521239995956421,1018.1414127349854,20.00021171569824
2024-04-10 13:53:01,0.0011973107466474,0.422826737165451,24.859375,0.0005415718769654,0.4131329655647278,23.140625,27.40985107421875,0.4521239995956421,1018.160524368286,20.00021171569824
2024-04-10 13:53:02,0.0011973107466474,0.422826737165451,24.859375,0.0005415718769654,0.4131329655647278,23.140625,27.40985107421875,0.4521239995956421,1018.160524368286,20.00021171569824
2024-04-10 13:53:03,0.0011973107466474,0.422826737165451,24.859375,0.0005415718769654,0.4131329655647278,23.140625,27.40985107421875,0.4521239995956421,1018.160524368286,20.00021171569824
2024-04-10 13:53:04,0.0011973107466474,0.422826737165451,24.859375,0.0005415718769654,0.4131329655647278,23.140625,27.40985107421875,0.4521239995956421,1018.160524368286,20.00021171569824
2024-04-10 13:53:05,0.0011973107466474,0.422826737165451,24.859375,0.0005415718769654,0.4131329655647278,23.140625,27.40985107421875,0.4521239995956421,1018.160524368286,20.00021171569824
2024-04-10 13:53:06,0.0011973107466474,0.422826737165451,24.859375,0.0005415718769654,0.4131329655647278,23.140625,27.40985107421875,0.4521239995956421,1018.160524368286,20.00021171569824
2024-04-10 13:53:07,0.0011973107466474,0.422826737165451,24.859375,0.0005415718769654,0.4131329655647278,23.140625,27.40985107421875,0.4521239995956421,1018.160524368286,20.00021171569824
2024-04-10 13:53:08,0.0011973107466474,0.422826737165451,24.859375,0.0005415718769654,0.4131329655647278,23.140625,27.40985107421875,0.4521239995956421,1018.160524368286,20.01014518737793
2024-04-10 13:53:09,0.0011973107466474,0.422826737165451,24.859375,0.0005415718769654,0.4131329655647278,23.140625,27.40985107421875,0.4521239995956421,1018.160524368286,20.01014518737793
2024-04-10 13:53:10,0.0011973107466474,0.422826737165451,24.859375,0.0005415718769654,0.4131329655647278,23.140625,27.40985107421875,0.4521239995956421,1018.160524368286,20.01014518737793
2024-04-10 13:53:11,0.0011973107466474,0.422826737165451,24.859375,0.0005415718769654,0.4131329655647278,23.140625,27.40985107421875,0.4521239995956421,1018.131856918335,20.01014518737793
2024-04-10 13:53:12,0.0011973107466474,0.422826737165451,24.859375,0.0005415718769654,0.4131329655647278,23.140625,27.40985107421875,0.4521239995956421,1018.131856918335,20.01014518737793
2024-04-10 13:53:13,0.0011973107466474,0.422826737165451,24.859375,0.0005415718769654,0.4131329655647278,23.140625,27.40985107421875,0.4521239995956421,1018.131856918335,20.01014518737793
2024-04-10 13:53:14,0.0011973107466474,0.422826737165451,24.859375,0.0005415718769654,0.4131329655647278,23.140625,27.40985107421875,0.4521239995956421,1018.131856918335,20.01014518737793
2024-04-10 13:53:15,0.0011973107466474,0.422826737165451,24.859375,0.0005415718769654,0.4131329655647278,23.140625,27.40985107421875,0.4521239995956421,1018.131856918335,20.010906219482425
2024-04-10 13:53:16,0.0011973107466474,0.422826737165451,24.859375,0.0005415718769654,0.4131329655647278,23.140625,27.40985107421875,0.4559891521930694,1018.131856918335,20.010906219482425
2024-04-10 13:53:17,0.0011973107466474,0.422826737165451,24.859375,0.0005415718769654,0.4131329655647278,23.140625,27.40985107421875,0.4559891521930694,1018.131856918335,20.010906219482425
2024-04-10 13:53:18,0.0011973107466474,0.422826737165451,24.859375,0.0005415718769654,0.4131329655647278,23.140625,27.40985107421875,0.4559891521930694,1018.1162929534912,20.010906219482425
2024-04-10 13:53:19,0.0011973107466474,0.422826737165451,24.859375,0.0005415718769654,0.4131329655647278,23.140625,27.40985107421875,0.4559891521930694,1018.1162929534912,20.010906219482425
2024-04-10 13:53:20,0.0011973107466474,0.422826737165451,24.859375,0.0005415718769654,0.4131329655647278,23.140625,27.40985107421875,0.4559891521930694,1018.1162929534912,20.010906219482425
2024-04-10 13:53:21,0.0011973107466474,0.422826737165451,24.859375,0.0005415718769654,0.4131329655647278,23.140625,27.40985107421875,0.4559891521930694,1018.1162929534912,20.010906219482425
2024-04-10 13:53:22,0.0011973107466474,0.422826737165451,24.859375,0.0005415718769654,0.4131329655647278,23.140625,27.40985107421875,0.4559891521930694,1018.1162929534912,19.998872756958008
2024-04-10 13:53:23,0.0011973107466474,0.422826737165451,24.859375,0.0005415718769654,0.4131329655647278,23.140625,27.40985107421875,0.4559891521930694,1018.1162929534912,19.998872756958008
2024-04-10 13:53:24,0.0011973107466474,0.422826737165451,24.859375,0.0005415718769654,0.4131329655647278,23.140625,27.40985107421875,0.4559891521930694,1018.1162929534912,19.998872756958008
2024-04-10 13:53:25,0.0011973107466474,0.422826737165451,24.859375,0.0005415718769654,0.4131329655647278,23.140625,27.40985107421875,0.4559891521930694,1018.1711959838868,19.998872756958008
2024-04-10 13:53:26,0.0011973107466474,0.422826737165451,24.859375,0.0005415718769654,0.4131329655647278,23.140625,27.40985107421875,0.4559891521930694,1018.1711959838868,19.998872756958008
2024-04-10 13:53:27,0.0011973107466474,0.422826737165451,24.859375,0.0005415718769654,0.4131329655647278,23.140625,27.40985107421875,0.4559891521930694,1018.1711959838868,19.998872756958008
2024-04-10 13:53:28,0.0011973107466474,0.422826737165451,24.859375,0.0005415718769654,0.4131329655647278,23.140625,27.40985107421875,0.4559891521930694,1018.1711959838868,19.998872756958008
2024-04-10 13:53:29,0.0011973107466474,0.422826737165451,24.859375,0.0005415718769654,0.4131329655647278,23.140625,27.40985107421875,0.4559891521930694,1018.1711959838868,19.998872756958008
2024-04-10 13:53:30,0.0011973107466474,0.422826737165451,24.859375,0.0005415718769654,0.4131329655647278,23.140625,27.40985107421875,0.4559891521930694,1018.1711959838868,20.012622833251957
2024-04-10 13:53:31,0.0011973107466474,0.422826737165451,24.859375,0.0005415718769654,0.4131329655647278,23.140625,27.40985107421875,0.4559891521930694,1018.1711959838868,20.012622833251957
2024-04-10 13:53:32,0.0011973107466474,0.422826737165451,24.859375,0.0005415718769654,0.4131329655647278,23.140625,27.40985107421875,0.4559891521930694,1018.1711959838868,20.012622833251957
2024-04-10 13:53:33,0.0011973107466474,0.422826737165451,24.859375,0.0005415718769654,0.4131329655647278,23.140625,27.40985107421875,0.4559891521930694,1018.1711959838868,20.012622833251957
2024-04-10 13:53:34,0.0011973107466474,0.422826737165451,24.859375,0.0005415718769654,0.4131329655647278,23.140625,27.40985107421875,0.4559891521930694,1018.1217288970948,20.012622833251957
2024-04-10 13:53:35,0.0011973107466474,0.422826737165451,24.859375,0.0005415718769654,0.4131329655647278,23.140625,27.40985107421875,0.4559891521930694,1018.1217288970948,20.012622833251957
2024-04-10 13:53:36,0.0011973107466474,0.422826737165451,24.859375,0.0005415718769654,0.4131329655647278,23.140625,27.8643798828125,0.4559891521930694,1018.1217288970948,20.012622833251957
2024-04-10 13:53:37,0.0011973107466474,0.422826737165451,24.859375,0.0005415718769654,0.4131329655647278,23.140625,27.8643798828125,0.4559891521930694,1018.1217288970948,20.012622833251957
2024-04-10 13:53:38,0.0011973107466474,0.422826737165451,24.859375,0.0005415718769654,0.4131329655647278,23.140625,27.8643798828125,0.4559891521930694,1018.1217288970948,20.00304412841797
2024-04-10 13:53:39,0.0011973107466474,0.422826737165451,24.859375,0.0005415718769654,0.4131329655647278,23.140625,27.8643798828125,0.4559891521930694,1018.1217288970948,20.00304412841797
2024-04-10 13:53:40,0.0011973107466474,0.422826737165451,24.859375,0.0005415718769654,0.4131329655647278,23.140625,27.8643798828125,0.4559891521930694,1018.1217288970948,20.00304412841797
2024-04-10 13:53:41,0.0011973107466474,0.422826737165451,24.859375,0.0005415718769654,0.4131329655647278,23.140625,27.8643798828125,0.4559891521930694,1018.1217288970948,20.00304412841797
2024-04-10 13:53:42,0.0011973107466474,0.422826737165451,24.859375,0.0005415718769654,0.4131329655647278,23.140625,27.8643798828125,0.4559891521930694,1018.1344318389891,20.00304412841797
2024-04-10 13:53:43,0.0011973107466474,0.422826737165451,24.859375,0.0005415718769654,0.4131329655647278,23.140625,27.8643798828125,0.4559891521930694,1018.1344318389891,20.00304412841797
2024-04-10 13:53:44,0.0011973107466474,0.422826737165451,24.859375,0.0005415718769654,0.4131329655647278,23.140625,27.8643798828125,0.4559891521930694,1018.1344318389891,20.00304412841797
2024-04-10 13:53:45,0.0011973107466474,0.422826737165451,24.859375,0.0005415718769654,0.4131329655647278,23.140625,27.8643798828125,0.4559891521930694,1018.1344318389891,20.00304412841797
2024-04-10 13:53:46,0.0011973107466474,0.422826737165451,24.859375,0.0005415718769654,0.4131329655647278,23.140625,27.8643798828125,0.4559891521930694,1018.1344318389891,20.01285171508789
2024-04-10 13:53:47,0.0011973107466474,0.422826737165451,24.859375,0.0005415718769654,0.4131329655647278,23.140625,27.8643798828125,0.4559891521930694,1018.1344318389891,20.01285171508789
2024-04-10 13:53:48,0.0011973107466474,0.422826737165451,24.859375,0.0005415718769654,0.4131329655647278,23.140625,27.8643798828125,0.4559891521930694,1018.1344318389891,20.01285171508789
2024-04-10 13:53:49,0.0011973107466474,0.422826737165451,24.859375,0.0005415718769654,0.4131329655647278,23.140625,27.8643798828125,0.4559891521930694,1018.1344318389891,20.01285171508789
2024-04-10 13:53:50,0.0011973107466474,0.422826737165451,24.859375,0.0005415718769654,0.4131329655647278,23.140625,27.8643798828125,0.4559891521930694,1018.1344318389891,20.01285171508789
2024-04-10 13:53:51,0.0011973107466474,0.422826737165451,24.859375,0.0005415718769654,0.4131329655647278,23.140625,27.8643798828125,0.4559891521930694,1018.1344318389891,20.01285171508789
2024-04-10 13:53:52,0.0011973107466474,0.422826737165451,24.859375,0.0005415718769654,0.4131329655647278,23.140625,27.8643798828125,0.4559891521930694,1018.1435871124268,20.01285171508789
2024-04-10 13:53:53,0.0011973107466474,0.422826737165451,24.859375,0.0005415718769654,0.4131329655647278,23.140625,27.8643798828125,0.4559891521930694,1018.1435871124268,20.01285171508789
2024-04-10 13:53:54,0.0011973107466474,0.422826737165451,24.859375,0.0005415718769654,0.4131329655647278,23.140625,27.8643798828125,0.4559891521930694,1018.1435871124268,20.01201057434082
2024-04-10 13:53:55,0.0011973107466474,0.422826737165451,24.859375,0.0005415718769654,0.4131329655647278,23.140625,27.8643798828125,0.4559891521930694,1018.1435871124268,20.01201057434082
2024-04-10 13:53:56,0.0011973107466474,0.422826737165451,24.859375,0.0005415718769654,0.4131329655647278,23.140625,27.8643798828125,0.4559891521930694,1018.1435871124268,20.01201057434082
2024-04-10 13:53:57,0.0011973107466474,0.422826737165451,24.859375,0.0005415718769654,0.4131329655647278,23.140625,27.8643798828125,0.4559891521930694,1018.1435871124268,20.01201057434082
2024-04-10 13:53:58,0.0011973107466474,0.422826737165451,24.859375,0.0005415718769654,0.4131329655647278,23.140625,27.8643798828125,0.4559891521930694,1018.1435871124268,20.01201057434082
2024-04-10 13:53:59,0.0011973107466474,0.422826737165451,24.859375,0.0005415718769654,0.4131329655647278,23.140625,27.8643798828125,0.4559891521930694,1018.137664794922,20.01201057434082
2024-04-10 13:54:00,0.0011973107466474,0.422826737165451,24.859375,0.0005415718769654,0.4131329655647278,23.140625,27.8643798828125,0.4559891521930694,1018.137664794922,20.01201057434082
2024-04-10 13:54:01,0.0011973107466474,0.422826737165451,24.859375,0.0005415718769654,0.4131329655647278,23.140625,27.8643798828125,0.4559891521930694,1018.137664794922,20.01201057434082
2024-04-10 13:54:02,0.0011973107466474,0.422826737165451,24.859375,0.0005415718769654,0.4131329655647278,23.140625,27.8643798828125,0.4559891521930694,1018.137664794922,20.01201057434082
2024-04-10 13:54:03,0.0011973107466474,0.422826737165451,24.859375,0.0005415718769654,0.4131329655647278,23.140625,27.8643798828125,0.4559891521930694,1018.137664794922,20.009052276611328
2024-04-10 13:54:04,0.0011973107466474,0.422826737165451,24.859375,0.0005415718769654,0.4131329655647278,23.140625,27.8643798828125,0.4559891521930694,1018.137664794922,20.009052276611328
2024-04-10 13:54:05,0.0011973107466474,0.422826737165451,24.859375,0.0005415718769654,0.4131329655647278,23.140625,27.8643798828125,0.4559891521930694,1018.137664794922,20.009052276611328
2024-04-10 13:54:06,0.0011973107466474,0.422826737165451,24.859375,0.0005415718769654,0.4131329655647278,23.140625,27.8643798828125,0.4559891521930694,1018.1636714935304,20.009052276611328
2024-04-10 13:54:07,0.0011973107466474,0.422826737165451,24.859375,0.0005415718769654,0.4131329655647278,23.140625,27.8643798828125,0.4559891521930694,1018.1636714935304,20.009052276611328
2024-04-10 13:54:08,0.0011973107466474,0.422826737165451,24.859375,0.0005415718769654,0.4131329655647278,23.140625,27.8643798828125,0.4559891521930694,1018.1636714935304,20.009052276611328
2024-04-10 13:54:09,0.0011973107466474,0.422826737165451,24.859375,0.0005415718769654,0.4131329655647278,23.140625,27.8643798828125,0.4559891521930694,1018.1636714935304,20.009052276611328
2024-04-10 13:54:10,0.0011973107466474,0.422826737165451,24.859375,0.0005415718769654,0.4131329655647278,23.140625,27.8643798828125,0.4559891521930694,1018.1636714935304,20.009052276611328
2024-04-10 13:54:11,0.0011973107466474,0.422826737165451,24.859375,0.0005415718769654,0.4131329655647278,23.140625,27.8643798828125,0.4559891521930694,1018.1636714935304,20.010860443115234
2024-04-10 13:54:12,0.0011973107466474,0.422826737165451,24.859375,0.0005415718769654,0.4131329655647278,23.140625,27.8643798828125,0.4559891521930694,1018.1636714935304,20.010860443115234
2024-04-10 13:54:13,0.0011973107466474,0.422826737165451,24.859375,0.0005415718769654,0.4131329655647278,23.140625,27.8643798828125,0.4559891521930694,1018.1636714935304,20.010860443115234
2024-04-10 13:54:14,0.0011973107466474,0.422826737165451,24.859375,0.0005415718769654,0.4131329655647278,23.140625,27.8643798828125,0.4559891521930694,1018.1636714935304,20.010860443115234
2024-04-10 13:54:15,0.0011973107466474,0.422826737165451,24.859375,0.0005415718769654,0.4131329655647278,23.140625,27.8643798828125,0.4559891521930694,1018.1699371337892,20.010860443115234
2024-04-10 13:54:16,0.0011973107466474,0.422826737165451,24.859375,0.0005415718769654,0.4131329655647278,23.140625,27.8643798828125,0.4559891521930694,1018.1699371337892,20.010860443115234
2024-04-10 13:54:17,0.0011973107466474,0.422826737165451,24.859375,0.0005415718769654,0.4131329655647278,23.140625,27.8643798828125,0.4539172351360321,1018.1699371337892,20.010860443115234
2024-04-10 13:54:18,0.0011973107466474,0.422826737165451,24.859375,0.0005415718769654,0.4131329655647278,23.140625,27.8643798828125,0.4539172351360321,1018.1699371337892,20.010860443115234
2024-04-10 13:54:19,0.0011973107466474,0.422826737165451,24.859375,0.0005415718769654,0.4131329655647278,23.140625,27.8643798828125,0.4539172351360321,1018.1699371337892,20.00981330871582
2024-04-10 13:54:20,0.0011973107466474,0.422826737165451,24.859375,0.0005415718769654,0.4131329655647278,23.140625,27.8643798828125,0.4539172351360321,1018.1699371337892,20.00981330871582
2024-04-10 13:54:21,0.0011973107466474,0.422826737165451,24.859375,0.0005415718769654,0.4131329655647278,23.140625,27.8643798828125,0.4539172351360321,1018.1699371337892,20.00981330871582
2024-04-10 13:54:22,0.0011973107466474,0.422826737165451,24.859375,0.0005415718769654,0.4131329655647278,23.140625,27.8643798828125,0.4539172351360321,1018.1699371337892,20.00981330871582
2024-04-10 13:54:23,0.0011973107466474,0.422826737165451,24.859375,0.0005415718769654,0.4131329655647278,23.140625,27.8643798828125,0.4539172351360321,1018.1507110595704,20.00981330871582
2024-04-10 13:54:24,0.0011973107466474,0.422826737165451,24.859375,0.0005415718769654,0.4131329655647278,23.140625,27.8643798828125,0.4539172351360321,1018.1507110595704,20.00981330871582
2024-04-10 13:54:25,0.0011973107466474,0.422826737165451,24.859375,0.0005415718769654,0.4131329655647278,23.140625,27.8643798828125,0.4539172351360321,1018.1507110595704,20.00981330871582
2024-04-10 13:54:26,0.0011973107466474,0.422826737165451,24.859375,0.0005415718769654,0.4131329655647278,23.140625,27.8643798828125,0.4539172351360321,1018.1507110595704,20.00981330871582
2024-04-10 13:54:27,0.0011973107466474,0.422826737165451,24.859375,0.0005415718769654,0.4131329655647278,23.140625,27.8643798828125,0.4539172351360321,1018.1507110595704,20.007158279418945
2024-04-10 13:54:28,0.0011973107466474,0.422826737165451,24.859375,0.0005415718769654,0.4131329655647278,23.140625,27.8643798828125,0.4539172351360321,1018.1507110595704,20.007158279418945
2024-04-10 13:54:29,0.0011973107466474,0.422826737165451,24.859375,0.0005415718769654,0.4131329655647278,23.140625,27.8643798828125,0.4539172351360321,1018.1507110595704,20.007158279418945
2024-04-10 13:54:30,0.0011973107466474,0.422826737165451,24.859375,0.0005415718769654,0.4131329655647278,23.140625,27.8643798828125,0.4539172351360321,1018.1240463256836,20.007158279418945
2024-04-10 13:54:31,0.0011973107466474,0.422826737165451,24.859375,0.0005415718769654,0.4131329655647278,23.140625,27.8643798828125,0.4539172351360321,1018.1240463256836,20.007158279418945
2024-04-10 13:54:32,0.0011973107466474,0.422826737165451,24.859375,0.0005415718769654,0.4131329655647278,23.140625,27.8643798828125,0.4539172351360321,1018.1240463256836,20.007158279418945
2024-04-10 13:54:33,0.0011973107466474,0.422826737165451,24.859375,0.0005415718769654,0.4131329655647278,23.140625,27.8643798828125,0.4539172351360321,1018.1240463256836,20.007158279418945
2024-04-10 13:54:34,0.0011973107466474,0.422826737165451,24.859375,0.0005415718769654,0.4131329655647278,23.140625,27.8643798828125,0.4539172351360321,1018.1240463256836,20.007158279418945
2024-04-10 13:54:35,0.0011973107466474,0.422826737165451,24.859375,0.0005415718769654,0.4131329655647278,23.140625,27.8643798828125,0.4539172351360321,1018.1240463256836,19.997270584106445
2024-04-10 13:54:36,0.0011973107466474,0.422826737165451,24.859375,0.0005415718769654,0.4131329655647278,23.140625,27.8643798828125,0.4539172351360321,1018.1240463256836,19.997270584106445
2024-04-10 13:54:37,0.0011973107466474,0.422826737165451,24.859375,0.0005415718769654,0.4131329655647278,23.140625,28.0316162109375,0.4539172351360321,1018.1328296661376,19.997270584106445
2024-04-10 13:54:38,0.0011973107466474,0.422826737165451,24.859375,0.0005415718769654,0.4131329655647278,23.140625,28.0316162109375,0.4539172351360321,1018.1328296661376,19.997270584106445
2024-04-10 13:54:39,0.0011973107466474,0.422826737165451,24.859375,0.0005415718769654,0.4131329655647278,23.140625,28.0316162109375,0.4539172351360321,1018.1328296661376,19.997270584106445
2024-04-10 13:54:40,0.0011973107466474,0.422826737165451,24.859375,0.0005415718769654,0.4131329655647278,23.140625,28.0316162109375,0.4539172351360321,1018.1328296661376,19.997270584106445
2024-04-10 13:54:41,0.0011973107466474,0.422826737165451,24.859375,0.0005415718769654,0.4131329655647278,23.140625,28.0316162109375,0.4539172351360321,1018.1328296661376,19.997270584106445
2024-04-10 13:54:42,0.0011973107466474,0.422826737165451,24.859375,0.0005415718769654,0.4131329655647278,23.140625,28.0316162109375,0.4539172351360321,1018.1328296661376,19.99499893188477
2024-04-10 13:54:43,0.0011973107466474,0.422826737165451,24.859375,0.0005415718769654,0.4131329655647278,23.140625,28.0316162109375,0.4539172351360321,1018.1328296661376,19.99499893188477
2024-04-10 13:54:44,0.0011973107466474,0.422826737165451,24.859375,0.0005415718769654,0.4131329655647278,23.140625,28.0316162109375,0.4539172351360321,1018.1328296661376,19.99499893188477
2024-04-10 13:54:45,0.0011973107466474,0.422826737165451,24.859375,0.0005415718769654,0.4131329655647278,23.140625,28.0316162109375,0.4539172351360321,1018.084077835083,19.99499893188477
2024-04-10 13:54:46,0.0011973107466474,0.422826737165451,24.859375,0.0005415718769654,0.4131329655647278,23.140625,28.0316162109375,0.4539172351360321,1018.084077835083,19.99499893188477
2024-04-10 13:54:47,0.0011973107466474,0.422826737165451,24.859375,0.0005415718769654,0.4131329655647278,23.140625,28.0316162109375,0.4539172351360321,1018.084077835083,19.99499893188477
2024-04-10 13:54:48,0.0011973107466474,0.422826737165451,24.859375,0.0005415718769654,0.4131329655647278,23.140625,28.0316162109375,0.4539172351360321,1018.084077835083,19.99499893188477
2024-04-10 13:54:49,0.0011973107466474,0.422826737165451,24.859375,0.0005415718769654,0.4131329655647278,23.140625,28.0316162109375,0.4539172351360321,1018.084077835083,19.99499893188477
2024-04-10 13:54:50,0.0011973107466474,0.422826737165451,24.859375,0.0005415718769654,0.4131329655647278,23.140625,28.0316162109375,0.4539172351360321,1018.084077835083,19.9948787689209
2024-04-10 13:54:51,0.0011973107466474,0.422826737165451,24.859375,0.0005415718769654,0.4131329655647278,23.140625,28.0316162109375,0.4539172351360321,1018.084077835083,19.9948787689209
2024-04-10 13:54:52,0.0011973107466474,0.422826737165451,24.859375,0.0005415718769654,0.4131329655647278,23.140625,28.0316162109375,0.4539172351360321,1018.084077835083,19.9948787689209
2024-04-10 13:54:53,0.0011973107466474,0.422826737165451,24.859375,0.0005415718769654,0.4131329655647278,23.140625,28.0316162109375,0.4539172351360321,1018.084077835083,19.9948787689209
2024-04-10 13:54:54,0.0011973107466474,0.422826737165451,24.859375,0.0005415718769654,0.4131329655647278,23.140625,28.0316162109375,0.4539172351360321,1018.1429862976074,19.9948787689209
2024-04-10 13:54:55,0.0011973107466474,0.422826737165451,24.859375,0.0005415718769654,0.4131329655647278,23.140625,28.0316162109375,0.4539172351360321,1018.1429862976074,19.9948787689209
2024-04-10 13:54:56,0.0011973107466474,0.422826737165451,24.859375,0.0005415718769654,0.4131329655647278,23.140625,28.0316162109375,0.4539172351360321,1018.1429862976074,19.9948787689209
2024-04-10 13:54:57,0.0011973107466474,0.422826737165451,24.859375,0.0005415718769654,0.4131329655647278,23.140625,28.0316162109375,0.4539172351360321,1018.1429862976074,19.9948787689209
2024-04-10 13:54:58,0.0011973107466474,0.422826737165451,24.859375,0.0005415718769654,0.4131329655647278,23.140625,28.0316162109375,0.4539172351360321,1018.1429862976074,19.99723052978516
2024-04-10 13:54:59,0.0011973107466474,0.422826737165451,24.859375,0.0005415718769654,0.4131329655647278,23.140625,28.0316162109375,0.4539172351360321,1018.1429862976074,19.99723052978516
2024-04-10 13:55:00,0.0011973107466474,0.422826737165451,24.859375,0.0005415718769654,0.4131329655647278,23.140625,28.0316162109375,0.4539172351360321,1018.1429862976074,19.99723052978516
2024-04-10 13:55:01,0.0011973107466474,0.422826737165451,24.859375,0.0005415718769654,0.4131329655647278,23.140625,28.0316162109375,0.4539172351360321,1018.1429862976074,19.99723052978516
2024-04-10 13:55:02,0.0011973107466474,0.422826737165451,24.859375,0.0005415718769654,0.4131329655647278,23.140625,28.0316162109375,0.4539172351360321,1018.1429862976074,19.99723052978516
2024-04-10 13:55:03,0.0011973107466474,0.422826737165451,24.859375,0.0005415718769654,0.4131329655647278,23.140625,28.0316162109375,0.4539172351360321,1018.1429862976074,19.99723052978516
2024-04-10 13:55:04,0.0011973107466474,0.422826737165451,24.859375,0.0005415718769654,0.4131329655647278,23.140625,28.0316162109375,0.4539172351360321,1018.1471920013428,19.99723052978516
2024-04-10 13:55:05,0.0011973107466474,0.422826737165451,24.859375,0.0005415718769654,0.4131329655647278,23.140625,28.0316162109375,0.4539172351360321,1018.1471920013428,19.998123168945312
2024-04-10 13:55:06,0.0011973107466474,0.422826737165451,24.859375,0.0005415718769654,0.4131329655647278,23.140625,28.0316162109375,0.4539172351360321,1018.1471920013428,19.998123168945312
2024-04-10 13:55:07,0.0011973107466474,0.422826737165451,24.859375,0.0005415718769654,0.4131329655647278,23.140625,28.0316162109375,0.4539172351360321,1018.1471920013428,19.998123168945312
2024-04-10 13:55:08,0.0011973107466474,0.422826737165451,24.859375,0.0005415718769654,0.4131329655647278,23.140625,28.0316162109375,0.4539172351360321,1018.1471920013428,19.998123168945312
2024-04-10 13:55:09,0.0011973107466474,0.422826737165451,24.859375,0.0005415718769654,0.4131329655647278,23.140625,28.0316162109375,0.4539172351360321,1018.1471920013428,19.998123168945312
2024-04-10 13:55:10,0.0011973107466474,0.422826737165451,24.859375,0.0005415718769654,0.4131329655647278,23.140625,28.0316162109375,0.4539172351360321,1018.1471920013428,19.998123168945312
2024-04-10 13:55:11,0.0011973107466474,0.422826737165451,24.859375,0.0005415718769654,0.4131329655647278,23.140625,28.0316162109375,0.4539172351360321,1018.1067943572998,19.998123168945312
2024-04-10 13:55:12,0.0011973107466474,0.422826737165451,24.859375,0.0005415718769654,0.4131329655647278,23.140625,28.0316162109375,0.4539172351360321,1018.1067943572998,19.998123168945312
2024-04-10 13:55:13,0.0011973107466474,0.422826737165451,24.859375,0.0005415718769654,0.4131329655647278,23.140625,28.0316162109375,0.4539172351360321,1018.1067943572998,19.998123168945312
2024-04-10 13:55:14,0.0011973107466474,0.422826737165451,24.859375,0.0005415718769654,0.4131329655647278,23.140625,28.0316162109375,0.4539172351360321,1018.1067943572998,19.988847732543945
2024-04-10 13:55:15,0.0011973107466474,0.422826737165451,24.859375,0.0005415718769654,0.4131329655647278,23.140625,28.0316162109375,0.4539172351360321,1018.1067943572998,19.988847732543945
2024-04-10 13:55:16,0.0011973107466474,0.422826737165451,24.859375,0.0005415718769654,0.4131329655647278,23.140625,28.0316162109375,0.4518625736236572,1018.1067943572998,19.988847732543945
2024-04-10 13:55:17,0.0011973107466474,0.422826737165451,24.859375,0.0005415718769654,0.4131329655647278,23.140625,28.0316162109375,0.4518625736236572,1018.1067943572998,19.988847732543945
2024-04-10 13:55:18,0.0011973107466474,0.422826737165451,24.859375,0.0005415718769654,0.4131329655647278,23.140625,28.0316162109375,0.4518625736236572,1018.1479358673096,19.988847732543945
2024-04-10 13:55:19,0.0011973107466474,0.422826737165451,24.859375,0.0005415718769654,0.4131329655647278,23.140625,28.0316162109375,0.4518625736236572,1018.1479358673096,19.988847732543945
2024-04-10 13:55:20,0.0011973107466474,0.422826737165451,24.859375,0.0005415718769654,0.4131329655647278,23.140625,28.0316162109375,0.4518625736236572,1018.1479358673096,19.988847732543945
2024-04-10 13:55:21,0.0011973107466474,0.422826737165451,24.859375,0.0005415718769654,0.4131329655647278,23.140625,28.0316162109375,0.4518625736236572,1018.1479358673096,19.988847732543945
2024-04-10 13:55:22,0.0011973107466474,0.422826737165451,24.859375,0.0005415718769654,0.4131329655647278,23.140625,28.0316162109375,0.4518625736236572,1018.1479358673096,19.988847732543945
2024-04-10 13:55:23,0.0011973107466474,0.422826737165451,24.859375,0.0005415718769654,0.4131329655647278,23.140625,28.0316162109375,0.4518625736236572,1018.1479358673096,19.9901180267334
2024-04-10 13:55:24,0.0011973107466474,0.422826737165451,24.859375,0.0005415718769654,0.4131329655647278,23.140625,28.0316162109375,0.4518625736236572,1018.1479358673096,19.9901180267334
2024-04-10 13:55:25,0.0011973107466474,0.422826737165451,24.859375,0.0005415718769654,0.4131329655647278,23.140625,28.0316162109375,0.4518625736236572,1018.1479358673096,19.9901180267334
2024-04-10 13:55:26,0.0011973107466474,0.422826737165451,24.859375,0.0005415718769654,0.4131329655647278,23.140625,28.0316162109375,0.4518625736236572,1018.1962013244628,19.9901180267334
2024-04-10 13:55:27,0.0011973107466474,0.422826737165451,24.859375,0.0005415718769654,0.4131329655647278,23.140625,28.0316162109375,0.4518625736236572,1018.1962013244628,19.9901180267334
2024-04-10 13:55:28,0.0011973107466474,0.422826737165451,24.859375,0.0005415718769654,0.4131329655647278,23.140625,28.0316162109375,0.4518625736236572,1018.1962013244628,19.9901180267334
2024-04-10 13:55:29,0.0011973107466474,0.422826737165451,24.859375,0.0005415718769654,0.4131329655647278,23.140625,28.0316162109375,0.4518625736236572,1018.1962013244628,19.9901180267334
2024-04-10 13:55:30,0.0011973107466474,0.422826737165451,24.859375,0.0005415718769654,0.4131329655647278,23.140625,28.0316162109375,0.4518625736236572,1018.1962013244628,19.9901180267334
2024-04-10 13:55:31,0.0011973107466474,0.422826737165451,24.859375,0.0005415718769654,0.4131329655647278,23.140625,28.0316162109375,0.4518625736236572,1018.1962013244628,19.98247337341309
2024-04-10 13:55:32,0.0011973107466474,0.422826737165451,24.859375,0.0005415718769654,0.4131329655647278,23.140625,28.0316162109375,0.4518625736236572,1018.1962013244628,19.98247337341309
2024-04-10 13:55:33,0.0011973107466474,0.422826737165451,24.859375,0.0005415718769654,0.4131329655647278,23.140625,28.0316162109375,0.4518625736236572,1018.1962013244628,19.98247337341309
2024-04-10 13:55:34,0.0011973107466474,0.422826737165451,24.859375,0.0005415718769654,0.4131329655647278,23.140625,28.0316162109375,0.4518625736236572,1018.1962013244628,19.98247337341309
2024-04-10 13:55:35,0.0011973107466474,0.422826737165451,24.859375,0.0005415718769654,0.4131329655647278,23.140625,28.0316162109375,0.4518625736236572,1018.199348449707,19.98247337341309
2024-04-10 13:55:36,0.0011973107466474,0.422826737165451,24.859375,0.0005415718769654,0.4131329655647278,23.140625,28.1375732421875,0.4518625736236572,1018.199348449707,19.98247337341309
2024-04-10 13:55:37,0.0011973107466474,0.422826737165451,24.859375,0.0005415718769654,0.4131329655647278,23.140625,28.1375732421875,0.4518625736236572,1018.199348449707,19.98247337341309
2024-04-10 13:55:38,0.0011973107466474,0.422826737165451,24.859375,0.0005415718769654,0.4131329655647278,23.140625,28.1375732421875,0.4518625736236572,1018.199348449707,19.98247337341309
2024-04-10 13:55:39,0.0011973107466474,0.422826737165451,24.859375,0.0005415718769654,0.4131329655647278,23.140625,28.1375732421875,0.4518625736236572,1018.199348449707,19.97541236877441
2024-04-10 13:55:40,0.0011973107466474,0.422826737165451,24.859375,0.0005415718769654,0.4131329655647278,23.140625,28.1375732421875,0.4518625736236572,1018.199348449707,19.97541236877441
2024-04-10 13:55:41,0.0011973107466474,0.422826737165451,24.859375,0.0005415718769654,0.4131329655647278,23.140625,28.1375732421875,0.4518625736236572,1018.199348449707,19.97541236877441
2024-04-10 13:55:42,0.0011973107466474,0.422826737165451,24.859375,0.0005415718769654,0.4131329655647278,23.140625,28.1375732421875,0.4518625736236572,1018.1469345092772,19.97541236877441
2024-04-10 13:55:43,0.0011973107466474,0.422826737165451,24.859375,0.0005415718769654,0.4131329655647278,23.140625,28.1375732421875,0.4518625736236572,1018.1469345092772,19.97541236877441
2024-04-10 13:55:44,0.0011973107466474,0.422826737165451,24.859375,0.0005415718769654,0.4131329655647278,23.140625,28.1375732421875,0.4518625736236572,1018.1469345092772,19.97541236877441
2024-04-10 13:55:45,0.0011973107466474,0.422826737165451,24.859375,0.0005415718769654,0.4131329655647278,23.140625,28.1375732421875,0.4518625736236572,1018.1469345092772,19.97541236877441
2024-04-10 13:55:46,0.0011973107466474,0.422826737165451,24.859375,0.0005415718769654,0.4131329655647278,23.140625,28.1375732421875,0.4518625736236572,1018.1469345092772,19.98165512084961
2024-04-10 13:55:47,0.0011973107466474,0.422826737165451,24.859375,0.0005415718769654,0.4131329655647278,23.140625,28.1375732421875,0.4518625736236572,1018.1469345092772,19.98165512084961
2024-04-10 13:55:48,0.0011973107466474,0.422826737165451,24.859375,0.0005415718769654,0.4131329655647278,23.140625,28.1375732421875,0.4518625736236572,1018.1469345092772,19.98165512084961
2024-04-10 13:55:49,0.0011973107466474,0.422826737165451,24.859375,0.0005415718769654,0.4131329655647278,23.140625,28.1375732421875,0.4518625736236572,1018.1469345092772,19.98165512084961
2024-04-10 13:55:50,0.0011973107466474,0.422826737165451,24.859375,0.0005415718769654,0.4131329655647278,23.140625,28.1375732421875,0.4518625736236572,1018.1469345092772,19.98165512084961
2024-04-10 13:55:51,0.0011973107466474,0.422826737165451,24.859375,0.0005415718769654,0.4131329655647278,23.140625,28.1375732421875,0.4518625736236572,1018.1469345092772,19.98165512084961
2024-04-10 13:55:52,0.0011973107466474,0.422826737165451,24.859375,0.0005415718769654,0.4131329655647278,23.140625,28.1375732421875,0.4518625736236572,1018.188819885254,19.98165512084961
2024-04-10 13:55:53,0.0011973107466474,0.422826737165451,24.859375,0.0005415718769654,0.4131329655647278,23.140625,28.1375732421875,0.4518625736236572,1018.188819885254,19.98405265808105
2024-04-10 13:55:54,0.0011973107466474,0.422826737165451,24.859375,0.0005415718769654,0.4131329655647278,23.140625,28.1375732421875,0.4518625736236572,1018.188819885254,19.98405265808105
2024-04-10 13:55:55,0.0011973107466474,0.422826737165451,24.859375,0.0005415718769654,0.4131329655647278,23.140625,28.1375732421875,0.4518625736236572,1018.188819885254,19.98405265808105
2024-04-10 13:55:56,0.0011973107466474,0.422826737165451,24.859375,0.0005415718769654,0.4131329655647278,23.140625,28.1375732421875,0.4518625736236572,1018.188819885254,19.98405265808105
2024-04-10 13:55:57,0.0011973107466474,0.422826737165451,24.859375,0.0005415718769654,0.4131329655647278,23.140625,28.1375732421875,0.4518625736236572,1018.188819885254,19.98405265808105
2024-04-10 13:55:58,0.0011973107466474,0.422826737165451,24.859375,0.0005415718769654,0.4131329655647278,23.140625,28.1375732421875,0.4518625736236572,1018.188819885254,19.98405265808105
2024-04-10 13:55:59,0.0011973107466474,0.422826737165451,24.859375,0.0005415718769654,0.4131329655647278,23.140625,28.1375732421875,0.4518625736236572,1018.1823253631592,19.98405265808105
2024-04-10 13:56:00,0.0011973107466474,0.422826737165451,24.859375,0.0005415718769654,0.4131329655647278,23.140625,28.1375732421875,0.4518625736236572,1018.1823253631592,19.98405265808105
2024-04-10 13:56:01,0.0011973107466474,0.422826737165451,24.859375,0.0005415718769654,0.4131329655647278,23.140625,28.1375732421875,0.4518625736236572,1018.1823253631592,19.98405265808105
2024-04-10 13:56:02,0.0011973107466474,0.422826737165451,24.859375,0.0005415718769654,0.4131329655647278,23.140625,28.1375732421875,0.4518625736236572,1018.1823253631592,19.969209671020508
2024-04-10 13:56:03,0.0011973107466474,0.422826737165451,24.859375,0.0005415718769654,0.4131329655647278,23.140625,28.1375732421875,0.4518625736236572,1018.1823253631592,19.969209671020508
2024-04-10 13:56:04,0.0011973107466474,0.422826737165451,24.859375,0.0005415718769654,0.4131329655647278,23.140625,28.1375732421875,0.4518625736236572,1018.1823253631592,19.969209671020508
2024-04-10 13:56:05,0.0011973107466474,0.422826737165451,24.859375,0.0005415718769654,0.4131329655647278,23.140625,28.1375732421875,0.4518625736236572,1018.1823253631592,19.969209671020508
2024-04-10 13:56:06,0.0011973107466474,0.422826737165451,24.859375,0.0005415718769654,0.4131329655647278,23.140625,28.1375732421875,0.4518625736236572,1018.1875610351562,19.969209671020508
2024-04-10 13:56:07,0.0011973107466474,0.422826737165451,24.859375,0.0005415718769654,0.4131329655647278,23.140625,28.1375732421875,0.4518625736236572,1018.1875610351562,19.969209671020508
2024-04-10 13:56:08,0.0011973107466474,0.422826737165451,24.859375,0.0005415718769654,0.4131329655647278,23.140625,28.1375732421875,0.4518625736236572,1018.1875610351562,19.969209671020508
2024-04-10 13:56:09,0.0011973107466474,0.422826737165451,24.859375,0.0005415718769654,0.4131329655647278,23.140625,28.1375732421875,0.4518625736236572,1018.1875610351562,19.95912742614746
2024-04-10 13:56:10,0.0011973107466474,0.422826737165451,24.859375,0.0005415718769654,0.4131329655647278,23.140625,28.1375732421875,0.4518625736236572,1018.1875610351562,19.95912742614746
2024-04-10 13:56:11,0.0011973107466474,0.422826737165451,24.859375,0.0005415718769654,0.4131329655647278,23.140625,28.1375732421875,0.4518625736236572,1018.1875610351562,19.95912742614746
2024-04-10 13:56:12,0.0011973107466474,0.422826737165451,24.859375,0.0005415718769654,0.4131329655647278,23.140625,28.1375732421875,0.4518625736236572,1018.1875610351562,19.95912742614746
2024-04-10 13:56:13,0.0011973107466474,0.422826737165451,24.859375,0.0005415718769654,0.4131329655647278,23.140625,28.1375732421875,0.4518625736236572,1018.1875610351562,19.95912742614746
2024-04-10 13:56:14,0.0011973107466474,0.422826737165451,24.859375,0.0005415718769654,0.4131329655647278,23.140625,28.1375732421875,0.4518625736236572,1018.1875610351562,19.95912742614746
2024-04-10 13:56:15,0.0011973107466474,0.422826737165451,24.859375,0.0005415718769654,0.4131329655647278,23.140625,28.1375732421875,0.4518625736236572,1018.1875610351562,19.95912742614746
2024-04-10 13:56:16,0.0011973107466474,0.422826737165451,24.859375,0.0005415718769654,0.4131329655647278,23.140625,28.1375732421875,0.4537010192871094,1018.1783485412598,19.95912742614746
2024-04-10 13:56:17,0.0011973107466474,0.422826737165451,24.859375,0.0005415718769654,0.4131329655647278,23.140625,28.1375732421875,0.4537010192871094,1018.1783485412598,19.95912742614746
2024-04-10 13:56:18,0.0011973107466474,0.422826737165451,24.859375,0.0005415718769654,0.4131329655647278,23.140625,28.1375732421875,0.4537010192871094,1018.1783485412598,19.95912742614746
2024-04-10 13:56:19,0.0011973107466474,0.422826737165451,24.859375,0.0005415718769654,0.4131329655647278,23.140625,28.1375732421875,0.4537010192871094,1018.1783485412598,19.95912742614746
2024-04-10 13:56:20,0.0011973107466474,0.422826737165451,24.859375,0.0005415718769654,0.4131329655647278,23.140625,28.1375732421875,0.4537010192871094,1018.1783485412598,19.96862030029297
2024-04-10 13:56:21,0.0011973107466474,0.422826737165451,24.859375,0.0005415718769654,0.4131329655647278,23.140625,28.1375732421875,0.4537010192871094,1018.1783485412598,19.96862030029297
2024-04-10 13:56:22,0.0011973107466474,0.422826737165451,24.859375,0.0005415718769654,0.4131329655647278,23.140625,28.1375732421875,0.4537010192871094,1018.1783485412598,19.96862030029297
2024-04-10 13:56:23,0.0011973107466474,0.422826737165451,24.859375,0.0005415718769654,0.4131329655647278,23.140625,28.1375732421875,0.4537010192871094,1018.1748580932616,19.96862030029297
2024-04-10 13:56:24,0.0011973107466474,0.422826737165451,24.859375,0.0005415718769654,0.4131329655647278,23.140625,28.1375732421875,0.4537010192871094,1018.1748580932616,19.96862030029297
2024-04-10 13:56:25,0.0011973107466474,0.422826737165451,24.859375,0.0005415718769654,0.4131329655647278,23.140625,28.1375732421875,0.4537010192871094,1018.1748580932616,19.96862030029297
2024-04-10 13:56:26,0.0011973107466474,0.422826737165451,24.859375,0.0005415718769654,0.4131329655647278,23.140625,28.1375732421875,0.4537010192871094,1018.1748580932616,19.97731208801269
2024-04-10 13:56:27,0.0011973107466474,0.422826737165451,24.859375,0.0005415718769654,0.4131329655647278,23.140625,28.1375732421875,0.4537010192871094,1018.1748580932616,19.97731208801269
2024-04-10 13:56:28,0.0011973107466474,0.422826737165451,24.859375,0.0005415718769654,0.4131329655647278,23.140625,28.1375732421875,0.4537010192871094,1018.1748580932616,19.97731208801269
2024-04-10 13:56:29,0.0011973107466474,0.422826737165451,24.859375,0.0005415718769654,0.4131329655647278,23.140625,28.1375732421875,0.4537010192871094,1018.1748580932616,19.97731208801269
2024-04-10 13:56:30,0.0011973107466474,0.422826737165451,24.859375,0.0005415718769654,0.4131329655647278,23.140625,28.1375732421875,0.4537010192871094,1018.171453475952,19.97731208801269
2024-04-10 13:56:31,0.0011973107466474,0.422826737165451,24.859375,0.0005415718769654,0.4131329655647278,23.140625,28.1375732421875,0.4537010192871094,1018.171453475952,19.97731208801269
2024-04-10 13:56:32,0.0011973107466474,0.422826737165451,24.859375,0.0005415718769654,0.4131329655647278,23.140625,28.1375732421875,0.4537010192871094,1018.171453475952,19.97731208801269
2024-04-10 13:56:33,0.0011973107466474,0.422826737165451,24.859375,0.0005415718769654,0.4131329655647278,23.140625,28.1375732421875,0.4537010192871094,1018.171453475952,19.97731208801269
2024-04-10 13:56:34,0.0011973107466474,0.422826737165451,24.859375,0.0005415718769654,0.4131329655647278,23.140625,28.1375732421875,0.4537010192871094,1018.171453475952,19.9710693359375
2024-04-10 13:56:35,0.0011973107466474,0.422826737165451,24.859375,0.0005415718769654,0.4131329655647278,23.140625,28.1375732421875,0.4537010192871094,1018.171453475952,19.9710693359375
2024-04-10 13:56:36,0.0011973107466474,0.422826737165451,24.859375,0.0005415718769654,0.4131329655647278,23.140625,28.1375732421875,0.4537010192871094,1018.171453475952,19.9710693359375
2024-04-10 13:56:37,0.0011973107466474,0.422826737165451,24.859375,0.0005415718769654,0.4131329655647278,23.140625,28.40789794921875,0.4537010192871094,1018.171453475952,19.9710693359375
2024-04-10 13:56:38,0.0011973107466474,0.422826737165451,24.859375,0.0005415718769654,0.4131329655647278,23.140625,28.40789794921875,0.4537010192871094,1018.1975173950196,19.9710693359375
2024-04-10 13:56:39,0.0011973107466474,0.422826737165451,24.859375,0.0005415718769654,0.4131329655647278,23.140625,28.40789794921875,0.4537010192871094,1018.1975173950196,19.9710693359375
2024-04-10 13:56:40,0.0011973107466474,0.422826737165451,24.859375,0.0005415718769654,0.4131329655647278,23.140625,28.40789794921875,0.4537010192871094,1018.1975173950196,19.9710693359375
2024-04-10 13:56:41,0.0011973107466474,0.422826737165451,24.859375,0.0005415718769654,0.4131329655647278,23.140625,28.40789794921875,0.4537010192871094,1018.1975173950196,19.9710693359375
2024-04-10 13:56:42,0.0011973107466474,0.422826737165451,24.859375,0.0005415718769654,0.4131329655647278,23.140625,28.40789794921875,0.4537010192871094,1018.1975173950196,19.9710693359375
2024-04-10 13:56:43,0.0011973107466474,0.422826737165451,24.859375,0.0005415718769654,0.4131329655647278,23.140625,28.40789794921875,0.4537010192871094,1018.1975173950196,19.99494743347168
2024-04-10 13:56:44,0.0011973107466474,0.422826737165451,24.859375,0.0005415718769654,0.4131329655647278,23.140625,28.40789794921875,0.4537010192871094,1018.1975173950196,19.99494743347168
2024-04-10 13:56:45,0.0011973107466474,0.422826737165451,24.859375,0.0005415718769654,0.4131329655647278,23.140625,28.40789794921875,0.4537010192871094,1018.1975173950196,19.99494743347168
2024-04-10 13:56:46,0.0011973107466474,0.422826737165451,24.859375,0.0005415718769654,0.4131329655647278,23.140625,28.40789794921875,0.4537010192871094,1018.1975173950196,19.99494743347168
2024-04-10 13:56:47,0.0011973107466474,0.422826737165451,24.859375,0.0005415718769654,0.4131329655647278,23.140625,28.40789794921875,0.4537010192871094,1018.1975173950196,19.99494743347168
2024-04-10 13:56:48,0.0011973107466474,0.422826737165451,24.859375,0.0005415718769654,0.4131329655647278,23.140625,28.40789794921875,0.4537010192871094,1018.186902999878,19.99494743347168
2024-04-10 13:56:49,0.0011973107466474,0.422826737165451,24.859375,0.0005415718769654,0.4131329655647278,23.140625,28.40789794921875,0.4537010192871094,1018.186902999878,19.99494743347168
2024-04-10 13:56:50,0.0011973107466474,0.422826737165451,24.859375,0.0005415718769654,0.4131329655647278,23.140625,28.40789794921875,0.4537010192871094,1018.186902999878,19.983497619628903
2024-04-10 13:56:51,0.0011973107466474,0.422826737165451,24.859375,0.0005415718769654,0.4131329655647278,23.140625,28.40789794921875,0.4537010192871094,1018.186902999878,19.983497619628903
2024-04-10 13:56:52,0.0011973107466474,0.422826737165451,24.859375,0.0005415718769654,0.4131329655647278,23.140625,28.40789794921875,0.4537010192871094,1018.186902999878,19.983497619628903
2024-04-10 13:56:53,0.0011973107466474,0.422826737165451,24.859375,0.0005415718769654,0.4131329655647278,23.140625,28.40789794921875,0.4537010192871094,1018.186902999878,19.983497619628903
2024-04-10 13:56:54,0.0011973107466474,0.422826737165451,24.859375,0.0005415718769654,0.4131329655647278,23.140625,28.40789794921875,0.4537010192871094,1018.186902999878,19.983497619628903
2024-04-10 13:56:55,0.0011973107466474,0.422826737165451,24.859375,0.0005415718769654,0.4131329655647278,23.140625,28.40789794921875,0.4537010192871094,1018.186902999878,19.983497619628903
2024-04-10 13:56:56,0.0011973107466474,0.422826737165451,24.859375,0.0005415718769654,0.4131329655647278,23.140625,28.40789794921875,0.4537010192871094,1018.186902999878,19.983497619628903
2024-04-10 13:56:57,0.0011973107466474,0.422826737165451,24.859375,0.0005415718769654,0.4131329655647278,23.140625,28.40789794921875,0.4537010192871094,1018.1987190246582,19.983497619628903
2024-04-10 13:56:58,0.0011973107466474,0.422826737165451,24.859375,0.0005415718769654,0.4131329655647278,23.140625,28.40789794921875,0.4537010192871094,1018.1987190246582,19.999181747436523
2024-04-10 13:56:59,0.0011973107466474,0.422826737165451,24.859375,0.0005415718769654,0.4131329655647278,23.140625,28.40789794921875,0.4537010192871094,1018.1987190246582,19.999181747436523
2024-04-10 13:57:00,0.0011973107466474,0.422826737165451,24.859375,0.0005415718769654,0.4131329655647278,23.140625,28.40789794921875,0.4537010192871094,1018.1987190246582,19.999181747436523
2024-04-10 13:57:01,0.0011973107466474,0.422826737165451,24.859375,0.0005415718769654,0.4131329655647278,23.140625,28.40789794921875,0.4537010192871094,1018.1987190246582,19.999181747436523
2024-04-10 13:57:02,0.0011973107466474,0.422826737165451,24.859375,0.0005415718769654,0.4131329655647278,23.140625,28.40789794921875,0.4537010192871094,1018.1987190246582,19.999181747436523
2024-04-10 13:57:03,0.0011973107466474,0.422826737165451,24.859375,0.0005415718769654,0.4131329655647278,23.140625,28.40789794921875,0.4537010192871094,1018.1722831726074,19.999181747436523
2024-04-10 13:57:04,0.0011973107466474,0.422826737165451,24.859375,0.0005415718769654,0.4131329655647278,23.140625,28.40789794921875,0.4537010192871094,1018.1722831726074,19.999181747436523
2024-04-10 13:57:05,0.0011973107466474,0.422826737165451,24.859375,0.0005415718769654,0.4131329655647278,23.140625,28.40789794921875,0.4537010192871094,1018.1722831726074,19.999181747436523
2024-04-10 13:57:06,0.0011973107466474,0.422826737165451,24.859375,0.0005415718769654,0.4131329655647278,23.140625,28.40789794921875,0.4537010192871094,1018.1722831726074,19.999181747436523
2024-04-10 13:57:07,0.0011973107466474,0.422826737165451,24.859375,0.0005415718769654,0.4131329655647278,23.140625,28.40789794921875,0.4537010192871094,1018.1722831726074,19.999181747436523
2024-04-10 13:57:08,0.0011973107466474,0.422826737165451,24.859375,0.0005415718769654,0.4131329655647278,23.140625,28.40789794921875,0.4537010192871094,1018.1722831726074,20.00421142578125
2024-04-10 13:57:09,0.0011973107466474,0.422826737165451,24.859375,0.0005415718769654,0.4131329655647278,23.140625,28.40789794921875,0.4537010192871094,1018.1722831726074,20.00421142578125
2024-04-10 13:57:10,0.0011973107466474,0.422826737165451,24.859375,0.0005415718769654,0.4131329655647278,23.140625,28.40789794921875,0.4537010192871094,1018.1722831726074,20.00421142578125
2024-04-10 13:57:11,0.0011973107466474,0.422826737165451,24.859375,0.0005415718769654,0.4131329655647278,23.140625,28.40789794921875,0.4537010192871094,1018.1768035888672,20.00421142578125
2024-04-10 13:57:12,0.0011973107466474,0.422826737165451,24.859375,0.0005415718769654,0.4131329655647278,23.140625,28.40789794921875,0.4537010192871094,1018.1768035888672,20.00421142578125
2024-04-10 13:57:13,0.0011973107466474,0.422826737165451,24.859375,0.0005415718769654,0.4131329655647278,23.140625,28.40789794921875,0.4537010192871094,1018.1768035888672,20.01014518737793
2024-04-10 13:57:14,0.0011973107466474,0.422826737165451,24.859375,0.0005415718769654,0.4131329655647278,23.140625,28.40789794921875,0.4537010192871094,1018.1768035888672,20.01014518737793
2024-04-10 13:57:15,0.0011973107466474,0.422826737165451,24.859375,0.0005415718769654,0.4131329655647278,23.140625,28.40789794921875,0.4537010192871094,1018.1768035888672,20.01014518737793
2024-04-10 13:57:16,0.0011973107466474,0.422826737165451,24.859375,0.0005415718769654,0.4131329655647278,23.140625,28.40789794921875,0.4537010192871094,1018.1768035888672,20.01014518737793
2024-04-10 13:57:17,0.0011973107466474,0.422826737165451,24.859375,0.0005415718769654,0.4131329655647278,23.140625,28.40789794921875,0.453547716140747,1018.1776332855223,20.01014518737793
2024-04-10 13:57:18,0.0011973107466474,0.422826737165451,24.859375,0.0005415718769654,0.4131329655647278,23.140625,28.40789794921875,0.453547716140747,1018.1776332855223,20.01014518737793
2024-04-10 13:57:19,0.0011973107466474,0.422826737165451,24.859375,0.0005415718769654,0.4131329655647278,23.140625,28.40789794921875,0.453547716140747,1018.1776332855223,20.01014518737793
2024-04-10 13:57:20,0.0011973107466474,0.422826737165451,24.859375,0.0005415718769654,0.4131329655647278,23.140625,28.40789794921875,0.453547716140747,1018.1776332855223,20.01014518737793
2024-04-10 13:57:21,0.0011973107466474,0.422826737165451,24.859375,0.0005415718769654,0.4131329655647278,23.140625,28.40789794921875,0.453547716140747,1018.1776332855223,20.01014518737793
2024-04-10 13:57:22,0.0011973107466474,0.422826737165451,24.859375,0.0005415718769654,0.4131329655647278,23.140625,28.40789794921875,0.453547716140747,1018.1776332855223,20.01014518737793
2024-04-10 13:57:23,0.0011973107466474,0.422826737165451,24.859375,0.0005415718769654,0.4131329655647278,23.140625,28.40789794921875,0.453547716140747,1018.1776332855223,20.01014518737793
2024-04-10 13:57:24,0.0011973107466474,0.422826737165451,24.859375,0.0005415718769654,0.4131329655647278,23.140625,28.40789794921875,0.453547716140747,1018.1776332855223,20.002145767211918
2024-04-10 13:57:25,0.0011973107466474,0.422826737165451,24.859375,0.0005415718769654,0.4131329655647278,23.140625,28.40789794921875,0.453547716140747,1018.1776332855223,20.002145767211918
2024-04-10 13:57:26,0.0011973107466474,0.422826737165451,24.859375,0.0005415718769654,0.4131329655647278,23.140625,28.40789794921875,0.453547716140747,1018.1776332855223,20.002145767211918
2024-04-10 13:57:27,0.0011973107466474,0.422826737165451,24.859375,0.0005415718769654,0.4131329655647278,23.140625,28.40789794921875,0.453547716140747,1018.2063293457032,20.002145767211918
2024-04-10 13:57:28,0.0011973107466474,0.422826737165451,24.859375,0.0005415718769654,0.4131329655647278,23.140625,28.40789794921875,0.453547716140747,1018.2063293457032,20.002145767211918
2024-04-10 13:57:29,0.0011973107466474,0.422826737165451,24.859375,0.0005415718769654,0.4131329655647278,23.140625,28.40789794921875,0.453547716140747,1018.2063293457032,20.002145767211918
2024-04-10 13:57:30,0.0011973107466474,0.422826737165451,24.859375,0.0005415718769654,0.4131329655647278,23.140625,28.40789794921875,0.453547716140747,1018.2063293457032,20.002145767211918
2024-04-10 13:57:31,0.0011973107466474,0.422826737165451,24.859375,0.0005415718769654,0.4131329655647278,23.140625,28.40789794921875,0.453547716140747,1018.2063293457032,19.999313354492188
2024-04-10 13:57:32,0.0011973107466474,0.422826737165451,24.859375,0.0005415718769654,0.4131329655647278,23.140625,28.40789794921875,0.453547716140747,1018.2063293457032,19.999313354492188
2024-04-10 13:57:33,0.0011973107466474,0.422826737165451,24.859375,0.0005415718769654,0.4131329655647278,23.140625,28.40789794921875,0.453547716140747,1018.2063293457032,19.999313354492188
2024-04-10 13:57:34,0.0011973107466474,0.422826737165451,24.859375,0.0005415718769654,0.4131329655647278,23.140625,28.40789794921875,0.453547716140747,1018.2006931304932,19.999313354492188
2024-04-10 13:57:35,0.0011973107466474,0.422826737165451,24.859375,0.0005415718769654,0.4131329655647278,23.140625,28.40789794921875,0.453547716140747,1018.2006931304932,19.999313354492188
2024-04-10 13:57:36,0.0011973107466474,0.422826737165451,24.859375,0.0005415718769654,0.4131329655647278,23.140625,28.556884765625,0.453547716140747,1018.2006931304932,19.999313354492188
2024-04-10 13:57:37,0.0011973107466474,0.422826737165451,24.859375,0.0005415718769654,0.4131329655647278,23.140625,28.556884765625,0.453547716140747,1018.2006931304932,19.999313354492188
2024-04-10 13:57:38,0.0011973107466474,0.422826737165451,24.859375,0.0005415718769654,0.4131329655647278,23.140625,28.556884765625,0.453547716140747,1018.2006931304932,20.002180099487305
2024-04-10 13:57:39,0.0011973107466474,0.422826737165451,24.859375,0.0005415718769654,0.4131329655647278,23.140625,28.556884765625,0.453547716140747,1018.2006931304932,20.002180099487305
2024-04-10 13:57:40,0.0011973107466474,0.422826737165451,24.859375,0.0005415718769654,0.4131329655647278,23.140625,28.556884765625,0.453547716140747,1018.2006931304932,20.002180099487305
2024-04-10 13:57:41,0.0011973107466474,0.422826737165451,24.859375,0.0005415718769654,0.4131329655647278,23.140625,28.556884765625,0.453547716140747,1018.211908340454,20.002180099487305
2024-04-10 13:57:42,0.0011973107466474,0.422826737165451,24.859375,0.0005415718769654,0.4131329655647278,23.140625,28.556884765625,0.453547716140747,1018.211908340454,20.002180099487305
2024-04-10 13:57:43,0.0011973107466474,0.422826737165451,24.859375,0.0005415718769654,0.4131329655647278,23.140625,28.556884765625,0.453547716140747,1018.211908340454,20.002180099487305
2024-04-10 13:57:44,0.0011973107466474,0.422826737165451,24.859375,0.0005415718769654,0.4131329655647278,23.140625,28.556884765625,0.453547716140747,1018.211908340454,20.002180099487305
2024-04-10 13:57:45,0.0011973107466474,0.422826737165451,24.859375,0.0005415718769654,0.4131329655647278,23.140625,28.556884765625,0.453547716140747,1018.211908340454,20.002180099487305
2024-04-10 13:57:46,0.0011973107466474,0.422826737165451,24.859375,0.0005415718769654,0.4131329655647278,23.140625,28.556884765625,0.453547716140747,1018.211908340454,20.00104141235352
2024-04-10 13:57:47,0.0011973107466474,0.422826737165451,24.859375,0.0005415718769654,0.4131329655647278,23.140625,28.556884765625,0.453547716140747,1018.211908340454,20.00104141235352
2024-04-10 13:57:48,0.0011973107466474,0.422826737165451,24.859375,0.0005415718769654,0.4131329655647278,23.140625,28.556884765625,0.453547716140747,1018.211908340454,20.00104141235352
2024-04-10 13:57:49,0.0011973107466474,0.422826737165451,24.859375,0.0005415718769654,0.4131329655647278,23.140625,28.556884765625,0.453547716140747,1018.211908340454,20.00104141235352
2024-04-10 13:57:50,0.0011973107466474,0.422826737165451,24.859375,0.0005415718769654,0.4131329655647278,23.140625,28.556884765625,0.453547716140747,1018.258171081543,20.00104141235352
2024-04-10 13:57:51,0.0011973107466474,0.422826737165451,24.859375,0.0005415718769654,0.4131329655647278,23.140625,28.556884765625,0.453547716140747,1018.258171081543,20.00104141235352
2024-04-10 13:57:52,0.0011973107466474,0.422826737165451,24.859375,0.0005415718769654,0.4131329655647278,23.140625,28.556884765625,0.453547716140747,1018.258171081543,20.00104141235352
2024-04-10 13:57:53,0.0011973107466474,0.422826737165451,24.859375,0.0005415718769654,0.4131329655647278,23.140625,28.556884765625,0.453547716140747,1018.258171081543,20.00104141235352
2024-04-10 13:57:54,0.0011973107466474,0.422826737165451,24.859375,0.0005415718769654,0.4131329655647278,23.140625,28.556884765625,0.453547716140747,1018.258171081543,20.006202697753903
2024-04-10 13:57:55,0.0011973107466474,0.422826737165451,24.859375,0.0005415718769654,0.4131329655647278,23.140625,28.556884765625,0.453547716140747,1018.258171081543,20.006202697753903
2024-04-10 13:57:56,0.0011973107466474,0.422826737165451,24.859375,0.0005415718769654,0.4131329655647278,23.140625,28.556884765625,0.453547716140747,1018.258171081543,20.006202697753903
2024-04-10 13:57:57,0.0011973107466474,0.422826737165451,24.859375,0.0005415718769654,0.4131329655647278,23.140625,28.556884765625,0.453547716140747,1018.258171081543,20.006202697753903
2024-04-10 13:57:58,0.0011973107466474,0.422826737165451,24.859375,0.0005415718769654,0.4131329655647278,23.140625,28.556884765625,0.453547716140747,1018.230390548706,20.006202697753903
2024-04-10 13:57:59,0.0011973107466474,0.422826737165451,24.859375,0.0005415718769654,0.4131329655647278,23.140625,28.556884765625,0.453547716140747,1018.230390548706,20.006202697753903
2024-04-10 13:58:00,0.0011973107466474,0.422826737165451,24.859375,0.0005415718769654,0.4131329655647278,23.140625,28.556884765625,0.453547716140747,1018.230390548706,20.006202697753903
2024-04-10 13:58:01,0.0011973107466474,0.422826737165451,24.859375,0.0005415718769654,0.4131329655647278,23.140625,28.556884765625,0.453547716140747,1018.230390548706,20.006202697753903
2024-04-10 13:58:02,0.0011973107466474,0.422826737165451,24.859375,0.0005415718769654,0.4131329655647278,23.140625,28.556884765625,0.453547716140747,1018.230390548706,20.006202697753903
2024-04-10 13:58:03,0.0011973107466474,0.422826737165451,24.859375,0.0005415718769654,0.4131329655647278,23.140625,28.556884765625,0.453547716140747,1018.230390548706,20.006202697753903
2024-04-10 13:58:04,0.0011973107466474,0.422826737165451,24.859375,0.0005415718769654,0.4131329655647278,23.140625,28.556884765625,0.453547716140747,1018.230390548706,20.006202697753903
2024-04-10 13:58:05,0.0011973107466474,0.422826737165451,24.859375,0.0005415718769654,0.4131329655647278,23.140625,28.556884765625,0.453547716140747,1018.230390548706,20.0153865814209
2024-04-10 13:58:06,0.0011973107466474,0.422826737165451,24.859375,0.0005415718769654,0.4131329655647278,23.140625,28.556884765625,0.453547716140747,1018.230390548706,20.0153865814209
2024-04-10 13:58:07,0.0011973107466474,0.422826737165451,24.859375,0.0005415718769654,0.4131329655647278,23.140625,28.556884765625,0.453547716140747,1018.230390548706,20.0153865814209
2024-04-10 13:58:08,0.0011973107466474,0.422826737165451,24.859375,0.0005415718769654,0.4131329655647278,23.140625,28.556884765625,0.453547716140747,1018.2183456420898,20.0153865814209
2024-04-10 13:58:09,0.0011973107466474,0.422826737165451,24.859375,0.0005415718769654,0.4131329655647278,23.140625,28.556884765625,0.453547716140747,1018.2183456420898,20.0153865814209
2024-04-10 13:58:10,0.0011973107466474,0.422826737165451,24.859375,0.0005415718769654,0.4131329655647278,23.140625,28.556884765625,0.453547716140747,1018.2183456420898,20.02029037475586
2024-04-10 13:58:11,0.0011973107466474,0.422826737165451,24.859375,0.0005415718769654,0.4131329655647278,23.140625,28.556884765625,0.453547716140747,1018.2183456420898,20.02029037475586
2024-04-10 13:58:12,0.0011973107466474,0.422826737165451,24.859375,0.0005415718769654,0.4131329655647278,23.140625,28.556884765625,0.453547716140747,1018.2183456420898,20.02029037475586
2024-04-10 13:58:13,0.0011973107466474,0.422826737165451,24.859375,0.0005415718769654,0.4131329655647278,23.140625,28.556884765625,0.453547716140747,1018.2183456420898,20.02029037475586
2024-04-10 13:58:14,0.0011973107466474,0.422826737165451,24.859375,0.0005415718769654,0.4131329655647278,23.140625,28.556884765625,0.453547716140747,1018.2183456420898,20.02029037475586
2024-04-10 13:58:15,0.0011973107466474,0.422826737165451,24.859375,0.0005415718769654,0.4131329655647278,23.140625,28.556884765625,0.4543435275554657,1018.1474494934082,20.02029037475586
2024-04-10 13:58:16,0.0011973107466474,0.422826737165451,24.859375,0.0005415718769654,0.4131329655647278,23.140625,28.556884765625,0.4543435275554657,1018.1474494934082,20.02029037475586
2024-04-10 13:58:17,0.0011973107466474,0.422826737165451,24.859375,0.0005415718769654,0.4131329655647278,23.140625,28.556884765625,0.4543435275554657,1018.1474494934082,20.02029037475586
2024-04-10 13:58:18,0.0011973107466474,0.422826737165451,24.859375,0.0005415718769654,0.4131329655647278,23.140625,28.556884765625,0.4543435275554657,1018.1474494934082,20.02029037475586
2024-04-10 13:58:19,0.0011973107466474,0.422826737165451,24.859375,0.0005415718769654,0.4131329655647278,23.140625,28.556884765625,0.4543435275554657,1018.1474494934082,20.02001571655273
2024-04-10 13:58:20,0.0011973107466474,0.422826737165451,24.859375,0.0005415718769654,0.4131329655647278,23.140625,28.556884765625,0.4543435275554657,1018.1474494934082,20.02001571655273
2024-04-10 13:58:21,0.0011973107466474,0.422826737165451,24.859375,0.0005415718769654,0.4131329655647278,23.140625,28.556884765625,0.4543435275554657,1018.1474494934082,20.02001571655273
2024-04-10 13:58:22,0.0011973107466474,0.422826737165451,24.859375,0.0005415718769654,0.4131329655647278,23.140625,28.556884765625,0.4543435275554657,1018.224639892578,20.02001571655273
2024-04-10 13:58:23,0.0011973107466474,0.422826737165451,24.859375,0.0005415718769654,0.4131329655647278,23.140625,28.556884765625,0.4543435275554657,1018.224639892578,20.02001571655273
2024-04-10 13:58:24,0.0011973107466474,0.422826737165451,24.859375,0.0005415718769654,0.4131329655647278,23.140625,28.556884765625,0.4543435275554657,1018.224639892578,20.02001571655273
2024-04-10 13:58:25,0.0011973107466474,0.422826737165451,24.859375,0.0005415718769654,0.4131329655647278,23.140625,28.556884765625,0.4543435275554657,1018.224639892578,20.02001571655273
2024-04-10 13:58:26,0.0011973107466474,0.422826737165451,24.859375,0.0005415718769654,0.4131329655647278,23.140625,28.556884765625,0.4543435275554657,1018.224639892578,20.02001571655273
2024-04-10 13:58:27,0.0011973107466474,0.422826737165451,24.859375,0.0005415718769654,0.4131329655647278,23.140625,28.556884765625,0.4543435275554657,1018.224639892578,20.00655174255371
2024-04-10 13:58:28,0.0011973107466474,0.422826737165451,24.859375,0.0005415718769654,0.4131329655647278,23.140625,28.556884765625,0.4543435275554657,1018.224639892578,20.00655174255371
2024-04-10 13:58:29,0.0011973107466474,0.422826737165451,24.859375,0.0005415718769654,0.4131329655647278,23.140625,28.556884765625,0.4543435275554657,1018.224639892578,20.00655174255371
2024-04-10 13:58:30,0.0011973107466474,0.422826737165451,24.859375,0.0005415718769654,0.4131329655647278,23.140625,28.556884765625,0.4543435275554657,1018.224639892578,20.00655174255371
2024-04-10 13:58:31,0.0011973107466474,0.422826737165451,24.859375,0.0005415718769654,0.4131329655647278,23.140625,28.556884765625,0.4543435275554657,1018.2284450531006,20.00655174255371
2024-04-10 13:58:32,0.0011973107466474,0.422826737165451,24.859375,0.0005415718769654,0.4131329655647278,23.140625,28.556884765625,0.4543435275554657,1018.2284450531006,20.00655174255371
2024-04-10 13:58:33,0.0011973107466474,0.422826737165451,24.859375,0.0005415718769654,0.4131329655647278,23.140625,28.556884765625,0.4543435275554657,1018.2284450531006,20.00655174255371
2024-04-10 13:58:34,0.0011973107466474,0.422826737165451,24.859375,0.0005415718769654,0.4131329655647278,23.140625,28.556884765625,0.4543435275554657,1018.2284450531006,20.00655174255371
2024-04-10 13:58:35,0.0011973107466474,0.422826737165451,24.859375,0.0005415718769654,0.4131329655647278,23.140625,28.556884765625,0.4543435275554657,1018.2284450531006,20.001785278320312
2024-04-10 13:58:36,0.0011973107466474,0.422826737165451,24.859375,0.0005415718769654,0.4131329655647278,23.140625,28.556884765625,0.4543435275554657,1018.2284450531006,20.001785278320312
2024-04-10 13:58:37,0.0011973107466474,0.422826737165451,24.859375,0.0005415718769654,0.4131329655647278,23.140625,28.556884765625,0.4543435275554657,1018.2284450531006,20.001785278320312
2024-04-10 13:58:38,0.0011973107466474,0.422826737165451,24.859375,0.0005415718769654,0.4131329655647278,23.140625,28.498809814453125,0.4543435275554657,1018.2284450531006,20.001785278320312
2024-04-10 13:58:39,0.0011973107466474,0.422826737165451,24.859375,0.0005415718769654,0.4131329655647278,23.140625,28.498809814453125,0.4543435275554657,1018.1525135040284,20.001785278320312
2024-04-10 13:58:40,0.0011973107466474,0.422826737165451,24.859375,0.0005415718769654,0.4131329655647278,23.140625,28.498809814453125,0.4543435275554657,1018.1525135040284,20.001785278320312
2024-04-10 13:58:41,0.0011973107466474,0.422826737165451,24.859375,0.0005415718769654,0.4131329655647278,23.140625,28.498809814453125,0.4543435275554657,1018.1525135040284,20.001785278320312
2024-04-10 13:58:42,0.0011973107466474,0.422826737165451,24.859375,0.0005415718769654,0.4131329655647278,23.140625,28.498809814453125,0.4543435275554657,1018.1525135040284,20.001785278320312
2024-04-10 13:58:43,0.0011973107466474,0.422826737165451,24.859375,0.0005415718769654,0.4131329655647278,23.140625,28.498809814453125,0.4543435275554657,1018.1525135040284,20.00725555419922
2024-04-10 13:58:44,0.0011973107466474,0.422826737165451,24.859375,0.0005415718769654,0.4131329655647278,23.140625,28.498809814453125,0.4543435275554657,1018.1525135040284,20.00725555419922
2024-04-10 13:58:45,0.0011973107466474,0.422826737165451,24.859375,0.0005415718769654,0.4131329655647278,23.140625,28.498809814453125,0.4543435275554657,1018.1525135040284,20.00725555419922
2024-04-10 13:58:46,0.0011973107466474,0.422826737165451,24.859375,0.0005415718769654,0.4131329655647278,23.140625,28.498809814453125,0.4543435275554657,1018.2040405273438,20.00725555419922
2024-04-10 13:58:47,0.0011973107466474,0.422826737165451,24.859375,0.0005415718769654,0.4131329655647278,23.140625,28.498809814453125,0.4543435275554657,1018.2040405273438,20.00725555419922
2024-04-10 13:58:48,0.0011973107466474,0.422826737165451,24.859375,0.0005415718769654,0.4131329655647278,23.140625,28.498809814453125,0.4543435275554657,1018.2040405273438,20.00725555419922
2024-04-10 13:58:49,0.0011973107466474,0.422826737165451,24.859375,0.0005415718769654,0.4131329655647278,23.140625,28.498809814453125,0.4543435275554657,1018.2040405273438,20.00725555419922
2024-04-10 13:58:50,0.0011973107466474,0.422826737165451,24.859375,0.0005415718769654,0.4131329655647278,23.140625,28.498809814453125,0.4543435275554657,1018.2040405273438,20.00725555419922
2024-04-10 13:58:51,0.0011973107466474,0.422826737165451,24.859375,0.0005415718769654,0.4131329655647278,23.140625,28.498809814453125,0.4543435275554657,1018.2040405273438,20.000577926635746
2024-04-10 13:58:52,0.0011973107466474,0.422826737165451,24.859375,0.0005415718769654,0.4131329655647278,23.140625,28.498809814453125,0.4543435275554657,1018.2040405273438,20.000577926635746
2024-04-10 13:58:53,0.0011973107466474,0.422826737165451,24.859375,0.0005415718769654,0.4131329655647278,23.140625,28.498809814453125,0.4543435275554657,1018.2040405273438,20.000577926635746
2024-04-10 13:58:54,0.0011973107466474,0.422826737165451,24.859375,0.0005415718769654,0.4131329655647278,23.140625,28.498809814453125,0.4543435275554657,1018.2040405273438,20.000577926635746
2024-04-10 13:58:55,0.0011973107466474,0.422826737165451,24.859375,0.0005415718769654,0.4131329655647278,23.140625,28.498809814453125,0.4543435275554657,1018.2040405273438,20.000577926635746
2024-04-10 13:58:56,0.0011973107466474,0.422826737165451,24.859375,0.0005415718769654,0.4131329655647278,23.140625,28.498809814453125,0.4543435275554657,1018.2712459564208,20.000577926635746
2024-04-10 13:58:57,0.0011973107466474,0.422826737165451,24.859375,0.0005415718769654,0.4131329655647278,23.140625,28.498809814453125,0.4543435275554657,1018.2712459564208,20.000577926635746
2024-04-10 13:58:58,0.0011973107466474,0.422826737165451,24.859375,0.0005415718769654,0.4131329655647278,23.140625,28.498809814453125,0.4543435275554657,1018.2712459564208,19.999719619750977
2024-04-10 13:58:59,0.0011973107466474,0.422826737165451,24.859375,0.0005415718769654,0.4131329655647278,23.140625,28.498809814453125,0.4543435275554657,1018.2712459564208,19.999719619750977
2024-04-10 13:59:00,0.0011973107466474,0.422826737165451,24.859375,0.0005415718769654,0.4131329655647278,23.140625,28.498809814453125,0.4543435275554657,1018.2712459564208,19.999719619750977
2024-04-10 13:59:01,0.0011973107466474,0.422826737165451,24.859375,0.0005415718769654,0.4131329655647278,23.140625,28.498809814453125,0.4543435275554657,1018.171796798706,19.999719619750977
2024-04-10 13:59:02,0.0011973107466474,0.422826737165451,24.859375,0.0005415718769654,0.4131329655647278,23.140625,28.498809814453125,0.4543435275554657,1018.171796798706,19.999719619750977
2024-04-10 13:59:03,0.0011973107466474,0.422826737165451,24.859375,0.0005415718769654,0.4131329655647278,23.140625,28.498809814453125,0.4543435275554657,1018.171796798706,19.999719619750977
2024-04-10 13:59:04,0.0011973107466474,0.422826737165451,24.859375,0.0005415718769654,0.4131329655647278,23.140625,28.498809814453125,0.4543435275554657,1018.171796798706,19.999719619750977
2024-04-10 13:59:05,0.0011973107466474,0.422826737165451,24.859375,0.0005415718769654,0.4131329655647278,23.140625,28.498809814453125,0.4543435275554657,1018.171796798706,19.999719619750977
2024-04-10 13:59:06,0.0011973107466474,0.422826737165451,24.859375,0.0005415718769654,0.4131329655647278,23.140625,28.498809814453125,0.4543435275554657,1018.171796798706,19.998689651489254
2024-04-10 13:59:07,0.0011973107466474,0.422826737165451,24.859375,0.0005415718769654,0.4131329655647278,23.140625,28.498809814453125,0.4543435275554657,1018.171796798706,19.998689651489254
2024-04-10 13:59:08,0.0011973107466474,0.422826737165451,24.859375,0.0005415718769654,0.4131329655647278,23.140625,28.498809814453125,0.4543435275554657,1018.171796798706,19.998689651489254
2024-04-10 13:59:09,0.0011973107466474,0.422826737165451,24.859375,0.0005415718769654,0.4131329655647278,23.140625,28.498809814453125,0.4543435275554657,1018.171796798706,19.998689651489254
2024-04-10 13:59:10,0.0011973107466474,0.422826737165451,24.859375,0.0005415718769654,0.4131329655647278,23.140625,28.498809814453125,0.4543435275554657,1018.2482719421388,19.998689651489254
2024-04-10 13:59:11,0.0011973107466474,0.422826737165451,24.859375,0.0005415718769654,0.4131329655647278,23.140625,28.498809814453125,0.4543435275554657,1018.2482719421388,19.998689651489254
2024-04-10 13:59:12,0.0011973107466474,0.422826737165451,24.859375,0.0005415718769654,0.4131329655647278,23.140625,28.498809814453125,0.4543435275554657,1018.2482719421388,19.998689651489254
2024-04-10 13:59:13,0.0011973107466474,0.422826737165451,24.859375,0.0005415718769654,0.4131329655647278,23.140625,28.498809814453125,0.4543435275554657,1018.2482719421388,19.998689651489254
2024-04-10 13:59:14,0.0011973107466474,0.422826737165451,24.859375,0.0005415718769654,0.4131329655647278,23.140625,28.498809814453125,0.4543435275554657,1018.2482719421388,19.96722412109375
2024-04-10 13:59:15,0.0011973107466474,0.422826737165451,24.859375,0.0005415718769654,0.4131329655647278,23.140625,28.498809814453125,0.4543435275554657,1018.2482719421388,19.96722412109375
2024-04-10 13:59:16,0.0011973107466474,0.422826737165451,24.859375,0.0005415718769654,0.4131329655647278,23.140625,28.498809814453125,0.4543435275554657,1018.2482719421388,19.96722412109375
2024-04-10 13:59:17,0.0011973107466474,0.422826737165451,24.859375,0.0005415718769654,0.4131329655647278,23.140625,28.498809814453125,0.4541872143745422,1018.2482719421388,19.96722412109375
2024-04-10 13:59:18,0.0011973107466474,0.422826737165451,24.859375,0.0005415718769654,0.4131329655647278,23.140625,28.498809814453125,0.4541872143745422,1018.2482719421388,19.96722412109375
2024-04-10 13:59:19,0.0011973107466474,0.422826737165451,24.859375,0.0005415718769654,0.4131329655647278,23.140625,28.498809814453125,0.4541872143745422,1018.2482719421388,19.96722412109375
2024-04-10 13:59:20,0.0011973107466474,0.422826737165451,24.859375,0.0005415718769654,0.4131329655647278,23.140625,28.498809814453125,0.4541872143745422,1018.2328510284424,19.96722412109375
2024-04-10 13:59:21,0.0011973107466474,0.422826737165451,24.859375,0.0005415718769654,0.4131329655647278,23.140625,28.498809814453125,0.4541872143745422,1018.2328510284424,19.95701026916504
2024-04-10 13:59:22,0.0011973107466474,0.422826737165451,24.859375,0.0005415718769654,0.4131329655647278,23.140625,28.498809814453125,0.4541872143745422,1018.2328510284424,19.95701026916504
2024-04-10 13:59:23,0.0011973107466474,0.422826737165451,24.859375,0.0005415718769654,0.4131329655647278,23.140625,28.498809814453125,0.4541872143745422,1018.2328510284424,19.95701026916504
2024-04-10 13:59:24,0.0011973107466474,0.422826737165451,24.859375,0.0005415718769654,0.4131329655647278,23.140625,28.498809814453125,0.4541872143745422,1018.2328510284424,19.95701026916504
2024-04-10 13:59:25,0.0011973107466474,0.422826737165451,24.859375,0.0005415718769654,0.4131329655647278,23.140625,28.498809814453125,0.4541872143745422,1018.2328510284424,19.95701026916504
2024-04-10 13:59:26,0.0011973107466474,0.422826737165451,24.859375,0.0005415718769654,0.4131329655647278,23.140625,28.498809814453125,0.4541872143745422,1018.2328510284424,19.95701026916504
2024-04-10 13:59:27,0.0011973107466474,0.422826737165451,24.859375,0.0005415718769654,0.4131329655647278,23.140625,28.498809814453125,0.4541872143745422,1018.2328510284424,19.95701026916504
2024-04-10 13:59:28,0.0011973107466474,0.422826737165451,24.859375,0.0005415718769654,0.4131329655647278,23.140625,28.498809814453125,0.4541872143745422,1018.2328510284424,19.95701026916504
2024-04-10 13:59:29,0.0011973107466474,0.422826737165451,24.859375,0.0005415718769654,0.4131329655647278,23.140625,28.498809814453125,0.4541872143745422,1018.2328510284424,19.95701026916504
2024-04-10 13:59:30,0.0011973107466474,0.422826737165451,24.859375,0.0005415718769654,0.4131329655647278,23.140625,28.498809814453125,0.4541872143745422,1018.239803314209,19.95701026916504
2024-04-10 13:59:31,0.0011973107466474,0.422826737165451,24.859375,0.0005415718769654,0.4131329655647278,23.140625,28.498809814453125,0.4541872143745422,1018.239803314209,19.95701026916504
2024-04-10 13:59:32,0.0011973107466474,0.422826737165451,24.859375,0.0005415718769654,0.4131329655647278,23.140625,28.498809814453125,0.4541872143745422,1018.239803314209,19.95701026916504
2024-04-10 13:59:33,0.0011973107466474,0.422826737165451,24.859375,0.0005415718769654,0.4131329655647278,23.140625,28.498809814453125,0.4541872143745422,1018.239803314209,19.95701026916504
2024-04-10 13:59:34,0.0011973107466474,0.422826737165451,24.859375,0.0005415718769654,0.4131329655647278,23.140625,28.498809814453125,0.4541872143745422,1018.239803314209,19.957616806030277
2024-04-10 13:59:35,0.0011973107466474,0.422826737165451,24.859375,0.0005415718769654,0.4131329655647278,23.140625,28.498809814453125,0.4541872143745422,1018.239803314209,19.957616806030277
2024-04-10 13:59:36,0.0011973107466474,0.422826737165451,24.859375,0.0005415718769654,0.4131329655647278,23.140625,28.218048095703125,0.4541872143745422,1018.239803314209,19.957616806030277
2024-04-10 13:59:37,0.0011973107466474,0.422826737165451,24.859375,0.0005415718769654,0.4131329655647278,23.140625,28.218048095703125,0.4541872143745422,1018.2227802276612,19.957616806030277
2024-04-10 13:59:38,0.0011973107466474,0.422826737165451,24.859375,0.0005415718769654,0.4131329655647278,23.140625,28.218048095703125,0.4541872143745422,1018.2227802276612,19.957616806030277
2024-04-10 13:59:39,0.0011973107466474,0.422826737165451,24.859375,0.0005415718769654,0.4131329655647278,23.140625,28.218048095703125,0.4541872143745422,1018.2227802276612,19.953611373901367
2024-04-10 13:59:40,0.0011973107466474,0.422826737165451,24.859375,0.0005415718769654,0.4131329655647278,23.140625,28.218048095703125,0.4541872143745422,1018.2227802276612,19.953611373901367
2024-04-10 13:59:41,0.0011973107466474,0.422826737165451,24.859375,0.0005415718769654,0.4131329655647278,23.140625,28.218048095703125,0.4541872143745422,1018.2227802276612,19.953611373901367
2024-04-10 13:59:42,0.0011973107466474,0.422826737165451,24.859375,0.0005415718769654,0.4131329655647278,23.140625,28.218048095703125,0.4541872143745422,1018.222951889038,19.953611373901367
2024-04-10 13:59:43,0.0011973107466474,0.422826737165451,24.859375,0.0005415718769654,0.4131329655647278,23.140625,28.218048095703125,0.4541872143745422,1018.222951889038,19.953611373901367
2024-04-10 13:59:44,0.0011973107466474,0.422826737165451,24.859375,0.0005415718769654,0.4131329655647278,23.140625,28.218048095703125,0.4541872143745422,1018.222951889038,19.953611373901367
2024-04-10 13:59:45,0.0011973107466474,0.422826737165451,24.859375,0.0005415718769654,0.4131329655647278,23.140625,28.218048095703125,0.4541872143745422,1018.222951889038,19.953611373901367
2024-04-10 13:59:46,0.0011973107466474,0.422826737165451,24.859375,0.0005415718769654,0.4131329655647278,23.140625,28.218048095703125,0.4541872143745422,1018.222951889038,19.953611373901367
2024-04-10 13:59:47,0.0011973107466474,0.422826737165451,24.859375,0.0005415718769654,0.4131329655647278,23.140625,28.218048095703125,0.4541872143745422,1018.222951889038,19.951683044433597
2024-04-10 13:59:48,0.0011973107466474,0.422826737165451,24.859375,0.0005415718769654,0.4131329655647278,23.140625,28.218048095703125,0.4541872143745422,1018.222951889038,19.951683044433597
2024-04-10 13:59:49,0.0011973107466474,0.422826737165451,24.859375,0.0005415718769654,0.4131329655647278,23.140625,28.218048095703125,0.4541872143745422,1018.222951889038,19.951683044433597
2024-04-10 13:59:50,0.0011973107466474,0.422826737165451,24.859375,0.0005415718769654,0.4131329655647278,23.140625,28.218048095703125,0.4541872143745422,1018.222951889038,19.951683044433597
2024-04-10 13:59:51,0.0011973107466474,0.422826737165451,24.859375,0.0005415718769654,0.4131329655647278,23.140625,28.218048095703125,0.4541872143745422,1018.2608318328856,19.951683044433597
2024-04-10 13:59:52,0.0011973107466474,0.422826737165451,24.859375,0.0005415718769654,0.4131329655647278,23.140625,28.218048095703125,0.4541872143745422,1018.2608318328856,19.951683044433597
2024-04-10 13:59:53,0.0011973107466474,0.422826737165451,24.859375,0.0005415718769654,0.4131329655647278,23.140625,28.218048095703125,0.4541872143745422,1018.2608318328856,19.951683044433597
2024-04-10 13:59:54,0.0011973107466474,0.422826737165451,24.859375,0.0005415718769654,0.4131329655647278,23.140625,28.218048095703125,0.4541872143745422,1018.2608318328856,19.951683044433597
2024-04-10 13:59:55,0.0011973107466474,0.422826737165451,24.859375,0.0005415718769654,0.4131329655647278,23.140625,28.218048095703125,0.4541872143745422,1018.2608318328856,19.9578857421875
2024-04-10 13:59:56,0.0011973107466474,0.422826737165451,24.859375,0.0005415718769654,0.4131329655647278,23.140625,28.218048095703125,0.4541872143745422,1018.2608318328856,19.9578857421875
2024-04-10 13:59:57,0.0011973107466474,0.422826737165451,24.859375,0.0005415718769654,0.4131329655647278,23.140625,28.218048095703125,0.4541872143745422,1018.2608318328856,19.9578857421875
2024-04-10 13:59:58,0.0011973107466474,0.422826737165451,24.859375,0.0005415718769654,0.4131329655647278,23.140625,28.218048095703125,0.4541872143745422,1018.2561683654784,19.9578857421875
2024-04-10 13:59:59,0.0011973107466474,0.422826737165451,24.859375,0.0005415718769654,0.4131329655647278,23.140625,28.218048095703125,0.4541872143745422,1018.2561683654784,19.9578857421875
,,,,,,,,,,
